scenario,step,time_s,uav_id,uav_pos_x,uav_pos_y,goal_pos_x,goal_pos_y,actual_obstacle_x,actual_obstacle_y,perceived_obstacle_x,perceived_obstacle_y,perception_error_type,confidence_value,fusion_mode,action_taken,num_perceived_detections,num_phantom_detections,dist_to_goal,distance_to_nearest_uav,distance_to_obstacle,nearest_entity_type,nearest_entity_distance,collision_risk_flag,unnecessary_avoidance_flag,missed_response_flag,mission_completed_flag,reached_goal,num_active_entities,active_entities_json
delayed_track_sharing,0,0.0,0,5.289,5.276,94.0,90.0,50.0,50.0,,,position_noise+confidence_error,,trust_weighted_fusion,move,3,0,122.669,9.967,58.24,uav_2,9.967,False,False,False,False,False,1,"[{""id"": ""obstacle_0"", ""kind"": ""static_obstacle"", ""x"": 50.0, ""y"": 50.0, ""radius"": 5.0}]"
delayed_track_sharing,0,0.0,1,5.293,15.272,90.0,94.0,50.0,50.0,,,false_negative+position_noise+confidence_error,,trust_weighted_fusion,move,2,0,115.643,9.996,51.61,uav_0,9.996,False,False,False,False,False,1,"[{""id"": ""obstacle_0"", ""kind"": ""static_obstacle"", ""x"": 50.0, ""y"": 50.0, ""radius"": 5.0}]"
delayed_track_sharing,0,0.0,2,15.256,5.307,86.0,90.0,50.0,50.0,,,position_noise+confidence_error,,trust_weighted_fusion,move,3,0,110.352,9.967,51.609,uav_0,9.967,False,False,False,False,False,1,"[{""id"": ""obstacle_0"", ""kind"": ""static_obstacle"", ""x"": 50.0, ""y"": 50.0, ""radius"": 5.0}]"
delayed_track_sharing,0,0.0,3,15.29,15.275,90.0,86.0,50.0,50.0,,,position_noise+confidence_error,,trust_weighted_fusion,move,3,0,102.876,9.968,44.098,uav_2,9.968,False,False,False,False,False,1,"[{""id"": ""obstacle_0"", ""kind"": ""static_obstacle"", ""x"": 50.0, ""y"": 50.0, ""radius"": 5.0}]"
delayed_track_sharing,1,0.2,0,5.579,5.553,94.0,90.0,50.0,50.0,,,position_noise+confidence_error,,trust_weighted_fusion,move,3,0,122.269,9.935,57.84,uav_2,9.935,False,False,False,False,False,1,"[{""id"": ""obstacle_0"", ""kind"": ""static_obstacle"", ""x"": 50.0, ""y"": 50.0, ""radius"": 5.0}]"
delayed_track_sharing,1,0.2,1,5.586,15.545,90.0,94.0,50.0,50.0,,,position_noise+confidence_error,,trust_weighted_fusion,move,3,0,115.243,9.992,51.212,uav_0,9.992,False,False,False,False,False,1,"[{""id"": ""obstacle_0"", ""kind"": ""static_obstacle"", ""x"": 50.0, ""y"": 50.0, ""radius"": 5.0}]"
delayed_track_sharing,1,0.2,2,15.513,5.614,86.0,90.0,50.0,50.0,,,position_noise+confidence_error,,trust_weighted_fusion,move,3,0,109.952,9.935,51.209,uav_0,9.935,False,False,False,False,False,1,"[{""id"": ""obstacle_0"", ""kind"": ""static_obstacle"", ""x"": 50.0, ""y"": 50.0, ""radius"": 5.0}]"
delayed_track_sharing,1,0.2,3,15.581,15.55,90.0,86.0,50.0,50.0,,,position_noise+confidence_error,,trust_weighted_fusion,move,3,0,102.476,9.936,43.698,uav_2,9.936,False,False,False,False,False,1,"[{""id"": ""obstacle_0"", ""kind"": ""static_obstacle"", ""x"": 50.0, ""y"": 50.0, ""radius"": 5.0}]"
delayed_track_sharing,2,0.4,0,5.868,5.829,94.0,90.0,50.0,50.0,,,false_negative+position_noise+confidence_error,,trust_weighted_fusion,move,2,0,121.869,9.902,57.44,uav_2,9.902,False,False,False,False,False,1,"[{""id"": ""obstacle_0"", ""kind"": ""static_obstacle"", ""x"": 50.0, ""y"": 50.0, ""radius"": 5.0}]"
delayed_track_sharing,2,0.4,1,5.879,15.817,90.0,94.0,50.0,50.0,,,position_noise+confidence_error,,trust_weighted_fusion,move,3,0,114.843,9.988,50.813,uav_0,9.988,False,False,False,False,False,1,"[{""id"": ""obstacle_0"", ""kind"": ""static_obstacle"", ""x"": 50.0, ""y"": 50.0, ""radius"": 5.0}]"
delayed_track_sharing,2,0.4,2,15.769,5.921,86.0,90.0,50.0,50.0,,,position_noise+confidence_error,,trust_weighted_fusion,move,3,0,109.552,9.902,50.81,uav_0,9.902,False,False,False,False,False,1,"[{""id"": ""obstacle_0"", ""kind"": ""static_obstacle"", ""x"": 50.0, ""y"": 50.0, ""radius"": 5.0}]"
delayed_track_sharing,2,0.4,3,15.871,15.825,90.0,86.0,50.0,50.0,,,false_negative+position_noise+confidence_error,,trust_weighted_fusion,move,2,0,102.076,9.905,43.298,uav_2,9.905,False,False,False,False,False,1,"[{""id"": ""obstacle_0"", ""kind"": ""static_obstacle"", ""x"": 50.0, ""y"": 50.0, ""radius"": 5.0}]"
delayed_track_sharing,3,0.6,0,6.157,6.105,94.0,90.0,50.0,50.0,,,position_noise+confidence_error,,trust_weighted_fusion,move,3,0,121.469,9.869,57.04,uav_2,9.869,False,False,False,False,False,1,"[{""id"": ""obstacle_0"", ""kind"": ""static_obstacle"", ""x"": 50.0, ""y"": 50.0, ""radius"": 5.0}]"
delayed_track_sharing,3,0.6,1,6.172,16.089,90.0,94.0,50.0,50.0,,,false_negative+confidence_error,,trust_weighted_fusion,move,0,0,114.443,9.984,50.415,uav_0,9.984,False,False,False,False,False,1,"[{""id"": ""obstacle_0"", ""kind"": ""static_obstacle"", ""x"": 50.0, ""y"": 50.0, ""radius"": 5.0}]"
delayed_track_sharing,3,0.6,2,16.026,6.228,86.0,90.0,50.0,50.0,,,position_noise+confidence_error,,trust_weighted_fusion,move,3,0,109.152,9.869,50.41,uav_0,9.869,False,False,False,False,False,1,"[{""id"": ""obstacle_0"", ""kind"": ""static_obstacle"", ""x"": 50.0, ""y"": 50.0, ""radius"": 5.0}]"
delayed_track_sharing,3,0.6,3,16.162,16.1,90.0,86.0,50.0,50.0,,,false_negative+position_noise+confidence_error,,trust_weighted_fusion,move,2,0,101.676,9.873,42.898,uav_2,9.873,False,False,False,False,False,1,"[{""id"": ""obstacle_0"", ""kind"": ""static_obstacle"", ""x"": 50.0, ""y"": 50.0, ""radius"": 5.0}]"
delayed_track_sharing,4,0.8,0,6.446,6.381,94.0,90.0,50.0,50.0,,,position_noise+confidence_error,,trust_weighted_fusion,move,3,0,121.069,9.837,56.64,uav_2,9.837,False,False,False,False,False,1,"[{""id"": ""obstacle_0"", ""kind"": ""static_obstacle"", ""x"": 50.0, ""y"": 50.0, ""radius"": 5.0}]"
delayed_track_sharing,4,0.8,1,6.465,16.362,90.0,94.0,50.0,50.0,,,false_negative+position_noise+confidence_error,,trust_weighted_fusion,move,2,0,114.043,9.98,50.017,uav_0,9.98,False,False,False,False,False,1,"[{""id"": ""obstacle_0"", ""kind"": ""static_obstacle"", ""x"": 50.0, ""y"": 50.0, ""radius"": 5.0}]"
delayed_track_sharing,4,0.8,2,16.282,6.535,86.0,90.0,50.0,50.0,,,position_noise+confidence_error,,trust_weighted_fusion,move,3,0,108.752,9.837,50.01,uav_0,9.837,False,False,False,False,False,1,"[{""id"": ""obstacle_0"", ""kind"": ""static_obstacle"", ""x"": 50.0, ""y"": 50.0, ""radius"": 5.0}]"
delayed_track_sharing,4,0.8,3,16.452,16.375,90.0,86.0,50.0,50.0,,,false_negative+position_noise+confidence_error,,trust_weighted_fusion,move,2,0,101.276,9.841,42.498,uav_2,9.841,False,False,False,False,False,1,"[{""id"": ""obstacle_0"", ""kind"": ""static_obstacle"", ""x"": 50.0, ""y"": 50.0, ""radius"": 5.0}]"
delayed_track_sharing,5,1.0,0,6.736,6.658,94.0,90.0,50.0,50.0,,,position_noise+confidence_error,,trust_weighted_fusion,move,3,0,120.669,9.805,56.24,uav_2,9.805,False,False,False,False,False,1,"[{""id"": ""obstacle_0"", ""kind"": ""static_obstacle"", ""x"": 50.0, ""y"": 50.0, ""radius"": 5.0}]"
delayed_track_sharing,5,1.0,1,6.758,16.634,90.0,94.0,50.0,50.0,,,position_noise+confidence_error,,trust_weighted_fusion,move,3,0,113.643,9.976,49.618,uav_0,9.976,False,False,False,False,False,1,"[{""id"": ""obstacle_0"", ""kind"": ""static_obstacle"", ""x"": 50.0, ""y"": 50.0, ""radius"": 5.0}]"
delayed_track_sharing,5,1.0,2,16.539,6.842,86.0,90.0,50.0,50.0,,,false_negative+position_noise+confidence_error,,trust_weighted_fusion,move,1,0,108.352,9.805,49.61,uav_0,9.805,False,False,False,False,False,1,"[{""id"": ""obstacle_0"", ""kind"": ""static_obstacle"", ""x"": 50.0, ""y"": 50.0, ""radius"": 5.0}]"
delayed_track_sharing,5,1.0,3,16.743,16.65,90.0,86.0,50.0,50.0,,,false_negative+position_noise+confidence_error,,trust_weighted_fusion,move,2,0,100.876,9.81,42.098,uav_2,9.81,False,False,False,False,False,1,"[{""id"": ""obstacle_0"", ""kind"": ""static_obstacle"", ""x"": 50.0, ""y"": 50.0, ""radius"": 5.0}]"
delayed_track_sharing,6,1.2,0,7.025,6.934,94.0,90.0,50.0,50.0,,,position_noise+confidence_error,,trust_weighted_fusion,move,3,0,120.269,9.772,55.84,uav_2,9.772,False,False,False,False,False,1,"[{""id"": ""obstacle_0"", ""kind"": ""static_obstacle"", ""x"": 50.0, ""y"": 50.0, ""radius"": 5.0}]"
delayed_track_sharing,6,1.2,1,7.051,16.906,90.0,94.0,50.0,50.0,,,position_noise+confidence_error,,trust_weighted_fusion,move,3,0,113.243,9.972,49.22,uav_0,9.972,False,False,False,False,False,1,"[{""id"": ""obstacle_0"", ""kind"": ""static_obstacle"", ""x"": 50.0, ""y"": 50.0, ""radius"": 5.0}]"
delayed_track_sharing,6,1.2,2,16.795,7.149,86.0,90.0,50.0,50.0,,,position_noise+confidence_error,,trust_weighted_fusion,move,3,0,107.952,9.772,49.211,uav_0,9.772,False,False,False,False,False,1,"[{""id"": ""obstacle_0"", ""kind"": ""static_obstacle"", ""x"": 50.0, ""y"": 50.0, ""radius"": 5.0}]"
delayed_track_sharing,6,1.2,3,17.033,16.925,90.0,86.0,50.0,50.0,,,false_negative+position_noise+confidence_error,,trust_weighted_fusion,move,2,0,100.476,9.779,41.699,uav_2,9.779,False,False,False,False,False,1,"[{""id"": ""obstacle_0"", ""kind"": ""static_obstacle"", ""x"": 50.0, ""y"": 50.0, ""radius"": 5.0}]"
delayed_track_sharing,7,1.4,0,7.314,7.21,94.0,90.0,50.0,50.0,,,position_noise+confidence_error,,trust_weighted_fusion,move,3,0,119.869,9.74,55.441,uav_2,9.74,False,False,False,False,False,1,"[{""id"": ""obstacle_0"", ""kind"": ""static_obstacle"", ""x"": 50.0, ""y"": 50.0, ""radius"": 5.0}]"
delayed_track_sharing,7,1.4,1,7.344,17.179,90.0,94.0,50.0,50.0,,,false_negative+position_noise+confidence_error,,trust_weighted_fusion,move,2,0,112.843,9.968,48.822,uav_0,9.968,False,False,False,False,False,1,"[{""id"": ""obstacle_0"", ""kind"": ""static_obstacle"", ""x"": 50.0, ""y"": 50.0, ""radius"": 5.0}]"
delayed_track_sharing,7,1.4,2,17.051,7.456,86.0,90.0,50.0,50.0,,,false_negative+position_noise+confidence_error,,trust_weighted_fusion,move,2,0,107.552,9.74,48.811,uav_0,9.74,False,False,False,False,False,1,"[{""id"": ""obstacle_0"", ""kind"": ""static_obstacle"", ""x"": 50.0, ""y"": 50.0, ""radius"": 5.0}]"
delayed_track_sharing,7,1.4,3,17.324,17.2,90.0,86.0,50.0,50.0,,,position_noise+confidence_error,,trust_weighted_fusion,move,3,0,100.076,9.748,41.299,uav_2,9.748,False,False,False,False,False,1,"[{""id"": ""obstacle_0"", ""kind"": ""static_obstacle"", ""x"": 50.0, ""y"": 50.0, ""radius"": 5.0}]"
delayed_track_sharing,8,1.6,0,7.603,7.486,94.0,90.0,50.0,50.0,,,position_noise+confidence_error,,trust_weighted_fusion,move,3,0,119.469,9.708,55.041,uav_2,9.708,False,False,False,False,False,1,"[{""id"": ""obstacle_0"", ""kind"": ""static_obstacle"", ""x"": 50.0, ""y"": 50.0, ""radius"": 5.0}]"
delayed_track_sharing,8,1.6,1,7.637,17.451,90.0,94.0,50.0,50.0,,,position_noise+confidence_error,,trust_weighted_fusion,move,3,0,112.443,9.964,48.424,uav_0,9.964,False,False,False,False,False,1,"[{""id"": ""obstacle_0"", ""kind"": ""static_obstacle"", ""x"": 50.0, ""y"": 50.0, ""radius"": 5.0}]"
delayed_track_sharing,8,1.6,2,17.308,7.763,86.0,90.0,50.0,50.0,,,position_noise+confidence_error,,trust_weighted_fusion,move,3,0,107.152,9.708,48.411,uav_0,9.708,False,False,False,False,False,1,"[{""id"": ""obstacle_0"", ""kind"": ""static_obstacle"", ""x"": 50.0, ""y"": 50.0, ""radius"": 5.0}]"
delayed_track_sharing,8,1.6,3,17.614,17.475,90.0,86.0,50.0,50.0,,,false_negative+position_noise+confidence_error,,trust_weighted_fusion,move,2,0,99.676,9.717,40.899,uav_2,9.717,False,False,False,False,False,1,"[{""id"": ""obstacle_0"", ""kind"": ""static_obstacle"", ""x"": 50.0, ""y"": 50.0, ""radius"": 5.0}]"
delayed_track_sharing,9,1.8,0,7.893,7.763,94.0,90.0,50.0,50.0,,,position_noise+confidence_error,,trust_weighted_fusion,move,3,0,119.069,9.676,54.641,uav_2,9.676,False,False,False,False,False,1,"[{""id"": ""obstacle_0"", ""kind"": ""static_obstacle"", ""x"": 50.0, ""y"": 50.0, ""radius"": 5.0}]"
delayed_track_sharing,9,1.8,1,7.93,17.723,90.0,94.0,50.0,50.0,,,position_noise+confidence_error,,trust_weighted_fusion,move,3,0,112.043,9.961,48.025,uav_0,9.961,False,False,False,False,False,1,"[{""id"": ""obstacle_0"", ""kind"": ""static_obstacle"", ""x"": 50.0, ""y"": 50.0, ""radius"": 5.0}]"
delayed_track_sharing,9,1.8,2,17.564,8.07,86.0,90.0,50.0,50.0,,,false_negative+position_noise+confidence_error,,trust_weighted_fusion,move,2,0,106.752,9.676,48.011,uav_0,9.676,False,False,False,False,False,1,"[{""id"": ""obstacle_0"", ""kind"": ""static_obstacle"", ""x"": 50.0, ""y"": 50.0, ""radius"": 5.0}]"
delayed_track_sharing,9,1.8,3,17.905,17.75,90.0,86.0,50.0,50.0,,,false_negative+position_noise+confidence_error,,trust_weighted_fusion,move,2,0,99.276,9.686,40.499,uav_2,9.686,False,False,False,False,False,1,"[{""id"": ""obstacle_0"", ""kind"": ""static_obstacle"", ""x"": 50.0, ""y"": 50.0, ""radius"": 5.0}]"
delayed_track_sharing,10,2.0,0,8.182,8.039,94.0,90.0,50.0,50.0,,,position_noise+confidence_error,,trust_weighted_fusion,move,3,0,118.669,9.645,54.241,uav_2,9.645,False,False,False,False,False,1,"[{""id"": ""obstacle_0"", ""kind"": ""static_obstacle"", ""x"": 50.0, ""y"": 50.0, ""radius"": 5.0}]"
delayed_track_sharing,10,2.0,1,8.223,17.995,90.0,94.0,50.0,50.0,,,position_noise+confidence_error,,trust_weighted_fusion,move,3,0,111.643,9.957,47.627,uav_0,9.957,False,False,False,False,False,1,"[{""id"": ""obstacle_0"", ""kind"": ""static_obstacle"", ""x"": 50.0, ""y"": 50.0, ""radius"": 5.0}]"
delayed_track_sharing,10,2.0,2,17.821,8.377,86.0,90.0,50.0,50.0,,,position_noise+confidence_error,,trust_weighted_fusion,move,3,0,106.352,9.645,47.612,uav_0,9.645,False,False,False,False,False,1,"[{""id"": ""obstacle_0"", ""kind"": ""static_obstacle"", ""x"": 50.0, ""y"": 50.0, ""radius"": 5.0}]"
delayed_track_sharing,10,2.0,3,18.195,18.025,90.0,86.0,50.0,50.0,,,false_negative+position_noise+confidence_error,,trust_weighted_fusion,move,1,0,98.876,9.655,40.099,uav_2,9.655,False,False,False,False,False,1,"[{""id"": ""obstacle_0"", ""kind"": ""static_obstacle"", ""x"": 50.0, ""y"": 50.0, ""radius"": 5.0}]"
delayed_track_sharing,11,2.2,0,8.471,8.315,94.0,90.0,50.0,50.0,,,false_negative+position_noise+confidence_error,,trust_weighted_fusion,move,2,0,118.269,9.613,53.841,uav_2,9.613,False,False,False,False,False,1,"[{""id"": ""obstacle_0"", ""kind"": ""static_obstacle"", ""x"": 50.0, ""y"": 50.0, ""radius"": 5.0}]"
delayed_track_sharing,11,2.2,1,8.516,18.268,90.0,94.0,50.0,50.0,,,false_negative+position_noise+confidence_error,,trust_weighted_fusion,move,2,0,111.243,9.953,47.229,uav_0,9.953,False,False,False,False,False,1,"[{""id"": ""obstacle_0"", ""kind"": ""static_obstacle"", ""x"": 50.0, ""y"": 50.0, ""radius"": 5.0}]"
delayed_track_sharing,11,2.2,2,18.077,8.684,86.0,90.0,50.0,50.0,,,position_noise+confidence_error,,trust_weighted_fusion,move,3,0,105.952,9.613,47.212,uav_0,9.613,False,False,False,False,False,1,"[{""id"": ""obstacle_0"", ""kind"": ""static_obstacle"", ""x"": 50.0, ""y"": 50.0, ""radius"": 5.0}]"
delayed_track_sharing,11,2.2,3,18.486,18.3,90.0,86.0,50.0,50.0,,,position_noise+confidence_error,,trust_weighted_fusion,move,3,0,98.476,9.625,39.699,uav_2,9.625,False,False,False,False,False,1,"[{""id"": ""obstacle_0"", ""kind"": ""static_obstacle"", ""x"": 50.0, ""y"": 50.0, ""radius"": 5.0}]"
delayed_track_sharing,12,2.4,0,8.76,8.591,94.0,90.0,50.0,50.0,,,false_negative+position_noise+confidence_error,,trust_weighted_fusion,move,2,0,117.869,9.581,53.441,uav_2,9.581,False,False,False,False,False,1,"[{""id"": ""obstacle_0"", ""kind"": ""static_obstacle"", ""x"": 50.0, ""y"": 50.0, ""radius"": 5.0}]"
delayed_track_sharing,12,2.4,1,8.809,18.54,90.0,94.0,50.0,50.0,,,position_noise+confidence_error,,trust_weighted_fusion,move,3,0,110.843,9.949,46.831,uav_0,9.949,False,False,False,False,False,1,"[{""id"": ""obstacle_0"", ""kind"": ""static_obstacle"", ""x"": 50.0, ""y"": 50.0, ""radius"": 5.0}]"
delayed_track_sharing,12,2.4,2,18.334,8.991,86.0,90.0,50.0,50.0,,,false_negative+position_noise+confidence_error,,trust_weighted_fusion,move,2,0,105.552,9.581,46.812,uav_0,9.581,False,False,False,False,False,1,"[{""id"": ""obstacle_0"", ""kind"": ""static_obstacle"", ""x"": 50.0, ""y"": 50.0, ""radius"": 5.0}]"
delayed_track_sharing,12,2.4,3,18.776,18.575,90.0,86.0,50.0,50.0,,,position_noise+confidence_error,,trust_weighted_fusion,move,3,0,98.076,9.594,39.3,uav_2,9.594,False,False,False,False,False,1,"[{""id"": ""obstacle_0"", ""kind"": ""static_obstacle"", ""x"": 50.0, ""y"": 50.0, ""radius"": 5.0}]"
delayed_track_sharing,13,2.6,0,9.05,8.868,94.0,90.0,50.0,50.0,,,false_negative+position_noise+confidence_error,,trust_weighted_fusion,move,2,0,117.469,9.55,53.041,uav_2,9.55,False,False,False,False,False,1,"[{""id"": ""obstacle_0"", ""kind"": ""static_obstacle"", ""x"": 50.0, ""y"": 50.0, ""radius"": 5.0}]"
delayed_track_sharing,13,2.6,1,9.102,18.812,90.0,94.0,50.0,50.0,,,position_noise+confidence_error,,trust_weighted_fusion,move,3,0,110.443,9.945,46.433,uav_0,9.945,False,False,False,False,False,1,"[{""id"": ""obstacle_0"", ""kind"": ""static_obstacle"", ""x"": 50.0, ""y"": 50.0, ""radius"": 5.0}]"
delayed_track_sharing,13,2.6,2,18.59,9.298,86.0,90.0,50.0,50.0,,,position_noise+confidence_error,,trust_weighted_fusion,move,3,0,105.152,9.55,46.413,uav_0,9.55,False,False,False,False,False,1,"[{""id"": ""obstacle_0"", ""kind"": ""static_obstacle"", ""x"": 50.0, ""y"": 50.0, ""radius"": 5.0}]"
delayed_track_sharing,13,2.6,3,19.067,18.85,90.0,86.0,50.0,50.0,,,position_noise+confidence_error,,trust_weighted_fusion,move,3,0,97.676,9.564,38.9,uav_2,9.564,False,False,False,False,False,1,"[{""id"": ""obstacle_0"", ""kind"": ""static_obstacle"", ""x"": 50.0, ""y"": 50.0, ""radius"": 5.0}]"
delayed_track_sharing,14,2.8,0,9.339,9.144,94.0,90.0,50.0,50.0,,,false_negative+position_noise+confidence_error,,trust_weighted_fusion,move,2,0,117.069,9.519,52.641,uav_2,9.519,False,False,False,False,False,1,"[{""id"": ""obstacle_0"", ""kind"": ""static_obstacle"", ""x"": 50.0, ""y"": 50.0, ""radius"": 5.0}]"
delayed_track_sharing,14,2.8,1,9.395,19.085,90.0,94.0,50.0,50.0,,,position_noise+confidence_error,,trust_weighted_fusion,move,3,0,110.043,9.941,46.035,uav_0,9.941,False,False,False,False,False,1,"[{""id"": ""obstacle_0"", ""kind"": ""static_obstacle"", ""x"": 50.0, ""y"": 50.0, ""radius"": 5.0}]"
delayed_track_sharing,14,2.8,2,18.846,9.605,86.0,90.0,50.0,50.0,,,position_noise+confidence_error,,trust_weighted_fusion,move,3,0,104.752,9.519,46.013,uav_0,9.519,False,False,False,False,False,1,"[{""id"": ""obstacle_0"", ""kind"": ""static_obstacle"", ""x"": 50.0, ""y"": 50.0, ""radius"": 5.0}]"
delayed_track_sharing,14,2.8,3,19.357,19.125,90.0,86.0,50.0,50.0,,,false_negative+position_noise+confidence_error,,trust_weighted_fusion,move,2,0,97.276,9.534,38.5,uav_2,9.534,False,False,False,False,False,1,"[{""id"": ""obstacle_0"", ""kind"": ""static_obstacle"", ""x"": 50.0, ""y"": 50.0, ""radius"": 5.0}]"
delayed_track_sharing,15,3.0,0,9.628,9.42,94.0,90.0,50.0,50.0,,,false_negative+position_noise+confidence_error,,trust_weighted_fusion,move,1,0,116.669,9.487,52.241,uav_2,9.487,False,False,False,False,False,1,"[{""id"": ""obstacle_0"", ""kind"": ""static_obstacle"", ""x"": 50.0, ""y"": 50.0, ""radius"": 5.0}]"
delayed_track_sharing,15,3.0,1,9.688,19.357,90.0,94.0,50.0,50.0,,,false_negative+position_noise+confidence_error,,trust_weighted_fusion,move,2,0,109.643,9.937,45.637,uav_0,9.937,False,False,False,False,False,1,"[{""id"": ""obstacle_0"", ""kind"": ""static_obstacle"", ""x"": 50.0, ""y"": 50.0, ""radius"": 5.0}]"
delayed_track_sharing,15,3.0,2,19.103,9.912,86.0,90.0,50.0,50.0,,,position_noise+confidence_error,,trust_weighted_fusion,move,3,0,104.352,9.487,45.613,uav_0,9.487,False,False,False,False,False,1,"[{""id"": ""obstacle_0"", ""kind"": ""static_obstacle"", ""x"": 50.0, ""y"": 50.0, ""radius"": 5.0}]"
delayed_track_sharing,15,3.0,3,19.648,19.4,90.0,86.0,50.0,50.0,,,false_negative+position_noise+confidence_error,,trust_weighted_fusion,move,2,0,96.876,9.504,38.1,uav_2,9.504,False,False,False,False,False,1,"[{""id"": ""obstacle_0"", ""kind"": ""static_obstacle"", ""x"": 50.0, ""y"": 50.0, ""radius"": 5.0}]"
delayed_track_sharing,16,3.2,0,9.918,9.697,94.0,90.0,50.0,50.0,,,false_negative+position_noise+confidence_error,,trust_weighted_fusion,move,2,0,116.269,9.456,51.842,uav_2,9.456,False,False,False,False,False,1,"[{""id"": ""obstacle_0"", ""kind"": ""static_obstacle"", ""x"": 50.0, ""y"": 50.0, ""radius"": 5.0}]"
delayed_track_sharing,16,3.2,1,9.981,19.629,90.0,94.0,50.0,50.0,,,position_noise+confidence_error,,trust_weighted_fusion,move,3,0,109.243,9.933,45.238,uav_0,9.933,False,False,False,False,False,1,"[{""id"": ""obstacle_0"", ""kind"": ""static_obstacle"", ""x"": 50.0, ""y"": 50.0, ""radius"": 5.0}]"
delayed_track_sharing,16,3.2,2,19.359,10.219,86.0,90.0,50.0,50.0,,,position_noise+confidence_error,,trust_weighted_fusion,move,3,0,103.952,9.456,45.213,uav_0,9.456,False,False,False,False,False,1,"[{""id"": ""obstacle_0"", ""kind"": ""static_obstacle"", ""x"": 50.0, ""y"": 50.0, ""radius"": 5.0}]"
delayed_track_sharing,16,3.2,3,19.938,19.675,90.0,86.0,50.0,50.0,,,position_noise+confidence_error,,trust_weighted_fusion,move,3,0,96.476,9.474,37.7,uav_2,9.474,False,False,False,False,False,1,"[{""id"": ""obstacle_0"", ""kind"": ""static_obstacle"", ""x"": 50.0, ""y"": 50.0, ""radius"": 5.0}]"
delayed_track_sharing,17,3.4,0,10.207,9.973,94.0,90.0,50.0,50.0,,,false_negative+position_noise+confidence_error,,trust_weighted_fusion,move,2,0,115.869,9.425,51.442,uav_2,9.425,False,False,False,False,False,1,"[{""id"": ""obstacle_0"", ""kind"": ""static_obstacle"", ""x"": 50.0, ""y"": 50.0, ""radius"": 5.0}]"
delayed_track_sharing,17,3.4,1,10.274,19.902,90.0,94.0,50.0,50.0,,,position_noise+confidence_error,,trust_weighted_fusion,move,3,0,108.843,9.929,44.84,uav_0,9.929,False,False,False,False,False,1,"[{""id"": ""obstacle_0"", ""kind"": ""static_obstacle"", ""x"": 50.0, ""y"": 50.0, ""radius"": 5.0}]"
delayed_track_sharing,17,3.4,2,19.616,10.526,86.0,90.0,50.0,50.0,,,false_negative+confidence_error,,trust_weighted_fusion,move,0,0,103.552,9.425,44.814,uav_0,9.425,False,False,False,False,False,1,"[{""id"": ""obstacle_0"", ""kind"": ""static_obstacle"", ""x"": 50.0, ""y"": 50.0, ""radius"": 5.0}]"
delayed_track_sharing,17,3.4,3,20.229,19.95,90.0,86.0,50.0,50.0,,,position_noise+confidence_error,,trust_weighted_fusion,move,3,0,96.076,9.444,37.301,uav_2,9.444,False,False,False,False,False,1,"[{""id"": ""obstacle_0"", ""kind"": ""static_obstacle"", ""x"": 50.0, ""y"": 50.0, ""radius"": 5.0}]"
delayed_track_sharing,18,3.6,0,10.496,10.249,94.0,90.0,50.0,50.0,,,position_noise+confidence_error,,trust_weighted_fusion,move,3,0,115.469,9.394,51.042,uav_2,9.394,False,False,False,False,False,1,"[{""id"": ""obstacle_0"", ""kind"": ""static_obstacle"", ""x"": 50.0, ""y"": 50.0, ""radius"": 5.0}]"
delayed_track_sharing,18,3.6,1,10.567,20.174,90.0,94.0,50.0,50.0,,,position_noise+confidence_error,,trust_weighted_fusion,move,3,0,108.443,9.925,44.443,uav_0,9.925,False,False,False,False,False,1,"[{""id"": ""obstacle_0"", ""kind"": ""static_obstacle"", ""x"": 50.0, ""y"": 50.0, ""radius"": 5.0}]"
delayed_track_sharing,18,3.6,2,19.872,10.833,86.0,90.0,50.0,50.0,,,false_negative+position_noise+confidence_error,,trust_weighted_fusion,move,1,0,103.152,9.394,44.414,uav_0,9.394,False,False,False,False,False,1,"[{""id"": ""obstacle_0"", ""kind"": ""static_obstacle"", ""x"": 50.0, ""y"": 50.0, ""radius"": 5.0}]"
delayed_track_sharing,18,3.6,3,20.519,20.225,90.0,86.0,50.0,50.0,,,position_noise+confidence_error,,trust_weighted_fusion,move,3,0,95.676,9.414,36.901,uav_2,9.414,False,False,False,False,False,1,"[{""id"": ""obstacle_0"", ""kind"": ""static_obstacle"", ""x"": 50.0, ""y"": 50.0, ""radius"": 5.0}]"
delayed_track_sharing,19,3.8,0,10.785,10.525,94.0,90.0,50.0,50.0,,,position_noise+confidence_error,,trust_weighted_fusion,move,3,0,115.069,9.363,50.642,uav_2,9.363,False,False,False,False,False,1,"[{""id"": ""obstacle_0"", ""kind"": ""static_obstacle"", ""x"": 50.0, ""y"": 50.0, ""radius"": 5.0}]"
delayed_track_sharing,19,3.8,1,10.86,20.446,90.0,94.0,50.0,50.0,,,false_negative+position_noise+confidence_error,,trust_weighted_fusion,move,2,0,108.043,9.921,44.045,uav_0,9.921,False,False,False,False,False,1,"[{""id"": ""obstacle_0"", ""kind"": ""static_obstacle"", ""x"": 50.0, ""y"": 50.0, ""radius"": 5.0}]"
delayed_track_sharing,19,3.8,2,20.129,11.14,86.0,90.0,50.0,50.0,,,position_noise+confidence_error,,trust_weighted_fusion,move,3,0,102.752,9.363,44.014,uav_0,9.363,False,False,False,False,False,1,"[{""id"": ""obstacle_0"", ""kind"": ""static_obstacle"", ""x"": 50.0, ""y"": 50.0, ""radius"": 5.0}]"
delayed_track_sharing,19,3.8,3,20.81,20.5,90.0,86.0,50.0,50.0,,,position_noise+confidence_error,,trust_weighted_fusion,move,3,0,95.276,9.385,36.501,uav_2,9.385,False,False,False,False,False,1,"[{""id"": ""obstacle_0"", ""kind"": ""static_obstacle"", ""x"": 50.0, ""y"": 50.0, ""radius"": 5.0}]"
delayed_track_sharing,20,4.0,0,11.075,10.802,94.0,90.0,50.0,50.0,,,false_negative+confidence_error,,trust_weighted_fusion,move,0,0,114.669,9.333,50.242,uav_2,9.333,False,False,False,False,False,1,"[{""id"": ""obstacle_0"", ""kind"": ""static_obstacle"", ""x"": 50.0, ""y"": 50.0, ""radius"": 5.0}]"
delayed_track_sharing,20,4.0,1,11.153,20.719,90.0,94.0,50.0,50.0,,,false_negative+position_noise+confidence_error,,trust_weighted_fusion,move,2,0,107.643,9.917,43.647,uav_0,9.917,False,False,False,False,False,1,"[{""id"": ""obstacle_0"", ""kind"": ""static_obstacle"", ""x"": 50.0, ""y"": 50.0, ""radius"": 5.0}]"
delayed_track_sharing,20,4.0,2,20.385,11.447,86.0,90.0,50.0,50.0,,,false_negative+position_noise+confidence_error,,trust_weighted_fusion,move,2,0,102.352,9.333,43.615,uav_0,9.333,False,False,False,False,False,1,"[{""id"": ""obstacle_0"", ""kind"": ""static_obstacle"", ""x"": 50.0, ""y"": 50.0, ""radius"": 5.0}]"
delayed_track_sharing,20,4.0,3,21.1,20.775,90.0,86.0,50.0,50.0,,,false_negative+position_noise+confidence_error,,trust_weighted_fusion,move,2,0,94.876,9.355,36.101,uav_2,9.355,False,False,False,False,False,1,"[{""id"": ""obstacle_0"", ""kind"": ""static_obstacle"", ""x"": 50.0, ""y"": 50.0, ""radius"": 5.0}]"
delayed_track_sharing,21,4.2,0,11.364,11.078,94.0,90.0,50.0,50.0,,,position_noise+confidence_error,,trust_weighted_fusion,move,3,0,114.269,9.302,49.842,uav_2,9.302,False,False,False,False,False,1,"[{""id"": ""obstacle_0"", ""kind"": ""static_obstacle"", ""x"": 50.0, ""y"": 50.0, ""radius"": 5.0}]"
delayed_track_sharing,21,4.2,1,11.446,20.991,90.0,94.0,50.0,50.0,,,false_negative+position_noise+confidence_error,,trust_weighted_fusion,move,2,0,107.243,9.913,43.249,uav_0,9.913,False,False,False,False,False,1,"[{""id"": ""obstacle_0"", ""kind"": ""static_obstacle"", ""x"": 50.0, ""y"": 50.0, ""radius"": 5.0}]"
delayed_track_sharing,21,4.2,2,20.641,11.754,86.0,90.0,50.0,50.0,,,false_negative+position_noise+confidence_error,,trust_weighted_fusion,move,1,0,101.952,9.302,43.215,uav_0,9.302,False,False,False,False,False,1,"[{""id"": ""obstacle_0"", ""kind"": ""static_obstacle"", ""x"": 50.0, ""y"": 50.0, ""radius"": 5.0}]"
delayed_track_sharing,21,4.2,3,21.391,21.05,90.0,86.0,50.0,50.0,,,position_noise+confidence_error,,trust_weighted_fusion,move,3,0,94.476,9.326,35.701,uav_2,9.326,False,False,False,False,False,1,"[{""id"": ""obstacle_0"", ""kind"": ""static_obstacle"", ""x"": 50.0, ""y"": 50.0, ""radius"": 5.0}]"
delayed_track_sharing,22,4.4,0,11.653,11.354,94.0,90.0,50.0,50.0,,,false_negative+position_noise+confidence_error,,trust_weighted_fusion,move,2,0,113.869,9.272,49.442,uav_2,9.272,False,False,False,False,False,1,"[{""id"": ""obstacle_0"", ""kind"": ""static_obstacle"", ""x"": 50.0, ""y"": 50.0, ""radius"": 5.0}]"
delayed_track_sharing,22,4.4,1,11.739,21.263,90.0,94.0,50.0,50.0,,,position_noise+confidence_error,,trust_weighted_fusion,move,3,0,106.843,9.909,42.851,uav_0,9.909,False,False,False,False,False,1,"[{""id"": ""obstacle_0"", ""kind"": ""static_obstacle"", ""x"": 50.0, ""y"": 50.0, ""radius"": 5.0}]"
delayed_track_sharing,22,4.4,2,20.898,12.061,86.0,90.0,50.0,50.0,,,false_negative+position_noise+confidence_error,,trust_weighted_fusion,move,2,0,101.552,9.272,42.815,uav_0,9.272,False,False,False,False,False,1,"[{""id"": ""obstacle_0"", ""kind"": ""static_obstacle"", ""x"": 50.0, ""y"": 50.0, ""radius"": 5.0}]"
delayed_track_sharing,22,4.4,3,21.681,21.325,90.0,86.0,50.0,50.0,,,position_noise+confidence_error,,trust_weighted_fusion,move,3,0,94.076,9.297,35.302,uav_2,9.297,False,False,False,False,False,1,"[{""id"": ""obstacle_0"", ""kind"": ""static_obstacle"", ""x"": 50.0, ""y"": 50.0, ""radius"": 5.0}]"
delayed_track_sharing,23,4.6,0,11.942,11.63,94.0,90.0,50.0,50.0,,,false_negative+position_noise+confidence_error,,trust_weighted_fusion,move,2,0,113.469,9.241,49.043,uav_2,9.241,False,False,False,False,False,1,"[{""id"": ""obstacle_0"", ""kind"": ""static_obstacle"", ""x"": 50.0, ""y"": 50.0, ""radius"": 5.0}]"
delayed_track_sharing,23,4.6,1,12.032,21.536,90.0,94.0,50.0,50.0,,,position_noise+confidence_error,,trust_weighted_fusion,move,3,0,106.443,9.905,42.453,uav_0,9.905,False,False,False,False,False,1,"[{""id"": ""obstacle_0"", ""kind"": ""static_obstacle"", ""x"": 50.0, ""y"": 50.0, ""radius"": 5.0}]"
delayed_track_sharing,23,4.6,2,21.154,12.368,86.0,90.0,50.0,50.0,,,false_negative+position_noise+confidence_error,,trust_weighted_fusion,move,1,0,101.152,9.241,42.416,uav_0,9.241,False,False,False,False,False,1,"[{""id"": ""obstacle_0"", ""kind"": ""static_obstacle"", ""x"": 50.0, ""y"": 50.0, ""radius"": 5.0}]"
delayed_track_sharing,23,4.6,3,21.972,21.6,90.0,86.0,50.0,50.0,,,false_negative+position_noise+confidence_error,,trust_weighted_fusion,move,2,0,93.676,9.268,34.902,uav_2,9.268,False,False,False,False,False,1,"[{""id"": ""obstacle_0"", ""kind"": ""static_obstacle"", ""x"": 50.0, ""y"": 50.0, ""radius"": 5.0}]"
delayed_track_sharing,24,4.8,0,12.232,11.907,94.0,90.0,50.0,50.0,,,position_noise+confidence_error,,trust_weighted_fusion,move,3,0,113.069,9.211,48.643,uav_2,9.211,False,False,False,False,False,1,"[{""id"": ""obstacle_0"", ""kind"": ""static_obstacle"", ""x"": 50.0, ""y"": 50.0, ""radius"": 5.0}]"
delayed_track_sharing,24,4.8,1,12.325,21.808,90.0,94.0,50.0,50.0,,,position_noise+confidence_error,,trust_weighted_fusion,move,3,0,106.043,9.902,42.055,uav_0,9.902,False,False,False,False,False,1,"[{""id"": ""obstacle_0"", ""kind"": ""static_obstacle"", ""x"": 50.0, ""y"": 50.0, ""radius"": 5.0}]"
delayed_track_sharing,24,4.8,2,21.411,12.675,86.0,90.0,50.0,50.0,,,false_negative+position_noise+confidence_error,,trust_weighted_fusion,move,2,0,100.752,9.211,42.016,uav_0,9.211,False,False,False,False,False,1,"[{""id"": ""obstacle_0"", ""kind"": ""static_obstacle"", ""x"": 50.0, ""y"": 50.0, ""radius"": 5.0}]"
delayed_track_sharing,24,4.8,3,22.262,21.875,90.0,86.0,50.0,50.0,,,position_noise+confidence_error,,trust_weighted_fusion,move,3,0,93.276,9.239,34.502,uav_2,9.239,False,False,False,False,False,1,"[{""id"": ""obstacle_0"", ""kind"": ""static_obstacle"", ""x"": 50.0, ""y"": 50.0, ""radius"": 5.0}]"
delayed_track_sharing,25,5.0,0,12.521,12.183,94.0,90.0,50.0,50.0,,,position_noise+confidence_error,,trust_weighted_fusion,move,3,0,112.669,9.181,48.243,uav_2,9.181,False,False,False,False,False,1,"[{""id"": ""obstacle_0"", ""kind"": ""static_obstacle"", ""x"": 50.0, ""y"": 50.0, ""radius"": 5.0}]"
delayed_track_sharing,25,5.0,1,12.618,22.08,90.0,94.0,50.0,50.0,,,position_noise+confidence_error,,trust_weighted_fusion,move,3,0,105.643,9.898,41.658,uav_0,9.898,False,False,False,False,False,1,"[{""id"": ""obstacle_0"", ""kind"": ""static_obstacle"", ""x"": 50.0, ""y"": 50.0, ""radius"": 5.0}]"
delayed_track_sharing,25,5.0,2,21.667,12.982,86.0,90.0,50.0,50.0,,,false_negative+position_noise+confidence_error,,trust_weighted_fusion,move,1,0,100.352,9.181,41.616,uav_0,9.181,False,False,False,False,False,1,"[{""id"": ""obstacle_0"", ""kind"": ""static_obstacle"", ""x"": 50.0, ""y"": 50.0, ""radius"": 5.0}]"
delayed_track_sharing,25,5.0,3,22.553,22.15,90.0,86.0,50.0,50.0,,,position_noise+confidence_error,,trust_weighted_fusion,move,3,0,92.876,9.211,34.102,uav_2,9.211,False,False,False,False,False,1,"[{""id"": ""obstacle_0"", ""kind"": ""static_obstacle"", ""x"": 50.0, ""y"": 50.0, ""radius"": 5.0}]"
delayed_track_sharing,26,5.2,0,12.81,12.459,94.0,90.0,50.0,50.0,,,false_negative+position_noise+confidence_error,,trust_weighted_fusion,move,2,0,112.269,9.151,47.843,uav_2,9.151,False,False,False,False,False,1,"[{""id"": ""obstacle_0"", ""kind"": ""static_obstacle"", ""x"": 50.0, ""y"": 50.0, ""radius"": 5.0}]"
delayed_track_sharing,26,5.2,1,12.911,22.352,90.0,94.0,50.0,50.0,,,position_noise+confidence_error,,trust_weighted_fusion,move,3,0,105.243,9.894,41.26,uav_0,9.894,False,False,False,False,False,1,"[{""id"": ""obstacle_0"", ""kind"": ""static_obstacle"", ""x"": 50.0, ""y"": 50.0, ""radius"": 5.0}]"
delayed_track_sharing,26,5.2,2,21.924,13.289,86.0,90.0,50.0,50.0,,,false_negative+position_noise+confidence_error,,trust_weighted_fusion,move,2,0,99.952,9.151,41.217,uav_0,9.151,False,False,False,False,False,1,"[{""id"": ""obstacle_0"", ""kind"": ""static_obstacle"", ""x"": 50.0, ""y"": 50.0, ""radius"": 5.0}]"
delayed_track_sharing,26,5.2,3,22.843,22.425,90.0,86.0,50.0,50.0,,,false_negative+confidence_error,,trust_weighted_fusion,move,0,0,92.476,9.182,33.703,uav_2,9.182,False,False,False,False,False,1,"[{""id"": ""obstacle_0"", ""kind"": ""static_obstacle"", ""x"": 50.0, ""y"": 50.0, ""radius"": 5.0}]"
delayed_track_sharing,27,5.4,0,13.1,12.735,94.0,90.0,50.0,50.0,,,position_noise+confidence_error,,trust_weighted_fusion,move,3,0,111.869,9.121,47.443,uav_2,9.121,False,False,False,False,False,1,"[{""id"": ""obstacle_0"", ""kind"": ""static_obstacle"", ""x"": 50.0, ""y"": 50.0, ""radius"": 5.0}]"
delayed_track_sharing,27,5.4,1,13.204,22.625,90.0,94.0,50.0,50.0,,,false_negative+position_noise+confidence_error,,trust_weighted_fusion,move,2,0,104.843,9.89,40.862,uav_0,9.89,False,False,False,False,False,1,"[{""id"": ""obstacle_0"", ""kind"": ""static_obstacle"", ""x"": 50.0, ""y"": 50.0, ""radius"": 5.0}]"
delayed_track_sharing,27,5.4,2,22.18,13.596,86.0,90.0,50.0,50.0,,,position_noise+confidence_error,,trust_weighted_fusion,move,3,0,99.552,9.121,40.817,uav_0,9.121,False,False,False,False,False,1,"[{""id"": ""obstacle_0"", ""kind"": ""static_obstacle"", ""x"": 50.0, ""y"": 50.0, ""radius"": 5.0}]"
delayed_track_sharing,27,5.4,3,23.134,22.7,90.0,86.0,50.0,50.0,,,false_negative+position_noise+confidence_error,,trust_weighted_fusion,move,1,0,92.076,9.154,33.303,uav_2,9.154,False,False,False,False,False,1,"[{""id"": ""obstacle_0"", ""kind"": ""static_obstacle"", ""x"": 50.0, ""y"": 50.0, ""radius"": 5.0}]"
delayed_track_sharing,28,5.6,0,13.389,13.012,94.0,90.0,50.0,50.0,,,position_noise+confidence_error,,trust_weighted_fusion,move,3,0,111.469,9.091,47.043,uav_2,9.091,False,False,False,False,False,1,"[{""id"": ""obstacle_0"", ""kind"": ""static_obstacle"", ""x"": 50.0, ""y"": 50.0, ""radius"": 5.0}]"
delayed_track_sharing,28,5.6,1,13.497,22.897,90.0,94.0,50.0,50.0,,,position_noise+confidence_error,,trust_weighted_fusion,move,3,0,104.443,9.886,40.465,uav_0,9.886,False,False,False,False,False,1,"[{""id"": ""obstacle_0"", ""kind"": ""static_obstacle"", ""x"": 50.0, ""y"": 50.0, ""radius"": 5.0}]"
delayed_track_sharing,28,5.6,2,22.436,13.903,86.0,90.0,50.0,50.0,,,false_negative+position_noise+confidence_error,,trust_weighted_fusion,move,2,0,99.152,9.091,40.418,uav_0,9.091,False,False,False,False,False,1,"[{""id"": ""obstacle_0"", ""kind"": ""static_obstacle"", ""x"": 50.0, ""y"": 50.0, ""radius"": 5.0}]"
delayed_track_sharing,28,5.6,3,23.424,22.975,90.0,86.0,50.0,50.0,,,position_noise+confidence_error,,trust_weighted_fusion,move,3,0,91.676,9.126,32.903,uav_2,9.126,False,False,False,False,False,1,"[{""id"": ""obstacle_0"", ""kind"": ""static_obstacle"", ""x"": 50.0, ""y"": 50.0, ""radius"": 5.0}]"
delayed_track_sharing,29,5.8,0,13.678,13.288,94.0,90.0,50.0,50.0,,,position_noise+confidence_error,,trust_weighted_fusion,move,3,0,111.069,9.062,46.644,uav_2,9.062,False,False,False,False,False,1,"[{""id"": ""obstacle_0"", ""kind"": ""static_obstacle"", ""x"": 50.0, ""y"": 50.0, ""radius"": 5.0}]"
delayed_track_sharing,29,5.8,1,13.79,23.169,90.0,94.0,50.0,50.0,,,false_negative+position_noise+confidence_error,,trust_weighted_fusion,move,2,0,104.043,9.882,40.067,uav_0,9.882,False,False,False,False,False,1,"[{""id"": ""obstacle_0"", ""kind"": ""static_obstacle"", ""x"": 50.0, ""y"": 50.0, ""radius"": 5.0}]"
delayed_track_sharing,29,5.8,2,22.693,14.21,86.0,90.0,50.0,50.0,,,position_noise+confidence_error,,trust_weighted_fusion,move,3,0,98.752,9.062,40.018,uav_0,9.062,False,False,False,False,False,1,"[{""id"": ""obstacle_0"", ""kind"": ""static_obstacle"", ""x"": 50.0, ""y"": 50.0, ""radius"": 5.0}]"
delayed_track_sharing,29,5.8,3,23.714,23.25,90.0,86.0,50.0,50.0,,,position_noise+confidence_error,,trust_weighted_fusion,move,3,0,91.276,9.097,32.503,uav_2,9.097,False,False,False,False,False,1,"[{""id"": ""obstacle_0"", ""kind"": ""static_obstacle"", ""x"": 50.0, ""y"": 50.0, ""radius"": 5.0}]"
delayed_track_sharing,30,6.0,0,13.967,13.564,94.0,90.0,50.0,50.0,,,position_noise+confidence_error,,trust_weighted_fusion,move,3,0,110.669,9.032,46.244,uav_2,9.032,False,False,False,False,False,1,"[{""id"": ""obstacle_0"", ""kind"": ""static_obstacle"", ""x"": 50.0, ""y"": 50.0, ""radius"": 5.0}]"
delayed_track_sharing,30,6.0,1,14.083,23.442,90.0,94.0,50.0,50.0,,,false_negative+position_noise+confidence_error,,trust_weighted_fusion,move,2,0,103.643,9.878,39.67,uav_0,9.878,False,False,False,False,False,1,"[{""id"": ""obstacle_0"", ""kind"": ""static_obstacle"", ""x"": 50.0, ""y"": 50.0, ""radius"": 5.0}]"
delayed_track_sharing,30,6.0,2,22.949,14.517,86.0,90.0,50.0,50.0,,,position_noise+confidence_error,,trust_weighted_fusion,move,3,0,98.352,9.032,39.618,uav_0,9.032,False,False,False,False,False,1,"[{""id"": ""obstacle_0"", ""kind"": ""static_obstacle"", ""x"": 50.0, ""y"": 50.0, ""radius"": 5.0}]"
delayed_track_sharing,30,6.0,3,24.005,23.525,90.0,86.0,50.0,50.0,,,position_noise+confidence_error,,trust_weighted_fusion,move,3,0,90.876,9.07,32.104,uav_2,9.07,False,False,False,False,False,1,"[{""id"": ""obstacle_0"", ""kind"": ""static_obstacle"", ""x"": 50.0, ""y"": 50.0, ""radius"": 5.0}]"
delayed_track_sharing,31,6.2,0,14.257,13.841,94.0,90.0,50.0,50.0,,,false_negative+position_noise+confidence_error,,trust_weighted_fusion,move,1,0,110.269,9.003,45.844,uav_2,9.003,False,False,False,False,False,1,"[{""id"": ""obstacle_0"", ""kind"": ""static_obstacle"", ""x"": 50.0, ""y"": 50.0, ""radius"": 5.0}]"
delayed_track_sharing,31,6.2,1,14.376,23.714,90.0,94.0,50.0,50.0,,,position_noise+confidence_error,,trust_weighted_fusion,move,3,0,103.243,9.874,39.272,uav_0,9.874,False,False,False,False,False,1,"[{""id"": ""obstacle_0"", ""kind"": ""static_obstacle"", ""x"": 50.0, ""y"": 50.0, ""radius"": 5.0}]"
delayed_track_sharing,31,6.2,2,23.206,14.824,86.0,90.0,50.0,50.0,,,position_noise+confidence_error,,trust_weighted_fusion,move,3,0,97.952,9.003,39.219,uav_0,9.003,False,False,False,False,False,1,"[{""id"": ""obstacle_0"", ""kind"": ""static_obstacle"", ""x"": 50.0, ""y"": 50.0, ""radius"": 5.0}]"
delayed_track_sharing,31,6.2,3,24.295,23.8,90.0,86.0,50.0,50.0,,,position_noise+confidence_error,,trust_weighted_fusion,move,3,0,90.476,9.042,31.704,uav_2,9.042,False,False,False,False,False,1,"[{""id"": ""obstacle_0"", ""kind"": ""static_obstacle"", ""x"": 50.0, ""y"": 50.0, ""radius"": 5.0}]"
delayed_track_sharing,32,6.4,0,14.546,14.117,94.0,90.0,50.0,50.0,,,false_negative+position_noise+confidence_error,,trust_weighted_fusion,move,2,0,109.869,8.974,45.444,uav_2,8.974,False,False,False,False,False,1,"[{""id"": ""obstacle_0"", ""kind"": ""static_obstacle"", ""x"": 50.0, ""y"": 50.0, ""radius"": 5.0}]"
delayed_track_sharing,32,6.4,1,14.669,23.986,90.0,94.0,50.0,50.0,,,false_negative+position_noise+confidence_error,,trust_weighted_fusion,move,2,0,102.843,9.87,38.875,uav_0,9.87,False,False,False,False,False,1,"[{""id"": ""obstacle_0"", ""kind"": ""static_obstacle"", ""x"": 50.0, ""y"": 50.0, ""radius"": 5.0}]"
delayed_track_sharing,32,6.4,2,23.462,15.131,86.0,90.0,50.0,50.0,,,position_noise+confidence_error,,trust_weighted_fusion,move,3,0,97.552,8.974,38.819,uav_0,8.974,False,False,False,False,False,1,"[{""id"": ""obstacle_0"", ""kind"": ""static_obstacle"", ""x"": 50.0, ""y"": 50.0, ""radius"": 5.0}]"
delayed_track_sharing,32,6.4,3,24.586,24.075,90.0,86.0,50.0,50.0,,,position_noise+confidence_error,,trust_weighted_fusion,move,3,0,90.076,9.014,31.304,uav_2,9.014,False,False,False,False,False,1,"[{""id"": ""obstacle_0"", ""kind"": ""static_obstacle"", ""x"": 50.0, ""y"": 50.0, ""radius"": 5.0}]"
delayed_track_sharing,33,6.6,0,14.835,14.393,94.0,90.0,50.0,50.0,,,position_noise+confidence_error,,trust_weighted_fusion,move,3,0,109.469,8.945,45.044,uav_2,8.945,False,False,False,False,False,1,"[{""id"": ""obstacle_0"", ""kind"": ""static_obstacle"", ""x"": 50.0, ""y"": 50.0, ""radius"": 5.0}]"
delayed_track_sharing,33,6.6,1,14.962,24.259,90.0,94.0,50.0,50.0,,,position_noise+confidence_error,,trust_weighted_fusion,move,3,0,102.443,9.866,38.477,uav_0,9.866,False,False,False,False,False,1,"[{""id"": ""obstacle_0"", ""kind"": ""static_obstacle"", ""x"": 50.0, ""y"": 50.0, ""radius"": 5.0}]"
delayed_track_sharing,33,6.6,2,23.719,15.438,86.0,90.0,50.0,50.0,,,position_noise+confidence_error,,trust_weighted_fusion,move,3,0,97.152,8.945,38.42,uav_0,8.945,False,False,False,False,False,1,"[{""id"": ""obstacle_0"", ""kind"": ""static_obstacle"", ""x"": 50.0, ""y"": 50.0, ""radius"": 5.0}]"
delayed_track_sharing,33,6.6,3,24.876,24.35,90.0,86.0,50.0,50.0,,,false_negative+position_noise+confidence_error,,trust_weighted_fusion,move,2,0,89.676,8.987,30.905,uav_2,8.987,False,False,False,False,False,1,"[{""id"": ""obstacle_0"", ""kind"": ""static_obstacle"", ""x"": 50.0, ""y"": 50.0, ""radius"": 5.0}]"
delayed_track_sharing,34,6.8,0,15.124,14.669,94.0,90.0,50.0,50.0,,,false_negative+position_noise+confidence_error,,trust_weighted_fusion,move,2,0,109.069,8.916,44.644,uav_2,8.916,False,False,False,False,False,1,"[{""id"": ""obstacle_0"", ""kind"": ""static_obstacle"", ""x"": 50.0, ""y"": 50.0, ""radius"": 5.0}]"
delayed_track_sharing,34,6.8,1,15.255,24.531,90.0,94.0,50.0,50.0,,,position_noise+confidence_error,,trust_weighted_fusion,move,3,0,102.043,9.862,38.08,uav_0,9.862,False,False,False,False,False,1,"[{""id"": ""obstacle_0"", ""kind"": ""static_obstacle"", ""x"": 50.0, ""y"": 50.0, ""radius"": 5.0}]"
delayed_track_sharing,34,6.8,2,23.975,15.745,86.0,90.0,50.0,50.0,,,false_negative+position_noise+confidence_error,,trust_weighted_fusion,move,2,0,96.752,8.916,38.02,uav_0,8.916,False,False,False,False,False,1,"[{""id"": ""obstacle_0"", ""kind"": ""static_obstacle"", ""x"": 50.0, ""y"": 50.0, ""radius"": 5.0}]"
delayed_track_sharing,34,6.8,3,25.167,24.625,90.0,86.0,50.0,50.0,,,false_negative+position_noise+confidence_error,,trust_weighted_fusion,move,2,0,89.276,8.96,30.505,uav_2,8.96,False,False,False,False,False,1,"[{""id"": ""obstacle_0"", ""kind"": ""static_obstacle"", ""x"": 50.0, ""y"": 50.0, ""radius"": 5.0}]"
delayed_track_sharing,35,7.0,0,15.414,14.946,94.0,90.0,50.0,50.0,,,false_negative+position_noise+confidence_error,,trust_weighted_fusion,move,1,0,108.669,8.887,44.245,uav_2,8.887,False,False,False,False,False,1,"[{""id"": ""obstacle_0"", ""kind"": ""static_obstacle"", ""x"": 50.0, ""y"": 50.0, ""radius"": 5.0}]"
delayed_track_sharing,35,7.0,1,15.548,24.803,90.0,94.0,50.0,50.0,,,position_noise+confidence_error,,trust_weighted_fusion,move,3,0,101.643,9.859,37.683,uav_0,9.859,False,False,False,False,False,1,"[{""id"": ""obstacle_0"", ""kind"": ""static_obstacle"", ""x"": 50.0, ""y"": 50.0, ""radius"": 5.0}]"
delayed_track_sharing,35,7.0,2,24.231,16.052,86.0,90.0,50.0,50.0,,,false_negative+position_noise+confidence_error,,trust_weighted_fusion,move,1,0,96.352,8.887,37.62,uav_0,8.887,False,False,False,False,False,1,"[{""id"": ""obstacle_0"", ""kind"": ""static_obstacle"", ""x"": 50.0, ""y"": 50.0, ""radius"": 5.0}]"
delayed_track_sharing,35,7.0,3,25.457,24.9,90.0,86.0,50.0,50.0,,,position_noise+confidence_error,,trust_weighted_fusion,move,3,0,88.876,8.932,30.105,uav_2,8.932,False,False,False,False,False,1,"[{""id"": ""obstacle_0"", ""kind"": ""static_obstacle"", ""x"": 50.0, ""y"": 50.0, ""radius"": 5.0}]"
delayed_track_sharing,36,7.2,0,15.703,15.222,94.0,90.0,50.0,50.0,,,false_negative+position_noise+confidence_error,,trust_weighted_fusion,move,2,0,108.269,8.858,43.845,uav_2,8.858,False,False,False,False,False,1,"[{""id"": ""obstacle_0"", ""kind"": ""static_obstacle"", ""x"": 50.0, ""y"": 50.0, ""radius"": 5.0}]"
delayed_track_sharing,36,7.2,1,15.841,25.076,90.0,94.0,50.0,50.0,,,position_noise+confidence_error,,trust_weighted_fusion,move,3,0,101.243,9.855,37.286,uav_0,9.855,False,False,False,False,False,1,"[{""id"": ""obstacle_0"", ""kind"": ""static_obstacle"", ""x"": 50.0, ""y"": 50.0, ""radius"": 5.0}]"
delayed_track_sharing,36,7.2,2,24.488,16.359,86.0,90.0,50.0,50.0,,,false_negative+position_noise+confidence_error,,trust_weighted_fusion,move,2,0,95.952,8.858,37.221,uav_0,8.858,False,False,False,False,False,1,"[{""id"": ""obstacle_0"", ""kind"": ""static_obstacle"", ""x"": 50.0, ""y"": 50.0, ""radius"": 5.0}]"
delayed_track_sharing,36,7.2,3,25.748,25.175,90.0,86.0,50.0,50.0,,,position_noise+confidence_error,,trust_weighted_fusion,move,3,0,88.476,8.906,29.705,uav_2,8.906,False,False,False,False,False,1,"[{""id"": ""obstacle_0"", ""kind"": ""static_obstacle"", ""x"": 50.0, ""y"": 50.0, ""radius"": 5.0}]"
delayed_track_sharing,37,7.4,0,15.992,15.498,94.0,90.0,50.0,50.0,,,position_noise+confidence_error,,trust_weighted_fusion,move,3,0,107.869,8.83,43.445,uav_2,8.83,False,False,False,False,False,1,"[{""id"": ""obstacle_0"", ""kind"": ""static_obstacle"", ""x"": 50.0, ""y"": 50.0, ""radius"": 5.0}]"
delayed_track_sharing,37,7.4,1,16.134,25.348,90.0,94.0,50.0,50.0,,,false_negative+position_noise+confidence_error,,trust_weighted_fusion,move,2,0,100.843,9.851,36.889,uav_0,9.851,False,False,False,False,False,1,"[{""id"": ""obstacle_0"", ""kind"": ""static_obstacle"", ""x"": 50.0, ""y"": 50.0, ""radius"": 5.0}]"
delayed_track_sharing,37,7.4,2,24.744,16.666,86.0,90.0,50.0,50.0,,,position_noise+confidence_error,,trust_weighted_fusion,move,3,0,95.552,8.83,36.821,uav_0,8.83,False,False,False,False,False,1,"[{""id"": ""obstacle_0"", ""kind"": ""static_obstacle"", ""x"": 50.0, ""y"": 50.0, ""radius"": 5.0}]"
delayed_track_sharing,37,7.4,3,26.038,25.45,90.0,86.0,50.0,50.0,,,position_noise+confidence_error,,trust_weighted_fusion,move,3,0,88.076,8.879,29.306,uav_2,8.879,False,False,False,False,False,1,"[{""id"": ""obstacle_0"", ""kind"": ""static_obstacle"", ""x"": 50.0, ""y"": 50.0, ""radius"": 5.0}]"
delayed_track_sharing,38,7.6,0,16.281,15.774,94.0,90.0,50.0,50.0,,,false_negative+position_noise+confidence_error,,trust_weighted_fusion,move,2,0,107.469,8.801,43.045,uav_2,8.801,False,False,False,False,False,1,"[{""id"": ""obstacle_0"", ""kind"": ""static_obstacle"", ""x"": 50.0, ""y"": 50.0, ""radius"": 5.0}]"
delayed_track_sharing,38,7.6,1,16.427,25.62,90.0,94.0,50.0,50.0,,,false_negative+position_noise+confidence_error,,trust_weighted_fusion,move,2,0,100.443,9.847,36.491,uav_0,9.847,False,False,False,False,False,1,"[{""id"": ""obstacle_0"", ""kind"": ""static_obstacle"", ""x"": 50.0, ""y"": 50.0, ""radius"": 5.0}]"
delayed_track_sharing,38,7.6,2,25.001,16.973,86.0,90.0,50.0,50.0,,,position_noise+confidence_error,,trust_weighted_fusion,move,3,0,95.152,8.801,36.422,uav_0,8.801,False,False,False,False,False,1,"[{""id"": ""obstacle_0"", ""kind"": ""static_obstacle"", ""x"": 50.0, ""y"": 50.0, ""radius"": 5.0}]"
delayed_track_sharing,38,7.6,3,26.329,25.725,90.0,86.0,50.0,50.0,,,false_negative+position_noise+confidence_error,,trust_weighted_fusion,move,2,0,87.676,8.852,28.906,uav_2,8.852,False,False,False,False,False,1,"[{""id"": ""obstacle_0"", ""kind"": ""static_obstacle"", ""x"": 50.0, ""y"": 50.0, ""radius"": 5.0}]"
delayed_track_sharing,39,7.8,0,16.571,16.051,94.0,90.0,50.0,50.0,,,false_negative+position_noise+confidence_error,,trust_weighted_fusion,move,2,0,107.069,8.773,42.645,uav_2,8.773,False,False,False,False,False,1,"[{""id"": ""obstacle_0"", ""kind"": ""static_obstacle"", ""x"": 50.0, ""y"": 50.0, ""radius"": 5.0}]"
delayed_track_sharing,39,7.8,1,16.72,25.893,90.0,94.0,50.0,50.0,,,position_noise+confidence_error,,trust_weighted_fusion,move,3,0,100.043,9.843,36.094,uav_0,9.843,False,False,False,False,False,1,"[{""id"": ""obstacle_0"", ""kind"": ""static_obstacle"", ""x"": 50.0, ""y"": 50.0, ""radius"": 5.0}]"
delayed_track_sharing,39,7.8,2,25.257,17.28,86.0,90.0,50.0,50.0,,,false_negative+position_noise+confidence_error,,trust_weighted_fusion,move,2,0,94.752,8.773,36.022,uav_0,8.773,False,False,False,False,False,1,"[{""id"": ""obstacle_0"", ""kind"": ""static_obstacle"", ""x"": 50.0, ""y"": 50.0, ""radius"": 5.0}]"
delayed_track_sharing,39,7.8,3,26.619,26.0,90.0,86.0,50.0,50.0,,,position_noise+confidence_error,,trust_weighted_fusion,move,3,0,87.276,8.826,28.506,uav_2,8.826,False,False,False,False,False,1,"[{""id"": ""obstacle_0"", ""kind"": ""static_obstacle"", ""x"": 50.0, ""y"": 50.0, ""radius"": 5.0}]"
delayed_track_sharing,40,8.0,0,16.86,16.327,94.0,90.0,50.0,50.0,,,position_noise+confidence_error,,trust_weighted_fusion,move,3,0,106.669,8.745,42.245,uav_2,8.745,False,False,False,False,False,1,"[{""id"": ""obstacle_0"", ""kind"": ""static_obstacle"", ""x"": 50.0, ""y"": 50.0, ""radius"": 5.0}]"
delayed_track_sharing,40,8.0,1,17.013,26.165,90.0,94.0,50.0,50.0,,,position_noise+confidence_error,,trust_weighted_fusion,move,3,0,99.643,9.839,35.697,uav_0,9.839,False,False,False,False,False,1,"[{""id"": ""obstacle_0"", ""kind"": ""static_obstacle"", ""x"": 50.0, ""y"": 50.0, ""radius"": 5.0}]"
delayed_track_sharing,40,8.0,2,25.514,17.587,86.0,90.0,50.0,50.0,,,position_noise+confidence_error,,trust_weighted_fusion,move,3,0,94.352,8.745,35.623,uav_0,8.745,False,False,False,False,False,1,"[{""id"": ""obstacle_0"", ""kind"": ""static_obstacle"", ""x"": 50.0, ""y"": 50.0, ""radius"": 5.0}]"
delayed_track_sharing,40,8.0,3,26.91,26.275,90.0,86.0,50.0,50.0,,,false_negative+position_noise+confidence_error,,trust_weighted_fusion,move,2,0,86.876,8.799,28.107,uav_2,8.799,False,False,False,False,False,1,"[{""id"": ""obstacle_0"", ""kind"": ""static_obstacle"", ""x"": 50.0, ""y"": 50.0, ""radius"": 5.0}]"
delayed_track_sharing,41,8.2,0,17.149,16.603,94.0,90.0,50.0,50.0,,,position_noise+confidence_error,,trust_weighted_fusion,move,3,0,106.269,8.717,41.846,uav_2,8.717,False,False,False,False,False,1,"[{""id"": ""obstacle_0"", ""kind"": ""static_obstacle"", ""x"": 50.0, ""y"": 50.0, ""radius"": 5.0}]"
delayed_track_sharing,41,8.2,1,17.306,26.437,90.0,94.0,50.0,50.0,,,false_negative+position_noise+confidence_error,,trust_weighted_fusion,move,2,0,99.243,9.835,35.3,uav_0,9.835,False,False,False,False,False,1,"[{""id"": ""obstacle_0"", ""kind"": ""static_obstacle"", ""x"": 50.0, ""y"": 50.0, ""radius"": 5.0}]"
delayed_track_sharing,41,8.2,2,25.77,17.894,86.0,90.0,50.0,50.0,,,false_negative+position_noise+confidence_error,,trust_weighted_fusion,move,1,0,93.952,8.717,35.223,uav_0,8.717,False,False,False,False,False,1,"[{""id"": ""obstacle_0"", ""kind"": ""static_obstacle"", ""x"": 50.0, ""y"": 50.0, ""radius"": 5.0}]"
delayed_track_sharing,41,8.2,3,27.2,26.55,90.0,86.0,50.0,50.0,,,false_negative+position_noise+confidence_error,,trust_weighted_fusion,move,2,0,86.476,8.773,27.707,uav_2,8.773,False,False,False,False,False,1,"[{""id"": ""obstacle_0"", ""kind"": ""static_obstacle"", ""x"": 50.0, ""y"": 50.0, ""radius"": 5.0}]"
delayed_track_sharing,42,8.4,0,17.439,16.88,94.0,90.0,50.0,50.0,,,false_negative+position_noise+confidence_error,,trust_weighted_fusion,move,2,0,105.869,8.689,41.446,uav_2,8.689,False,False,False,False,False,1,"[{""id"": ""obstacle_0"", ""kind"": ""static_obstacle"", ""x"": 50.0, ""y"": 50.0, ""radius"": 5.0}]"
delayed_track_sharing,42,8.4,1,17.599,26.709,90.0,94.0,50.0,50.0,,,false_negative+position_noise+confidence_error,,trust_weighted_fusion,move,2,0,98.843,9.831,34.904,uav_0,9.831,False,False,False,False,False,1,"[{""id"": ""obstacle_0"", ""kind"": ""static_obstacle"", ""x"": 50.0, ""y"": 50.0, ""radius"": 5.0}]"
delayed_track_sharing,42,8.4,2,26.026,18.201,86.0,90.0,50.0,50.0,,,false_negative+position_noise+confidence_error,,trust_weighted_fusion,move,2,0,93.552,8.689,34.824,uav_0,8.689,False,False,False,False,False,1,"[{""id"": ""obstacle_0"", ""kind"": ""static_obstacle"", ""x"": 50.0, ""y"": 50.0, ""radius"": 5.0}]"
delayed_track_sharing,42,8.4,3,27.491,26.825,90.0,86.0,50.0,50.0,,,position_noise+confidence_error,,trust_weighted_fusion,move,3,0,86.076,8.747,27.307,uav_2,8.747,False,False,False,False,False,1,"[{""id"": ""obstacle_0"", ""kind"": ""static_obstacle"", ""x"": 50.0, ""y"": 50.0, ""radius"": 5.0}]"
delayed_track_sharing,43,8.6,0,17.728,17.156,94.0,90.0,50.0,50.0,,,position_noise+confidence_error,,trust_weighted_fusion,move,3,0,105.469,8.661,41.046,uav_2,8.661,False,False,False,False,False,1,"[{""id"": ""obstacle_0"", ""kind"": ""static_obstacle"", ""x"": 50.0, ""y"": 50.0, ""radius"": 5.0}]"
delayed_track_sharing,43,8.6,1,17.892,26.982,90.0,94.0,50.0,50.0,,,position_noise+confidence_error,,trust_weighted_fusion,move,3,0,98.443,9.827,34.507,uav_0,9.827,False,False,False,False,False,1,"[{""id"": ""obstacle_0"", ""kind"": ""static_obstacle"", ""x"": 50.0, ""y"": 50.0, ""radius"": 5.0}]"
delayed_track_sharing,43,8.6,2,26.283,18.508,86.0,90.0,50.0,50.0,,,position_noise+confidence_error,,trust_weighted_fusion,move,3,0,93.152,8.661,34.424,uav_0,8.661,False,False,False,False,False,1,"[{""id"": ""obstacle_0"", ""kind"": ""static_obstacle"", ""x"": 50.0, ""y"": 50.0, ""radius"": 5.0}]"
delayed_track_sharing,43,8.6,3,27.781,27.1,90.0,86.0,50.0,50.0,,,false_negative+position_noise+confidence_error,,trust_weighted_fusion,move,2,0,85.676,8.722,26.908,uav_2,8.722,False,False,False,False,False,1,"[{""id"": ""obstacle_0"", ""kind"": ""static_obstacle"", ""x"": 50.0, ""y"": 50.0, ""radius"": 5.0}]"
delayed_track_sharing,44,8.8,0,18.017,17.432,94.0,90.0,50.0,50.0,,,false_negative+position_noise+confidence_error,,trust_weighted_fusion,move,2,0,105.069,8.634,40.646,uav_2,8.634,False,False,False,False,False,1,"[{""id"": ""obstacle_0"", ""kind"": ""static_obstacle"", ""x"": 50.0, ""y"": 50.0, ""radius"": 5.0}]"
delayed_track_sharing,44,8.8,1,18.185,27.254,90.0,94.0,50.0,50.0,,,false_negative+position_noise+confidence_error,,trust_weighted_fusion,move,1,0,98.043,9.823,34.11,uav_0,9.823,False,False,False,False,False,1,"[{""id"": ""obstacle_0"", ""kind"": ""static_obstacle"", ""x"": 50.0, ""y"": 50.0, ""radius"": 5.0}]"
delayed_track_sharing,44,8.8,2,26.539,18.815,86.0,90.0,50.0,50.0,,,false_negative+position_noise+confidence_error,,trust_weighted_fusion,move,1,0,92.752,8.634,34.025,uav_0,8.634,False,False,False,False,False,1,"[{""id"": ""obstacle_0"", ""kind"": ""static_obstacle"", ""x"": 50.0, ""y"": 50.0, ""radius"": 5.0}]"
delayed_track_sharing,44,8.8,3,28.072,27.375,90.0,86.0,50.0,50.0,,,position_noise+confidence_error,,trust_weighted_fusion,move,3,0,85.276,8.696,26.508,uav_2,8.696,False,False,False,False,False,1,"[{""id"": ""obstacle_0"", ""kind"": ""static_obstacle"", ""x"": 50.0, ""y"": 50.0, ""radius"": 5.0}]"
delayed_track_sharing,45,9.0,0,18.306,17.708,94.0,90.0,50.0,50.0,,,position_noise+confidence_error,,trust_weighted_fusion,move,3,0,104.669,8.606,40.246,uav_2,8.606,False,False,False,False,False,1,"[{""id"": ""obstacle_0"", ""kind"": ""static_obstacle"", ""x"": 50.0, ""y"": 50.0, ""radius"": 5.0}]"
delayed_track_sharing,45,9.0,1,18.478,27.526,90.0,94.0,50.0,50.0,,,position_noise+confidence_error,,trust_weighted_fusion,move,3,0,97.643,9.82,33.713,uav_0,9.82,False,False,False,False,False,1,"[{""id"": ""obstacle_0"", ""kind"": ""static_obstacle"", ""x"": 50.0, ""y"": 50.0, ""radius"": 5.0}]"
delayed_track_sharing,45,9.0,2,26.796,19.122,86.0,90.0,50.0,50.0,,,false_negative+position_noise+confidence_error,,trust_weighted_fusion,move,2,0,92.352,8.606,33.625,uav_0,8.606,False,False,False,False,False,1,"[{""id"": ""obstacle_0"", ""kind"": ""static_obstacle"", ""x"": 50.0, ""y"": 50.0, ""radius"": 5.0}]"
delayed_track_sharing,45,9.0,3,28.362,27.65,90.0,86.0,50.0,50.0,,,position_noise+confidence_error,,trust_weighted_fusion,move,3,0,84.876,8.671,26.108,uav_2,8.671,False,False,False,False,False,1,"[{""id"": ""obstacle_0"", ""kind"": ""static_obstacle"", ""x"": 50.0, ""y"": 50.0, ""radius"": 5.0}]"
delayed_track_sharing,46,9.2,0,18.596,17.985,94.0,90.0,50.0,50.0,,,false_negative+position_noise+confidence_error,,trust_weighted_fusion,move,2,0,104.269,8.579,39.847,uav_2,8.579,False,False,False,False,False,1,"[{""id"": ""obstacle_0"", ""kind"": ""static_obstacle"", ""x"": 50.0, ""y"": 50.0, ""radius"": 5.0}]"
delayed_track_sharing,46,9.2,1,18.771,27.799,90.0,94.0,50.0,50.0,,,position_noise+confidence_error,,trust_weighted_fusion,move,3,0,97.243,9.816,33.317,uav_0,9.816,False,False,False,False,False,1,"[{""id"": ""obstacle_0"", ""kind"": ""static_obstacle"", ""x"": 50.0, ""y"": 50.0, ""radius"": 5.0}]"
delayed_track_sharing,46,9.2,2,27.052,19.429,86.0,90.0,50.0,50.0,,,position_noise+confidence_error,,trust_weighted_fusion,move,3,0,91.952,8.579,33.226,uav_0,8.579,False,False,False,False,False,1,"[{""id"": ""obstacle_0"", ""kind"": ""static_obstacle"", ""x"": 50.0, ""y"": 50.0, ""radius"": 5.0}]"
delayed_track_sharing,46,9.2,3,28.653,27.925,90.0,86.0,50.0,50.0,,,position_noise+confidence_error,,trust_weighted_fusion,move,3,0,84.476,8.645,25.709,uav_2,8.645,False,False,False,False,False,1,"[{""id"": ""obstacle_0"", ""kind"": ""static_obstacle"", ""x"": 50.0, ""y"": 50.0, ""radius"": 5.0}]"
delayed_track_sharing,47,9.4,0,18.885,18.261,94.0,90.0,50.0,50.0,,,position_noise+confidence_error,,trust_weighted_fusion,move,3,0,103.869,8.552,39.447,uav_2,8.552,False,False,False,False,False,1,"[{""id"": ""obstacle_0"", ""kind"": ""static_obstacle"", ""x"": 50.0, ""y"": 50.0, ""radius"": 5.0}]"
delayed_track_sharing,47,9.4,1,19.064,28.071,90.0,94.0,50.0,50.0,,,position_noise+confidence_error,,trust_weighted_fusion,move,3,0,96.843,9.812,32.92,uav_0,9.812,False,False,False,False,False,1,"[{""id"": ""obstacle_0"", ""kind"": ""static_obstacle"", ""x"": 50.0, ""y"": 50.0, ""radius"": 5.0}]"
delayed_track_sharing,47,9.4,2,27.309,19.736,86.0,90.0,50.0,50.0,,,false_negative+position_noise+confidence_error,,trust_weighted_fusion,move,2,0,91.552,8.552,32.826,uav_0,8.552,False,False,False,False,False,1,"[{""id"": ""obstacle_0"", ""kind"": ""static_obstacle"", ""x"": 50.0, ""y"": 50.0, ""radius"": 5.0}]"
delayed_track_sharing,47,9.4,3,28.943,28.2,90.0,86.0,50.0,50.0,,,false_negative+position_noise+confidence_error,,trust_weighted_fusion,move,2,0,84.076,8.62,25.309,uav_2,8.62,False,False,False,False,False,1,"[{""id"": ""obstacle_0"", ""kind"": ""static_obstacle"", ""x"": 50.0, ""y"": 50.0, ""radius"": 5.0}]"
delayed_track_sharing,48,9.6,0,19.174,18.537,94.0,90.0,50.0,50.0,,,false_negative+position_noise+confidence_error,,trust_weighted_fusion,move,2,0,103.469,8.525,39.047,uav_2,8.525,False,False,False,False,False,1,"[{""id"": ""obstacle_0"", ""kind"": ""static_obstacle"", ""x"": 50.0, ""y"": 50.0, ""radius"": 5.0}]"
delayed_track_sharing,48,9.6,1,19.357,28.343,90.0,94.0,50.0,50.0,,,false_negative+position_noise+confidence_error,,trust_weighted_fusion,move,1,0,96.443,9.808,32.524,uav_0,9.808,False,False,False,False,False,1,"[{""id"": ""obstacle_0"", ""kind"": ""static_obstacle"", ""x"": 50.0, ""y"": 50.0, ""radius"": 5.0}]"
delayed_track_sharing,48,9.6,2,27.565,20.043,86.0,90.0,50.0,50.0,,,false_negative+position_noise+confidence_error,,trust_weighted_fusion,move,2,0,91.152,8.525,32.427,uav_0,8.525,False,False,False,False,False,1,"[{""id"": ""obstacle_0"", ""kind"": ""static_obstacle"", ""x"": 50.0, ""y"": 50.0, ""radius"": 5.0}]"
delayed_track_sharing,48,9.6,3,29.234,28.475,90.0,86.0,50.0,50.0,,,position_noise+confidence_error,,trust_weighted_fusion,move,3,0,83.676,8.595,24.91,uav_2,8.595,False,False,False,False,False,1,"[{""id"": ""obstacle_0"", ""kind"": ""static_obstacle"", ""x"": 50.0, ""y"": 50.0, ""radius"": 5.0}]"
delayed_track_sharing,49,9.8,0,19.463,18.813,94.0,90.0,50.0,50.0,,,false_negative+position_noise+confidence_error,,trust_weighted_fusion,move,2,0,103.069,8.498,38.647,uav_2,8.498,False,False,False,False,False,1,"[{""id"": ""obstacle_0"", ""kind"": ""static_obstacle"", ""x"": 50.0, ""y"": 50.0, ""radius"": 5.0}]"
delayed_track_sharing,49,9.8,1,19.65,28.616,90.0,94.0,50.0,50.0,,,position_noise+confidence_error,,trust_weighted_fusion,move,3,0,96.043,9.804,32.127,uav_0,9.804,False,False,False,False,False,1,"[{""id"": ""obstacle_0"", ""kind"": ""static_obstacle"", ""x"": 50.0, ""y"": 50.0, ""radius"": 5.0}]"
delayed_track_sharing,49,9.8,2,27.821,20.35,86.0,90.0,50.0,50.0,,,false_negative+position_noise+confidence_error,,trust_weighted_fusion,move,2,0,90.752,8.498,32.027,uav_0,8.498,False,False,False,False,False,1,"[{""id"": ""obstacle_0"", ""kind"": ""static_obstacle"", ""x"": 50.0, ""y"": 50.0, ""radius"": 5.0}]"
delayed_track_sharing,49,9.8,3,29.524,28.75,90.0,86.0,50.0,50.0,,,position_noise+confidence_error,,trust_weighted_fusion,move,3,0,83.276,8.571,24.51,uav_2,8.571,False,False,False,False,False,1,"[{""id"": ""obstacle_0"", ""kind"": ""static_obstacle"", ""x"": 50.0, ""y"": 50.0, ""radius"": 5.0}]"
delayed_track_sharing,50,10.0,0,19.753,19.09,94.0,90.0,50.0,50.0,,,false_negative+position_noise+confidence_error,,trust_weighted_fusion,move,1,0,102.669,8.471,38.248,uav_2,8.471,False,False,False,False,False,1,"[{""id"": ""obstacle_0"", ""kind"": ""static_obstacle"", ""x"": 50.0, ""y"": 50.0, ""radius"": 5.0}]"
delayed_track_sharing,50,10.0,1,19.943,28.888,90.0,94.0,50.0,50.0,,,position_noise+confidence_error,,trust_weighted_fusion,move,3,0,95.643,9.8,31.731,uav_0,9.8,False,False,False,False,False,1,"[{""id"": ""obstacle_0"", ""kind"": ""static_obstacle"", ""x"": 50.0, ""y"": 50.0, ""radius"": 5.0}]"
delayed_track_sharing,50,10.0,2,28.078,20.657,86.0,90.0,50.0,50.0,,,position_noise+confidence_error,,trust_weighted_fusion,move,3,0,90.352,8.471,31.628,uav_0,8.471,False,False,False,False,False,1,"[{""id"": ""obstacle_0"", ""kind"": ""static_obstacle"", ""x"": 50.0, ""y"": 50.0, ""radius"": 5.0}]"
delayed_track_sharing,50,10.0,3,29.815,29.025,90.0,86.0,50.0,50.0,,,false_negative+position_noise+confidence_error,,trust_weighted_fusion,move,2,0,82.876,8.546,24.11,uav_2,8.546,False,False,False,False,False,1,"[{""id"": ""obstacle_0"", ""kind"": ""static_obstacle"", ""x"": 50.0, ""y"": 50.0, ""radius"": 5.0}]"
delayed_track_sharing,51,10.2,0,20.042,19.366,94.0,90.0,50.0,50.0,,,false_negative+position_noise+confidence_error,,trust_weighted_fusion,move,2,0,102.269,8.445,37.848,uav_2,8.445,False,False,False,False,False,1,"[{""id"": ""obstacle_0"", ""kind"": ""static_obstacle"", ""x"": 50.0, ""y"": 50.0, ""radius"": 5.0}]"
delayed_track_sharing,51,10.2,1,20.236,29.16,90.0,94.0,50.0,50.0,,,position_noise+confidence_error,,trust_weighted_fusion,move,3,0,95.243,9.796,31.335,uav_0,9.796,False,False,False,False,False,1,"[{""id"": ""obstacle_0"", ""kind"": ""static_obstacle"", ""x"": 50.0, ""y"": 50.0, ""radius"": 5.0}]"
delayed_track_sharing,51,10.2,2,28.334,20.964,86.0,90.0,50.0,50.0,,,false_negative+position_noise+confidence_error,,trust_weighted_fusion,move,2,0,89.952,8.445,31.229,uav_0,8.445,False,False,False,False,False,1,"[{""id"": ""obstacle_0"", ""kind"": ""static_obstacle"", ""x"": 50.0, ""y"": 50.0, ""radius"": 5.0}]"
delayed_track_sharing,51,10.2,3,30.105,29.3,90.0,86.0,50.0,50.0,,,false_negative+position_noise+confidence_error,,trust_weighted_fusion,move,1,0,82.476,8.522,23.711,uav_2,8.522,False,False,False,False,False,1,"[{""id"": ""obstacle_0"", ""kind"": ""static_obstacle"", ""x"": 50.0, ""y"": 50.0, ""radius"": 5.0}]"
delayed_track_sharing,52,10.4,0,20.331,19.642,94.0,90.0,50.0,50.0,,,false_negative+position_noise+confidence_error,,trust_weighted_fusion,move,2,0,101.869,8.418,37.448,uav_2,8.418,False,False,False,False,False,1,"[{""id"": ""obstacle_0"", ""kind"": ""static_obstacle"", ""x"": 50.0, ""y"": 50.0, ""radius"": 5.0}]"
delayed_track_sharing,52,10.4,1,20.529,29.433,90.0,94.0,50.0,50.0,,,position_noise+confidence_error,,trust_weighted_fusion,move,3,0,94.843,9.792,30.939,uav_0,9.792,False,False,False,False,False,1,"[{""id"": ""obstacle_0"", ""kind"": ""static_obstacle"", ""x"": 50.0, ""y"": 50.0, ""radius"": 5.0}]"
delayed_track_sharing,52,10.4,2,28.591,21.271,86.0,90.0,50.0,50.0,,,position_noise+confidence_error,,trust_weighted_fusion,move,3,0,89.552,8.418,30.829,uav_0,8.418,False,False,False,False,False,1,"[{""id"": ""obstacle_0"", ""kind"": ""static_obstacle"", ""x"": 50.0, ""y"": 50.0, ""radius"": 5.0}]"
delayed_track_sharing,52,10.4,3,30.396,29.574,90.0,86.0,50.0,50.0,,,false_negative+position_noise+confidence_error,,trust_weighted_fusion,move,2,0,82.076,8.498,23.311,uav_2,8.498,False,False,False,False,False,1,"[{""id"": ""obstacle_0"", ""kind"": ""static_obstacle"", ""x"": 50.0, ""y"": 50.0, ""radius"": 5.0}]"
delayed_track_sharing,53,10.6,0,20.62,19.918,94.0,90.0,50.0,50.0,,,position_noise+confidence_error,,trust_weighted_fusion,move,3,0,101.469,8.392,37.048,uav_2,8.392,False,False,False,False,False,1,"[{""id"": ""obstacle_0"", ""kind"": ""static_obstacle"", ""x"": 50.0, ""y"": 50.0, ""radius"": 5.0}]"
delayed_track_sharing,53,10.6,1,20.822,29.705,90.0,94.0,50.0,50.0,,,position_noise+confidence_error,,trust_weighted_fusion,move,3,0,94.443,9.789,30.542,uav_0,9.789,False,False,False,False,False,1,"[{""id"": ""obstacle_0"", ""kind"": ""static_obstacle"", ""x"": 50.0, ""y"": 50.0, ""radius"": 5.0}]"
delayed_track_sharing,53,10.6,2,28.847,21.578,86.0,90.0,50.0,50.0,,,false_negative+position_noise+confidence_error,,trust_weighted_fusion,move,2,0,89.152,8.392,30.43,uav_0,8.392,False,False,False,False,False,1,"[{""id"": ""obstacle_0"", ""kind"": ""static_obstacle"", ""x"": 50.0, ""y"": 50.0, ""radius"": 5.0}]"
delayed_track_sharing,53,10.6,3,30.686,29.849,90.0,86.0,50.0,50.0,,,false_negative+position_noise+confidence_error,,trust_weighted_fusion,move,1,0,81.676,8.474,22.912,uav_2,8.474,False,False,False,False,False,1,"[{""id"": ""obstacle_0"", ""kind"": ""static_obstacle"", ""x"": 50.0, ""y"": 50.0, ""radius"": 5.0}]"
delayed_track_sharing,54,10.8,0,20.91,20.195,94.0,90.0,50.0,50.0,,,position_noise+confidence_error,,trust_weighted_fusion,move,3,0,101.069,8.366,36.648,uav_2,8.366,False,False,False,False,False,1,"[{""id"": ""obstacle_0"", ""kind"": ""static_obstacle"", ""x"": 50.0, ""y"": 50.0, ""radius"": 5.0}]"
delayed_track_sharing,54,10.8,1,21.115,29.977,90.0,94.0,50.0,50.0,,,position_noise+confidence_error,,trust_weighted_fusion,move,3,0,94.043,9.785,30.146,uav_0,9.785,False,False,False,False,False,1,"[{""id"": ""obstacle_0"", ""kind"": ""static_obstacle"", ""x"": 50.0, ""y"": 50.0, ""radius"": 5.0}]"
delayed_track_sharing,54,10.8,2,29.104,21.885,86.0,90.0,50.0,50.0,,,position_noise+confidence_error,,trust_weighted_fusion,move,3,0,88.752,8.366,30.031,uav_0,8.366,False,False,False,False,False,1,"[{""id"": ""obstacle_0"", ""kind"": ""static_obstacle"", ""x"": 50.0, ""y"": 50.0, ""radius"": 5.0}]"
delayed_track_sharing,54,10.8,3,30.977,30.124,90.0,86.0,50.0,50.0,,,false_negative+position_noise+confidence_error,,trust_weighted_fusion,move,2,0,81.276,8.45,22.512,uav_2,8.45,False,False,False,False,False,1,"[{""id"": ""obstacle_0"", ""kind"": ""static_obstacle"", ""x"": 50.0, ""y"": 50.0, ""radius"": 5.0}]"
delayed_track_sharing,55,11.0,0,21.199,20.471,94.0,90.0,50.0,50.0,,,position_noise+confidence_error,,trust_weighted_fusion,move,3,0,100.669,8.34,36.249,uav_2,8.34,False,False,False,False,False,1,"[{""id"": ""obstacle_0"", ""kind"": ""static_obstacle"", ""x"": 50.0, ""y"": 50.0, ""radius"": 5.0}]"
delayed_track_sharing,55,11.0,1,21.408,30.25,90.0,94.0,50.0,50.0,,,false_negative+position_noise+confidence_error,,trust_weighted_fusion,move,2,0,93.643,9.781,29.751,uav_0,9.781,False,False,False,False,False,1,"[{""id"": ""obstacle_0"", ""kind"": ""static_obstacle"", ""x"": 50.0, ""y"": 50.0, ""radius"": 5.0}]"
delayed_track_sharing,55,11.0,2,29.36,22.192,86.0,90.0,50.0,50.0,,,false_negative+position_noise+confidence_error,,trust_weighted_fusion,move,2,0,88.352,8.34,29.631,uav_0,8.34,False,False,False,False,False,1,"[{""id"": ""obstacle_0"", ""kind"": ""static_obstacle"", ""x"": 50.0, ""y"": 50.0, ""radius"": 5.0}]"
delayed_track_sharing,55,11.0,3,31.267,30.399,90.0,86.0,50.0,50.0,,,false_negative+position_noise+confidence_error,,trust_weighted_fusion,move,1,0,80.876,8.427,22.113,uav_2,8.427,False,False,False,False,False,1,"[{""id"": ""obstacle_0"", ""kind"": ""static_obstacle"", ""x"": 50.0, ""y"": 50.0, ""radius"": 5.0}]"
delayed_track_sharing,56,11.2,0,21.488,20.747,94.0,90.0,50.0,50.0,,,position_noise+confidence_error,,trust_weighted_fusion,move,3,0,100.269,8.315,35.849,uav_2,8.315,False,False,False,False,False,1,"[{""id"": ""obstacle_0"", ""kind"": ""static_obstacle"", ""x"": 50.0, ""y"": 50.0, ""radius"": 5.0}]"
delayed_track_sharing,56,11.2,1,21.701,30.522,90.0,94.0,50.0,50.0,,,false_negative+position_noise+confidence_error,,trust_weighted_fusion,move,2,0,93.243,9.777,29.355,uav_0,9.777,False,False,False,False,False,1,"[{""id"": ""obstacle_0"", ""kind"": ""static_obstacle"", ""x"": 50.0, ""y"": 50.0, ""radius"": 5.0}]"
delayed_track_sharing,56,11.2,2,29.616,22.499,86.0,90.0,50.0,50.0,,,position_noise+confidence_error,,trust_weighted_fusion,move,3,0,87.952,8.315,29.232,uav_0,8.315,False,False,False,False,False,1,"[{""id"": ""obstacle_0"", ""kind"": ""static_obstacle"", ""x"": 50.0, ""y"": 50.0, ""radius"": 5.0}]"
delayed_track_sharing,56,11.2,3,31.558,30.674,90.0,86.0,50.0,50.0,,,false_negative+position_noise+confidence_error,,trust_weighted_fusion,move,2,0,80.476,8.403,21.713,uav_2,8.403,False,False,False,False,False,1,"[{""id"": ""obstacle_0"", ""kind"": ""static_obstacle"", ""x"": 50.0, ""y"": 50.0, ""radius"": 5.0}]"
delayed_track_sharing,57,11.4,0,21.778,21.024,94.0,90.0,50.0,50.0,,,position_noise+confidence_error,,trust_weighted_fusion,move,3,0,99.869,8.289,35.449,uav_2,8.289,False,False,False,False,False,1,"[{""id"": ""obstacle_0"", ""kind"": ""static_obstacle"", ""x"": 50.0, ""y"": 50.0, ""radius"": 5.0}]"
delayed_track_sharing,57,11.4,1,21.994,30.794,90.0,94.0,50.0,50.0,,,false_negative+position_noise+confidence_error,,trust_weighted_fusion,move,2,0,92.843,9.773,28.959,uav_0,9.773,False,False,False,False,False,1,"[{""id"": ""obstacle_0"", ""kind"": ""static_obstacle"", ""x"": 50.0, ""y"": 50.0, ""radius"": 5.0}]"
delayed_track_sharing,57,11.4,2,29.873,22.806,86.0,90.0,50.0,50.0,,,false_negative+position_noise+confidence_error,,trust_weighted_fusion,move,2,0,87.552,8.289,28.833,uav_0,8.289,False,False,False,False,False,1,"[{""id"": ""obstacle_0"", ""kind"": ""static_obstacle"", ""x"": 50.0, ""y"": 50.0, ""radius"": 5.0}]"
delayed_track_sharing,57,11.4,3,31.848,30.949,90.0,86.0,50.0,50.0,,,position_noise+confidence_error,,trust_weighted_fusion,move,3,0,80.076,8.38,21.314,uav_2,8.38,False,False,False,False,False,1,"[{""id"": ""obstacle_0"", ""kind"": ""static_obstacle"", ""x"": 50.0, ""y"": 50.0, ""radius"": 5.0}]"
delayed_track_sharing,58,11.6,0,22.067,21.3,94.0,90.0,50.0,50.0,,,false_negative+position_noise+confidence_error,,trust_weighted_fusion,move,2,0,99.469,8.264,35.05,uav_2,8.264,False,False,False,False,False,1,"[{""id"": ""obstacle_0"", ""kind"": ""static_obstacle"", ""x"": 50.0, ""y"": 50.0, ""radius"": 5.0}]"
delayed_track_sharing,58,11.6,1,22.287,31.066,90.0,94.0,50.0,50.0,,,position_noise+confidence_error,,trust_weighted_fusion,move,3,0,92.443,9.769,28.563,uav_0,9.769,False,False,False,False,False,1,"[{""id"": ""obstacle_0"", ""kind"": ""static_obstacle"", ""x"": 50.0, ""y"": 50.0, ""radius"": 5.0}]"
delayed_track_sharing,58,11.6,2,30.129,23.113,86.0,90.0,50.0,50.0,,,position_noise+confidence_error,,trust_weighted_fusion,move,3,0,87.152,8.264,28.433,uav_0,8.264,False,False,False,False,False,1,"[{""id"": ""obstacle_0"", ""kind"": ""static_obstacle"", ""x"": 50.0, ""y"": 50.0, ""radius"": 5.0}]"
delayed_track_sharing,58,11.6,3,32.138,31.224,90.0,86.0,50.0,50.0,,,position_noise+confidence_error,,trust_weighted_fusion,move,3,0,79.676,8.357,20.914,uav_2,8.357,False,False,False,False,False,1,"[{""id"": ""obstacle_0"", ""kind"": ""static_obstacle"", ""x"": 50.0, ""y"": 50.0, ""radius"": 5.0}]"
delayed_track_sharing,59,11.8,0,22.356,21.576,94.0,90.0,50.0,50.0,,,false_negative+position_noise+confidence_error,,trust_weighted_fusion,move,2,0,99.069,8.239,34.65,uav_2,8.239,False,False,False,False,False,1,"[{""id"": ""obstacle_0"", ""kind"": ""static_obstacle"", ""x"": 50.0, ""y"": 50.0, ""radius"": 5.0}]"
delayed_track_sharing,59,11.8,1,22.58,31.339,90.0,94.0,50.0,50.0,,,false_negative+position_noise+confidence_error,,trust_weighted_fusion,move,2,0,92.043,9.765,28.168,uav_0,9.765,False,False,False,False,False,1,"[{""id"": ""obstacle_0"", ""kind"": ""static_obstacle"", ""x"": 50.0, ""y"": 50.0, ""radius"": 5.0}]"
delayed_track_sharing,59,11.8,2,30.386,23.42,86.0,90.0,50.0,50.0,,,false_negative+position_noise+confidence_error,,trust_weighted_fusion,move,2,0,86.752,8.239,28.034,uav_0,8.239,False,False,False,False,False,1,"[{""id"": ""obstacle_0"", ""kind"": ""static_obstacle"", ""x"": 50.0, ""y"": 50.0, ""radius"": 5.0}]"
delayed_track_sharing,59,11.8,3,32.429,31.499,90.0,86.0,50.0,50.0,,,false_negative+position_noise+confidence_error,,trust_weighted_fusion,move,2,0,79.276,8.334,20.515,uav_2,8.334,False,False,False,False,False,1,"[{""id"": ""obstacle_0"", ""kind"": ""static_obstacle"", ""x"": 50.0, ""y"": 50.0, ""radius"": 5.0}]"
delayed_track_sharing,60,12.0,0,22.645,21.852,94.0,90.0,50.0,50.0,,,position_noise+confidence_error,,trust_weighted_fusion,move,3,0,98.669,8.213,34.25,uav_2,8.213,False,False,False,False,False,1,"[{""id"": ""obstacle_0"", ""kind"": ""static_obstacle"", ""x"": 50.0, ""y"": 50.0, ""radius"": 5.0}]"
delayed_track_sharing,60,12.0,1,22.873,31.611,90.0,94.0,50.0,50.0,,,position_noise+confidence_error,,trust_weighted_fusion,move,3,0,91.643,9.761,27.773,uav_0,9.761,False,False,False,False,False,1,"[{""id"": ""obstacle_0"", ""kind"": ""static_obstacle"", ""x"": 50.0, ""y"": 50.0, ""radius"": 5.0}]"
delayed_track_sharing,60,12.0,2,30.642,23.727,86.0,90.0,50.0,50.0,,,position_noise+confidence_error,,trust_weighted_fusion,move,3,0,86.352,8.213,27.635,uav_0,8.213,False,False,False,False,False,1,"[{""id"": ""obstacle_0"", ""kind"": ""static_obstacle"", ""x"": 50.0, ""y"": 50.0, ""radius"": 5.0}]"
delayed_track_sharing,60,12.0,3,32.719,31.774,90.0,86.0,50.0,50.0,,,false_negative+position_noise+confidence_error,,trust_weighted_fusion,move,1,0,78.876,8.312,20.116,uav_2,8.312,False,False,False,False,False,1,"[{""id"": ""obstacle_0"", ""kind"": ""static_obstacle"", ""x"": 50.0, ""y"": 50.0, ""radius"": 5.0}]"
delayed_track_sharing,61,12.2,0,22.935,22.129,94.0,90.0,50.0,50.0,,,false_negative+confidence_error,,trust_weighted_fusion,move,0,0,98.269,8.189,33.85,uav_2,8.189,False,False,False,False,False,1,"[{""id"": ""obstacle_0"", ""kind"": ""static_obstacle"", ""x"": 50.0, ""y"": 50.0, ""radius"": 5.0}]"
delayed_track_sharing,61,12.2,1,23.166,31.883,90.0,94.0,50.0,50.0,,,position_noise+confidence_error,,trust_weighted_fusion,move,3,0,91.243,9.758,27.377,uav_0,9.758,False,False,False,False,False,1,"[{""id"": ""obstacle_0"", ""kind"": ""static_obstacle"", ""x"": 50.0, ""y"": 50.0, ""radius"": 5.0}]"
delayed_track_sharing,61,12.2,2,30.899,24.034,86.0,90.0,50.0,50.0,,,position_noise+confidence_error,,trust_weighted_fusion,move,3,0,85.952,8.189,27.235,uav_0,8.189,False,False,False,False,False,1,"[{""id"": ""obstacle_0"", ""kind"": ""static_obstacle"", ""x"": 50.0, ""y"": 50.0, ""radius"": 5.0}]"
delayed_track_sharing,61,12.2,3,33.01,32.049,90.0,86.0,50.0,50.0,,,position_noise+confidence_error,,trust_weighted_fusion,move,3,0,78.476,8.289,19.716,uav_2,8.289,False,False,False,False,False,1,"[{""id"": ""obstacle_0"", ""kind"": ""static_obstacle"", ""x"": 50.0, ""y"": 50.0, ""radius"": 5.0}]"
delayed_track_sharing,62,12.4,0,23.224,22.405,94.0,90.0,50.0,50.0,,,false_negative+position_noise+confidence_error,,trust_weighted_fusion,move,2,0,97.869,8.164,33.451,uav_2,8.164,False,False,False,False,False,1,"[{""id"": ""obstacle_0"", ""kind"": ""static_obstacle"", ""x"": 50.0, ""y"": 50.0, ""radius"": 5.0}]"
delayed_track_sharing,62,12.4,1,23.459,32.156,90.0,94.0,50.0,50.0,,,false_negative+position_noise+confidence_error,,trust_weighted_fusion,move,1,0,90.843,9.754,26.982,uav_0,9.754,False,False,False,False,False,1,"[{""id"": ""obstacle_0"", ""kind"": ""static_obstacle"", ""x"": 50.0, ""y"": 50.0, ""radius"": 5.0}]"
delayed_track_sharing,62,12.4,2,31.155,24.341,86.0,90.0,50.0,50.0,,,false_negative+position_noise+confidence_error,,trust_weighted_fusion,move,2,0,85.552,8.164,26.836,uav_0,8.164,False,False,False,False,False,1,"[{""id"": ""obstacle_0"", ""kind"": ""static_obstacle"", ""x"": 50.0, ""y"": 50.0, ""radius"": 5.0}]"
delayed_track_sharing,62,12.4,3,33.3,32.324,90.0,86.0,50.0,50.0,,,false_negative+position_noise+confidence_error,,trust_weighted_fusion,move,2,0,78.076,8.267,19.317,uav_2,8.267,False,False,False,False,False,1,"[{""id"": ""obstacle_0"", ""kind"": ""static_obstacle"", ""x"": 50.0, ""y"": 50.0, ""radius"": 5.0}]"
delayed_track_sharing,63,12.6,0,23.513,22.681,94.0,90.0,50.0,50.0,,,false_negative+position_noise+confidence_error,,trust_weighted_fusion,move,2,0,97.469,8.139,33.051,uav_2,8.139,False,False,False,False,False,1,"[{""id"": ""obstacle_0"", ""kind"": ""static_obstacle"", ""x"": 50.0, ""y"": 50.0, ""radius"": 5.0}]"
delayed_track_sharing,63,12.6,1,23.752,32.428,90.0,94.0,50.0,50.0,,,position_noise+confidence_error,,trust_weighted_fusion,move,3,0,90.443,9.75,26.587,uav_0,9.75,False,False,False,False,False,1,"[{""id"": ""obstacle_0"", ""kind"": ""static_obstacle"", ""x"": 50.0, ""y"": 50.0, ""radius"": 5.0}]"
delayed_track_sharing,63,12.6,2,31.411,24.648,86.0,90.0,50.0,50.0,,,false_negative+position_noise+confidence_error,,trust_weighted_fusion,move,2,0,85.152,8.139,26.437,uav_0,8.139,False,False,False,False,False,1,"[{""id"": ""obstacle_0"", ""kind"": ""static_obstacle"", ""x"": 50.0, ""y"": 50.0, ""radius"": 5.0}]"
delayed_track_sharing,63,12.6,3,33.591,32.599,90.0,86.0,50.0,50.0,,,false_negative+position_noise+confidence_error,,trust_weighted_fusion,move,2,0,77.676,8.245,18.917,uav_2,8.245,False,False,False,False,False,1,"[{""id"": ""obstacle_0"", ""kind"": ""static_obstacle"", ""x"": 50.0, ""y"": 50.0, ""radius"": 5.0}]"
delayed_track_sharing,64,12.8,0,23.802,22.957,94.0,90.0,50.0,50.0,,,position_noise+confidence_error,,trust_weighted_fusion,move,3,0,97.069,8.115,32.651,uav_2,8.115,False,False,False,False,False,1,"[{""id"": ""obstacle_0"", ""kind"": ""static_obstacle"", ""x"": 50.0, ""y"": 50.0, ""radius"": 5.0}]"
delayed_track_sharing,64,12.8,1,24.045,32.7,90.0,94.0,50.0,50.0,,,false_negative+position_noise+confidence_error,,trust_weighted_fusion,move,2,0,90.043,9.746,26.192,uav_0,9.746,False,False,False,False,False,1,"[{""id"": ""obstacle_0"", ""kind"": ""static_obstacle"", ""x"": 50.0, ""y"": 50.0, ""radius"": 5.0}]"
delayed_track_sharing,64,12.8,2,31.668,24.954,86.0,90.0,50.0,50.0,,,false_negative+position_noise+confidence_error,,trust_weighted_fusion,move,2,0,84.752,8.115,26.038,uav_0,8.115,False,False,False,False,False,1,"[{""id"": ""obstacle_0"", ""kind"": ""static_obstacle"", ""x"": 50.0, ""y"": 50.0, ""radius"": 5.0}]"
delayed_track_sharing,64,12.8,3,33.881,32.874,90.0,86.0,50.0,50.0,,,position_noise+confidence_error,,trust_weighted_fusion,move,3,0,77.276,8.223,18.518,uav_2,8.223,False,False,False,False,False,1,"[{""id"": ""obstacle_0"", ""kind"": ""static_obstacle"", ""x"": 50.0, ""y"": 50.0, ""radius"": 5.0}]"
delayed_track_sharing,65,13.0,0,24.092,23.234,94.0,90.0,50.0,50.0,,,false_negative+position_noise+confidence_error,,trust_weighted_fusion,move,2,0,96.669,8.091,32.252,uav_2,8.091,False,False,False,False,False,1,"[{""id"": ""obstacle_0"", ""kind"": ""static_obstacle"", ""x"": 50.0, ""y"": 50.0, ""radius"": 5.0}]"
delayed_track_sharing,65,13.0,1,24.338,32.973,90.0,94.0,50.0,50.0,,,false_negative+position_noise+confidence_error,,trust_weighted_fusion,move,2,0,89.643,9.742,25.798,uav_0,9.742,False,False,False,False,False,1,"[{""id"": ""obstacle_0"", ""kind"": ""static_obstacle"", ""x"": 50.0, ""y"": 50.0, ""radius"": 5.0}]"
delayed_track_sharing,65,13.0,2,31.924,25.261,86.0,90.0,50.0,50.0,,,position_noise+confidence_error,,trust_weighted_fusion,move,3,0,84.352,8.091,25.639,uav_0,8.091,False,False,False,False,False,1,"[{""id"": ""obstacle_0"", ""kind"": ""static_obstacle"", ""x"": 50.0, ""y"": 50.0, ""radius"": 5.0}]"
delayed_track_sharing,65,13.0,3,34.172,33.149,90.0,86.0,50.0,50.0,,,false_negative+position_noise+confidence_error,,trust_weighted_fusion,move,2,0,76.876,8.202,18.119,uav_2,8.202,False,False,False,False,False,1,"[{""id"": ""obstacle_0"", ""kind"": ""static_obstacle"", ""x"": 50.0, ""y"": 50.0, ""radius"": 5.0}]"
delayed_track_sharing,66,13.2,0,24.381,23.51,94.0,90.0,50.0,50.0,,,position_noise+confidence_error,,trust_weighted_fusion,move,3,0,96.269,8.067,31.852,uav_2,8.067,False,False,False,False,False,1,"[{""id"": ""obstacle_0"", ""kind"": ""static_obstacle"", ""x"": 50.0, ""y"": 50.0, ""radius"": 5.0}]"
delayed_track_sharing,66,13.2,1,24.631,33.245,90.0,94.0,50.0,50.0,,,position_noise+confidence_error,,trust_weighted_fusion,move,3,0,89.243,9.738,25.403,uav_0,9.738,False,False,False,False,False,1,"[{""id"": ""obstacle_0"", ""kind"": ""static_obstacle"", ""x"": 50.0, ""y"": 50.0, ""radius"": 5.0}]"
delayed_track_sharing,66,13.2,2,32.181,25.568,86.0,90.0,50.0,50.0,,,false_negative+position_noise+confidence_error,,trust_weighted_fusion,move,2,0,83.952,8.067,25.239,uav_0,8.067,False,False,False,False,False,1,"[{""id"": ""obstacle_0"", ""kind"": ""static_obstacle"", ""x"": 50.0, ""y"": 50.0, ""radius"": 5.0}]"
delayed_track_sharing,66,13.2,3,34.462,33.424,90.0,86.0,50.0,50.0,,,position_noise+confidence_error,,trust_weighted_fusion,move,3,0,76.476,8.18,17.719,uav_2,8.18,False,False,False,False,False,1,"[{""id"": ""obstacle_0"", ""kind"": ""static_obstacle"", ""x"": 50.0, ""y"": 50.0, ""radius"": 5.0}]"
delayed_track_sharing,67,13.4,0,24.67,23.786,94.0,90.0,50.0,50.0,,,position_noise+confidence_error,,trust_weighted_fusion,move,3,0,95.869,8.043,31.452,uav_2,8.043,False,False,False,False,False,1,"[{""id"": ""obstacle_0"", ""kind"": ""static_obstacle"", ""x"": 50.0, ""y"": 50.0, ""radius"": 5.0}]"
delayed_track_sharing,67,13.4,1,24.924,33.517,90.0,94.0,50.0,50.0,,,false_negative+position_noise+confidence_error,,trust_weighted_fusion,move,2,0,88.843,9.734,25.008,uav_0,9.734,False,False,False,False,False,1,"[{""id"": ""obstacle_0"", ""kind"": ""static_obstacle"", ""x"": 50.0, ""y"": 50.0, ""radius"": 5.0}]"
delayed_track_sharing,67,13.4,2,32.437,25.875,86.0,90.0,50.0,50.0,,,false_negative+position_noise+confidence_error,,trust_weighted_fusion,move,2,0,83.552,8.043,24.84,uav_0,8.043,False,False,False,False,False,1,"[{""id"": ""obstacle_0"", ""kind"": ""static_obstacle"", ""x"": 50.0, ""y"": 50.0, ""radius"": 5.0}]"
delayed_track_sharing,67,13.4,3,34.753,33.699,90.0,86.0,50.0,50.0,,,position_noise+confidence_error,,trust_weighted_fusion,move,3,0,76.076,8.159,17.32,uav_2,8.159,False,False,False,False,False,1,"[{""id"": ""obstacle_0"", ""kind"": ""static_obstacle"", ""x"": 50.0, ""y"": 50.0, ""radius"": 5.0}]"
delayed_track_sharing,68,13.6,0,24.96,24.062,94.0,90.0,50.0,50.0,,,false_negative+position_noise+confidence_error,,trust_weighted_fusion,move,2,0,95.469,8.019,31.052,uav_2,8.019,False,False,False,False,False,1,"[{""id"": ""obstacle_0"", ""kind"": ""static_obstacle"", ""x"": 50.0, ""y"": 50.0, ""radius"": 5.0}]"
delayed_track_sharing,68,13.6,1,25.217,33.79,90.0,94.0,50.0,50.0,,,position_noise+confidence_error,,trust_weighted_fusion,move,3,0,88.443,9.731,24.614,uav_0,9.731,False,False,False,False,False,1,"[{""id"": ""obstacle_0"", ""kind"": ""static_obstacle"", ""x"": 50.0, ""y"": 50.0, ""radius"": 5.0}]"
delayed_track_sharing,68,13.6,2,32.694,26.182,86.0,90.0,50.0,50.0,,,false_negative+position_noise+confidence_error,,trust_weighted_fusion,move,2,0,83.152,8.019,24.441,uav_0,8.019,False,False,False,False,False,1,"[{""id"": ""obstacle_0"", ""kind"": ""static_obstacle"", ""x"": 50.0, ""y"": 50.0, ""radius"": 5.0}]"
delayed_track_sharing,68,13.6,3,35.043,33.974,90.0,86.0,50.0,50.0,,,position_noise+confidence_error,,trust_weighted_fusion,move,3,0,75.676,8.138,16.921,uav_2,8.138,False,False,False,False,False,1,"[{""id"": ""obstacle_0"", ""kind"": ""static_obstacle"", ""x"": 50.0, ""y"": 50.0, ""radius"": 5.0}]"
delayed_track_sharing,69,13.8,0,25.249,24.339,94.0,90.0,50.0,50.0,,,false_negative+position_noise+confidence_error,,trust_weighted_fusion,move,2,0,95.069,7.996,30.653,uav_2,7.996,False,False,False,False,False,1,"[{""id"": ""obstacle_0"", ""kind"": ""static_obstacle"", ""x"": 50.0, ""y"": 50.0, ""radius"": 5.0}]"
delayed_track_sharing,69,13.8,1,25.51,34.062,90.0,94.0,50.0,50.0,,,false_negative+position_noise+confidence_error,,trust_weighted_fusion,move,2,0,88.043,9.727,24.22,uav_0,9.727,False,False,False,False,False,1,"[{""id"": ""obstacle_0"", ""kind"": ""static_obstacle"", ""x"": 50.0, ""y"": 50.0, ""radius"": 5.0}]"
delayed_track_sharing,69,13.8,2,32.95,26.489,86.0,90.0,50.0,50.0,,,position_noise+confidence_error,,trust_weighted_fusion,move,3,0,82.752,7.996,24.042,uav_0,7.996,False,False,False,False,False,1,"[{""id"": ""obstacle_0"", ""kind"": ""static_obstacle"", ""x"": 50.0, ""y"": 50.0, ""radius"": 5.0}]"
delayed_track_sharing,69,13.8,3,35.334,34.249,90.0,86.0,50.0,50.0,,,position_noise+confidence_error,,trust_weighted_fusion,move,3,0,75.276,8.118,16.522,uav_2,8.118,False,False,False,False,False,1,"[{""id"": ""obstacle_0"", ""kind"": ""static_obstacle"", ""x"": 50.0, ""y"": 50.0, ""radius"": 5.0}]"
delayed_track_sharing,70,14.0,0,25.538,24.615,94.0,90.0,50.0,50.0,,,false_negative+position_noise+confidence_error,,trust_weighted_fusion,move,2,0,94.669,7.973,30.253,uav_2,7.973,False,False,False,False,False,1,"[{""id"": ""obstacle_0"", ""kind"": ""static_obstacle"", ""x"": 50.0, ""y"": 50.0, ""radius"": 5.0}]"
delayed_track_sharing,70,14.0,1,25.803,34.334,90.0,94.0,50.0,50.0,,,false_negative+position_noise+confidence_error,,trust_weighted_fusion,move,2,0,87.643,9.723,23.826,uav_0,9.723,False,False,False,False,False,1,"[{""id"": ""obstacle_0"", ""kind"": ""static_obstacle"", ""x"": 50.0, ""y"": 50.0, ""radius"": 5.0}]"
delayed_track_sharing,70,14.0,2,33.206,26.796,86.0,90.0,50.0,50.0,,,false_negative+position_noise+confidence_error,,trust_weighted_fusion,move,2,0,82.352,7.973,23.643,uav_0,7.973,False,False,False,False,False,1,"[{""id"": ""obstacle_0"", ""kind"": ""static_obstacle"", ""x"": 50.0, ""y"": 50.0, ""radius"": 5.0}]"
delayed_track_sharing,70,14.0,3,35.624,34.524,90.0,86.0,50.0,50.0,,,false_negative+position_noise+confidence_error,,trust_weighted_fusion,move,1,0,74.876,8.097,16.122,uav_2,8.097,False,False,False,False,False,1,"[{""id"": ""obstacle_0"", ""kind"": ""static_obstacle"", ""x"": 50.0, ""y"": 50.0, ""radius"": 5.0}]"
delayed_track_sharing,71,14.2,0,25.827,24.891,94.0,90.0,50.0,50.0,,,false_negative+position_noise+confidence_error,,trust_weighted_fusion,move,2,0,94.269,7.95,29.854,uav_2,7.95,False,False,False,False,False,1,"[{""id"": ""obstacle_0"", ""kind"": ""static_obstacle"", ""x"": 50.0, ""y"": 50.0, ""radius"": 5.0}]"
delayed_track_sharing,71,14.2,1,26.096,34.607,90.0,94.0,50.0,50.0,,,position_noise+confidence_error,,trust_weighted_fusion,move,3,0,87.243,9.719,23.432,uav_0,9.719,False,False,False,False,False,1,"[{""id"": ""obstacle_0"", ""kind"": ""static_obstacle"", ""x"": 50.0, ""y"": 50.0, ""radius"": 5.0}]"
delayed_track_sharing,71,14.2,2,33.463,27.103,86.0,90.0,50.0,50.0,,,position_noise+confidence_error,,trust_weighted_fusion,move,3,0,81.952,7.95,23.244,uav_0,7.95,False,False,False,False,False,1,"[{""id"": ""obstacle_0"", ""kind"": ""static_obstacle"", ""x"": 50.0, ""y"": 50.0, ""radius"": 5.0}]"
delayed_track_sharing,71,14.2,3,35.915,34.799,90.0,86.0,50.0,50.0,,,position_noise+confidence_error,,trust_weighted_fusion,move,3,0,74.476,8.077,15.723,uav_2,8.077,False,False,False,False,False,1,"[{""id"": ""obstacle_0"", ""kind"": ""static_obstacle"", ""x"": 50.0, ""y"": 50.0, ""radius"": 5.0}]"
delayed_track_sharing,72,14.4,0,26.117,25.168,94.0,90.0,50.0,50.0,,,position_noise+confidence_error,,trust_weighted_fusion,move,3,0,93.869,7.927,29.454,uav_2,7.927,False,False,False,False,False,1,"[{""id"": ""obstacle_0"", ""kind"": ""static_obstacle"", ""x"": 50.0, ""y"": 50.0, ""radius"": 5.0}]"
delayed_track_sharing,72,14.4,1,26.389,34.879,90.0,94.0,50.0,50.0,,,false_negative+position_noise+confidence_error,,trust_weighted_fusion,move,2,0,86.843,9.715,23.038,uav_0,9.715,False,False,False,False,False,1,"[{""id"": ""obstacle_0"", ""kind"": ""static_obstacle"", ""x"": 50.0, ""y"": 50.0, ""radius"": 5.0}]"
delayed_track_sharing,72,14.4,2,33.719,27.41,86.0,90.0,50.0,50.0,,,false_negative+position_noise+confidence_error,,trust_weighted_fusion,move,2,0,81.552,7.927,22.845,uav_0,7.927,False,False,False,False,False,1,"[{""id"": ""obstacle_0"", ""kind"": ""static_obstacle"", ""x"": 50.0, ""y"": 50.0, ""radius"": 5.0}]"
delayed_track_sharing,72,14.4,3,36.205,35.074,90.0,86.0,50.0,50.0,,,position_noise+confidence_error,,trust_weighted_fusion,move,3,0,74.076,8.057,15.324,uav_2,8.057,False,False,False,False,False,1,"[{""id"": ""obstacle_0"", ""kind"": ""static_obstacle"", ""x"": 50.0, ""y"": 50.0, ""radius"": 5.0}]"
delayed_track_sharing,73,14.6,0,26.406,25.444,94.0,90.0,50.0,50.0,,,false_negative+position_noise+confidence_error,,trust_weighted_fusion,move,1,0,93.469,7.904,29.054,uav_2,7.904,False,False,False,False,False,1,"[{""id"": ""obstacle_0"", ""kind"": ""static_obstacle"", ""x"": 50.0, ""y"": 50.0, ""radius"": 5.0}]"
delayed_track_sharing,73,14.6,1,26.682,35.151,90.0,94.0,50.0,50.0,,,false_negative+position_noise+confidence_error,,trust_weighted_fusion,move,2,0,86.443,9.711,22.645,uav_0,9.711,False,False,False,False,False,1,"[{""id"": ""obstacle_0"", ""kind"": ""static_obstacle"", ""x"": 50.0, ""y"": 50.0, ""radius"": 5.0}]"
delayed_track_sharing,73,14.6,2,33.976,27.717,86.0,90.0,50.0,50.0,,,false_negative+position_noise+confidence_error,,trust_weighted_fusion,move,2,0,81.152,7.904,22.446,uav_0,7.904,False,False,False,False,False,1,"[{""id"": ""obstacle_0"", ""kind"": ""static_obstacle"", ""x"": 50.0, ""y"": 50.0, ""radius"": 5.0}]"
delayed_track_sharing,73,14.6,3,36.496,35.349,90.0,86.0,50.0,50.0,,,false_negative+position_noise+confidence_error,,trust_weighted_fusion,move,2,0,73.676,8.037,14.925,uav_2,8.037,False,False,False,False,False,1,"[{""id"": ""obstacle_0"", ""kind"": ""static_obstacle"", ""x"": 50.0, ""y"": 50.0, ""radius"": 5.0}]"
delayed_track_sharing,74,14.8,0,26.695,25.72,94.0,90.0,50.0,50.0,,,position_noise+confidence_error,,trust_weighted_fusion,move,3,0,93.069,7.881,28.655,uav_2,7.881,False,False,False,False,False,1,"[{""id"": ""obstacle_0"", ""kind"": ""static_obstacle"", ""x"": 50.0, ""y"": 50.0, ""radius"": 5.0}]"
delayed_track_sharing,74,14.8,1,26.975,35.423,90.0,94.0,50.0,50.0,,,false_negative+position_noise+confidence_error,,trust_weighted_fusion,move,2,0,86.043,9.707,22.252,uav_0,9.707,False,False,False,False,False,1,"[{""id"": ""obstacle_0"", ""kind"": ""static_obstacle"", ""x"": 50.0, ""y"": 50.0, ""radius"": 5.0}]"
delayed_track_sharing,74,14.8,2,34.232,28.024,86.0,90.0,50.0,50.0,,,position_noise+confidence_error,,trust_weighted_fusion,move,3,0,80.752,7.881,22.047,uav_0,7.881,False,False,False,False,False,1,"[{""id"": ""obstacle_0"", ""kind"": ""static_obstacle"", ""x"": 50.0, ""y"": 50.0, ""radius"": 5.0}]"
delayed_track_sharing,74,14.8,3,36.882,35.454,90.0,86.0,50.0,50.0,48.576,50.4,position_noise+confidence_error,0.239,trust_weighted_fusion,avoidance,4,0,73.324,7.888,14.588,uav_2,7.888,False,False,False,False,False,1,"[{""id"": ""obstacle_0"", ""kind"": ""static_obstacle"", ""x"": 50.0, ""y"": 50.0, ""radius"": 5.0}]"
delayed_track_sharing,75,15.0,0,26.984,25.996,94.0,90.0,50.0,50.0,,,position_noise+confidence_error,,trust_weighted_fusion,move,3,0,92.669,7.859,28.255,uav_2,7.859,False,False,False,False,False,1,"[{""id"": ""obstacle_0"", ""kind"": ""static_obstacle"", ""x"": 50.0, ""y"": 50.0, ""radius"": 5.0}]"
delayed_track_sharing,75,15.0,1,27.268,35.696,90.0,94.0,50.0,50.0,,,false_negative+position_noise+confidence_error,,trust_weighted_fusion,move,2,0,85.643,9.704,21.858,uav_0,9.704,False,False,False,False,False,1,"[{""id"": ""obstacle_0"", ""kind"": ""static_obstacle"", ""x"": 50.0, ""y"": 50.0, ""radius"": 5.0}]"
delayed_track_sharing,75,15.0,2,34.489,28.331,86.0,90.0,50.0,50.0,,,position_noise+confidence_error,,trust_weighted_fusion,move,3,0,80.352,7.859,21.648,uav_0,7.859,False,False,False,False,False,1,"[{""id"": ""obstacle_0"", ""kind"": ""static_obstacle"", ""x"": 50.0, ""y"": 50.0, ""radius"": 5.0}]"
delayed_track_sharing,75,15.0,3,37.172,35.73,90.0,86.0,50.0,50.0,49.885,51.283,position_noise+confidence_error,0.271,trust_weighted_fusion,move,4,0,72.924,7.87,14.189,uav_2,7.87,False,False,False,False,False,1,"[{""id"": ""obstacle_0"", ""kind"": ""static_obstacle"", ""x"": 50.0, ""y"": 50.0, ""radius"": 5.0}]"
delayed_track_sharing,76,15.2,0,27.274,26.273,94.0,90.0,50.0,50.0,,,position_noise+confidence_error,,trust_weighted_fusion,move,3,0,92.269,7.837,27.855,uav_2,7.837,False,False,False,False,False,1,"[{""id"": ""obstacle_0"", ""kind"": ""static_obstacle"", ""x"": 50.0, ""y"": 50.0, ""radius"": 5.0}]"
delayed_track_sharing,76,15.2,1,27.561,35.968,90.0,94.0,50.0,50.0,,,position_noise+confidence_error,,trust_weighted_fusion,move,3,0,85.243,9.7,21.465,uav_0,9.7,False,False,False,False,False,1,"[{""id"": ""obstacle_0"", ""kind"": ""static_obstacle"", ""x"": 50.0, ""y"": 50.0, ""radius"": 5.0}]"
delayed_track_sharing,76,15.2,2,34.745,28.638,86.0,90.0,50.0,50.0,,,false_negative+position_noise+confidence_error,,trust_weighted_fusion,move,2,0,79.952,7.837,21.249,uav_0,7.837,False,False,False,False,False,1,"[{""id"": ""obstacle_0"", ""kind"": ""static_obstacle"", ""x"": 50.0, ""y"": 50.0, ""radius"": 5.0}]"
delayed_track_sharing,76,15.2,3,37.461,36.006,90.0,86.0,50.0,50.0,49.587,52.144,position_noise+confidence_error,0.057,trust_weighted_fusion,move,4,0,72.524,7.852,13.79,uav_2,7.852,False,False,False,False,False,1,"[{""id"": ""obstacle_0"", ""kind"": ""static_obstacle"", ""x"": 50.0, ""y"": 50.0, ""radius"": 5.0}]"
delayed_track_sharing,77,15.4,0,27.563,26.549,94.0,90.0,50.0,50.0,,,position_noise+confidence_error,,trust_weighted_fusion,move,3,0,91.869,7.815,27.456,uav_2,7.815,False,False,False,False,False,1,"[{""id"": ""obstacle_0"", ""kind"": ""static_obstacle"", ""x"": 50.0, ""y"": 50.0, ""radius"": 5.0}]"
delayed_track_sharing,77,15.4,1,27.854,36.24,90.0,94.0,50.0,50.0,,,position_noise+confidence_error,,trust_weighted_fusion,move,3,0,84.843,9.696,21.073,uav_0,9.696,False,False,False,False,False,1,"[{""id"": ""obstacle_0"", ""kind"": ""static_obstacle"", ""x"": 50.0, ""y"": 50.0, ""radius"": 5.0}]"
delayed_track_sharing,77,15.4,2,35.001,28.945,86.0,90.0,50.0,50.0,,,position_noise+confidence_error,,trust_weighted_fusion,move,3,0,79.552,7.706,20.851,uav_3,7.706,False,False,False,False,False,1,"[{""id"": ""obstacle_0"", ""kind"": ""static_obstacle"", ""x"": 50.0, ""y"": 50.0, ""radius"": 5.0}]"
delayed_track_sharing,77,15.4,3,37.848,36.106,90.0,86.0,50.0,50.0,48.975,51.298,false_negative+position_noise+confidence_error,0.17,trust_weighted_fusion,avoidance,2,0,72.175,7.706,13.458,uav_2,7.706,False,False,False,False,False,1,"[{""id"": ""obstacle_0"", ""kind"": ""static_obstacle"", ""x"": 50.0, ""y"": 50.0, ""radius"": 5.0}]"
delayed_track_sharing,78,15.6,0,27.852,26.825,94.0,90.0,50.0,50.0,,,position_noise+confidence_error,,trust_weighted_fusion,move,3,0,91.469,7.793,27.056,uav_2,7.793,False,False,False,False,False,1,"[{""id"": ""obstacle_0"", ""kind"": ""static_obstacle"", ""x"": 50.0, ""y"": 50.0, ""radius"": 5.0}]"
delayed_track_sharing,78,15.6,1,28.147,36.513,90.0,94.0,50.0,50.0,,,position_noise+confidence_error,,trust_weighted_fusion,move,3,0,84.443,9.692,20.68,uav_0,9.692,False,False,False,False,False,1,"[{""id"": ""obstacle_0"", ""kind"": ""static_obstacle"", ""x"": 50.0, ""y"": 50.0, ""radius"": 5.0}]"
delayed_track_sharing,78,15.6,2,35.258,29.252,86.0,90.0,50.0,50.0,,,false_negative+position_noise+confidence_error,,trust_weighted_fusion,move,2,0,79.152,7.571,20.452,uav_3,7.571,False,False,False,False,False,1,"[{""id"": ""obstacle_0"", ""kind"": ""static_obstacle"", ""x"": 50.0, ""y"": 50.0, ""radius"": 5.0}]"
delayed_track_sharing,78,15.6,3,38.234,36.214,90.0,86.0,50.0,50.0,51.061,49.239,false_negative+position_noise+confidence_error,0.0,trust_weighted_fusion,avoidance,3,0,71.822,7.571,13.125,uav_2,7.571,False,False,False,False,False,1,"[{""id"": ""obstacle_0"", ""kind"": ""static_obstacle"", ""x"": 50.0, ""y"": 50.0, ""radius"": 5.0}]"
delayed_track_sharing,79,15.8,0,28.141,27.101,94.0,90.0,50.0,50.0,,,position_noise+confidence_error,,trust_weighted_fusion,move,3,0,91.069,7.772,26.657,uav_2,7.772,False,False,False,False,False,1,"[{""id"": ""obstacle_0"", ""kind"": ""static_obstacle"", ""x"": 50.0, ""y"": 50.0, ""radius"": 5.0}]"
delayed_track_sharing,79,15.8,1,28.44,36.785,90.0,94.0,50.0,50.0,,,false_negative+position_noise+confidence_error,,trust_weighted_fusion,move,2,0,84.043,9.688,20.288,uav_0,9.688,False,False,False,False,False,1,"[{""id"": ""obstacle_0"", ""kind"": ""static_obstacle"", ""x"": 50.0, ""y"": 50.0, ""radius"": 5.0}]"
delayed_track_sharing,79,15.8,2,35.514,29.559,86.0,90.0,50.0,50.0,,,false_negative+confidence_error,,trust_weighted_fusion,move,0,0,78.752,7.556,20.053,uav_3,7.556,False,False,False,False,False,1,"[{""id"": ""obstacle_0"", ""kind"": ""static_obstacle"", ""x"": 50.0, ""y"": 50.0, ""radius"": 5.0}]"
delayed_track_sharing,79,15.8,3,38.522,36.491,90.0,86.0,50.0,50.0,,,false_negative+position_noise+confidence_error,,trust_weighted_fusion,move,3,0,71.422,7.556,12.727,uav_2,7.556,False,False,False,False,False,1,"[{""id"": ""obstacle_0"", ""kind"": ""static_obstacle"", ""x"": 50.0, ""y"": 50.0, ""radius"": 5.0}]"
delayed_track_sharing,80,16.0,0,28.431,27.378,94.0,90.0,50.0,50.0,,,position_noise+confidence_error,,trust_weighted_fusion,move,3,0,90.669,7.75,26.257,uav_2,7.75,False,False,False,False,False,1,"[{""id"": ""obstacle_0"", ""kind"": ""static_obstacle"", ""x"": 50.0, ""y"": 50.0, ""radius"": 5.0}]"
delayed_track_sharing,80,16.0,1,28.733,37.057,90.0,94.0,50.0,50.0,,,false_negative+position_noise+confidence_error,,trust_weighted_fusion,move,2,0,83.643,9.684,19.896,uav_0,9.684,False,False,False,False,False,1,"[{""id"": ""obstacle_0"", ""kind"": ""static_obstacle"", ""x"": 50.0, ""y"": 50.0, ""radius"": 5.0}]"
delayed_track_sharing,80,16.0,2,35.771,29.866,86.0,90.0,50.0,50.0,,,false_negative+position_noise+confidence_error,,trust_weighted_fusion,move,2,0,78.352,7.542,19.654,uav_3,7.542,False,False,False,False,False,1,"[{""id"": ""obstacle_0"", ""kind"": ""static_obstacle"", ""x"": 50.0, ""y"": 50.0, ""radius"": 5.0}]"
delayed_track_sharing,80,16.0,3,38.81,36.768,90.0,86.0,50.0,50.0,51.214,52.827,position_noise+confidence_error,0.0,trust_weighted_fusion,move,4,0,71.022,7.542,12.329,uav_2,7.542,False,False,False,False,False,1,"[{""id"": ""obstacle_0"", ""kind"": ""static_obstacle"", ""x"": 50.0, ""y"": 50.0, ""radius"": 5.0}]"
delayed_track_sharing,81,16.2,0,28.72,27.654,94.0,90.0,50.0,50.0,,,position_noise+confidence_error,,trust_weighted_fusion,move,3,0,90.269,7.729,25.857,uav_2,7.729,False,False,False,False,False,1,"[{""id"": ""obstacle_0"", ""kind"": ""static_obstacle"", ""x"": 50.0, ""y"": 50.0, ""radius"": 5.0}]"
delayed_track_sharing,81,16.2,1,29.026,37.33,90.0,94.0,50.0,50.0,,,false_negative+position_noise+confidence_error,,trust_weighted_fusion,move,2,0,83.243,9.681,19.504,uav_0,9.681,False,False,False,False,False,1,"[{""id"": ""obstacle_0"", ""kind"": ""static_obstacle"", ""x"": 50.0, ""y"": 50.0, ""radius"": 5.0}]"
delayed_track_sharing,81,16.2,2,36.027,30.173,86.0,90.0,50.0,50.0,,,false_negative+position_noise+confidence_error,,trust_weighted_fusion,move,1,0,77.952,7.527,19.256,uav_3,7.527,False,False,False,False,False,1,"[{""id"": ""obstacle_0"", ""kind"": ""static_obstacle"", ""x"": 50.0, ""y"": 50.0, ""radius"": 5.0}]"
delayed_track_sharing,81,16.2,3,39.099,37.046,90.0,86.0,50.0,50.0,,,false_negative+position_noise+confidence_error,,trust_weighted_fusion,move,2,0,70.622,7.527,11.931,uav_2,7.527,False,False,False,False,False,1,"[{""id"": ""obstacle_0"", ""kind"": ""static_obstacle"", ""x"": 50.0, ""y"": 50.0, ""radius"": 5.0}]"
delayed_track_sharing,82,16.4,0,29.009,27.93,94.0,90.0,50.0,50.0,,,false_negative+position_noise+confidence_error,,trust_weighted_fusion,move,2,0,89.869,7.708,25.458,uav_2,7.708,False,False,False,False,False,1,"[{""id"": ""obstacle_0"", ""kind"": ""static_obstacle"", ""x"": 50.0, ""y"": 50.0, ""radius"": 5.0}]"
delayed_track_sharing,82,16.4,1,29.319,37.602,90.0,94.0,50.0,50.0,,,position_noise+confidence_error,,trust_weighted_fusion,move,3,0,82.843,9.677,19.113,uav_0,9.677,False,False,False,False,False,1,"[{""id"": ""obstacle_0"", ""kind"": ""static_obstacle"", ""x"": 50.0, ""y"": 50.0, ""radius"": 5.0}]"
delayed_track_sharing,82,16.4,2,36.284,30.48,86.0,90.0,50.0,50.0,,,false_negative+position_noise+confidence_error,,trust_weighted_fusion,move,1,0,77.552,7.376,18.857,uav_3,7.376,False,False,False,False,False,1,"[{""id"": ""obstacle_0"", ""kind"": ""static_obstacle"", ""x"": 50.0, ""y"": 50.0, ""radius"": 5.0}]"
delayed_track_sharing,82,16.4,3,39.491,37.123,90.0,86.0,50.0,50.0,51.351,49.291,false_negative+position_noise+confidence_error,0.133,trust_weighted_fusion,avoidance,2,0,70.286,7.376,11.621,uav_2,7.376,False,False,False,False,False,1,"[{""id"": ""obstacle_0"", ""kind"": ""static_obstacle"", ""x"": 50.0, ""y"": 50.0, ""radius"": 5.0}]"
delayed_track_sharing,83,16.6,0,29.299,28.206,94.0,90.0,50.0,50.0,,,false_negative+position_noise+confidence_error,,trust_weighted_fusion,move,1,0,89.469,7.688,25.058,uav_2,7.688,False,False,False,False,False,1,"[{""id"": ""obstacle_0"", ""kind"": ""static_obstacle"", ""x"": 50.0, ""y"": 50.0, ""radius"": 5.0}]"
delayed_track_sharing,83,16.6,1,29.612,37.874,90.0,94.0,50.0,50.0,,,position_noise+confidence_error,,trust_weighted_fusion,move,3,0,82.443,9.673,18.722,uav_0,9.673,False,False,False,False,False,1,"[{""id"": ""obstacle_0"", ""kind"": ""static_obstacle"", ""x"": 50.0, ""y"": 50.0, ""radius"": 5.0}]"
delayed_track_sharing,83,16.6,2,36.54,30.787,86.0,90.0,50.0,50.0,,,position_noise+confidence_error,,trust_weighted_fusion,move,3,0,77.152,7.24,18.458,uav_3,7.24,False,False,False,False,False,1,"[{""id"": ""obstacle_0"", ""kind"": ""static_obstacle"", ""x"": 50.0, ""y"": 50.0, ""radius"": 5.0}]"
delayed_track_sharing,83,16.6,3,39.881,37.211,90.0,86.0,50.0,50.0,49.488,52.768,position_noise+confidence_error,0.247,trust_weighted_fusion,avoidance,4,0,69.945,7.24,11.308,uav_2,7.24,False,False,False,False,False,1,"[{""id"": ""obstacle_0"", ""kind"": ""static_obstacle"", ""x"": 50.0, ""y"": 50.0, ""radius"": 5.0}]"
delayed_track_sharing,84,16.8,0,29.588,28.483,94.0,90.0,50.0,50.0,,,position_noise+confidence_error,,trust_weighted_fusion,move,3,0,89.069,7.667,24.659,uav_2,7.667,False,False,False,False,False,1,"[{""id"": ""obstacle_0"", ""kind"": ""static_obstacle"", ""x"": 50.0, ""y"": 50.0, ""radius"": 5.0}]"
delayed_track_sharing,84,16.8,1,29.905,38.147,90.0,94.0,50.0,50.0,,,false_negative+position_noise+confidence_error,,trust_weighted_fusion,move,2,0,82.043,9.669,18.331,uav_0,9.669,False,False,False,False,False,1,"[{""id"": ""obstacle_0"", ""kind"": ""static_obstacle"", ""x"": 50.0, ""y"": 50.0, ""radius"": 5.0}]"
delayed_track_sharing,84,16.8,2,36.796,31.094,86.0,90.0,50.0,50.0,,,position_noise+confidence_error,,trust_weighted_fusion,move,3,0,76.752,7.099,18.06,uav_3,7.099,False,False,False,False,False,1,"[{""id"": ""obstacle_0"", ""kind"": ""static_obstacle"", ""x"": 50.0, ""y"": 50.0, ""radius"": 5.0}]"
delayed_track_sharing,84,16.8,3,40.275,37.282,90.0,86.0,50.0,50.0,51.153,50.403,false_negative+position_noise+confidence_error,0.099,trust_weighted_fusion,avoidance,3,0,69.613,7.099,11.01,uav_2,7.099,False,False,False,False,False,1,"[{""id"": ""obstacle_0"", ""kind"": ""static_obstacle"", ""x"": 50.0, ""y"": 50.0, ""radius"": 5.0}]"
delayed_track_sharing,85,17.0,0,29.877,28.759,94.0,90.0,50.0,50.0,,,position_noise+confidence_error,,trust_weighted_fusion,move,3,0,88.669,7.647,24.259,uav_2,7.647,False,False,False,False,False,1,"[{""id"": ""obstacle_0"", ""kind"": ""static_obstacle"", ""x"": 50.0, ""y"": 50.0, ""radius"": 5.0}]"
delayed_track_sharing,85,17.0,1,30.198,38.419,90.0,94.0,50.0,50.0,,,false_negative+position_noise+confidence_error,,trust_weighted_fusion,move,2,0,81.643,9.665,17.94,uav_0,9.665,False,False,False,False,False,1,"[{""id"": ""obstacle_0"", ""kind"": ""static_obstacle"", ""x"": 50.0, ""y"": 50.0, ""radius"": 5.0}]"
delayed_track_sharing,85,17.0,2,37.053,31.401,86.0,90.0,50.0,50.0,,,false_negative+position_noise+confidence_error,,trust_weighted_fusion,move,1,0,76.352,6.928,17.661,uav_3,6.928,False,False,False,False,False,1,"[{""id"": ""obstacle_0"", ""kind"": ""static_obstacle"", ""x"": 50.0, ""y"": 50.0, ""radius"": 5.0}]"
delayed_track_sharing,85,17.0,3,40.674,37.307,90.0,86.0,50.0,50.0,48.65,50.935,false_negative+position_noise+confidence_error,0.0,trust_weighted_fusion,avoidance,3,0,69.311,6.928,10.751,uav_2,6.928,False,False,False,False,False,1,"[{""id"": ""obstacle_0"", ""kind"": ""static_obstacle"", ""x"": 50.0, ""y"": 50.0, ""radius"": 5.0}]"
delayed_track_sharing,86,17.2,0,30.166,29.035,94.0,90.0,50.0,50.0,,,false_negative+position_noise+confidence_error,,trust_weighted_fusion,move,1,0,88.269,7.627,23.86,uav_2,7.627,False,False,False,False,False,1,"[{""id"": ""obstacle_0"", ""kind"": ""static_obstacle"", ""x"": 50.0, ""y"": 50.0, ""radius"": 5.0}]"
delayed_track_sharing,86,17.2,1,30.491,38.691,90.0,94.0,50.0,50.0,,,false_negative+position_noise+confidence_error,,trust_weighted_fusion,move,2,0,81.243,9.661,17.55,uav_0,9.661,False,False,False,False,False,1,"[{""id"": ""obstacle_0"", ""kind"": ""static_obstacle"", ""x"": 50.0, ""y"": 50.0, ""radius"": 5.0}]"
delayed_track_sharing,86,17.2,2,37.309,31.708,86.0,90.0,50.0,50.0,,,false_negative+position_noise+confidence_error,,trust_weighted_fusion,move,2,0,75.952,6.92,17.263,uav_3,6.92,False,False,False,False,False,1,"[{""id"": ""obstacle_0"", ""kind"": ""static_obstacle"", ""x"": 50.0, ""y"": 50.0, ""radius"": 5.0}]"
delayed_track_sharing,86,17.2,3,40.959,37.588,90.0,86.0,50.0,50.0,,,false_negative+position_noise+confidence_error,,trust_weighted_fusion,move,2,0,68.911,6.92,10.356,uav_2,6.92,False,False,False,False,False,1,"[{""id"": ""obstacle_0"", ""kind"": ""static_obstacle"", ""x"": 50.0, ""y"": 50.0, ""radius"": 5.0}]"
delayed_track_sharing,87,17.4,0,30.456,29.312,94.0,90.0,50.0,50.0,,,false_negative+position_noise+confidence_error,,trust_weighted_fusion,move,2,0,87.869,7.607,23.46,uav_2,7.607,False,False,False,False,False,1,"[{""id"": ""obstacle_0"", ""kind"": ""static_obstacle"", ""x"": 50.0, ""y"": 50.0, ""radius"": 5.0}]"
delayed_track_sharing,87,17.4,1,30.784,38.964,90.0,94.0,50.0,50.0,,,false_negative+position_noise+confidence_error,,trust_weighted_fusion,move,2,0,80.843,9.658,17.16,uav_0,9.658,False,False,False,False,False,1,"[{""id"": ""obstacle_0"", ""kind"": ""static_obstacle"", ""x"": 50.0, ""y"": 50.0, ""radius"": 5.0}]"
delayed_track_sharing,87,17.4,2,37.566,32.015,86.0,90.0,50.0,50.0,,,position_noise+confidence_error,,trust_weighted_fusion,move,3,0,75.552,6.747,16.865,uav_3,6.747,False,False,False,False,False,1,"[{""id"": ""obstacle_0"", ""kind"": ""static_obstacle"", ""x"": 50.0, ""y"": 50.0, ""radius"": 5.0}]"
delayed_track_sharing,87,17.4,3,41.359,37.595,90.0,86.0,50.0,50.0,48.637,50.977,position_noise+confidence_error,0.373,trust_weighted_fusion,avoidance,4,0,68.622,6.747,10.118,uav_2,6.747,False,False,False,False,False,1,"[{""id"": ""obstacle_0"", ""kind"": ""static_obstacle"", ""x"": 50.0, ""y"": 50.0, ""radius"": 5.0}]"
delayed_track_sharing,88,17.6,0,30.745,29.588,94.0,90.0,50.0,50.0,,,false_negative+position_noise+confidence_error,,trust_weighted_fusion,move,2,0,87.469,7.587,23.061,uav_2,7.587,False,False,False,False,False,1,"[{""id"": ""obstacle_0"", ""kind"": ""static_obstacle"", ""x"": 50.0, ""y"": 50.0, ""radius"": 5.0}]"
delayed_track_sharing,88,17.6,1,31.077,39.236,90.0,94.0,50.0,50.0,,,position_noise+confidence_error,,trust_weighted_fusion,move,3,0,80.443,9.654,16.771,uav_0,9.654,False,False,False,False,False,1,"[{""id"": ""obstacle_0"", ""kind"": ""static_obstacle"", ""x"": 50.0, ""y"": 50.0, ""radius"": 5.0}]"
delayed_track_sharing,88,17.6,2,37.822,32.322,86.0,90.0,50.0,50.0,,,position_noise+confidence_error,,trust_weighted_fusion,move,3,0,75.152,6.563,16.466,uav_3,6.563,False,False,False,False,False,1,"[{""id"": ""obstacle_0"", ""kind"": ""static_obstacle"", ""x"": 50.0, ""y"": 50.0, ""radius"": 5.0}]"
delayed_track_sharing,88,17.6,3,41.758,37.574,90.0,86.0,50.0,50.0,48.951,50.164,position_noise+confidence_error,0.368,trust_weighted_fusion,avoidance,4,0,68.354,6.563,9.911,uav_2,6.563,False,False,False,False,False,1,"[{""id"": ""obstacle_0"", ""kind"": ""static_obstacle"", ""x"": 50.0, ""y"": 50.0, ""radius"": 5.0}]"
delayed_track_sharing,89,17.8,0,31.034,29.864,94.0,90.0,50.0,50.0,,,false_negative+position_noise+confidence_error,,trust_weighted_fusion,move,2,0,87.069,7.568,22.661,uav_2,7.568,False,False,False,False,False,1,"[{""id"": ""obstacle_0"", ""kind"": ""static_obstacle"", ""x"": 50.0, ""y"": 50.0, ""radius"": 5.0}]"
delayed_track_sharing,89,17.8,1,31.37,39.508,90.0,94.0,50.0,50.0,,,false_negative+position_noise+confidence_error,,trust_weighted_fusion,move,2,0,80.043,9.609,16.382,uav_2,9.609,False,False,False,False,False,1,"[{""id"": ""obstacle_0"", ""kind"": ""static_obstacle"", ""x"": 50.0, ""y"": 50.0, ""radius"": 5.0}]"
delayed_track_sharing,89,17.8,2,38.079,32.629,86.0,90.0,50.0,50.0,,,false_negative+position_noise+confidence_error,,trust_weighted_fusion,move,1,0,74.752,6.56,16.068,uav_3,6.56,False,False,False,False,False,1,"[{""id"": ""obstacle_0"", ""kind"": ""static_obstacle"", ""x"": 50.0, ""y"": 50.0, ""radius"": 5.0}]"
delayed_track_sharing,89,17.8,3,42.04,37.858,90.0,86.0,50.0,50.0,,,false_negative+position_noise+confidence_error,,trust_weighted_fusion,move,3,0,67.954,6.56,9.519,uav_2,6.56,False,False,False,False,False,1,"[{""id"": ""obstacle_0"", ""kind"": ""static_obstacle"", ""x"": 50.0, ""y"": 50.0, ""radius"": 5.0}]"
delayed_track_sharing,90,18.0,0,31.323,30.14,94.0,90.0,50.0,50.0,,,position_noise+confidence_error,,trust_weighted_fusion,move,3,0,86.669,7.548,22.262,uav_2,7.548,False,False,False,False,False,1,"[{""id"": ""obstacle_0"", ""kind"": ""static_obstacle"", ""x"": 50.0, ""y"": 50.0, ""radius"": 5.0}]"
delayed_track_sharing,90,18.0,1,31.735,39.671,90.0,94.0,50.0,50.0,48.216,50.19,false_negative+position_noise+confidence_error,0.368,trust_weighted_fusion,avoidance,2,0,79.665,9.43,15.983,uav_2,9.43,False,False,False,False,False,1,"[{""id"": ""obstacle_0"", ""kind"": ""static_obstacle"", ""x"": 50.0, ""y"": 50.0, ""radius"": 5.0}]"
delayed_track_sharing,90,18.0,2,38.335,32.936,86.0,90.0,50.0,50.0,,,position_noise+confidence_error,,trust_weighted_fusion,move,3,0,74.352,6.367,15.67,uav_3,6.367,False,False,False,False,False,1,"[{""id"": ""obstacle_0"", ""kind"": ""static_obstacle"", ""x"": 50.0, ""y"": 50.0, ""radius"": 5.0}]"
delayed_track_sharing,90,18.0,3,42.437,37.806,90.0,86.0,50.0,50.0,48.216,50.19,false_negative+position_noise+confidence_error,0.368,trust_weighted_fusion,avoidance,3,0,67.712,6.367,9.349,uav_2,6.367,False,False,False,False,False,1,"[{""id"": ""obstacle_0"", ""kind"": ""static_obstacle"", ""x"": 50.0, ""y"": 50.0, ""radius"": 5.0}]"
delayed_track_sharing,91,18.2,0,31.613,30.417,94.0,90.0,50.0,50.0,,,position_noise+confidence_error,,trust_weighted_fusion,move,3,0,86.269,7.529,21.863,uav_2,7.529,False,False,False,False,False,1,"[{""id"": ""obstacle_0"", ""kind"": ""static_obstacle"", ""x"": 50.0, ""y"": 50.0, ""radius"": 5.0}]"
delayed_track_sharing,91,18.2,1,32.027,39.944,90.0,94.0,50.0,50.0,,,position_noise+confidence_error,,trust_weighted_fusion,move,3,0,79.265,9.38,15.595,uav_2,9.38,False,False,False,False,False,1,"[{""id"": ""obstacle_0"", ""kind"": ""static_obstacle"", ""x"": 50.0, ""y"": 50.0, ""radius"": 5.0}]"
delayed_track_sharing,91,18.2,2,38.591,33.243,86.0,90.0,50.0,50.0,,,false_negative+position_noise+confidence_error,,trust_weighted_fusion,move,1,0,73.952,6.198,15.272,uav_3,6.198,False,False,False,False,False,1,"[{""id"": ""obstacle_0"", ""kind"": ""static_obstacle"", ""x"": 50.0, ""y"": 50.0, ""radius"": 5.0}]"
delayed_track_sharing,91,18.2,3,42.835,37.761,90.0,86.0,50.0,50.0,50.066,49.67,false_negative+position_noise+confidence_error,0.439,trust_weighted_fusion,avoidance,3,0,67.465,6.198,9.182,uav_2,6.198,False,False,False,False,False,1,"[{""id"": ""obstacle_0"", ""kind"": ""static_obstacle"", ""x"": 50.0, ""y"": 50.0, ""radius"": 5.0}]"
delayed_track_sharing,92,18.4,0,31.902,30.693,94.0,90.0,50.0,50.0,,,false_negative+position_noise+confidence_error,,trust_weighted_fusion,move,2,0,85.869,7.511,21.463,uav_2,7.511,False,False,False,False,False,1,"[{""id"": ""obstacle_0"", ""kind"": ""static_obstacle"", ""x"": 50.0, ""y"": 50.0, ""radius"": 5.0}]"
delayed_track_sharing,92,18.4,1,32.32,40.217,90.0,94.0,50.0,50.0,,,false_negative+position_noise+confidence_error,,trust_weighted_fusion,move,2,0,78.865,9.331,15.206,uav_2,9.331,False,False,False,False,False,1,"[{""id"": ""obstacle_0"", ""kind"": ""static_obstacle"", ""x"": 50.0, ""y"": 50.0, ""radius"": 5.0}]"
delayed_track_sharing,92,18.4,2,38.848,33.55,86.0,90.0,50.0,50.0,,,position_noise+confidence_error,,trust_weighted_fusion,move,3,0,73.552,6.103,14.874,uav_3,6.103,False,False,False,False,False,1,"[{""id"": ""obstacle_0"", ""kind"": ""static_obstacle"", ""x"": 50.0, ""y"": 50.0, ""radius"": 5.0}]"
delayed_track_sharing,92,18.4,3,43.233,37.795,90.0,86.0,50.0,50.0,50.566,51.791,position_noise+confidence_error,0.189,trust_weighted_fusion,avoidance,4,0,67.163,6.103,8.956,uav_2,6.103,False,False,False,False,False,1,"[{""id"": ""obstacle_0"", ""kind"": ""static_obstacle"", ""x"": 50.0, ""y"": 50.0, ""radius"": 5.0}]"
delayed_track_sharing,93,18.6,0,32.191,30.969,94.0,90.0,50.0,50.0,,,position_noise+confidence_error,,trust_weighted_fusion,move,3,0,85.469,7.539,21.064,uav_2,7.539,False,False,False,False,False,1,"[{""id"": ""obstacle_0"", ""kind"": ""static_obstacle"", ""x"": 50.0, ""y"": 50.0, ""radius"": 5.0}]"
delayed_track_sharing,93,18.6,1,32.689,40.371,90.0,94.0,50.0,50.0,48.614,50.772,false_negative+position_noise+confidence_error,0.135,trust_weighted_fusion,avoidance,3,0,78.49,9.331,14.809,uav_2,9.331,False,False,False,False,False,1,"[{""id"": ""obstacle_0"", ""kind"": ""static_obstacle"", ""x"": 50.0, ""y"": 50.0, ""radius"": 5.0}]"
delayed_track_sharing,93,18.6,2,39.217,33.704,86.0,90.0,50.0,50.0,48.614,50.772,false_negative+position_noise+confidence_error,0.135,trust_weighted_fusion,avoidance,3,0,73.197,5.998,14.54,uav_3,5.998,False,False,False,False,False,1,"[{""id"": ""obstacle_0"", ""kind"": ""static_obstacle"", ""x"": 50.0, ""y"": 50.0, ""radius"": 5.0}]"
delayed_track_sharing,93,18.6,3,43.632,37.765,90.0,86.0,50.0,50.0,48.614,50.772,false_negative+position_noise+confidence_error,0.135,trust_weighted_fusion,avoidance,2,0,66.908,5.998,8.793,uav_2,5.998,False,False,False,False,False,1,"[{""id"": ""obstacle_0"", ""kind"": ""static_obstacle"", ""x"": 50.0, ""y"": 50.0, ""radius"": 5.0}]"
delayed_track_sharing,94,18.8,0,32.48,31.245,94.0,90.0,50.0,50.0,,,false_negative+position_noise+confidence_error,,trust_weighted_fusion,move,2,0,85.069,7.571,20.665,uav_2,7.571,False,False,False,False,False,1,"[{""id"": ""obstacle_0"", ""kind"": ""static_obstacle"", ""x"": 50.0, ""y"": 50.0, ""radius"": 5.0}]"
delayed_track_sharing,94,18.8,1,33.066,40.504,90.0,94.0,50.0,50.0,47.902,51.107,false_negative+position_noise+confidence_error,0.445,trust_weighted_fusion,avoidance,3,0,78.124,9.277,14.415,uav_0,9.277,False,False,False,False,False,1,"[{""id"": ""obstacle_0"", ""kind"": ""static_obstacle"", ""x"": 50.0, ""y"": 50.0, ""radius"": 5.0}]"
delayed_track_sharing,94,18.8,2,39.59,33.85,86.0,90.0,50.0,50.0,47.902,51.107,position_noise+confidence_error,0.445,trust_weighted_fusion,avoidance,4,0,72.848,5.907,14.215,uav_3,5.907,False,False,False,False,False,1,"[{""id"": ""obstacle_0"", ""kind"": ""static_obstacle"", ""x"": 50.0, ""y"": 50.0, ""radius"": 5.0}]"
delayed_track_sharing,94,18.8,3,44.031,37.743,90.0,86.0,50.0,50.0,47.902,51.107,false_negative+position_noise+confidence_error,0.445,trust_weighted_fusion,avoidance,3,0,66.647,5.907,8.633,uav_2,5.907,False,False,False,False,False,1,"[{""id"": ""obstacle_0"", ""kind"": ""static_obstacle"", ""x"": 50.0, ""y"": 50.0, ""radius"": 5.0}]"
delayed_track_sharing,95,19.0,0,32.77,31.522,94.0,90.0,50.0,50.0,,,false_negative+position_noise+confidence_error,,trust_weighted_fusion,move,1,0,84.669,7.606,20.265,uav_2,7.606,False,False,False,False,False,1,"[{""id"": ""obstacle_0"", ""kind"": ""static_obstacle"", ""x"": 50.0, ""y"": 50.0, ""radius"": 5.0}]"
delayed_track_sharing,95,19.0,1,33.435,40.659,90.0,94.0,50.0,50.0,48.79,48.315,position_noise+confidence_error,0.324,trust_weighted_fusion,avoidance,4,0,77.749,9.162,14.017,uav_0,9.162,False,False,False,False,False,1,"[{""id"": ""obstacle_0"", ""kind"": ""static_obstacle"", ""x"": 50.0, ""y"": 50.0, ""radius"": 5.0}]"
delayed_track_sharing,95,19.0,2,39.976,33.955,86.0,90.0,50.0,50.0,48.79,48.315,false_negative+position_noise+confidence_error,0.324,trust_weighted_fusion,avoidance,4,0,72.521,5.729,13.919,uav_3,5.729,False,False,False,False,False,1,"[{""id"": ""obstacle_0"", ""kind"": ""static_obstacle"", ""x"": 50.0, ""y"": 50.0, ""radius"": 5.0}]"
delayed_track_sharing,95,19.0,3,44.402,37.592,90.0,86.0,50.0,50.0,48.79,48.315,false_negative+position_noise+confidence_error,0.324,trust_weighted_fusion,avoidance,3,0,66.502,5.729,8.612,uav_2,5.729,False,False,False,False,False,1,"[{""id"": ""obstacle_0"", ""kind"": ""static_obstacle"", ""x"": 50.0, ""y"": 50.0, ""radius"": 5.0}]"
delayed_track_sharing,96,19.2,0,33.059,31.798,94.0,90.0,50.0,50.0,,,false_negative+position_noise+confidence_error,,trust_weighted_fusion,move,2,0,84.269,7.645,19.866,uav_2,7.645,False,False,False,False,False,1,"[{""id"": ""obstacle_0"", ""kind"": ""static_obstacle"", ""x"": 50.0, ""y"": 50.0, ""radius"": 5.0}]"
delayed_track_sharing,96,19.2,1,33.814,40.788,90.0,94.0,50.0,50.0,48.427,50.819,false_negative+position_noise+confidence_error,0.544,trust_weighted_fusion,avoidance,3,0,77.385,9.022,13.624,uav_0,9.022,False,False,False,False,False,1,"[{""id"": ""obstacle_0"", ""kind"": ""static_obstacle"", ""x"": 50.0, ""y"": 50.0, ""radius"": 5.0}]"
delayed_track_sharing,96,19.2,2,40.351,34.093,86.0,90.0,50.0,50.0,48.427,50.819,position_noise+confidence_error,0.544,trust_weighted_fusion,avoidance,4,0,72.177,5.624,13.605,uav_3,5.624,False,False,False,False,False,1,"[{""id"": ""obstacle_0"", ""kind"": ""static_obstacle"", ""x"": 50.0, ""y"": 50.0, ""radius"": 5.0}]"
delayed_track_sharing,96,19.2,3,44.404,37.992,90.0,86.0,50.0,50.0,48.427,50.819,false_negative+position_noise+confidence_error,0.544,trust_weighted_fusion,avoidance,3,0,66.21,5.624,8.248,uav_2,5.624,False,False,False,False,False,1,"[{""id"": ""obstacle_0"", ""kind"": ""static_obstacle"", ""x"": 50.0, ""y"": 50.0, ""radius"": 5.0}]"
delayed_track_sharing,97,19.4,0,33.348,32.074,94.0,90.0,50.0,50.0,,,false_negative+position_noise+confidence_error,,trust_weighted_fusion,move,1,0,83.869,7.688,19.467,uav_2,7.688,False,False,False,False,False,1,"[{""id"": ""obstacle_0"", ""kind"": ""static_obstacle"", ""x"": 50.0, ""y"": 50.0, ""radius"": 5.0}]"
delayed_track_sharing,97,19.4,1,34.2,40.893,90.0,94.0,50.0,50.0,47.947,50.663,position_noise+confidence_error,0.613,trust_weighted_fusion,avoidance,4,0,77.033,8.86,13.237,uav_0,8.86,False,False,False,False,False,1,"[{""id"": ""obstacle_0"", ""kind"": ""static_obstacle"", ""x"": 50.0, ""y"": 50.0, ""radius"": 5.0}]"
delayed_track_sharing,97,19.4,2,40.731,34.218,86.0,90.0,50.0,50.0,47.947,50.663,false_negative+position_noise+confidence_error,0.613,trust_weighted_fusion,avoidance,3,0,71.84,5.519,13.303,uav_3,5.519,False,False,False,False,False,1,"[{""id"": ""obstacle_0"", ""kind"": ""static_obstacle"", ""x"": 50.0, ""y"": 50.0, ""radius"": 5.0}]"
delayed_track_sharing,97,19.4,3,44.801,37.945,90.0,86.0,50.0,50.0,47.947,50.663,false_negative+position_noise+confidence_error,0.613,trust_weighted_fusion,avoidance,3,0,65.972,5.519,8.129,uav_2,5.519,False,False,False,False,False,1,"[{""id"": ""obstacle_0"", ""kind"": ""static_obstacle"", ""x"": 50.0, ""y"": 50.0, ""radius"": 5.0}]"
delayed_track_sharing,98,19.6,0,33.638,32.35,94.0,90.0,50.0,50.0,,,false_negative+position_noise+confidence_error,,trust_weighted_fusion,move,2,0,83.469,7.735,19.067,uav_2,7.735,False,False,False,False,False,1,"[{""id"": ""obstacle_0"", ""kind"": ""static_obstacle"", ""x"": 50.0, ""y"": 50.0, ""radius"": 5.0}]"
delayed_track_sharing,98,19.6,1,34.569,41.045,90.0,94.0,50.0,50.0,49.708,48.952,false_negative+position_noise+confidence_error,0.385,trust_weighted_fusion,avoidance,3,0,76.66,8.744,12.841,uav_0,8.744,False,False,False,False,False,1,"[{""id"": ""obstacle_0"", ""kind"": ""static_obstacle"", ""x"": 50.0, ""y"": 50.0, ""radius"": 5.0}]"
delayed_track_sharing,98,19.6,2,41.116,34.328,86.0,90.0,50.0,50.0,49.708,48.952,false_negative+position_noise+confidence_error,0.385,trust_weighted_fusion,avoidance,3,0,71.512,5.36,13.015,uav_3,5.36,False,False,False,False,False,1,"[{""id"": ""obstacle_0"", ""kind"": ""static_obstacle"", ""x"": 50.0, ""y"": 50.0, ""radius"": 5.0}]"
delayed_track_sharing,98,19.6,3,45.181,37.82,90.0,86.0,50.0,50.0,49.708,48.952,position_noise+confidence_error,0.385,trust_weighted_fusion,avoidance,4,0,65.803,5.36,8.098,uav_2,5.36,False,False,False,False,False,1,"[{""id"": ""obstacle_0"", ""kind"": ""static_obstacle"", ""x"": 50.0, ""y"": 50.0, ""radius"": 5.0}]"
delayed_track_sharing,99,19.8,0,33.927,32.627,94.0,90.0,50.0,50.0,,,false_negative+position_noise+confidence_error,,trust_weighted_fusion,move,2,0,83.069,7.786,18.668,uav_2,7.786,False,False,False,False,False,1,"[{""id"": ""obstacle_0"", ""kind"": ""static_obstacle"", ""x"": 50.0, ""y"": 50.0, ""radius"": 5.0}]"
delayed_track_sharing,99,19.8,1,34.955,41.15,90.0,94.0,50.0,50.0,48.629,50.941,false_negative+position_noise+confidence_error,0.24,trust_weighted_fusion,avoidance,4,0,76.309,8.586,12.454,uav_0,8.586,False,False,False,False,False,1,"[{""id"": ""obstacle_0"", ""kind"": ""static_obstacle"", ""x"": 50.0, ""y"": 50.0, ""radius"": 5.0}]"
delayed_track_sharing,99,19.8,2,41.495,34.456,86.0,90.0,50.0,50.0,48.629,50.941,position_noise+confidence_error,0.24,trust_weighted_fusion,avoidance,4,0,71.175,5.276,12.719,uav_3,5.276,False,False,False,False,False,1,"[{""id"": ""obstacle_0"", ""kind"": ""static_obstacle"", ""x"": 50.0, ""y"": 50.0, ""radius"": 5.0}]"
delayed_track_sharing,99,19.8,3,45.581,37.794,90.0,86.0,50.0,50.0,48.629,50.941,position_noise+confidence_error,0.24,trust_weighted_fusion,avoidance,4,0,65.551,5.276,7.982,uav_2,5.276,False,False,False,False,False,1,"[{""id"": ""obstacle_0"", ""kind"": ""static_obstacle"", ""x"": 50.0, ""y"": 50.0, ""radius"": 5.0}]"
delayed_track_sharing,100,20.0,0,34.216,32.903,94.0,90.0,50.0,50.0,,,false_negative+position_noise+confidence_error,,trust_weighted_fusion,move,2,0,82.669,7.84,18.269,uav_2,7.84,False,False,False,False,False,1,"[{""id"": ""obstacle_0"", ""kind"": ""static_obstacle"", ""x"": 50.0, ""y"": 50.0, ""radius"": 5.0}]"
delayed_track_sharing,100,20.0,1,35.336,41.274,90.0,94.0,50.0,50.0,49.563,50.572,position_noise+confidence_error,0.196,trust_weighted_fusion,avoidance,4,0,75.949,8.445,12.064,uav_0,8.445,False,False,False,False,False,1,"[{""id"": ""obstacle_0"", ""kind"": ""static_obstacle"", ""x"": 50.0, ""y"": 50.0, ""radius"": 5.0}]"
delayed_track_sharing,100,20.0,2,41.874,34.582,86.0,90.0,50.0,50.0,49.563,50.572,false_negative+position_noise+confidence_error,0.196,trust_weighted_fusion,avoidance,2,0,70.839,5.188,12.428,uav_3,5.188,False,False,False,False,False,1,"[{""id"": ""obstacle_0"", ""kind"": ""static_obstacle"", ""x"": 50.0, ""y"": 50.0, ""radius"": 5.0}]"
delayed_track_sharing,100,20.0,3,45.979,37.755,90.0,86.0,50.0,50.0,49.563,50.572,position_noise+confidence_error,0.196,trust_weighted_fusion,avoidance,4,0,65.311,5.188,7.889,uav_2,5.188,False,False,False,False,False,1,"[{""id"": ""obstacle_0"", ""kind"": ""static_obstacle"", ""x"": 50.0, ""y"": 50.0, ""radius"": 5.0}]"
delayed_track_sharing,101,20.2,0,34.505,33.179,94.0,90.0,50.0,50.0,,,false_negative+position_noise+confidence_error,,trust_weighted_fusion,move,2,0,82.269,7.809,17.87,uav_2,7.809,False,False,False,False,False,1,"[{""id"": ""obstacle_0"", ""kind"": ""static_obstacle"", ""x"": 50.0, ""y"": 50.0, ""radius"": 5.0}]"
delayed_track_sharing,101,20.2,1,35.624,41.551,90.0,94.0,50.0,50.0,,,false_negative+position_noise+confidence_error,,trust_weighted_fusion,move,3,0,75.549,8.447,11.675,uav_0,8.447,False,False,False,False,False,1,"[{""id"": ""obstacle_0"", ""kind"": ""static_obstacle"", ""x"": 50.0, ""y"": 50.0, ""radius"": 5.0}]"
delayed_track_sharing,101,20.2,2,42.123,34.895,86.0,90.0,50.0,50.0,50.726,51.553,false_negative+position_noise+confidence_error,0.034,trust_weighted_fusion,move,3,0,70.439,5.152,12.035,uav_3,5.152,False,False,False,False,False,1,"[{""id"": ""obstacle_0"", ""kind"": ""static_obstacle"", ""x"": 50.0, ""y"": 50.0, ""radius"": 5.0}]"
delayed_track_sharing,101,20.2,3,46.376,37.804,90.0,86.0,50.0,50.0,52.079,52.606,false_negative+position_noise+confidence_error,0.252,trust_weighted_fusion,avoidance,3,0,65.007,5.152,7.723,uav_2,5.152,False,False,False,False,False,1,"[{""id"": ""obstacle_0"", ""kind"": ""static_obstacle"", ""x"": 50.0, ""y"": 50.0, ""radius"": 5.0}]"
delayed_track_sharing,102,20.4,0,34.795,33.456,94.0,90.0,50.0,50.0,,,false_negative+position_noise+confidence_error,,trust_weighted_fusion,move,1,0,81.869,7.86,17.47,uav_2,7.86,False,False,False,False,False,1,"[{""id"": ""obstacle_0"", ""kind"": ""static_obstacle"", ""x"": 50.0, ""y"": 50.0, ""radius"": 5.0}]"
delayed_track_sharing,102,20.4,1,35.995,41.701,90.0,94.0,50.0,50.0,49.786,46.641,position_noise+confidence_error,0.315,trust_weighted_fusion,avoidance,4,0,75.178,8.332,11.28,uav_0,8.332,False,False,False,False,False,1,"[{""id"": ""obstacle_0"", ""kind"": ""static_obstacle"", ""x"": 50.0, ""y"": 50.0, ""radius"": 5.0}]"
delayed_track_sharing,102,20.4,2,42.523,34.884,86.0,90.0,50.0,50.0,49.786,46.641,false_negative+position_noise+confidence_error,0.315,trust_weighted_fusion,avoidance,3,0,70.199,4.944,11.864,uav_3,4.944,False,False,False,False,False,1,"[{""id"": ""obstacle_0"", ""kind"": ""static_obstacle"", ""x"": 50.0, ""y"": 50.0, ""radius"": 5.0}]"
delayed_track_sharing,102,20.4,3,46.686,37.551,90.0,86.0,50.0,50.0,49.786,46.641,false_negative+position_noise+confidence_error,0.315,trust_weighted_fusion,avoidance,2,0,64.988,4.944,7.882,uav_2,4.944,False,False,False,False,False,1,"[{""id"": ""obstacle_0"", ""kind"": ""static_obstacle"", ""x"": 50.0, ""y"": 50.0, ""radius"": 5.0}]"
delayed_track_sharing,103,20.6,0,35.084,33.732,94.0,90.0,50.0,50.0,,,false_negative+position_noise+confidence_error,,trust_weighted_fusion,move,2,0,81.469,7.926,17.071,uav_2,7.926,False,False,False,False,False,1,"[{""id"": ""obstacle_0"", ""kind"": ""static_obstacle"", ""x"": 50.0, ""y"": 50.0, ""radius"": 5.0}]"
delayed_track_sharing,103,20.6,1,36.383,41.798,90.0,94.0,50.0,50.0,49.838,50.093,false_negative+position_noise+confidence_error,0.389,trust_weighted_fusion,avoidance,3,0,74.832,8.17,10.896,uav_0,8.17,False,False,False,False,False,1,"[{""id"": ""obstacle_0"", ""kind"": ""static_obstacle"", ""x"": 50.0, ""y"": 50.0, ""radius"": 5.0}]"
delayed_track_sharing,103,20.6,2,42.91,34.986,86.0,90.0,50.0,50.0,49.838,50.093,false_negative+position_noise+confidence_error,0.389,trust_weighted_fusion,avoidance,3,0,69.881,4.875,11.604,uav_3,4.875,False,False,False,False,False,1,"[{""id"": ""obstacle_0"", ""kind"": ""static_obstacle"", ""x"": 50.0, ""y"": 50.0, ""radius"": 5.0}]"
delayed_track_sharing,103,20.6,3,47.083,37.506,90.0,86.0,50.0,50.0,49.838,50.093,false_negative+position_noise+confidence_error,0.389,trust_weighted_fusion,avoidance,3,0,64.757,4.875,7.83,uav_2,4.875,False,False,False,False,False,1,"[{""id"": ""obstacle_0"", ""kind"": ""static_obstacle"", ""x"": 50.0, ""y"": 50.0, ""radius"": 5.0}]"
delayed_track_sharing,104,20.8,0,35.373,34.008,94.0,90.0,50.0,50.0,,,false_negative+position_noise+confidence_error,,trust_weighted_fusion,move,2,0,81.069,8.0,16.672,uav_2,8.0,False,False,False,False,False,1,"[{""id"": ""obstacle_0"", ""kind"": ""static_obstacle"", ""x"": 50.0, ""y"": 50.0, ""radius"": 5.0}]"
delayed_track_sharing,104,20.8,1,36.765,41.917,90.0,94.0,50.0,50.0,50.556,48.906,false_negative+position_noise+confidence_error,0.406,trust_weighted_fusion,avoidance,3,0,74.476,8.03,10.508,uav_0,8.03,False,False,False,False,False,1,"[{""id"": ""obstacle_0"", ""kind"": ""static_obstacle"", ""x"": 50.0, ""y"": 50.0, ""radius"": 5.0}]"
delayed_track_sharing,104,20.8,2,43.303,35.06,86.0,90.0,50.0,50.0,50.556,48.906,false_negative+position_noise+confidence_error,0.406,trust_weighted_fusion,avoidance,3,0,69.581,4.782,11.373,uav_3,4.782,False,False,False,False,False,1,"[{""id"": ""obstacle_0"", ""kind"": ""static_obstacle"", ""x"": 50.0, ""y"": 50.0, ""radius"": 5.0}]"
delayed_track_sharing,104,20.8,3,47.471,37.406,90.0,86.0,50.0,50.0,50.556,48.906,position_noise+confidence_error,0.406,trust_weighted_fusion,avoidance,4,0,64.577,4.782,7.846,uav_2,4.782,False,False,False,False,False,1,"[{""id"": ""obstacle_0"", ""kind"": ""static_obstacle"", ""x"": 50.0, ""y"": 50.0, ""radius"": 5.0}]"
delayed_track_sharing,105,21.0,0,35.662,34.284,94.0,90.0,50.0,50.0,,,position_noise+confidence_error,,trust_weighted_fusion,move,3,0,80.669,7.683,16.273,uav_1,7.683,False,False,False,False,False,1,"[{""id"": ""obstacle_0"", ""kind"": ""static_obstacle"", ""x"": 50.0, ""y"": 50.0, ""radius"": 5.0}]"
delayed_track_sharing,105,21.0,1,37.153,41.821,90.0,94.0,50.0,50.0,46.869,50.844,position_noise+confidence_error,0.384,trust_weighted_fusion,avoidance,4,0,74.266,7.683,10.229,uav_0,7.683,False,False,False,False,False,1,"[{""id"": ""obstacle_0"", ""kind"": ""static_obstacle"", ""x"": 50.0, ""y"": 50.0, ""radius"": 5.0}]"
delayed_track_sharing,105,21.0,2,43.694,35.146,86.0,90.0,50.0,50.0,46.869,50.844,false_negative+position_noise+confidence_error,0.384,trust_weighted_fusion,avoidance,3,0,69.273,4.759,11.137,uav_3,4.759,False,False,False,False,False,1,"[{""id"": ""obstacle_0"", ""kind"": ""static_obstacle"", ""x"": 50.0, ""y"": 50.0, ""radius"": 5.0}]"
delayed_track_sharing,105,21.0,3,47.87,37.428,90.0,86.0,50.0,50.0,46.869,50.844,position_noise+confidence_error,0.384,trust_weighted_fusion,avoidance,4,0,64.298,4.759,7.751,uav_2,4.759,False,False,False,False,False,1,"[{""id"": ""obstacle_0"", ""kind"": ""static_obstacle"", ""x"": 50.0, ""y"": 50.0, ""radius"": 5.0}]"
delayed_track_sharing,106,21.2,0,35.952,34.561,94.0,90.0,50.0,50.0,,,false_negative+position_noise+confidence_error,,trust_weighted_fusion,move,2,0,80.269,7.439,15.874,uav_1,7.439,False,False,False,False,False,1,"[{""id"": ""obstacle_0"", ""kind"": ""static_obstacle"", ""x"": 50.0, ""y"": 50.0, ""radius"": 5.0}]"
delayed_track_sharing,106,21.2,1,37.553,41.826,90.0,94.0,50.0,50.0,48.899,50.785,false_negative+position_noise+confidence_error,0.453,trust_weighted_fusion,avoidance,3,0,73.979,7.439,9.891,uav_0,7.439,False,False,False,False,False,1,"[{""id"": ""obstacle_0"", ""kind"": ""static_obstacle"", ""x"": 50.0, ""y"": 50.0, ""radius"": 5.0}]"
delayed_track_sharing,106,21.2,2,44.083,35.24,86.0,90.0,50.0,50.0,48.899,50.785,false_negative+position_noise+confidence_error,0.453,trust_weighted_fusion,avoidance,3,0,68.962,4.726,10.902,uav_3,4.726,False,False,False,False,False,1,"[{""id"": ""obstacle_0"", ""kind"": ""static_obstacle"", ""x"": 50.0, ""y"": 50.0, ""radius"": 5.0}]"
delayed_track_sharing,106,21.2,3,48.27,37.43,90.0,86.0,50.0,50.0,48.899,50.785,false_negative+position_noise+confidence_error,0.453,trust_weighted_fusion,avoidance,1,0,64.035,4.726,7.688,uav_2,4.726,False,False,False,False,False,1,"[{""id"": ""obstacle_0"", ""kind"": ""static_obstacle"", ""x"": 50.0, ""y"": 50.0, ""radius"": 5.0}]"
delayed_track_sharing,107,21.4,0,36.241,34.837,94.0,90.0,50.0,50.0,,,false_negative+position_noise+confidence_error,,trust_weighted_fusion,move,2,0,79.869,7.172,15.475,uav_1,7.172,False,False,False,False,False,1,"[{""id"": ""obstacle_0"", ""kind"": ""static_obstacle"", ""x"": 50.0, ""y"": 50.0, ""radius"": 5.0}]"
delayed_track_sharing,107,21.4,1,37.952,41.802,90.0,94.0,50.0,50.0,49.413,49.382,false_negative+position_noise+confidence_error,0.631,trust_weighted_fusion,avoidance,3,0,73.713,7.172,9.572,uav_0,7.172,False,False,False,False,False,1,"[{""id"": ""obstacle_0"", ""kind"": ""static_obstacle"", ""x"": 50.0, ""y"": 50.0, ""radius"": 5.0}]"
delayed_track_sharing,107,21.4,2,44.479,35.291,86.0,90.0,50.0,50.0,49.413,49.382,false_negative+position_noise+confidence_error,0.631,trust_weighted_fusion,avoidance,4,0,68.681,4.477,10.711,uav_3,4.477,False,False,False,False,False,1,"[{""id"": ""obstacle_0"", ""kind"": ""static_obstacle"", ""x"": 50.0, ""y"": 50.0, ""radius"": 5.0}]"
delayed_track_sharing,107,21.4,3,48.174,37.819,90.0,86.0,50.0,50.0,49.413,49.382,position_noise+confidence_error,0.631,trust_weighted_fusion,avoidance,4,0,63.803,4.477,7.317,uav_2,4.477,False,False,False,False,False,1,"[{""id"": ""obstacle_0"", ""kind"": ""static_obstacle"", ""x"": 50.0, ""y"": 50.0, ""radius"": 5.0}]"
delayed_track_sharing,108,21.6,0,36.53,35.113,94.0,90.0,50.0,50.0,,,false_negative+position_noise+confidence_error,,trust_weighted_fusion,move,2,0,79.469,7.042,15.076,uav_1,7.042,False,False,False,False,False,1,"[{""id"": ""obstacle_0"", ""kind"": ""static_obstacle"", ""x"": 50.0, ""y"": 50.0, ""radius"": 5.0}]"
delayed_track_sharing,108,21.6,1,38.335,41.92,90.0,94.0,50.0,50.0,51.925,49.484,position_noise+confidence_error,0.577,trust_weighted_fusion,avoidance,4,0,73.36,7.042,9.19,uav_0,7.042,False,False,False,False,False,1,"[{""id"": ""obstacle_0"", ""kind"": ""static_obstacle"", ""x"": 50.0, ""y"": 50.0, ""radius"": 5.0}]"
delayed_track_sharing,108,21.6,2,44.87,35.376,86.0,90.0,50.0,50.0,51.925,49.484,position_noise+confidence_error,0.577,trust_weighted_fusion,avoidance,4,0,68.377,4.383,10.498,uav_3,4.383,False,False,False,False,False,1,"[{""id"": ""obstacle_0"", ""kind"": ""static_obstacle"", ""x"": 50.0, ""y"": 50.0, ""radius"": 5.0}]"
delayed_track_sharing,108,21.6,3,48.565,37.734,90.0,86.0,50.0,50.0,51.925,49.484,false_negative+position_noise+confidence_error,0.577,trust_weighted_fusion,avoidance,3,0,63.612,4.383,7.35,uav_2,4.383,False,False,False,False,False,1,"[{""id"": ""obstacle_0"", ""kind"": ""static_obstacle"", ""x"": 50.0, ""y"": 50.0, ""radius"": 5.0}]"
delayed_track_sharing,109,21.8,0,36.82,35.389,94.0,90.0,50.0,50.0,,,false_negative+confidence_error,,trust_weighted_fusion,move,0,0,79.069,6.797,14.677,uav_1,6.797,False,False,False,False,False,1,"[{""id"": ""obstacle_0"", ""kind"": ""static_obstacle"", ""x"": 50.0, ""y"": 50.0, ""radius"": 5.0}]"
delayed_track_sharing,109,21.8,1,38.735,41.911,90.0,94.0,50.0,50.0,50.151,49.976,position_noise+confidence_error,0.41,trust_weighted_fusion,avoidance,4,0,73.085,6.797,8.868,uav_0,6.797,False,False,False,False,False,1,"[{""id"": ""obstacle_0"", ""kind"": ""static_obstacle"", ""x"": 50.0, ""y"": 50.0, ""radius"": 5.0}]"
delayed_track_sharing,109,21.8,2,45.264,35.445,86.0,90.0,50.0,50.0,50.151,49.976,false_negative+position_noise+confidence_error,0.41,trust_weighted_fusion,avoidance,3,0,68.086,4.326,10.306,uav_3,4.326,False,False,False,False,False,1,"[{""id"": ""obstacle_0"", ""kind"": ""static_obstacle"", ""x"": 50.0, ""y"": 50.0, ""radius"": 5.0}]"
delayed_track_sharing,109,21.8,3,48.963,37.689,90.0,86.0,50.0,50.0,50.151,49.976,false_negative+position_noise+confidence_error,0.41,trust_weighted_fusion,avoidance,3,0,63.388,4.326,7.354,uav_2,4.326,False,False,False,False,False,1,"[{""id"": ""obstacle_0"", ""kind"": ""static_obstacle"", ""x"": 50.0, ""y"": 50.0, ""radius"": 5.0}]"
delayed_track_sharing,110,22.0,0,37.202,35.506,94.0,90.0,50.0,50.0,50.032,49.509,position_noise+confidence_error,0.579,trust_weighted_fusion,avoidance,4,0,78.712,6.629,14.336,uav_1,6.629,False,False,False,False,False,1,"[{""id"": ""obstacle_0"", ""kind"": ""static_obstacle"", ""x"": 50.0, ""y"": 50.0, ""radius"": 5.0}]"
delayed_track_sharing,110,22.0,1,39.13,41.848,90.0,94.0,50.0,50.0,50.032,49.509,position_noise+confidence_error,0.579,trust_weighted_fusion,avoidance,4,0,72.853,6.629,8.587,uav_0,6.629,False,False,False,False,False,1,"[{""id"": ""obstacle_0"", ""kind"": ""static_obstacle"", ""x"": 50.0, ""y"": 50.0, ""radius"": 5.0}]"
delayed_track_sharing,110,22.0,2,45.662,35.492,86.0,90.0,50.0,50.0,50.032,49.509,false_negative+position_noise+confidence_error,0.579,trust_weighted_fusion,avoidance,3,0,67.811,4.273,10.143,uav_3,4.273,False,False,False,False,False,1,"[{""id"": ""obstacle_0"", ""kind"": ""static_obstacle"", ""x"": 50.0, ""y"": 50.0, ""radius"": 5.0}]"
delayed_track_sharing,110,22.0,3,49.359,37.634,90.0,86.0,50.0,50.0,50.032,49.509,position_noise+confidence_error,0.579,trust_weighted_fusion,avoidance,4,0,63.174,4.273,7.383,uav_2,4.273,False,False,False,False,False,1,"[{""id"": ""obstacle_0"", ""kind"": ""static_obstacle"", ""x"": 50.0, ""y"": 50.0, ""radius"": 5.0}]"
delayed_track_sharing,111,22.2,0,37.585,35.621,94.0,90.0,50.0,50.0,50.283,49.655,false_negative+position_noise+confidence_error,0.561,trust_weighted_fusion,avoidance,3,0,78.356,6.461,13.997,uav_1,6.461,False,False,False,False,False,1,"[{""id"": ""obstacle_0"", ""kind"": ""static_obstacle"", ""x"": 50.0, ""y"": 50.0, ""radius"": 5.0}]"
delayed_track_sharing,111,22.2,1,39.524,41.784,90.0,94.0,50.0,50.0,50.283,49.655,position_noise+confidence_error,0.561,trust_weighted_fusion,avoidance,4,0,72.624,6.461,8.313,uav_0,6.461,False,False,False,False,False,1,"[{""id"": ""obstacle_0"", ""kind"": ""static_obstacle"", ""x"": 50.0, ""y"": 50.0, ""radius"": 5.0}]"
delayed_track_sharing,111,22.2,2,45.69,35.093,86.0,90.0,50.0,50.0,50.283,49.655,position_noise+confidence_error,0.561,trust_weighted_fusion,avoidance,4,0,68.115,4.772,10.518,uav_3,4.772,False,False,False,False,False,1,"[{""id"": ""obstacle_0"", ""kind"": ""static_obstacle"", ""x"": 50.0, ""y"": 50.0, ""radius"": 5.0}]"
delayed_track_sharing,111,22.2,3,49.756,37.59,90.0,86.0,50.0,50.0,50.283,49.655,false_negative+position_noise+confidence_error,0.561,trust_weighted_fusion,avoidance,3,0,62.953,4.772,7.412,uav_2,4.772,False,False,False,False,False,1,"[{""id"": ""obstacle_0"", ""kind"": ""static_obstacle"", ""x"": 50.0, ""y"": 50.0, ""radius"": 5.0}]"
delayed_track_sharing,112,22.4,0,37.977,35.702,94.0,90.0,50.0,50.0,49.175,49.166,position_noise+confidence_error,0.77,trust_weighted_fusion,avoidance,4,0,78.018,6.162,13.681,uav_1,6.162,False,False,False,False,False,1,"[{""id"": ""obstacle_0"", ""kind"": ""static_obstacle"", ""x"": 50.0, ""y"": 50.0, ""radius"": 5.0}]"
delayed_track_sharing,112,22.4,1,39.862,41.569,90.0,94.0,50.0,50.0,49.175,49.166,position_noise+confidence_error,0.77,trust_weighted_fusion,avoidance,4,0,72.546,6.162,8.186,uav_0,6.162,False,False,False,False,False,1,"[{""id"": ""obstacle_0"", ""kind"": ""static_obstacle"", ""x"": 50.0, ""y"": 50.0, ""radius"": 5.0}]"
delayed_track_sharing,112,22.4,2,46.087,35.136,86.0,90.0,50.0,50.0,49.175,49.166,position_noise+confidence_error,0.77,trust_weighted_fusion,avoidance,4,0,67.846,4.814,10.37,uav_3,4.814,False,False,False,False,False,1,"[{""id"": ""obstacle_0"", ""kind"": ""static_obstacle"", ""x"": 50.0, ""y"": 50.0, ""radius"": 5.0}]"
delayed_track_sharing,112,22.4,3,50.078,37.828,90.0,86.0,50.0,50.0,49.175,49.166,position_noise+confidence_error,0.77,trust_weighted_fusion,avoidance,4,0,62.564,4.814,7.173,uav_2,4.814,False,False,False,False,False,1,"[{""id"": ""obstacle_0"", ""kind"": ""static_obstacle"", ""x"": 50.0, ""y"": 50.0, ""radius"": 5.0}]"
delayed_track_sharing,113,22.6,0,38.371,35.77,94.0,90.0,50.0,50.0,47.847,50.216,position_noise+confidence_error,0.586,trust_weighted_fusion,avoidance,4,0,77.688,5.878,13.378,uav_1,5.878,False,False,False,False,False,1,"[{""id"": ""obstacle_0"", ""kind"": ""static_obstacle"", ""x"": 50.0, ""y"": 50.0, ""radius"": 5.0}]"
delayed_track_sharing,113,22.6,1,40.2,41.356,90.0,94.0,50.0,50.0,47.847,50.216,position_noise+confidence_error,0.586,trust_weighted_fusion,avoidance,4,0,72.467,5.878,8.067,uav_0,5.878,False,False,False,False,False,1,"[{""id"": ""obstacle_0"", ""kind"": ""static_obstacle"", ""x"": 50.0, ""y"": 50.0, ""radius"": 5.0}]"
delayed_track_sharing,113,22.6,2,45.925,34.771,86.0,90.0,50.0,50.0,47.847,50.216,false_negative+position_noise+confidence_error,0.586,trust_weighted_fusion,avoidance,3,0,68.237,5.456,10.765,uav_3,5.456,False,False,False,False,False,1,"[{""id"": ""obstacle_0"", ""kind"": ""static_obstacle"", ""x"": 50.0, ""y"": 50.0, ""radius"": 5.0}]"
delayed_track_sharing,113,22.6,3,50.151,38.221,90.0,86.0,50.0,50.0,47.847,50.216,position_noise+confidence_error,0.586,trust_weighted_fusion,avoidance,4,0,62.216,5.456,6.78,uav_2,5.456,False,False,False,False,False,1,"[{""id"": ""obstacle_0"", ""kind"": ""static_obstacle"", ""x"": 50.0, ""y"": 50.0, ""radius"": 5.0}]"
delayed_track_sharing,114,22.8,0,38.756,35.88,94.0,90.0,50.0,50.0,51.06,49.715,position_noise+confidence_error,0.411,trust_weighted_fusion,avoidance,4,0,77.336,5.725,13.05,uav_1,5.725,False,False,False,False,False,1,"[{""id"": ""obstacle_0"", ""kind"": ""static_obstacle"", ""x"": 50.0, ""y"": 50.0, ""radius"": 5.0}]"
delayed_track_sharing,114,22.8,1,40.596,41.301,90.0,94.0,50.0,50.0,51.06,49.715,false_negative+position_noise+confidence_error,0.411,trust_weighted_fusion,avoidance,3,0,72.235,5.725,7.81,uav_0,5.725,False,False,False,False,False,1,"[{""id"": ""obstacle_0"", ""kind"": ""static_obstacle"", ""x"": 50.0, ""y"": 50.0, ""radius"": 5.0}]"
delayed_track_sharing,114,22.8,2,46.316,34.855,86.0,90.0,50.0,50.0,51.06,49.715,false_negative+position_noise+confidence_error,0.411,trust_weighted_fusion,avoidance,4,0,67.94,5.365,10.587,uav_3,5.365,False,False,False,False,False,1,"[{""id"": ""obstacle_0"", ""kind"": ""static_obstacle"", ""x"": 50.0, ""y"": 50.0, ""radius"": 5.0}]"
delayed_track_sharing,114,22.8,3,50.545,38.155,90.0,86.0,50.0,50.0,51.06,49.715,false_negative+position_noise+confidence_error,0.411,trust_weighted_fusion,avoidance,2,0,62.014,5.365,6.857,uav_2,5.365,False,False,False,False,False,1,"[{""id"": ""obstacle_0"", ""kind"": ""static_obstacle"", ""x"": 50.0, ""y"": 50.0, ""radius"": 5.0}]"
delayed_track_sharing,115,23.0,0,39.148,35.96,94.0,90.0,50.0,50.0,49.821,49.74,false_negative+position_noise+confidence_error,0.702,trust_weighted_fusion,avoidance,3,0,77.001,5.486,12.745,uav_1,5.486,False,False,False,False,False,1,"[{""id"": ""obstacle_0"", ""kind"": ""static_obstacle"", ""x"": 50.0, ""y"": 50.0, ""radius"": 5.0}]"
delayed_track_sharing,115,23.0,1,40.961,41.138,90.0,94.0,50.0,50.0,49.821,49.74,position_noise+confidence_error,0.702,trust_weighted_fusion,avoidance,4,0,72.106,5.486,7.659,uav_0,5.486,False,False,False,False,False,1,"[{""id"": ""obstacle_0"", ""kind"": ""static_obstacle"", ""x"": 50.0, ""y"": 50.0, ""radius"": 5.0}]"
delayed_track_sharing,115,23.0,2,46.709,34.929,86.0,90.0,50.0,50.0,49.821,49.74,false_negative+position_noise+confidence_error,0.702,trust_weighted_fusion,avoidance,3,0,67.651,5.306,10.426,uav_3,5.306,False,False,False,False,False,1,"[{""id"": ""obstacle_0"", ""kind"": ""static_obstacle"", ""x"": 50.0, ""y"": 50.0, ""radius"": 5.0}]"
delayed_track_sharing,115,23.0,3,50.944,38.126,90.0,86.0,50.0,50.0,49.821,49.74,false_negative+position_noise+confidence_error,0.702,trust_weighted_fusion,avoidance,2,0,61.784,5.306,6.912,uav_2,5.306,False,False,False,False,False,1,"[{""id"": ""obstacle_0"", ""kind"": ""static_obstacle"", ""x"": 50.0, ""y"": 50.0, ""radius"": 5.0}]"
delayed_track_sharing,116,23.2,0,39.544,36.013,94.0,90.0,50.0,50.0,48.672,49.895,position_noise+confidence_error,0.623,trust_weighted_fusion,avoidance,4,0,76.681,5.215,12.463,uav_1,5.215,False,False,False,False,False,1,"[{""id"": ""obstacle_0"", ""kind"": ""static_obstacle"", ""x"": 50.0, ""y"": 50.0, ""radius"": 5.0}]"
delayed_track_sharing,116,23.2,1,41.3,40.924,90.0,94.0,50.0,50.0,48.672,49.895,false_negative+position_noise+confidence_error,0.623,trust_weighted_fusion,avoidance,1,0,72.033,5.215,7.573,uav_0,5.215,False,False,False,False,False,1,"[{""id"": ""obstacle_0"", ""kind"": ""static_obstacle"", ""x"": 50.0, ""y"": 50.0, ""radius"": 5.0}]"
delayed_track_sharing,116,23.2,2,47.102,35.005,86.0,90.0,50.0,50.0,48.672,49.895,position_noise+confidence_error,0.623,trust_weighted_fusion,avoidance,4,0,67.362,5.274,10.273,uav_3,5.274,False,False,False,False,False,1,"[{""id"": ""obstacle_0"", ""kind"": ""static_obstacle"", ""x"": 50.0, ""y"": 50.0, ""radius"": 5.0}]"
delayed_track_sharing,116,23.2,3,51.344,38.137,90.0,86.0,50.0,50.0,48.672,49.895,position_noise+confidence_error,0.623,trust_weighted_fusion,avoidance,4,0,61.523,5.274,6.938,uav_2,5.274,False,False,False,False,False,1,"[{""id"": ""obstacle_0"", ""kind"": ""static_obstacle"", ""x"": 50.0, ""y"": 50.0, ""radius"": 5.0}]"
delayed_track_sharing,117,23.4,0,39.943,36.047,94.0,90.0,50.0,50.0,49.586,48.553,false_negative+position_noise+confidence_error,0.736,trust_weighted_fusion,avoidance,3,0,76.375,4.888,12.2,uav_1,4.888,False,False,False,False,False,1,"[{""id"": ""obstacle_0"", ""kind"": ""static_obstacle"", ""x"": 50.0, ""y"": 50.0, ""radius"": 5.0}]"
delayed_track_sharing,117,23.4,1,41.59,40.649,90.0,94.0,50.0,50.0,49.586,48.553,false_negative+position_noise+confidence_error,0.736,trust_weighted_fusion,avoidance,3,0,72.04,4.888,7.576,uav_0,4.888,False,False,False,False,False,1,"[{""id"": ""obstacle_0"", ""kind"": ""static_obstacle"", ""x"": 50.0, ""y"": 50.0, ""radius"": 5.0}]"
delayed_track_sharing,117,23.4,2,47.501,35.032,86.0,90.0,50.0,50.0,49.586,48.553,false_negative+position_noise+confidence_error,0.736,trust_weighted_fusion,avoidance,3,0,67.11,5.231,10.175,uav_3,5.231,False,False,False,False,False,1,"[{""id"": ""obstacle_0"", ""kind"": ""static_obstacle"", ""x"": 50.0, ""y"": 50.0, ""radius"": 5.0}]"
delayed_track_sharing,117,23.4,3,51.742,38.094,90.0,86.0,50.0,50.0,49.586,48.553,false_negative+position_noise+confidence_error,0.736,trust_weighted_fusion,avoidance,2,0,61.308,5.231,7.033,uav_2,5.231,False,False,False,False,False,1,"[{""id"": ""obstacle_0"", ""kind"": ""static_obstacle"", ""x"": 50.0, ""y"": 50.0, ""radius"": 5.0}]"
delayed_track_sharing,118,23.6,0,40.336,36.122,94.0,90.0,50.0,50.0,49.313,51.045,false_negative+position_noise+confidence_error,0.594,trust_weighted_fusion,avoidance,3,0,76.044,4.72,11.912,uav_1,4.72,False,False,False,False,False,1,"[{""id"": ""obstacle_0"", ""kind"": ""static_obstacle"", ""x"": 50.0, ""y"": 50.0, ""radius"": 5.0}]"
delayed_track_sharing,118,23.6,1,41.977,40.547,90.0,94.0,50.0,50.0,49.313,51.045,position_noise+confidence_error,0.594,trust_weighted_fusion,avoidance,4,0,71.857,4.72,7.399,uav_0,4.72,False,False,False,False,False,1,"[{""id"": ""obstacle_0"", ""kind"": ""static_obstacle"", ""x"": 50.0, ""y"": 50.0, ""radius"": 5.0}]"
delayed_track_sharing,118,23.6,2,47.886,35.139,86.0,90.0,50.0,50.0,49.313,51.045,false_negative+position_noise+confidence_error,0.594,trust_weighted_fusion,avoidance,1,0,66.801,5.206,10.01,uav_3,5.206,False,False,False,False,False,1,"[{""id"": ""obstacle_0"", ""kind"": ""static_obstacle"", ""x"": 50.0, ""y"": 50.0, ""radius"": 5.0}]"
delayed_track_sharing,118,23.6,3,52.139,38.142,90.0,86.0,50.0,50.0,49.313,51.045,false_negative+position_noise+confidence_error,0.594,trust_weighted_fusion,avoidance,3,0,61.023,5.206,7.049,uav_2,5.206,False,False,False,False,False,1,"[{""id"": ""obstacle_0"", ""kind"": ""static_obstacle"", ""x"": 50.0, ""y"": 50.0, ""radius"": 5.0}]"
delayed_track_sharing,119,23.8,0,40.731,36.184,94.0,90.0,50.0,50.0,49.556,50.519,false_negative+position_noise+confidence_error,0.691,trust_weighted_fusion,avoidance,3,0,75.722,4.532,11.638,uav_1,4.532,False,False,False,False,False,1,"[{""id"": ""obstacle_0"", ""kind"": ""static_obstacle"", ""x"": 50.0, ""y"": 50.0, ""radius"": 5.0}]"
delayed_track_sharing,119,23.8,1,42.355,40.415,90.0,94.0,50.0,50.0,49.556,50.519,false_negative+position_noise+confidence_error,0.691,trust_weighted_fusion,avoidance,2,0,71.704,4.532,7.261,uav_0,4.532,False,False,False,False,False,1,"[{""id"": ""obstacle_0"", ""kind"": ""static_obstacle"", ""x"": 50.0, ""y"": 50.0, ""radius"": 5.0}]"
delayed_track_sharing,119,23.8,2,48.275,35.231,86.0,90.0,50.0,50.0,49.556,50.519,false_negative+position_noise+confidence_error,0.691,trust_weighted_fusion,avoidance,2,0,66.504,5.182,9.869,uav_3,5.182,False,False,False,False,False,1,"[{""id"": ""obstacle_0"", ""kind"": ""static_obstacle"", ""x"": 50.0, ""y"": 50.0, ""radius"": 5.0}]"
delayed_track_sharing,119,23.8,3,52.537,38.18,90.0,86.0,50.0,50.0,49.556,50.519,false_negative+position_noise+confidence_error,0.691,trust_weighted_fusion,avoidance,3,0,60.747,5.182,7.089,uav_2,5.182,False,False,False,False,False,1,"[{""id"": ""obstacle_0"", ""kind"": ""static_obstacle"", ""x"": 50.0, ""y"": 50.0, ""radius"": 5.0}]"
delayed_track_sharing,120,24.0,0,41.128,36.227,94.0,90.0,50.0,50.0,49.553,49.999,false_negative+position_noise+confidence_error,0.656,trust_weighted_fusion,avoidance,3,0,75.412,4.322,11.383,uav_1,4.322,False,False,False,False,False,1,"[{""id"": ""obstacle_0"", ""kind"": ""static_obstacle"", ""x"": 50.0, ""y"": 50.0, ""radius"": 5.0}]"
delayed_track_sharing,120,24.0,1,42.717,40.246,90.0,94.0,50.0,50.0,49.553,49.999,false_negative+position_noise+confidence_error,0.656,trust_weighted_fusion,avoidance,3,0,71.59,4.322,7.173,uav_0,4.322,False,False,False,False,False,1,"[{""id"": ""obstacle_0"", ""kind"": ""static_obstacle"", ""x"": 50.0, ""y"": 50.0, ""radius"": 5.0}]"
delayed_track_sharing,120,24.0,2,48.668,35.308,86.0,90.0,50.0,50.0,49.553,49.999,false_negative+position_noise+confidence_error,0.656,trust_weighted_fusion,avoidance,3,0,66.219,5.163,9.752,uav_3,5.163,False,False,False,False,False,1,"[{""id"": ""obstacle_0"", ""kind"": ""static_obstacle"", ""x"": 50.0, ""y"": 50.0, ""radius"": 5.0}]"
delayed_track_sharing,120,24.0,3,52.936,38.213,90.0,86.0,50.0,50.0,49.553,49.999,position_noise+confidence_error,0.656,trust_weighted_fusion,avoidance,4,0,60.476,5.163,7.147,uav_2,5.163,False,False,False,False,False,1,"[{""id"": ""obstacle_0"", ""kind"": ""static_obstacle"", ""x"": 50.0, ""y"": 50.0, ""radius"": 5.0}]"
delayed_track_sharing,121,24.2,0,40.798,36.002,94.0,90.0,50.0,50.0,50.084,50.023,false_negative+position_noise+confidence_error,0.392,trust_weighted_fusion,avoidance,4,0,75.804,5.004,11.752,uav_1,5.004,False,False,False,False,False,1,"[{""id"": ""obstacle_0"", ""kind"": ""static_obstacle"", ""x"": 50.0, ""y"": 50.0, ""radius"": 5.0}]"
delayed_track_sharing,121,24.2,1,42.669,40.643,90.0,94.0,50.0,50.0,50.084,50.023,false_negative+position_noise+confidence_error,0.392,trust_weighted_fusion,avoidance,4,0,71.325,5.004,6.887,uav_0,5.004,False,False,False,False,False,1,"[{""id"": ""obstacle_0"", ""kind"": ""static_obstacle"", ""x"": 50.0, ""y"": 50.0, ""radius"": 5.0}]"
delayed_track_sharing,121,24.2,2,49.061,35.384,86.0,90.0,50.0,50.0,50.084,50.023,false_negative+position_noise+confidence_error,0.392,trust_weighted_fusion,avoidance,3,0,65.935,5.143,9.646,uav_3,5.143,False,False,False,False,False,1,"[{""id"": ""obstacle_0"", ""kind"": ""static_obstacle"", ""x"": 50.0, ""y"": 50.0, ""radius"": 5.0}]"
delayed_track_sharing,121,24.2,3,53.334,38.245,90.0,86.0,50.0,50.0,50.084,50.023,false_negative+position_noise+confidence_error,0.392,trust_weighted_fusion,avoidance,3,0,60.208,5.143,7.219,uav_2,5.143,False,False,False,False,False,1,"[{""id"": ""obstacle_0"", ""kind"": ""static_obstacle"", ""x"": 50.0, ""y"": 50.0, ""radius"": 5.0}]"
delayed_track_sharing,122,24.4,0,41.195,36.049,94.0,90.0,50.0,50.0,50.818,48.915,false_negative+position_noise+confidence_error,0.439,trust_weighted_fusion,avoidance,3,0,75.492,4.72,11.497,uav_1,4.72,False,False,False,False,False,1,"[{""id"": ""obstacle_0"", ""kind"": ""static_obstacle"", ""x"": 50.0, ""y"": 50.0, ""radius"": 5.0}]"
delayed_track_sharing,122,24.4,1,42.996,40.412,90.0,94.0,50.0,50.0,50.818,48.915,position_noise+confidence_error,0.439,trust_weighted_fusion,avoidance,4,0,71.281,4.72,6.873,uav_0,4.72,False,False,False,False,False,1,"[{""id"": ""obstacle_0"", ""kind"": ""static_obstacle"", ""x"": 50.0, ""y"": 50.0, ""radius"": 5.0}]"
delayed_track_sharing,122,24.4,2,49.459,35.418,86.0,90.0,50.0,50.0,50.818,48.915,position_noise+confidence_error,0.439,trust_weighted_fusion,avoidance,4,0,65.684,5.12,9.592,uav_3,5.12,False,False,False,False,False,1,"[{""id"": ""obstacle_0"", ""kind"": ""static_obstacle"", ""x"": 50.0, ""y"": 50.0, ""radius"": 5.0}]"
delayed_track_sharing,122,24.4,3,53.734,38.236,90.0,86.0,50.0,50.0,50.818,48.915,false_negative+position_noise+confidence_error,0.439,trust_weighted_fusion,avoidance,2,0,59.972,5.12,7.343,uav_2,5.12,False,False,False,False,False,1,"[{""id"": ""obstacle_0"", ""kind"": ""static_obstacle"", ""x"": 50.0, ""y"": 50.0, ""radius"": 5.0}]"
delayed_track_sharing,123,24.6,0,41.288,35.66,94.0,90.0,50.0,50.0,51.154,51.343,false_negative+position_noise+confidence_error,0.364,trust_weighted_fusion,avoidance,3,0,75.706,5.149,11.779,uav_1,5.149,False,False,False,False,False,1,"[{""id"": ""obstacle_0"", ""kind"": ""static_obstacle"", ""x"": 50.0, ""y"": 50.0, ""radius"": 5.0}]"
delayed_track_sharing,123,24.6,1,43.392,40.36,90.0,94.0,50.0,50.0,51.154,51.343,false_negative+position_noise+confidence_error,0.364,trust_weighted_fusion,avoidance,4,0,71.06,5.149,6.687,uav_0,5.149,False,False,False,False,False,1,"[{""id"": ""obstacle_0"", ""kind"": ""static_obstacle"", ""x"": 50.0, ""y"": 50.0, ""radius"": 5.0}]"
delayed_track_sharing,123,24.6,2,49.843,35.53,86.0,90.0,50.0,50.0,51.154,51.343,position_noise+confidence_error,0.364,trust_weighted_fusion,avoidance,4,0,65.378,5.101,9.47,uav_3,5.101,False,False,False,False,False,1,"[{""id"": ""obstacle_0"", ""kind"": ""static_obstacle"", ""x"": 50.0, ""y"": 50.0, ""radius"": 5.0}]"
delayed_track_sharing,123,24.6,3,54.13,38.296,90.0,86.0,50.0,50.0,51.154,51.343,position_noise+confidence_error,0.364,trust_weighted_fusion,avoidance,4,0,59.685,5.101,7.411,uav_2,5.101,False,False,False,False,False,1,"[{""id"": ""obstacle_0"", ""kind"": ""static_obstacle"", ""x"": 50.0, ""y"": 50.0, ""radius"": 5.0}]"
delayed_track_sharing,124,24.8,0,41.386,35.273,94.0,90.0,50.0,50.0,50.981,51.18,position_noise+confidence_error,0.417,trust_weighted_fusion,avoidance,4,0,75.916,5.556,12.061,uav_1,5.556,False,False,False,False,False,1,"[{""id"": ""obstacle_0"", ""kind"": ""static_obstacle"", ""x"": 50.0, ""y"": 50.0, ""radius"": 5.0}]"
delayed_track_sharing,124,24.8,1,43.785,40.284,90.0,94.0,50.0,50.0,50.981,51.18,position_noise+confidence_error,0.417,trust_weighted_fusion,avoidance,4,0,70.861,5.556,6.534,uav_0,5.556,False,False,False,False,False,1,"[{""id"": ""obstacle_0"", ""kind"": ""static_obstacle"", ""x"": 50.0, ""y"": 50.0, ""radius"": 5.0}]"
delayed_track_sharing,124,24.8,2,50.228,35.638,86.0,90.0,50.0,50.0,50.981,51.18,position_noise+confidence_error,0.417,trust_weighted_fusion,avoidance,4,0,65.076,5.087,9.364,uav_3,5.087,False,False,False,False,False,1,"[{""id"": ""obstacle_0"", ""kind"": ""static_obstacle"", ""x"": 50.0, ""y"": 50.0, ""radius"": 5.0}]"
delayed_track_sharing,124,24.8,3,54.524,38.362,90.0,86.0,50.0,50.0,50.981,51.18,position_noise+confidence_error,0.417,trust_weighted_fusion,avoidance,4,0,59.396,5.087,7.486,uav_2,5.087,False,False,False,False,False,1,"[{""id"": ""obstacle_0"", ""kind"": ""static_obstacle"", ""x"": 50.0, ""y"": 50.0, ""radius"": 5.0}]"
delayed_track_sharing,125,25.0,0,41.784,35.319,94.0,90.0,50.0,50.0,48.804,49.836,false_negative+position_noise+confidence_error,0.51,trust_weighted_fusion,avoidance,3,0,75.608,5.301,11.824,uav_1,5.301,False,False,False,False,False,1,"[{""id"": ""obstacle_0"", ""kind"": ""static_obstacle"", ""x"": 50.0, ""y"": 50.0, ""radius"": 5.0}]"
delayed_track_sharing,125,25.0,1,44.126,40.074,90.0,94.0,50.0,50.0,48.804,49.836,position_noise+confidence_error,0.51,trust_weighted_fusion,avoidance,4,0,70.798,5.301,6.533,uav_0,5.301,False,False,False,False,False,1,"[{""id"": ""obstacle_0"", ""kind"": ""static_obstacle"", ""x"": 50.0, ""y"": 50.0, ""radius"": 5.0}]"
delayed_track_sharing,125,25.0,2,50.619,35.725,86.0,90.0,50.0,50.0,48.804,49.836,false_negative+position_noise+confidence_error,0.51,trust_weighted_fusion,avoidance,3,0,64.789,5.09,9.288,uav_3,5.09,False,False,False,False,False,1,"[{""id"": ""obstacle_0"", ""kind"": ""static_obstacle"", ""x"": 50.0, ""y"": 50.0, ""radius"": 5.0}]"
delayed_track_sharing,125,25.0,3,54.913,38.458,90.0,86.0,50.0,50.0,48.804,49.836,position_noise+confidence_error,0.51,trust_weighted_fusion,avoidance,4,0,59.088,5.09,7.544,uav_2,5.09,False,False,False,False,False,1,"[{""id"": ""obstacle_0"", ""kind"": ""static_obstacle"", ""x"": 50.0, ""y"": 50.0, ""radius"": 5.0}]"
delayed_track_sharing,126,25.2,0,42.179,35.377,94.0,90.0,50.0,50.0,50.001,49.862,false_negative+position_noise+confidence_error,0.13,trust_weighted_fusion,avoidance,3,0,75.293,5.067,11.582,uav_1,5.067,False,False,False,False,False,1,"[{""id"": ""obstacle_0"", ""kind"": ""static_obstacle"", ""x"": 50.0, ""y"": 50.0, ""radius"": 5.0}]"
delayed_track_sharing,126,25.2,1,44.482,39.891,90.0,94.0,50.0,50.0,50.001,49.862,false_negative+position_noise+confidence_error,0.13,trust_weighted_fusion,avoidance,4,0,70.708,5.067,6.517,uav_0,5.067,False,False,False,False,False,1,"[{""id"": ""obstacle_0"", ""kind"": ""static_obstacle"", ""x"": 50.0, ""y"": 50.0, ""radius"": 5.0}]"
delayed_track_sharing,126,25.2,2,51.011,35.803,86.0,90.0,50.0,50.0,50.001,49.862,false_negative+position_noise+confidence_error,0.13,trust_weighted_fusion,avoidance,3,0,64.51,5.089,9.232,uav_3,5.089,False,False,False,False,False,1,"[{""id"": ""obstacle_0"", ""kind"": ""static_obstacle"", ""x"": 50.0, ""y"": 50.0, ""radius"": 5.0}]"
delayed_track_sharing,126,25.2,3,55.305,38.534,90.0,86.0,50.0,50.0,50.001,49.862,false_negative+position_noise+confidence_error,0.13,trust_weighted_fusion,avoidance,2,0,58.794,5.089,7.633,uav_2,5.089,False,False,False,False,False,1,"[{""id"": ""obstacle_0"", ""kind"": ""static_obstacle"", ""x"": 50.0, ""y"": 50.0, ""radius"": 5.0}]"
delayed_track_sharing,127,25.4,0,42.577,35.426,94.0,90.0,50.0,50.0,50.526,49.371,false_negative+position_noise+confidence_error,0.398,trust_weighted_fusion,avoidance,1,0,74.985,4.821,11.356,uav_1,4.821,False,False,False,False,False,1,"[{""id"": ""obstacle_0"", ""kind"": ""static_obstacle"", ""x"": 50.0, ""y"": 50.0, ""radius"": 5.0}]"
delayed_track_sharing,127,25.4,1,44.827,39.69,90.0,94.0,50.0,50.0,50.526,49.371,position_noise+confidence_error,0.398,trust_weighted_fusion,avoidance,4,0,70.641,4.821,6.535,uav_0,4.821,False,False,False,False,False,1,"[{""id"": ""obstacle_0"", ""kind"": ""static_obstacle"", ""x"": 50.0, ""y"": 50.0, ""radius"": 5.0}]"
delayed_track_sharing,127,25.4,2,51.406,35.864,86.0,90.0,50.0,50.0,50.526,49.371,false_negative+position_noise+confidence_error,0.398,trust_weighted_fusion,avoidance,3,0,64.245,5.091,9.206,uav_3,5.091,False,False,False,False,False,1,"[{""id"": ""obstacle_0"", ""kind"": ""static_obstacle"", ""x"": 50.0, ""y"": 50.0, ""radius"": 5.0}]"
delayed_track_sharing,127,25.4,3,55.7,38.599,90.0,86.0,50.0,50.0,50.526,49.371,position_noise+confidence_error,0.398,trust_weighted_fusion,avoidance,4,0,58.51,5.091,7.747,uav_2,5.091,False,False,False,False,False,1,"[{""id"": ""obstacle_0"", ""kind"": ""static_obstacle"", ""x"": 50.0, ""y"": 50.0, ""radius"": 5.0}]"
delayed_track_sharing,128,25.6,0,42.966,35.518,94.0,90.0,50.0,50.0,49.511,52.136,false_negative+position_noise+confidence_error,0.535,trust_weighted_fusion,avoidance,3,0,74.651,4.712,11.1,uav_1,4.712,False,False,False,False,False,1,"[{""id"": ""obstacle_0"", ""kind"": ""static_obstacle"", ""x"": 50.0, ""y"": 50.0, ""radius"": 5.0}]"
delayed_track_sharing,128,25.6,1,45.225,39.653,90.0,94.0,50.0,50.0,49.511,52.136,position_noise+confidence_error,0.535,trust_weighted_fusion,avoidance,4,0,70.416,4.712,6.396,uav_0,4.712,False,False,False,False,False,1,"[{""id"": ""obstacle_0"", ""kind"": ""static_obstacle"", ""x"": 50.0, ""y"": 50.0, ""radius"": 5.0}]"
delayed_track_sharing,128,25.6,2,51.78,36.006,86.0,90.0,50.0,50.0,49.511,52.136,false_negative+position_noise+confidence_error,0.535,trust_weighted_fusion,avoidance,4,0,63.925,5.089,9.107,uav_3,5.089,False,False,False,False,False,1,"[{""id"": ""obstacle_0"", ""kind"": ""static_obstacle"", ""x"": 50.0, ""y"": 50.0, ""radius"": 5.0}]"
delayed_track_sharing,128,25.6,3,56.077,38.732,90.0,86.0,50.0,50.0,49.511,52.136,false_negative+position_noise+confidence_error,0.535,trust_weighted_fusion,avoidance,3,0,58.181,5.089,7.802,uav_2,5.089,False,False,False,False,False,1,"[{""id"": ""obstacle_0"", ""kind"": ""static_obstacle"", ""x"": 50.0, ""y"": 50.0, ""radius"": 5.0}]"
delayed_track_sharing,129,25.8,0,43.36,35.586,94.0,90.0,50.0,50.0,50.727,50.571,position_noise+confidence_error,0.62,trust_weighted_fusion,avoidance,4,0,74.332,4.551,10.87,uav_1,4.551,False,False,False,False,False,1,"[{""id"": ""obstacle_0"", ""kind"": ""static_obstacle"", ""x"": 50.0, ""y"": 50.0, ""radius"": 5.0}]"
delayed_track_sharing,129,25.8,1,45.61,39.542,90.0,94.0,50.0,50.0,50.727,50.571,false_negative+position_noise+confidence_error,0.62,trust_weighted_fusion,avoidance,3,0,70.258,4.551,6.343,uav_0,4.551,False,False,False,False,False,1,"[{""id"": ""obstacle_0"", ""kind"": ""static_obstacle"", ""x"": 50.0, ""y"": 50.0, ""radius"": 5.0}]"
delayed_track_sharing,129,25.8,2,52.168,36.104,86.0,90.0,50.0,50.0,50.727,50.571,false_negative+position_noise+confidence_error,0.62,trust_weighted_fusion,avoidance,3,0,63.635,5.088,9.065,uav_3,5.088,False,False,False,False,False,1,"[{""id"": ""obstacle_0"", ""kind"": ""static_obstacle"", ""x"": 50.0, ""y"": 50.0, ""radius"": 5.0}]"
delayed_track_sharing,129,25.8,3,56.465,38.828,90.0,86.0,50.0,50.0,50.727,50.571,false_negative+position_noise+confidence_error,0.62,trust_weighted_fusion,avoidance,2,0,57.877,5.088,7.908,uav_2,5.088,False,False,False,False,False,1,"[{""id"": ""obstacle_0"", ""kind"": ""static_obstacle"", ""x"": 50.0, ""y"": 50.0, ""radius"": 5.0}]"
delayed_track_sharing,130,26.0,0,43.136,35.254,94.0,90.0,50.0,50.0,49.05,50.062,false_negative+position_noise+confidence_error,0.655,trust_weighted_fusion,avoidance,3,0,74.728,5.026,11.265,uav_1,5.026,False,False,False,False,False,1,"[{""id"": ""obstacle_0"", ""kind"": ""static_obstacle"", ""x"": 50.0, ""y"": 50.0, ""radius"": 5.0}]"
delayed_track_sharing,130,26.0,1,45.982,39.397,90.0,94.0,50.0,50.0,49.05,50.062,false_negative+position_noise+confidence_error,0.655,trust_weighted_fusion,avoidance,3,0,70.136,5.026,6.339,uav_0,5.026,False,False,False,False,False,1,"[{""id"": ""obstacle_0"", ""kind"": ""static_obstacle"", ""x"": 50.0, ""y"": 50.0, ""radius"": 5.0}]"
delayed_track_sharing,130,26.0,2,52.154,35.704,86.0,90.0,50.0,50.0,49.05,50.062,position_noise+confidence_error,0.655,trust_weighted_fusion,avoidance,4,0,63.981,5.709,9.458,uav_3,5.709,False,False,False,False,False,1,"[{""id"": ""obstacle_0"", ""kind"": ""static_obstacle"", ""x"": 50.0, ""y"": 50.0, ""radius"": 5.0}]"
delayed_track_sharing,130,26.0,3,56.842,38.962,90.0,86.0,50.0,50.0,49.05,50.062,position_noise+confidence_error,0.655,trust_weighted_fusion,avoidance,4,0,57.55,5.709,7.987,uav_2,5.709,False,False,False,False,False,1,"[{""id"": ""obstacle_0"", ""kind"": ""static_obstacle"", ""x"": 50.0, ""y"": 50.0, ""radius"": 5.0}]"
delayed_track_sharing,131,26.2,0,43.535,35.288,94.0,90.0,50.0,50.0,50.047,49.367,false_negative+position_noise+confidence_error,0.516,trust_weighted_fusion,avoidance,4,0,74.432,4.825,11.07,uav_1,4.825,False,False,False,False,False,1,"[{""id"": ""obstacle_0"", ""kind"": ""static_obstacle"", ""x"": 50.0, ""y"": 50.0, ""radius"": 5.0}]"
delayed_track_sharing,131,26.2,1,46.339,39.215,90.0,94.0,50.0,50.0,50.047,49.367,position_noise+confidence_error,0.516,trust_weighted_fusion,avoidance,4,0,70.055,4.825,6.389,uav_0,4.825,False,False,False,False,False,1,"[{""id"": ""obstacle_0"", ""kind"": ""static_obstacle"", ""x"": 50.0, ""y"": 50.0, ""radius"": 5.0}]"
delayed_track_sharing,131,26.2,2,52.544,35.793,86.0,90.0,50.0,50.0,50.047,49.367,position_noise+confidence_error,0.516,trust_weighted_fusion,avoidance,4,0,63.7,5.718,9.433,uav_3,5.718,False,False,False,False,False,1,"[{""id"": ""obstacle_0"", ""kind"": ""static_obstacle"", ""x"": 50.0, ""y"": 50.0, ""radius"": 5.0}]"
delayed_track_sharing,131,26.2,3,57.226,39.076,90.0,86.0,50.0,50.0,50.047,49.367,false_negative+position_noise+confidence_error,0.516,trust_weighted_fusion,avoidance,3,0,57.237,5.718,8.098,uav_2,5.718,False,False,False,False,False,1,"[{""id"": ""obstacle_0"", ""kind"": ""static_obstacle"", ""x"": 50.0, ""y"": 50.0, ""radius"": 5.0}]"
delayed_track_sharing,132,26.4,0,43.922,35.389,94.0,90.0,50.0,50.0,51.538,51.682,false_negative+position_noise+confidence_error,0.405,trust_weighted_fusion,avoidance,3,0,74.096,4.73,10.825,uav_1,4.73,False,False,False,False,False,1,"[{""id"": ""obstacle_0"", ""kind"": ""static_obstacle"", ""x"": 50.0, ""y"": 50.0, ""radius"": 5.0}]"
delayed_track_sharing,132,26.4,1,46.738,39.19,90.0,94.0,50.0,50.0,51.538,51.682,false_negative+position_noise+confidence_error,0.405,trust_weighted_fusion,avoidance,2,0,69.827,4.73,6.292,uav_0,4.73,False,False,False,False,False,1,"[{""id"": ""obstacle_0"", ""kind"": ""static_obstacle"", ""x"": 50.0, ""y"": 50.0, ""radius"": 5.0}]"
delayed_track_sharing,132,26.4,2,52.922,35.925,86.0,90.0,50.0,50.0,51.538,51.682,false_negative+position_noise+confidence_error,0.405,trust_weighted_fusion,avoidance,3,0,63.39,5.713,9.375,uav_3,5.713,False,False,False,False,False,1,"[{""id"": ""obstacle_0"", ""kind"": ""static_obstacle"", ""x"": 50.0, ""y"": 50.0, ""radius"": 5.0}]"
delayed_track_sharing,132,26.4,3,57.608,39.193,90.0,86.0,50.0,50.0,51.538,51.682,false_negative+position_noise+confidence_error,0.405,trust_weighted_fusion,avoidance,2,0,56.922,5.713,8.217,uav_2,5.713,False,False,False,False,False,1,"[{""id"": ""obstacle_0"", ""kind"": ""static_obstacle"", ""x"": 50.0, ""y"": 50.0, ""radius"": 5.0}]"
delayed_track_sharing,133,26.6,0,44.322,35.401,94.0,90.0,50.0,50.0,49.362,49.258,false_negative+position_noise+confidence_error,0.445,trust_weighted_fusion,avoidance,3,0,73.817,4.568,10.664,uav_1,4.568,False,False,False,False,False,1,"[{""id"": ""obstacle_0"", ""kind"": ""static_obstacle"", ""x"": 50.0, ""y"": 50.0, ""radius"": 5.0}]"
delayed_track_sharing,133,26.6,1,47.103,39.025,90.0,94.0,50.0,50.0,49.362,49.258,false_negative+position_noise+confidence_error,0.445,trust_weighted_fusion,avoidance,4,0,69.731,4.568,6.351,uav_0,4.568,False,False,False,False,False,1,"[{""id"": ""obstacle_0"", ""kind"": ""static_obstacle"", ""x"": 50.0, ""y"": 50.0, ""radius"": 5.0}]"
delayed_track_sharing,133,26.6,2,53.307,36.031,86.0,90.0,50.0,50.0,49.362,49.258,false_negative+position_noise+confidence_error,0.445,trust_weighted_fusion,avoidance,4,0,63.099,5.725,9.355,uav_3,5.725,False,False,False,False,False,1,"[{""id"": ""obstacle_0"", ""kind"": ""static_obstacle"", ""x"": 50.0, ""y"": 50.0, ""radius"": 5.0}]"
delayed_track_sharing,133,26.6,3,57.981,39.338,90.0,86.0,50.0,50.0,49.362,49.258,position_noise+confidence_error,0.445,trust_weighted_fusion,avoidance,4,0,56.591,5.725,8.318,uav_2,5.725,False,False,False,False,False,1,"[{""id"": ""obstacle_0"", ""kind"": ""static_obstacle"", ""x"": 50.0, ""y"": 50.0, ""radius"": 5.0}]"
delayed_track_sharing,134,26.8,0,44.722,35.394,94.0,90.0,50.0,50.0,50.507,48.488,false_negative+position_noise+confidence_error,0.574,trust_weighted_fusion,avoidance,3,0,73.554,4.37,10.53,uav_1,4.37,False,False,False,False,False,1,"[{""id"": ""obstacle_0"", ""kind"": ""static_obstacle"", ""x"": 50.0, ""y"": 50.0, ""radius"": 5.0}]"
delayed_track_sharing,134,26.8,1,47.442,38.814,90.0,94.0,50.0,50.0,50.507,48.488,position_noise+confidence_error,0.574,trust_weighted_fusion,avoidance,4,0,69.69,4.37,6.475,uav_0,4.37,False,False,False,False,False,1,"[{""id"": ""obstacle_0"", ""kind"": ""static_obstacle"", ""x"": 50.0, ""y"": 50.0, ""radius"": 5.0}]"
delayed_track_sharing,134,26.8,2,53.701,36.102,86.0,90.0,50.0,50.0,50.507,48.488,position_noise+confidence_error,0.574,trust_weighted_fusion,avoidance,4,0,62.835,5.745,9.382,uav_3,5.745,False,False,False,False,False,1,"[{""id"": ""obstacle_0"", ""kind"": ""static_obstacle"", ""x"": 50.0, ""y"": 50.0, ""radius"": 5.0}]"
delayed_track_sharing,134,26.8,3,58.361,39.462,90.0,86.0,50.0,50.0,50.507,48.488,position_noise+confidence_error,0.574,trust_weighted_fusion,avoidance,4,0,56.274,5.745,8.452,uav_2,5.745,False,False,False,False,False,1,"[{""id"": ""obstacle_0"", ""kind"": ""static_obstacle"", ""x"": 50.0, ""y"": 50.0, ""radius"": 5.0}]"
delayed_track_sharing,135,27.0,0,45.12,35.428,94.0,90.0,50.0,50.0,49.146,50.072,false_negative+position_noise+confidence_error,0.637,trust_weighted_fusion,avoidance,3,0,73.262,4.275,10.367,uav_1,4.275,False,False,False,False,False,1,"[{""id"": ""obstacle_0"", ""kind"": ""static_obstacle"", ""x"": 50.0, ""y"": 50.0, ""radius"": 5.0}]"
delayed_track_sharing,135,27.0,1,47.834,38.731,90.0,94.0,50.0,50.0,49.146,50.072,false_negative+position_noise+confidence_error,0.637,trust_weighted_fusion,avoidance,3,0,69.517,4.275,6.475,uav_0,4.275,False,False,False,False,False,1,"[{""id"": ""obstacle_0"", ""kind"": ""static_obstacle"", ""x"": 50.0, ""y"": 50.0, ""radius"": 5.0}]"
delayed_track_sharing,135,27.0,2,54.077,36.238,86.0,90.0,50.0,50.0,49.146,50.072,position_noise+confidence_error,0.637,trust_weighted_fusion,avoidance,4,0,62.525,5.753,9.353,uav_3,5.753,False,False,False,False,False,1,"[{""id"": ""obstacle_0"", ""kind"": ""static_obstacle"", ""x"": 50.0, ""y"": 50.0, ""radius"": 5.0}]"
delayed_track_sharing,135,27.0,3,58.724,39.63,90.0,86.0,50.0,50.0,49.146,50.072,false_negative+position_noise+confidence_error,0.637,trust_weighted_fusion,avoidance,4,0,55.931,5.753,8.551,uav_2,5.753,False,False,False,False,False,1,"[{""id"": ""obstacle_0"", ""kind"": ""static_obstacle"", ""x"": 50.0, ""y"": 50.0, ""radius"": 5.0}]"
delayed_track_sharing,136,27.2,0,45.518,35.467,94.0,90.0,50.0,50.0,48.764,50.291,false_negative+position_noise+confidence_error,0.381,trust_weighted_fusion,avoidance,3,0,72.968,4.201,10.209,uav_1,4.201,False,False,False,False,False,1,"[{""id"": ""obstacle_0"", ""kind"": ""static_obstacle"", ""x"": 50.0, ""y"": 50.0, ""radius"": 5.0}]"
delayed_track_sharing,136,27.2,1,48.23,38.675,90.0,94.0,50.0,50.0,48.764,50.291,false_negative+position_noise+confidence_error,0.381,trust_weighted_fusion,avoidance,3,0,69.322,4.201,6.462,uav_0,4.201,False,False,False,False,False,1,"[{""id"": ""obstacle_0"", ""kind"": ""static_obstacle"", ""x"": 50.0, ""y"": 50.0, ""radius"": 5.0}]"
delayed_track_sharing,136,27.2,2,54.122,35.841,86.0,90.0,50.0,50.0,48.764,50.291,position_noise+confidence_error,0.381,trust_weighted_fusion,avoidance,4,0,62.845,6.353,9.747,uav_3,6.353,False,False,False,False,False,1,"[{""id"": ""obstacle_0"", ""kind"": ""static_obstacle"", ""x"": 50.0, ""y"": 50.0, ""radius"": 5.0}]"
delayed_track_sharing,136,27.2,3,59.081,39.812,90.0,86.0,50.0,50.0,48.764,50.291,position_noise+confidence_error,0.381,trust_weighted_fusion,avoidance,4,0,55.582,6.353,8.648,uav_2,6.353,False,False,False,False,False,1,"[{""id"": ""obstacle_0"", ""kind"": ""static_obstacle"", ""x"": 50.0, ""y"": 50.0, ""radius"": 5.0}]"
delayed_track_sharing,137,27.4,0,45.727,35.125,94.0,90.0,50.0,50.0,48.936,50.693,position_noise+confidence_error,0.626,trust_weighted_fusion,avoidance,4,0,73.086,4.561,10.476,uav_1,4.561,False,False,False,False,False,1,"[{""id"": ""obstacle_0"", ""kind"": ""static_obstacle"", ""x"": 50.0, ""y"": 50.0, ""radius"": 5.0}]"
delayed_track_sharing,137,27.4,1,48.629,38.645,90.0,94.0,50.0,50.0,48.936,50.693,false_negative+position_noise+confidence_error,0.626,trust_weighted_fusion,avoidance,3,0,69.107,4.561,6.438,uav_0,4.561,False,False,False,False,False,1,"[{""id"": ""obstacle_0"", ""kind"": ""static_obstacle"", ""x"": 50.0, ""y"": 50.0, ""radius"": 5.0}]"
delayed_track_sharing,137,27.4,2,54.488,36.001,86.0,90.0,50.0,50.0,48.936,50.693,false_negative+position_noise+confidence_error,0.626,trust_weighted_fusion,avoidance,2,0,62.521,6.359,9.701,uav_3,6.359,False,False,False,False,False,1,"[{""id"": ""obstacle_0"", ""kind"": ""static_obstacle"", ""x"": 50.0, ""y"": 50.0, ""radius"": 5.0}]"
delayed_track_sharing,137,27.4,3,59.435,39.997,90.0,86.0,50.0,50.0,48.936,50.693,position_noise+confidence_error,0.626,trust_weighted_fusion,avoidance,4,0,55.231,6.359,8.751,uav_2,6.359,False,False,False,False,False,1,"[{""id"": ""obstacle_0"", ""kind"": ""static_obstacle"", ""x"": 50.0, ""y"": 50.0, ""radius"": 5.0}]"
delayed_track_sharing,138,27.6,0,46.127,35.141,94.0,90.0,50.0,50.0,50.032,49.121,position_noise+confidence_error,0.508,trust_weighted_fusion,avoidance,4,0,72.81,4.447,10.356,uav_1,4.447,False,False,False,False,False,1,"[{""id"": ""obstacle_0"", ""kind"": ""static_obstacle"", ""x"": 50.0, ""y"": 50.0, ""radius"": 5.0}]"
delayed_track_sharing,138,27.6,1,49.011,38.526,90.0,94.0,50.0,50.0,50.032,49.121,position_noise+confidence_error,0.508,trust_weighted_fusion,avoidance,4,0,68.974,4.447,6.516,uav_0,4.447,False,False,False,False,False,1,"[{""id"": ""obstacle_0"", ""kind"": ""static_obstacle"", ""x"": 50.0, ""y"": 50.0, ""radius"": 5.0}]"
delayed_track_sharing,138,27.6,2,54.869,36.123,86.0,90.0,50.0,50.0,50.032,49.121,false_negative+position_noise+confidence_error,0.508,trust_weighted_fusion,avoidance,3,0,62.224,6.333,9.707,uav_1,6.333,False,False,False,False,False,1,"[{""id"": ""obstacle_0"", ""kind"": ""static_obstacle"", ""x"": 50.0, ""y"": 50.0, ""radius"": 5.0}]"
delayed_track_sharing,138,27.6,3,59.797,40.167,90.0,86.0,50.0,50.0,50.032,49.121,false_negative+position_noise+confidence_error,0.508,trust_weighted_fusion,avoidance,3,0,54.889,6.375,8.88,uav_2,6.375,False,False,False,False,False,1,"[{""id"": ""obstacle_0"", ""kind"": ""static_obstacle"", ""x"": 50.0, ""y"": 50.0, ""radius"": 5.0}]"
delayed_track_sharing,139,27.8,0,46.065,34.746,94.0,90.0,50.0,50.0,49.511,48.914,false_negative+position_noise+confidence_error,0.625,trust_weighted_fusion,avoidance,3,0,73.149,5.146,10.754,uav_1,5.146,False,False,False,False,False,1,"[{""id"": ""obstacle_0"", ""kind"": ""static_obstacle"", ""x"": 50.0, ""y"": 50.0, ""radius"": 5.0}]"
delayed_track_sharing,139,27.8,1,49.379,38.682,90.0,94.0,50.0,50.0,49.511,48.914,false_negative+position_noise+confidence_error,0.625,trust_weighted_fusion,avoidance,3,0,68.631,5.146,6.335,uav_0,5.146,False,False,False,False,False,1,"[{""id"": ""obstacle_0"", ""kind"": ""static_obstacle"", ""x"": 50.0, ""y"": 50.0, ""radius"": 5.0}]"
delayed_track_sharing,139,27.8,2,55.246,36.256,86.0,90.0,50.0,50.0,49.511,48.914,position_noise+confidence_error,0.625,trust_weighted_fusion,avoidance,4,0,61.921,6.349,9.711,uav_1,6.349,False,False,False,False,False,1,"[{""id"": ""obstacle_0"", ""kind"": ""static_obstacle"", ""x"": 50.0, ""y"": 50.0, ""radius"": 5.0}]"
delayed_track_sharing,139,27.8,3,60.151,40.354,90.0,86.0,50.0,50.0,49.511,48.914,position_noise+confidence_error,0.625,trust_weighted_fusion,avoidance,4,0,54.539,6.391,9.003,uav_2,6.391,False,False,False,False,False,1,"[{""id"": ""obstacle_0"", ""kind"": ""static_obstacle"", ""x"": 50.0, ""y"": 50.0, ""radius"": 5.0}]"
delayed_track_sharing,140,28.0,0,46.464,34.775,94.0,90.0,50.0,50.0,51.852,48.737,position_noise+confidence_error,0.477,trust_weighted_fusion,avoidance,3,0,72.867,4.98,10.63,uav_1,4.98,False,False,False,False,False,1,"[{""id"": ""obstacle_0"", ""kind"": ""static_obstacle"", ""x"": 50.0, ""y"": 50.0, ""radius"": 5.0}]"
delayed_track_sharing,140,28.0,1,49.745,38.521,90.0,94.0,50.0,50.0,51.852,48.737,position_noise+confidence_error,0.477,trust_weighted_fusion,avoidance,4,0,68.544,4.98,6.482,uav_0,4.98,False,False,False,False,False,1,"[{""id"": ""obstacle_0"", ""kind"": ""static_obstacle"", ""x"": 50.0, ""y"": 50.0, ""radius"": 5.0}]"
delayed_track_sharing,140,28.0,2,55.636,36.345,86.0,90.0,50.0,50.0,51.852,48.737,false_negative+position_noise+confidence_error,0.477,trust_weighted_fusion,avoidance,2,0,61.65,6.28,9.772,uav_1,6.28,False,False,False,False,False,1,"[{""id"": ""obstacle_0"", ""kind"": ""static_obstacle"", ""x"": 50.0, ""y"": 50.0, ""radius"": 5.0}]"
delayed_track_sharing,140,28.0,3,60.523,40.501,90.0,86.0,50.0,50.0,51.852,48.737,position_noise+confidence_error,0.477,trust_weighted_fusion,avoidance,3,0,54.213,6.414,9.177,uav_2,6.414,False,False,False,False,False,1,"[{""id"": ""obstacle_0"", ""kind"": ""static_obstacle"", ""x"": 50.0, ""y"": 50.0, ""radius"": 5.0}]"
delayed_track_sharing,141,28.2,0,46.859,34.832,94.0,90.0,50.0,50.0,48.65,50.09,false_negative+position_noise+confidence_error,0.299,trust_weighted_fusion,avoidance,2,0,72.566,4.932,10.49,uav_1,4.932,False,False,False,False,False,1,"[{""id"": ""obstacle_0"", ""kind"": ""static_obstacle"", ""x"": 50.0, ""y"": 50.0, ""radius"": 5.0}]"
delayed_track_sharing,141,28.2,1,50.145,38.51,90.0,94.0,50.0,50.0,48.65,50.09,false_negative+position_noise+confidence_error,0.299,trust_weighted_fusion,avoidance,3,0,68.32,4.932,6.491,uav_0,4.932,False,False,False,False,False,1,"[{""id"": ""obstacle_0"", ""kind"": ""static_obstacle"", ""x"": 50.0, ""y"": 50.0, ""radius"": 5.0}]"
delayed_track_sharing,141,28.2,2,55.996,36.52,86.0,90.0,50.0,50.0,48.65,50.09,position_noise+confidence_error,0.299,trust_weighted_fusion,avoidance,4,0,61.322,6.18,9.754,uav_1,6.18,False,False,False,False,False,1,"[{""id"": ""obstacle_0"", ""kind"": ""static_obstacle"", ""x"": 50.0, ""y"": 50.0, ""radius"": 5.0}]"
delayed_track_sharing,141,28.2,3,60.863,40.712,90.0,86.0,50.0,50.0,48.65,50.09,false_negative+position_noise+confidence_error,0.299,trust_weighted_fusion,avoidance,3,0,53.851,6.423,9.292,uav_2,6.423,False,False,False,False,False,1,"[{""id"": ""obstacle_0"", ""kind"": ""static_obstacle"", ""x"": 50.0, ""y"": 50.0, ""radius"": 5.0}]"
delayed_track_sharing,142,28.4,0,47.253,34.905,94.0,90.0,50.0,50.0,47.796,50.585,position_noise+confidence_error,0.435,trust_weighted_fusion,avoidance,3,0,72.255,4.907,10.343,uav_1,4.907,False,False,False,False,False,1,"[{""id"": ""obstacle_0"", ""kind"": ""static_obstacle"", ""x"": 50.0, ""y"": 50.0, ""radius"": 5.0}]"
delayed_track_sharing,142,28.4,1,50.544,38.544,90.0,94.0,50.0,50.0,47.796,50.585,false_negative+position_noise+confidence_error,0.435,trust_weighted_fusion,avoidance,3,0,68.06,4.907,6.469,uav_0,4.907,False,False,False,False,False,1,"[{""id"": ""obstacle_0"", ""kind"": ""static_obstacle"", ""x"": 50.0, ""y"": 50.0, ""radius"": 5.0}]"
delayed_track_sharing,142,28.4,2,56.346,36.714,86.0,90.0,50.0,50.0,47.796,50.585,false_negative+position_noise+confidence_error,0.435,trust_weighted_fusion,avoidance,3,0,60.981,6.084,9.724,uav_1,6.084,False,False,False,False,False,1,"[{""id"": ""obstacle_0"", ""kind"": ""static_obstacle"", ""x"": 50.0, ""y"": 50.0, ""radius"": 5.0}]"
delayed_track_sharing,142,28.4,3,61.193,40.938,90.0,86.0,50.0,50.0,47.796,50.585,false_negative+position_noise+confidence_error,0.435,trust_weighted_fusion,avoidance,3,0,53.483,6.429,9.401,uav_2,6.429,False,False,False,False,False,1,"[{""id"": ""obstacle_0"", ""kind"": ""static_obstacle"", ""x"": 50.0, ""y"": 50.0, ""radius"": 5.0}]"
delayed_track_sharing,143,28.6,0,47.652,34.921,94.0,90.0,50.0,50.0,48.544,48.666,position_noise+confidence_error,0.316,trust_weighted_fusion,avoidance,3,0,71.984,5.017,10.26,uav_1,5.017,False,False,False,False,False,1,"[{""id"": ""obstacle_0"", ""kind"": ""static_obstacle"", ""x"": 50.0, ""y"": 50.0, ""radius"": 5.0}]"
delayed_track_sharing,143,28.6,1,50.877,38.765,90.0,94.0,50.0,50.0,48.544,48.666,position_noise+confidence_error,0.316,trust_weighted_fusion,avoidance,4,0,67.687,5.017,6.269,uav_0,5.017,False,False,False,False,False,1,"[{""id"": ""obstacle_0"", ""kind"": ""static_obstacle"", ""x"": 50.0, ""y"": 50.0, ""radius"": 5.0}]"
delayed_track_sharing,143,28.6,2,56.708,36.885,86.0,90.0,50.0,50.0,48.544,48.666,false_negative+position_noise+confidence_error,0.316,trust_weighted_fusion,avoidance,3,0,60.657,6.126,9.731,uav_1,6.126,False,False,False,False,False,1,"[{""id"": ""obstacle_0"", ""kind"": ""static_obstacle"", ""x"": 50.0, ""y"": 50.0, ""radius"": 5.0}]"
delayed_track_sharing,143,28.6,3,61.523,41.164,90.0,86.0,50.0,50.0,48.544,48.666,false_negative+position_noise+confidence_error,0.316,trust_weighted_fusion,avoidance,2,0,53.115,6.442,9.52,uav_2,6.442,False,False,False,False,False,1,"[{""id"": ""obstacle_0"", ""kind"": ""static_obstacle"", ""x"": 50.0, ""y"": 50.0, ""radius"": 5.0}]"
delayed_track_sharing,144,28.8,0,48.046,34.992,94.0,90.0,50.0,50.0,49.281,50.575,position_noise+confidence_error,0.453,trust_weighted_fusion,avoidance,3,0,71.678,5.117,10.135,uav_1,5.117,False,False,False,False,False,1,"[{""id"": ""obstacle_0"", ""kind"": ""static_obstacle"", ""x"": 50.0, ""y"": 50.0, ""radius"": 5.0}]"
delayed_track_sharing,144,28.8,1,51.124,39.08,90.0,94.0,50.0,50.0,49.281,50.575,false_negative+position_noise+confidence_error,0.453,trust_weighted_fusion,avoidance,4,0,67.287,5.117,5.978,uav_0,5.117,False,False,False,False,False,1,"[{""id"": ""obstacle_0"", ""kind"": ""static_obstacle"", ""x"": 50.0, ""y"": 50.0, ""radius"": 5.0}]"
delayed_track_sharing,144,28.8,2,57.063,37.068,86.0,90.0,50.0,50.0,49.281,50.575,false_negative+position_noise+confidence_error,0.453,trust_weighted_fusion,avoidance,3,0,60.325,6.271,9.736,uav_1,6.271,False,False,False,False,False,1,"[{""id"": ""obstacle_0"", ""kind"": ""static_obstacle"", ""x"": 50.0, ""y"": 50.0, ""radius"": 5.0}]"
delayed_track_sharing,144,28.8,3,61.858,41.382,90.0,86.0,50.0,50.0,49.281,50.575,position_noise+confidence_error,0.453,trust_weighted_fusion,avoidance,3,0,52.751,6.45,9.658,uav_2,6.45,False,False,False,False,False,1,"[{""id"": ""obstacle_0"", ""kind"": ""static_obstacle"", ""x"": 50.0, ""y"": 50.0, ""radius"": 5.0}]"
delayed_track_sharing,145,29.0,0,47.709,34.777,94.0,90.0,50.0,50.0,50.605,48.765,false_negative+position_noise+confidence_error,0.683,trust_weighted_fusion,avoidance,3,0,72.059,5.662,10.395,uav_1,5.662,False,False,False,False,False,1,"[{""id"": ""obstacle_0"", ""kind"": ""static_obstacle"", ""x"": 50.0, ""y"": 50.0, ""radius"": 5.0}]"
delayed_track_sharing,145,29.0,1,51.51,38.973,90.0,94.0,50.0,50.0,50.605,48.765,false_negative+position_noise+confidence_error,0.683,trust_weighted_fusion,avoidance,3,0,67.152,5.662,6.13,uav_0,5.662,False,False,False,False,False,1,"[{""id"": ""obstacle_0"", ""kind"": ""static_obstacle"", ""x"": 50.0, ""y"": 50.0, ""radius"": 5.0}]"
delayed_track_sharing,145,29.0,2,57.437,37.212,86.0,90.0,50.0,50.0,50.605,48.765,false_negative+position_noise+confidence_error,0.683,trust_weighted_fusion,avoidance,3,0,60.021,6.183,9.793,uav_1,6.183,False,False,False,False,False,1,"[{""id"": ""obstacle_0"", ""kind"": ""static_obstacle"", ""x"": 50.0, ""y"": 50.0, ""radius"": 5.0}]"
delayed_track_sharing,145,29.0,3,62.199,41.592,90.0,86.0,50.0,50.0,50.605,48.765,position_noise+confidence_error,0.683,trust_weighted_fusion,avoidance,3,0,52.393,6.47,9.816,uav_2,6.47,False,False,False,False,False,1,"[{""id"": ""obstacle_0"", ""kind"": ""static_obstacle"", ""x"": 50.0, ""y"": 50.0, ""radius"": 5.0}]"
delayed_track_sharing,146,29.2,0,48.104,34.834,94.0,90.0,50.0,50.0,49.724,49.944,false_negative+position_noise+confidence_error,0.44,trust_weighted_fusion,avoidance,3,0,71.761,5.613,10.284,uav_1,5.613,False,False,False,False,False,1,"[{""id"": ""obstacle_0"", ""kind"": ""static_obstacle"", ""x"": 50.0, ""y"": 50.0, ""radius"": 5.0}]"
delayed_track_sharing,146,29.2,1,51.91,38.96,90.0,94.0,50.0,50.0,49.724,49.944,position_noise+confidence_error,0.44,trust_weighted_fusion,avoidance,4,0,66.935,5.613,6.204,uav_0,5.613,False,False,False,False,False,1,"[{""id"": ""obstacle_0"", ""kind"": ""static_obstacle"", ""x"": 50.0, ""y"": 50.0, ""radius"": 5.0}]"
delayed_track_sharing,146,29.2,2,57.794,37.391,86.0,90.0,50.0,50.0,49.724,49.944,false_negative+position_noise+confidence_error,0.44,trust_weighted_fusion,avoidance,3,0,59.693,6.09,9.823,uav_1,6.09,False,False,False,False,False,1,"[{""id"": ""obstacle_0"", ""kind"": ""static_obstacle"", ""x"": 50.0, ""y"": 50.0, ""radius"": 5.0}]"
delayed_track_sharing,146,29.2,3,62.53,41.816,90.0,86.0,50.0,50.0,49.724,49.944,position_noise+confidence_error,0.44,trust_weighted_fusion,avoidance,3,0,52.027,6.481,9.966,uav_2,6.481,False,False,False,False,False,1,"[{""id"": ""obstacle_0"", ""kind"": ""static_obstacle"", ""x"": 50.0, ""y"": 50.0, ""radius"": 5.0}]"
delayed_track_sharing,147,29.4,0,48.5,34.896,94.0,90.0,50.0,50.0,50.675,50.137,position_noise+confidence_error,0.391,trust_weighted_fusion,avoidance,3,0,71.461,5.557,10.179,uav_1,5.557,False,False,False,False,False,1,"[{""id"": ""obstacle_0"", ""kind"": ""static_obstacle"", ""x"": 50.0, ""y"": 50.0, ""radius"": 5.0}]"
delayed_track_sharing,147,29.4,1,52.309,38.941,90.0,94.0,50.0,50.0,50.675,50.137,false_negative+position_noise+confidence_error,0.391,trust_weighted_fusion,avoidance,4,0,66.724,5.557,6.297,uav_0,5.557,False,False,False,False,False,1,"[{""id"": ""obstacle_0"", ""kind"": ""static_obstacle"", ""x"": 50.0, ""y"": 50.0, ""radius"": 5.0}]"
delayed_track_sharing,147,29.4,2,58.156,37.562,86.0,90.0,50.0,50.0,50.675,50.137,false_negative+position_noise+confidence_error,0.391,trust_weighted_fusion,avoidance,3,0,59.372,6.007,9.874,uav_1,6.007,False,False,False,False,False,1,"[{""id"": ""obstacle_0"", ""kind"": ""static_obstacle"", ""x"": 50.0, ""y"": 50.0, ""radius"": 5.0}]"
delayed_track_sharing,147,29.4,3,62.866,42.033,90.0,86.0,50.0,50.0,50.675,50.137,false_negative+position_noise+confidence_error,0.391,trust_weighted_fusion,avoidance,2,0,51.666,6.494,10.133,uav_2,6.494,False,False,False,False,False,1,"[{""id"": ""obstacle_0"", ""kind"": ""static_obstacle"", ""x"": 50.0, ""y"": 50.0, ""radius"": 5.0}]"
delayed_track_sharing,148,29.6,0,48.896,34.949,94.0,90.0,50.0,50.0,49.387,49.646,position_noise+confidence_error,0.535,trust_weighted_fusion,avoidance,3,0,71.169,5.531,10.092,uav_1,5.531,False,False,False,False,False,1,"[{""id"": ""obstacle_0"", ""kind"": ""static_obstacle"", ""x"": 50.0, ""y"": 50.0, ""radius"": 5.0}]"
delayed_track_sharing,148,29.6,1,52.709,38.955,90.0,94.0,50.0,50.0,49.387,49.646,false_negative+position_noise+confidence_error,0.535,trust_weighted_fusion,avoidance,3,0,66.488,5.531,6.373,uav_0,5.531,False,False,False,False,False,1,"[{""id"": ""obstacle_0"", ""kind"": ""static_obstacle"", ""x"": 50.0, ""y"": 50.0, ""radius"": 5.0}]"
delayed_track_sharing,148,29.6,2,58.507,37.754,86.0,90.0,50.0,50.0,49.387,49.646,false_negative+position_noise+confidence_error,0.535,trust_weighted_fusion,avoidance,3,0,59.038,5.921,9.91,uav_1,5.921,False,False,False,False,False,1,"[{""id"": ""obstacle_0"", ""kind"": ""static_obstacle"", ""x"": 50.0, ""y"": 50.0, ""radius"": 5.0}]"
delayed_track_sharing,148,29.6,3,63.187,42.272,90.0,86.0,50.0,50.0,49.387,49.646,position_noise+confidence_error,0.535,trust_weighted_fusion,avoidance,3,0,51.294,6.505,10.285,uav_2,6.505,False,False,False,False,False,1,"[{""id"": ""obstacle_0"", ""kind"": ""static_obstacle"", ""x"": 50.0, ""y"": 50.0, ""radius"": 5.0}]"
delayed_track_sharing,149,29.8,0,49.293,34.999,94.0,90.0,50.0,50.0,49.306,49.451,false_negative+position_noise+confidence_error,0.724,trust_weighted_fusion,avoidance,3,0,70.879,5.513,10.018,uav_1,5.513,False,False,False,False,False,1,"[{""id"": ""obstacle_0"", ""kind"": ""static_obstacle"", ""x"": 50.0, ""y"": 50.0, ""radius"": 5.0}]"
delayed_track_sharing,149,29.8,1,53.108,38.978,90.0,94.0,50.0,50.0,49.306,49.451,false_negative+position_noise+confidence_error,0.724,trust_weighted_fusion,avoidance,3,0,66.245,5.513,6.452,uav_0,5.513,False,False,False,False,False,1,"[{""id"": ""obstacle_0"", ""kind"": ""static_obstacle"", ""x"": 50.0, ""y"": 50.0, ""radius"": 5.0}]"
delayed_track_sharing,149,29.8,2,58.854,37.952,86.0,90.0,50.0,50.0,49.306,49.451,false_negative+position_noise+confidence_error,0.724,trust_weighted_fusion,avoidance,3,0,58.702,5.837,9.952,uav_1,5.837,False,False,False,False,False,1,"[{""id"": ""obstacle_0"", ""kind"": ""static_obstacle"", ""x"": 50.0, ""y"": 50.0, ""radius"": 5.0}]"
delayed_track_sharing,149,29.8,3,63.503,42.517,90.0,86.0,50.0,50.0,49.306,49.451,false_negative+position_noise+confidence_error,0.724,trust_weighted_fusion,avoidance,2,0,50.92,6.515,10.438,uav_2,6.515,False,False,False,False,False,1,"[{""id"": ""obstacle_0"", ""kind"": ""static_obstacle"", ""x"": 50.0, ""y"": 50.0, ""radius"": 5.0}]"
delayed_track_sharing,150,30.0,0,49.693,35.006,94.0,90.0,50.0,50.0,50.496,48.313,position_noise+confidence_error,0.535,trust_weighted_fusion,avoidance,3,0,70.622,5.478,9.997,uav_1,5.478,False,False,False,False,False,1,"[{""id"": ""obstacle_0"", ""kind"": ""static_obstacle"", ""x"": 50.0, ""y"": 50.0, ""radius"": 5.0}]"
delayed_track_sharing,150,30.0,1,53.506,38.938,90.0,94.0,50.0,50.0,50.496,48.313,false_negative+position_noise+confidence_error,0.535,trust_weighted_fusion,avoidance,3,0,66.057,5.478,6.604,uav_0,5.478,False,False,False,False,False,1,"[{""id"": ""obstacle_0"", ""kind"": ""static_obstacle"", ""x"": 50.0, ""y"": 50.0, ""radius"": 5.0}]"
delayed_track_sharing,150,30.0,2,59.214,38.127,86.0,90.0,50.0,50.0,50.496,48.313,false_negative+position_noise+confidence_error,0.535,trust_weighted_fusion,avoidance,4,0,58.381,5.765,10.029,uav_1,5.765,False,False,False,False,False,1,"[{""id"": ""obstacle_0"", ""kind"": ""static_obstacle"", ""x"": 50.0, ""y"": 50.0, ""radius"": 5.0}]"
delayed_track_sharing,150,30.0,3,63.821,42.76,90.0,86.0,50.0,50.0,50.496,48.313,false_negative+position_noise+confidence_error,0.535,trust_weighted_fusion,avoidance,3,0,50.548,6.533,10.603,uav_2,6.533,False,False,False,False,False,1,"[{""id"": ""obstacle_0"", ""kind"": ""static_obstacle"", ""x"": 50.0, ""y"": 50.0, ""radius"": 5.0}]"
delayed_track_sharing,151,30.2,0,50.092,35.04,94.0,90.0,50.0,50.0,51.423,49.164,false_negative+position_noise+confidence_error,0.656,trust_weighted_fusion,avoidance,3,0,70.346,5.434,9.96,uav_1,5.434,False,False,False,False,False,1,"[{""id"": ""obstacle_0"", ""kind"": ""static_obstacle"", ""x"": 50.0, ""y"": 50.0, ""radius"": 5.0}]"
delayed_track_sharing,151,30.2,1,53.906,38.911,90.0,94.0,50.0,50.0,51.423,49.164,false_negative+position_noise+confidence_error,0.656,trust_weighted_fusion,avoidance,3,0,65.86,5.434,6.756,uav_0,5.434,False,False,False,False,False,1,"[{""id"": ""obstacle_0"", ""kind"": ""static_obstacle"", ""x"": 50.0, ""y"": 50.0, ""radius"": 5.0}]"
delayed_track_sharing,151,30.2,2,59.577,38.296,86.0,90.0,50.0,50.0,51.423,49.164,false_negative+position_noise+confidence_error,0.656,trust_weighted_fusion,avoidance,4,0,58.065,5.704,10.123,uav_1,5.704,False,False,False,False,False,1,"[{""id"": ""obstacle_0"", ""kind"": ""static_obstacle"", ""x"": 50.0, ""y"": 50.0, ""radius"": 5.0}]"
delayed_track_sharing,151,30.2,3,64.146,42.993,90.0,86.0,50.0,50.0,51.423,49.164,false_negative+position_noise+confidence_error,0.656,trust_weighted_fusion,avoidance,2,0,50.18,6.553,10.787,uav_2,6.553,False,False,False,False,False,1,"[{""id"": ""obstacle_0"", ""kind"": ""static_obstacle"", ""x"": 50.0, ""y"": 50.0, ""radius"": 5.0}]"
delayed_track_sharing,152,30.4,0,50.486,35.107,94.0,90.0,50.0,50.0,51.576,50.259,position_noise+confidence_error,0.469,trust_weighted_fusion,avoidance,3,0,70.048,4.903,9.901,uav_1,4.903,False,False,False,False,False,1,"[{""id"": ""obstacle_0"", ""kind"": ""static_obstacle"", ""x"": 50.0, ""y"": 50.0, ""radius"": 5.0}]"
delayed_track_sharing,152,30.4,1,53.509,38.967,90.0,94.0,50.0,50.0,51.576,50.259,position_noise+confidence_error,0.469,trust_weighted_fusion,avoidance,4,0,66.032,4.903,6.578,uav_0,4.903,False,False,False,False,False,1,"[{""id"": ""obstacle_0"", ""kind"": ""static_obstacle"", ""x"": 50.0, ""y"": 50.0, ""radius"": 5.0}]"
delayed_track_sharing,152,30.4,2,59.933,38.478,86.0,90.0,50.0,50.0,51.576,50.259,false_negative+position_noise+confidence_error,0.469,trust_weighted_fusion,avoidance,3,0,57.741,6.442,10.212,uav_1,6.442,False,False,False,False,False,1,"[{""id"": ""obstacle_0"", ""kind"": ""static_obstacle"", ""x"": 50.0, ""y"": 50.0, ""radius"": 5.0}]"
delayed_track_sharing,152,30.4,3,64.472,43.225,90.0,86.0,50.0,50.0,51.576,50.259,position_noise+confidence_error,0.469,trust_weighted_fusion,avoidance,3,0,49.814,6.568,10.979,uav_2,6.568,False,False,False,False,False,1,"[{""id"": ""obstacle_0"", ""kind"": ""static_obstacle"", ""x"": 50.0, ""y"": 50.0, ""radius"": 5.0}]"
delayed_track_sharing,153,30.6,0,50.874,35.202,94.0,90.0,50.0,50.0,49.695,50.924,position_noise+confidence_error,0.487,trust_weighted_fusion,avoidance,3,0,69.732,4.887,9.823,uav_1,4.887,False,False,False,False,False,1,"[{""id"": ""obstacle_0"", ""kind"": ""static_obstacle"", ""x"": 50.0, ""y"": 50.0, ""radius"": 5.0}]"
delayed_track_sharing,153,30.6,1,53.903,39.039,90.0,94.0,50.0,50.0,49.695,50.924,false_negative+position_noise+confidence_error,0.487,trust_weighted_fusion,avoidance,3,0,65.755,4.887,6.636,uav_0,4.887,False,False,False,False,False,1,"[{""id"": ""obstacle_0"", ""kind"": ""static_obstacle"", ""x"": 50.0, ""y"": 50.0, ""radius"": 5.0}]"
delayed_track_sharing,153,30.6,2,60.267,38.698,86.0,90.0,50.0,50.0,49.695,50.924,position_noise+confidence_error,0.487,trust_weighted_fusion,avoidance,4,0,57.394,6.373,10.269,uav_1,6.373,False,False,False,False,False,1,"[{""id"": ""obstacle_0"", ""kind"": ""static_obstacle"", ""x"": 50.0, ""y"": 50.0, ""radius"": 5.0}]"
delayed_track_sharing,153,30.6,3,64.781,43.478,90.0,86.0,50.0,50.0,49.695,50.924,position_noise+confidence_error,0.487,trust_weighted_fusion,avoidance,3,0,49.438,6.575,11.156,uav_2,6.575,False,False,False,False,False,1,"[{""id"": ""obstacle_0"", ""kind"": ""static_obstacle"", ""x"": 50.0, ""y"": 50.0, ""radius"": 5.0}]"
delayed_track_sharing,154,30.8,0,51.269,35.271,94.0,90.0,50.0,50.0,50.171,49.82,false_negative+position_noise+confidence_error,0.375,trust_weighted_fusion,avoidance,3,0,69.435,4.87,9.784,uav_1,4.87,False,False,False,False,False,1,"[{""id"": ""obstacle_0"", ""kind"": ""static_obstacle"", ""x"": 50.0, ""y"": 50.0, ""radius"": 5.0}]"
delayed_track_sharing,154,30.8,1,54.301,39.081,90.0,94.0,50.0,50.0,50.171,49.82,position_noise+confidence_error,0.375,trust_weighted_fusion,avoidance,4,0,65.502,4.87,6.735,uav_0,4.87,False,False,False,False,False,1,"[{""id"": ""obstacle_0"", ""kind"": ""static_obstacle"", ""x"": 50.0, ""y"": 50.0, ""radius"": 5.0}]"
delayed_track_sharing,154,30.8,2,60.606,38.91,86.0,90.0,50.0,50.0,50.171,49.82,position_noise+confidence_error,0.375,trust_weighted_fusion,avoidance,4,0,57.053,6.308,10.345,uav_1,6.308,False,False,False,False,False,1,"[{""id"": ""obstacle_0"", ""kind"": ""static_obstacle"", ""x"": 50.0, ""y"": 50.0, ""radius"": 5.0}]"
delayed_track_sharing,154,30.8,3,65.087,43.736,90.0,86.0,50.0,50.0,50.171,49.82,false_negative+position_noise+confidence_error,0.375,trust_weighted_fusion,avoidance,2,0,49.06,6.586,11.336,uav_2,6.586,False,False,False,False,False,1,"[{""id"": ""obstacle_0"", ""kind"": ""static_obstacle"", ""x"": 50.0, ""y"": 50.0, ""radius"": 5.0}]"
delayed_track_sharing,155,31.0,0,51.667,35.305,94.0,90.0,50.0,50.0,53.621,49.38,position_noise+confidence_error,0.419,trust_weighted_fusion,avoidance,3,0,69.163,4.787,9.789,uav_1,4.787,False,False,False,False,False,1,"[{""id"": ""obstacle_0"", ""kind"": ""static_obstacle"", ""x"": 50.0, ""y"": 50.0, ""radius"": 5.0}]"
delayed_track_sharing,155,31.0,1,54.695,39.013,90.0,94.0,50.0,50.0,53.621,49.38,false_negative+position_noise+confidence_error,0.419,trust_weighted_fusion,avoidance,3,0,65.345,4.787,6.948,uav_0,4.787,False,False,False,False,False,1,"[{""id"": ""obstacle_0"", ""kind"": ""static_obstacle"", ""x"": 50.0, ""y"": 50.0, ""radius"": 5.0}]"
delayed_track_sharing,155,31.0,2,60.977,39.059,86.0,90.0,50.0,50.0,53.621,49.38,false_negative+position_noise+confidence_error,0.419,trust_weighted_fusion,avoidance,4,0,56.755,6.283,10.499,uav_1,6.283,False,False,False,False,False,1,"[{""id"": ""obstacle_0"", ""kind"": ""static_obstacle"", ""x"": 50.0, ""y"": 50.0, ""radius"": 5.0}]"
delayed_track_sharing,155,31.0,3,65.416,43.963,90.0,86.0,50.0,50.0,53.621,49.38,false_negative+position_noise+confidence_error,0.419,trust_weighted_fusion,avoidance,2,0,48.698,6.615,11.556,uav_2,6.615,False,False,False,False,False,1,"[{""id"": ""obstacle_0"", ""kind"": ""static_obstacle"", ""x"": 50.0, ""y"": 50.0, ""radius"": 5.0}]"
delayed_track_sharing,156,31.2,0,52.053,35.411,94.0,90.0,50.0,50.0,50.069,51.153,position_noise+confidence_error,0.444,trust_weighted_fusion,avoidance,3,0,68.844,4.782,9.733,uav_1,4.782,False,False,False,False,False,1,"[{""id"": ""obstacle_0"", ""kind"": ""static_obstacle"", ""x"": 50.0, ""y"": 50.0, ""radius"": 5.0}]"
delayed_track_sharing,156,31.2,1,55.083,39.11,90.0,94.0,50.0,50.0,50.069,51.153,position_noise+confidence_error,0.444,trust_weighted_fusion,avoidance,4,0,65.055,4.782,7.018,uav_0,4.782,False,False,False,False,False,1,"[{""id"": ""obstacle_0"", ""kind"": ""static_obstacle"", ""x"": 50.0, ""y"": 50.0, ""radius"": 5.0}]"
delayed_track_sharing,156,31.2,2,61.305,39.288,86.0,90.0,50.0,50.0,50.069,51.153,false_negative+position_noise+confidence_error,0.444,trust_weighted_fusion,avoidance,3,0,56.405,6.225,10.574,uav_1,6.225,False,False,False,False,False,1,"[{""id"": ""obstacle_0"", ""kind"": ""static_obstacle"", ""x"": 50.0, ""y"": 50.0, ""radius"": 5.0}]"
delayed_track_sharing,156,31.2,3,65.719,44.225,90.0,86.0,50.0,50.0,50.069,51.153,position_noise+confidence_error,0.444,trust_weighted_fusion,avoidance,3,0,48.319,6.622,11.746,uav_2,6.622,False,False,False,False,False,1,"[{""id"": ""obstacle_0"", ""kind"": ""static_obstacle"", ""x"": 50.0, ""y"": 50.0, ""radius"": 5.0}]"
delayed_track_sharing,157,31.4,0,52.445,35.492,94.0,90.0,50.0,50.0,49.314,49.42,position_noise+confidence_error,0.498,trust_weighted_fusion,avoidance,3,0,68.542,4.79,9.712,uav_1,4.79,False,False,False,False,False,1,"[{""id"": ""obstacle_0"", ""kind"": ""static_obstacle"", ""x"": 50.0, ""y"": 50.0, ""radius"": 5.0}]"
delayed_track_sharing,157,31.4,1,55.471,39.205,90.0,94.0,50.0,50.0,49.314,49.42,false_negative+position_noise+confidence_error,0.498,trust_weighted_fusion,avoidance,3,0,64.767,4.79,7.102,uav_0,4.79,False,False,False,False,False,1,"[{""id"": ""obstacle_0"", ""kind"": ""static_obstacle"", ""x"": 50.0, ""y"": 50.0, ""radius"": 5.0}]"
delayed_track_sharing,157,31.4,2,61.626,39.527,86.0,90.0,50.0,50.0,49.314,49.42,position_noise+confidence_error,0.498,trust_weighted_fusion,avoidance,4,0,56.05,6.163,10.648,uav_1,6.163,False,False,False,False,False,1,"[{""id"": ""obstacle_0"", ""kind"": ""static_obstacle"", ""x"": 50.0, ""y"": 50.0, ""radius"": 5.0}]"
delayed_track_sharing,157,31.4,3,66.007,44.502,90.0,86.0,50.0,50.0,49.314,49.42,position_noise+confidence_error,0.498,trust_weighted_fusion,avoidance,3,0,47.935,6.629,11.925,uav_2,6.629,False,False,False,False,False,1,"[{""id"": ""obstacle_0"", ""kind"": ""static_obstacle"", ""x"": 50.0, ""y"": 50.0, ""radius"": 5.0}]"
delayed_track_sharing,158,31.6,0,52.833,35.586,94.0,90.0,50.0,50.0,50.222,50.367,position_noise+confidence_error,0.399,trust_weighted_fusion,avoidance,3,0,68.232,4.791,9.69,uav_1,4.791,False,False,False,False,False,1,"[{""id"": ""obstacle_0"", ""kind"": ""static_obstacle"", ""x"": 50.0, ""y"": 50.0, ""radius"": 5.0}]"
delayed_track_sharing,158,31.6,1,55.86,39.3,90.0,94.0,50.0,50.0,50.222,50.367,false_negative+position_noise+confidence_error,0.399,trust_weighted_fusion,avoidance,4,0,64.479,4.791,7.199,uav_0,4.791,False,False,False,False,False,1,"[{""id"": ""obstacle_0"", ""kind"": ""static_obstacle"", ""x"": 50.0, ""y"": 50.0, ""radius"": 5.0}]"
delayed_track_sharing,158,31.6,2,61.951,39.759,86.0,90.0,50.0,50.0,50.222,50.367,false_negative+position_noise+confidence_error,0.399,trust_weighted_fusion,avoidance,3,0,55.7,6.109,10.739,uav_1,6.109,False,False,False,False,False,1,"[{""id"": ""obstacle_0"", ""kind"": ""static_obstacle"", ""x"": 50.0, ""y"": 50.0, ""radius"": 5.0}]"
delayed_track_sharing,158,31.6,3,66.302,44.773,90.0,86.0,50.0,50.0,50.222,50.367,false_negative+position_noise+confidence_error,0.399,trust_weighted_fusion,avoidance,2,0,47.553,6.638,12.119,uav_2,6.638,False,False,False,False,False,1,"[{""id"": ""obstacle_0"", ""kind"": ""static_obstacle"", ""x"": 50.0, ""y"": 50.0, ""radius"": 5.0}]"
delayed_track_sharing,159,31.8,0,53.225,35.667,94.0,90.0,50.0,50.0,51.013,50.04,false_negative+position_noise+confidence_error,0.394,trust_weighted_fusion,avoidance,2,0,67.931,4.789,9.691,uav_1,4.789,False,False,False,False,False,1,"[{""id"": ""obstacle_0"", ""kind"": ""static_obstacle"", ""x"": 50.0, ""y"": 50.0, ""radius"": 5.0}]"
delayed_track_sharing,159,31.8,1,56.252,39.378,90.0,94.0,50.0,50.0,51.013,50.04,position_noise+confidence_error,0.394,trust_weighted_fusion,avoidance,4,0,64.206,4.789,7.325,uav_0,4.789,False,False,False,False,False,1,"[{""id"": ""obstacle_0"", ""kind"": ""static_obstacle"", ""x"": 50.0, ""y"": 50.0, ""radius"": 5.0}]"
delayed_track_sharing,159,31.8,2,62.281,39.986,86.0,90.0,50.0,50.0,51.013,50.04,position_noise+confidence_error,0.394,trust_weighted_fusion,avoidance,4,0,55.354,6.06,10.847,uav_1,6.06,False,False,False,False,False,1,"[{""id"": ""obstacle_0"", ""kind"": ""static_obstacle"", ""x"": 50.0, ""y"": 50.0, ""radius"": 5.0}]"
delayed_track_sharing,159,31.8,3,66.596,45.043,90.0,86.0,50.0,50.0,51.013,50.04,position_noise+confidence_error,0.394,trust_weighted_fusion,avoidance,3,0,47.172,6.648,12.321,uav_2,6.648,False,False,False,False,False,1,"[{""id"": ""obstacle_0"", ""kind"": ""static_obstacle"", ""x"": 50.0, ""y"": 50.0, ""radius"": 5.0}]"
delayed_track_sharing,160,32.0,0,53.603,35.798,94.0,90.0,50.0,50.0,48.616,51.006,false_negative+position_noise+confidence_error,0.375,trust_weighted_fusion,avoidance,2,0,67.6,4.802,9.652,uav_1,4.802,False,False,False,False,False,1,"[{""id"": ""obstacle_0"", ""kind"": ""static_obstacle"", ""x"": 50.0, ""y"": 50.0, ""radius"": 5.0}]"
delayed_track_sharing,160,32.0,1,56.621,39.534,90.0,94.0,50.0,50.0,48.616,51.006,false_negative+position_noise+confidence_error,0.375,trust_weighted_fusion,avoidance,3,0,63.881,4.802,7.385,uav_0,4.802,False,False,False,False,False,1,"[{""id"": ""obstacle_0"", ""kind"": ""static_obstacle"", ""x"": 50.0, ""y"": 50.0, ""radius"": 5.0}]"
delayed_track_sharing,160,32.0,2,62.586,40.245,86.0,90.0,50.0,50.0,48.616,51.006,false_negative+position_noise+confidence_error,0.375,trust_weighted_fusion,avoidance,3,0,54.989,6.008,10.924,uav_1,6.008,False,False,False,False,False,1,"[{""id"": ""obstacle_0"", ""kind"": ""static_obstacle"", ""x"": 50.0, ""y"": 50.0, ""radius"": 5.0}]"
delayed_track_sharing,160,32.0,3,66.878,45.328,90.0,86.0,50.0,50.0,48.616,51.006,position_noise+confidence_error,0.375,trust_weighted_fusion,avoidance,3,0,46.786,6.652,12.513,uav_2,6.652,False,False,False,False,False,1,"[{""id"": ""obstacle_0"", ""kind"": ""static_obstacle"", ""x"": 50.0, ""y"": 50.0, ""radius"": 5.0}]"
delayed_track_sharing,161,32.2,0,53.989,35.902,94.0,90.0,50.0,50.0,50.194,50.298,position_noise+confidence_error,0.48,trust_weighted_fusion,avoidance,3,0,67.286,4.812,9.651,uav_1,4.812,False,False,False,False,False,1,"[{""id"": ""obstacle_0"", ""kind"": ""static_obstacle"", ""x"": 50.0, ""y"": 50.0, ""radius"": 5.0}]"
delayed_track_sharing,161,32.2,1,57.002,39.655,90.0,94.0,50.0,50.0,50.194,50.298,position_noise+confidence_error,0.48,trust_weighted_fusion,avoidance,4,0,63.579,4.812,7.492,uav_0,4.812,False,False,False,False,False,1,"[{""id"": ""obstacle_0"", ""kind"": ""static_obstacle"", ""x"": 50.0, ""y"": 50.0, ""radius"": 5.0}]"
delayed_track_sharing,161,32.2,2,62.901,40.491,86.0,90.0,50.0,50.0,50.194,50.298,false_negative+position_noise+confidence_error,0.48,trust_weighted_fusion,avoidance,3,0,54.632,5.958,11.027,uav_1,5.958,False,False,False,False,False,1,"[{""id"": ""obstacle_0"", ""kind"": ""static_obstacle"", ""x"": 50.0, ""y"": 50.0, ""radius"": 5.0}]"
delayed_track_sharing,161,32.2,3,67.162,45.609,90.0,86.0,50.0,50.0,50.194,50.298,position_noise+confidence_error,0.48,trust_weighted_fusion,avoidance,3,0,46.401,6.659,12.715,uav_2,6.659,False,False,False,False,False,1,"[{""id"": ""obstacle_0"", ""kind"": ""static_obstacle"", ""x"": 50.0, ""y"": 50.0, ""radius"": 5.0}]"
delayed_track_sharing,162,32.4,0,54.369,36.029,94.0,90.0,50.0,50.0,48.217,49.623,false_negative+confidence_error,0.311,trust_weighted_fusion,avoidance,1,0,66.959,4.835,9.638,uav_1,4.835,False,False,False,False,False,1,"[{""id"": ""obstacle_0"", ""kind"": ""static_obstacle"", ""x"": 50.0, ""y"": 50.0, ""radius"": 5.0}]"
delayed_track_sharing,162,32.4,1,57.365,39.823,90.0,94.0,50.0,50.0,48.217,49.623,position_noise+confidence_error,0.311,trust_weighted_fusion,avoidance,4,0,63.247,4.835,7.562,uav_0,4.835,False,False,False,False,False,1,"[{""id"": ""obstacle_0"", ""kind"": ""static_obstacle"", ""x"": 50.0, ""y"": 50.0, ""radius"": 5.0}]"
delayed_track_sharing,162,32.4,2,63.196,40.761,86.0,90.0,50.0,50.0,48.217,49.623,false_negative+position_noise+confidence_error,0.311,trust_weighted_fusion,avoidance,3,0,54.263,5.906,11.109,uav_1,5.906,False,False,False,False,False,1,"[{""id"": ""obstacle_0"", ""kind"": ""static_obstacle"", ""x"": 50.0, ""y"": 50.0, ""radius"": 5.0}]"
delayed_track_sharing,162,32.4,3,67.431,45.905,90.0,86.0,50.0,50.0,48.217,49.623,false_negative+position_noise+confidence_error,0.311,trust_weighted_fusion,avoidance,2,0,46.01,6.663,12.905,uav_2,6.663,False,False,False,False,False,1,"[{""id"": ""obstacle_0"", ""kind"": ""static_obstacle"", ""x"": 50.0, ""y"": 50.0, ""radius"": 5.0}]"
delayed_track_sharing,163,32.6,0,54.755,36.134,94.0,90.0,50.0,50.0,50.817,50.397,position_noise+confidence_error,0.328,trust_weighted_fusion,avoidance,3,0,66.646,4.838,9.658,uav_1,4.838,False,False,False,False,False,1,"[{""id"": ""obstacle_0"", ""kind"": ""static_obstacle"", ""x"": 50.0, ""y"": 50.0, ""radius"": 5.0}]"
delayed_track_sharing,163,32.6,1,57.341,40.222,90.0,94.0,50.0,50.0,50.817,50.397,false_negative+position_noise+confidence_error,0.328,trust_weighted_fusion,avoidance,4,0,62.918,4.838,7.227,uav_0,4.838,False,False,False,False,False,1,"[{""id"": ""obstacle_0"", ""kind"": ""static_obstacle"", ""x"": 50.0, ""y"": 50.0, ""radius"": 5.0}]"
delayed_track_sharing,163,32.6,2,63.511,41.008,86.0,90.0,50.0,50.0,50.817,50.397,false_negative+position_noise+confidence_error,0.328,trust_weighted_fusion,avoidance,3,0,53.907,6.22,11.23,uav_1,6.22,False,False,False,False,False,1,"[{""id"": ""obstacle_0"", ""kind"": ""static_obstacle"", ""x"": 50.0, ""y"": 50.0, ""radius"": 5.0}]"
delayed_track_sharing,163,32.6,3,67.712,46.189,90.0,86.0,50.0,50.0,50.817,50.397,position_noise+confidence_error,0.328,trust_weighted_fusion,avoidance,3,0,45.625,6.671,13.118,uav_2,6.671,False,False,False,False,False,1,"[{""id"": ""obstacle_0"", ""kind"": ""static_obstacle"", ""x"": 50.0, ""y"": 50.0, ""radius"": 5.0}]"
delayed_track_sharing,164,32.8,0,55.133,36.263,94.0,90.0,50.0,50.0,49.472,50.407,false_negative+position_noise+confidence_error,0.506,trust_weighted_fusion,avoidance,2,0,66.32,4.852,9.665,uav_1,4.852,False,False,False,False,False,1,"[{""id"": ""obstacle_0"", ""kind"": ""static_obstacle"", ""x"": 50.0, ""y"": 50.0, ""radius"": 5.0}]"
delayed_track_sharing,164,32.8,1,57.712,40.373,90.0,94.0,50.0,50.0,49.472,50.407,position_noise+confidence_error,0.506,trust_weighted_fusion,avoidance,4,0,62.597,4.852,7.335,uav_0,4.852,False,False,False,False,False,1,"[{""id"": ""obstacle_0"", ""kind"": ""static_obstacle"", ""x"": 50.0, ""y"": 50.0, ""radius"": 5.0}]"
delayed_track_sharing,164,32.8,2,63.81,41.273,86.0,90.0,50.0,50.0,49.472,50.407,false_negative+position_noise+confidence_error,0.506,trust_weighted_fusion,avoidance,4,0,53.541,6.165,11.336,uav_1,6.165,False,False,False,False,False,1,"[{""id"": ""obstacle_0"", ""kind"": ""static_obstacle"", ""x"": 50.0, ""y"": 50.0, ""radius"": 5.0}]"
delayed_track_sharing,164,32.8,3,67.984,46.483,90.0,86.0,50.0,50.0,49.472,50.407,false_negative+position_noise+confidence_error,0.506,trust_weighted_fusion,avoidance,2,0,45.236,6.675,13.325,uav_2,6.675,False,False,False,False,False,1,"[{""id"": ""obstacle_0"", ""kind"": ""static_obstacle"", ""x"": 50.0, ""y"": 50.0, ""radius"": 5.0}]"
delayed_track_sharing,165,33.0,0,55.51,36.397,94.0,90.0,50.0,50.0,49.775,50.798,position_noise+confidence_error,0.452,trust_weighted_fusion,avoidance,3,0,65.991,4.865,9.677,uav_1,4.865,False,False,False,False,False,1,"[{""id"": ""obstacle_0"", ""kind"": ""static_obstacle"", ""x"": 50.0, ""y"": 50.0, ""radius"": 5.0}]"
delayed_track_sharing,165,33.0,1,58.081,40.527,90.0,94.0,50.0,50.0,49.775,50.798,position_noise+confidence_error,0.452,trust_weighted_fusion,avoidance,4,0,62.275,4.865,7.451,uav_0,4.865,False,False,False,False,False,1,"[{""id"": ""obstacle_0"", ""kind"": ""static_obstacle"", ""x"": 50.0, ""y"": 50.0, ""radius"": 5.0}]"
delayed_track_sharing,165,33.0,2,64.109,41.539,86.0,90.0,50.0,50.0,49.775,50.798,false_negative+position_noise+confidence_error,0.452,trust_weighted_fusion,avoidance,3,0,53.176,6.113,11.451,uav_1,6.113,False,False,False,False,False,1,"[{""id"": ""obstacle_0"", ""kind"": ""static_obstacle"", ""x"": 50.0, ""y"": 50.0, ""radius"": 5.0}]"
delayed_track_sharing,165,33.0,3,68.256,46.776,90.0,86.0,50.0,50.0,49.775,50.798,position_noise+confidence_error,0.452,trust_weighted_fusion,avoidance,3,0,44.848,6.68,13.539,uav_2,6.68,False,False,False,False,False,1,"[{""id"": ""obstacle_0"", ""kind"": ""static_obstacle"", ""x"": 50.0, ""y"": 50.0, ""radius"": 5.0}]"
delayed_track_sharing,166,33.2,0,55.891,36.521,94.0,90.0,50.0,50.0,49.851,49.783,position_noise+confidence_error,0.616,trust_weighted_fusion,avoidance,3,0,65.669,4.961,9.71,uav_1,4.961,False,False,False,False,False,1,"[{""id"": ""obstacle_0"", ""kind"": ""static_obstacle"", ""x"": 50.0, ""y"": 50.0, ""radius"": 5.0}]"
delayed_track_sharing,166,33.2,1,58.327,40.842,90.0,94.0,50.0,50.0,49.851,49.783,position_noise+confidence_error,0.616,trust_weighted_fusion,avoidance,4,0,61.879,4.961,7.378,uav_0,4.961,False,False,False,False,False,1,"[{""id"": ""obstacle_0"", ""kind"": ""static_obstacle"", ""x"": 50.0, ""y"": 50.0, ""radius"": 5.0}]"
delayed_track_sharing,166,33.2,2,64.404,41.809,86.0,90.0,50.0,50.0,49.851,49.783,position_noise+confidence_error,0.616,trust_weighted_fusion,avoidance,4,0,52.808,6.154,11.57,uav_1,6.154,False,False,False,False,False,1,"[{""id"": ""obstacle_0"", ""kind"": ""static_obstacle"", ""x"": 50.0, ""y"": 50.0, ""radius"": 5.0}]"
delayed_track_sharing,166,33.2,3,68.521,47.076,90.0,86.0,50.0,50.0,49.851,49.783,false_negative+position_noise+confidence_error,0.616,trust_weighted_fusion,avoidance,2,0,44.457,6.684,13.75,uav_2,6.684,False,False,False,False,False,1,"[{""id"": ""obstacle_0"", ""kind"": ""static_obstacle"", ""x"": 50.0, ""y"": 50.0, ""radius"": 5.0}]"
delayed_track_sharing,167,33.4,0,56.269,36.65,94.0,90.0,50.0,50.0,49.877,49.805,false_negative+position_noise+confidence_error,0.356,trust_weighted_fusion,avoidance,2,0,65.344,4.981,9.749,uav_1,4.981,False,False,False,False,False,1,"[{""id"": ""obstacle_0"", ""kind"": ""static_obstacle"", ""x"": 50.0, ""y"": 50.0, ""radius"": 5.0}]"
delayed_track_sharing,167,33.4,1,58.694,41.001,90.0,94.0,50.0,50.0,49.877,49.805,position_noise+confidence_error,0.356,trust_weighted_fusion,avoidance,4,0,61.555,4.981,7.513,uav_0,4.981,False,False,False,False,False,1,"[{""id"": ""obstacle_0"", ""kind"": ""static_obstacle"", ""x"": 50.0, ""y"": 50.0, ""radius"": 5.0}]"
delayed_track_sharing,167,33.4,2,64.696,42.083,86.0,90.0,50.0,50.0,49.877,49.805,position_noise+confidence_error,0.356,trust_weighted_fusion,avoidance,4,0,52.439,6.099,11.693,uav_1,6.099,False,False,False,False,False,1,"[{""id"": ""obstacle_0"", ""kind"": ""static_obstacle"", ""x"": 50.0, ""y"": 50.0, ""radius"": 5.0}]"
delayed_track_sharing,167,33.4,3,68.783,47.378,90.0,86.0,50.0,50.0,49.877,49.805,position_noise+confidence_error,0.356,trust_weighted_fusion,avoidance,3,0,44.066,6.689,13.965,uav_2,6.689,False,False,False,False,False,1,"[{""id"": ""obstacle_0"", ""kind"": ""static_obstacle"", ""x"": 50.0, ""y"": 50.0, ""radius"": 5.0}]"
delayed_track_sharing,168,33.6,0,56.647,36.781,94.0,90.0,50.0,50.0,51.575,51.442,false_negative+position_noise+confidence_error,0.534,trust_weighted_fusion,avoidance,2,0,65.019,4.985,9.796,uav_1,4.985,False,False,False,False,False,1,"[{""id"": ""obstacle_0"", ""kind"": ""static_obstacle"", ""x"": 50.0, ""y"": 50.0, ""radius"": 5.0}]"
delayed_track_sharing,168,33.6,1,59.07,41.138,90.0,94.0,50.0,50.0,51.575,51.442,false_negative+position_noise+confidence_error,0.534,trust_weighted_fusion,avoidance,4,0,61.246,4.985,7.68,uav_0,4.985,False,False,False,False,False,1,"[{""id"": ""obstacle_0"", ""kind"": ""static_obstacle"", ""x"": 50.0, ""y"": 50.0, ""radius"": 5.0}]"
delayed_track_sharing,168,33.6,2,65.001,42.342,86.0,90.0,50.0,50.0,51.575,51.442,position_noise+confidence_error,0.534,trust_weighted_fusion,avoidance,4,0,52.079,6.052,11.843,uav_1,6.052,False,False,False,False,False,1,"[{""id"": ""obstacle_0"", ""kind"": ""static_obstacle"", ""x"": 50.0, ""y"": 50.0, ""radius"": 5.0}]"
delayed_track_sharing,168,33.6,3,69.058,47.669,90.0,86.0,50.0,50.0,51.575,51.442,false_negative+position_noise+confidence_error,0.534,trust_weighted_fusion,avoidance,2,0,43.679,6.696,14.2,uav_2,6.696,False,False,False,False,False,1,"[{""id"": ""obstacle_0"", ""kind"": ""static_obstacle"", ""x"": 50.0, ""y"": 50.0, ""radius"": 5.0}]"
delayed_track_sharing,169,33.8,0,56.794,36.41,94.0,90.0,50.0,50.0,49.762,50.326,position_noise+confidence_error,0.574,trust_weighted_fusion,avoidance,3,0,65.239,5.57,10.194,uav_1,5.57,False,False,False,False,False,1,"[{""id"": ""obstacle_0"", ""kind"": ""static_obstacle"", ""x"": 50.0, ""y"": 50.0, ""radius"": 5.0}]"
delayed_track_sharing,169,33.8,1,59.427,41.318,90.0,94.0,50.0,50.0,49.762,50.326,false_negative+position_noise+confidence_error,0.574,trust_weighted_fusion,avoidance,3,0,60.911,5.57,7.816,uav_0,5.57,False,False,False,False,False,1,"[{""id"": ""obstacle_0"", ""kind"": ""static_obstacle"", ""x"": 50.0, ""y"": 50.0, ""radius"": 5.0}]"
delayed_track_sharing,169,33.8,2,65.286,42.623,86.0,90.0,50.0,50.0,49.762,50.326,false_negative+position_noise+confidence_error,0.574,trust_weighted_fusion,avoidance,3,0,51.708,6.002,11.973,uav_1,6.002,False,False,False,False,False,1,"[{""id"": ""obstacle_0"", ""kind"": ""static_obstacle"", ""x"": 50.0, ""y"": 50.0, ""radius"": 5.0}]"
delayed_track_sharing,169,33.8,3,69.316,47.974,90.0,86.0,50.0,50.0,49.762,50.326,position_noise+confidence_error,0.574,trust_weighted_fusion,avoidance,3,0,43.287,6.699,14.422,uav_2,6.699,False,False,False,False,False,1,"[{""id"": ""obstacle_0"", ""kind"": ""static_obstacle"", ""x"": 50.0, ""y"": 50.0, ""radius"": 5.0}]"
delayed_track_sharing,170,34.0,0,57.181,36.512,94.0,90.0,50.0,50.0,52.135,49.261,position_noise+confidence_error,0.618,trust_weighted_fusion,avoidance,3,0,64.935,5.587,10.281,uav_1,5.587,False,False,False,False,False,1,"[{""id"": ""obstacle_0"", ""kind"": ""static_obstacle"", ""x"": 50.0, ""y"": 50.0, ""radius"": 5.0}]"
delayed_track_sharing,170,34.0,1,59.807,41.444,90.0,94.0,50.0,50.0,52.135,49.261,false_negative+position_noise+confidence_error,0.618,trust_weighted_fusion,avoidance,3,0,60.612,5.587,8.015,uav_0,5.587,False,False,False,False,False,1,"[{""id"": ""obstacle_0"", ""kind"": ""static_obstacle"", ""x"": 50.0, ""y"": 50.0, ""radius"": 5.0}]"
delayed_track_sharing,170,34.0,2,65.585,42.888,86.0,90.0,50.0,50.0,52.135,49.261,position_noise+confidence_error,0.618,trust_weighted_fusion,avoidance,4,0,51.345,5.956,12.132,uav_1,5.956,False,False,False,False,False,1,"[{""id"": ""obstacle_0"", ""kind"": ""static_obstacle"", ""x"": 50.0, ""y"": 50.0, ""radius"": 5.0}]"
delayed_track_sharing,170,34.0,3,69.575,48.279,90.0,86.0,50.0,50.0,52.135,49.261,position_noise+confidence_error,0.618,trust_weighted_fusion,avoidance,3,0,42.896,6.707,14.651,uav_2,6.707,False,False,False,False,False,1,"[{""id"": ""obstacle_0"", ""kind"": ""static_obstacle"", ""x"": 50.0, ""y"": 50.0, ""radius"": 5.0}]"
delayed_track_sharing,171,34.2,0,57.551,36.665,94.0,90.0,50.0,50.0,49.958,49.939,false_negative+position_noise+confidence_error,0.458,trust_weighted_fusion,avoidance,2,0,64.6,5.612,10.324,uav_1,5.612,False,False,False,False,False,1,"[{""id"": ""obstacle_0"", ""kind"": ""static_obstacle"", ""x"": 50.0, ""y"": 50.0, ""radius"": 5.0}]"
delayed_track_sharing,171,34.2,1,60.158,41.635,90.0,94.0,50.0,50.0,49.958,49.939,false_negative+position_noise+confidence_error,0.458,trust_weighted_fusion,avoidance,2,0,60.271,5.612,8.159,uav_0,5.612,False,False,False,False,False,1,"[{""id"": ""obstacle_0"", ""kind"": ""static_obstacle"", ""x"": 50.0, ""y"": 50.0, ""radius"": 5.0}]"
delayed_track_sharing,171,34.2,2,65.864,43.175,86.0,90.0,50.0,50.0,49.958,49.939,false_negative+position_noise+confidence_error,0.458,trust_weighted_fusion,avoidance,3,0,50.971,5.91,12.27,uav_1,5.91,False,False,False,False,False,1,"[{""id"": ""obstacle_0"", ""kind"": ""static_obstacle"", ""x"": 50.0, ""y"": 50.0, ""radius"": 5.0}]"
delayed_track_sharing,171,34.2,3,69.827,48.589,90.0,86.0,50.0,50.0,49.958,49.939,position_noise+confidence_error,0.458,trust_weighted_fusion,avoidance,3,0,42.503,6.71,14.877,uav_2,6.71,False,False,False,False,False,1,"[{""id"": ""obstacle_0"", ""kind"": ""static_obstacle"", ""x"": 50.0, ""y"": 50.0, ""radius"": 5.0}]"
delayed_track_sharing,172,34.4,0,57.924,36.809,94.0,90.0,50.0,50.0,50.712,49.665,false_negative+position_noise+confidence_error,0.395,trust_weighted_fusion,avoidance,3,0,64.271,5.639,10.388,uav_1,5.639,False,False,False,False,False,1,"[{""id"": ""obstacle_0"", ""kind"": ""static_obstacle"", ""x"": 50.0, ""y"": 50.0, ""radius"": 5.0}]"
delayed_track_sharing,172,34.4,1,60.514,41.818,90.0,94.0,50.0,50.0,50.712,49.665,position_noise+confidence_error,0.395,trust_weighted_fusion,avoidance,4,0,59.936,5.639,8.322,uav_0,5.639,False,False,False,False,False,1,"[{""id"": ""obstacle_0"", ""kind"": ""static_obstacle"", ""x"": 50.0, ""y"": 50.0, ""radius"": 5.0}]"
delayed_track_sharing,172,34.4,2,66.144,43.461,86.0,90.0,50.0,50.0,50.712,49.665,false_negative+position_noise+confidence_error,0.395,trust_weighted_fusion,avoidance,4,0,50.598,5.865,12.418,uav_1,5.865,False,False,False,False,False,1,"[{""id"": ""obstacle_0"", ""kind"": ""static_obstacle"", ""x"": 50.0, ""y"": 50.0, ""radius"": 5.0}]"
delayed_track_sharing,172,34.4,3,70.078,48.901,90.0,86.0,50.0,50.0,50.712,49.665,position_noise+confidence_error,0.395,trust_weighted_fusion,avoidance,3,0,42.109,6.714,15.108,uav_2,6.714,False,False,False,False,False,1,"[{""id"": ""obstacle_0"", ""kind"": ""static_obstacle"", ""x"": 50.0, ""y"": 50.0, ""radius"": 5.0}]"
delayed_track_sharing,173,34.6,0,58.298,36.951,94.0,90.0,50.0,50.0,51.395,49.977,false_negative+position_noise+confidence_error,0.514,trust_weighted_fusion,avoidance,2,0,63.944,5.663,10.464,uav_1,5.663,False,False,False,False,False,1,"[{""id"": ""obstacle_0"", ""kind"": ""static_obstacle"", ""x"": 50.0, ""y"": 50.0, ""radius"": 5.0}]"
delayed_track_sharing,173,34.6,1,60.872,41.995,90.0,94.0,50.0,50.0,51.395,49.977,false_negative+position_noise+confidence_error,0.514,trust_weighted_fusion,avoidance,3,0,59.606,5.663,8.501,uav_0,5.663,False,False,False,False,False,1,"[{""id"": ""obstacle_0"", ""kind"": ""static_obstacle"", ""x"": 50.0, ""y"": 50.0, ""radius"": 5.0}]"
delayed_track_sharing,173,34.6,2,66.427,43.743,86.0,90.0,50.0,50.0,51.395,49.977,position_noise+confidence_error,0.514,trust_weighted_fusion,avoidance,4,0,50.227,5.823,12.578,uav_1,5.823,False,False,False,False,False,1,"[{""id"": ""obstacle_0"", ""kind"": ""static_obstacle"", ""x"": 50.0, ""y"": 50.0, ""radius"": 5.0}]"
delayed_track_sharing,173,34.6,3,70.329,49.212,90.0,86.0,50.0,50.0,51.395,49.977,false_negative+position_noise+confidence_error,0.514,trust_weighted_fusion,avoidance,2,0,41.717,6.719,15.344,uav_2,6.719,False,False,False,False,False,1,"[{""id"": ""obstacle_0"", ""kind"": ""static_obstacle"", ""x"": 50.0, ""y"": 50.0, ""radius"": 5.0}]"
delayed_track_sharing,174,34.8,0,58.663,37.114,94.0,90.0,50.0,50.0,51.107,51.16,position_noise+confidence_error,0.559,trust_weighted_fusion,avoidance,3,0,63.605,5.683,10.528,uav_1,5.683,False,False,False,False,False,1,"[{""id"": ""obstacle_0"", ""kind"": ""static_obstacle"", ""x"": 50.0, ""y"": 50.0, ""radius"": 5.0}]"
delayed_track_sharing,174,34.8,1,61.223,42.187,90.0,94.0,50.0,50.0,51.107,51.16,position_noise+confidence_error,0.559,trust_weighted_fusion,avoidance,4,0,59.268,5.683,8.675,uav_0,5.683,False,False,False,False,False,1,"[{""id"": ""obstacle_0"", ""kind"": ""static_obstacle"", ""x"": 50.0, ""y"": 50.0, ""radius"": 5.0}]"
delayed_track_sharing,174,34.8,2,66.767,43.954,86.0,90.0,50.0,50.0,51.107,51.16,false_negative+position_noise+confidence_error,0.559,trust_weighted_fusion,avoidance,4,0,49.901,5.818,12.823,uav_1,5.818,False,False,False,False,False,1,"[{""id"": ""obstacle_0"", ""kind"": ""static_obstacle"", ""x"": 50.0, ""y"": 50.0, ""radius"": 5.0}]"
delayed_track_sharing,174,34.8,3,70.583,49.522,90.0,86.0,50.0,50.0,51.107,51.16,position_noise+confidence_error,0.559,trust_weighted_fusion,avoidance,3,0,41.324,6.75,15.588,uav_2,6.75,False,False,False,False,False,1,"[{""id"": ""obstacle_0"", ""kind"": ""static_obstacle"", ""x"": 50.0, ""y"": 50.0, ""radius"": 5.0}]"
delayed_track_sharing,175,35.0,0,59.022,37.291,94.0,90.0,50.0,50.0,49.334,49.04,false_negative+position_noise+confidence_error,0.5,trust_weighted_fusion,avoidance,2,0,63.259,5.717,10.586,uav_1,5.717,False,False,False,False,False,1,"[{""id"": ""obstacle_0"", ""kind"": ""static_obstacle"", ""x"": 50.0, ""y"": 50.0, ""radius"": 5.0}]"
delayed_track_sharing,175,35.0,1,61.55,42.418,90.0,94.0,50.0,50.0,49.334,49.04,position_noise+confidence_error,0.5,trust_weighted_fusion,avoidance,4,0,58.907,5.717,8.816,uav_0,5.717,False,False,False,False,False,1,"[{""id"": ""obstacle_0"", ""kind"": ""static_obstacle"", ""x"": 50.0, ""y"": 50.0, ""radius"": 5.0}]"
delayed_track_sharing,175,35.0,2,67.023,44.261,86.0,90.0,50.0,50.0,49.334,49.04,position_noise+confidence_error,0.5,trust_weighted_fusion,avoidance,4,0,49.519,5.775,12.964,uav_1,5.775,False,False,False,False,False,1,"[{""id"": ""obstacle_0"", ""kind"": ""static_obstacle"", ""x"": 50.0, ""y"": 50.0, ""radius"": 5.0}]"
delayed_track_sharing,175,35.0,3,70.771,49.875,90.0,86.0,50.0,50.0,,,false_negative+position_noise+confidence_error,,trust_weighted_fusion,move,1,0,40.924,6.75,15.771,uav_2,6.75,False,False,False,False,False,1,"[{""id"": ""obstacle_0"", ""kind"": ""static_obstacle"", ""x"": 50.0, ""y"": 50.0, ""radius"": 5.0}]"
delayed_track_sharing,176,35.2,0,59.388,37.453,94.0,90.0,50.0,50.0,50.695,49.126,false_negative+position_noise+confidence_error,0.348,trust_weighted_fusion,avoidance,2,0,62.922,5.753,10.67,uav_1,5.753,False,False,False,False,False,1,"[{""id"": ""obstacle_0"", ""kind"": ""static_obstacle"", ""x"": 50.0, ""y"": 50.0, ""radius"": 5.0}]"
delayed_track_sharing,176,35.2,1,61.886,42.635,90.0,94.0,50.0,50.0,50.695,49.126,false_negative+position_noise+confidence_error,0.348,trust_weighted_fusion,avoidance,4,0,58.556,5.733,8.983,uav_2,5.733,False,False,False,False,False,1,"[{""id"": ""obstacle_0"", ""kind"": ""static_obstacle"", ""x"": 50.0, ""y"": 50.0, ""radius"": 5.0}]"
delayed_track_sharing,176,35.2,2,67.285,44.563,86.0,90.0,50.0,50.0,50.695,49.126,false_negative+position_noise+confidence_error,0.348,trust_weighted_fusion,avoidance,3,0,49.14,5.733,13.12,uav_1,5.733,False,False,False,False,False,1,"[{""id"": ""obstacle_0"", ""kind"": ""static_obstacle"", ""x"": 50.0, ""y"": 50.0, ""radius"": 5.0}]"
delayed_track_sharing,176,35.2,3,70.959,50.228,90.0,86.0,50.0,50.0,,,position_noise+confidence_error,,trust_weighted_fusion,move,2,0,40.524,6.751,15.96,uav_2,6.751,False,False,False,False,False,1,"[{""id"": ""obstacle_0"", ""kind"": ""static_obstacle"", ""x"": 50.0, ""y"": 50.0, ""radius"": 5.0}]"
delayed_track_sharing,177,35.4,0,59.747,37.628,94.0,90.0,50.0,50.0,50.559,50.096,false_negative+position_noise+confidence_error,0.432,trust_weighted_fusion,avoidance,2,0,62.579,5.783,10.75,uav_1,5.783,False,False,False,False,False,1,"[{""id"": ""obstacle_0"", ""kind"": ""static_obstacle"", ""x"": 50.0, ""y"": 50.0, ""radius"": 5.0}]"
delayed_track_sharing,177,35.4,1,62.219,42.857,90.0,94.0,50.0,50.0,50.559,50.096,false_negative+position_noise+confidence_error,0.432,trust_weighted_fusion,avoidance,3,0,58.202,5.694,9.154,uav_2,5.694,False,False,False,False,False,1,"[{""id"": ""obstacle_0"", ""kind"": ""static_obstacle"", ""x"": 50.0, ""y"": 50.0, ""radius"": 5.0}]"
delayed_track_sharing,177,35.4,2,67.547,44.866,86.0,90.0,50.0,50.0,50.559,50.096,false_negative+position_noise+confidence_error,0.432,trust_weighted_fusion,avoidance,3,0,48.761,5.694,13.283,uav_1,5.694,False,False,False,False,False,1,"[{""id"": ""obstacle_0"", ""kind"": ""static_obstacle"", ""x"": 50.0, ""y"": 50.0, ""radius"": 5.0}]"
delayed_track_sharing,177,35.4,3,71.147,50.581,90.0,86.0,50.0,50.0,,,position_noise+confidence_error,,trust_weighted_fusion,move,2,0,40.124,6.754,16.155,uav_2,6.754,False,False,False,False,False,1,"[{""id"": ""obstacle_0"", ""kind"": ""static_obstacle"", ""x"": 50.0, ""y"": 50.0, ""radius"": 5.0}]"
delayed_track_sharing,178,35.6,0,60.098,37.821,94.0,90.0,50.0,50.0,49.586,49.993,position_noise+confidence_error,0.343,trust_weighted_fusion,avoidance,3,0,62.226,5.814,10.821,uav_1,5.814,False,False,False,False,False,1,"[{""id"": ""obstacle_0"", ""kind"": ""static_obstacle"", ""x"": 50.0, ""y"": 50.0, ""radius"": 5.0}]"
delayed_track_sharing,178,35.6,1,62.538,43.098,90.0,94.0,50.0,50.0,49.586,49.993,false_negative+position_noise+confidence_error,0.343,trust_weighted_fusion,avoidance,3,0,57.837,5.657,9.312,uav_2,5.657,False,False,False,False,False,1,"[{""id"": ""obstacle_0"", ""kind"": ""static_obstacle"", ""x"": 50.0, ""y"": 50.0, ""radius"": 5.0}]"
delayed_track_sharing,178,35.6,2,67.799,45.176,86.0,90.0,50.0,50.0,49.586,49.993,false_negative+position_noise+confidence_error,0.343,trust_weighted_fusion,avoidance,4,0,48.378,5.657,13.441,uav_1,5.657,False,False,False,False,False,1,"[{""id"": ""obstacle_0"", ""kind"": ""static_obstacle"", ""x"": 50.0, ""y"": 50.0, ""radius"": 5.0}]"
delayed_track_sharing,178,35.6,3,71.335,50.934,90.0,86.0,50.0,50.0,,,position_noise+confidence_error,,trust_weighted_fusion,move,2,0,39.724,6.757,16.355,uav_2,6.757,False,False,False,False,False,1,"[{""id"": ""obstacle_0"", ""kind"": ""static_obstacle"", ""x"": 50.0, ""y"": 50.0, ""radius"": 5.0}]"
delayed_track_sharing,179,35.8,0,60.447,38.016,94.0,90.0,50.0,50.0,49.644,49.56,false_negative+position_noise+confidence_error,0.373,trust_weighted_fusion,avoidance,2,0,61.872,5.847,10.898,uav_1,5.847,False,False,False,False,False,1,"[{""id"": ""obstacle_0"", ""kind"": ""static_obstacle"", ""x"": 50.0, ""y"": 50.0, ""radius"": 5.0}]"
delayed_track_sharing,179,35.8,1,62.852,43.346,90.0,94.0,50.0,50.0,49.644,49.56,false_negative+position_noise+confidence_error,0.373,trust_weighted_fusion,avoidance,2,0,57.47,5.62,9.472,uav_2,5.62,False,False,False,False,False,1,"[{""id"": ""obstacle_0"", ""kind"": ""static_obstacle"", ""x"": 50.0, ""y"": 50.0, ""radius"": 5.0}]"
delayed_track_sharing,179,35.8,2,68.046,45.491,86.0,90.0,50.0,50.0,49.644,49.56,false_negative+position_noise+confidence_error,0.373,trust_weighted_fusion,avoidance,2,0,47.994,5.62,13.601,uav_1,5.62,False,False,False,False,False,1,"[{""id"": ""obstacle_0"", ""kind"": ""static_obstacle"", ""x"": 50.0, ""y"": 50.0, ""radius"": 5.0}]"
delayed_track_sharing,179,35.8,3,71.522,51.287,90.0,86.0,50.0,50.0,,,position_noise+confidence_error,,trust_weighted_fusion,move,2,0,39.324,6.759,16.561,uav_2,6.759,False,False,False,False,False,1,"[{""id"": ""obstacle_0"", ""kind"": ""static_obstacle"", ""x"": 50.0, ""y"": 50.0, ""radius"": 5.0}]"
delayed_track_sharing,180,36.0,0,60.792,38.219,94.0,90.0,50.0,50.0,50.03,51.669,false_negative+position_noise+confidence_error,0.405,trust_weighted_fusion,avoidance,2,0,61.515,5.872,10.977,uav_1,5.872,False,False,False,False,False,1,"[{""id"": ""obstacle_0"", ""kind"": ""static_obstacle"", ""x"": 50.0, ""y"": 50.0, ""radius"": 5.0}]"
delayed_track_sharing,180,36.0,1,63.171,43.588,90.0,94.0,50.0,50.0,50.03,51.669,position_noise+confidence_error,0.405,trust_weighted_fusion,avoidance,4,0,57.107,5.586,9.648,uav_2,5.586,False,False,False,False,False,1,"[{""id"": ""obstacle_0"", ""kind"": ""static_obstacle"", ""x"": 50.0, ""y"": 50.0, ""radius"": 5.0}]"
delayed_track_sharing,180,36.0,2,68.3,45.8,86.0,90.0,50.0,50.0,50.03,51.669,position_noise+confidence_error,0.405,trust_weighted_fusion,avoidance,4,0,47.612,5.586,13.776,uav_1,5.586,False,False,False,False,False,1,"[{""id"": ""obstacle_0"", ""kind"": ""static_obstacle"", ""x"": 50.0, ""y"": 50.0, ""radius"": 5.0}]"
delayed_track_sharing,180,36.0,3,71.71,51.64,90.0,86.0,50.0,50.0,,,false_negative+position_noise+confidence_error,,trust_weighted_fusion,move,1,0,38.924,6.763,16.772,uav_2,6.763,False,False,False,False,False,1,"[{""id"": ""obstacle_0"", ""kind"": ""static_obstacle"", ""x"": 50.0, ""y"": 50.0, ""radius"": 5.0}]"
delayed_track_sharing,181,36.2,0,61.133,38.427,94.0,90.0,50.0,50.0,49.771,51.369,position_noise+confidence_error,0.461,trust_weighted_fusion,avoidance,3,0,61.156,5.899,11.059,uav_1,5.899,False,False,False,False,False,1,"[{""id"": ""obstacle_0"", ""kind"": ""static_obstacle"", ""x"": 50.0, ""y"": 50.0, ""radius"": 5.0}]"
delayed_track_sharing,181,36.2,1,63.483,43.838,90.0,94.0,50.0,50.0,49.771,51.369,false_negative+position_noise+confidence_error,0.461,trust_weighted_fusion,avoidance,3,0,56.74,5.554,9.824,uav_2,5.554,False,False,False,False,False,1,"[{""id"": ""obstacle_0"", ""kind"": ""static_obstacle"", ""x"": 50.0, ""y"": 50.0, ""radius"": 5.0}]"
delayed_track_sharing,181,36.2,2,68.549,46.113,86.0,90.0,50.0,50.0,49.771,51.369,position_noise+confidence_error,0.461,trust_weighted_fusion,avoidance,4,0,47.229,5.554,13.952,uav_1,5.554,False,False,False,False,False,1,"[{""id"": ""obstacle_0"", ""kind"": ""static_obstacle"", ""x"": 50.0, ""y"": 50.0, ""radius"": 5.0}]"
delayed_track_sharing,181,36.2,3,71.898,51.993,90.0,86.0,50.0,50.0,,,false_negative+position_noise+confidence_error,,trust_weighted_fusion,move,1,0,38.524,6.767,16.989,uav_2,6.767,False,False,False,False,False,1,"[{""id"": ""obstacle_0"", ""kind"": ""static_obstacle"", ""x"": 50.0, ""y"": 50.0, ""radius"": 5.0}]"
delayed_track_sharing,182,36.4,0,61.476,38.634,94.0,90.0,50.0,50.0,49.836,49.772,position_noise+confidence_error,0.38,trust_weighted_fusion,avoidance,3,0,60.797,5.933,11.152,uav_1,5.933,False,False,False,False,False,1,"[{""id"": ""obstacle_0"", ""kind"": ""static_obstacle"", ""x"": 50.0, ""y"": 50.0, ""radius"": 5.0}]"
delayed_track_sharing,182,36.4,1,63.787,44.098,90.0,94.0,50.0,50.0,49.836,49.772,false_negative+position_noise+confidence_error,0.38,trust_weighted_fusion,avoidance,3,0,56.368,5.52,9.997,uav_2,5.52,False,False,False,False,False,1,"[{""id"": ""obstacle_0"", ""kind"": ""static_obstacle"", ""x"": 50.0, ""y"": 50.0, ""radius"": 5.0}]"
delayed_track_sharing,182,36.4,2,68.789,46.433,86.0,90.0,50.0,50.0,49.836,49.772,position_noise+confidence_error,0.38,trust_weighted_fusion,avoidance,4,0,46.843,5.52,14.124,uav_1,5.52,False,False,False,False,False,1,"[{""id"": ""obstacle_0"", ""kind"": ""static_obstacle"", ""x"": 50.0, ""y"": 50.0, ""radius"": 5.0}]"
delayed_track_sharing,182,36.4,3,72.086,52.347,90.0,86.0,50.0,50.0,,,position_noise+confidence_error,,trust_weighted_fusion,move,2,0,38.124,6.771,17.211,uav_2,6.771,False,False,False,False,False,1,"[{""id"": ""obstacle_0"", ""kind"": ""static_obstacle"", ""x"": 50.0, ""y"": 50.0, ""radius"": 5.0}]"
delayed_track_sharing,183,36.6,0,61.806,38.86,94.0,90.0,50.0,50.0,48.637,51.07,position_noise+confidence_error,0.37,trust_weighted_fusion,avoidance,3,0,60.43,5.96,11.232,uav_1,5.96,False,False,False,False,False,1,"[{""id"": ""obstacle_0"", ""kind"": ""static_obstacle"", ""x"": 50.0, ""y"": 50.0, ""radius"": 5.0}]"
delayed_track_sharing,183,36.6,1,64.082,44.367,90.0,94.0,50.0,50.0,48.637,51.07,false_negative+position_noise+confidence_error,0.37,trust_weighted_fusion,avoidance,3,0,55.992,5.431,10.167,uav_2,5.431,False,False,False,False,False,1,"[{""id"": ""obstacle_0"", ""kind"": ""static_obstacle"", ""x"": 50.0, ""y"": 50.0, ""radius"": 5.0}]"
delayed_track_sharing,183,36.6,2,68.936,46.805,86.0,90.0,50.0,50.0,47.125,47.431,false_negative+position_noise+confidence_error,0.0,trust_weighted_fusion,move,3,0,46.443,5.431,14.203,uav_1,5.431,False,False,False,False,False,1,"[{""id"": ""obstacle_0"", ""kind"": ""static_obstacle"", ""x"": 50.0, ""y"": 50.0, ""radius"": 5.0}]"
delayed_track_sharing,183,36.6,3,72.274,52.7,90.0,86.0,50.0,50.0,,,position_noise+confidence_error,,trust_weighted_fusion,move,2,0,37.724,6.774,17.437,uav_2,6.774,False,False,False,False,False,1,"[{""id"": ""obstacle_0"", ""kind"": ""static_obstacle"", ""x"": 50.0, ""y"": 50.0, ""radius"": 5.0}]"
delayed_track_sharing,184,36.8,0,62.135,39.086,94.0,90.0,50.0,50.0,48.95,48.253,false_negative+position_noise+confidence_error,0.193,trust_weighted_fusion,avoidance,3,0,60.063,5.995,11.321,uav_1,5.995,False,False,False,False,False,1,"[{""id"": ""obstacle_0"", ""kind"": ""static_obstacle"", ""x"": 50.0, ""y"": 50.0, ""radius"": 5.0}]"
delayed_track_sharing,184,36.8,1,64.364,44.651,90.0,94.0,50.0,50.0,48.95,48.253,position_noise+confidence_error,0.193,trust_weighted_fusion,avoidance,4,0,55.61,5.352,10.328,uav_2,5.352,False,False,False,False,False,1,"[{""id"": ""obstacle_0"", ""kind"": ""static_obstacle"", ""x"": 50.0, ""y"": 50.0, ""radius"": 5.0}]"
delayed_track_sharing,184,36.8,2,69.083,47.177,86.0,90.0,50.0,50.0,49.796,49.886,false_negative+position_noise+confidence_error,0.065,trust_weighted_fusion,move,3,0,46.043,5.352,14.29,uav_1,5.352,False,False,False,False,False,1,"[{""id"": ""obstacle_0"", ""kind"": ""static_obstacle"", ""x"": 50.0, ""y"": 50.0, ""radius"": 5.0}]"
delayed_track_sharing,184,36.8,3,72.462,53.053,90.0,86.0,50.0,50.0,,,position_noise+confidence_error,,trust_weighted_fusion,move,2,0,37.324,6.778,17.669,uav_2,6.778,False,False,False,False,False,1,"[{""id"": ""obstacle_0"", ""kind"": ""static_obstacle"", ""x"": 50.0, ""y"": 50.0, ""radius"": 5.0}]"
delayed_track_sharing,185,37.0,0,62.47,39.306,94.0,90.0,50.0,50.0,49.945,50.804,false_negative+position_noise+confidence_error,0.31,trust_weighted_fusion,avoidance,2,0,59.7,6.026,11.427,uav_1,6.026,False,False,False,False,False,1,"[{""id"": ""obstacle_0"", ""kind"": ""static_obstacle"", ""x"": 50.0, ""y"": 50.0, ""radius"": 5.0}]"
delayed_track_sharing,185,37.0,1,64.662,44.919,90.0,94.0,50.0,50.0,49.945,50.804,false_negative+position_noise+confidence_error,0.31,trust_weighted_fusion,avoidance,3,0,55.236,5.325,10.517,uav_2,5.325,False,False,False,False,False,1,"[{""id"": ""obstacle_0"", ""kind"": ""static_obstacle"", ""x"": 50.0, ""y"": 50.0, ""radius"": 5.0}]"
delayed_track_sharing,185,37.0,2,69.319,47.5,86.0,90.0,50.0,50.0,49.945,50.804,false_negative+position_noise+confidence_error,0.31,trust_weighted_fusion,avoidance,3,0,45.657,5.325,14.481,uav_1,5.325,False,False,False,False,False,1,"[{""id"": ""obstacle_0"", ""kind"": ""static_obstacle"", ""x"": 50.0, ""y"": 50.0, ""radius"": 5.0}]"
delayed_track_sharing,185,37.0,3,72.65,53.406,90.0,86.0,50.0,50.0,,,false_negative+position_noise+confidence_error,,trust_weighted_fusion,move,1,0,36.924,6.781,17.905,uav_2,6.781,False,False,False,False,False,1,"[{""id"": ""obstacle_0"", ""kind"": ""static_obstacle"", ""x"": 50.0, ""y"": 50.0, ""radius"": 5.0}]"
delayed_track_sharing,186,37.2,0,62.8,39.531,94.0,90.0,50.0,50.0,49.815,49.014,position_noise+confidence_error,0.476,trust_weighted_fusion,avoidance,3,0,59.334,6.062,11.537,uav_1,6.062,False,False,False,False,False,1,"[{""id"": ""obstacle_0"", ""kind"": ""static_obstacle"", ""x"": 50.0, ""y"": 50.0, ""radius"": 5.0}]"
delayed_track_sharing,186,37.2,1,64.946,45.2,90.0,94.0,50.0,50.0,49.815,49.014,false_negative+position_noise+confidence_error,0.476,trust_weighted_fusion,avoidance,3,0,54.856,5.298,10.698,uav_2,5.298,False,False,False,False,False,1,"[{""id"": ""obstacle_0"", ""kind"": ""static_obstacle"", ""x"": 50.0, ""y"": 50.0, ""radius"": 5.0}]"
delayed_track_sharing,186,37.2,2,69.544,47.831,86.0,90.0,50.0,50.0,49.815,49.014,position_noise+confidence_error,0.476,trust_weighted_fusion,avoidance,4,0,45.267,5.298,14.664,uav_1,5.298,False,False,False,False,False,1,"[{""id"": ""obstacle_0"", ""kind"": ""static_obstacle"", ""x"": 50.0, ""y"": 50.0, ""radius"": 5.0}]"
delayed_track_sharing,186,37.2,3,72.838,53.759,90.0,86.0,50.0,50.0,,,false_negative+position_noise+confidence_error,,trust_weighted_fusion,move,1,0,36.524,6.782,18.145,uav_2,6.782,False,False,False,False,False,1,"[{""id"": ""obstacle_0"", ""kind"": ""static_obstacle"", ""x"": 50.0, ""y"": 50.0, ""radius"": 5.0}]"
delayed_track_sharing,187,37.4,0,63.136,39.748,94.0,90.0,50.0,50.0,50.816,49.225,false_negative+position_noise+confidence_error,0.521,trust_weighted_fusion,avoidance,2,0,58.973,6.101,11.663,uav_1,6.101,False,False,False,False,False,1,"[{""id"": ""obstacle_0"", ""kind"": ""static_obstacle"", ""x"": 50.0, ""y"": 50.0, ""radius"": 5.0}]"
delayed_track_sharing,187,37.4,1,65.235,45.477,90.0,94.0,50.0,50.0,50.816,49.225,false_negative+position_noise+confidence_error,0.521,trust_weighted_fusion,avoidance,3,0,54.478,5.271,10.892,uav_2,5.271,False,False,False,False,False,1,"[{""id"": ""obstacle_0"", ""kind"": ""static_obstacle"", ""x"": 50.0, ""y"": 50.0, ""radius"": 5.0}]"
delayed_track_sharing,187,37.4,2,69.771,48.16,86.0,90.0,50.0,50.0,50.816,49.225,false_negative+position_noise+confidence_error,0.521,trust_weighted_fusion,avoidance,3,0,44.877,5.271,14.857,uav_1,5.271,False,False,False,False,False,1,"[{""id"": ""obstacle_0"", ""kind"": ""static_obstacle"", ""x"": 50.0, ""y"": 50.0, ""radius"": 5.0}]"
delayed_track_sharing,187,37.4,3,73.026,54.112,90.0,86.0,50.0,50.0,,,position_noise+confidence_error,,trust_weighted_fusion,move,2,0,36.124,6.784,18.39,uav_2,6.784,False,False,False,False,False,1,"[{""id"": ""obstacle_0"", ""kind"": ""static_obstacle"", ""x"": 50.0, ""y"": 50.0, ""radius"": 5.0}]"
delayed_track_sharing,188,37.6,0,63.453,39.992,94.0,90.0,50.0,50.0,48.54,50.218,position_noise+confidence_error,0.326,trust_weighted_fusion,avoidance,3,0,58.599,6.13,11.767,uav_1,6.13,False,False,False,False,False,1,"[{""id"": ""obstacle_0"", ""kind"": ""static_obstacle"", ""x"": 50.0, ""y"": 50.0, ""radius"": 5.0}]"
delayed_track_sharing,188,37.6,1,65.509,45.768,90.0,94.0,50.0,50.0,48.54,50.218,false_negative+position_noise+confidence_error,0.326,trust_weighted_fusion,avoidance,4,0,54.094,5.2,11.076,uav_2,5.2,False,False,False,False,False,1,"[{""id"": ""obstacle_0"", ""kind"": ""static_obstacle"", ""x"": 50.0, ""y"": 50.0, ""radius"": 5.0}]"
delayed_track_sharing,188,37.6,2,69.913,48.534,86.0,90.0,50.0,50.0,47.956,49.921,position_noise+confidence_error,0.397,trust_weighted_fusion,avoidance,4,0,44.477,5.2,14.967,uav_1,5.2,False,False,False,False,False,1,"[{""id"": ""obstacle_0"", ""kind"": ""static_obstacle"", ""x"": 50.0, ""y"": 50.0, ""radius"": 5.0}]"
delayed_track_sharing,188,37.6,3,73.214,54.465,90.0,86.0,50.0,50.0,,,position_noise+confidence_error,,trust_weighted_fusion,move,2,0,35.724,6.788,18.64,uav_2,6.788,False,False,False,False,False,1,"[{""id"": ""obstacle_0"", ""kind"": ""static_obstacle"", ""x"": 50.0, ""y"": 50.0, ""radius"": 5.0}]"
delayed_track_sharing,189,37.8,0,63.778,40.226,94.0,90.0,50.0,50.0,50.127,51.85,false_negative+position_noise+confidence_error,0.562,trust_weighted_fusion,avoidance,2,0,58.231,5.446,11.892,uav_1,5.446,False,False,False,False,False,1,"[{""id"": ""obstacle_0"", ""kind"": ""static_obstacle"", ""x"": 50.0, ""y"": 50.0, ""radius"": 5.0}]"
delayed_track_sharing,189,37.8,1,65.562,45.371,90.0,94.0,50.0,50.0,50.127,51.85,false_negative+position_noise+confidence_error,0.562,trust_weighted_fusion,avoidance,3,0,54.424,5.446,11.236,uav_0,5.446,False,False,False,False,False,1,"[{""id"": ""obstacle_0"", ""kind"": ""static_obstacle"", ""x"": 50.0, ""y"": 50.0, ""radius"": 5.0}]"
delayed_track_sharing,189,37.8,2,70.057,48.907,86.0,90.0,50.0,50.0,49.931,50.781,position_noise+confidence_error,0.349,trust_weighted_fusion,move,4,0,44.077,5.719,15.087,uav_1,5.719,False,False,False,False,False,1,"[{""id"": ""obstacle_0"", ""kind"": ""static_obstacle"", ""x"": 50.0, ""y"": 50.0, ""radius"": 5.0}]"
delayed_track_sharing,189,37.8,3,73.402,54.818,90.0,86.0,50.0,50.0,,,false_negative+position_noise+confidence_error,,trust_weighted_fusion,move,1,0,35.324,6.792,18.893,uav_2,6.792,False,False,False,False,False,1,"[{""id"": ""obstacle_0"", ""kind"": ""static_obstacle"", ""x"": 50.0, ""y"": 50.0, ""radius"": 5.0}]"
delayed_track_sharing,190,38.0,0,63.985,40.568,94.0,90.0,50.0,50.0,46.566,51.646,false_negative+position_noise+confidence_error,0.039,trust_weighted_fusion,move,2,0,57.831,5.451,11.869,uav_1,5.451,False,False,False,False,False,1,"[{""id"": ""obstacle_0"", ""kind"": ""static_obstacle"", ""x"": 50.0, ""y"": 50.0, ""radius"": 5.0}]"
delayed_track_sharing,190,38.0,1,65.742,45.729,90.0,94.0,50.0,50.0,,,false_negative+position_noise+confidence_error,,trust_weighted_fusion,move,2,0,54.024,5.451,11.311,uav_0,5.451,False,False,False,False,False,1,"[{""id"": ""obstacle_0"", ""kind"": ""static_obstacle"", ""x"": 50.0, ""y"": 50.0, ""radius"": 5.0}]"
delayed_track_sharing,190,38.0,2,70.33,49.2,86.0,90.0,50.0,50.0,,,false_negative+position_noise+confidence_error,,trust_weighted_fusion,avoidance,2,0,43.706,5.753,15.346,uav_1,5.753,False,False,False,False,False,1,"[{""id"": ""obstacle_0"", ""kind"": ""static_obstacle"", ""x"": 50.0, ""y"": 50.0, ""radius"": 5.0}]"
delayed_track_sharing,190,38.0,3,73.59,55.171,90.0,86.0,50.0,50.0,,,position_noise+confidence_error,,trust_weighted_fusion,move,2,0,34.924,6.803,19.15,uav_2,6.803,False,False,False,False,False,1,"[{""id"": ""obstacle_0"", ""kind"": ""static_obstacle"", ""x"": 50.0, ""y"": 50.0, ""radius"": 5.0}]"
delayed_track_sharing,191,38.2,0,64.193,40.91,94.0,90.0,50.0,50.0,45.407,51.779,position_noise+confidence_error,0.076,trust_weighted_fusion,move,3,0,57.431,4.662,11.854,uav_1,4.662,False,False,False,False,False,1,"[{""id"": ""obstacle_0"", ""kind"": ""static_obstacle"", ""x"": 50.0, ""y"": 50.0, ""radius"": 5.0}]"
delayed_track_sharing,191,38.2,1,65.612,45.35,90.0,94.0,50.0,50.0,,,false_negative+position_noise+confidence_error,,trust_weighted_fusion,avoidance,3,0,54.42,4.662,11.29,uav_0,4.662,False,False,False,False,False,1,"[{""id"": ""obstacle_0"", ""kind"": ""static_obstacle"", ""x"": 50.0, ""y"": 50.0, ""radius"": 5.0}]"
delayed_track_sharing,191,38.2,2,70.474,49.573,86.0,90.0,50.0,50.0,,,position_noise+confidence_error,,trust_weighted_fusion,move,3,0,43.306,6.439,15.478,uav_1,6.439,False,False,False,False,False,1,"[{""id"": ""obstacle_0"", ""kind"": ""static_obstacle"", ""x"": 50.0, ""y"": 50.0, ""radius"": 5.0}]"
delayed_track_sharing,191,38.2,3,73.778,55.524,90.0,86.0,50.0,50.0,,,position_noise+confidence_error,,trust_weighted_fusion,move,2,0,34.524,6.807,19.411,uav_2,6.807,False,False,False,False,False,1,"[{""id"": ""obstacle_0"", ""kind"": ""static_obstacle"", ""x"": 50.0, ""y"": 50.0, ""radius"": 5.0}]"
delayed_track_sharing,192,38.4,0,64.51,41.154,94.0,90.0,50.0,50.0,49.771,51.209,false_negative+position_noise+confidence_error,0.277,trust_weighted_fusion,avoidance,2,0,57.058,4.688,11.994,uav_1,4.688,False,False,False,False,False,1,"[{""id"": ""obstacle_0"", ""kind"": ""static_obstacle"", ""x"": 50.0, ""y"": 50.0, ""radius"": 5.0}]"
delayed_track_sharing,192,38.4,1,65.896,45.632,90.0,94.0,50.0,50.0,49.771,51.209,false_negative+position_noise+confidence_error,0.277,trust_weighted_fusion,avoidance,3,0,54.041,4.688,11.485,uav_0,4.688,False,False,False,False,False,1,"[{""id"": ""obstacle_0"", ""kind"": ""static_obstacle"", ""x"": 50.0, ""y"": 50.0, ""radius"": 5.0}]"
delayed_track_sharing,192,38.4,2,70.617,49.946,86.0,90.0,50.0,50.0,,,position_noise+confidence_error,,trust_weighted_fusion,move,3,0,42.906,6.395,15.617,uav_1,6.395,False,False,False,False,False,1,"[{""id"": ""obstacle_0"", ""kind"": ""static_obstacle"", ""x"": 50.0, ""y"": 50.0, ""radius"": 5.0}]"
delayed_track_sharing,192,38.4,3,73.966,55.877,90.0,86.0,50.0,50.0,,,false_negative+position_noise+confidence_error,,trust_weighted_fusion,move,1,0,34.124,6.811,19.676,uav_2,6.811,False,False,False,False,False,1,"[{""id"": ""obstacle_0"", ""kind"": ""static_obstacle"", ""x"": 50.0, ""y"": 50.0, ""radius"": 5.0}]"
delayed_track_sharing,193,38.6,0,64.819,41.408,94.0,90.0,50.0,50.0,49.685,48.591,position_noise+confidence_error,0.368,trust_weighted_fusion,avoidance,3,0,56.681,4.718,12.129,uav_1,4.718,False,False,False,False,False,1,"[{""id"": ""obstacle_0"", ""kind"": ""static_obstacle"", ""x"": 50.0, ""y"": 50.0, ""radius"": 5.0}]"
delayed_track_sharing,193,38.6,1,66.162,45.931,90.0,94.0,50.0,50.0,49.685,48.591,false_negative+position_noise+confidence_error,0.368,trust_weighted_fusion,avoidance,3,0,53.655,4.718,11.667,uav_0,4.718,False,False,False,False,False,1,"[{""id"": ""obstacle_0"", ""kind"": ""static_obstacle"", ""x"": 50.0, ""y"": 50.0, ""radius"": 5.0}]"
delayed_track_sharing,193,38.6,2,70.76,50.32,86.0,90.0,50.0,50.0,,,false_negative+position_noise+confidence_error,,trust_weighted_fusion,move,1,0,42.506,6.357,15.763,uav_1,6.357,False,False,False,False,False,1,"[{""id"": ""obstacle_0"", ""kind"": ""static_obstacle"", ""x"": 50.0, ""y"": 50.0, ""radius"": 5.0}]"
delayed_track_sharing,193,38.6,3,74.154,56.231,90.0,86.0,50.0,50.0,,,position_noise+confidence_error,,trust_weighted_fusion,move,2,0,33.724,6.816,19.944,uav_2,6.816,False,False,False,False,False,1,"[{""id"": ""obstacle_0"", ""kind"": ""static_obstacle"", ""x"": 50.0, ""y"": 50.0, ""radius"": 5.0}]"
delayed_track_sharing,194,38.8,0,65.131,41.658,94.0,90.0,50.0,50.0,50.113,50.143,position_noise+confidence_error,0.325,trust_weighted_fusion,avoidance,3,0,56.306,4.795,12.278,uav_1,4.795,False,False,False,False,False,1,"[{""id"": ""obstacle_0"", ""kind"": ""static_obstacle"", ""x"": 50.0, ""y"": 50.0, ""radius"": 5.0}]"
delayed_track_sharing,194,38.8,1,66.248,46.321,90.0,94.0,50.0,50.0,50.113,50.143,false_negative+position_noise+confidence_error,0.325,trust_weighted_fusion,avoidance,2,0,53.267,4.795,11.66,uav_0,4.795,False,False,False,False,False,1,"[{""id"": ""obstacle_0"", ""kind"": ""static_obstacle"", ""x"": 50.0, ""y"": 50.0, ""radius"": 5.0}]"
delayed_track_sharing,194,38.8,2,70.904,50.693,86.0,90.0,50.0,50.0,,,false_negative+position_noise+confidence_error,,trust_weighted_fusion,move,2,0,42.106,6.386,15.915,uav_1,6.386,False,False,False,False,False,1,"[{""id"": ""obstacle_0"", ""kind"": ""static_obstacle"", ""x"": 50.0, ""y"": 50.0, ""radius"": 5.0}]"
delayed_track_sharing,194,38.8,3,74.342,56.584,90.0,86.0,50.0,50.0,,,false_negative+position_noise+confidence_error,,trust_weighted_fusion,move,1,0,33.324,6.82,20.216,uav_2,6.82,False,False,False,False,False,1,"[{""id"": ""obstacle_0"", ""kind"": ""static_obstacle"", ""x"": 50.0, ""y"": 50.0, ""radius"": 5.0}]"
delayed_track_sharing,195,39.0,0,65.454,41.894,94.0,90.0,50.0,50.0,51.764,51.929,position_noise+confidence_error,0.434,trust_weighted_fusion,avoidance,3,0,55.938,4.825,12.451,uav_1,4.825,False,False,False,False,False,1,"[{""id"": ""obstacle_0"", ""kind"": ""static_obstacle"", ""x"": 50.0, ""y"": 50.0, ""radius"": 5.0}]"
delayed_track_sharing,195,39.0,1,66.54,46.595,90.0,94.0,50.0,50.0,51.764,51.929,position_noise+confidence_error,0.434,trust_weighted_fusion,avoidance,4,0,52.893,4.825,11.887,uav_0,4.825,False,False,False,False,False,1,"[{""id"": ""obstacle_0"", ""kind"": ""static_obstacle"", ""x"": 50.0, ""y"": 50.0, ""radius"": 5.0}]"
delayed_track_sharing,195,39.0,2,71.127,51.025,86.0,90.0,50.0,50.0,51.764,51.929,false_negative+position_noise+confidence_error,0.434,trust_weighted_fusion,avoidance,3,0,41.716,6.377,16.152,uav_1,6.377,False,False,False,False,False,1,"[{""id"": ""obstacle_0"", ""kind"": ""static_obstacle"", ""x"": 50.0, ""y"": 50.0, ""radius"": 5.0}]"
delayed_track_sharing,195,39.0,3,74.53,56.937,90.0,86.0,50.0,50.0,,,false_negative+position_noise+confidence_error,,trust_weighted_fusion,move,1,0,32.924,6.821,20.492,uav_2,6.821,False,False,False,False,False,1,"[{""id"": ""obstacle_0"", ""kind"": ""static_obstacle"", ""x"": 50.0, ""y"": 50.0, ""radius"": 5.0}]"
delayed_track_sharing,196,39.2,0,65.792,42.107,94.0,90.0,50.0,50.0,54.077,51.091,position_noise+confidence_error,0.227,trust_weighted_fusion,avoidance,3,0,55.582,4.863,12.655,uav_1,4.863,False,False,False,False,False,1,"[{""id"": ""obstacle_0"", ""kind"": ""static_obstacle"", ""x"": 50.0, ""y"": 50.0, ""radius"": 5.0}]"
delayed_track_sharing,196,39.2,1,66.844,46.855,90.0,94.0,50.0,50.0,54.077,51.091,false_negative+position_noise+confidence_error,0.227,trust_weighted_fusion,avoidance,4,0,52.525,4.863,12.135,uav_0,4.863,False,False,False,False,False,1,"[{""id"": ""obstacle_0"", ""kind"": ""static_obstacle"", ""x"": 50.0, ""y"": 50.0, ""radius"": 5.0}]"
delayed_track_sharing,196,39.2,2,71.351,51.356,86.0,90.0,50.0,50.0,54.077,51.091,position_noise+confidence_error,0.227,trust_weighted_fusion,avoidance,4,0,41.327,6.37,16.394,uav_1,6.37,False,False,False,False,False,1,"[{""id"": ""obstacle_0"", ""kind"": ""static_obstacle"", ""x"": 50.0, ""y"": 50.0, ""radius"": 5.0}]"
delayed_track_sharing,196,39.2,3,74.718,57.29,90.0,86.0,50.0,50.0,,,false_negative+position_noise+confidence_error,,trust_weighted_fusion,move,1,0,32.524,6.822,20.77,uav_2,6.822,False,False,False,False,False,1,"[{""id"": ""obstacle_0"", ""kind"": ""static_obstacle"", ""x"": 50.0, ""y"": 50.0, ""radius"": 5.0}]"
delayed_track_sharing,197,39.4,0,66.08,42.386,94.0,90.0,50.0,50.0,48.014,48.783,false_negative+position_noise+confidence_error,0.158,trust_weighted_fusion,avoidance,3,0,55.197,4.889,12.791,uav_1,4.889,False,False,False,False,False,1,"[{""id"": ""obstacle_0"", ""kind"": ""static_obstacle"", ""x"": 50.0, ""y"": 50.0, ""radius"": 5.0}]"
delayed_track_sharing,197,39.4,1,67.092,47.169,90.0,94.0,50.0,50.0,48.014,48.783,position_noise+confidence_error,0.158,trust_weighted_fusion,avoidance,4,0,52.134,4.889,12.325,uav_0,4.889,False,False,False,False,False,1,"[{""id"": ""obstacle_0"", ""kind"": ""static_obstacle"", ""x"": 50.0, ""y"": 50.0, ""radius"": 5.0}]"
delayed_track_sharing,197,39.4,2,71.493,51.73,86.0,90.0,50.0,50.0,,,position_noise+confidence_error,,trust_weighted_fusion,move,3,0,40.927,6.339,16.563,uav_1,6.339,False,False,False,False,False,1,"[{""id"": ""obstacle_0"", ""kind"": ""static_obstacle"", ""x"": 50.0, ""y"": 50.0, ""radius"": 5.0}]"
delayed_track_sharing,197,39.4,3,74.906,57.643,90.0,86.0,50.0,50.0,,,position_noise+confidence_error,,trust_weighted_fusion,move,2,0,32.124,6.827,21.052,uav_2,6.827,False,False,False,False,False,1,"[{""id"": ""obstacle_0"", ""kind"": ""static_obstacle"", ""x"": 50.0, ""y"": 50.0, ""radius"": 5.0}]"
delayed_track_sharing,198,39.6,0,66.394,42.633,94.0,90.0,50.0,50.0,52.099,50.289,position_noise+confidence_error,0.164,trust_weighted_fusion,avoidance,3,0,54.825,4.924,12.973,uav_1,4.924,False,False,False,False,False,1,"[{""id"": ""obstacle_0"", ""kind"": ""static_obstacle"", ""x"": 50.0, ""y"": 50.0, ""radius"": 5.0}]"
delayed_track_sharing,198,39.6,1,67.366,47.46,90.0,94.0,50.0,50.0,52.099,50.289,position_noise+confidence_error,0.164,trust_weighted_fusion,avoidance,4,0,51.752,4.924,12.55,uav_0,4.924,False,False,False,False,False,1,"[{""id"": ""obstacle_0"", ""kind"": ""static_obstacle"", ""x"": 50.0, ""y"": 50.0, ""radius"": 5.0}]"
delayed_track_sharing,198,39.6,2,71.699,52.073,86.0,90.0,50.0,50.0,52.099,50.289,false_negative+position_noise+confidence_error,0.164,trust_weighted_fusion,avoidance,3,0,40.533,6.329,16.798,uav_1,6.329,False,False,False,False,False,1,"[{""id"": ""obstacle_0"", ""kind"": ""static_obstacle"", ""x"": 50.0, ""y"": 50.0, ""radius"": 5.0}]"
delayed_track_sharing,198,39.6,3,75.094,57.996,90.0,86.0,50.0,50.0,,,position_noise+confidence_error,,trust_weighted_fusion,move,2,0,31.724,6.827,21.337,uav_2,6.827,False,False,False,False,False,1,"[{""id"": ""obstacle_0"", ""kind"": ""static_obstacle"", ""x"": 50.0, ""y"": 50.0, ""radius"": 5.0}]"
delayed_track_sharing,199,39.8,0,66.691,42.901,94.0,90.0,50.0,50.0,50.315,49.607,false_negative+position_noise+confidence_error,0.315,trust_weighted_fusion,avoidance,2,0,54.444,4.955,13.138,uav_1,4.955,False,False,False,False,False,1,"[{""id"": ""obstacle_0"", ""kind"": ""static_obstacle"", ""x"": 50.0, ""y"": 50.0, ""radius"": 5.0}]"
delayed_track_sharing,199,39.8,1,67.621,47.768,90.0,94.0,50.0,50.0,50.315,49.607,position_noise+confidence_error,0.315,trust_weighted_fusion,avoidance,4,0,51.363,4.955,12.762,uav_0,4.955,False,False,False,False,False,1,"[{""id"": ""obstacle_0"", ""kind"": ""static_obstacle"", ""x"": 50.0, ""y"": 50.0, ""radius"": 5.0}]"
delayed_track_sharing,199,39.8,2,71.841,52.447,86.0,90.0,50.0,50.0,,,false_negative+position_noise+confidence_error,,trust_weighted_fusion,move,2,0,40.133,6.301,16.977,uav_1,6.301,False,False,False,False,False,1,"[{""id"": ""obstacle_0"", ""kind"": ""static_obstacle"", ""x"": 50.0, ""y"": 50.0, ""radius"": 5.0}]"
delayed_track_sharing,199,39.8,3,75.281,58.349,90.0,86.0,50.0,50.0,,,false_negative+confidence_error,,trust_weighted_fusion,move,0,0,31.324,6.832,21.624,uav_2,6.832,False,False,False,False,False,1,"[{""id"": ""obstacle_0"", ""kind"": ""static_obstacle"", ""x"": 50.0, ""y"": 50.0, ""radius"": 5.0}]"
delayed_track_sharing,200,40.0,0,67.017,42.669,94.0,90.0,50.0,50.0,50.07,50.246,position_noise+confidence_error,0.487,trust_weighted_fusion,avoidance,3,0,54.482,5.475,13.529,uav_1,5.475,False,False,False,False,False,1,"[{""id"": ""obstacle_0"", ""kind"": ""static_obstacle"", ""x"": 50.0, ""y"": 50.0, ""radius"": 5.0}]"
delayed_track_sharing,200,40.0,1,67.876,48.076,90.0,94.0,50.0,50.0,50.07,50.246,false_negative+position_noise+confidence_error,0.487,trust_weighted_fusion,avoidance,3,0,50.975,5.475,12.979,uav_0,5.475,False,False,False,False,False,1,"[{""id"": ""obstacle_0"", ""kind"": ""static_obstacle"", ""x"": 50.0, ""y"": 50.0, ""radius"": 5.0}]"
delayed_track_sharing,200,40.0,2,71.982,52.822,86.0,90.0,50.0,50.0,,,position_noise+confidence_error,,trust_weighted_fusion,move,3,0,39.733,6.275,17.162,uav_1,6.275,False,False,False,False,False,1,"[{""id"": ""obstacle_0"", ""kind"": ""static_obstacle"", ""x"": 50.0, ""y"": 50.0, ""radius"": 5.0}]"
delayed_track_sharing,200,40.0,3,75.469,58.702,90.0,86.0,50.0,50.0,,,false_negative+position_noise+confidence_error,,trust_weighted_fusion,move,1,0,30.924,6.837,21.915,uav_2,6.837,False,False,False,False,False,1,"[{""id"": ""obstacle_0"", ""kind"": ""static_obstacle"", ""x"": 50.0, ""y"": 50.0, ""radius"": 5.0}]"
delayed_track_sharing,201,40.2,0,67.215,43.017,94.0,90.0,50.0,50.0,,,false_negative+confidence_error,,trust_weighted_fusion,move,0,0,54.082,5.484,13.577,uav_1,5.484,False,False,False,False,False,1,"[{""id"": ""obstacle_0"", ""kind"": ""static_obstacle"", ""x"": 50.0, ""y"": 50.0, ""radius"": 5.0}]"
delayed_track_sharing,201,40.2,1,68.05,48.437,90.0,94.0,50.0,50.0,46.786,48.556,false_negative+position_noise+confidence_error,0.175,trust_weighted_fusion,move,3,0,50.575,5.484,13.117,uav_0,5.484,False,False,False,False,False,1,"[{""id"": ""obstacle_0"", ""kind"": ""static_obstacle"", ""x"": 50.0, ""y"": 50.0, ""radius"": 5.0}]"
delayed_track_sharing,201,40.2,2,72.123,53.196,86.0,90.0,50.0,50.0,,,position_noise+confidence_error,,trust_weighted_fusion,move,3,0,39.333,6.264,17.352,uav_1,6.264,False,False,False,False,False,1,"[{""id"": ""obstacle_0"", ""kind"": ""static_obstacle"", ""x"": 50.0, ""y"": 50.0, ""radius"": 5.0}]"
delayed_track_sharing,201,40.2,3,75.657,59.055,90.0,86.0,50.0,50.0,,,position_noise+confidence_error,,trust_weighted_fusion,move,2,0,30.524,6.843,22.208,uav_2,6.843,False,False,False,False,False,1,"[{""id"": ""obstacle_0"", ""kind"": ""static_obstacle"", ""x"": 50.0, ""y"": 50.0, ""radius"": 5.0}]"
delayed_track_sharing,202,40.4,0,67.509,43.288,94.0,90.0,50.0,50.0,50.632,50.684,position_noise+confidence_error,0.411,trust_weighted_fusion,avoidance,3,0,53.701,5.515,13.751,uav_1,5.515,False,False,False,False,False,1,"[{""id"": ""obstacle_0"", ""kind"": ""static_obstacle"", ""x"": 50.0, ""y"": 50.0, ""radius"": 5.0}]"
delayed_track_sharing,202,40.4,1,68.303,48.746,90.0,94.0,50.0,50.0,50.632,50.684,false_negative+position_noise+confidence_error,0.411,trust_weighted_fusion,avoidance,3,0,50.186,5.515,13.346,uav_0,5.515,False,False,False,False,False,1,"[{""id"": ""obstacle_0"", ""kind"": ""static_obstacle"", ""x"": 50.0, ""y"": 50.0, ""radius"": 5.0}]"
delayed_track_sharing,202,40.4,2,72.264,53.57,86.0,90.0,50.0,50.0,,,position_noise+confidence_error,,trust_weighted_fusion,move,3,0,38.933,6.242,17.548,uav_1,6.242,False,False,False,False,False,1,"[{""id"": ""obstacle_0"", ""kind"": ""static_obstacle"", ""x"": 50.0, ""y"": 50.0, ""radius"": 5.0}]"
delayed_track_sharing,202,40.4,3,75.845,59.408,90.0,86.0,50.0,50.0,,,position_noise+confidence_error,,trust_weighted_fusion,move,2,0,30.124,6.849,22.505,uav_2,6.849,False,False,False,False,False,1,"[{""id"": ""obstacle_0"", ""kind"": ""static_obstacle"", ""x"": 50.0, ""y"": 50.0, ""radius"": 5.0}]"
delayed_track_sharing,203,40.6,0,67.706,43.636,94.0,90.0,50.0,50.0,,,false_negative+position_noise+confidence_error,,trust_weighted_fusion,move,2,0,53.301,5.524,13.815,uav_1,5.524,False,False,False,False,False,1,"[{""id"": ""obstacle_0"", ""kind"": ""static_obstacle"", ""x"": 50.0, ""y"": 50.0, ""radius"": 5.0}]"
delayed_track_sharing,203,40.6,1,68.476,49.107,90.0,94.0,50.0,50.0,,,false_negative+position_noise+confidence_error,,trust_weighted_fusion,move,3,0,49.786,5.524,13.498,uav_0,5.524,False,False,False,False,False,1,"[{""id"": ""obstacle_0"", ""kind"": ""static_obstacle"", ""x"": 50.0, ""y"": 50.0, ""radius"": 5.0}]"
delayed_track_sharing,203,40.6,2,72.405,53.944,86.0,90.0,50.0,50.0,,,position_noise+confidence_error,,trust_weighted_fusion,move,3,0,38.533,6.232,17.75,uav_1,6.232,False,False,False,False,False,1,"[{""id"": ""obstacle_0"", ""kind"": ""static_obstacle"", ""x"": 50.0, ""y"": 50.0, ""radius"": 5.0}]"
delayed_track_sharing,203,40.6,3,76.033,59.761,90.0,86.0,50.0,50.0,,,position_noise+confidence_error,,trust_weighted_fusion,move,2,0,29.724,6.856,22.803,uav_2,6.856,False,False,False,False,False,1,"[{""id"": ""obstacle_0"", ""kind"": ""static_obstacle"", ""x"": 50.0, ""y"": 50.0, ""radius"": 5.0}]"
delayed_track_sharing,204,40.8,0,67.981,43.927,94.0,90.0,50.0,50.0,49.239,48.554,position_noise+confidence_error,0.171,trust_weighted_fusion,avoidance,3,0,52.912,5.554,13.979,uav_1,5.554,False,False,False,False,False,1,"[{""id"": ""obstacle_0"", ""kind"": ""static_obstacle"", ""x"": 50.0, ""y"": 50.0, ""radius"": 5.0}]"
delayed_track_sharing,204,40.8,1,68.707,49.433,90.0,94.0,50.0,50.0,49.239,48.554,false_negative+position_noise+confidence_error,0.171,trust_weighted_fusion,avoidance,3,0,49.392,5.554,13.716,uav_0,5.554,False,False,False,False,False,1,"[{""id"": ""obstacle_0"", ""kind"": ""static_obstacle"", ""x"": 50.0, ""y"": 50.0, ""radius"": 5.0}]"
delayed_track_sharing,204,40.8,2,72.546,54.319,86.0,90.0,50.0,50.0,,,position_noise+confidence_error,,trust_weighted_fusion,move,3,0,38.133,6.213,17.956,uav_1,6.213,False,False,False,False,False,1,"[{""id"": ""obstacle_0"", ""kind"": ""static_obstacle"", ""x"": 50.0, ""y"": 50.0, ""radius"": 5.0}]"
delayed_track_sharing,204,40.8,3,76.221,60.115,90.0,86.0,50.0,50.0,,,position_noise+confidence_error,,trust_weighted_fusion,move,2,0,29.324,6.863,23.104,uav_2,6.863,False,False,False,False,False,1,"[{""id"": ""obstacle_0"", ""kind"": ""static_obstacle"", ""x"": 50.0, ""y"": 50.0, ""radius"": 5.0}]"
delayed_track_sharing,205,41.0,0,68.282,44.19,94.0,90.0,50.0,50.0,52.997,50.802,position_noise+confidence_error,0.426,trust_weighted_fusion,avoidance,3,0,52.535,5.592,14.183,uav_1,5.592,False,False,False,False,False,1,"[{""id"": ""obstacle_0"", ""kind"": ""static_obstacle"", ""x"": 50.0, ""y"": 50.0, ""radius"": 5.0}]"
delayed_track_sharing,205,41.0,1,68.963,49.741,90.0,94.0,50.0,50.0,52.997,50.802,false_negative+position_noise+confidence_error,0.426,trust_weighted_fusion,avoidance,2,0,49.004,5.592,13.965,uav_0,5.592,False,False,False,False,False,1,"[{""id"": ""obstacle_0"", ""kind"": ""static_obstacle"", ""x"": 50.0, ""y"": 50.0, ""radius"": 5.0}]"
delayed_track_sharing,205,41.0,2,72.74,54.669,86.0,90.0,50.0,50.0,52.997,50.802,position_noise+confidence_error,0.426,trust_weighted_fusion,avoidance,4,0,37.738,6.209,18.214,uav_1,6.209,False,False,False,False,False,1,"[{""id"": ""obstacle_0"", ""kind"": ""static_obstacle"", ""x"": 50.0, ""y"": 50.0, ""radius"": 5.0}]"
delayed_track_sharing,205,41.0,3,76.409,60.468,90.0,86.0,50.0,50.0,,,position_noise+confidence_error,,trust_weighted_fusion,move,2,0,28.924,6.862,23.408,uav_2,6.862,False,False,False,False,False,1,"[{""id"": ""obstacle_0"", ""kind"": ""static_obstacle"", ""x"": 50.0, ""y"": 50.0, ""radius"": 5.0}]"
delayed_track_sharing,206,41.2,0,68.561,44.476,94.0,90.0,50.0,50.0,50.399,49.776,position_noise+confidence_error,0.481,trust_weighted_fusion,avoidance,3,0,52.149,5.624,14.366,uav_1,5.624,False,False,False,False,False,1,"[{""id"": ""obstacle_0"", ""kind"": ""static_obstacle"", ""x"": 50.0, ""y"": 50.0, ""radius"": 5.0}]"
delayed_track_sharing,206,41.2,1,69.199,50.064,90.0,94.0,50.0,50.0,50.399,49.776,position_noise+confidence_error,0.481,trust_weighted_fusion,avoidance,4,0,48.611,5.624,14.199,uav_0,5.624,False,False,False,False,False,1,"[{""id"": ""obstacle_0"", ""kind"": ""static_obstacle"", ""x"": 50.0, ""y"": 50.0, ""radius"": 5.0}]"
delayed_track_sharing,206,41.2,2,72.88,55.043,86.0,90.0,50.0,50.0,,,position_noise+confidence_error,,trust_weighted_fusion,move,3,0,37.338,6.192,18.429,uav_1,6.192,False,False,False,False,False,1,"[{""id"": ""obstacle_0"", ""kind"": ""static_obstacle"", ""x"": 50.0, ""y"": 50.0, ""radius"": 5.0}]"
delayed_track_sharing,206,41.2,3,76.597,60.821,90.0,86.0,50.0,50.0,,,false_negative+position_noise+confidence_error,,trust_weighted_fusion,move,1,0,28.524,6.87,23.714,uav_2,6.87,False,False,False,False,False,1,"[{""id"": ""obstacle_0"", ""kind"": ""static_obstacle"", ""x"": 50.0, ""y"": 50.0, ""radius"": 5.0}]"
delayed_track_sharing,207,41.4,0,68.84,44.763,94.0,90.0,50.0,50.0,49.854,51.3,false_negative+position_noise+confidence_error,0.289,trust_weighted_fusion,avoidance,3,0,51.763,5.547,14.554,uav_1,5.547,False,False,False,False,False,1,"[{""id"": ""obstacle_0"", ""kind"": ""static_obstacle"", ""x"": 50.0, ""y"": 50.0, ""radius"": 5.0}]"
delayed_track_sharing,207,41.4,1,68.884,50.31,90.0,94.0,50.0,50.0,49.854,51.3,position_noise+confidence_error,0.289,trust_weighted_fusion,avoidance,4,0,48.525,5.547,13.886,uav_0,5.547,False,False,False,False,False,1,"[{""id"": ""obstacle_0"", ""kind"": ""static_obstacle"", ""x"": 50.0, ""y"": 50.0, ""radius"": 5.0}]"
delayed_track_sharing,207,41.4,2,73.021,55.418,86.0,90.0,50.0,50.0,,,position_noise+confidence_error,,trust_weighted_fusion,move,3,0,36.938,6.573,18.65,uav_1,6.573,False,False,False,False,False,1,"[{""id"": ""obstacle_0"", ""kind"": ""static_obstacle"", ""x"": 50.0, ""y"": 50.0, ""radius"": 5.0}]"
delayed_track_sharing,207,41.4,3,76.785,61.174,90.0,86.0,50.0,50.0,,,position_noise+confidence_error,,trust_weighted_fusion,move,2,0,28.124,6.878,24.022,uav_2,6.878,False,False,False,False,False,1,"[{""id"": ""obstacle_0"", ""kind"": ""static_obstacle"", ""x"": 50.0, ""y"": 50.0, ""radius"": 5.0}]"
delayed_track_sharing,208,41.6,0,69.225,44.657,94.0,90.0,50.0,50.0,50.185,47.918,position_noise+confidence_error,0.277,trust_weighted_fusion,avoidance,3,0,51.67,5.988,14.954,uav_1,5.988,False,False,False,False,False,1,"[{""id"": ""obstacle_0"", ""kind"": ""static_obstacle"", ""x"": 50.0, ""y"": 50.0, ""radius"": 5.0}]"
delayed_track_sharing,208,41.6,1,69.106,50.643,90.0,94.0,50.0,50.0,50.185,47.918,position_noise+confidence_error,0.277,trust_weighted_fusion,avoidance,4,0,48.129,5.988,14.116,uav_0,5.988,False,False,False,False,False,1,"[{""id"": ""obstacle_0"", ""kind"": ""static_obstacle"", ""x"": 50.0, ""y"": 50.0, ""radius"": 5.0}]"
delayed_track_sharing,208,41.6,2,73.161,55.792,86.0,90.0,50.0,50.0,,,false_negative+position_noise+confidence_error,,trust_weighted_fusion,move,2,0,36.538,6.555,18.875,uav_1,6.555,False,False,False,False,False,1,"[{""id"": ""obstacle_0"", ""kind"": ""static_obstacle"", ""x"": 50.0, ""y"": 50.0, ""radius"": 5.0}]"
delayed_track_sharing,208,41.6,3,76.973,61.527,90.0,86.0,50.0,50.0,,,false_negative+position_noise+confidence_error,,trust_weighted_fusion,move,1,0,27.724,6.886,24.333,uav_2,6.886,False,False,False,False,False,1,"[{""id"": ""obstacle_0"", ""kind"": ""static_obstacle"", ""x"": 50.0, ""y"": 50.0, ""radius"": 5.0}]"
delayed_track_sharing,209,41.8,0,69.417,45.008,94.0,90.0,50.0,50.0,51.334,51.429,false_negative+position_noise+confidence_error,0.0,trust_weighted_fusion,move,1,0,51.27,5.997,15.049,uav_1,5.997,False,False,False,False,False,1,"[{""id"": ""obstacle_0"", ""kind"": ""static_obstacle"", ""x"": 50.0, ""y"": 50.0, ""radius"": 5.0}]"
delayed_track_sharing,209,41.8,1,69.279,51.003,90.0,94.0,50.0,50.0,48.298,47.3,position_noise+confidence_error,0.396,trust_weighted_fusion,move,4,0,47.729,5.997,14.305,uav_0,5.997,False,False,False,False,False,1,"[{""id"": ""obstacle_0"", ""kind"": ""static_obstacle"", ""x"": 50.0, ""y"": 50.0, ""radius"": 5.0}]"
delayed_track_sharing,209,41.8,2,73.302,56.167,86.0,90.0,50.0,50.0,,,false_negative+position_noise+confidence_error,,trust_weighted_fusion,move,1,0,36.138,6.545,19.104,uav_1,6.545,False,False,False,False,False,1,"[{""id"": ""obstacle_0"", ""kind"": ""static_obstacle"", ""x"": 50.0, ""y"": 50.0, ""radius"": 5.0}]"
delayed_track_sharing,209,41.8,3,77.161,61.88,90.0,86.0,50.0,50.0,,,false_negative+position_noise+confidence_error,,trust_weighted_fusion,move,1,0,27.324,6.895,24.645,uav_2,6.895,False,False,False,False,False,1,"[{""id"": ""obstacle_0"", ""kind"": ""static_obstacle"", ""x"": 50.0, ""y"": 50.0, ""radius"": 5.0}]"
delayed_track_sharing,210,42.0,0,69.688,45.303,94.0,90.0,50.0,50.0,50.343,50.377,position_noise+confidence_error,0.268,trust_weighted_fusion,avoidance,3,0,50.882,6.029,15.24,uav_1,6.029,False,False,False,False,False,1,"[{""id"": ""obstacle_0"", ""kind"": ""static_obstacle"", ""x"": 50.0, ""y"": 50.0, ""radius"": 5.0}]"
delayed_track_sharing,210,42.0,1,69.511,51.329,90.0,94.0,50.0,50.0,50.343,50.377,position_noise+confidence_error,0.268,trust_weighted_fusion,avoidance,4,0,47.335,6.029,14.556,uav_0,6.029,False,False,False,False,False,1,"[{""id"": ""obstacle_0"", ""kind"": ""static_obstacle"", ""x"": 50.0, ""y"": 50.0, ""radius"": 5.0}]"
delayed_track_sharing,210,42.0,2,73.442,56.541,86.0,90.0,50.0,50.0,,,false_negative+position_noise+confidence_error,,trust_weighted_fusion,move,2,0,35.738,6.528,19.338,uav_1,6.528,False,False,False,False,False,1,"[{""id"": ""obstacle_0"", ""kind"": ""static_obstacle"", ""x"": 50.0, ""y"": 50.0, ""radius"": 5.0}]"
delayed_track_sharing,210,42.0,3,77.349,62.233,90.0,86.0,50.0,50.0,,,position_noise+confidence_error,,trust_weighted_fusion,move,2,0,26.924,6.904,24.96,uav_2,6.904,False,False,False,False,False,1,"[{""id"": ""obstacle_0"", ""kind"": ""static_obstacle"", ""x"": 50.0, ""y"": 50.0, ""radius"": 5.0}]"
delayed_track_sharing,211,42.2,0,69.972,45.584,94.0,90.0,50.0,50.0,52.209,52.55,false_negative+position_noise+confidence_error,0.497,trust_weighted_fusion,avoidance,2,0,50.499,6.063,15.454,uav_1,6.063,False,False,False,False,False,1,"[{""id"": ""obstacle_0"", ""kind"": ""static_obstacle"", ""x"": 50.0, ""y"": 50.0, ""radius"": 5.0}]"
delayed_track_sharing,211,42.2,1,69.759,51.643,90.0,94.0,50.0,50.0,52.209,52.55,false_negative+position_noise+confidence_error,0.497,trust_weighted_fusion,avoidance,3,0,46.945,6.063,14.827,uav_0,6.063,False,False,False,False,False,1,"[{""id"": ""obstacle_0"", ""kind"": ""static_obstacle"", ""x"": 50.0, ""y"": 50.0, ""radius"": 5.0}]"
delayed_track_sharing,211,42.2,2,73.583,56.916,86.0,90.0,50.0,50.0,,,position_noise+confidence_error,,trust_weighted_fusion,move,3,0,35.338,6.513,19.576,uav_1,6.513,False,False,False,False,False,1,"[{""id"": ""obstacle_0"", ""kind"": ""static_obstacle"", ""x"": 50.0, ""y"": 50.0, ""radius"": 5.0}]"
delayed_track_sharing,211,42.2,3,77.537,62.586,90.0,86.0,50.0,50.0,,,position_noise+confidence_error,,trust_weighted_fusion,move,2,0,26.524,6.913,25.277,uav_2,6.913,False,False,False,False,False,1,"[{""id"": ""obstacle_0"", ""kind"": ""static_obstacle"", ""x"": 50.0, ""y"": 50.0, ""radius"": 5.0}]"
delayed_track_sharing,212,42.4,0,70.162,45.936,94.0,90.0,50.0,50.0,,,position_noise+confidence_error,,trust_weighted_fusion,move,2,0,50.099,6.072,15.567,uav_1,6.072,False,False,False,False,False,1,"[{""id"": ""obstacle_0"", ""kind"": ""static_obstacle"", ""x"": 50.0, ""y"": 50.0, ""radius"": 5.0}]"
delayed_track_sharing,212,42.4,1,69.931,52.004,90.0,94.0,50.0,50.0,48.422,49.366,false_negative+position_noise+confidence_error,0.39,trust_weighted_fusion,move,2,0,46.545,6.072,15.032,uav_0,6.072,False,False,False,False,False,1,"[{""id"": ""obstacle_0"", ""kind"": ""static_obstacle"", ""x"": 50.0, ""y"": 50.0, ""radius"": 5.0}]"
delayed_track_sharing,212,42.4,2,73.723,57.29,86.0,90.0,50.0,50.0,,,position_noise+confidence_error,,trust_weighted_fusion,move,3,0,34.938,6.506,19.818,uav_1,6.506,False,False,False,False,False,1,"[{""id"": ""obstacle_0"", ""kind"": ""static_obstacle"", ""x"": 50.0, ""y"": 50.0, ""radius"": 5.0}]"
delayed_track_sharing,212,42.4,3,77.725,62.939,90.0,86.0,50.0,50.0,,,position_noise+confidence_error,,trust_weighted_fusion,move,2,0,26.124,6.923,25.596,uav_2,6.923,False,False,False,False,False,1,"[{""id"": ""obstacle_0"", ""kind"": ""static_obstacle"", ""x"": 50.0, ""y"": 50.0, ""radius"": 5.0}]"
delayed_track_sharing,213,42.6,0,70.352,46.288,94.0,90.0,50.0,50.0,,,false_negative+position_noise+confidence_error,,trust_weighted_fusion,move,1,0,49.699,6.082,15.688,uav_1,6.082,False,False,False,False,False,1,"[{""id"": ""obstacle_0"", ""kind"": ""static_obstacle"", ""x"": 50.0, ""y"": 50.0, ""radius"": 5.0}]"
delayed_track_sharing,213,42.6,1,70.104,52.365,90.0,94.0,50.0,50.0,,,position_noise+confidence_error,,trust_weighted_fusion,move,3,0,46.145,6.082,15.243,uav_0,6.082,False,False,False,False,False,1,"[{""id"": ""obstacle_0"", ""kind"": ""static_obstacle"", ""x"": 50.0, ""y"": 50.0, ""radius"": 5.0}]"
delayed_track_sharing,213,42.6,2,73.864,57.665,86.0,90.0,50.0,50.0,,,false_negative+position_noise+confidence_error,,trust_weighted_fusion,move,2,0,34.538,6.498,20.065,uav_1,6.498,False,False,False,False,False,1,"[{""id"": ""obstacle_0"", ""kind"": ""static_obstacle"", ""x"": 50.0, ""y"": 50.0, ""radius"": 5.0}]"
delayed_track_sharing,213,42.6,3,77.913,63.292,90.0,86.0,50.0,50.0,,,position_noise+confidence_error,,trust_weighted_fusion,move,2,0,25.724,6.933,25.916,uav_2,6.933,False,False,False,False,False,1,"[{""id"": ""obstacle_0"", ""kind"": ""static_obstacle"", ""x"": 50.0, ""y"": 50.0, ""radius"": 5.0}]"
delayed_track_sharing,214,42.8,0,70.543,46.64,94.0,90.0,50.0,50.0,,,false_negative+position_noise+confidence_error,,trust_weighted_fusion,move,1,0,49.299,6.092,15.816,uav_1,6.092,False,False,False,False,False,1,"[{""id"": ""obstacle_0"", ""kind"": ""static_obstacle"", ""x"": 50.0, ""y"": 50.0, ""radius"": 5.0}]"
delayed_track_sharing,214,42.8,1,70.276,52.726,90.0,94.0,50.0,50.0,,,false_negative+position_noise+confidence_error,,trust_weighted_fusion,move,1,0,45.745,6.092,15.459,uav_0,6.092,False,False,False,False,False,1,"[{""id"": ""obstacle_0"", ""kind"": ""static_obstacle"", ""x"": 50.0, ""y"": 50.0, ""radius"": 5.0}]"
delayed_track_sharing,214,42.8,2,74.005,58.039,86.0,90.0,50.0,50.0,,,position_noise+confidence_error,,trust_weighted_fusion,move,3,0,34.138,6.491,20.315,uav_1,6.491,False,False,False,False,False,1,"[{""id"": ""obstacle_0"", ""kind"": ""static_obstacle"", ""x"": 50.0, ""y"": 50.0, ""radius"": 5.0}]"
delayed_track_sharing,214,42.8,3,78.101,63.645,90.0,86.0,50.0,50.0,,,position_noise+confidence_error,,trust_weighted_fusion,move,2,0,25.324,6.943,26.239,uav_2,6.943,False,False,False,False,False,1,"[{""id"": ""obstacle_0"", ""kind"": ""static_obstacle"", ""x"": 50.0, ""y"": 50.0, ""radius"": 5.0}]"
delayed_track_sharing,215,43.0,0,70.733,46.992,94.0,90.0,50.0,50.0,,,false_negative+position_noise+confidence_error,,trust_weighted_fusion,move,1,0,48.899,6.102,15.95,uav_1,6.102,False,False,False,False,False,1,"[{""id"": ""obstacle_0"", ""kind"": ""static_obstacle"", ""x"": 50.0, ""y"": 50.0, ""radius"": 5.0}]"
delayed_track_sharing,215,43.0,1,70.449,53.087,90.0,94.0,50.0,50.0,,,position_noise+confidence_error,,trust_weighted_fusion,move,3,0,45.345,6.102,15.681,uav_0,6.102,False,False,False,False,False,1,"[{""id"": ""obstacle_0"", ""kind"": ""static_obstacle"", ""x"": 50.0, ""y"": 50.0, ""radius"": 5.0}]"
delayed_track_sharing,215,43.0,2,74.145,58.414,86.0,90.0,50.0,50.0,,,false_negative+position_noise+confidence_error,,trust_weighted_fusion,move,2,0,33.738,6.484,20.569,uav_1,6.484,False,False,False,False,False,1,"[{""id"": ""obstacle_0"", ""kind"": ""static_obstacle"", ""x"": 50.0, ""y"": 50.0, ""radius"": 5.0}]"
delayed_track_sharing,215,43.0,3,78.289,63.999,90.0,86.0,50.0,50.0,,,position_noise+confidence_error,,trust_weighted_fusion,move,2,0,24.924,6.954,26.563,uav_2,6.954,False,False,False,False,False,1,"[{""id"": ""obstacle_0"", ""kind"": ""static_obstacle"", ""x"": 50.0, ""y"": 50.0, ""radius"": 5.0}]"
delayed_track_sharing,216,43.2,0,70.923,47.343,94.0,90.0,50.0,50.0,,,position_noise+confidence_error,,trust_weighted_fusion,move,2,0,48.499,6.112,16.091,uav_1,6.112,False,False,False,False,False,1,"[{""id"": ""obstacle_0"", ""kind"": ""static_obstacle"", ""x"": 50.0, ""y"": 50.0, ""radius"": 5.0}]"
delayed_track_sharing,216,43.2,1,70.621,53.448,90.0,94.0,50.0,50.0,,,position_noise+confidence_error,,trust_weighted_fusion,move,3,0,44.945,6.112,15.908,uav_0,6.112,False,False,False,False,False,1,"[{""id"": ""obstacle_0"", ""kind"": ""static_obstacle"", ""x"": 50.0, ""y"": 50.0, ""radius"": 5.0}]"
delayed_track_sharing,216,43.2,2,74.286,58.788,86.0,90.0,50.0,50.0,,,false_negative+position_noise+confidence_error,,trust_weighted_fusion,move,2,0,33.338,6.477,20.827,uav_1,6.477,False,False,False,False,False,1,"[{""id"": ""obstacle_0"", ""kind"": ""static_obstacle"", ""x"": 50.0, ""y"": 50.0, ""radius"": 5.0}]"
delayed_track_sharing,216,43.2,3,78.477,64.352,90.0,86.0,50.0,50.0,,,position_noise+confidence_error,,trust_weighted_fusion,move,2,0,24.524,6.965,26.889,uav_2,6.965,False,False,False,False,False,1,"[{""id"": ""obstacle_0"", ""kind"": ""static_obstacle"", ""x"": 50.0, ""y"": 50.0, ""radius"": 5.0}]"
delayed_track_sharing,217,43.4,0,71.113,47.695,94.0,90.0,50.0,50.0,,,false_negative+position_noise+confidence_error,,trust_weighted_fusion,move,1,0,48.099,6.122,16.239,uav_1,6.122,False,False,False,False,False,1,"[{""id"": ""obstacle_0"", ""kind"": ""static_obstacle"", ""x"": 50.0, ""y"": 50.0, ""radius"": 5.0}]"
delayed_track_sharing,217,43.4,1,70.794,53.809,90.0,94.0,50.0,50.0,,,position_noise+confidence_error,,trust_weighted_fusion,move,3,0,44.545,6.122,16.14,uav_0,6.122,False,False,False,False,False,1,"[{""id"": ""obstacle_0"", ""kind"": ""static_obstacle"", ""x"": 50.0, ""y"": 50.0, ""radius"": 5.0}]"
delayed_track_sharing,217,43.4,2,74.426,59.163,86.0,90.0,50.0,50.0,,,position_noise+confidence_error,,trust_weighted_fusion,move,3,0,32.938,6.47,21.088,uav_1,6.47,False,False,False,False,False,1,"[{""id"": ""obstacle_0"", ""kind"": ""static_obstacle"", ""x"": 50.0, ""y"": 50.0, ""radius"": 5.0}]"
delayed_track_sharing,217,43.4,3,78.665,64.705,90.0,86.0,50.0,50.0,,,position_noise+confidence_error,,trust_weighted_fusion,move,2,0,24.124,6.977,27.216,uav_2,6.977,False,False,False,False,False,1,"[{""id"": ""obstacle_0"", ""kind"": ""static_obstacle"", ""x"": 50.0, ""y"": 50.0, ""radius"": 5.0}]"
delayed_track_sharing,218,43.6,0,71.304,48.047,94.0,90.0,50.0,50.0,,,position_noise+confidence_error,,trust_weighted_fusion,move,2,0,47.699,6.132,16.393,uav_1,6.132,False,False,False,False,False,1,"[{""id"": ""obstacle_0"", ""kind"": ""static_obstacle"", ""x"": 50.0, ""y"": 50.0, ""radius"": 5.0}]"
delayed_track_sharing,218,43.6,1,70.966,54.17,90.0,94.0,50.0,50.0,,,false_negative+position_noise+confidence_error,,trust_weighted_fusion,move,2,0,44.145,6.132,16.377,uav_0,6.132,False,False,False,False,False,1,"[{""id"": ""obstacle_0"", ""kind"": ""static_obstacle"", ""x"": 50.0, ""y"": 50.0, ""radius"": 5.0}]"
delayed_track_sharing,218,43.6,2,74.567,59.537,86.0,90.0,50.0,50.0,,,position_noise+confidence_error,,trust_weighted_fusion,move,3,0,32.538,6.463,21.353,uav_1,6.463,False,False,False,False,False,1,"[{""id"": ""obstacle_0"", ""kind"": ""static_obstacle"", ""x"": 50.0, ""y"": 50.0, ""radius"": 5.0}]"
delayed_track_sharing,218,43.6,3,78.853,65.058,90.0,86.0,50.0,50.0,,,position_noise+confidence_error,,trust_weighted_fusion,move,2,0,23.724,6.989,27.545,uav_2,6.989,False,False,False,False,False,1,"[{""id"": ""obstacle_0"", ""kind"": ""static_obstacle"", ""x"": 50.0, ""y"": 50.0, ""radius"": 5.0}]"
delayed_track_sharing,219,43.8,0,71.494,48.399,94.0,90.0,50.0,50.0,,,position_noise+confidence_error,,trust_weighted_fusion,move,2,0,47.299,6.142,16.554,uav_1,6.142,False,False,False,False,False,1,"[{""id"": ""obstacle_0"", ""kind"": ""static_obstacle"", ""x"": 50.0, ""y"": 50.0, ""radius"": 5.0}]"
delayed_track_sharing,219,43.8,1,71.139,54.531,90.0,94.0,50.0,50.0,,,false_negative+position_noise+confidence_error,,trust_weighted_fusion,move,2,0,43.745,6.142,16.619,uav_0,6.142,False,False,False,False,False,1,"[{""id"": ""obstacle_0"", ""kind"": ""static_obstacle"", ""x"": 50.0, ""y"": 50.0, ""radius"": 5.0}]"
delayed_track_sharing,219,43.8,2,74.707,59.912,86.0,90.0,50.0,50.0,,,false_negative+position_noise+confidence_error,,trust_weighted_fusion,move,2,0,32.138,6.457,21.621,uav_1,6.457,False,False,False,False,False,1,"[{""id"": ""obstacle_0"", ""kind"": ""static_obstacle"", ""x"": 50.0, ""y"": 50.0, ""radius"": 5.0}]"
delayed_track_sharing,219,43.8,3,79.04,65.411,90.0,86.0,50.0,50.0,,,position_noise+confidence_error,,trust_weighted_fusion,move,2,0,23.324,7.001,27.876,uav_2,7.001,False,False,False,False,False,1,"[{""id"": ""obstacle_0"", ""kind"": ""static_obstacle"", ""x"": 50.0, ""y"": 50.0, ""radius"": 5.0}]"
delayed_track_sharing,220,44.0,0,71.684,48.751,94.0,90.0,50.0,50.0,,,position_noise+confidence_error,,trust_weighted_fusion,move,2,0,46.899,6.152,16.72,uav_1,6.152,False,False,False,False,False,1,"[{""id"": ""obstacle_0"", ""kind"": ""static_obstacle"", ""x"": 50.0, ""y"": 50.0, ""radius"": 5.0}]"
delayed_track_sharing,220,44.0,1,71.311,54.891,90.0,94.0,50.0,50.0,,,false_negative+position_noise+confidence_error,,trust_weighted_fusion,move,2,0,43.345,6.152,16.865,uav_0,6.152,False,False,False,False,False,1,"[{""id"": ""obstacle_0"", ""kind"": ""static_obstacle"", ""x"": 50.0, ""y"": 50.0, ""radius"": 5.0}]"
delayed_track_sharing,220,44.0,2,74.848,60.286,86.0,90.0,50.0,50.0,,,false_negative+position_noise+confidence_error,,trust_weighted_fusion,move,2,0,31.738,6.451,21.893,uav_1,6.451,False,False,False,False,False,1,"[{""id"": ""obstacle_0"", ""kind"": ""static_obstacle"", ""x"": 50.0, ""y"": 50.0, ""radius"": 5.0}]"
delayed_track_sharing,220,44.0,3,79.228,65.764,90.0,86.0,50.0,50.0,,,position_noise+confidence_error,,trust_weighted_fusion,move,2,0,22.924,7.014,28.209,uav_2,7.014,False,False,False,False,False,1,"[{""id"": ""obstacle_0"", ""kind"": ""static_obstacle"", ""x"": 50.0, ""y"": 50.0, ""radius"": 5.0}]"
delayed_track_sharing,221,44.2,0,71.875,49.102,94.0,90.0,50.0,50.0,,,position_noise+confidence_error,,trust_weighted_fusion,move,2,0,46.499,6.162,16.893,uav_1,6.162,False,False,False,False,False,1,"[{""id"": ""obstacle_0"", ""kind"": ""static_obstacle"", ""x"": 50.0, ""y"": 50.0, ""radius"": 5.0}]"
delayed_track_sharing,221,44.2,1,71.484,55.252,90.0,94.0,50.0,50.0,,,position_noise+confidence_error,,trust_weighted_fusion,move,3,0,42.945,6.162,17.116,uav_0,6.162,False,False,False,False,False,1,"[{""id"": ""obstacle_0"", ""kind"": ""static_obstacle"", ""x"": 50.0, ""y"": 50.0, ""radius"": 5.0}]"
delayed_track_sharing,221,44.2,2,74.988,60.661,86.0,90.0,50.0,50.0,,,false_negative+position_noise+confidence_error,,trust_weighted_fusion,move,2,0,31.338,6.445,22.167,uav_1,6.445,False,False,False,False,False,1,"[{""id"": ""obstacle_0"", ""kind"": ""static_obstacle"", ""x"": 50.0, ""y"": 50.0, ""radius"": 5.0}]"
delayed_track_sharing,221,44.2,3,79.416,66.117,90.0,86.0,50.0,50.0,,,position_noise+confidence_error,,trust_weighted_fusion,move,2,0,22.524,7.027,28.542,uav_2,7.027,False,False,False,False,False,1,"[{""id"": ""obstacle_0"", ""kind"": ""static_obstacle"", ""x"": 50.0, ""y"": 50.0, ""radius"": 5.0}]"
delayed_track_sharing,222,44.4,0,72.065,49.454,94.0,90.0,50.0,50.0,,,false_negative+position_noise+confidence_error,,trust_weighted_fusion,move,1,0,46.099,6.173,17.072,uav_1,6.173,False,False,False,False,False,1,"[{""id"": ""obstacle_0"", ""kind"": ""static_obstacle"", ""x"": 50.0, ""y"": 50.0, ""radius"": 5.0}]"
delayed_track_sharing,222,44.4,1,71.656,55.613,90.0,94.0,50.0,50.0,,,position_noise+confidence_error,,trust_weighted_fusion,move,3,0,42.545,6.173,17.372,uav_0,6.173,False,False,False,False,False,1,"[{""id"": ""obstacle_0"", ""kind"": ""static_obstacle"", ""x"": 50.0, ""y"": 50.0, ""radius"": 5.0}]"
delayed_track_sharing,222,44.4,2,75.129,61.035,86.0,90.0,50.0,50.0,,,false_negative+position_noise+confidence_error,,trust_weighted_fusion,move,2,0,30.938,6.439,22.445,uav_1,6.439,False,False,False,False,False,1,"[{""id"": ""obstacle_0"", ""kind"": ""static_obstacle"", ""x"": 50.0, ""y"": 50.0, ""radius"": 5.0}]"
delayed_track_sharing,222,44.4,3,79.604,66.47,90.0,86.0,50.0,50.0,,,position_noise+confidence_error,,trust_weighted_fusion,move,2,0,22.124,7.04,28.878,uav_2,7.04,False,False,False,False,False,1,"[{""id"": ""obstacle_0"", ""kind"": ""static_obstacle"", ""x"": 50.0, ""y"": 50.0, ""radius"": 5.0}]"
delayed_track_sharing,223,44.6,0,72.255,49.806,94.0,90.0,50.0,50.0,,,position_noise+confidence_error,,trust_weighted_fusion,move,2,0,45.699,6.183,17.256,uav_1,6.183,False,False,False,False,False,1,"[{""id"": ""obstacle_0"", ""kind"": ""static_obstacle"", ""x"": 50.0, ""y"": 50.0, ""radius"": 5.0}]"
delayed_track_sharing,223,44.6,1,71.829,55.974,90.0,94.0,50.0,50.0,,,false_negative+position_noise+confidence_error,,trust_weighted_fusion,move,1,0,42.145,6.183,17.631,uav_0,6.183,False,False,False,False,False,1,"[{""id"": ""obstacle_0"", ""kind"": ""static_obstacle"", ""x"": 50.0, ""y"": 50.0, ""radius"": 5.0}]"
delayed_track_sharing,223,44.6,2,75.27,61.41,86.0,90.0,50.0,50.0,,,position_noise+confidence_error,,trust_weighted_fusion,move,3,0,30.538,6.433,22.726,uav_1,6.433,False,False,False,False,False,1,"[{""id"": ""obstacle_0"", ""kind"": ""static_obstacle"", ""x"": 50.0, ""y"": 50.0, ""radius"": 5.0}]"
delayed_track_sharing,223,44.6,3,79.792,66.823,90.0,86.0,50.0,50.0,,,position_noise+confidence_error,,trust_weighted_fusion,move,2,0,21.724,7.054,29.214,uav_2,7.054,False,False,False,False,False,1,"[{""id"": ""obstacle_0"", ""kind"": ""static_obstacle"", ""x"": 50.0, ""y"": 50.0, ""radius"": 5.0}]"
delayed_track_sharing,224,44.8,0,72.446,50.158,94.0,90.0,50.0,50.0,,,position_noise+confidence_error,,trust_weighted_fusion,move,2,0,45.299,6.193,17.446,uav_1,6.193,False,False,False,False,False,1,"[{""id"": ""obstacle_0"", ""kind"": ""static_obstacle"", ""x"": 50.0, ""y"": 50.0, ""radius"": 5.0}]"
delayed_track_sharing,224,44.8,1,72.001,56.335,90.0,94.0,50.0,50.0,,,position_noise+confidence_error,,trust_weighted_fusion,move,3,0,41.745,6.193,17.895,uav_0,6.193,False,False,False,False,False,1,"[{""id"": ""obstacle_0"", ""kind"": ""static_obstacle"", ""x"": 50.0, ""y"": 50.0, ""radius"": 5.0}]"
delayed_track_sharing,224,44.8,2,75.41,61.784,86.0,90.0,50.0,50.0,,,false_negative+position_noise+confidence_error,,trust_weighted_fusion,move,1,0,30.138,6.428,23.01,uav_1,6.428,False,False,False,False,False,1,"[{""id"": ""obstacle_0"", ""kind"": ""static_obstacle"", ""x"": 50.0, ""y"": 50.0, ""radius"": 5.0}]"
delayed_track_sharing,224,44.8,3,79.98,67.176,90.0,86.0,50.0,50.0,,,position_noise+confidence_error,,trust_weighted_fusion,move,2,0,21.324,7.068,29.552,uav_2,7.068,False,False,False,False,False,1,"[{""id"": ""obstacle_0"", ""kind"": ""static_obstacle"", ""x"": 50.0, ""y"": 50.0, ""radius"": 5.0}]"
delayed_track_sharing,225,45.0,0,72.636,50.51,94.0,90.0,50.0,50.0,,,position_noise+confidence_error,,trust_weighted_fusion,move,2,0,44.899,6.203,17.642,uav_1,6.203,False,False,False,False,False,1,"[{""id"": ""obstacle_0"", ""kind"": ""static_obstacle"", ""x"": 50.0, ""y"": 50.0, ""radius"": 5.0}]"
delayed_track_sharing,225,45.0,1,72.174,56.696,90.0,94.0,50.0,50.0,,,position_noise+confidence_error,,trust_weighted_fusion,move,3,0,41.345,6.203,18.163,uav_0,6.203,False,False,False,False,False,1,"[{""id"": ""obstacle_0"", ""kind"": ""static_obstacle"", ""x"": 50.0, ""y"": 50.0, ""radius"": 5.0}]"
delayed_track_sharing,225,45.0,2,75.551,62.159,86.0,90.0,50.0,50.0,,,false_negative+position_noise+confidence_error,,trust_weighted_fusion,move,1,0,29.738,6.422,23.296,uav_1,6.422,False,False,False,False,False,1,"[{""id"": ""obstacle_0"", ""kind"": ""static_obstacle"", ""x"": 50.0, ""y"": 50.0, ""radius"": 5.0}]"
delayed_track_sharing,225,45.0,3,80.168,67.53,90.0,86.0,50.0,50.0,,,position_noise+confidence_error,,trust_weighted_fusion,move,2,0,20.924,7.083,29.891,uav_2,7.083,False,False,False,False,False,1,"[{""id"": ""obstacle_0"", ""kind"": ""static_obstacle"", ""x"": 50.0, ""y"": 50.0, ""radius"": 5.0}]"
delayed_track_sharing,226,45.2,0,72.826,50.862,94.0,90.0,50.0,50.0,,,position_noise+confidence_error,,trust_weighted_fusion,move,2,0,44.499,6.214,17.843,uav_1,6.214,False,False,False,False,False,1,"[{""id"": ""obstacle_0"", ""kind"": ""static_obstacle"", ""x"": 50.0, ""y"": 50.0, ""radius"": 5.0}]"
delayed_track_sharing,226,45.2,1,72.346,57.057,90.0,94.0,50.0,50.0,,,position_noise+confidence_error,,trust_weighted_fusion,move,3,0,40.945,6.214,18.434,uav_0,6.214,False,False,False,False,False,1,"[{""id"": ""obstacle_0"", ""kind"": ""static_obstacle"", ""x"": 50.0, ""y"": 50.0, ""radius"": 5.0}]"
delayed_track_sharing,226,45.2,2,75.691,62.533,86.0,90.0,50.0,50.0,,,position_noise+confidence_error,,trust_weighted_fusion,move,3,0,29.338,6.417,23.585,uav_1,6.417,False,False,False,False,False,1,"[{""id"": ""obstacle_0"", ""kind"": ""static_obstacle"", ""x"": 50.0, ""y"": 50.0, ""radius"": 5.0}]"
delayed_track_sharing,226,45.2,3,80.356,67.883,90.0,86.0,50.0,50.0,,,position_noise+confidence_error,,trust_weighted_fusion,move,2,0,20.524,7.098,30.232,uav_2,7.098,False,False,False,False,False,1,"[{""id"": ""obstacle_0"", ""kind"": ""static_obstacle"", ""x"": 50.0, ""y"": 50.0, ""radius"": 5.0}]"
delayed_track_sharing,227,45.4,0,73.017,51.213,94.0,90.0,50.0,50.0,,,position_noise+confidence_error,,trust_weighted_fusion,move,2,0,44.099,6.224,18.049,uav_1,6.224,False,False,False,False,False,1,"[{""id"": ""obstacle_0"", ""kind"": ""static_obstacle"", ""x"": 50.0, ""y"": 50.0, ""radius"": 5.0}]"
delayed_track_sharing,227,45.4,1,72.518,57.418,90.0,94.0,50.0,50.0,,,false_negative+position_noise+confidence_error,,trust_weighted_fusion,move,2,0,40.545,6.224,18.709,uav_0,6.224,False,False,False,False,False,1,"[{""id"": ""obstacle_0"", ""kind"": ""static_obstacle"", ""x"": 50.0, ""y"": 50.0, ""radius"": 5.0}]"
delayed_track_sharing,227,45.4,2,75.832,62.908,86.0,90.0,50.0,50.0,,,position_noise+confidence_error,,trust_weighted_fusion,move,3,0,28.938,6.412,23.877,uav_1,6.412,False,False,False,False,False,1,"[{""id"": ""obstacle_0"", ""kind"": ""static_obstacle"", ""x"": 50.0, ""y"": 50.0, ""radius"": 5.0}]"
delayed_track_sharing,227,45.4,3,80.544,68.236,90.0,86.0,50.0,50.0,,,position_noise+confidence_error,,trust_weighted_fusion,move,2,0,20.124,7.113,30.574,uav_2,7.113,False,False,False,False,False,1,"[{""id"": ""obstacle_0"", ""kind"": ""static_obstacle"", ""x"": 50.0, ""y"": 50.0, ""radius"": 5.0}]"
delayed_track_sharing,228,45.6,0,73.207,51.565,94.0,90.0,50.0,50.0,,,position_noise+confidence_error,,trust_weighted_fusion,move,2,0,43.699,6.235,18.26,uav_1,6.235,False,False,False,False,False,1,"[{""id"": ""obstacle_0"", ""kind"": ""static_obstacle"", ""x"": 50.0, ""y"": 50.0, ""radius"": 5.0}]"
delayed_track_sharing,228,45.6,1,72.691,57.779,90.0,94.0,50.0,50.0,,,false_negative+position_noise+confidence_error,,trust_weighted_fusion,move,2,0,40.145,6.235,18.987,uav_0,6.235,False,False,False,False,False,1,"[{""id"": ""obstacle_0"", ""kind"": ""static_obstacle"", ""x"": 50.0, ""y"": 50.0, ""radius"": 5.0}]"
delayed_track_sharing,228,45.6,2,75.972,63.282,86.0,90.0,50.0,50.0,,,false_negative+position_noise+confidence_error,,trust_weighted_fusion,move,2,0,28.538,6.407,24.171,uav_1,6.407,False,False,False,False,False,1,"[{""id"": ""obstacle_0"", ""kind"": ""static_obstacle"", ""x"": 50.0, ""y"": 50.0, ""radius"": 5.0}]"
delayed_track_sharing,228,45.6,3,80.732,68.589,90.0,86.0,50.0,50.0,,,false_negative+position_noise+confidence_error,,trust_weighted_fusion,move,1,0,19.724,7.128,30.917,uav_2,7.128,False,False,False,False,False,1,"[{""id"": ""obstacle_0"", ""kind"": ""static_obstacle"", ""x"": 50.0, ""y"": 50.0, ""radius"": 5.0}]"
delayed_track_sharing,229,45.8,0,73.397,51.917,94.0,90.0,50.0,50.0,,,position_noise+confidence_error,,trust_weighted_fusion,move,2,0,43.299,6.245,18.476,uav_1,6.245,False,False,False,False,False,1,"[{""id"": ""obstacle_0"", ""kind"": ""static_obstacle"", ""x"": 50.0, ""y"": 50.0, ""radius"": 5.0}]"
delayed_track_sharing,229,45.8,1,72.863,58.14,90.0,94.0,50.0,50.0,,,false_negative+position_noise+confidence_error,,trust_weighted_fusion,move,2,0,39.745,6.245,19.269,uav_0,6.245,False,False,False,False,False,1,"[{""id"": ""obstacle_0"", ""kind"": ""static_obstacle"", ""x"": 50.0, ""y"": 50.0, ""radius"": 5.0}]"
delayed_track_sharing,229,45.8,2,76.113,63.657,86.0,90.0,50.0,50.0,,,false_negative+position_noise+confidence_error,,trust_weighted_fusion,move,2,0,28.138,6.403,24.468,uav_1,6.403,False,False,False,False,False,1,"[{""id"": ""obstacle_0"", ""kind"": ""static_obstacle"", ""x"": 50.0, ""y"": 50.0, ""radius"": 5.0}]"
delayed_track_sharing,229,45.8,3,80.92,68.942,90.0,86.0,50.0,50.0,,,position_noise+confidence_error,,trust_weighted_fusion,move,2,0,19.324,7.144,31.261,uav_2,7.144,False,False,False,False,False,1,"[{""id"": ""obstacle_0"", ""kind"": ""static_obstacle"", ""x"": 50.0, ""y"": 50.0, ""radius"": 5.0}]"
delayed_track_sharing,230,46.0,0,73.588,52.269,94.0,90.0,50.0,50.0,,,false_negative+position_noise+confidence_error,,trust_weighted_fusion,move,1,0,42.899,6.256,18.697,uav_1,6.256,False,False,False,False,False,1,"[{""id"": ""obstacle_0"", ""kind"": ""static_obstacle"", ""x"": 50.0, ""y"": 50.0, ""radius"": 5.0}]"
delayed_track_sharing,230,46.0,1,73.036,58.501,90.0,94.0,50.0,50.0,,,position_noise+confidence_error,,trust_weighted_fusion,move,3,0,39.345,6.256,19.554,uav_0,6.256,False,False,False,False,False,1,"[{""id"": ""obstacle_0"", ""kind"": ""static_obstacle"", ""x"": 50.0, ""y"": 50.0, ""radius"": 5.0}]"
delayed_track_sharing,230,46.0,2,76.253,64.031,86.0,90.0,50.0,50.0,,,position_noise+confidence_error,,trust_weighted_fusion,move,3,0,27.738,6.398,24.768,uav_1,6.398,False,False,False,False,False,1,"[{""id"": ""obstacle_0"", ""kind"": ""static_obstacle"", ""x"": 50.0, ""y"": 50.0, ""radius"": 5.0}]"
delayed_track_sharing,230,46.0,3,81.108,69.295,90.0,86.0,50.0,50.0,,,false_negative+position_noise+confidence_error,,trust_weighted_fusion,move,1,0,18.924,7.161,31.606,uav_2,7.161,False,False,False,False,False,1,"[{""id"": ""obstacle_0"", ""kind"": ""static_obstacle"", ""x"": 50.0, ""y"": 50.0, ""radius"": 5.0}]"
delayed_track_sharing,231,46.2,0,73.778,52.621,94.0,90.0,50.0,50.0,,,false_negative+confidence_error,,trust_weighted_fusion,move,0,0,42.499,6.267,18.922,uav_1,6.267,False,False,False,False,False,1,"[{""id"": ""obstacle_0"", ""kind"": ""static_obstacle"", ""x"": 50.0, ""y"": 50.0, ""radius"": 5.0}]"
delayed_track_sharing,231,46.2,1,73.208,58.861,90.0,94.0,50.0,50.0,,,false_negative+position_noise+confidence_error,,trust_weighted_fusion,move,2,0,38.945,6.267,19.843,uav_0,6.267,False,False,False,False,False,1,"[{""id"": ""obstacle_0"", ""kind"": ""static_obstacle"", ""x"": 50.0, ""y"": 50.0, ""radius"": 5.0}]"
delayed_track_sharing,231,46.2,2,76.394,64.406,86.0,90.0,50.0,50.0,,,position_noise+confidence_error,,trust_weighted_fusion,move,3,0,27.338,6.394,25.069,uav_1,6.394,False,False,False,False,False,1,"[{""id"": ""obstacle_0"", ""kind"": ""static_obstacle"", ""x"": 50.0, ""y"": 50.0, ""radius"": 5.0}]"
delayed_track_sharing,231,46.2,3,81.296,69.648,90.0,86.0,50.0,50.0,,,position_noise+confidence_error,,trust_weighted_fusion,move,2,0,18.524,7.177,31.952,uav_2,7.177,False,False,False,False,False,1,"[{""id"": ""obstacle_0"", ""kind"": ""static_obstacle"", ""x"": 50.0, ""y"": 50.0, ""radius"": 5.0}]"
delayed_track_sharing,232,46.4,0,73.968,52.972,94.0,90.0,50.0,50.0,,,false_negative+confidence_error,,trust_weighted_fusion,move,0,0,42.099,6.277,19.152,uav_1,6.277,False,False,False,False,False,1,"[{""id"": ""obstacle_0"", ""kind"": ""static_obstacle"", ""x"": 50.0, ""y"": 50.0, ""radius"": 5.0}]"
delayed_track_sharing,232,46.4,1,73.381,59.222,90.0,94.0,50.0,50.0,,,position_noise+confidence_error,,trust_weighted_fusion,move,3,0,38.545,6.277,20.134,uav_0,6.277,False,False,False,False,False,1,"[{""id"": ""obstacle_0"", ""kind"": ""static_obstacle"", ""x"": 50.0, ""y"": 50.0, ""radius"": 5.0}]"
delayed_track_sharing,232,46.4,2,76.535,64.78,86.0,90.0,50.0,50.0,,,position_noise+confidence_error,,trust_weighted_fusion,move,3,0,26.938,6.39,25.373,uav_1,6.39,False,False,False,False,False,1,"[{""id"": ""obstacle_0"", ""kind"": ""static_obstacle"", ""x"": 50.0, ""y"": 50.0, ""radius"": 5.0}]"
delayed_track_sharing,232,46.4,3,81.484,70.001,90.0,86.0,50.0,50.0,,,position_noise+confidence_error,,trust_weighted_fusion,move,2,0,18.124,7.194,32.3,uav_2,7.194,False,False,False,False,False,1,"[{""id"": ""obstacle_0"", ""kind"": ""static_obstacle"", ""x"": 50.0, ""y"": 50.0, ""radius"": 5.0}]"
delayed_track_sharing,233,46.6,0,74.159,53.324,94.0,90.0,50.0,50.0,,,false_negative+position_noise+confidence_error,,trust_weighted_fusion,move,1,0,41.699,6.288,19.386,uav_1,6.288,False,False,False,False,False,1,"[{""id"": ""obstacle_0"", ""kind"": ""static_obstacle"", ""x"": 50.0, ""y"": 50.0, ""radius"": 5.0}]"
delayed_track_sharing,233,46.6,1,73.553,59.583,90.0,94.0,50.0,50.0,,,position_noise+confidence_error,,trust_weighted_fusion,move,3,0,38.145,6.288,20.428,uav_0,6.288,False,False,False,False,False,1,"[{""id"": ""obstacle_0"", ""kind"": ""static_obstacle"", ""x"": 50.0, ""y"": 50.0, ""radius"": 5.0}]"
delayed_track_sharing,233,46.6,2,76.675,65.155,86.0,90.0,50.0,50.0,,,position_noise+confidence_error,,trust_weighted_fusion,move,3,0,26.538,6.386,25.679,uav_1,6.386,False,False,False,False,False,1,"[{""id"": ""obstacle_0"", ""kind"": ""static_obstacle"", ""x"": 50.0, ""y"": 50.0, ""radius"": 5.0}]"
delayed_track_sharing,233,46.6,3,81.672,70.354,90.0,86.0,50.0,50.0,,,position_noise+confidence_error,,trust_weighted_fusion,move,2,0,17.724,7.211,32.648,uav_2,7.211,False,False,False,False,False,1,"[{""id"": ""obstacle_0"", ""kind"": ""static_obstacle"", ""x"": 50.0, ""y"": 50.0, ""radius"": 5.0}]"
delayed_track_sharing,234,46.8,0,74.349,53.676,94.0,90.0,50.0,50.0,,,position_noise+confidence_error,,trust_weighted_fusion,move,2,0,41.299,6.299,19.625,uav_1,6.299,False,False,False,False,False,1,"[{""id"": ""obstacle_0"", ""kind"": ""static_obstacle"", ""x"": 50.0, ""y"": 50.0, ""radius"": 5.0}]"
delayed_track_sharing,234,46.8,1,73.726,59.944,90.0,94.0,50.0,50.0,,,false_negative+position_noise+confidence_error,,trust_weighted_fusion,move,2,0,37.745,6.299,20.725,uav_0,6.299,False,False,False,False,False,1,"[{""id"": ""obstacle_0"", ""kind"": ""static_obstacle"", ""x"": 50.0, ""y"": 50.0, ""radius"": 5.0}]"
delayed_track_sharing,234,46.8,2,76.816,65.529,86.0,90.0,50.0,50.0,,,false_negative+position_noise+confidence_error,,trust_weighted_fusion,move,2,0,26.138,6.383,25.988,uav_1,6.383,False,False,False,False,False,1,"[{""id"": ""obstacle_0"", ""kind"": ""static_obstacle"", ""x"": 50.0, ""y"": 50.0, ""radius"": 5.0}]"
delayed_track_sharing,234,46.8,3,81.86,70.707,90.0,86.0,50.0,50.0,,,position_noise+confidence_error,,trust_weighted_fusion,move,2,0,17.324,7.229,32.998,uav_2,7.229,False,False,False,False,False,1,"[{""id"": ""obstacle_0"", ""kind"": ""static_obstacle"", ""x"": 50.0, ""y"": 50.0, ""radius"": 5.0}]"
delayed_track_sharing,235,47.0,0,74.539,54.028,94.0,90.0,50.0,50.0,,,position_noise+confidence_error,,trust_weighted_fusion,move,2,0,40.899,6.31,19.868,uav_1,6.31,False,False,False,False,False,1,"[{""id"": ""obstacle_0"", ""kind"": ""static_obstacle"", ""x"": 50.0, ""y"": 50.0, ""radius"": 5.0}]"
delayed_track_sharing,235,47.0,1,73.898,60.305,90.0,94.0,50.0,50.0,,,false_negative+position_noise+confidence_error,,trust_weighted_fusion,move,2,0,37.345,6.31,21.025,uav_0,6.31,False,False,False,False,False,1,"[{""id"": ""obstacle_0"", ""kind"": ""static_obstacle"", ""x"": 50.0, ""y"": 50.0, ""radius"": 5.0}]"
delayed_track_sharing,235,47.0,2,76.956,65.904,86.0,90.0,50.0,50.0,,,false_negative+position_noise+confidence_error,,trust_weighted_fusion,move,2,0,25.738,6.379,26.298,uav_1,6.379,False,False,False,False,False,1,"[{""id"": ""obstacle_0"", ""kind"": ""static_obstacle"", ""x"": 50.0, ""y"": 50.0, ""radius"": 5.0}]"
delayed_track_sharing,235,47.0,3,82.048,71.06,90.0,86.0,50.0,50.0,,,position_noise+confidence_error,,trust_weighted_fusion,move,2,0,16.924,7.247,33.348,uav_2,7.247,False,False,False,False,False,1,"[{""id"": ""obstacle_0"", ""kind"": ""static_obstacle"", ""x"": 50.0, ""y"": 50.0, ""radius"": 5.0}]"
delayed_track_sharing,236,47.2,0,74.73,54.38,94.0,90.0,50.0,50.0,,,position_noise+confidence_error,,trust_weighted_fusion,move,2,0,40.499,6.321,20.115,uav_1,6.321,False,False,False,False,False,1,"[{""id"": ""obstacle_0"", ""kind"": ""static_obstacle"", ""x"": 50.0, ""y"": 50.0, ""radius"": 5.0}]"
delayed_track_sharing,236,47.2,1,74.071,60.666,90.0,94.0,50.0,50.0,,,position_noise+confidence_error,,trust_weighted_fusion,move,3,0,36.945,6.321,21.328,uav_0,6.321,False,False,False,False,False,1,"[{""id"": ""obstacle_0"", ""kind"": ""static_obstacle"", ""x"": 50.0, ""y"": 50.0, ""radius"": 5.0}]"
delayed_track_sharing,236,47.2,2,77.097,66.278,86.0,90.0,50.0,50.0,,,false_negative+position_noise+confidence_error,,trust_weighted_fusion,move,1,0,25.338,6.376,26.61,uav_1,6.376,False,False,False,False,False,1,"[{""id"": ""obstacle_0"", ""kind"": ""static_obstacle"", ""x"": 50.0, ""y"": 50.0, ""radius"": 5.0}]"
delayed_track_sharing,236,47.2,3,82.236,71.414,90.0,86.0,50.0,50.0,,,position_noise+confidence_error,,trust_weighted_fusion,move,2,0,16.524,7.265,33.7,uav_2,7.265,False,False,False,False,False,1,"[{""id"": ""obstacle_0"", ""kind"": ""static_obstacle"", ""x"": 50.0, ""y"": 50.0, ""radius"": 5.0}]"
delayed_track_sharing,237,47.4,0,74.92,54.732,94.0,90.0,50.0,50.0,,,position_noise+confidence_error,,trust_weighted_fusion,move,2,0,40.099,6.332,20.365,uav_1,6.332,False,False,False,False,False,1,"[{""id"": ""obstacle_0"", ""kind"": ""static_obstacle"", ""x"": 50.0, ""y"": 50.0, ""radius"": 5.0}]"
delayed_track_sharing,237,47.4,1,74.243,61.027,90.0,94.0,50.0,50.0,,,false_negative+position_noise+confidence_error,,trust_weighted_fusion,move,2,0,36.545,6.332,21.633,uav_0,6.332,False,False,False,False,False,1,"[{""id"": ""obstacle_0"", ""kind"": ""static_obstacle"", ""x"": 50.0, ""y"": 50.0, ""radius"": 5.0}]"
delayed_track_sharing,237,47.4,2,77.237,66.653,86.0,90.0,50.0,50.0,,,false_negative+position_noise+confidence_error,,trust_weighted_fusion,move,2,0,24.938,6.373,26.925,uav_1,6.373,False,False,False,False,False,1,"[{""id"": ""obstacle_0"", ""kind"": ""static_obstacle"", ""x"": 50.0, ""y"": 50.0, ""radius"": 5.0}]"
delayed_track_sharing,237,47.4,3,82.424,71.767,90.0,86.0,50.0,50.0,,,false_negative+position_noise+confidence_error,,trust_weighted_fusion,move,1,0,16.124,7.284,34.052,uav_2,7.284,False,False,False,False,False,1,"[{""id"": ""obstacle_0"", ""kind"": ""static_obstacle"", ""x"": 50.0, ""y"": 50.0, ""radius"": 5.0}]"
delayed_track_sharing,238,47.6,0,75.11,55.083,94.0,90.0,50.0,50.0,,,false_negative+position_noise+confidence_error,,trust_weighted_fusion,move,1,0,39.699,6.343,20.62,uav_1,6.343,False,False,False,False,False,1,"[{""id"": ""obstacle_0"", ""kind"": ""static_obstacle"", ""x"": 50.0, ""y"": 50.0, ""radius"": 5.0}]"
delayed_track_sharing,238,47.6,1,74.416,61.388,90.0,94.0,50.0,50.0,,,false_negative+position_noise+confidence_error,,trust_weighted_fusion,move,2,0,36.145,6.343,21.941,uav_0,6.343,False,False,False,False,False,1,"[{""id"": ""obstacle_0"", ""kind"": ""static_obstacle"", ""x"": 50.0, ""y"": 50.0, ""radius"": 5.0}]"
delayed_track_sharing,238,47.6,2,77.378,67.027,86.0,90.0,50.0,50.0,,,false_negative+position_noise+confidence_error,,trust_weighted_fusion,move,2,0,24.538,6.37,27.241,uav_1,6.37,False,False,False,False,False,1,"[{""id"": ""obstacle_0"", ""kind"": ""static_obstacle"", ""x"": 50.0, ""y"": 50.0, ""radius"": 5.0}]"
delayed_track_sharing,238,47.6,3,82.612,72.12,90.0,86.0,50.0,50.0,,,position_noise+confidence_error,,trust_weighted_fusion,move,2,0,15.724,7.303,34.406,uav_2,7.303,False,False,False,False,False,1,"[{""id"": ""obstacle_0"", ""kind"": ""static_obstacle"", ""x"": 50.0, ""y"": 50.0, ""radius"": 5.0}]"
delayed_track_sharing,239,47.8,0,75.301,55.435,94.0,90.0,50.0,50.0,,,position_noise+confidence_error,,trust_weighted_fusion,move,2,0,39.299,6.354,20.878,uav_1,6.354,False,False,False,False,False,1,"[{""id"": ""obstacle_0"", ""kind"": ""static_obstacle"", ""x"": 50.0, ""y"": 50.0, ""radius"": 5.0}]"
delayed_track_sharing,239,47.8,1,74.588,61.749,90.0,94.0,50.0,50.0,,,position_noise+confidence_error,,trust_weighted_fusion,move,3,0,35.745,6.354,22.251,uav_0,6.354,False,False,False,False,False,1,"[{""id"": ""obstacle_0"", ""kind"": ""static_obstacle"", ""x"": 50.0, ""y"": 50.0, ""radius"": 5.0}]"
delayed_track_sharing,239,47.8,2,77.518,67.402,86.0,90.0,50.0,50.0,,,false_negative+position_noise+confidence_error,,trust_weighted_fusion,move,2,0,24.138,6.367,27.559,uav_1,6.367,False,False,False,False,False,1,"[{""id"": ""obstacle_0"", ""kind"": ""static_obstacle"", ""x"": 50.0, ""y"": 50.0, ""radius"": 5.0}]"
delayed_track_sharing,239,47.8,3,82.8,72.473,90.0,86.0,50.0,50.0,,,position_noise+confidence_error,,trust_weighted_fusion,move,2,0,15.324,7.322,34.76,uav_2,7.322,False,False,False,False,False,1,"[{""id"": ""obstacle_0"", ""kind"": ""static_obstacle"", ""x"": 50.0, ""y"": 50.0, ""radius"": 5.0}]"
delayed_track_sharing,240,48.0,0,75.491,55.787,94.0,90.0,50.0,50.0,,,position_noise+confidence_error,,trust_weighted_fusion,move,2,0,38.899,6.365,21.14,uav_1,6.365,False,False,False,False,False,1,"[{""id"": ""obstacle_0"", ""kind"": ""static_obstacle"", ""x"": 50.0, ""y"": 50.0, ""radius"": 5.0}]"
delayed_track_sharing,240,48.0,1,74.761,62.11,90.0,94.0,50.0,50.0,,,false_negative+position_noise+confidence_error,,trust_weighted_fusion,move,2,0,35.345,6.365,22.563,uav_0,6.365,False,False,False,False,False,1,"[{""id"": ""obstacle_0"", ""kind"": ""static_obstacle"", ""x"": 50.0, ""y"": 50.0, ""radius"": 5.0}]"
delayed_track_sharing,240,48.0,2,77.659,67.776,86.0,90.0,50.0,50.0,,,position_noise+confidence_error,,trust_weighted_fusion,move,3,0,23.738,6.365,27.879,uav_1,6.365,False,False,False,False,False,1,"[{""id"": ""obstacle_0"", ""kind"": ""static_obstacle"", ""x"": 50.0, ""y"": 50.0, ""radius"": 5.0}]"
delayed_track_sharing,240,48.0,3,82.987,72.826,90.0,86.0,50.0,50.0,,,position_noise+confidence_error,,trust_weighted_fusion,move,2,0,14.924,7.341,35.115,uav_2,7.341,False,False,False,False,False,1,"[{""id"": ""obstacle_0"", ""kind"": ""static_obstacle"", ""x"": 50.0, ""y"": 50.0, ""radius"": 5.0}]"
delayed_track_sharing,241,48.2,0,75.681,56.139,94.0,90.0,50.0,50.0,,,position_noise+confidence_error,,trust_weighted_fusion,move,2,0,38.499,6.376,21.405,uav_1,6.376,False,False,False,False,False,1,"[{""id"": ""obstacle_0"", ""kind"": ""static_obstacle"", ""x"": 50.0, ""y"": 50.0, ""radius"": 5.0}]"
delayed_track_sharing,241,48.2,1,74.933,62.471,90.0,94.0,50.0,50.0,,,position_noise+confidence_error,,trust_weighted_fusion,move,3,0,34.945,6.362,22.878,uav_2,6.362,False,False,False,False,False,1,"[{""id"": ""obstacle_0"", ""kind"": ""static_obstacle"", ""x"": 50.0, ""y"": 50.0, ""radius"": 5.0}]"
delayed_track_sharing,241,48.2,2,77.799,68.151,86.0,90.0,50.0,50.0,,,position_noise+confidence_error,,trust_weighted_fusion,move,3,0,23.338,6.362,28.2,uav_1,6.362,False,False,False,False,False,1,"[{""id"": ""obstacle_0"", ""kind"": ""static_obstacle"", ""x"": 50.0, ""y"": 50.0, ""radius"": 5.0}]"
delayed_track_sharing,241,48.2,3,83.175,73.179,90.0,86.0,50.0,50.0,,,position_noise+confidence_error,,trust_weighted_fusion,move,2,0,14.524,7.361,35.471,uav_2,7.361,False,False,False,False,False,1,"[{""id"": ""obstacle_0"", ""kind"": ""static_obstacle"", ""x"": 50.0, ""y"": 50.0, ""radius"": 5.0}]"
delayed_track_sharing,242,48.4,0,75.872,56.491,94.0,90.0,50.0,50.0,,,position_noise+confidence_error,,trust_weighted_fusion,move,2,0,38.099,6.387,21.673,uav_1,6.387,False,False,False,False,False,1,"[{""id"": ""obstacle_0"", ""kind"": ""static_obstacle"", ""x"": 50.0, ""y"": 50.0, ""radius"": 5.0}]"
delayed_track_sharing,242,48.4,1,75.105,62.831,90.0,94.0,50.0,50.0,,,false_negative+position_noise+confidence_error,,trust_weighted_fusion,move,2,0,34.545,6.36,23.195,uav_2,6.36,False,False,False,False,False,1,"[{""id"": ""obstacle_0"", ""kind"": ""static_obstacle"", ""x"": 50.0, ""y"": 50.0, ""radius"": 5.0}]"
delayed_track_sharing,242,48.4,2,77.94,68.525,86.0,90.0,50.0,50.0,,,position_noise+confidence_error,,trust_weighted_fusion,move,3,0,22.938,6.36,28.523,uav_1,6.36,False,False,False,False,False,1,"[{""id"": ""obstacle_0"", ""kind"": ""static_obstacle"", ""x"": 50.0, ""y"": 50.0, ""radius"": 5.0}]"
delayed_track_sharing,242,48.4,3,83.363,73.532,90.0,86.0,50.0,50.0,,,position_noise+confidence_error,,trust_weighted_fusion,move,2,0,14.124,7.381,35.827,uav_2,7.381,False,False,False,False,False,1,"[{""id"": ""obstacle_0"", ""kind"": ""static_obstacle"", ""x"": 50.0, ""y"": 50.0, ""radius"": 5.0}]"
delayed_track_sharing,243,48.6,0,76.062,56.842,94.0,90.0,50.0,50.0,,,false_negative+position_noise+confidence_error,,trust_weighted_fusion,move,1,0,37.699,6.398,21.945,uav_1,6.398,False,False,False,False,False,1,"[{""id"": ""obstacle_0"", ""kind"": ""static_obstacle"", ""x"": 50.0, ""y"": 50.0, ""radius"": 5.0}]"
delayed_track_sharing,243,48.6,1,75.278,63.192,90.0,94.0,50.0,50.0,,,position_noise+confidence_error,,trust_weighted_fusion,move,3,0,34.145,6.358,23.513,uav_2,6.358,False,False,False,False,False,1,"[{""id"": ""obstacle_0"", ""kind"": ""static_obstacle"", ""x"": 50.0, ""y"": 50.0, ""radius"": 5.0}]"
delayed_track_sharing,243,48.6,2,78.081,68.9,86.0,90.0,50.0,50.0,,,false_negative+position_noise+confidence_error,,trust_weighted_fusion,move,2,0,22.538,6.358,28.848,uav_1,6.358,False,False,False,False,False,1,"[{""id"": ""obstacle_0"", ""kind"": ""static_obstacle"", ""x"": 50.0, ""y"": 50.0, ""radius"": 5.0}]"
delayed_track_sharing,243,48.6,3,83.551,73.885,90.0,86.0,50.0,50.0,,,position_noise+confidence_error,,trust_weighted_fusion,move,2,0,13.724,7.402,36.185,uav_2,7.402,False,False,False,False,False,1,"[{""id"": ""obstacle_0"", ""kind"": ""static_obstacle"", ""x"": 50.0, ""y"": 50.0, ""radius"": 5.0}]"
delayed_track_sharing,244,48.8,0,76.252,57.194,94.0,90.0,50.0,50.0,,,position_noise+confidence_error,,trust_weighted_fusion,move,2,0,37.299,6.409,22.22,uav_1,6.409,False,False,False,False,False,1,"[{""id"": ""obstacle_0"", ""kind"": ""static_obstacle"", ""x"": 50.0, ""y"": 50.0, ""radius"": 5.0}]"
delayed_track_sharing,244,48.8,1,75.45,63.553,90.0,94.0,50.0,50.0,,,false_negative+position_noise+confidence_error,,trust_weighted_fusion,move,2,0,33.745,6.356,23.834,uav_2,6.356,False,False,False,False,False,1,"[{""id"": ""obstacle_0"", ""kind"": ""static_obstacle"", ""x"": 50.0, ""y"": 50.0, ""radius"": 5.0}]"
delayed_track_sharing,244,48.8,2,78.221,69.274,86.0,90.0,50.0,50.0,,,position_noise+confidence_error,,trust_weighted_fusion,move,3,0,22.138,6.356,29.175,uav_1,6.356,False,False,False,False,False,1,"[{""id"": ""obstacle_0"", ""kind"": ""static_obstacle"", ""x"": 50.0, ""y"": 50.0, ""radius"": 5.0}]"
delayed_track_sharing,244,48.8,3,83.739,74.238,90.0,86.0,50.0,50.0,,,false_negative+position_noise+confidence_error,,trust_weighted_fusion,move,1,0,13.324,7.422,36.543,uav_2,7.422,False,False,False,False,False,1,"[{""id"": ""obstacle_0"", ""kind"": ""static_obstacle"", ""x"": 50.0, ""y"": 50.0, ""radius"": 5.0}]"
delayed_track_sharing,245,49.0,0,76.443,57.546,94.0,90.0,50.0,50.0,,,position_noise+confidence_error,,trust_weighted_fusion,move,2,0,36.899,6.421,22.498,uav_1,6.421,False,False,False,False,False,1,"[{""id"": ""obstacle_0"", ""kind"": ""static_obstacle"", ""x"": 50.0, ""y"": 50.0, ""radius"": 5.0}]"
delayed_track_sharing,245,49.0,1,75.623,63.914,90.0,94.0,50.0,50.0,,,false_negative+position_noise+confidence_error,,trust_weighted_fusion,move,2,0,33.345,6.355,24.157,uav_2,6.355,False,False,False,False,False,1,"[{""id"": ""obstacle_0"", ""kind"": ""static_obstacle"", ""x"": 50.0, ""y"": 50.0, ""radius"": 5.0}]"
delayed_track_sharing,245,49.0,2,78.362,69.649,86.0,90.0,50.0,50.0,,,false_negative+position_noise+confidence_error,,trust_weighted_fusion,move,1,0,21.738,6.355,29.503,uav_1,6.355,False,False,False,False,False,1,"[{""id"": ""obstacle_0"", ""kind"": ""static_obstacle"", ""x"": 50.0, ""y"": 50.0, ""radius"": 5.0}]"
delayed_track_sharing,245,49.0,3,83.927,74.591,90.0,86.0,50.0,50.0,,,position_noise+confidence_error,,trust_weighted_fusion,move,2,0,12.924,7.444,36.902,uav_2,7.444,False,False,False,False,False,1,"[{""id"": ""obstacle_0"", ""kind"": ""static_obstacle"", ""x"": 50.0, ""y"": 50.0, ""radius"": 5.0}]"
delayed_track_sharing,246,49.2,0,76.633,57.898,94.0,90.0,50.0,50.0,,,position_noise+confidence_error,,trust_weighted_fusion,move,2,0,36.499,6.432,22.779,uav_1,6.432,False,False,False,False,False,1,"[{""id"": ""obstacle_0"", ""kind"": ""static_obstacle"", ""x"": 50.0, ""y"": 50.0, ""radius"": 5.0}]"
delayed_track_sharing,246,49.2,1,75.795,64.275,90.0,94.0,50.0,50.0,,,false_negative+position_noise+confidence_error,,trust_weighted_fusion,move,1,0,32.945,6.353,24.482,uav_2,6.353,False,False,False,False,False,1,"[{""id"": ""obstacle_0"", ""kind"": ""static_obstacle"", ""x"": 50.0, ""y"": 50.0, ""radius"": 5.0}]"
delayed_track_sharing,246,49.2,2,78.502,70.023,86.0,90.0,50.0,50.0,,,position_noise+confidence_error,,trust_weighted_fusion,move,3,0,21.338,6.353,29.832,uav_1,6.353,False,False,False,False,False,1,"[{""id"": ""obstacle_0"", ""kind"": ""static_obstacle"", ""x"": 50.0, ""y"": 50.0, ""radius"": 5.0}]"
delayed_track_sharing,246,49.2,3,84.115,74.944,90.0,86.0,50.0,50.0,,,false_negative+confidence_error,,trust_weighted_fusion,move,0,0,12.524,7.465,37.262,uav_2,7.465,False,False,False,False,False,1,"[{""id"": ""obstacle_0"", ""kind"": ""static_obstacle"", ""x"": 50.0, ""y"": 50.0, ""radius"": 5.0}]"
delayed_track_sharing,247,49.4,0,76.823,58.25,94.0,90.0,50.0,50.0,,,position_noise+confidence_error,,trust_weighted_fusion,move,2,0,36.099,6.443,23.063,uav_1,6.443,False,False,False,False,False,1,"[{""id"": ""obstacle_0"", ""kind"": ""static_obstacle"", ""x"": 50.0, ""y"": 50.0, ""radius"": 5.0}]"
delayed_track_sharing,247,49.4,1,75.968,64.636,90.0,94.0,50.0,50.0,,,position_noise+confidence_error,,trust_weighted_fusion,move,3,0,32.545,6.352,24.808,uav_2,6.352,False,False,False,False,False,1,"[{""id"": ""obstacle_0"", ""kind"": ""static_obstacle"", ""x"": 50.0, ""y"": 50.0, ""radius"": 5.0}]"
delayed_track_sharing,247,49.4,2,78.643,70.398,86.0,90.0,50.0,50.0,,,false_negative+position_noise+confidence_error,,trust_weighted_fusion,move,2,0,20.938,6.352,30.163,uav_1,6.352,False,False,False,False,False,1,"[{""id"": ""obstacle_0"", ""kind"": ""static_obstacle"", ""x"": 50.0, ""y"": 50.0, ""radius"": 5.0}]"
delayed_track_sharing,247,49.4,3,84.303,75.298,90.0,86.0,50.0,50.0,,,position_noise+confidence_error,,trust_weighted_fusion,move,2,0,12.124,7.487,37.622,uav_2,7.487,False,False,False,False,False,1,"[{""id"": ""obstacle_0"", ""kind"": ""static_obstacle"", ""x"": 50.0, ""y"": 50.0, ""radius"": 5.0}]"
delayed_track_sharing,248,49.6,0,77.014,58.602,94.0,90.0,50.0,50.0,,,position_noise+confidence_error,,trust_weighted_fusion,move,2,0,35.699,6.455,23.35,uav_1,6.455,False,False,False,False,False,1,"[{""id"": ""obstacle_0"", ""kind"": ""static_obstacle"", ""x"": 50.0, ""y"": 50.0, ""radius"": 5.0}]"
delayed_track_sharing,248,49.6,1,76.14,64.997,90.0,94.0,50.0,50.0,,,false_negative+position_noise+confidence_error,,trust_weighted_fusion,move,2,0,32.145,6.351,25.137,uav_2,6.351,False,False,False,False,False,1,"[{""id"": ""obstacle_0"", ""kind"": ""static_obstacle"", ""x"": 50.0, ""y"": 50.0, ""radius"": 5.0}]"
delayed_track_sharing,248,49.6,2,78.783,70.772,86.0,90.0,50.0,50.0,,,false_negative+position_noise+confidence_error,,trust_weighted_fusion,move,2,0,20.538,6.351,30.496,uav_1,6.351,False,False,False,False,False,1,"[{""id"": ""obstacle_0"", ""kind"": ""static_obstacle"", ""x"": 50.0, ""y"": 50.0, ""radius"": 5.0}]"
delayed_track_sharing,248,49.6,3,84.491,75.651,90.0,86.0,50.0,50.0,,,position_noise+confidence_error,,trust_weighted_fusion,move,2,0,11.724,7.509,37.984,uav_2,7.509,False,False,False,False,False,1,"[{""id"": ""obstacle_0"", ""kind"": ""static_obstacle"", ""x"": 50.0, ""y"": 50.0, ""radius"": 5.0}]"
delayed_track_sharing,249,49.8,0,77.204,58.953,94.0,90.0,50.0,50.0,,,position_noise+confidence_error,,trust_weighted_fusion,move,2,0,35.299,6.466,23.64,uav_1,6.466,False,False,False,False,False,1,"[{""id"": ""obstacle_0"", ""kind"": ""static_obstacle"", ""x"": 50.0, ""y"": 50.0, ""radius"": 5.0}]"
delayed_track_sharing,249,49.8,1,76.313,65.358,90.0,94.0,50.0,50.0,,,false_negative+position_noise+confidence_error,,trust_weighted_fusion,move,2,0,31.745,6.35,25.467,uav_2,6.35,False,False,False,False,False,1,"[{""id"": ""obstacle_0"", ""kind"": ""static_obstacle"", ""x"": 50.0, ""y"": 50.0, ""radius"": 5.0}]"
delayed_track_sharing,249,49.8,2,78.924,71.147,86.0,90.0,50.0,50.0,,,false_negative+position_noise+confidence_error,,trust_weighted_fusion,move,2,0,20.138,6.35,30.83,uav_1,6.35,False,False,False,False,False,1,"[{""id"": ""obstacle_0"", ""kind"": ""static_obstacle"", ""x"": 50.0, ""y"": 50.0, ""radius"": 5.0}]"
delayed_track_sharing,249,49.8,3,84.679,76.004,90.0,86.0,50.0,50.0,,,false_negative+position_noise+confidence_error,,trust_weighted_fusion,move,1,0,11.324,7.531,38.345,uav_2,7.531,False,False,False,False,False,1,"[{""id"": ""obstacle_0"", ""kind"": ""static_obstacle"", ""x"": 50.0, ""y"": 50.0, ""radius"": 5.0}]"
delayed_track_sharing,250,50.0,0,77.394,59.305,94.0,90.0,50.0,50.0,,,position_noise+confidence_error,,trust_weighted_fusion,move,2,0,34.899,6.478,23.932,uav_1,6.478,False,False,False,False,False,1,"[{""id"": ""obstacle_0"", ""kind"": ""static_obstacle"", ""x"": 50.0, ""y"": 50.0, ""radius"": 5.0}]"
delayed_track_sharing,250,50.0,1,76.485,65.719,90.0,94.0,50.0,50.0,,,position_noise+confidence_error,,trust_weighted_fusion,move,3,0,31.345,6.35,25.798,uav_2,6.35,False,False,False,False,False,1,"[{""id"": ""obstacle_0"", ""kind"": ""static_obstacle"", ""x"": 50.0, ""y"": 50.0, ""radius"": 5.0}]"
delayed_track_sharing,250,50.0,2,79.064,71.521,86.0,90.0,50.0,50.0,,,false_negative+position_noise+confidence_error,,trust_weighted_fusion,move,1,0,19.738,6.35,31.165,uav_1,6.35,False,False,False,False,False,1,"[{""id"": ""obstacle_0"", ""kind"": ""static_obstacle"", ""x"": 50.0, ""y"": 50.0, ""radius"": 5.0}]"
delayed_track_sharing,250,50.0,3,84.867,76.357,90.0,86.0,50.0,50.0,,,position_noise+confidence_error,,trust_weighted_fusion,move,2,0,10.924,7.553,38.708,uav_2,7.553,False,False,False,False,False,1,"[{""id"": ""obstacle_0"", ""kind"": ""static_obstacle"", ""x"": 50.0, ""y"": 50.0, ""radius"": 5.0}]"
delayed_track_sharing,251,50.2,0,77.585,59.657,94.0,90.0,50.0,50.0,,,false_negative+position_noise+confidence_error,,trust_weighted_fusion,move,1,0,34.499,6.489,24.226,uav_1,6.489,False,False,False,False,False,1,"[{""id"": ""obstacle_0"", ""kind"": ""static_obstacle"", ""x"": 50.0, ""y"": 50.0, ""radius"": 5.0}]"
delayed_track_sharing,251,50.2,1,76.658,66.08,90.0,94.0,50.0,50.0,,,position_noise+confidence_error,,trust_weighted_fusion,move,3,0,30.945,6.349,26.132,uav_2,6.349,False,False,False,False,False,1,"[{""id"": ""obstacle_0"", ""kind"": ""static_obstacle"", ""x"": 50.0, ""y"": 50.0, ""radius"": 5.0}]"
delayed_track_sharing,251,50.2,2,79.205,71.895,86.0,90.0,50.0,50.0,,,position_noise+confidence_error,,trust_weighted_fusion,move,3,0,19.338,6.349,31.501,uav_1,6.349,False,False,False,False,False,1,"[{""id"": ""obstacle_0"", ""kind"": ""static_obstacle"", ""x"": 50.0, ""y"": 50.0, ""radius"": 5.0}]"
delayed_track_sharing,251,50.2,3,85.055,76.71,90.0,86.0,50.0,50.0,,,position_noise+confidence_error,,trust_weighted_fusion,move,2,0,10.524,7.576,39.071,uav_2,7.576,False,False,False,False,False,1,"[{""id"": ""obstacle_0"", ""kind"": ""static_obstacle"", ""x"": 50.0, ""y"": 50.0, ""radius"": 5.0}]"
delayed_track_sharing,252,50.4,0,77.775,60.009,94.0,90.0,50.0,50.0,,,false_negative+confidence_error,,trust_weighted_fusion,move,0,0,34.099,6.501,24.523,uav_1,6.501,False,False,False,False,False,1,"[{""id"": ""obstacle_0"", ""kind"": ""static_obstacle"", ""x"": 50.0, ""y"": 50.0, ""radius"": 5.0}]"
delayed_track_sharing,252,50.4,1,76.83,66.441,90.0,94.0,50.0,50.0,,,position_noise+confidence_error,,trust_weighted_fusion,move,3,0,30.545,6.349,26.467,uav_2,6.349,False,False,False,False,False,1,"[{""id"": ""obstacle_0"", ""kind"": ""static_obstacle"", ""x"": 50.0, ""y"": 50.0, ""radius"": 5.0}]"
delayed_track_sharing,252,50.4,2,79.346,72.27,86.0,90.0,50.0,50.0,,,position_noise+confidence_error,,trust_weighted_fusion,move,3,0,18.938,6.349,31.839,uav_1,6.349,False,False,False,False,False,1,"[{""id"": ""obstacle_0"", ""kind"": ""static_obstacle"", ""x"": 50.0, ""y"": 50.0, ""radius"": 5.0}]"
delayed_track_sharing,252,50.4,3,85.243,77.063,90.0,86.0,50.0,50.0,,,position_noise+confidence_error,,trust_weighted_fusion,move,2,0,10.124,7.599,39.435,uav_2,7.599,False,False,False,False,False,1,"[{""id"": ""obstacle_0"", ""kind"": ""static_obstacle"", ""x"": 50.0, ""y"": 50.0, ""radius"": 5.0}]"
delayed_track_sharing,253,50.6,0,77.965,60.361,94.0,90.0,50.0,50.0,,,position_noise+confidence_error,,trust_weighted_fusion,move,2,0,33.699,6.512,24.823,uav_1,6.512,False,False,False,False,False,1,"[{""id"": ""obstacle_0"", ""kind"": ""static_obstacle"", ""x"": 50.0, ""y"": 50.0, ""radius"": 5.0}]"
delayed_track_sharing,253,50.6,1,77.003,66.801,90.0,94.0,50.0,50.0,,,false_negative+position_noise+confidence_error,,trust_weighted_fusion,move,2,0,30.145,6.349,26.803,uav_2,6.349,False,False,False,False,False,1,"[{""id"": ""obstacle_0"", ""kind"": ""static_obstacle"", ""x"": 50.0, ""y"": 50.0, ""radius"": 5.0}]"
delayed_track_sharing,253,50.6,2,79.486,72.644,86.0,90.0,50.0,50.0,,,position_noise+confidence_error,,trust_weighted_fusion,move,3,0,18.538,6.349,32.178,uav_1,6.349,False,False,False,False,False,1,"[{""id"": ""obstacle_0"", ""kind"": ""static_obstacle"", ""x"": 50.0, ""y"": 50.0, ""radius"": 5.0}]"
delayed_track_sharing,253,50.6,3,85.431,77.416,90.0,86.0,50.0,50.0,,,position_noise+confidence_error,,trust_weighted_fusion,move,2,0,9.724,7.623,39.799,uav_2,7.623,False,False,False,False,False,1,"[{""id"": ""obstacle_0"", ""kind"": ""static_obstacle"", ""x"": 50.0, ""y"": 50.0, ""radius"": 5.0}]"
delayed_track_sharing,254,50.8,0,78.156,60.712,94.0,90.0,50.0,50.0,,,position_noise+confidence_error,,trust_weighted_fusion,move,2,0,33.299,6.524,25.125,uav_1,6.524,False,False,False,False,False,1,"[{""id"": ""obstacle_0"", ""kind"": ""static_obstacle"", ""x"": 50.0, ""y"": 50.0, ""radius"": 5.0}]"
delayed_track_sharing,254,50.8,1,77.175,67.162,90.0,94.0,50.0,50.0,,,position_noise+confidence_error,,trust_weighted_fusion,move,3,0,29.745,6.349,27.141,uav_2,6.349,False,False,False,False,False,1,"[{""id"": ""obstacle_0"", ""kind"": ""static_obstacle"", ""x"": 50.0, ""y"": 50.0, ""radius"": 5.0}]"
delayed_track_sharing,254,50.8,2,79.627,73.019,86.0,90.0,50.0,50.0,,,position_noise+confidence_error,,trust_weighted_fusion,move,3,0,18.138,6.349,32.518,uav_1,6.349,False,False,False,False,False,1,"[{""id"": ""obstacle_0"", ""kind"": ""static_obstacle"", ""x"": 50.0, ""y"": 50.0, ""radius"": 5.0}]"
delayed_track_sharing,254,50.8,3,85.619,77.769,90.0,86.0,50.0,50.0,,,position_noise+confidence_error,,trust_weighted_fusion,move,2,0,9.324,7.647,40.164,uav_2,7.647,False,False,False,False,False,1,"[{""id"": ""obstacle_0"", ""kind"": ""static_obstacle"", ""x"": 50.0, ""y"": 50.0, ""radius"": 5.0}]"
delayed_track_sharing,255,51.0,0,78.346,61.064,94.0,90.0,50.0,50.0,,,false_negative+position_noise+confidence_error,,trust_weighted_fusion,move,1,0,32.899,6.536,25.429,uav_1,6.536,False,False,False,False,False,1,"[{""id"": ""obstacle_0"", ""kind"": ""static_obstacle"", ""x"": 50.0, ""y"": 50.0, ""radius"": 5.0}]"
delayed_track_sharing,255,51.0,1,77.348,67.523,90.0,94.0,50.0,50.0,,,position_noise+confidence_error,,trust_weighted_fusion,move,3,0,29.345,6.349,27.48,uav_2,6.349,False,False,False,False,False,1,"[{""id"": ""obstacle_0"", ""kind"": ""static_obstacle"", ""x"": 50.0, ""y"": 50.0, ""radius"": 5.0}]"
delayed_track_sharing,255,51.0,2,79.767,73.393,86.0,90.0,50.0,50.0,,,position_noise+confidence_error,,trust_weighted_fusion,move,3,0,17.738,6.349,32.86,uav_1,6.349,False,False,False,False,False,1,"[{""id"": ""obstacle_0"", ""kind"": ""static_obstacle"", ""x"": 50.0, ""y"": 50.0, ""radius"": 5.0}]"
delayed_track_sharing,255,51.0,3,85.807,78.122,90.0,86.0,50.0,50.0,,,false_negative+position_noise+confidence_error,,trust_weighted_fusion,move,1,0,8.924,7.671,40.53,uav_2,7.671,False,False,False,False,False,1,"[{""id"": ""obstacle_0"", ""kind"": ""static_obstacle"", ""x"": 50.0, ""y"": 50.0, ""radius"": 5.0}]"
delayed_track_sharing,256,51.2,0,78.536,61.416,94.0,90.0,50.0,50.0,,,position_noise+confidence_error,,trust_weighted_fusion,move,2,0,32.499,6.618,25.735,uav_1,6.618,False,False,False,False,False,1,"[{""id"": ""obstacle_0"", ""kind"": ""static_obstacle"", ""x"": 50.0, ""y"": 50.0, ""radius"": 5.0}]"
delayed_track_sharing,256,51.2,1,77.217,67.901,90.0,94.0,50.0,50.0,,,position_noise+confidence_error,,trust_weighted_fusion,avoidance,3,0,29.061,6.454,27.576,uav_2,6.454,False,False,False,False,False,1,"[{""id"": ""obstacle_0"", ""kind"": ""static_obstacle"", ""x"": 50.0, ""y"": 50.0, ""radius"": 5.0}]"
delayed_track_sharing,256,51.2,2,79.908,73.768,86.0,90.0,50.0,50.0,,,false_negative+position_noise+confidence_error,,trust_weighted_fusion,move,2,0,17.338,6.454,33.202,uav_1,6.454,False,False,False,False,False,1,"[{""id"": ""obstacle_0"", ""kind"": ""static_obstacle"", ""x"": 50.0, ""y"": 50.0, ""radius"": 5.0}]"
delayed_track_sharing,256,51.2,3,85.995,78.475,90.0,86.0,50.0,50.0,,,position_noise+confidence_error,,trust_weighted_fusion,move,2,0,8.524,7.695,40.896,uav_2,7.695,False,False,False,False,False,1,"[{""id"": ""obstacle_0"", ""kind"": ""static_obstacle"", ""x"": 50.0, ""y"": 50.0, ""radius"": 5.0}]"
delayed_track_sharing,257,51.4,0,78.727,61.768,94.0,90.0,50.0,50.0,,,position_noise+confidence_error,,trust_weighted_fusion,move,2,0,32.099,6.628,26.044,uav_1,6.628,False,False,False,False,False,1,"[{""id"": ""obstacle_0"", ""kind"": ""static_obstacle"", ""x"": 50.0, ""y"": 50.0, ""radius"": 5.0}]"
delayed_track_sharing,257,51.4,1,77.393,68.261,90.0,94.0,50.0,50.0,,,position_noise+confidence_error,,trust_weighted_fusion,move,3,0,28.661,6.454,27.921,uav_2,6.454,False,False,False,False,False,1,"[{""id"": ""obstacle_0"", ""kind"": ""static_obstacle"", ""x"": 50.0, ""y"": 50.0, ""radius"": 5.0}]"
delayed_track_sharing,257,51.4,2,80.048,74.142,86.0,90.0,50.0,50.0,,,position_noise+confidence_error,,trust_weighted_fusion,move,3,0,16.938,6.454,33.546,uav_1,6.454,False,False,False,False,False,1,"[{""id"": ""obstacle_0"", ""kind"": ""static_obstacle"", ""x"": 50.0, ""y"": 50.0, ""radius"": 5.0}]"
delayed_track_sharing,257,51.4,3,86.183,78.828,90.0,86.0,50.0,50.0,,,position_noise+confidence_error,,trust_weighted_fusion,move,2,0,8.124,7.719,41.263,uav_2,7.719,False,False,False,False,False,1,"[{""id"": ""obstacle_0"", ""kind"": ""static_obstacle"", ""x"": 50.0, ""y"": 50.0, ""radius"": 5.0}]"
delayed_track_sharing,258,51.6,0,78.917,62.12,94.0,90.0,50.0,50.0,,,position_noise+confidence_error,,trust_weighted_fusion,move,2,0,31.699,6.638,26.354,uav_1,6.638,False,False,False,False,False,1,"[{""id"": ""obstacle_0"", ""kind"": ""static_obstacle"", ""x"": 50.0, ""y"": 50.0, ""radius"": 5.0}]"
delayed_track_sharing,258,51.6,1,77.569,68.62,90.0,94.0,50.0,50.0,,,position_noise+confidence_error,,trust_weighted_fusion,move,3,0,28.261,6.453,28.268,uav_2,6.453,False,False,False,False,False,1,"[{""id"": ""obstacle_0"", ""kind"": ""static_obstacle"", ""x"": 50.0, ""y"": 50.0, ""radius"": 5.0}]"
delayed_track_sharing,258,51.6,2,80.189,74.517,86.0,90.0,50.0,50.0,,,position_noise+confidence_error,,trust_weighted_fusion,move,3,0,16.538,6.453,33.89,uav_1,6.453,False,False,False,False,False,1,"[{""id"": ""obstacle_0"", ""kind"": ""static_obstacle"", ""x"": 50.0, ""y"": 50.0, ""radius"": 5.0}]"
delayed_track_sharing,258,51.6,3,86.371,79.182,90.0,86.0,50.0,50.0,,,position_noise+confidence_error,,trust_weighted_fusion,move,2,0,7.724,7.744,41.63,uav_2,7.744,False,False,False,False,False,1,"[{""id"": ""obstacle_0"", ""kind"": ""static_obstacle"", ""x"": 50.0, ""y"": 50.0, ""radius"": 5.0}]"
delayed_track_sharing,259,51.8,0,79.107,62.472,94.0,90.0,50.0,50.0,,,false_negative+position_noise+confidence_error,,trust_weighted_fusion,move,1,0,31.299,6.649,26.667,uav_1,6.649,False,False,False,False,False,1,"[{""id"": ""obstacle_0"", ""kind"": ""static_obstacle"", ""x"": 50.0, ""y"": 50.0, ""radius"": 5.0}]"
delayed_track_sharing,259,51.8,1,77.745,68.979,90.0,94.0,50.0,50.0,,,false_negative+position_noise+confidence_error,,trust_weighted_fusion,move,1,0,27.861,6.453,28.615,uav_2,6.453,False,False,False,False,False,1,"[{""id"": ""obstacle_0"", ""kind"": ""static_obstacle"", ""x"": 50.0, ""y"": 50.0, ""radius"": 5.0}]"
delayed_track_sharing,259,51.8,2,80.329,74.891,86.0,90.0,50.0,50.0,,,position_noise+confidence_error,,trust_weighted_fusion,move,3,0,16.138,6.453,34.236,uav_1,6.453,False,False,False,False,False,1,"[{""id"": ""obstacle_0"", ""kind"": ""static_obstacle"", ""x"": 50.0, ""y"": 50.0, ""radius"": 5.0}]"
delayed_track_sharing,259,51.8,3,86.559,79.535,90.0,86.0,50.0,50.0,,,position_noise+confidence_error,,trust_weighted_fusion,move,2,0,7.324,7.769,41.998,uav_2,7.769,False,False,False,False,False,1,"[{""id"": ""obstacle_0"", ""kind"": ""static_obstacle"", ""x"": 50.0, ""y"": 50.0, ""radius"": 5.0}]"
delayed_track_sharing,260,52.0,0,79.298,62.823,94.0,90.0,50.0,50.0,,,position_noise+confidence_error,,trust_weighted_fusion,move,2,0,30.899,6.659,26.981,uav_1,6.659,False,False,False,False,False,1,"[{""id"": ""obstacle_0"", ""kind"": ""static_obstacle"", ""x"": 50.0, ""y"": 50.0, ""radius"": 5.0}]"
delayed_track_sharing,260,52.0,1,77.921,69.338,90.0,94.0,50.0,50.0,,,false_negative+position_noise+confidence_error,,trust_weighted_fusion,move,2,0,27.461,6.453,28.964,uav_2,6.453,False,False,False,False,False,1,"[{""id"": ""obstacle_0"", ""kind"": ""static_obstacle"", ""x"": 50.0, ""y"": 50.0, ""radius"": 5.0}]"
delayed_track_sharing,260,52.0,2,80.47,75.266,86.0,90.0,50.0,50.0,,,false_negative+position_noise+confidence_error,,trust_weighted_fusion,move,2,0,15.738,6.453,34.583,uav_1,6.453,False,False,False,False,False,1,"[{""id"": ""obstacle_0"", ""kind"": ""static_obstacle"", ""x"": 50.0, ""y"": 50.0, ""radius"": 5.0}]"
delayed_track_sharing,260,52.0,3,86.746,79.888,90.0,86.0,50.0,50.0,,,position_noise+confidence_error,,trust_weighted_fusion,move,2,0,6.924,7.795,42.366,uav_2,7.795,False,False,False,False,False,1,"[{""id"": ""obstacle_0"", ""kind"": ""static_obstacle"", ""x"": 50.0, ""y"": 50.0, ""radius"": 5.0}]"
delayed_track_sharing,261,52.2,0,79.488,63.175,94.0,90.0,50.0,50.0,,,false_negative+position_noise+confidence_error,,trust_weighted_fusion,move,1,0,30.499,6.669,27.297,uav_1,6.669,False,False,False,False,False,1,"[{""id"": ""obstacle_0"", ""kind"": ""static_obstacle"", ""x"": 50.0, ""y"": 50.0, ""radius"": 5.0}]"
delayed_track_sharing,261,52.2,1,78.097,69.697,90.0,94.0,50.0,50.0,,,position_noise+confidence_error,,trust_weighted_fusion,move,3,0,27.061,6.453,29.313,uav_2,6.453,False,False,False,False,False,1,"[{""id"": ""obstacle_0"", ""kind"": ""static_obstacle"", ""x"": 50.0, ""y"": 50.0, ""radius"": 5.0}]"
delayed_track_sharing,261,52.2,2,80.611,75.64,86.0,90.0,50.0,50.0,,,position_noise+confidence_error,,trust_weighted_fusion,move,3,0,15.338,6.453,34.93,uav_1,6.453,False,False,False,False,False,1,"[{""id"": ""obstacle_0"", ""kind"": ""static_obstacle"", ""x"": 50.0, ""y"": 50.0, ""radius"": 5.0}]"
delayed_track_sharing,261,52.2,3,86.934,80.241,90.0,86.0,50.0,50.0,,,position_noise+confidence_error,,trust_weighted_fusion,move,2,0,6.524,7.82,42.735,uav_2,7.82,False,False,False,False,False,1,"[{""id"": ""obstacle_0"", ""kind"": ""static_obstacle"", ""x"": 50.0, ""y"": 50.0, ""radius"": 5.0}]"
delayed_track_sharing,262,52.4,0,79.678,63.527,94.0,90.0,50.0,50.0,,,position_noise+confidence_error,,trust_weighted_fusion,move,2,0,30.099,6.679,27.616,uav_1,6.679,False,False,False,False,False,1,"[{""id"": ""obstacle_0"", ""kind"": ""static_obstacle"", ""x"": 50.0, ""y"": 50.0, ""radius"": 5.0}]"
delayed_track_sharing,262,52.4,1,78.273,70.057,90.0,94.0,50.0,50.0,,,false_negative+position_noise+confidence_error,,trust_weighted_fusion,move,1,0,26.661,6.453,29.664,uav_2,6.453,False,False,False,False,False,1,"[{""id"": ""obstacle_0"", ""kind"": ""static_obstacle"", ""x"": 50.0, ""y"": 50.0, ""radius"": 5.0}]"
delayed_track_sharing,262,52.4,2,80.751,76.015,86.0,90.0,50.0,50.0,,,position_noise+confidence_error,,trust_weighted_fusion,move,3,0,14.938,6.453,35.279,uav_1,6.453,False,False,False,False,False,1,"[{""id"": ""obstacle_0"", ""kind"": ""static_obstacle"", ""x"": 50.0, ""y"": 50.0, ""radius"": 5.0}]"
delayed_track_sharing,262,52.4,3,87.122,80.594,90.0,86.0,50.0,50.0,,,position_noise+confidence_error,,trust_weighted_fusion,move,2,0,6.124,7.846,43.105,uav_2,7.846,False,False,False,False,False,1,"[{""id"": ""obstacle_0"", ""kind"": ""static_obstacle"", ""x"": 50.0, ""y"": 50.0, ""radius"": 5.0}]"
delayed_track_sharing,263,52.6,0,79.869,63.879,94.0,90.0,50.0,50.0,,,position_noise+confidence_error,,trust_weighted_fusion,move,2,0,29.699,6.69,27.936,uav_1,6.69,False,False,False,False,False,1,"[{""id"": ""obstacle_0"", ""kind"": ""static_obstacle"", ""x"": 50.0, ""y"": 50.0, ""radius"": 5.0}]"
delayed_track_sharing,263,52.6,1,78.449,70.416,90.0,94.0,50.0,50.0,,,position_noise+confidence_error,,trust_weighted_fusion,move,3,0,26.261,6.454,30.016,uav_2,6.454,False,False,False,False,False,1,"[{""id"": ""obstacle_0"", ""kind"": ""static_obstacle"", ""x"": 50.0, ""y"": 50.0, ""radius"": 5.0}]"
delayed_track_sharing,263,52.6,2,80.892,76.389,86.0,90.0,50.0,50.0,,,false_negative+position_noise+confidence_error,,trust_weighted_fusion,move,2,0,14.538,6.454,35.629,uav_1,6.454,False,False,False,False,False,1,"[{""id"": ""obstacle_0"", ""kind"": ""static_obstacle"", ""x"": 50.0, ""y"": 50.0, ""radius"": 5.0}]"
delayed_track_sharing,263,52.6,3,87.31,80.947,90.0,86.0,50.0,50.0,,,position_noise+confidence_error,,trust_weighted_fusion,move,2,0,5.724,7.872,43.475,uav_2,7.872,False,False,False,False,False,1,"[{""id"": ""obstacle_0"", ""kind"": ""static_obstacle"", ""x"": 50.0, ""y"": 50.0, ""radius"": 5.0}]"
delayed_track_sharing,264,52.8,0,80.059,64.231,94.0,90.0,50.0,50.0,,,position_noise+confidence_error,,trust_weighted_fusion,move,2,0,29.299,6.7,28.257,uav_1,6.7,False,False,False,False,False,1,"[{""id"": ""obstacle_0"", ""kind"": ""static_obstacle"", ""x"": 50.0, ""y"": 50.0, ""radius"": 5.0}]"
delayed_track_sharing,264,52.8,1,78.624,70.775,90.0,94.0,50.0,50.0,,,false_negative+position_noise+confidence_error,,trust_weighted_fusion,move,2,0,25.861,6.455,30.369,uav_2,6.455,False,False,False,False,False,1,"[{""id"": ""obstacle_0"", ""kind"": ""static_obstacle"", ""x"": 50.0, ""y"": 50.0, ""radius"": 5.0}]"
delayed_track_sharing,264,52.8,2,81.032,76.764,86.0,90.0,50.0,50.0,,,position_noise+confidence_error,,trust_weighted_fusion,move,3,0,14.138,6.455,35.979,uav_1,6.455,False,False,False,False,False,1,"[{""id"": ""obstacle_0"", ""kind"": ""static_obstacle"", ""x"": 50.0, ""y"": 50.0, ""radius"": 5.0}]"
delayed_track_sharing,264,52.8,3,87.498,81.3,90.0,86.0,50.0,50.0,,,position_noise+confidence_error,,trust_weighted_fusion,move,2,0,5.324,7.899,43.845,uav_2,7.899,False,False,False,False,False,1,"[{""id"": ""obstacle_0"", ""kind"": ""static_obstacle"", ""x"": 50.0, ""y"": 50.0, ""radius"": 5.0}]"
delayed_track_sharing,265,53.0,0,80.249,64.582,94.0,90.0,50.0,50.0,,,position_noise+confidence_error,,trust_weighted_fusion,move,2,0,28.899,6.71,28.581,uav_1,6.71,False,False,False,False,False,1,"[{""id"": ""obstacle_0"", ""kind"": ""static_obstacle"", ""x"": 50.0, ""y"": 50.0, ""radius"": 5.0}]"
delayed_track_sharing,265,53.0,1,78.8,71.134,90.0,94.0,50.0,50.0,,,false_negative+position_noise+confidence_error,,trust_weighted_fusion,move,2,0,25.461,6.456,30.723,uav_2,6.456,False,False,False,False,False,1,"[{""id"": ""obstacle_0"", ""kind"": ""static_obstacle"", ""x"": 50.0, ""y"": 50.0, ""radius"": 5.0}]"
delayed_track_sharing,265,53.0,2,81.173,77.138,86.0,90.0,50.0,50.0,,,false_negative+position_noise+confidence_error,,trust_weighted_fusion,move,2,0,13.738,6.456,36.331,uav_1,6.456,False,False,False,False,False,1,"[{""id"": ""obstacle_0"", ""kind"": ""static_obstacle"", ""x"": 50.0, ""y"": 50.0, ""radius"": 5.0}]"
delayed_track_sharing,265,53.0,3,87.686,81.653,90.0,86.0,50.0,50.0,,,false_negative+position_noise+confidence_error,,trust_weighted_fusion,move,1,0,4.924,7.925,44.216,uav_2,7.925,False,False,False,False,False,1,"[{""id"": ""obstacle_0"", ""kind"": ""static_obstacle"", ""x"": 50.0, ""y"": 50.0, ""radius"": 5.0}]"
delayed_track_sharing,266,53.2,0,80.44,64.934,94.0,90.0,50.0,50.0,,,position_noise+confidence_error,,trust_weighted_fusion,move,2,0,28.499,6.721,28.906,uav_1,6.721,False,False,False,False,False,1,"[{""id"": ""obstacle_0"", ""kind"": ""static_obstacle"", ""x"": 50.0, ""y"": 50.0, ""radius"": 5.0}]"
delayed_track_sharing,266,53.2,1,78.976,71.494,90.0,94.0,50.0,50.0,,,position_noise+confidence_error,,trust_weighted_fusion,move,3,0,25.061,6.457,31.078,uav_2,6.457,False,False,False,False,False,1,"[{""id"": ""obstacle_0"", ""kind"": ""static_obstacle"", ""x"": 50.0, ""y"": 50.0, ""radius"": 5.0}]"
delayed_track_sharing,266,53.2,2,81.313,77.513,86.0,90.0,50.0,50.0,,,false_negative+confidence_error,,trust_weighted_fusion,move,0,0,13.338,6.457,36.683,uav_1,6.457,False,False,False,False,False,1,"[{""id"": ""obstacle_0"", ""kind"": ""static_obstacle"", ""x"": 50.0, ""y"": 50.0, ""radius"": 5.0}]"
delayed_track_sharing,266,53.2,3,87.874,82.006,90.0,86.0,50.0,50.0,,,position_noise+confidence_error,,trust_weighted_fusion,move,2,0,4.524,7.952,44.587,uav_2,7.952,False,False,False,False,False,1,"[{""id"": ""obstacle_0"", ""kind"": ""static_obstacle"", ""x"": 50.0, ""y"": 50.0, ""radius"": 5.0}]"
delayed_track_sharing,267,53.4,0,80.63,65.286,94.0,90.0,50.0,50.0,,,position_noise+confidence_error,,trust_weighted_fusion,move,2,0,28.099,6.731,29.232,uav_1,6.731,False,False,False,False,False,1,"[{""id"": ""obstacle_0"", ""kind"": ""static_obstacle"", ""x"": 50.0, ""y"": 50.0, ""radius"": 5.0}]"
delayed_track_sharing,267,53.4,1,79.152,71.853,90.0,94.0,50.0,50.0,,,false_negative+position_noise+confidence_error,,trust_weighted_fusion,move,2,0,24.661,6.459,31.434,uav_2,6.459,False,False,False,False,False,1,"[{""id"": ""obstacle_0"", ""kind"": ""static_obstacle"", ""x"": 50.0, ""y"": 50.0, ""radius"": 5.0}]"
delayed_track_sharing,267,53.4,2,81.454,77.887,86.0,90.0,50.0,50.0,,,false_negative+position_noise+confidence_error,,trust_weighted_fusion,move,2,0,12.938,6.459,37.036,uav_1,6.459,False,False,False,False,False,1,"[{""id"": ""obstacle_0"", ""kind"": ""static_obstacle"", ""x"": 50.0, ""y"": 50.0, ""radius"": 5.0}]"
delayed_track_sharing,267,53.4,3,88.062,82.359,90.0,86.0,50.0,50.0,,,position_noise+confidence_error,,trust_weighted_fusion,move,2,0,4.124,7.979,44.959,uav_2,7.979,False,False,False,False,False,1,"[{""id"": ""obstacle_0"", ""kind"": ""static_obstacle"", ""x"": 50.0, ""y"": 50.0, ""radius"": 5.0}]"
delayed_track_sharing,268,53.6,0,80.82,65.638,94.0,90.0,50.0,50.0,,,false_negative+confidence_error,,trust_weighted_fusion,move,0,0,27.699,6.741,29.561,uav_1,6.741,False,False,False,False,False,1,"[{""id"": ""obstacle_0"", ""kind"": ""static_obstacle"", ""x"": 50.0, ""y"": 50.0, ""radius"": 5.0}]"
delayed_track_sharing,268,53.6,1,79.328,72.212,90.0,94.0,50.0,50.0,,,position_noise+confidence_error,,trust_weighted_fusion,move,3,0,24.261,6.46,31.79,uav_2,6.46,False,False,False,False,False,1,"[{""id"": ""obstacle_0"", ""kind"": ""static_obstacle"", ""x"": 50.0, ""y"": 50.0, ""radius"": 5.0}]"
delayed_track_sharing,268,53.6,2,81.594,78.262,86.0,90.0,50.0,50.0,,,false_negative+position_noise+confidence_error,,trust_weighted_fusion,move,2,0,12.538,6.46,37.39,uav_1,6.46,False,False,False,False,False,1,"[{""id"": ""obstacle_0"", ""kind"": ""static_obstacle"", ""x"": 50.0, ""y"": 50.0, ""radius"": 5.0}]"
delayed_track_sharing,268,53.6,3,88.25,82.712,90.0,86.0,50.0,50.0,,,false_negative+position_noise+confidence_error,,trust_weighted_fusion,move,1,0,3.724,8.007,45.331,uav_2,8.007,False,False,False,False,False,1,"[{""id"": ""obstacle_0"", ""kind"": ""static_obstacle"", ""x"": 50.0, ""y"": 50.0, ""radius"": 5.0}]"
delayed_track_sharing,269,53.8,0,81.011,65.99,94.0,90.0,50.0,50.0,,,false_negative+confidence_error,,trust_weighted_fusion,move,0,0,27.299,6.752,29.89,uav_1,6.752,False,False,False,False,False,1,"[{""id"": ""obstacle_0"", ""kind"": ""static_obstacle"", ""x"": 50.0, ""y"": 50.0, ""radius"": 5.0}]"
delayed_track_sharing,269,53.8,1,79.504,72.571,90.0,94.0,50.0,50.0,,,false_negative+position_noise+confidence_error,,trust_weighted_fusion,move,2,0,23.861,6.462,32.148,uav_2,6.462,False,False,False,False,False,1,"[{""id"": ""obstacle_0"", ""kind"": ""static_obstacle"", ""x"": 50.0, ""y"": 50.0, ""radius"": 5.0}]"
delayed_track_sharing,269,53.8,2,81.735,78.636,86.0,90.0,50.0,50.0,,,false_negative+position_noise+confidence_error,,trust_weighted_fusion,move,1,0,12.138,6.462,37.745,uav_1,6.462,False,False,False,False,False,1,"[{""id"": ""obstacle_0"", ""kind"": ""static_obstacle"", ""x"": 50.0, ""y"": 50.0, ""radius"": 5.0}]"
delayed_track_sharing,269,53.8,3,88.438,83.066,90.0,86.0,50.0,50.0,,,false_negative+position_noise+confidence_error,,trust_weighted_fusion,move,1,0,3.324,8.034,45.703,uav_2,8.034,False,False,False,False,False,1,"[{""id"": ""obstacle_0"", ""kind"": ""static_obstacle"", ""x"": 50.0, ""y"": 50.0, ""radius"": 5.0}]"
delayed_track_sharing,270,54.0,0,81.201,66.341,94.0,90.0,50.0,50.0,,,position_noise+confidence_error,,trust_weighted_fusion,move,2,0,26.899,6.762,30.221,uav_1,6.762,False,False,False,False,False,1,"[{""id"": ""obstacle_0"", ""kind"": ""static_obstacle"", ""x"": 50.0, ""y"": 50.0, ""radius"": 5.0}]"
delayed_track_sharing,270,54.0,1,79.68,72.93,90.0,94.0,50.0,50.0,,,false_negative+position_noise+confidence_error,,trust_weighted_fusion,move,2,0,23.461,6.465,32.506,uav_2,6.465,False,False,False,False,False,1,"[{""id"": ""obstacle_0"", ""kind"": ""static_obstacle"", ""x"": 50.0, ""y"": 50.0, ""radius"": 5.0}]"
delayed_track_sharing,270,54.0,2,81.876,79.011,86.0,90.0,50.0,50.0,,,position_noise+confidence_error,,trust_weighted_fusion,move,3,0,11.738,6.465,38.101,uav_1,6.465,False,False,False,False,False,1,"[{""id"": ""obstacle_0"", ""kind"": ""static_obstacle"", ""x"": 50.0, ""y"": 50.0, ""radius"": 5.0}]"
delayed_track_sharing,270,54.0,3,88.626,83.419,90.0,86.0,50.0,50.0,,,false_negative+position_noise+confidence_error,,trust_weighted_fusion,move,1,0,2.924,8.062,46.076,uav_2,8.062,False,False,False,False,False,1,"[{""id"": ""obstacle_0"", ""kind"": ""static_obstacle"", ""x"": 50.0, ""y"": 50.0, ""radius"": 5.0}]"
delayed_track_sharing,271,54.2,0,81.391,66.693,94.0,90.0,50.0,50.0,,,position_noise+confidence_error,,trust_weighted_fusion,move,2,0,26.499,6.773,30.554,uav_1,6.773,False,False,False,False,False,1,"[{""id"": ""obstacle_0"", ""kind"": ""static_obstacle"", ""x"": 50.0, ""y"": 50.0, ""radius"": 5.0}]"
delayed_track_sharing,271,54.2,1,79.856,73.29,90.0,94.0,50.0,50.0,,,false_negative+position_noise+confidence_error,,trust_weighted_fusion,move,2,0,23.061,6.467,32.866,uav_2,6.467,False,False,False,False,False,1,"[{""id"": ""obstacle_0"", ""kind"": ""static_obstacle"", ""x"": 50.0, ""y"": 50.0, ""radius"": 5.0}]"
delayed_track_sharing,271,54.2,2,82.016,79.385,86.0,90.0,50.0,50.0,,,false_negative+position_noise+confidence_error,,trust_weighted_fusion,move,2,0,11.338,6.467,38.457,uav_1,6.467,False,False,False,False,False,1,"[{""id"": ""obstacle_0"", ""kind"": ""static_obstacle"", ""x"": 50.0, ""y"": 50.0, ""radius"": 5.0}]"
delayed_track_sharing,271,54.2,3,88.814,83.772,90.0,86.0,50.0,50.0,,,position_noise+confidence_error,,trust_weighted_fusion,move,2,0,2.524,8.09,46.45,uav_2,8.09,False,False,False,False,False,1,"[{""id"": ""obstacle_0"", ""kind"": ""static_obstacle"", ""x"": 50.0, ""y"": 50.0, ""radius"": 5.0}]"
delayed_track_sharing,272,54.4,0,81.582,67.045,94.0,90.0,50.0,50.0,,,position_noise+confidence_error,,trust_weighted_fusion,move,2,0,26.099,6.783,30.888,uav_1,6.783,False,False,False,False,False,1,"[{""id"": ""obstacle_0"", ""kind"": ""static_obstacle"", ""x"": 50.0, ""y"": 50.0, ""radius"": 5.0}]"
delayed_track_sharing,272,54.4,1,80.032,73.649,90.0,94.0,50.0,50.0,,,position_noise+confidence_error,,trust_weighted_fusion,move,3,0,22.661,6.47,33.226,uav_2,6.47,False,False,False,False,False,1,"[{""id"": ""obstacle_0"", ""kind"": ""static_obstacle"", ""x"": 50.0, ""y"": 50.0, ""radius"": 5.0}]"
delayed_track_sharing,272,54.4,2,82.157,79.76,86.0,90.0,50.0,50.0,,,position_noise+confidence_error,,trust_weighted_fusion,move,3,0,10.938,6.47,38.814,uav_1,6.47,False,False,False,False,False,1,"[{""id"": ""obstacle_0"", ""kind"": ""static_obstacle"", ""x"": 50.0, ""y"": 50.0, ""radius"": 5.0}]"
delayed_track_sharing,272,54.4,3,89.002,84.125,90.0,86.0,50.0,50.0,,,false_negative+position_noise+confidence_error,,trust_weighted_fusion,move,1,0,2.124,8.119,46.823,uav_2,8.119,False,False,False,False,False,1,"[{""id"": ""obstacle_0"", ""kind"": ""static_obstacle"", ""x"": 50.0, ""y"": 50.0, ""radius"": 5.0}]"
delayed_track_sharing,273,54.6,0,81.772,67.397,94.0,90.0,50.0,50.0,,,position_noise+confidence_error,,trust_weighted_fusion,move,2,0,25.699,6.108,31.223,uav_1,6.108,False,False,False,False,False,1,"[{""id"": ""obstacle_0"", ""kind"": ""static_obstacle"", ""x"": 50.0, ""y"": 50.0, ""radius"": 5.0}]"
delayed_track_sharing,273,54.6,1,80.247,73.311,90.0,94.0,50.0,50.0,,,position_noise+confidence_error,,trust_weighted_fusion,avoidance,3,0,22.872,6.108,33.188,uav_0,6.108,False,False,False,False,False,1,"[{""id"": ""obstacle_0"", ""kind"": ""static_obstacle"", ""x"": 50.0, ""y"": 50.0, ""radius"": 5.0}]"
delayed_track_sharing,273,54.6,2,82.297,80.134,86.0,90.0,50.0,50.0,,,false_negative+position_noise+confidence_error,,trust_weighted_fusion,move,1,0,10.538,7.124,39.172,uav_1,7.124,False,False,False,False,False,1,"[{""id"": ""obstacle_0"", ""kind"": ""static_obstacle"", ""x"": 50.0, ""y"": 50.0, ""radius"": 5.0}]"
delayed_track_sharing,273,54.6,3,89.19,84.478,90.0,86.0,50.0,50.0,,,position_noise+confidence_error,,trust_weighted_fusion,move,2,0,1.724,8.147,47.197,uav_2,8.147,False,False,False,False,True,1,"[{""id"": ""obstacle_0"", ""kind"": ""static_obstacle"", ""x"": 50.0, ""y"": 50.0, ""radius"": 5.0}]"
delayed_track_sharing,274,54.8,0,81.962,67.749,94.0,90.0,50.0,50.0,,,false_negative+confidence_error,,trust_weighted_fusion,move,0,0,25.299,6.123,31.56,uav_1,6.123,False,False,False,False,False,1,"[{""id"": ""obstacle_0"", ""kind"": ""static_obstacle"", ""x"": 50.0, ""y"": 50.0, ""radius"": 5.0}]"
delayed_track_sharing,274,54.8,1,80.417,73.673,90.0,94.0,50.0,50.0,,,position_noise+confidence_error,,trust_weighted_fusion,move,3,0,22.472,6.123,33.544,uav_0,6.123,False,False,False,False,False,1,"[{""id"": ""obstacle_0"", ""kind"": ""static_obstacle"", ""x"": 50.0, ""y"": 50.0, ""radius"": 5.0}]"
delayed_track_sharing,274,54.8,2,82.438,80.509,86.0,90.0,50.0,50.0,,,false_negative+position_noise+confidence_error,,trust_weighted_fusion,move,2,0,10.138,7.128,39.531,uav_1,7.128,False,False,False,False,False,1,"[{""id"": ""obstacle_0"", ""kind"": ""static_obstacle"", ""x"": 50.0, ""y"": 50.0, ""radius"": 5.0}]"
delayed_track_sharing,274,54.8,3,89.19,84.478,90.0,86.0,50.0,50.0,,,none,,trust_weighted_fusion,at_goal,0,0,1.724,7.832,47.197,uav_2,7.832,False,False,False,False,True,1,"[{""id"": ""obstacle_0"", ""kind"": ""static_obstacle"", ""x"": 50.0, ""y"": 50.0, ""radius"": 5.0}]"
delayed_track_sharing,275,55.0,0,82.153,68.101,94.0,90.0,50.0,50.0,,,false_negative+position_noise+confidence_error,,trust_weighted_fusion,move,1,0,24.899,6.235,31.897,uav_1,6.235,False,False,False,False,False,1,"[{""id"": ""obstacle_0"", ""kind"": ""static_obstacle"", ""x"": 50.0, ""y"": 50.0, ""radius"": 5.0}]"
delayed_track_sharing,275,55.0,1,80.337,74.065,90.0,94.0,50.0,50.0,,,position_noise+confidence_error,,trust_weighted_fusion,avoidance,3,0,22.154,6.235,33.723,uav_0,6.235,False,False,False,False,False,1,"[{""id"": ""obstacle_0"", ""kind"": ""static_obstacle"", ""x"": 50.0, ""y"": 50.0, ""radius"": 5.0}]"
delayed_track_sharing,275,55.0,2,82.578,80.883,86.0,90.0,50.0,50.0,,,false_negative+position_noise+confidence_error,,trust_weighted_fusion,move,2,0,9.738,7.177,39.89,uav_1,7.177,False,False,False,False,False,1,"[{""id"": ""obstacle_0"", ""kind"": ""static_obstacle"", ""x"": 50.0, ""y"": 50.0, ""radius"": 5.0}]"
delayed_track_sharing,275,55.0,3,89.19,84.478,90.0,86.0,50.0,50.0,,,none,,trust_weighted_fusion,at_goal,0,0,1.724,7.526,47.197,uav_2,7.526,False,False,False,False,True,1,"[{""id"": ""obstacle_0"", ""kind"": ""static_obstacle"", ""x"": 50.0, ""y"": 50.0, ""radius"": 5.0}]"
delayed_track_sharing,276,55.2,0,82.343,68.452,94.0,90.0,50.0,50.0,,,position_noise+confidence_error,,trust_weighted_fusion,move,2,0,24.499,6.247,32.236,uav_1,6.247,False,False,False,False,False,1,"[{""id"": ""obstacle_0"", ""kind"": ""static_obstacle"", ""x"": 50.0, ""y"": 50.0, ""radius"": 5.0}]"
delayed_track_sharing,276,55.2,1,80.511,74.425,90.0,94.0,50.0,50.0,,,position_noise+confidence_error,,trust_weighted_fusion,move,3,0,21.754,6.247,34.083,uav_0,6.247,False,False,False,False,False,1,"[{""id"": ""obstacle_0"", ""kind"": ""static_obstacle"", ""x"": 50.0, ""y"": 50.0, ""radius"": 5.0}]"
delayed_track_sharing,276,55.2,2,82.719,81.258,86.0,90.0,50.0,50.0,,,false_negative+position_noise+confidence_error,,trust_weighted_fusion,move,2,0,9.338,7.181,40.25,uav_1,7.181,False,False,False,False,False,1,"[{""id"": ""obstacle_0"", ""kind"": ""static_obstacle"", ""x"": 50.0, ""y"": 50.0, ""radius"": 5.0}]"
delayed_track_sharing,276,55.2,3,89.19,84.478,90.0,86.0,50.0,50.0,,,none,,trust_weighted_fusion,at_goal,0,0,1.724,7.228,47.197,uav_2,7.228,False,False,False,False,True,1,"[{""id"": ""obstacle_0"", ""kind"": ""static_obstacle"", ""x"": 50.0, ""y"": 50.0, ""radius"": 5.0}]"
delayed_track_sharing,277,55.4,0,82.533,68.804,94.0,90.0,50.0,50.0,,,position_noise+confidence_error,,trust_weighted_fusion,move,2,0,24.099,6.26,32.577,uav_1,6.26,False,False,False,False,False,1,"[{""id"": ""obstacle_0"", ""kind"": ""static_obstacle"", ""x"": 50.0, ""y"": 50.0, ""radius"": 5.0}]"
delayed_track_sharing,277,55.4,1,80.686,74.785,90.0,94.0,50.0,50.0,,,false_negative+position_noise+confidence_error,,trust_weighted_fusion,move,2,0,21.354,6.26,34.445,uav_0,6.26,False,False,False,False,False,1,"[{""id"": ""obstacle_0"", ""kind"": ""static_obstacle"", ""x"": 50.0, ""y"": 50.0, ""radius"": 5.0}]"
delayed_track_sharing,277,55.4,2,82.859,81.632,86.0,90.0,50.0,50.0,,,position_noise+confidence_error,,trust_weighted_fusion,move,3,0,8.938,6.941,40.611,uav_3,6.941,False,False,False,False,False,1,"[{""id"": ""obstacle_0"", ""kind"": ""static_obstacle"", ""x"": 50.0, ""y"": 50.0, ""radius"": 5.0}]"
delayed_track_sharing,277,55.4,3,89.19,84.478,90.0,86.0,50.0,50.0,,,none,,trust_weighted_fusion,at_goal,0,0,1.724,6.941,47.197,uav_2,6.941,False,False,False,False,True,1,"[{""id"": ""obstacle_0"", ""kind"": ""static_obstacle"", ""x"": 50.0, ""y"": 50.0, ""radius"": 5.0}]"
delayed_track_sharing,278,55.6,0,82.724,69.156,94.0,90.0,50.0,50.0,,,position_noise+confidence_error,,trust_weighted_fusion,move,2,0,23.699,6.272,32.918,uav_1,6.272,False,False,False,False,False,1,"[{""id"": ""obstacle_0"", ""kind"": ""static_obstacle"", ""x"": 50.0, ""y"": 50.0, ""radius"": 5.0}]"
delayed_track_sharing,278,55.6,1,80.86,75.145,90.0,94.0,50.0,50.0,,,position_noise+confidence_error,,trust_weighted_fusion,move,3,0,20.954,6.272,34.807,uav_0,6.272,False,False,False,False,False,1,"[{""id"": ""obstacle_0"", ""kind"": ""static_obstacle"", ""x"": 50.0, ""y"": 50.0, ""radius"": 5.0}]"
delayed_track_sharing,278,55.6,2,83.0,82.007,86.0,90.0,50.0,50.0,,,position_noise+confidence_error,,trust_weighted_fusion,move,3,0,8.538,6.665,40.972,uav_3,6.665,False,False,False,False,False,1,"[{""id"": ""obstacle_0"", ""kind"": ""static_obstacle"", ""x"": 50.0, ""y"": 50.0, ""radius"": 5.0}]"
delayed_track_sharing,278,55.6,3,89.19,84.478,90.0,86.0,50.0,50.0,,,none,,trust_weighted_fusion,at_goal,0,0,1.724,6.665,47.197,uav_2,6.665,False,False,False,False,True,1,"[{""id"": ""obstacle_0"", ""kind"": ""static_obstacle"", ""x"": 50.0, ""y"": 50.0, ""radius"": 5.0}]"
delayed_track_sharing,279,55.8,0,82.914,69.508,94.0,90.0,50.0,50.0,,,false_negative+position_noise+confidence_error,,trust_weighted_fusion,move,1,0,23.299,6.285,33.261,uav_1,6.285,False,False,False,False,False,1,"[{""id"": ""obstacle_0"", ""kind"": ""static_obstacle"", ""x"": 50.0, ""y"": 50.0, ""radius"": 5.0}]"
delayed_track_sharing,279,55.8,1,81.035,75.505,90.0,94.0,50.0,50.0,,,position_noise+confidence_error,,trust_weighted_fusion,move,3,0,20.554,6.285,35.17,uav_0,6.285,False,False,False,False,False,1,"[{""id"": ""obstacle_0"", ""kind"": ""static_obstacle"", ""x"": 50.0, ""y"": 50.0, ""radius"": 5.0}]"
delayed_track_sharing,279,55.8,2,83.141,82.381,86.0,90.0,50.0,50.0,,,false_negative+position_noise+confidence_error,,trust_weighted_fusion,move,2,0,8.138,6.402,41.334,uav_3,6.402,False,False,False,False,False,1,"[{""id"": ""obstacle_0"", ""kind"": ""static_obstacle"", ""x"": 50.0, ""y"": 50.0, ""radius"": 5.0}]"
delayed_track_sharing,279,55.8,3,89.19,84.478,90.0,86.0,50.0,50.0,,,none,,trust_weighted_fusion,at_goal,0,0,1.724,6.402,47.197,uav_2,6.402,False,False,False,False,True,1,"[{""id"": ""obstacle_0"", ""kind"": ""static_obstacle"", ""x"": 50.0, ""y"": 50.0, ""radius"": 5.0}]"
delayed_track_sharing,280,56.0,0,83.104,69.86,94.0,90.0,50.0,50.0,,,position_noise+confidence_error,,trust_weighted_fusion,move,2,0,22.899,6.297,33.604,uav_1,6.297,False,False,False,False,False,1,"[{""id"": ""obstacle_0"", ""kind"": ""static_obstacle"", ""x"": 50.0, ""y"": 50.0, ""radius"": 5.0}]"
delayed_track_sharing,280,56.0,1,81.209,75.865,90.0,94.0,50.0,50.0,,,false_negative+position_noise+confidence_error,,trust_weighted_fusion,move,2,0,20.154,6.297,35.534,uav_0,6.297,False,False,False,False,False,1,"[{""id"": ""obstacle_0"", ""kind"": ""static_obstacle"", ""x"": 50.0, ""y"": 50.0, ""radius"": 5.0}]"
delayed_track_sharing,280,56.0,2,83.281,82.756,86.0,90.0,50.0,50.0,,,false_negative+position_noise+confidence_error,,trust_weighted_fusion,move,2,0,7.738,6.155,41.697,uav_3,6.155,False,False,False,False,False,1,"[{""id"": ""obstacle_0"", ""kind"": ""static_obstacle"", ""x"": 50.0, ""y"": 50.0, ""radius"": 5.0}]"
delayed_track_sharing,280,56.0,3,89.19,84.478,90.0,86.0,50.0,50.0,,,none,,trust_weighted_fusion,at_goal,0,0,1.724,6.155,47.197,uav_2,6.155,False,False,False,False,True,1,"[{""id"": ""obstacle_0"", ""kind"": ""static_obstacle"", ""x"": 50.0, ""y"": 50.0, ""radius"": 5.0}]"
delayed_track_sharing,281,56.2,0,83.295,70.211,94.0,90.0,50.0,50.0,,,position_noise+confidence_error,,trust_weighted_fusion,move,2,0,22.499,6.31,33.949,uav_1,6.31,False,False,False,False,False,1,"[{""id"": ""obstacle_0"", ""kind"": ""static_obstacle"", ""x"": 50.0, ""y"": 50.0, ""radius"": 5.0}]"
delayed_track_sharing,281,56.2,1,81.384,76.225,90.0,94.0,50.0,50.0,,,position_noise+confidence_error,,trust_weighted_fusion,move,3,0,19.754,6.31,35.898,uav_0,6.31,False,False,False,False,False,1,"[{""id"": ""obstacle_0"", ""kind"": ""static_obstacle"", ""x"": 50.0, ""y"": 50.0, ""radius"": 5.0}]"
delayed_track_sharing,281,56.2,2,83.422,83.13,86.0,90.0,50.0,50.0,,,false_negative+position_noise+confidence_error,,trust_weighted_fusion,move,2,0,7.338,5.924,42.06,uav_3,5.924,False,False,False,False,False,1,"[{""id"": ""obstacle_0"", ""kind"": ""static_obstacle"", ""x"": 50.0, ""y"": 50.0, ""radius"": 5.0}]"
delayed_track_sharing,281,56.2,3,89.19,84.478,90.0,86.0,50.0,50.0,,,none,,trust_weighted_fusion,at_goal,0,0,1.724,5.924,47.197,uav_2,5.924,False,False,False,False,True,1,"[{""id"": ""obstacle_0"", ""kind"": ""static_obstacle"", ""x"": 50.0, ""y"": 50.0, ""radius"": 5.0}]"
delayed_track_sharing,282,56.4,0,83.485,70.563,94.0,90.0,50.0,50.0,,,false_negative+position_noise+confidence_error,,trust_weighted_fusion,move,1,0,22.099,6.322,34.295,uav_1,6.322,False,False,False,False,False,1,"[{""id"": ""obstacle_0"", ""kind"": ""static_obstacle"", ""x"": 50.0, ""y"": 50.0, ""radius"": 5.0}]"
delayed_track_sharing,282,56.4,1,81.558,76.585,90.0,94.0,50.0,50.0,,,position_noise+confidence_error,,trust_weighted_fusion,move,3,0,19.354,6.322,36.263,uav_0,6.322,False,False,False,False,False,1,"[{""id"": ""obstacle_0"", ""kind"": ""static_obstacle"", ""x"": 50.0, ""y"": 50.0, ""radius"": 5.0}]"
delayed_track_sharing,282,56.4,2,83.562,83.505,86.0,90.0,50.0,50.0,,,position_noise+confidence_error,,trust_weighted_fusion,move,3,0,6.938,5.711,42.424,uav_3,5.711,False,False,False,False,False,1,"[{""id"": ""obstacle_0"", ""kind"": ""static_obstacle"", ""x"": 50.0, ""y"": 50.0, ""radius"": 5.0}]"
delayed_track_sharing,282,56.4,3,89.19,84.478,90.0,86.0,50.0,50.0,,,none,,trust_weighted_fusion,at_goal,0,0,1.724,5.711,47.197,uav_2,5.711,False,False,False,False,True,1,"[{""id"": ""obstacle_0"", ""kind"": ""static_obstacle"", ""x"": 50.0, ""y"": 50.0, ""radius"": 5.0}]"
delayed_track_sharing,283,56.6,0,83.675,70.915,94.0,90.0,50.0,50.0,,,false_negative+position_noise+confidence_error,,trust_weighted_fusion,move,1,0,21.699,6.335,34.642,uav_1,6.335,False,False,False,False,False,1,"[{""id"": ""obstacle_0"", ""kind"": ""static_obstacle"", ""x"": 50.0, ""y"": 50.0, ""radius"": 5.0}]"
delayed_track_sharing,283,56.6,1,81.733,76.945,90.0,94.0,50.0,50.0,,,false_negative+position_noise+confidence_error,,trust_weighted_fusion,move,1,0,18.954,6.335,36.629,uav_0,6.335,False,False,False,False,False,1,"[{""id"": ""obstacle_0"", ""kind"": ""static_obstacle"", ""x"": 50.0, ""y"": 50.0, ""radius"": 5.0}]"
delayed_track_sharing,283,56.6,2,83.703,83.879,86.0,90.0,50.0,50.0,,,position_noise+confidence_error,,trust_weighted_fusion,move,3,0,6.538,5.52,42.788,uav_3,5.52,False,False,False,False,False,1,"[{""id"": ""obstacle_0"", ""kind"": ""static_obstacle"", ""x"": 50.0, ""y"": 50.0, ""radius"": 5.0}]"
delayed_track_sharing,283,56.6,3,89.19,84.478,90.0,86.0,50.0,50.0,,,none,,trust_weighted_fusion,at_goal,0,0,1.724,5.52,47.197,uav_2,5.52,False,False,False,False,True,1,"[{""id"": ""obstacle_0"", ""kind"": ""static_obstacle"", ""x"": 50.0, ""y"": 50.0, ""radius"": 5.0}]"
delayed_track_sharing,284,56.8,0,83.866,71.267,94.0,90.0,50.0,50.0,,,false_negative+position_noise+confidence_error,,trust_weighted_fusion,move,2,0,21.299,6.347,34.989,uav_1,6.347,False,False,False,False,False,1,"[{""id"": ""obstacle_0"", ""kind"": ""static_obstacle"", ""x"": 50.0, ""y"": 50.0, ""radius"": 5.0}]"
delayed_track_sharing,284,56.8,1,81.907,77.305,90.0,94.0,50.0,50.0,,,position_noise+confidence_error,,trust_weighted_fusion,move,3,0,18.554,6.347,36.995,uav_0,6.347,False,False,False,False,False,1,"[{""id"": ""obstacle_0"", ""kind"": ""static_obstacle"", ""x"": 50.0, ""y"": 50.0, ""radius"": 5.0}]"
delayed_track_sharing,284,56.8,2,83.843,84.254,86.0,90.0,50.0,50.0,,,false_negative+position_noise+confidence_error,,trust_weighted_fusion,move,1,0,6.138,5.351,43.153,uav_3,5.351,False,False,False,False,False,1,"[{""id"": ""obstacle_0"", ""kind"": ""static_obstacle"", ""x"": 50.0, ""y"": 50.0, ""radius"": 5.0}]"
delayed_track_sharing,284,56.8,3,89.19,84.478,90.0,86.0,50.0,50.0,,,none,,trust_weighted_fusion,at_goal,0,0,1.724,5.351,47.197,uav_2,5.351,False,False,False,False,True,1,"[{""id"": ""obstacle_0"", ""kind"": ""static_obstacle"", ""x"": 50.0, ""y"": 50.0, ""radius"": 5.0}]"
delayed_track_sharing,285,57.0,0,84.056,71.619,94.0,90.0,50.0,50.0,,,position_noise+confidence_error,,trust_weighted_fusion,move,3,0,20.899,6.36,35.338,uav_1,6.36,False,False,False,False,False,1,"[{""id"": ""obstacle_0"", ""kind"": ""static_obstacle"", ""x"": 50.0, ""y"": 50.0, ""radius"": 5.0}]"
delayed_track_sharing,285,57.0,1,82.081,77.664,90.0,94.0,50.0,50.0,,,false_negative+position_noise+confidence_error,,trust_weighted_fusion,move,2,0,18.154,6.36,37.362,uav_0,6.36,False,False,False,False,False,1,"[{""id"": ""obstacle_0"", ""kind"": ""static_obstacle"", ""x"": 50.0, ""y"": 50.0, ""radius"": 5.0}]"
delayed_track_sharing,285,57.0,2,83.984,84.628,86.0,90.0,50.0,50.0,,,false_negative+position_noise+confidence_error,,trust_weighted_fusion,move,1,0,5.738,5.208,43.518,uav_3,5.208,False,False,False,False,False,1,"[{""id"": ""obstacle_0"", ""kind"": ""static_obstacle"", ""x"": 50.0, ""y"": 50.0, ""radius"": 5.0}]"
delayed_track_sharing,285,57.0,3,89.19,84.478,90.0,86.0,50.0,50.0,,,none,,trust_weighted_fusion,at_goal,0,0,1.724,5.208,47.197,uav_2,5.208,False,False,False,False,True,1,"[{""id"": ""obstacle_0"", ""kind"": ""static_obstacle"", ""x"": 50.0, ""y"": 50.0, ""radius"": 5.0}]"
delayed_track_sharing,286,57.2,0,84.246,71.971,94.0,90.0,50.0,50.0,,,false_negative+position_noise+confidence_error,,trust_weighted_fusion,move,2,0,20.499,6.373,35.688,uav_1,6.373,False,False,False,False,False,1,"[{""id"": ""obstacle_0"", ""kind"": ""static_obstacle"", ""x"": 50.0, ""y"": 50.0, ""radius"": 5.0}]"
delayed_track_sharing,286,57.2,1,82.256,78.024,90.0,94.0,50.0,50.0,,,position_noise+confidence_error,,trust_weighted_fusion,move,3,0,17.754,6.373,37.73,uav_0,6.373,False,False,False,False,False,1,"[{""id"": ""obstacle_0"", ""kind"": ""static_obstacle"", ""x"": 50.0, ""y"": 50.0, ""radius"": 5.0}]"
delayed_track_sharing,286,57.2,2,84.124,85.003,86.0,90.0,50.0,50.0,,,position_noise+confidence_error,,trust_weighted_fusion,move,3,0,5.338,5.093,43.884,uav_3,5.093,False,False,False,False,False,1,"[{""id"": ""obstacle_0"", ""kind"": ""static_obstacle"", ""x"": 50.0, ""y"": 50.0, ""radius"": 5.0}]"
delayed_track_sharing,286,57.2,3,89.19,84.478,90.0,86.0,50.0,50.0,,,none,,trust_weighted_fusion,at_goal,0,0,1.724,5.093,47.197,uav_2,5.093,False,False,False,False,True,1,"[{""id"": ""obstacle_0"", ""kind"": ""static_obstacle"", ""x"": 50.0, ""y"": 50.0, ""radius"": 5.0}]"
delayed_track_sharing,287,57.4,0,84.437,72.322,94.0,90.0,50.0,50.0,,,false_negative+position_noise+confidence_error,,trust_weighted_fusion,move,2,0,20.099,6.385,36.039,uav_1,6.385,False,False,False,False,False,1,"[{""id"": ""obstacle_0"", ""kind"": ""static_obstacle"", ""x"": 50.0, ""y"": 50.0, ""radius"": 5.0}]"
delayed_track_sharing,287,57.4,1,82.43,78.384,90.0,94.0,50.0,50.0,,,false_negative+position_noise+confidence_error,,trust_weighted_fusion,move,1,0,17.354,6.385,38.098,uav_0,6.385,False,False,False,False,False,1,"[{""id"": ""obstacle_0"", ""kind"": ""static_obstacle"", ""x"": 50.0, ""y"": 50.0, ""radius"": 5.0}]"
delayed_track_sharing,287,57.4,2,84.265,85.377,86.0,90.0,50.0,50.0,,,false_negative+position_noise+confidence_error,,trust_weighted_fusion,move,2,0,4.938,5.006,44.251,uav_3,5.006,False,False,False,False,False,1,"[{""id"": ""obstacle_0"", ""kind"": ""static_obstacle"", ""x"": 50.0, ""y"": 50.0, ""radius"": 5.0}]"
delayed_track_sharing,287,57.4,3,89.19,84.478,90.0,86.0,50.0,50.0,,,none,,trust_weighted_fusion,at_goal,0,0,1.724,5.006,47.197,uav_2,5.006,False,False,False,False,True,1,"[{""id"": ""obstacle_0"", ""kind"": ""static_obstacle"", ""x"": 50.0, ""y"": 50.0, ""radius"": 5.0}]"
delayed_track_sharing,288,57.6,0,84.627,72.674,94.0,90.0,50.0,50.0,,,position_noise+confidence_error,,trust_weighted_fusion,move,3,0,19.699,6.398,36.39,uav_1,6.398,False,False,False,False,False,1,"[{""id"": ""obstacle_0"", ""kind"": ""static_obstacle"", ""x"": 50.0, ""y"": 50.0, ""radius"": 5.0}]"
delayed_track_sharing,288,57.6,1,82.605,78.744,90.0,94.0,50.0,50.0,,,false_negative+position_noise+confidence_error,,trust_weighted_fusion,move,2,0,16.954,6.398,38.466,uav_0,6.398,False,False,False,False,False,1,"[{""id"": ""obstacle_0"", ""kind"": ""static_obstacle"", ""x"": 50.0, ""y"": 50.0, ""radius"": 5.0}]"
delayed_track_sharing,288,57.6,2,84.406,85.752,86.0,90.0,50.0,50.0,,,position_noise+confidence_error,,trust_weighted_fusion,move,3,0,4.538,4.951,44.618,uav_3,4.951,False,False,False,False,False,1,"[{""id"": ""obstacle_0"", ""kind"": ""static_obstacle"", ""x"": 50.0, ""y"": 50.0, ""radius"": 5.0}]"
delayed_track_sharing,288,57.6,3,89.19,84.478,90.0,86.0,50.0,50.0,,,none,,trust_weighted_fusion,at_goal,0,0,1.724,4.951,47.197,uav_2,4.951,False,False,False,False,True,1,"[{""id"": ""obstacle_0"", ""kind"": ""static_obstacle"", ""x"": 50.0, ""y"": 50.0, ""radius"": 5.0}]"
delayed_track_sharing,289,57.8,0,84.817,73.026,94.0,90.0,50.0,50.0,,,position_noise+confidence_error,,trust_weighted_fusion,move,3,0,19.299,6.411,36.742,uav_1,6.411,False,False,False,False,False,1,"[{""id"": ""obstacle_0"", ""kind"": ""static_obstacle"", ""x"": 50.0, ""y"": 50.0, ""radius"": 5.0}]"
delayed_track_sharing,289,57.8,1,82.779,79.104,90.0,94.0,50.0,50.0,,,false_negative+position_noise+confidence_error,,trust_weighted_fusion,move,2,0,16.554,6.411,38.835,uav_0,6.411,False,False,False,False,False,1,"[{""id"": ""obstacle_0"", ""kind"": ""static_obstacle"", ""x"": 50.0, ""y"": 50.0, ""radius"": 5.0}]"
delayed_track_sharing,289,57.8,2,84.546,86.126,86.0,90.0,50.0,50.0,,,false_negative+position_noise+confidence_error,,trust_weighted_fusion,move,2,0,4.138,4.928,44.985,uav_3,4.928,False,False,False,False,False,1,"[{""id"": ""obstacle_0"", ""kind"": ""static_obstacle"", ""x"": 50.0, ""y"": 50.0, ""radius"": 5.0}]"
delayed_track_sharing,289,57.8,3,89.19,84.478,90.0,86.0,50.0,50.0,,,none,,trust_weighted_fusion,at_goal,0,0,1.724,4.928,47.197,uav_2,4.928,False,False,False,False,True,1,"[{""id"": ""obstacle_0"", ""kind"": ""static_obstacle"", ""x"": 50.0, ""y"": 50.0, ""radius"": 5.0}]"
delayed_track_sharing,290,58.0,0,85.008,73.378,94.0,90.0,50.0,50.0,,,position_noise+confidence_error,,trust_weighted_fusion,move,3,0,18.899,6.423,37.096,uav_1,6.423,False,False,False,False,False,1,"[{""id"": ""obstacle_0"", ""kind"": ""static_obstacle"", ""x"": 50.0, ""y"": 50.0, ""radius"": 5.0}]"
delayed_track_sharing,290,58.0,1,82.954,79.464,90.0,94.0,50.0,50.0,,,position_noise+confidence_error,,trust_weighted_fusion,move,3,0,16.154,6.423,39.205,uav_0,6.423,False,False,False,False,False,1,"[{""id"": ""obstacle_0"", ""kind"": ""static_obstacle"", ""x"": 50.0, ""y"": 50.0, ""radius"": 5.0}]"
delayed_track_sharing,290,58.0,2,84.687,86.501,86.0,90.0,50.0,50.0,,,false_negative+position_noise+confidence_error,,trust_weighted_fusion,move,2,0,3.738,4.937,45.353,uav_3,4.937,False,False,False,False,False,1,"[{""id"": ""obstacle_0"", ""kind"": ""static_obstacle"", ""x"": 50.0, ""y"": 50.0, ""radius"": 5.0}]"
delayed_track_sharing,290,58.0,3,89.19,84.478,90.0,86.0,50.0,50.0,,,none,,trust_weighted_fusion,at_goal,0,0,1.724,4.937,47.197,uav_2,4.937,False,False,False,False,True,1,"[{""id"": ""obstacle_0"", ""kind"": ""static_obstacle"", ""x"": 50.0, ""y"": 50.0, ""radius"": 5.0}]"
delayed_track_sharing,291,58.2,0,85.198,73.73,94.0,90.0,50.0,50.0,,,position_noise+confidence_error,,trust_weighted_fusion,move,3,0,18.499,6.436,37.45,uav_1,6.436,False,False,False,False,False,1,"[{""id"": ""obstacle_0"", ""kind"": ""static_obstacle"", ""x"": 50.0, ""y"": 50.0, ""radius"": 5.0}]"
delayed_track_sharing,291,58.2,1,83.128,79.824,90.0,94.0,50.0,50.0,,,false_negative+position_noise+confidence_error,,trust_weighted_fusion,move,2,0,15.754,6.436,39.575,uav_0,6.436,False,False,False,False,False,1,"[{""id"": ""obstacle_0"", ""kind"": ""static_obstacle"", ""x"": 50.0, ""y"": 50.0, ""radius"": 5.0}]"
delayed_track_sharing,291,58.2,2,84.827,86.875,86.0,90.0,50.0,50.0,,,position_noise+confidence_error,,trust_weighted_fusion,move,3,0,3.338,4.978,45.722,uav_3,4.978,False,False,False,False,False,1,"[{""id"": ""obstacle_0"", ""kind"": ""static_obstacle"", ""x"": 50.0, ""y"": 50.0, ""radius"": 5.0}]"
delayed_track_sharing,291,58.2,3,89.19,84.478,90.0,86.0,50.0,50.0,,,none,,trust_weighted_fusion,at_goal,0,0,1.724,4.978,47.197,uav_2,4.978,False,False,False,False,True,1,"[{""id"": ""obstacle_0"", ""kind"": ""static_obstacle"", ""x"": 50.0, ""y"": 50.0, ""radius"": 5.0}]"
delayed_track_sharing,292,58.4,0,85.388,74.081,94.0,90.0,50.0,50.0,,,false_negative+confidence_error,,trust_weighted_fusion,move,0,0,18.099,6.449,37.805,uav_1,6.449,False,False,False,False,False,1,"[{""id"": ""obstacle_0"", ""kind"": ""static_obstacle"", ""x"": 50.0, ""y"": 50.0, ""radius"": 5.0}]"
delayed_track_sharing,292,58.4,1,83.303,80.184,90.0,94.0,50.0,50.0,,,position_noise+confidence_error,,trust_weighted_fusion,move,3,0,15.354,6.449,39.946,uav_0,6.449,False,False,False,False,False,1,"[{""id"": ""obstacle_0"", ""kind"": ""static_obstacle"", ""x"": 50.0, ""y"": 50.0, ""radius"": 5.0}]"
delayed_track_sharing,292,58.4,2,84.968,87.25,86.0,90.0,50.0,50.0,,,false_negative+position_noise+confidence_error,,trust_weighted_fusion,move,2,0,2.938,5.051,46.091,uav_3,5.051,False,False,False,False,False,1,"[{""id"": ""obstacle_0"", ""kind"": ""static_obstacle"", ""x"": 50.0, ""y"": 50.0, ""radius"": 5.0}]"
delayed_track_sharing,292,58.4,3,89.19,84.478,90.0,86.0,50.0,50.0,,,none,,trust_weighted_fusion,at_goal,0,0,1.724,5.051,47.197,uav_2,5.051,False,False,False,False,True,1,"[{""id"": ""obstacle_0"", ""kind"": ""static_obstacle"", ""x"": 50.0, ""y"": 50.0, ""radius"": 5.0}]"
delayed_track_sharing,293,58.6,0,85.579,74.433,94.0,90.0,50.0,50.0,,,position_noise+confidence_error,,trust_weighted_fusion,move,3,0,17.699,6.462,38.16,uav_1,6.462,False,False,False,False,False,1,"[{""id"": ""obstacle_0"", ""kind"": ""static_obstacle"", ""x"": 50.0, ""y"": 50.0, ""radius"": 5.0}]"
delayed_track_sharing,293,58.6,1,83.477,80.544,90.0,94.0,50.0,50.0,,,false_negative+position_noise+confidence_error,,trust_weighted_fusion,move,2,0,14.954,6.462,40.317,uav_0,6.462,False,False,False,False,False,1,"[{""id"": ""obstacle_0"", ""kind"": ""static_obstacle"", ""x"": 50.0, ""y"": 50.0, ""radius"": 5.0}]"
delayed_track_sharing,293,58.6,2,85.108,87.624,86.0,90.0,50.0,50.0,,,position_noise+confidence_error,,trust_weighted_fusion,move,3,0,2.538,5.153,46.46,uav_3,5.153,False,False,False,False,False,1,"[{""id"": ""obstacle_0"", ""kind"": ""static_obstacle"", ""x"": 50.0, ""y"": 50.0, ""radius"": 5.0}]"
delayed_track_sharing,293,58.6,3,89.19,84.478,90.0,86.0,50.0,50.0,,,none,,trust_weighted_fusion,at_goal,0,0,1.724,5.153,47.197,uav_2,5.153,False,False,False,False,True,1,"[{""id"": ""obstacle_0"", ""kind"": ""static_obstacle"", ""x"": 50.0, ""y"": 50.0, ""radius"": 5.0}]"
delayed_track_sharing,294,58.8,0,85.769,74.785,94.0,90.0,50.0,50.0,,,position_noise+confidence_error,,trust_weighted_fusion,move,3,0,17.299,6.475,38.517,uav_1,6.475,False,False,False,False,False,1,"[{""id"": ""obstacle_0"", ""kind"": ""static_obstacle"", ""x"": 50.0, ""y"": 50.0, ""radius"": 5.0}]"
delayed_track_sharing,294,58.8,1,83.652,80.904,90.0,94.0,50.0,50.0,,,false_negative+confidence_error,,trust_weighted_fusion,move,0,0,14.554,6.475,40.689,uav_0,6.475,False,False,False,False,False,1,"[{""id"": ""obstacle_0"", ""kind"": ""static_obstacle"", ""x"": 50.0, ""y"": 50.0, ""radius"": 5.0}]"
delayed_track_sharing,294,58.8,2,85.249,87.999,86.0,90.0,50.0,50.0,,,false_negative+position_noise+confidence_error,,trust_weighted_fusion,move,2,0,2.138,5.285,46.83,uav_3,5.285,False,False,False,False,False,1,"[{""id"": ""obstacle_0"", ""kind"": ""static_obstacle"", ""x"": 50.0, ""y"": 50.0, ""radius"": 5.0}]"
delayed_track_sharing,294,58.8,3,89.19,84.478,90.0,86.0,50.0,50.0,,,none,,trust_weighted_fusion,at_goal,0,0,1.724,5.285,47.197,uav_2,5.285,False,False,False,False,True,1,"[{""id"": ""obstacle_0"", ""kind"": ""static_obstacle"", ""x"": 50.0, ""y"": 50.0, ""radius"": 5.0}]"
delayed_track_sharing,295,59.0,0,85.959,75.137,94.0,90.0,50.0,50.0,,,position_noise+confidence_error,,trust_weighted_fusion,move,3,0,16.899,6.488,38.874,uav_1,6.488,False,False,False,False,False,1,"[{""id"": ""obstacle_0"", ""kind"": ""static_obstacle"", ""x"": 50.0, ""y"": 50.0, ""radius"": 5.0}]"
delayed_track_sharing,295,59.0,1,83.826,81.264,90.0,94.0,50.0,50.0,,,position_noise+confidence_error,,trust_weighted_fusion,move,3,0,14.154,6.253,41.061,uav_3,6.253,False,False,False,False,False,1,"[{""id"": ""obstacle_0"", ""kind"": ""static_obstacle"", ""x"": 50.0, ""y"": 50.0, ""radius"": 5.0}]"
delayed_track_sharing,295,59.0,2,85.389,88.373,86.0,90.0,50.0,50.0,,,false_negative+position_noise+confidence_error,,trust_weighted_fusion,move,1,0,1.738,5.442,47.201,uav_3,5.442,False,False,False,False,True,1,"[{""id"": ""obstacle_0"", ""kind"": ""static_obstacle"", ""x"": 50.0, ""y"": 50.0, ""radius"": 5.0}]"
delayed_track_sharing,295,59.0,3,89.19,84.478,90.0,86.0,50.0,50.0,,,none,,trust_weighted_fusion,at_goal,0,0,1.724,5.442,47.197,uav_2,5.442,False,False,False,False,True,1,"[{""id"": ""obstacle_0"", ""kind"": ""static_obstacle"", ""x"": 50.0, ""y"": 50.0, ""radius"": 5.0}]"
delayed_track_sharing,296,59.2,0,86.15,75.489,94.0,90.0,50.0,50.0,,,false_negative+position_noise+confidence_error,,trust_weighted_fusion,move,2,0,16.499,6.501,39.232,uav_1,6.501,False,False,False,False,False,1,"[{""id"": ""obstacle_0"", ""kind"": ""static_obstacle"", ""x"": 50.0, ""y"": 50.0, ""radius"": 5.0}]"
delayed_track_sharing,296,59.2,1,84.001,81.624,90.0,94.0,50.0,50.0,,,false_negative+position_noise+confidence_error,,trust_weighted_fusion,move,2,0,13.754,5.922,41.434,uav_3,5.922,False,False,False,False,False,1,"[{""id"": ""obstacle_0"", ""kind"": ""static_obstacle"", ""x"": 50.0, ""y"": 50.0, ""radius"": 5.0}]"
delayed_track_sharing,296,59.2,2,85.389,88.373,86.0,90.0,50.0,50.0,,,none,,trust_weighted_fusion,at_goal,0,0,1.738,5.442,47.201,uav_3,5.442,False,False,False,False,True,1,"[{""id"": ""obstacle_0"", ""kind"": ""static_obstacle"", ""x"": 50.0, ""y"": 50.0, ""radius"": 5.0}]"
delayed_track_sharing,296,59.2,3,89.19,84.478,90.0,86.0,50.0,50.0,,,none,,trust_weighted_fusion,at_goal,0,0,1.724,5.442,47.197,uav_2,5.442,False,False,False,False,True,1,"[{""id"": ""obstacle_0"", ""kind"": ""static_obstacle"", ""x"": 50.0, ""y"": 50.0, ""radius"": 5.0}]"
delayed_track_sharing,297,59.4,0,86.34,75.841,94.0,90.0,50.0,50.0,,,position_noise+confidence_error,,trust_weighted_fusion,move,3,0,16.099,6.513,39.591,uav_1,6.513,False,False,False,False,False,1,"[{""id"": ""obstacle_0"", ""kind"": ""static_obstacle"", ""x"": 50.0, ""y"": 50.0, ""radius"": 5.0}]"
delayed_track_sharing,297,59.4,1,84.175,81.984,90.0,94.0,50.0,50.0,,,position_noise+confidence_error,,trust_weighted_fusion,move,3,0,13.354,5.601,41.807,uav_3,5.601,False,False,False,False,False,1,"[{""id"": ""obstacle_0"", ""kind"": ""static_obstacle"", ""x"": 50.0, ""y"": 50.0, ""radius"": 5.0}]"
delayed_track_sharing,297,59.4,2,85.389,88.373,86.0,90.0,50.0,50.0,,,none,,trust_weighted_fusion,at_goal,0,0,1.738,5.442,47.201,uav_3,5.442,False,False,False,False,True,1,"[{""id"": ""obstacle_0"", ""kind"": ""static_obstacle"", ""x"": 50.0, ""y"": 50.0, ""radius"": 5.0}]"
delayed_track_sharing,297,59.4,3,89.19,84.478,90.0,86.0,50.0,50.0,,,none,,trust_weighted_fusion,at_goal,0,0,1.724,5.442,47.197,uav_2,5.442,False,False,False,False,True,1,"[{""id"": ""obstacle_0"", ""kind"": ""static_obstacle"", ""x"": 50.0, ""y"": 50.0, ""radius"": 5.0}]"
delayed_track_sharing,298,59.6,0,86.53,76.192,94.0,90.0,50.0,50.0,,,false_negative+position_noise+confidence_error,,trust_weighted_fusion,move,1,0,15.699,6.526,39.95,uav_1,6.526,False,False,False,False,False,1,"[{""id"": ""obstacle_0"", ""kind"": ""static_obstacle"", ""x"": 50.0, ""y"": 50.0, ""radius"": 5.0}]"
delayed_track_sharing,298,59.6,1,84.35,82.344,90.0,94.0,50.0,50.0,,,false_negative+position_noise+confidence_error,,trust_weighted_fusion,move,2,0,12.954,5.29,42.181,uav_3,5.29,False,False,False,False,False,1,"[{""id"": ""obstacle_0"", ""kind"": ""static_obstacle"", ""x"": 50.0, ""y"": 50.0, ""radius"": 5.0}]"
delayed_track_sharing,298,59.6,2,85.389,88.373,86.0,90.0,50.0,50.0,,,none,,trust_weighted_fusion,at_goal,0,0,1.738,5.442,47.201,uav_3,5.442,False,False,False,False,True,1,"[{""id"": ""obstacle_0"", ""kind"": ""static_obstacle"", ""x"": 50.0, ""y"": 50.0, ""radius"": 5.0}]"
delayed_track_sharing,298,59.6,3,89.19,84.478,90.0,86.0,50.0,50.0,,,none,,trust_weighted_fusion,at_goal,0,0,1.724,5.29,47.197,uav_1,5.29,False,False,False,False,True,1,"[{""id"": ""obstacle_0"", ""kind"": ""static_obstacle"", ""x"": 50.0, ""y"": 50.0, ""radius"": 5.0}]"
delayed_track_sharing,299,59.8,0,86.721,76.544,94.0,90.0,50.0,50.0,,,position_noise+confidence_error,,trust_weighted_fusion,move,3,0,15.299,6.606,40.31,uav_1,6.606,False,False,False,False,False,1,"[{""id"": ""obstacle_0"", ""kind"": ""static_obstacle"", ""x"": 50.0, ""y"": 50.0, ""radius"": 5.0}]"
delayed_track_sharing,299,59.8,1,84.023,82.574,90.0,94.0,50.0,50.0,,,position_noise+confidence_error,,trust_weighted_fusion,avoidance,3,0,12.895,5.506,42.103,uav_3,5.506,False,False,False,False,False,1,"[{""id"": ""obstacle_0"", ""kind"": ""static_obstacle"", ""x"": 50.0, ""y"": 50.0, ""radius"": 5.0}]"
delayed_track_sharing,299,59.8,2,85.389,88.373,86.0,90.0,50.0,50.0,,,none,,trust_weighted_fusion,at_goal,0,0,1.738,5.442,47.201,uav_3,5.442,False,False,False,False,True,1,"[{""id"": ""obstacle_0"", ""kind"": ""static_obstacle"", ""x"": 50.0, ""y"": 50.0, ""radius"": 5.0}]"
delayed_track_sharing,299,59.8,3,89.19,84.478,90.0,86.0,50.0,50.0,,,none,,trust_weighted_fusion,at_goal,0,0,1.724,5.442,47.197,uav_2,5.442,False,False,False,False,True,1,"[{""id"": ""obstacle_0"", ""kind"": ""static_obstacle"", ""x"": 50.0, ""y"": 50.0, ""radius"": 5.0}]"
delayed_track_sharing,300,60.0,0,86.911,76.896,94.0,90.0,50.0,50.0,,,position_noise+confidence_error,,trust_weighted_fusion,move,3,0,14.899,6.61,40.671,uav_1,6.61,False,False,False,False,False,1,"[{""id"": ""obstacle_0"", ""kind"": ""static_obstacle"", ""x"": 50.0, ""y"": 50.0, ""radius"": 5.0}]"
delayed_track_sharing,300,60.0,1,84.208,82.929,90.0,94.0,50.0,50.0,,,position_noise+confidence_error,,trust_weighted_fusion,move,3,0,12.495,5.217,42.482,uav_3,5.217,False,False,False,False,False,1,"[{""id"": ""obstacle_0"", ""kind"": ""static_obstacle"", ""x"": 50.0, ""y"": 50.0, ""radius"": 5.0}]"
delayed_track_sharing,300,60.0,2,85.389,88.373,86.0,90.0,50.0,50.0,,,none,,trust_weighted_fusion,at_goal,0,0,1.738,5.442,47.201,uav_3,5.442,False,False,False,False,True,1,"[{""id"": ""obstacle_0"", ""kind"": ""static_obstacle"", ""x"": 50.0, ""y"": 50.0, ""radius"": 5.0}]"
delayed_track_sharing,300,60.0,3,89.19,84.478,90.0,86.0,50.0,50.0,,,none,,trust_weighted_fusion,at_goal,0,0,1.724,5.217,47.197,uav_1,5.217,False,False,False,False,True,1,"[{""id"": ""obstacle_0"", ""kind"": ""static_obstacle"", ""x"": 50.0, ""y"": 50.0, ""radius"": 5.0}]"
delayed_track_sharing,301,60.2,0,87.101,77.248,94.0,90.0,50.0,50.0,,,position_noise+confidence_error,,trust_weighted_fusion,move,3,0,14.499,6.615,41.032,uav_1,6.615,False,False,False,False,False,1,"[{""id"": ""obstacle_0"", ""kind"": ""static_obstacle"", ""x"": 50.0, ""y"": 50.0, ""radius"": 5.0}]"
delayed_track_sharing,301,60.2,1,84.394,83.283,90.0,94.0,50.0,50.0,,,position_noise+confidence_error,,trust_weighted_fusion,move,3,0,12.095,4.943,42.861,uav_3,4.943,False,False,False,False,False,1,"[{""id"": ""obstacle_0"", ""kind"": ""static_obstacle"", ""x"": 50.0, ""y"": 50.0, ""radius"": 5.0}]"
delayed_track_sharing,301,60.2,2,85.389,88.373,86.0,90.0,50.0,50.0,,,none,,trust_weighted_fusion,at_goal,0,0,1.738,5.186,47.201,uav_1,5.186,False,False,False,False,True,1,"[{""id"": ""obstacle_0"", ""kind"": ""static_obstacle"", ""x"": 50.0, ""y"": 50.0, ""radius"": 5.0}]"
delayed_track_sharing,301,60.2,3,89.19,84.478,90.0,86.0,50.0,50.0,,,none,,trust_weighted_fusion,at_goal,0,0,1.724,4.943,47.197,uav_1,4.943,False,False,False,False,True,1,"[{""id"": ""obstacle_0"", ""kind"": ""static_obstacle"", ""x"": 50.0, ""y"": 50.0, ""radius"": 5.0}]"
delayed_track_sharing,302,60.4,0,87.291,77.6,94.0,90.0,50.0,50.0,,,false_negative+position_noise+confidence_error,,trust_weighted_fusion,move,2,0,14.099,6.619,41.394,uav_1,6.619,False,False,False,False,False,1,"[{""id"": ""obstacle_0"", ""kind"": ""static_obstacle"", ""x"": 50.0, ""y"": 50.0, ""radius"": 5.0}]"
delayed_track_sharing,302,60.4,1,84.579,83.638,90.0,94.0,50.0,50.0,,,position_noise+confidence_error,,trust_weighted_fusion,move,3,0,11.695,4.687,43.241,uav_3,4.687,False,False,False,False,False,1,"[{""id"": ""obstacle_0"", ""kind"": ""static_obstacle"", ""x"": 50.0, ""y"": 50.0, ""radius"": 5.0}]"
delayed_track_sharing,302,60.4,2,85.389,88.373,86.0,90.0,50.0,50.0,,,none,,trust_weighted_fusion,at_goal,0,0,1.738,4.804,47.201,uav_1,4.804,False,False,False,False,True,1,"[{""id"": ""obstacle_0"", ""kind"": ""static_obstacle"", ""x"": 50.0, ""y"": 50.0, ""radius"": 5.0}]"
delayed_track_sharing,302,60.4,3,89.19,84.478,90.0,86.0,50.0,50.0,,,none,,trust_weighted_fusion,at_goal,0,0,1.724,4.687,47.197,uav_1,4.687,False,False,False,False,True,1,"[{""id"": ""obstacle_0"", ""kind"": ""static_obstacle"", ""x"": 50.0, ""y"": 50.0, ""radius"": 5.0}]"
delayed_track_sharing,303,60.6,0,87.482,77.951,94.0,90.0,50.0,50.0,,,false_negative+position_noise+confidence_error,,trust_weighted_fusion,move,2,0,13.699,6.624,41.756,uav_1,6.624,False,False,False,False,False,1,"[{""id"": ""obstacle_0"", ""kind"": ""static_obstacle"", ""x"": 50.0, ""y"": 50.0, ""radius"": 5.0}]"
delayed_track_sharing,303,60.6,1,84.765,83.992,90.0,94.0,50.0,50.0,,,false_negative+position_noise+confidence_error,,trust_weighted_fusion,move,2,0,11.295,4.425,43.621,uav_2,4.425,False,False,False,False,False,1,"[{""id"": ""obstacle_0"", ""kind"": ""static_obstacle"", ""x"": 50.0, ""y"": 50.0, ""radius"": 5.0}]"
delayed_track_sharing,303,60.6,2,85.389,88.373,86.0,90.0,50.0,50.0,,,none,,trust_weighted_fusion,at_goal,0,0,1.738,4.425,47.201,uav_1,4.425,False,False,False,False,True,1,"[{""id"": ""obstacle_0"", ""kind"": ""static_obstacle"", ""x"": 50.0, ""y"": 50.0, ""radius"": 5.0}]"
delayed_track_sharing,303,60.6,3,89.19,84.478,90.0,86.0,50.0,50.0,,,none,,trust_weighted_fusion,at_goal,0,0,1.724,4.452,47.197,uav_1,4.452,False,False,False,False,True,1,"[{""id"": ""obstacle_0"", ""kind"": ""static_obstacle"", ""x"": 50.0, ""y"": 50.0, ""radius"": 5.0}]"
delayed_track_sharing,304,60.8,0,87.672,78.303,94.0,90.0,50.0,50.0,,,position_noise+confidence_error,,trust_weighted_fusion,move,3,0,13.299,6.359,42.12,uav_3,6.359,False,False,False,False,False,1,"[{""id"": ""obstacle_0"", ""kind"": ""static_obstacle"", ""x"": 50.0, ""y"": 50.0, ""radius"": 5.0}]"
delayed_track_sharing,304,60.8,1,84.95,84.347,90.0,94.0,50.0,50.0,,,false_negative+position_noise+confidence_error,,trust_weighted_fusion,move,2,0,10.895,4.051,44.002,uav_2,4.051,False,False,False,False,False,1,"[{""id"": ""obstacle_0"", ""kind"": ""static_obstacle"", ""x"": 50.0, ""y"": 50.0, ""radius"": 5.0}]"
delayed_track_sharing,304,60.8,2,85.389,88.373,86.0,90.0,50.0,50.0,,,none,,trust_weighted_fusion,at_goal,0,0,1.738,4.051,47.201,uav_1,4.051,False,False,False,False,True,1,"[{""id"": ""obstacle_0"", ""kind"": ""static_obstacle"", ""x"": 50.0, ""y"": 50.0, ""radius"": 5.0}]"
delayed_track_sharing,304,60.8,3,89.19,84.478,90.0,86.0,50.0,50.0,,,none,,trust_weighted_fusion,at_goal,0,0,1.724,4.242,47.197,uav_1,4.242,False,False,False,False,True,1,"[{""id"": ""obstacle_0"", ""kind"": ""static_obstacle"", ""x"": 50.0, ""y"": 50.0, ""radius"": 5.0}]"
delayed_track_sharing,305,61.0,0,87.862,78.655,94.0,90.0,50.0,50.0,,,false_negative+position_noise+confidence_error,,trust_weighted_fusion,move,2,0,12.899,5.972,42.483,uav_3,5.972,False,False,False,False,False,1,"[{""id"": ""obstacle_0"", ""kind"": ""static_obstacle"", ""x"": 50.0, ""y"": 50.0, ""radius"": 5.0}]"
delayed_track_sharing,305,61.0,1,85.135,84.701,90.0,94.0,50.0,50.0,,,false_negative+position_noise+confidence_error,,trust_weighted_fusion,move,2,0,10.495,3.681,44.383,uav_2,3.681,False,False,False,False,False,1,"[{""id"": ""obstacle_0"", ""kind"": ""static_obstacle"", ""x"": 50.0, ""y"": 50.0, ""radius"": 5.0}]"
delayed_track_sharing,305,61.0,2,85.389,88.373,86.0,90.0,50.0,50.0,,,none,,trust_weighted_fusion,at_goal,0,0,1.738,3.681,47.201,uav_1,3.681,False,False,False,False,True,1,"[{""id"": ""obstacle_0"", ""kind"": ""static_obstacle"", ""x"": 50.0, ""y"": 50.0, ""radius"": 5.0}]"
delayed_track_sharing,305,61.0,3,89.19,84.478,90.0,86.0,50.0,50.0,,,none,,trust_weighted_fusion,at_goal,0,0,1.724,4.061,47.197,uav_1,4.061,False,False,False,False,True,1,"[{""id"": ""obstacle_0"", ""kind"": ""static_obstacle"", ""x"": 50.0, ""y"": 50.0, ""radius"": 5.0}]"
delayed_track_sharing,306,61.2,0,88.053,79.007,94.0,90.0,50.0,50.0,,,false_negative+position_noise+confidence_error,,trust_weighted_fusion,move,2,0,12.499,5.588,42.848,uav_3,5.588,False,False,False,False,False,1,"[{""id"": ""obstacle_0"", ""kind"": ""static_obstacle"", ""x"": 50.0, ""y"": 50.0, ""radius"": 5.0}]"
delayed_track_sharing,306,61.2,1,85.321,85.055,90.0,94.0,50.0,50.0,,,position_noise+confidence_error,,trust_weighted_fusion,move,3,0,10.095,3.318,44.764,uav_2,3.318,True,False,False,False,False,1,"[{""id"": ""obstacle_0"", ""kind"": ""static_obstacle"", ""x"": 50.0, ""y"": 50.0, ""radius"": 5.0}]"
delayed_track_sharing,306,61.2,2,85.389,88.373,86.0,90.0,50.0,50.0,,,none,,trust_weighted_fusion,at_goal,0,0,1.738,3.318,47.201,uav_1,3.318,True,False,False,False,True,1,"[{""id"": ""obstacle_0"", ""kind"": ""static_obstacle"", ""x"": 50.0, ""y"": 50.0, ""radius"": 5.0}]"
delayed_track_sharing,306,61.2,3,89.19,84.478,90.0,86.0,50.0,50.0,,,none,,trust_weighted_fusion,at_goal,0,0,1.724,3.912,47.197,uav_1,3.912,False,False,False,False,True,1,"[{""id"": ""obstacle_0"", ""kind"": ""static_obstacle"", ""x"": 50.0, ""y"": 50.0, ""radius"": 5.0}]"
delayed_track_sharing,307,61.4,0,88.243,79.359,94.0,90.0,50.0,50.0,,,position_noise+confidence_error,,trust_weighted_fusion,move,3,0,12.099,5.206,43.213,uav_3,5.206,False,False,False,False,False,1,"[{""id"": ""obstacle_0"", ""kind"": ""static_obstacle"", ""x"": 50.0, ""y"": 50.0, ""radius"": 5.0}]"
delayed_track_sharing,307,61.4,1,85.506,85.41,90.0,94.0,50.0,50.0,,,position_noise+confidence_error,,trust_weighted_fusion,move,3,0,9.695,2.966,45.145,uav_2,2.966,True,False,False,False,False,1,"[{""id"": ""obstacle_0"", ""kind"": ""static_obstacle"", ""x"": 50.0, ""y"": 50.0, ""radius"": 5.0}]"
delayed_track_sharing,307,61.4,2,85.389,88.373,86.0,90.0,50.0,50.0,,,none,,trust_weighted_fusion,at_goal,0,0,1.738,2.966,47.201,uav_1,2.966,True,False,False,False,True,1,"[{""id"": ""obstacle_0"", ""kind"": ""static_obstacle"", ""x"": 50.0, ""y"": 50.0, ""radius"": 5.0}]"
delayed_track_sharing,307,61.4,3,89.19,84.478,90.0,86.0,50.0,50.0,,,none,,trust_weighted_fusion,at_goal,0,0,1.724,3.8,47.197,uav_1,3.8,False,False,False,False,True,1,"[{""id"": ""obstacle_0"", ""kind"": ""static_obstacle"", ""x"": 50.0, ""y"": 50.0, ""radius"": 5.0}]"
delayed_track_sharing,308,61.6,0,88.433,79.711,94.0,90.0,50.0,50.0,,,position_noise+confidence_error,,trust_weighted_fusion,move,3,0,11.699,4.827,43.578,uav_3,4.827,False,False,False,False,False,1,"[{""id"": ""obstacle_0"", ""kind"": ""static_obstacle"", ""x"": 50.0, ""y"": 50.0, ""radius"": 5.0}]"
delayed_track_sharing,308,61.6,1,85.692,85.764,90.0,94.0,50.0,50.0,,,false_negative+position_noise+confidence_error,,trust_weighted_fusion,move,2,0,9.295,2.626,45.527,uav_2,2.626,True,False,True,False,False,1,"[{""id"": ""obstacle_0"", ""kind"": ""static_obstacle"", ""x"": 50.0, ""y"": 50.0, ""radius"": 5.0}]"
delayed_track_sharing,308,61.6,2,85.389,88.373,86.0,90.0,50.0,50.0,,,none,,trust_weighted_fusion,at_goal,0,0,1.738,2.626,47.201,uav_1,2.626,True,False,False,False,True,1,"[{""id"": ""obstacle_0"", ""kind"": ""static_obstacle"", ""x"": 50.0, ""y"": 50.0, ""radius"": 5.0}]"
delayed_track_sharing,308,61.6,3,89.19,84.478,90.0,86.0,50.0,50.0,,,none,,trust_weighted_fusion,at_goal,0,0,1.724,3.727,47.197,uav_1,3.727,False,False,False,False,True,1,"[{""id"": ""obstacle_0"", ""kind"": ""static_obstacle"", ""x"": 50.0, ""y"": 50.0, ""radius"": 5.0}]"
delayed_track_sharing,309,61.8,0,88.624,80.062,94.0,90.0,50.0,50.0,,,position_noise+confidence_error,,trust_weighted_fusion,move,3,0,11.299,4.452,43.944,uav_3,4.452,False,False,False,False,False,1,"[{""id"": ""obstacle_0"", ""kind"": ""static_obstacle"", ""x"": 50.0, ""y"": 50.0, ""radius"": 5.0}]"
delayed_track_sharing,309,61.8,1,85.877,86.119,90.0,94.0,50.0,50.0,,,false_negative+position_noise+confidence_error,,trust_weighted_fusion,move,2,0,8.895,2.307,45.909,uav_2,2.307,True,False,True,False,False,1,"[{""id"": ""obstacle_0"", ""kind"": ""static_obstacle"", ""x"": 50.0, ""y"": 50.0, ""radius"": 5.0}]"
delayed_track_sharing,309,61.8,2,85.389,88.373,86.0,90.0,50.0,50.0,,,none,,trust_weighted_fusion,at_goal,0,0,1.738,2.307,47.201,uav_1,2.307,True,False,False,False,True,1,"[{""id"": ""obstacle_0"", ""kind"": ""static_obstacle"", ""x"": 50.0, ""y"": 50.0, ""radius"": 5.0}]"
delayed_track_sharing,309,61.8,3,89.19,84.478,90.0,86.0,50.0,50.0,,,none,,trust_weighted_fusion,at_goal,0,0,1.724,3.697,47.197,uav_1,3.697,False,False,False,False,True,1,"[{""id"": ""obstacle_0"", ""kind"": ""static_obstacle"", ""x"": 50.0, ""y"": 50.0, ""radius"": 5.0}]"
delayed_track_sharing,310,62.0,0,88.814,80.414,94.0,90.0,50.0,50.0,,,position_noise+confidence_error,,trust_weighted_fusion,move,3,0,10.899,4.081,44.311,uav_3,4.081,False,False,False,False,False,1,"[{""id"": ""obstacle_0"", ""kind"": ""static_obstacle"", ""x"": 50.0, ""y"": 50.0, ""radius"": 5.0}]"
delayed_track_sharing,310,62.0,1,86.062,86.473,90.0,94.0,50.0,50.0,,,position_noise+confidence_error,,trust_weighted_fusion,move,3,0,8.495,2.016,46.291,uav_2,2.016,True,False,False,False,False,1,"[{""id"": ""obstacle_0"", ""kind"": ""static_obstacle"", ""x"": 50.0, ""y"": 50.0, ""radius"": 5.0}]"
delayed_track_sharing,310,62.0,2,85.389,88.373,86.0,90.0,50.0,50.0,,,none,,trust_weighted_fusion,at_goal,0,0,1.738,2.016,47.201,uav_1,2.016,True,False,False,False,True,1,"[{""id"": ""obstacle_0"", ""kind"": ""static_obstacle"", ""x"": 50.0, ""y"": 50.0, ""radius"": 5.0}]"
delayed_track_sharing,310,62.0,3,89.19,84.478,90.0,86.0,50.0,50.0,,,none,,trust_weighted_fusion,at_goal,0,0,1.724,3.71,47.197,uav_1,3.71,False,False,False,False,True,1,"[{""id"": ""obstacle_0"", ""kind"": ""static_obstacle"", ""x"": 50.0, ""y"": 50.0, ""radius"": 5.0}]"
delayed_track_sharing,311,62.2,0,89.004,80.766,94.0,90.0,50.0,50.0,,,false_negative+position_noise+confidence_error,,trust_weighted_fusion,move,2,0,10.499,3.717,44.678,uav_3,3.717,False,False,False,False,False,1,"[{""id"": ""obstacle_0"", ""kind"": ""static_obstacle"", ""x"": 50.0, ""y"": 50.0, ""radius"": 5.0}]"
delayed_track_sharing,311,62.2,1,86.248,86.828,90.0,94.0,50.0,50.0,,,false_negative+position_noise+confidence_error,,trust_weighted_fusion,move,2,0,8.095,1.768,46.674,uav_2,1.768,True,False,False,False,False,1,"[{""id"": ""obstacle_0"", ""kind"": ""static_obstacle"", ""x"": 50.0, ""y"": 50.0, ""radius"": 5.0}]"
delayed_track_sharing,311,62.2,2,85.389,88.373,86.0,90.0,50.0,50.0,,,none,,trust_weighted_fusion,at_goal,0,0,1.738,1.768,47.201,uav_1,1.768,True,False,False,False,True,1,"[{""id"": ""obstacle_0"", ""kind"": ""static_obstacle"", ""x"": 50.0, ""y"": 50.0, ""radius"": 5.0}]"
delayed_track_sharing,311,62.2,3,89.19,84.478,90.0,86.0,50.0,50.0,,,none,,trust_weighted_fusion,at_goal,0,0,1.724,3.717,47.197,uav_0,3.717,False,False,False,False,True,1,"[{""id"": ""obstacle_0"", ""kind"": ""static_obstacle"", ""x"": 50.0, ""y"": 50.0, ""radius"": 5.0}]"
delayed_track_sharing,312,62.4,0,89.195,81.118,94.0,90.0,50.0,50.0,,,false_negative+position_noise+confidence_error,,trust_weighted_fusion,move,2,0,10.099,3.36,45.045,uav_3,3.36,True,False,False,False,False,1,"[{""id"": ""obstacle_0"", ""kind"": ""static_obstacle"", ""x"": 50.0, ""y"": 50.0, ""radius"": 5.0}]"
delayed_track_sharing,312,62.4,1,86.433,87.182,90.0,94.0,50.0,50.0,,,false_negative+position_noise+confidence_error,,trust_weighted_fusion,move,2,0,7.695,1.584,47.057,uav_2,1.584,True,False,False,False,False,1,"[{""id"": ""obstacle_0"", ""kind"": ""static_obstacle"", ""x"": 50.0, ""y"": 50.0, ""radius"": 5.0}]"
delayed_track_sharing,312,62.4,2,85.389,88.373,86.0,90.0,50.0,50.0,,,none,,trust_weighted_fusion,at_goal,0,0,1.738,1.584,47.201,uav_1,1.584,True,False,False,False,True,1,"[{""id"": ""obstacle_0"", ""kind"": ""static_obstacle"", ""x"": 50.0, ""y"": 50.0, ""radius"": 5.0}]"
delayed_track_sharing,312,62.4,3,89.19,84.478,90.0,86.0,50.0,50.0,,,none,,trust_weighted_fusion,at_goal,0,0,1.724,3.36,47.197,uav_0,3.36,True,False,False,False,True,1,"[{""id"": ""obstacle_0"", ""kind"": ""static_obstacle"", ""x"": 50.0, ""y"": 50.0, ""radius"": 5.0}]"
delayed_track_sharing,313,62.6,0,88.799,81.062,94.0,90.0,50.0,50.0,,,position_noise+confidence_error,,trust_weighted_fusion,avoidance,3,0,10.341,3.438,44.701,uav_3,3.438,True,False,False,False,False,1,"[{""id"": ""obstacle_0"", ""kind"": ""static_obstacle"", ""x"": 50.0, ""y"": 50.0, ""radius"": 5.0}]"
delayed_track_sharing,313,62.6,1,86.826,87.105,90.0,94.0,50.0,50.0,,,false_negative+position_noise+confidence_error,,trust_weighted_fusion,avoidance,2,0,7.591,1.916,47.277,uav_2,1.916,True,False,False,False,False,1,"[{""id"": ""obstacle_0"", ""kind"": ""static_obstacle"", ""x"": 50.0, ""y"": 50.0, ""radius"": 5.0}]"
delayed_track_sharing,313,62.6,2,85.389,88.373,86.0,90.0,50.0,50.0,,,none,,trust_weighted_fusion,at_goal,0,0,1.738,1.916,47.201,uav_1,1.916,True,False,False,False,True,1,"[{""id"": ""obstacle_0"", ""kind"": ""static_obstacle"", ""x"": 50.0, ""y"": 50.0, ""radius"": 5.0}]"
delayed_track_sharing,313,62.6,3,89.19,84.478,90.0,86.0,50.0,50.0,,,none,,trust_weighted_fusion,at_goal,0,0,1.724,3.438,47.197,uav_0,3.438,True,False,False,False,True,1,"[{""id"": ""obstacle_0"", ""kind"": ""static_obstacle"", ""x"": 50.0, ""y"": 50.0, ""radius"": 5.0}]"
delayed_track_sharing,314,62.8,0,88.404,80.995,94.0,90.0,50.0,50.0,,,false_negative+position_noise+confidence_error,,trust_weighted_fusion,avoidance,2,0,10.602,3.57,44.352,uav_3,3.57,False,False,False,False,False,1,"[{""id"": ""obstacle_0"", ""kind"": ""static_obstacle"", ""x"": 50.0, ""y"": 50.0, ""radius"": 5.0}]"
delayed_track_sharing,314,62.8,1,86.993,87.468,90.0,94.0,50.0,50.0,,,position_noise+confidence_error,,trust_weighted_fusion,move,3,0,7.191,1.841,47.653,uav_2,1.841,True,False,False,False,False,1,"[{""id"": ""obstacle_0"", ""kind"": ""static_obstacle"", ""x"": 50.0, ""y"": 50.0, ""radius"": 5.0}]"
delayed_track_sharing,314,62.8,2,85.389,88.373,86.0,90.0,50.0,50.0,,,none,,trust_weighted_fusion,at_goal,0,0,1.738,1.841,47.201,uav_1,1.841,True,False,False,False,True,1,"[{""id"": ""obstacle_0"", ""kind"": ""static_obstacle"", ""x"": 50.0, ""y"": 50.0, ""radius"": 5.0}]"
delayed_track_sharing,314,62.8,3,89.19,84.478,90.0,86.0,50.0,50.0,,,none,,trust_weighted_fusion,at_goal,0,0,1.724,3.57,47.197,uav_0,3.57,False,False,False,False,True,1,"[{""id"": ""obstacle_0"", ""kind"": ""static_obstacle"", ""x"": 50.0, ""y"": 50.0, ""radius"": 5.0}]"
delayed_track_sharing,315,63.0,0,88.615,81.335,94.0,90.0,50.0,50.0,,,false_negative+position_noise+confidence_error,,trust_weighted_fusion,move,1,0,10.202,3.195,44.73,uav_3,3.195,True,False,False,False,False,1,"[{""id"": ""obstacle_0"", ""kind"": ""static_obstacle"", ""x"": 50.0, ""y"": 50.0, ""radius"": 5.0}]"
delayed_track_sharing,315,63.0,1,86.593,87.462,90.0,94.0,50.0,50.0,,,position_noise+confidence_error,,trust_weighted_fusion,avoidance,3,0,7.372,1.509,47.369,uav_2,1.509,True,False,False,False,False,1,"[{""id"": ""obstacle_0"", ""kind"": ""static_obstacle"", ""x"": 50.0, ""y"": 50.0, ""radius"": 5.0}]"
delayed_track_sharing,315,63.0,2,85.389,88.373,86.0,90.0,50.0,50.0,,,none,,trust_weighted_fusion,at_goal,0,0,1.738,1.509,47.201,uav_1,1.509,True,False,False,False,True,1,"[{""id"": ""obstacle_0"", ""kind"": ""static_obstacle"", ""x"": 50.0, ""y"": 50.0, ""radius"": 5.0}]"
delayed_track_sharing,315,63.0,3,89.19,84.478,90.0,86.0,50.0,50.0,,,none,,trust_weighted_fusion,at_goal,0,0,1.724,3.195,47.197,uav_0,3.195,True,False,False,False,True,1,"[{""id"": ""obstacle_0"", ""kind"": ""static_obstacle"", ""x"": 50.0, ""y"": 50.0, ""radius"": 5.0}]"
delayed_track_sharing,316,63.2,0,88.827,81.675,94.0,90.0,50.0,50.0,,,position_noise+confidence_error,,trust_weighted_fusion,move,3,0,9.802,2.827,45.108,uav_3,2.827,True,False,False,False,False,1,"[{""id"": ""obstacle_0"", ""kind"": ""static_obstacle"", ""x"": 50.0, ""y"": 50.0, ""radius"": 5.0}]"
delayed_track_sharing,316,63.2,1,86.698,87.848,90.0,94.0,50.0,50.0,,,position_noise+confidence_error,,trust_weighted_fusion,avoidance,3,0,6.982,1.41,47.718,uav_2,1.41,True,False,False,False,False,1,"[{""id"": ""obstacle_0"", ""kind"": ""static_obstacle"", ""x"": 50.0, ""y"": 50.0, ""radius"": 5.0}]"
delayed_track_sharing,316,63.2,2,85.389,88.373,86.0,90.0,50.0,50.0,,,none,,trust_weighted_fusion,at_goal,0,0,1.738,1.41,47.201,uav_1,1.41,True,False,False,False,True,1,"[{""id"": ""obstacle_0"", ""kind"": ""static_obstacle"", ""x"": 50.0, ""y"": 50.0, ""radius"": 5.0}]"
delayed_track_sharing,316,63.2,3,89.19,84.478,90.0,86.0,50.0,50.0,,,none,,trust_weighted_fusion,at_goal,0,0,1.724,2.827,47.197,uav_0,2.827,True,False,False,False,True,1,"[{""id"": ""obstacle_0"", ""kind"": ""static_obstacle"", ""x"": 50.0, ""y"": 50.0, ""radius"": 5.0}]"
delayed_track_sharing,317,63.4,0,89.17,81.47,94.0,90.0,50.0,50.0,,,false_negative+position_noise+confidence_error,,trust_weighted_fusion,avoidance,2,0,9.803,3.008,45.246,uav_3,3.008,True,False,False,False,False,1,"[{""id"": ""obstacle_0"", ""kind"": ""static_obstacle"", ""x"": 50.0, ""y"": 50.0, ""radius"": 5.0}]"
delayed_track_sharing,317,63.4,1,86.887,88.201,90.0,94.0,50.0,50.0,,,false_negative+position_noise+confidence_error,,trust_weighted_fusion,move,1,0,6.582,1.508,48.103,uav_2,1.508,True,False,True,False,False,1,"[{""id"": ""obstacle_0"", ""kind"": ""static_obstacle"", ""x"": 50.0, ""y"": 50.0, ""radius"": 5.0}]"
delayed_track_sharing,317,63.4,2,85.389,88.373,86.0,90.0,50.0,50.0,,,none,,trust_weighted_fusion,at_goal,0,0,1.738,1.508,47.201,uav_1,1.508,True,False,False,False,True,1,"[{""id"": ""obstacle_0"", ""kind"": ""static_obstacle"", ""x"": 50.0, ""y"": 50.0, ""radius"": 5.0}]"
delayed_track_sharing,317,63.4,3,89.19,84.478,90.0,86.0,50.0,50.0,,,none,,trust_weighted_fusion,at_goal,0,0,1.724,3.008,47.197,uav_0,3.008,True,False,False,False,True,1,"[{""id"": ""obstacle_0"", ""kind"": ""static_obstacle"", ""x"": 50.0, ""y"": 50.0, ""radius"": 5.0}]"
delayed_track_sharing,318,63.6,0,88.995,81.11,94.0,90.0,50.0,50.0,,,position_noise+confidence_error,,trust_weighted_fusion,avoidance,3,0,10.202,3.374,44.885,uav_3,3.374,True,False,False,False,False,1,"[{""id"": ""obstacle_0"", ""kind"": ""static_obstacle"", ""x"": 50.0, ""y"": 50.0, ""radius"": 5.0}]"
delayed_track_sharing,318,63.6,1,87.076,88.553,90.0,94.0,50.0,50.0,,,position_noise+confidence_error,,trust_weighted_fusion,move,3,0,6.182,1.697,48.488,uav_2,1.697,True,False,False,False,False,1,"[{""id"": ""obstacle_0"", ""kind"": ""static_obstacle"", ""x"": 50.0, ""y"": 50.0, ""radius"": 5.0}]"
delayed_track_sharing,318,63.6,2,85.389,88.373,86.0,90.0,50.0,50.0,,,none,,trust_weighted_fusion,at_goal,0,0,1.738,1.697,47.201,uav_1,1.697,True,False,False,False,True,1,"[{""id"": ""obstacle_0"", ""kind"": ""static_obstacle"", ""x"": 50.0, ""y"": 50.0, ""radius"": 5.0}]"
delayed_track_sharing,318,63.6,3,89.19,84.478,90.0,86.0,50.0,50.0,,,none,,trust_weighted_fusion,at_goal,0,0,1.724,3.374,47.197,uav_0,3.374,True,False,False,False,True,1,"[{""id"": ""obstacle_0"", ""kind"": ""static_obstacle"", ""x"": 50.0, ""y"": 50.0, ""radius"": 5.0}]"
delayed_track_sharing,319,63.8,0,89.393,81.071,94.0,90.0,50.0,50.0,,,false_negative+position_noise+confidence_error,,trust_weighted_fusion,avoidance,2,0,10.047,3.413,45.172,uav_3,3.413,True,False,False,False,False,1,"[{""id"": ""obstacle_0"", ""kind"": ""static_obstacle"", ""x"": 50.0, ""y"": 50.0, ""radius"": 5.0}]"
delayed_track_sharing,319,63.8,1,87.266,88.905,90.0,94.0,50.0,50.0,,,position_noise+confidence_error,,trust_weighted_fusion,move,3,0,5.782,1.95,48.874,uav_2,1.95,True,False,False,False,False,1,"[{""id"": ""obstacle_0"", ""kind"": ""static_obstacle"", ""x"": 50.0, ""y"": 50.0, ""radius"": 5.0}]"
delayed_track_sharing,319,63.8,2,85.389,88.373,86.0,90.0,50.0,50.0,,,none,,trust_weighted_fusion,at_goal,0,0,1.738,1.95,47.201,uav_1,1.95,True,False,False,False,True,1,"[{""id"": ""obstacle_0"", ""kind"": ""static_obstacle"", ""x"": 50.0, ""y"": 50.0, ""radius"": 5.0}]"
delayed_track_sharing,319,63.8,3,89.19,84.478,90.0,86.0,50.0,50.0,,,none,,trust_weighted_fusion,at_goal,0,0,1.724,3.413,47.197,uav_0,3.413,True,False,False,False,True,1,"[{""id"": ""obstacle_0"", ""kind"": ""static_obstacle"", ""x"": 50.0, ""y"": 50.0, ""radius"": 5.0}]"
delayed_track_sharing,320,64.0,0,89.577,81.426,94.0,90.0,50.0,50.0,,,position_noise+confidence_error,,trust_weighted_fusion,move,3,0,9.647,3.076,45.537,uav_3,3.076,True,False,False,False,False,1,"[{""id"": ""obstacle_0"", ""kind"": ""static_obstacle"", ""x"": 50.0, ""y"": 50.0, ""radius"": 5.0}]"
delayed_track_sharing,320,64.0,1,87.294,89.305,90.0,94.0,50.0,50.0,,,false_negative+position_noise+confidence_error,,trust_weighted_fusion,avoidance,2,0,5.42,2.12,49.182,uav_2,2.12,True,False,False,False,False,1,"[{""id"": ""obstacle_0"", ""kind"": ""static_obstacle"", ""x"": 50.0, ""y"": 50.0, ""radius"": 5.0}]"
delayed_track_sharing,320,64.0,2,85.389,88.373,86.0,90.0,50.0,50.0,,,none,,trust_weighted_fusion,at_goal,0,0,1.738,2.12,47.201,uav_1,2.12,True,False,False,False,True,1,"[{""id"": ""obstacle_0"", ""kind"": ""static_obstacle"", ""x"": 50.0, ""y"": 50.0, ""radius"": 5.0}]"
delayed_track_sharing,320,64.0,3,89.19,84.478,90.0,86.0,50.0,50.0,,,none,,trust_weighted_fusion,at_goal,0,0,1.724,3.076,47.197,uav_0,3.076,True,False,False,False,True,1,"[{""id"": ""obstacle_0"", ""kind"": ""static_obstacle"", ""x"": 50.0, ""y"": 50.0, ""radius"": 5.0}]"
delayed_track_sharing,321,64.2,0,89.76,81.782,94.0,90.0,50.0,50.0,,,false_negative+position_noise+confidence_error,,trust_weighted_fusion,move,2,0,9.247,2.756,45.901,uav_3,2.756,True,False,False,False,False,1,"[{""id"": ""obstacle_0"", ""kind"": ""static_obstacle"", ""x"": 50.0, ""y"": 50.0, ""radius"": 5.0}]"
delayed_track_sharing,321,64.2,1,87.493,89.651,90.0,94.0,50.0,50.0,,,false_negative+position_noise+confidence_error,,trust_weighted_fusion,move,2,0,5.02,2.462,49.571,uav_2,2.462,True,False,False,False,False,1,"[{""id"": ""obstacle_0"", ""kind"": ""static_obstacle"", ""x"": 50.0, ""y"": 50.0, ""radius"": 5.0}]"
delayed_track_sharing,321,64.2,2,85.389,88.373,86.0,90.0,50.0,50.0,,,none,,trust_weighted_fusion,at_goal,0,0,1.738,2.462,47.201,uav_1,2.462,True,False,False,False,True,1,"[{""id"": ""obstacle_0"", ""kind"": ""static_obstacle"", ""x"": 50.0, ""y"": 50.0, ""radius"": 5.0}]"
delayed_track_sharing,321,64.2,3,89.19,84.478,90.0,86.0,50.0,50.0,,,none,,trust_weighted_fusion,at_goal,0,0,1.724,2.756,47.197,uav_0,2.756,True,False,False,False,True,1,"[{""id"": ""obstacle_0"", ""kind"": ""static_obstacle"", ""x"": 50.0, ""y"": 50.0, ""radius"": 5.0}]"
delayed_track_sharing,322,64.4,0,90.16,81.766,94.0,90.0,50.0,50.0,,,position_noise+confidence_error,,trust_weighted_fusion,avoidance,3,0,9.085,2.88,46.205,uav_3,2.88,True,False,False,False,False,1,"[{""id"": ""obstacle_0"", ""kind"": ""static_obstacle"", ""x"": 50.0, ""y"": 50.0, ""radius"": 5.0}]"
delayed_track_sharing,322,64.4,1,87.693,89.998,90.0,94.0,50.0,50.0,,,position_noise+confidence_error,,trust_weighted_fusion,move,3,0,4.62,2.819,49.96,uav_2,2.819,True,False,False,False,False,1,"[{""id"": ""obstacle_0"", ""kind"": ""static_obstacle"", ""x"": 50.0, ""y"": 50.0, ""radius"": 5.0}]"
delayed_track_sharing,322,64.4,2,85.389,88.373,86.0,90.0,50.0,50.0,,,none,,trust_weighted_fusion,at_goal,0,0,1.738,2.819,47.201,uav_1,2.819,True,False,False,False,True,1,"[{""id"": ""obstacle_0"", ""kind"": ""static_obstacle"", ""x"": 50.0, ""y"": 50.0, ""radius"": 5.0}]"
delayed_track_sharing,322,64.4,3,89.19,84.478,90.0,86.0,50.0,50.0,,,none,,trust_weighted_fusion,at_goal,0,0,1.724,2.88,47.197,uav_0,2.88,True,False,False,False,True,1,"[{""id"": ""obstacle_0"", ""kind"": ""static_obstacle"", ""x"": 50.0, ""y"": 50.0, ""radius"": 5.0}]"
delayed_track_sharing,323,64.6,0,90.329,82.129,94.0,90.0,50.0,50.0,,,position_noise+confidence_error,,trust_weighted_fusion,move,3,0,8.685,2.611,46.562,uav_3,2.611,True,False,False,False,False,1,"[{""id"": ""obstacle_0"", ""kind"": ""static_obstacle"", ""x"": 50.0, ""y"": 50.0, ""radius"": 5.0}]"
delayed_track_sharing,323,64.6,1,87.893,90.344,90.0,94.0,50.0,50.0,,,false_negative+position_noise+confidence_error,,trust_weighted_fusion,move,1,0,4.22,3.186,50.349,uav_2,3.186,True,False,True,False,False,1,"[{""id"": ""obstacle_0"", ""kind"": ""static_obstacle"", ""x"": 50.0, ""y"": 50.0, ""radius"": 5.0}]"
delayed_track_sharing,323,64.6,2,85.389,88.373,86.0,90.0,50.0,50.0,,,none,,trust_weighted_fusion,at_goal,0,0,1.738,3.186,47.201,uav_1,3.186,True,False,False,False,True,1,"[{""id"": ""obstacle_0"", ""kind"": ""static_obstacle"", ""x"": 50.0, ""y"": 50.0, ""radius"": 5.0}]"
delayed_track_sharing,323,64.6,3,89.19,84.478,90.0,86.0,50.0,50.0,,,none,,trust_weighted_fusion,at_goal,0,0,1.724,2.611,47.197,uav_0,2.611,True,False,False,False,True,1,"[{""id"": ""obstacle_0"", ""kind"": ""static_obstacle"", ""x"": 50.0, ""y"": 50.0, ""radius"": 5.0}]"
delayed_track_sharing,324,64.8,0,90.498,82.491,94.0,90.0,50.0,50.0,,,false_negative+position_noise+confidence_error,,trust_weighted_fusion,move,2,0,8.285,2.379,46.921,uav_3,2.379,True,False,True,False,False,1,"[{""id"": ""obstacle_0"", ""kind"": ""static_obstacle"", ""x"": 50.0, ""y"": 50.0, ""radius"": 5.0}]"
delayed_track_sharing,324,64.8,1,87.991,90.732,90.0,94.0,50.0,50.0,,,position_noise+confidence_error,,trust_weighted_fusion,avoidance,3,0,3.836,3.511,50.699,uav_2,3.511,False,False,False,False,False,1,"[{""id"": ""obstacle_0"", ""kind"": ""static_obstacle"", ""x"": 50.0, ""y"": 50.0, ""radius"": 5.0}]"
delayed_track_sharing,324,64.8,2,85.389,88.373,86.0,90.0,50.0,50.0,,,none,,trust_weighted_fusion,at_goal,0,0,1.738,3.511,47.201,uav_1,3.511,False,False,False,False,True,1,"[{""id"": ""obstacle_0"", ""kind"": ""static_obstacle"", ""x"": 50.0, ""y"": 50.0, ""radius"": 5.0}]"
delayed_track_sharing,324,64.8,3,89.19,84.478,90.0,86.0,50.0,50.0,,,none,,trust_weighted_fusion,at_goal,0,0,1.724,2.379,47.197,uav_0,2.379,True,False,False,False,True,1,"[{""id"": ""obstacle_0"", ""kind"": ""static_obstacle"", ""x"": 50.0, ""y"": 50.0, ""radius"": 5.0}]"
delayed_track_sharing,325,65.0,0,90.667,82.854,94.0,90.0,50.0,50.0,,,position_noise+confidence_error,,trust_weighted_fusion,move,3,0,7.885,2.196,47.28,uav_3,2.196,True,False,False,False,False,1,"[{""id"": ""obstacle_0"", ""kind"": ""static_obstacle"", ""x"": 50.0, ""y"": 50.0, ""radius"": 5.0}]"
delayed_track_sharing,325,65.0,1,88.2,91.073,90.0,94.0,50.0,50.0,,,false_negative+position_noise+confidence_error,,trust_weighted_fusion,move,2,0,3.436,3.897,51.091,uav_2,3.897,False,False,False,False,False,1,"[{""id"": ""obstacle_0"", ""kind"": ""static_obstacle"", ""x"": 50.0, ""y"": 50.0, ""radius"": 5.0}]"
delayed_track_sharing,325,65.0,2,85.389,88.373,86.0,90.0,50.0,50.0,,,none,,trust_weighted_fusion,at_goal,0,0,1.738,3.897,47.201,uav_1,3.897,False,False,False,False,True,1,"[{""id"": ""obstacle_0"", ""kind"": ""static_obstacle"", ""x"": 50.0, ""y"": 50.0, ""radius"": 5.0}]"
delayed_track_sharing,325,65.0,3,89.19,84.478,90.0,86.0,50.0,50.0,,,none,,trust_weighted_fusion,at_goal,0,0,1.724,2.196,47.197,uav_0,2.196,True,False,False,False,True,1,"[{""id"": ""obstacle_0"", ""kind"": ""static_obstacle"", ""x"": 50.0, ""y"": 50.0, ""radius"": 5.0}]"
delayed_track_sharing,326,65.2,0,90.928,83.157,94.0,90.0,50.0,50.0,,,position_noise+confidence_error,,trust_weighted_fusion,avoidance,3,0,7.501,2.183,47.673,uav_3,2.183,True,False,False,False,False,1,"[{""id"": ""obstacle_0"", ""kind"": ""static_obstacle"", ""x"": 50.0, ""y"": 50.0, ""radius"": 5.0}]"
delayed_track_sharing,326,65.2,1,88.41,91.414,90.0,94.0,50.0,50.0,,,false_negative+position_noise+confidence_error,,trust_weighted_fusion,move,1,0,3.036,4.285,51.483,uav_2,4.285,False,False,False,False,False,1,"[{""id"": ""obstacle_0"", ""kind"": ""static_obstacle"", ""x"": 50.0, ""y"": 50.0, ""radius"": 5.0}]"
delayed_track_sharing,326,65.2,2,85.389,88.373,86.0,90.0,50.0,50.0,,,none,,trust_weighted_fusion,at_goal,0,0,1.738,4.285,47.201,uav_1,4.285,False,False,False,False,True,1,"[{""id"": ""obstacle_0"", ""kind"": ""static_obstacle"", ""x"": 50.0, ""y"": 50.0, ""radius"": 5.0}]"
delayed_track_sharing,326,65.2,3,89.19,84.478,90.0,86.0,50.0,50.0,,,none,,trust_weighted_fusion,at_goal,0,0,1.724,2.183,47.197,uav_0,2.183,True,False,False,False,True,1,"[{""id"": ""obstacle_0"", ""kind"": ""static_obstacle"", ""x"": 50.0, ""y"": 50.0, ""radius"": 5.0}]"
delayed_track_sharing,327,65.4,0,91.189,83.46,94.0,90.0,50.0,50.0,,,position_noise+confidence_error,,trust_weighted_fusion,avoidance,3,0,7.118,2.244,48.067,uav_3,2.244,True,False,False,False,False,1,"[{""id"": ""obstacle_0"", ""kind"": ""static_obstacle"", ""x"": 50.0, ""y"": 50.0, ""radius"": 5.0}]"
delayed_track_sharing,327,65.4,1,88.619,91.754,90.0,94.0,50.0,50.0,,,false_negative+position_noise+confidence_error,,trust_weighted_fusion,move,2,0,2.636,4.676,51.876,uav_2,4.676,False,False,False,False,False,1,"[{""id"": ""obstacle_0"", ""kind"": ""static_obstacle"", ""x"": 50.0, ""y"": 50.0, ""radius"": 5.0}]"
delayed_track_sharing,327,65.4,2,85.389,88.373,86.0,90.0,50.0,50.0,,,none,,trust_weighted_fusion,at_goal,0,0,1.738,4.676,47.201,uav_1,4.676,False,False,False,False,True,1,"[{""id"": ""obstacle_0"", ""kind"": ""static_obstacle"", ""x"": 50.0, ""y"": 50.0, ""radius"": 5.0}]"
delayed_track_sharing,327,65.4,3,89.19,84.478,90.0,86.0,50.0,50.0,,,none,,trust_weighted_fusion,at_goal,0,0,1.724,2.244,47.197,uav_0,2.244,True,False,False,False,True,1,"[{""id"": ""obstacle_0"", ""kind"": ""static_obstacle"", ""x"": 50.0, ""y"": 50.0, ""radius"": 5.0}]"
delayed_track_sharing,328,65.6,0,91.558,83.616,94.0,90.0,50.0,50.0,,,false_negative+position_noise+confidence_error,,trust_weighted_fusion,avoidance,2,0,6.836,2.52,48.451,uav_3,2.52,True,False,False,False,False,1,"[{""id"": ""obstacle_0"", ""kind"": ""static_obstacle"", ""x"": 50.0, ""y"": 50.0, ""radius"": 5.0}]"
delayed_track_sharing,328,65.6,1,88.829,92.095,90.0,94.0,50.0,50.0,,,false_negative+position_noise+confidence_error,,trust_weighted_fusion,move,2,0,2.236,5.068,52.268,uav_2,5.068,False,False,False,False,False,1,"[{""id"": ""obstacle_0"", ""kind"": ""static_obstacle"", ""x"": 50.0, ""y"": 50.0, ""radius"": 5.0}]"
delayed_track_sharing,328,65.6,2,85.389,88.373,86.0,90.0,50.0,50.0,,,none,,trust_weighted_fusion,at_goal,0,0,1.738,5.068,47.201,uav_1,5.068,False,False,False,False,True,1,"[{""id"": ""obstacle_0"", ""kind"": ""static_obstacle"", ""x"": 50.0, ""y"": 50.0, ""radius"": 5.0}]"
delayed_track_sharing,328,65.6,3,89.19,84.478,90.0,86.0,50.0,50.0,,,none,,trust_weighted_fusion,at_goal,0,0,1.724,2.52,47.197,uav_0,2.52,True,False,False,False,True,1,"[{""id"": ""obstacle_0"", ""kind"": ""static_obstacle"", ""x"": 50.0, ""y"": 50.0, ""radius"": 5.0}]"
delayed_track_sharing,329,65.8,0,91.701,83.989,94.0,90.0,50.0,50.0,,,false_negative+position_noise+confidence_error,,trust_weighted_fusion,move,2,0,6.436,2.558,48.798,uav_3,2.558,True,False,False,False,False,1,"[{""id"": ""obstacle_0"", ""kind"": ""static_obstacle"", ""x"": 50.0, ""y"": 50.0, ""radius"": 5.0}]"
delayed_track_sharing,329,65.8,1,89.038,92.436,90.0,94.0,50.0,50.0,,,position_noise+confidence_error,,trust_weighted_fusion,move,3,0,1.836,5.461,52.661,uav_2,5.461,False,False,False,False,True,1,"[{""id"": ""obstacle_0"", ""kind"": ""static_obstacle"", ""x"": 50.0, ""y"": 50.0, ""radius"": 5.0}]"
delayed_track_sharing,329,65.8,2,85.389,88.373,86.0,90.0,50.0,50.0,,,none,,trust_weighted_fusion,at_goal,0,0,1.738,5.442,47.201,uav_3,5.442,False,False,False,False,True,1,"[{""id"": ""obstacle_0"", ""kind"": ""static_obstacle"", ""x"": 50.0, ""y"": 50.0, ""radius"": 5.0}]"
delayed_track_sharing,329,65.8,3,89.19,84.478,90.0,86.0,50.0,50.0,,,none,,trust_weighted_fusion,at_goal,0,0,1.724,2.558,47.197,uav_0,2.558,True,False,False,False,True,1,"[{""id"": ""obstacle_0"", ""kind"": ""static_obstacle"", ""x"": 50.0, ""y"": 50.0, ""radius"": 5.0}]"
delayed_track_sharing,330,66.0,0,91.843,84.363,94.0,90.0,50.0,50.0,,,false_negative+position_noise+confidence_error,,trust_weighted_fusion,move,2,0,6.036,2.656,49.145,uav_3,2.656,True,False,False,False,False,1,"[{""id"": ""obstacle_0"", ""kind"": ""static_obstacle"", ""x"": 50.0, ""y"": 50.0, ""radius"": 5.0}]"
delayed_track_sharing,330,66.0,1,89.038,92.436,90.0,94.0,50.0,50.0,,,none,,trust_weighted_fusion,at_goal,0,0,1.836,5.461,52.661,uav_2,5.461,False,False,False,False,True,1,"[{""id"": ""obstacle_0"", ""kind"": ""static_obstacle"", ""x"": 50.0, ""y"": 50.0, ""radius"": 5.0}]"
delayed_track_sharing,330,66.0,2,85.389,88.373,86.0,90.0,50.0,50.0,,,none,,trust_weighted_fusion,at_goal,0,0,1.738,5.442,47.201,uav_3,5.442,False,False,False,False,True,1,"[{""id"": ""obstacle_0"", ""kind"": ""static_obstacle"", ""x"": 50.0, ""y"": 50.0, ""radius"": 5.0}]"
delayed_track_sharing,330,66.0,3,89.19,84.478,90.0,86.0,50.0,50.0,,,none,,trust_weighted_fusion,at_goal,0,0,1.724,2.656,47.197,uav_0,2.656,True,False,False,False,True,1,"[{""id"": ""obstacle_0"", ""kind"": ""static_obstacle"", ""x"": 50.0, ""y"": 50.0, ""radius"": 5.0}]"
delayed_track_sharing,331,66.2,0,91.986,84.737,94.0,90.0,50.0,50.0,,,false_negative+position_noise+confidence_error,,trust_weighted_fusion,move,2,0,5.636,2.808,49.493,uav_3,2.808,True,False,False,False,False,1,"[{""id"": ""obstacle_0"", ""kind"": ""static_obstacle"", ""x"": 50.0, ""y"": 50.0, ""radius"": 5.0}]"
delayed_track_sharing,331,66.2,1,89.038,92.436,90.0,94.0,50.0,50.0,,,none,,trust_weighted_fusion,at_goal,0,0,1.836,5.461,52.661,uav_2,5.461,False,False,False,False,True,1,"[{""id"": ""obstacle_0"", ""kind"": ""static_obstacle"", ""x"": 50.0, ""y"": 50.0, ""radius"": 5.0}]"
delayed_track_sharing,331,66.2,2,85.389,88.373,86.0,90.0,50.0,50.0,,,none,,trust_weighted_fusion,at_goal,0,0,1.738,5.442,47.201,uav_3,5.442,False,False,False,False,True,1,"[{""id"": ""obstacle_0"", ""kind"": ""static_obstacle"", ""x"": 50.0, ""y"": 50.0, ""radius"": 5.0}]"
delayed_track_sharing,331,66.2,3,89.19,84.478,90.0,86.0,50.0,50.0,,,none,,trust_weighted_fusion,at_goal,0,0,1.724,2.808,47.197,uav_0,2.808,True,False,False,False,True,1,"[{""id"": ""obstacle_0"", ""kind"": ""static_obstacle"", ""x"": 50.0, ""y"": 50.0, ""radius"": 5.0}]"
delayed_track_sharing,332,66.4,0,92.334,84.934,94.0,90.0,50.0,50.0,,,position_noise+confidence_error,,trust_weighted_fusion,avoidance,3,0,5.333,3.177,49.887,uav_3,3.177,True,False,False,False,False,1,"[{""id"": ""obstacle_0"", ""kind"": ""static_obstacle"", ""x"": 50.0, ""y"": 50.0, ""radius"": 5.0}]"
delayed_track_sharing,332,66.4,1,89.038,92.436,90.0,94.0,50.0,50.0,,,none,,trust_weighted_fusion,at_goal,0,0,1.836,5.461,52.661,uav_2,5.461,False,False,False,False,True,1,"[{""id"": ""obstacle_0"", ""kind"": ""static_obstacle"", ""x"": 50.0, ""y"": 50.0, ""radius"": 5.0}]"
delayed_track_sharing,332,66.4,2,85.389,88.373,86.0,90.0,50.0,50.0,,,none,,trust_weighted_fusion,at_goal,0,0,1.738,5.442,47.201,uav_3,5.442,False,False,False,False,True,1,"[{""id"": ""obstacle_0"", ""kind"": ""static_obstacle"", ""x"": 50.0, ""y"": 50.0, ""radius"": 5.0}]"
delayed_track_sharing,332,66.4,3,89.19,84.478,90.0,86.0,50.0,50.0,,,none,,trust_weighted_fusion,at_goal,0,0,1.724,3.177,47.197,uav_0,3.177,True,False,False,False,True,1,"[{""id"": ""obstacle_0"", ""kind"": ""static_obstacle"", ""x"": 50.0, ""y"": 50.0, ""radius"": 5.0}]"
delayed_track_sharing,333,66.6,0,92.459,85.314,94.0,90.0,50.0,50.0,,,position_noise+confidence_error,,trust_weighted_fusion,move,3,0,4.933,3.375,50.225,uav_3,3.375,True,False,False,False,False,1,"[{""id"": ""obstacle_0"", ""kind"": ""static_obstacle"", ""x"": 50.0, ""y"": 50.0, ""radius"": 5.0}]"
delayed_track_sharing,333,66.6,1,89.038,92.436,90.0,94.0,50.0,50.0,,,none,,trust_weighted_fusion,at_goal,0,0,1.836,5.461,52.661,uav_2,5.461,False,False,False,False,True,1,"[{""id"": ""obstacle_0"", ""kind"": ""static_obstacle"", ""x"": 50.0, ""y"": 50.0, ""radius"": 5.0}]"
delayed_track_sharing,333,66.6,2,85.389,88.373,86.0,90.0,50.0,50.0,,,none,,trust_weighted_fusion,at_goal,0,0,1.738,5.442,47.201,uav_3,5.442,False,False,False,False,True,1,"[{""id"": ""obstacle_0"", ""kind"": ""static_obstacle"", ""x"": 50.0, ""y"": 50.0, ""radius"": 5.0}]"
delayed_track_sharing,333,66.6,3,89.19,84.478,90.0,86.0,50.0,50.0,,,none,,trust_weighted_fusion,at_goal,0,0,1.724,3.375,47.197,uav_0,3.375,True,False,False,False,True,1,"[{""id"": ""obstacle_0"", ""kind"": ""static_obstacle"", ""x"": 50.0, ""y"": 50.0, ""radius"": 5.0}]"
delayed_track_sharing,334,66.8,0,92.584,85.694,94.0,90.0,50.0,50.0,,,position_noise+confidence_error,,trust_weighted_fusion,move,3,0,4.533,3.606,50.565,uav_3,3.606,False,False,False,False,False,1,"[{""id"": ""obstacle_0"", ""kind"": ""static_obstacle"", ""x"": 50.0, ""y"": 50.0, ""radius"": 5.0}]"
delayed_track_sharing,334,66.8,1,89.038,92.436,90.0,94.0,50.0,50.0,,,none,,trust_weighted_fusion,at_goal,0,0,1.836,5.461,52.661,uav_2,5.461,False,False,False,False,True,1,"[{""id"": ""obstacle_0"", ""kind"": ""static_obstacle"", ""x"": 50.0, ""y"": 50.0, ""radius"": 5.0}]"
delayed_track_sharing,334,66.8,2,85.389,88.373,86.0,90.0,50.0,50.0,,,none,,trust_weighted_fusion,at_goal,0,0,1.738,5.442,47.201,uav_3,5.442,False,False,False,False,True,1,"[{""id"": ""obstacle_0"", ""kind"": ""static_obstacle"", ""x"": 50.0, ""y"": 50.0, ""radius"": 5.0}]"
delayed_track_sharing,334,66.8,3,89.19,84.478,90.0,86.0,50.0,50.0,,,none,,trust_weighted_fusion,at_goal,0,0,1.724,3.606,47.197,uav_0,3.606,False,False,False,False,True,1,"[{""id"": ""obstacle_0"", ""kind"": ""static_obstacle"", ""x"": 50.0, ""y"": 50.0, ""radius"": 5.0}]"
delayed_track_sharing,335,67.0,0,92.709,86.074,94.0,90.0,50.0,50.0,,,false_negative+position_noise+confidence_error,,trust_weighted_fusion,move,2,0,4.133,3.864,50.905,uav_3,3.864,False,False,False,False,False,1,"[{""id"": ""obstacle_0"", ""kind"": ""static_obstacle"", ""x"": 50.0, ""y"": 50.0, ""radius"": 5.0}]"
delayed_track_sharing,335,67.0,1,89.038,92.436,90.0,94.0,50.0,50.0,,,none,,trust_weighted_fusion,at_goal,0,0,1.836,5.461,52.661,uav_2,5.461,False,False,False,False,True,1,"[{""id"": ""obstacle_0"", ""kind"": ""static_obstacle"", ""x"": 50.0, ""y"": 50.0, ""radius"": 5.0}]"
delayed_track_sharing,335,67.0,2,85.389,88.373,86.0,90.0,50.0,50.0,,,none,,trust_weighted_fusion,at_goal,0,0,1.738,5.442,47.201,uav_3,5.442,False,False,False,False,True,1,"[{""id"": ""obstacle_0"", ""kind"": ""static_obstacle"", ""x"": 50.0, ""y"": 50.0, ""radius"": 5.0}]"
delayed_track_sharing,335,67.0,3,89.19,84.478,90.0,86.0,50.0,50.0,,,none,,trust_weighted_fusion,at_goal,0,0,1.724,3.864,47.197,uav_0,3.864,False,False,False,False,True,1,"[{""id"": ""obstacle_0"", ""kind"": ""static_obstacle"", ""x"": 50.0, ""y"": 50.0, ""radius"": 5.0}]"
delayed_track_sharing,336,67.2,0,92.834,86.454,94.0,90.0,50.0,50.0,,,false_negative+position_noise+confidence_error,,trust_weighted_fusion,move,2,0,3.733,4.145,51.246,uav_3,4.145,False,False,False,False,False,1,"[{""id"": ""obstacle_0"", ""kind"": ""static_obstacle"", ""x"": 50.0, ""y"": 50.0, ""radius"": 5.0}]"
delayed_track_sharing,336,67.2,1,89.038,92.436,90.0,94.0,50.0,50.0,,,none,,trust_weighted_fusion,at_goal,0,0,1.836,5.461,52.661,uav_2,5.461,False,False,False,False,True,1,"[{""id"": ""obstacle_0"", ""kind"": ""static_obstacle"", ""x"": 50.0, ""y"": 50.0, ""radius"": 5.0}]"
delayed_track_sharing,336,67.2,2,85.389,88.373,86.0,90.0,50.0,50.0,,,none,,trust_weighted_fusion,at_goal,0,0,1.738,5.442,47.201,uav_3,5.442,False,False,False,False,True,1,"[{""id"": ""obstacle_0"", ""kind"": ""static_obstacle"", ""x"": 50.0, ""y"": 50.0, ""radius"": 5.0}]"
delayed_track_sharing,336,67.2,3,89.19,84.478,90.0,86.0,50.0,50.0,,,none,,trust_weighted_fusion,at_goal,0,0,1.724,4.145,47.197,uav_0,4.145,False,False,False,False,True,1,"[{""id"": ""obstacle_0"", ""kind"": ""static_obstacle"", ""x"": 50.0, ""y"": 50.0, ""radius"": 5.0}]"
delayed_track_sharing,337,67.4,0,92.959,86.834,94.0,90.0,50.0,50.0,,,position_noise+confidence_error,,trust_weighted_fusion,move,3,0,3.333,4.445,51.588,uav_3,4.445,False,False,False,False,False,1,"[{""id"": ""obstacle_0"", ""kind"": ""static_obstacle"", ""x"": 50.0, ""y"": 50.0, ""radius"": 5.0}]"
delayed_track_sharing,337,67.4,1,89.038,92.436,90.0,94.0,50.0,50.0,,,none,,trust_weighted_fusion,at_goal,0,0,1.836,5.461,52.661,uav_2,5.461,False,False,False,False,True,1,"[{""id"": ""obstacle_0"", ""kind"": ""static_obstacle"", ""x"": 50.0, ""y"": 50.0, ""radius"": 5.0}]"
delayed_track_sharing,337,67.4,2,85.389,88.373,86.0,90.0,50.0,50.0,,,none,,trust_weighted_fusion,at_goal,0,0,1.738,5.442,47.201,uav_3,5.442,False,False,False,False,True,1,"[{""id"": ""obstacle_0"", ""kind"": ""static_obstacle"", ""x"": 50.0, ""y"": 50.0, ""radius"": 5.0}]"
delayed_track_sharing,337,67.4,3,89.19,84.478,90.0,86.0,50.0,50.0,,,none,,trust_weighted_fusion,at_goal,0,0,1.724,4.445,47.197,uav_0,4.445,False,False,False,False,True,1,"[{""id"": ""obstacle_0"", ""kind"": ""static_obstacle"", ""x"": 50.0, ""y"": 50.0, ""radius"": 5.0}]"
delayed_track_sharing,338,67.6,0,93.084,87.214,94.0,90.0,50.0,50.0,,,false_negative+confidence_error,,trust_weighted_fusion,move,0,0,2.933,4.759,51.931,uav_3,4.759,False,False,False,False,False,1,"[{""id"": ""obstacle_0"", ""kind"": ""static_obstacle"", ""x"": 50.0, ""y"": 50.0, ""radius"": 5.0}]"
delayed_track_sharing,338,67.6,1,89.038,92.436,90.0,94.0,50.0,50.0,,,none,,trust_weighted_fusion,at_goal,0,0,1.836,5.461,52.661,uav_2,5.461,False,False,False,False,True,1,"[{""id"": ""obstacle_0"", ""kind"": ""static_obstacle"", ""x"": 50.0, ""y"": 50.0, ""radius"": 5.0}]"
delayed_track_sharing,338,67.6,2,85.389,88.373,86.0,90.0,50.0,50.0,,,none,,trust_weighted_fusion,at_goal,0,0,1.738,5.442,47.201,uav_3,5.442,False,False,False,False,True,1,"[{""id"": ""obstacle_0"", ""kind"": ""static_obstacle"", ""x"": 50.0, ""y"": 50.0, ""radius"": 5.0}]"
delayed_track_sharing,338,67.6,3,89.19,84.478,90.0,86.0,50.0,50.0,,,none,,trust_weighted_fusion,at_goal,0,0,1.724,4.759,47.197,uav_0,4.759,False,False,False,False,True,1,"[{""id"": ""obstacle_0"", ""kind"": ""static_obstacle"", ""x"": 50.0, ""y"": 50.0, ""radius"": 5.0}]"
delayed_track_sharing,339,67.8,0,93.209,87.594,94.0,90.0,50.0,50.0,,,position_noise+confidence_error,,trust_weighted_fusion,move,3,0,2.533,5.085,52.274,uav_3,5.085,False,False,False,False,False,1,"[{""id"": ""obstacle_0"", ""kind"": ""static_obstacle"", ""x"": 50.0, ""y"": 50.0, ""radius"": 5.0}]"
delayed_track_sharing,339,67.8,1,89.038,92.436,90.0,94.0,50.0,50.0,,,none,,trust_weighted_fusion,at_goal,0,0,1.836,5.461,52.661,uav_2,5.461,False,False,False,False,True,1,"[{""id"": ""obstacle_0"", ""kind"": ""static_obstacle"", ""x"": 50.0, ""y"": 50.0, ""radius"": 5.0}]"
delayed_track_sharing,339,67.8,2,85.389,88.373,86.0,90.0,50.0,50.0,,,none,,trust_weighted_fusion,at_goal,0,0,1.738,5.442,47.201,uav_3,5.442,False,False,False,False,True,1,"[{""id"": ""obstacle_0"", ""kind"": ""static_obstacle"", ""x"": 50.0, ""y"": 50.0, ""radius"": 5.0}]"
delayed_track_sharing,339,67.8,3,89.19,84.478,90.0,86.0,50.0,50.0,,,none,,trust_weighted_fusion,at_goal,0,0,1.724,5.085,47.197,uav_0,5.085,False,False,False,False,True,1,"[{""id"": ""obstacle_0"", ""kind"": ""static_obstacle"", ""x"": 50.0, ""y"": 50.0, ""radius"": 5.0}]"
delayed_track_sharing,340,68.0,0,93.334,87.974,94.0,90.0,50.0,50.0,,,position_noise+confidence_error,,trust_weighted_fusion,move,3,0,2.133,5.422,52.618,uav_3,5.422,False,False,False,False,False,1,"[{""id"": ""obstacle_0"", ""kind"": ""static_obstacle"", ""x"": 50.0, ""y"": 50.0, ""radius"": 5.0}]"
delayed_track_sharing,340,68.0,1,89.038,92.436,90.0,94.0,50.0,50.0,,,none,,trust_weighted_fusion,at_goal,0,0,1.836,5.461,52.661,uav_2,5.461,False,False,False,False,True,1,"[{""id"": ""obstacle_0"", ""kind"": ""static_obstacle"", ""x"": 50.0, ""y"": 50.0, ""radius"": 5.0}]"
delayed_track_sharing,340,68.0,2,85.389,88.373,86.0,90.0,50.0,50.0,,,none,,trust_weighted_fusion,at_goal,0,0,1.738,5.442,47.201,uav_3,5.442,False,False,False,False,True,1,"[{""id"": ""obstacle_0"", ""kind"": ""static_obstacle"", ""x"": 50.0, ""y"": 50.0, ""radius"": 5.0}]"
delayed_track_sharing,340,68.0,3,89.19,84.478,90.0,86.0,50.0,50.0,,,none,,trust_weighted_fusion,at_goal,0,0,1.724,5.422,47.197,uav_0,5.422,False,False,False,False,True,1,"[{""id"": ""obstacle_0"", ""kind"": ""static_obstacle"", ""x"": 50.0, ""y"": 50.0, ""radius"": 5.0}]"
delayed_track_sharing,341,68.2,0,93.459,88.354,94.0,90.0,50.0,50.0,,,false_negative+position_noise+confidence_error,,trust_weighted_fusion,move,1,0,1.733,5.766,52.963,uav_3,5.766,False,False,False,False,True,1,"[{""id"": ""obstacle_0"", ""kind"": ""static_obstacle"", ""x"": 50.0, ""y"": 50.0, ""radius"": 5.0}]"
delayed_track_sharing,341,68.2,1,89.038,92.436,90.0,94.0,50.0,50.0,,,none,,trust_weighted_fusion,at_goal,0,0,1.836,5.461,52.661,uav_2,5.461,False,False,False,False,True,1,"[{""id"": ""obstacle_0"", ""kind"": ""static_obstacle"", ""x"": 50.0, ""y"": 50.0, ""radius"": 5.0}]"
delayed_track_sharing,341,68.2,2,85.389,88.373,86.0,90.0,50.0,50.0,,,none,,trust_weighted_fusion,at_goal,0,0,1.738,5.442,47.201,uav_3,5.442,False,False,False,False,True,1,"[{""id"": ""obstacle_0"", ""kind"": ""static_obstacle"", ""x"": 50.0, ""y"": 50.0, ""radius"": 5.0}]"
delayed_track_sharing,341,68.2,3,89.19,84.478,90.0,86.0,50.0,50.0,,,none,,trust_weighted_fusion,at_goal,0,0,1.724,5.442,47.197,uav_2,5.442,False,False,False,False,True,1,"[{""id"": ""obstacle_0"", ""kind"": ""static_obstacle"", ""x"": 50.0, ""y"": 50.0, ""radius"": 5.0}]"
