scenario,step,time_s,uav_id,uav_pos_x,uav_pos_y,goal_pos_x,goal_pos_y,actual_obstacle_x,actual_obstacle_y,perceived_obstacle_x,perceived_obstacle_y,perception_error_type,confidence_value,fusion_mode,action_taken,num_perceived_detections,num_phantom_detections,dist_to_goal,distance_to_nearest_uav,distance_to_obstacle,nearest_entity_type,nearest_entity_distance,collision_risk_flag,unnecessary_avoidance_flag,missed_response_flag,mission_completed_flag,reached_goal,num_active_entities,active_entities_json
naive_fusion,0,0.0,0,5.289,5.276,94.0,90.0,50.0,50.0,,,false_negative+position_noise+confidence_error,,naive_fusion,move,2,0,122.669,9.967,58.24,uav_2,9.967,False,False,False,False,False,1,"[{""id"": ""obstacle_0"", ""kind"": ""static_obstacle"", ""x"": 50.0, ""y"": 50.0, ""radius"": 5.0}]"
naive_fusion,0,0.0,1,5.293,15.272,90.0,94.0,50.0,50.0,,,position_noise+confidence_error,,naive_fusion,move,3,0,115.643,9.996,51.61,uav_0,9.996,False,False,False,False,False,1,"[{""id"": ""obstacle_0"", ""kind"": ""static_obstacle"", ""x"": 50.0, ""y"": 50.0, ""radius"": 5.0}]"
naive_fusion,0,0.0,2,15.256,5.307,86.0,90.0,50.0,50.0,,,false_negative+position_noise+confidence_error,,naive_fusion,move,2,0,110.352,9.967,51.609,uav_0,9.967,False,False,False,False,False,1,"[{""id"": ""obstacle_0"", ""kind"": ""static_obstacle"", ""x"": 50.0, ""y"": 50.0, ""radius"": 5.0}]"
naive_fusion,0,0.0,3,15.29,15.275,90.0,86.0,50.0,50.0,,,position_noise+confidence_error,,naive_fusion,move,3,0,102.876,9.968,44.098,uav_2,9.968,False,False,False,False,False,1,"[{""id"": ""obstacle_0"", ""kind"": ""static_obstacle"", ""x"": 50.0, ""y"": 50.0, ""radius"": 5.0}]"
naive_fusion,1,0.2,0,5.579,5.553,94.0,90.0,50.0,50.0,,,position_noise+confidence_error,,naive_fusion,move,3,0,122.269,9.935,57.84,uav_2,9.935,False,False,False,False,False,1,"[{""id"": ""obstacle_0"", ""kind"": ""static_obstacle"", ""x"": 50.0, ""y"": 50.0, ""radius"": 5.0}]"
naive_fusion,1,0.2,1,5.586,15.545,90.0,94.0,50.0,50.0,,,false_negative+position_noise+confidence_error,,naive_fusion,move,2,0,115.243,9.992,51.212,uav_0,9.992,False,False,False,False,False,1,"[{""id"": ""obstacle_0"", ""kind"": ""static_obstacle"", ""x"": 50.0, ""y"": 50.0, ""radius"": 5.0}]"
naive_fusion,1,0.2,2,15.513,5.614,86.0,90.0,50.0,50.0,,,position_noise+confidence_error,,naive_fusion,move,3,0,109.952,9.935,51.209,uav_0,9.935,False,False,False,False,False,1,"[{""id"": ""obstacle_0"", ""kind"": ""static_obstacle"", ""x"": 50.0, ""y"": 50.0, ""radius"": 5.0}]"
naive_fusion,1,0.2,3,15.581,15.55,90.0,86.0,50.0,50.0,,,false_negative+position_noise+confidence_error,,naive_fusion,move,2,0,102.476,9.936,43.698,uav_2,9.936,False,False,False,False,False,1,"[{""id"": ""obstacle_0"", ""kind"": ""static_obstacle"", ""x"": 50.0, ""y"": 50.0, ""radius"": 5.0}]"
naive_fusion,2,0.4,0,5.868,5.829,94.0,90.0,50.0,50.0,,,position_noise+confidence_error,,naive_fusion,move,3,0,121.869,9.902,57.44,uav_2,9.902,False,False,False,False,False,1,"[{""id"": ""obstacle_0"", ""kind"": ""static_obstacle"", ""x"": 50.0, ""y"": 50.0, ""radius"": 5.0}]"
naive_fusion,2,0.4,1,5.879,15.817,90.0,94.0,50.0,50.0,,,position_noise+confidence_error,,naive_fusion,move,3,0,114.843,9.988,50.813,uav_0,9.988,False,False,False,False,False,1,"[{""id"": ""obstacle_0"", ""kind"": ""static_obstacle"", ""x"": 50.0, ""y"": 50.0, ""radius"": 5.0}]"
naive_fusion,2,0.4,2,15.769,5.921,86.0,90.0,50.0,50.0,,,false_negative+position_noise+confidence_error,,naive_fusion,move,1,0,109.552,9.902,50.81,uav_0,9.902,False,False,False,False,False,1,"[{""id"": ""obstacle_0"", ""kind"": ""static_obstacle"", ""x"": 50.0, ""y"": 50.0, ""radius"": 5.0}]"
naive_fusion,2,0.4,3,15.871,15.825,90.0,86.0,50.0,50.0,,,false_negative+position_noise+confidence_error,,naive_fusion,move,2,0,102.076,9.905,43.298,uav_2,9.905,False,False,False,False,False,1,"[{""id"": ""obstacle_0"", ""kind"": ""static_obstacle"", ""x"": 50.0, ""y"": 50.0, ""radius"": 5.0}]"
naive_fusion,3,0.6,0,6.157,6.105,94.0,90.0,50.0,50.0,,,false_negative+position_noise+confidence_error,,naive_fusion,move,2,0,121.469,9.869,57.04,uav_2,9.869,False,False,False,False,False,1,"[{""id"": ""obstacle_0"", ""kind"": ""static_obstacle"", ""x"": 50.0, ""y"": 50.0, ""radius"": 5.0}]"
naive_fusion,3,0.6,1,6.172,16.089,90.0,94.0,50.0,50.0,,,false_negative+position_noise+confidence_error,,naive_fusion,move,2,0,114.443,9.984,50.415,uav_0,9.984,False,False,False,False,False,1,"[{""id"": ""obstacle_0"", ""kind"": ""static_obstacle"", ""x"": 50.0, ""y"": 50.0, ""radius"": 5.0}]"
naive_fusion,3,0.6,2,16.026,6.228,86.0,90.0,50.0,50.0,,,position_noise+confidence_error,,naive_fusion,move,3,0,109.152,9.869,50.41,uav_0,9.869,False,False,False,False,False,1,"[{""id"": ""obstacle_0"", ""kind"": ""static_obstacle"", ""x"": 50.0, ""y"": 50.0, ""radius"": 5.0}]"
naive_fusion,3,0.6,3,16.162,16.1,90.0,86.0,50.0,50.0,,,false_negative+position_noise+confidence_error,,naive_fusion,move,2,0,101.676,9.873,42.898,uav_2,9.873,False,False,False,False,False,1,"[{""id"": ""obstacle_0"", ""kind"": ""static_obstacle"", ""x"": 50.0, ""y"": 50.0, ""radius"": 5.0}]"
naive_fusion,4,0.8,0,6.446,6.381,94.0,90.0,50.0,50.0,,,position_noise+confidence_error,,naive_fusion,move,3,0,121.069,9.837,56.64,uav_2,9.837,False,False,False,False,False,1,"[{""id"": ""obstacle_0"", ""kind"": ""static_obstacle"", ""x"": 50.0, ""y"": 50.0, ""radius"": 5.0}]"
naive_fusion,4,0.8,1,6.465,16.362,90.0,94.0,50.0,50.0,,,position_noise+confidence_error,,naive_fusion,move,3,0,114.043,9.98,50.017,uav_0,9.98,False,False,False,False,False,1,"[{""id"": ""obstacle_0"", ""kind"": ""static_obstacle"", ""x"": 50.0, ""y"": 50.0, ""radius"": 5.0}]"
naive_fusion,4,0.8,2,16.282,6.535,86.0,90.0,50.0,50.0,,,position_noise+confidence_error,,naive_fusion,move,3,0,108.752,9.837,50.01,uav_0,9.837,False,False,False,False,False,1,"[{""id"": ""obstacle_0"", ""kind"": ""static_obstacle"", ""x"": 50.0, ""y"": 50.0, ""radius"": 5.0}]"
naive_fusion,4,0.8,3,16.452,16.375,90.0,86.0,50.0,50.0,,,position_noise+confidence_error,,naive_fusion,move,3,0,101.276,9.841,42.498,uav_2,9.841,False,False,False,False,False,1,"[{""id"": ""obstacle_0"", ""kind"": ""static_obstacle"", ""x"": 50.0, ""y"": 50.0, ""radius"": 5.0}]"
naive_fusion,5,1.0,0,6.736,6.658,94.0,90.0,50.0,50.0,,,false_negative+position_noise+confidence_error,,naive_fusion,move,2,0,120.669,9.805,56.24,uav_2,9.805,False,False,False,False,False,1,"[{""id"": ""obstacle_0"", ""kind"": ""static_obstacle"", ""x"": 50.0, ""y"": 50.0, ""radius"": 5.0}]"
naive_fusion,5,1.0,1,6.758,16.634,90.0,94.0,50.0,50.0,,,false_negative+position_noise+confidence_error,,naive_fusion,move,2,0,113.643,9.976,49.618,uav_0,9.976,False,False,False,False,False,1,"[{""id"": ""obstacle_0"", ""kind"": ""static_obstacle"", ""x"": 50.0, ""y"": 50.0, ""radius"": 5.0}]"
naive_fusion,5,1.0,2,16.539,6.842,86.0,90.0,50.0,50.0,,,false_negative+position_noise+confidence_error,,naive_fusion,move,1,0,108.352,9.805,49.61,uav_0,9.805,False,False,False,False,False,1,"[{""id"": ""obstacle_0"", ""kind"": ""static_obstacle"", ""x"": 50.0, ""y"": 50.0, ""radius"": 5.0}]"
naive_fusion,5,1.0,3,16.743,16.65,90.0,86.0,50.0,50.0,,,position_noise+confidence_error,,naive_fusion,move,3,0,100.876,9.81,42.098,uav_2,9.81,False,False,False,False,False,1,"[{""id"": ""obstacle_0"", ""kind"": ""static_obstacle"", ""x"": 50.0, ""y"": 50.0, ""radius"": 5.0}]"
naive_fusion,6,1.2,0,7.025,6.934,94.0,90.0,50.0,50.0,,,false_negative+position_noise+confidence_error,,naive_fusion,move,1,0,120.269,9.772,55.84,uav_2,9.772,False,False,False,False,False,1,"[{""id"": ""obstacle_0"", ""kind"": ""static_obstacle"", ""x"": 50.0, ""y"": 50.0, ""radius"": 5.0}]"
naive_fusion,6,1.2,1,7.051,16.906,90.0,94.0,50.0,50.0,,,false_negative+position_noise+confidence_error,,naive_fusion,move,2,0,113.243,9.972,49.22,uav_0,9.972,False,False,False,False,False,1,"[{""id"": ""obstacle_0"", ""kind"": ""static_obstacle"", ""x"": 50.0, ""y"": 50.0, ""radius"": 5.0}]"
naive_fusion,6,1.2,2,16.795,7.149,86.0,90.0,50.0,50.0,,,position_noise+confidence_error,,naive_fusion,move,3,0,107.952,9.772,49.211,uav_0,9.772,False,False,False,False,False,1,"[{""id"": ""obstacle_0"", ""kind"": ""static_obstacle"", ""x"": 50.0, ""y"": 50.0, ""radius"": 5.0}]"
naive_fusion,6,1.2,3,17.033,16.925,90.0,86.0,50.0,50.0,,,false_negative+position_noise+confidence_error,,naive_fusion,move,1,0,100.476,9.779,41.699,uav_2,9.779,False,False,False,False,False,1,"[{""id"": ""obstacle_0"", ""kind"": ""static_obstacle"", ""x"": 50.0, ""y"": 50.0, ""radius"": 5.0}]"
naive_fusion,7,1.4,0,7.314,7.21,94.0,90.0,50.0,50.0,,,position_noise+confidence_error,,naive_fusion,move,3,0,119.869,9.74,55.441,uav_2,9.74,False,False,False,False,False,1,"[{""id"": ""obstacle_0"", ""kind"": ""static_obstacle"", ""x"": 50.0, ""y"": 50.0, ""radius"": 5.0}]"
naive_fusion,7,1.4,1,7.344,17.179,90.0,94.0,50.0,50.0,,,false_negative+position_noise+confidence_error,,naive_fusion,move,2,0,112.843,9.968,48.822,uav_0,9.968,False,False,False,False,False,1,"[{""id"": ""obstacle_0"", ""kind"": ""static_obstacle"", ""x"": 50.0, ""y"": 50.0, ""radius"": 5.0}]"
naive_fusion,7,1.4,2,17.051,7.456,86.0,90.0,50.0,50.0,,,position_noise+confidence_error,,naive_fusion,move,3,0,107.552,9.74,48.811,uav_0,9.74,False,False,False,False,False,1,"[{""id"": ""obstacle_0"", ""kind"": ""static_obstacle"", ""x"": 50.0, ""y"": 50.0, ""radius"": 5.0}]"
naive_fusion,7,1.4,3,17.324,17.2,90.0,86.0,50.0,50.0,,,position_noise+confidence_error,,naive_fusion,move,3,0,100.076,9.748,41.299,uav_2,9.748,False,False,False,False,False,1,"[{""id"": ""obstacle_0"", ""kind"": ""static_obstacle"", ""x"": 50.0, ""y"": 50.0, ""radius"": 5.0}]"
naive_fusion,8,1.6,0,7.603,7.486,94.0,90.0,50.0,50.0,,,position_noise+confidence_error,,naive_fusion,move,3,0,119.469,9.708,55.041,uav_2,9.708,False,False,False,False,False,1,"[{""id"": ""obstacle_0"", ""kind"": ""static_obstacle"", ""x"": 50.0, ""y"": 50.0, ""radius"": 5.0}]"
naive_fusion,8,1.6,1,7.637,17.451,90.0,94.0,50.0,50.0,,,false_negative+position_noise+confidence_error,,naive_fusion,move,2,0,112.443,9.964,48.424,uav_0,9.964,False,False,False,False,False,1,"[{""id"": ""obstacle_0"", ""kind"": ""static_obstacle"", ""x"": 50.0, ""y"": 50.0, ""radius"": 5.0}]"
naive_fusion,8,1.6,2,17.308,7.763,86.0,90.0,50.0,50.0,,,position_noise+confidence_error,,naive_fusion,move,3,0,107.152,9.708,48.411,uav_0,9.708,False,False,False,False,False,1,"[{""id"": ""obstacle_0"", ""kind"": ""static_obstacle"", ""x"": 50.0, ""y"": 50.0, ""radius"": 5.0}]"
naive_fusion,8,1.6,3,17.614,17.475,90.0,86.0,50.0,50.0,,,position_noise+confidence_error,,naive_fusion,move,3,0,99.676,9.717,40.899,uav_2,9.717,False,False,False,False,False,1,"[{""id"": ""obstacle_0"", ""kind"": ""static_obstacle"", ""x"": 50.0, ""y"": 50.0, ""radius"": 5.0}]"
naive_fusion,9,1.8,0,7.893,7.763,94.0,90.0,50.0,50.0,,,position_noise+confidence_error,,naive_fusion,move,3,0,119.069,9.676,54.641,uav_2,9.676,False,False,False,False,False,1,"[{""id"": ""obstacle_0"", ""kind"": ""static_obstacle"", ""x"": 50.0, ""y"": 50.0, ""radius"": 5.0}]"
naive_fusion,9,1.8,1,7.93,17.723,90.0,94.0,50.0,50.0,,,false_negative+position_noise+confidence_error,,naive_fusion,move,2,0,112.043,9.961,48.025,uav_0,9.961,False,False,False,False,False,1,"[{""id"": ""obstacle_0"", ""kind"": ""static_obstacle"", ""x"": 50.0, ""y"": 50.0, ""radius"": 5.0}]"
naive_fusion,9,1.8,2,17.564,8.07,86.0,90.0,50.0,50.0,,,position_noise+confidence_error,,naive_fusion,move,3,0,106.752,9.676,48.011,uav_0,9.676,False,False,False,False,False,1,"[{""id"": ""obstacle_0"", ""kind"": ""static_obstacle"", ""x"": 50.0, ""y"": 50.0, ""radius"": 5.0}]"
naive_fusion,9,1.8,3,17.905,17.75,90.0,86.0,50.0,50.0,,,false_negative+position_noise+confidence_error,,naive_fusion,move,1,0,99.276,9.686,40.499,uav_2,9.686,False,False,False,False,False,1,"[{""id"": ""obstacle_0"", ""kind"": ""static_obstacle"", ""x"": 50.0, ""y"": 50.0, ""radius"": 5.0}]"
naive_fusion,10,2.0,0,8.182,8.039,94.0,90.0,50.0,50.0,,,false_negative+position_noise+confidence_error,,naive_fusion,move,2,0,118.669,9.645,54.241,uav_2,9.645,False,False,False,False,False,1,"[{""id"": ""obstacle_0"", ""kind"": ""static_obstacle"", ""x"": 50.0, ""y"": 50.0, ""radius"": 5.0}]"
naive_fusion,10,2.0,1,8.223,17.995,90.0,94.0,50.0,50.0,,,false_negative+position_noise+confidence_error,,naive_fusion,move,2,0,111.643,9.957,47.627,uav_0,9.957,False,False,False,False,False,1,"[{""id"": ""obstacle_0"", ""kind"": ""static_obstacle"", ""x"": 50.0, ""y"": 50.0, ""radius"": 5.0}]"
naive_fusion,10,2.0,2,17.821,8.377,86.0,90.0,50.0,50.0,,,position_noise+confidence_error,,naive_fusion,move,3,0,106.352,9.645,47.612,uav_0,9.645,False,False,False,False,False,1,"[{""id"": ""obstacle_0"", ""kind"": ""static_obstacle"", ""x"": 50.0, ""y"": 50.0, ""radius"": 5.0}]"
naive_fusion,10,2.0,3,18.195,18.025,90.0,86.0,50.0,50.0,,,position_noise+confidence_error,,naive_fusion,move,3,0,98.876,9.655,40.099,uav_2,9.655,False,False,False,False,False,1,"[{""id"": ""obstacle_0"", ""kind"": ""static_obstacle"", ""x"": 50.0, ""y"": 50.0, ""radius"": 5.0}]"
naive_fusion,11,2.2,0,8.471,8.315,94.0,90.0,50.0,50.0,,,false_negative+position_noise+confidence_error,,naive_fusion,move,2,0,118.269,9.613,53.841,uav_2,9.613,False,False,False,False,False,1,"[{""id"": ""obstacle_0"", ""kind"": ""static_obstacle"", ""x"": 50.0, ""y"": 50.0, ""radius"": 5.0}]"
naive_fusion,11,2.2,1,8.516,18.268,90.0,94.0,50.0,50.0,,,position_noise+confidence_error,,naive_fusion,move,3,0,111.243,9.953,47.229,uav_0,9.953,False,False,False,False,False,1,"[{""id"": ""obstacle_0"", ""kind"": ""static_obstacle"", ""x"": 50.0, ""y"": 50.0, ""radius"": 5.0}]"
naive_fusion,11,2.2,2,18.077,8.684,86.0,90.0,50.0,50.0,,,false_negative+position_noise+confidence_error,,naive_fusion,move,1,0,105.952,9.613,47.212,uav_0,9.613,False,False,False,False,False,1,"[{""id"": ""obstacle_0"", ""kind"": ""static_obstacle"", ""x"": 50.0, ""y"": 50.0, ""radius"": 5.0}]"
naive_fusion,11,2.2,3,18.486,18.3,90.0,86.0,50.0,50.0,,,false_negative+position_noise+confidence_error,,naive_fusion,move,2,0,98.476,9.625,39.699,uav_2,9.625,False,False,False,False,False,1,"[{""id"": ""obstacle_0"", ""kind"": ""static_obstacle"", ""x"": 50.0, ""y"": 50.0, ""radius"": 5.0}]"
naive_fusion,12,2.4,0,8.76,8.591,94.0,90.0,50.0,50.0,,,position_noise+confidence_error,,naive_fusion,move,3,0,117.869,9.581,53.441,uav_2,9.581,False,False,False,False,False,1,"[{""id"": ""obstacle_0"", ""kind"": ""static_obstacle"", ""x"": 50.0, ""y"": 50.0, ""radius"": 5.0}]"
naive_fusion,12,2.4,1,8.809,18.54,90.0,94.0,50.0,50.0,,,false_negative+position_noise+confidence_error,,naive_fusion,move,2,0,110.843,9.949,46.831,uav_0,9.949,False,False,False,False,False,1,"[{""id"": ""obstacle_0"", ""kind"": ""static_obstacle"", ""x"": 50.0, ""y"": 50.0, ""radius"": 5.0}]"
naive_fusion,12,2.4,2,18.334,8.991,86.0,90.0,50.0,50.0,,,position_noise+confidence_error,,naive_fusion,move,3,0,105.552,9.581,46.812,uav_0,9.581,False,False,False,False,False,1,"[{""id"": ""obstacle_0"", ""kind"": ""static_obstacle"", ""x"": 50.0, ""y"": 50.0, ""radius"": 5.0}]"
naive_fusion,12,2.4,3,18.776,18.575,90.0,86.0,50.0,50.0,,,position_noise+confidence_error,,naive_fusion,move,3,0,98.076,9.594,39.3,uav_2,9.594,False,False,False,False,False,1,"[{""id"": ""obstacle_0"", ""kind"": ""static_obstacle"", ""x"": 50.0, ""y"": 50.0, ""radius"": 5.0}]"
naive_fusion,13,2.6,0,9.05,8.868,94.0,90.0,50.0,50.0,,,position_noise+confidence_error,,naive_fusion,move,3,0,117.469,9.55,53.041,uav_2,9.55,False,False,False,False,False,1,"[{""id"": ""obstacle_0"", ""kind"": ""static_obstacle"", ""x"": 50.0, ""y"": 50.0, ""radius"": 5.0}]"
naive_fusion,13,2.6,1,9.102,18.812,90.0,94.0,50.0,50.0,,,position_noise+confidence_error,,naive_fusion,move,3,0,110.443,9.945,46.433,uav_0,9.945,False,False,False,False,False,1,"[{""id"": ""obstacle_0"", ""kind"": ""static_obstacle"", ""x"": 50.0, ""y"": 50.0, ""radius"": 5.0}]"
naive_fusion,13,2.6,2,18.59,9.298,86.0,90.0,50.0,50.0,,,position_noise+confidence_error,,naive_fusion,move,3,0,105.152,9.55,46.413,uav_0,9.55,False,False,False,False,False,1,"[{""id"": ""obstacle_0"", ""kind"": ""static_obstacle"", ""x"": 50.0, ""y"": 50.0, ""radius"": 5.0}]"
naive_fusion,13,2.6,3,19.067,18.85,90.0,86.0,50.0,50.0,,,false_negative+position_noise+confidence_error,,naive_fusion,move,1,0,97.676,9.564,38.9,uav_2,9.564,False,False,False,False,False,1,"[{""id"": ""obstacle_0"", ""kind"": ""static_obstacle"", ""x"": 50.0, ""y"": 50.0, ""radius"": 5.0}]"
naive_fusion,14,2.8,0,9.339,9.144,94.0,90.0,50.0,50.0,,,position_noise+confidence_error,,naive_fusion,move,3,0,117.069,9.519,52.641,uav_2,9.519,False,False,False,False,False,1,"[{""id"": ""obstacle_0"", ""kind"": ""static_obstacle"", ""x"": 50.0, ""y"": 50.0, ""radius"": 5.0}]"
naive_fusion,14,2.8,1,9.395,19.085,90.0,94.0,50.0,50.0,,,position_noise+confidence_error,,naive_fusion,move,3,0,110.043,9.941,46.035,uav_0,9.941,False,False,False,False,False,1,"[{""id"": ""obstacle_0"", ""kind"": ""static_obstacle"", ""x"": 50.0, ""y"": 50.0, ""radius"": 5.0}]"
naive_fusion,14,2.8,2,18.846,9.605,86.0,90.0,50.0,50.0,,,position_noise+confidence_error,,naive_fusion,move,3,0,104.752,9.519,46.013,uav_0,9.519,False,False,False,False,False,1,"[{""id"": ""obstacle_0"", ""kind"": ""static_obstacle"", ""x"": 50.0, ""y"": 50.0, ""radius"": 5.0}]"
naive_fusion,14,2.8,3,19.357,19.125,90.0,86.0,50.0,50.0,,,position_noise+confidence_error,,naive_fusion,move,3,0,97.276,9.534,38.5,uav_2,9.534,False,False,False,False,False,1,"[{""id"": ""obstacle_0"", ""kind"": ""static_obstacle"", ""x"": 50.0, ""y"": 50.0, ""radius"": 5.0}]"
naive_fusion,15,3.0,0,9.628,9.42,94.0,90.0,50.0,50.0,,,position_noise+confidence_error,,naive_fusion,move,3,0,116.669,9.487,52.241,uav_2,9.487,False,False,False,False,False,1,"[{""id"": ""obstacle_0"", ""kind"": ""static_obstacle"", ""x"": 50.0, ""y"": 50.0, ""radius"": 5.0}]"
naive_fusion,15,3.0,1,9.688,19.357,90.0,94.0,50.0,50.0,,,position_noise+confidence_error,,naive_fusion,move,3,0,109.643,9.937,45.637,uav_0,9.937,False,False,False,False,False,1,"[{""id"": ""obstacle_0"", ""kind"": ""static_obstacle"", ""x"": 50.0, ""y"": 50.0, ""radius"": 5.0}]"
naive_fusion,15,3.0,2,19.103,9.912,86.0,90.0,50.0,50.0,,,false_negative+position_noise+confidence_error,,naive_fusion,move,2,0,104.352,9.487,45.613,uav_0,9.487,False,False,False,False,False,1,"[{""id"": ""obstacle_0"", ""kind"": ""static_obstacle"", ""x"": 50.0, ""y"": 50.0, ""radius"": 5.0}]"
naive_fusion,15,3.0,3,19.648,19.4,90.0,86.0,50.0,50.0,,,false_negative+position_noise+confidence_error,,naive_fusion,move,2,0,96.876,9.504,38.1,uav_2,9.504,False,False,False,False,False,1,"[{""id"": ""obstacle_0"", ""kind"": ""static_obstacle"", ""x"": 50.0, ""y"": 50.0, ""radius"": 5.0}]"
naive_fusion,16,3.2,0,9.918,9.697,94.0,90.0,50.0,50.0,,,false_negative+position_noise+confidence_error,,naive_fusion,move,1,0,116.269,9.456,51.842,uav_2,9.456,False,False,False,False,False,1,"[{""id"": ""obstacle_0"", ""kind"": ""static_obstacle"", ""x"": 50.0, ""y"": 50.0, ""radius"": 5.0}]"
naive_fusion,16,3.2,1,9.981,19.629,90.0,94.0,50.0,50.0,,,position_noise+confidence_error,,naive_fusion,move,3,0,109.243,9.933,45.238,uav_0,9.933,False,False,False,False,False,1,"[{""id"": ""obstacle_0"", ""kind"": ""static_obstacle"", ""x"": 50.0, ""y"": 50.0, ""radius"": 5.0}]"
naive_fusion,16,3.2,2,19.359,10.219,86.0,90.0,50.0,50.0,,,position_noise+confidence_error,,naive_fusion,move,3,0,103.952,9.456,45.213,uav_0,9.456,False,False,False,False,False,1,"[{""id"": ""obstacle_0"", ""kind"": ""static_obstacle"", ""x"": 50.0, ""y"": 50.0, ""radius"": 5.0}]"
naive_fusion,16,3.2,3,19.938,19.675,90.0,86.0,50.0,50.0,,,position_noise+confidence_error,,naive_fusion,move,3,0,96.476,9.474,37.7,uav_2,9.474,False,False,False,False,False,1,"[{""id"": ""obstacle_0"", ""kind"": ""static_obstacle"", ""x"": 50.0, ""y"": 50.0, ""radius"": 5.0}]"
naive_fusion,17,3.4,0,10.207,9.973,94.0,90.0,50.0,50.0,,,position_noise+confidence_error,,naive_fusion,move,3,0,115.869,9.425,51.442,uav_2,9.425,False,False,False,False,False,1,"[{""id"": ""obstacle_0"", ""kind"": ""static_obstacle"", ""x"": 50.0, ""y"": 50.0, ""radius"": 5.0}]"
naive_fusion,17,3.4,1,10.274,19.902,90.0,94.0,50.0,50.0,,,position_noise+confidence_error,,naive_fusion,move,3,0,108.843,9.929,44.84,uav_0,9.929,False,False,False,False,False,1,"[{""id"": ""obstacle_0"", ""kind"": ""static_obstacle"", ""x"": 50.0, ""y"": 50.0, ""radius"": 5.0}]"
naive_fusion,17,3.4,2,19.616,10.526,86.0,90.0,50.0,50.0,,,position_noise+confidence_error,,naive_fusion,move,3,0,103.552,9.425,44.814,uav_0,9.425,False,False,False,False,False,1,"[{""id"": ""obstacle_0"", ""kind"": ""static_obstacle"", ""x"": 50.0, ""y"": 50.0, ""radius"": 5.0}]"
naive_fusion,17,3.4,3,20.229,19.95,90.0,86.0,50.0,50.0,,,false_negative+position_noise+confidence_error,,naive_fusion,move,2,0,96.076,9.444,37.301,uav_2,9.444,False,False,False,False,False,1,"[{""id"": ""obstacle_0"", ""kind"": ""static_obstacle"", ""x"": 50.0, ""y"": 50.0, ""radius"": 5.0}]"
naive_fusion,18,3.6,0,10.496,10.249,94.0,90.0,50.0,50.0,,,position_noise+confidence_error,,naive_fusion,move,3,0,115.469,9.394,51.042,uav_2,9.394,False,False,False,False,False,1,"[{""id"": ""obstacle_0"", ""kind"": ""static_obstacle"", ""x"": 50.0, ""y"": 50.0, ""radius"": 5.0}]"
naive_fusion,18,3.6,1,10.567,20.174,90.0,94.0,50.0,50.0,,,position_noise+confidence_error,,naive_fusion,move,3,0,108.443,9.925,44.443,uav_0,9.925,False,False,False,False,False,1,"[{""id"": ""obstacle_0"", ""kind"": ""static_obstacle"", ""x"": 50.0, ""y"": 50.0, ""radius"": 5.0}]"
naive_fusion,18,3.6,2,19.872,10.833,86.0,90.0,50.0,50.0,,,position_noise+confidence_error,,naive_fusion,move,3,0,103.152,9.394,44.414,uav_0,9.394,False,False,False,False,False,1,"[{""id"": ""obstacle_0"", ""kind"": ""static_obstacle"", ""x"": 50.0, ""y"": 50.0, ""radius"": 5.0}]"
naive_fusion,18,3.6,3,20.519,20.225,90.0,86.0,50.0,50.0,,,position_noise+confidence_error,,naive_fusion,move,3,0,95.676,9.414,36.901,uav_2,9.414,False,False,False,False,False,1,"[{""id"": ""obstacle_0"", ""kind"": ""static_obstacle"", ""x"": 50.0, ""y"": 50.0, ""radius"": 5.0}]"
naive_fusion,19,3.8,0,10.785,10.525,94.0,90.0,50.0,50.0,,,false_negative+position_noise+confidence_error,,naive_fusion,move,2,0,115.069,9.363,50.642,uav_2,9.363,False,False,False,False,False,1,"[{""id"": ""obstacle_0"", ""kind"": ""static_obstacle"", ""x"": 50.0, ""y"": 50.0, ""radius"": 5.0}]"
naive_fusion,19,3.8,1,10.86,20.446,90.0,94.0,50.0,50.0,,,false_negative+position_noise+confidence_error,,naive_fusion,move,2,0,108.043,9.921,44.045,uav_0,9.921,False,False,False,False,False,1,"[{""id"": ""obstacle_0"", ""kind"": ""static_obstacle"", ""x"": 50.0, ""y"": 50.0, ""radius"": 5.0}]"
naive_fusion,19,3.8,2,20.129,11.14,86.0,90.0,50.0,50.0,,,false_negative+position_noise+confidence_error,,naive_fusion,move,2,0,102.752,9.363,44.014,uav_0,9.363,False,False,False,False,False,1,"[{""id"": ""obstacle_0"", ""kind"": ""static_obstacle"", ""x"": 50.0, ""y"": 50.0, ""radius"": 5.0}]"
naive_fusion,19,3.8,3,20.81,20.5,90.0,86.0,50.0,50.0,,,position_noise+confidence_error,,naive_fusion,move,3,0,95.276,9.385,36.501,uav_2,9.385,False,False,False,False,False,1,"[{""id"": ""obstacle_0"", ""kind"": ""static_obstacle"", ""x"": 50.0, ""y"": 50.0, ""radius"": 5.0}]"
naive_fusion,20,4.0,0,11.075,10.802,94.0,90.0,50.0,50.0,,,position_noise+confidence_error,,naive_fusion,move,3,0,114.669,9.333,50.242,uav_2,9.333,False,False,False,False,False,1,"[{""id"": ""obstacle_0"", ""kind"": ""static_obstacle"", ""x"": 50.0, ""y"": 50.0, ""radius"": 5.0}]"
naive_fusion,20,4.0,1,11.153,20.719,90.0,94.0,50.0,50.0,,,false_negative+position_noise+confidence_error,,naive_fusion,move,2,0,107.643,9.917,43.647,uav_0,9.917,False,False,False,False,False,1,"[{""id"": ""obstacle_0"", ""kind"": ""static_obstacle"", ""x"": 50.0, ""y"": 50.0, ""radius"": 5.0}]"
naive_fusion,20,4.0,2,20.385,11.447,86.0,90.0,50.0,50.0,,,position_noise+confidence_error,,naive_fusion,move,3,0,102.352,9.333,43.615,uav_0,9.333,False,False,False,False,False,1,"[{""id"": ""obstacle_0"", ""kind"": ""static_obstacle"", ""x"": 50.0, ""y"": 50.0, ""radius"": 5.0}]"
naive_fusion,20,4.0,3,21.1,20.775,90.0,86.0,50.0,50.0,,,position_noise+confidence_error,,naive_fusion,move,3,0,94.876,9.355,36.101,uav_2,9.355,False,False,False,False,False,1,"[{""id"": ""obstacle_0"", ""kind"": ""static_obstacle"", ""x"": 50.0, ""y"": 50.0, ""radius"": 5.0}]"
naive_fusion,21,4.2,0,11.364,11.078,94.0,90.0,50.0,50.0,,,false_negative+position_noise+confidence_error,,naive_fusion,move,2,0,114.269,9.302,49.842,uav_2,9.302,False,False,False,False,False,1,"[{""id"": ""obstacle_0"", ""kind"": ""static_obstacle"", ""x"": 50.0, ""y"": 50.0, ""radius"": 5.0}]"
naive_fusion,21,4.2,1,11.446,20.991,90.0,94.0,50.0,50.0,,,false_negative+position_noise+confidence_error,,naive_fusion,move,2,0,107.243,9.913,43.249,uav_0,9.913,False,False,False,False,False,1,"[{""id"": ""obstacle_0"", ""kind"": ""static_obstacle"", ""x"": 50.0, ""y"": 50.0, ""radius"": 5.0}]"
naive_fusion,21,4.2,2,20.641,11.754,86.0,90.0,50.0,50.0,,,position_noise+confidence_error,,naive_fusion,move,3,0,101.952,9.302,43.215,uav_0,9.302,False,False,False,False,False,1,"[{""id"": ""obstacle_0"", ""kind"": ""static_obstacle"", ""x"": 50.0, ""y"": 50.0, ""radius"": 5.0}]"
naive_fusion,21,4.2,3,21.391,21.05,90.0,86.0,50.0,50.0,,,position_noise+confidence_error,,naive_fusion,move,3,0,94.476,9.326,35.701,uav_2,9.326,False,False,False,False,False,1,"[{""id"": ""obstacle_0"", ""kind"": ""static_obstacle"", ""x"": 50.0, ""y"": 50.0, ""radius"": 5.0}]"
naive_fusion,22,4.4,0,11.653,11.354,94.0,90.0,50.0,50.0,,,position_noise+confidence_error,,naive_fusion,move,3,0,113.869,9.272,49.442,uav_2,9.272,False,False,False,False,False,1,"[{""id"": ""obstacle_0"", ""kind"": ""static_obstacle"", ""x"": 50.0, ""y"": 50.0, ""radius"": 5.0}]"
naive_fusion,22,4.4,1,11.739,21.263,90.0,94.0,50.0,50.0,,,false_negative+position_noise+confidence_error,,naive_fusion,move,2,0,106.843,9.909,42.851,uav_0,9.909,False,False,False,False,False,1,"[{""id"": ""obstacle_0"", ""kind"": ""static_obstacle"", ""x"": 50.0, ""y"": 50.0, ""radius"": 5.0}]"
naive_fusion,22,4.4,2,20.898,12.061,86.0,90.0,50.0,50.0,,,false_negative+position_noise+confidence_error,,naive_fusion,move,2,0,101.552,9.272,42.815,uav_0,9.272,False,False,False,False,False,1,"[{""id"": ""obstacle_0"", ""kind"": ""static_obstacle"", ""x"": 50.0, ""y"": 50.0, ""radius"": 5.0}]"
naive_fusion,22,4.4,3,21.681,21.325,90.0,86.0,50.0,50.0,,,position_noise+confidence_error,,naive_fusion,move,3,0,94.076,9.297,35.302,uav_2,9.297,False,False,False,False,False,1,"[{""id"": ""obstacle_0"", ""kind"": ""static_obstacle"", ""x"": 50.0, ""y"": 50.0, ""radius"": 5.0}]"
naive_fusion,23,4.6,0,11.942,11.63,94.0,90.0,50.0,50.0,,,position_noise+confidence_error,,naive_fusion,move,3,0,113.469,9.241,49.043,uav_2,9.241,False,False,False,False,False,1,"[{""id"": ""obstacle_0"", ""kind"": ""static_obstacle"", ""x"": 50.0, ""y"": 50.0, ""radius"": 5.0}]"
naive_fusion,23,4.6,1,12.032,21.536,90.0,94.0,50.0,50.0,,,false_negative+position_noise+confidence_error,,naive_fusion,move,2,0,106.443,9.905,42.453,uav_0,9.905,False,False,False,False,False,1,"[{""id"": ""obstacle_0"", ""kind"": ""static_obstacle"", ""x"": 50.0, ""y"": 50.0, ""radius"": 5.0}]"
naive_fusion,23,4.6,2,21.154,12.368,86.0,90.0,50.0,50.0,,,false_negative+position_noise+confidence_error,,naive_fusion,move,2,0,101.152,9.241,42.416,uav_0,9.241,False,False,False,False,False,1,"[{""id"": ""obstacle_0"", ""kind"": ""static_obstacle"", ""x"": 50.0, ""y"": 50.0, ""radius"": 5.0}]"
naive_fusion,23,4.6,3,21.972,21.6,90.0,86.0,50.0,50.0,,,false_negative+position_noise+confidence_error,,naive_fusion,move,2,0,93.676,9.268,34.902,uav_2,9.268,False,False,False,False,False,1,"[{""id"": ""obstacle_0"", ""kind"": ""static_obstacle"", ""x"": 50.0, ""y"": 50.0, ""radius"": 5.0}]"
naive_fusion,24,4.8,0,12.232,11.907,94.0,90.0,50.0,50.0,,,position_noise+confidence_error,,naive_fusion,move,3,0,113.069,9.211,48.643,uav_2,9.211,False,False,False,False,False,1,"[{""id"": ""obstacle_0"", ""kind"": ""static_obstacle"", ""x"": 50.0, ""y"": 50.0, ""radius"": 5.0}]"
naive_fusion,24,4.8,1,12.325,21.808,90.0,94.0,50.0,50.0,,,position_noise+confidence_error,,naive_fusion,move,3,0,106.043,9.902,42.055,uav_0,9.902,False,False,False,False,False,1,"[{""id"": ""obstacle_0"", ""kind"": ""static_obstacle"", ""x"": 50.0, ""y"": 50.0, ""radius"": 5.0}]"
naive_fusion,24,4.8,2,21.411,12.675,86.0,90.0,50.0,50.0,,,position_noise+confidence_error,,naive_fusion,move,3,0,100.752,9.211,42.016,uav_0,9.211,False,False,False,False,False,1,"[{""id"": ""obstacle_0"", ""kind"": ""static_obstacle"", ""x"": 50.0, ""y"": 50.0, ""radius"": 5.0}]"
naive_fusion,24,4.8,3,22.262,21.875,90.0,86.0,50.0,50.0,,,false_negative+position_noise+confidence_error,,naive_fusion,move,1,0,93.276,9.239,34.502,uav_2,9.239,False,False,False,False,False,1,"[{""id"": ""obstacle_0"", ""kind"": ""static_obstacle"", ""x"": 50.0, ""y"": 50.0, ""radius"": 5.0}]"
naive_fusion,25,5.0,0,12.521,12.183,94.0,90.0,50.0,50.0,,,position_noise+confidence_error,,naive_fusion,move,3,0,112.669,9.181,48.243,uav_2,9.181,False,False,False,False,False,1,"[{""id"": ""obstacle_0"", ""kind"": ""static_obstacle"", ""x"": 50.0, ""y"": 50.0, ""radius"": 5.0}]"
naive_fusion,25,5.0,1,12.618,22.08,90.0,94.0,50.0,50.0,,,position_noise+confidence_error,,naive_fusion,move,3,0,105.643,9.898,41.658,uav_0,9.898,False,False,False,False,False,1,"[{""id"": ""obstacle_0"", ""kind"": ""static_obstacle"", ""x"": 50.0, ""y"": 50.0, ""radius"": 5.0}]"
naive_fusion,25,5.0,2,21.667,12.982,86.0,90.0,50.0,50.0,,,position_noise+confidence_error,,naive_fusion,move,3,0,100.352,9.181,41.616,uav_0,9.181,False,False,False,False,False,1,"[{""id"": ""obstacle_0"", ""kind"": ""static_obstacle"", ""x"": 50.0, ""y"": 50.0, ""radius"": 5.0}]"
naive_fusion,25,5.0,3,22.553,22.15,90.0,86.0,50.0,50.0,,,position_noise+confidence_error,,naive_fusion,move,3,0,92.876,9.211,34.102,uav_2,9.211,False,False,False,False,False,1,"[{""id"": ""obstacle_0"", ""kind"": ""static_obstacle"", ""x"": 50.0, ""y"": 50.0, ""radius"": 5.0}]"
naive_fusion,26,5.2,0,12.81,12.459,94.0,90.0,50.0,50.0,,,false_negative+position_noise+confidence_error,,naive_fusion,move,1,0,112.269,9.151,47.843,uav_2,9.151,False,False,False,False,False,1,"[{""id"": ""obstacle_0"", ""kind"": ""static_obstacle"", ""x"": 50.0, ""y"": 50.0, ""radius"": 5.0}]"
naive_fusion,26,5.2,1,12.911,22.352,90.0,94.0,50.0,50.0,,,false_negative+position_noise+confidence_error,,naive_fusion,move,2,0,105.243,9.894,41.26,uav_0,9.894,False,False,False,False,False,1,"[{""id"": ""obstacle_0"", ""kind"": ""static_obstacle"", ""x"": 50.0, ""y"": 50.0, ""radius"": 5.0}]"
naive_fusion,26,5.2,2,21.924,13.289,86.0,90.0,50.0,50.0,,,position_noise+confidence_error,,naive_fusion,move,3,0,99.952,9.151,41.217,uav_0,9.151,False,False,False,False,False,1,"[{""id"": ""obstacle_0"", ""kind"": ""static_obstacle"", ""x"": 50.0, ""y"": 50.0, ""radius"": 5.0}]"
naive_fusion,26,5.2,3,22.843,22.425,90.0,86.0,50.0,50.0,,,false_negative+position_noise+confidence_error,,naive_fusion,move,1,0,92.476,9.182,33.703,uav_2,9.182,False,False,False,False,False,1,"[{""id"": ""obstacle_0"", ""kind"": ""static_obstacle"", ""x"": 50.0, ""y"": 50.0, ""radius"": 5.0}]"
naive_fusion,27,5.4,0,13.1,12.735,94.0,90.0,50.0,50.0,,,false_negative+position_noise+confidence_error,,naive_fusion,move,2,0,111.869,9.121,47.443,uav_2,9.121,False,False,False,False,False,1,"[{""id"": ""obstacle_0"", ""kind"": ""static_obstacle"", ""x"": 50.0, ""y"": 50.0, ""radius"": 5.0}]"
naive_fusion,27,5.4,1,13.204,22.625,90.0,94.0,50.0,50.0,,,false_negative+position_noise+confidence_error,,naive_fusion,move,2,0,104.843,9.89,40.862,uav_0,9.89,False,False,False,False,False,1,"[{""id"": ""obstacle_0"", ""kind"": ""static_obstacle"", ""x"": 50.0, ""y"": 50.0, ""radius"": 5.0}]"
naive_fusion,27,5.4,2,22.18,13.596,86.0,90.0,50.0,50.0,,,position_noise+confidence_error,,naive_fusion,move,3,0,99.552,9.121,40.817,uav_0,9.121,False,False,False,False,False,1,"[{""id"": ""obstacle_0"", ""kind"": ""static_obstacle"", ""x"": 50.0, ""y"": 50.0, ""radius"": 5.0}]"
naive_fusion,27,5.4,3,23.134,22.7,90.0,86.0,50.0,50.0,,,position_noise+confidence_error,,naive_fusion,move,3,0,92.076,9.154,33.303,uav_2,9.154,False,False,False,False,False,1,"[{""id"": ""obstacle_0"", ""kind"": ""static_obstacle"", ""x"": 50.0, ""y"": 50.0, ""radius"": 5.0}]"
naive_fusion,28,5.6,0,13.389,13.012,94.0,90.0,50.0,50.0,,,false_negative+position_noise+confidence_error,,naive_fusion,move,1,0,111.469,9.091,47.043,uav_2,9.091,False,False,False,False,False,1,"[{""id"": ""obstacle_0"", ""kind"": ""static_obstacle"", ""x"": 50.0, ""y"": 50.0, ""radius"": 5.0}]"
naive_fusion,28,5.6,1,13.497,22.897,90.0,94.0,50.0,50.0,,,false_negative+position_noise+confidence_error,,naive_fusion,move,1,0,104.443,9.886,40.465,uav_0,9.886,False,False,False,False,False,1,"[{""id"": ""obstacle_0"", ""kind"": ""static_obstacle"", ""x"": 50.0, ""y"": 50.0, ""radius"": 5.0}]"
naive_fusion,28,5.6,2,22.436,13.903,86.0,90.0,50.0,50.0,,,false_negative+position_noise+confidence_error,,naive_fusion,move,2,0,99.152,9.091,40.418,uav_0,9.091,False,False,False,False,False,1,"[{""id"": ""obstacle_0"", ""kind"": ""static_obstacle"", ""x"": 50.0, ""y"": 50.0, ""radius"": 5.0}]"
naive_fusion,28,5.6,3,23.424,22.975,90.0,86.0,50.0,50.0,,,position_noise+confidence_error,,naive_fusion,move,3,0,91.676,9.126,32.903,uav_2,9.126,False,False,False,False,False,1,"[{""id"": ""obstacle_0"", ""kind"": ""static_obstacle"", ""x"": 50.0, ""y"": 50.0, ""radius"": 5.0}]"
naive_fusion,29,5.8,0,13.678,13.288,94.0,90.0,50.0,50.0,,,position_noise+confidence_error,,naive_fusion,move,3,0,111.069,9.062,46.644,uav_2,9.062,False,False,False,False,False,1,"[{""id"": ""obstacle_0"", ""kind"": ""static_obstacle"", ""x"": 50.0, ""y"": 50.0, ""radius"": 5.0}]"
naive_fusion,29,5.8,1,13.79,23.169,90.0,94.0,50.0,50.0,,,position_noise+confidence_error,,naive_fusion,move,3,0,104.043,9.882,40.067,uav_0,9.882,False,False,False,False,False,1,"[{""id"": ""obstacle_0"", ""kind"": ""static_obstacle"", ""x"": 50.0, ""y"": 50.0, ""radius"": 5.0}]"
naive_fusion,29,5.8,2,22.693,14.21,86.0,90.0,50.0,50.0,,,false_negative+confidence_error,,naive_fusion,move,0,0,98.752,9.062,40.018,uav_0,9.062,False,False,False,False,False,1,"[{""id"": ""obstacle_0"", ""kind"": ""static_obstacle"", ""x"": 50.0, ""y"": 50.0, ""radius"": 5.0}]"
naive_fusion,29,5.8,3,23.714,23.25,90.0,86.0,50.0,50.0,,,position_noise+confidence_error,,naive_fusion,move,3,0,91.276,9.097,32.503,uav_2,9.097,False,False,False,False,False,1,"[{""id"": ""obstacle_0"", ""kind"": ""static_obstacle"", ""x"": 50.0, ""y"": 50.0, ""radius"": 5.0}]"
naive_fusion,30,6.0,0,13.967,13.564,94.0,90.0,50.0,50.0,,,position_noise+confidence_error,,naive_fusion,move,3,0,110.669,9.032,46.244,uav_2,9.032,False,False,False,False,False,1,"[{""id"": ""obstacle_0"", ""kind"": ""static_obstacle"", ""x"": 50.0, ""y"": 50.0, ""radius"": 5.0}]"
naive_fusion,30,6.0,1,14.083,23.442,90.0,94.0,50.0,50.0,,,position_noise+confidence_error,,naive_fusion,move,3,0,103.643,9.878,39.67,uav_0,9.878,False,False,False,False,False,1,"[{""id"": ""obstacle_0"", ""kind"": ""static_obstacle"", ""x"": 50.0, ""y"": 50.0, ""radius"": 5.0}]"
naive_fusion,30,6.0,2,22.949,14.517,86.0,90.0,50.0,50.0,,,false_negative+position_noise+confidence_error,,naive_fusion,move,2,0,98.352,9.032,39.618,uav_0,9.032,False,False,False,False,False,1,"[{""id"": ""obstacle_0"", ""kind"": ""static_obstacle"", ""x"": 50.0, ""y"": 50.0, ""radius"": 5.0}]"
naive_fusion,30,6.0,3,24.005,23.525,90.0,86.0,50.0,50.0,,,position_noise+confidence_error,,naive_fusion,move,3,0,90.876,9.07,32.104,uav_2,9.07,False,False,False,False,False,1,"[{""id"": ""obstacle_0"", ""kind"": ""static_obstacle"", ""x"": 50.0, ""y"": 50.0, ""radius"": 5.0}]"
naive_fusion,31,6.2,0,14.257,13.841,94.0,90.0,50.0,50.0,,,false_negative+confidence_error,,naive_fusion,move,0,0,110.269,9.003,45.844,uav_2,9.003,False,False,False,False,False,1,"[{""id"": ""obstacle_0"", ""kind"": ""static_obstacle"", ""x"": 50.0, ""y"": 50.0, ""radius"": 5.0}]"
naive_fusion,31,6.2,1,14.376,23.714,90.0,94.0,50.0,50.0,,,position_noise+confidence_error,,naive_fusion,move,3,0,103.243,9.874,39.272,uav_0,9.874,False,False,False,False,False,1,"[{""id"": ""obstacle_0"", ""kind"": ""static_obstacle"", ""x"": 50.0, ""y"": 50.0, ""radius"": 5.0}]"
naive_fusion,31,6.2,2,23.206,14.824,86.0,90.0,50.0,50.0,,,false_negative+position_noise+confidence_error,,naive_fusion,move,1,0,97.952,9.003,39.219,uav_0,9.003,False,False,False,False,False,1,"[{""id"": ""obstacle_0"", ""kind"": ""static_obstacle"", ""x"": 50.0, ""y"": 50.0, ""radius"": 5.0}]"
naive_fusion,31,6.2,3,24.295,23.8,90.0,86.0,50.0,50.0,,,position_noise+confidence_error,,naive_fusion,move,3,0,90.476,9.042,31.704,uav_2,9.042,False,False,False,False,False,1,"[{""id"": ""obstacle_0"", ""kind"": ""static_obstacle"", ""x"": 50.0, ""y"": 50.0, ""radius"": 5.0}]"
naive_fusion,32,6.4,0,14.546,14.117,94.0,90.0,50.0,50.0,,,position_noise+confidence_error,,naive_fusion,move,3,0,109.869,8.974,45.444,uav_2,8.974,False,False,False,False,False,1,"[{""id"": ""obstacle_0"", ""kind"": ""static_obstacle"", ""x"": 50.0, ""y"": 50.0, ""radius"": 5.0}]"
naive_fusion,32,6.4,1,14.669,23.986,90.0,94.0,50.0,50.0,,,position_noise+confidence_error,,naive_fusion,move,3,0,102.843,9.87,38.875,uav_0,9.87,False,False,False,False,False,1,"[{""id"": ""obstacle_0"", ""kind"": ""static_obstacle"", ""x"": 50.0, ""y"": 50.0, ""radius"": 5.0}]"
naive_fusion,32,6.4,2,23.462,15.131,86.0,90.0,50.0,50.0,,,false_negative+position_noise+confidence_error,,naive_fusion,move,2,0,97.552,8.974,38.819,uav_0,8.974,False,False,False,False,False,1,"[{""id"": ""obstacle_0"", ""kind"": ""static_obstacle"", ""x"": 50.0, ""y"": 50.0, ""radius"": 5.0}]"
naive_fusion,32,6.4,3,24.586,24.075,90.0,86.0,50.0,50.0,,,false_negative+position_noise+confidence_error,,naive_fusion,move,2,0,90.076,9.014,31.304,uav_2,9.014,False,False,False,False,False,1,"[{""id"": ""obstacle_0"", ""kind"": ""static_obstacle"", ""x"": 50.0, ""y"": 50.0, ""radius"": 5.0}]"
naive_fusion,33,6.6,0,14.835,14.393,94.0,90.0,50.0,50.0,,,position_noise+confidence_error,,naive_fusion,move,3,0,109.469,8.945,45.044,uav_2,8.945,False,False,False,False,False,1,"[{""id"": ""obstacle_0"", ""kind"": ""static_obstacle"", ""x"": 50.0, ""y"": 50.0, ""radius"": 5.0}]"
naive_fusion,33,6.6,1,14.962,24.259,90.0,94.0,50.0,50.0,,,position_noise+confidence_error,,naive_fusion,move,3,0,102.443,9.866,38.477,uav_0,9.866,False,False,False,False,False,1,"[{""id"": ""obstacle_0"", ""kind"": ""static_obstacle"", ""x"": 50.0, ""y"": 50.0, ""radius"": 5.0}]"
naive_fusion,33,6.6,2,23.719,15.438,86.0,90.0,50.0,50.0,,,false_negative+position_noise+confidence_error,,naive_fusion,move,2,0,97.152,8.945,38.42,uav_0,8.945,False,False,False,False,False,1,"[{""id"": ""obstacle_0"", ""kind"": ""static_obstacle"", ""x"": 50.0, ""y"": 50.0, ""radius"": 5.0}]"
naive_fusion,33,6.6,3,24.876,24.35,90.0,86.0,50.0,50.0,,,position_noise+confidence_error,,naive_fusion,move,3,0,89.676,8.987,30.905,uav_2,8.987,False,False,False,False,False,1,"[{""id"": ""obstacle_0"", ""kind"": ""static_obstacle"", ""x"": 50.0, ""y"": 50.0, ""radius"": 5.0}]"
naive_fusion,34,6.8,0,15.124,14.669,94.0,90.0,50.0,50.0,,,position_noise+confidence_error,,naive_fusion,move,3,0,109.069,8.916,44.644,uav_2,8.916,False,False,False,False,False,1,"[{""id"": ""obstacle_0"", ""kind"": ""static_obstacle"", ""x"": 50.0, ""y"": 50.0, ""radius"": 5.0}]"
naive_fusion,34,6.8,1,15.255,24.531,90.0,94.0,50.0,50.0,,,false_negative+position_noise+confidence_error,,naive_fusion,move,2,0,102.043,9.862,38.08,uav_0,9.862,False,False,False,False,False,1,"[{""id"": ""obstacle_0"", ""kind"": ""static_obstacle"", ""x"": 50.0, ""y"": 50.0, ""radius"": 5.0}]"
naive_fusion,34,6.8,2,23.975,15.745,86.0,90.0,50.0,50.0,,,false_negative+position_noise+confidence_error,,naive_fusion,move,2,0,96.752,8.916,38.02,uav_0,8.916,False,False,False,False,False,1,"[{""id"": ""obstacle_0"", ""kind"": ""static_obstacle"", ""x"": 50.0, ""y"": 50.0, ""radius"": 5.0}]"
naive_fusion,34,6.8,3,25.167,24.625,90.0,86.0,50.0,50.0,,,false_negative+position_noise+confidence_error,,naive_fusion,move,1,0,89.276,8.96,30.505,uav_2,8.96,False,False,False,False,False,1,"[{""id"": ""obstacle_0"", ""kind"": ""static_obstacle"", ""x"": 50.0, ""y"": 50.0, ""radius"": 5.0}]"
naive_fusion,35,7.0,0,15.414,14.946,94.0,90.0,50.0,50.0,,,false_negative+position_noise+confidence_error,,naive_fusion,move,2,0,108.669,8.887,44.245,uav_2,8.887,False,False,False,False,False,1,"[{""id"": ""obstacle_0"", ""kind"": ""static_obstacle"", ""x"": 50.0, ""y"": 50.0, ""radius"": 5.0}]"
naive_fusion,35,7.0,1,15.548,24.803,90.0,94.0,50.0,50.0,,,position_noise+confidence_error,,naive_fusion,move,3,0,101.643,9.859,37.683,uav_0,9.859,False,False,False,False,False,1,"[{""id"": ""obstacle_0"", ""kind"": ""static_obstacle"", ""x"": 50.0, ""y"": 50.0, ""radius"": 5.0}]"
naive_fusion,35,7.0,2,24.231,16.052,86.0,90.0,50.0,50.0,,,position_noise+confidence_error,,naive_fusion,move,3,0,96.352,8.887,37.62,uav_0,8.887,False,False,False,False,False,1,"[{""id"": ""obstacle_0"", ""kind"": ""static_obstacle"", ""x"": 50.0, ""y"": 50.0, ""radius"": 5.0}]"
naive_fusion,35,7.0,3,25.457,24.9,90.0,86.0,50.0,50.0,,,false_negative+position_noise+confidence_error,,naive_fusion,move,2,0,88.876,8.932,30.105,uav_2,8.932,False,False,False,False,False,1,"[{""id"": ""obstacle_0"", ""kind"": ""static_obstacle"", ""x"": 50.0, ""y"": 50.0, ""radius"": 5.0}]"
naive_fusion,36,7.2,0,15.703,15.222,94.0,90.0,50.0,50.0,,,position_noise+confidence_error,,naive_fusion,move,3,0,108.269,8.858,43.845,uav_2,8.858,False,False,False,False,False,1,"[{""id"": ""obstacle_0"", ""kind"": ""static_obstacle"", ""x"": 50.0, ""y"": 50.0, ""radius"": 5.0}]"
naive_fusion,36,7.2,1,15.841,25.076,90.0,94.0,50.0,50.0,,,false_negative+confidence_error,,naive_fusion,move,0,0,101.243,9.855,37.286,uav_0,9.855,False,False,False,False,False,1,"[{""id"": ""obstacle_0"", ""kind"": ""static_obstacle"", ""x"": 50.0, ""y"": 50.0, ""radius"": 5.0}]"
naive_fusion,36,7.2,2,24.488,16.359,86.0,90.0,50.0,50.0,,,position_noise+confidence_error,,naive_fusion,move,3,0,95.952,8.858,37.221,uav_0,8.858,False,False,False,False,False,1,"[{""id"": ""obstacle_0"", ""kind"": ""static_obstacle"", ""x"": 50.0, ""y"": 50.0, ""radius"": 5.0}]"
naive_fusion,36,7.2,3,25.748,25.175,90.0,86.0,50.0,50.0,,,position_noise+confidence_error,,naive_fusion,move,3,0,88.476,8.906,29.705,uav_2,8.906,False,False,False,False,False,1,"[{""id"": ""obstacle_0"", ""kind"": ""static_obstacle"", ""x"": 50.0, ""y"": 50.0, ""radius"": 5.0}]"
naive_fusion,37,7.4,0,15.992,15.498,94.0,90.0,50.0,50.0,,,position_noise+confidence_error,,naive_fusion,move,3,0,107.869,8.83,43.445,uav_2,8.83,False,False,False,False,False,1,"[{""id"": ""obstacle_0"", ""kind"": ""static_obstacle"", ""x"": 50.0, ""y"": 50.0, ""radius"": 5.0}]"
naive_fusion,37,7.4,1,16.134,25.348,90.0,94.0,50.0,50.0,,,false_negative+position_noise+confidence_error,,naive_fusion,move,1,0,100.843,9.851,36.889,uav_0,9.851,False,False,False,False,False,1,"[{""id"": ""obstacle_0"", ""kind"": ""static_obstacle"", ""x"": 50.0, ""y"": 50.0, ""radius"": 5.0}]"
naive_fusion,37,7.4,2,24.744,16.666,86.0,90.0,50.0,50.0,,,false_negative+position_noise+confidence_error,,naive_fusion,move,2,0,95.552,8.83,36.821,uav_0,8.83,False,False,False,False,False,1,"[{""id"": ""obstacle_0"", ""kind"": ""static_obstacle"", ""x"": 50.0, ""y"": 50.0, ""radius"": 5.0}]"
naive_fusion,37,7.4,3,26.038,25.45,90.0,86.0,50.0,50.0,,,position_noise+confidence_error,,naive_fusion,move,3,0,88.076,8.879,29.306,uav_2,8.879,False,False,False,False,False,1,"[{""id"": ""obstacle_0"", ""kind"": ""static_obstacle"", ""x"": 50.0, ""y"": 50.0, ""radius"": 5.0}]"
naive_fusion,38,7.6,0,16.281,15.774,94.0,90.0,50.0,50.0,,,position_noise+confidence_error,,naive_fusion,move,3,0,107.469,8.801,43.045,uav_2,8.801,False,False,False,False,False,1,"[{""id"": ""obstacle_0"", ""kind"": ""static_obstacle"", ""x"": 50.0, ""y"": 50.0, ""radius"": 5.0}]"
naive_fusion,38,7.6,1,16.427,25.62,90.0,94.0,50.0,50.0,,,false_negative+position_noise+confidence_error,,naive_fusion,move,2,0,100.443,9.847,36.491,uav_0,9.847,False,False,False,False,False,1,"[{""id"": ""obstacle_0"", ""kind"": ""static_obstacle"", ""x"": 50.0, ""y"": 50.0, ""radius"": 5.0}]"
naive_fusion,38,7.6,2,25.001,16.973,86.0,90.0,50.0,50.0,,,false_negative+position_noise+confidence_error,,naive_fusion,move,2,0,95.152,8.801,36.422,uav_0,8.801,False,False,False,False,False,1,"[{""id"": ""obstacle_0"", ""kind"": ""static_obstacle"", ""x"": 50.0, ""y"": 50.0, ""radius"": 5.0}]"
naive_fusion,38,7.6,3,26.329,25.725,90.0,86.0,50.0,50.0,,,position_noise+confidence_error,,naive_fusion,move,3,0,87.676,8.852,28.906,uav_2,8.852,False,False,False,False,False,1,"[{""id"": ""obstacle_0"", ""kind"": ""static_obstacle"", ""x"": 50.0, ""y"": 50.0, ""radius"": 5.0}]"
naive_fusion,39,7.8,0,16.571,16.051,94.0,90.0,50.0,50.0,,,position_noise+confidence_error,,naive_fusion,move,3,0,107.069,8.773,42.645,uav_2,8.773,False,False,False,False,False,1,"[{""id"": ""obstacle_0"", ""kind"": ""static_obstacle"", ""x"": 50.0, ""y"": 50.0, ""radius"": 5.0}]"
naive_fusion,39,7.8,1,16.72,25.893,90.0,94.0,50.0,50.0,,,false_negative+position_noise+confidence_error,,naive_fusion,move,2,0,100.043,9.843,36.094,uav_0,9.843,False,False,False,False,False,1,"[{""id"": ""obstacle_0"", ""kind"": ""static_obstacle"", ""x"": 50.0, ""y"": 50.0, ""radius"": 5.0}]"
naive_fusion,39,7.8,2,25.257,17.28,86.0,90.0,50.0,50.0,,,false_negative+position_noise+confidence_error,,naive_fusion,move,2,0,94.752,8.773,36.022,uav_0,8.773,False,False,False,False,False,1,"[{""id"": ""obstacle_0"", ""kind"": ""static_obstacle"", ""x"": 50.0, ""y"": 50.0, ""radius"": 5.0}]"
naive_fusion,39,7.8,3,26.619,26.0,90.0,86.0,50.0,50.0,,,position_noise+confidence_error,,naive_fusion,move,3,0,87.276,8.826,28.506,uav_2,8.826,False,False,False,False,False,1,"[{""id"": ""obstacle_0"", ""kind"": ""static_obstacle"", ""x"": 50.0, ""y"": 50.0, ""radius"": 5.0}]"
naive_fusion,40,8.0,0,16.86,16.327,94.0,90.0,50.0,50.0,,,position_noise+confidence_error,,naive_fusion,move,3,0,106.669,8.745,42.245,uav_2,8.745,False,False,False,False,False,1,"[{""id"": ""obstacle_0"", ""kind"": ""static_obstacle"", ""x"": 50.0, ""y"": 50.0, ""radius"": 5.0}]"
naive_fusion,40,8.0,1,17.013,26.165,90.0,94.0,50.0,50.0,,,position_noise+confidence_error,,naive_fusion,move,3,0,99.643,9.839,35.697,uav_0,9.839,False,False,False,False,False,1,"[{""id"": ""obstacle_0"", ""kind"": ""static_obstacle"", ""x"": 50.0, ""y"": 50.0, ""radius"": 5.0}]"
naive_fusion,40,8.0,2,25.514,17.587,86.0,90.0,50.0,50.0,,,position_noise+confidence_error,,naive_fusion,move,3,0,94.352,8.745,35.623,uav_0,8.745,False,False,False,False,False,1,"[{""id"": ""obstacle_0"", ""kind"": ""static_obstacle"", ""x"": 50.0, ""y"": 50.0, ""radius"": 5.0}]"
naive_fusion,40,8.0,3,26.91,26.275,90.0,86.0,50.0,50.0,,,position_noise+confidence_error,,naive_fusion,move,3,0,86.876,8.799,28.107,uav_2,8.799,False,False,False,False,False,1,"[{""id"": ""obstacle_0"", ""kind"": ""static_obstacle"", ""x"": 50.0, ""y"": 50.0, ""radius"": 5.0}]"
naive_fusion,41,8.2,0,17.149,16.603,94.0,90.0,50.0,50.0,,,false_negative+position_noise+confidence_error,,naive_fusion,move,1,0,106.269,8.717,41.846,uav_2,8.717,False,False,False,False,False,1,"[{""id"": ""obstacle_0"", ""kind"": ""static_obstacle"", ""x"": 50.0, ""y"": 50.0, ""radius"": 5.0}]"
naive_fusion,41,8.2,1,17.306,26.437,90.0,94.0,50.0,50.0,,,position_noise+confidence_error,,naive_fusion,move,3,0,99.243,9.835,35.3,uav_0,9.835,False,False,False,False,False,1,"[{""id"": ""obstacle_0"", ""kind"": ""static_obstacle"", ""x"": 50.0, ""y"": 50.0, ""radius"": 5.0}]"
naive_fusion,41,8.2,2,25.77,17.894,86.0,90.0,50.0,50.0,,,position_noise+confidence_error,,naive_fusion,move,3,0,93.952,8.717,35.223,uav_0,8.717,False,False,False,False,False,1,"[{""id"": ""obstacle_0"", ""kind"": ""static_obstacle"", ""x"": 50.0, ""y"": 50.0, ""radius"": 5.0}]"
naive_fusion,41,8.2,3,27.2,26.55,90.0,86.0,50.0,50.0,,,false_negative+position_noise+confidence_error,,naive_fusion,move,2,0,86.476,8.773,27.707,uav_2,8.773,False,False,False,False,False,1,"[{""id"": ""obstacle_0"", ""kind"": ""static_obstacle"", ""x"": 50.0, ""y"": 50.0, ""radius"": 5.0}]"
naive_fusion,42,8.4,0,17.439,16.88,94.0,90.0,50.0,50.0,,,position_noise+confidence_error,,naive_fusion,move,3,0,105.869,8.689,41.446,uav_2,8.689,False,False,False,False,False,1,"[{""id"": ""obstacle_0"", ""kind"": ""static_obstacle"", ""x"": 50.0, ""y"": 50.0, ""radius"": 5.0}]"
naive_fusion,42,8.4,1,17.599,26.709,90.0,94.0,50.0,50.0,,,false_negative+position_noise+confidence_error,,naive_fusion,move,2,0,98.843,9.831,34.904,uav_0,9.831,False,False,False,False,False,1,"[{""id"": ""obstacle_0"", ""kind"": ""static_obstacle"", ""x"": 50.0, ""y"": 50.0, ""radius"": 5.0}]"
naive_fusion,42,8.4,2,26.026,18.201,86.0,90.0,50.0,50.0,,,false_negative+position_noise+confidence_error,,naive_fusion,move,2,0,93.552,8.689,34.824,uav_0,8.689,False,False,False,False,False,1,"[{""id"": ""obstacle_0"", ""kind"": ""static_obstacle"", ""x"": 50.0, ""y"": 50.0, ""radius"": 5.0}]"
naive_fusion,42,8.4,3,27.491,26.825,90.0,86.0,50.0,50.0,,,position_noise+confidence_error,,naive_fusion,move,3,0,86.076,8.747,27.307,uav_2,8.747,False,False,False,False,False,1,"[{""id"": ""obstacle_0"", ""kind"": ""static_obstacle"", ""x"": 50.0, ""y"": 50.0, ""radius"": 5.0}]"
naive_fusion,43,8.6,0,17.728,17.156,94.0,90.0,50.0,50.0,,,position_noise+confidence_error,,naive_fusion,move,3,0,105.469,8.661,41.046,uav_2,8.661,False,False,False,False,False,1,"[{""id"": ""obstacle_0"", ""kind"": ""static_obstacle"", ""x"": 50.0, ""y"": 50.0, ""radius"": 5.0}]"
naive_fusion,43,8.6,1,17.892,26.982,90.0,94.0,50.0,50.0,,,false_negative+position_noise+confidence_error,,naive_fusion,move,2,0,98.443,9.827,34.507,uav_0,9.827,False,False,False,False,False,1,"[{""id"": ""obstacle_0"", ""kind"": ""static_obstacle"", ""x"": 50.0, ""y"": 50.0, ""radius"": 5.0}]"
naive_fusion,43,8.6,2,26.283,18.508,86.0,90.0,50.0,50.0,,,false_negative+position_noise+confidence_error,,naive_fusion,move,1,0,93.152,8.661,34.424,uav_0,8.661,False,False,False,False,False,1,"[{""id"": ""obstacle_0"", ""kind"": ""static_obstacle"", ""x"": 50.0, ""y"": 50.0, ""radius"": 5.0}]"
naive_fusion,43,8.6,3,27.781,27.1,90.0,86.0,50.0,50.0,,,position_noise+confidence_error,,naive_fusion,move,3,0,85.676,8.722,26.908,uav_2,8.722,False,False,False,False,False,1,"[{""id"": ""obstacle_0"", ""kind"": ""static_obstacle"", ""x"": 50.0, ""y"": 50.0, ""radius"": 5.0}]"
naive_fusion,44,8.8,0,18.017,17.432,94.0,90.0,50.0,50.0,,,false_negative+position_noise+confidence_error,,naive_fusion,move,2,0,105.069,8.634,40.646,uav_2,8.634,False,False,False,False,False,1,"[{""id"": ""obstacle_0"", ""kind"": ""static_obstacle"", ""x"": 50.0, ""y"": 50.0, ""radius"": 5.0}]"
naive_fusion,44,8.8,1,18.185,27.254,90.0,94.0,50.0,50.0,,,position_noise+confidence_error,,naive_fusion,move,3,0,98.043,9.823,34.11,uav_0,9.823,False,False,False,False,False,1,"[{""id"": ""obstacle_0"", ""kind"": ""static_obstacle"", ""x"": 50.0, ""y"": 50.0, ""radius"": 5.0}]"
naive_fusion,44,8.8,2,26.539,18.815,86.0,90.0,50.0,50.0,,,position_noise+confidence_error,,naive_fusion,move,3,0,92.752,8.634,34.025,uav_0,8.634,False,False,False,False,False,1,"[{""id"": ""obstacle_0"", ""kind"": ""static_obstacle"", ""x"": 50.0, ""y"": 50.0, ""radius"": 5.0}]"
naive_fusion,44,8.8,3,28.072,27.375,90.0,86.0,50.0,50.0,,,false_negative+position_noise+confidence_error,,naive_fusion,move,2,0,85.276,8.696,26.508,uav_2,8.696,False,False,False,False,False,1,"[{""id"": ""obstacle_0"", ""kind"": ""static_obstacle"", ""x"": 50.0, ""y"": 50.0, ""radius"": 5.0}]"
naive_fusion,45,9.0,0,18.306,17.708,94.0,90.0,50.0,50.0,,,false_negative+position_noise+confidence_error,,naive_fusion,move,2,0,104.669,8.606,40.246,uav_2,8.606,False,False,False,False,False,1,"[{""id"": ""obstacle_0"", ""kind"": ""static_obstacle"", ""x"": 50.0, ""y"": 50.0, ""radius"": 5.0}]"
naive_fusion,45,9.0,1,18.478,27.526,90.0,94.0,50.0,50.0,,,position_noise+confidence_error,,naive_fusion,move,3,0,97.643,9.82,33.713,uav_0,9.82,False,False,False,False,False,1,"[{""id"": ""obstacle_0"", ""kind"": ""static_obstacle"", ""x"": 50.0, ""y"": 50.0, ""radius"": 5.0}]"
naive_fusion,45,9.0,2,26.796,19.122,86.0,90.0,50.0,50.0,,,false_negative+position_noise+confidence_error,,naive_fusion,move,2,0,92.352,8.606,33.625,uav_0,8.606,False,False,False,False,False,1,"[{""id"": ""obstacle_0"", ""kind"": ""static_obstacle"", ""x"": 50.0, ""y"": 50.0, ""radius"": 5.0}]"
naive_fusion,45,9.0,3,28.362,27.65,90.0,86.0,50.0,50.0,,,false_negative+position_noise+confidence_error,,naive_fusion,move,2,0,84.876,8.671,26.108,uav_2,8.671,False,False,False,False,False,1,"[{""id"": ""obstacle_0"", ""kind"": ""static_obstacle"", ""x"": 50.0, ""y"": 50.0, ""radius"": 5.0}]"
naive_fusion,46,9.2,0,18.596,17.985,94.0,90.0,50.0,50.0,,,false_negative+position_noise+confidence_error,,naive_fusion,move,2,0,104.269,8.579,39.847,uav_2,8.579,False,False,False,False,False,1,"[{""id"": ""obstacle_0"", ""kind"": ""static_obstacle"", ""x"": 50.0, ""y"": 50.0, ""radius"": 5.0}]"
naive_fusion,46,9.2,1,18.771,27.799,90.0,94.0,50.0,50.0,,,false_negative+position_noise+confidence_error,,naive_fusion,move,1,0,97.243,9.816,33.317,uav_0,9.816,False,False,False,False,False,1,"[{""id"": ""obstacle_0"", ""kind"": ""static_obstacle"", ""x"": 50.0, ""y"": 50.0, ""radius"": 5.0}]"
naive_fusion,46,9.2,2,27.052,19.429,86.0,90.0,50.0,50.0,,,false_negative+position_noise+confidence_error,,naive_fusion,move,2,0,91.952,8.579,33.226,uav_0,8.579,False,False,False,False,False,1,"[{""id"": ""obstacle_0"", ""kind"": ""static_obstacle"", ""x"": 50.0, ""y"": 50.0, ""radius"": 5.0}]"
naive_fusion,46,9.2,3,28.653,27.925,90.0,86.0,50.0,50.0,,,position_noise+confidence_error,,naive_fusion,move,3,0,84.476,8.645,25.709,uav_2,8.645,False,False,False,False,False,1,"[{""id"": ""obstacle_0"", ""kind"": ""static_obstacle"", ""x"": 50.0, ""y"": 50.0, ""radius"": 5.0}]"
naive_fusion,47,9.4,0,18.885,18.261,94.0,90.0,50.0,50.0,,,position_noise+confidence_error,,naive_fusion,move,3,0,103.869,8.552,39.447,uav_2,8.552,False,False,False,False,False,1,"[{""id"": ""obstacle_0"", ""kind"": ""static_obstacle"", ""x"": 50.0, ""y"": 50.0, ""radius"": 5.0}]"
naive_fusion,47,9.4,1,19.064,28.071,90.0,94.0,50.0,50.0,,,false_negative+position_noise+confidence_error,,naive_fusion,move,2,0,96.843,9.812,32.92,uav_0,9.812,False,False,False,False,False,1,"[{""id"": ""obstacle_0"", ""kind"": ""static_obstacle"", ""x"": 50.0, ""y"": 50.0, ""radius"": 5.0}]"
naive_fusion,47,9.4,2,27.309,19.736,86.0,90.0,50.0,50.0,,,false_negative+position_noise+confidence_error,,naive_fusion,move,1,0,91.552,8.552,32.826,uav_0,8.552,False,False,False,False,False,1,"[{""id"": ""obstacle_0"", ""kind"": ""static_obstacle"", ""x"": 50.0, ""y"": 50.0, ""radius"": 5.0}]"
naive_fusion,47,9.4,3,28.943,28.2,90.0,86.0,50.0,50.0,,,position_noise+confidence_error,,naive_fusion,move,3,0,84.076,8.62,25.309,uav_2,8.62,False,False,False,False,False,1,"[{""id"": ""obstacle_0"", ""kind"": ""static_obstacle"", ""x"": 50.0, ""y"": 50.0, ""radius"": 5.0}]"
naive_fusion,48,9.6,0,19.174,18.537,94.0,90.0,50.0,50.0,,,false_negative+position_noise+confidence_error,,naive_fusion,move,2,0,103.469,8.525,39.047,uav_2,8.525,False,False,False,False,False,1,"[{""id"": ""obstacle_0"", ""kind"": ""static_obstacle"", ""x"": 50.0, ""y"": 50.0, ""radius"": 5.0}]"
naive_fusion,48,9.6,1,19.357,28.343,90.0,94.0,50.0,50.0,,,position_noise+confidence_error,,naive_fusion,move,3,0,96.443,9.808,32.524,uav_0,9.808,False,False,False,False,False,1,"[{""id"": ""obstacle_0"", ""kind"": ""static_obstacle"", ""x"": 50.0, ""y"": 50.0, ""radius"": 5.0}]"
naive_fusion,48,9.6,2,27.565,20.043,86.0,90.0,50.0,50.0,,,false_negative+position_noise+confidence_error,,naive_fusion,move,2,0,91.152,8.525,32.427,uav_0,8.525,False,False,False,False,False,1,"[{""id"": ""obstacle_0"", ""kind"": ""static_obstacle"", ""x"": 50.0, ""y"": 50.0, ""radius"": 5.0}]"
naive_fusion,48,9.6,3,29.234,28.475,90.0,86.0,50.0,50.0,,,position_noise+confidence_error,,naive_fusion,move,3,0,83.676,8.595,24.91,uav_2,8.595,False,False,False,False,False,1,"[{""id"": ""obstacle_0"", ""kind"": ""static_obstacle"", ""x"": 50.0, ""y"": 50.0, ""radius"": 5.0}]"
naive_fusion,49,9.8,0,19.463,18.813,94.0,90.0,50.0,50.0,,,position_noise+confidence_error,,naive_fusion,move,3,0,103.069,8.498,38.647,uav_2,8.498,False,False,False,False,False,1,"[{""id"": ""obstacle_0"", ""kind"": ""static_obstacle"", ""x"": 50.0, ""y"": 50.0, ""radius"": 5.0}]"
naive_fusion,49,9.8,1,19.65,28.616,90.0,94.0,50.0,50.0,,,false_negative+position_noise+confidence_error,,naive_fusion,move,2,0,96.043,9.804,32.127,uav_0,9.804,False,False,False,False,False,1,"[{""id"": ""obstacle_0"", ""kind"": ""static_obstacle"", ""x"": 50.0, ""y"": 50.0, ""radius"": 5.0}]"
naive_fusion,49,9.8,2,27.821,20.35,86.0,90.0,50.0,50.0,,,false_negative+position_noise+confidence_error,,naive_fusion,move,1,0,90.752,8.498,32.027,uav_0,8.498,False,False,False,False,False,1,"[{""id"": ""obstacle_0"", ""kind"": ""static_obstacle"", ""x"": 50.0, ""y"": 50.0, ""radius"": 5.0}]"
naive_fusion,49,9.8,3,29.524,28.75,90.0,86.0,50.0,50.0,,,false_negative+position_noise+confidence_error,,naive_fusion,move,2,0,83.276,8.571,24.51,uav_2,8.571,False,False,False,False,False,1,"[{""id"": ""obstacle_0"", ""kind"": ""static_obstacle"", ""x"": 50.0, ""y"": 50.0, ""radius"": 5.0}]"
naive_fusion,50,10.0,0,19.753,19.09,94.0,90.0,50.0,50.0,,,position_noise+confidence_error,,naive_fusion,move,3,0,102.669,8.471,38.248,uav_2,8.471,False,False,False,False,False,1,"[{""id"": ""obstacle_0"", ""kind"": ""static_obstacle"", ""x"": 50.0, ""y"": 50.0, ""radius"": 5.0}]"
naive_fusion,50,10.0,1,19.943,28.888,90.0,94.0,50.0,50.0,,,position_noise+confidence_error,,naive_fusion,move,3,0,95.643,9.8,31.731,uav_0,9.8,False,False,False,False,False,1,"[{""id"": ""obstacle_0"", ""kind"": ""static_obstacle"", ""x"": 50.0, ""y"": 50.0, ""radius"": 5.0}]"
naive_fusion,50,10.0,2,28.078,20.657,86.0,90.0,50.0,50.0,,,position_noise+confidence_error,,naive_fusion,move,3,0,90.352,8.471,31.628,uav_0,8.471,False,False,False,False,False,1,"[{""id"": ""obstacle_0"", ""kind"": ""static_obstacle"", ""x"": 50.0, ""y"": 50.0, ""radius"": 5.0}]"
naive_fusion,50,10.0,3,29.815,29.025,90.0,86.0,50.0,50.0,,,false_negative+position_noise+confidence_error,,naive_fusion,move,2,0,82.876,8.546,24.11,uav_2,8.546,False,False,False,False,False,1,"[{""id"": ""obstacle_0"", ""kind"": ""static_obstacle"", ""x"": 50.0, ""y"": 50.0, ""radius"": 5.0}]"
naive_fusion,51,10.2,0,20.042,19.366,94.0,90.0,50.0,50.0,,,position_noise+confidence_error,,naive_fusion,move,3,0,102.269,8.445,37.848,uav_2,8.445,False,False,False,False,False,1,"[{""id"": ""obstacle_0"", ""kind"": ""static_obstacle"", ""x"": 50.0, ""y"": 50.0, ""radius"": 5.0}]"
naive_fusion,51,10.2,1,20.236,29.16,90.0,94.0,50.0,50.0,,,position_noise+confidence_error,,naive_fusion,move,3,0,95.243,9.796,31.335,uav_0,9.796,False,False,False,False,False,1,"[{""id"": ""obstacle_0"", ""kind"": ""static_obstacle"", ""x"": 50.0, ""y"": 50.0, ""radius"": 5.0}]"
naive_fusion,51,10.2,2,28.334,20.964,86.0,90.0,50.0,50.0,,,position_noise+confidence_error,,naive_fusion,move,3,0,89.952,8.445,31.229,uav_0,8.445,False,False,False,False,False,1,"[{""id"": ""obstacle_0"", ""kind"": ""static_obstacle"", ""x"": 50.0, ""y"": 50.0, ""radius"": 5.0}]"
naive_fusion,51,10.2,3,30.105,29.3,90.0,86.0,50.0,50.0,,,false_negative+position_noise+confidence_error,,naive_fusion,move,2,0,82.476,8.522,23.711,uav_2,8.522,False,False,False,False,False,1,"[{""id"": ""obstacle_0"", ""kind"": ""static_obstacle"", ""x"": 50.0, ""y"": 50.0, ""radius"": 5.0}]"
naive_fusion,52,10.4,0,20.331,19.642,94.0,90.0,50.0,50.0,,,position_noise+confidence_error,,naive_fusion,move,3,0,101.869,8.418,37.448,uav_2,8.418,False,False,False,False,False,1,"[{""id"": ""obstacle_0"", ""kind"": ""static_obstacle"", ""x"": 50.0, ""y"": 50.0, ""radius"": 5.0}]"
naive_fusion,52,10.4,1,20.529,29.433,90.0,94.0,50.0,50.0,,,false_negative+position_noise+confidence_error,,naive_fusion,move,2,0,94.843,9.792,30.939,uav_0,9.792,False,False,False,False,False,1,"[{""id"": ""obstacle_0"", ""kind"": ""static_obstacle"", ""x"": 50.0, ""y"": 50.0, ""radius"": 5.0}]"
naive_fusion,52,10.4,2,28.591,21.271,86.0,90.0,50.0,50.0,,,false_negative+position_noise+confidence_error,,naive_fusion,move,2,0,89.552,8.418,30.829,uav_0,8.418,False,False,False,False,False,1,"[{""id"": ""obstacle_0"", ""kind"": ""static_obstacle"", ""x"": 50.0, ""y"": 50.0, ""radius"": 5.0}]"
naive_fusion,52,10.4,3,30.396,29.574,90.0,86.0,50.0,50.0,,,false_negative+position_noise+confidence_error,,naive_fusion,move,1,0,82.076,8.498,23.311,uav_2,8.498,False,False,False,False,False,1,"[{""id"": ""obstacle_0"", ""kind"": ""static_obstacle"", ""x"": 50.0, ""y"": 50.0, ""radius"": 5.0}]"
naive_fusion,53,10.6,0,20.62,19.918,94.0,90.0,50.0,50.0,,,position_noise+confidence_error,,naive_fusion,move,3,0,101.469,8.392,37.048,uav_2,8.392,False,False,False,False,False,1,"[{""id"": ""obstacle_0"", ""kind"": ""static_obstacle"", ""x"": 50.0, ""y"": 50.0, ""radius"": 5.0}]"
naive_fusion,53,10.6,1,20.822,29.705,90.0,94.0,50.0,50.0,,,false_negative+position_noise+confidence_error,,naive_fusion,move,2,0,94.443,9.789,30.542,uav_0,9.789,False,False,False,False,False,1,"[{""id"": ""obstacle_0"", ""kind"": ""static_obstacle"", ""x"": 50.0, ""y"": 50.0, ""radius"": 5.0}]"
naive_fusion,53,10.6,2,28.847,21.578,86.0,90.0,50.0,50.0,,,false_negative+position_noise+confidence_error,,naive_fusion,move,2,0,89.152,8.392,30.43,uav_0,8.392,False,False,False,False,False,1,"[{""id"": ""obstacle_0"", ""kind"": ""static_obstacle"", ""x"": 50.0, ""y"": 50.0, ""radius"": 5.0}]"
naive_fusion,53,10.6,3,30.686,29.849,90.0,86.0,50.0,50.0,,,false_negative+position_noise+confidence_error,,naive_fusion,move,2,0,81.676,8.474,22.912,uav_2,8.474,False,False,False,False,False,1,"[{""id"": ""obstacle_0"", ""kind"": ""static_obstacle"", ""x"": 50.0, ""y"": 50.0, ""radius"": 5.0}]"
naive_fusion,54,10.8,0,20.91,20.195,94.0,90.0,50.0,50.0,,,position_noise+confidence_error,,naive_fusion,move,3,0,101.069,8.366,36.648,uav_2,8.366,False,False,False,False,False,1,"[{""id"": ""obstacle_0"", ""kind"": ""static_obstacle"", ""x"": 50.0, ""y"": 50.0, ""radius"": 5.0}]"
naive_fusion,54,10.8,1,21.115,29.977,90.0,94.0,50.0,50.0,,,position_noise+confidence_error,,naive_fusion,move,3,0,94.043,9.785,30.146,uav_0,9.785,False,False,False,False,False,1,"[{""id"": ""obstacle_0"", ""kind"": ""static_obstacle"", ""x"": 50.0, ""y"": 50.0, ""radius"": 5.0}]"
naive_fusion,54,10.8,2,29.104,21.885,86.0,90.0,50.0,50.0,,,position_noise+confidence_error,,naive_fusion,move,3,0,88.752,8.366,30.031,uav_0,8.366,False,False,False,False,False,1,"[{""id"": ""obstacle_0"", ""kind"": ""static_obstacle"", ""x"": 50.0, ""y"": 50.0, ""radius"": 5.0}]"
naive_fusion,54,10.8,3,30.977,30.124,90.0,86.0,50.0,50.0,,,false_negative+position_noise+confidence_error,,naive_fusion,move,2,0,81.276,8.45,22.512,uav_2,8.45,False,False,False,False,False,1,"[{""id"": ""obstacle_0"", ""kind"": ""static_obstacle"", ""x"": 50.0, ""y"": 50.0, ""radius"": 5.0}]"
naive_fusion,55,11.0,0,21.199,20.471,94.0,90.0,50.0,50.0,,,position_noise+confidence_error,,naive_fusion,move,3,0,100.669,8.34,36.249,uav_2,8.34,False,False,False,False,False,1,"[{""id"": ""obstacle_0"", ""kind"": ""static_obstacle"", ""x"": 50.0, ""y"": 50.0, ""radius"": 5.0}]"
naive_fusion,55,11.0,1,21.408,30.25,90.0,94.0,50.0,50.0,,,false_negative+position_noise+confidence_error,,naive_fusion,move,2,0,93.643,9.781,29.751,uav_0,9.781,False,False,False,False,False,1,"[{""id"": ""obstacle_0"", ""kind"": ""static_obstacle"", ""x"": 50.0, ""y"": 50.0, ""radius"": 5.0}]"
naive_fusion,55,11.0,2,29.36,22.192,86.0,90.0,50.0,50.0,,,position_noise+confidence_error,,naive_fusion,move,3,0,88.352,8.34,29.631,uav_0,8.34,False,False,False,False,False,1,"[{""id"": ""obstacle_0"", ""kind"": ""static_obstacle"", ""x"": 50.0, ""y"": 50.0, ""radius"": 5.0}]"
naive_fusion,55,11.0,3,31.267,30.399,90.0,86.0,50.0,50.0,,,false_negative+position_noise+confidence_error,,naive_fusion,move,2,0,80.876,8.427,22.113,uav_2,8.427,False,False,False,False,False,1,"[{""id"": ""obstacle_0"", ""kind"": ""static_obstacle"", ""x"": 50.0, ""y"": 50.0, ""radius"": 5.0}]"
naive_fusion,56,11.2,0,21.488,20.747,94.0,90.0,50.0,50.0,,,position_noise+confidence_error,,naive_fusion,move,3,0,100.269,8.315,35.849,uav_2,8.315,False,False,False,False,False,1,"[{""id"": ""obstacle_0"", ""kind"": ""static_obstacle"", ""x"": 50.0, ""y"": 50.0, ""radius"": 5.0}]"
naive_fusion,56,11.2,1,21.701,30.522,90.0,94.0,50.0,50.0,,,false_negative+position_noise+confidence_error,,naive_fusion,move,2,0,93.243,9.777,29.355,uav_0,9.777,False,False,False,False,False,1,"[{""id"": ""obstacle_0"", ""kind"": ""static_obstacle"", ""x"": 50.0, ""y"": 50.0, ""radius"": 5.0}]"
naive_fusion,56,11.2,2,29.616,22.499,86.0,90.0,50.0,50.0,,,position_noise+confidence_error,,naive_fusion,move,3,0,87.952,8.315,29.232,uav_0,8.315,False,False,False,False,False,1,"[{""id"": ""obstacle_0"", ""kind"": ""static_obstacle"", ""x"": 50.0, ""y"": 50.0, ""radius"": 5.0}]"
naive_fusion,56,11.2,3,31.558,30.674,90.0,86.0,50.0,50.0,,,false_negative+position_noise+confidence_error,,naive_fusion,move,2,0,80.476,8.403,21.713,uav_2,8.403,False,False,False,False,False,1,"[{""id"": ""obstacle_0"", ""kind"": ""static_obstacle"", ""x"": 50.0, ""y"": 50.0, ""radius"": 5.0}]"
naive_fusion,57,11.4,0,21.778,21.024,94.0,90.0,50.0,50.0,,,false_negative+position_noise+confidence_error,,naive_fusion,move,1,0,99.869,8.289,35.449,uav_2,8.289,False,False,False,False,False,1,"[{""id"": ""obstacle_0"", ""kind"": ""static_obstacle"", ""x"": 50.0, ""y"": 50.0, ""radius"": 5.0}]"
naive_fusion,57,11.4,1,21.994,30.794,90.0,94.0,50.0,50.0,,,position_noise+confidence_error,,naive_fusion,move,3,0,92.843,9.773,28.959,uav_0,9.773,False,False,False,False,False,1,"[{""id"": ""obstacle_0"", ""kind"": ""static_obstacle"", ""x"": 50.0, ""y"": 50.0, ""radius"": 5.0}]"
naive_fusion,57,11.4,2,29.873,22.806,86.0,90.0,50.0,50.0,,,position_noise+confidence_error,,naive_fusion,move,3,0,87.552,8.289,28.833,uav_0,8.289,False,False,False,False,False,1,"[{""id"": ""obstacle_0"", ""kind"": ""static_obstacle"", ""x"": 50.0, ""y"": 50.0, ""radius"": 5.0}]"
naive_fusion,57,11.4,3,31.848,30.949,90.0,86.0,50.0,50.0,,,false_negative+position_noise+confidence_error,,naive_fusion,move,2,0,80.076,8.38,21.314,uav_2,8.38,False,False,False,False,False,1,"[{""id"": ""obstacle_0"", ""kind"": ""static_obstacle"", ""x"": 50.0, ""y"": 50.0, ""radius"": 5.0}]"
naive_fusion,58,11.6,0,22.067,21.3,94.0,90.0,50.0,50.0,,,false_negative+position_noise+confidence_error,,naive_fusion,move,1,0,99.469,8.264,35.05,uav_2,8.264,False,False,False,False,False,1,"[{""id"": ""obstacle_0"", ""kind"": ""static_obstacle"", ""x"": 50.0, ""y"": 50.0, ""radius"": 5.0}]"
naive_fusion,58,11.6,1,22.287,31.066,90.0,94.0,50.0,50.0,,,false_negative+position_noise+confidence_error,,naive_fusion,move,2,0,92.443,9.769,28.563,uav_0,9.769,False,False,False,False,False,1,"[{""id"": ""obstacle_0"", ""kind"": ""static_obstacle"", ""x"": 50.0, ""y"": 50.0, ""radius"": 5.0}]"
naive_fusion,58,11.6,2,30.129,23.113,86.0,90.0,50.0,50.0,,,position_noise+confidence_error,,naive_fusion,move,3,0,87.152,8.264,28.433,uav_0,8.264,False,False,False,False,False,1,"[{""id"": ""obstacle_0"", ""kind"": ""static_obstacle"", ""x"": 50.0, ""y"": 50.0, ""radius"": 5.0}]"
naive_fusion,58,11.6,3,32.138,31.224,90.0,86.0,50.0,50.0,,,false_negative+position_noise+confidence_error,,naive_fusion,move,2,0,79.676,8.357,20.914,uav_2,8.357,False,False,False,False,False,1,"[{""id"": ""obstacle_0"", ""kind"": ""static_obstacle"", ""x"": 50.0, ""y"": 50.0, ""radius"": 5.0}]"
naive_fusion,59,11.8,0,22.356,21.576,94.0,90.0,50.0,50.0,,,false_negative+position_noise+confidence_error,,naive_fusion,move,2,0,99.069,8.239,34.65,uav_2,8.239,False,False,False,False,False,1,"[{""id"": ""obstacle_0"", ""kind"": ""static_obstacle"", ""x"": 50.0, ""y"": 50.0, ""radius"": 5.0}]"
naive_fusion,59,11.8,1,22.58,31.339,90.0,94.0,50.0,50.0,,,position_noise+confidence_error,,naive_fusion,move,3,0,92.043,9.765,28.168,uav_0,9.765,False,False,False,False,False,1,"[{""id"": ""obstacle_0"", ""kind"": ""static_obstacle"", ""x"": 50.0, ""y"": 50.0, ""radius"": 5.0}]"
naive_fusion,59,11.8,2,30.386,23.42,86.0,90.0,50.0,50.0,,,position_noise+confidence_error,,naive_fusion,move,3,0,86.752,8.239,28.034,uav_0,8.239,False,False,False,False,False,1,"[{""id"": ""obstacle_0"", ""kind"": ""static_obstacle"", ""x"": 50.0, ""y"": 50.0, ""radius"": 5.0}]"
naive_fusion,59,11.8,3,32.429,31.499,90.0,86.0,50.0,50.0,,,position_noise+confidence_error,,naive_fusion,move,3,0,79.276,8.334,20.515,uav_2,8.334,False,False,False,False,False,1,"[{""id"": ""obstacle_0"", ""kind"": ""static_obstacle"", ""x"": 50.0, ""y"": 50.0, ""radius"": 5.0}]"
naive_fusion,60,12.0,0,22.645,21.852,94.0,90.0,50.0,50.0,,,false_negative+position_noise+confidence_error,,naive_fusion,move,2,0,98.669,8.213,34.25,uav_2,8.213,False,False,False,False,False,1,"[{""id"": ""obstacle_0"", ""kind"": ""static_obstacle"", ""x"": 50.0, ""y"": 50.0, ""radius"": 5.0}]"
naive_fusion,60,12.0,1,22.873,31.611,90.0,94.0,50.0,50.0,,,false_negative+position_noise+confidence_error,,naive_fusion,move,2,0,91.643,9.761,27.773,uav_0,9.761,False,False,False,False,False,1,"[{""id"": ""obstacle_0"", ""kind"": ""static_obstacle"", ""x"": 50.0, ""y"": 50.0, ""radius"": 5.0}]"
naive_fusion,60,12.0,2,30.642,23.727,86.0,90.0,50.0,50.0,,,position_noise+confidence_error,,naive_fusion,move,3,0,86.352,8.213,27.635,uav_0,8.213,False,False,False,False,False,1,"[{""id"": ""obstacle_0"", ""kind"": ""static_obstacle"", ""x"": 50.0, ""y"": 50.0, ""radius"": 5.0}]"
naive_fusion,60,12.0,3,32.719,31.774,90.0,86.0,50.0,50.0,,,position_noise+confidence_error,,naive_fusion,move,3,0,78.876,8.312,20.116,uav_2,8.312,False,False,False,False,False,1,"[{""id"": ""obstacle_0"", ""kind"": ""static_obstacle"", ""x"": 50.0, ""y"": 50.0, ""radius"": 5.0}]"
naive_fusion,61,12.2,0,22.935,22.129,94.0,90.0,50.0,50.0,,,position_noise+confidence_error,,naive_fusion,move,3,0,98.269,8.189,33.85,uav_2,8.189,False,False,False,False,False,1,"[{""id"": ""obstacle_0"", ""kind"": ""static_obstacle"", ""x"": 50.0, ""y"": 50.0, ""radius"": 5.0}]"
naive_fusion,61,12.2,1,23.166,31.883,90.0,94.0,50.0,50.0,,,false_negative+position_noise+confidence_error,,naive_fusion,move,1,0,91.243,9.758,27.377,uav_0,9.758,False,False,False,False,False,1,"[{""id"": ""obstacle_0"", ""kind"": ""static_obstacle"", ""x"": 50.0, ""y"": 50.0, ""radius"": 5.0}]"
naive_fusion,61,12.2,2,30.899,24.034,86.0,90.0,50.0,50.0,,,position_noise+confidence_error,,naive_fusion,move,3,0,85.952,8.189,27.235,uav_0,8.189,False,False,False,False,False,1,"[{""id"": ""obstacle_0"", ""kind"": ""static_obstacle"", ""x"": 50.0, ""y"": 50.0, ""radius"": 5.0}]"
naive_fusion,61,12.2,3,33.01,32.049,90.0,86.0,50.0,50.0,,,false_negative+position_noise+confidence_error,,naive_fusion,move,1,0,78.476,8.289,19.716,uav_2,8.289,False,False,False,False,False,1,"[{""id"": ""obstacle_0"", ""kind"": ""static_obstacle"", ""x"": 50.0, ""y"": 50.0, ""radius"": 5.0}]"
naive_fusion,62,12.4,0,23.224,22.405,94.0,90.0,50.0,50.0,,,false_negative+position_noise+confidence_error,,naive_fusion,move,2,0,97.869,8.164,33.451,uav_2,8.164,False,False,False,False,False,1,"[{""id"": ""obstacle_0"", ""kind"": ""static_obstacle"", ""x"": 50.0, ""y"": 50.0, ""radius"": 5.0}]"
naive_fusion,62,12.4,1,23.459,32.156,90.0,94.0,50.0,50.0,,,position_noise+confidence_error,,naive_fusion,move,3,0,90.843,9.754,26.982,uav_0,9.754,False,False,False,False,False,1,"[{""id"": ""obstacle_0"", ""kind"": ""static_obstacle"", ""x"": 50.0, ""y"": 50.0, ""radius"": 5.0}]"
naive_fusion,62,12.4,2,31.155,24.341,86.0,90.0,50.0,50.0,,,false_negative+position_noise+confidence_error,,naive_fusion,move,1,0,85.552,8.164,26.836,uav_0,8.164,False,False,False,False,False,1,"[{""id"": ""obstacle_0"", ""kind"": ""static_obstacle"", ""x"": 50.0, ""y"": 50.0, ""radius"": 5.0}]"
naive_fusion,62,12.4,3,33.3,32.324,90.0,86.0,50.0,50.0,,,false_negative+position_noise+confidence_error,,naive_fusion,move,2,0,78.076,8.267,19.317,uav_2,8.267,False,False,False,False,False,1,"[{""id"": ""obstacle_0"", ""kind"": ""static_obstacle"", ""x"": 50.0, ""y"": 50.0, ""radius"": 5.0}]"
naive_fusion,63,12.6,0,23.513,22.681,94.0,90.0,50.0,50.0,,,position_noise+confidence_error,,naive_fusion,move,3,0,97.469,8.139,33.051,uav_2,8.139,False,False,False,False,False,1,"[{""id"": ""obstacle_0"", ""kind"": ""static_obstacle"", ""x"": 50.0, ""y"": 50.0, ""radius"": 5.0}]"
naive_fusion,63,12.6,1,23.752,32.428,90.0,94.0,50.0,50.0,,,false_negative+position_noise+confidence_error,,naive_fusion,move,2,0,90.443,9.75,26.587,uav_0,9.75,False,False,False,False,False,1,"[{""id"": ""obstacle_0"", ""kind"": ""static_obstacle"", ""x"": 50.0, ""y"": 50.0, ""radius"": 5.0}]"
naive_fusion,63,12.6,2,31.411,24.648,86.0,90.0,50.0,50.0,,,false_negative+position_noise+confidence_error,,naive_fusion,move,2,0,85.152,8.139,26.437,uav_0,8.139,False,False,False,False,False,1,"[{""id"": ""obstacle_0"", ""kind"": ""static_obstacle"", ""x"": 50.0, ""y"": 50.0, ""radius"": 5.0}]"
naive_fusion,63,12.6,3,33.591,32.599,90.0,86.0,50.0,50.0,,,false_negative+position_noise+confidence_error,,naive_fusion,move,2,0,77.676,8.245,18.917,uav_2,8.245,False,False,False,False,False,1,"[{""id"": ""obstacle_0"", ""kind"": ""static_obstacle"", ""x"": 50.0, ""y"": 50.0, ""radius"": 5.0}]"
naive_fusion,64,12.8,0,23.802,22.957,94.0,90.0,50.0,50.0,,,false_negative+position_noise+confidence_error,,naive_fusion,move,2,0,97.069,8.115,32.651,uav_2,8.115,False,False,False,False,False,1,"[{""id"": ""obstacle_0"", ""kind"": ""static_obstacle"", ""x"": 50.0, ""y"": 50.0, ""radius"": 5.0}]"
naive_fusion,64,12.8,1,24.045,32.7,90.0,94.0,50.0,50.0,,,position_noise+confidence_error,,naive_fusion,move,3,0,90.043,9.746,26.192,uav_0,9.746,False,False,False,False,False,1,"[{""id"": ""obstacle_0"", ""kind"": ""static_obstacle"", ""x"": 50.0, ""y"": 50.0, ""radius"": 5.0}]"
naive_fusion,64,12.8,2,31.668,24.954,86.0,90.0,50.0,50.0,,,false_negative+position_noise+confidence_error,,naive_fusion,move,2,0,84.752,8.115,26.038,uav_0,8.115,False,False,False,False,False,1,"[{""id"": ""obstacle_0"", ""kind"": ""static_obstacle"", ""x"": 50.0, ""y"": 50.0, ""radius"": 5.0}]"
naive_fusion,64,12.8,3,33.881,32.874,90.0,86.0,50.0,50.0,,,position_noise+confidence_error,,naive_fusion,move,3,0,77.276,8.223,18.518,uav_2,8.223,False,False,False,False,False,1,"[{""id"": ""obstacle_0"", ""kind"": ""static_obstacle"", ""x"": 50.0, ""y"": 50.0, ""radius"": 5.0}]"
naive_fusion,65,13.0,0,24.092,23.234,94.0,90.0,50.0,50.0,,,position_noise+confidence_error,,naive_fusion,move,3,0,96.669,8.091,32.252,uav_2,8.091,False,False,False,False,False,1,"[{""id"": ""obstacle_0"", ""kind"": ""static_obstacle"", ""x"": 50.0, ""y"": 50.0, ""radius"": 5.0}]"
naive_fusion,65,13.0,1,24.338,32.973,90.0,94.0,50.0,50.0,,,false_negative+position_noise+confidence_error,,naive_fusion,move,2,0,89.643,9.742,25.798,uav_0,9.742,False,False,False,False,False,1,"[{""id"": ""obstacle_0"", ""kind"": ""static_obstacle"", ""x"": 50.0, ""y"": 50.0, ""radius"": 5.0}]"
naive_fusion,65,13.0,2,31.924,25.261,86.0,90.0,50.0,50.0,,,position_noise+confidence_error,,naive_fusion,move,3,0,84.352,8.091,25.639,uav_0,8.091,False,False,False,False,False,1,"[{""id"": ""obstacle_0"", ""kind"": ""static_obstacle"", ""x"": 50.0, ""y"": 50.0, ""radius"": 5.0}]"
naive_fusion,65,13.0,3,34.172,33.149,90.0,86.0,50.0,50.0,,,false_negative+position_noise+confidence_error,,naive_fusion,move,2,0,76.876,8.202,18.119,uav_2,8.202,False,False,False,False,False,1,"[{""id"": ""obstacle_0"", ""kind"": ""static_obstacle"", ""x"": 50.0, ""y"": 50.0, ""radius"": 5.0}]"
naive_fusion,66,13.2,0,24.381,23.51,94.0,90.0,50.0,50.0,,,false_negative+position_noise+confidence_error,,naive_fusion,move,1,0,96.269,8.067,31.852,uav_2,8.067,False,False,False,False,False,1,"[{""id"": ""obstacle_0"", ""kind"": ""static_obstacle"", ""x"": 50.0, ""y"": 50.0, ""radius"": 5.0}]"
naive_fusion,66,13.2,1,24.631,33.245,90.0,94.0,50.0,50.0,,,false_negative+position_noise+confidence_error,,naive_fusion,move,2,0,89.243,9.738,25.403,uav_0,9.738,False,False,False,False,False,1,"[{""id"": ""obstacle_0"", ""kind"": ""static_obstacle"", ""x"": 50.0, ""y"": 50.0, ""radius"": 5.0}]"
naive_fusion,66,13.2,2,32.181,25.568,86.0,90.0,50.0,50.0,,,position_noise+confidence_error,,naive_fusion,move,3,0,83.952,8.067,25.239,uav_0,8.067,False,False,False,False,False,1,"[{""id"": ""obstacle_0"", ""kind"": ""static_obstacle"", ""x"": 50.0, ""y"": 50.0, ""radius"": 5.0}]"
naive_fusion,66,13.2,3,34.462,33.424,90.0,86.0,50.0,50.0,,,position_noise+confidence_error,,naive_fusion,move,3,0,76.476,8.18,17.719,uav_2,8.18,False,False,False,False,False,1,"[{""id"": ""obstacle_0"", ""kind"": ""static_obstacle"", ""x"": 50.0, ""y"": 50.0, ""radius"": 5.0}]"
naive_fusion,67,13.4,0,24.67,23.786,94.0,90.0,50.0,50.0,,,false_negative+position_noise+confidence_error,,naive_fusion,move,2,0,95.869,8.043,31.452,uav_2,8.043,False,False,False,False,False,1,"[{""id"": ""obstacle_0"", ""kind"": ""static_obstacle"", ""x"": 50.0, ""y"": 50.0, ""radius"": 5.0}]"
naive_fusion,67,13.4,1,24.924,33.517,90.0,94.0,50.0,50.0,,,position_noise+confidence_error,,naive_fusion,move,3,0,88.843,9.734,25.008,uav_0,9.734,False,False,False,False,False,1,"[{""id"": ""obstacle_0"", ""kind"": ""static_obstacle"", ""x"": 50.0, ""y"": 50.0, ""radius"": 5.0}]"
naive_fusion,67,13.4,2,32.437,25.875,86.0,90.0,50.0,50.0,,,false_negative+position_noise+confidence_error,,naive_fusion,move,2,0,83.552,8.043,24.84,uav_0,8.043,False,False,False,False,False,1,"[{""id"": ""obstacle_0"", ""kind"": ""static_obstacle"", ""x"": 50.0, ""y"": 50.0, ""radius"": 5.0}]"
naive_fusion,67,13.4,3,34.753,33.699,90.0,86.0,50.0,50.0,,,position_noise+confidence_error,,naive_fusion,move,3,0,76.076,8.159,17.32,uav_2,8.159,False,False,False,False,False,1,"[{""id"": ""obstacle_0"", ""kind"": ""static_obstacle"", ""x"": 50.0, ""y"": 50.0, ""radius"": 5.0}]"
naive_fusion,68,13.6,0,24.96,24.062,94.0,90.0,50.0,50.0,,,position_noise+confidence_error,,naive_fusion,move,3,0,95.469,8.019,31.052,uav_2,8.019,False,False,False,False,False,1,"[{""id"": ""obstacle_0"", ""kind"": ""static_obstacle"", ""x"": 50.0, ""y"": 50.0, ""radius"": 5.0}]"
naive_fusion,68,13.6,1,25.217,33.79,90.0,94.0,50.0,50.0,,,false_negative+position_noise+confidence_error,,naive_fusion,move,1,0,88.443,9.731,24.614,uav_0,9.731,False,False,False,False,False,1,"[{""id"": ""obstacle_0"", ""kind"": ""static_obstacle"", ""x"": 50.0, ""y"": 50.0, ""radius"": 5.0}]"
naive_fusion,68,13.6,2,32.694,26.182,86.0,90.0,50.0,50.0,,,position_noise+confidence_error,,naive_fusion,move,3,0,83.152,8.019,24.441,uav_0,8.019,False,False,False,False,False,1,"[{""id"": ""obstacle_0"", ""kind"": ""static_obstacle"", ""x"": 50.0, ""y"": 50.0, ""radius"": 5.0}]"
naive_fusion,68,13.6,3,35.043,33.974,90.0,86.0,50.0,50.0,,,false_negative+position_noise+confidence_error,,naive_fusion,move,2,0,75.676,8.138,16.921,uav_2,8.138,False,False,False,False,False,1,"[{""id"": ""obstacle_0"", ""kind"": ""static_obstacle"", ""x"": 50.0, ""y"": 50.0, ""radius"": 5.0}]"
naive_fusion,69,13.8,0,25.249,24.339,94.0,90.0,50.0,50.0,,,false_negative+position_noise+confidence_error,,naive_fusion,move,2,0,95.069,7.996,30.653,uav_2,7.996,False,False,False,False,False,1,"[{""id"": ""obstacle_0"", ""kind"": ""static_obstacle"", ""x"": 50.0, ""y"": 50.0, ""radius"": 5.0}]"
naive_fusion,69,13.8,1,25.51,34.062,90.0,94.0,50.0,50.0,,,position_noise+confidence_error,,naive_fusion,move,3,0,88.043,9.727,24.22,uav_0,9.727,False,False,False,False,False,1,"[{""id"": ""obstacle_0"", ""kind"": ""static_obstacle"", ""x"": 50.0, ""y"": 50.0, ""radius"": 5.0}]"
naive_fusion,69,13.8,2,32.95,26.489,86.0,90.0,50.0,50.0,,,position_noise+confidence_error,,naive_fusion,move,3,0,82.752,7.996,24.042,uav_0,7.996,False,False,False,False,False,1,"[{""id"": ""obstacle_0"", ""kind"": ""static_obstacle"", ""x"": 50.0, ""y"": 50.0, ""radius"": 5.0}]"
naive_fusion,69,13.8,3,35.334,34.249,90.0,86.0,50.0,50.0,,,false_negative+position_noise+confidence_error,,naive_fusion,move,2,0,75.276,8.118,16.522,uav_2,8.118,False,False,False,False,False,1,"[{""id"": ""obstacle_0"", ""kind"": ""static_obstacle"", ""x"": 50.0, ""y"": 50.0, ""radius"": 5.0}]"
naive_fusion,70,14.0,0,25.538,24.615,94.0,90.0,50.0,50.0,,,position_noise+confidence_error,,naive_fusion,move,3,0,94.669,7.973,30.253,uav_2,7.973,False,False,False,False,False,1,"[{""id"": ""obstacle_0"", ""kind"": ""static_obstacle"", ""x"": 50.0, ""y"": 50.0, ""radius"": 5.0}]"
naive_fusion,70,14.0,1,25.803,34.334,90.0,94.0,50.0,50.0,,,position_noise+confidence_error,,naive_fusion,move,3,0,87.643,9.723,23.826,uav_0,9.723,False,False,False,False,False,1,"[{""id"": ""obstacle_0"", ""kind"": ""static_obstacle"", ""x"": 50.0, ""y"": 50.0, ""radius"": 5.0}]"
naive_fusion,70,14.0,2,33.206,26.796,86.0,90.0,50.0,50.0,,,false_negative+position_noise+confidence_error,,naive_fusion,move,1,0,82.352,7.973,23.643,uav_0,7.973,False,False,False,False,False,1,"[{""id"": ""obstacle_0"", ""kind"": ""static_obstacle"", ""x"": 50.0, ""y"": 50.0, ""radius"": 5.0}]"
naive_fusion,70,14.0,3,35.624,34.524,90.0,86.0,50.0,50.0,,,false_negative+position_noise+confidence_error,,naive_fusion,move,2,0,74.876,8.097,16.122,uav_2,8.097,False,False,False,False,False,1,"[{""id"": ""obstacle_0"", ""kind"": ""static_obstacle"", ""x"": 50.0, ""y"": 50.0, ""radius"": 5.0}]"
naive_fusion,71,14.2,0,25.827,24.891,94.0,90.0,50.0,50.0,,,position_noise+confidence_error,,naive_fusion,move,3,0,94.269,7.95,29.854,uav_2,7.95,False,False,False,False,False,1,"[{""id"": ""obstacle_0"", ""kind"": ""static_obstacle"", ""x"": 50.0, ""y"": 50.0, ""radius"": 5.0}]"
naive_fusion,71,14.2,1,26.096,34.607,90.0,94.0,50.0,50.0,,,false_negative+position_noise+confidence_error,,naive_fusion,move,2,0,87.243,9.719,23.432,uav_0,9.719,False,False,False,False,False,1,"[{""id"": ""obstacle_0"", ""kind"": ""static_obstacle"", ""x"": 50.0, ""y"": 50.0, ""radius"": 5.0}]"
naive_fusion,71,14.2,2,33.463,27.103,86.0,90.0,50.0,50.0,,,false_negative+position_noise+confidence_error,,naive_fusion,move,2,0,81.952,7.95,23.244,uav_0,7.95,False,False,False,False,False,1,"[{""id"": ""obstacle_0"", ""kind"": ""static_obstacle"", ""x"": 50.0, ""y"": 50.0, ""radius"": 5.0}]"
naive_fusion,71,14.2,3,35.915,34.799,90.0,86.0,50.0,50.0,,,position_noise+confidence_error,,naive_fusion,move,3,0,74.476,8.077,15.723,uav_2,8.077,False,False,False,False,False,1,"[{""id"": ""obstacle_0"", ""kind"": ""static_obstacle"", ""x"": 50.0, ""y"": 50.0, ""radius"": 5.0}]"
naive_fusion,72,14.4,0,26.117,25.168,94.0,90.0,50.0,50.0,,,false_negative+position_noise+confidence_error,,naive_fusion,move,2,0,93.869,7.927,29.454,uav_2,7.927,False,False,False,False,False,1,"[{""id"": ""obstacle_0"", ""kind"": ""static_obstacle"", ""x"": 50.0, ""y"": 50.0, ""radius"": 5.0}]"
naive_fusion,72,14.4,1,26.389,34.879,90.0,94.0,50.0,50.0,,,false_negative+position_noise+confidence_error,,naive_fusion,move,1,0,86.843,9.715,23.038,uav_0,9.715,False,False,False,False,False,1,"[{""id"": ""obstacle_0"", ""kind"": ""static_obstacle"", ""x"": 50.0, ""y"": 50.0, ""radius"": 5.0}]"
naive_fusion,72,14.4,2,33.719,27.41,86.0,90.0,50.0,50.0,,,position_noise+confidence_error,,naive_fusion,move,3,0,81.552,7.927,22.845,uav_0,7.927,False,False,False,False,False,1,"[{""id"": ""obstacle_0"", ""kind"": ""static_obstacle"", ""x"": 50.0, ""y"": 50.0, ""radius"": 5.0}]"
naive_fusion,72,14.4,3,36.205,35.074,90.0,86.0,50.0,50.0,,,position_noise+confidence_error,,naive_fusion,move,3,0,74.076,8.057,15.324,uav_2,8.057,False,False,False,False,False,1,"[{""id"": ""obstacle_0"", ""kind"": ""static_obstacle"", ""x"": 50.0, ""y"": 50.0, ""radius"": 5.0}]"
naive_fusion,73,14.6,0,26.406,25.444,94.0,90.0,50.0,50.0,,,false_negative+position_noise+confidence_error,,naive_fusion,move,2,0,93.469,7.904,29.054,uav_2,7.904,False,False,False,False,False,1,"[{""id"": ""obstacle_0"", ""kind"": ""static_obstacle"", ""x"": 50.0, ""y"": 50.0, ""radius"": 5.0}]"
naive_fusion,73,14.6,1,26.682,35.151,90.0,94.0,50.0,50.0,,,false_negative+position_noise+confidence_error,,naive_fusion,move,2,0,86.443,9.711,22.645,uav_0,9.711,False,False,False,False,False,1,"[{""id"": ""obstacle_0"", ""kind"": ""static_obstacle"", ""x"": 50.0, ""y"": 50.0, ""radius"": 5.0}]"
naive_fusion,73,14.6,2,33.976,27.717,86.0,90.0,50.0,50.0,,,false_negative+position_noise+confidence_error,,naive_fusion,move,2,0,81.152,7.904,22.446,uav_0,7.904,False,False,False,False,False,1,"[{""id"": ""obstacle_0"", ""kind"": ""static_obstacle"", ""x"": 50.0, ""y"": 50.0, ""radius"": 5.0}]"
naive_fusion,73,14.6,3,36.496,35.349,90.0,86.0,50.0,50.0,,,false_negative+position_noise+confidence_error,,naive_fusion,move,2,0,73.676,8.037,14.925,uav_2,8.037,False,False,False,False,False,1,"[{""id"": ""obstacle_0"", ""kind"": ""static_obstacle"", ""x"": 50.0, ""y"": 50.0, ""radius"": 5.0}]"
naive_fusion,74,14.8,0,26.695,25.72,94.0,90.0,50.0,50.0,,,position_noise+confidence_error,,naive_fusion,move,3,0,93.069,7.881,28.655,uav_2,7.881,False,False,False,False,False,1,"[{""id"": ""obstacle_0"", ""kind"": ""static_obstacle"", ""x"": 50.0, ""y"": 50.0, ""radius"": 5.0}]"
naive_fusion,74,14.8,1,26.975,35.423,90.0,94.0,50.0,50.0,,,false_negative+position_noise+confidence_error,,naive_fusion,move,2,0,86.043,9.707,22.252,uav_0,9.707,False,False,False,False,False,1,"[{""id"": ""obstacle_0"", ""kind"": ""static_obstacle"", ""x"": 50.0, ""y"": 50.0, ""radius"": 5.0}]"
naive_fusion,74,14.8,2,34.232,28.024,86.0,90.0,50.0,50.0,,,false_negative+position_noise+confidence_error,,naive_fusion,move,1,0,80.752,7.881,22.047,uav_0,7.881,False,False,False,False,False,1,"[{""id"": ""obstacle_0"", ""kind"": ""static_obstacle"", ""x"": 50.0, ""y"": 50.0, ""radius"": 5.0}]"
naive_fusion,74,14.8,3,36.873,35.484,90.0,86.0,50.0,50.0,51.138,48.917,false_negative+position_noise+confidence_error,0.527,naive_fusion,avoidance,3,0,73.311,7.913,14.572,uav_2,7.913,False,False,False,False,False,1,"[{""id"": ""obstacle_0"", ""kind"": ""static_obstacle"", ""x"": 50.0, ""y"": 50.0, ""radius"": 5.0}]"
naive_fusion,75,15.0,0,26.984,25.996,94.0,90.0,50.0,50.0,,,position_noise+confidence_error,,naive_fusion,move,3,0,92.669,7.859,28.255,uav_2,7.859,False,False,False,False,False,1,"[{""id"": ""obstacle_0"", ""kind"": ""static_obstacle"", ""x"": 50.0, ""y"": 50.0, ""radius"": 5.0}]"
naive_fusion,75,15.0,1,27.268,35.696,90.0,94.0,50.0,50.0,,,position_noise+confidence_error,,naive_fusion,move,3,0,85.643,9.704,21.858,uav_0,9.704,False,False,False,False,False,1,"[{""id"": ""obstacle_0"", ""kind"": ""static_obstacle"", ""x"": 50.0, ""y"": 50.0, ""radius"": 5.0}]"
naive_fusion,75,15.0,2,34.489,28.331,86.0,90.0,50.0,50.0,,,false_negative+position_noise+confidence_error,,naive_fusion,move,1,0,80.352,7.859,21.648,uav_0,7.859,False,False,False,False,False,1,"[{""id"": ""obstacle_0"", ""kind"": ""static_obstacle"", ""x"": 50.0, ""y"": 50.0, ""radius"": 5.0}]"
naive_fusion,75,15.0,3,37.162,35.759,90.0,86.0,50.0,50.0,51.919,50.966,position_noise+confidence_error,0.043,naive_fusion,move,4,0,72.911,7.894,14.173,uav_2,7.894,False,False,False,False,False,1,"[{""id"": ""obstacle_0"", ""kind"": ""static_obstacle"", ""x"": 50.0, ""y"": 50.0, ""radius"": 5.0}]"
naive_fusion,76,15.2,0,27.274,26.273,94.0,90.0,50.0,50.0,,,false_negative+position_noise+confidence_error,,naive_fusion,move,2,0,92.269,7.837,27.855,uav_2,7.837,False,False,False,False,False,1,"[{""id"": ""obstacle_0"", ""kind"": ""static_obstacle"", ""x"": 50.0, ""y"": 50.0, ""radius"": 5.0}]"
naive_fusion,76,15.2,1,27.561,35.968,90.0,94.0,50.0,50.0,,,position_noise+confidence_error,,naive_fusion,move,3,0,85.243,9.7,21.465,uav_0,9.7,False,False,False,False,False,1,"[{""id"": ""obstacle_0"", ""kind"": ""static_obstacle"", ""x"": 50.0, ""y"": 50.0, ""radius"": 5.0}]"
naive_fusion,76,15.2,2,34.745,28.638,86.0,90.0,50.0,50.0,,,false_negative+position_noise+confidence_error,,naive_fusion,move,2,0,79.952,7.837,21.249,uav_0,7.837,False,False,False,False,False,1,"[{""id"": ""obstacle_0"", ""kind"": ""static_obstacle"", ""x"": 50.0, ""y"": 50.0, ""radius"": 5.0}]"
naive_fusion,76,15.2,3,37.452,36.035,90.0,86.0,50.0,50.0,50.42,52.289,position_noise+confidence_error,0.391,naive_fusion,move,4,0,72.511,7.876,13.774,uav_2,7.876,False,False,False,False,False,1,"[{""id"": ""obstacle_0"", ""kind"": ""static_obstacle"", ""x"": 50.0, ""y"": 50.0, ""radius"": 5.0}]"
naive_fusion,77,15.4,0,27.563,26.549,94.0,90.0,50.0,50.0,,,position_noise+confidence_error,,naive_fusion,move,3,0,91.869,7.815,27.456,uav_2,7.815,False,False,False,False,False,1,"[{""id"": ""obstacle_0"", ""kind"": ""static_obstacle"", ""x"": 50.0, ""y"": 50.0, ""radius"": 5.0}]"
naive_fusion,77,15.4,1,27.854,36.24,90.0,94.0,50.0,50.0,,,false_negative+position_noise+confidence_error,,naive_fusion,move,2,0,84.843,9.696,21.073,uav_0,9.696,False,False,False,False,False,1,"[{""id"": ""obstacle_0"", ""kind"": ""static_obstacle"", ""x"": 50.0, ""y"": 50.0, ""radius"": 5.0}]"
naive_fusion,77,15.4,2,35.001,28.945,86.0,90.0,50.0,50.0,,,position_noise+confidence_error,,naive_fusion,move,3,0,79.552,7.815,20.851,uav_0,7.815,False,False,False,False,False,1,"[{""id"": ""obstacle_0"", ""kind"": ""static_obstacle"", ""x"": 50.0, ""y"": 50.0, ""radius"": 5.0}]"
naive_fusion,77,15.4,3,37.742,36.31,90.0,86.0,50.0,50.0,,,false_negative+position_noise+confidence_error,,naive_fusion,move,2,0,72.111,7.859,13.375,uav_2,7.859,False,False,False,False,False,1,"[{""id"": ""obstacle_0"", ""kind"": ""static_obstacle"", ""x"": 50.0, ""y"": 50.0, ""radius"": 5.0}]"
naive_fusion,78,15.6,0,27.852,26.825,94.0,90.0,50.0,50.0,,,position_noise+confidence_error,,naive_fusion,move,3,0,91.469,7.793,27.056,uav_2,7.793,False,False,False,False,False,1,"[{""id"": ""obstacle_0"", ""kind"": ""static_obstacle"", ""x"": 50.0, ""y"": 50.0, ""radius"": 5.0}]"
naive_fusion,78,15.6,1,28.147,36.513,90.0,94.0,50.0,50.0,,,position_noise+confidence_error,,naive_fusion,move,3,0,84.443,9.692,20.68,uav_0,9.692,False,False,False,False,False,1,"[{""id"": ""obstacle_0"", ""kind"": ""static_obstacle"", ""x"": 50.0, ""y"": 50.0, ""radius"": 5.0}]"
naive_fusion,78,15.6,2,35.258,29.252,86.0,90.0,50.0,50.0,,,false_negative+position_noise+confidence_error,,naive_fusion,move,2,0,79.152,7.7,20.452,uav_3,7.7,False,False,False,False,False,1,"[{""id"": ""obstacle_0"", ""kind"": ""static_obstacle"", ""x"": 50.0, ""y"": 50.0, ""radius"": 5.0}]"
naive_fusion,78,15.6,3,38.133,36.396,90.0,86.0,50.0,50.0,48.319,51.501,position_noise+confidence_error,0.143,naive_fusion,avoidance,4,0,71.769,7.7,13.053,uav_2,7.7,False,False,False,False,False,1,"[{""id"": ""obstacle_0"", ""kind"": ""static_obstacle"", ""x"": 50.0, ""y"": 50.0, ""radius"": 5.0}]"
naive_fusion,79,15.8,0,28.141,27.101,94.0,90.0,50.0,50.0,,,false_negative+position_noise+confidence_error,,naive_fusion,move,2,0,91.069,7.772,26.657,uav_2,7.772,False,False,False,False,False,1,"[{""id"": ""obstacle_0"", ""kind"": ""static_obstacle"", ""x"": 50.0, ""y"": 50.0, ""radius"": 5.0}]"
naive_fusion,79,15.8,1,28.44,36.785,90.0,94.0,50.0,50.0,,,position_noise+confidence_error,,naive_fusion,move,3,0,84.043,9.688,20.288,uav_0,9.688,False,False,False,False,False,1,"[{""id"": ""obstacle_0"", ""kind"": ""static_obstacle"", ""x"": 50.0, ""y"": 50.0, ""radius"": 5.0}]"
naive_fusion,79,15.8,2,35.514,29.559,86.0,90.0,50.0,50.0,,,position_noise+confidence_error,,naive_fusion,move,3,0,78.752,7.57,20.053,uav_3,7.57,False,False,False,False,False,1,"[{""id"": ""obstacle_0"", ""kind"": ""static_obstacle"", ""x"": 50.0, ""y"": 50.0, ""radius"": 5.0}]"
naive_fusion,79,15.8,3,38.517,36.508,90.0,86.0,50.0,50.0,50.63,51.344,false_negative+position_noise+confidence_error,0.042,naive_fusion,avoidance,3,0,71.414,7.57,12.717,uav_2,7.57,False,False,False,False,False,1,"[{""id"": ""obstacle_0"", ""kind"": ""static_obstacle"", ""x"": 50.0, ""y"": 50.0, ""radius"": 5.0}]"
naive_fusion,80,16.0,0,28.431,27.378,94.0,90.0,50.0,50.0,,,false_negative+position_noise+confidence_error,,naive_fusion,move,2,0,90.669,7.75,26.257,uav_2,7.75,False,False,False,False,False,1,"[{""id"": ""obstacle_0"", ""kind"": ""static_obstacle"", ""x"": 50.0, ""y"": 50.0, ""radius"": 5.0}]"
naive_fusion,80,16.0,1,28.733,37.057,90.0,94.0,50.0,50.0,,,false_negative+position_noise+confidence_error,,naive_fusion,move,2,0,83.643,9.684,19.896,uav_0,9.684,False,False,False,False,False,1,"[{""id"": ""obstacle_0"", ""kind"": ""static_obstacle"", ""x"": 50.0, ""y"": 50.0, ""radius"": 5.0}]"
naive_fusion,80,16.0,2,35.771,29.866,86.0,90.0,50.0,50.0,,,false_negative+position_noise+confidence_error,,naive_fusion,move,1,0,78.352,7.555,19.654,uav_3,7.555,False,False,False,False,False,1,"[{""id"": ""obstacle_0"", ""kind"": ""static_obstacle"", ""x"": 50.0, ""y"": 50.0, ""radius"": 5.0}]"
naive_fusion,80,16.0,3,38.805,36.785,90.0,86.0,50.0,50.0,,,false_negative+position_noise+confidence_error,,naive_fusion,move,2,0,71.014,7.555,12.319,uav_2,7.555,False,False,False,False,False,1,"[{""id"": ""obstacle_0"", ""kind"": ""static_obstacle"", ""x"": 50.0, ""y"": 50.0, ""radius"": 5.0}]"
naive_fusion,81,16.2,0,28.72,27.654,94.0,90.0,50.0,50.0,,,false_negative+position_noise+confidence_error,,naive_fusion,move,1,0,90.269,7.729,25.857,uav_2,7.729,False,False,False,False,False,1,"[{""id"": ""obstacle_0"", ""kind"": ""static_obstacle"", ""x"": 50.0, ""y"": 50.0, ""radius"": 5.0}]"
naive_fusion,81,16.2,1,29.026,37.33,90.0,94.0,50.0,50.0,,,false_negative+position_noise+confidence_error,,naive_fusion,move,2,0,83.243,9.681,19.504,uav_0,9.681,False,False,False,False,False,1,"[{""id"": ""obstacle_0"", ""kind"": ""static_obstacle"", ""x"": 50.0, ""y"": 50.0, ""radius"": 5.0}]"
naive_fusion,81,16.2,2,36.027,30.173,86.0,90.0,50.0,50.0,,,position_noise+confidence_error,,naive_fusion,move,3,0,77.952,7.363,19.256,uav_3,7.363,False,False,False,False,False,1,"[{""id"": ""obstacle_0"", ""kind"": ""static_obstacle"", ""x"": 50.0, ""y"": 50.0, ""radius"": 5.0}]"
naive_fusion,81,16.2,3,39.204,36.816,90.0,86.0,50.0,50.0,49.728,48.483,position_noise+confidence_error,0.489,naive_fusion,avoidance,4,0,70.706,7.363,12.041,uav_2,7.363,False,False,False,False,False,1,"[{""id"": ""obstacle_0"", ""kind"": ""static_obstacle"", ""x"": 50.0, ""y"": 50.0, ""radius"": 5.0}]"
naive_fusion,82,16.4,0,29.009,27.93,94.0,90.0,50.0,50.0,,,position_noise+confidence_error,,naive_fusion,move,3,0,89.869,7.708,25.458,uav_2,7.708,False,False,False,False,False,1,"[{""id"": ""obstacle_0"", ""kind"": ""static_obstacle"", ""x"": 50.0, ""y"": 50.0, ""radius"": 5.0}]"
naive_fusion,82,16.4,1,29.319,37.602,90.0,94.0,50.0,50.0,,,position_noise+confidence_error,,naive_fusion,move,3,0,82.843,9.677,19.113,uav_0,9.677,False,False,False,False,False,1,"[{""id"": ""obstacle_0"", ""kind"": ""static_obstacle"", ""x"": 50.0, ""y"": 50.0, ""radius"": 5.0}]"
naive_fusion,82,16.4,2,36.284,30.48,86.0,90.0,50.0,50.0,,,position_noise+confidence_error,,naive_fusion,move,3,0,77.552,7.35,18.857,uav_3,7.35,False,False,False,False,False,1,"[{""id"": ""obstacle_0"", ""kind"": ""static_obstacle"", ""x"": 50.0, ""y"": 50.0, ""radius"": 5.0}]"
naive_fusion,82,16.4,3,39.491,37.094,90.0,86.0,50.0,50.0,,,false_negative+position_noise+confidence_error,,naive_fusion,move,2,0,70.306,7.35,11.643,uav_2,7.35,False,False,False,False,False,1,"[{""id"": ""obstacle_0"", ""kind"": ""static_obstacle"", ""x"": 50.0, ""y"": 50.0, ""radius"": 5.0}]"
naive_fusion,83,16.6,0,29.299,28.206,94.0,90.0,50.0,50.0,,,position_noise+confidence_error,,naive_fusion,move,3,0,89.469,7.688,25.058,uav_2,7.688,False,False,False,False,False,1,"[{""id"": ""obstacle_0"", ""kind"": ""static_obstacle"", ""x"": 50.0, ""y"": 50.0, ""radius"": 5.0}]"
naive_fusion,83,16.6,1,29.612,37.874,90.0,94.0,50.0,50.0,,,position_noise+confidence_error,,naive_fusion,move,3,0,82.443,9.673,18.722,uav_0,9.673,False,False,False,False,False,1,"[{""id"": ""obstacle_0"", ""kind"": ""static_obstacle"", ""x"": 50.0, ""y"": 50.0, ""radius"": 5.0}]"
naive_fusion,83,16.6,2,36.54,30.787,86.0,90.0,50.0,50.0,,,position_noise+confidence_error,,naive_fusion,move,3,0,77.152,7.196,18.458,uav_3,7.196,False,False,False,False,False,1,"[{""id"": ""obstacle_0"", ""kind"": ""static_obstacle"", ""x"": 50.0, ""y"": 50.0, ""radius"": 5.0}]"
naive_fusion,83,16.6,3,39.886,37.159,90.0,86.0,50.0,50.0,49.767,51.109,false_negative+position_noise+confidence_error,0.331,naive_fusion,avoidance,3,0,69.978,7.196,11.346,uav_2,7.196,False,False,False,False,False,1,"[{""id"": ""obstacle_0"", ""kind"": ""static_obstacle"", ""x"": 50.0, ""y"": 50.0, ""radius"": 5.0}]"
naive_fusion,84,16.8,0,29.588,28.483,94.0,90.0,50.0,50.0,,,false_negative+position_noise+confidence_error,,naive_fusion,move,1,0,89.069,7.667,24.659,uav_2,7.667,False,False,False,False,False,1,"[{""id"": ""obstacle_0"", ""kind"": ""static_obstacle"", ""x"": 50.0, ""y"": 50.0, ""radius"": 5.0}]"
naive_fusion,84,16.8,1,29.905,38.147,90.0,94.0,50.0,50.0,,,position_noise+confidence_error,,naive_fusion,move,3,0,82.043,9.669,18.331,uav_0,9.669,False,False,False,False,False,1,"[{""id"": ""obstacle_0"", ""kind"": ""static_obstacle"", ""x"": 50.0, ""y"": 50.0, ""radius"": 5.0}]"
naive_fusion,84,16.8,2,36.796,31.094,86.0,90.0,50.0,50.0,,,false_negative+position_noise+confidence_error,,naive_fusion,move,2,0,76.752,6.964,18.06,uav_3,6.964,False,False,False,False,False,1,"[{""id"": ""obstacle_0"", ""kind"": ""static_obstacle"", ""x"": 50.0, ""y"": 50.0, ""radius"": 5.0}]"
naive_fusion,84,16.8,3,40.284,37.122,90.0,86.0,50.0,50.0,49.582,47.907,false_negative+position_noise+confidence_error,0.457,naive_fusion,avoidance,3,0,69.718,6.964,11.131,uav_2,6.964,False,False,False,False,False,1,"[{""id"": ""obstacle_0"", ""kind"": ""static_obstacle"", ""x"": 50.0, ""y"": 50.0, ""radius"": 5.0}]"
naive_fusion,85,17.0,0,29.877,28.759,94.0,90.0,50.0,50.0,,,position_noise+confidence_error,,naive_fusion,move,3,0,88.669,7.647,24.259,uav_2,7.647,False,False,False,False,False,1,"[{""id"": ""obstacle_0"", ""kind"": ""static_obstacle"", ""x"": 50.0, ""y"": 50.0, ""radius"": 5.0}]"
naive_fusion,85,17.0,1,30.198,38.419,90.0,94.0,50.0,50.0,,,false_negative+position_noise+confidence_error,,naive_fusion,move,2,0,81.643,9.665,17.94,uav_0,9.665,False,False,False,False,False,1,"[{""id"": ""obstacle_0"", ""kind"": ""static_obstacle"", ""x"": 50.0, ""y"": 50.0, ""radius"": 5.0}]"
naive_fusion,85,17.0,2,37.053,31.401,86.0,90.0,50.0,50.0,,,false_negative+position_noise+confidence_error,,naive_fusion,move,2,0,76.352,6.835,17.661,uav_3,6.835,False,False,False,False,False,1,"[{""id"": ""obstacle_0"", ""kind"": ""static_obstacle"", ""x"": 50.0, ""y"": 50.0, ""radius"": 5.0}]"
naive_fusion,85,17.0,3,40.678,37.196,90.0,86.0,50.0,50.0,49.684,52.23,position_noise+confidence_error,0.329,naive_fusion,avoidance,4,0,69.387,6.835,10.838,uav_2,6.835,False,False,False,False,False,1,"[{""id"": ""obstacle_0"", ""kind"": ""static_obstacle"", ""x"": 50.0, ""y"": 50.0, ""radius"": 5.0}]"
naive_fusion,86,17.2,0,30.166,29.035,94.0,90.0,50.0,50.0,,,false_negative+position_noise+confidence_error,,naive_fusion,move,2,0,88.269,7.627,23.86,uav_2,7.627,False,False,False,False,False,1,"[{""id"": ""obstacle_0"", ""kind"": ""static_obstacle"", ""x"": 50.0, ""y"": 50.0, ""radius"": 5.0}]"
naive_fusion,86,17.2,1,30.491,38.691,90.0,94.0,50.0,50.0,,,false_negative+position_noise+confidence_error,,naive_fusion,move,2,0,81.243,9.661,17.55,uav_0,9.661,False,False,False,False,False,1,"[{""id"": ""obstacle_0"", ""kind"": ""static_obstacle"", ""x"": 50.0, ""y"": 50.0, ""radius"": 5.0}]"
naive_fusion,86,17.2,2,37.309,31.708,86.0,90.0,50.0,50.0,,,position_noise+confidence_error,,naive_fusion,move,3,0,75.952,6.588,17.263,uav_3,6.588,False,False,False,False,False,1,"[{""id"": ""obstacle_0"", ""kind"": ""static_obstacle"", ""x"": 50.0, ""y"": 50.0, ""radius"": 5.0}]"
naive_fusion,86,17.2,3,41.07,37.118,90.0,86.0,50.0,50.0,50.34,46.904,false_negative+position_noise+confidence_error,0.231,naive_fusion,avoidance,3,0,69.164,6.588,10.675,uav_2,6.588,False,False,False,False,False,1,"[{""id"": ""obstacle_0"", ""kind"": ""static_obstacle"", ""x"": 50.0, ""y"": 50.0, ""radius"": 5.0}]"
naive_fusion,87,17.4,0,30.456,29.312,94.0,90.0,50.0,50.0,,,position_noise+confidence_error,,naive_fusion,move,3,0,87.869,7.607,23.46,uav_2,7.607,False,False,False,False,False,1,"[{""id"": ""obstacle_0"", ""kind"": ""static_obstacle"", ""x"": 50.0, ""y"": 50.0, ""radius"": 5.0}]"
naive_fusion,87,17.4,1,30.784,38.964,90.0,94.0,50.0,50.0,,,false_negative+position_noise+confidence_error,,naive_fusion,move,1,0,80.843,9.658,17.16,uav_0,9.658,False,False,False,False,False,1,"[{""id"": ""obstacle_0"", ""kind"": ""static_obstacle"", ""x"": 50.0, ""y"": 50.0, ""radius"": 5.0}]"
naive_fusion,87,17.4,2,37.566,32.015,86.0,90.0,50.0,50.0,,,position_noise+confidence_error,,naive_fusion,move,3,0,75.552,6.438,16.865,uav_3,6.438,False,False,False,False,False,1,"[{""id"": ""obstacle_0"", ""kind"": ""static_obstacle"", ""x"": 50.0, ""y"": 50.0, ""radius"": 5.0}]"
naive_fusion,87,17.4,3,41.469,37.135,90.0,86.0,50.0,50.0,48.883,50.707,false_negative+position_noise+confidence_error,0.311,naive_fusion,avoidance,3,0,68.869,6.438,10.436,uav_2,6.438,False,False,False,False,False,1,"[{""id"": ""obstacle_0"", ""kind"": ""static_obstacle"", ""x"": 50.0, ""y"": 50.0, ""radius"": 5.0}]"
naive_fusion,88,17.6,0,30.745,29.588,94.0,90.0,50.0,50.0,,,position_noise+confidence_error,,naive_fusion,move,3,0,87.469,7.587,23.061,uav_2,7.587,False,False,False,False,False,1,"[{""id"": ""obstacle_0"", ""kind"": ""static_obstacle"", ""x"": 50.0, ""y"": 50.0, ""radius"": 5.0}]"
naive_fusion,88,17.6,1,31.077,39.236,90.0,94.0,50.0,50.0,,,position_noise+confidence_error,,naive_fusion,move,3,0,80.443,9.654,16.771,uav_0,9.654,False,False,False,False,False,1,"[{""id"": ""obstacle_0"", ""kind"": ""static_obstacle"", ""x"": 50.0, ""y"": 50.0, ""radius"": 5.0}]"
naive_fusion,88,17.6,2,37.822,32.322,86.0,90.0,50.0,50.0,,,false_negative+position_noise+confidence_error,,naive_fusion,move,2,0,75.152,6.271,16.466,uav_3,6.271,False,False,False,False,False,1,"[{""id"": ""obstacle_0"", ""kind"": ""static_obstacle"", ""x"": 50.0, ""y"": 50.0, ""radius"": 5.0}]"
naive_fusion,88,17.6,3,41.869,37.113,90.0,86.0,50.0,50.0,51.214,48.027,false_negative+position_noise+confidence_error,0.198,naive_fusion,avoidance,3,0,68.604,6.271,10.238,uav_2,6.271,False,False,False,False,False,1,"[{""id"": ""obstacle_0"", ""kind"": ""static_obstacle"", ""x"": 50.0, ""y"": 50.0, ""radius"": 5.0}]"
naive_fusion,89,17.8,0,31.034,29.864,94.0,90.0,50.0,50.0,,,false_negative+position_noise+confidence_error,,naive_fusion,move,2,0,87.069,7.619,22.661,uav_2,7.619,False,False,False,False,False,1,"[{""id"": ""obstacle_0"", ""kind"": ""static_obstacle"", ""x"": 50.0, ""y"": 50.0, ""radius"": 5.0}]"
naive_fusion,89,17.8,1,31.436,39.411,90.0,94.0,50.0,50.0,48.34,48.717,position_noise+confidence_error,0.462,naive_fusion,avoidance,4,0,80.061,9.555,16.372,uav_0,9.555,False,False,False,False,False,1,"[{""id"": ""obstacle_0"", ""kind"": ""static_obstacle"", ""x"": 50.0, ""y"": 50.0, ""radius"": 5.0}]"
naive_fusion,89,17.8,2,38.192,32.476,86.0,90.0,50.0,50.0,48.34,48.717,false_negative+position_noise+confidence_error,0.462,naive_fusion,avoidance,3,0,74.798,6.111,16.132,uav_3,6.111,False,False,False,False,False,1,"[{""id"": ""obstacle_0"", ""kind"": ""static_obstacle"", ""x"": 50.0, ""y"": 50.0, ""radius"": 5.0}]"
naive_fusion,89,17.8,3,42.261,37.034,90.0,86.0,50.0,50.0,48.34,48.717,false_negative+position_noise+confidence_error,0.462,naive_fusion,avoidance,3,0,68.386,6.111,10.1,uav_2,6.111,False,False,False,False,False,1,"[{""id"": ""obstacle_0"", ""kind"": ""static_obstacle"", ""x"": 50.0, ""y"": 50.0, ""radius"": 5.0}]"
naive_fusion,90,18.0,0,31.323,30.14,94.0,90.0,50.0,50.0,,,position_noise+confidence_error,,naive_fusion,move,3,0,86.669,7.598,22.262,uav_2,7.598,False,False,False,False,False,1,"[{""id"": ""obstacle_0"", ""kind"": ""static_obstacle"", ""x"": 50.0, ""y"": 50.0, ""radius"": 5.0}]"
naive_fusion,90,18.0,1,31.729,39.683,90.0,94.0,50.0,50.0,,,position_noise+confidence_error,,naive_fusion,move,3,0,79.661,9.552,15.983,uav_0,9.552,False,False,False,False,False,1,"[{""id"": ""obstacle_0"", ""kind"": ""static_obstacle"", ""x"": 50.0, ""y"": 50.0, ""radius"": 5.0}]"
naive_fusion,90,18.0,2,38.447,32.783,86.0,90.0,50.0,50.0,,,position_noise+confidence_error,,naive_fusion,move,3,0,74.398,6.02,15.734,uav_3,6.02,False,False,False,False,False,1,"[{""id"": ""obstacle_0"", ""kind"": ""static_obstacle"", ""x"": 50.0, ""y"": 50.0, ""radius"": 5.0}]"
naive_fusion,90,18.0,3,42.658,37.085,90.0,86.0,50.0,50.0,48.883,52.244,false_negative+position_noise+confidence_error,0.117,naive_fusion,avoidance,3,0,68.073,6.02,9.856,uav_2,6.02,False,False,False,False,False,1,"[{""id"": ""obstacle_0"", ""kind"": ""static_obstacle"", ""x"": 50.0, ""y"": 50.0, ""radius"": 5.0}]"
naive_fusion,91,18.2,0,31.613,30.417,94.0,90.0,50.0,50.0,,,false_negative+position_noise+confidence_error,,naive_fusion,move,2,0,86.269,7.629,21.863,uav_2,7.629,False,False,False,False,False,1,"[{""id"": ""obstacle_0"", ""kind"": ""static_obstacle"", ""x"": 50.0, ""y"": 50.0, ""radius"": 5.0}]"
naive_fusion,91,18.2,1,32.109,39.809,90.0,94.0,50.0,50.0,46.524,47.078,position_noise+confidence_error,0.445,naive_fusion,avoidance,4,0,79.297,9.405,15.59,uav_0,9.405,False,False,False,False,False,1,"[{""id"": ""obstacle_0"", ""kind"": ""static_obstacle"", ""x"": 50.0, ""y"": 50.0, ""radius"": 5.0}]"
naive_fusion,91,18.2,2,38.839,32.863,86.0,90.0,50.0,50.0,46.524,47.078,position_noise+confidence_error,0.445,naive_fusion,avoidance,4,0,74.086,5.804,15.451,uav_3,5.804,False,False,False,False,False,1,"[{""id"": ""obstacle_0"", ""kind"": ""static_obstacle"", ""x"": 50.0, ""y"": 50.0, ""radius"": 5.0}]"
naive_fusion,91,18.2,3,43.011,36.898,90.0,86.0,50.0,50.0,46.524,47.078,position_noise+confidence_error,0.445,naive_fusion,avoidance,4,0,67.963,5.804,9.849,uav_2,5.804,False,False,False,False,False,1,"[{""id"": ""obstacle_0"", ""kind"": ""static_obstacle"", ""x"": 50.0, ""y"": 50.0, ""radius"": 5.0}]"
naive_fusion,92,18.4,0,31.902,30.693,94.0,90.0,50.0,50.0,,,false_negative+confidence_error,,naive_fusion,move,0,0,85.869,7.607,21.463,uav_2,7.607,False,False,False,False,False,1,"[{""id"": ""obstacle_0"", ""kind"": ""static_obstacle"", ""x"": 50.0, ""y"": 50.0, ""radius"": 5.0}]"
naive_fusion,92,18.4,1,32.401,40.082,90.0,94.0,50.0,50.0,,,position_noise+confidence_error,,naive_fusion,move,3,0,78.897,9.403,15.201,uav_0,9.403,False,False,False,False,False,1,"[{""id"": ""obstacle_0"", ""kind"": ""static_obstacle"", ""x"": 50.0, ""y"": 50.0, ""radius"": 5.0}]"
naive_fusion,92,18.4,2,39.094,33.171,86.0,90.0,50.0,50.0,,,false_negative+position_noise+confidence_error,,naive_fusion,move,2,0,73.686,5.729,15.054,uav_3,5.729,False,False,False,False,False,1,"[{""id"": ""obstacle_0"", ""kind"": ""static_obstacle"", ""x"": 50.0, ""y"": 50.0, ""radius"": 5.0}]"
naive_fusion,92,18.4,3,43.409,36.94,90.0,86.0,50.0,50.0,51.34,50.732,position_noise+confidence_error,0.448,naive_fusion,avoidance,4,0,67.658,5.729,9.629,uav_2,5.729,False,False,False,False,False,1,"[{""id"": ""obstacle_0"", ""kind"": ""static_obstacle"", ""x"": 50.0, ""y"": 50.0, ""radius"": 5.0}]"
naive_fusion,93,18.6,0,32.191,30.969,94.0,90.0,50.0,50.0,,,position_noise+confidence_error,,naive_fusion,move,3,0,85.469,7.585,21.064,uav_2,7.585,False,False,False,False,False,1,"[{""id"": ""obstacle_0"", ""kind"": ""static_obstacle"", ""x"": 50.0, ""y"": 50.0, ""radius"": 5.0}]"
naive_fusion,93,18.6,1,32.693,40.356,90.0,94.0,50.0,50.0,,,position_noise+confidence_error,,naive_fusion,move,3,0,78.497,9.4,14.813,uav_0,9.4,False,False,False,False,False,1,"[{""id"": ""obstacle_0"", ""kind"": ""static_obstacle"", ""x"": 50.0, ""y"": 50.0, ""radius"": 5.0}]"
naive_fusion,93,18.6,2,39.349,33.48,86.0,90.0,50.0,50.0,,,false_negative+position_noise+confidence_error,,naive_fusion,move,2,0,73.286,5.676,14.656,uav_3,5.676,False,False,False,False,False,1,"[{""id"": ""obstacle_0"", ""kind"": ""static_obstacle"", ""x"": 50.0, ""y"": 50.0, ""radius"": 5.0}]"
naive_fusion,93,18.6,3,43.805,36.994,90.0,86.0,50.0,50.0,53.029,50.166,position_noise+confidence_error,0.44,naive_fusion,avoidance,4,0,67.346,5.676,9.406,uav_2,5.676,False,False,False,False,False,1,"[{""id"": ""obstacle_0"", ""kind"": ""static_obstacle"", ""x"": 50.0, ""y"": 50.0, ""radius"": 5.0}]"
naive_fusion,94,18.8,0,32.48,31.245,94.0,90.0,50.0,50.0,,,position_noise+confidence_error,,naive_fusion,move,3,0,85.069,7.621,20.665,uav_2,7.621,False,False,False,False,False,1,"[{""id"": ""obstacle_0"", ""kind"": ""static_obstacle"", ""x"": 50.0, ""y"": 50.0, ""radius"": 5.0}]"
naive_fusion,94,18.8,1,33.038,40.558,90.0,94.0,50.0,50.0,50.963,48.422,position_noise+confidence_error,0.399,naive_fusion,avoidance,4,0,78.107,9.33,14.413,uav_0,9.33,False,False,False,False,False,1,"[{""id"": ""obstacle_0"", ""kind"": ""static_obstacle"", ""x"": 50.0, ""y"": 50.0, ""radius"": 5.0}]"
naive_fusion,94,18.8,2,39.717,33.636,86.0,90.0,50.0,50.0,50.963,48.422,position_noise+confidence_error,0.399,naive_fusion,avoidance,4,0,72.932,5.561,14.327,uav_3,5.561,False,False,False,False,False,1,"[{""id"": ""obstacle_0"", ""kind"": ""static_obstacle"", ""x"": 50.0, ""y"": 50.0, ""radius"": 5.0}]"
naive_fusion,94,18.8,3,44.2,36.927,90.0,86.0,50.0,50.0,50.963,48.422,false_negative+position_noise+confidence_error,0.399,naive_fusion,avoidance,3,0,67.126,5.561,9.302,uav_2,5.561,False,False,False,False,False,1,"[{""id"": ""obstacle_0"", ""kind"": ""static_obstacle"", ""x"": 50.0, ""y"": 50.0, ""radius"": 5.0}]"
naive_fusion,95,19.0,0,32.77,31.522,94.0,90.0,50.0,50.0,,,position_noise+confidence_error,,naive_fusion,move,3,0,84.669,7.661,20.265,uav_2,7.661,False,False,False,False,False,1,"[{""id"": ""obstacle_0"", ""kind"": ""static_obstacle"", ""x"": 50.0, ""y"": 50.0, ""radius"": 5.0}]"
naive_fusion,95,19.0,1,33.404,40.718,90.0,94.0,50.0,50.0,49.313,49.782,false_negative+position_noise+confidence_error,0.334,naive_fusion,avoidance,2,0,77.731,9.218,14.015,uav_0,9.218,False,False,False,False,False,1,"[{""id"": ""obstacle_0"", ""kind"": ""static_obstacle"", ""x"": 50.0, ""y"": 50.0, ""radius"": 5.0}]"
naive_fusion,95,19.0,2,40.091,33.778,86.0,90.0,50.0,50.0,49.313,49.782,false_negative+position_noise+confidence_error,0.334,naive_fusion,avoidance,3,0,72.585,5.48,14.009,uav_3,5.48,False,False,False,False,False,1,"[{""id"": ""obstacle_0"", ""kind"": ""static_obstacle"", ""x"": 50.0, ""y"": 50.0, ""radius"": 5.0}]"
naive_fusion,95,19.0,3,44.598,36.895,90.0,86.0,50.0,50.0,49.313,49.782,position_noise+confidence_error,0.334,naive_fusion,avoidance,4,0,66.877,5.48,9.174,uav_2,5.48,False,False,False,False,False,1,"[{""id"": ""obstacle_0"", ""kind"": ""static_obstacle"", ""x"": 50.0, ""y"": 50.0, ""radius"": 5.0}]"
naive_fusion,96,19.2,0,33.059,31.798,94.0,90.0,50.0,50.0,,,false_negative+position_noise+confidence_error,,naive_fusion,move,2,0,84.269,7.636,19.866,uav_2,7.636,False,False,False,False,False,1,"[{""id"": ""obstacle_0"", ""kind"": ""static_obstacle"", ""x"": 50.0, ""y"": 50.0, ""radius"": 5.0}]"
naive_fusion,96,19.2,1,33.767,40.887,90.0,94.0,50.0,50.0,50.324,51.317,position_noise+confidence_error,0.489,naive_fusion,avoidance,4,0,77.351,9.116,13.616,uav_0,9.116,False,False,False,False,False,1,"[{""id"": ""obstacle_0"", ""kind"": ""static_obstacle"", ""x"": 50.0, ""y"": 50.0, ""radius"": 5.0}]"
naive_fusion,96,19.2,2,40.344,34.088,86.0,90.0,50.0,50.0,52.494,52.259,false_negative+position_noise+confidence_error,0.6,naive_fusion,move,3,0,72.185,5.451,13.613,uav_3,5.451,False,False,False,False,False,1,"[{""id"": ""obstacle_0"", ""kind"": ""static_obstacle"", ""x"": 50.0, ""y"": 50.0, ""radius"": 5.0}]"
naive_fusion,96,19.2,3,44.997,36.926,90.0,86.0,50.0,50.0,50.324,51.317,false_negative+position_noise+confidence_error,0.489,naive_fusion,avoidance,3,0,66.585,5.451,8.998,uav_2,5.451,False,False,False,False,False,1,"[{""id"": ""obstacle_0"", ""kind"": ""static_obstacle"", ""x"": 50.0, ""y"": 50.0, ""radius"": 5.0}]"
naive_fusion,97,19.4,0,33.348,32.074,94.0,90.0,50.0,50.0,,,false_negative+position_noise+confidence_error,,naive_fusion,move,2,0,83.869,7.677,19.467,uav_2,7.677,False,False,False,False,False,1,"[{""id"": ""obstacle_0"", ""kind"": ""static_obstacle"", ""x"": 50.0, ""y"": 50.0, ""radius"": 5.0}]"
naive_fusion,97,19.4,1,34.134,41.046,90.0,94.0,50.0,50.0,50.096,51.125,position_noise+confidence_error,0.359,naive_fusion,avoidance,4,0,76.975,9.006,13.218,uav_0,9.006,False,False,False,False,False,1,"[{""id"": ""obstacle_0"", ""kind"": ""static_obstacle"", ""x"": 50.0, ""y"": 50.0, ""radius"": 5.0}]"
naive_fusion,97,19.4,2,40.712,34.244,86.0,90.0,50.0,50.0,50.096,51.125,position_noise+confidence_error,0.359,naive_fusion,avoidance,4,0,71.831,5.408,13.29,uav_3,5.408,False,False,False,False,False,1,"[{""id"": ""obstacle_0"", ""kind"": ""static_obstacle"", ""x"": 50.0, ""y"": 50.0, ""radius"": 5.0}]"
naive_fusion,97,19.4,3,45.397,36.946,90.0,86.0,50.0,50.0,50.096,51.125,position_noise+confidence_error,0.359,naive_fusion,avoidance,4,0,66.3,5.408,8.841,uav_2,5.408,False,False,False,False,False,1,"[{""id"": ""obstacle_0"", ""kind"": ""static_obstacle"", ""x"": 50.0, ""y"": 50.0, ""radius"": 5.0}]"
naive_fusion,98,19.6,0,33.638,32.35,94.0,90.0,50.0,50.0,,,false_negative+position_noise+confidence_error,,naive_fusion,move,1,0,83.469,7.722,19.067,uav_2,7.722,False,False,False,False,False,1,"[{""id"": ""obstacle_0"", ""kind"": ""static_obstacle"", ""x"": 50.0, ""y"": 50.0, ""radius"": 5.0}]"
naive_fusion,98,19.6,1,34.499,41.209,90.0,94.0,50.0,50.0,50.292,49.868,position_noise+confidence_error,0.372,naive_fusion,avoidance,4,0,76.598,8.9,12.82,uav_0,8.9,False,False,False,False,False,1,"[{""id"": ""obstacle_0"", ""kind"": ""static_obstacle"", ""x"": 50.0, ""y"": 50.0, ""radius"": 5.0}]"
naive_fusion,98,19.6,2,41.088,34.38,86.0,90.0,50.0,50.0,50.292,49.868,position_noise+confidence_error,0.372,naive_fusion,avoidance,4,0,71.489,5.349,12.983,uav_3,5.349,False,False,False,False,False,1,"[{""id"": ""obstacle_0"", ""kind"": ""static_obstacle"", ""x"": 50.0, ""y"": 50.0, ""radius"": 5.0}]"
naive_fusion,98,19.6,3,45.796,36.92,90.0,86.0,50.0,50.0,50.292,49.868,position_noise+confidence_error,0.372,naive_fusion,avoidance,4,0,66.052,5.349,8.739,uav_2,5.349,False,False,False,False,False,1,"[{""id"": ""obstacle_0"", ""kind"": ""static_obstacle"", ""x"": 50.0, ""y"": 50.0, ""radius"": 5.0}]"
naive_fusion,99,19.8,0,33.927,32.627,94.0,90.0,50.0,50.0,,,false_negative+position_noise+confidence_error,,naive_fusion,move,1,0,83.069,7.769,18.668,uav_2,7.769,False,False,False,False,False,1,"[{""id"": ""obstacle_0"", ""kind"": ""static_obstacle"", ""x"": 50.0, ""y"": 50.0, ""radius"": 5.0}]"
naive_fusion,99,19.8,1,34.876,41.344,90.0,94.0,50.0,50.0,49.642,51.715,position_noise+confidence_error,0.22,naive_fusion,avoidance,4,0,76.232,8.769,12.426,uav_0,8.769,False,False,False,False,False,1,"[{""id"": ""obstacle_0"", ""kind"": ""static_obstacle"", ""x"": 50.0, ""y"": 50.0, ""radius"": 5.0}]"
naive_fusion,99,19.8,2,41.459,34.529,86.0,90.0,50.0,50.0,49.642,51.715,false_negative+position_noise+confidence_error,0.22,naive_fusion,avoidance,3,0,71.14,5.32,12.672,uav_3,5.32,False,False,False,False,False,1,"[{""id"": ""obstacle_0"", ""kind"": ""static_obstacle"", ""x"": 50.0, ""y"": 50.0, ""radius"": 5.0}]"
naive_fusion,99,19.8,3,46.194,36.956,90.0,86.0,50.0,50.0,49.642,51.715,false_negative+position_noise+confidence_error,0.22,naive_fusion,avoidance,3,0,65.759,5.32,8.588,uav_2,5.32,False,False,False,False,False,1,"[{""id"": ""obstacle_0"", ""kind"": ""static_obstacle"", ""x"": 50.0, ""y"": 50.0, ""radius"": 5.0}]"
naive_fusion,100,20.0,0,34.216,32.903,94.0,90.0,50.0,50.0,,,false_negative+position_noise+confidence_error,,naive_fusion,move,2,0,82.669,7.821,18.269,uav_2,7.821,False,False,False,False,False,1,"[{""id"": ""obstacle_0"", ""kind"": ""static_obstacle"", ""x"": 50.0, ""y"": 50.0, ""radius"": 5.0}]"
naive_fusion,100,20.0,1,35.244,41.5,90.0,94.0,50.0,50.0,50.596,49.849,position_noise+confidence_error,0.435,naive_fusion,avoidance,4,0,75.858,8.659,12.029,uav_0,8.659,False,False,False,False,False,1,"[{""id"": ""obstacle_0"", ""kind"": ""static_obstacle"", ""x"": 50.0, ""y"": 50.0, ""radius"": 5.0}]"
naive_fusion,100,20.0,2,41.839,34.656,86.0,90.0,50.0,50.0,50.596,49.849,false_negative+position_noise+confidence_error,0.435,naive_fusion,avoidance,3,0,70.804,5.269,12.379,uav_3,5.269,False,False,False,False,False,1,"[{""id"": ""obstacle_0"", ""kind"": ""static_obstacle"", ""x"": 50.0, ""y"": 50.0, ""radius"": 5.0}]"
naive_fusion,100,20.0,3,46.593,36.927,90.0,86.0,50.0,50.0,50.596,49.849,false_negative+position_noise+confidence_error,0.435,naive_fusion,avoidance,3,0,65.516,5.269,8.509,uav_2,5.269,False,False,False,False,False,1,"[{""id"": ""obstacle_0"", ""kind"": ""static_obstacle"", ""x"": 50.0, ""y"": 50.0, ""radius"": 5.0}]"
naive_fusion,101,20.2,0,34.505,33.179,94.0,90.0,50.0,50.0,,,position_noise+confidence_error,,naive_fusion,move,3,0,82.269,7.879,17.87,uav_2,7.879,False,False,False,False,False,1,"[{""id"": ""obstacle_0"", ""kind"": ""static_obstacle"", ""x"": 50.0, ""y"": 50.0, ""radius"": 5.0}]"
naive_fusion,101,20.2,1,35.638,41.569,90.0,94.0,50.0,50.0,48.411,50.621,position_noise+confidence_error,0.399,naive_fusion,avoidance,4,0,75.526,8.466,11.654,uav_0,8.466,False,False,False,False,False,1,"[{""id"": ""obstacle_0"", ""kind"": ""static_obstacle"", ""x"": 50.0, ""y"": 50.0, ""radius"": 5.0}]"
naive_fusion,101,20.2,2,42.224,34.763,86.0,90.0,50.0,50.0,48.411,50.621,position_noise+confidence_error,0.399,naive_fusion,avoidance,4,0,70.48,5.239,12.106,uav_3,5.239,False,False,False,False,False,1,"[{""id"": ""obstacle_0"", ""kind"": ""static_obstacle"", ""x"": 50.0, ""y"": 50.0, ""radius"": 5.0}]"
naive_fusion,101,20.2,3,46.993,36.933,90.0,86.0,50.0,50.0,48.411,50.621,position_noise+confidence_error,0.399,naive_fusion,avoidance,4,0,65.247,5.239,8.409,uav_2,5.239,False,False,False,False,False,1,"[{""id"": ""obstacle_0"", ""kind"": ""static_obstacle"", ""x"": 50.0, ""y"": 50.0, ""radius"": 5.0}]"
naive_fusion,102,20.4,0,34.795,33.456,94.0,90.0,50.0,50.0,,,false_negative+position_noise+confidence_error,,naive_fusion,move,2,0,81.869,7.938,17.47,uav_2,7.938,False,False,False,False,False,1,"[{""id"": ""obstacle_0"", ""kind"": ""static_obstacle"", ""x"": 50.0, ""y"": 50.0, ""radius"": 5.0}]"
naive_fusion,102,20.4,1,36.01,41.717,90.0,94.0,50.0,50.0,51.027,50.723,position_noise+confidence_error,0.364,naive_fusion,avoidance,4,0,75.157,8.35,11.259,uav_0,8.35,False,False,False,False,False,1,"[{""id"": ""obstacle_0"", ""kind"": ""static_obstacle"", ""x"": 50.0, ""y"": 50.0, ""radius"": 5.0}]"
naive_fusion,102,20.4,2,42.6,34.899,86.0,90.0,50.0,50.0,51.027,50.723,false_negative+position_noise+confidence_error,0.364,naive_fusion,avoidance,2,0,70.14,5.21,11.817,uav_3,5.21,False,False,False,False,False,1,"[{""id"": ""obstacle_0"", ""kind"": ""static_obstacle"", ""x"": 50.0, ""y"": 50.0, ""radius"": 5.0}]"
naive_fusion,102,20.4,3,47.393,36.941,90.0,86.0,50.0,50.0,51.027,50.723,false_negative+position_noise+confidence_error,0.364,naive_fusion,avoidance,3,0,64.978,5.21,8.317,uav_2,5.21,False,False,False,False,False,1,"[{""id"": ""obstacle_0"", ""kind"": ""static_obstacle"", ""x"": 50.0, ""y"": 50.0, ""radius"": 5.0}]"
naive_fusion,103,20.6,0,35.084,33.732,94.0,90.0,50.0,50.0,,,false_negative+position_noise+confidence_error,,naive_fusion,move,2,0,81.469,8.006,17.071,uav_2,8.006,False,False,False,False,False,1,"[{""id"": ""obstacle_0"", ""kind"": ""static_obstacle"", ""x"": 50.0, ""y"": 50.0, ""radius"": 5.0}]"
naive_fusion,103,20.6,1,36.406,41.773,90.0,94.0,50.0,50.0,49.128,48.997,false_negative+position_noise+confidence_error,0.488,naive_fusion,avoidance,3,0,74.833,8.149,10.89,uav_0,8.149,False,False,False,False,False,1,"[{""id"": ""obstacle_0"", ""kind"": ""static_obstacle"", ""x"": 50.0, ""y"": 50.0, ""radius"": 5.0}]"
naive_fusion,103,20.6,2,42.996,34.959,86.0,90.0,50.0,50.0,49.128,48.997,false_negative+position_noise+confidence_error,0.488,naive_fusion,avoidance,3,0,69.849,5.166,11.592,uav_3,5.166,False,False,False,False,False,1,"[{""id"": ""obstacle_0"", ""kind"": ""static_obstacle"", ""x"": 50.0, ""y"": 50.0, ""radius"": 5.0}]"
naive_fusion,103,20.6,3,47.789,36.886,90.0,86.0,50.0,50.0,49.128,48.997,false_negative+position_noise+confidence_error,0.488,naive_fusion,avoidance,3,0,64.761,5.166,8.299,uav_2,5.166,False,False,False,False,False,1,"[{""id"": ""obstacle_0"", ""kind"": ""static_obstacle"", ""x"": 50.0, ""y"": 50.0, ""radius"": 5.0}]"
naive_fusion,104,20.8,0,35.373,34.008,94.0,90.0,50.0,50.0,,,false_negative+position_noise+confidence_error,,naive_fusion,move,2,0,81.069,7.386,16.672,uav_2,7.386,False,False,False,False,False,1,"[{""id"": ""obstacle_0"", ""kind"": ""static_obstacle"", ""x"": 50.0, ""y"": 50.0, ""radius"": 5.0}]"
naive_fusion,104,20.8,1,36.771,41.935,90.0,94.0,50.0,50.0,52.252,50.905,position_noise+confidence_error,0.363,naive_fusion,avoidance,4,0,74.458,8.05,10.493,uav_0,8.05,False,False,False,False,False,1,"[{""id"": ""obstacle_0"", ""kind"": ""static_obstacle"", ""x"": 50.0, ""y"": 50.0, ""radius"": 5.0}]"
naive_fusion,104,20.8,2,42.731,34.659,86.0,90.0,50.0,50.0,52.252,50.905,false_negative+position_noise+confidence_error,0.363,naive_fusion,avoidance,4,0,70.249,5.902,11.976,uav_3,5.902,False,False,False,False,False,1,"[{""id"": ""obstacle_0"", ""kind"": ""static_obstacle"", ""x"": 50.0, ""y"": 50.0, ""radius"": 5.0}]"
naive_fusion,104,20.8,3,48.189,36.907,90.0,86.0,50.0,50.0,52.252,50.905,position_noise+confidence_error,0.363,naive_fusion,avoidance,4,0,64.485,5.902,8.218,uav_2,5.902,False,False,False,False,False,1,"[{""id"": ""obstacle_0"", ""kind"": ""static_obstacle"", ""x"": 50.0, ""y"": 50.0, ""radius"": 5.0}]"
naive_fusion,105,21.0,0,35.662,34.284,94.0,90.0,50.0,50.0,,,false_negative+position_noise+confidence_error,,naive_fusion,move,2,0,80.669,6.741,16.273,uav_2,6.741,False,False,False,False,False,1,"[{""id"": ""obstacle_0"", ""kind"": ""static_obstacle"", ""x"": 50.0, ""y"": 50.0, ""radius"": 5.0}]"
naive_fusion,105,21.0,1,37.132,42.108,90.0,94.0,50.0,50.0,52.44,49.352,false_negative+position_noise+confidence_error,0.247,naive_fusion,avoidance,2,0,74.08,7.96,10.095,uav_0,7.96,False,False,False,False,False,1,"[{""id"": ""obstacle_0"", ""kind"": ""static_obstacle"", ""x"": 50.0, ""y"": 50.0, ""radius"": 5.0}]"
naive_fusion,105,21.0,2,42.401,34.432,86.0,90.0,50.0,50.0,52.44,49.352,false_negative+position_noise+confidence_error,0.247,naive_fusion,avoidance,4,0,70.63,6.646,12.323,uav_3,6.646,False,False,False,False,False,1,"[{""id"": ""obstacle_0"", ""kind"": ""static_obstacle"", ""x"": 50.0, ""y"": 50.0, ""radius"": 5.0}]"
naive_fusion,105,21.0,3,48.586,36.864,90.0,86.0,50.0,50.0,52.44,49.352,false_negative+position_noise+confidence_error,0.247,naive_fusion,avoidance,3,0,64.261,6.646,8.212,uav_2,6.646,False,False,False,False,False,1,"[{""id"": ""obstacle_0"", ""kind"": ""static_obstacle"", ""x"": 50.0, ""y"": 50.0, ""radius"": 5.0}]"
naive_fusion,106,21.2,0,35.952,34.561,94.0,90.0,50.0,50.0,,,false_negative+position_noise+confidence_error,,naive_fusion,move,2,0,80.269,6.837,15.874,uav_2,6.837,False,False,False,False,False,1,"[{""id"": ""obstacle_0"", ""kind"": ""static_obstacle"", ""x"": 50.0, ""y"": 50.0, ""radius"": 5.0}]"
naive_fusion,106,21.2,1,37.527,42.173,90.0,94.0,50.0,50.0,50.303,49.129,position_noise+confidence_error,0.442,naive_fusion,avoidance,4,0,73.753,7.773,9.726,uav_0,7.773,False,False,False,False,False,1,"[{""id"": ""obstacle_0"", ""kind"": ""static_obstacle"", ""x"": 50.0, ""y"": 50.0, ""radius"": 5.0}]"
naive_fusion,106,21.2,2,42.789,34.531,86.0,90.0,50.0,50.0,50.303,49.129,position_noise+confidence_error,0.442,naive_fusion,avoidance,4,0,70.314,6.605,12.067,uav_3,6.605,False,False,False,False,False,1,"[{""id"": ""obstacle_0"", ""kind"": ""static_obstacle"", ""x"": 50.0, ""y"": 50.0, ""radius"": 5.0}]"
naive_fusion,106,21.2,3,48.984,36.821,90.0,86.0,50.0,50.0,50.303,49.129,false_negative+position_noise+confidence_error,0.442,naive_fusion,avoidance,3,0,64.038,6.605,8.218,uav_2,6.605,False,False,False,False,False,1,"[{""id"": ""obstacle_0"", ""kind"": ""static_obstacle"", ""x"": 50.0, ""y"": 50.0, ""radius"": 5.0}]"
naive_fusion,107,21.4,0,36.241,34.837,94.0,90.0,50.0,50.0,,,false_negative+position_noise+confidence_error,,naive_fusion,move,1,0,79.869,6.939,15.475,uav_2,6.939,False,False,False,False,False,1,"[{""id"": ""obstacle_0"", ""kind"": ""static_obstacle"", ""x"": 50.0, ""y"": 50.0, ""radius"": 5.0}]"
naive_fusion,107,21.4,1,37.927,42.175,90.0,94.0,50.0,50.0,49.754,49.706,false_negative+position_noise+confidence_error,0.38,naive_fusion,avoidance,3,0,73.467,7.53,9.387,uav_0,7.53,False,False,False,False,False,1,"[{""id"": ""obstacle_0"", ""kind"": ""static_obstacle"", ""x"": 50.0, ""y"": 50.0, ""radius"": 5.0}]"
naive_fusion,107,21.4,2,43.177,34.629,86.0,90.0,50.0,50.0,49.754,49.706,position_noise+confidence_error,0.38,naive_fusion,avoidance,4,0,69.998,6.58,11.817,uav_3,6.58,False,False,False,False,False,1,"[{""id"": ""obstacle_0"", ""kind"": ""static_obstacle"", ""x"": 50.0, ""y"": 50.0, ""radius"": 5.0}]"
naive_fusion,107,21.4,3,49.384,36.814,90.0,86.0,50.0,50.0,49.754,49.706,position_noise+confidence_error,0.38,naive_fusion,avoidance,4,0,63.788,6.58,8.2,uav_2,6.58,False,False,False,False,False,1,"[{""id"": ""obstacle_0"", ""kind"": ""static_obstacle"", ""x"": 50.0, ""y"": 50.0, ""radius"": 5.0}]"
naive_fusion,108,21.6,0,36.53,35.113,94.0,90.0,50.0,50.0,,,position_noise+confidence_error,,naive_fusion,move,3,0,79.469,7.041,15.076,uav_2,7.041,False,False,False,False,False,1,"[{""id"": ""obstacle_0"", ""kind"": ""static_obstacle"", ""x"": 50.0, ""y"": 50.0, ""radius"": 5.0}]"
naive_fusion,108,21.6,1,38.31,42.292,90.0,94.0,50.0,50.0,51.837,49.123,position_noise+confidence_error,0.437,naive_fusion,avoidance,4,0,73.114,7.396,9.003,uav_0,7.396,False,False,False,False,False,1,"[{""id"": ""obstacle_0"", ""kind"": ""static_obstacle"", ""x"": 50.0, ""y"": 50.0, ""radius"": 5.0}]"
naive_fusion,108,21.6,2,43.561,34.74,86.0,90.0,50.0,50.0,51.837,49.123,false_negative+position_noise+confidence_error,0.437,naive_fusion,avoidance,3,0,69.676,6.543,11.563,uav_3,6.543,False,False,False,False,False,1,"[{""id"": ""obstacle_0"", ""kind"": ""static_obstacle"", ""x"": 50.0, ""y"": 50.0, ""radius"": 5.0}]"
naive_fusion,108,21.6,3,49.781,36.77,90.0,86.0,50.0,50.0,51.837,49.123,false_negative+position_noise+confidence_error,0.437,naive_fusion,avoidance,2,0,63.57,6.543,8.232,uav_2,6.543,False,False,False,False,False,1,"[{""id"": ""obstacle_0"", ""kind"": ""static_obstacle"", ""x"": 50.0, ""y"": 50.0, ""radius"": 5.0}]"
naive_fusion,109,21.8,0,36.82,35.389,94.0,90.0,50.0,50.0,,,position_noise+confidence_error,,naive_fusion,move,3,0,79.069,7.143,14.677,uav_1,7.143,False,False,False,False,False,1,"[{""id"": ""obstacle_0"", ""kind"": ""static_obstacle"", ""x"": 50.0, ""y"": 50.0, ""radius"": 5.0}]"
naive_fusion,109,21.8,1,38.709,42.278,90.0,94.0,50.0,50.0,50.298,49.757,false_negative+position_noise+confidence_error,0.451,naive_fusion,avoidance,3,0,72.841,7.143,8.679,uav_0,7.143,False,False,False,False,False,1,"[{""id"": ""obstacle_0"", ""kind"": ""static_obstacle"", ""x"": 50.0, ""y"": 50.0, ""radius"": 5.0}]"
naive_fusion,109,21.8,2,43.95,34.834,86.0,90.0,50.0,50.0,50.298,49.757,false_negative+position_noise+confidence_error,0.451,naive_fusion,avoidance,3,0,69.365,6.526,11.328,uav_3,6.526,False,False,False,False,False,1,"[{""id"": ""obstacle_0"", ""kind"": ""static_obstacle"", ""x"": 50.0, ""y"": 50.0, ""radius"": 5.0}]"
naive_fusion,109,21.8,3,50.181,36.771,90.0,86.0,50.0,50.0,50.298,49.757,false_negative+position_noise+confidence_error,0.451,naive_fusion,avoidance,3,0,63.316,6.526,8.23,uav_2,6.526,False,False,False,False,False,1,"[{""id"": ""obstacle_0"", ""kind"": ""static_obstacle"", ""x"": 50.0, ""y"": 50.0, ""radius"": 5.0}]"
naive_fusion,110,22.0,0,37.109,35.666,94.0,90.0,50.0,50.0,49.751,50.694,false_negative+position_noise+confidence_error,0.171,naive_fusion,move,2,0,78.669,6.888,14.278,uav_1,6.888,False,False,False,False,False,1,"[{""id"": ""obstacle_0"", ""kind"": ""static_obstacle"", ""x"": 50.0, ""y"": 50.0, ""radius"": 5.0}]"
naive_fusion,110,22.0,1,39.109,42.257,90.0,94.0,50.0,50.0,50.262,50.534,false_negative+position_noise+confidence_error,0.451,naive_fusion,avoidance,3,0,72.576,6.888,8.363,uav_0,6.888,False,False,False,False,False,1,"[{""id"": ""obstacle_0"", ""kind"": ""static_obstacle"", ""x"": 50.0, ""y"": 50.0, ""radius"": 5.0}]"
naive_fusion,110,22.0,2,44.335,34.941,86.0,90.0,50.0,50.0,50.262,50.534,position_noise+confidence_error,0.451,naive_fusion,avoidance,4,0,69.046,6.517,11.089,uav_3,6.517,False,False,False,False,False,1,"[{""id"": ""obstacle_0"", ""kind"": ""static_obstacle"", ""x"": 50.0, ""y"": 50.0, ""radius"": 5.0}]"
naive_fusion,110,22.0,3,50.58,36.805,90.0,86.0,50.0,50.0,50.262,50.534,false_negative+position_noise+confidence_error,0.451,naive_fusion,avoidance,3,0,63.041,6.517,8.208,uav_2,6.517,False,False,False,False,False,1,"[{""id"": ""obstacle_0"", ""kind"": ""static_obstacle"", ""x"": 50.0, ""y"": 50.0, ""radius"": 5.0}]"
naive_fusion,111,22.2,0,37.492,35.781,94.0,90.0,50.0,50.0,50.5,49.322,false_negative+position_noise+confidence_error,0.442,naive_fusion,avoidance,2,0,78.313,6.707,13.938,uav_1,6.707,False,False,False,False,False,1,"[{""id"": ""obstacle_0"", ""kind"": ""static_obstacle"", ""x"": 50.0, ""y"": 50.0, ""radius"": 5.0}]"
naive_fusion,111,22.2,1,39.501,42.18,90.0,94.0,50.0,50.0,50.5,49.322,false_negative+position_noise+confidence_error,0.442,naive_fusion,avoidance,3,0,72.356,6.707,8.091,uav_0,6.707,False,False,False,False,False,1,"[{""id"": ""obstacle_0"", ""kind"": ""static_obstacle"", ""x"": 50.0, ""y"": 50.0, ""radius"": 5.0}]"
naive_fusion,111,22.2,2,44.729,35.013,86.0,90.0,50.0,50.0,50.5,49.322,false_negative+position_noise+confidence_error,0.442,naive_fusion,avoidance,2,0,68.753,6.502,10.887,uav_3,6.502,False,False,False,False,False,1,"[{""id"": ""obstacle_0"", ""kind"": ""static_obstacle"", ""x"": 50.0, ""y"": 50.0, ""radius"": 5.0}]"
naive_fusion,111,22.2,3,50.98,36.8,90.0,86.0,50.0,50.0,50.5,49.322,false_negative+position_noise+confidence_error,0.442,naive_fusion,avoidance,3,0,62.795,6.502,8.237,uav_2,6.502,False,False,False,False,False,1,"[{""id"": ""obstacle_0"", ""kind"": ""static_obstacle"", ""x"": 50.0, ""y"": 50.0, ""radius"": 5.0}]"
naive_fusion,112,22.4,0,37.885,35.854,94.0,90.0,50.0,50.0,49.253,48.61,position_noise+confidence_error,0.452,naive_fusion,avoidance,4,0,77.978,6.334,13.624,uav_1,6.334,False,False,False,False,False,1,"[{""id"": ""obstacle_0"", ""kind"": ""static_obstacle"", ""x"": 50.0, ""y"": 50.0, ""radius"": 5.0}]"
naive_fusion,112,22.4,1,39.784,41.897,90.0,94.0,50.0,50.0,49.253,48.61,false_negative+position_noise+confidence_error,0.452,naive_fusion,avoidance,1,0,72.363,6.334,8.04,uav_0,6.334,False,False,False,False,False,1,"[{""id"": ""obstacle_0"", ""kind"": ""static_obstacle"", ""x"": 50.0, ""y"": 50.0, ""radius"": 5.0}]"
naive_fusion,112,22.4,2,45.128,35.039,86.0,90.0,50.0,50.0,49.253,48.61,position_noise+confidence_error,0.452,naive_fusion,avoidance,4,0,68.492,6.496,10.734,uav_3,6.496,False,False,False,False,False,1,"[{""id"": ""obstacle_0"", ""kind"": ""static_obstacle"", ""x"": 50.0, ""y"": 50.0, ""radius"": 5.0}]"
naive_fusion,112,22.4,3,51.38,36.803,90.0,86.0,50.0,50.0,49.253,48.61,false_negative+position_noise+confidence_error,0.452,naive_fusion,avoidance,4,0,62.545,6.496,8.269,uav_2,6.496,False,False,False,False,False,1,"[{""id"": ""obstacle_0"", ""kind"": ""static_obstacle"", ""x"": 50.0, ""y"": 50.0, ""radius"": 5.0}]"
naive_fusion,113,22.6,0,38.173,36.132,94.0,90.0,50.0,50.0,,,false_negative+position_noise+confidence_error,,naive_fusion,move,3,0,77.578,6.098,13.226,uav_1,6.098,False,False,False,False,False,1,"[{""id"": ""obstacle_0"", ""kind"": ""static_obstacle"", ""x"": 50.0, ""y"": 50.0, ""radius"": 5.0}]"
naive_fusion,113,22.6,1,40.184,41.889,90.0,94.0,50.0,50.0,50.613,51.662,false_negative+position_noise+confidence_error,0.192,naive_fusion,avoidance,4,0,72.091,6.098,7.733,uav_0,6.098,False,False,False,False,False,1,"[{""id"": ""obstacle_0"", ""kind"": ""static_obstacle"", ""x"": 50.0, ""y"": 50.0, ""radius"": 5.0}]"
naive_fusion,113,22.6,2,45.508,35.164,86.0,90.0,50.0,50.0,50.613,51.662,false_negative+position_noise+confidence_error,0.192,naive_fusion,avoidance,3,0,68.166,6.495,10.501,uav_3,6.495,False,False,False,False,False,1,"[{""id"": ""obstacle_0"", ""kind"": ""static_obstacle"", ""x"": 50.0, ""y"": 50.0, ""radius"": 5.0}]"
naive_fusion,113,22.6,3,51.773,36.878,90.0,86.0,50.0,50.0,50.613,51.662,false_negative+position_noise+confidence_error,0.192,naive_fusion,avoidance,3,0,62.244,6.495,8.241,uav_2,6.495,False,False,False,False,False,1,"[{""id"": ""obstacle_0"", ""kind"": ""static_obstacle"", ""x"": 50.0, ""y"": 50.0, ""radius"": 5.0}]"
naive_fusion,114,22.8,0,38.571,36.173,94.0,90.0,50.0,50.0,48.749,48.682,position_noise+confidence_error,0.6,naive_fusion,avoidance,4,0,77.264,5.702,12.939,uav_1,5.702,False,False,False,False,False,1,"[{""id"": ""obstacle_0"", ""kind"": ""static_obstacle"", ""x"": 50.0, ""y"": 50.0, ""radius"": 5.0}]"
naive_fusion,114,22.8,1,40.42,41.567,90.0,94.0,50.0,50.0,48.749,48.682,false_negative+position_noise+confidence_error,0.6,naive_fusion,avoidance,2,0,72.163,5.702,7.763,uav_0,5.702,False,False,False,False,False,1,"[{""id"": ""obstacle_0"", ""kind"": ""static_obstacle"", ""x"": 50.0, ""y"": 50.0, ""radius"": 5.0}]"
naive_fusion,114,22.8,2,45.907,35.185,86.0,90.0,50.0,50.0,48.749,48.682,false_negative+position_noise+confidence_error,0.6,naive_fusion,avoidance,3,0,67.913,6.498,10.37,uav_3,6.498,False,False,False,False,False,1,"[{""id"": ""obstacle_0"", ""kind"": ""static_obstacle"", ""x"": 50.0, ""y"": 50.0, ""radius"": 5.0}]"
naive_fusion,114,22.8,3,52.171,36.913,90.0,86.0,50.0,50.0,48.749,48.682,false_negative+position_noise+confidence_error,0.6,naive_fusion,avoidance,4,0,61.972,6.498,8.266,uav_2,6.498,False,False,False,False,False,1,"[{""id"": ""obstacle_0"", ""kind"": ""static_obstacle"", ""x"": 50.0, ""y"": 50.0, ""radius"": 5.0}]"
naive_fusion,115,23.0,0,38.969,36.215,94.0,90.0,50.0,50.0,49.178,48.669,false_negative+position_noise+confidence_error,0.379,naive_fusion,avoidance,3,0,76.95,5.345,12.656,uav_1,5.345,False,False,False,False,False,1,"[{""id"": ""obstacle_0"", ""kind"": ""static_obstacle"", ""x"": 50.0, ""y"": 50.0, ""radius"": 5.0}]"
naive_fusion,115,23.0,1,40.693,41.274,90.0,94.0,50.0,50.0,49.178,48.669,false_negative+position_noise+confidence_error,0.379,naive_fusion,avoidance,3,0,72.189,5.345,7.758,uav_0,5.345,False,False,False,False,False,1,"[{""id"": ""obstacle_0"", ""kind"": ""static_obstacle"", ""x"": 50.0, ""y"": 50.0, ""radius"": 5.0}]"
naive_fusion,115,23.0,2,46.307,35.205,86.0,90.0,50.0,50.0,49.178,48.669,false_negative+position_noise+confidence_error,0.379,naive_fusion,avoidance,4,0,67.661,6.501,10.249,uav_3,6.501,False,False,False,False,False,1,"[{""id"": ""obstacle_0"", ""kind"": ""static_obstacle"", ""x"": 50.0, ""y"": 50.0, ""radius"": 5.0}]"
naive_fusion,115,23.0,3,52.57,36.946,90.0,86.0,50.0,50.0,49.178,48.669,false_negative+position_noise+confidence_error,0.379,naive_fusion,avoidance,4,0,61.703,6.501,8.304,uav_2,6.501,False,False,False,False,False,1,"[{""id"": ""obstacle_0"", ""kind"": ""static_obstacle"", ""x"": 50.0, ""y"": 50.0, ""radius"": 5.0}]"
naive_fusion,116,23.2,0,39.362,36.287,94.0,90.0,50.0,50.0,49.933,49.786,false_negative+position_noise+confidence_error,0.518,naive_fusion,avoidance,3,0,76.618,5.119,12.355,uav_1,5.119,False,False,False,False,False,1,"[{""id"": ""obstacle_0"", ""kind"": ""static_obstacle"", ""x"": 50.0, ""y"": 50.0, ""radius"": 5.0}]"
naive_fusion,116,23.2,1,41.061,41.117,90.0,94.0,50.0,50.0,49.933,49.786,false_negative+position_noise+confidence_error,0.518,naive_fusion,avoidance,2,0,72.053,5.119,7.603,uav_0,5.119,False,False,False,False,False,1,"[{""id"": ""obstacle_0"", ""kind"": ""static_obstacle"", ""x"": 50.0, ""y"": 50.0, ""radius"": 5.0}]"
naive_fusion,116,23.2,2,46.702,35.268,86.0,90.0,50.0,50.0,49.933,49.786,false_negative+position_noise+confidence_error,0.518,naive_fusion,avoidance,3,0,67.379,6.5,10.097,uav_3,6.5,False,False,False,False,False,1,"[{""id"": ""obstacle_0"", ""kind"": ""static_obstacle"", ""x"": 50.0, ""y"": 50.0, ""radius"": 5.0}]"
naive_fusion,116,23.2,3,52.966,37.001,90.0,86.0,50.0,50.0,49.933,49.786,false_negative+position_noise+confidence_error,0.518,naive_fusion,avoidance,3,0,61.42,6.5,8.334,uav_2,6.5,False,False,False,False,False,1,"[{""id"": ""obstacle_0"", ""kind"": ""static_obstacle"", ""x"": 50.0, ""y"": 50.0, ""radius"": 5.0}]"
naive_fusion,117,23.4,0,39.756,36.355,94.0,90.0,50.0,50.0,49.373,50.553,false_negative+position_noise+confidence_error,0.497,naive_fusion,avoidance,4,0,76.29,4.915,12.062,uav_1,4.915,False,False,False,False,False,1,"[{""id"": ""obstacle_0"", ""kind"": ""static_obstacle"", ""x"": 50.0, ""y"": 50.0, ""radius"": 5.0}]"
naive_fusion,117,23.4,1,41.435,40.975,90.0,94.0,50.0,50.0,49.373,50.553,position_noise+confidence_error,0.497,naive_fusion,avoidance,4,0,71.905,4.915,7.443,uav_0,4.915,False,False,False,False,False,1,"[{""id"": ""obstacle_0"", ""kind"": ""static_obstacle"", ""x"": 50.0, ""y"": 50.0, ""radius"": 5.0}]"
naive_fusion,117,23.4,2,47.093,35.352,86.0,90.0,50.0,50.0,49.373,50.553,false_negative+position_noise+confidence_error,0.497,naive_fusion,avoidance,3,0,67.083,6.5,9.934,uav_3,6.5,False,False,False,False,False,1,"[{""id"": ""obstacle_0"", ""kind"": ""static_obstacle"", ""x"": 50.0, ""y"": 50.0, ""radius"": 5.0}]"
naive_fusion,117,23.4,3,53.357,37.088,90.0,86.0,50.0,50.0,49.373,50.553,position_noise+confidence_error,0.497,naive_fusion,avoidance,4,0,61.116,6.5,8.341,uav_2,6.5,False,False,False,False,False,1,"[{""id"": ""obstacle_0"", ""kind"": ""static_obstacle"", ""x"": 50.0, ""y"": 50.0, ""radius"": 5.0}]"
naive_fusion,118,23.6,0,40.151,36.422,94.0,90.0,50.0,50.0,51.214,48.727,false_negative+position_noise+confidence_error,0.29,naive_fusion,avoidance,4,0,75.963,4.68,11.775,uav_1,4.68,False,False,False,False,False,1,"[{""id"": ""obstacle_0"", ""kind"": ""static_obstacle"", ""x"": 50.0, ""y"": 50.0, ""radius"": 5.0}]"
naive_fusion,118,23.6,1,41.796,40.803,90.0,94.0,50.0,50.0,51.214,48.727,position_noise+confidence_error,0.29,naive_fusion,avoidance,4,0,71.788,4.68,7.324,uav_0,4.68,False,False,False,False,False,1,"[{""id"": ""obstacle_0"", ""kind"": ""static_obstacle"", ""x"": 50.0, ""y"": 50.0, ""radius"": 5.0}]"
naive_fusion,118,23.6,2,47.492,35.375,86.0,90.0,50.0,50.0,51.214,48.727,position_noise+confidence_error,0.29,naive_fusion,avoidance,4,0,66.834,6.506,9.839,uav_3,6.506,False,False,False,False,False,1,"[{""id"": ""obstacle_0"", ""kind"": ""static_obstacle"", ""x"": 50.0, ""y"": 50.0, ""radius"": 5.0}]"
naive_fusion,118,23.6,3,53.753,37.146,90.0,86.0,50.0,50.0,51.214,48.727,false_negative+position_noise+confidence_error,0.29,naive_fusion,avoidance,4,0,60.833,6.506,8.391,uav_2,6.506,False,False,False,False,False,1,"[{""id"": ""obstacle_0"", ""kind"": ""static_obstacle"", ""x"": 50.0, ""y"": 50.0, ""radius"": 5.0}]"
naive_fusion,119,23.8,0,40.353,36.076,94.0,90.0,50.0,50.0,50.169,49.391,position_noise+confidence_error,0.636,naive_fusion,avoidance,4,0,76.065,4.872,11.939,uav_1,4.872,False,False,False,False,False,1,"[{""id"": ""obstacle_0"", ""kind"": ""static_obstacle"", ""x"": 50.0, ""y"": 50.0, ""radius"": 5.0}]"
naive_fusion,119,23.8,1,42.144,40.606,90.0,94.0,50.0,50.0,50.169,49.391,position_noise+confidence_error,0.636,naive_fusion,avoidance,4,0,71.701,4.872,7.246,uav_0,4.872,False,False,False,False,False,1,"[{""id"": ""obstacle_0"", ""kind"": ""static_obstacle"", ""x"": 50.0, ""y"": 50.0, ""radius"": 5.0}]"
naive_fusion,119,23.8,2,47.89,35.42,86.0,90.0,50.0,50.0,50.169,49.391,position_noise+confidence_error,0.636,naive_fusion,avoidance,4,0,66.568,6.508,9.732,uav_3,6.508,False,False,False,False,False,1,"[{""id"": ""obstacle_0"", ""kind"": ""static_obstacle"", ""x"": 50.0, ""y"": 50.0, ""radius"": 5.0}]"
naive_fusion,119,23.8,3,54.148,37.208,90.0,86.0,50.0,50.0,50.169,49.391,position_noise+confidence_error,0.636,naive_fusion,avoidance,4,0,60.548,6.508,8.448,uav_2,6.508,False,False,False,False,False,1,"[{""id"": ""obstacle_0"", ""kind"": ""static_obstacle"", ""x"": 50.0, ""y"": 50.0, ""radius"": 5.0}]"
naive_fusion,120,24.0,0,40.75,36.117,94.0,90.0,50.0,50.0,49.6,49.507,false_negative+position_noise+confidence_error,0.692,naive_fusion,avoidance,3,0,75.756,5.095,11.682,uav_1,5.095,False,False,False,False,False,1,"[{""id"": ""obstacle_0"", ""kind"": ""static_obstacle"", ""x"": 50.0, ""y"": 50.0, ""radius"": 5.0}]"
naive_fusion,120,24.0,1,42.194,41.003,90.0,94.0,50.0,50.0,49.6,49.507,position_noise+confidence_error,0.692,naive_fusion,avoidance,4,0,71.373,5.095,6.911,uav_0,5.095,False,False,False,False,False,1,"[{""id"": ""obstacle_0"", ""kind"": ""static_obstacle"", ""x"": 50.0, ""y"": 50.0, ""radius"": 5.0}]"
naive_fusion,120,24.0,2,48.286,35.472,86.0,90.0,50.0,50.0,49.6,49.507,false_negative+position_noise+confidence_error,0.692,naive_fusion,avoidance,3,0,66.3,6.512,9.629,uav_3,6.512,False,False,False,False,False,1,"[{""id"": ""obstacle_0"", ""kind"": ""static_obstacle"", ""x"": 50.0, ""y"": 50.0, ""radius"": 5.0}]"
naive_fusion,120,24.0,3,54.539,37.292,90.0,86.0,50.0,50.0,49.6,49.507,position_noise+confidence_error,0.692,naive_fusion,avoidance,4,0,60.249,6.512,8.494,uav_2,6.512,False,False,False,False,False,1,"[{""id"": ""obstacle_0"", ""kind"": ""static_obstacle"", ""x"": 50.0, ""y"": 50.0, ""radius"": 5.0}]"
naive_fusion,121,24.2,0,41.148,36.164,94.0,90.0,50.0,50.0,50.04,49.727,false_negative+position_noise+confidence_error,0.51,naive_fusion,avoidance,4,0,75.443,4.833,11.425,uav_1,4.833,False,False,False,False,False,1,"[{""id"": ""obstacle_0"", ""kind"": ""static_obstacle"", ""x"": 50.0, ""y"": 50.0, ""radius"": 5.0}]"
naive_fusion,121,24.2,1,42.535,40.794,90.0,94.0,50.0,50.0,50.04,49.727,position_noise+confidence_error,0.51,naive_fusion,avoidance,4,0,71.301,4.833,6.853,uav_0,4.833,False,False,False,False,False,1,"[{""id"": ""obstacle_0"", ""kind"": ""static_obstacle"", ""x"": 50.0, ""y"": 50.0, ""radius"": 5.0}]"
naive_fusion,121,24.2,2,48.682,35.53,86.0,90.0,50.0,50.0,50.04,49.727,false_negative+position_noise+confidence_error,0.51,naive_fusion,avoidance,4,0,66.028,6.515,9.53,uav_3,6.515,False,False,False,False,False,1,"[{""id"": ""obstacle_0"", ""kind"": ""static_obstacle"", ""x"": 50.0, ""y"": 50.0, ""radius"": 5.0}]"
naive_fusion,121,24.2,3,54.929,37.379,90.0,86.0,50.0,50.0,50.04,49.727,false_negative+position_noise+confidence_error,0.51,naive_fusion,avoidance,3,0,59.95,6.515,8.549,uav_2,6.515,False,False,False,False,False,1,"[{""id"": ""obstacle_0"", ""kind"": ""static_obstacle"", ""x"": 50.0, ""y"": 50.0, ""radius"": 5.0}]"
naive_fusion,122,24.4,0,41.542,36.229,94.0,90.0,50.0,50.0,49.824,50.921,false_negative+position_noise+confidence_error,0.335,naive_fusion,avoidance,3,0,75.121,4.642,11.161,uav_1,4.642,False,False,False,False,False,1,"[{""id"": ""obstacle_0"", ""kind"": ""static_obstacle"", ""x"": 50.0, ""y"": 50.0, ""radius"": 5.0}]"
naive_fusion,122,24.4,1,42.913,40.663,90.0,94.0,50.0,50.0,49.824,50.921,position_noise+confidence_error,0.335,naive_fusion,avoidance,4,0,71.148,4.642,6.722,uav_0,4.642,False,False,False,False,False,1,"[{""id"": ""obstacle_0"", ""kind"": ""static_obstacle"", ""x"": 50.0, ""y"": 50.0, ""radius"": 5.0}]"
naive_fusion,122,24.4,2,49.071,35.625,86.0,90.0,50.0,50.0,49.824,50.921,false_negative+position_noise+confidence_error,0.335,naive_fusion,avoidance,3,0,65.73,6.515,9.405,uav_3,6.515,False,False,False,False,False,1,"[{""id"": ""obstacle_0"", ""kind"": ""static_obstacle"", ""x"": 50.0, ""y"": 50.0, ""radius"": 5.0}]"
naive_fusion,122,24.4,3,55.312,37.496,90.0,86.0,50.0,50.0,49.824,50.921,false_negative+position_noise+confidence_error,0.335,naive_fusion,avoidance,3,0,59.632,6.515,8.586,uav_2,6.515,False,False,False,False,False,1,"[{""id"": ""obstacle_0"", ""kind"": ""static_obstacle"", ""x"": 50.0, ""y"": 50.0, ""radius"": 5.0}]"
naive_fusion,123,24.6,0,41.937,36.292,94.0,90.0,50.0,50.0,49.628,51.254,false_negative+position_noise+confidence_error,0.612,naive_fusion,avoidance,3,0,74.8,4.467,10.903,uav_1,4.467,False,False,False,False,False,1,"[{""id"": ""obstacle_0"", ""kind"": ""static_obstacle"", ""x"": 50.0, ""y"": 50.0, ""radius"": 5.0}]"
naive_fusion,123,24.6,1,43.296,40.548,90.0,94.0,50.0,50.0,49.628,51.254,false_negative+position_noise+confidence_error,0.612,naive_fusion,avoidance,2,0,70.982,4.467,6.588,uav_0,4.467,False,False,False,False,False,1,"[{""id"": ""obstacle_0"", ""kind"": ""static_obstacle"", ""x"": 50.0, ""y"": 50.0, ""radius"": 5.0}]"
naive_fusion,123,24.6,2,49.456,35.731,86.0,90.0,50.0,50.0,49.628,51.254,false_negative+position_noise+confidence_error,0.612,naive_fusion,avoidance,4,0,65.426,6.515,9.28,uav_3,6.515,False,False,False,False,False,1,"[{""id"": ""obstacle_0"", ""kind"": ""static_obstacle"", ""x"": 50.0, ""y"": 50.0, ""radius"": 5.0}]"
naive_fusion,123,24.6,3,55.69,37.626,90.0,86.0,50.0,50.0,49.628,51.254,position_noise+confidence_error,0.612,naive_fusion,avoidance,4,0,59.306,6.515,8.62,uav_2,6.515,False,False,False,False,False,1,"[{""id"": ""obstacle_0"", ""kind"": ""static_obstacle"", ""x"": 50.0, ""y"": 50.0, ""radius"": 5.0}]"
naive_fusion,124,24.8,0,42.333,36.352,94.0,90.0,50.0,50.0,50.37,50.913,false_negative+position_noise+confidence_error,0.554,naive_fusion,avoidance,3,0,74.482,4.292,10.654,uav_1,4.292,False,False,False,False,False,1,"[{""id"": ""obstacle_0"", ""kind"": ""static_obstacle"", ""x"": 50.0, ""y"": 50.0, ""radius"": 5.0}]"
naive_fusion,124,24.8,1,43.678,40.429,90.0,94.0,50.0,50.0,50.37,50.913,false_negative+position_noise+confidence_error,0.554,naive_fusion,avoidance,3,0,70.821,4.292,6.471,uav_0,4.292,False,False,False,False,False,1,"[{""id"": ""obstacle_0"", ""kind"": ""static_obstacle"", ""x"": 50.0, ""y"": 50.0, ""radius"": 5.0}]"
naive_fusion,124,24.8,2,49.845,35.824,86.0,90.0,50.0,50.0,50.37,50.913,false_negative+position_noise+confidence_error,0.554,naive_fusion,avoidance,3,0,65.132,6.516,9.177,uav_3,6.516,False,False,False,False,False,1,"[{""id"": ""obstacle_0"", ""kind"": ""static_obstacle"", ""x"": 50.0, ""y"": 50.0, ""radius"": 5.0}]"
naive_fusion,124,24.8,3,56.072,37.744,90.0,86.0,50.0,50.0,50.37,50.913,false_negative+position_noise+confidence_error,0.554,naive_fusion,avoidance,2,0,58.989,6.516,8.678,uav_2,6.516,False,False,False,False,False,1,"[{""id"": ""obstacle_0"", ""kind"": ""static_obstacle"", ""x"": 50.0, ""y"": 50.0, ""radius"": 5.0}]"
naive_fusion,125,25.0,0,42.731,36.393,94.0,90.0,50.0,50.0,50.971,49.982,position_noise+confidence_error,0.599,naive_fusion,avoidance,4,0,74.177,4.085,10.427,uav_1,4.085,False,False,False,False,False,1,"[{""id"": ""obstacle_0"", ""kind"": ""static_obstacle"", ""x"": 50.0, ""y"": 50.0, ""radius"": 5.0}]"
naive_fusion,125,25.0,1,44.041,40.262,90.0,94.0,50.0,50.0,50.971,49.982,position_noise+confidence_error,0.599,naive_fusion,avoidance,4,0,70.71,4.085,6.416,uav_0,4.085,False,False,False,False,False,1,"[{""id"": ""obstacle_0"", ""kind"": ""static_obstacle"", ""x"": 50.0, ""y"": 50.0, ""radius"": 5.0}]"
naive_fusion,125,25.0,2,50.241,35.886,86.0,90.0,50.0,50.0,50.971,49.982,false_negative+position_noise+confidence_error,0.599,naive_fusion,avoidance,4,0,64.862,6.52,9.116,uav_3,6.52,False,False,False,False,False,1,"[{""id"": ""obstacle_0"", ""kind"": ""static_obstacle"", ""x"": 50.0, ""y"": 50.0, ""radius"": 5.0}]"
naive_fusion,125,25.0,3,56.46,37.843,90.0,86.0,50.0,50.0,50.971,49.982,false_negative+position_noise+confidence_error,0.599,naive_fusion,avoidance,2,0,58.686,6.52,8.766,uav_2,6.52,False,False,False,False,False,1,"[{""id"": ""obstacle_0"", ""kind"": ""static_obstacle"", ""x"": 50.0, ""y"": 50.0, ""radius"": 5.0}]"
naive_fusion,126,25.2,0,43.13,36.416,94.0,90.0,50.0,50.0,51.566,49.172,false_negative+position_noise+confidence_error,0.58,naive_fusion,avoidance,3,0,73.885,3.851,10.223,uav_1,3.851,False,False,False,False,False,1,"[{""id"": ""obstacle_0"", ""kind"": ""static_obstacle"", ""x"": 50.0, ""y"": 50.0, ""radius"": 5.0}]"
naive_fusion,126,25.2,1,44.385,40.057,90.0,94.0,50.0,50.0,51.566,49.172,false_negative+position_noise+confidence_error,0.58,naive_fusion,avoidance,2,0,70.644,3.851,6.419,uav_0,3.851,False,False,False,False,False,1,"[{""id"": ""obstacle_0"", ""kind"": ""static_obstacle"", ""x"": 50.0, ""y"": 50.0, ""radius"": 5.0}]"
naive_fusion,126,25.2,2,50.639,35.916,86.0,90.0,50.0,50.0,51.566,49.172,position_noise+confidence_error,0.58,naive_fusion,avoidance,4,0,64.618,6.528,9.098,uav_3,6.528,False,False,False,False,False,1,"[{""id"": ""obstacle_0"", ""kind"": ""static_obstacle"", ""x"": 50.0, ""y"": 50.0, ""radius"": 5.0}]"
naive_fusion,126,25.2,3,56.851,37.924,90.0,86.0,50.0,50.0,51.566,49.172,false_negative+position_noise+confidence_error,0.58,naive_fusion,avoidance,2,0,58.397,6.528,8.884,uav_2,6.528,False,False,False,False,False,1,"[{""id"": ""obstacle_0"", ""kind"": ""static_obstacle"", ""x"": 50.0, ""y"": 50.0, ""radius"": 5.0}]"
naive_fusion,127,25.4,0,43.446,36.17,94.0,90.0,50.0,50.0,50.586,49.397,false_negative+position_noise+confidence_error,0.478,naive_fusion,avoidance,3,0,73.847,3.894,10.304,uav_1,3.894,False,False,False,False,False,1,"[{""id"": ""obstacle_0"", ""kind"": ""static_obstacle"", ""x"": 50.0, ""y"": 50.0, ""radius"": 5.0}]"
naive_fusion,127,25.4,1,44.726,39.848,90.0,94.0,50.0,50.0,50.586,49.397,position_noise+confidence_error,0.478,naive_fusion,avoidance,4,0,70.585,3.894,6.44,uav_0,3.894,False,False,False,False,False,1,"[{""id"": ""obstacle_0"", ""kind"": ""static_obstacle"", ""x"": 50.0, ""y"": 50.0, ""radius"": 5.0}]"
naive_fusion,127,25.4,2,51.036,35.967,86.0,90.0,50.0,50.0,50.586,49.397,false_negative+position_noise+confidence_error,0.478,naive_fusion,avoidance,2,0,64.359,6.535,9.071,uav_3,6.535,False,False,False,False,False,1,"[{""id"": ""obstacle_0"", ""kind"": ""static_obstacle"", ""x"": 50.0, ""y"": 50.0, ""radius"": 5.0}]"
naive_fusion,127,25.4,3,57.235,38.039,90.0,86.0,50.0,50.0,50.586,49.397,false_negative+position_noise+confidence_error,0.478,naive_fusion,avoidance,3,0,58.085,6.535,8.979,uav_2,6.535,False,False,False,False,False,1,"[{""id"": ""obstacle_0"", ""kind"": ""static_obstacle"", ""x"": 50.0, ""y"": 50.0, ""radius"": 5.0}]"
naive_fusion,128,25.6,0,43.846,36.156,94.0,90.0,50.0,50.0,50.595,48.809,false_negative+position_noise+confidence_error,0.42,naive_fusion,avoidance,2,0,73.584,3.652,10.15,uav_1,3.652,False,False,False,False,False,1,"[{""id"": ""obstacle_0"", ""kind"": ""static_obstacle"", ""x"": 50.0, ""y"": 50.0, ""radius"": 5.0}]"
naive_fusion,128,25.6,1,45.044,39.606,90.0,94.0,50.0,50.0,50.595,48.809,false_negative+position_noise+confidence_error,0.42,naive_fusion,avoidance,3,0,70.567,3.652,6.515,uav_0,3.652,False,False,False,False,False,1,"[{""id"": ""obstacle_0"", ""kind"": ""static_obstacle"", ""x"": 50.0, ""y"": 50.0, ""radius"": 5.0}]"
naive_fusion,128,25.6,2,51.435,36.002,86.0,90.0,50.0,50.0,50.595,48.809,false_negative+position_noise+confidence_error,0.42,naive_fusion,avoidance,3,0,64.114,6.547,9.072,uav_3,6.547,False,False,False,False,False,1,"[{""id"": ""obstacle_0"", ""kind"": ""static_obstacle"", ""x"": 50.0, ""y"": 50.0, ""radius"": 5.0}]"
naive_fusion,128,25.6,3,57.617,38.155,90.0,86.0,50.0,50.0,50.595,48.809,false_negative+position_noise+confidence_error,0.42,naive_fusion,avoidance,3,0,57.773,6.547,9.082,uav_2,6.547,False,False,False,False,False,1,"[{""id"": ""obstacle_0"", ""kind"": ""static_obstacle"", ""x"": 50.0, ""y"": 50.0, ""radius"": 5.0}]"
naive_fusion,129,25.8,0,44.246,36.142,94.0,90.0,50.0,50.0,48.647,49.492,false_negative+position_noise+confidence_error,0.657,naive_fusion,avoidance,3,0,73.323,3.474,10.006,uav_1,3.474,True,False,False,False,False,1,"[{""id"": ""obstacle_0"", ""kind"": ""static_obstacle"", ""x"": 50.0, ""y"": 50.0, ""radius"": 5.0}]"
naive_fusion,129,25.8,1,45.398,39.419,90.0,94.0,50.0,50.0,48.647,49.492,false_negative+position_noise+confidence_error,0.657,naive_fusion,avoidance,2,0,70.487,3.474,6.538,uav_0,3.474,True,False,False,False,False,1,"[{""id"": ""obstacle_0"", ""kind"": ""static_obstacle"", ""x"": 50.0, ""y"": 50.0, ""radius"": 5.0}]"
naive_fusion,129,25.8,2,51.824,36.093,86.0,90.0,50.0,50.0,48.647,49.492,position_noise+confidence_error,0.657,naive_fusion,avoidance,4,0,63.827,6.548,9.026,uav_3,6.548,False,False,False,False,False,1,"[{""id"": ""obstacle_0"", ""kind"": ""static_obstacle"", ""x"": 50.0, ""y"": 50.0, ""radius"": 5.0}]"
naive_fusion,129,25.8,3,57.98,38.323,90.0,86.0,50.0,50.0,48.647,49.492,false_negative+position_noise+confidence_error,0.657,naive_fusion,avoidance,3,0,57.431,6.548,9.144,uav_2,6.548,False,False,False,False,False,1,"[{""id"": ""obstacle_0"", ""kind"": ""static_obstacle"", ""x"": 50.0, ""y"": 50.0, ""radius"": 5.0}]"
naive_fusion,130,26.0,0,44.149,35.753,94.0,90.0,50.0,50.0,48.816,50.296,position_noise+confidence_error,0.605,naive_fusion,avoidance,4,0,73.674,3.899,10.401,uav_1,3.899,False,False,False,False,False,1,"[{""id"": ""obstacle_0"", ""kind"": ""static_obstacle"", ""x"": 50.0, ""y"": 50.0, ""radius"": 5.0}]"
naive_fusion,130,26.0,1,45.779,39.296,90.0,94.0,50.0,50.0,48.816,50.296,position_noise+confidence_error,0.605,naive_fusion,avoidance,4,0,70.342,3.899,6.506,uav_0,3.899,False,False,False,False,False,1,"[{""id"": ""obstacle_0"", ""kind"": ""static_obstacle"", ""x"": 50.0, ""y"": 50.0, ""radius"": 5.0}]"
naive_fusion,130,26.0,2,52.208,36.206,86.0,90.0,50.0,50.0,48.816,50.296,position_noise+confidence_error,0.605,naive_fusion,avoidance,4,0,63.528,6.547,8.97,uav_3,6.547,False,False,False,False,False,1,"[{""id"": ""obstacle_0"", ""kind"": ""static_obstacle"", ""x"": 50.0, ""y"": 50.0, ""radius"": 5.0}]"
naive_fusion,130,26.0,3,58.34,38.497,90.0,86.0,50.0,50.0,48.816,50.296,false_negative+position_noise+confidence_error,0.605,naive_fusion,avoidance,4,0,57.086,6.547,9.208,uav_2,6.547,False,False,False,False,False,1,"[{""id"": ""obstacle_0"", ""kind"": ""static_obstacle"", ""x"": 50.0, ""y"": 50.0, ""radius"": 5.0}]"
naive_fusion,131,26.2,0,44.545,35.81,94.0,90.0,50.0,50.0,50.273,50.945,false_negative+position_noise+confidence_error,0.494,naive_fusion,avoidance,2,0,73.364,3.778,10.202,uav_1,3.778,False,False,False,False,False,1,"[{""id"": ""obstacle_0"", ""kind"": ""static_obstacle"", ""x"": 50.0, ""y"": 50.0, ""radius"": 5.0}]"
naive_fusion,131,26.2,1,46.171,39.22,90.0,94.0,50.0,50.0,50.273,50.945,position_noise+confidence_error,0.494,naive_fusion,avoidance,4,0,70.156,3.778,6.44,uav_0,3.778,False,False,False,False,False,1,"[{""id"": ""obstacle_0"", ""kind"": ""static_obstacle"", ""x"": 50.0, ""y"": 50.0, ""radius"": 5.0}]"
naive_fusion,131,26.2,2,52.592,36.318,86.0,90.0,50.0,50.0,50.273,50.945,false_negative+position_noise+confidence_error,0.494,naive_fusion,avoidance,3,0,63.229,6.547,8.925,uav_3,6.547,False,False,False,False,False,1,"[{""id"": ""obstacle_0"", ""kind"": ""static_obstacle"", ""x"": 50.0, ""y"": 50.0, ""radius"": 5.0}]"
naive_fusion,131,26.2,3,58.706,38.659,90.0,86.0,50.0,50.0,50.273,50.945,position_noise+confidence_error,0.494,naive_fusion,avoidance,4,0,56.749,6.547,9.298,uav_2,6.547,False,False,False,False,False,1,"[{""id"": ""obstacle_0"", ""kind"": ""static_obstacle"", ""x"": 50.0, ""y"": 50.0, ""radius"": 5.0}]"
naive_fusion,132,26.4,0,44.945,35.811,94.0,90.0,50.0,50.0,50.609,49.141,false_negative+position_noise+confidence_error,0.689,naive_fusion,avoidance,3,0,73.095,3.892,10.063,uav_1,3.892,False,False,False,False,False,1,"[{""id"": ""obstacle_0"", ""kind"": ""static_obstacle"", ""x"": 50.0, ""y"": 50.0, ""radius"": 5.0}]"
naive_fusion,132,26.4,1,45.969,39.565,90.0,94.0,50.0,50.0,50.609,49.141,position_noise+confidence_error,0.689,naive_fusion,avoidance,4,0,70.013,3.892,6.186,uav_0,3.892,False,False,False,False,False,1,"[{""id"": ""obstacle_0"", ""kind"": ""static_obstacle"", ""x"": 50.0, ""y"": 50.0, ""radius"": 5.0}]"
naive_fusion,132,26.4,2,52.987,36.381,86.0,90.0,50.0,50.0,50.609,49.141,position_noise+confidence_error,0.689,naive_fusion,avoidance,4,0,62.967,6.556,8.943,uav_3,6.556,False,False,False,False,False,1,"[{""id"": ""obstacle_0"", ""kind"": ""static_obstacle"", ""x"": 50.0, ""y"": 50.0, ""radius"": 5.0}]"
naive_fusion,132,26.4,3,59.077,38.808,90.0,86.0,50.0,50.0,50.609,49.141,false_negative+position_noise+confidence_error,0.689,naive_fusion,avoidance,2,0,56.421,6.556,9.41,uav_2,6.556,False,False,False,False,False,1,"[{""id"": ""obstacle_0"", ""kind"": ""static_obstacle"", ""x"": 50.0, ""y"": 50.0, ""radius"": 5.0}]"
naive_fusion,133,26.6,0,45.343,35.854,94.0,90.0,50.0,50.0,51.634,50.173,false_negative+position_noise+confidence_error,0.521,naive_fusion,avoidance,3,0,72.796,3.723,9.893,uav_1,3.723,False,False,False,False,False,1,"[{""id"": ""obstacle_0"", ""kind"": ""static_obstacle"", ""x"": 50.0, ""y"": 50.0, ""radius"": 5.0}]"
naive_fusion,133,26.6,1,46.348,39.438,90.0,94.0,50.0,50.0,51.634,50.173,position_noise+confidence_error,0.521,naive_fusion,avoidance,4,0,69.875,3.723,6.175,uav_0,3.723,False,False,False,False,False,1,"[{""id"": ""obstacle_0"", ""kind"": ""static_obstacle"", ""x"": 50.0, ""y"": 50.0, ""radius"": 5.0}]"
naive_fusion,133,26.6,2,53.378,36.464,86.0,90.0,50.0,50.0,51.634,50.173,false_negative+position_noise+confidence_error,0.521,naive_fusion,avoidance,4,0,62.692,6.562,8.951,uav_3,6.562,False,False,False,False,False,1,"[{""id"": ""obstacle_0"", ""kind"": ""static_obstacle"", ""x"": 50.0, ""y"": 50.0, ""radius"": 5.0}]"
naive_fusion,133,26.6,3,59.451,38.951,90.0,86.0,50.0,50.0,51.634,50.173,false_negative+position_noise+confidence_error,0.521,naive_fusion,avoidance,2,0,56.097,6.562,9.539,uav_2,6.562,False,False,False,False,False,1,"[{""id"": ""obstacle_0"", ""kind"": ""static_obstacle"", ""x"": 50.0, ""y"": 50.0, ""radius"": 5.0}]"
naive_fusion,134,26.8,0,45.74,35.898,94.0,90.0,50.0,50.0,50.19,50.778,position_noise+confidence_error,0.292,naive_fusion,avoidance,4,0,72.498,3.964,9.731,uav_1,3.964,False,False,False,False,False,1,"[{""id"": ""obstacle_0"", ""kind"": ""static_obstacle"", ""x"": 50.0, ""y"": 50.0, ""radius"": 5.0}]"
naive_fusion,134,26.8,1,46.561,39.777,90.0,94.0,50.0,50.0,50.19,50.778,position_noise+confidence_error,0.292,naive_fusion,avoidance,4,0,69.477,3.964,5.786,uav_0,3.964,False,False,False,False,False,1,"[{""id"": ""obstacle_0"", ""kind"": ""static_obstacle"", ""x"": 50.0, ""y"": 50.0, ""radius"": 5.0}]"
naive_fusion,134,26.8,2,53.759,36.586,86.0,90.0,50.0,50.0,50.19,50.778,false_negative+position_noise+confidence_error,0.292,naive_fusion,avoidance,3,0,62.39,6.563,8.931,uav_3,6.563,False,False,False,False,False,1,"[{""id"": ""obstacle_0"", ""kind"": ""static_obstacle"", ""x"": 50.0, ""y"": 50.0, ""radius"": 5.0}]"
naive_fusion,134,26.8,3,59.809,39.13,90.0,86.0,50.0,50.0,50.19,50.778,false_negative+position_noise+confidence_error,0.292,naive_fusion,avoidance,3,0,55.752,6.563,9.641,uav_2,6.563,False,False,False,False,False,1,"[{""id"": ""obstacle_0"", ""kind"": ""static_obstacle"", ""x"": 50.0, ""y"": 50.0, ""radius"": 5.0}]"
naive_fusion,135,27.0,0,46.132,35.977,94.0,90.0,50.0,50.0,49.343,52.346,false_negative+position_noise+confidence_error,0.082,naive_fusion,avoidance,4,0,72.179,3.859,9.546,uav_1,3.859,False,False,False,False,False,1,"[{""id"": ""obstacle_0"", ""kind"": ""static_obstacle"", ""x"": 50.0, ""y"": 50.0, ""radius"": 5.0}]"
naive_fusion,135,27.0,1,46.96,39.746,90.0,94.0,50.0,50.0,49.343,52.346,false_negative+position_noise+confidence_error,0.082,naive_fusion,avoidance,4,0,69.253,3.859,5.695,uav_0,3.859,False,False,False,False,False,1,"[{""id"": ""obstacle_0"", ""kind"": ""static_obstacle"", ""x"": 50.0, ""y"": 50.0, ""radius"": 5.0}]"
naive_fusion,135,27.0,2,54.125,36.748,86.0,90.0,50.0,50.0,49.343,52.346,false_negative+position_noise+confidence_error,0.082,naive_fusion,avoidance,3,0,62.063,6.56,8.879,uav_3,6.56,False,False,False,False,False,1,"[{""id"": ""obstacle_0"", ""kind"": ""static_obstacle"", ""x"": 50.0, ""y"": 50.0, ""radius"": 5.0}]"
naive_fusion,135,27.0,3,60.154,39.332,90.0,86.0,50.0,50.0,49.343,52.346,false_negative+position_noise+confidence_error,0.082,naive_fusion,avoidance,3,0,55.396,6.56,9.728,uav_2,6.56,False,False,False,False,False,1,"[{""id"": ""obstacle_0"", ""kind"": ""static_obstacle"", ""x"": 50.0, ""y"": 50.0, ""radius"": 5.0}]"
naive_fusion,136,27.2,0,46.532,35.985,94.0,90.0,50.0,50.0,50.196,49.8,false_negative+position_noise+confidence_error,0.567,naive_fusion,avoidance,3,0,71.909,3.675,9.438,uav_1,3.675,False,False,False,False,False,1,"[{""id"": ""obstacle_0"", ""kind"": ""static_obstacle"", ""x"": 50.0, ""y"": 50.0, ""radius"": 5.0}]"
naive_fusion,136,27.2,1,47.321,39.574,90.0,94.0,50.0,50.0,50.196,49.8,false_negative+position_noise+confidence_error,0.567,naive_fusion,avoidance,3,0,69.164,3.675,5.764,uav_0,3.675,False,False,False,False,False,1,"[{""id"": ""obstacle_0"", ""kind"": ""static_obstacle"", ""x"": 50.0, ""y"": 50.0, ""radius"": 5.0}]"
naive_fusion,136,27.2,2,54.51,36.857,86.0,90.0,50.0,50.0,50.196,49.8,position_noise+confidence_error,0.567,naive_fusion,avoidance,4,0,61.773,6.562,8.896,uav_3,6.562,False,False,False,False,False,1,"[{""id"": ""obstacle_0"", ""kind"": ""static_obstacle"", ""x"": 50.0, ""y"": 50.0, ""radius"": 5.0}]"
naive_fusion,136,27.2,3,60.508,39.518,90.0,86.0,50.0,50.0,50.196,49.8,false_negative+position_noise+confidence_error,0.567,naive_fusion,avoidance,3,0,55.049,6.562,9.843,uav_2,6.562,False,False,False,False,False,1,"[{""id"": ""obstacle_0"", ""kind"": ""static_obstacle"", ""x"": 50.0, ""y"": 50.0, ""radius"": 5.0}]"
naive_fusion,137,27.4,0,46.928,36.04,94.0,90.0,50.0,50.0,49.677,51.39,false_negative+position_noise+confidence_error,0.53,naive_fusion,avoidance,3,0,71.606,3.56,9.294,uav_1,3.56,False,False,False,False,False,1,"[{""id"": ""obstacle_0"", ""kind"": ""static_obstacle"", ""x"": 50.0, ""y"": 50.0, ""radius"": 5.0}]"
naive_fusion,137,27.4,1,47.717,39.512,90.0,94.0,50.0,50.0,49.677,51.39,position_noise+confidence_error,0.53,naive_fusion,avoidance,4,0,68.97,3.56,5.734,uav_0,3.56,False,False,False,False,False,1,"[{""id"": ""obstacle_0"", ""kind"": ""static_obstacle"", ""x"": 50.0, ""y"": 50.0, ""radius"": 5.0}]"
naive_fusion,137,27.4,2,54.88,37.007,86.0,90.0,50.0,50.0,49.677,51.39,false_negative+position_noise+confidence_error,0.53,naive_fusion,avoidance,3,0,61.455,6.56,8.879,uav_3,6.56,False,False,False,False,False,1,"[{""id"": ""obstacle_0"", ""kind"": ""static_obstacle"", ""x"": 50.0, ""y"": 50.0, ""radius"": 5.0}]"
naive_fusion,137,27.4,3,60.853,39.721,90.0,86.0,50.0,50.0,49.677,51.39,false_negative+position_noise+confidence_error,0.53,naive_fusion,avoidance,3,0,54.693,6.56,9.948,uav_2,6.56,False,False,False,False,False,1,"[{""id"": ""obstacle_0"", ""kind"": ""static_obstacle"", ""x"": 50.0, ""y"": 50.0, ""radius"": 5.0}]"
naive_fusion,138,27.6,0,47.328,36.052,94.0,90.0,50.0,50.0,50.154,49.968,false_negative+position_noise+confidence_error,0.624,naive_fusion,avoidance,3,0,71.335,3.409,9.201,uav_1,3.409,True,False,False,False,False,1,"[{""id"": ""obstacle_0"", ""kind"": ""static_obstacle"", ""x"": 50.0, ""y"": 50.0, ""radius"": 5.0}]"
naive_fusion,138,27.6,1,48.092,39.374,90.0,94.0,50.0,50.0,50.154,49.968,false_negative+position_noise+confidence_error,0.624,naive_fusion,avoidance,3,0,68.849,3.409,5.796,uav_0,3.409,True,False,False,False,False,1,"[{""id"": ""obstacle_0"", ""kind"": ""static_obstacle"", ""x"": 50.0, ""y"": 50.0, ""radius"": 5.0}]"
naive_fusion,138,27.6,2,55.261,37.13,86.0,90.0,50.0,50.0,50.154,49.968,position_noise+confidence_error,0.624,naive_fusion,avoidance,4,0,61.156,6.562,8.904,uav_3,6.562,False,False,False,False,False,1,"[{""id"": ""obstacle_0"", ""kind"": ""static_obstacle"", ""x"": 50.0, ""y"": 50.0, ""radius"": 5.0}]"
naive_fusion,138,27.6,3,61.2,39.919,90.0,86.0,50.0,50.0,50.154,49.968,false_negative+position_noise+confidence_error,0.624,naive_fusion,avoidance,2,0,54.34,6.562,10.069,uav_2,6.562,False,False,False,False,False,1,"[{""id"": ""obstacle_0"", ""kind"": ""static_obstacle"", ""x"": 50.0, ""y"": 50.0, ""radius"": 5.0}]"
naive_fusion,139,27.8,0,47.672,35.848,94.0,90.0,50.0,50.0,50.329,49.217,false_negative+position_noise+confidence_error,0.53,naive_fusion,avoidance,3,0,71.265,3.671,9.342,uav_1,3.671,False,False,False,False,False,1,"[{""id"": ""obstacle_0"", ""kind"": ""static_obstacle"", ""x"": 50.0, ""y"": 50.0, ""radius"": 5.0}]"
naive_fusion,139,27.8,1,47.719,39.518,90.0,94.0,50.0,50.0,50.329,49.217,false_negative+position_noise+confidence_error,0.53,naive_fusion,avoidance,3,0,68.963,3.671,5.727,uav_0,3.671,False,False,False,False,False,1,"[{""id"": ""obstacle_0"", ""kind"": ""static_obstacle"", ""x"": 50.0, ""y"": 50.0, ""radius"": 5.0}]"
naive_fusion,139,27.8,2,55.645,37.242,86.0,90.0,50.0,50.0,50.329,49.217,position_noise+confidence_error,0.53,naive_fusion,avoidance,4,0,60.867,6.566,8.951,uav_3,6.566,False,False,False,False,False,1,"[{""id"": ""obstacle_0"", ""kind"": ""static_obstacle"", ""x"": 50.0, ""y"": 50.0, ""radius"": 5.0}]"
naive_fusion,139,27.8,3,61.546,40.12,90.0,86.0,50.0,50.0,50.329,49.217,false_negative+position_noise+confidence_error,0.53,naive_fusion,avoidance,3,0,53.987,6.566,10.196,uav_2,6.566,False,False,False,False,False,1,"[{""id"": ""obstacle_0"", ""kind"": ""static_obstacle"", ""x"": 50.0, ""y"": 50.0, ""radius"": 5.0}]"
naive_fusion,140,28.0,0,48.069,35.898,94.0,90.0,50.0,50.0,50.479,50.909,false_negative+position_noise+confidence_error,0.408,naive_fusion,avoidance,3,0,70.969,3.533,9.233,uav_1,3.533,False,False,False,False,False,1,"[{""id"": ""obstacle_0"", ""kind"": ""static_obstacle"", ""x"": 50.0, ""y"": 50.0, ""radius"": 5.0}]"
naive_fusion,140,28.0,1,48.109,39.432,90.0,94.0,50.0,50.0,50.479,50.909,false_negative+position_noise+confidence_error,0.408,naive_fusion,avoidance,3,0,68.793,3.533,5.736,uav_0,3.533,False,False,False,False,False,1,"[{""id"": ""obstacle_0"", ""kind"": ""static_obstacle"", ""x"": 50.0, ""y"": 50.0, ""radius"": 5.0}]"
naive_fusion,140,28.0,2,56.018,37.387,86.0,90.0,50.0,50.0,50.479,50.909,false_negative+position_noise+confidence_error,0.408,naive_fusion,avoidance,3,0,60.557,6.566,8.975,uav_3,6.566,False,False,False,False,False,1,"[{""id"": ""obstacle_0"", ""kind"": ""static_obstacle"", ""x"": 50.0, ""y"": 50.0, ""radius"": 5.0}]"
naive_fusion,140,28.0,3,61.889,40.326,90.0,86.0,50.0,50.0,50.479,50.909,position_noise+confidence_error,0.408,naive_fusion,avoidance,4,0,53.632,6.566,10.328,uav_2,6.566,False,False,False,False,False,1,"[{""id"": ""obstacle_0"", ""kind"": ""static_obstacle"", ""x"": 50.0, ""y"": 50.0, ""radius"": 5.0}]"
naive_fusion,141,28.2,0,48.466,35.945,94.0,90.0,50.0,50.0,48.864,50.544,position_noise+confidence_error,0.443,naive_fusion,avoidance,4,0,70.677,3.412,9.139,uav_1,3.412,True,False,False,False,False,1,"[{""id"": ""obstacle_0"", ""kind"": ""static_obstacle"", ""x"": 50.0, ""y"": 50.0, ""radius"": 5.0}]"
naive_fusion,141,28.2,1,48.502,39.357,90.0,94.0,50.0,50.0,48.864,50.544,false_negative+position_noise+confidence_error,0.443,naive_fusion,avoidance,3,0,68.614,3.412,5.748,uav_0,3.412,True,False,False,False,False,1,"[{""id"": ""obstacle_0"", ""kind"": ""static_obstacle"", ""x"": 50.0, ""y"": 50.0, ""radius"": 5.0}]"
naive_fusion,141,28.2,2,56.38,37.556,86.0,90.0,50.0,50.0,48.864,50.544,position_noise+confidence_error,0.443,naive_fusion,avoidance,4,0,60.23,6.562,8.984,uav_3,6.562,False,False,False,False,False,1,"[{""id"": ""obstacle_0"", ""kind"": ""static_obstacle"", ""x"": 50.0, ""y"": 50.0, ""radius"": 5.0}]"
naive_fusion,141,28.2,3,62.217,40.556,90.0,86.0,50.0,50.0,48.864,50.544,false_negative+position_noise+confidence_error,0.443,naive_fusion,avoidance,3,0,53.265,6.562,10.442,uav_2,6.562,False,False,False,False,False,1,"[{""id"": ""obstacle_0"", ""kind"": ""static_obstacle"", ""x"": 50.0, ""y"": 50.0, ""radius"": 5.0}]"
naive_fusion,142,28.4,0,48.866,35.961,94.0,90.0,50.0,50.0,49.361,52.258,false_negative+position_noise+confidence_error,0.498,naive_fusion,avoidance,2,0,70.408,3.399,9.085,uav_1,3.399,True,False,False,False,False,1,"[{""id"": ""obstacle_0"", ""kind"": ""static_obstacle"", ""x"": 50.0, ""y"": 50.0, ""radius"": 5.0}]"
naive_fusion,142,28.4,1,48.902,39.36,90.0,94.0,50.0,50.0,49.361,52.258,false_negative+position_noise+confidence_error,0.498,naive_fusion,avoidance,3,0,68.371,3.399,5.696,uav_0,3.399,True,False,True,False,False,1,"[{""id"": ""obstacle_0"", ""kind"": ""static_obstacle"", ""x"": 50.0, ""y"": 50.0, ""radius"": 5.0}]"
naive_fusion,142,28.4,2,56.735,37.742,86.0,90.0,50.0,50.0,49.361,52.258,false_negative+position_noise+confidence_error,0.498,naive_fusion,avoidance,3,0,59.895,6.559,8.987,uav_3,6.559,False,False,False,False,False,1,"[{""id"": ""obstacle_0"", ""kind"": ""static_obstacle"", ""x"": 50.0, ""y"": 50.0, ""radius"": 5.0}]"
naive_fusion,142,28.4,3,62.545,40.784,90.0,86.0,50.0,50.0,49.361,52.258,position_noise+confidence_error,0.498,naive_fusion,avoidance,4,0,52.898,6.559,10.566,uav_2,6.559,False,False,False,False,False,1,"[{""id"": ""obstacle_0"", ""kind"": ""static_obstacle"", ""x"": 50.0, ""y"": 50.0, ""radius"": 5.0}]"
naive_fusion,143,28.6,0,49.266,35.979,94.0,90.0,50.0,50.0,49.543,49.554,position_noise+confidence_error,0.669,naive_fusion,avoidance,4,0,70.138,3.263,9.04,uav_1,3.263,True,False,False,False,False,1,"[{""id"": ""obstacle_0"", ""kind"": ""static_obstacle"", ""x"": 50.0, ""y"": 50.0, ""radius"": 5.0}]"
naive_fusion,143,28.6,1,49.285,39.243,90.0,94.0,50.0,50.0,49.543,49.554,false_negative+position_noise+confidence_error,0.669,naive_fusion,avoidance,2,0,68.236,3.263,5.781,uav_0,3.263,True,False,True,False,False,1,"[{""id"": ""obstacle_0"", ""kind"": ""static_obstacle"", ""x"": 50.0, ""y"": 50.0, ""radius"": 5.0}]"
naive_fusion,143,28.6,2,57.102,37.899,86.0,90.0,50.0,50.0,49.543,49.554,false_negative+position_noise+confidence_error,0.669,naive_fusion,avoidance,3,0,59.578,6.557,9.031,uav_3,6.557,False,False,False,False,False,1,"[{""id"": ""obstacle_0"", ""kind"": ""static_obstacle"", ""x"": 50.0, ""y"": 50.0, ""radius"": 5.0}]"
naive_fusion,143,28.6,3,62.87,41.017,90.0,86.0,50.0,50.0,49.543,49.554,position_noise+confidence_error,0.669,naive_fusion,avoidance,4,0,52.531,6.557,10.695,uav_2,6.557,False,False,False,False,False,1,"[{""id"": ""obstacle_0"", ""kind"": ""static_obstacle"", ""x"": 50.0, ""y"": 50.0, ""radius"": 5.0}]"
naive_fusion,144,28.8,0,49.662,35.925,94.0,90.0,50.0,50.0,50.236,47.748,false_negative+position_noise+confidence_error,0.587,naive_fusion,avoidance,4,0,69.928,3.696,9.079,uav_1,3.696,False,False,False,False,False,1,"[{""id"": ""obstacle_0"", ""kind"": ""static_obstacle"", ""x"": 50.0, ""y"": 50.0, ""radius"": 5.0}]"
naive_fusion,144,28.8,1,49.432,39.615,90.0,94.0,50.0,50.0,50.236,47.748,false_negative+position_noise+confidence_error,0.587,naive_fusion,avoidance,3,0,67.849,3.696,5.401,uav_0,3.696,False,False,False,False,False,1,"[{""id"": ""obstacle_0"", ""kind"": ""static_obstacle"", ""x"": 50.0, ""y"": 50.0, ""radius"": 5.0}]"
naive_fusion,144,28.8,2,57.48,38.03,86.0,90.0,50.0,50.0,50.236,47.748,position_noise+confidence_error,0.587,naive_fusion,avoidance,4,0,59.281,6.559,9.115,uav_3,6.559,False,False,False,False,False,1,"[{""id"": ""obstacle_0"", ""kind"": ""static_obstacle"", ""x"": 50.0, ""y"": 50.0, ""radius"": 5.0}]"
naive_fusion,144,28.8,3,63.194,41.251,90.0,86.0,50.0,50.0,50.236,47.748,false_negative+position_noise+confidence_error,0.587,naive_fusion,avoidance,3,0,52.163,6.559,10.831,uav_2,6.559,False,False,False,False,False,1,"[{""id"": ""obstacle_0"", ""kind"": ""static_obstacle"", ""x"": 50.0, ""y"": 50.0, ""radius"": 5.0}]"
naive_fusion,145,29.0,0,50.058,35.981,94.0,90.0,50.0,50.0,49.081,50.298,position_noise+confidence_error,0.426,naive_fusion,avoidance,4,0,69.635,4.056,9.019,uav_1,4.056,False,False,False,False,False,1,"[{""id"": ""obstacle_0"", ""kind"": ""static_obstacle"", ""x"": 50.0, ""y"": 50.0, ""radius"": 5.0}]"
naive_fusion,145,29.0,1,49.21,39.947,90.0,94.0,50.0,50.0,49.081,50.298,position_noise+confidence_error,0.426,naive_fusion,avoidance,4,0,67.716,4.056,5.084,uav_0,4.056,False,False,False,False,False,1,"[{""id"": ""obstacle_0"", ""kind"": ""static_obstacle"", ""x"": 50.0, ""y"": 50.0, ""radius"": 5.0}]"
naive_fusion,145,29.0,2,57.835,38.215,86.0,90.0,50.0,50.0,49.081,50.298,position_noise+confidence_error,0.426,naive_fusion,avoidance,4,0,58.949,6.556,9.152,uav_3,6.556,False,False,False,False,False,1,"[{""id"": ""obstacle_0"", ""kind"": ""static_obstacle"", ""x"": 50.0, ""y"": 50.0, ""radius"": 5.0}]"
naive_fusion,145,29.0,3,63.511,41.496,90.0,86.0,50.0,50.0,49.081,50.298,position_noise+confidence_error,0.426,naive_fusion,avoidance,4,0,51.791,6.556,10.965,uav_2,6.556,False,False,False,False,False,1,"[{""id"": ""obstacle_0"", ""kind"": ""static_obstacle"", ""x"": 50.0, ""y"": 50.0, ""radius"": 5.0}]"
naive_fusion,146,29.2,0,50.452,36.049,94.0,90.0,50.0,50.0,50.076,51.026,false_negative+position_noise+confidence_error,0.493,naive_fusion,avoidance,3,0,69.333,3.915,8.958,uav_1,3.915,False,False,False,False,False,1,"[{""id"": ""obstacle_0"", ""kind"": ""static_obstacle"", ""x"": 50.0, ""y"": 50.0, ""radius"": 5.0}]"
naive_fusion,146,29.2,1,49.602,39.87,90.0,94.0,50.0,50.0,50.076,51.026,false_negative+position_noise+confidence_error,0.493,naive_fusion,avoidance,3,0,67.542,3.915,5.137,uav_0,3.915,False,False,False,False,False,1,"[{""id"": ""obstacle_0"", ""kind"": ""static_obstacle"", ""x"": 50.0, ""y"": 50.0, ""radius"": 5.0}]"
naive_fusion,146,29.2,2,58.192,38.395,86.0,90.0,50.0,50.0,50.076,51.026,position_noise+confidence_error,0.493,naive_fusion,avoidance,4,0,58.62,6.554,9.205,uav_3,6.554,False,False,False,False,False,1,"[{""id"": ""obstacle_0"", ""kind"": ""static_obstacle"", ""x"": 50.0, ""y"": 50.0, ""radius"": 5.0}]"
naive_fusion,146,29.2,3,63.833,41.733,90.0,86.0,50.0,50.0,50.076,51.026,false_negative+position_noise+confidence_error,0.493,naive_fusion,avoidance,3,0,51.422,6.554,11.115,uav_2,6.554,False,False,False,False,False,1,"[{""id"": ""obstacle_0"", ""kind"": ""static_obstacle"", ""x"": 50.0, ""y"": 50.0, ""radius"": 5.0}]"
naive_fusion,147,29.4,0,50.85,36.005,94.0,90.0,50.0,50.0,50.497,51.094,position_noise+confidence_error,0.538,naive_fusion,avoidance,4,0,69.119,3.891,9.021,uav_1,3.891,False,False,False,False,False,1,"[{""id"": ""obstacle_0"", ""kind"": ""static_obstacle"", ""x"": 50.0, ""y"": 50.0, ""radius"": 5.0}]"
naive_fusion,147,29.4,1,49.996,39.801,90.0,94.0,50.0,50.0,50.497,51.094,false_negative+position_noise+confidence_error,0.538,naive_fusion,avoidance,3,0,67.364,3.891,5.199,uav_0,3.891,False,False,False,False,False,1,"[{""id"": ""obstacle_0"", ""kind"": ""static_obstacle"", ""x"": 50.0, ""y"": 50.0, ""radius"": 5.0}]"
naive_fusion,147,29.4,2,58.55,38.574,86.0,90.0,50.0,50.0,50.497,51.094,false_negative+position_noise+confidence_error,0.538,naive_fusion,avoidance,3,0,58.293,6.554,9.27,uav_3,6.554,False,False,False,False,False,1,"[{""id"": ""obstacle_0"", ""kind"": ""static_obstacle"", ""x"": 50.0, ""y"": 50.0, ""radius"": 5.0}]"
naive_fusion,147,29.4,3,64.155,41.97,90.0,86.0,50.0,50.0,50.497,51.094,false_negative+position_noise+confidence_error,0.538,naive_fusion,avoidance,3,0,51.055,6.554,11.274,uav_2,6.554,False,False,False,False,False,1,"[{""id"": ""obstacle_0"", ""kind"": ""static_obstacle"", ""x"": 50.0, ""y"": 50.0, ""radius"": 5.0}]"
naive_fusion,148,29.6,0,51.228,35.875,94.0,90.0,50.0,50.0,49.864,52.253,position_noise+confidence_error,0.465,naive_fusion,avoidance,4,0,68.985,4.015,9.178,uav_1,4.015,False,False,False,False,False,1,"[{""id"": ""obstacle_0"", ""kind"": ""static_obstacle"", ""x"": 50.0, ""y"": 50.0, ""radius"": 5.0}]"
naive_fusion,148,29.6,1,50.396,39.803,90.0,94.0,50.0,50.0,49.864,52.253,position_noise+confidence_error,0.465,naive_fusion,avoidance,4,0,67.125,4.015,5.205,uav_0,4.015,False,False,False,False,False,1,"[{""id"": ""obstacle_0"", ""kind"": ""static_obstacle"", ""x"": 50.0, ""y"": 50.0, ""radius"": 5.0}]"
naive_fusion,148,29.6,2,58.895,38.777,86.0,90.0,50.0,50.0,49.864,52.253,position_noise+confidence_error,0.465,naive_fusion,avoidance,4,0,57.953,6.551,9.321,uav_3,6.551,False,False,False,False,False,1,"[{""id"": ""obstacle_0"", ""kind"": ""static_obstacle"", ""x"": 50.0, ""y"": 50.0, ""radius"": 5.0}]"
naive_fusion,148,29.6,3,64.47,42.217,90.0,86.0,50.0,50.0,49.864,52.253,position_noise+confidence_error,0.465,naive_fusion,avoidance,4,0,50.683,6.551,11.431,uav_2,6.551,False,False,False,False,False,1,"[{""id"": ""obstacle_0"", ""kind"": ""static_obstacle"", ""x"": 50.0, ""y"": 50.0, ""radius"": 5.0}]"
naive_fusion,149,29.8,0,51.619,35.958,94.0,90.0,50.0,50.0,48.271,49.974,false_negative+position_noise+confidence_error,0.537,naive_fusion,avoidance,3,0,68.678,3.899,9.135,uav_1,3.899,False,False,False,False,False,1,"[{""id"": ""obstacle_0"", ""kind"": ""static_obstacle"", ""x"": 50.0, ""y"": 50.0, ""radius"": 5.0}]"
naive_fusion,149,29.8,1,50.795,39.769,90.0,94.0,50.0,50.0,48.271,49.974,false_negative+position_noise+confidence_error,0.537,naive_fusion,avoidance,3,0,66.918,3.899,5.262,uav_0,3.899,False,False,False,False,False,1,"[{""id"": ""obstacle_0"", ""kind"": ""static_obstacle"", ""x"": 50.0, ""y"": 50.0, ""radius"": 5.0}]"
naive_fusion,149,29.8,2,59.232,38.992,86.0,90.0,50.0,50.0,48.271,49.974,false_negative+position_noise+confidence_error,0.537,naive_fusion,avoidance,2,0,57.605,6.545,9.366,uav_3,6.545,False,False,False,False,False,1,"[{""id"": ""obstacle_0"", ""kind"": ""static_obstacle"", ""x"": 50.0, ""y"": 50.0, ""radius"": 5.0}]"
naive_fusion,149,29.8,3,64.768,42.483,90.0,86.0,50.0,50.0,48.271,49.974,false_negative+position_noise+confidence_error,0.537,naive_fusion,avoidance,4,0,50.303,6.545,11.571,uav_2,6.545,False,False,False,False,False,1,"[{""id"": ""obstacle_0"", ""kind"": ""static_obstacle"", ""x"": 50.0, ""y"": 50.0, ""radius"": 5.0}]"
naive_fusion,150,30.0,0,52.016,36.013,94.0,90.0,50.0,50.0,50.545,49.894,position_noise+confidence_error,0.394,naive_fusion,avoidance,4,0,68.391,3.755,9.132,uav_1,3.755,False,False,False,False,False,1,"[{""id"": ""obstacle_0"", ""kind"": ""static_obstacle"", ""x"": 50.0, ""y"": 50.0, ""radius"": 5.0}]"
naive_fusion,150,30.0,1,51.184,39.674,90.0,94.0,50.0,50.0,50.545,49.894,false_negative+position_noise+confidence_error,0.394,naive_fusion,avoidance,4,0,66.768,3.755,5.393,uav_0,3.755,False,False,False,False,False,1,"[{""id"": ""obstacle_0"", ""kind"": ""static_obstacle"", ""x"": 50.0, ""y"": 50.0, ""radius"": 5.0}]"
naive_fusion,150,30.0,2,59.587,39.177,86.0,90.0,50.0,50.0,50.545,49.894,position_noise+confidence_error,0.394,naive_fusion,avoidance,4,0,57.277,6.544,9.459,uav_3,6.544,False,False,False,False,False,1,"[{""id"": ""obstacle_0"", ""kind"": ""static_obstacle"", ""x"": 50.0, ""y"": 50.0, ""radius"": 5.0}]"
naive_fusion,150,30.0,3,65.079,42.735,90.0,86.0,50.0,50.0,50.545,49.894,position_noise+confidence_error,0.394,naive_fusion,avoidance,4,0,49.929,6.544,11.738,uav_2,6.544,False,False,False,False,False,1,"[{""id"": ""obstacle_0"", ""kind"": ""static_obstacle"", ""x"": 50.0, ""y"": 50.0, ""radius"": 5.0}]"
naive_fusion,151,30.2,0,52.411,36.073,94.0,90.0,50.0,50.0,50.286,49.779,false_negative+position_noise+confidence_error,0.461,naive_fusion,avoidance,3,0,68.101,4.189,9.134,uav_1,4.189,False,False,False,False,False,1,"[{""id"": ""obstacle_0"", ""kind"": ""static_obstacle"", ""x"": 50.0, ""y"": 50.0, ""radius"": 5.0}]"
naive_fusion,151,30.2,1,51.171,40.074,90.0,94.0,50.0,50.0,50.286,49.779,position_noise+confidence_error,0.461,naive_fusion,avoidance,4,0,66.451,4.189,4.995,uav_0,4.189,False,False,False,False,False,1,"[{""id"": ""obstacle_0"", ""kind"": ""static_obstacle"", ""x"": 50.0, ""y"": 50.0, ""radius"": 5.0}]"
naive_fusion,151,30.2,2,59.936,39.371,86.0,90.0,50.0,50.0,50.286,49.779,position_noise+confidence_error,0.461,naive_fusion,avoidance,4,0,56.944,6.542,9.55,uav_3,6.542,False,False,False,False,False,1,"[{""id"": ""obstacle_0"", ""kind"": ""static_obstacle"", ""x"": 50.0, ""y"": 50.0, ""radius"": 5.0}]"
naive_fusion,151,30.2,3,65.384,42.994,90.0,86.0,50.0,50.0,50.286,49.779,position_noise+confidence_error,0.461,naive_fusion,avoidance,4,0,49.552,6.542,11.904,uav_2,6.542,False,False,False,False,False,1,"[{""id"": ""obstacle_0"", ""kind"": ""static_obstacle"", ""x"": 50.0, ""y"": 50.0, ""radius"": 5.0}]"
naive_fusion,152,30.4,0,52.806,36.139,94.0,90.0,50.0,50.0,50.548,49.937,position_noise+confidence_error,0.635,naive_fusion,avoidance,4,0,67.809,4.037,9.142,uav_1,4.037,False,False,False,False,False,1,"[{""id"": ""obstacle_0"", ""kind"": ""static_obstacle"", ""x"": 50.0, ""y"": 50.0, ""radius"": 5.0}]"
naive_fusion,152,30.4,1,51.559,39.979,90.0,94.0,50.0,50.0,50.548,49.937,position_noise+confidence_error,0.635,naive_fusion,avoidance,4,0,66.302,4.037,5.142,uav_0,4.037,False,False,False,False,False,1,"[{""id"": ""obstacle_0"", ""kind"": ""static_obstacle"", ""x"": 50.0, ""y"": 50.0, ""radius"": 5.0}]"
naive_fusion,152,30.4,2,60.285,39.567,86.0,90.0,50.0,50.0,50.548,49.937,false_negative+position_noise+confidence_error,0.635,naive_fusion,avoidance,3,0,56.61,6.541,9.65,uav_3,6.541,False,False,False,False,False,1,"[{""id"": ""obstacle_0"", ""kind"": ""static_obstacle"", ""x"": 50.0, ""y"": 50.0, ""radius"": 5.0}]"
naive_fusion,152,30.4,3,65.687,43.255,90.0,86.0,50.0,50.0,50.548,49.937,position_noise+confidence_error,0.635,naive_fusion,avoidance,4,0,49.176,6.541,12.076,uav_2,6.541,False,False,False,False,False,1,"[{""id"": ""obstacle_0"", ""kind"": ""static_obstacle"", ""x"": 50.0, ""y"": 50.0, ""radius"": 5.0}]"
naive_fusion,153,30.6,0,53.194,36.234,94.0,90.0,50.0,50.0,49.489,50.381,position_noise+confidence_error,0.473,naive_fusion,avoidance,4,0,67.498,3.919,9.132,uav_1,3.919,False,False,False,False,False,1,"[{""id"": ""obstacle_0"", ""kind"": ""static_obstacle"", ""x"": 50.0, ""y"": 50.0, ""radius"": 5.0}]"
naive_fusion,153,30.6,1,51.958,39.953,90.0,94.0,50.0,50.0,49.489,50.381,position_noise+confidence_error,0.473,naive_fusion,avoidance,4,0,66.093,3.919,5.236,uav_0,3.919,False,False,False,False,False,1,"[{""id"": ""obstacle_0"", ""kind"": ""static_obstacle"", ""x"": 50.0, ""y"": 50.0, ""radius"": 5.0}]"
naive_fusion,153,30.6,2,60.619,39.788,86.0,90.0,50.0,50.0,49.489,50.381,false_negative+position_noise+confidence_error,0.473,naive_fusion,avoidance,2,0,56.263,6.537,9.733,uav_3,6.537,False,False,False,False,False,1,"[{""id"": ""obstacle_0"", ""kind"": ""static_obstacle"", ""x"": 50.0, ""y"": 50.0, ""radius"": 5.0}]"
naive_fusion,153,30.6,3,65.982,43.525,90.0,86.0,50.0,50.0,49.489,50.381,false_negative+position_noise+confidence_error,0.473,naive_fusion,avoidance,3,0,48.795,6.537,12.244,uav_2,6.537,False,False,False,False,False,1,"[{""id"": ""obstacle_0"", ""kind"": ""static_obstacle"", ""x"": 50.0, ""y"": 50.0, ""radius"": 5.0}]"
naive_fusion,154,30.8,0,53.582,36.332,94.0,90.0,50.0,50.0,48.915,49.812,false_negative+position_noise+confidence_error,0.458,naive_fusion,avoidance,3,0,67.186,3.813,9.13,uav_1,3.813,False,False,False,False,False,1,"[{""id"": ""obstacle_0"", ""kind"": ""static_obstacle"", ""x"": 50.0, ""y"": 50.0, ""radius"": 5.0}]"
naive_fusion,154,30.8,1,52.358,39.944,90.0,94.0,50.0,50.0,48.915,49.812,false_negative+position_noise+confidence_error,0.458,naive_fusion,avoidance,4,0,65.871,3.813,5.329,uav_0,3.813,False,False,False,False,False,1,"[{""id"": ""obstacle_0"", ""kind"": ""static_obstacle"", ""x"": 50.0, ""y"": 50.0, ""radius"": 5.0}]"
naive_fusion,154,30.8,2,60.945,40.019,86.0,90.0,50.0,50.0,48.915,49.812,false_negative+position_noise+confidence_error,0.458,naive_fusion,avoidance,3,0,55.909,6.532,9.812,uav_3,6.532,False,False,False,False,False,1,"[{""id"": ""obstacle_0"", ""kind"": ""static_obstacle"", ""x"": 50.0, ""y"": 50.0, ""radius"": 5.0}]"
naive_fusion,154,30.8,3,66.268,43.804,90.0,86.0,50.0,50.0,48.915,49.812,position_noise+confidence_error,0.458,naive_fusion,avoidance,4,0,48.411,6.532,12.408,uav_2,6.532,False,False,False,False,False,1,"[{""id"": ""obstacle_0"", ""kind"": ""static_obstacle"", ""x"": 50.0, ""y"": 50.0, ""radius"": 5.0}]"
naive_fusion,155,31.0,0,53.975,36.407,94.0,90.0,50.0,50.0,50.721,49.851,position_noise+confidence_error,0.521,naive_fusion,avoidance,4,0,66.89,3.687,9.162,uav_1,3.687,False,False,False,False,False,1,"[{""id"": ""obstacle_0"", ""kind"": ""static_obstacle"", ""x"": 50.0, ""y"": 50.0, ""radius"": 5.0}]"
naive_fusion,155,31.0,1,52.754,39.886,90.0,94.0,50.0,50.0,50.721,49.851,false_negative+position_noise+confidence_error,0.521,naive_fusion,avoidance,2,0,65.693,3.687,5.482,uav_0,3.687,False,False,False,False,False,1,"[{""id"": ""obstacle_0"", ""kind"": ""static_obstacle"", ""x"": 50.0, ""y"": 50.0, ""radius"": 5.0}]"
naive_fusion,155,31.0,2,61.285,40.23,86.0,90.0,50.0,50.0,50.721,49.851,position_noise+confidence_error,0.521,naive_fusion,avoidance,4,0,55.569,6.53,9.927,uav_3,6.53,False,False,False,False,False,1,"[{""id"": ""obstacle_0"", ""kind"": ""static_obstacle"", ""x"": 50.0, ""y"": 50.0, ""radius"": 5.0}]"
naive_fusion,155,31.0,3,66.563,44.075,90.0,86.0,50.0,50.0,50.721,49.851,position_noise+confidence_error,0.521,naive_fusion,avoidance,4,0,48.031,6.53,12.591,uav_2,6.53,False,False,False,False,False,1,"[{""id"": ""obstacle_0"", ""kind"": ""static_obstacle"", ""x"": 50.0, ""y"": 50.0, ""radius"": 5.0}]"
naive_fusion,156,31.2,0,54.367,36.488,94.0,90.0,50.0,50.0,50.131,49.33,false_negative+position_noise+confidence_error,0.457,naive_fusion,avoidance,3,0,66.591,4.139,9.2,uav_1,4.139,False,False,False,False,False,1,"[{""id"": ""obstacle_0"", ""kind"": ""static_obstacle"", ""x"": 50.0, ""y"": 50.0, ""radius"": 5.0}]"
naive_fusion,156,31.2,1,52.718,40.285,90.0,94.0,50.0,50.0,50.131,49.33,position_noise+confidence_error,0.457,naive_fusion,avoidance,4,0,65.386,4.139,5.088,uav_0,4.139,False,False,False,False,False,1,"[{""id"": ""obstacle_0"", ""kind"": ""static_obstacle"", ""x"": 50.0, ""y"": 50.0, ""radius"": 5.0}]"
naive_fusion,156,31.2,2,61.616,40.455,86.0,90.0,50.0,50.0,50.131,49.33,position_noise+confidence_error,0.457,naive_fusion,avoidance,4,0,55.221,6.527,10.035,uav_3,6.527,False,False,False,False,False,1,"[{""id"": ""obstacle_0"", ""kind"": ""static_obstacle"", ""x"": 50.0, ""y"": 50.0, ""radius"": 5.0}]"
naive_fusion,156,31.2,3,66.848,44.355,90.0,86.0,50.0,50.0,50.131,49.33,false_negative+position_noise+confidence_error,0.457,naive_fusion,avoidance,3,0,47.647,6.527,12.769,uav_2,6.527,False,False,False,False,False,1,"[{""id"": ""obstacle_0"", ""kind"": ""static_obstacle"", ""x"": 50.0, ""y"": 50.0, ""radius"": 5.0}]"
naive_fusion,157,31.4,0,54.764,36.531,94.0,90.0,50.0,50.0,50.047,50.35,false_negative+position_noise+confidence_error,0.551,naive_fusion,avoidance,3,0,66.32,4.085,9.287,uav_1,4.085,False,False,False,False,False,1,"[{""id"": ""obstacle_0"", ""kind"": ""static_obstacle"", ""x"": 50.0, ""y"": 50.0, ""radius"": 5.0}]"
naive_fusion,157,31.4,1,53.118,40.269,90.0,94.0,50.0,50.0,50.047,50.35,position_noise+confidence_error,0.551,naive_fusion,avoidance,4,0,65.171,4.085,5.218,uav_0,4.085,False,False,False,False,False,1,"[{""id"": ""obstacle_0"", ""kind"": ""static_obstacle"", ""x"": 50.0, ""y"": 50.0, ""radius"": 5.0}]"
naive_fusion,157,31.4,2,61.942,40.687,86.0,90.0,50.0,50.0,50.047,50.35,false_negative+position_noise+confidence_error,0.551,naive_fusion,avoidance,3,0,54.869,6.523,10.144,uav_3,6.523,False,False,False,False,False,1,"[{""id"": ""obstacle_0"", ""kind"": ""static_obstacle"", ""x"": 50.0, ""y"": 50.0, ""radius"": 5.0}]"
naive_fusion,157,31.4,3,67.134,44.635,90.0,86.0,50.0,50.0,50.047,50.35,false_negative+position_noise+confidence_error,0.551,naive_fusion,avoidance,3,0,47.264,6.523,12.954,uav_2,6.523,False,False,False,False,False,1,"[{""id"": ""obstacle_0"", ""kind"": ""static_obstacle"", ""x"": 50.0, ""y"": 50.0, ""radius"": 5.0}]"
naive_fusion,158,31.6,0,55.149,36.64,94.0,90.0,50.0,50.0,49.738,49.795,false_negative+position_noise+confidence_error,0.654,naive_fusion,avoidance,3,0,66.005,4.557,9.317,uav_1,4.557,False,False,False,False,False,1,"[{""id"": ""obstacle_0"", ""kind"": ""static_obstacle"", ""x"": 50.0, ""y"": 50.0, ""radius"": 5.0}]"
naive_fusion,158,31.6,1,52.961,40.637,90.0,94.0,50.0,50.0,49.738,49.795,position_noise+confidence_error,0.654,naive_fusion,avoidance,4,0,64.958,4.557,4.82,uav_0,4.557,False,False,False,False,False,1,"[{""id"": ""obstacle_0"", ""kind"": ""static_obstacle"", ""x"": 50.0, ""y"": 50.0, ""radius"": 5.0}]"
naive_fusion,158,31.6,2,62.261,40.927,86.0,90.0,50.0,50.0,49.738,49.795,position_noise+confidence_error,0.654,naive_fusion,avoidance,4,0,54.513,6.519,10.253,uav_3,6.519,False,False,False,False,False,1,"[{""id"": ""obstacle_0"", ""kind"": ""static_obstacle"", ""x"": 50.0, ""y"": 50.0, ""radius"": 5.0}]"
naive_fusion,158,31.6,3,67.413,44.922,90.0,86.0,50.0,50.0,49.738,49.795,position_noise+confidence_error,0.654,naive_fusion,avoidance,4,0,46.878,6.519,13.138,uav_2,6.519,False,False,False,False,False,1,"[{""id"": ""obstacle_0"", ""kind"": ""static_obstacle"", ""x"": 50.0, ""y"": 50.0, ""radius"": 5.0}]"
naive_fusion,159,31.8,0,55.53,36.763,94.0,90.0,50.0,50.0,49.478,50.044,false_negative+position_noise+confidence_error,0.629,naive_fusion,avoidance,3,0,65.682,4.436,9.345,uav_1,4.436,False,False,False,False,False,1,"[{""id"": ""obstacle_0"", ""kind"": ""static_obstacle"", ""x"": 50.0, ""y"": 50.0, ""radius"": 5.0}]"
naive_fusion,159,31.8,1,53.361,40.632,90.0,94.0,50.0,50.0,49.478,50.044,position_noise+confidence_error,0.629,naive_fusion,avoidance,3,0,64.734,4.436,4.952,uav_0,4.436,False,False,False,False,False,1,"[{""id"": ""obstacle_0"", ""kind"": ""static_obstacle"", ""x"": 50.0, ""y"": 50.0, ""radius"": 5.0}]"
naive_fusion,159,31.8,2,62.574,41.176,86.0,90.0,50.0,50.0,49.478,50.044,position_noise+confidence_error,0.629,naive_fusion,avoidance,4,0,54.153,6.515,10.362,uav_3,6.515,False,False,False,False,False,1,"[{""id"": ""obstacle_0"", ""kind"": ""static_obstacle"", ""x"": 50.0, ""y"": 50.0, ""radius"": 5.0}]"
naive_fusion,159,31.8,3,67.688,45.212,90.0,86.0,50.0,50.0,49.478,50.044,position_noise+confidence_error,0.629,naive_fusion,avoidance,3,0,46.491,6.515,13.325,uav_2,6.515,False,False,False,False,False,1,"[{""id"": ""obstacle_0"", ""kind"": ""static_obstacle"", ""x"": 50.0, ""y"": 50.0, ""radius"": 5.0}]"
naive_fusion,160,32.0,0,55.909,36.891,94.0,90.0,50.0,50.0,48.89,49.106,position_noise+confidence_error,0.452,naive_fusion,avoidance,4,0,65.357,4.874,9.379,uav_1,4.874,False,False,False,False,False,1,"[{""id"": ""obstacle_0"", ""kind"": ""static_obstacle"", ""x"": 50.0, ""y"": 50.0, ""radius"": 5.0}]"
naive_fusion,160,32.0,1,52.998,40.8,90.0,94.0,50.0,50.0,48.89,49.106,false_negative+position_noise+confidence_error,0.452,naive_fusion,avoidance,3,0,64.803,4.874,4.676,obstacle_0,4.676,False,False,False,False,False,1,"[{""id"": ""obstacle_0"", ""kind"": ""static_obstacle"", ""x"": 50.0, ""y"": 50.0, ""radius"": 5.0}]"
naive_fusion,160,32.0,2,62.878,41.436,86.0,90.0,50.0,50.0,48.89,49.106,false_negative+position_noise+confidence_error,0.452,naive_fusion,avoidance,3,0,53.787,6.509,10.465,uav_3,6.509,False,False,False,False,False,1,"[{""id"": ""obstacle_0"", ""kind"": ""static_obstacle"", ""x"": 50.0, ""y"": 50.0, ""radius"": 5.0}]"
naive_fusion,160,32.0,3,67.954,45.511,90.0,86.0,50.0,50.0,48.89,49.106,position_noise+confidence_error,0.452,naive_fusion,avoidance,3,0,46.102,6.509,13.507,uav_2,6.509,False,False,False,False,False,1,"[{""id"": ""obstacle_0"", ""kind"": ""static_obstacle"", ""x"": 50.0, ""y"": 50.0, ""radius"": 5.0}]"
naive_fusion,161,32.2,0,56.288,37.019,94.0,90.0,50.0,50.0,49.591,49.744,position_noise+confidence_error,0.677,naive_fusion,avoidance,4,0,65.032,4.743,9.423,uav_1,4.743,False,False,False,False,False,1,"[{""id"": ""obstacle_0"", ""kind"": ""static_obstacle"", ""x"": 50.0, ""y"": 50.0, ""radius"": 5.0}]"
naive_fusion,161,32.2,1,53.397,40.78,90.0,94.0,50.0,50.0,49.591,49.744,false_negative+position_noise+confidence_error,0.677,naive_fusion,avoidance,2,0,64.592,4.743,4.826,uav_0,4.743,False,False,False,False,False,1,"[{""id"": ""obstacle_0"", ""kind"": ""static_obstacle"", ""x"": 50.0, ""y"": 50.0, ""radius"": 5.0}]"
naive_fusion,161,32.2,2,63.185,41.693,86.0,90.0,50.0,50.0,49.591,49.744,position_noise+confidence_error,0.677,naive_fusion,avoidance,4,0,53.424,6.505,10.584,uav_3,6.505,False,False,False,False,False,1,"[{""id"": ""obstacle_0"", ""kind"": ""static_obstacle"", ""x"": 50.0, ""y"": 50.0, ""radius"": 5.0}]"
naive_fusion,161,32.2,3,68.223,45.807,90.0,86.0,50.0,50.0,49.591,49.744,position_noise+confidence_error,0.677,naive_fusion,avoidance,3,0,45.713,6.505,13.699,uav_2,6.505,False,False,False,False,False,1,"[{""id"": ""obstacle_0"", ""kind"": ""static_obstacle"", ""x"": 50.0, ""y"": 50.0, ""radius"": 5.0}]"
naive_fusion,162,32.4,0,56.68,36.943,94.0,90.0,50.0,50.0,49.365,49.618,position_noise+confidence_error,0.566,naive_fusion,avoidance,4,0,64.867,4.802,9.667,uav_1,4.802,False,False,False,False,False,1,"[{""id"": ""obstacle_0"", ""kind"": ""static_obstacle"", ""x"": 50.0, ""y"": 50.0, ""radius"": 5.0}]"
naive_fusion,162,32.4,1,53.797,40.784,90.0,94.0,50.0,50.0,49.365,49.618,position_noise+confidence_error,0.566,naive_fusion,avoidance,3,0,64.363,4.802,4.968,uav_0,4.802,False,False,False,False,False,1,"[{""id"": ""obstacle_0"", ""kind"": ""static_obstacle"", ""x"": 50.0, ""y"": 50.0, ""radius"": 5.0}]"
naive_fusion,162,32.4,2,63.486,41.956,86.0,90.0,50.0,50.0,49.365,49.618,position_noise+confidence_error,0.566,naive_fusion,avoidance,4,0,53.057,6.5,10.703,uav_3,6.5,False,False,False,False,False,1,"[{""id"": ""obstacle_0"", ""kind"": ""static_obstacle"", ""x"": 50.0, ""y"": 50.0, ""radius"": 5.0}]"
naive_fusion,162,32.4,3,68.488,46.107,90.0,86.0,50.0,50.0,49.365,49.618,false_negative+position_noise+confidence_error,0.566,naive_fusion,avoidance,3,0,45.324,6.5,13.893,uav_2,6.5,False,False,False,False,False,1,"[{""id"": ""obstacle_0"", ""kind"": ""static_obstacle"", ""x"": 50.0, ""y"": 50.0, ""radius"": 5.0}]"
naive_fusion,163,32.6,0,57.059,37.073,94.0,90.0,50.0,50.0,49.872,48.952,position_noise+confidence_error,0.428,naive_fusion,avoidance,4,0,64.544,4.674,9.728,uav_1,4.674,False,False,False,False,False,1,"[{""id"": ""obstacle_0"", ""kind"": ""static_obstacle"", ""x"": 50.0, ""y"": 50.0, ""radius"": 5.0}]"
naive_fusion,163,32.6,1,54.197,40.769,90.0,94.0,50.0,50.0,49.872,48.952,position_noise+confidence_error,0.428,naive_fusion,avoidance,3,0,64.152,4.674,5.141,uav_0,4.674,False,False,False,False,False,1,"[{""id"": ""obstacle_0"", ""kind"": ""static_obstacle"", ""x"": 50.0, ""y"": 50.0, ""radius"": 5.0}]"
naive_fusion,163,32.6,2,63.786,42.22,86.0,90.0,50.0,50.0,49.872,48.952,false_negative+position_noise+confidence_error,0.428,naive_fusion,avoidance,3,0,52.691,6.495,10.83,uav_3,6.495,False,False,False,False,False,1,"[{""id"": ""obstacle_0"", ""kind"": ""static_obstacle"", ""x"": 50.0, ""y"": 50.0, ""radius"": 5.0}]"
naive_fusion,163,32.6,3,68.749,46.41,90.0,86.0,50.0,50.0,49.872,48.952,false_negative+position_noise+confidence_error,0.428,naive_fusion,avoidance,3,0,44.933,6.495,14.089,uav_2,6.495,False,False,False,False,False,1,"[{""id"": ""obstacle_0"", ""kind"": ""static_obstacle"", ""x"": 50.0, ""y"": 50.0, ""radius"": 5.0}]"
naive_fusion,164,32.8,0,57.43,37.223,94.0,90.0,50.0,50.0,49.613,49.864,position_noise+confidence_error,0.488,naive_fusion,avoidance,4,0,64.209,4.565,9.78,uav_1,4.565,False,False,False,False,False,1,"[{""id"": ""obstacle_0"", ""kind"": ""static_obstacle"", ""x"": 50.0, ""y"": 50.0, ""radius"": 5.0}]"
naive_fusion,164,32.8,1,54.595,40.801,90.0,94.0,50.0,50.0,49.613,49.864,false_negative+position_noise+confidence_error,0.488,naive_fusion,avoidance,2,0,63.903,4.565,5.283,uav_0,4.565,False,False,False,False,False,1,"[{""id"": ""obstacle_0"", ""kind"": ""static_obstacle"", ""x"": 50.0, ""y"": 50.0, ""radius"": 5.0}]"
naive_fusion,164,32.8,2,64.083,42.489,86.0,90.0,50.0,50.0,49.613,49.864,false_negative+position_noise+confidence_error,0.488,naive_fusion,avoidance,3,0,52.323,6.49,10.961,uav_3,6.49,False,False,False,False,False,1,"[{""id"": ""obstacle_0"", ""kind"": ""static_obstacle"", ""x"": 50.0, ""y"": 50.0, ""radius"": 5.0}]"
naive_fusion,164,32.8,3,69.01,46.713,90.0,86.0,50.0,50.0,49.613,49.864,false_negative+position_noise+confidence_error,0.488,naive_fusion,avoidance,2,0,44.543,6.49,14.292,uav_2,6.49,False,False,False,False,False,1,"[{""id"": ""obstacle_0"", ""kind"": ""static_obstacle"", ""x"": 50.0, ""y"": 50.0, ""radius"": 5.0}]"
naive_fusion,165,33.0,0,57.798,37.379,94.0,90.0,50.0,50.0,49.36,49.571,position_noise+confidence_error,0.267,naive_fusion,avoidance,4,0,63.871,4.466,9.836,uav_1,4.466,False,False,False,False,False,1,"[{""id"": ""obstacle_0"", ""kind"": ""static_obstacle"", ""x"": 50.0, ""y"": 50.0, ""radius"": 5.0}]"
naive_fusion,165,33.0,1,54.992,40.853,90.0,94.0,50.0,50.0,49.36,49.571,false_negative+position_noise+confidence_error,0.267,naive_fusion,avoidance,3,0,63.641,4.466,5.42,uav_0,4.466,False,False,False,False,False,1,"[{""id"": ""obstacle_0"", ""kind"": ""static_obstacle"", ""x"": 50.0, ""y"": 50.0, ""radius"": 5.0}]"
naive_fusion,165,33.0,2,64.373,42.764,86.0,90.0,50.0,50.0,49.36,49.571,position_noise+confidence_error,0.267,naive_fusion,avoidance,4,0,51.951,6.485,11.092,uav_3,6.485,False,False,False,False,False,1,"[{""id"": ""obstacle_0"", ""kind"": ""static_obstacle"", ""x"": 50.0, ""y"": 50.0, ""radius"": 5.0}]"
naive_fusion,165,33.0,3,69.266,47.02,90.0,86.0,50.0,50.0,49.36,49.571,position_noise+confidence_error,0.267,naive_fusion,avoidance,3,0,44.151,6.485,14.495,uav_2,6.485,False,False,False,False,False,1,"[{""id"": ""obstacle_0"", ""kind"": ""static_obstacle"", ""x"": 50.0, ""y"": 50.0, ""radius"": 5.0}]"
naive_fusion,166,33.2,0,58.197,37.359,94.0,90.0,50.0,50.0,50.691,49.017,false_negative+position_noise+confidence_error,0.481,naive_fusion,avoidance,4,0,63.663,4.962,10.066,uav_1,4.962,False,False,False,False,False,1,"[{""id"": ""obstacle_0"", ""kind"": ""static_obstacle"", ""x"": 50.0, ""y"": 50.0, ""radius"": 5.0}]"
naive_fusion,166,33.2,1,54.6,40.776,90.0,94.0,50.0,50.0,50.691,49.017,position_noise+confidence_error,0.481,naive_fusion,avoidance,3,0,63.922,4.962,5.307,uav_0,4.962,False,False,False,False,False,1,"[{""id"": ""obstacle_0"", ""kind"": ""static_obstacle"", ""x"": 50.0, ""y"": 50.0, ""radius"": 5.0}]"
naive_fusion,166,33.2,2,64.669,43.033,86.0,90.0,50.0,50.0,50.691,49.017,position_noise+confidence_error,0.481,naive_fusion,avoidance,4,0,51.584,6.48,11.239,uav_3,6.48,False,False,False,False,False,1,"[{""id"": ""obstacle_0"", ""kind"": ""static_obstacle"", ""x"": 50.0, ""y"": 50.0, ""radius"": 5.0}]"
naive_fusion,166,33.2,3,69.522,47.328,90.0,86.0,50.0,50.0,50.691,49.017,position_noise+confidence_error,0.481,naive_fusion,avoidance,3,0,43.759,6.48,14.704,uav_2,6.48,False,False,False,False,False,1,"[{""id"": ""obstacle_0"", ""kind"": ""static_obstacle"", ""x"": 50.0, ""y"": 50.0, ""radius"": 5.0}]"
naive_fusion,167,33.4,0,58.557,37.533,94.0,90.0,50.0,50.0,49.525,50.761,false_negative+position_noise+confidence_error,0.235,naive_fusion,avoidance,3,0,63.316,4.862,10.121,uav_1,4.862,False,False,False,False,False,1,"[{""id"": ""obstacle_0"", ""kind"": ""static_obstacle"", ""x"": 50.0, ""y"": 50.0, ""radius"": 5.0}]"
naive_fusion,167,33.4,1,54.994,40.842,90.0,94.0,50.0,50.0,49.525,50.761,position_noise+confidence_error,0.235,naive_fusion,avoidance,3,0,63.649,4.862,5.431,uav_0,4.862,False,False,False,False,False,1,"[{""id"": ""obstacle_0"", ""kind"": ""static_obstacle"", ""x"": 50.0, ""y"": 50.0, ""radius"": 5.0}]"
naive_fusion,167,33.4,2,64.956,43.312,86.0,90.0,50.0,50.0,49.525,50.761,false_negative+position_noise+confidence_error,0.235,naive_fusion,avoidance,3,0,51.212,6.456,11.383,uav_3,6.456,False,False,False,False,False,1,"[{""id"": ""obstacle_0"", ""kind"": ""static_obstacle"", ""x"": 50.0, ""y"": 50.0, ""radius"": 5.0}]"
naive_fusion,167,33.4,3,69.709,47.681,90.0,86.0,50.0,50.0,,,false_negative+position_noise+confidence_error,,naive_fusion,move,1,0,43.359,6.456,14.845,uav_2,6.456,False,False,False,False,False,1,"[{""id"": ""obstacle_0"", ""kind"": ""static_obstacle"", ""x"": 50.0, ""y"": 50.0, ""radius"": 5.0}]"
naive_fusion,168,33.6,0,58.926,37.689,94.0,90.0,50.0,50.0,51.167,50.686,false_negative+position_noise+confidence_error,0.644,naive_fusion,avoidance,2,0,62.982,4.833,10.206,uav_1,4.833,False,False,False,False,False,1,"[{""id"": ""obstacle_0"", ""kind"": ""static_obstacle"", ""x"": 50.0, ""y"": 50.0, ""radius"": 5.0}]"
naive_fusion,168,33.6,1,54.956,40.444,90.0,94.0,50.0,50.0,51.167,50.686,position_noise+confidence_error,0.644,naive_fusion,avoidance,3,0,64.003,4.833,5.765,uav_0,4.833,False,False,False,False,False,1,"[{""id"": ""obstacle_0"", ""kind"": ""static_obstacle"", ""x"": 50.0, ""y"": 50.0, ""radius"": 5.0}]"
naive_fusion,168,33.6,2,65.253,43.58,86.0,90.0,50.0,50.0,51.167,50.686,false_negative+position_noise+confidence_error,0.644,naive_fusion,avoidance,3,0,50.846,6.454,11.549,uav_3,6.454,False,False,False,False,False,1,"[{""id"": ""obstacle_0"", ""kind"": ""static_obstacle"", ""x"": 50.0, ""y"": 50.0, ""radius"": 5.0}]"
naive_fusion,168,33.6,3,69.97,47.985,90.0,86.0,50.0,50.0,51.167,50.686,position_noise+confidence_error,0.644,naive_fusion,avoidance,2,0,42.969,6.454,15.071,uav_2,6.454,False,False,False,False,False,1,"[{""id"": ""obstacle_0"", ""kind"": ""static_obstacle"", ""x"": 50.0, ""y"": 50.0, ""radius"": 5.0}]"
naive_fusion,169,33.8,0,59.302,37.824,94.0,90.0,50.0,50.0,51.661,48.845,false_negative+position_noise+confidence_error,0.489,naive_fusion,avoidance,1,0,62.66,4.718,10.322,uav_1,4.718,False,False,False,False,False,1,"[{""id"": ""obstacle_0"", ""kind"": ""static_obstacle"", ""x"": 50.0, ""y"": 50.0, ""radius"": 5.0}]"
naive_fusion,169,33.8,1,55.354,40.407,90.0,94.0,50.0,50.0,51.661,48.845,position_noise+confidence_error,0.489,naive_fusion,avoidance,3,0,63.817,4.718,5.986,uav_0,4.718,False,False,False,False,False,1,"[{""id"": ""obstacle_0"", ""kind"": ""static_obstacle"", ""x"": 50.0, ""y"": 50.0, ""radius"": 5.0}]"
naive_fusion,169,33.8,2,65.544,43.854,86.0,90.0,50.0,50.0,51.661,48.845,false_negative+position_noise+confidence_error,0.489,naive_fusion,avoidance,3,0,50.477,6.45,11.716,uav_3,6.45,False,False,False,False,False,1,"[{""id"": ""obstacle_0"", ""kind"": ""static_obstacle"", ""x"": 50.0, ""y"": 50.0, ""radius"": 5.0}]"
naive_fusion,169,33.8,3,70.219,48.297,90.0,86.0,50.0,50.0,51.661,48.845,position_noise+confidence_error,0.489,naive_fusion,avoidance,2,0,42.577,6.45,15.291,uav_2,6.45,False,False,False,False,False,1,"[{""id"": ""obstacle_0"", ""kind"": ""static_obstacle"", ""x"": 50.0, ""y"": 50.0, ""radius"": 5.0}]"
naive_fusion,170,34.0,0,59.646,38.029,94.0,90.0,50.0,50.0,49.08,49.575,position_noise+confidence_error,0.513,naive_fusion,avoidance,3,0,62.299,5.169,10.373,uav_1,5.169,False,False,False,False,False,1,"[{""id"": ""obstacle_0"", ""kind"": ""static_obstacle"", ""x"": 50.0, ""y"": 50.0, ""radius"": 5.0}]"
naive_fusion,170,34.0,1,55.282,40.8,90.0,94.0,50.0,50.0,49.08,49.575,position_noise+confidence_error,0.513,naive_fusion,avoidance,3,0,63.526,5.169,5.608,uav_0,5.169,False,False,False,False,False,1,"[{""id"": ""obstacle_0"", ""kind"": ""static_obstacle"", ""x"": 50.0, ""y"": 50.0, ""radius"": 5.0}]"
naive_fusion,170,34.0,2,65.814,44.149,86.0,90.0,50.0,50.0,49.08,49.575,false_negative+position_noise+confidence_error,0.513,naive_fusion,avoidance,3,0,50.098,6.43,11.862,uav_3,6.43,False,False,False,False,False,1,"[{""id"": ""obstacle_0"", ""kind"": ""static_obstacle"", ""x"": 50.0, ""y"": 50.0, ""radius"": 5.0}]"
naive_fusion,170,34.0,3,70.405,48.652,90.0,86.0,50.0,50.0,,,position_noise+confidence_error,,naive_fusion,move,1,0,42.177,6.43,15.45,uav_2,6.43,False,False,False,False,False,1,"[{""id"": ""obstacle_0"", ""kind"": ""static_obstacle"", ""x"": 50.0, ""y"": 50.0, ""radius"": 5.0}]"
naive_fusion,171,34.2,0,60.001,38.213,94.0,90.0,50.0,50.0,49.528,47.91,false_negative+position_noise+confidence_error,0.53,naive_fusion,avoidance,2,0,61.95,5.067,10.458,uav_1,5.067,False,False,False,False,False,1,"[{""id"": ""obstacle_0"", ""kind"": ""static_obstacle"", ""x"": 50.0, ""y"": 50.0, ""radius"": 5.0}]"
naive_fusion,171,34.2,1,55.678,40.857,90.0,94.0,50.0,50.0,49.528,47.91,false_negative+position_noise+confidence_error,0.53,naive_fusion,avoidance,2,0,63.262,5.067,5.762,uav_0,5.067,False,False,False,False,False,1,"[{""id"": ""obstacle_0"", ""kind"": ""static_obstacle"", ""x"": 50.0, ""y"": 50.0, ""radius"": 5.0}]"
naive_fusion,171,34.2,2,66.076,44.452,86.0,90.0,50.0,50.0,49.528,47.91,position_noise+confidence_error,0.53,naive_fusion,avoidance,4,0,49.715,6.413,12.006,uav_3,6.413,False,False,False,False,False,1,"[{""id"": ""obstacle_0"", ""kind"": ""static_obstacle"", ""x"": 50.0, ""y"": 50.0, ""radius"": 5.0}]"
naive_fusion,171,34.2,3,70.591,49.006,90.0,86.0,50.0,50.0,,,position_noise+confidence_error,,naive_fusion,move,1,0,41.777,6.413,15.615,uav_2,6.413,False,False,False,False,False,1,"[{""id"": ""obstacle_0"", ""kind"": ""static_obstacle"", ""x"": 50.0, ""y"": 50.0, ""radius"": 5.0}]"
naive_fusion,172,34.4,0,60.354,38.401,94.0,90.0,50.0,50.0,49.842,49.234,false_negative+position_noise+confidence_error,0.455,naive_fusion,avoidance,2,0,61.599,4.973,10.548,uav_1,4.973,False,False,False,False,False,1,"[{""id"": ""obstacle_0"", ""kind"": ""static_obstacle"", ""x"": 50.0, ""y"": 50.0, ""radius"": 5.0}]"
naive_fusion,172,34.4,1,56.071,40.929,90.0,94.0,50.0,50.0,49.842,49.234,position_noise+confidence_error,0.455,naive_fusion,avoidance,3,0,62.989,4.973,5.915,uav_0,4.973,False,False,False,False,False,1,"[{""id"": ""obstacle_0"", ""kind"": ""static_obstacle"", ""x"": 50.0, ""y"": 50.0, ""radius"": 5.0}]"
naive_fusion,172,34.4,2,66.342,44.75,86.0,90.0,50.0,50.0,49.842,49.234,false_negative+position_noise+confidence_error,0.455,naive_fusion,avoidance,2,0,49.335,6.397,12.165,uav_3,6.397,False,False,False,False,False,1,"[{""id"": ""obstacle_0"", ""kind"": ""static_obstacle"", ""x"": 50.0, ""y"": 50.0, ""radius"": 5.0}]"
naive_fusion,172,34.4,3,70.777,49.36,90.0,86.0,50.0,50.0,,,false_negative+confidence_error,,naive_fusion,move,0,0,41.377,6.397,15.787,uav_2,6.397,False,False,False,False,False,1,"[{""id"": ""obstacle_0"", ""kind"": ""static_obstacle"", ""x"": 50.0, ""y"": 50.0, ""radius"": 5.0}]"
naive_fusion,173,34.6,0,60.625,38.696,94.0,90.0,50.0,50.0,48.537,47.694,position_noise+confidence_error,0.315,naive_fusion,avoidance,3,0,61.205,4.795,10.514,uav_1,4.795,False,False,False,False,False,1,"[{""id"": ""obstacle_0"", ""kind"": ""static_obstacle"", ""x"": 50.0, ""y"": 50.0, ""radius"": 5.0}]"
naive_fusion,173,34.6,1,56.451,41.055,90.0,94.0,50.0,50.0,48.537,47.694,false_negative+position_noise+confidence_error,0.315,naive_fusion,avoidance,2,0,62.679,4.795,6.028,uav_0,4.795,False,False,False,False,False,1,"[{""id"": ""obstacle_0"", ""kind"": ""static_obstacle"", ""x"": 50.0, ""y"": 50.0, ""radius"": 5.0}]"
naive_fusion,173,34.6,2,66.59,45.064,86.0,90.0,50.0,50.0,48.537,47.694,false_negative+position_noise+confidence_error,0.315,naive_fusion,avoidance,2,0,48.949,6.383,12.308,uav_3,6.383,False,False,False,False,False,1,"[{""id"": ""obstacle_0"", ""kind"": ""static_obstacle"", ""x"": 50.0, ""y"": 50.0, ""radius"": 5.0}]"
naive_fusion,173,34.6,3,70.963,49.714,90.0,86.0,50.0,50.0,,,false_negative+confidence_error,,naive_fusion,move,0,0,40.977,6.383,15.965,uav_2,6.383,False,False,False,False,False,1,"[{""id"": ""obstacle_0"", ""kind"": ""static_obstacle"", ""x"": 50.0, ""y"": 50.0, ""radius"": 5.0}]"
naive_fusion,174,34.8,0,60.978,38.884,94.0,90.0,50.0,50.0,50.688,50.431,position_noise+confidence_error,0.557,naive_fusion,avoidance,3,0,60.855,5.359,10.623,uav_1,5.359,False,False,False,False,False,1,"[{""id"": ""obstacle_0"", ""kind"": ""static_obstacle"", ""x"": 50.0, ""y"": 50.0, ""radius"": 5.0}]"
naive_fusion,174,34.8,1,56.246,41.399,90.0,94.0,50.0,50.0,50.688,50.431,position_noise+confidence_error,0.557,naive_fusion,avoidance,3,0,62.5,5.359,5.63,uav_0,5.359,False,False,False,False,False,1,"[{""id"": ""obstacle_0"", ""kind"": ""static_obstacle"", ""x"": 50.0, ""y"": 50.0, ""radius"": 5.0}]"
naive_fusion,174,34.8,2,66.86,45.359,86.0,90.0,50.0,50.0,50.688,50.431,false_negative+position_noise+confidence_error,0.557,naive_fusion,avoidance,3,0,48.571,6.355,12.487,uav_3,6.355,False,False,False,False,False,1,"[{""id"": ""obstacle_0"", ""kind"": ""static_obstacle"", ""x"": 50.0, ""y"": 50.0, ""radius"": 5.0}]"
naive_fusion,174,34.8,3,71.105,50.088,90.0,86.0,50.0,50.0,,,position_noise+confidence_error,,naive_fusion,avoidance,1,0,40.579,6.355,16.105,uav_2,6.355,False,False,False,False,False,1,"[{""id"": ""obstacle_0"", ""kind"": ""static_obstacle"", ""x"": 50.0, ""y"": 50.0, ""radius"": 5.0}]"
naive_fusion,175,35.0,0,61.339,39.055,94.0,90.0,50.0,50.0,52.111,50.462,position_noise+confidence_error,0.409,naive_fusion,avoidance,3,0,60.515,5.253,10.759,uav_1,5.253,False,False,False,False,False,1,"[{""id"": ""obstacle_0"", ""kind"": ""static_obstacle"", ""x"": 50.0, ""y"": 50.0, ""radius"": 5.0}]"
naive_fusion,175,35.0,1,56.646,41.416,90.0,94.0,50.0,50.0,52.111,50.462,false_negative+position_noise+confidence_error,0.409,naive_fusion,avoidance,2,0,62.27,5.253,5.856,uav_0,5.253,False,False,False,False,False,1,"[{""id"": ""obstacle_0"", ""kind"": ""static_obstacle"", ""x"": 50.0, ""y"": 50.0, ""radius"": 5.0}]"
naive_fusion,175,35.0,2,67.138,45.647,86.0,90.0,50.0,50.0,52.111,50.462,false_negative+position_noise+confidence_error,0.409,naive_fusion,avoidance,4,0,48.197,6.354,12.682,uav_3,6.354,False,False,False,False,False,1,"[{""id"": ""obstacle_0"", ""kind"": ""static_obstacle"", ""x"": 50.0, ""y"": 50.0, ""radius"": 5.0}]"
naive_fusion,175,35.0,3,71.349,50.405,90.0,86.0,50.0,50.0,52.111,50.462,position_noise+confidence_error,0.409,naive_fusion,avoidance,2,0,40.186,6.354,16.353,uav_2,6.354,False,False,False,False,False,1,"[{""id"": ""obstacle_0"", ""kind"": ""static_obstacle"", ""x"": 50.0, ""y"": 50.0, ""radius"": 5.0}]"
naive_fusion,176,35.2,0,61.681,39.262,94.0,90.0,50.0,50.0,49.931,49.722,false_negative+position_noise+confidence_error,0.476,naive_fusion,avoidance,2,0,60.156,5.168,10.867,uav_1,5.168,False,False,False,False,False,1,"[{""id"": ""obstacle_0"", ""kind"": ""static_obstacle"", ""x"": 50.0, ""y"": 50.0, ""radius"": 5.0}]"
naive_fusion,176,35.2,1,57.032,41.519,90.0,94.0,50.0,50.0,49.931,49.722,position_noise+confidence_error,0.476,naive_fusion,avoidance,3,0,61.977,5.168,6.017,uav_0,5.168,False,False,False,False,False,1,"[{""id"": ""obstacle_0"", ""kind"": ""static_obstacle"", ""x"": 50.0, ""y"": 50.0, ""radius"": 5.0}]"
naive_fusion,176,35.2,2,67.393,45.955,86.0,90.0,50.0,50.0,49.931,49.722,position_noise+confidence_error,0.476,naive_fusion,avoidance,4,0,47.814,6.343,12.857,uav_3,6.343,False,False,False,False,False,1,"[{""id"": ""obstacle_0"", ""kind"": ""static_obstacle"", ""x"": 50.0, ""y"": 50.0, ""radius"": 5.0}]"
naive_fusion,176,35.2,3,71.535,50.759,90.0,86.0,50.0,50.0,,,position_noise+confidence_error,,naive_fusion,move,1,0,39.786,6.343,16.548,uav_2,6.343,False,False,False,False,False,1,"[{""id"": ""obstacle_0"", ""kind"": ""static_obstacle"", ""x"": 50.0, ""y"": 50.0, ""radius"": 5.0}]"
naive_fusion,177,35.4,0,62.034,39.451,94.0,90.0,50.0,50.0,51.526,49.009,false_negative+position_noise+confidence_error,0.207,naive_fusion,avoidance,2,0,59.808,5.07,11.004,uav_1,5.07,False,False,False,False,False,1,"[{""id"": ""obstacle_0"", ""kind"": ""static_obstacle"", ""x"": 50.0, ""y"": 50.0, ""radius"": 5.0}]"
naive_fusion,177,35.4,1,57.429,41.57,90.0,94.0,50.0,50.0,51.526,49.009,false_negative+position_noise+confidence_error,0.207,naive_fusion,avoidance,2,0,61.723,5.07,6.236,uav_0,5.07,False,False,False,False,False,1,"[{""id"": ""obstacle_0"", ""kind"": ""static_obstacle"", ""x"": 50.0, ""y"": 50.0, ""radius"": 5.0}]"
naive_fusion,177,35.4,2,67.65,46.262,86.0,90.0,50.0,50.0,51.526,49.009,false_negative+position_noise+confidence_error,0.207,naive_fusion,avoidance,3,0,47.432,6.333,13.042,uav_3,6.333,False,False,False,False,False,1,"[{""id"": ""obstacle_0"", ""kind"": ""static_obstacle"", ""x"": 50.0, ""y"": 50.0, ""radius"": 5.0}]"
naive_fusion,177,35.4,3,71.721,51.113,90.0,86.0,50.0,50.0,,,position_noise+confidence_error,,naive_fusion,move,1,0,39.386,6.333,16.749,uav_2,6.333,False,False,False,False,False,1,"[{""id"": ""obstacle_0"", ""kind"": ""static_obstacle"", ""x"": 50.0, ""y"": 50.0, ""radius"": 5.0}]"
naive_fusion,178,35.6,0,62.366,39.674,94.0,90.0,50.0,50.0,49.331,49.364,position_noise+confidence_error,0.584,naive_fusion,avoidance,3,0,59.442,5.398,11.11,uav_1,5.398,False,False,False,False,False,1,"[{""id"": ""obstacle_0"", ""kind"": ""static_obstacle"", ""x"": 50.0, ""y"": 50.0, ""radius"": 5.0}]"
naive_fusion,178,35.6,1,57.201,41.242,90.0,94.0,50.0,50.0,49.331,49.364,false_negative+position_noise+confidence_error,0.584,naive_fusion,avoidance,2,0,62.122,5.398,6.338,uav_0,5.398,False,False,False,False,False,1,"[{""id"": ""obstacle_0"", ""kind"": ""static_obstacle"", ""x"": 50.0, ""y"": 50.0, ""radius"": 5.0}]"
naive_fusion,178,35.6,2,67.893,46.579,86.0,90.0,50.0,50.0,49.331,49.364,position_noise+confidence_error,0.584,naive_fusion,avoidance,4,0,47.045,6.325,13.217,uav_3,6.325,False,False,False,False,False,1,"[{""id"": ""obstacle_0"", ""kind"": ""static_obstacle"", ""x"": 50.0, ""y"": 50.0, ""radius"": 5.0}]"
naive_fusion,178,35.6,3,71.906,51.467,90.0,86.0,50.0,50.0,,,position_noise+confidence_error,,naive_fusion,move,1,0,38.986,6.325,16.956,uav_2,6.325,False,False,False,False,False,1,"[{""id"": ""obstacle_0"", ""kind"": ""static_obstacle"", ""x"": 50.0, ""y"": 50.0, ""radius"": 5.0}]"
naive_fusion,179,35.8,0,62.704,39.889,94.0,90.0,50.0,50.0,50.476,49.85,position_noise+confidence_error,0.548,naive_fusion,avoidance,3,0,59.081,5.322,11.236,uav_1,5.322,False,False,False,False,False,1,"[{""id"": ""obstacle_0"", ""kind"": ""static_obstacle"", ""x"": 50.0, ""y"": 50.0, ""radius"": 5.0}]"
naive_fusion,179,35.8,1,57.586,41.349,90.0,94.0,50.0,50.0,50.476,49.85,position_noise+confidence_error,0.548,naive_fusion,avoidance,3,0,61.829,5.322,6.506,uav_0,5.322,False,False,False,False,False,1,"[{""id"": ""obstacle_0"", ""kind"": ""static_obstacle"", ""x"": 50.0, ""y"": 50.0, ""radius"": 5.0}]"
naive_fusion,179,35.8,2,68.141,46.893,86.0,90.0,50.0,50.0,50.476,49.85,position_noise+confidence_error,0.548,naive_fusion,avoidance,4,0,46.66,6.317,13.406,uav_3,6.317,False,False,False,False,False,1,"[{""id"": ""obstacle_0"", ""kind"": ""static_obstacle"", ""x"": 50.0, ""y"": 50.0, ""radius"": 5.0}]"
naive_fusion,179,35.8,3,72.092,51.822,90.0,86.0,50.0,50.0,,,position_noise+confidence_error,,naive_fusion,move,1,0,38.586,6.317,17.167,uav_2,6.317,False,False,False,False,False,1,"[{""id"": ""obstacle_0"", ""kind"": ""static_obstacle"", ""x"": 50.0, ""y"": 50.0, ""radius"": 5.0}]"
naive_fusion,180,36.0,0,63.032,40.117,94.0,90.0,50.0,50.0,49.733,51.438,false_negative+position_noise+confidence_error,0.283,naive_fusion,avoidance,3,0,58.714,5.259,11.356,uav_1,5.259,False,False,False,False,False,1,"[{""id"": ""obstacle_0"", ""kind"": ""static_obstacle"", ""x"": 50.0, ""y"": 50.0, ""radius"": 5.0}]"
naive_fusion,180,36.0,1,57.958,41.497,90.0,94.0,50.0,50.0,49.733,51.438,false_negative+position_noise+confidence_error,0.283,naive_fusion,avoidance,2,0,61.508,5.259,6.646,uav_0,5.259,False,False,False,False,False,1,"[{""id"": ""obstacle_0"", ""kind"": ""static_obstacle"", ""x"": 50.0, ""y"": 50.0, ""radius"": 5.0}]"
naive_fusion,180,36.0,2,68.389,47.207,86.0,90.0,50.0,50.0,49.733,51.438,false_negative+position_noise+confidence_error,0.283,naive_fusion,avoidance,3,0,46.275,6.31,13.6,uav_3,6.31,False,False,False,False,False,1,"[{""id"": ""obstacle_0"", ""kind"": ""static_obstacle"", ""x"": 50.0, ""y"": 50.0, ""radius"": 5.0}]"
naive_fusion,180,36.0,3,72.278,52.176,90.0,86.0,50.0,50.0,,,position_noise+confidence_error,,naive_fusion,move,1,0,38.186,6.31,17.384,uav_2,6.31,False,False,False,False,False,1,"[{""id"": ""obstacle_0"", ""kind"": ""static_obstacle"", ""x"": 50.0, ""y"": 50.0, ""radius"": 5.0}]"
naive_fusion,181,36.2,0,63.365,40.339,94.0,90.0,50.0,50.0,50.776,48.427,position_noise+confidence_error,0.497,naive_fusion,avoidance,3,0,58.35,5.184,11.491,uav_1,5.184,False,False,False,False,False,1,"[{""id"": ""obstacle_0"", ""kind"": ""static_obstacle"", ""x"": 50.0, ""y"": 50.0, ""radius"": 5.0}]"
naive_fusion,181,36.2,1,58.34,41.614,90.0,94.0,50.0,50.0,50.776,48.427,position_noise+confidence_error,0.497,naive_fusion,avoidance,3,0,61.21,5.184,6.828,uav_0,5.184,False,False,False,False,False,1,"[{""id"": ""obstacle_0"", ""kind"": ""static_obstacle"", ""x"": 50.0, ""y"": 50.0, ""radius"": 5.0}]"
naive_fusion,181,36.2,2,68.624,47.53,86.0,90.0,50.0,50.0,50.776,48.427,position_noise+confidence_error,0.497,naive_fusion,avoidance,4,0,45.887,6.304,13.787,uav_3,6.304,False,False,False,False,False,1,"[{""id"": ""obstacle_0"", ""kind"": ""static_obstacle"", ""x"": 50.0, ""y"": 50.0, ""radius"": 5.0}]"
naive_fusion,181,36.2,3,72.463,52.53,90.0,86.0,50.0,50.0,,,position_noise+confidence_error,,naive_fusion,move,1,0,37.786,6.304,17.605,uav_2,6.304,False,False,False,False,False,1,"[{""id"": ""obstacle_0"", ""kind"": ""static_obstacle"", ""x"": 50.0, ""y"": 50.0, ""radius"": 5.0}]"
naive_fusion,182,36.4,0,63.69,40.572,94.0,90.0,50.0,50.0,50.011,49.807,position_noise+confidence_error,0.462,naive_fusion,avoidance,3,0,57.981,5.121,11.622,uav_1,5.121,False,False,False,False,False,1,"[{""id"": ""obstacle_0"", ""kind"": ""static_obstacle"", ""x"": 50.0, ""y"": 50.0, ""radius"": 5.0}]"
naive_fusion,182,36.4,1,58.71,41.767,90.0,94.0,50.0,50.0,50.011,49.807,position_noise+confidence_error,0.462,naive_fusion,avoidance,3,0,60.888,5.121,6.985,uav_0,5.121,False,False,False,False,False,1,"[{""id"": ""obstacle_0"", ""kind"": ""static_obstacle"", ""x"": 50.0, ""y"": 50.0, ""radius"": 5.0}]"
naive_fusion,182,36.4,2,68.86,47.854,86.0,90.0,50.0,50.0,50.011,49.807,position_noise+confidence_error,0.462,naive_fusion,avoidance,4,0,45.498,6.298,13.982,uav_3,6.298,False,False,False,False,False,1,"[{""id"": ""obstacle_0"", ""kind"": ""static_obstacle"", ""x"": 50.0, ""y"": 50.0, ""radius"": 5.0}]"
naive_fusion,182,36.4,3,72.649,52.885,90.0,86.0,50.0,50.0,,,position_noise+confidence_error,,naive_fusion,move,1,0,37.386,6.298,17.832,uav_2,6.298,False,False,False,False,False,1,"[{""id"": ""obstacle_0"", ""kind"": ""static_obstacle"", ""x"": 50.0, ""y"": 50.0, ""radius"": 5.0}]"
naive_fusion,183,36.6,0,64.012,40.809,94.0,90.0,50.0,50.0,50.048,50.21,position_noise+confidence_error,0.559,naive_fusion,avoidance,3,0,57.611,5.062,11.758,uav_1,5.062,False,False,False,False,False,1,"[{""id"": ""obstacle_0"", ""kind"": ""static_obstacle"", ""x"": 50.0, ""y"": 50.0, ""radius"": 5.0}]"
naive_fusion,183,36.6,1,59.076,41.929,90.0,94.0,50.0,50.0,50.048,50.21,false_negative+position_noise+confidence_error,0.559,naive_fusion,avoidance,2,0,60.562,5.062,7.145,uav_0,5.062,False,False,False,False,False,1,"[{""id"": ""obstacle_0"", ""kind"": ""static_obstacle"", ""x"": 50.0, ""y"": 50.0, ""radius"": 5.0}]"
naive_fusion,183,36.6,2,69.095,48.177,86.0,90.0,50.0,50.0,50.048,50.21,false_negative+position_noise+confidence_error,0.559,naive_fusion,avoidance,2,0,45.11,6.293,14.181,uav_3,6.293,False,False,False,False,False,1,"[{""id"": ""obstacle_0"", ""kind"": ""static_obstacle"", ""x"": 50.0, ""y"": 50.0, ""radius"": 5.0}]"
naive_fusion,183,36.6,3,72.835,53.239,90.0,86.0,50.0,50.0,,,false_negative+confidence_error,,naive_fusion,move,0,0,36.986,6.293,18.063,uav_2,6.293,False,False,False,False,False,1,"[{""id"": ""obstacle_0"", ""kind"": ""static_obstacle"", ""x"": 50.0, ""y"": 50.0, ""radius"": 5.0}]"
naive_fusion,184,36.8,0,64.336,41.044,94.0,90.0,50.0,50.0,50.513,51.498,false_negative+position_noise+confidence_error,0.182,naive_fusion,avoidance,2,0,57.242,5.007,11.903,uav_1,5.007,False,False,False,False,False,1,"[{""id"": ""obstacle_0"", ""kind"": ""static_obstacle"", ""x"": 50.0, ""y"": 50.0, ""radius"": 5.0}]"
naive_fusion,184,36.8,1,59.44,42.093,90.0,94.0,50.0,50.0,50.513,51.498,false_negative+position_noise+confidence_error,0.182,naive_fusion,avoidance,2,0,60.235,5.007,7.314,uav_0,5.007,False,False,False,False,False,1,"[{""id"": ""obstacle_0"", ""kind"": ""static_obstacle"", ""x"": 50.0, ""y"": 50.0, ""radius"": 5.0}]"
naive_fusion,184,36.8,2,69.335,48.497,86.0,90.0,50.0,50.0,50.513,51.498,position_noise+confidence_error,0.182,naive_fusion,avoidance,4,0,44.724,6.289,14.393,uav_3,6.289,False,False,False,False,False,1,"[{""id"": ""obstacle_0"", ""kind"": ""static_obstacle"", ""x"": 50.0, ""y"": 50.0, ""radius"": 5.0}]"
naive_fusion,184,36.8,3,73.02,53.593,90.0,86.0,50.0,50.0,,,position_noise+confidence_error,,naive_fusion,move,1,0,36.586,6.289,18.299,uav_2,6.289,False,False,False,False,False,1,"[{""id"": ""obstacle_0"", ""kind"": ""static_obstacle"", ""x"": 50.0, ""y"": 50.0, ""radius"": 5.0}]"
naive_fusion,185,37.0,0,64.648,41.295,94.0,90.0,50.0,50.0,49.734,48.905,position_noise+confidence_error,0.392,naive_fusion,avoidance,3,0,56.866,4.954,12.039,uav_1,4.954,False,False,False,False,False,1,"[{""id"": ""obstacle_0"", ""kind"": ""static_obstacle"", ""x"": 50.0, ""y"": 50.0, ""radius"": 5.0}]"
naive_fusion,185,37.0,1,59.793,42.282,90.0,94.0,50.0,50.0,49.734,48.905,false_negative+position_noise+confidence_error,0.392,naive_fusion,avoidance,2,0,59.893,4.954,7.469,uav_0,4.954,False,False,False,False,False,1,"[{""id"": ""obstacle_0"", ""kind"": ""static_obstacle"", ""x"": 50.0, ""y"": 50.0, ""radius"": 5.0}]"
naive_fusion,185,37.0,2,69.555,48.831,86.0,90.0,50.0,50.0,49.734,48.905,position_noise+confidence_error,0.392,naive_fusion,avoidance,4,0,44.332,6.285,14.59,uav_3,6.285,False,False,False,False,False,1,"[{""id"": ""obstacle_0"", ""kind"": ""static_obstacle"", ""x"": 50.0, ""y"": 50.0, ""radius"": 5.0}]"
naive_fusion,185,37.0,3,73.206,53.948,90.0,86.0,50.0,50.0,,,position_noise+confidence_error,,naive_fusion,move,1,0,36.186,6.285,18.539,uav_2,6.285,False,False,False,False,False,1,"[{""id"": ""obstacle_0"", ""kind"": ""static_obstacle"", ""x"": 50.0, ""y"": 50.0, ""radius"": 5.0}]"
naive_fusion,186,37.2,0,64.95,41.557,94.0,90.0,50.0,50.0,48.365,49.933,false_negative+position_noise+confidence_error,0.402,naive_fusion,avoidance,1,0,56.486,4.913,12.17,uav_1,4.913,False,False,False,False,False,1,"[{""id"": ""obstacle_0"", ""kind"": ""static_obstacle"", ""x"": 50.0, ""y"": 50.0, ""radius"": 5.0}]"
naive_fusion,186,37.2,1,60.128,42.5,90.0,94.0,50.0,50.0,48.365,49.933,false_negative+position_noise+confidence_error,0.402,naive_fusion,avoidance,1,0,59.536,4.913,7.603,uav_0,4.913,False,False,False,False,False,1,"[{""id"": ""obstacle_0"", ""kind"": ""static_obstacle"", ""x"": 50.0, ""y"": 50.0, ""radius"": 5.0}]"
naive_fusion,186,37.2,2,69.704,49.203,86.0,90.0,50.0,50.0,48.157,50.256,position_noise+confidence_error,0.108,naive_fusion,move,4,0,43.932,6.293,14.72,uav_3,6.293,False,False,False,False,False,1,"[{""id"": ""obstacle_0"", ""kind"": ""static_obstacle"", ""x"": 50.0, ""y"": 50.0, ""radius"": 5.0}]"
naive_fusion,186,37.2,3,73.392,54.302,90.0,86.0,50.0,50.0,,,position_noise+confidence_error,,naive_fusion,move,1,0,35.786,6.293,18.784,uav_2,6.293,False,False,False,False,False,1,"[{""id"": ""obstacle_0"", ""kind"": ""static_obstacle"", ""x"": 50.0, ""y"": 50.0, ""radius"": 5.0}]"
naive_fusion,187,37.4,0,65.253,41.818,94.0,90.0,50.0,50.0,49.378,48.814,false_negative+position_noise+confidence_error,0.397,naive_fusion,avoidance,2,0,56.106,4.869,12.309,uav_1,4.869,False,False,False,False,False,1,"[{""id"": ""obstacle_0"", ""kind"": ""static_obstacle"", ""x"": 50.0, ""y"": 50.0, ""radius"": 5.0}]"
naive_fusion,187,37.4,1,60.467,42.713,90.0,94.0,50.0,50.0,49.378,48.814,position_noise+confidence_error,0.397,naive_fusion,avoidance,3,0,59.183,4.869,7.754,uav_0,4.869,False,False,False,False,False,1,"[{""id"": ""obstacle_0"", ""kind"": ""static_obstacle"", ""x"": 50.0, ""y"": 50.0, ""radius"": 5.0}]"
naive_fusion,187,37.4,2,69.852,49.574,86.0,90.0,50.0,50.0,50.785,49.224,false_negative+position_noise+confidence_error,0.229,naive_fusion,move,3,0,43.532,6.301,14.857,uav_3,6.301,False,False,False,False,False,1,"[{""id"": ""obstacle_0"", ""kind"": ""static_obstacle"", ""x"": 50.0, ""y"": 50.0, ""radius"": 5.0}]"
naive_fusion,187,37.4,3,73.577,54.656,90.0,86.0,50.0,50.0,,,position_noise+confidence_error,,naive_fusion,move,1,0,35.386,6.301,19.033,uav_2,6.301,False,False,False,False,False,1,"[{""id"": ""obstacle_0"", ""kind"": ""static_obstacle"", ""x"": 50.0, ""y"": 50.0, ""radius"": 5.0}]"
naive_fusion,188,37.6,0,65.557,42.078,94.0,90.0,50.0,50.0,49.296,50.724,false_negative+position_noise+confidence_error,0.472,naive_fusion,avoidance,2,0,55.728,4.827,12.458,uav_1,4.827,False,False,False,False,False,1,"[{""id"": ""obstacle_0"", ""kind"": ""static_obstacle"", ""x"": 50.0, ""y"": 50.0, ""radius"": 5.0}]"
naive_fusion,188,37.6,1,60.805,42.927,90.0,94.0,50.0,50.0,49.296,50.724,position_noise+confidence_error,0.472,naive_fusion,avoidance,3,0,58.829,4.827,7.914,uav_0,4.827,False,False,False,False,False,1,"[{""id"": ""obstacle_0"", ""kind"": ""static_obstacle"", ""x"": 50.0, ""y"": 50.0, ""radius"": 5.0}]"
naive_fusion,188,37.6,2,70.0,49.945,86.0,90.0,50.0,50.0,49.311,52.421,false_negative+position_noise+confidence_error,0.199,naive_fusion,move,3,0,43.132,6.31,15.001,uav_3,6.31,False,False,False,False,False,1,"[{""id"": ""obstacle_0"", ""kind"": ""static_obstacle"", ""x"": 50.0, ""y"": 50.0, ""radius"": 5.0}]"
naive_fusion,188,37.6,3,73.763,55.011,90.0,86.0,50.0,50.0,,,position_noise+confidence_error,,naive_fusion,move,1,0,34.986,6.31,19.285,uav_2,6.31,False,False,False,False,False,1,"[{""id"": ""obstacle_0"", ""kind"": ""static_obstacle"", ""x"": 50.0, ""y"": 50.0, ""radius"": 5.0}]"
naive_fusion,189,37.8,0,65.852,42.348,94.0,90.0,50.0,50.0,48.998,48.862,false_negative+position_noise+confidence_error,0.349,naive_fusion,avoidance,2,0,55.345,4.79,12.602,uav_1,4.79,False,False,False,False,False,1,"[{""id"": ""obstacle_0"", ""kind"": ""static_obstacle"", ""x"": 50.0, ""y"": 50.0, ""radius"": 5.0}]"
naive_fusion,189,37.8,1,61.131,43.159,90.0,94.0,50.0,50.0,48.998,48.862,position_noise+confidence_error,0.349,naive_fusion,avoidance,3,0,58.466,4.79,8.065,uav_0,4.79,False,False,False,False,False,1,"[{""id"": ""obstacle_0"", ""kind"": ""static_obstacle"", ""x"": 50.0, ""y"": 50.0, ""radius"": 5.0}]"
naive_fusion,189,37.8,2,70.139,49.57,86.0,90.0,50.0,50.0,,,position_noise+confidence_error,,naive_fusion,avoidance,3,0,43.429,6.934,15.144,uav_3,6.934,False,False,False,False,False,1,"[{""id"": ""obstacle_0"", ""kind"": ""static_obstacle"", ""x"": 50.0, ""y"": 50.0, ""radius"": 5.0}]"
naive_fusion,189,37.8,3,73.948,55.365,90.0,86.0,50.0,50.0,,,position_noise+confidence_error,,naive_fusion,move,1,0,34.586,6.934,19.542,uav_2,6.934,False,False,False,False,False,1,"[{""id"": ""obstacle_0"", ""kind"": ""static_obstacle"", ""x"": 50.0, ""y"": 50.0, ""radius"": 5.0}]"
naive_fusion,190,38.0,0,66.148,42.617,94.0,90.0,50.0,50.0,49.461,49.432,position_noise+confidence_error,0.498,naive_fusion,avoidance,3,0,54.963,5.411,12.756,uav_1,5.411,False,False,False,False,False,1,"[{""id"": ""obstacle_0"", ""kind"": ""static_obstacle"", ""x"": 50.0, ""y"": 50.0, ""radius"": 5.0}]"
naive_fusion,190,38.0,1,60.753,43.027,90.0,94.0,50.0,50.0,49.461,49.432,position_noise+confidence_error,0.498,naive_fusion,avoidance,3,0,58.767,5.411,7.816,uav_0,5.411,False,False,False,False,False,1,"[{""id"": ""obstacle_0"", ""kind"": ""static_obstacle"", ""x"": 50.0, ""y"": 50.0, ""radius"": 5.0}]"
naive_fusion,190,38.0,2,70.286,49.943,86.0,90.0,50.0,50.0,,,false_negative+position_noise+confidence_error,,naive_fusion,move,2,0,43.029,6.941,15.286,uav_3,6.941,False,False,False,False,False,1,"[{""id"": ""obstacle_0"", ""kind"": ""static_obstacle"", ""x"": 50.0, ""y"": 50.0, ""radius"": 5.0}]"
naive_fusion,190,38.0,3,74.134,55.719,90.0,86.0,50.0,50.0,,,position_noise+confidence_error,,naive_fusion,move,1,0,34.186,6.941,19.803,uav_2,6.941,False,False,False,False,False,1,"[{""id"": ""obstacle_0"", ""kind"": ""static_obstacle"", ""x"": 50.0, ""y"": 50.0, ""radius"": 5.0}]"
naive_fusion,191,38.2,0,66.442,42.888,94.0,90.0,50.0,50.0,49.615,49.334,false_negative+position_noise+confidence_error,0.364,naive_fusion,avoidance,2,0,54.58,5.367,12.914,uav_1,5.367,False,False,False,False,False,1,"[{""id"": ""obstacle_0"", ""kind"": ""static_obstacle"", ""x"": 50.0, ""y"": 50.0, ""radius"": 5.0}]"
naive_fusion,191,38.2,1,61.087,43.247,90.0,94.0,50.0,50.0,49.615,49.334,position_noise+confidence_error,0.364,naive_fusion,avoidance,3,0,58.411,5.367,7.982,uav_0,5.367,False,False,False,False,False,1,"[{""id"": ""obstacle_0"", ""kind"": ""static_obstacle"", ""x"": 50.0, ""y"": 50.0, ""radius"": 5.0}]"
naive_fusion,191,38.2,2,70.432,50.315,86.0,90.0,50.0,50.0,,,false_negative+position_noise+confidence_error,,naive_fusion,move,2,0,42.629,6.948,15.434,uav_3,6.948,False,False,False,False,False,1,"[{""id"": ""obstacle_0"", ""kind"": ""static_obstacle"", ""x"": 50.0, ""y"": 50.0, ""radius"": 5.0}]"
naive_fusion,191,38.2,3,74.32,56.073,90.0,86.0,50.0,50.0,,,position_noise+confidence_error,,naive_fusion,move,1,0,33.786,6.948,20.067,uav_2,6.948,False,False,False,False,False,1,"[{""id"": ""obstacle_0"", ""kind"": ""static_obstacle"", ""x"": 50.0, ""y"": 50.0, ""radius"": 5.0}]"
naive_fusion,192,38.4,0,66.739,43.156,94.0,90.0,50.0,50.0,49.744,51.345,position_noise+confidence_error,0.466,naive_fusion,avoidance,3,0,54.199,5.325,13.084,uav_1,5.325,False,False,False,False,False,1,"[{""id"": ""obstacle_0"", ""kind"": ""static_obstacle"", ""x"": 50.0, ""y"": 50.0, ""radius"": 5.0}]"
naive_fusion,192,38.4,1,61.423,43.465,90.0,94.0,50.0,50.0,49.744,51.345,false_negative+position_noise+confidence_error,0.466,naive_fusion,avoidance,2,0,58.056,5.325,8.16,uav_0,5.325,False,False,False,False,False,1,"[{""id"": ""obstacle_0"", ""kind"": ""static_obstacle"", ""x"": 50.0, ""y"": 50.0, ""radius"": 5.0}]"
naive_fusion,192,38.4,2,70.578,50.688,86.0,90.0,50.0,50.0,,,position_noise+confidence_error,,naive_fusion,move,3,0,42.229,6.955,15.589,uav_3,6.955,False,False,False,False,False,1,"[{""id"": ""obstacle_0"", ""kind"": ""static_obstacle"", ""x"": 50.0, ""y"": 50.0, ""radius"": 5.0}]"
naive_fusion,192,38.4,3,74.505,56.428,90.0,86.0,50.0,50.0,,,position_noise+confidence_error,,naive_fusion,move,1,0,33.386,6.955,20.334,uav_2,6.955,False,False,False,False,False,1,"[{""id"": ""obstacle_0"", ""kind"": ""static_obstacle"", ""x"": 50.0, ""y"": 50.0, ""radius"": 5.0}]"
naive_fusion,193,38.6,0,67.045,43.413,94.0,90.0,50.0,50.0,51.282,52.547,position_noise+confidence_error,0.315,naive_fusion,avoidance,3,0,53.823,5.281,13.274,uav_1,5.281,False,False,False,False,False,1,"[{""id"": ""obstacle_0"", ""kind"": ""static_obstacle"", ""x"": 50.0, ""y"": 50.0, ""radius"": 5.0}]"
naive_fusion,193,38.6,1,61.77,43.663,90.0,94.0,50.0,50.0,51.282,52.547,position_noise+confidence_error,0.315,naive_fusion,avoidance,3,0,57.713,5.281,8.368,uav_0,5.281,False,False,False,False,False,1,"[{""id"": ""obstacle_0"", ""kind"": ""static_obstacle"", ""x"": 50.0, ""y"": 50.0, ""radius"": 5.0}]"
naive_fusion,193,38.6,2,70.805,51.017,86.0,90.0,50.0,50.0,51.282,52.547,position_noise+confidence_error,0.315,naive_fusion,avoidance,4,0,41.84,6.953,15.83,uav_3,6.953,False,False,False,False,False,1,"[{""id"": ""obstacle_0"", ""kind"": ""static_obstacle"", ""x"": 50.0, ""y"": 50.0, ""radius"": 5.0}]"
naive_fusion,193,38.6,3,74.691,56.782,90.0,86.0,50.0,50.0,,,position_noise+confidence_error,,naive_fusion,move,1,0,32.986,6.953,20.606,uav_2,6.953,False,False,False,False,False,1,"[{""id"": ""obstacle_0"", ""kind"": ""static_obstacle"", ""x"": 50.0, ""y"": 50.0, ""radius"": 5.0}]"
naive_fusion,194,38.8,0,67.246,43.76,94.0,90.0,50.0,50.0,,,false_negative+position_noise+confidence_error,,naive_fusion,move,1,0,53.423,5.876,13.34,uav_1,5.876,False,False,False,False,False,1,"[{""id"": ""obstacle_0"", ""kind"": ""static_obstacle"", ""x"": 50.0, ""y"": 50.0, ""radius"": 5.0}]"
naive_fusion,194,38.8,1,61.37,43.667,90.0,94.0,50.0,50.0,,,false_negative+position_noise+confidence_error,,naive_fusion,avoidance,1,0,57.905,5.876,8.015,uav_0,5.876,False,False,False,False,False,1,"[{""id"": ""obstacle_0"", ""kind"": ""static_obstacle"", ""x"": 50.0, ""y"": 50.0, ""radius"": 5.0}]"
naive_fusion,194,38.8,2,70.95,51.389,86.0,90.0,50.0,50.0,,,false_negative+position_noise+confidence_error,,naive_fusion,move,2,0,41.44,6.96,15.996,uav_3,6.96,False,False,False,False,False,1,"[{""id"": ""obstacle_0"", ""kind"": ""static_obstacle"", ""x"": 50.0, ""y"": 50.0, ""radius"": 5.0}]"
naive_fusion,194,38.8,3,74.877,57.136,90.0,86.0,50.0,50.0,,,false_negative+confidence_error,,naive_fusion,move,0,0,32.586,6.96,20.88,uav_2,6.96,False,False,False,False,False,1,"[{""id"": ""obstacle_0"", ""kind"": ""static_obstacle"", ""x"": 50.0, ""y"": 50.0, ""radius"": 5.0}]"
naive_fusion,195,39.0,0,67.544,44.026,94.0,90.0,50.0,50.0,51.049,51.945,position_noise+confidence_error,0.174,naive_fusion,avoidance,3,0,53.043,5.83,13.534,uav_1,5.83,False,False,False,False,False,1,"[{""id"": ""obstacle_0"", ""kind"": ""static_obstacle"", ""x"": 50.0, ""y"": 50.0, ""radius"": 5.0}]"
naive_fusion,195,39.0,1,61.717,43.868,90.0,94.0,50.0,50.0,51.049,51.945,false_negative+position_noise+confidence_error,0.174,naive_fusion,avoidance,3,0,57.56,5.83,8.224,uav_0,5.83,False,False,False,False,False,1,"[{""id"": ""obstacle_0"", ""kind"": ""static_obstacle"", ""x"": 50.0, ""y"": 50.0, ""radius"": 5.0}]"
naive_fusion,195,39.0,2,71.168,51.725,86.0,90.0,50.0,50.0,51.049,51.945,position_noise+confidence_error,0.174,naive_fusion,avoidance,4,0,41.049,6.958,16.239,uav_3,6.958,False,False,False,False,False,1,"[{""id"": ""obstacle_0"", ""kind"": ""static_obstacle"", ""x"": 50.0, ""y"": 50.0, ""radius"": 5.0}]"
naive_fusion,195,39.0,3,75.062,57.491,90.0,86.0,50.0,50.0,,,position_noise+confidence_error,,naive_fusion,move,1,0,32.186,6.958,21.158,uav_2,6.958,False,False,False,False,False,1,"[{""id"": ""obstacle_0"", ""kind"": ""static_obstacle"", ""x"": 50.0, ""y"": 50.0, ""radius"": 5.0}]"
naive_fusion,196,39.2,0,67.744,44.372,94.0,90.0,50.0,50.0,50.5,50.808,position_noise+confidence_error,0.0,naive_fusion,move,3,0,52.643,5.712,13.615,uav_1,5.712,False,False,False,False,False,1,"[{""id"": ""obstacle_0"", ""kind"": ""static_obstacle"", ""x"": 50.0, ""y"": 50.0, ""radius"": 5.0}]"
naive_fusion,196,39.2,1,62.038,44.106,90.0,94.0,50.0,50.0,48.98,51.566,position_noise+confidence_error,0.248,naive_fusion,avoidance,3,0,57.195,5.712,8.404,uav_0,5.712,False,False,False,False,False,1,"[{""id"": ""obstacle_0"", ""kind"": ""static_obstacle"", ""x"": 50.0, ""y"": 50.0, ""radius"": 5.0}]"
naive_fusion,196,39.2,2,71.313,52.098,86.0,90.0,50.0,50.0,,,position_noise+confidence_error,,naive_fusion,move,3,0,40.649,6.965,16.416,uav_3,6.965,False,False,False,False,False,1,"[{""id"": ""obstacle_0"", ""kind"": ""static_obstacle"", ""x"": 50.0, ""y"": 50.0, ""radius"": 5.0}]"
naive_fusion,196,39.2,3,75.248,57.845,90.0,86.0,50.0,50.0,,,false_negative+confidence_error,,naive_fusion,move,0,0,31.786,6.965,21.439,uav_2,6.965,False,False,False,False,False,1,"[{""id"": ""obstacle_0"", ""kind"": ""static_obstacle"", ""x"": 50.0, ""y"": 50.0, ""radius"": 5.0}]"
naive_fusion,197,39.4,0,68.02,44.662,94.0,90.0,50.0,50.0,48.833,49.884,position_noise+confidence_error,0.35,naive_fusion,avoidance,3,0,52.254,5.679,13.794,uav_1,5.679,False,False,False,False,False,1,"[{""id"": ""obstacle_0"", ""kind"": ""static_obstacle"", ""x"": 50.0, ""y"": 50.0, ""radius"": 5.0}]"
naive_fusion,197,39.4,1,62.349,44.357,90.0,94.0,50.0,50.0,48.833,49.884,false_negative+position_noise+confidence_error,0.35,naive_fusion,avoidance,2,0,56.824,5.679,8.577,uav_0,5.679,False,False,False,False,False,1,"[{""id"": ""obstacle_0"", ""kind"": ""static_obstacle"", ""x"": 50.0, ""y"": 50.0, ""radius"": 5.0}]"
naive_fusion,197,39.4,2,71.458,52.471,86.0,90.0,50.0,50.0,,,position_noise+confidence_error,,naive_fusion,move,3,0,40.249,6.973,16.599,uav_3,6.973,False,False,False,False,False,1,"[{""id"": ""obstacle_0"", ""kind"": ""static_obstacle"", ""x"": 50.0, ""y"": 50.0, ""radius"": 5.0}]"
naive_fusion,197,39.4,3,75.434,58.199,90.0,86.0,50.0,50.0,,,position_noise+confidence_error,,naive_fusion,move,1,0,31.386,6.973,21.723,uav_2,6.973,False,False,False,False,False,1,"[{""id"": ""obstacle_0"", ""kind"": ""static_obstacle"", ""x"": 50.0, ""y"": 50.0, ""radius"": 5.0}]"
naive_fusion,198,39.6,0,68.219,45.009,94.0,90.0,50.0,50.0,,,false_negative+position_noise+confidence_error,,naive_fusion,move,1,0,51.854,5.584,13.89,uav_1,5.584,False,False,False,False,False,1,"[{""id"": ""obstacle_0"", ""kind"": ""static_obstacle"", ""x"": 50.0, ""y"": 50.0, ""radius"": 5.0}]"
naive_fusion,198,39.6,1,62.648,44.623,90.0,94.0,50.0,50.0,48.183,49.373,position_noise+confidence_error,0.424,naive_fusion,avoidance,3,0,56.447,5.584,8.744,uav_0,5.584,False,False,False,False,False,1,"[{""id"": ""obstacle_0"", ""kind"": ""static_obstacle"", ""x"": 50.0, ""y"": 50.0, ""radius"": 5.0}]"
naive_fusion,198,39.6,2,71.602,52.844,86.0,90.0,50.0,50.0,,,position_noise+confidence_error,,naive_fusion,move,3,0,39.849,6.982,16.788,uav_3,6.982,False,False,False,False,False,1,"[{""id"": ""obstacle_0"", ""kind"": ""static_obstacle"", ""x"": 50.0, ""y"": 50.0, ""radius"": 5.0}]"
naive_fusion,198,39.6,3,75.619,58.554,90.0,86.0,50.0,50.0,,,position_noise+confidence_error,,naive_fusion,move,1,0,30.986,6.982,22.01,uav_2,6.982,False,False,False,False,False,1,"[{""id"": ""obstacle_0"", ""kind"": ""static_obstacle"", ""x"": 50.0, ""y"": 50.0, ""radius"": 5.0}]"
naive_fusion,199,39.8,0,68.418,45.356,94.0,90.0,50.0,50.0,,,false_negative+position_noise+confidence_error,,naive_fusion,move,2,0,51.454,5.589,13.994,uav_1,5.589,False,False,False,False,False,1,"[{""id"": ""obstacle_0"", ""kind"": ""static_obstacle"", ""x"": 50.0, ""y"": 50.0, ""radius"": 5.0}]"
naive_fusion,199,39.8,1,62.842,44.973,90.0,94.0,50.0,50.0,,,false_negative+position_noise+confidence_error,,naive_fusion,move,2,0,56.047,5.589,8.791,uav_0,5.589,False,False,False,False,False,1,"[{""id"": ""obstacle_0"", ""kind"": ""static_obstacle"", ""x"": 50.0, ""y"": 50.0, ""radius"": 5.0}]"
naive_fusion,199,39.8,2,71.747,53.217,86.0,90.0,50.0,50.0,,,false_negative+position_noise+confidence_error,,naive_fusion,move,2,0,39.449,6.99,16.983,uav_3,6.99,False,False,False,False,False,1,"[{""id"": ""obstacle_0"", ""kind"": ""static_obstacle"", ""x"": 50.0, ""y"": 50.0, ""radius"": 5.0}]"
naive_fusion,199,39.8,3,75.805,58.908,90.0,86.0,50.0,50.0,,,position_noise+confidence_error,,naive_fusion,move,1,0,30.586,6.99,22.299,uav_2,6.99,False,False,False,False,False,1,"[{""id"": ""obstacle_0"", ""kind"": ""static_obstacle"", ""x"": 50.0, ""y"": 50.0, ""radius"": 5.0}]"
naive_fusion,200,40.0,0,68.689,45.65,94.0,90.0,50.0,50.0,50.524,48.652,false_negative+position_noise+confidence_error,0.267,naive_fusion,avoidance,2,0,51.065,5.556,14.188,uav_1,5.556,False,False,False,False,False,1,"[{""id"": ""obstacle_0"", ""kind"": ""static_obstacle"", ""x"": 50.0, ""y"": 50.0, ""radius"": 5.0}]"
naive_fusion,200,40.0,1,63.148,45.23,90.0,94.0,50.0,50.0,50.524,48.652,position_noise+confidence_error,0.267,naive_fusion,avoidance,3,0,55.673,5.556,8.987,uav_0,5.556,False,False,False,False,False,1,"[{""id"": ""obstacle_0"", ""kind"": ""static_obstacle"", ""x"": 50.0, ""y"": 50.0, ""radius"": 5.0}]"
naive_fusion,200,40.0,2,71.891,53.589,86.0,90.0,50.0,50.0,,,false_negative+position_noise+confidence_error,,naive_fusion,move,2,0,39.049,6.999,17.183,uav_3,6.999,False,False,False,False,False,1,"[{""id"": ""obstacle_0"", ""kind"": ""static_obstacle"", ""x"": 50.0, ""y"": 50.0, ""radius"": 5.0}]"
naive_fusion,200,40.0,3,75.991,59.262,90.0,86.0,50.0,50.0,,,false_negative+confidence_error,,naive_fusion,move,0,0,30.186,6.999,22.592,uav_2,6.999,False,False,False,False,False,1,"[{""id"": ""obstacle_0"", ""kind"": ""static_obstacle"", ""x"": 50.0, ""y"": 50.0, ""radius"": 5.0}]"
naive_fusion,201,40.2,0,68.956,45.948,94.0,90.0,50.0,50.0,50.657,48.265,false_negative+position_noise+confidence_error,0.282,naive_fusion,avoidance,1,0,50.674,5.526,14.384,uav_1,5.526,False,False,False,False,False,1,"[{""id"": ""obstacle_0"", ""kind"": ""static_obstacle"", ""x"": 50.0, ""y"": 50.0, ""radius"": 5.0}]"
naive_fusion,201,40.2,1,63.448,45.495,90.0,94.0,50.0,50.0,50.657,48.265,position_noise+confidence_error,0.282,naive_fusion,avoidance,3,0,55.297,5.526,9.182,uav_0,5.526,False,False,False,False,False,1,"[{""id"": ""obstacle_0"", ""kind"": ""static_obstacle"", ""x"": 50.0, ""y"": 50.0, ""radius"": 5.0}]"
naive_fusion,201,40.2,2,72.036,53.962,86.0,90.0,50.0,50.0,,,position_noise+confidence_error,,naive_fusion,move,3,0,38.649,7.008,17.389,uav_3,7.008,False,False,False,False,False,1,"[{""id"": ""obstacle_0"", ""kind"": ""static_obstacle"", ""x"": 50.0, ""y"": 50.0, ""radius"": 5.0}]"
naive_fusion,201,40.2,3,76.176,59.617,90.0,86.0,50.0,50.0,,,position_noise+confidence_error,,naive_fusion,move,1,0,29.786,7.008,22.887,uav_2,7.008,False,False,False,False,False,1,"[{""id"": ""obstacle_0"", ""kind"": ""static_obstacle"", ""x"": 50.0, ""y"": 50.0, ""radius"": 5.0}]"
naive_fusion,202,40.4,0,69.256,46.213,94.0,90.0,50.0,50.0,49.767,50.902,false_negative+position_noise+confidence_error,0.423,naive_fusion,avoidance,2,0,50.295,5.523,14.624,uav_1,5.523,False,False,False,False,False,1,"[{""id"": ""obstacle_0"", ""kind"": ""static_obstacle"", ""x"": 50.0, ""y"": 50.0, ""radius"": 5.0}]"
naive_fusion,202,40.4,1,63.752,45.755,90.0,94.0,50.0,50.0,49.767,50.902,position_noise+confidence_error,0.423,naive_fusion,avoidance,3,0,54.923,5.523,9.392,uav_0,5.523,False,False,False,False,False,1,"[{""id"": ""obstacle_0"", ""kind"": ""static_obstacle"", ""x"": 50.0, ""y"": 50.0, ""radius"": 5.0}]"
naive_fusion,202,40.4,2,72.18,54.335,86.0,90.0,50.0,50.0,,,position_noise+confidence_error,,naive_fusion,move,3,0,38.249,7.017,17.6,uav_3,7.017,False,False,False,False,False,1,"[{""id"": ""obstacle_0"", ""kind"": ""static_obstacle"", ""x"": 50.0, ""y"": 50.0, ""radius"": 5.0}]"
naive_fusion,202,40.4,3,76.362,59.971,90.0,86.0,50.0,50.0,,,position_noise+confidence_error,,naive_fusion,move,1,0,29.386,7.017,23.185,uav_2,7.017,False,False,False,False,False,1,"[{""id"": ""obstacle_0"", ""kind"": ""static_obstacle"", ""x"": 50.0, ""y"": 50.0, ""radius"": 5.0}]"
naive_fusion,203,40.6,0,69.522,46.511,94.0,90.0,50.0,50.0,49.836,50.176,position_noise+confidence_error,0.14,naive_fusion,avoidance,3,0,49.905,5.496,14.832,uav_1,5.496,False,False,False,False,False,1,"[{""id"": ""obstacle_0"", ""kind"": ""static_obstacle"", ""x"": 50.0, ""y"": 50.0, ""radius"": 5.0}]"
naive_fusion,203,40.6,1,64.048,46.024,90.0,94.0,50.0,50.0,49.836,50.176,position_noise+confidence_error,0.14,naive_fusion,avoidance,3,0,54.546,5.496,9.6,uav_0,5.496,False,False,False,False,False,1,"[{""id"": ""obstacle_0"", ""kind"": ""static_obstacle"", ""x"": 50.0, ""y"": 50.0, ""radius"": 5.0}]"
naive_fusion,203,40.6,2,72.325,54.708,86.0,90.0,50.0,50.0,,,false_negative+position_noise+confidence_error,,naive_fusion,move,1,0,37.849,7.027,17.816,uav_3,7.027,False,False,False,False,False,1,"[{""id"": ""obstacle_0"", ""kind"": ""static_obstacle"", ""x"": 50.0, ""y"": 50.0, ""radius"": 5.0}]"
naive_fusion,203,40.6,3,76.548,60.325,90.0,86.0,50.0,50.0,,,position_noise+confidence_error,,naive_fusion,move,1,0,28.986,7.027,23.485,uav_2,7.027,False,False,False,False,False,1,"[{""id"": ""obstacle_0"", ""kind"": ""static_obstacle"", ""x"": 50.0, ""y"": 50.0, ""radius"": 5.0}]"
naive_fusion,204,40.8,0,69.789,46.809,94.0,90.0,50.0,50.0,51.337,49.482,position_noise+confidence_error,0.458,naive_fusion,avoidance,3,0,49.514,5.466,15.045,uav_1,5.466,False,False,False,False,False,1,"[{""id"": ""obstacle_0"", ""kind"": ""static_obstacle"", ""x"": 50.0, ""y"": 50.0, ""radius"": 5.0}]"
naive_fusion,204,40.8,1,64.348,46.289,90.0,94.0,50.0,50.0,51.337,49.482,false_negative+position_noise+confidence_error,0.458,naive_fusion,avoidance,2,0,54.17,5.466,9.82,uav_0,5.466,False,False,False,False,False,1,"[{""id"": ""obstacle_0"", ""kind"": ""static_obstacle"", ""x"": 50.0, ""y"": 50.0, ""radius"": 5.0}]"
naive_fusion,204,40.8,2,72.469,55.081,86.0,90.0,50.0,50.0,,,position_noise+confidence_error,,naive_fusion,move,3,0,37.449,7.037,18.037,uav_3,7.037,False,False,False,False,False,1,"[{""id"": ""obstacle_0"", ""kind"": ""static_obstacle"", ""x"": 50.0, ""y"": 50.0, ""radius"": 5.0}]"
naive_fusion,204,40.8,3,76.733,60.68,90.0,86.0,50.0,50.0,,,position_noise+confidence_error,,naive_fusion,move,1,0,28.586,7.037,23.787,uav_2,7.037,False,False,False,False,False,1,"[{""id"": ""obstacle_0"", ""kind"": ""static_obstacle"", ""x"": 50.0, ""y"": 50.0, ""radius"": 5.0}]"
naive_fusion,205,41.0,0,69.985,47.158,94.0,90.0,50.0,50.0,,,position_noise+confidence_error,,naive_fusion,move,2,0,49.114,5.398,15.186,uav_1,5.398,False,False,False,False,False,1,"[{""id"": ""obstacle_0"", ""kind"": ""static_obstacle"", ""x"": 50.0, ""y"": 50.0, ""radius"": 5.0}]"
naive_fusion,205,41.0,1,64.617,46.585,90.0,94.0,50.0,50.0,47.389,49.32,position_noise+confidence_error,0.33,naive_fusion,avoidance,3,0,53.782,5.398,10.011,uav_0,5.398,False,False,False,False,False,1,"[{""id"": ""obstacle_0"", ""kind"": ""static_obstacle"", ""x"": 50.0, ""y"": 50.0, ""radius"": 5.0}]"
naive_fusion,205,41.0,2,72.614,55.454,86.0,90.0,50.0,50.0,,,false_negative+position_noise+confidence_error,,naive_fusion,move,1,0,37.049,7.047,18.262,uav_3,7.047,False,False,False,False,False,1,"[{""id"": ""obstacle_0"", ""kind"": ""static_obstacle"", ""x"": 50.0, ""y"": 50.0, ""radius"": 5.0}]"
naive_fusion,205,41.0,3,76.919,61.034,90.0,86.0,50.0,50.0,,,position_noise+confidence_error,,naive_fusion,move,1,0,28.186,7.047,24.092,uav_2,7.047,False,False,False,False,False,1,"[{""id"": ""obstacle_0"", ""kind"": ""static_obstacle"", ""x"": 50.0, ""y"": 50.0, ""radius"": 5.0}]"
naive_fusion,206,41.2,0,70.18,47.506,94.0,90.0,50.0,50.0,,,position_noise+confidence_error,,naive_fusion,move,2,0,48.714,5.317,15.334,uav_1,5.317,False,False,False,False,False,1,"[{""id"": ""obstacle_0"", ""kind"": ""static_obstacle"", ""x"": 50.0, ""y"": 50.0, ""radius"": 5.0}]"
naive_fusion,206,41.2,1,64.902,46.865,90.0,94.0,50.0,50.0,49.23,51.132,position_noise+confidence_error,0.38,naive_fusion,avoidance,3,0,53.401,5.317,10.229,uav_0,5.317,False,False,False,False,False,1,"[{""id"": ""obstacle_0"", ""kind"": ""static_obstacle"", ""x"": 50.0, ""y"": 50.0, ""radius"": 5.0}]"
naive_fusion,206,41.2,2,72.758,55.827,86.0,90.0,50.0,50.0,,,false_negative+position_noise+confidence_error,,naive_fusion,move,2,0,36.649,7.058,18.492,uav_3,7.058,False,False,False,False,False,1,"[{""id"": ""obstacle_0"", ""kind"": ""static_obstacle"", ""x"": 50.0, ""y"": 50.0, ""radius"": 5.0}]"
naive_fusion,206,41.2,3,77.104,61.388,90.0,86.0,50.0,50.0,,,position_noise+confidence_error,,naive_fusion,move,1,0,27.786,7.058,24.4,uav_2,7.058,False,False,False,False,False,1,"[{""id"": ""obstacle_0"", ""kind"": ""static_obstacle"", ""x"": 50.0, ""y"": 50.0, ""radius"": 5.0}]"
naive_fusion,207,41.4,0,70.376,47.855,94.0,90.0,50.0,50.0,,,position_noise+confidence_error,,naive_fusion,move,2,0,48.314,5.324,15.488,uav_1,5.324,False,False,False,False,False,1,"[{""id"": ""obstacle_0"", ""kind"": ""static_obstacle"", ""x"": 50.0, ""y"": 50.0, ""radius"": 5.0}]"
naive_fusion,207,41.4,1,65.09,47.218,90.0,94.0,50.0,50.0,,,false_negative+position_noise+confidence_error,,naive_fusion,move,1,0,53.001,5.324,10.345,uav_0,5.324,False,False,False,False,False,1,"[{""id"": ""obstacle_0"", ""kind"": ""static_obstacle"", ""x"": 50.0, ""y"": 50.0, ""radius"": 5.0}]"
naive_fusion,207,41.4,2,72.903,56.2,86.0,90.0,50.0,50.0,,,false_negative+position_noise+confidence_error,,naive_fusion,move,2,0,36.249,7.068,18.727,uav_3,7.068,False,False,False,False,False,1,"[{""id"": ""obstacle_0"", ""kind"": ""static_obstacle"", ""x"": 50.0, ""y"": 50.0, ""radius"": 5.0}]"
naive_fusion,207,41.4,3,77.29,61.742,90.0,86.0,50.0,50.0,,,position_noise+confidence_error,,naive_fusion,move,1,0,27.386,7.068,24.709,uav_2,7.068,False,False,False,False,False,1,"[{""id"": ""obstacle_0"", ""kind"": ""static_obstacle"", ""x"": 50.0, ""y"": 50.0, ""radius"": 5.0}]"
naive_fusion,208,41.6,0,70.645,48.152,94.0,90.0,50.0,50.0,54.176,49.672,position_noise+confidence_error,0.455,naive_fusion,avoidance,3,0,47.924,5.291,15.727,uav_1,5.291,False,False,False,False,False,1,"[{""id"": ""obstacle_0"", ""kind"": ""static_obstacle"", ""x"": 50.0, ""y"": 50.0, ""radius"": 5.0}]"
naive_fusion,208,41.6,1,65.398,47.474,90.0,94.0,50.0,50.0,54.176,49.672,position_noise+confidence_error,0.455,naive_fusion,avoidance,3,0,52.63,5.291,10.603,uav_0,5.291,False,False,False,False,False,1,"[{""id"": ""obstacle_0"", ""kind"": ""static_obstacle"", ""x"": 50.0, ""y"": 50.0, ""radius"": 5.0}]"
naive_fusion,208,41.6,2,73.08,56.559,86.0,90.0,50.0,50.0,54.176,49.672,false_negative+position_noise+confidence_error,0.455,naive_fusion,avoidance,3,0,35.85,7.07,18.994,uav_3,7.07,False,False,False,False,False,1,"[{""id"": ""obstacle_0"", ""kind"": ""static_obstacle"", ""x"": 50.0, ""y"": 50.0, ""radius"": 5.0}]"
naive_fusion,208,41.6,3,77.476,62.097,90.0,86.0,50.0,50.0,,,position_noise+confidence_error,,naive_fusion,move,1,0,26.986,7.07,25.021,uav_2,7.07,False,False,False,False,False,1,"[{""id"": ""obstacle_0"", ""kind"": ""static_obstacle"", ""x"": 50.0, ""y"": 50.0, ""radius"": 5.0}]"
naive_fusion,209,41.8,0,70.913,48.448,94.0,90.0,50.0,50.0,52.934,51.235,position_noise+confidence_error,0.514,naive_fusion,avoidance,3,0,47.535,5.261,15.971,uav_1,5.261,False,False,False,False,False,1,"[{""id"": ""obstacle_0"", ""kind"": ""static_obstacle"", ""x"": 50.0, ""y"": 50.0, ""radius"": 5.0}]"
naive_fusion,209,41.8,1,65.7,47.735,90.0,94.0,50.0,50.0,52.934,51.235,position_noise+confidence_error,0.514,naive_fusion,avoidance,3,0,52.258,5.261,10.863,uav_0,5.261,False,False,False,False,False,1,"[{""id"": ""obstacle_0"", ""kind"": ""static_obstacle"", ""x"": 50.0, ""y"": 50.0, ""radius"": 5.0}]"
naive_fusion,209,41.8,2,73.225,56.932,86.0,90.0,50.0,50.0,,,false_negative+position_noise+confidence_error,,naive_fusion,move,2,0,35.45,7.081,19.237,uav_3,7.081,False,False,False,False,False,1,"[{""id"": ""obstacle_0"", ""kind"": ""static_obstacle"", ""x"": 50.0, ""y"": 50.0, ""radius"": 5.0}]"
naive_fusion,209,41.8,3,77.661,62.451,90.0,86.0,50.0,50.0,,,position_noise+confidence_error,,naive_fusion,move,1,0,26.586,7.081,25.334,uav_2,7.081,False,False,False,False,False,1,"[{""id"": ""obstacle_0"", ""kind"": ""static_obstacle"", ""x"": 50.0, ""y"": 50.0, ""radius"": 5.0}]"
naive_fusion,210,42.0,0,71.222,48.702,94.0,90.0,50.0,50.0,,,false_negative+position_noise+confidence_error,,naive_fusion,avoidance,1,0,47.163,5.298,16.262,uav_1,5.298,False,False,False,False,False,1,"[{""id"": ""obstacle_0"", ""kind"": ""static_obstacle"", ""x"": 50.0, ""y"": 50.0, ""radius"": 5.0}]"
naive_fusion,210,42.0,1,65.967,48.034,90.0,94.0,50.0,50.0,47.194,52.269,position_noise+confidence_error,0.195,naive_fusion,avoidance,3,0,51.87,5.298,11.088,uav_0,5.298,False,False,False,False,False,1,"[{""id"": ""obstacle_0"", ""kind"": ""static_obstacle"", ""x"": 50.0, ""y"": 50.0, ""radius"": 5.0}]"
naive_fusion,210,42.0,2,73.369,57.305,86.0,90.0,50.0,50.0,,,position_noise+confidence_error,,naive_fusion,move,3,0,35.05,7.093,19.484,uav_3,7.093,False,False,False,False,False,1,"[{""id"": ""obstacle_0"", ""kind"": ""static_obstacle"", ""x"": 50.0, ""y"": 50.0, ""radius"": 5.0}]"
naive_fusion,210,42.0,3,77.847,62.805,90.0,86.0,50.0,50.0,,,position_noise+confidence_error,,naive_fusion,move,1,0,26.186,7.093,25.65,uav_2,7.093,False,False,False,False,False,1,"[{""id"": ""obstacle_0"", ""kind"": ""static_obstacle"", ""x"": 50.0, ""y"": 50.0, ""radius"": 5.0}]"
naive_fusion,211,42.2,0,71.415,49.052,94.0,90.0,50.0,50.0,,,false_negative+position_noise+confidence_error,,naive_fusion,move,1,0,46.763,5.236,16.436,uav_1,5.236,False,False,False,False,False,1,"[{""id"": ""obstacle_0"", ""kind"": ""static_obstacle"", ""x"": 50.0, ""y"": 50.0, ""radius"": 5.0}]"
naive_fusion,211,42.2,1,66.229,48.336,90.0,94.0,50.0,50.0,49.769,49.624,position_noise+confidence_error,0.332,naive_fusion,avoidance,3,0,51.481,5.236,11.314,uav_0,5.236,False,False,False,False,False,1,"[{""id"": ""obstacle_0"", ""kind"": ""static_obstacle"", ""x"": 50.0, ""y"": 50.0, ""radius"": 5.0}]"
naive_fusion,211,42.2,2,73.513,57.678,86.0,90.0,50.0,50.0,,,false_negative+position_noise+confidence_error,,naive_fusion,move,2,0,34.65,7.105,19.735,uav_3,7.105,False,False,False,False,False,1,"[{""id"": ""obstacle_0"", ""kind"": ""static_obstacle"", ""x"": 50.0, ""y"": 50.0, ""radius"": 5.0}]"
naive_fusion,211,42.2,3,78.033,63.16,90.0,86.0,50.0,50.0,,,position_noise+confidence_error,,naive_fusion,move,1,0,25.786,7.105,25.968,uav_2,7.105,False,False,False,False,False,1,"[{""id"": ""obstacle_0"", ""kind"": ""static_obstacle"", ""x"": 50.0, ""y"": 50.0, ""radius"": 5.0}]"
naive_fusion,212,42.4,0,71.609,49.403,94.0,90.0,50.0,50.0,,,position_noise+confidence_error,,naive_fusion,move,2,0,46.363,5.173,16.617,uav_1,5.173,False,False,False,False,False,1,"[{""id"": ""obstacle_0"", ""kind"": ""static_obstacle"", ""x"": 50.0, ""y"": 50.0, ""radius"": 5.0}]"
naive_fusion,212,42.4,1,66.492,48.637,90.0,94.0,50.0,50.0,51.288,49.404,position_noise+confidence_error,0.342,naive_fusion,avoidance,3,0,51.092,5.173,11.549,uav_0,5.173,False,False,False,False,False,1,"[{""id"": ""obstacle_0"", ""kind"": ""static_obstacle"", ""x"": 50.0, ""y"": 50.0, ""radius"": 5.0}]"
naive_fusion,212,42.4,2,73.657,58.051,86.0,90.0,50.0,50.0,,,position_noise+confidence_error,,naive_fusion,move,3,0,34.25,7.117,19.99,uav_3,7.117,False,False,False,False,False,1,"[{""id"": ""obstacle_0"", ""kind"": ""static_obstacle"", ""x"": 50.0, ""y"": 50.0, ""radius"": 5.0}]"
naive_fusion,212,42.4,3,78.218,63.514,90.0,86.0,50.0,50.0,,,position_noise+confidence_error,,naive_fusion,move,1,0,25.386,7.117,26.287,uav_2,7.117,False,False,False,False,False,1,"[{""id"": ""obstacle_0"", ""kind"": ""static_obstacle"", ""x"": 50.0, ""y"": 50.0, ""radius"": 5.0}]"
naive_fusion,213,42.6,0,71.802,49.753,94.0,90.0,50.0,50.0,,,position_noise+confidence_error,,naive_fusion,move,2,0,45.963,5.125,16.803,uav_1,5.125,False,False,False,False,False,1,"[{""id"": ""obstacle_0"", ""kind"": ""static_obstacle"", ""x"": 50.0, ""y"": 50.0, ""radius"": 5.0}]"
naive_fusion,213,42.6,1,66.74,48.951,90.0,94.0,50.0,50.0,49.156,48.913,false_negative+position_noise+confidence_error,0.307,naive_fusion,avoidance,1,0,50.699,5.125,11.773,uav_0,5.125,False,False,False,False,False,1,"[{""id"": ""obstacle_0"", ""kind"": ""static_obstacle"", ""x"": 50.0, ""y"": 50.0, ""radius"": 5.0}]"
naive_fusion,213,42.6,2,73.801,58.424,86.0,90.0,50.0,50.0,,,false_negative+position_noise+confidence_error,,naive_fusion,move,1,0,33.85,7.129,20.248,uav_3,7.129,False,False,False,False,False,1,"[{""id"": ""obstacle_0"", ""kind"": ""static_obstacle"", ""x"": 50.0, ""y"": 50.0, ""radius"": 5.0}]"
naive_fusion,213,42.6,3,78.404,63.868,90.0,86.0,50.0,50.0,,,false_negative+confidence_error,,naive_fusion,move,0,0,24.986,7.129,26.609,uav_2,7.129,False,False,False,False,False,1,"[{""id"": ""obstacle_0"", ""kind"": ""static_obstacle"", ""x"": 50.0, ""y"": 50.0, ""radius"": 5.0}]"
naive_fusion,214,42.8,0,71.995,50.103,94.0,90.0,50.0,50.0,,,position_noise+confidence_error,,naive_fusion,move,2,0,45.563,5.133,16.995,uav_1,5.133,False,False,False,False,False,1,"[{""id"": ""obstacle_0"", ""kind"": ""static_obstacle"", ""x"": 50.0, ""y"": 50.0, ""radius"": 5.0}]"
naive_fusion,214,42.8,1,66.924,49.306,90.0,94.0,50.0,50.0,,,false_negative+position_noise+confidence_error,,naive_fusion,move,2,0,50.299,5.133,11.938,uav_0,5.133,False,False,False,False,False,1,"[{""id"": ""obstacle_0"", ""kind"": ""static_obstacle"", ""x"": 50.0, ""y"": 50.0, ""radius"": 5.0}]"
naive_fusion,214,42.8,2,73.945,58.797,86.0,90.0,50.0,50.0,,,position_noise+confidence_error,,naive_fusion,move,3,0,33.45,7.142,20.51,uav_3,7.142,False,False,False,False,False,1,"[{""id"": ""obstacle_0"", ""kind"": ""static_obstacle"", ""x"": 50.0, ""y"": 50.0, ""radius"": 5.0}]"
naive_fusion,214,42.8,3,78.59,64.223,90.0,86.0,50.0,50.0,,,position_noise+confidence_error,,naive_fusion,move,1,0,24.586,7.142,26.932,uav_2,7.142,False,False,False,False,False,1,"[{""id"": ""obstacle_0"", ""kind"": ""static_obstacle"", ""x"": 50.0, ""y"": 50.0, ""radius"": 5.0}]"
naive_fusion,215,43.0,0,72.188,50.453,94.0,90.0,50.0,50.0,,,false_negative+position_noise+confidence_error,,naive_fusion,move,1,0,45.163,5.082,17.193,uav_1,5.082,False,False,False,False,False,1,"[{""id"": ""obstacle_0"", ""kind"": ""static_obstacle"", ""x"": 50.0, ""y"": 50.0, ""radius"": 5.0}]"
naive_fusion,215,43.0,1,67.175,49.618,90.0,94.0,50.0,50.0,50.167,49.796,position_noise+confidence_error,0.279,naive_fusion,avoidance,3,0,49.908,5.082,12.179,uav_0,5.082,False,False,False,False,False,1,"[{""id"": ""obstacle_0"", ""kind"": ""static_obstacle"", ""x"": 50.0, ""y"": 50.0, ""radius"": 5.0}]"
naive_fusion,215,43.0,2,74.09,59.171,86.0,90.0,50.0,50.0,,,position_noise+confidence_error,,naive_fusion,move,3,0,33.05,7.154,20.776,uav_3,7.154,False,False,False,False,False,1,"[{""id"": ""obstacle_0"", ""kind"": ""static_obstacle"", ""x"": 50.0, ""y"": 50.0, ""radius"": 5.0}]"
naive_fusion,215,43.0,3,78.775,64.577,90.0,86.0,50.0,50.0,,,position_noise+confidence_error,,naive_fusion,move,1,0,24.186,7.154,27.257,uav_2,7.154,False,False,False,False,False,1,"[{""id"": ""obstacle_0"", ""kind"": ""static_obstacle"", ""x"": 50.0, ""y"": 50.0, ""radius"": 5.0}]"
naive_fusion,216,43.2,0,72.381,50.804,94.0,90.0,50.0,50.0,,,position_noise+confidence_error,,naive_fusion,move,2,0,44.763,5.043,17.396,uav_1,5.043,False,False,False,False,False,1,"[{""id"": ""obstacle_0"", ""kind"": ""static_obstacle"", ""x"": 50.0, ""y"": 50.0, ""radius"": 5.0}]"
naive_fusion,216,43.2,1,67.413,49.939,90.0,94.0,50.0,50.0,50.864,48.16,position_noise+confidence_error,0.345,naive_fusion,avoidance,3,0,49.513,5.043,12.413,uav_0,5.043,False,False,False,False,False,1,"[{""id"": ""obstacle_0"", ""kind"": ""static_obstacle"", ""x"": 50.0, ""y"": 50.0, ""radius"": 5.0}]"
naive_fusion,216,43.2,2,74.234,59.544,86.0,90.0,50.0,50.0,,,position_noise+confidence_error,,naive_fusion,move,3,0,32.65,7.167,21.045,uav_3,7.167,False,False,False,False,False,1,"[{""id"": ""obstacle_0"", ""kind"": ""static_obstacle"", ""x"": 50.0, ""y"": 50.0, ""radius"": 5.0}]"
naive_fusion,216,43.2,3,78.961,64.931,90.0,86.0,50.0,50.0,,,position_noise+confidence_error,,naive_fusion,move,1,0,23.786,7.167,27.583,uav_2,7.167,False,False,False,False,False,1,"[{""id"": ""obstacle_0"", ""kind"": ""static_obstacle"", ""x"": 50.0, ""y"": 50.0, ""radius"": 5.0}]"
naive_fusion,217,43.4,0,72.575,51.154,94.0,90.0,50.0,50.0,,,false_negative+position_noise+confidence_error,,naive_fusion,move,1,0,44.363,5.053,17.604,uav_1,5.053,False,False,False,False,False,1,"[{""id"": ""obstacle_0"", ""kind"": ""static_obstacle"", ""x"": 50.0, ""y"": 50.0, ""radius"": 5.0}]"
naive_fusion,217,43.4,1,67.595,50.295,90.0,94.0,50.0,50.0,,,false_negative+position_noise+confidence_error,,naive_fusion,move,2,0,49.113,5.053,12.598,uav_0,5.053,False,False,False,False,False,1,"[{""id"": ""obstacle_0"", ""kind"": ""static_obstacle"", ""x"": 50.0, ""y"": 50.0, ""radius"": 5.0}]"
naive_fusion,217,43.4,2,74.378,59.917,86.0,90.0,50.0,50.0,,,false_negative+position_noise+confidence_error,,naive_fusion,move,2,0,32.25,7.181,21.318,uav_3,7.181,False,False,False,False,False,1,"[{""id"": ""obstacle_0"", ""kind"": ""static_obstacle"", ""x"": 50.0, ""y"": 50.0, ""radius"": 5.0}]"
naive_fusion,217,43.4,3,79.147,65.286,90.0,86.0,50.0,50.0,,,false_negative+confidence_error,,naive_fusion,move,0,0,23.386,7.181,27.912,uav_2,7.181,False,False,False,False,False,1,"[{""id"": ""obstacle_0"", ""kind"": ""static_obstacle"", ""x"": 50.0, ""y"": 50.0, ""radius"": 5.0}]"
naive_fusion,218,43.6,0,72.768,51.504,94.0,90.0,50.0,50.0,,,false_negative+confidence_error,,naive_fusion,move,0,0,43.963,5.291,17.817,uav_1,5.291,False,False,False,False,False,1,"[{""id"": ""obstacle_0"", ""kind"": ""static_obstacle"", ""x"": 50.0, ""y"": 50.0, ""radius"": 5.0}]"
naive_fusion,218,43.6,1,67.721,49.915,90.0,94.0,50.0,50.0,,,false_negative+position_noise+confidence_error,,naive_fusion,avoidance,2,0,49.394,5.291,12.721,uav_0,5.291,False,False,False,False,False,1,"[{""id"": ""obstacle_0"", ""kind"": ""static_obstacle"", ""x"": 50.0, ""y"": 50.0, ""radius"": 5.0}]"
naive_fusion,218,43.6,2,74.522,60.29,86.0,90.0,50.0,50.0,,,false_negative+position_noise+confidence_error,,naive_fusion,move,2,0,31.85,7.194,21.593,uav_3,7.194,False,False,False,False,False,1,"[{""id"": ""obstacle_0"", ""kind"": ""static_obstacle"", ""x"": 50.0, ""y"": 50.0, ""radius"": 5.0}]"
naive_fusion,218,43.6,3,79.332,65.64,90.0,86.0,50.0,50.0,,,position_noise+confidence_error,,naive_fusion,move,1,0,22.986,7.194,28.241,uav_2,7.194,False,False,False,False,False,1,"[{""id"": ""obstacle_0"", ""kind"": ""static_obstacle"", ""x"": 50.0, ""y"": 50.0, ""radius"": 5.0}]"
naive_fusion,219,43.8,0,72.961,51.854,94.0,90.0,50.0,50.0,,,position_noise+confidence_error,,naive_fusion,move,2,0,43.563,5.256,18.036,uav_1,5.256,False,False,False,False,False,1,"[{""id"": ""obstacle_0"", ""kind"": ""static_obstacle"", ""x"": 50.0, ""y"": 50.0, ""radius"": 5.0}]"
naive_fusion,219,43.8,1,67.96,50.236,90.0,94.0,50.0,50.0,50.495,49.211,position_noise+confidence_error,0.096,naive_fusion,avoidance,3,0,49.001,5.256,12.962,uav_0,5.256,False,False,False,False,False,1,"[{""id"": ""obstacle_0"", ""kind"": ""static_obstacle"", ""x"": 50.0, ""y"": 50.0, ""radius"": 5.0}]"
naive_fusion,219,43.8,2,74.666,60.663,86.0,90.0,50.0,50.0,,,false_negative+position_noise+confidence_error,,naive_fusion,move,2,0,31.45,7.208,21.872,uav_3,7.208,False,False,False,False,False,1,"[{""id"": ""obstacle_0"", ""kind"": ""static_obstacle"", ""x"": 50.0, ""y"": 50.0, ""radius"": 5.0}]"
naive_fusion,219,43.8,3,79.518,65.994,90.0,86.0,50.0,50.0,,,position_noise+confidence_error,,naive_fusion,move,1,0,22.586,7.208,28.573,uav_2,7.208,False,False,False,False,False,1,"[{""id"": ""obstacle_0"", ""kind"": ""static_obstacle"", ""x"": 50.0, ""y"": 50.0, ""radius"": 5.0}]"
naive_fusion,220,44.0,0,73.154,52.205,94.0,90.0,50.0,50.0,,,position_noise+confidence_error,,naive_fusion,move,2,0,43.163,5.23,18.259,uav_1,5.23,False,False,False,False,False,1,"[{""id"": ""obstacle_0"", ""kind"": ""static_obstacle"", ""x"": 50.0, ""y"": 50.0, ""radius"": 5.0}]"
naive_fusion,220,44.0,1,68.188,50.565,90.0,94.0,50.0,50.0,52.086,47.564,position_noise+confidence_error,0.452,naive_fusion,avoidance,3,0,48.604,5.23,13.196,uav_0,5.23,False,False,False,False,False,1,"[{""id"": ""obstacle_0"", ""kind"": ""static_obstacle"", ""x"": 50.0, ""y"": 50.0, ""radius"": 5.0}]"
naive_fusion,220,44.0,2,74.81,61.036,86.0,90.0,50.0,50.0,,,position_noise+confidence_error,,naive_fusion,move,3,0,31.05,7.222,22.154,uav_3,7.222,False,False,False,False,False,1,"[{""id"": ""obstacle_0"", ""kind"": ""static_obstacle"", ""x"": 50.0, ""y"": 50.0, ""radius"": 5.0}]"
naive_fusion,220,44.0,3,79.703,66.349,90.0,86.0,50.0,50.0,,,position_noise+confidence_error,,naive_fusion,move,1,0,22.186,7.222,28.905,uav_2,7.222,False,False,False,False,False,1,"[{""id"": ""obstacle_0"", ""kind"": ""static_obstacle"", ""x"": 50.0, ""y"": 50.0, ""radius"": 5.0}]"
naive_fusion,221,44.2,0,73.347,52.555,94.0,90.0,50.0,50.0,,,position_noise+confidence_error,,naive_fusion,move,2,0,42.763,5.19,18.487,uav_1,5.19,False,False,False,False,False,1,"[{""id"": ""obstacle_0"", ""kind"": ""static_obstacle"", ""x"": 50.0, ""y"": 50.0, ""radius"": 5.0}]"
naive_fusion,221,44.2,1,68.435,50.879,90.0,94.0,50.0,50.0,50.741,51.253,position_noise+confidence_error,0.518,naive_fusion,avoidance,3,0,48.213,5.19,13.456,uav_0,5.19,False,False,False,False,False,1,"[{""id"": ""obstacle_0"", ""kind"": ""static_obstacle"", ""x"": 50.0, ""y"": 50.0, ""radius"": 5.0}]"
naive_fusion,221,44.2,2,74.954,61.409,86.0,90.0,50.0,50.0,,,position_noise+confidence_error,,naive_fusion,move,3,0,30.65,7.237,22.439,uav_3,7.237,False,False,False,False,False,1,"[{""id"": ""obstacle_0"", ""kind"": ""static_obstacle"", ""x"": 50.0, ""y"": 50.0, ""radius"": 5.0}]"
naive_fusion,221,44.2,3,79.889,66.703,90.0,86.0,50.0,50.0,,,position_noise+confidence_error,,naive_fusion,move,1,0,21.786,7.237,29.239,uav_2,7.237,False,False,False,False,False,1,"[{""id"": ""obstacle_0"", ""kind"": ""static_obstacle"", ""x"": 50.0, ""y"": 50.0, ""radius"": 5.0}]"
naive_fusion,222,44.4,0,73.54,52.905,94.0,90.0,50.0,50.0,,,position_noise+confidence_error,,naive_fusion,move,2,0,42.363,5.201,18.719,uav_1,5.201,False,False,False,False,False,1,"[{""id"": ""obstacle_0"", ""kind"": ""static_obstacle"", ""x"": 50.0, ""y"": 50.0, ""radius"": 5.0}]"
naive_fusion,222,44.4,1,68.614,51.237,90.0,94.0,50.0,50.0,,,false_negative+position_noise+confidence_error,,naive_fusion,move,2,0,47.813,5.201,13.655,uav_0,5.201,False,False,False,False,False,1,"[{""id"": ""obstacle_0"", ""kind"": ""static_obstacle"", ""x"": 50.0, ""y"": 50.0, ""radius"": 5.0}]"
naive_fusion,222,44.4,2,75.099,61.782,86.0,90.0,50.0,50.0,,,false_negative+position_noise+confidence_error,,naive_fusion,move,2,0,30.25,7.252,22.727,uav_3,7.252,False,False,False,False,False,1,"[{""id"": ""obstacle_0"", ""kind"": ""static_obstacle"", ""x"": 50.0, ""y"": 50.0, ""radius"": 5.0}]"
naive_fusion,222,44.4,3,80.075,67.057,90.0,86.0,50.0,50.0,,,position_noise+confidence_error,,naive_fusion,move,1,0,21.386,7.252,29.575,uav_2,7.252,False,False,False,False,False,1,"[{""id"": ""obstacle_0"", ""kind"": ""static_obstacle"", ""x"": 50.0, ""y"": 50.0, ""radius"": 5.0}]"
naive_fusion,223,44.6,0,73.734,53.255,94.0,90.0,50.0,50.0,,,position_noise+confidence_error,,naive_fusion,move,2,0,41.963,5.159,18.956,uav_1,5.159,False,False,False,False,False,1,"[{""id"": ""obstacle_0"", ""kind"": ""static_obstacle"", ""x"": 50.0, ""y"": 50.0, ""radius"": 5.0}]"
naive_fusion,223,44.6,1,68.866,51.548,90.0,94.0,50.0,50.0,52.833,51.647,false_negative+position_noise+confidence_error,0.166,naive_fusion,avoidance,2,0,47.422,5.159,13.929,uav_0,5.159,False,False,False,False,False,1,"[{""id"": ""obstacle_0"", ""kind"": ""static_obstacle"", ""x"": 50.0, ""y"": 50.0, ""radius"": 5.0}]"
naive_fusion,223,44.6,2,75.243,62.156,86.0,90.0,50.0,50.0,,,position_noise+confidence_error,,naive_fusion,move,3,0,29.85,7.266,23.017,uav_3,7.266,False,False,False,False,False,1,"[{""id"": ""obstacle_0"", ""kind"": ""static_obstacle"", ""x"": 50.0, ""y"": 50.0, ""radius"": 5.0}]"
naive_fusion,223,44.6,3,80.26,67.411,90.0,86.0,50.0,50.0,,,position_noise+confidence_error,,naive_fusion,move,1,0,20.986,7.266,29.912,uav_2,7.266,False,False,False,False,False,1,"[{""id"": ""obstacle_0"", ""kind"": ""static_obstacle"", ""x"": 50.0, ""y"": 50.0, ""radius"": 5.0}]"
naive_fusion,224,44.8,0,73.927,53.606,94.0,90.0,50.0,50.0,,,false_negative+position_noise+confidence_error,,naive_fusion,move,1,0,41.563,5.12,19.197,uav_1,5.12,False,False,False,False,False,1,"[{""id"": ""obstacle_0"", ""kind"": ""static_obstacle"", ""x"": 50.0, ""y"": 50.0, ""radius"": 5.0}]"
naive_fusion,224,44.8,1,69.113,51.862,90.0,94.0,50.0,50.0,53.508,51.229,false_negative+position_noise+confidence_error,0.447,naive_fusion,avoidance,2,0,47.03,5.12,14.204,uav_0,5.12,False,False,False,False,False,1,"[{""id"": ""obstacle_0"", ""kind"": ""static_obstacle"", ""x"": 50.0, ""y"": 50.0, ""radius"": 5.0}]"
naive_fusion,224,44.8,2,75.387,62.529,86.0,90.0,50.0,50.0,,,position_noise+confidence_error,,naive_fusion,move,3,0,29.45,7.282,23.31,uav_3,7.282,False,False,False,False,False,1,"[{""id"": ""obstacle_0"", ""kind"": ""static_obstacle"", ""x"": 50.0, ""y"": 50.0, ""radius"": 5.0}]"
naive_fusion,224,44.8,3,80.446,67.766,90.0,86.0,50.0,50.0,,,position_noise+confidence_error,,naive_fusion,move,1,0,20.586,7.282,30.25,uav_2,7.282,False,False,False,False,False,1,"[{""id"": ""obstacle_0"", ""kind"": ""static_obstacle"", ""x"": 50.0, ""y"": 50.0, ""radius"": 5.0}]"
naive_fusion,225,45.0,0,74.12,53.956,94.0,90.0,50.0,50.0,,,false_negative+position_noise+confidence_error,,naive_fusion,move,1,0,41.163,5.132,19.442,uav_1,5.132,False,False,False,False,False,1,"[{""id"": ""obstacle_0"", ""kind"": ""static_obstacle"", ""x"": 50.0, ""y"": 50.0, ""radius"": 5.0}]"
naive_fusion,225,45.0,1,69.291,52.22,90.0,94.0,50.0,50.0,47.835,50.683,position_noise+confidence_error,0.046,naive_fusion,move,3,0,46.63,5.132,14.418,uav_0,5.132,False,False,False,False,False,1,"[{""id"": ""obstacle_0"", ""kind"": ""static_obstacle"", ""x"": 50.0, ""y"": 50.0, ""radius"": 5.0}]"
naive_fusion,225,45.0,2,75.531,62.902,86.0,90.0,50.0,50.0,,,position_noise+confidence_error,,naive_fusion,move,3,0,29.05,7.297,23.606,uav_3,7.297,False,False,False,False,False,1,"[{""id"": ""obstacle_0"", ""kind"": ""static_obstacle"", ""x"": 50.0, ""y"": 50.0, ""radius"": 5.0}]"
naive_fusion,225,45.0,3,80.632,68.12,90.0,86.0,50.0,50.0,,,false_negative+confidence_error,,naive_fusion,move,0,0,20.186,7.297,30.59,uav_2,7.297,False,False,False,False,False,1,"[{""id"": ""obstacle_0"", ""kind"": ""static_obstacle"", ""x"": 50.0, ""y"": 50.0, ""radius"": 5.0}]"
naive_fusion,226,45.2,0,74.313,54.306,94.0,90.0,50.0,50.0,,,false_negative+position_noise+confidence_error,,naive_fusion,move,1,0,40.763,5.1,19.692,uav_1,5.1,False,False,False,False,False,1,"[{""id"": ""obstacle_0"", ""kind"": ""static_obstacle"", ""x"": 50.0, ""y"": 50.0, ""radius"": 5.0}]"
naive_fusion,226,45.2,1,69.528,52.543,90.0,94.0,50.0,50.0,49.582,52.422,false_negative+position_noise+confidence_error,0.22,naive_fusion,avoidance,2,0,46.237,5.1,14.692,uav_0,5.1,False,False,False,False,False,1,"[{""id"": ""obstacle_0"", ""kind"": ""static_obstacle"", ""x"": 50.0, ""y"": 50.0, ""radius"": 5.0}]"
naive_fusion,226,45.2,2,75.675,63.275,86.0,90.0,50.0,50.0,,,false_negative+position_noise+confidence_error,,naive_fusion,move,1,0,28.65,7.313,23.904,uav_3,7.313,False,False,False,False,False,1,"[{""id"": ""obstacle_0"", ""kind"": ""static_obstacle"", ""x"": 50.0, ""y"": 50.0, ""radius"": 5.0}]"
naive_fusion,226,45.2,3,80.817,68.474,90.0,86.0,50.0,50.0,,,false_negative+confidence_error,,naive_fusion,move,0,0,19.786,7.313,30.931,uav_2,7.313,False,False,False,False,False,1,"[{""id"": ""obstacle_0"", ""kind"": ""static_obstacle"", ""x"": 50.0, ""y"": 50.0, ""radius"": 5.0}]"
naive_fusion,227,45.4,0,74.506,54.656,94.0,90.0,50.0,50.0,,,false_negative+position_noise+confidence_error,,naive_fusion,move,1,0,40.363,5.092,19.945,uav_1,5.092,False,False,False,False,False,1,"[{""id"": ""obstacle_0"", ""kind"": ""static_obstacle"", ""x"": 50.0, ""y"": 50.0, ""radius"": 5.0}]"
naive_fusion,227,45.4,1,69.732,52.886,90.0,94.0,50.0,50.0,52.06,47.15,position_noise+confidence_error,0.211,naive_fusion,avoidance,3,0,45.838,5.092,14.942,uav_0,5.092,False,False,False,False,False,1,"[{""id"": ""obstacle_0"", ""kind"": ""static_obstacle"", ""x"": 50.0, ""y"": 50.0, ""radius"": 5.0}]"
naive_fusion,227,45.4,2,75.819,63.648,86.0,90.0,50.0,50.0,,,position_noise+confidence_error,,naive_fusion,move,3,0,28.25,7.329,24.205,uav_3,7.329,False,False,False,False,False,1,"[{""id"": ""obstacle_0"", ""kind"": ""static_obstacle"", ""x"": 50.0, ""y"": 50.0, ""radius"": 5.0}]"
naive_fusion,227,45.4,3,81.003,68.829,90.0,86.0,50.0,50.0,,,position_noise+confidence_error,,naive_fusion,move,1,0,19.386,7.329,31.273,uav_2,7.329,False,False,False,False,False,1,"[{""id"": ""obstacle_0"", ""kind"": ""static_obstacle"", ""x"": 50.0, ""y"": 50.0, ""radius"": 5.0}]"
naive_fusion,228,45.6,0,74.7,55.007,94.0,90.0,50.0,50.0,,,position_noise+confidence_error,,naive_fusion,move,2,0,39.963,5.067,20.202,uav_1,5.067,False,False,False,False,False,1,"[{""id"": ""obstacle_0"", ""kind"": ""static_obstacle"", ""x"": 50.0, ""y"": 50.0, ""radius"": 5.0}]"
naive_fusion,228,45.6,1,69.959,53.216,90.0,94.0,50.0,50.0,52.202,50.754,position_noise+confidence_error,0.248,naive_fusion,avoidance,3,0,45.442,5.067,15.217,uav_0,5.067,False,False,False,False,False,1,"[{""id"": ""obstacle_0"", ""kind"": ""static_obstacle"", ""x"": 50.0, ""y"": 50.0, ""radius"": 5.0}]"
naive_fusion,228,45.6,2,75.963,64.021,86.0,90.0,50.0,50.0,,,position_noise+confidence_error,,naive_fusion,move,3,0,27.85,7.345,24.508,uav_3,7.345,False,False,False,False,False,1,"[{""id"": ""obstacle_0"", ""kind"": ""static_obstacle"", ""x"": 50.0, ""y"": 50.0, ""radius"": 5.0}]"
naive_fusion,228,45.6,3,81.189,69.183,90.0,86.0,50.0,50.0,,,false_negative+confidence_error,,naive_fusion,move,0,0,18.986,7.345,31.616,uav_2,7.345,False,False,False,False,False,1,"[{""id"": ""obstacle_0"", ""kind"": ""static_obstacle"", ""x"": 50.0, ""y"": 50.0, ""radius"": 5.0}]"
naive_fusion,229,45.8,0,74.893,55.357,94.0,90.0,50.0,50.0,,,false_negative+position_noise+confidence_error,,naive_fusion,move,1,0,39.563,5.08,20.463,uav_1,5.08,False,False,False,False,False,1,"[{""id"": ""obstacle_0"", ""kind"": ""static_obstacle"", ""x"": 50.0, ""y"": 50.0, ""radius"": 5.0}]"
naive_fusion,229,45.8,1,70.136,53.575,90.0,94.0,50.0,50.0,,,position_noise+confidence_error,,naive_fusion,move,2,0,45.042,5.08,15.451,uav_0,5.08,False,False,False,False,False,1,"[{""id"": ""obstacle_0"", ""kind"": ""static_obstacle"", ""x"": 50.0, ""y"": 50.0, ""radius"": 5.0}]"
naive_fusion,229,45.8,2,76.108,64.394,86.0,90.0,50.0,50.0,,,false_negative+position_noise+confidence_error,,naive_fusion,move,2,0,27.45,7.361,24.813,uav_3,7.361,False,False,False,False,False,1,"[{""id"": ""obstacle_0"", ""kind"": ""static_obstacle"", ""x"": 50.0, ""y"": 50.0, ""radius"": 5.0}]"
naive_fusion,229,45.8,3,81.374,69.537,90.0,86.0,50.0,50.0,,,position_noise+confidence_error,,naive_fusion,move,1,0,18.586,7.361,31.96,uav_2,7.361,False,False,False,False,False,1,"[{""id"": ""obstacle_0"", ""kind"": ""static_obstacle"", ""x"": 50.0, ""y"": 50.0, ""radius"": 5.0}]"
naive_fusion,230,46.0,0,75.086,55.707,94.0,90.0,50.0,50.0,,,false_negative+position_noise+confidence_error,,naive_fusion,move,1,0,39.163,5.092,20.727,uav_1,5.092,False,False,False,False,False,1,"[{""id"": ""obstacle_0"", ""kind"": ""static_obstacle"", ""x"": 50.0, ""y"": 50.0, ""radius"": 5.0}]"
naive_fusion,230,46.0,1,70.312,53.934,90.0,94.0,50.0,50.0,,,position_noise+confidence_error,,naive_fusion,move,2,0,44.642,5.092,15.69,uav_0,5.092,False,False,False,False,False,1,"[{""id"": ""obstacle_0"", ""kind"": ""static_obstacle"", ""x"": 50.0, ""y"": 50.0, ""radius"": 5.0}]"
naive_fusion,230,46.0,2,76.252,64.767,86.0,90.0,50.0,50.0,,,false_negative+position_noise+confidence_error,,naive_fusion,move,1,0,27.05,7.378,25.12,uav_3,7.378,False,False,False,False,False,1,"[{""id"": ""obstacle_0"", ""kind"": ""static_obstacle"", ""x"": 50.0, ""y"": 50.0, ""radius"": 5.0}]"
naive_fusion,230,46.0,3,81.56,69.892,90.0,86.0,50.0,50.0,,,position_noise+confidence_error,,naive_fusion,move,1,0,18.186,7.378,32.306,uav_2,7.378,False,False,False,False,False,1,"[{""id"": ""obstacle_0"", ""kind"": ""static_obstacle"", ""x"": 50.0, ""y"": 50.0, ""radius"": 5.0}]"
naive_fusion,231,46.2,0,75.279,56.057,94.0,90.0,50.0,50.0,,,position_noise+confidence_error,,naive_fusion,move,2,0,38.763,5.105,20.995,uav_1,5.105,False,False,False,False,False,1,"[{""id"": ""obstacle_0"", ""kind"": ""static_obstacle"", ""x"": 50.0, ""y"": 50.0, ""radius"": 5.0}]"
naive_fusion,231,46.2,1,70.489,54.293,90.0,94.0,50.0,50.0,,,position_noise+confidence_error,,naive_fusion,move,2,0,44.242,5.105,15.934,uav_0,5.105,False,False,False,False,False,1,"[{""id"": ""obstacle_0"", ""kind"": ""static_obstacle"", ""x"": 50.0, ""y"": 50.0, ""radius"": 5.0}]"
naive_fusion,231,46.2,2,76.396,65.141,86.0,90.0,50.0,50.0,,,false_negative+position_noise+confidence_error,,naive_fusion,move,2,0,26.65,7.395,25.43,uav_3,7.395,False,False,False,False,False,1,"[{""id"": ""obstacle_0"", ""kind"": ""static_obstacle"", ""x"": 50.0, ""y"": 50.0, ""radius"": 5.0}]"
naive_fusion,231,46.2,3,81.746,70.246,90.0,86.0,50.0,50.0,,,position_noise+confidence_error,,naive_fusion,move,1,0,17.786,7.395,32.652,uav_2,7.395,False,False,False,False,False,1,"[{""id"": ""obstacle_0"", ""kind"": ""static_obstacle"", ""x"": 50.0, ""y"": 50.0, ""radius"": 5.0}]"
naive_fusion,232,46.4,0,75.472,56.408,94.0,90.0,50.0,50.0,,,false_negative+confidence_error,,naive_fusion,move,0,0,38.363,5.118,21.266,uav_1,5.118,False,False,False,False,False,1,"[{""id"": ""obstacle_0"", ""kind"": ""static_obstacle"", ""x"": 50.0, ""y"": 50.0, ""radius"": 5.0}]"
naive_fusion,232,46.4,1,70.665,54.652,90.0,94.0,50.0,50.0,,,position_noise+confidence_error,,naive_fusion,move,2,0,43.842,5.118,16.182,uav_0,5.118,False,False,False,False,False,1,"[{""id"": ""obstacle_0"", ""kind"": ""static_obstacle"", ""x"": 50.0, ""y"": 50.0, ""radius"": 5.0}]"
naive_fusion,232,46.4,2,76.54,65.514,86.0,90.0,50.0,50.0,,,false_negative+position_noise+confidence_error,,naive_fusion,move,2,0,26.25,7.412,25.742,uav_3,7.412,False,False,False,False,False,1,"[{""id"": ""obstacle_0"", ""kind"": ""static_obstacle"", ""x"": 50.0, ""y"": 50.0, ""radius"": 5.0}]"
naive_fusion,232,46.4,3,81.931,70.6,90.0,86.0,50.0,50.0,,,position_noise+confidence_error,,naive_fusion,move,1,0,17.386,7.412,33.0,uav_2,7.412,False,False,False,False,False,1,"[{""id"": ""obstacle_0"", ""kind"": ""static_obstacle"", ""x"": 50.0, ""y"": 50.0, ""radius"": 5.0}]"
naive_fusion,233,46.6,0,75.665,56.758,94.0,90.0,50.0,50.0,,,position_noise+confidence_error,,naive_fusion,move,2,0,37.963,5.131,21.54,uav_1,5.131,False,False,False,False,False,1,"[{""id"": ""obstacle_0"", ""kind"": ""static_obstacle"", ""x"": 50.0, ""y"": 50.0, ""radius"": 5.0}]"
naive_fusion,233,46.6,1,70.842,55.011,90.0,94.0,50.0,50.0,,,position_noise+confidence_error,,naive_fusion,move,2,0,43.442,5.131,16.435,uav_0,5.131,False,False,False,False,False,1,"[{""id"": ""obstacle_0"", ""kind"": ""static_obstacle"", ""x"": 50.0, ""y"": 50.0, ""radius"": 5.0}]"
naive_fusion,233,46.6,2,76.684,65.887,86.0,90.0,50.0,50.0,,,false_negative+position_noise+confidence_error,,naive_fusion,move,1,0,25.85,7.429,26.055,uav_3,7.429,False,False,False,False,False,1,"[{""id"": ""obstacle_0"", ""kind"": ""static_obstacle"", ""x"": 50.0, ""y"": 50.0, ""radius"": 5.0}]"
naive_fusion,233,46.6,3,82.117,70.955,90.0,86.0,50.0,50.0,,,position_noise+confidence_error,,naive_fusion,move,1,0,16.986,7.429,33.348,uav_2,7.429,False,False,False,False,False,1,"[{""id"": ""obstacle_0"", ""kind"": ""static_obstacle"", ""x"": 50.0, ""y"": 50.0, ""radius"": 5.0}]"
naive_fusion,234,46.8,0,75.859,57.108,94.0,90.0,50.0,50.0,,,position_noise+confidence_error,,naive_fusion,move,2,0,37.563,5.143,21.818,uav_1,5.143,False,False,False,False,False,1,"[{""id"": ""obstacle_0"", ""kind"": ""static_obstacle"", ""x"": 50.0, ""y"": 50.0, ""radius"": 5.0}]"
naive_fusion,234,46.8,1,71.018,55.37,90.0,94.0,50.0,50.0,,,false_negative+position_noise+confidence_error,,naive_fusion,move,1,0,43.042,5.143,16.693,uav_0,5.143,False,False,False,False,False,1,"[{""id"": ""obstacle_0"", ""kind"": ""static_obstacle"", ""x"": 50.0, ""y"": 50.0, ""radius"": 5.0}]"
naive_fusion,234,46.8,2,76.828,66.26,86.0,90.0,50.0,50.0,,,false_negative+position_noise+confidence_error,,naive_fusion,move,1,0,25.45,7.447,26.371,uav_3,7.447,False,False,False,False,False,1,"[{""id"": ""obstacle_0"", ""kind"": ""static_obstacle"", ""x"": 50.0, ""y"": 50.0, ""radius"": 5.0}]"
naive_fusion,234,46.8,3,82.302,71.309,90.0,86.0,50.0,50.0,,,position_noise+confidence_error,,naive_fusion,move,1,0,16.586,7.447,33.698,uav_2,7.447,False,False,False,False,False,1,"[{""id"": ""obstacle_0"", ""kind"": ""static_obstacle"", ""x"": 50.0, ""y"": 50.0, ""radius"": 5.0}]"
naive_fusion,235,47.0,0,76.125,57.407,94.0,90.0,50.0,50.0,,,position_noise+confidence_error,,naive_fusion,avoidance,2,0,37.173,5.208,22.154,uav_1,5.208,False,False,False,False,False,1,"[{""id"": ""obstacle_0"", ""kind"": ""static_obstacle"", ""x"": 50.0, ""y"": 50.0, ""radius"": 5.0}]"
naive_fusion,235,47.0,1,71.194,55.729,90.0,94.0,50.0,50.0,,,false_negative+position_noise+confidence_error,,naive_fusion,move,1,0,42.642,5.208,16.955,uav_0,5.208,False,False,False,False,False,1,"[{""id"": ""obstacle_0"", ""kind"": ""static_obstacle"", ""x"": 50.0, ""y"": 50.0, ""radius"": 5.0}]"
naive_fusion,235,47.0,2,76.973,66.633,86.0,90.0,50.0,50.0,,,false_negative+position_noise+confidence_error,,naive_fusion,move,1,0,25.05,7.465,26.689,uav_3,7.465,False,False,False,False,False,1,"[{""id"": ""obstacle_0"", ""kind"": ""static_obstacle"", ""x"": 50.0, ""y"": 50.0, ""radius"": 5.0}]"
naive_fusion,235,47.0,3,82.488,71.663,90.0,86.0,50.0,50.0,,,position_noise+confidence_error,,naive_fusion,move,1,0,16.186,7.465,34.048,uav_2,7.465,False,False,False,False,False,1,"[{""id"": ""obstacle_0"", ""kind"": ""static_obstacle"", ""x"": 50.0, ""y"": 50.0, ""radius"": 5.0}]"
naive_fusion,236,47.2,0,76.317,57.758,94.0,90.0,50.0,50.0,,,position_noise+confidence_error,,naive_fusion,move,2,0,36.773,5.22,22.436,uav_1,5.22,False,False,False,False,False,1,"[{""id"": ""obstacle_0"", ""kind"": ""static_obstacle"", ""x"": 50.0, ""y"": 50.0, ""radius"": 5.0}]"
naive_fusion,236,47.2,1,71.371,56.088,90.0,94.0,50.0,50.0,,,false_negative+position_noise+confidence_error,,naive_fusion,move,1,0,42.242,5.22,17.221,uav_0,5.22,False,False,False,False,False,1,"[{""id"": ""obstacle_0"", ""kind"": ""static_obstacle"", ""x"": 50.0, ""y"": 50.0, ""radius"": 5.0}]"
naive_fusion,236,47.2,2,77.117,67.006,86.0,90.0,50.0,50.0,,,false_negative+position_noise+confidence_error,,naive_fusion,move,1,0,24.65,7.483,27.008,uav_3,7.483,False,False,False,False,False,1,"[{""id"": ""obstacle_0"", ""kind"": ""static_obstacle"", ""x"": 50.0, ""y"": 50.0, ""radius"": 5.0}]"
naive_fusion,236,47.2,3,82.674,72.017,90.0,86.0,50.0,50.0,,,false_negative+confidence_error,,naive_fusion,move,0,0,15.786,7.483,34.4,uav_2,7.483,False,False,False,False,False,1,"[{""id"": ""obstacle_0"", ""kind"": ""static_obstacle"", ""x"": 50.0, ""y"": 50.0, ""radius"": 5.0}]"
naive_fusion,237,47.4,0,76.509,58.109,94.0,90.0,50.0,50.0,,,position_noise+confidence_error,,naive_fusion,move,2,0,36.373,5.233,22.722,uav_1,5.233,False,False,False,False,False,1,"[{""id"": ""obstacle_0"", ""kind"": ""static_obstacle"", ""x"": 50.0, ""y"": 50.0, ""radius"": 5.0}]"
naive_fusion,237,47.4,1,71.547,56.447,90.0,94.0,50.0,50.0,,,position_noise+confidence_error,,naive_fusion,move,2,0,41.842,5.233,17.491,uav_0,5.233,False,False,False,False,False,1,"[{""id"": ""obstacle_0"", ""kind"": ""static_obstacle"", ""x"": 50.0, ""y"": 50.0, ""radius"": 5.0}]"
naive_fusion,237,47.4,2,77.261,67.379,86.0,90.0,50.0,50.0,,,false_negative+position_noise+confidence_error,,naive_fusion,move,2,0,24.25,7.501,27.329,uav_3,7.501,False,False,False,False,False,1,"[{""id"": ""obstacle_0"", ""kind"": ""static_obstacle"", ""x"": 50.0, ""y"": 50.0, ""radius"": 5.0}]"
naive_fusion,237,47.4,3,82.859,72.372,90.0,86.0,50.0,50.0,,,position_noise+confidence_error,,naive_fusion,move,1,0,15.386,7.501,34.752,uav_2,7.501,False,False,False,False,False,1,"[{""id"": ""obstacle_0"", ""kind"": ""static_obstacle"", ""x"": 50.0, ""y"": 50.0, ""radius"": 5.0}]"
naive_fusion,238,47.6,0,76.702,58.459,94.0,90.0,50.0,50.0,,,position_noise+confidence_error,,naive_fusion,move,2,0,35.973,5.879,23.009,uav_1,5.879,False,False,False,False,False,1,"[{""id"": ""obstacle_0"", ""kind"": ""static_obstacle"", ""x"": 50.0, ""y"": 50.0, ""radius"": 5.0}]"
naive_fusion,238,47.6,1,71.304,56.129,90.0,94.0,50.0,50.0,,,position_noise+confidence_error,,naive_fusion,avoidance,2,0,42.234,5.879,17.168,uav_0,5.879,False,False,False,False,False,1,"[{""id"": ""obstacle_0"", ""kind"": ""static_obstacle"", ""x"": 50.0, ""y"": 50.0, ""radius"": 5.0}]"
naive_fusion,238,47.6,2,77.405,67.752,86.0,90.0,50.0,50.0,,,false_negative+position_noise+confidence_error,,naive_fusion,move,2,0,23.85,7.52,27.652,uav_3,7.52,False,False,False,False,False,1,"[{""id"": ""obstacle_0"", ""kind"": ""static_obstacle"", ""x"": 50.0, ""y"": 50.0, ""radius"": 5.0}]"
naive_fusion,238,47.6,3,83.045,72.726,90.0,86.0,50.0,50.0,,,false_negative+confidence_error,,naive_fusion,move,0,0,14.986,7.52,35.106,uav_2,7.52,False,False,False,False,False,1,"[{""id"": ""obstacle_0"", ""kind"": ""static_obstacle"", ""x"": 50.0, ""y"": 50.0, ""radius"": 5.0}]"
naive_fusion,239,47.8,0,76.894,58.81,94.0,90.0,50.0,50.0,,,position_noise+confidence_error,,naive_fusion,move,2,0,35.573,5.89,23.3,uav_1,5.89,False,False,False,False,False,1,"[{""id"": ""obstacle_0"", ""kind"": ""static_obstacle"", ""x"": 50.0, ""y"": 50.0, ""radius"": 5.0}]"
naive_fusion,239,47.8,1,71.481,56.488,90.0,94.0,50.0,50.0,,,position_noise+confidence_error,,naive_fusion,move,2,0,41.834,5.89,17.439,uav_0,5.89,False,False,False,False,False,1,"[{""id"": ""obstacle_0"", ""kind"": ""static_obstacle"", ""x"": 50.0, ""y"": 50.0, ""radius"": 5.0}]"
naive_fusion,239,47.8,2,77.549,68.126,86.0,90.0,50.0,50.0,,,false_negative+position_noise+confidence_error,,naive_fusion,move,2,0,23.45,7.539,27.977,uav_3,7.539,False,False,False,False,False,1,"[{""id"": ""obstacle_0"", ""kind"": ""static_obstacle"", ""x"": 50.0, ""y"": 50.0, ""radius"": 5.0}]"
naive_fusion,239,47.8,3,83.231,73.08,90.0,86.0,50.0,50.0,,,position_noise+confidence_error,,naive_fusion,move,1,0,14.586,7.539,35.46,uav_2,7.539,False,False,False,False,False,1,"[{""id"": ""obstacle_0"", ""kind"": ""static_obstacle"", ""x"": 50.0, ""y"": 50.0, ""radius"": 5.0}]"
naive_fusion,240,48.0,0,77.086,59.161,94.0,90.0,50.0,50.0,,,false_negative+position_noise+confidence_error,,naive_fusion,move,1,0,35.173,5.901,23.593,uav_1,5.901,False,False,False,False,False,1,"[{""id"": ""obstacle_0"", ""kind"": ""static_obstacle"", ""x"": 50.0, ""y"": 50.0, ""radius"": 5.0}]"
naive_fusion,240,48.0,1,71.658,56.847,90.0,94.0,50.0,50.0,,,position_noise+confidence_error,,naive_fusion,move,2,0,41.434,5.901,17.714,uav_0,5.901,False,False,False,False,False,1,"[{""id"": ""obstacle_0"", ""kind"": ""static_obstacle"", ""x"": 50.0, ""y"": 50.0, ""radius"": 5.0}]"
naive_fusion,240,48.0,2,77.693,68.499,86.0,90.0,50.0,50.0,,,position_noise+confidence_error,,naive_fusion,move,3,0,23.05,7.558,28.303,uav_3,7.558,False,False,False,False,False,1,"[{""id"": ""obstacle_0"", ""kind"": ""static_obstacle"", ""x"": 50.0, ""y"": 50.0, ""radius"": 5.0}]"
naive_fusion,240,48.0,3,83.416,73.435,90.0,86.0,50.0,50.0,,,false_negative+confidence_error,,naive_fusion,move,0,0,14.186,7.558,35.815,uav_2,7.558,False,False,False,False,False,1,"[{""id"": ""obstacle_0"", ""kind"": ""static_obstacle"", ""x"": 50.0, ""y"": 50.0, ""radius"": 5.0}]"
naive_fusion,241,48.2,0,77.279,59.511,94.0,90.0,50.0,50.0,,,position_noise+confidence_error,,naive_fusion,move,2,0,34.773,5.912,23.889,uav_1,5.912,False,False,False,False,False,1,"[{""id"": ""obstacle_0"", ""kind"": ""static_obstacle"", ""x"": 50.0, ""y"": 50.0, ""radius"": 5.0}]"
naive_fusion,241,48.2,1,71.835,57.205,90.0,94.0,50.0,50.0,,,position_noise+confidence_error,,naive_fusion,move,2,0,41.034,5.912,17.993,uav_0,5.912,False,False,False,False,False,1,"[{""id"": ""obstacle_0"", ""kind"": ""static_obstacle"", ""x"": 50.0, ""y"": 50.0, ""radius"": 5.0}]"
naive_fusion,241,48.2,2,77.837,68.872,86.0,90.0,50.0,50.0,,,position_noise+confidence_error,,naive_fusion,move,3,0,22.65,7.577,28.631,uav_3,7.577,False,False,False,False,False,1,"[{""id"": ""obstacle_0"", ""kind"": ""static_obstacle"", ""x"": 50.0, ""y"": 50.0, ""radius"": 5.0}]"
naive_fusion,241,48.2,3,83.602,73.789,90.0,86.0,50.0,50.0,,,position_noise+confidence_error,,naive_fusion,move,1,0,13.786,7.577,36.171,uav_2,7.577,False,False,False,False,False,1,"[{""id"": ""obstacle_0"", ""kind"": ""static_obstacle"", ""x"": 50.0, ""y"": 50.0, ""radius"": 5.0}]"
naive_fusion,242,48.4,0,77.471,59.862,94.0,90.0,50.0,50.0,,,false_negative+position_noise+confidence_error,,naive_fusion,move,1,0,34.373,5.923,24.188,uav_1,5.923,False,False,False,False,False,1,"[{""id"": ""obstacle_0"", ""kind"": ""static_obstacle"", ""x"": 50.0, ""y"": 50.0, ""radius"": 5.0}]"
naive_fusion,242,48.4,1,72.012,57.564,90.0,94.0,50.0,50.0,,,position_noise+confidence_error,,naive_fusion,move,2,0,40.634,5.923,18.275,uav_0,5.923,False,False,False,False,False,1,"[{""id"": ""obstacle_0"", ""kind"": ""static_obstacle"", ""x"": 50.0, ""y"": 50.0, ""radius"": 5.0}]"
naive_fusion,242,48.4,2,77.982,69.245,86.0,90.0,50.0,50.0,,,position_noise+confidence_error,,naive_fusion,move,3,0,22.25,7.596,28.961,uav_3,7.596,False,False,False,False,False,1,"[{""id"": ""obstacle_0"", ""kind"": ""static_obstacle"", ""x"": 50.0, ""y"": 50.0, ""radius"": 5.0}]"
naive_fusion,242,48.4,3,83.788,74.143,90.0,86.0,50.0,50.0,,,position_noise+confidence_error,,naive_fusion,move,1,0,13.386,7.596,36.527,uav_2,7.596,False,False,False,False,False,1,"[{""id"": ""obstacle_0"", ""kind"": ""static_obstacle"", ""x"": 50.0, ""y"": 50.0, ""radius"": 5.0}]"
naive_fusion,243,48.6,0,77.663,60.213,94.0,90.0,50.0,50.0,,,position_noise+confidence_error,,naive_fusion,move,2,0,33.973,5.934,24.488,uav_1,5.934,False,False,False,False,False,1,"[{""id"": ""obstacle_0"", ""kind"": ""static_obstacle"", ""x"": 50.0, ""y"": 50.0, ""radius"": 5.0}]"
naive_fusion,243,48.6,1,72.189,57.923,90.0,94.0,50.0,50.0,,,position_noise+confidence_error,,naive_fusion,move,2,0,40.234,5.934,18.561,uav_0,5.934,False,False,False,False,False,1,"[{""id"": ""obstacle_0"", ""kind"": ""static_obstacle"", ""x"": 50.0, ""y"": 50.0, ""radius"": 5.0}]"
naive_fusion,243,48.6,2,78.126,69.618,86.0,90.0,50.0,50.0,,,false_negative+position_noise+confidence_error,,naive_fusion,move,2,0,21.85,7.616,29.292,uav_3,7.616,False,False,False,False,False,1,"[{""id"": ""obstacle_0"", ""kind"": ""static_obstacle"", ""x"": 50.0, ""y"": 50.0, ""radius"": 5.0}]"
naive_fusion,243,48.6,3,83.973,74.498,90.0,86.0,50.0,50.0,,,false_negative+confidence_error,,naive_fusion,move,0,0,12.986,7.616,36.885,uav_2,7.616,False,False,False,False,False,1,"[{""id"": ""obstacle_0"", ""kind"": ""static_obstacle"", ""x"": 50.0, ""y"": 50.0, ""radius"": 5.0}]"
naive_fusion,244,48.8,0,77.856,60.564,94.0,90.0,50.0,50.0,,,position_noise+confidence_error,,naive_fusion,move,2,0,33.573,5.945,24.791,uav_1,5.945,False,False,False,False,False,1,"[{""id"": ""obstacle_0"", ""kind"": ""static_obstacle"", ""x"": 50.0, ""y"": 50.0, ""radius"": 5.0}]"
naive_fusion,244,48.8,1,72.366,58.281,90.0,94.0,50.0,50.0,,,position_noise+confidence_error,,naive_fusion,move,2,0,39.834,5.945,18.85,uav_0,5.945,False,False,False,False,False,1,"[{""id"": ""obstacle_0"", ""kind"": ""static_obstacle"", ""x"": 50.0, ""y"": 50.0, ""radius"": 5.0}]"
naive_fusion,244,48.8,2,78.27,69.991,86.0,90.0,50.0,50.0,,,position_noise+confidence_error,,naive_fusion,move,3,0,21.45,7.636,29.624,uav_3,7.636,False,False,False,False,False,1,"[{""id"": ""obstacle_0"", ""kind"": ""static_obstacle"", ""x"": 50.0, ""y"": 50.0, ""radius"": 5.0}]"
naive_fusion,244,48.8,3,84.159,74.852,90.0,86.0,50.0,50.0,,,position_noise+confidence_error,,naive_fusion,move,1,0,12.586,7.636,37.243,uav_2,7.636,False,False,False,False,False,1,"[{""id"": ""obstacle_0"", ""kind"": ""static_obstacle"", ""x"": 50.0, ""y"": 50.0, ""radius"": 5.0}]"
naive_fusion,245,49.0,0,78.048,60.914,94.0,90.0,50.0,50.0,,,position_noise+confidence_error,,naive_fusion,move,2,0,33.173,5.956,25.097,uav_1,5.956,False,False,False,False,False,1,"[{""id"": ""obstacle_0"", ""kind"": ""static_obstacle"", ""x"": 50.0, ""y"": 50.0, ""radius"": 5.0}]"
naive_fusion,245,49.0,1,72.543,58.64,90.0,94.0,50.0,50.0,,,position_noise+confidence_error,,naive_fusion,move,2,0,39.434,5.956,19.142,uav_0,5.956,False,False,False,False,False,1,"[{""id"": ""obstacle_0"", ""kind"": ""static_obstacle"", ""x"": 50.0, ""y"": 50.0, ""radius"": 5.0}]"
naive_fusion,245,49.0,2,78.414,70.364,86.0,90.0,50.0,50.0,,,position_noise+confidence_error,,naive_fusion,move,3,0,21.05,7.656,29.958,uav_3,7.656,False,False,False,False,False,1,"[{""id"": ""obstacle_0"", ""kind"": ""static_obstacle"", ""x"": 50.0, ""y"": 50.0, ""radius"": 5.0}]"
naive_fusion,245,49.0,3,84.345,75.206,90.0,86.0,50.0,50.0,,,position_noise+confidence_error,,naive_fusion,move,1,0,12.186,7.656,37.602,uav_2,7.656,False,False,False,False,False,1,"[{""id"": ""obstacle_0"", ""kind"": ""static_obstacle"", ""x"": 50.0, ""y"": 50.0, ""radius"": 5.0}]"
naive_fusion,246,49.2,0,78.24,61.265,94.0,90.0,50.0,50.0,,,position_noise+confidence_error,,naive_fusion,move,2,0,32.773,5.967,25.404,uav_1,5.967,False,False,False,False,False,1,"[{""id"": ""obstacle_0"", ""kind"": ""static_obstacle"", ""x"": 50.0, ""y"": 50.0, ""radius"": 5.0}]"
naive_fusion,246,49.2,1,72.72,58.999,90.0,94.0,50.0,50.0,,,position_noise+confidence_error,,naive_fusion,move,2,0,39.034,5.967,19.437,uav_0,5.967,False,False,False,False,False,1,"[{""id"": ""obstacle_0"", ""kind"": ""static_obstacle"", ""x"": 50.0, ""y"": 50.0, ""radius"": 5.0}]"
naive_fusion,246,49.2,2,78.558,70.737,86.0,90.0,50.0,50.0,,,position_noise+confidence_error,,naive_fusion,move,3,0,20.65,7.676,30.293,uav_3,7.676,False,False,False,False,False,1,"[{""id"": ""obstacle_0"", ""kind"": ""static_obstacle"", ""x"": 50.0, ""y"": 50.0, ""radius"": 5.0}]"
naive_fusion,246,49.2,3,84.53,75.561,90.0,86.0,50.0,50.0,,,false_negative+confidence_error,,naive_fusion,move,0,0,11.786,7.676,37.961,uav_2,7.676,False,False,False,False,False,1,"[{""id"": ""obstacle_0"", ""kind"": ""static_obstacle"", ""x"": 50.0, ""y"": 50.0, ""radius"": 5.0}]"
naive_fusion,247,49.4,0,78.433,61.616,94.0,90.0,50.0,50.0,,,false_negative+position_noise+confidence_error,,naive_fusion,move,1,0,32.373,5.978,25.714,uav_1,5.978,False,False,False,False,False,1,"[{""id"": ""obstacle_0"", ""kind"": ""static_obstacle"", ""x"": 50.0, ""y"": 50.0, ""radius"": 5.0}]"
naive_fusion,247,49.4,1,72.897,59.357,90.0,94.0,50.0,50.0,,,position_noise+confidence_error,,naive_fusion,move,2,0,38.634,5.978,19.736,uav_0,5.978,False,False,False,False,False,1,"[{""id"": ""obstacle_0"", ""kind"": ""static_obstacle"", ""x"": 50.0, ""y"": 50.0, ""radius"": 5.0}]"
naive_fusion,247,49.4,2,78.702,71.111,86.0,90.0,50.0,50.0,,,false_negative+position_noise+confidence_error,,naive_fusion,move,2,0,20.25,7.697,30.63,uav_3,7.697,False,False,False,False,False,1,"[{""id"": ""obstacle_0"", ""kind"": ""static_obstacle"", ""x"": 50.0, ""y"": 50.0, ""radius"": 5.0}]"
naive_fusion,247,49.4,3,84.716,75.915,90.0,86.0,50.0,50.0,,,false_negative+confidence_error,,naive_fusion,move,0,0,11.386,7.697,38.322,uav_2,7.697,False,False,False,False,False,1,"[{""id"": ""obstacle_0"", ""kind"": ""static_obstacle"", ""x"": 50.0, ""y"": 50.0, ""radius"": 5.0}]"
naive_fusion,248,49.6,0,78.625,61.966,94.0,90.0,50.0,50.0,,,position_noise+confidence_error,,naive_fusion,move,2,0,31.973,5.989,26.026,uav_1,5.989,False,False,False,False,False,1,"[{""id"": ""obstacle_0"", ""kind"": ""static_obstacle"", ""x"": 50.0, ""y"": 50.0, ""radius"": 5.0}]"
naive_fusion,248,49.6,1,73.074,59.716,90.0,94.0,50.0,50.0,,,position_noise+confidence_error,,naive_fusion,move,2,0,38.234,5.989,20.037,uav_0,5.989,False,False,False,False,False,1,"[{""id"": ""obstacle_0"", ""kind"": ""static_obstacle"", ""x"": 50.0, ""y"": 50.0, ""radius"": 5.0}]"
naive_fusion,248,49.6,2,78.846,71.484,86.0,90.0,50.0,50.0,,,false_negative+position_noise+confidence_error,,naive_fusion,move,1,0,19.85,7.718,30.968,uav_3,7.718,False,False,False,False,False,1,"[{""id"": ""obstacle_0"", ""kind"": ""static_obstacle"", ""x"": 50.0, ""y"": 50.0, ""radius"": 5.0}]"
naive_fusion,248,49.6,3,84.901,76.269,90.0,86.0,50.0,50.0,,,position_noise+confidence_error,,naive_fusion,move,1,0,10.986,7.718,38.683,uav_2,7.718,False,False,False,False,False,1,"[{""id"": ""obstacle_0"", ""kind"": ""static_obstacle"", ""x"": 50.0, ""y"": 50.0, ""radius"": 5.0}]"
naive_fusion,249,49.8,0,78.817,62.317,94.0,90.0,50.0,50.0,,,false_negative+position_noise+confidence_error,,naive_fusion,move,1,0,31.573,6.001,26.339,uav_1,6.001,False,False,False,False,False,1,"[{""id"": ""obstacle_0"", ""kind"": ""static_obstacle"", ""x"": 50.0, ""y"": 50.0, ""radius"": 5.0}]"
naive_fusion,249,49.8,1,73.252,60.075,90.0,94.0,50.0,50.0,,,position_noise+confidence_error,,naive_fusion,move,2,0,37.834,6.001,20.34,uav_0,6.001,False,False,False,False,False,1,"[{""id"": ""obstacle_0"", ""kind"": ""static_obstacle"", ""x"": 50.0, ""y"": 50.0, ""radius"": 5.0}]"
naive_fusion,249,49.8,2,78.991,71.857,86.0,90.0,50.0,50.0,,,false_negative+position_noise+confidence_error,,naive_fusion,move,2,0,19.45,7.739,31.307,uav_3,7.739,False,False,False,False,False,1,"[{""id"": ""obstacle_0"", ""kind"": ""static_obstacle"", ""x"": 50.0, ""y"": 50.0, ""radius"": 5.0}]"
naive_fusion,249,49.8,3,85.087,76.624,90.0,86.0,50.0,50.0,,,position_noise+confidence_error,,naive_fusion,move,1,0,10.586,7.739,39.045,uav_2,7.739,False,False,False,False,False,1,"[{""id"": ""obstacle_0"", ""kind"": ""static_obstacle"", ""x"": 50.0, ""y"": 50.0, ""radius"": 5.0}]"
naive_fusion,250,50.0,0,79.01,62.668,94.0,90.0,50.0,50.0,,,position_noise+confidence_error,,naive_fusion,move,2,0,31.173,6.012,26.655,uav_1,6.012,False,False,False,False,False,1,"[{""id"": ""obstacle_0"", ""kind"": ""static_obstacle"", ""x"": 50.0, ""y"": 50.0, ""radius"": 5.0}]"
naive_fusion,250,50.0,1,73.429,60.433,90.0,94.0,50.0,50.0,,,false_negative+position_noise+confidence_error,,naive_fusion,move,1,0,37.434,6.012,20.647,uav_0,6.012,False,False,False,False,False,1,"[{""id"": ""obstacle_0"", ""kind"": ""static_obstacle"", ""x"": 50.0, ""y"": 50.0, ""radius"": 5.0}]"
naive_fusion,250,50.0,2,79.135,72.23,86.0,90.0,50.0,50.0,,,false_negative+position_noise+confidence_error,,naive_fusion,move,1,0,19.05,7.76,31.647,uav_3,7.76,False,False,False,False,False,1,"[{""id"": ""obstacle_0"", ""kind"": ""static_obstacle"", ""x"": 50.0, ""y"": 50.0, ""radius"": 5.0}]"
naive_fusion,250,50.0,3,85.273,76.978,90.0,86.0,50.0,50.0,,,false_negative+confidence_error,,naive_fusion,move,0,0,10.186,7.76,39.407,uav_2,7.76,False,False,False,False,False,1,"[{""id"": ""obstacle_0"", ""kind"": ""static_obstacle"", ""x"": 50.0, ""y"": 50.0, ""radius"": 5.0}]"
naive_fusion,251,50.2,0,79.202,63.019,94.0,90.0,50.0,50.0,,,false_negative+position_noise+confidence_error,,naive_fusion,move,1,0,30.773,6.023,26.973,uav_1,6.023,False,False,False,False,False,1,"[{""id"": ""obstacle_0"", ""kind"": ""static_obstacle"", ""x"": 50.0, ""y"": 50.0, ""radius"": 5.0}]"
naive_fusion,251,50.2,1,73.606,60.792,90.0,94.0,50.0,50.0,,,position_noise+confidence_error,,naive_fusion,move,2,0,37.034,6.023,20.956,uav_0,6.023,False,False,False,False,False,1,"[{""id"": ""obstacle_0"", ""kind"": ""static_obstacle"", ""x"": 50.0, ""y"": 50.0, ""radius"": 5.0}]"
naive_fusion,251,50.2,2,79.279,72.603,86.0,90.0,50.0,50.0,,,false_negative+position_noise+confidence_error,,naive_fusion,move,2,0,18.65,7.781,31.989,uav_3,7.781,False,False,False,False,False,1,"[{""id"": ""obstacle_0"", ""kind"": ""static_obstacle"", ""x"": 50.0, ""y"": 50.0, ""radius"": 5.0}]"
naive_fusion,251,50.2,3,85.458,77.332,90.0,86.0,50.0,50.0,,,false_negative+confidence_error,,naive_fusion,move,0,0,9.786,7.781,39.77,uav_2,7.781,False,False,False,False,False,1,"[{""id"": ""obstacle_0"", ""kind"": ""static_obstacle"", ""x"": 50.0, ""y"": 50.0, ""radius"": 5.0}]"
naive_fusion,252,50.4,0,79.394,63.369,94.0,90.0,50.0,50.0,,,false_negative+position_noise+confidence_error,,naive_fusion,move,1,0,30.373,6.034,27.292,uav_1,6.034,False,False,False,False,False,1,"[{""id"": ""obstacle_0"", ""kind"": ""static_obstacle"", ""x"": 50.0, ""y"": 50.0, ""radius"": 5.0}]"
naive_fusion,252,50.4,1,73.783,61.151,90.0,94.0,50.0,50.0,,,position_noise+confidence_error,,naive_fusion,move,2,0,36.634,6.034,21.267,uav_0,6.034,False,False,False,False,False,1,"[{""id"": ""obstacle_0"", ""kind"": ""static_obstacle"", ""x"": 50.0, ""y"": 50.0, ""radius"": 5.0}]"
naive_fusion,252,50.4,2,79.423,72.976,86.0,90.0,50.0,50.0,,,false_negative+position_noise+confidence_error,,naive_fusion,move,2,0,18.25,7.803,32.331,uav_3,7.803,False,False,False,False,False,1,"[{""id"": ""obstacle_0"", ""kind"": ""static_obstacle"", ""x"": 50.0, ""y"": 50.0, ""radius"": 5.0}]"
naive_fusion,252,50.4,3,85.644,77.686,90.0,86.0,50.0,50.0,,,false_negative+confidence_error,,naive_fusion,move,0,0,9.386,7.803,40.134,uav_2,7.803,False,False,False,False,False,1,"[{""id"": ""obstacle_0"", ""kind"": ""static_obstacle"", ""x"": 50.0, ""y"": 50.0, ""radius"": 5.0}]"
naive_fusion,253,50.6,0,79.587,63.72,94.0,90.0,50.0,50.0,,,false_negative+confidence_error,,naive_fusion,move,0,0,29.973,6.046,27.613,uav_1,6.046,False,False,False,False,False,1,"[{""id"": ""obstacle_0"", ""kind"": ""static_obstacle"", ""x"": 50.0, ""y"": 50.0, ""radius"": 5.0}]"
naive_fusion,253,50.6,1,73.96,61.509,90.0,94.0,50.0,50.0,,,false_negative+position_noise+confidence_error,,naive_fusion,move,1,0,36.234,6.046,21.581,uav_0,6.046,False,False,False,False,False,1,"[{""id"": ""obstacle_0"", ""kind"": ""static_obstacle"", ""x"": 50.0, ""y"": 50.0, ""radius"": 5.0}]"
naive_fusion,253,50.6,2,79.567,73.349,86.0,90.0,50.0,50.0,,,false_negative+position_noise+confidence_error,,naive_fusion,move,2,0,17.85,7.825,32.675,uav_3,7.825,False,False,False,False,False,1,"[{""id"": ""obstacle_0"", ""kind"": ""static_obstacle"", ""x"": 50.0, ""y"": 50.0, ""radius"": 5.0}]"
naive_fusion,253,50.6,3,85.83,78.041,90.0,86.0,50.0,50.0,,,position_noise+confidence_error,,naive_fusion,move,1,0,8.986,7.825,40.498,uav_2,7.825,False,False,False,False,False,1,"[{""id"": ""obstacle_0"", ""kind"": ""static_obstacle"", ""x"": 50.0, ""y"": 50.0, ""radius"": 5.0}]"
naive_fusion,254,50.8,0,79.779,64.071,94.0,90.0,50.0,50.0,,,position_noise+confidence_error,,naive_fusion,move,2,0,29.573,6.057,27.936,uav_1,6.057,False,False,False,False,False,1,"[{""id"": ""obstacle_0"", ""kind"": ""static_obstacle"", ""x"": 50.0, ""y"": 50.0, ""radius"": 5.0}]"
naive_fusion,254,50.8,1,74.137,61.868,90.0,94.0,50.0,50.0,,,position_noise+confidence_error,,naive_fusion,move,2,0,35.834,6.057,21.897,uav_0,6.057,False,False,False,False,False,1,"[{""id"": ""obstacle_0"", ""kind"": ""static_obstacle"", ""x"": 50.0, ""y"": 50.0, ""radius"": 5.0}]"
naive_fusion,254,50.8,2,79.711,73.722,86.0,90.0,50.0,50.0,,,false_negative+position_noise+confidence_error,,naive_fusion,move,2,0,17.45,7.847,33.02,uav_3,7.847,False,False,False,False,False,1,"[{""id"": ""obstacle_0"", ""kind"": ""static_obstacle"", ""x"": 50.0, ""y"": 50.0, ""radius"": 5.0}]"
naive_fusion,254,50.8,3,86.015,78.395,90.0,86.0,50.0,50.0,,,false_negative+confidence_error,,naive_fusion,move,0,0,8.586,7.847,40.863,uav_2,7.847,False,False,False,False,False,1,"[{""id"": ""obstacle_0"", ""kind"": ""static_obstacle"", ""x"": 50.0, ""y"": 50.0, ""radius"": 5.0}]"
naive_fusion,255,51.0,0,79.971,64.421,94.0,90.0,50.0,50.0,,,position_noise+confidence_error,,naive_fusion,move,2,0,29.173,6.068,28.261,uav_1,6.068,False,False,False,False,False,1,"[{""id"": ""obstacle_0"", ""kind"": ""static_obstacle"", ""x"": 50.0, ""y"": 50.0, ""radius"": 5.0}]"
naive_fusion,255,51.0,1,74.314,62.227,90.0,94.0,50.0,50.0,,,false_negative+position_noise+confidence_error,,naive_fusion,move,1,0,35.434,6.068,22.215,uav_0,6.068,False,False,False,False,False,1,"[{""id"": ""obstacle_0"", ""kind"": ""static_obstacle"", ""x"": 50.0, ""y"": 50.0, ""radius"": 5.0}]"
naive_fusion,255,51.0,2,79.856,74.095,86.0,90.0,50.0,50.0,,,position_noise+confidence_error,,naive_fusion,move,3,0,17.05,7.869,33.366,uav_3,7.869,False,False,False,False,False,1,"[{""id"": ""obstacle_0"", ""kind"": ""static_obstacle"", ""x"": 50.0, ""y"": 50.0, ""radius"": 5.0}]"
naive_fusion,255,51.0,3,86.201,78.749,90.0,86.0,50.0,50.0,,,false_negative+confidence_error,,naive_fusion,move,0,0,8.186,7.869,41.228,uav_2,7.869,False,False,False,False,False,1,"[{""id"": ""obstacle_0"", ""kind"": ""static_obstacle"", ""x"": 50.0, ""y"": 50.0, ""radius"": 5.0}]"
naive_fusion,256,51.2,0,80.164,64.772,94.0,90.0,50.0,50.0,,,position_noise+confidence_error,,naive_fusion,move,2,0,28.773,6.08,28.587,uav_1,6.08,False,False,False,False,False,1,"[{""id"": ""obstacle_0"", ""kind"": ""static_obstacle"", ""x"": 50.0, ""y"": 50.0, ""radius"": 5.0}]"
naive_fusion,256,51.2,1,74.491,62.585,90.0,94.0,50.0,50.0,,,position_noise+confidence_error,,naive_fusion,move,2,0,35.034,6.08,22.535,uav_0,6.08,False,False,False,False,False,1,"[{""id"": ""obstacle_0"", ""kind"": ""static_obstacle"", ""x"": 50.0, ""y"": 50.0, ""radius"": 5.0}]"
naive_fusion,256,51.2,2,80.0,74.469,86.0,90.0,50.0,50.0,,,false_negative+position_noise+confidence_error,,naive_fusion,move,2,0,16.65,7.892,33.713,uav_3,7.892,False,False,False,False,False,1,"[{""id"": ""obstacle_0"", ""kind"": ""static_obstacle"", ""x"": 50.0, ""y"": 50.0, ""radius"": 5.0}]"
naive_fusion,256,51.2,3,86.387,79.104,90.0,86.0,50.0,50.0,,,position_noise+confidence_error,,naive_fusion,move,1,0,7.786,7.892,41.594,uav_2,7.892,False,False,False,False,False,1,"[{""id"": ""obstacle_0"", ""kind"": ""static_obstacle"", ""x"": 50.0, ""y"": 50.0, ""radius"": 5.0}]"
naive_fusion,257,51.4,0,80.356,65.123,94.0,90.0,50.0,50.0,,,position_noise+confidence_error,,naive_fusion,move,2,0,28.373,6.091,28.915,uav_1,6.091,False,False,False,False,False,1,"[{""id"": ""obstacle_0"", ""kind"": ""static_obstacle"", ""x"": 50.0, ""y"": 50.0, ""radius"": 5.0}]"
naive_fusion,257,51.4,1,74.668,62.944,90.0,94.0,50.0,50.0,,,position_noise+confidence_error,,naive_fusion,move,2,0,34.634,6.091,22.858,uav_0,6.091,False,False,False,False,False,1,"[{""id"": ""obstacle_0"", ""kind"": ""static_obstacle"", ""x"": 50.0, ""y"": 50.0, ""radius"": 5.0}]"
naive_fusion,257,51.4,2,80.144,74.842,86.0,90.0,50.0,50.0,,,position_noise+confidence_error,,naive_fusion,move,3,0,16.25,7.914,34.061,uav_3,7.914,False,False,False,False,False,1,"[{""id"": ""obstacle_0"", ""kind"": ""static_obstacle"", ""x"": 50.0, ""y"": 50.0, ""radius"": 5.0}]"
naive_fusion,257,51.4,3,86.572,79.458,90.0,86.0,50.0,50.0,,,position_noise+confidence_error,,naive_fusion,move,1,0,7.386,7.914,41.961,uav_2,7.914,False,False,False,False,False,1,"[{""id"": ""obstacle_0"", ""kind"": ""static_obstacle"", ""x"": 50.0, ""y"": 50.0, ""radius"": 5.0}]"
naive_fusion,258,51.6,0,80.549,65.474,94.0,90.0,50.0,50.0,,,position_noise+confidence_error,,naive_fusion,move,2,0,27.973,6.103,29.244,uav_1,6.103,False,False,False,False,False,1,"[{""id"": ""obstacle_0"", ""kind"": ""static_obstacle"", ""x"": 50.0, ""y"": 50.0, ""radius"": 5.0}]"
naive_fusion,258,51.6,1,74.845,63.303,90.0,94.0,50.0,50.0,,,false_negative+position_noise+confidence_error,,naive_fusion,move,1,0,34.234,6.103,23.182,uav_0,6.103,False,False,False,False,False,1,"[{""id"": ""obstacle_0"", ""kind"": ""static_obstacle"", ""x"": 50.0, ""y"": 50.0, ""radius"": 5.0}]"
naive_fusion,258,51.6,2,80.288,75.215,86.0,90.0,50.0,50.0,,,position_noise+confidence_error,,naive_fusion,move,3,0,15.85,7.937,34.41,uav_3,7.937,False,False,False,False,False,1,"[{""id"": ""obstacle_0"", ""kind"": ""static_obstacle"", ""x"": 50.0, ""y"": 50.0, ""radius"": 5.0}]"
naive_fusion,258,51.6,3,86.758,79.812,90.0,86.0,50.0,50.0,,,position_noise+confidence_error,,naive_fusion,move,1,0,6.986,7.937,42.328,uav_2,7.937,False,False,False,False,False,1,"[{""id"": ""obstacle_0"", ""kind"": ""static_obstacle"", ""x"": 50.0, ""y"": 50.0, ""radius"": 5.0}]"
naive_fusion,259,51.8,0,80.741,65.824,94.0,90.0,50.0,50.0,,,false_negative+position_noise+confidence_error,,naive_fusion,move,1,0,27.573,6.114,29.575,uav_1,6.114,False,False,False,False,False,1,"[{""id"": ""obstacle_0"", ""kind"": ""static_obstacle"", ""x"": 50.0, ""y"": 50.0, ""radius"": 5.0}]"
naive_fusion,259,51.8,1,75.022,63.661,90.0,94.0,50.0,50.0,,,position_noise+confidence_error,,naive_fusion,move,2,0,33.834,6.114,23.509,uav_0,6.114,False,False,False,False,False,1,"[{""id"": ""obstacle_0"", ""kind"": ""static_obstacle"", ""x"": 50.0, ""y"": 50.0, ""radius"": 5.0}]"
naive_fusion,259,51.8,2,80.432,75.588,86.0,90.0,50.0,50.0,,,position_noise+confidence_error,,naive_fusion,move,3,0,15.45,7.96,34.76,uav_3,7.96,False,False,False,False,False,1,"[{""id"": ""obstacle_0"", ""kind"": ""static_obstacle"", ""x"": 50.0, ""y"": 50.0, ""radius"": 5.0}]"
naive_fusion,259,51.8,3,86.944,80.167,90.0,86.0,50.0,50.0,,,position_noise+confidence_error,,naive_fusion,move,1,0,6.586,7.96,42.695,uav_2,7.96,False,False,False,False,False,1,"[{""id"": ""obstacle_0"", ""kind"": ""static_obstacle"", ""x"": 50.0, ""y"": 50.0, ""radius"": 5.0}]"
naive_fusion,260,52.0,0,80.774,66.223,94.0,90.0,50.0,50.0,,,position_noise+confidence_error,,naive_fusion,avoidance,2,0,27.208,5.994,29.788,uav_1,5.994,False,False,False,False,False,1,"[{""id"": ""obstacle_0"", ""kind"": ""static_obstacle"", ""x"": 50.0, ""y"": 50.0, ""radius"": 5.0}]"
naive_fusion,260,52.0,1,75.199,64.02,90.0,94.0,50.0,50.0,,,false_negative+position_noise+confidence_error,,naive_fusion,move,1,0,33.434,5.994,23.837,uav_0,5.994,False,False,False,False,False,1,"[{""id"": ""obstacle_0"", ""kind"": ""static_obstacle"", ""x"": 50.0, ""y"": 50.0, ""radius"": 5.0}]"
naive_fusion,260,52.0,2,80.576,75.961,86.0,90.0,50.0,50.0,,,position_noise+confidence_error,,naive_fusion,move,3,0,15.05,7.983,35.111,uav_3,7.983,False,False,False,False,False,1,"[{""id"": ""obstacle_0"", ""kind"": ""static_obstacle"", ""x"": 50.0, ""y"": 50.0, ""radius"": 5.0}]"
naive_fusion,260,52.0,3,87.129,80.521,90.0,86.0,50.0,50.0,,,position_noise+confidence_error,,naive_fusion,move,1,0,6.186,7.983,43.064,uav_2,7.983,False,False,False,False,False,1,"[{""id"": ""obstacle_0"", ""kind"": ""static_obstacle"", ""x"": 50.0, ""y"": 50.0, ""radius"": 5.0}]"
naive_fusion,261,52.2,0,80.968,66.572,94.0,90.0,50.0,50.0,,,position_noise+confidence_error,,naive_fusion,move,2,0,26.808,6.007,30.124,uav_1,6.007,False,False,False,False,False,1,"[{""id"": ""obstacle_0"", ""kind"": ""static_obstacle"", ""x"": 50.0, ""y"": 50.0, ""radius"": 5.0}]"
naive_fusion,261,52.2,1,75.376,64.379,90.0,94.0,50.0,50.0,,,position_noise+confidence_error,,naive_fusion,move,2,0,33.034,6.007,24.167,uav_0,6.007,False,False,False,False,False,1,"[{""id"": ""obstacle_0"", ""kind"": ""static_obstacle"", ""x"": 50.0, ""y"": 50.0, ""radius"": 5.0}]"
naive_fusion,261,52.2,2,80.72,76.334,86.0,90.0,50.0,50.0,,,false_negative+position_noise+confidence_error,,naive_fusion,move,2,0,14.65,8.007,35.463,uav_3,8.007,False,False,False,False,False,1,"[{""id"": ""obstacle_0"", ""kind"": ""static_obstacle"", ""x"": 50.0, ""y"": 50.0, ""radius"": 5.0}]"
naive_fusion,261,52.2,3,87.315,80.875,90.0,86.0,50.0,50.0,,,false_negative+confidence_error,,naive_fusion,move,0,0,5.786,8.007,43.432,uav_2,8.007,False,False,False,False,False,1,"[{""id"": ""obstacle_0"", ""kind"": ""static_obstacle"", ""x"": 50.0, ""y"": 50.0, ""radius"": 5.0}]"
naive_fusion,262,52.4,0,81.162,66.922,94.0,90.0,50.0,50.0,,,position_noise+confidence_error,,naive_fusion,move,2,0,26.408,6.019,30.461,uav_1,6.019,False,False,False,False,False,1,"[{""id"": ""obstacle_0"", ""kind"": ""static_obstacle"", ""x"": 50.0, ""y"": 50.0, ""radius"": 5.0}]"
naive_fusion,262,52.4,1,75.553,64.737,90.0,94.0,50.0,50.0,,,position_noise+confidence_error,,naive_fusion,move,2,0,32.634,6.019,24.499,uav_0,6.019,False,False,False,False,False,1,"[{""id"": ""obstacle_0"", ""kind"": ""static_obstacle"", ""x"": 50.0, ""y"": 50.0, ""radius"": 5.0}]"
naive_fusion,262,52.4,2,80.865,76.707,86.0,90.0,50.0,50.0,,,false_negative+position_noise+confidence_error,,naive_fusion,move,2,0,14.25,8.03,35.815,uav_3,8.03,False,False,False,False,False,1,"[{""id"": ""obstacle_0"", ""kind"": ""static_obstacle"", ""x"": 50.0, ""y"": 50.0, ""radius"": 5.0}]"
naive_fusion,262,52.4,3,87.501,81.23,90.0,86.0,50.0,50.0,,,position_noise+confidence_error,,naive_fusion,move,1,0,5.386,8.03,43.801,uav_2,8.03,False,False,False,False,False,1,"[{""id"": ""obstacle_0"", ""kind"": ""static_obstacle"", ""x"": 50.0, ""y"": 50.0, ""radius"": 5.0}]"
naive_fusion,263,52.6,0,81.357,67.272,94.0,90.0,50.0,50.0,,,false_negative+position_noise+confidence_error,,naive_fusion,move,1,0,26.008,6.032,30.799,uav_1,6.032,False,False,False,False,False,1,"[{""id"": ""obstacle_0"", ""kind"": ""static_obstacle"", ""x"": 50.0, ""y"": 50.0, ""radius"": 5.0}]"
naive_fusion,263,52.6,1,75.731,65.096,90.0,94.0,50.0,50.0,,,position_noise+confidence_error,,naive_fusion,move,2,0,32.234,6.032,24.832,uav_0,6.032,False,False,False,False,False,1,"[{""id"": ""obstacle_0"", ""kind"": ""static_obstacle"", ""x"": 50.0, ""y"": 50.0, ""radius"": 5.0}]"
naive_fusion,263,52.6,2,81.009,77.08,86.0,90.0,50.0,50.0,,,false_negative+position_noise+confidence_error,,naive_fusion,move,2,0,13.85,8.054,36.169,uav_3,8.054,False,False,False,False,False,1,"[{""id"": ""obstacle_0"", ""kind"": ""static_obstacle"", ""x"": 50.0, ""y"": 50.0, ""radius"": 5.0}]"
naive_fusion,263,52.6,3,87.686,81.584,90.0,86.0,50.0,50.0,,,position_noise+confidence_error,,naive_fusion,move,1,0,4.986,8.054,44.171,uav_2,8.054,False,False,False,False,False,1,"[{""id"": ""obstacle_0"", ""kind"": ""static_obstacle"", ""x"": 50.0, ""y"": 50.0, ""radius"": 5.0}]"
naive_fusion,264,52.8,0,81.551,67.621,94.0,90.0,50.0,50.0,,,false_negative+confidence_error,,naive_fusion,move,0,0,25.608,6.045,31.138,uav_1,6.045,False,False,False,False,False,1,"[{""id"": ""obstacle_0"", ""kind"": ""static_obstacle"", ""x"": 50.0, ""y"": 50.0, ""radius"": 5.0}]"
naive_fusion,264,52.8,1,75.908,65.455,90.0,94.0,50.0,50.0,,,position_noise+confidence_error,,naive_fusion,move,2,0,31.834,6.045,25.167,uav_0,6.045,False,False,False,False,False,1,"[{""id"": ""obstacle_0"", ""kind"": ""static_obstacle"", ""x"": 50.0, ""y"": 50.0, ""radius"": 5.0}]"
naive_fusion,264,52.8,2,81.153,77.454,86.0,90.0,50.0,50.0,,,false_negative+position_noise+confidence_error,,naive_fusion,move,1,0,13.45,8.078,36.524,uav_3,8.078,False,False,False,False,False,1,"[{""id"": ""obstacle_0"", ""kind"": ""static_obstacle"", ""x"": 50.0, ""y"": 50.0, ""radius"": 5.0}]"
naive_fusion,264,52.8,3,87.872,81.938,90.0,86.0,50.0,50.0,,,position_noise+confidence_error,,naive_fusion,move,1,0,4.586,8.078,44.541,uav_2,8.078,False,False,False,False,False,1,"[{""id"": ""obstacle_0"", ""kind"": ""static_obstacle"", ""x"": 50.0, ""y"": 50.0, ""radius"": 5.0}]"
naive_fusion,265,53.0,0,81.799,67.935,94.0,90.0,50.0,50.0,,,position_noise+confidence_error,,naive_fusion,avoidance,2,0,25.213,6.095,31.508,uav_1,6.095,False,False,False,False,False,1,"[{""id"": ""obstacle_0"", ""kind"": ""static_obstacle"", ""x"": 50.0, ""y"": 50.0, ""radius"": 5.0}]"
naive_fusion,265,53.0,1,76.085,65.813,90.0,94.0,50.0,50.0,,,false_negative+position_noise+confidence_error,,naive_fusion,move,1,0,31.434,6.095,25.504,uav_0,6.095,False,False,False,False,False,1,"[{""id"": ""obstacle_0"", ""kind"": ""static_obstacle"", ""x"": 50.0, ""y"": 50.0, ""radius"": 5.0}]"
naive_fusion,265,53.0,2,81.297,77.827,86.0,90.0,50.0,50.0,,,position_noise+confidence_error,,naive_fusion,move,3,0,13.05,8.102,36.879,uav_3,8.102,False,False,False,False,False,1,"[{""id"": ""obstacle_0"", ""kind"": ""static_obstacle"", ""x"": 50.0, ""y"": 50.0, ""radius"": 5.0}]"
naive_fusion,265,53.0,3,88.057,82.293,90.0,86.0,50.0,50.0,,,position_noise+confidence_error,,naive_fusion,move,1,0,4.186,8.102,44.912,uav_2,8.102,False,False,False,False,False,1,"[{""id"": ""obstacle_0"", ""kind"": ""static_obstacle"", ""x"": 50.0, ""y"": 50.0, ""radius"": 5.0}]"
naive_fusion,266,53.2,0,81.992,68.286,94.0,90.0,50.0,50.0,,,false_negative+confidence_error,,naive_fusion,move,0,0,24.813,6.766,31.849,uav_1,6.766,False,False,False,False,False,1,"[{""id"": ""obstacle_0"", ""kind"": ""static_obstacle"", ""x"": 50.0, ""y"": 50.0, ""radius"": 5.0}]"
naive_fusion,266,53.2,1,75.685,65.836,90.0,94.0,50.0,50.0,,,position_noise+confidence_error,,naive_fusion,avoidance,2,0,31.593,6.766,25.174,uav_0,6.766,False,False,False,False,False,1,"[{""id"": ""obstacle_0"", ""kind"": ""static_obstacle"", ""x"": 50.0, ""y"": 50.0, ""radius"": 5.0}]"
naive_fusion,266,53.2,2,81.441,78.2,86.0,90.0,50.0,50.0,,,false_negative+position_noise+confidence_error,,naive_fusion,move,1,0,12.65,8.127,37.235,uav_3,8.127,False,False,False,False,False,1,"[{""id"": ""obstacle_0"", ""kind"": ""static_obstacle"", ""x"": 50.0, ""y"": 50.0, ""radius"": 5.0}]"
naive_fusion,266,53.2,3,88.243,82.647,90.0,86.0,50.0,50.0,,,false_negative+confidence_error,,naive_fusion,move,0,0,3.786,8.127,45.283,uav_2,8.127,False,False,False,False,False,1,"[{""id"": ""obstacle_0"", ""kind"": ""static_obstacle"", ""x"": 50.0, ""y"": 50.0, ""radius"": 5.0}]"
naive_fusion,267,53.4,0,82.186,68.636,94.0,90.0,50.0,50.0,,,position_noise+confidence_error,,naive_fusion,move,2,0,24.413,6.775,32.192,uav_1,6.775,False,False,False,False,False,1,"[{""id"": ""obstacle_0"", ""kind"": ""static_obstacle"", ""x"": 50.0, ""y"": 50.0, ""radius"": 5.0}]"
naive_fusion,267,53.4,1,75.867,66.192,90.0,94.0,50.0,50.0,,,false_negative+position_noise+confidence_error,,naive_fusion,move,1,0,31.193,6.775,25.517,uav_0,6.775,False,False,False,False,False,1,"[{""id"": ""obstacle_0"", ""kind"": ""static_obstacle"", ""x"": 50.0, ""y"": 50.0, ""radius"": 5.0}]"
naive_fusion,267,53.4,2,81.585,78.573,86.0,90.0,50.0,50.0,,,position_noise+confidence_error,,naive_fusion,move,3,0,12.25,8.151,37.592,uav_3,8.151,False,False,False,False,False,1,"[{""id"": ""obstacle_0"", ""kind"": ""static_obstacle"", ""x"": 50.0, ""y"": 50.0, ""radius"": 5.0}]"
naive_fusion,267,53.4,3,88.429,83.001,90.0,86.0,50.0,50.0,,,position_noise+confidence_error,,naive_fusion,move,1,0,3.386,8.151,45.654,uav_2,8.151,False,False,False,False,False,1,"[{""id"": ""obstacle_0"", ""kind"": ""static_obstacle"", ""x"": 50.0, ""y"": 50.0, ""radius"": 5.0}]"
naive_fusion,268,53.6,0,82.379,68.986,94.0,90.0,50.0,50.0,,,position_noise+confidence_error,,naive_fusion,move,2,0,24.013,6.784,32.535,uav_1,6.784,False,False,False,False,False,1,"[{""id"": ""obstacle_0"", ""kind"": ""static_obstacle"", ""x"": 50.0, ""y"": 50.0, ""radius"": 5.0}]"
naive_fusion,268,53.6,1,76.048,66.549,90.0,94.0,50.0,50.0,,,position_noise+confidence_error,,naive_fusion,move,2,0,30.793,6.784,25.86,uav_0,6.784,False,False,False,False,False,1,"[{""id"": ""obstacle_0"", ""kind"": ""static_obstacle"", ""x"": 50.0, ""y"": 50.0, ""radius"": 5.0}]"
naive_fusion,268,53.6,2,81.729,78.946,86.0,90.0,50.0,50.0,,,position_noise+confidence_error,,naive_fusion,move,3,0,11.85,8.176,37.949,uav_3,8.176,False,False,False,False,False,1,"[{""id"": ""obstacle_0"", ""kind"": ""static_obstacle"", ""x"": 50.0, ""y"": 50.0, ""radius"": 5.0}]"
naive_fusion,268,53.6,3,88.614,83.355,90.0,86.0,50.0,50.0,,,false_negative+confidence_error,,naive_fusion,move,0,0,2.986,8.176,46.026,uav_2,8.176,False,False,False,False,False,1,"[{""id"": ""obstacle_0"", ""kind"": ""static_obstacle"", ""x"": 50.0, ""y"": 50.0, ""radius"": 5.0}]"
naive_fusion,269,53.8,0,82.573,69.336,94.0,90.0,50.0,50.0,,,false_negative+position_noise+confidence_error,,naive_fusion,move,1,0,23.613,6.794,32.88,uav_1,6.794,False,False,False,False,False,1,"[{""id"": ""obstacle_0"", ""kind"": ""static_obstacle"", ""x"": 50.0, ""y"": 50.0, ""radius"": 5.0}]"
naive_fusion,269,53.8,1,76.229,66.905,90.0,94.0,50.0,50.0,,,position_noise+confidence_error,,naive_fusion,move,2,0,30.393,6.794,26.205,uav_0,6.794,False,False,False,False,False,1,"[{""id"": ""obstacle_0"", ""kind"": ""static_obstacle"", ""x"": 50.0, ""y"": 50.0, ""radius"": 5.0}]"
naive_fusion,269,53.8,2,81.874,79.319,86.0,90.0,50.0,50.0,,,false_negative+position_noise+confidence_error,,naive_fusion,move,2,0,11.45,8.201,38.308,uav_3,8.201,False,False,False,False,False,1,"[{""id"": ""obstacle_0"", ""kind"": ""static_obstacle"", ""x"": 50.0, ""y"": 50.0, ""radius"": 5.0}]"
naive_fusion,269,53.8,3,88.8,83.71,90.0,86.0,50.0,50.0,,,position_noise+confidence_error,,naive_fusion,move,1,0,2.586,8.201,46.398,uav_2,8.201,False,False,False,False,False,1,"[{""id"": ""obstacle_0"", ""kind"": ""static_obstacle"", ""x"": 50.0, ""y"": 50.0, ""radius"": 5.0}]"
naive_fusion,270,54.0,0,82.767,69.686,94.0,90.0,50.0,50.0,,,position_noise+confidence_error,,naive_fusion,move,2,0,23.213,6.803,33.225,uav_1,6.803,False,False,False,False,False,1,"[{""id"": ""obstacle_0"", ""kind"": ""static_obstacle"", ""x"": 50.0, ""y"": 50.0, ""radius"": 5.0}]"
naive_fusion,270,54.0,1,76.41,67.262,90.0,94.0,50.0,50.0,,,false_negative+position_noise+confidence_error,,naive_fusion,move,1,0,29.993,6.803,26.551,uav_0,6.803,False,False,False,False,False,1,"[{""id"": ""obstacle_0"", ""kind"": ""static_obstacle"", ""x"": 50.0, ""y"": 50.0, ""radius"": 5.0}]"
naive_fusion,270,54.0,2,82.018,79.692,86.0,90.0,50.0,50.0,,,position_noise+confidence_error,,naive_fusion,move,3,0,11.05,8.226,38.667,uav_3,8.226,False,False,False,False,False,1,"[{""id"": ""obstacle_0"", ""kind"": ""static_obstacle"", ""x"": 50.0, ""y"": 50.0, ""radius"": 5.0}]"
naive_fusion,270,54.0,3,88.986,84.064,90.0,86.0,50.0,50.0,,,position_noise+confidence_error,,naive_fusion,move,1,0,2.186,8.226,46.771,uav_2,8.226,False,False,False,False,False,1,"[{""id"": ""obstacle_0"", ""kind"": ""static_obstacle"", ""x"": 50.0, ""y"": 50.0, ""radius"": 5.0}]"
naive_fusion,271,54.2,0,82.96,70.036,94.0,90.0,50.0,50.0,,,false_negative+position_noise+confidence_error,,naive_fusion,move,1,0,22.813,6.812,33.572,uav_1,6.812,False,False,False,False,False,1,"[{""id"": ""obstacle_0"", ""kind"": ""static_obstacle"", ""x"": 50.0, ""y"": 50.0, ""radius"": 5.0}]"
naive_fusion,271,54.2,1,76.591,67.618,90.0,94.0,50.0,50.0,,,position_noise+confidence_error,,naive_fusion,move,2,0,29.593,6.812,26.899,uav_0,6.812,False,False,False,False,False,1,"[{""id"": ""obstacle_0"", ""kind"": ""static_obstacle"", ""x"": 50.0, ""y"": 50.0, ""radius"": 5.0}]"
naive_fusion,271,54.2,2,82.162,80.065,86.0,90.0,50.0,50.0,,,false_negative+position_noise+confidence_error,,naive_fusion,move,2,0,10.65,8.251,39.026,uav_3,8.251,False,False,False,False,False,1,"[{""id"": ""obstacle_0"", ""kind"": ""static_obstacle"", ""x"": 50.0, ""y"": 50.0, ""radius"": 5.0}]"
naive_fusion,271,54.2,3,89.171,84.418,90.0,86.0,50.0,50.0,,,position_noise+confidence_error,,naive_fusion,move,1,0,1.786,8.251,47.144,uav_2,8.251,False,False,False,False,True,1,"[{""id"": ""obstacle_0"", ""kind"": ""static_obstacle"", ""x"": 50.0, ""y"": 50.0, ""radius"": 5.0}]"
naive_fusion,272,54.4,0,83.154,70.386,94.0,90.0,50.0,50.0,,,false_negative+confidence_error,,naive_fusion,move,0,0,22.413,6.821,33.92,uav_1,6.821,False,False,False,False,False,1,"[{""id"": ""obstacle_0"", ""kind"": ""static_obstacle"", ""x"": 50.0, ""y"": 50.0, ""radius"": 5.0}]"
naive_fusion,272,54.4,1,76.773,67.975,90.0,94.0,50.0,50.0,,,position_noise+confidence_error,,naive_fusion,move,2,0,29.193,6.821,27.247,uav_0,6.821,False,False,False,False,False,1,"[{""id"": ""obstacle_0"", ""kind"": ""static_obstacle"", ""x"": 50.0, ""y"": 50.0, ""radius"": 5.0}]"
naive_fusion,272,54.4,2,82.306,80.439,86.0,90.0,50.0,50.0,,,false_negative+position_noise+confidence_error,,naive_fusion,move,1,0,10.25,7.935,39.387,uav_3,7.935,False,False,False,False,False,1,"[{""id"": ""obstacle_0"", ""kind"": ""static_obstacle"", ""x"": 50.0, ""y"": 50.0, ""radius"": 5.0}]"
naive_fusion,272,54.4,3,89.171,84.418,90.0,86.0,50.0,50.0,,,none,,naive_fusion,at_goal,0,0,1.786,7.935,47.144,uav_2,7.935,False,False,False,False,True,1,"[{""id"": ""obstacle_0"", ""kind"": ""static_obstacle"", ""x"": 50.0, ""y"": 50.0, ""radius"": 5.0}]"
naive_fusion,273,54.6,0,83.347,70.736,94.0,90.0,50.0,50.0,,,position_noise+confidence_error,,naive_fusion,move,2,0,22.013,6.83,34.268,uav_1,6.83,False,False,False,False,False,1,"[{""id"": ""obstacle_0"", ""kind"": ""static_obstacle"", ""x"": 50.0, ""y"": 50.0, ""radius"": 5.0}]"
naive_fusion,273,54.6,1,76.954,68.332,90.0,94.0,50.0,50.0,,,position_noise+confidence_error,,naive_fusion,move,2,0,28.793,6.83,27.597,uav_0,6.83,False,False,False,False,False,1,"[{""id"": ""obstacle_0"", ""kind"": ""static_obstacle"", ""x"": 50.0, ""y"": 50.0, ""radius"": 5.0}]"
naive_fusion,273,54.6,2,82.45,80.812,86.0,90.0,50.0,50.0,,,position_noise+confidence_error,,naive_fusion,move,3,0,9.85,7.628,39.748,uav_3,7.628,False,False,False,False,False,1,"[{""id"": ""obstacle_0"", ""kind"": ""static_obstacle"", ""x"": 50.0, ""y"": 50.0, ""radius"": 5.0}]"
naive_fusion,273,54.6,3,89.171,84.418,90.0,86.0,50.0,50.0,,,none,,naive_fusion,at_goal,0,0,1.786,7.628,47.144,uav_2,7.628,False,False,False,False,True,1,"[{""id"": ""obstacle_0"", ""kind"": ""static_obstacle"", ""x"": 50.0, ""y"": 50.0, ""radius"": 5.0}]"
naive_fusion,274,54.8,0,83.541,71.086,94.0,90.0,50.0,50.0,,,position_noise+confidence_error,,naive_fusion,move,3,0,21.613,6.84,34.618,uav_1,6.84,False,False,False,False,False,1,"[{""id"": ""obstacle_0"", ""kind"": ""static_obstacle"", ""x"": 50.0, ""y"": 50.0, ""radius"": 5.0}]"
naive_fusion,274,54.8,1,77.135,68.688,90.0,94.0,50.0,50.0,,,false_negative+position_noise+confidence_error,,naive_fusion,move,1,0,28.393,6.84,27.948,uav_0,6.84,False,False,False,False,False,1,"[{""id"": ""obstacle_0"", ""kind"": ""static_obstacle"", ""x"": 50.0, ""y"": 50.0, ""radius"": 5.0}]"
naive_fusion,274,54.8,2,82.594,81.185,86.0,90.0,50.0,50.0,,,false_negative+position_noise+confidence_error,,naive_fusion,move,2,0,9.45,7.329,40.11,uav_3,7.329,False,False,False,False,False,1,"[{""id"": ""obstacle_0"", ""kind"": ""static_obstacle"", ""x"": 50.0, ""y"": 50.0, ""radius"": 5.0}]"
naive_fusion,274,54.8,3,89.171,84.418,90.0,86.0,50.0,50.0,,,none,,naive_fusion,at_goal,0,0,1.786,7.329,47.144,uav_2,7.329,False,False,False,False,True,1,"[{""id"": ""obstacle_0"", ""kind"": ""static_obstacle"", ""x"": 50.0, ""y"": 50.0, ""radius"": 5.0}]"
naive_fusion,275,55.0,0,83.734,71.436,94.0,90.0,50.0,50.0,,,position_noise+confidence_error,,naive_fusion,move,3,0,21.213,6.849,34.969,uav_1,6.849,False,False,False,False,False,1,"[{""id"": ""obstacle_0"", ""kind"": ""static_obstacle"", ""x"": 50.0, ""y"": 50.0, ""radius"": 5.0}]"
naive_fusion,275,55.0,1,77.316,69.045,90.0,94.0,50.0,50.0,,,position_noise+confidence_error,,naive_fusion,move,2,0,27.993,6.849,28.3,uav_0,6.849,False,False,False,False,False,1,"[{""id"": ""obstacle_0"", ""kind"": ""static_obstacle"", ""x"": 50.0, ""y"": 50.0, ""radius"": 5.0}]"
naive_fusion,275,55.0,2,82.739,81.558,86.0,90.0,50.0,50.0,,,position_noise+confidence_error,,naive_fusion,move,3,0,9.05,7.04,40.472,uav_3,7.04,False,False,False,False,False,1,"[{""id"": ""obstacle_0"", ""kind"": ""static_obstacle"", ""x"": 50.0, ""y"": 50.0, ""radius"": 5.0}]"
naive_fusion,275,55.0,3,89.171,84.418,90.0,86.0,50.0,50.0,,,none,,naive_fusion,at_goal,0,0,1.786,7.04,47.144,uav_2,7.04,False,False,False,False,True,1,"[{""id"": ""obstacle_0"", ""kind"": ""static_obstacle"", ""x"": 50.0, ""y"": 50.0, ""radius"": 5.0}]"
naive_fusion,276,55.2,0,83.928,71.786,94.0,90.0,50.0,50.0,,,false_negative+position_noise+confidence_error,,naive_fusion,move,2,0,20.813,6.858,35.32,uav_1,6.858,False,False,False,False,False,1,"[{""id"": ""obstacle_0"", ""kind"": ""static_obstacle"", ""x"": 50.0, ""y"": 50.0, ""radius"": 5.0}]"
naive_fusion,276,55.2,1,77.498,69.401,90.0,94.0,50.0,50.0,,,position_noise+confidence_error,,naive_fusion,move,2,0,27.593,6.858,28.653,uav_0,6.858,False,False,False,False,False,1,"[{""id"": ""obstacle_0"", ""kind"": ""static_obstacle"", ""x"": 50.0, ""y"": 50.0, ""radius"": 5.0}]"
naive_fusion,276,55.2,2,82.883,81.931,86.0,90.0,50.0,50.0,,,position_noise+confidence_error,,naive_fusion,move,3,0,8.65,6.763,40.835,uav_3,6.763,False,False,False,False,False,1,"[{""id"": ""obstacle_0"", ""kind"": ""static_obstacle"", ""x"": 50.0, ""y"": 50.0, ""radius"": 5.0}]"
naive_fusion,276,55.2,3,89.171,84.418,90.0,86.0,50.0,50.0,,,none,,naive_fusion,at_goal,0,0,1.786,6.763,47.144,uav_2,6.763,False,False,False,False,True,1,"[{""id"": ""obstacle_0"", ""kind"": ""static_obstacle"", ""x"": 50.0, ""y"": 50.0, ""radius"": 5.0}]"
naive_fusion,277,55.4,0,84.122,72.136,94.0,90.0,50.0,50.0,,,position_noise+confidence_error,,naive_fusion,move,3,0,20.413,6.868,35.673,uav_1,6.868,False,False,False,False,False,1,"[{""id"": ""obstacle_0"", ""kind"": ""static_obstacle"", ""x"": 50.0, ""y"": 50.0, ""radius"": 5.0}]"
naive_fusion,277,55.4,1,77.679,69.758,90.0,94.0,50.0,50.0,,,position_noise+confidence_error,,naive_fusion,move,2,0,27.193,6.868,29.007,uav_0,6.868,False,False,False,False,False,1,"[{""id"": ""obstacle_0"", ""kind"": ""static_obstacle"", ""x"": 50.0, ""y"": 50.0, ""radius"": 5.0}]"
naive_fusion,277,55.4,2,83.027,82.304,86.0,90.0,50.0,50.0,,,position_noise+confidence_error,,naive_fusion,move,3,0,8.25,6.498,41.199,uav_3,6.498,False,False,False,False,False,1,"[{""id"": ""obstacle_0"", ""kind"": ""static_obstacle"", ""x"": 50.0, ""y"": 50.0, ""radius"": 5.0}]"
naive_fusion,277,55.4,3,89.171,84.418,90.0,86.0,50.0,50.0,,,none,,naive_fusion,at_goal,0,0,1.786,6.498,47.144,uav_2,6.498,False,False,False,False,True,1,"[{""id"": ""obstacle_0"", ""kind"": ""static_obstacle"", ""x"": 50.0, ""y"": 50.0, ""radius"": 5.0}]"
naive_fusion,278,55.6,0,84.315,72.486,94.0,90.0,50.0,50.0,,,position_noise+confidence_error,,naive_fusion,move,3,0,20.013,6.877,36.026,uav_1,6.877,False,False,False,False,False,1,"[{""id"": ""obstacle_0"", ""kind"": ""static_obstacle"", ""x"": 50.0, ""y"": 50.0, ""radius"": 5.0}]"
naive_fusion,278,55.6,1,77.86,70.115,90.0,94.0,50.0,50.0,,,position_noise+confidence_error,,naive_fusion,move,2,0,26.793,6.877,29.363,uav_0,6.877,False,False,False,False,False,1,"[{""id"": ""obstacle_0"", ""kind"": ""static_obstacle"", ""x"": 50.0, ""y"": 50.0, ""radius"": 5.0}]"
naive_fusion,278,55.6,2,83.171,82.677,86.0,90.0,50.0,50.0,,,position_noise+confidence_error,,naive_fusion,move,3,0,7.85,6.248,41.563,uav_3,6.248,False,False,False,False,False,1,"[{""id"": ""obstacle_0"", ""kind"": ""static_obstacle"", ""x"": 50.0, ""y"": 50.0, ""radius"": 5.0}]"
naive_fusion,278,55.6,3,89.171,84.418,90.0,86.0,50.0,50.0,,,none,,naive_fusion,at_goal,0,0,1.786,6.248,47.144,uav_2,6.248,False,False,False,False,True,1,"[{""id"": ""obstacle_0"", ""kind"": ""static_obstacle"", ""x"": 50.0, ""y"": 50.0, ""radius"": 5.0}]"
naive_fusion,279,55.8,0,84.509,72.836,94.0,90.0,50.0,50.0,,,false_negative+position_noise+confidence_error,,naive_fusion,move,2,0,19.613,6.886,36.38,uav_1,6.886,False,False,False,False,False,1,"[{""id"": ""obstacle_0"", ""kind"": ""static_obstacle"", ""x"": 50.0, ""y"": 50.0, ""radius"": 5.0}]"
naive_fusion,279,55.8,1,78.041,70.471,90.0,94.0,50.0,50.0,,,false_negative+position_noise+confidence_error,,naive_fusion,move,1,0,26.393,6.886,29.719,uav_0,6.886,False,False,False,False,False,1,"[{""id"": ""obstacle_0"", ""kind"": ""static_obstacle"", ""x"": 50.0, ""y"": 50.0, ""radius"": 5.0}]"
naive_fusion,279,55.8,2,83.315,83.05,86.0,90.0,50.0,50.0,,,false_negative+position_noise+confidence_error,,naive_fusion,move,2,0,7.45,6.014,41.928,uav_3,6.014,False,False,False,False,False,1,"[{""id"": ""obstacle_0"", ""kind"": ""static_obstacle"", ""x"": 50.0, ""y"": 50.0, ""radius"": 5.0}]"
naive_fusion,279,55.8,3,89.171,84.418,90.0,86.0,50.0,50.0,,,none,,naive_fusion,at_goal,0,0,1.786,6.014,47.144,uav_2,6.014,False,False,False,False,True,1,"[{""id"": ""obstacle_0"", ""kind"": ""static_obstacle"", ""x"": 50.0, ""y"": 50.0, ""radius"": 5.0}]"
naive_fusion,280,56.0,0,84.702,73.186,94.0,90.0,50.0,50.0,,,false_negative+position_noise+confidence_error,,naive_fusion,move,2,0,19.213,6.895,36.735,uav_1,6.895,False,False,False,False,False,1,"[{""id"": ""obstacle_0"", ""kind"": ""static_obstacle"", ""x"": 50.0, ""y"": 50.0, ""radius"": 5.0}]"
naive_fusion,280,56.0,1,78.223,70.828,90.0,94.0,50.0,50.0,,,position_noise+confidence_error,,naive_fusion,move,2,0,25.993,6.895,30.076,uav_0,6.895,False,False,False,False,False,1,"[{""id"": ""obstacle_0"", ""kind"": ""static_obstacle"", ""x"": 50.0, ""y"": 50.0, ""radius"": 5.0}]"
naive_fusion,280,56.0,2,83.459,83.424,86.0,90.0,50.0,50.0,,,position_noise+confidence_error,,naive_fusion,move,3,0,7.05,5.798,42.293,uav_3,5.798,False,False,False,False,False,1,"[{""id"": ""obstacle_0"", ""kind"": ""static_obstacle"", ""x"": 50.0, ""y"": 50.0, ""radius"": 5.0}]"
naive_fusion,280,56.0,3,89.171,84.418,90.0,86.0,50.0,50.0,,,none,,naive_fusion,at_goal,0,0,1.786,5.798,47.144,uav_2,5.798,False,False,False,False,True,1,"[{""id"": ""obstacle_0"", ""kind"": ""static_obstacle"", ""x"": 50.0, ""y"": 50.0, ""radius"": 5.0}]"
naive_fusion,281,56.2,0,84.896,73.536,94.0,90.0,50.0,50.0,,,position_noise+confidence_error,,naive_fusion,move,3,0,18.813,6.905,37.091,uav_1,6.905,False,False,False,False,False,1,"[{""id"": ""obstacle_0"", ""kind"": ""static_obstacle"", ""x"": 50.0, ""y"": 50.0, ""radius"": 5.0}]"
naive_fusion,281,56.2,1,78.404,71.184,90.0,94.0,50.0,50.0,,,false_negative+position_noise+confidence_error,,naive_fusion,move,1,0,25.593,6.905,30.434,uav_0,6.905,False,False,False,False,False,1,"[{""id"": ""obstacle_0"", ""kind"": ""static_obstacle"", ""x"": 50.0, ""y"": 50.0, ""radius"": 5.0}]"
naive_fusion,281,56.2,2,83.603,83.797,86.0,90.0,50.0,50.0,,,position_noise+confidence_error,,naive_fusion,move,3,0,6.65,5.602,42.659,uav_3,5.602,False,False,False,False,False,1,"[{""id"": ""obstacle_0"", ""kind"": ""static_obstacle"", ""x"": 50.0, ""y"": 50.0, ""radius"": 5.0}]"
naive_fusion,281,56.2,3,89.171,84.418,90.0,86.0,50.0,50.0,,,none,,naive_fusion,at_goal,0,0,1.786,5.602,47.144,uav_2,5.602,False,False,False,False,True,1,"[{""id"": ""obstacle_0"", ""kind"": ""static_obstacle"", ""x"": 50.0, ""y"": 50.0, ""radius"": 5.0}]"
naive_fusion,282,56.4,0,85.089,73.886,94.0,90.0,50.0,50.0,,,false_negative+position_noise+confidence_error,,naive_fusion,move,2,0,18.413,6.914,37.448,uav_1,6.914,False,False,False,False,False,1,"[{""id"": ""obstacle_0"", ""kind"": ""static_obstacle"", ""x"": 50.0, ""y"": 50.0, ""radius"": 5.0}]"
naive_fusion,282,56.4,1,78.585,71.541,90.0,94.0,50.0,50.0,,,position_noise+confidence_error,,naive_fusion,move,2,0,25.193,6.914,30.793,uav_0,6.914,False,False,False,False,False,1,"[{""id"": ""obstacle_0"", ""kind"": ""static_obstacle"", ""x"": 50.0, ""y"": 50.0, ""radius"": 5.0}]"
naive_fusion,282,56.4,2,83.748,84.17,86.0,90.0,50.0,50.0,,,false_negative+position_noise+confidence_error,,naive_fusion,move,1,0,6.25,5.429,43.026,uav_3,5.429,False,False,False,False,False,1,"[{""id"": ""obstacle_0"", ""kind"": ""static_obstacle"", ""x"": 50.0, ""y"": 50.0, ""radius"": 5.0}]"
naive_fusion,282,56.4,3,89.171,84.418,90.0,86.0,50.0,50.0,,,none,,naive_fusion,at_goal,0,0,1.786,5.429,47.144,uav_2,5.429,False,False,False,False,True,1,"[{""id"": ""obstacle_0"", ""kind"": ""static_obstacle"", ""x"": 50.0, ""y"": 50.0, ""radius"": 5.0}]"
naive_fusion,283,56.6,0,85.283,74.236,94.0,90.0,50.0,50.0,,,false_negative+position_noise+confidence_error,,naive_fusion,move,2,0,18.013,6.924,37.805,uav_1,6.924,False,False,False,False,False,1,"[{""id"": ""obstacle_0"", ""kind"": ""static_obstacle"", ""x"": 50.0, ""y"": 50.0, ""radius"": 5.0}]"
naive_fusion,283,56.6,1,78.766,71.898,90.0,94.0,50.0,50.0,,,false_negative+position_noise+confidence_error,,naive_fusion,move,1,0,24.793,6.924,31.152,uav_0,6.924,False,False,False,False,False,1,"[{""id"": ""obstacle_0"", ""kind"": ""static_obstacle"", ""x"": 50.0, ""y"": 50.0, ""radius"": 5.0}]"
naive_fusion,283,56.6,2,83.892,84.543,86.0,90.0,50.0,50.0,,,position_noise+confidence_error,,naive_fusion,move,3,0,5.85,5.281,43.393,uav_3,5.281,False,False,False,False,False,1,"[{""id"": ""obstacle_0"", ""kind"": ""static_obstacle"", ""x"": 50.0, ""y"": 50.0, ""radius"": 5.0}]"
naive_fusion,283,56.6,3,89.171,84.418,90.0,86.0,50.0,50.0,,,none,,naive_fusion,at_goal,0,0,1.786,5.281,47.144,uav_2,5.281,False,False,False,False,True,1,"[{""id"": ""obstacle_0"", ""kind"": ""static_obstacle"", ""x"": 50.0, ""y"": 50.0, ""radius"": 5.0}]"
naive_fusion,284,56.8,0,85.476,74.586,94.0,90.0,50.0,50.0,,,false_negative+position_noise+confidence_error,,naive_fusion,move,2,0,17.613,6.933,38.163,uav_1,6.933,False,False,False,False,False,1,"[{""id"": ""obstacle_0"", ""kind"": ""static_obstacle"", ""x"": 50.0, ""y"": 50.0, ""radius"": 5.0}]"
naive_fusion,284,56.8,1,78.948,72.254,90.0,94.0,50.0,50.0,,,position_noise+confidence_error,,naive_fusion,move,2,0,24.393,6.933,31.513,uav_0,6.933,False,False,False,False,False,1,"[{""id"": ""obstacle_0"", ""kind"": ""static_obstacle"", ""x"": 50.0, ""y"": 50.0, ""radius"": 5.0}]"
naive_fusion,284,56.8,2,84.036,84.916,86.0,90.0,50.0,50.0,,,position_noise+confidence_error,,naive_fusion,move,3,0,5.45,5.159,43.76,uav_3,5.159,False,False,False,False,False,1,"[{""id"": ""obstacle_0"", ""kind"": ""static_obstacle"", ""x"": 50.0, ""y"": 50.0, ""radius"": 5.0}]"
naive_fusion,284,56.8,3,89.171,84.418,90.0,86.0,50.0,50.0,,,none,,naive_fusion,at_goal,0,0,1.786,5.159,47.144,uav_2,5.159,False,False,False,False,True,1,"[{""id"": ""obstacle_0"", ""kind"": ""static_obstacle"", ""x"": 50.0, ""y"": 50.0, ""radius"": 5.0}]"
naive_fusion,285,57.0,0,85.67,74.936,94.0,90.0,50.0,50.0,,,position_noise+confidence_error,,naive_fusion,move,3,0,17.213,6.942,38.522,uav_1,6.942,False,False,False,False,False,1,"[{""id"": ""obstacle_0"", ""kind"": ""static_obstacle"", ""x"": 50.0, ""y"": 50.0, ""radius"": 5.0}]"
naive_fusion,285,57.0,1,79.129,72.611,90.0,94.0,50.0,50.0,,,false_negative+position_noise+confidence_error,,naive_fusion,move,1,0,23.993,6.942,31.874,uav_0,6.942,False,False,False,False,False,1,"[{""id"": ""obstacle_0"", ""kind"": ""static_obstacle"", ""x"": 50.0, ""y"": 50.0, ""radius"": 5.0}]"
naive_fusion,285,57.0,2,84.18,85.289,86.0,90.0,50.0,50.0,,,false_negative+position_noise+confidence_error,,naive_fusion,move,2,0,5.05,5.067,44.128,uav_3,5.067,False,False,False,False,False,1,"[{""id"": ""obstacle_0"", ""kind"": ""static_obstacle"", ""x"": 50.0, ""y"": 50.0, ""radius"": 5.0}]"
naive_fusion,285,57.0,3,89.171,84.418,90.0,86.0,50.0,50.0,,,none,,naive_fusion,at_goal,0,0,1.786,5.067,47.144,uav_2,5.067,False,False,False,False,True,1,"[{""id"": ""obstacle_0"", ""kind"": ""static_obstacle"", ""x"": 50.0, ""y"": 50.0, ""radius"": 5.0}]"
naive_fusion,286,57.2,0,85.864,75.286,94.0,90.0,50.0,50.0,,,position_noise+confidence_error,,naive_fusion,move,3,0,16.813,6.952,38.882,uav_1,6.952,False,False,False,False,False,1,"[{""id"": ""obstacle_0"", ""kind"": ""static_obstacle"", ""x"": 50.0, ""y"": 50.0, ""radius"": 5.0}]"
naive_fusion,286,57.2,1,79.31,72.967,90.0,94.0,50.0,50.0,,,false_negative+position_noise+confidence_error,,naive_fusion,move,1,0,23.593,6.952,32.237,uav_0,6.952,False,False,False,False,False,1,"[{""id"": ""obstacle_0"", ""kind"": ""static_obstacle"", ""x"": 50.0, ""y"": 50.0, ""radius"": 5.0}]"
naive_fusion,286,57.2,2,84.324,85.662,86.0,90.0,50.0,50.0,,,position_noise+confidence_error,,naive_fusion,move,3,0,4.65,5.004,44.497,uav_3,5.004,False,False,False,False,False,1,"[{""id"": ""obstacle_0"", ""kind"": ""static_obstacle"", ""x"": 50.0, ""y"": 50.0, ""radius"": 5.0}]"
naive_fusion,286,57.2,3,89.171,84.418,90.0,86.0,50.0,50.0,,,none,,naive_fusion,at_goal,0,0,1.786,5.004,47.144,uav_2,5.004,False,False,False,False,True,1,"[{""id"": ""obstacle_0"", ""kind"": ""static_obstacle"", ""x"": 50.0, ""y"": 50.0, ""radius"": 5.0}]"
naive_fusion,287,57.4,0,86.057,75.636,94.0,90.0,50.0,50.0,,,position_noise+confidence_error,,naive_fusion,move,3,0,16.413,6.961,39.242,uav_1,6.961,False,False,False,False,False,1,"[{""id"": ""obstacle_0"", ""kind"": ""static_obstacle"", ""x"": 50.0, ""y"": 50.0, ""radius"": 5.0}]"
naive_fusion,287,57.4,1,79.491,73.324,90.0,94.0,50.0,50.0,,,position_noise+confidence_error,,naive_fusion,move,2,0,23.193,6.961,32.6,uav_0,6.961,False,False,False,False,False,1,"[{""id"": ""obstacle_0"", ""kind"": ""static_obstacle"", ""x"": 50.0, ""y"": 50.0, ""radius"": 5.0}]"
naive_fusion,287,57.4,2,84.468,86.035,86.0,90.0,50.0,50.0,,,position_noise+confidence_error,,naive_fusion,move,3,0,4.25,4.973,44.866,uav_3,4.973,False,False,False,False,False,1,"[{""id"": ""obstacle_0"", ""kind"": ""static_obstacle"", ""x"": 50.0, ""y"": 50.0, ""radius"": 5.0}]"
naive_fusion,287,57.4,3,89.171,84.418,90.0,86.0,50.0,50.0,,,none,,naive_fusion,at_goal,0,0,1.786,4.973,47.144,uav_2,4.973,False,False,False,False,True,1,"[{""id"": ""obstacle_0"", ""kind"": ""static_obstacle"", ""x"": 50.0, ""y"": 50.0, ""radius"": 5.0}]"
naive_fusion,288,57.6,0,86.251,75.987,94.0,90.0,50.0,50.0,,,false_negative+position_noise+confidence_error,,naive_fusion,move,2,0,16.013,6.971,39.603,uav_1,6.971,False,False,False,False,False,1,"[{""id"": ""obstacle_0"", ""kind"": ""static_obstacle"", ""x"": 50.0, ""y"": 50.0, ""radius"": 5.0}]"
naive_fusion,288,57.6,1,79.672,73.68,90.0,94.0,50.0,50.0,,,false_negative+position_noise+confidence_error,,naive_fusion,move,1,0,22.793,6.971,32.963,uav_0,6.971,False,False,False,False,False,1,"[{""id"": ""obstacle_0"", ""kind"": ""static_obstacle"", ""x"": 50.0, ""y"": 50.0, ""radius"": 5.0}]"
naive_fusion,288,57.6,2,84.612,86.409,86.0,90.0,50.0,50.0,,,position_noise+confidence_error,,naive_fusion,move,3,0,3.85,4.974,45.236,uav_3,4.974,False,False,False,False,False,1,"[{""id"": ""obstacle_0"", ""kind"": ""static_obstacle"", ""x"": 50.0, ""y"": 50.0, ""radius"": 5.0}]"
naive_fusion,288,57.6,3,89.171,84.418,90.0,86.0,50.0,50.0,,,none,,naive_fusion,at_goal,0,0,1.786,4.974,47.144,uav_2,4.974,False,False,False,False,True,1,"[{""id"": ""obstacle_0"", ""kind"": ""static_obstacle"", ""x"": 50.0, ""y"": 50.0, ""radius"": 5.0}]"
naive_fusion,289,57.8,0,86.444,76.337,94.0,90.0,50.0,50.0,,,false_negative+position_noise+confidence_error,,naive_fusion,move,2,0,15.613,6.98,39.964,uav_1,6.98,False,False,False,False,False,1,"[{""id"": ""obstacle_0"", ""kind"": ""static_obstacle"", ""x"": 50.0, ""y"": 50.0, ""radius"": 5.0}]"
naive_fusion,289,57.8,1,79.854,74.037,90.0,94.0,50.0,50.0,,,position_noise+confidence_error,,naive_fusion,move,3,0,22.393,6.98,33.328,uav_0,6.98,False,False,False,False,False,1,"[{""id"": ""obstacle_0"", ""kind"": ""static_obstacle"", ""x"": 50.0, ""y"": 50.0, ""radius"": 5.0}]"
naive_fusion,289,57.8,2,84.757,86.782,86.0,90.0,50.0,50.0,,,false_negative+position_noise+confidence_error,,naive_fusion,move,2,0,3.45,5.007,45.605,uav_3,5.007,False,False,False,False,False,1,"[{""id"": ""obstacle_0"", ""kind"": ""static_obstacle"", ""x"": 50.0, ""y"": 50.0, ""radius"": 5.0}]"
naive_fusion,289,57.8,3,89.171,84.418,90.0,86.0,50.0,50.0,,,none,,naive_fusion,at_goal,0,0,1.786,5.007,47.144,uav_2,5.007,False,False,False,False,True,1,"[{""id"": ""obstacle_0"", ""kind"": ""static_obstacle"", ""x"": 50.0, ""y"": 50.0, ""radius"": 5.0}]"
naive_fusion,290,58.0,0,86.638,76.687,94.0,90.0,50.0,50.0,,,position_noise+confidence_error,,naive_fusion,move,3,0,15.213,6.99,40.327,uav_1,6.99,False,False,False,False,False,1,"[{""id"": ""obstacle_0"", ""kind"": ""static_obstacle"", ""x"": 50.0, ""y"": 50.0, ""radius"": 5.0}]"
naive_fusion,290,58.0,1,80.035,74.394,90.0,94.0,50.0,50.0,,,false_negative+position_noise+confidence_error,,naive_fusion,move,2,0,21.993,6.99,33.693,uav_0,6.99,False,False,False,False,False,1,"[{""id"": ""obstacle_0"", ""kind"": ""static_obstacle"", ""x"": 50.0, ""y"": 50.0, ""radius"": 5.0}]"
naive_fusion,290,58.0,2,84.901,87.155,86.0,90.0,50.0,50.0,,,position_noise+confidence_error,,naive_fusion,move,3,0,3.05,5.072,45.976,uav_3,5.072,False,False,False,False,False,1,"[{""id"": ""obstacle_0"", ""kind"": ""static_obstacle"", ""x"": 50.0, ""y"": 50.0, ""radius"": 5.0}]"
naive_fusion,290,58.0,3,89.171,84.418,90.0,86.0,50.0,50.0,,,none,,naive_fusion,at_goal,0,0,1.786,5.072,47.144,uav_2,5.072,False,False,False,False,True,1,"[{""id"": ""obstacle_0"", ""kind"": ""static_obstacle"", ""x"": 50.0, ""y"": 50.0, ""radius"": 5.0}]"
naive_fusion,291,58.2,0,86.831,77.037,94.0,90.0,50.0,50.0,,,position_noise+confidence_error,,naive_fusion,move,3,0,14.813,6.999,40.69,uav_1,6.999,False,False,False,False,False,1,"[{""id"": ""obstacle_0"", ""kind"": ""static_obstacle"", ""x"": 50.0, ""y"": 50.0, ""radius"": 5.0}]"
naive_fusion,291,58.2,1,80.216,74.75,90.0,94.0,50.0,50.0,,,position_noise+confidence_error,,naive_fusion,move,3,0,21.593,6.999,34.059,uav_0,6.999,False,False,False,False,False,1,"[{""id"": ""obstacle_0"", ""kind"": ""static_obstacle"", ""x"": 50.0, ""y"": 50.0, ""radius"": 5.0}]"
naive_fusion,291,58.2,2,85.045,87.528,86.0,90.0,50.0,50.0,,,false_negative+position_noise+confidence_error,,naive_fusion,move,2,0,2.65,5.167,46.347,uav_3,5.167,False,False,False,False,False,1,"[{""id"": ""obstacle_0"", ""kind"": ""static_obstacle"", ""x"": 50.0, ""y"": 50.0, ""radius"": 5.0}]"
naive_fusion,291,58.2,3,89.171,84.418,90.0,86.0,50.0,50.0,,,none,,naive_fusion,at_goal,0,0,1.786,5.167,47.144,uav_2,5.167,False,False,False,False,True,1,"[{""id"": ""obstacle_0"", ""kind"": ""static_obstacle"", ""x"": 50.0, ""y"": 50.0, ""radius"": 5.0}]"
naive_fusion,292,58.4,0,87.025,77.387,94.0,90.0,50.0,50.0,,,false_negative+position_noise+confidence_error,,naive_fusion,move,2,0,14.413,7.009,41.053,uav_1,7.009,False,False,False,False,False,1,"[{""id"": ""obstacle_0"", ""kind"": ""static_obstacle"", ""x"": 50.0, ""y"": 50.0, ""radius"": 5.0}]"
naive_fusion,292,58.4,1,80.397,75.107,90.0,94.0,50.0,50.0,,,position_noise+confidence_error,,naive_fusion,move,3,0,21.193,7.009,34.425,uav_0,7.009,False,False,False,False,False,1,"[{""id"": ""obstacle_0"", ""kind"": ""static_obstacle"", ""x"": 50.0, ""y"": 50.0, ""radius"": 5.0}]"
naive_fusion,292,58.4,2,85.189,87.901,86.0,90.0,50.0,50.0,,,false_negative+position_noise+confidence_error,,naive_fusion,move,1,0,2.25,5.29,46.718,uav_3,5.29,False,False,False,False,False,1,"[{""id"": ""obstacle_0"", ""kind"": ""static_obstacle"", ""x"": 50.0, ""y"": 50.0, ""radius"": 5.0}]"
naive_fusion,292,58.4,3,89.171,84.418,90.0,86.0,50.0,50.0,,,none,,naive_fusion,at_goal,0,0,1.786,5.29,47.144,uav_2,5.29,False,False,False,False,True,1,"[{""id"": ""obstacle_0"", ""kind"": ""static_obstacle"", ""x"": 50.0, ""y"": 50.0, ""radius"": 5.0}]"
naive_fusion,293,58.6,0,87.219,77.737,94.0,90.0,50.0,50.0,,,position_noise+confidence_error,,naive_fusion,move,3,0,14.013,6.961,41.417,uav_3,6.961,False,False,False,False,False,1,"[{""id"": ""obstacle_0"", ""kind"": ""static_obstacle"", ""x"": 50.0, ""y"": 50.0, ""radius"": 5.0}]"
naive_fusion,293,58.6,1,80.579,75.463,90.0,94.0,50.0,50.0,,,position_noise+confidence_error,,naive_fusion,move,3,0,20.793,7.018,34.792,uav_0,7.018,False,False,False,False,False,1,"[{""id"": ""obstacle_0"", ""kind"": ""static_obstacle"", ""x"": 50.0, ""y"": 50.0, ""radius"": 5.0}]"
naive_fusion,293,58.6,2,85.333,88.274,86.0,90.0,50.0,50.0,,,position_noise+confidence_error,,naive_fusion,move,3,0,1.85,5.44,47.09,uav_3,5.44,False,False,False,False,True,1,"[{""id"": ""obstacle_0"", ""kind"": ""static_obstacle"", ""x"": 50.0, ""y"": 50.0, ""radius"": 5.0}]"
naive_fusion,293,58.6,3,89.171,84.418,90.0,86.0,50.0,50.0,,,none,,naive_fusion,at_goal,0,0,1.786,5.44,47.144,uav_2,5.44,False,False,False,False,True,1,"[{""id"": ""obstacle_0"", ""kind"": ""static_obstacle"", ""x"": 50.0, ""y"": 50.0, ""radius"": 5.0}]"
naive_fusion,294,58.8,0,87.412,78.087,94.0,90.0,50.0,50.0,,,position_noise+confidence_error,,naive_fusion,move,3,0,13.613,6.571,41.782,uav_3,6.571,False,False,False,False,False,1,"[{""id"": ""obstacle_0"", ""kind"": ""static_obstacle"", ""x"": 50.0, ""y"": 50.0, ""radius"": 5.0}]"
naive_fusion,294,58.8,1,80.76,75.82,90.0,94.0,50.0,50.0,,,false_negative+position_noise+confidence_error,,naive_fusion,move,2,0,20.393,7.028,35.16,uav_0,7.028,False,False,False,False,False,1,"[{""id"": ""obstacle_0"", ""kind"": ""static_obstacle"", ""x"": 50.0, ""y"": 50.0, ""radius"": 5.0}]"
naive_fusion,294,58.8,2,85.333,88.274,86.0,90.0,50.0,50.0,,,none,,naive_fusion,at_goal,0,0,1.85,5.44,47.09,uav_3,5.44,False,False,False,False,True,1,"[{""id"": ""obstacle_0"", ""kind"": ""static_obstacle"", ""x"": 50.0, ""y"": 50.0, ""radius"": 5.0}]"
naive_fusion,294,58.8,3,89.171,84.418,90.0,86.0,50.0,50.0,,,none,,naive_fusion,at_goal,0,0,1.786,5.44,47.144,uav_2,5.44,False,False,False,False,True,1,"[{""id"": ""obstacle_0"", ""kind"": ""static_obstacle"", ""x"": 50.0, ""y"": 50.0, ""radius"": 5.0}]"
naive_fusion,295,59.0,0,87.606,78.437,94.0,90.0,50.0,50.0,,,position_noise+confidence_error,,naive_fusion,move,3,0,13.213,6.183,42.147,uav_3,6.183,False,False,False,False,False,1,"[{""id"": ""obstacle_0"", ""kind"": ""static_obstacle"", ""x"": 50.0, ""y"": 50.0, ""radius"": 5.0}]"
naive_fusion,295,59.0,1,80.941,76.177,90.0,94.0,50.0,50.0,,,false_negative+position_noise+confidence_error,,naive_fusion,move,2,0,19.993,7.037,35.529,uav_0,7.037,False,False,False,False,False,1,"[{""id"": ""obstacle_0"", ""kind"": ""static_obstacle"", ""x"": 50.0, ""y"": 50.0, ""radius"": 5.0}]"
naive_fusion,295,59.0,2,85.333,88.274,86.0,90.0,50.0,50.0,,,none,,naive_fusion,at_goal,0,0,1.85,5.44,47.09,uav_3,5.44,False,False,False,False,True,1,"[{""id"": ""obstacle_0"", ""kind"": ""static_obstacle"", ""x"": 50.0, ""y"": 50.0, ""radius"": 5.0}]"
naive_fusion,295,59.0,3,89.171,84.418,90.0,86.0,50.0,50.0,,,none,,naive_fusion,at_goal,0,0,1.786,5.44,47.144,uav_2,5.44,False,False,False,False,True,1,"[{""id"": ""obstacle_0"", ""kind"": ""static_obstacle"", ""x"": 50.0, ""y"": 50.0, ""radius"": 5.0}]"
naive_fusion,296,59.2,0,87.799,78.787,94.0,90.0,50.0,50.0,,,position_noise+confidence_error,,naive_fusion,move,3,0,12.813,5.796,42.513,uav_3,5.796,False,False,False,False,False,1,"[{""id"": ""obstacle_0"", ""kind"": ""static_obstacle"", ""x"": 50.0, ""y"": 50.0, ""radius"": 5.0}]"
naive_fusion,296,59.2,1,81.122,76.533,90.0,94.0,50.0,50.0,,,false_negative+position_noise+confidence_error,,naive_fusion,move,2,0,19.593,7.047,35.898,uav_0,7.047,False,False,False,False,False,1,"[{""id"": ""obstacle_0"", ""kind"": ""static_obstacle"", ""x"": 50.0, ""y"": 50.0, ""radius"": 5.0}]"
naive_fusion,296,59.2,2,85.333,88.274,86.0,90.0,50.0,50.0,,,none,,naive_fusion,at_goal,0,0,1.85,5.44,47.09,uav_3,5.44,False,False,False,False,True,1,"[{""id"": ""obstacle_0"", ""kind"": ""static_obstacle"", ""x"": 50.0, ""y"": 50.0, ""radius"": 5.0}]"
naive_fusion,296,59.2,3,89.171,84.418,90.0,86.0,50.0,50.0,,,none,,naive_fusion,at_goal,0,0,1.786,5.44,47.144,uav_2,5.44,False,False,False,False,True,1,"[{""id"": ""obstacle_0"", ""kind"": ""static_obstacle"", ""x"": 50.0, ""y"": 50.0, ""radius"": 5.0}]"
naive_fusion,297,59.4,0,87.993,79.137,94.0,90.0,50.0,50.0,,,position_noise+confidence_error,,naive_fusion,move,3,0,12.413,5.411,42.879,uav_3,5.411,False,False,False,False,False,1,"[{""id"": ""obstacle_0"", ""kind"": ""static_obstacle"", ""x"": 50.0, ""y"": 50.0, ""radius"": 5.0}]"
naive_fusion,297,59.4,1,81.304,76.89,90.0,94.0,50.0,50.0,,,position_noise+confidence_error,,naive_fusion,move,3,0,19.193,7.057,36.267,uav_0,7.057,False,False,False,False,False,1,"[{""id"": ""obstacle_0"", ""kind"": ""static_obstacle"", ""x"": 50.0, ""y"": 50.0, ""radius"": 5.0}]"
naive_fusion,297,59.4,2,85.333,88.274,86.0,90.0,50.0,50.0,,,none,,naive_fusion,at_goal,0,0,1.85,5.44,47.09,uav_3,5.44,False,False,False,False,True,1,"[{""id"": ""obstacle_0"", ""kind"": ""static_obstacle"", ""x"": 50.0, ""y"": 50.0, ""radius"": 5.0}]"
naive_fusion,297,59.4,3,89.171,84.418,90.0,86.0,50.0,50.0,,,none,,naive_fusion,at_goal,0,0,1.786,5.411,47.144,uav_0,5.411,False,False,False,False,True,1,"[{""id"": ""obstacle_0"", ""kind"": ""static_obstacle"", ""x"": 50.0, ""y"": 50.0, ""radius"": 5.0}]"
naive_fusion,298,59.6,0,88.186,79.487,94.0,90.0,50.0,50.0,,,position_noise+confidence_error,,naive_fusion,move,3,0,12.013,5.029,43.246,uav_3,5.029,False,False,False,False,False,1,"[{""id"": ""obstacle_0"", ""kind"": ""static_obstacle"", ""x"": 50.0, ""y"": 50.0, ""radius"": 5.0}]"
naive_fusion,298,59.6,1,81.485,77.246,90.0,94.0,50.0,50.0,,,position_noise+confidence_error,,naive_fusion,move,3,0,18.793,7.066,36.637,uav_0,7.066,False,False,False,False,False,1,"[{""id"": ""obstacle_0"", ""kind"": ""static_obstacle"", ""x"": 50.0, ""y"": 50.0, ""radius"": 5.0}]"
naive_fusion,298,59.6,2,85.333,88.274,86.0,90.0,50.0,50.0,,,none,,naive_fusion,at_goal,0,0,1.85,5.44,47.09,uav_3,5.44,False,False,False,False,True,1,"[{""id"": ""obstacle_0"", ""kind"": ""static_obstacle"", ""x"": 50.0, ""y"": 50.0, ""radius"": 5.0}]"
naive_fusion,298,59.6,3,89.171,84.418,90.0,86.0,50.0,50.0,,,none,,naive_fusion,at_goal,0,0,1.786,5.029,47.144,uav_0,5.029,False,False,False,False,True,1,"[{""id"": ""obstacle_0"", ""kind"": ""static_obstacle"", ""x"": 50.0, ""y"": 50.0, ""radius"": 5.0}]"
naive_fusion,299,59.8,0,88.38,79.837,94.0,90.0,50.0,50.0,,,position_noise+confidence_error,,naive_fusion,move,3,0,11.613,4.649,43.614,uav_3,4.649,False,False,False,False,False,1,"[{""id"": ""obstacle_0"", ""kind"": ""static_obstacle"", ""x"": 50.0, ""y"": 50.0, ""radius"": 5.0}]"
naive_fusion,299,59.8,1,81.666,77.603,90.0,94.0,50.0,50.0,,,false_negative+position_noise+confidence_error,,naive_fusion,move,2,0,18.393,7.076,37.008,uav_0,7.076,False,False,False,False,False,1,"[{""id"": ""obstacle_0"", ""kind"": ""static_obstacle"", ""x"": 50.0, ""y"": 50.0, ""radius"": 5.0}]"
naive_fusion,299,59.8,2,85.333,88.274,86.0,90.0,50.0,50.0,,,none,,naive_fusion,at_goal,0,0,1.85,5.44,47.09,uav_3,5.44,False,False,False,False,True,1,"[{""id"": ""obstacle_0"", ""kind"": ""static_obstacle"", ""x"": 50.0, ""y"": 50.0, ""radius"": 5.0}]"
naive_fusion,299,59.8,3,89.171,84.418,90.0,86.0,50.0,50.0,,,none,,naive_fusion,at_goal,0,0,1.786,4.649,47.144,uav_0,4.649,False,False,False,False,True,1,"[{""id"": ""obstacle_0"", ""kind"": ""static_obstacle"", ""x"": 50.0, ""y"": 50.0, ""radius"": 5.0}]"
naive_fusion,300,60.0,0,88.574,80.187,94.0,90.0,50.0,50.0,,,false_negative+position_noise+confidence_error,,naive_fusion,move,2,0,11.213,4.273,43.981,uav_3,4.273,False,False,False,False,False,1,"[{""id"": ""obstacle_0"", ""kind"": ""static_obstacle"", ""x"": 50.0, ""y"": 50.0, ""radius"": 5.0}]"
naive_fusion,300,60.0,1,81.847,77.959,90.0,94.0,50.0,50.0,,,false_negative+position_noise+confidence_error,,naive_fusion,move,2,0,17.993,7.086,37.379,uav_0,7.086,False,False,False,False,False,1,"[{""id"": ""obstacle_0"", ""kind"": ""static_obstacle"", ""x"": 50.0, ""y"": 50.0, ""radius"": 5.0}]"
naive_fusion,300,60.0,2,85.333,88.274,86.0,90.0,50.0,50.0,,,none,,naive_fusion,at_goal,0,0,1.85,5.44,47.09,uav_3,5.44,False,False,False,False,True,1,"[{""id"": ""obstacle_0"", ""kind"": ""static_obstacle"", ""x"": 50.0, ""y"": 50.0, ""radius"": 5.0}]"
naive_fusion,300,60.0,3,89.171,84.418,90.0,86.0,50.0,50.0,,,none,,naive_fusion,at_goal,0,0,1.786,4.273,47.144,uav_0,4.273,False,False,False,False,True,1,"[{""id"": ""obstacle_0"", ""kind"": ""static_obstacle"", ""x"": 50.0, ""y"": 50.0, ""radius"": 5.0}]"
naive_fusion,301,60.2,0,88.598,79.788,94.0,90.0,50.0,50.0,,,position_noise+confidence_error,,naive_fusion,avoidance,3,0,11.553,4.666,43.756,uav_3,4.666,False,False,False,False,False,1,"[{""id"": ""obstacle_0"", ""kind"": ""static_obstacle"", ""x"": 50.0, ""y"": 50.0, ""radius"": 5.0}]"
naive_fusion,301,60.2,1,82.029,78.316,90.0,94.0,50.0,50.0,,,position_noise+confidence_error,,naive_fusion,move,3,0,17.593,6.733,37.751,uav_0,6.733,False,False,False,False,False,1,"[{""id"": ""obstacle_0"", ""kind"": ""static_obstacle"", ""x"": 50.0, ""y"": 50.0, ""radius"": 5.0}]"
naive_fusion,301,60.2,2,85.333,88.274,86.0,90.0,50.0,50.0,,,none,,naive_fusion,at_goal,0,0,1.85,5.44,47.09,uav_3,5.44,False,False,False,False,True,1,"[{""id"": ""obstacle_0"", ""kind"": ""static_obstacle"", ""x"": 50.0, ""y"": 50.0, ""radius"": 5.0}]"
naive_fusion,301,60.2,3,89.171,84.418,90.0,86.0,50.0,50.0,,,none,,naive_fusion,at_goal,0,0,1.786,4.666,47.144,uav_0,4.666,False,False,False,False,True,1,"[{""id"": ""obstacle_0"", ""kind"": ""static_obstacle"", ""x"": 50.0, ""y"": 50.0, ""radius"": 5.0}]"
naive_fusion,302,60.4,0,88.785,80.141,94.0,90.0,50.0,50.0,,,false_negative+position_noise+confidence_error,,naive_fusion,move,2,0,11.153,4.294,44.12,uav_3,4.294,False,False,False,False,False,1,"[{""id"": ""obstacle_0"", ""kind"": ""static_obstacle"", ""x"": 50.0, ""y"": 50.0, ""radius"": 5.0}]"
naive_fusion,302,60.4,1,82.21,78.673,90.0,94.0,50.0,50.0,,,position_noise+confidence_error,,naive_fusion,move,3,0,17.193,6.738,38.123,uav_0,6.738,False,False,False,False,False,1,"[{""id"": ""obstacle_0"", ""kind"": ""static_obstacle"", ""x"": 50.0, ""y"": 50.0, ""radius"": 5.0}]"
naive_fusion,302,60.4,2,85.333,88.274,86.0,90.0,50.0,50.0,,,none,,naive_fusion,at_goal,0,0,1.85,5.44,47.09,uav_3,5.44,False,False,False,False,True,1,"[{""id"": ""obstacle_0"", ""kind"": ""static_obstacle"", ""x"": 50.0, ""y"": 50.0, ""radius"": 5.0}]"
naive_fusion,302,60.4,3,89.171,84.418,90.0,86.0,50.0,50.0,,,none,,naive_fusion,at_goal,0,0,1.786,4.294,47.144,uav_0,4.294,False,False,False,False,True,1,"[{""id"": ""obstacle_0"", ""kind"": ""static_obstacle"", ""x"": 50.0, ""y"": 50.0, ""radius"": 5.0}]"
naive_fusion,303,60.6,0,88.972,80.495,94.0,90.0,50.0,50.0,,,false_negative+position_noise+confidence_error,,naive_fusion,move,2,0,10.753,3.928,44.485,uav_3,3.928,False,False,False,False,False,1,"[{""id"": ""obstacle_0"", ""kind"": ""static_obstacle"", ""x"": 50.0, ""y"": 50.0, ""radius"": 5.0}]"
naive_fusion,303,60.6,1,82.391,79.029,90.0,94.0,50.0,50.0,,,position_noise+confidence_error,,naive_fusion,move,3,0,16.793,6.743,38.496,uav_0,6.743,False,False,False,False,False,1,"[{""id"": ""obstacle_0"", ""kind"": ""static_obstacle"", ""x"": 50.0, ""y"": 50.0, ""radius"": 5.0}]"
naive_fusion,303,60.6,2,85.333,88.274,86.0,90.0,50.0,50.0,,,none,,naive_fusion,at_goal,0,0,1.85,5.44,47.09,uav_3,5.44,False,False,False,False,True,1,"[{""id"": ""obstacle_0"", ""kind"": ""static_obstacle"", ""x"": 50.0, ""y"": 50.0, ""radius"": 5.0}]"
naive_fusion,303,60.6,3,89.171,84.418,90.0,86.0,50.0,50.0,,,none,,naive_fusion,at_goal,0,0,1.786,3.928,47.144,uav_0,3.928,False,False,False,False,True,1,"[{""id"": ""obstacle_0"", ""kind"": ""static_obstacle"", ""x"": 50.0, ""y"": 50.0, ""radius"": 5.0}]"
naive_fusion,304,60.8,0,89.159,80.849,94.0,90.0,50.0,50.0,,,position_noise+confidence_error,,naive_fusion,move,3,0,10.353,3.57,44.851,uav_3,3.57,False,False,False,False,False,1,"[{""id"": ""obstacle_0"", ""kind"": ""static_obstacle"", ""x"": 50.0, ""y"": 50.0, ""radius"": 5.0}]"
naive_fusion,304,60.8,1,82.572,79.386,90.0,94.0,50.0,50.0,,,false_negative+position_noise+confidence_error,,naive_fusion,move,2,0,16.393,6.748,38.869,uav_0,6.748,False,False,False,False,False,1,"[{""id"": ""obstacle_0"", ""kind"": ""static_obstacle"", ""x"": 50.0, ""y"": 50.0, ""radius"": 5.0}]"
naive_fusion,304,60.8,2,85.333,88.274,86.0,90.0,50.0,50.0,,,none,,naive_fusion,at_goal,0,0,1.85,5.44,47.09,uav_3,5.44,False,False,False,False,True,1,"[{""id"": ""obstacle_0"", ""kind"": ""static_obstacle"", ""x"": 50.0, ""y"": 50.0, ""radius"": 5.0}]"
naive_fusion,304,60.8,3,89.171,84.418,90.0,86.0,50.0,50.0,,,none,,naive_fusion,at_goal,0,0,1.786,3.57,47.144,uav_0,3.57,False,False,False,False,True,1,"[{""id"": ""obstacle_0"", ""kind"": ""static_obstacle"", ""x"": 50.0, ""y"": 50.0, ""radius"": 5.0}]"
naive_fusion,305,61.0,0,89.559,80.867,94.0,90.0,50.0,50.0,,,position_noise+confidence_error,,naive_fusion,avoidance,3,0,10.155,3.572,45.177,uav_3,3.572,False,False,False,False,False,1,"[{""id"": ""obstacle_0"", ""kind"": ""static_obstacle"", ""x"": 50.0, ""y"": 50.0, ""radius"": 5.0}]"
naive_fusion,305,61.0,1,82.753,79.742,90.0,94.0,50.0,50.0,,,position_noise+confidence_error,,naive_fusion,move,3,0,15.993,6.898,39.243,uav_0,6.898,False,False,False,False,False,1,"[{""id"": ""obstacle_0"", ""kind"": ""static_obstacle"", ""x"": 50.0, ""y"": 50.0, ""radius"": 5.0}]"
naive_fusion,305,61.0,2,85.333,88.274,86.0,90.0,50.0,50.0,,,none,,naive_fusion,at_goal,0,0,1.85,5.44,47.09,uav_3,5.44,False,False,False,False,True,1,"[{""id"": ""obstacle_0"", ""kind"": ""static_obstacle"", ""x"": 50.0, ""y"": 50.0, ""radius"": 5.0}]"
naive_fusion,305,61.0,3,89.171,84.418,90.0,86.0,50.0,50.0,,,none,,naive_fusion,at_goal,0,0,1.786,3.572,47.144,uav_0,3.572,False,False,False,False,True,1,"[{""id"": ""obstacle_0"", ""kind"": ""static_obstacle"", ""x"": 50.0, ""y"": 50.0, ""radius"": 5.0}]"
naive_fusion,306,61.2,0,89.734,81.227,94.0,90.0,50.0,50.0,,,false_negative+position_noise+confidence_error,,naive_fusion,move,2,0,9.755,3.241,45.536,uav_3,3.241,True,False,False,False,False,1,"[{""id"": ""obstacle_0"", ""kind"": ""static_obstacle"", ""x"": 50.0, ""y"": 50.0, ""radius"": 5.0}]"
naive_fusion,306,61.2,1,82.935,80.099,90.0,94.0,50.0,50.0,,,position_noise+confidence_error,,naive_fusion,move,3,0,15.593,6.892,39.617,uav_0,6.892,False,False,False,False,False,1,"[{""id"": ""obstacle_0"", ""kind"": ""static_obstacle"", ""x"": 50.0, ""y"": 50.0, ""radius"": 5.0}]"
naive_fusion,306,61.2,2,85.333,88.274,86.0,90.0,50.0,50.0,,,none,,naive_fusion,at_goal,0,0,1.85,5.44,47.09,uav_3,5.44,False,False,False,False,True,1,"[{""id"": ""obstacle_0"", ""kind"": ""static_obstacle"", ""x"": 50.0, ""y"": 50.0, ""radius"": 5.0}]"
naive_fusion,306,61.2,3,89.171,84.418,90.0,86.0,50.0,50.0,,,none,,naive_fusion,at_goal,0,0,1.786,3.241,47.144,uav_0,3.241,True,False,False,False,True,1,"[{""id"": ""obstacle_0"", ""kind"": ""static_obstacle"", ""x"": 50.0, ""y"": 50.0, ""radius"": 5.0}]"
naive_fusion,307,61.4,0,89.909,81.587,94.0,90.0,50.0,50.0,,,false_negative+position_noise+confidence_error,,naive_fusion,move,2,0,9.355,2.926,45.896,uav_3,2.926,True,False,False,False,False,1,"[{""id"": ""obstacle_0"", ""kind"": ""static_obstacle"", ""x"": 50.0, ""y"": 50.0, ""radius"": 5.0}]"
naive_fusion,307,61.4,1,83.116,80.456,90.0,94.0,50.0,50.0,,,false_negative+position_noise+confidence_error,,naive_fusion,move,2,0,15.193,6.886,39.991,uav_0,6.886,False,False,False,False,False,1,"[{""id"": ""obstacle_0"", ""kind"": ""static_obstacle"", ""x"": 50.0, ""y"": 50.0, ""radius"": 5.0}]"
naive_fusion,307,61.4,2,85.333,88.274,86.0,90.0,50.0,50.0,,,none,,naive_fusion,at_goal,0,0,1.85,5.44,47.09,uav_3,5.44,False,False,False,False,True,1,"[{""id"": ""obstacle_0"", ""kind"": ""static_obstacle"", ""x"": 50.0, ""y"": 50.0, ""radius"": 5.0}]"
naive_fusion,307,61.4,3,89.171,84.418,90.0,86.0,50.0,50.0,,,none,,naive_fusion,at_goal,0,0,1.786,2.926,47.144,uav_0,2.926,True,False,False,False,True,1,"[{""id"": ""obstacle_0"", ""kind"": ""static_obstacle"", ""x"": 50.0, ""y"": 50.0, ""radius"": 5.0}]"
naive_fusion,308,61.6,0,90.084,81.947,94.0,90.0,50.0,50.0,,,false_negative+position_noise+confidence_error,,naive_fusion,move,2,0,8.955,2.635,46.257,uav_3,2.635,True,False,False,False,False,1,"[{""id"": ""obstacle_0"", ""kind"": ""static_obstacle"", ""x"": 50.0, ""y"": 50.0, ""radius"": 5.0}]"
naive_fusion,308,61.6,1,83.297,80.812,90.0,94.0,50.0,50.0,,,false_negative+position_noise+confidence_error,,naive_fusion,move,1,0,14.793,6.881,40.366,uav_0,6.881,False,False,False,False,False,1,"[{""id"": ""obstacle_0"", ""kind"": ""static_obstacle"", ""x"": 50.0, ""y"": 50.0, ""radius"": 5.0}]"
naive_fusion,308,61.6,2,85.333,88.274,86.0,90.0,50.0,50.0,,,none,,naive_fusion,at_goal,0,0,1.85,5.44,47.09,uav_3,5.44,False,False,False,False,True,1,"[{""id"": ""obstacle_0"", ""kind"": ""static_obstacle"", ""x"": 50.0, ""y"": 50.0, ""radius"": 5.0}]"
naive_fusion,308,61.6,3,89.171,84.418,90.0,86.0,50.0,50.0,,,none,,naive_fusion,at_goal,0,0,1.786,2.635,47.144,uav_0,2.635,True,False,False,False,True,1,"[{""id"": ""obstacle_0"", ""kind"": ""static_obstacle"", ""x"": 50.0, ""y"": 50.0, ""radius"": 5.0}]"
naive_fusion,309,61.8,0,90.259,82.306,94.0,90.0,50.0,50.0,,,false_negative+position_noise+confidence_error,,naive_fusion,move,2,0,8.555,2.376,46.618,uav_3,2.376,True,False,True,False,False,1,"[{""id"": ""obstacle_0"", ""kind"": ""static_obstacle"", ""x"": 50.0, ""y"": 50.0, ""radius"": 5.0}]"
naive_fusion,309,61.8,1,83.478,81.169,90.0,94.0,50.0,50.0,,,position_noise+confidence_error,,naive_fusion,move,3,0,14.393,6.555,40.742,uav_3,6.555,False,False,False,False,False,1,"[{""id"": ""obstacle_0"", ""kind"": ""static_obstacle"", ""x"": 50.0, ""y"": 50.0, ""radius"": 5.0}]"
naive_fusion,309,61.8,2,85.333,88.274,86.0,90.0,50.0,50.0,,,none,,naive_fusion,at_goal,0,0,1.85,5.44,47.09,uav_3,5.44,False,False,False,False,True,1,"[{""id"": ""obstacle_0"", ""kind"": ""static_obstacle"", ""x"": 50.0, ""y"": 50.0, ""radius"": 5.0}]"
naive_fusion,309,61.8,3,89.171,84.418,90.0,86.0,50.0,50.0,,,none,,naive_fusion,at_goal,0,0,1.786,2.376,47.144,uav_0,2.376,True,False,False,False,True,1,"[{""id"": ""obstacle_0"", ""kind"": ""static_obstacle"", ""x"": 50.0, ""y"": 50.0, ""radius"": 5.0}]"
naive_fusion,310,62.0,0,90.434,82.666,94.0,90.0,50.0,50.0,,,false_negative+position_noise+confidence_error,,naive_fusion,move,2,0,8.155,2.16,46.98,uav_3,2.16,True,False,True,False,False,1,"[{""id"": ""obstacle_0"", ""kind"": ""static_obstacle"", ""x"": 50.0, ""y"": 50.0, ""radius"": 5.0}]"
naive_fusion,310,62.0,1,83.66,81.525,90.0,94.0,50.0,50.0,,,position_noise+confidence_error,,naive_fusion,move,3,0,13.993,6.225,41.117,uav_3,6.225,False,False,False,False,False,1,"[{""id"": ""obstacle_0"", ""kind"": ""static_obstacle"", ""x"": 50.0, ""y"": 50.0, ""radius"": 5.0}]"
naive_fusion,310,62.0,2,85.333,88.274,86.0,90.0,50.0,50.0,,,none,,naive_fusion,at_goal,0,0,1.85,5.44,47.09,uav_3,5.44,False,False,False,False,True,1,"[{""id"": ""obstacle_0"", ""kind"": ""static_obstacle"", ""x"": 50.0, ""y"": 50.0, ""radius"": 5.0}]"
naive_fusion,310,62.0,3,89.171,84.418,90.0,86.0,50.0,50.0,,,none,,naive_fusion,at_goal,0,0,1.786,2.16,47.144,uav_0,2.16,True,False,False,False,True,1,"[{""id"": ""obstacle_0"", ""kind"": ""static_obstacle"", ""x"": 50.0, ""y"": 50.0, ""radius"": 5.0}]"
naive_fusion,311,62.2,0,90.608,83.026,94.0,90.0,50.0,50.0,,,position_noise+confidence_error,,naive_fusion,move,3,0,7.755,2.001,47.343,uav_3,2.001,True,False,False,False,False,1,"[{""id"": ""obstacle_0"", ""kind"": ""static_obstacle"", ""x"": 50.0, ""y"": 50.0, ""radius"": 5.0}]"
naive_fusion,311,62.2,1,83.841,81.882,90.0,94.0,50.0,50.0,,,false_negative+position_noise+confidence_error,,naive_fusion,move,2,0,13.593,5.903,41.494,uav_3,5.903,False,False,False,False,False,1,"[{""id"": ""obstacle_0"", ""kind"": ""static_obstacle"", ""x"": 50.0, ""y"": 50.0, ""radius"": 5.0}]"
naive_fusion,311,62.2,2,85.333,88.274,86.0,90.0,50.0,50.0,,,none,,naive_fusion,at_goal,0,0,1.85,5.44,47.09,uav_3,5.44,False,False,False,False,True,1,"[{""id"": ""obstacle_0"", ""kind"": ""static_obstacle"", ""x"": 50.0, ""y"": 50.0, ""radius"": 5.0}]"
naive_fusion,311,62.2,3,89.171,84.418,90.0,86.0,50.0,50.0,,,none,,naive_fusion,at_goal,0,0,1.786,2.001,47.144,uav_0,2.001,True,False,False,False,True,1,"[{""id"": ""obstacle_0"", ""kind"": ""static_obstacle"", ""x"": 50.0, ""y"": 50.0, ""radius"": 5.0}]"
naive_fusion,312,62.4,0,90.783,83.385,94.0,90.0,50.0,50.0,,,false_negative+position_noise+confidence_error,,naive_fusion,move,2,0,7.355,1.915,47.706,uav_3,1.915,True,False,False,False,False,1,"[{""id"": ""obstacle_0"", ""kind"": ""static_obstacle"", ""x"": 50.0, ""y"": 50.0, ""radius"": 5.0}]"
naive_fusion,312,62.4,1,84.022,82.238,90.0,94.0,50.0,50.0,,,position_noise+confidence_error,,naive_fusion,move,3,0,13.193,5.592,41.87,uav_3,5.592,False,False,False,False,False,1,"[{""id"": ""obstacle_0"", ""kind"": ""static_obstacle"", ""x"": 50.0, ""y"": 50.0, ""radius"": 5.0}]"
naive_fusion,312,62.4,2,85.333,88.274,86.0,90.0,50.0,50.0,,,none,,naive_fusion,at_goal,0,0,1.85,5.44,47.09,uav_3,5.44,False,False,False,False,True,1,"[{""id"": ""obstacle_0"", ""kind"": ""static_obstacle"", ""x"": 50.0, ""y"": 50.0, ""radius"": 5.0}]"
naive_fusion,312,62.4,3,89.171,84.418,90.0,86.0,50.0,50.0,,,none,,naive_fusion,at_goal,0,0,1.786,1.915,47.144,uav_0,1.915,True,False,False,False,True,1,"[{""id"": ""obstacle_0"", ""kind"": ""static_obstacle"", ""x"": 50.0, ""y"": 50.0, ""radius"": 5.0}]"
naive_fusion,313,62.6,0,90.958,83.745,94.0,90.0,50.0,50.0,,,false_negative+position_noise+confidence_error,,naive_fusion,move,2,0,6.955,1.91,48.069,uav_3,1.91,True,False,False,False,False,1,"[{""id"": ""obstacle_0"", ""kind"": ""static_obstacle"", ""x"": 50.0, ""y"": 50.0, ""radius"": 5.0}]"
naive_fusion,313,62.6,1,84.203,82.595,90.0,94.0,50.0,50.0,,,false_negative+position_noise+confidence_error,,naive_fusion,move,2,0,12.793,5.292,42.247,uav_3,5.292,False,False,False,False,False,1,"[{""id"": ""obstacle_0"", ""kind"": ""static_obstacle"", ""x"": 50.0, ""y"": 50.0, ""radius"": 5.0}]"
naive_fusion,313,62.6,2,85.333,88.274,86.0,90.0,50.0,50.0,,,none,,naive_fusion,at_goal,0,0,1.85,5.44,47.09,uav_3,5.44,False,False,False,False,True,1,"[{""id"": ""obstacle_0"", ""kind"": ""static_obstacle"", ""x"": 50.0, ""y"": 50.0, ""radius"": 5.0}]"
naive_fusion,313,62.6,3,89.171,84.418,90.0,86.0,50.0,50.0,,,none,,naive_fusion,at_goal,0,0,1.786,1.91,47.144,uav_0,1.91,True,False,False,False,True,1,"[{""id"": ""obstacle_0"", ""kind"": ""static_obstacle"", ""x"": 50.0, ""y"": 50.0, ""radius"": 5.0}]"
naive_fusion,314,62.8,0,91.133,84.105,94.0,90.0,50.0,50.0,,,position_noise+confidence_error,,naive_fusion,move,3,0,6.555,1.987,48.433,uav_3,1.987,True,False,False,False,False,1,"[{""id"": ""obstacle_0"", ""kind"": ""static_obstacle"", ""x"": 50.0, ""y"": 50.0, ""radius"": 5.0}]"
naive_fusion,314,62.8,1,84.385,82.952,90.0,94.0,50.0,50.0,,,false_negative+position_noise+confidence_error,,naive_fusion,move,2,0,12.393,5.006,42.625,uav_3,5.006,False,False,False,False,False,1,"[{""id"": ""obstacle_0"", ""kind"": ""static_obstacle"", ""x"": 50.0, ""y"": 50.0, ""radius"": 5.0}]"
naive_fusion,314,62.8,2,85.333,88.274,86.0,90.0,50.0,50.0,,,none,,naive_fusion,at_goal,0,0,1.85,5.406,47.09,uav_1,5.406,False,False,False,False,True,1,"[{""id"": ""obstacle_0"", ""kind"": ""static_obstacle"", ""x"": 50.0, ""y"": 50.0, ""radius"": 5.0}]"
naive_fusion,314,62.8,3,89.171,84.418,90.0,86.0,50.0,50.0,,,none,,naive_fusion,at_goal,0,0,1.786,1.987,47.144,uav_0,1.987,True,False,False,False,True,1,"[{""id"": ""obstacle_0"", ""kind"": ""static_obstacle"", ""x"": 50.0, ""y"": 50.0, ""radius"": 5.0}]"
naive_fusion,315,63.0,0,91.308,84.465,94.0,90.0,50.0,50.0,,,position_noise+confidence_error,,naive_fusion,move,3,0,6.155,2.137,48.798,uav_3,2.137,True,False,False,False,False,1,"[{""id"": ""obstacle_0"", ""kind"": ""static_obstacle"", ""x"": 50.0, ""y"": 50.0, ""radius"": 5.0}]"
naive_fusion,315,63.0,1,84.566,83.308,90.0,94.0,50.0,50.0,,,false_negative+position_noise+confidence_error,,naive_fusion,move,2,0,11.993,4.737,43.002,uav_3,4.737,False,False,False,False,False,1,"[{""id"": ""obstacle_0"", ""kind"": ""static_obstacle"", ""x"": 50.0, ""y"": 50.0, ""radius"": 5.0}]"
naive_fusion,315,63.0,2,85.333,88.274,86.0,90.0,50.0,50.0,,,none,,naive_fusion,at_goal,0,0,1.85,5.025,47.09,uav_1,5.025,False,False,False,False,True,1,"[{""id"": ""obstacle_0"", ""kind"": ""static_obstacle"", ""x"": 50.0, ""y"": 50.0, ""radius"": 5.0}]"
naive_fusion,315,63.0,3,89.171,84.418,90.0,86.0,50.0,50.0,,,none,,naive_fusion,at_goal,0,0,1.786,2.137,47.144,uav_0,2.137,True,False,False,False,True,1,"[{""id"": ""obstacle_0"", ""kind"": ""static_obstacle"", ""x"": 50.0, ""y"": 50.0, ""radius"": 5.0}]"
naive_fusion,316,63.2,0,90.961,84.664,94.0,90.0,50.0,50.0,,,false_negative+position_noise+confidence_error,,naive_fusion,avoidance,2,0,6.141,1.807,48.66,uav_3,1.807,True,False,False,False,False,1,"[{""id"": ""obstacle_0"", ""kind"": ""static_obstacle"", ""x"": 50.0, ""y"": 50.0, ""radius"": 5.0}]"
naive_fusion,316,63.2,1,84.747,83.665,90.0,94.0,50.0,50.0,,,position_noise+confidence_error,,naive_fusion,move,3,0,11.593,4.488,43.381,uav_3,4.488,False,False,False,False,False,1,"[{""id"": ""obstacle_0"", ""kind"": ""static_obstacle"", ""x"": 50.0, ""y"": 50.0, ""radius"": 5.0}]"
naive_fusion,316,63.2,2,85.333,88.274,86.0,90.0,50.0,50.0,,,none,,naive_fusion,at_goal,0,0,1.85,4.646,47.09,uav_1,4.646,False,False,False,False,True,1,"[{""id"": ""obstacle_0"", ""kind"": ""static_obstacle"", ""x"": 50.0, ""y"": 50.0, ""radius"": 5.0}]"
naive_fusion,316,63.2,3,89.171,84.418,90.0,86.0,50.0,50.0,,,none,,naive_fusion,at_goal,0,0,1.786,1.807,47.144,uav_0,1.807,True,False,False,False,True,1,"[{""id"": ""obstacle_0"", ""kind"": ""static_obstacle"", ""x"": 50.0, ""y"": 50.0, ""radius"": 5.0}]"
naive_fusion,317,63.4,0,91.159,85.011,94.0,90.0,50.0,50.0,,,false_negative+position_noise+confidence_error,,naive_fusion,move,2,0,5.741,2.074,49.036,uav_3,2.074,True,False,True,False,False,1,"[{""id"": ""obstacle_0"", ""kind"": ""static_obstacle"", ""x"": 50.0, ""y"": 50.0, ""radius"": 5.0}]"
naive_fusion,317,63.4,1,84.928,84.021,90.0,94.0,50.0,50.0,,,false_negative+position_noise+confidence_error,,naive_fusion,move,2,0,11.193,4.261,43.759,uav_3,4.261,False,False,False,False,False,1,"[{""id"": ""obstacle_0"", ""kind"": ""static_obstacle"", ""x"": 50.0, ""y"": 50.0, ""radius"": 5.0}]"
naive_fusion,317,63.4,2,85.333,88.274,86.0,90.0,50.0,50.0,,,none,,naive_fusion,at_goal,0,0,1.85,4.272,47.09,uav_1,4.272,False,False,False,False,True,1,"[{""id"": ""obstacle_0"", ""kind"": ""static_obstacle"", ""x"": 50.0, ""y"": 50.0, ""radius"": 5.0}]"
naive_fusion,317,63.4,3,89.171,84.418,90.0,86.0,50.0,50.0,,,none,,naive_fusion,at_goal,0,0,1.786,2.074,47.144,uav_0,2.074,True,False,False,False,True,1,"[{""id"": ""obstacle_0"", ""kind"": ""static_obstacle"", ""x"": 50.0, ""y"": 50.0, ""radius"": 5.0}]"
naive_fusion,318,63.6,0,91.37,85.351,94.0,90.0,50.0,50.0,,,position_noise+confidence_error,,naive_fusion,avoidance,3,0,5.341,2.389,49.417,uav_3,2.389,True,False,False,False,False,1,"[{""id"": ""obstacle_0"", ""kind"": ""static_obstacle"", ""x"": 50.0, ""y"": 50.0, ""radius"": 5.0}]"
naive_fusion,318,63.6,1,85.11,84.378,90.0,94.0,50.0,50.0,,,false_negative+position_noise+confidence_error,,naive_fusion,move,2,0,10.793,3.903,44.138,uav_2,3.903,False,False,False,False,False,1,"[{""id"": ""obstacle_0"", ""kind"": ""static_obstacle"", ""x"": 50.0, ""y"": 50.0, ""radius"": 5.0}]"
naive_fusion,318,63.6,2,85.333,88.274,86.0,90.0,50.0,50.0,,,none,,naive_fusion,at_goal,0,0,1.85,3.903,47.09,uav_1,3.903,False,False,False,False,True,1,"[{""id"": ""obstacle_0"", ""kind"": ""static_obstacle"", ""x"": 50.0, ""y"": 50.0, ""radius"": 5.0}]"
naive_fusion,318,63.6,3,89.171,84.418,90.0,86.0,50.0,50.0,,,none,,naive_fusion,at_goal,0,0,1.786,2.389,47.144,uav_0,2.389,True,False,False,False,True,1,"[{""id"": ""obstacle_0"", ""kind"": ""static_obstacle"", ""x"": 50.0, ""y"": 50.0, ""radius"": 5.0}]"
naive_fusion,319,63.8,0,91.567,85.699,94.0,90.0,50.0,50.0,,,position_noise+confidence_error,,naive_fusion,move,3,0,4.941,2.717,49.793,uav_3,2.717,True,False,False,False,False,1,"[{""id"": ""obstacle_0"", ""kind"": ""static_obstacle"", ""x"": 50.0, ""y"": 50.0, ""radius"": 5.0}]"
naive_fusion,319,63.8,1,85.291,84.735,90.0,94.0,50.0,50.0,,,position_noise+confidence_error,,naive_fusion,move,3,0,10.393,3.54,44.517,uav_2,3.54,False,False,False,False,False,1,"[{""id"": ""obstacle_0"", ""kind"": ""static_obstacle"", ""x"": 50.0, ""y"": 50.0, ""radius"": 5.0}]"
naive_fusion,319,63.8,2,85.333,88.274,86.0,90.0,50.0,50.0,,,none,,naive_fusion,at_goal,0,0,1.85,3.54,47.09,uav_1,3.54,False,False,False,False,True,1,"[{""id"": ""obstacle_0"", ""kind"": ""static_obstacle"", ""x"": 50.0, ""y"": 50.0, ""radius"": 5.0}]"
naive_fusion,319,63.8,3,89.171,84.418,90.0,86.0,50.0,50.0,,,none,,naive_fusion,at_goal,0,0,1.786,2.717,47.144,uav_0,2.717,True,False,False,False,True,1,"[{""id"": ""obstacle_0"", ""kind"": ""static_obstacle"", ""x"": 50.0, ""y"": 50.0, ""radius"": 5.0}]"
naive_fusion,320,64.0,0,91.764,86.047,94.0,90.0,50.0,50.0,,,false_negative+position_noise+confidence_error,,naive_fusion,move,2,0,4.541,3.062,50.169,uav_3,3.062,True,False,True,False,False,1,"[{""id"": ""obstacle_0"", ""kind"": ""static_obstacle"", ""x"": 50.0, ""y"": 50.0, ""radius"": 5.0}]"
naive_fusion,320,64.0,1,85.472,85.091,90.0,94.0,50.0,50.0,,,false_negative+position_noise+confidence_error,,naive_fusion,move,2,0,9.993,3.186,44.896,uav_2,3.186,True,False,False,False,False,1,"[{""id"": ""obstacle_0"", ""kind"": ""static_obstacle"", ""x"": 50.0, ""y"": 50.0, ""radius"": 5.0}]"
naive_fusion,320,64.0,2,85.333,88.274,86.0,90.0,50.0,50.0,,,none,,naive_fusion,at_goal,0,0,1.85,3.186,47.09,uav_1,3.186,True,False,False,False,True,1,"[{""id"": ""obstacle_0"", ""kind"": ""static_obstacle"", ""x"": 50.0, ""y"": 50.0, ""radius"": 5.0}]"
naive_fusion,320,64.0,3,89.171,84.418,90.0,86.0,50.0,50.0,,,none,,naive_fusion,at_goal,0,0,1.786,3.062,47.144,uav_0,3.062,True,False,False,False,True,1,"[{""id"": ""obstacle_0"", ""kind"": ""static_obstacle"", ""x"": 50.0, ""y"": 50.0, ""radius"": 5.0}]"
naive_fusion,321,64.2,0,91.961,86.395,94.0,90.0,50.0,50.0,,,position_noise+confidence_error,,naive_fusion,move,3,0,4.141,3.419,50.546,uav_3,3.419,True,False,False,False,False,1,"[{""id"": ""obstacle_0"", ""kind"": ""static_obstacle"", ""x"": 50.0, ""y"": 50.0, ""radius"": 5.0}]"
naive_fusion,321,64.2,1,85.566,84.702,90.0,94.0,50.0,50.0,,,position_noise+confidence_error,,naive_fusion,avoidance,3,0,10.301,3.579,44.691,uav_2,3.579,False,False,False,False,False,1,"[{""id"": ""obstacle_0"", ""kind"": ""static_obstacle"", ""x"": 50.0, ""y"": 50.0, ""radius"": 5.0}]"
naive_fusion,321,64.2,2,85.333,88.274,86.0,90.0,50.0,50.0,,,none,,naive_fusion,at_goal,0,0,1.85,3.579,47.09,uav_1,3.579,False,False,False,False,True,1,"[{""id"": ""obstacle_0"", ""kind"": ""static_obstacle"", ""x"": 50.0, ""y"": 50.0, ""radius"": 5.0}]"
naive_fusion,321,64.2,3,89.171,84.418,90.0,86.0,50.0,50.0,,,none,,naive_fusion,at_goal,0,0,1.786,3.419,47.144,uav_0,3.419,True,False,False,False,True,1,"[{""id"": ""obstacle_0"", ""kind"": ""static_obstacle"", ""x"": 50.0, ""y"": 50.0, ""radius"": 5.0}]"
naive_fusion,322,64.4,0,92.097,86.772,94.0,90.0,50.0,50.0,,,false_negative+position_noise+confidence_error,,naive_fusion,avoidance,2,0,3.748,3.754,50.895,uav_3,3.754,False,False,False,False,False,1,"[{""id"": ""obstacle_0"", ""kind"": ""static_obstacle"", ""x"": 50.0, ""y"": 50.0, ""radius"": 5.0}]"
naive_fusion,322,64.4,1,85.239,84.933,90.0,94.0,50.0,50.0,,,position_noise+confidence_error,,naive_fusion,avoidance,3,0,10.241,3.343,44.619,uav_2,3.343,True,False,False,False,False,1,"[{""id"": ""obstacle_0"", ""kind"": ""static_obstacle"", ""x"": 50.0, ""y"": 50.0, ""radius"": 5.0}]"
naive_fusion,322,64.4,2,85.333,88.274,86.0,90.0,50.0,50.0,,,none,,naive_fusion,at_goal,0,0,1.85,3.343,47.09,uav_1,3.343,True,False,False,False,True,1,"[{""id"": ""obstacle_0"", ""kind"": ""static_obstacle"", ""x"": 50.0, ""y"": 50.0, ""radius"": 5.0}]"
naive_fusion,322,64.4,3,89.171,84.418,90.0,86.0,50.0,50.0,,,none,,naive_fusion,at_goal,0,0,1.786,3.754,47.144,uav_0,3.754,False,False,False,False,True,1,"[{""id"": ""obstacle_0"", ""kind"": ""static_obstacle"", ""x"": 50.0, ""y"": 50.0, ""radius"": 5.0}]"
naive_fusion,323,64.6,0,92.3,87.116,94.0,90.0,50.0,50.0,,,false_negative+position_noise+confidence_error,,naive_fusion,move,1,0,3.348,4.131,51.275,uav_3,4.131,False,False,False,False,False,1,"[{""id"": ""obstacle_0"", ""kind"": ""static_obstacle"", ""x"": 50.0, ""y"": 50.0, ""radius"": 5.0}]"
naive_fusion,323,64.6,1,85.425,85.287,90.0,94.0,50.0,50.0,,,position_noise+confidence_error,,naive_fusion,move,3,0,9.841,2.989,45.001,uav_2,2.989,True,False,False,False,False,1,"[{""id"": ""obstacle_0"", ""kind"": ""static_obstacle"", ""x"": 50.0, ""y"": 50.0, ""radius"": 5.0}]"
naive_fusion,323,64.6,2,85.333,88.274,86.0,90.0,50.0,50.0,,,none,,naive_fusion,at_goal,0,0,1.85,2.989,47.09,uav_1,2.989,True,False,False,False,True,1,"[{""id"": ""obstacle_0"", ""kind"": ""static_obstacle"", ""x"": 50.0, ""y"": 50.0, ""radius"": 5.0}]"
naive_fusion,323,64.6,3,89.171,84.418,90.0,86.0,50.0,50.0,,,none,,naive_fusion,at_goal,0,0,1.786,3.846,47.144,uav_1,3.846,False,False,False,False,True,1,"[{""id"": ""obstacle_0"", ""kind"": ""static_obstacle"", ""x"": 50.0, ""y"": 50.0, ""radius"": 5.0}]"
naive_fusion,324,64.8,0,92.503,87.461,94.0,90.0,50.0,50.0,,,position_noise+confidence_error,,naive_fusion,move,3,0,2.948,4.512,51.655,uav_3,4.512,False,False,False,False,False,1,"[{""id"": ""obstacle_0"", ""kind"": ""static_obstacle"", ""x"": 50.0, ""y"": 50.0, ""radius"": 5.0}]"
naive_fusion,324,64.8,1,85.611,85.641,90.0,94.0,50.0,50.0,,,position_noise+confidence_error,,naive_fusion,move,3,0,9.441,2.648,45.383,uav_2,2.648,True,False,False,False,False,1,"[{""id"": ""obstacle_0"", ""kind"": ""static_obstacle"", ""x"": 50.0, ""y"": 50.0, ""radius"": 5.0}]"
naive_fusion,324,64.8,2,85.333,88.274,86.0,90.0,50.0,50.0,,,none,,naive_fusion,at_goal,0,0,1.85,2.648,47.09,uav_1,2.648,True,False,False,False,True,1,"[{""id"": ""obstacle_0"", ""kind"": ""static_obstacle"", ""x"": 50.0, ""y"": 50.0, ""radius"": 5.0}]"
naive_fusion,324,64.8,3,89.171,84.418,90.0,86.0,50.0,50.0,,,none,,naive_fusion,at_goal,0,0,1.786,3.764,47.144,uav_1,3.764,False,False,False,False,True,1,"[{""id"": ""obstacle_0"", ""kind"": ""static_obstacle"", ""x"": 50.0, ""y"": 50.0, ""radius"": 5.0}]"
naive_fusion,325,65.0,0,92.706,87.805,94.0,90.0,50.0,50.0,,,false_negative+position_noise+confidence_error,,naive_fusion,move,2,0,2.548,4.896,52.036,uav_3,4.896,False,False,False,False,False,1,"[{""id"": ""obstacle_0"", ""kind"": ""static_obstacle"", ""x"": 50.0, ""y"": 50.0, ""radius"": 5.0}]"
naive_fusion,325,65.0,1,86.009,85.597,90.0,94.0,50.0,50.0,,,position_noise+confidence_error,,naive_fusion,avoidance,3,0,9.303,2.761,45.634,uav_2,2.761,True,False,False,False,False,1,"[{""id"": ""obstacle_0"", ""kind"": ""static_obstacle"", ""x"": 50.0, ""y"": 50.0, ""radius"": 5.0}]"
naive_fusion,325,65.0,2,85.333,88.274,86.0,90.0,50.0,50.0,,,none,,naive_fusion,at_goal,0,0,1.85,2.761,47.09,uav_1,2.761,True,False,False,False,True,1,"[{""id"": ""obstacle_0"", ""kind"": ""static_obstacle"", ""x"": 50.0, ""y"": 50.0, ""radius"": 5.0}]"
naive_fusion,325,65.0,3,89.171,84.418,90.0,86.0,50.0,50.0,,,none,,naive_fusion,at_goal,0,0,1.786,3.375,47.144,uav_1,3.375,True,False,False,False,True,1,"[{""id"": ""obstacle_0"", ""kind"": ""static_obstacle"", ""x"": 50.0, ""y"": 50.0, ""radius"": 5.0}]"
naive_fusion,326,65.2,0,92.909,88.15,94.0,90.0,50.0,50.0,,,position_noise+confidence_error,,naive_fusion,move,3,0,2.148,5.282,52.416,uav_3,5.282,False,False,False,False,False,1,"[{""id"": ""obstacle_0"", ""kind"": ""static_obstacle"", ""x"": 50.0, ""y"": 50.0, ""radius"": 5.0}]"
naive_fusion,326,65.2,1,86.18,85.959,90.0,94.0,50.0,50.0,,,position_noise+confidence_error,,naive_fusion,move,3,0,8.903,2.466,46.01,uav_2,2.466,True,False,False,False,False,1,"[{""id"": ""obstacle_0"", ""kind"": ""static_obstacle"", ""x"": 50.0, ""y"": 50.0, ""radius"": 5.0}]"
naive_fusion,326,65.2,2,85.333,88.274,86.0,90.0,50.0,50.0,,,none,,naive_fusion,at_goal,0,0,1.85,2.466,47.09,uav_1,2.466,True,False,False,False,True,1,"[{""id"": ""obstacle_0"", ""kind"": ""static_obstacle"", ""x"": 50.0, ""y"": 50.0, ""radius"": 5.0}]"
naive_fusion,326,65.2,3,89.171,84.418,90.0,86.0,50.0,50.0,,,none,,naive_fusion,at_goal,0,0,1.786,3.364,47.144,uav_1,3.364,True,False,False,False,True,1,"[{""id"": ""obstacle_0"", ""kind"": ""static_obstacle"", ""x"": 50.0, ""y"": 50.0, ""radius"": 5.0}]"
naive_fusion,327,65.4,0,93.112,88.495,94.0,90.0,50.0,50.0,,,false_negative+position_noise+confidence_error,,naive_fusion,move,2,0,1.748,5.67,52.797,uav_3,5.67,False,False,False,False,True,1,"[{""id"": ""obstacle_0"", ""kind"": ""static_obstacle"", ""x"": 50.0, ""y"": 50.0, ""radius"": 5.0}]"
naive_fusion,327,65.4,1,86.352,86.32,90.0,94.0,50.0,50.0,,,false_negative+position_noise+confidence_error,,naive_fusion,move,1,0,8.503,2.204,46.387,uav_2,2.204,True,False,True,False,False,1,"[{""id"": ""obstacle_0"", ""kind"": ""static_obstacle"", ""x"": 50.0, ""y"": 50.0, ""radius"": 5.0}]"
naive_fusion,327,65.4,2,85.333,88.274,86.0,90.0,50.0,50.0,,,none,,naive_fusion,at_goal,0,0,1.85,2.204,47.09,uav_1,2.204,True,False,False,False,True,1,"[{""id"": ""obstacle_0"", ""kind"": ""static_obstacle"", ""x"": 50.0, ""y"": 50.0, ""radius"": 5.0}]"
naive_fusion,327,65.4,3,89.171,84.418,90.0,86.0,50.0,50.0,,,none,,naive_fusion,at_goal,0,0,1.786,3.401,47.144,uav_1,3.401,True,False,False,False,True,1,"[{""id"": ""obstacle_0"", ""kind"": ""static_obstacle"", ""x"": 50.0, ""y"": 50.0, ""radius"": 5.0}]"
naive_fusion,328,65.6,0,93.112,88.495,94.0,90.0,50.0,50.0,,,none,,naive_fusion,at_goal,0,0,1.748,5.67,52.797,uav_3,5.67,False,False,False,False,True,1,"[{""id"": ""obstacle_0"", ""kind"": ""static_obstacle"", ""x"": 50.0, ""y"": 50.0, ""radius"": 5.0}]"
naive_fusion,328,65.6,1,86.523,86.681,90.0,94.0,50.0,50.0,,,false_negative+position_noise+confidence_error,,naive_fusion,move,1,0,8.103,1.989,46.764,uav_2,1.989,True,False,True,False,False,1,"[{""id"": ""obstacle_0"", ""kind"": ""static_obstacle"", ""x"": 50.0, ""y"": 50.0, ""radius"": 5.0}]"
naive_fusion,328,65.6,2,85.333,88.274,86.0,90.0,50.0,50.0,,,none,,naive_fusion,at_goal,0,0,1.85,1.989,47.09,uav_1,1.989,True,False,False,False,True,1,"[{""id"": ""obstacle_0"", ""kind"": ""static_obstacle"", ""x"": 50.0, ""y"": 50.0, ""radius"": 5.0}]"
naive_fusion,328,65.6,3,89.171,84.418,90.0,86.0,50.0,50.0,,,none,,naive_fusion,at_goal,0,0,1.786,3.483,47.144,uav_1,3.483,True,False,False,False,True,1,"[{""id"": ""obstacle_0"", ""kind"": ""static_obstacle"", ""x"": 50.0, ""y"": 50.0, ""radius"": 5.0}]"
naive_fusion,329,65.8,0,93.112,88.495,94.0,90.0,50.0,50.0,,,none,,naive_fusion,at_goal,0,0,1.748,5.67,52.797,uav_3,5.67,False,False,False,False,True,1,"[{""id"": ""obstacle_0"", ""kind"": ""static_obstacle"", ""x"": 50.0, ""y"": 50.0, ""radius"": 5.0}]"
naive_fusion,329,65.8,1,86.695,87.042,90.0,94.0,50.0,50.0,,,false_negative+confidence_error,,naive_fusion,move,0,0,7.703,1.836,47.141,uav_2,1.836,True,False,True,False,False,1,"[{""id"": ""obstacle_0"", ""kind"": ""static_obstacle"", ""x"": 50.0, ""y"": 50.0, ""radius"": 5.0}]"
naive_fusion,329,65.8,2,85.333,88.274,86.0,90.0,50.0,50.0,,,none,,naive_fusion,at_goal,0,0,1.85,1.836,47.09,uav_1,1.836,True,False,False,False,True,1,"[{""id"": ""obstacle_0"", ""kind"": ""static_obstacle"", ""x"": 50.0, ""y"": 50.0, ""radius"": 5.0}]"
naive_fusion,329,65.8,3,89.171,84.418,90.0,86.0,50.0,50.0,,,none,,naive_fusion,at_goal,0,0,1.786,3.608,47.144,uav_1,3.608,False,False,False,False,True,1,"[{""id"": ""obstacle_0"", ""kind"": ""static_obstacle"", ""x"": 50.0, ""y"": 50.0, ""radius"": 5.0}]"
naive_fusion,330,66.0,0,93.112,88.495,94.0,90.0,50.0,50.0,,,none,,naive_fusion,at_goal,0,0,1.748,5.67,52.797,uav_3,5.67,False,False,False,False,True,1,"[{""id"": ""obstacle_0"", ""kind"": ""static_obstacle"", ""x"": 50.0, ""y"": 50.0, ""radius"": 5.0}]"
naive_fusion,330,66.0,1,86.867,87.404,90.0,94.0,50.0,50.0,,,position_noise+confidence_error,,naive_fusion,move,3,0,7.303,1.763,47.519,uav_2,1.763,True,False,False,False,False,1,"[{""id"": ""obstacle_0"", ""kind"": ""static_obstacle"", ""x"": 50.0, ""y"": 50.0, ""radius"": 5.0}]"
naive_fusion,330,66.0,2,85.333,88.274,86.0,90.0,50.0,50.0,,,none,,naive_fusion,at_goal,0,0,1.85,1.763,47.09,uav_1,1.763,True,False,False,False,True,1,"[{""id"": ""obstacle_0"", ""kind"": ""static_obstacle"", ""x"": 50.0, ""y"": 50.0, ""radius"": 5.0}]"
naive_fusion,330,66.0,3,89.171,84.418,90.0,86.0,50.0,50.0,,,none,,naive_fusion,at_goal,0,0,1.786,3.771,47.144,uav_1,3.771,False,False,False,False,True,1,"[{""id"": ""obstacle_0"", ""kind"": ""static_obstacle"", ""x"": 50.0, ""y"": 50.0, ""radius"": 5.0}]"
naive_fusion,331,66.2,0,93.112,88.495,94.0,90.0,50.0,50.0,,,none,,naive_fusion,at_goal,0,0,1.748,5.67,52.797,uav_3,5.67,False,False,False,False,True,1,"[{""id"": ""obstacle_0"", ""kind"": ""static_obstacle"", ""x"": 50.0, ""y"": 50.0, ""radius"": 5.0}]"
naive_fusion,331,66.2,1,87.038,87.765,90.0,94.0,50.0,50.0,,,false_negative+position_noise+confidence_error,,naive_fusion,move,2,0,6.903,1.779,47.896,uav_2,1.779,True,False,True,False,False,1,"[{""id"": ""obstacle_0"", ""kind"": ""static_obstacle"", ""x"": 50.0, ""y"": 50.0, ""radius"": 5.0}]"
naive_fusion,331,66.2,2,85.333,88.274,86.0,90.0,50.0,50.0,,,none,,naive_fusion,at_goal,0,0,1.85,1.779,47.09,uav_1,1.779,True,False,False,False,True,1,"[{""id"": ""obstacle_0"", ""kind"": ""static_obstacle"", ""x"": 50.0, ""y"": 50.0, ""radius"": 5.0}]"
naive_fusion,331,66.2,3,89.171,84.418,90.0,86.0,50.0,50.0,,,none,,naive_fusion,at_goal,0,0,1.786,3.969,47.144,uav_1,3.969,False,False,False,False,True,1,"[{""id"": ""obstacle_0"", ""kind"": ""static_obstacle"", ""x"": 50.0, ""y"": 50.0, ""radius"": 5.0}]"
naive_fusion,332,66.4,0,93.112,88.495,94.0,90.0,50.0,50.0,,,none,,naive_fusion,at_goal,0,0,1.748,5.67,52.797,uav_3,5.67,False,False,False,False,True,1,"[{""id"": ""obstacle_0"", ""kind"": ""static_obstacle"", ""x"": 50.0, ""y"": 50.0, ""radius"": 5.0}]"
naive_fusion,332,66.4,1,87.21,88.126,90.0,94.0,50.0,50.0,,,position_noise+confidence_error,,naive_fusion,move,3,0,6.503,1.883,48.275,uav_2,1.883,True,False,False,False,False,1,"[{""id"": ""obstacle_0"", ""kind"": ""static_obstacle"", ""x"": 50.0, ""y"": 50.0, ""radius"": 5.0}]"
naive_fusion,332,66.4,2,85.333,88.274,86.0,90.0,50.0,50.0,,,none,,naive_fusion,at_goal,0,0,1.85,1.883,47.09,uav_1,1.883,True,False,False,False,True,1,"[{""id"": ""obstacle_0"", ""kind"": ""static_obstacle"", ""x"": 50.0, ""y"": 50.0, ""radius"": 5.0}]"
naive_fusion,332,66.4,3,89.171,84.418,90.0,86.0,50.0,50.0,,,none,,naive_fusion,at_goal,0,0,1.786,4.195,47.144,uav_1,4.195,False,False,False,False,True,1,"[{""id"": ""obstacle_0"", ""kind"": ""static_obstacle"", ""x"": 50.0, ""y"": 50.0, ""radius"": 5.0}]"
naive_fusion,333,66.6,0,93.112,88.495,94.0,90.0,50.0,50.0,,,none,,naive_fusion,at_goal,0,0,1.748,5.67,52.797,uav_3,5.67,False,False,False,False,True,1,"[{""id"": ""obstacle_0"", ""kind"": ""static_obstacle"", ""x"": 50.0, ""y"": 50.0, ""radius"": 5.0}]"
naive_fusion,333,66.6,1,87.382,88.488,90.0,94.0,50.0,50.0,,,false_negative+position_noise+confidence_error,,naive_fusion,move,2,0,6.103,2.059,48.653,uav_2,2.059,True,False,False,False,False,1,"[{""id"": ""obstacle_0"", ""kind"": ""static_obstacle"", ""x"": 50.0, ""y"": 50.0, ""radius"": 5.0}]"
naive_fusion,333,66.6,2,85.333,88.274,86.0,90.0,50.0,50.0,,,none,,naive_fusion,at_goal,0,0,1.85,2.059,47.09,uav_1,2.059,True,False,False,False,True,1,"[{""id"": ""obstacle_0"", ""kind"": ""static_obstacle"", ""x"": 50.0, ""y"": 50.0, ""radius"": 5.0}]"
naive_fusion,333,66.6,3,89.171,84.418,90.0,86.0,50.0,50.0,,,none,,naive_fusion,at_goal,0,0,1.786,4.446,47.144,uav_1,4.446,False,False,False,False,True,1,"[{""id"": ""obstacle_0"", ""kind"": ""static_obstacle"", ""x"": 50.0, ""y"": 50.0, ""radius"": 5.0}]"
naive_fusion,334,66.8,0,93.112,88.495,94.0,90.0,50.0,50.0,,,none,,naive_fusion,at_goal,0,0,1.748,5.332,52.797,uav_1,5.332,False,False,False,False,True,1,"[{""id"": ""obstacle_0"", ""kind"": ""static_obstacle"", ""x"": 50.0, ""y"": 50.0, ""radius"": 5.0}]"
naive_fusion,334,66.8,1,87.78,88.519,90.0,94.0,50.0,50.0,,,false_negative+position_noise+confidence_error,,naive_fusion,avoidance,2,0,5.913,2.459,48.955,uav_2,2.459,True,False,False,False,False,1,"[{""id"": ""obstacle_0"", ""kind"": ""static_obstacle"", ""x"": 50.0, ""y"": 50.0, ""radius"": 5.0}]"
naive_fusion,334,66.8,2,85.333,88.274,86.0,90.0,50.0,50.0,,,none,,naive_fusion,at_goal,0,0,1.85,2.459,47.09,uav_1,2.459,True,False,False,False,True,1,"[{""id"": ""obstacle_0"", ""kind"": ""static_obstacle"", ""x"": 50.0, ""y"": 50.0, ""radius"": 5.0}]"
naive_fusion,334,66.8,3,89.171,84.418,90.0,86.0,50.0,50.0,,,none,,naive_fusion,at_goal,0,0,1.786,4.33,47.144,uav_1,4.33,False,False,False,False,True,1,"[{""id"": ""obstacle_0"", ""kind"": ""static_obstacle"", ""x"": 50.0, ""y"": 50.0, ""radius"": 5.0}]"
naive_fusion,335,67.0,0,93.112,88.495,94.0,90.0,50.0,50.0,,,none,,naive_fusion,at_goal,0,0,1.748,5.197,52.797,uav_1,5.197,False,False,False,False,True,1,"[{""id"": ""obstacle_0"", ""kind"": ""static_obstacle"", ""x"": 50.0, ""y"": 50.0, ""radius"": 5.0}]"
naive_fusion,335,67.0,1,87.93,88.89,90.0,94.0,50.0,50.0,,,false_negative+position_noise+confidence_error,,naive_fusion,move,1,0,5.513,2.669,49.325,uav_2,2.669,True,False,True,False,False,1,"[{""id"": ""obstacle_0"", ""kind"": ""static_obstacle"", ""x"": 50.0, ""y"": 50.0, ""radius"": 5.0}]"
naive_fusion,335,67.0,2,85.333,88.274,86.0,90.0,50.0,50.0,,,none,,naive_fusion,at_goal,0,0,1.85,2.669,47.09,uav_1,2.669,True,False,False,False,True,1,"[{""id"": ""obstacle_0"", ""kind"": ""static_obstacle"", ""x"": 50.0, ""y"": 50.0, ""radius"": 5.0}]"
naive_fusion,335,67.0,3,89.171,84.418,90.0,86.0,50.0,50.0,,,none,,naive_fusion,at_goal,0,0,1.786,4.641,47.144,uav_1,4.641,False,False,False,False,True,1,"[{""id"": ""obstacle_0"", ""kind"": ""static_obstacle"", ""x"": 50.0, ""y"": 50.0, ""radius"": 5.0}]"
naive_fusion,336,67.2,0,93.112,88.495,94.0,90.0,50.0,50.0,,,none,,naive_fusion,at_goal,0,0,1.748,4.966,52.797,uav_1,4.966,False,False,False,False,True,1,"[{""id"": ""obstacle_0"", ""kind"": ""static_obstacle"", ""x"": 50.0, ""y"": 50.0, ""radius"": 5.0}]"
naive_fusion,336,67.2,1,88.196,89.19,90.0,94.0,50.0,50.0,,,false_negative+position_noise+confidence_error,,naive_fusion,avoidance,2,0,5.138,3.005,49.724,uav_2,3.005,True,False,False,False,False,1,"[{""id"": ""obstacle_0"", ""kind"": ""static_obstacle"", ""x"": 50.0, ""y"": 50.0, ""radius"": 5.0}]"
naive_fusion,336,67.2,2,85.333,88.274,86.0,90.0,50.0,50.0,,,none,,naive_fusion,at_goal,0,0,1.85,3.005,47.09,uav_1,3.005,True,False,False,False,True,1,"[{""id"": ""obstacle_0"", ""kind"": ""static_obstacle"", ""x"": 50.0, ""y"": 50.0, ""radius"": 5.0}]"
naive_fusion,336,67.2,3,89.171,84.418,90.0,86.0,50.0,50.0,,,none,,naive_fusion,at_goal,0,0,1.786,4.87,47.144,uav_1,4.87,False,False,False,False,True,1,"[{""id"": ""obstacle_0"", ""kind"": ""static_obstacle"", ""x"": 50.0, ""y"": 50.0, ""radius"": 5.0}]"
naive_fusion,337,67.4,0,93.112,88.495,94.0,90.0,50.0,50.0,,,none,,naive_fusion,at_goal,0,0,1.748,4.895,52.797,uav_1,4.895,False,False,False,False,True,1,"[{""id"": ""obstacle_0"", ""kind"": ""static_obstacle"", ""x"": 50.0, ""y"": 50.0, ""radius"": 5.0}]"
naive_fusion,337,67.4,1,88.336,89.564,90.0,94.0,50.0,50.0,,,position_noise+confidence_error,,naive_fusion,move,3,0,4.738,3.268,50.091,uav_2,3.268,True,False,False,False,False,1,"[{""id"": ""obstacle_0"", ""kind"": ""static_obstacle"", ""x"": 50.0, ""y"": 50.0, ""radius"": 5.0}]"
naive_fusion,337,67.4,2,85.333,88.274,86.0,90.0,50.0,50.0,,,none,,naive_fusion,at_goal,0,0,1.85,3.268,47.09,uav_1,3.268,True,False,False,False,True,1,"[{""id"": ""obstacle_0"", ""kind"": ""static_obstacle"", ""x"": 50.0, ""y"": 50.0, ""radius"": 5.0}]"
naive_fusion,337,67.4,3,89.171,84.418,90.0,86.0,50.0,50.0,,,none,,naive_fusion,at_goal,0,0,1.786,5.213,47.144,uav_1,5.213,False,False,False,False,True,1,"[{""id"": ""obstacle_0"", ""kind"": ""static_obstacle"", ""x"": 50.0, ""y"": 50.0, ""radius"": 5.0}]"
naive_fusion,338,67.6,0,93.112,88.495,94.0,90.0,50.0,50.0,,,none,,naive_fusion,at_goal,0,0,1.748,4.855,52.797,uav_1,4.855,False,False,False,False,True,1,"[{""id"": ""obstacle_0"", ""kind"": ""static_obstacle"", ""x"": 50.0, ""y"": 50.0, ""radius"": 5.0}]"
naive_fusion,338,67.6,1,88.477,89.939,90.0,94.0,50.0,50.0,,,position_noise+confidence_error,,naive_fusion,move,3,0,4.338,3.557,50.458,uav_2,3.557,False,False,False,False,False,1,"[{""id"": ""obstacle_0"", ""kind"": ""static_obstacle"", ""x"": 50.0, ""y"": 50.0, ""radius"": 5.0}]"
naive_fusion,338,67.6,2,85.333,88.274,86.0,90.0,50.0,50.0,,,none,,naive_fusion,at_goal,0,0,1.85,3.557,47.09,uav_1,3.557,False,False,False,False,True,1,"[{""id"": ""obstacle_0"", ""kind"": ""static_obstacle"", ""x"": 50.0, ""y"": 50.0, ""radius"": 5.0}]"
naive_fusion,338,67.6,3,89.171,84.418,90.0,86.0,50.0,50.0,,,none,,naive_fusion,at_goal,0,0,1.786,5.44,47.144,uav_2,5.44,False,False,False,False,True,1,"[{""id"": ""obstacle_0"", ""kind"": ""static_obstacle"", ""x"": 50.0, ""y"": 50.0, ""radius"": 5.0}]"
naive_fusion,339,67.8,0,93.112,88.495,94.0,90.0,50.0,50.0,,,none,,naive_fusion,at_goal,0,0,1.748,4.849,52.797,uav_1,4.849,False,False,False,False,True,1,"[{""id"": ""obstacle_0"", ""kind"": ""static_obstacle"", ""x"": 50.0, ""y"": 50.0, ""radius"": 5.0}]"
naive_fusion,339,67.8,1,88.617,90.313,90.0,94.0,50.0,50.0,,,position_noise+confidence_error,,naive_fusion,move,3,0,3.938,3.865,50.825,uav_2,3.865,False,False,False,False,False,1,"[{""id"": ""obstacle_0"", ""kind"": ""static_obstacle"", ""x"": 50.0, ""y"": 50.0, ""radius"": 5.0}]"
naive_fusion,339,67.8,2,85.333,88.274,86.0,90.0,50.0,50.0,,,none,,naive_fusion,at_goal,0,0,1.85,3.865,47.09,uav_1,3.865,False,False,False,False,True,1,"[{""id"": ""obstacle_0"", ""kind"": ""static_obstacle"", ""x"": 50.0, ""y"": 50.0, ""radius"": 5.0}]"
naive_fusion,339,67.8,3,89.171,84.418,90.0,86.0,50.0,50.0,,,none,,naive_fusion,at_goal,0,0,1.786,5.44,47.144,uav_2,5.44,False,False,False,False,True,1,"[{""id"": ""obstacle_0"", ""kind"": ""static_obstacle"", ""x"": 50.0, ""y"": 50.0, ""radius"": 5.0}]"
naive_fusion,340,68.0,0,93.112,88.495,94.0,90.0,50.0,50.0,,,none,,naive_fusion,at_goal,0,0,1.748,4.876,52.797,uav_1,4.876,False,False,False,False,True,1,"[{""id"": ""obstacle_0"", ""kind"": ""static_obstacle"", ""x"": 50.0, ""y"": 50.0, ""radius"": 5.0}]"
naive_fusion,340,68.0,1,88.758,90.688,90.0,94.0,50.0,50.0,,,position_noise+confidence_error,,naive_fusion,move,3,0,3.538,4.189,51.193,uav_2,4.189,False,False,False,False,False,1,"[{""id"": ""obstacle_0"", ""kind"": ""static_obstacle"", ""x"": 50.0, ""y"": 50.0, ""radius"": 5.0}]"
naive_fusion,340,68.0,2,85.333,88.274,86.0,90.0,50.0,50.0,,,none,,naive_fusion,at_goal,0,0,1.85,4.189,47.09,uav_1,4.189,False,False,False,False,True,1,"[{""id"": ""obstacle_0"", ""kind"": ""static_obstacle"", ""x"": 50.0, ""y"": 50.0, ""radius"": 5.0}]"
naive_fusion,340,68.0,3,89.171,84.418,90.0,86.0,50.0,50.0,,,none,,naive_fusion,at_goal,0,0,1.786,5.44,47.144,uav_2,5.44,False,False,False,False,True,1,"[{""id"": ""obstacle_0"", ""kind"": ""static_obstacle"", ""x"": 50.0, ""y"": 50.0, ""radius"": 5.0}]"
naive_fusion,341,68.2,0,93.112,88.495,94.0,90.0,50.0,50.0,,,none,,naive_fusion,at_goal,0,0,1.748,4.935,52.797,uav_1,4.935,False,False,False,False,True,1,"[{""id"": ""obstacle_0"", ""kind"": ""static_obstacle"", ""x"": 50.0, ""y"": 50.0, ""radius"": 5.0}]"
naive_fusion,341,68.2,1,88.898,91.062,90.0,94.0,50.0,50.0,,,position_noise+confidence_error,,naive_fusion,move,3,0,3.138,4.526,51.561,uav_2,4.526,False,False,False,False,False,1,"[{""id"": ""obstacle_0"", ""kind"": ""static_obstacle"", ""x"": 50.0, ""y"": 50.0, ""radius"": 5.0}]"
naive_fusion,341,68.2,2,85.333,88.274,86.0,90.0,50.0,50.0,,,none,,naive_fusion,at_goal,0,0,1.85,4.526,47.09,uav_1,4.526,False,False,False,False,True,1,"[{""id"": ""obstacle_0"", ""kind"": ""static_obstacle"", ""x"": 50.0, ""y"": 50.0, ""radius"": 5.0}]"
naive_fusion,341,68.2,3,89.171,84.418,90.0,86.0,50.0,50.0,,,none,,naive_fusion,at_goal,0,0,1.786,5.44,47.144,uav_2,5.44,False,False,False,False,True,1,"[{""id"": ""obstacle_0"", ""kind"": ""static_obstacle"", ""x"": 50.0, ""y"": 50.0, ""radius"": 5.0}]"
naive_fusion,342,68.4,0,93.112,88.495,94.0,90.0,50.0,50.0,,,none,,naive_fusion,at_goal,0,0,1.748,5.025,52.797,uav_1,5.025,False,False,False,False,True,1,"[{""id"": ""obstacle_0"", ""kind"": ""static_obstacle"", ""x"": 50.0, ""y"": 50.0, ""radius"": 5.0}]"
naive_fusion,342,68.4,1,89.039,91.437,90.0,94.0,50.0,50.0,,,false_negative+position_noise+confidence_error,,naive_fusion,move,2,0,2.738,4.871,51.93,uav_2,4.871,False,False,False,False,False,1,"[{""id"": ""obstacle_0"", ""kind"": ""static_obstacle"", ""x"": 50.0, ""y"": 50.0, ""radius"": 5.0}]"
naive_fusion,342,68.4,2,85.333,88.274,86.0,90.0,50.0,50.0,,,none,,naive_fusion,at_goal,0,0,1.85,4.871,47.09,uav_1,4.871,False,False,False,False,True,1,"[{""id"": ""obstacle_0"", ""kind"": ""static_obstacle"", ""x"": 50.0, ""y"": 50.0, ""radius"": 5.0}]"
naive_fusion,342,68.4,3,89.171,84.418,90.0,86.0,50.0,50.0,,,none,,naive_fusion,at_goal,0,0,1.786,5.44,47.144,uav_2,5.44,False,False,False,False,True,1,"[{""id"": ""obstacle_0"", ""kind"": ""static_obstacle"", ""x"": 50.0, ""y"": 50.0, ""radius"": 5.0}]"
naive_fusion,343,68.6,0,93.112,88.495,94.0,90.0,50.0,50.0,,,none,,naive_fusion,at_goal,0,0,1.748,5.145,52.797,uav_1,5.145,False,False,False,False,True,1,"[{""id"": ""obstacle_0"", ""kind"": ""static_obstacle"", ""x"": 50.0, ""y"": 50.0, ""radius"": 5.0}]"
naive_fusion,343,68.6,1,89.179,91.811,90.0,94.0,50.0,50.0,,,false_negative+position_noise+confidence_error,,naive_fusion,move,2,0,2.338,5.145,52.299,uav_0,5.145,False,False,False,False,False,1,"[{""id"": ""obstacle_0"", ""kind"": ""static_obstacle"", ""x"": 50.0, ""y"": 50.0, ""radius"": 5.0}]"
naive_fusion,343,68.6,2,85.333,88.274,86.0,90.0,50.0,50.0,,,none,,naive_fusion,at_goal,0,0,1.85,5.225,47.09,uav_1,5.225,False,False,False,False,True,1,"[{""id"": ""obstacle_0"", ""kind"": ""static_obstacle"", ""x"": 50.0, ""y"": 50.0, ""radius"": 5.0}]"
naive_fusion,343,68.6,3,89.171,84.418,90.0,86.0,50.0,50.0,,,none,,naive_fusion,at_goal,0,0,1.786,5.44,47.144,uav_2,5.44,False,False,False,False,True,1,"[{""id"": ""obstacle_0"", ""kind"": ""static_obstacle"", ""x"": 50.0, ""y"": 50.0, ""radius"": 5.0}]"
naive_fusion,344,68.8,0,93.112,88.495,94.0,90.0,50.0,50.0,,,none,,naive_fusion,at_goal,0,0,1.748,5.293,52.797,uav_1,5.293,False,False,False,True,True,1,"[{""id"": ""obstacle_0"", ""kind"": ""static_obstacle"", ""x"": 50.0, ""y"": 50.0, ""radius"": 5.0}]"
naive_fusion,344,68.8,1,89.32,92.186,90.0,94.0,50.0,50.0,,,false_negative+position_noise+confidence_error,,naive_fusion,move,1,0,1.938,5.293,52.669,uav_0,5.293,False,False,False,True,True,1,"[{""id"": ""obstacle_0"", ""kind"": ""static_obstacle"", ""x"": 50.0, ""y"": 50.0, ""radius"": 5.0}]"
naive_fusion,344,68.8,2,85.333,88.274,86.0,90.0,50.0,50.0,,,none,,naive_fusion,at_goal,0,0,1.85,5.44,47.09,uav_3,5.44,False,False,False,True,True,1,"[{""id"": ""obstacle_0"", ""kind"": ""static_obstacle"", ""x"": 50.0, ""y"": 50.0, ""radius"": 5.0}]"
naive_fusion,344,68.8,3,89.171,84.418,90.0,86.0,50.0,50.0,,,none,,naive_fusion,at_goal,0,0,1.786,5.44,47.144,uav_2,5.44,False,False,False,True,True,1,"[{""id"": ""obstacle_0"", ""kind"": ""static_obstacle"", ""x"": 50.0, ""y"": 50.0, ""radius"": 5.0}]"
