scenario,step,time_s,uav_id,uav_pos_x,uav_pos_y,goal_pos_x,goal_pos_y,actual_obstacle_x,actual_obstacle_y,perceived_obstacle_x,perceived_obstacle_y,perception_error_type,confidence_value,fusion_mode,action_taken,safety_margin_mode,safety_margin_applied,safety_margin_increase,quality_action_taken,num_perceived_detections,num_phantom_detections,dist_to_goal,distance_to_nearest_uav,distance_to_obstacle,nearest_entity_type,nearest_entity_distance,collision_risk_flag,unnecessary_avoidance_flag,missed_response_flag,mission_completed_flag,reached_goal,num_active_entities,active_entities_json
safety_margin_confidence,0,0.0,0,5.218,5.208,94.0,90.0,50.0,50.0,,,false_negative+position_noise+confidence_error,,trust_weighted_fusion,move,confidence,1.976,0.476,,2,0,122.768,9.986,58.338,uav_2,9.986,False,False,False,False,False,1,"[{""id"": ""obstacle_0"", ""kind"": ""static_obstacle"", ""x"": 50.0, ""y"": 50.0, ""radius"": 5.0}]"
safety_margin_confidence,0,0.0,1,5.254,15.236,90.0,94.0,50.0,50.0,,,false_negative+position_noise+confidence_error,,trust_weighted_fusion,move,confidence,1.072,0.0,,2,0,115.697,9.99,51.664,uav_3,9.99,False,False,False,False,False,1,"[{""id"": ""obstacle_0"", ""kind"": ""static_obstacle"", ""x"": 50.0, ""y"": 50.0, ""radius"": 5.0}]"
safety_margin_confidence,0,0.0,2,15.204,5.244,86.0,90.0,50.0,50.0,,,false_negative+position_noise+confidence_error,,trust_weighted_fusion,move,confidence,1.644,0.1439999999999999,,1,0,110.434,9.986,51.691,uav_0,9.986,False,False,False,False,False,1,"[{""id"": ""obstacle_0"", ""kind"": ""static_obstacle"", ""x"": 50.0, ""y"": 50.0, ""radius"": 5.0}]"
safety_margin_confidence,0,0.0,3,15.244,15.231,90.0,86.0,50.0,50.0,,,false_negative+position_noise+confidence_error,,trust_weighted_fusion,move,confidence,1.276,0.0,,1,0,102.94,9.987,44.161,uav_2,9.987,False,False,False,False,False,1,"[{""id"": ""obstacle_0"", ""kind"": ""static_obstacle"", ""x"": 50.0, ""y"": 50.0, ""radius"": 5.0}]"
safety_margin_confidence,1,0.2,0,5.436,5.416,94.0,90.0,50.0,50.0,,,position_noise+confidence_error,,trust_weighted_fusion,move,confidence,1.976,0.476,,3,0,122.467,9.982,58.037,uav_2,9.982,False,False,False,False,False,1,"[{""id"": ""obstacle_0"", ""kind"": ""static_obstacle"", ""x"": 50.0, ""y"": 50.0, ""radius"": 5.0}]"
safety_margin_confidence,1,0.2,1,5.465,15.433,90.0,94.0,50.0,50.0,,,false_negative+position_noise+confidence_error,,trust_weighted_fusion,move,confidence,2.222,0.722,,2,0,115.408,9.993,51.376,uav_3,9.993,False,False,False,False,False,1,"[{""id"": ""obstacle_0"", ""kind"": ""static_obstacle"", ""x"": 50.0, ""y"": 50.0, ""radius"": 5.0}]"
safety_margin_confidence,1,0.2,2,15.417,5.499,86.0,90.0,50.0,50.0,,,false_negative+position_noise+confidence_error,,trust_weighted_fusion,move,confidence,1.346,0.0,,1,0,110.101,9.934,51.359,uav_3,9.934,False,False,False,False,False,1,"[{""id"": ""obstacle_0"", ""kind"": ""static_obstacle"", ""x"": 50.0, ""y"": 50.0, ""radius"": 5.0}]"
safety_margin_confidence,1,0.2,3,15.458,15.433,90.0,86.0,50.0,50.0,,,position_noise+confidence_error,,trust_weighted_fusion,move,confidence,2.114,0.6139999999999999,,3,0,102.646,9.934,43.867,uav_2,9.934,False,False,False,False,False,1,"[{""id"": ""obstacle_0"", ""kind"": ""static_obstacle"", ""x"": 50.0, ""y"": 50.0, ""radius"": 5.0}]"
safety_margin_confidence,2,0.4,0,5.648,5.619,94.0,90.0,50.0,50.0,,,false_negative+position_noise+confidence_error,,trust_weighted_fusion,move,confidence,2.134,0.6339999999999999,,2,0,122.173,9.971,57.744,uav_2,9.971,False,False,False,False,False,1,"[{""id"": ""obstacle_0"", ""kind"": ""static_obstacle"", ""x"": 50.0, ""y"": 50.0, ""radius"": 5.0}]"
safety_margin_confidence,2,0.4,1,5.693,15.644,90.0,94.0,50.0,50.0,,,position_noise+confidence_error,,trust_weighted_fusion,move,confidence,1.772,0.272,,3,0,115.096,9.992,51.066,uav_3,9.992,False,False,False,False,False,1,"[{""id"": ""obstacle_0"", ""kind"": ""static_obstacle"", ""x"": 50.0, ""y"": 50.0, ""radius"": 5.0}]"
safety_margin_confidence,2,0.4,2,15.618,5.74,86.0,90.0,50.0,50.0,,,false_negative+position_noise+confidence_error,,trust_weighted_fusion,move,confidence,1.722,0.22199999999999998,,2,0,109.788,9.909,51.045,uav_3,9.909,False,False,False,False,False,1,"[{""id"": ""obstacle_0"", ""kind"": ""static_obstacle"", ""x"": 50.0, ""y"": 50.0, ""radius"": 5.0}]"
safety_margin_confidence,2,0.4,3,15.686,15.649,90.0,86.0,50.0,50.0,,,false_negative+position_noise+confidence_error,,trust_weighted_fusion,move,confidence,1.728,0.22799999999999998,,2,0,102.332,9.909,43.554,uav_2,9.909,False,False,False,False,False,1,"[{""id"": ""obstacle_0"", ""kind"": ""static_obstacle"", ""x"": 50.0, ""y"": 50.0, ""radius"": 5.0}]"
safety_margin_confidence,3,0.6,0,5.885,5.845,94.0,90.0,50.0,50.0,,,false_negative+position_noise+confidence_error,,trust_weighted_fusion,move,confidence,1.448,0.0,,2,0,121.846,9.91,57.417,uav_2,9.91,False,False,False,False,False,1,"[{""id"": ""obstacle_0"", ""kind"": ""static_obstacle"", ""x"": 50.0, ""y"": 50.0, ""radius"": 5.0}]"
safety_margin_confidence,3,0.6,1,5.91,15.846,90.0,94.0,50.0,50.0,,,false_negative+position_noise+confidence_error,,trust_weighted_fusion,move,confidence,2.082,0.5819999999999999,,1,0,114.8,10.001,50.771,uav_0,10.001,False,False,False,False,False,1,"[{""id"": ""obstacle_0"", ""kind"": ""static_obstacle"", ""x"": 50.0, ""y"": 50.0, ""radius"": 5.0}]"
safety_margin_confidence,3,0.6,2,15.795,5.951,86.0,90.0,50.0,50.0,,,position_noise+confidence_error,,trust_weighted_fusion,move,confidence,2.5,1.0,,3,0,109.513,9.91,50.77,uav_0,9.91,False,False,False,False,False,1,"[{""id"": ""obstacle_0"", ""kind"": ""static_obstacle"", ""x"": 50.0, ""y"": 50.0, ""radius"": 5.0}]"
safety_margin_confidence,3,0.6,3,15.976,15.924,90.0,86.0,50.0,50.0,,,false_negative+confidence_error,,trust_weighted_fusion,move,confidence,0.0,0.0,,0,0,101.932,9.974,43.154,uav_2,9.974,False,False,False,False,False,1,"[{""id"": ""obstacle_0"", ""kind"": ""static_obstacle"", ""x"": 50.0, ""y"": 50.0, ""radius"": 5.0}]"
safety_margin_confidence,4,0.8,0,6.084,6.036,94.0,90.0,50.0,50.0,,,position_noise+confidence_error,,trust_weighted_fusion,move,confidence,2.474,0.9740000000000002,,3,0,121.569,9.905,57.14,uav_2,9.905,False,False,False,False,False,1,"[{""id"": ""obstacle_0"", ""kind"": ""static_obstacle"", ""x"": 50.0, ""y"": 50.0, ""radius"": 5.0}]"
safety_margin_confidence,4,0.8,1,6.122,16.043,90.0,94.0,50.0,50.0,,,position_noise+confidence_error,,trust_weighted_fusion,move,confidence,2.222,0.722,,3,0,114.512,10.007,50.483,uav_0,10.007,False,False,False,False,False,1,"[{""id"": ""obstacle_0"", ""kind"": ""static_obstacle"", ""x"": 50.0, ""y"": 50.0, ""radius"": 5.0}]"
safety_margin_confidence,4,0.8,2,15.988,6.183,86.0,90.0,50.0,50.0,,,false_negative+position_noise+confidence_error,,trust_weighted_fusion,move,confidence,1.95,0.44999999999999996,,1,0,109.21,9.905,50.468,uav_0,9.905,False,False,False,False,False,1,"[{""id"": ""obstacle_0"", ""kind"": ""static_obstacle"", ""x"": 50.0, ""y"": 50.0, ""radius"": 5.0}]"
safety_margin_confidence,4,0.8,3,16.196,16.132,90.0,86.0,50.0,50.0,,,false_negative+position_noise+confidence_error,,trust_weighted_fusion,move,confidence,1.952,0.45199999999999996,,1,0,101.63,9.951,42.852,uav_2,9.951,False,False,False,False,False,1,"[{""id"": ""obstacle_0"", ""kind"": ""static_obstacle"", ""x"": 50.0, ""y"": 50.0, ""radius"": 5.0}]"
safety_margin_confidence,5,1.0,0,6.374,6.312,94.0,90.0,50.0,50.0,,,dropout+confidence_error,,trust_weighted_fusion,move,confidence,0.0,0.0,,0,0,121.169,9.812,56.741,uav_2,9.812,False,False,False,False,False,1,"[{""id"": ""obstacle_0"", ""kind"": ""static_obstacle"", ""x"": 50.0, ""y"": 50.0, ""radius"": 5.0}]"
safety_margin_confidence,5,1.0,1,6.348,16.253,90.0,94.0,50.0,50.0,,,false_negative+position_noise+confidence_error,,trust_weighted_fusion,move,confidence,1.83,0.33000000000000007,,2,0,114.203,9.941,50.176,uav_0,9.941,False,False,False,False,False,1,"[{""id"": ""obstacle_0"", ""kind"": ""static_obstacle"", ""x"": 50.0, ""y"": 50.0, ""radius"": 5.0}]"
safety_margin_confidence,5,1.0,2,16.185,6.419,86.0,90.0,50.0,50.0,,,position_noise+confidence_error,,trust_weighted_fusion,move,confidence,1.854,0.3540000000000001,,3,0,108.903,9.812,50.161,uav_0,9.812,False,False,False,False,False,1,"[{""id"": ""obstacle_0"", ""kind"": ""static_obstacle"", ""x"": 50.0, ""y"": 50.0, ""radius"": 5.0}]"
safety_margin_confidence,5,1.0,3,16.424,16.348,90.0,86.0,50.0,50.0,,,position_noise+confidence_error,,trust_weighted_fusion,move,confidence,1.704,0.20399999999999996,,3,0,101.315,9.932,42.537,uav_2,9.932,False,False,False,False,False,1,"[{""id"": ""obstacle_0"", ""kind"": ""static_obstacle"", ""x"": 50.0, ""y"": 50.0, ""radius"": 5.0}]"
safety_margin_confidence,6,1.2,0,6.663,6.588,94.0,90.0,50.0,50.0,,,dropout+confidence_error,,trust_weighted_fusion,move,confidence,0.0,0.0,,0,0,120.769,9.712,56.341,uav_2,9.712,False,False,False,False,False,1,"[{""id"": ""obstacle_0"", ""kind"": ""static_obstacle"", ""x"": 50.0, ""y"": 50.0, ""radius"": 5.0}]"
safety_margin_confidence,6,1.2,1,6.571,16.46,90.0,94.0,50.0,50.0,,,position_noise+confidence_error,,trust_weighted_fusion,move,confidence,1.9,0.3999999999999999,,3,0,113.898,9.872,49.872,uav_0,9.872,False,False,False,False,False,1,"[{""id"": ""obstacle_0"", ""kind"": ""static_obstacle"", ""x"": 50.0, ""y"": 50.0, ""radius"": 5.0}]"
safety_margin_confidence,6,1.2,2,16.375,6.646,86.0,90.0,50.0,50.0,,,false_negative+position_noise+confidence_error,,trust_weighted_fusion,move,confidence,2.092,0.5920000000000001,,2,0,108.607,9.712,49.866,uav_0,9.712,False,False,False,False,False,1,"[{""id"": ""obstacle_0"", ""kind"": ""static_obstacle"", ""x"": 50.0, ""y"": 50.0, ""radius"": 5.0}]"
safety_margin_confidence,6,1.2,3,16.628,16.541,90.0,86.0,50.0,50.0,,,false_negative+position_noise+confidence_error,,trust_weighted_fusion,move,confidence,2.382,0.8820000000000001,,2,0,101.034,9.899,42.256,uav_2,9.899,False,False,False,False,False,1,"[{""id"": ""obstacle_0"", ""kind"": ""static_obstacle"", ""x"": 50.0, ""y"": 50.0, ""radius"": 5.0}]"
safety_margin_confidence,7,1.4,0,6.952,6.865,94.0,90.0,50.0,50.0,,,dropout+confidence_error,,trust_weighted_fusion,move,confidence,0.0,0.0,,0,0,120.369,9.612,55.941,uav_2,9.612,False,False,False,False,False,1,"[{""id"": ""obstacle_0"", ""kind"": ""static_obstacle"", ""x"": 50.0, ""y"": 50.0, ""radius"": 5.0}]"
safety_margin_confidence,7,1.4,1,6.804,16.677,90.0,94.0,50.0,50.0,,,false_negative+position_noise+confidence_error,,trust_weighted_fusion,move,confidence,1.634,0.1339999999999999,,2,0,113.58,9.814,49.555,uav_0,9.814,False,False,False,False,False,1,"[{""id"": ""obstacle_0"", ""kind"": ""static_obstacle"", ""x"": 50.0, ""y"": 50.0, ""radius"": 5.0}]"
safety_margin_confidence,7,1.4,2,16.564,6.873,86.0,90.0,50.0,50.0,,,false_negative+position_noise+confidence_error,,trust_weighted_fusion,move,confidence,2.084,0.5840000000000001,,2,0,108.312,9.612,49.57,uav_0,9.612,False,False,False,False,False,1,"[{""id"": ""obstacle_0"", ""kind"": ""static_obstacle"", ""x"": 50.0, ""y"": 50.0, ""radius"": 5.0}]"
safety_margin_confidence,7,1.4,3,16.878,16.778,90.0,86.0,50.0,50.0,,,false_negative+position_noise+confidence_error,,trust_weighted_fusion,move,confidence,1.126,0.0,,1,0,100.69,9.91,41.913,uav_2,9.91,False,False,False,False,False,1,"[{""id"": ""obstacle_0"", ""kind"": ""static_obstacle"", ""x"": 50.0, ""y"": 50.0, ""radius"": 5.0}]"
safety_margin_confidence,8,1.6,0,7.242,7.141,94.0,90.0,50.0,50.0,,,dropout+confidence_error,,trust_weighted_fusion,move,confidence,0.0,0.0,,0,0,119.969,9.499,55.541,uav_2,9.499,False,False,False,False,False,1,"[{""id"": ""obstacle_0"", ""kind"": ""static_obstacle"", ""x"": 50.0, ""y"": 50.0, ""radius"": 5.0}]"
safety_margin_confidence,8,1.6,1,7.021,16.878,90.0,94.0,50.0,50.0,,,false_negative+position_noise+confidence_error,,trust_weighted_fusion,move,confidence,2.096,0.5960000000000001,,2,0,113.285,9.74,49.261,uav_0,9.74,False,False,False,False,False,1,"[{""id"": ""obstacle_0"", ""kind"": ""static_obstacle"", ""x"": 50.0, ""y"": 50.0, ""radius"": 5.0}]"
safety_margin_confidence,8,1.6,2,16.741,7.084,86.0,90.0,50.0,50.0,,,position_noise+confidence_error,,trust_weighted_fusion,move,confidence,2.5,1.0,,3,0,108.037,9.499,49.295,uav_0,9.499,False,False,False,False,False,1,"[{""id"": ""obstacle_0"", ""kind"": ""static_obstacle"", ""x"": 50.0, ""y"": 50.0, ""radius"": 5.0}]"
safety_margin_confidence,8,1.6,3,17.1,16.988,90.0,86.0,50.0,50.0,,,position_noise+confidence_error,,trust_weighted_fusion,move,confidence,1.886,0.3859999999999999,,3,0,100.385,9.91,41.607,uav_2,9.91,False,False,False,False,False,1,"[{""id"": ""obstacle_0"", ""kind"": ""static_obstacle"", ""x"": 50.0, ""y"": 50.0, ""radius"": 5.0}]"
safety_margin_confidence,9,1.8,0,7.531,7.417,94.0,90.0,50.0,50.0,,,dropout+confidence_error,,trust_weighted_fusion,move,confidence,0.0,0.0,,0,0,119.569,9.387,55.141,uav_2,9.387,False,False,False,False,False,1,"[{""id"": ""obstacle_0"", ""kind"": ""static_obstacle"", ""x"": 50.0, ""y"": 50.0, ""radius"": 5.0}]"
safety_margin_confidence,9,1.8,1,7.227,17.07,90.0,94.0,50.0,50.0,,,position_noise+confidence_error,,trust_weighted_fusion,move,confidence,2.356,0.8559999999999999,,3,0,113.002,9.658,48.98,uav_0,9.658,False,False,False,False,False,1,"[{""id"": ""obstacle_0"", ""kind"": ""static_obstacle"", ""x"": 50.0, ""y"": 50.0, ""radius"": 5.0}]"
safety_margin_confidence,9,1.8,2,16.917,7.295,86.0,90.0,50.0,50.0,,,position_noise+confidence_error,,trust_weighted_fusion,move,confidence,2.5,1.0,,3,0,107.762,9.387,49.02,uav_0,9.387,False,False,False,False,False,1,"[{""id"": ""obstacle_0"", ""kind"": ""static_obstacle"", ""x"": 50.0, ""y"": 50.0, ""radius"": 5.0}]"
safety_margin_confidence,9,1.8,3,17.329,17.204,90.0,86.0,50.0,50.0,,,false_negative+position_noise+confidence_error,,trust_weighted_fusion,move,confidence,1.704,0.20399999999999996,,2,0,100.07,9.918,41.292,uav_2,9.918,False,False,False,False,False,1,"[{""id"": ""obstacle_0"", ""kind"": ""static_obstacle"", ""x"": 50.0, ""y"": 50.0, ""radius"": 5.0}]"
safety_margin_confidence,10,2.0,0,7.73,7.607,94.0,90.0,50.0,50.0,,,position_noise+confidence_error,,trust_weighted_fusion,move,confidence,2.498,0.9980000000000002,,3,0,119.294,9.37,54.866,uav_2,9.37,False,False,False,False,False,1,"[{""id"": ""obstacle_0"", ""kind"": ""static_obstacle"", ""x"": 50.0, ""y"": 50.0, ""radius"": 5.0}]"
safety_margin_confidence,10,2.0,1,7.52,17.342,90.0,94.0,50.0,50.0,,,false_negative+confidence_error,,trust_weighted_fusion,move,confidence,0.0,0.0,,0,0,112.602,9.738,48.582,uav_0,9.738,False,False,False,False,False,1,"[{""id"": ""obstacle_0"", ""kind"": ""static_obstacle"", ""x"": 50.0, ""y"": 50.0, ""radius"": 5.0}]"
safety_margin_confidence,10,2.0,2,17.099,7.513,86.0,90.0,50.0,50.0,,,false_negative+position_noise+confidence_error,,trust_weighted_fusion,move,confidence,2.31,0.81,,2,0,107.477,9.37,48.736,uav_0,9.37,False,False,False,False,False,1,"[{""id"": ""obstacle_0"", ""kind"": ""static_obstacle"", ""x"": 50.0, ""y"": 50.0, ""radius"": 5.0}]"
safety_margin_confidence,10,2.0,3,17.551,17.415,90.0,86.0,50.0,50.0,,,position_noise+confidence_error,,trust_weighted_fusion,move,confidence,1.874,0.3740000000000001,,3,0,99.764,9.912,40.986,uav_2,9.912,False,False,False,False,False,1,"[{""id"": ""obstacle_0"", ""kind"": ""static_obstacle"", ""x"": 50.0, ""y"": 50.0, ""radius"": 5.0}]"
safety_margin_confidence,11,2.2,0,7.953,7.82,94.0,90.0,50.0,50.0,,,position_noise+confidence_error,,trust_weighted_fusion,move,confidence,1.824,0.32400000000000007,,3,0,118.986,9.345,54.557,uav_2,9.345,False,False,False,False,False,1,"[{""id"": ""obstacle_0"", ""kind"": ""static_obstacle"", ""x"": 50.0, ""y"": 50.0, ""radius"": 5.0}]"
safety_margin_confidence,11,2.2,1,7.724,17.531,90.0,94.0,50.0,50.0,,,position_noise+confidence_error,,trust_weighted_fusion,move,confidence,2.448,0.948,,3,0,112.325,9.714,48.306,uav_0,9.714,False,False,False,False,False,1,"[{""id"": ""obstacle_0"", ""kind"": ""static_obstacle"", ""x"": 50.0, ""y"": 50.0, ""radius"": 5.0}]"
safety_margin_confidence,11,2.2,2,17.298,7.751,86.0,90.0,50.0,50.0,,,position_noise+confidence_error,,trust_weighted_fusion,move,confidence,1.81,0.31000000000000005,,3,0,107.168,9.345,48.427,uav_0,9.345,False,False,False,False,False,1,"[{""id"": ""obstacle_0"", ""kind"": ""static_obstacle"", ""x"": 50.0, ""y"": 50.0, ""radius"": 5.0}]"
safety_margin_confidence,11,2.2,3,17.78,17.632,90.0,86.0,50.0,50.0,,,false_negative+position_noise+confidence_error,,trust_weighted_fusion,move,confidence,1.688,0.18799999999999994,,2,0,99.448,9.893,40.671,uav_2,9.893,False,False,False,False,False,1,"[{""id"": ""obstacle_0"", ""kind"": ""static_obstacle"", ""x"": 50.0, ""y"": 50.0, ""radius"": 5.0}]"
safety_margin_confidence,12,2.4,0,8.178,8.036,94.0,90.0,50.0,50.0,,,false_negative+position_noise+confidence_error,,trust_weighted_fusion,move,confidence,1.766,0.266,,2,0,118.674,9.307,54.246,uav_2,9.307,False,False,False,False,False,1,"[{""id"": ""obstacle_0"", ""kind"": ""static_obstacle"", ""x"": 50.0, ""y"": 50.0, ""radius"": 5.0}]"
safety_margin_confidence,12,2.4,1,7.925,17.719,90.0,94.0,50.0,50.0,,,position_noise+confidence_error,,trust_weighted_fusion,move,confidence,2.5,1.0,,3,0,112.05,9.686,48.032,uav_0,9.686,False,False,False,False,False,1,"[{""id"": ""obstacle_0"", ""kind"": ""static_obstacle"", ""x"": 50.0, ""y"": 50.0, ""radius"": 5.0}]"
safety_margin_confidence,12,2.4,2,17.485,7.975,86.0,90.0,50.0,50.0,,,position_noise+confidence_error,,trust_weighted_fusion,move,confidence,2.166,0.6659999999999999,,3,0,106.876,9.307,48.135,uav_0,9.307,False,False,False,False,False,1,"[{""id"": ""obstacle_0"", ""kind"": ""static_obstacle"", ""x"": 50.0, ""y"": 50.0, ""radius"": 5.0}]"
safety_margin_confidence,12,2.4,3,17.988,17.829,90.0,86.0,50.0,50.0,,,position_noise+confidence_error,,trust_weighted_fusion,move,confidence,2.262,0.762,,3,0,99.161,9.867,40.384,uav_2,9.867,False,False,False,False,False,1,"[{""id"": ""obstacle_0"", ""kind"": ""static_obstacle"", ""x"": 50.0, ""y"": 50.0, ""radius"": 5.0}]"
safety_margin_confidence,13,2.6,0,8.423,8.269,94.0,90.0,50.0,50.0,,,false_negative+position_noise+confidence_error,,trust_weighted_fusion,move,confidence,1.238,0.0,,1,0,118.336,9.274,53.908,uav_2,9.274,False,False,False,False,False,1,"[{""id"": ""obstacle_0"", ""kind"": ""static_obstacle"", ""x"": 50.0, ""y"": 50.0, ""radius"": 5.0}]"
safety_margin_confidence,13,2.6,1,8.171,17.947,90.0,94.0,50.0,50.0,,,false_negative+position_noise+confidence_error,,trust_weighted_fusion,move,confidence,1.276,0.0,,2,0,111.714,9.682,47.697,uav_0,9.682,False,False,False,False,False,1,"[{""id"": ""obstacle_0"", ""kind"": ""static_obstacle"", ""x"": 50.0, ""y"": 50.0, ""radius"": 5.0}]"
safety_margin_confidence,13,2.6,2,17.697,8.229,86.0,90.0,50.0,50.0,,,false_negative+position_noise+confidence_error,,trust_weighted_fusion,move,confidence,1.384,0.0,,1,0,106.545,9.274,47.805,uav_0,9.274,False,False,False,False,False,1,"[{""id"": ""obstacle_0"", ""kind"": ""static_obstacle"", ""x"": 50.0, ""y"": 50.0, ""radius"": 5.0}]"
safety_margin_confidence,13,2.6,3,18.208,18.037,90.0,86.0,50.0,50.0,,,false_negative+position_noise+confidence_error,,trust_weighted_fusion,move,confidence,1.954,0.45399999999999996,,1,0,98.859,9.822,40.082,uav_2,9.822,False,False,False,False,False,1,"[{""id"": ""obstacle_0"", ""kind"": ""static_obstacle"", ""x"": 50.0, ""y"": 50.0, ""radius"": 5.0}]"
safety_margin_confidence,14,2.8,0,8.622,8.459,94.0,90.0,50.0,50.0,,,false_negative+position_noise+confidence_error,,trust_weighted_fusion,move,confidence,2.5,1.0,,2,0,118.061,9.288,53.633,uav_2,9.288,False,False,False,False,False,1,"[{""id"": ""obstacle_0"", ""kind"": ""static_obstacle"", ""x"": 50.0, ""y"": 50.0, ""radius"": 5.0}]"
safety_margin_confidence,14,2.8,1,8.39,18.151,90.0,94.0,50.0,50.0,,,false_negative+position_noise+confidence_error,,trust_weighted_fusion,move,confidence,2.018,0.5179999999999998,,2,0,111.414,9.695,47.4,uav_0,9.695,False,False,False,False,False,1,"[{""id"": ""obstacle_0"", ""kind"": ""static_obstacle"", ""x"": 50.0, ""y"": 50.0, ""radius"": 5.0}]"
safety_margin_confidence,14,2.8,2,17.91,8.483,86.0,90.0,50.0,50.0,,,false_negative+position_noise+confidence_error,,trust_weighted_fusion,move,confidence,1.368,0.0,,1,0,106.213,9.288,47.473,uav_0,9.288,False,False,False,False,False,1,"[{""id"": ""obstacle_0"", ""kind"": ""static_obstacle"", ""x"": 50.0, ""y"": 50.0, ""radius"": 5.0}]"
safety_margin_confidence,14,2.8,3,18.422,18.239,90.0,86.0,50.0,50.0,,,false_negative+position_noise+confidence_error,,trust_weighted_fusion,move,confidence,2.116,0.6160000000000001,,2,0,98.565,9.769,39.788,uav_2,9.769,False,False,False,False,False,1,"[{""id"": ""obstacle_0"", ""kind"": ""static_obstacle"", ""x"": 50.0, ""y"": 50.0, ""radius"": 5.0}]"
safety_margin_confidence,15,3.0,0,8.835,8.662,94.0,90.0,50.0,50.0,,,false_negative+position_noise+confidence_error,,trust_weighted_fusion,move,confidence,2.114,0.6139999999999999,,2,0,117.766,9.267,53.339,uav_2,9.267,False,False,False,False,False,1,"[{""id"": ""obstacle_0"", ""kind"": ""static_obstacle"", ""x"": 50.0, ""y"": 50.0, ""radius"": 5.0}]"
safety_margin_confidence,15,3.0,1,8.614,18.359,90.0,94.0,50.0,50.0,,,position_noise+confidence_error,,trust_weighted_fusion,move,confidence,1.894,0.3939999999999999,,3,0,111.109,9.699,47.096,uav_0,9.699,False,False,False,False,False,1,"[{""id"": ""obstacle_0"", ""kind"": ""static_obstacle"", ""x"": 50.0, ""y"": 50.0, ""radius"": 5.0}]"
safety_margin_confidence,15,3.0,2,18.102,8.714,86.0,90.0,50.0,50.0,,,false_negative+position_noise+confidence_error,,trust_weighted_fusion,move,confidence,1.998,0.498,,2,0,105.913,9.267,47.173,uav_0,9.267,False,False,False,False,False,1,"[{""id"": ""obstacle_0"", ""kind"": ""static_obstacle"", ""x"": 50.0, ""y"": 50.0, ""radius"": 5.0}]"
safety_margin_confidence,15,3.0,3,18.68,18.483,90.0,86.0,50.0,50.0,,,false_negative+position_noise+confidence_error,,trust_weighted_fusion,move,confidence,0.894,0.0,,1,0,98.209,9.787,39.433,uav_2,9.787,False,False,False,False,False,1,"[{""id"": ""obstacle_0"", ""kind"": ""static_obstacle"", ""x"": 50.0, ""y"": 50.0, ""radius"": 5.0}]"
safety_margin_confidence,16,3.2,0,9.066,8.883,94.0,90.0,50.0,50.0,,,position_noise+confidence_error,,trust_weighted_fusion,move,confidence,1.604,0.10400000000000009,,3,0,117.447,9.223,53.019,uav_2,9.223,False,False,False,False,False,1,"[{""id"": ""obstacle_0"", ""kind"": ""static_obstacle"", ""x"": 50.0, ""y"": 50.0, ""radius"": 5.0}]"
safety_margin_confidence,16,3.2,1,8.851,18.58,90.0,94.0,50.0,50.0,,,position_noise+confidence_error,,trust_weighted_fusion,move,confidence,1.518,0.018000000000000016,,3,0,110.785,9.699,46.773,uav_0,9.699,False,False,False,False,False,1,"[{""id"": ""obstacle_0"", ""kind"": ""static_obstacle"", ""x"": 50.0, ""y"": 50.0, ""radius"": 5.0}]"
safety_margin_confidence,16,3.2,2,18.289,8.937,86.0,90.0,50.0,50.0,,,false_negative+position_noise+confidence_error,,trust_weighted_fusion,move,confidence,2.166,0.6659999999999999,,2,0,105.622,9.223,46.882,uav_0,9.223,False,False,False,False,False,1,"[{""id"": ""obstacle_0"", ""kind"": ""static_obstacle"", ""x"": 50.0, ""y"": 50.0, ""radius"": 5.0}]"
safety_margin_confidence,16,3.2,3,18.892,18.685,90.0,86.0,50.0,50.0,,,false_negative+position_noise+confidence_error,,trust_weighted_fusion,move,confidence,2.14,0.6400000000000001,,2,0,97.916,9.766,39.14,uav_2,9.766,False,False,False,False,False,1,"[{""id"": ""obstacle_0"", ""kind"": ""static_obstacle"", ""x"": 50.0, ""y"": 50.0, ""radius"": 5.0}]"
safety_margin_confidence,17,3.4,0,9.282,9.089,94.0,90.0,50.0,50.0,,,position_noise+confidence_error,,trust_weighted_fusion,move,confidence,2.028,0.528,,3,0,117.148,9.2,52.72,uav_2,9.2,False,False,False,False,False,1,"[{""id"": ""obstacle_0"", ""kind"": ""static_obstacle"", ""x"": 50.0, ""y"": 50.0, ""radius"": 5.0}]"
safety_margin_confidence,17,3.4,1,9.082,18.794,90.0,94.0,50.0,50.0,,,false_negative+position_noise+confidence_error,,trust_weighted_fusion,move,confidence,1.71,0.20999999999999996,,2,0,110.471,9.706,46.46,uav_0,9.706,False,False,False,False,False,1,"[{""id"": ""obstacle_0"", ""kind"": ""static_obstacle"", ""x"": 50.0, ""y"": 50.0, ""radius"": 5.0}]"
safety_margin_confidence,17,3.4,2,18.482,9.168,86.0,90.0,50.0,50.0,,,position_noise+confidence_error,,trust_weighted_fusion,move,confidence,1.982,0.482,,3,0,105.321,9.2,46.581,uav_0,9.2,False,False,False,False,False,1,"[{""id"": ""obstacle_0"", ""kind"": ""static_obstacle"", ""x"": 50.0, ""y"": 50.0, ""radius"": 5.0}]"
safety_margin_confidence,17,3.4,3,19.117,18.898,90.0,86.0,50.0,50.0,,,false_negative+position_noise+confidence_error,,trust_weighted_fusion,move,confidence,1.81,0.31000000000000005,,2,0,97.607,9.75,38.83,uav_2,9.75,False,False,False,False,False,1,"[{""id"": ""obstacle_0"", ""kind"": ""static_obstacle"", ""x"": 50.0, ""y"": 50.0, ""radius"": 5.0}]"
safety_margin_confidence,18,3.6,0,9.523,9.32,94.0,90.0,50.0,50.0,,,false_negative+position_noise+confidence_error,,trust_weighted_fusion,move,confidence,1.332,0.0,,2,0,116.815,9.164,52.387,uav_2,9.164,False,False,False,False,False,1,"[{""id"": ""obstacle_0"", ""kind"": ""static_obstacle"", ""x"": 50.0, ""y"": 50.0, ""radius"": 5.0}]"
safety_margin_confidence,18,3.6,1,9.302,18.999,90.0,94.0,50.0,50.0,,,false_negative+position_noise+confidence_error,,trust_weighted_fusion,move,confidence,1.978,0.478,,2,0,110.169,9.681,46.16,uav_0,9.681,False,False,False,False,False,1,"[{""id"": ""obstacle_0"", ""kind"": ""static_obstacle"", ""x"": 50.0, ""y"": 50.0, ""radius"": 5.0}]"
safety_margin_confidence,18,3.6,2,18.686,9.413,86.0,90.0,50.0,50.0,,,false_negative+position_noise+confidence_error,,trust_weighted_fusion,move,confidence,1.622,0.12200000000000011,,1,0,105.002,9.164,46.263,uav_0,9.164,False,False,False,False,False,1,"[{""id"": ""obstacle_0"", ""kind"": ""static_obstacle"", ""x"": 50.0, ""y"": 50.0, ""radius"": 5.0}]"
safety_margin_confidence,18,3.6,3,19.408,19.173,90.0,86.0,50.0,50.0,,,false_negative+confidence_error,,trust_weighted_fusion,move,confidence,0.0,0.0,,0,0,97.207,9.786,38.431,uav_2,9.786,False,False,False,False,False,1,"[{""id"": ""obstacle_0"", ""kind"": ""static_obstacle"", ""x"": 50.0, ""y"": 50.0, ""radius"": 5.0}]"
safety_margin_confidence,19,3.8,0,9.739,9.526,94.0,90.0,50.0,50.0,,,false_negative+position_noise+confidence_error,,trust_weighted_fusion,move,confidence,2.02,0.52,,2,0,116.516,9.143,52.088,uav_2,9.143,False,False,False,False,False,1,"[{""id"": ""obstacle_0"", ""kind"": ""static_obstacle"", ""x"": 50.0, ""y"": 50.0, ""radius"": 5.0}]"
safety_margin_confidence,19,3.8,1,9.521,19.202,90.0,94.0,50.0,50.0,,,false_negative+position_noise+confidence_error,,trust_weighted_fusion,move,confidence,2.016,0.516,,2,0,109.87,9.679,45.863,uav_0,9.679,False,False,False,False,False,1,"[{""id"": ""obstacle_0"", ""kind"": ""static_obstacle"", ""x"": 50.0, ""y"": 50.0, ""radius"": 5.0}]"
safety_margin_confidence,19,3.8,2,18.881,9.646,86.0,90.0,50.0,50.0,,,false_negative+position_noise+confidence_error,,trust_weighted_fusion,move,confidence,1.924,0.42399999999999993,,2,0,104.698,9.143,45.959,uav_0,9.143,False,False,False,False,False,1,"[{""id"": ""obstacle_0"", ""kind"": ""static_obstacle"", ""x"": 50.0, ""y"": 50.0, ""radius"": 5.0}]"
safety_margin_confidence,19,3.8,3,19.607,19.362,90.0,86.0,50.0,50.0,,,position_noise+confidence_error,,trust_weighted_fusion,move,confidence,2.5,1.0,,3,0,96.932,9.743,38.156,uav_2,9.743,False,False,False,False,False,1,"[{""id"": ""obstacle_0"", ""kind"": ""static_obstacle"", ""x"": 50.0, ""y"": 50.0, ""radius"": 5.0}]"
safety_margin_confidence,20,4.0,0,9.949,9.726,94.0,90.0,50.0,50.0,,,false_negative+position_noise+confidence_error,,trust_weighted_fusion,move,confidence,2.204,0.7040000000000002,,2,0,116.226,9.191,51.798,uav_2,9.191,False,False,False,False,False,1,"[{""id"": ""obstacle_0"", ""kind"": ""static_obstacle"", ""x"": 50.0, ""y"": 50.0, ""radius"": 5.0}]"
safety_margin_confidence,20,4.0,1,9.736,19.402,90.0,94.0,50.0,50.0,,,position_noise+confidence_error,,trust_weighted_fusion,move,confidence,2.142,0.6419999999999999,,3,0,109.577,9.678,45.571,uav_0,9.678,False,False,False,False,False,1,"[{""id"": ""obstacle_0"", ""kind"": ""static_obstacle"", ""x"": 50.0, ""y"": 50.0, ""radius"": 5.0}]"
safety_margin_confidence,20,4.0,2,19.137,9.953,86.0,90.0,50.0,50.0,,,false_negative+confidence_error,,trust_weighted_fusion,move,confidence,0.0,0.0,,0,0,104.298,9.191,45.559,uav_0,9.191,False,False,False,False,False,1,"[{""id"": ""obstacle_0"", ""kind"": ""static_obstacle"", ""x"": 50.0, ""y"": 50.0, ""radius"": 5.0}]"
safety_margin_confidence,20,4.0,3,19.851,19.593,90.0,86.0,50.0,50.0,,,false_negative+position_noise+confidence_error,,trust_weighted_fusion,move,confidence,1.284,0.0,,1,0,96.596,9.666,37.82,uav_2,9.666,False,False,False,False,False,1,"[{""id"": ""obstacle_0"", ""kind"": ""static_obstacle"", ""x"": 50.0, ""y"": 50.0, ""radius"": 5.0}]"
safety_margin_confidence,21,4.2,0,10.189,9.956,94.0,90.0,50.0,50.0,,,false_negative+position_noise+confidence_error,,trust_weighted_fusion,move,confidence,1.364,0.0,,2,0,115.894,9.15,51.467,uav_2,9.15,False,False,False,False,False,1,"[{""id"": ""obstacle_0"", ""kind"": ""static_obstacle"", ""x"": 50.0, ""y"": 50.0, ""radius"": 5.0}]"
safety_margin_confidence,21,4.2,1,9.945,19.596,90.0,94.0,50.0,50.0,,,false_negative+position_noise+confidence_error,,trust_weighted_fusion,move,confidence,2.302,0.802,,2,0,109.292,9.643,45.288,uav_0,9.643,False,False,False,False,False,1,"[{""id"": ""obstacle_0"", ""kind"": ""static_obstacle"", ""x"": 50.0, ""y"": 50.0, ""radius"": 5.0}]"
safety_margin_confidence,21,4.2,2,19.336,10.19,86.0,90.0,50.0,50.0,,,position_noise+confidence_error,,trust_weighted_fusion,move,confidence,1.818,0.31800000000000006,,3,0,103.989,9.15,45.25,uav_0,9.15,False,False,False,False,False,1,"[{""id"": ""obstacle_0"", ""kind"": ""static_obstacle"", ""x"": 50.0, ""y"": 50.0, ""radius"": 5.0}]"
safety_margin_confidence,21,4.2,3,20.063,19.793,90.0,86.0,50.0,50.0,,,false_negative+position_noise+confidence_error,,trust_weighted_fusion,move,confidence,2.178,0.6779999999999999,,2,0,96.305,9.63,37.529,uav_2,9.63,False,False,False,False,False,1,"[{""id"": ""obstacle_0"", ""kind"": ""static_obstacle"", ""x"": 50.0, ""y"": 50.0, ""radius"": 5.0}]"
safety_margin_confidence,22,4.4,0,10.406,10.163,94.0,90.0,50.0,50.0,,,position_noise+confidence_error,,trust_weighted_fusion,move,confidence,1.988,0.488,,3,0,115.593,9.139,51.166,uav_2,9.139,False,False,False,False,False,1,"[{""id"": ""obstacle_0"", ""kind"": ""static_obstacle"", ""x"": 50.0, ""y"": 50.0, ""radius"": 5.0}]"
safety_margin_confidence,22,4.4,1,10.196,19.83,90.0,94.0,50.0,50.0,,,false_negative+position_noise+confidence_error,,trust_weighted_fusion,move,confidence,1.13,0.0,,1,0,108.949,9.669,44.946,uav_0,9.669,False,False,False,False,False,1,"[{""id"": ""obstacle_0"", ""kind"": ""static_obstacle"", ""x"": 50.0, ""y"": 50.0, ""radius"": 5.0}]"
safety_margin_confidence,22,4.4,2,19.541,10.436,86.0,90.0,50.0,50.0,,,false_negative+position_noise+confidence_error,,trust_weighted_fusion,move,confidence,1.594,0.09400000000000008,,2,0,103.669,9.139,44.93,uav_0,9.139,False,False,False,False,False,1,"[{""id"": ""obstacle_0"", ""kind"": ""static_obstacle"", ""x"": 50.0, ""y"": 50.0, ""radius"": 5.0}]"
safety_margin_confidence,22,4.4,3,20.272,19.991,90.0,86.0,50.0,50.0,,,position_noise+confidence_error,,trust_weighted_fusion,move,confidence,2.224,0.7240000000000002,,3,0,96.016,9.583,37.24,uav_2,9.583,False,False,False,False,False,1,"[{""id"": ""obstacle_0"", ""kind"": ""static_obstacle"", ""x"": 50.0, ""y"": 50.0, ""radius"": 5.0}]"
safety_margin_confidence,23,4.6,0,10.63,10.377,94.0,90.0,50.0,50.0,,,false_negative+position_noise+confidence_error,,trust_weighted_fusion,move,confidence,1.812,0.31200000000000006,,2,0,115.284,9.124,50.857,uav_2,9.124,False,False,False,False,False,1,"[{""id"": ""obstacle_0"", ""kind"": ""static_obstacle"", ""x"": 50.0, ""y"": 50.0, ""radius"": 5.0}]"
safety_margin_confidence,23,4.6,1,10.435,20.052,90.0,94.0,50.0,50.0,,,position_noise+confidence_error,,trust_weighted_fusion,move,confidence,1.478,0.0,,3,0,108.623,9.677,44.621,uav_0,9.677,False,False,False,False,False,1,"[{""id"": ""obstacle_0"", ""kind"": ""static_obstacle"", ""x"": 50.0, ""y"": 50.0, ""radius"": 5.0}]"
safety_margin_confidence,23,4.6,2,19.748,10.685,86.0,90.0,50.0,50.0,,,position_noise+confidence_error,,trust_weighted_fusion,move,confidence,1.526,0.026000000000000023,,3,0,103.345,9.124,44.607,uav_0,9.124,False,False,False,False,False,1,"[{""id"": ""obstacle_0"", ""kind"": ""static_obstacle"", ""x"": 50.0, ""y"": 50.0, ""radius"": 5.0}]"
safety_margin_confidence,23,4.6,3,20.502,20.209,90.0,86.0,50.0,50.0,,,position_noise+confidence_error,,trust_weighted_fusion,move,confidence,1.67,0.16999999999999993,,3,0,95.7,9.554,36.924,uav_2,9.554,False,False,False,False,False,1,"[{""id"": ""obstacle_0"", ""kind"": ""static_obstacle"", ""x"": 50.0, ""y"": 50.0, ""radius"": 5.0}]"
safety_margin_confidence,24,4.8,0,10.839,10.577,94.0,90.0,50.0,50.0,,,false_negative+position_noise+confidence_error,,trust_weighted_fusion,move,confidence,2.204,0.7040000000000002,,2,0,114.994,9.123,50.567,uav_2,9.123,False,False,False,False,False,1,"[{""id"": ""obstacle_0"", ""kind"": ""static_obstacle"", ""x"": 50.0, ""y"": 50.0, ""radius"": 5.0}]"
safety_margin_confidence,24,4.8,1,10.728,20.324,90.0,94.0,50.0,50.0,,,false_negative+confidence_error,,trust_weighted_fusion,move,confidence,0.0,0.0,,0,0,108.223,9.747,44.223,uav_0,9.747,False,False,False,False,False,1,"[{""id"": ""obstacle_0"", ""kind"": ""static_obstacle"", ""x"": 50.0, ""y"": 50.0, ""radius"": 5.0}]"
safety_margin_confidence,24,4.8,2,19.956,10.933,86.0,90.0,50.0,50.0,,,false_negative+position_noise+confidence_error,,trust_weighted_fusion,move,confidence,1.53,0.030000000000000027,,1,0,103.021,9.123,44.284,uav_0,9.123,False,False,False,False,False,1,"[{""id"": ""obstacle_0"", ""kind"": ""static_obstacle"", ""x"": 50.0, ""y"": 50.0, ""radius"": 5.0}]"
safety_margin_confidence,24,4.8,3,20.737,20.431,90.0,86.0,50.0,50.0,,,false_negative+position_noise+confidence_error,,trust_weighted_fusion,move,confidence,1.526,0.026000000000000023,,2,0,95.376,9.53,36.601,uav_2,9.53,False,False,False,False,False,1,"[{""id"": ""obstacle_0"", ""kind"": ""static_obstacle"", ""x"": 50.0, ""y"": 50.0, ""radius"": 5.0}]"
safety_margin_confidence,25,5.0,0,11.038,10.767,94.0,90.0,50.0,50.0,,,position_noise+confidence_error,,trust_weighted_fusion,move,confidence,2.5,1.0,,3,0,114.719,9.129,50.292,uav_2,9.129,False,False,False,False,False,1,"[{""id"": ""obstacle_0"", ""kind"": ""static_obstacle"", ""x"": 50.0, ""y"": 50.0, ""radius"": 5.0}]"
safety_margin_confidence,25,5.0,1,10.948,20.528,90.0,94.0,50.0,50.0,,,false_negative+position_noise+confidence_error,,trust_weighted_fusion,move,confidence,2.008,0.508,,2,0,107.923,9.761,43.925,uav_0,9.761,False,False,False,False,False,1,"[{""id"": ""obstacle_0"", ""kind"": ""static_obstacle"", ""x"": 50.0, ""y"": 50.0, ""radius"": 5.0}]"
safety_margin_confidence,25,5.0,2,20.158,11.175,86.0,90.0,50.0,50.0,,,position_noise+confidence_error,,trust_weighted_fusion,move,confidence,1.692,0.19199999999999995,,3,0,102.706,9.129,43.969,uav_0,9.129,False,False,False,False,False,1,"[{""id"": ""obstacle_0"", ""kind"": ""static_obstacle"", ""x"": 50.0, ""y"": 50.0, ""radius"": 5.0}]"
safety_margin_confidence,25,5.0,3,20.957,20.639,90.0,86.0,50.0,50.0,,,position_noise+confidence_error,,trust_weighted_fusion,move,confidence,1.962,0.46199999999999997,,3,0,95.074,9.497,36.299,uav_2,9.497,False,False,False,False,False,1,"[{""id"": ""obstacle_0"", ""kind"": ""static_obstacle"", ""x"": 50.0, ""y"": 50.0, ""radius"": 5.0}]"
safety_margin_confidence,26,5.2,0,11.248,10.967,94.0,90.0,50.0,50.0,,,false_negative+position_noise+confidence_error,,trust_weighted_fusion,move,confidence,2.212,0.7120000000000002,,2,0,114.43,9.11,50.003,uav_2,9.11,False,False,False,False,False,1,"[{""id"": ""obstacle_0"", ""kind"": ""static_obstacle"", ""x"": 50.0, ""y"": 50.0, ""radius"": 5.0}]"
safety_margin_confidence,26,5.2,1,11.241,20.8,90.0,94.0,50.0,50.0,,,false_negative+confidence_error,,trust_weighted_fusion,move,confidence,0.0,0.0,,0,0,107.523,9.833,43.528,uav_0,9.833,False,False,False,False,False,1,"[{""id"": ""obstacle_0"", ""kind"": ""static_obstacle"", ""x"": 50.0, ""y"": 50.0, ""radius"": 5.0}]"
safety_margin_confidence,26,5.2,2,20.348,11.402,86.0,90.0,50.0,50.0,,,false_negative+position_noise+confidence_error,,trust_weighted_fusion,move,confidence,2.084,0.5840000000000001,,2,0,102.41,9.11,43.673,uav_0,9.11,False,False,False,False,False,1,"[{""id"": ""obstacle_0"", ""kind"": ""static_obstacle"", ""x"": 50.0, ""y"": 50.0, ""radius"": 5.0}]"
safety_margin_confidence,26,5.2,3,21.17,20.841,90.0,86.0,50.0,50.0,,,false_negative+position_noise+confidence_error,,trust_weighted_fusion,move,confidence,2.12,0.6200000000000001,,1,0,94.78,9.475,36.005,uav_2,9.475,False,False,False,False,False,1,"[{""id"": ""obstacle_0"", ""kind"": ""static_obstacle"", ""x"": 50.0, ""y"": 50.0, ""radius"": 5.0}]"
safety_margin_confidence,27,5.4,0,11.478,11.186,94.0,90.0,50.0,50.0,,,false_negative+position_noise+confidence_error,,trust_weighted_fusion,move,confidence,1.642,0.1419999999999999,,2,0,114.112,9.085,49.685,uav_2,9.085,False,False,False,False,False,1,"[{""id"": ""obstacle_0"", ""kind"": ""static_obstacle"", ""x"": 50.0, ""y"": 50.0, ""radius"": 5.0}]"
safety_margin_confidence,27,5.4,1,11.466,21.009,90.0,94.0,50.0,50.0,,,position_noise+confidence_error,,trust_weighted_fusion,move,confidence,1.85,0.3500000000000001,,3,0,107.216,9.823,43.222,uav_0,9.823,False,False,False,False,False,1,"[{""id"": ""obstacle_0"", ""kind"": ""static_obstacle"", ""x"": 50.0, ""y"": 50.0, ""radius"": 5.0}]"
safety_margin_confidence,27,5.4,2,20.551,11.646,86.0,90.0,50.0,50.0,,,false_negative+position_noise+confidence_error,,trust_weighted_fusion,move,confidence,1.644,0.1439999999999999,,2,0,102.092,9.085,43.355,uav_0,9.085,False,False,False,False,False,1,"[{""id"": ""obstacle_0"", ""kind"": ""static_obstacle"", ""x"": 50.0, ""y"": 50.0, ""radius"": 5.0}]"
safety_margin_confidence,27,5.4,3,21.383,21.043,90.0,86.0,50.0,50.0,,,position_noise+confidence_error,,trust_weighted_fusion,move,confidence,2.138,0.6379999999999999,,3,0,94.487,9.433,35.712,uav_2,9.433,False,False,False,False,False,1,"[{""id"": ""obstacle_0"", ""kind"": ""static_obstacle"", ""x"": 50.0, ""y"": 50.0, ""radius"": 5.0}]"
safety_margin_confidence,28,5.6,0,11.708,11.406,94.0,90.0,50.0,50.0,,,false_negative+position_noise+confidence_error,,trust_weighted_fusion,move,confidence,1.632,0.1319999999999999,,1,0,113.794,9.047,49.367,uav_2,9.047,False,False,False,False,False,1,"[{""id"": ""obstacle_0"", ""kind"": ""static_obstacle"", ""x"": 50.0, ""y"": 50.0, ""radius"": 5.0}]"
safety_margin_confidence,28,5.6,1,11.672,21.201,90.0,94.0,50.0,50.0,,,false_negative+position_noise+confidence_error,,trust_weighted_fusion,move,confidence,2.378,0.8780000000000001,,1,0,106.935,9.795,42.942,uav_0,9.795,False,False,False,False,False,1,"[{""id"": ""obstacle_0"", ""kind"": ""static_obstacle"", ""x"": 50.0, ""y"": 50.0, ""radius"": 5.0}]"
safety_margin_confidence,28,5.6,2,20.742,11.875,86.0,90.0,50.0,50.0,,,position_noise+confidence_error,,trust_weighted_fusion,move,confidence,2.042,0.5419999999999998,,3,0,101.795,9.047,43.058,uav_0,9.047,False,False,False,False,False,1,"[{""id"": ""obstacle_0"", ""kind"": ""static_obstacle"", ""x"": 50.0, ""y"": 50.0, ""radius"": 5.0}]"
safety_margin_confidence,28,5.6,3,21.673,21.317,90.0,86.0,50.0,50.0,,,false_negative+confidence_error,,trust_weighted_fusion,move,confidence,0.0,0.0,,0,0,94.087,9.489,35.312,uav_2,9.489,False,False,False,False,False,1,"[{""id"": ""obstacle_0"", ""kind"": ""static_obstacle"", ""x"": 50.0, ""y"": 50.0, ""radius"": 5.0}]"
safety_margin_confidence,29,5.8,0,11.937,11.625,94.0,90.0,50.0,50.0,,,false_negative+position_noise+confidence_error,,trust_weighted_fusion,move,confidence,1.666,0.16599999999999993,,2,0,113.477,9.027,49.05,uav_2,9.027,False,False,False,False,False,1,"[{""id"": ""obstacle_0"", ""kind"": ""static_obstacle"", ""x"": 50.0, ""y"": 50.0, ""radius"": 5.0}]"
safety_margin_confidence,29,5.8,1,11.884,21.398,90.0,94.0,50.0,50.0,,,false_negative+position_noise+confidence_error,,trust_weighted_fusion,move,confidence,2.204,0.7040000000000002,,2,0,106.645,9.773,42.654,uav_0,9.773,False,False,False,False,False,1,"[{""id"": ""obstacle_0"", ""kind"": ""static_obstacle"", ""x"": 50.0, ""y"": 50.0, ""radius"": 5.0}]"
safety_margin_confidence,29,5.8,2,20.95,12.123,86.0,90.0,50.0,50.0,,,false_negative+position_noise+confidence_error,,trust_weighted_fusion,move,confidence,1.532,0.03200000000000003,,1,0,101.471,9.027,42.735,uav_0,9.027,False,False,False,False,False,1,"[{""id"": ""obstacle_0"", ""kind"": ""static_obstacle"", ""x"": 50.0, ""y"": 50.0, ""radius"": 5.0}]"
safety_margin_confidence,29,5.8,3,21.896,21.528,90.0,86.0,50.0,50.0,,,position_noise+confidence_error,,trust_weighted_fusion,move,confidence,1.874,0.3740000000000001,,3,0,93.781,9.453,35.006,uav_2,9.453,False,False,False,False,False,1,"[{""id"": ""obstacle_0"", ""kind"": ""static_obstacle"", ""x"": 50.0, ""y"": 50.0, ""radius"": 5.0}]"
safety_margin_confidence,30,6.0,0,12.171,11.848,94.0,90.0,50.0,50.0,,,false_negative+position_noise+confidence_error,,trust_weighted_fusion,move,confidence,1.532,0.03200000000000003,,1,0,113.153,8.993,48.727,uav_2,8.993,False,False,False,False,False,1,"[{""id"": ""obstacle_0"", ""kind"": ""static_obstacle"", ""x"": 50.0, ""y"": 50.0, ""radius"": 5.0}]"
safety_margin_confidence,30,6.0,1,12.103,21.602,90.0,94.0,50.0,50.0,,,false_negative+position_noise+confidence_error,,trust_weighted_fusion,move,confidence,2.01,0.5099999999999998,,2,0,106.345,9.754,42.356,uav_0,9.754,False,False,False,False,False,1,"[{""id"": ""obstacle_0"", ""kind"": ""static_obstacle"", ""x"": 50.0, ""y"": 50.0, ""radius"": 5.0}]"
safety_margin_confidence,30,6.0,2,21.149,12.362,86.0,90.0,50.0,50.0,,,false_negative+position_noise+confidence_error,,trust_weighted_fusion,move,confidence,1.77,0.27,,2,0,101.16,8.993,42.423,uav_0,8.993,False,False,False,False,False,1,"[{""id"": ""obstacle_0"", ""kind"": ""static_obstacle"", ""x"": 50.0, ""y"": 50.0, ""radius"": 5.0}]"
safety_margin_confidence,30,6.0,3,22.106,21.727,90.0,86.0,50.0,50.0,,,position_noise+confidence_error,,trust_weighted_fusion,move,confidence,2.22,0.7200000000000002,,3,0,93.492,9.414,34.717,uav_2,9.414,False,False,False,False,False,1,"[{""id"": ""obstacle_0"", ""kind"": ""static_obstacle"", ""x"": 50.0, ""y"": 50.0, ""radius"": 5.0}]"
safety_margin_confidence,31,6.2,0,12.426,12.092,94.0,90.0,50.0,50.0,,,false_negative+position_noise+confidence_error,,trust_weighted_fusion,move,confidence,0.938,0.0,,1,0,112.8,8.923,48.374,uav_2,8.923,False,False,False,False,False,1,"[{""id"": ""obstacle_0"", ""kind"": ""static_obstacle"", ""x"": 50.0, ""y"": 50.0, ""radius"": 5.0}]"
safety_margin_confidence,31,6.2,1,12.322,21.805,90.0,94.0,50.0,50.0,,,false_negative+position_noise+confidence_error,,trust_weighted_fusion,move,confidence,2.032,0.532,,2,0,106.047,9.713,42.059,uav_0,9.713,False,False,False,False,False,1,"[{""id"": ""obstacle_0"", ""kind"": ""static_obstacle"", ""x"": 50.0, ""y"": 50.0, ""radius"": 5.0}]"
safety_margin_confidence,31,6.2,2,21.336,12.585,86.0,90.0,50.0,50.0,,,false_negative+position_noise+confidence_error,,trust_weighted_fusion,move,confidence,2.188,0.6880000000000002,,1,0,100.869,8.923,42.133,uav_0,8.923,False,False,False,False,False,1,"[{""id"": ""obstacle_0"", ""kind"": ""static_obstacle"", ""x"": 50.0, ""y"": 50.0, ""radius"": 5.0}]"
safety_margin_confidence,31,6.2,3,22.342,21.95,90.0,86.0,50.0,50.0,,,position_noise+confidence_error,,trust_weighted_fusion,move,confidence,1.498,0.0,,3,0,93.167,9.419,34.392,uav_2,9.419,False,False,False,False,False,1,"[{""id"": ""obstacle_0"", ""kind"": ""static_obstacle"", ""x"": 50.0, ""y"": 50.0, ""radius"": 5.0}]"
safety_margin_confidence,32,6.4,0,12.637,12.294,94.0,90.0,50.0,50.0,,,false_negative+position_noise+confidence_error,,trust_weighted_fusion,move,confidence,2.158,0.6579999999999999,,2,0,112.508,8.932,48.082,uav_2,8.932,False,False,False,False,False,1,"[{""id"": ""obstacle_0"", ""kind"": ""static_obstacle"", ""x"": 50.0, ""y"": 50.0, ""radius"": 5.0}]"
safety_margin_confidence,32,6.4,1,12.615,22.077,90.0,94.0,50.0,50.0,,,dropout+confidence_error,,trust_weighted_fusion,move,confidence,0.0,0.0,,0,0,105.647,9.783,41.662,uav_0,9.783,False,False,False,False,False,1,"[{""id"": ""obstacle_0"", ""kind"": ""static_obstacle"", ""x"": 50.0, ""y"": 50.0, ""radius"": 5.0}]"
safety_margin_confidence,32,6.4,2,21.552,12.844,86.0,90.0,50.0,50.0,,,false_negative+position_noise+confidence_error,,trust_weighted_fusion,move,confidence,1.25,0.0,,2,0,100.532,8.932,41.796,uav_0,8.932,False,False,False,False,False,1,"[{""id"": ""obstacle_0"", ""kind"": ""static_obstacle"", ""x"": 50.0, ""y"": 50.0, ""radius"": 5.0}]"
safety_margin_confidence,32,6.4,3,22.586,22.181,90.0,86.0,50.0,50.0,,,false_negative+position_noise+confidence_error,,trust_weighted_fusion,move,confidence,1.278,0.0,,2,0,92.83,9.394,34.057,uav_2,9.394,False,False,False,False,False,1,"[{""id"": ""obstacle_0"", ""kind"": ""static_obstacle"", ""x"": 50.0, ""y"": 50.0, ""radius"": 5.0}]"
safety_margin_confidence,33,6.6,0,12.87,12.516,94.0,90.0,50.0,50.0,,,position_noise+confidence_error,,trust_weighted_fusion,move,confidence,1.566,0.06600000000000006,,3,0,112.187,8.897,47.761,uav_2,8.897,False,False,False,False,False,1,"[{""id"": ""obstacle_0"", ""kind"": ""static_obstacle"", ""x"": 50.0, ""y"": 50.0, ""radius"": 5.0}]"
safety_margin_confidence,33,6.6,1,12.908,22.35,90.0,94.0,50.0,50.0,,,dropout+confidence_error,,trust_weighted_fusion,move,confidence,0.0,0.0,,0,0,105.247,9.834,41.264,uav_0,9.834,False,False,False,False,False,1,"[{""id"": ""obstacle_0"", ""kind"": ""static_obstacle"", ""x"": 50.0, ""y"": 50.0, ""radius"": 5.0}]"
safety_margin_confidence,33,6.6,2,21.749,13.079,86.0,90.0,50.0,50.0,,,position_noise+confidence_error,,trust_weighted_fusion,move,confidence,1.864,0.3640000000000001,,3,0,100.225,8.897,41.489,uav_0,8.897,False,False,False,False,False,1,"[{""id"": ""obstacle_0"", ""kind"": ""static_obstacle"", ""x"": 50.0, ""y"": 50.0, ""radius"": 5.0}]"
safety_margin_confidence,33,6.6,3,22.815,22.398,90.0,86.0,50.0,50.0,,,false_negative+position_noise+confidence_error,,trust_weighted_fusion,move,confidence,1.684,0.18399999999999994,,1,0,92.515,9.38,33.741,uav_2,9.38,False,False,False,False,False,1,"[{""id"": ""obstacle_0"", ""kind"": ""static_obstacle"", ""x"": 50.0, ""y"": 50.0, ""radius"": 5.0}]"
safety_margin_confidence,34,6.8,0,13.094,12.73,94.0,90.0,50.0,50.0,,,false_negative+position_noise+confidence_error,,trust_weighted_fusion,move,confidence,1.808,0.30800000000000005,,2,0,111.877,8.849,47.451,uav_2,8.849,False,False,False,False,False,1,"[{""id"": ""obstacle_0"", ""kind"": ""static_obstacle"", ""x"": 50.0, ""y"": 50.0, ""radius"": 5.0}]"
safety_margin_confidence,34,6.8,1,13.201,22.622,90.0,94.0,50.0,50.0,,,dropout+confidence_error,,trust_weighted_fusion,move,confidence,0.0,0.0,,0,0,104.847,9.845,40.866,uav_3,9.845,False,False,False,False,False,1,"[{""id"": ""obstacle_0"", ""kind"": ""static_obstacle"", ""x"": 50.0, ""y"": 50.0, ""radius"": 5.0}]"
safety_margin_confidence,34,6.8,2,21.925,13.29,86.0,90.0,50.0,50.0,,,false_negative+position_noise+confidence_error,,trust_weighted_fusion,move,confidence,2.5,1.0,,2,0,99.95,8.849,41.215,uav_0,8.849,False,False,False,False,False,1,"[{""id"": ""obstacle_0"", ""kind"": ""static_obstacle"", ""x"": 50.0, ""y"": 50.0, ""radius"": 5.0}]"
safety_margin_confidence,34,6.8,3,23.046,22.617,90.0,86.0,50.0,50.0,,,position_noise+confidence_error,,trust_weighted_fusion,move,confidence,1.644,0.1439999999999999,,3,0,92.197,9.394,33.423,uav_2,9.394,False,False,False,False,False,1,"[{""id"": ""obstacle_0"", ""kind"": ""static_obstacle"", ""x"": 50.0, ""y"": 50.0, ""radius"": 5.0}]"
safety_margin_confidence,35,7.0,0,13.323,12.949,94.0,90.0,50.0,50.0,,,false_negative+position_noise+confidence_error,,trust_weighted_fusion,move,confidence,1.654,0.15399999999999991,,1,0,111.56,8.8,47.134,uav_2,8.8,False,False,False,False,False,1,"[{""id"": ""obstacle_0"", ""kind"": ""static_obstacle"", ""x"": 50.0, ""y"": 50.0, ""radius"": 5.0}]"
safety_margin_confidence,35,7.0,1,13.494,22.894,90.0,94.0,50.0,50.0,,,dropout+confidence_error,,trust_weighted_fusion,move,confidence,0.0,0.0,,0,0,104.447,9.781,40.469,uav_3,9.781,False,False,False,False,False,1,"[{""id"": ""obstacle_0"", ""kind"": ""static_obstacle"", ""x"": 50.0, ""y"": 50.0, ""radius"": 5.0}]"
safety_margin_confidence,35,7.0,2,22.105,13.506,86.0,90.0,50.0,50.0,,,false_negative+position_noise+confidence_error,,trust_weighted_fusion,move,confidence,2.374,0.8740000000000001,,1,0,99.668,8.8,40.934,uav_0,8.8,False,False,False,False,False,1,"[{""id"": ""obstacle_0"", ""kind"": ""static_obstacle"", ""x"": 50.0, ""y"": 50.0, ""radius"": 5.0}]"
safety_margin_confidence,35,7.0,3,23.274,22.833,90.0,86.0,50.0,50.0,,,false_negative+position_noise+confidence_error,,trust_weighted_fusion,move,confidence,1.71,0.20999999999999996,,2,0,91.882,9.4,33.109,uav_2,9.4,False,False,False,False,False,1,"[{""id"": ""obstacle_0"", ""kind"": ""static_obstacle"", ""x"": 50.0, ""y"": 50.0, ""radius"": 5.0}]"
safety_margin_confidence,36,7.2,0,13.544,13.16,94.0,90.0,50.0,50.0,,,false_negative+position_noise+confidence_error,,trust_weighted_fusion,move,confidence,1.886,0.3859999999999999,,2,0,111.254,8.787,46.828,uav_2,8.787,False,False,False,False,False,1,"[{""id"": ""obstacle_0"", ""kind"": ""static_obstacle"", ""x"": 50.0, ""y"": 50.0, ""radius"": 5.0}]"
safety_margin_confidence,36,7.2,1,13.787,23.167,90.0,94.0,50.0,50.0,,,dropout+confidence_error,,trust_weighted_fusion,move,confidence,0.0,0.0,,0,0,104.047,9.711,40.071,uav_3,9.711,False,False,False,False,False,1,"[{""id"": ""obstacle_0"", ""kind"": ""static_obstacle"", ""x"": 50.0, ""y"": 50.0, ""radius"": 5.0}]"
safety_margin_confidence,36,7.2,2,22.312,13.754,86.0,90.0,50.0,50.0,,,false_negative+position_noise+confidence_error,,trust_weighted_fusion,move,confidence,1.56,0.06000000000000005,,1,0,99.346,8.787,40.612,uav_0,8.787,False,False,False,False,False,1,"[{""id"": ""obstacle_0"", ""kind"": ""static_obstacle"", ""x"": 50.0, ""y"": 50.0, ""radius"": 5.0}]"
safety_margin_confidence,36,7.2,3,23.497,23.044,90.0,86.0,50.0,50.0,,,position_noise+confidence_error,,trust_weighted_fusion,move,confidence,1.866,0.3660000000000001,,3,0,91.576,9.366,32.803,uav_2,9.366,False,False,False,False,False,1,"[{""id"": ""obstacle_0"", ""kind"": ""static_obstacle"", ""x"": 50.0, ""y"": 50.0, ""radius"": 5.0}]"
safety_margin_confidence,37,7.4,0,13.743,13.35,94.0,90.0,50.0,50.0,,,false_negative+position_noise+confidence_error,,trust_weighted_fusion,move,confidence,2.5,1.0,,2,0,110.979,8.802,46.553,uav_2,8.802,False,False,False,False,False,1,"[{""id"": ""obstacle_0"", ""kind"": ""static_obstacle"", ""x"": 50.0, ""y"": 50.0, ""radius"": 5.0}]"
safety_margin_confidence,37,7.4,1,14.019,23.382,90.0,94.0,50.0,50.0,,,false_negative+position_noise+confidence_error,,trust_weighted_fusion,move,confidence,1.678,0.17799999999999994,,2,0,103.731,9.686,39.757,uav_3,9.686,False,False,False,False,False,1,"[{""id"": ""obstacle_0"", ""kind"": ""static_obstacle"", ""x"": 50.0, ""y"": 50.0, ""radius"": 5.0}]"
safety_margin_confidence,37,7.4,2,22.521,14.003,86.0,90.0,50.0,50.0,,,false_negative+position_noise+confidence_error,,trust_weighted_fusion,move,confidence,1.486,0.0,,2,0,99.021,8.802,40.287,uav_0,8.802,False,False,False,False,False,1,"[{""id"": ""obstacle_0"", ""kind"": ""static_obstacle"", ""x"": 50.0, ""y"": 50.0, ""radius"": 5.0}]"
safety_margin_confidence,37,7.4,3,23.703,23.239,90.0,86.0,50.0,50.0,,,false_negative+position_noise+confidence_error,,trust_weighted_fusion,move,confidence,2.324,0.8239999999999998,,2,0,91.292,9.311,32.519,uav_2,9.311,False,False,False,False,False,1,"[{""id"": ""obstacle_0"", ""kind"": ""static_obstacle"", ""x"": 50.0, ""y"": 50.0, ""radius"": 5.0}]"
safety_margin_confidence,38,7.6,0,13.959,13.556,94.0,90.0,50.0,50.0,,,false_negative+position_noise+confidence_error,,trust_weighted_fusion,move,confidence,2.03,0.5299999999999998,,1,0,110.68,8.774,46.255,uav_2,8.774,False,False,False,False,False,1,"[{""id"": ""obstacle_0"", ""kind"": ""static_obstacle"", ""x"": 50.0, ""y"": 50.0, ""radius"": 5.0}]"
safety_margin_confidence,38,7.6,1,14.244,23.591,90.0,94.0,50.0,50.0,,,false_negative+position_noise+confidence_error,,trust_weighted_fusion,move,confidence,1.848,0.3480000000000001,,2,0,103.423,9.704,39.451,uav_3,9.704,False,False,False,False,False,1,"[{""id"": ""obstacle_0"", ""kind"": ""static_obstacle"", ""x"": 50.0, ""y"": 50.0, ""radius"": 5.0}]"
safety_margin_confidence,38,7.6,2,22.708,14.227,86.0,90.0,50.0,50.0,,,position_noise+confidence_error,,trust_weighted_fusion,move,confidence,2.162,0.6619999999999999,,3,0,98.729,8.774,39.995,uav_0,8.774,False,False,False,False,False,1,"[{""id"": ""obstacle_0"", ""kind"": ""static_obstacle"", ""x"": 50.0, ""y"": 50.0, ""radius"": 5.0}]"
safety_margin_confidence,38,7.6,3,23.948,23.47,90.0,86.0,50.0,50.0,,,false_negative+position_noise+confidence_error,,trust_weighted_fusion,move,confidence,1.272,0.0,,1,0,90.955,9.326,32.183,uav_2,9.326,False,False,False,False,False,1,"[{""id"": ""obstacle_0"", ""kind"": ""static_obstacle"", ""x"": 50.0, ""y"": 50.0, ""radius"": 5.0}]"
safety_margin_confidence,39,7.8,0,14.177,13.765,94.0,90.0,50.0,50.0,,,false_negative+position_noise+confidence_error,,trust_weighted_fusion,move,confidence,1.97,0.47,,1,0,110.379,8.767,45.954,uav_2,8.767,False,False,False,False,False,1,"[{""id"": ""obstacle_0"", ""kind"": ""static_obstacle"", ""x"": 50.0, ""y"": 50.0, ""radius"": 5.0}]"
safety_margin_confidence,39,7.8,1,14.462,23.794,90.0,94.0,50.0,50.0,,,position_noise+confidence_error,,trust_weighted_fusion,move,confidence,2.04,0.54,,3,0,103.125,9.713,39.155,uav_3,9.713,False,False,False,False,False,1,"[{""id"": ""obstacle_0"", ""kind"": ""static_obstacle"", ""x"": 50.0, ""y"": 50.0, ""radius"": 5.0}]"
safety_margin_confidence,39,7.8,2,22.915,14.476,86.0,90.0,50.0,50.0,,,false_negative+position_noise+confidence_error,,trust_weighted_fusion,move,confidence,1.536,0.03600000000000003,,2,0,98.406,8.767,39.672,uav_0,8.767,False,False,False,False,False,1,"[{""id"": ""obstacle_0"", ""kind"": ""static_obstacle"", ""x"": 50.0, ""y"": 50.0, ""radius"": 5.0}]"
safety_margin_confidence,39,7.8,3,24.174,23.685,90.0,86.0,50.0,50.0,,,position_noise+confidence_error,,trust_weighted_fusion,move,confidence,1.76,0.26,,3,0,90.643,9.295,31.871,uav_2,9.295,False,False,False,False,False,1,"[{""id"": ""obstacle_0"", ""kind"": ""static_obstacle"", ""x"": 50.0, ""y"": 50.0, ""radius"": 5.0}]"
safety_margin_confidence,40,8.0,0,14.405,13.982,94.0,90.0,50.0,50.0,,,false_negative+position_noise+confidence_error,,trust_weighted_fusion,move,confidence,1.698,0.19799999999999995,,2,0,110.064,8.719,45.639,uav_2,8.719,False,False,False,False,False,1,"[{""id"": ""obstacle_0"", ""kind"": ""static_obstacle"", ""x"": 50.0, ""y"": 50.0, ""radius"": 5.0}]"
safety_margin_confidence,40,8.0,1,14.669,23.987,90.0,94.0,50.0,50.0,,,position_noise+confidence_error,,trust_weighted_fusion,move,confidence,2.338,0.8380000000000001,,3,0,102.842,9.795,38.874,uav_3,9.795,False,False,False,False,False,1,"[{""id"": ""obstacle_0"", ""kind"": ""static_obstacle"", ""x"": 50.0, ""y"": 50.0, ""radius"": 5.0}]"
safety_margin_confidence,40,8.0,2,23.095,14.691,86.0,90.0,50.0,50.0,,,position_noise+confidence_error,,trust_weighted_fusion,move,confidence,2.38,0.8799999999999999,,3,0,98.125,8.719,39.391,uav_0,8.719,False,False,False,False,False,1,"[{""id"": ""obstacle_0"", ""kind"": ""static_obstacle"", ""x"": 50.0, ""y"": 50.0, ""radius"": 5.0}]"
safety_margin_confidence,40,8.0,3,24.465,23.96,90.0,86.0,50.0,50.0,,,false_negative+confidence_error,,trust_weighted_fusion,move,confidence,0.0,0.0,,0,0,90.243,9.369,31.471,uav_2,9.369,False,False,False,False,False,1,"[{""id"": ""obstacle_0"", ""kind"": ""static_obstacle"", ""x"": 50.0, ""y"": 50.0, ""radius"": 5.0}]"
safety_margin_confidence,41,8.2,0,14.632,14.199,94.0,90.0,50.0,50.0,,,position_noise+confidence_error,,trust_weighted_fusion,move,confidence,1.726,0.22599999999999998,,3,0,109.75,8.693,45.325,uav_2,8.693,False,False,False,False,False,1,"[{""id"": ""obstacle_0"", ""kind"": ""static_obstacle"", ""x"": 50.0, ""y"": 50.0, ""radius"": 5.0}]"
safety_margin_confidence,41,8.2,1,14.886,24.188,90.0,94.0,50.0,50.0,,,position_noise+confidence_error,,trust_weighted_fusion,move,confidence,2.086,0.5859999999999999,,3,0,102.546,9.797,38.58,uav_3,9.797,False,False,False,False,False,1,"[{""id"": ""obstacle_0"", ""kind"": ""static_obstacle"", ""x"": 50.0, ""y"": 50.0, ""radius"": 5.0}]"
safety_margin_confidence,41,8.2,2,23.294,14.929,86.0,90.0,50.0,50.0,,,position_noise+confidence_error,,trust_weighted_fusion,move,confidence,1.796,0.29600000000000004,,3,0,97.814,8.693,39.081,uav_0,8.693,False,False,False,False,False,1,"[{""id"": ""obstacle_0"", ""kind"": ""static_obstacle"", ""x"": 50.0, ""y"": 50.0, ""radius"": 5.0}]"
safety_margin_confidence,41,8.2,3,24.683,24.166,90.0,86.0,50.0,50.0,,,false_negative+position_noise+confidence_error,,trust_weighted_fusion,move,confidence,1.988,0.488,,2,0,89.943,9.341,31.171,uav_2,9.341,False,False,False,False,False,1,"[{""id"": ""obstacle_0"", ""kind"": ""static_obstacle"", ""x"": 50.0, ""y"": 50.0, ""radius"": 5.0}]"
safety_margin_confidence,42,8.4,0,14.875,14.431,94.0,90.0,50.0,50.0,,,false_negative+position_noise+confidence_error,,trust_weighted_fusion,move,confidence,1.266,0.0,,1,0,109.413,8.712,44.989,uav_2,8.712,False,False,False,False,False,1,"[{""id"": ""obstacle_0"", ""kind"": ""static_obstacle"", ""x"": 50.0, ""y"": 50.0, ""radius"": 5.0}]"
safety_margin_confidence,42,8.4,1,15.179,24.461,90.0,94.0,50.0,50.0,,,dropout+confidence_error,,trust_weighted_fusion,move,confidence,0.0,0.0,,0,0,102.146,9.735,38.183,uav_3,9.735,False,False,False,False,False,1,"[{""id"": ""obstacle_0"", ""kind"": ""static_obstacle"", ""x"": 50.0, ""y"": 50.0, ""radius"": 5.0}]"
safety_margin_confidence,42,8.4,2,23.55,15.236,86.0,90.0,50.0,50.0,,,false_negative+confidence_error,,trust_weighted_fusion,move,confidence,0.0,0.0,,0,0,97.414,8.712,38.682,uav_0,8.712,False,False,False,False,False,1,"[{""id"": ""obstacle_0"", ""kind"": ""static_obstacle"", ""x"": 50.0, ""y"": 50.0, ""radius"": 5.0}]"
safety_margin_confidence,42,8.4,3,24.913,24.385,90.0,86.0,50.0,50.0,,,false_negative+position_noise+confidence_error,,trust_weighted_fusion,move,confidence,1.654,0.15399999999999991,,2,0,89.626,9.249,30.854,uav_2,9.249,False,False,False,False,False,1,"[{""id"": ""obstacle_0"", ""kind"": ""static_obstacle"", ""x"": 50.0, ""y"": 50.0, ""radius"": 5.0}]"
safety_margin_confidence,43,8.6,0,15.142,14.686,94.0,90.0,50.0,50.0,,,false_negative+position_noise+confidence_error,,trust_weighted_fusion,move,confidence,0.624,0.0,,1,0,109.045,8.687,44.62,uav_2,8.687,False,False,False,False,False,1,"[{""id"": ""obstacle_0"", ""kind"": ""static_obstacle"", ""x"": 50.0, ""y"": 50.0, ""radius"": 5.0}]"
safety_margin_confidence,43,8.6,1,15.472,24.733,90.0,94.0,50.0,50.0,,,dropout+confidence_error,,trust_weighted_fusion,move,confidence,0.0,0.0,,0,0,101.746,9.666,37.786,uav_3,9.666,False,False,False,False,False,1,"[{""id"": ""obstacle_0"", ""kind"": ""static_obstacle"", ""x"": 50.0, ""y"": 50.0, ""radius"": 5.0}]"
safety_margin_confidence,43,8.6,2,23.789,15.522,86.0,90.0,50.0,50.0,,,false_negative+position_noise+confidence_error,,trust_weighted_fusion,move,confidence,0.566,0.0,,1,0,97.043,8.687,38.311,uav_0,8.687,False,False,False,False,False,1,"[{""id"": ""obstacle_0"", ""kind"": ""static_obstacle"", ""x"": 50.0, ""y"": 50.0, ""radius"": 5.0}]"
safety_margin_confidence,43,8.6,3,25.138,24.597,90.0,86.0,50.0,50.0,,,false_negative+position_noise+confidence_error,,trust_weighted_fusion,move,confidence,1.824,0.32400000000000007,,2,0,89.317,9.175,30.545,uav_2,9.175,False,False,False,False,False,1,"[{""id"": ""obstacle_0"", ""kind"": ""static_obstacle"", ""x"": 50.0, ""y"": 50.0, ""radius"": 5.0}]"
safety_margin_confidence,44,8.8,0,15.378,14.912,94.0,90.0,50.0,50.0,,,false_negative+position_noise+confidence_error,,trust_weighted_fusion,move,confidence,1.474,0.0,,2,0,108.718,8.626,44.294,uav_2,8.626,False,False,False,False,False,1,"[{""id"": ""obstacle_0"", ""kind"": ""static_obstacle"", ""x"": 50.0, ""y"": 50.0, ""radius"": 5.0}]"
safety_margin_confidence,44,8.8,1,15.765,25.005,90.0,94.0,50.0,50.0,,,dropout+confidence_error,,trust_weighted_fusion,move,confidence,0.0,0.0,,0,0,101.346,9.594,37.388,uav_3,9.594,False,False,False,False,False,1,"[{""id"": ""obstacle_0"", ""kind"": ""static_obstacle"", ""x"": 50.0, ""y"": 50.0, ""radius"": 5.0}]"
safety_margin_confidence,44,8.8,2,23.965,15.733,86.0,90.0,50.0,50.0,,,false_negative+position_noise+confidence_error,,trust_weighted_fusion,move,confidence,2.5,1.0,,2,0,96.768,8.626,38.036,uav_0,8.626,False,False,False,False,False,1,"[{""id"": ""obstacle_0"", ""kind"": ""static_obstacle"", ""x"": 50.0, ""y"": 50.0, ""radius"": 5.0}]"
safety_margin_confidence,44,8.8,3,25.357,24.804,90.0,86.0,50.0,50.0,,,false_negative+position_noise+confidence_error,,trust_weighted_fusion,move,confidence,1.97,0.47,,2,0,89.015,9.178,30.244,uav_2,9.178,False,False,False,False,False,1,"[{""id"": ""obstacle_0"", ""kind"": ""static_obstacle"", ""x"": 50.0, ""y"": 50.0, ""radius"": 5.0}]"
safety_margin_confidence,45,9.0,0,15.583,15.108,94.0,90.0,50.0,50.0,,,position_noise+confidence_error,,trust_weighted_fusion,move,confidence,2.324,0.8239999999999998,,3,0,108.435,8.648,44.01,uav_2,8.648,False,False,False,False,False,1,"[{""id"": ""obstacle_0"", ""kind"": ""static_obstacle"", ""x"": 50.0, ""y"": 50.0, ""radius"": 5.0}]"
safety_margin_confidence,45,9.0,1,16.058,25.277,90.0,94.0,50.0,50.0,,,dropout+confidence_error,,trust_weighted_fusion,move,confidence,0.0,0.0,,0,0,100.946,9.558,36.991,uav_3,9.558,False,False,False,False,False,1,"[{""id"": ""obstacle_0"", ""kind"": ""static_obstacle"", ""x"": 50.0, ""y"": 50.0, ""radius"": 5.0}]"
safety_margin_confidence,45,9.0,2,24.186,15.997,86.0,90.0,50.0,50.0,,,false_negative+position_noise+confidence_error,,trust_weighted_fusion,move,confidence,1.106,0.0,,2,0,96.423,8.648,37.691,uav_0,8.648,False,False,False,False,False,1,"[{""id"": ""obstacle_0"", ""kind"": ""static_obstacle"", ""x"": 50.0, ""y"": 50.0, ""radius"": 5.0}]"
safety_margin_confidence,45,9.0,3,25.613,25.047,90.0,86.0,50.0,50.0,,,false_negative+position_noise+confidence_error,,trust_weighted_fusion,move,confidence,0.928,0.0,,1,0,88.662,9.162,29.891,uav_2,9.162,False,False,False,False,False,1,"[{""id"": ""obstacle_0"", ""kind"": ""static_obstacle"", ""x"": 50.0, ""y"": 50.0, ""radius"": 5.0}]"
safety_margin_confidence,46,9.2,0,15.813,15.327,94.0,90.0,50.0,50.0,,,false_negative+position_noise+confidence_error,,trust_weighted_fusion,move,confidence,1.654,0.15399999999999991,,2,0,108.117,8.685,43.693,uav_2,8.685,False,False,False,False,False,1,"[{""id"": ""obstacle_0"", ""kind"": ""static_obstacle"", ""x"": 50.0, ""y"": 50.0, ""radius"": 5.0}]"
safety_margin_confidence,46,9.2,1,16.351,25.55,90.0,94.0,50.0,50.0,,,dropout+confidence_error,,trust_weighted_fusion,move,confidence,0.0,0.0,,0,0,100.546,9.497,36.594,uav_3,9.497,False,False,False,False,False,1,"[{""id"": ""obstacle_0"", ""kind"": ""static_obstacle"", ""x"": 50.0, ""y"": 50.0, ""radius"": 5.0}]"
safety_margin_confidence,46,9.2,2,24.442,16.304,86.0,90.0,50.0,50.0,,,dropout+confidence_error,,trust_weighted_fusion,move,confidence,0.0,0.0,,0,0,96.023,8.685,37.292,uav_0,8.685,False,False,False,False,False,1,"[{""id"": ""obstacle_0"", ""kind"": ""static_obstacle"", ""x"": 50.0, ""y"": 50.0, ""radius"": 5.0}]"
safety_margin_confidence,46,9.2,3,25.844,25.265,90.0,86.0,50.0,50.0,,,false_negative+position_noise+confidence_error,,trust_weighted_fusion,move,confidence,1.652,0.1519999999999999,,2,0,88.344,9.07,29.573,uav_2,9.07,False,False,False,False,False,1,"[{""id"": ""obstacle_0"", ""kind"": ""static_obstacle"", ""x"": 50.0, ""y"": 50.0, ""radius"": 5.0}]"
safety_margin_confidence,47,9.4,0,16.022,15.526,94.0,90.0,50.0,50.0,,,false_negative+position_noise+confidence_error,,trust_weighted_fusion,move,confidence,2.222,0.722,,1,0,107.828,8.745,43.404,uav_2,8.745,False,False,False,False,False,1,"[{""id"": ""obstacle_0"", ""kind"": ""static_obstacle"", ""x"": 50.0, ""y"": 50.0, ""radius"": 5.0}]"
safety_margin_confidence,47,9.4,1,16.586,25.768,90.0,94.0,50.0,50.0,,,false_negative+position_noise+confidence_error,,trust_weighted_fusion,move,confidence,1.58,0.08000000000000007,,1,0,100.225,9.503,36.275,uav_3,9.503,False,False,False,False,False,1,"[{""id"": ""obstacle_0"", ""kind"": ""static_obstacle"", ""x"": 50.0, ""y"": 50.0, ""radius"": 5.0}]"
safety_margin_confidence,47,9.4,2,24.699,16.611,86.0,90.0,50.0,50.0,,,dropout+confidence_error,,trust_weighted_fusion,move,confidence,0.0,0.0,,0,0,95.623,8.745,36.892,uav_0,8.745,False,False,False,False,False,1,"[{""id"": ""obstacle_0"", ""kind"": ""static_obstacle"", ""x"": 50.0, ""y"": 50.0, ""radius"": 5.0}]"
safety_margin_confidence,47,9.4,3,26.085,25.494,90.0,86.0,50.0,50.0,,,false_negative+position_noise+confidence_error,,trust_weighted_fusion,move,confidence,1.344,0.0,,1,0,88.011,8.991,29.241,uav_2,8.991,False,False,False,False,False,1,"[{""id"": ""obstacle_0"", ""kind"": ""static_obstacle"", ""x"": 50.0, ""y"": 50.0, ""radius"": 5.0}]"
safety_margin_confidence,48,9.6,0,16.255,15.749,94.0,90.0,50.0,50.0,,,position_noise+confidence_error,,trust_weighted_fusion,move,confidence,1.556,0.05600000000000005,,3,0,107.506,8.779,43.082,uav_2,8.779,False,False,False,False,False,1,"[{""id"": ""obstacle_0"", ""kind"": ""static_obstacle"", ""x"": 50.0, ""y"": 50.0, ""radius"": 5.0}]"
safety_margin_confidence,48,9.6,1,16.805,25.971,90.0,94.0,50.0,50.0,,,false_negative+position_noise+confidence_error,,trust_weighted_fusion,move,confidence,2.038,0.5379999999999998,,2,0,99.927,9.508,35.979,uav_3,9.508,False,False,False,False,False,1,"[{""id"": ""obstacle_0"", ""kind"": ""static_obstacle"", ""x"": 50.0, ""y"": 50.0, ""radius"": 5.0}]"
safety_margin_confidence,48,9.6,2,24.955,16.918,86.0,90.0,50.0,50.0,,,dropout+confidence_error,,trust_weighted_fusion,move,confidence,0.0,0.0,,0,0,95.223,8.779,36.493,uav_0,8.779,False,False,False,False,False,1,"[{""id"": ""obstacle_0"", ""kind"": ""static_obstacle"", ""x"": 50.0, ""y"": 50.0, ""radius"": 5.0}]"
safety_margin_confidence,48,9.6,3,26.308,25.705,90.0,86.0,50.0,50.0,,,position_noise+confidence_error,,trust_weighted_fusion,move,confidence,1.862,0.3620000000000001,,3,0,87.705,8.891,28.934,uav_2,8.891,False,False,False,False,False,1,"[{""id"": ""obstacle_0"", ""kind"": ""static_obstacle"", ""x"": 50.0, ""y"": 50.0, ""radius"": 5.0}]"
safety_margin_confidence,49,9.8,0,16.485,15.969,94.0,90.0,50.0,50.0,,,position_noise+confidence_error,,trust_weighted_fusion,move,confidence,1.616,0.1160000000000001,,3,0,107.187,8.816,42.763,uav_2,8.816,False,False,False,False,False,1,"[{""id"": ""obstacle_0"", ""kind"": ""static_obstacle"", ""x"": 50.0, ""y"": 50.0, ""radius"": 5.0}]"
safety_margin_confidence,49,9.8,1,17.031,26.181,90.0,94.0,50.0,50.0,,,false_negative+position_noise+confidence_error,,trust_weighted_fusion,move,confidence,1.828,0.32800000000000007,,1,0,99.619,9.501,35.673,uav_3,9.501,False,False,False,False,False,1,"[{""id"": ""obstacle_0"", ""kind"": ""static_obstacle"", ""x"": 50.0, ""y"": 50.0, ""radius"": 5.0}]"
safety_margin_confidence,49,9.8,2,25.212,17.225,86.0,90.0,50.0,50.0,,,dropout+confidence_error,,trust_weighted_fusion,move,confidence,0.0,0.0,,0,0,94.823,8.786,36.093,uav_3,8.786,False,False,False,False,False,1,"[{""id"": ""obstacle_0"", ""kind"": ""static_obstacle"", ""x"": 50.0, ""y"": 50.0, ""radius"": 5.0}]"
safety_margin_confidence,49,9.8,3,26.527,25.913,90.0,86.0,50.0,50.0,,,position_noise+confidence_error,,trust_weighted_fusion,move,confidence,1.97,0.47,,3,0,87.403,8.786,28.633,uav_2,8.786,False,False,False,False,False,1,"[{""id"": ""obstacle_0"", ""kind"": ""static_obstacle"", ""x"": 50.0, ""y"": 50.0, ""radius"": 5.0}]"
safety_margin_confidence,50,10.0,0,16.718,16.191,94.0,90.0,50.0,50.0,,,false_negative+position_noise+confidence_error,,trust_weighted_fusion,move,confidence,1.58,0.08000000000000007,,1,0,106.866,8.853,42.442,uav_2,8.853,False,False,False,False,False,1,"[{""id"": ""obstacle_0"", ""kind"": ""static_obstacle"", ""x"": 50.0, ""y"": 50.0, ""radius"": 5.0}]"
safety_margin_confidence,50,10.0,1,17.264,26.398,90.0,94.0,50.0,50.0,,,position_noise+confidence_error,,trust_weighted_fusion,move,confidence,1.638,0.1379999999999999,,3,0,99.301,9.472,35.358,uav_3,9.472,False,False,False,False,False,1,"[{""id"": ""obstacle_0"", ""kind"": ""static_obstacle"", ""x"": 50.0, ""y"": 50.0, ""radius"": 5.0}]"
safety_margin_confidence,50,10.0,2,25.468,17.532,86.0,90.0,50.0,50.0,,,dropout+confidence_error,,trust_weighted_fusion,move,confidence,0.0,0.0,,0,0,94.423,8.666,35.694,uav_3,8.666,False,False,False,False,False,1,"[{""id"": ""obstacle_0"", ""kind"": ""static_obstacle"", ""x"": 50.0, ""y"": 50.0, ""radius"": 5.0}]"
safety_margin_confidence,50,10.0,3,26.731,26.105,90.0,86.0,50.0,50.0,,,position_noise+confidence_error,,trust_weighted_fusion,move,confidence,2.386,0.8860000000000001,,3,0,87.122,8.666,28.352,uav_2,8.666,False,False,False,False,False,1,"[{""id"": ""obstacle_0"", ""kind"": ""static_obstacle"", ""x"": 50.0, ""y"": 50.0, ""radius"": 5.0}]"
safety_margin_confidence,51,10.2,0,16.918,16.383,94.0,90.0,50.0,50.0,,,false_negative+position_noise+confidence_error,,trust_weighted_fusion,move,confidence,2.452,0.952,,2,0,106.589,8.849,42.165,uav_2,8.849,False,False,False,False,False,1,"[{""id"": ""obstacle_0"", ""kind"": ""static_obstacle"", ""x"": 50.0, ""y"": 50.0, ""radius"": 5.0}]"
safety_margin_confidence,51,10.2,1,17.489,26.608,90.0,94.0,50.0,50.0,,,false_negative+position_noise+confidence_error,,trust_weighted_fusion,move,confidence,1.84,0.3400000000000001,,1,0,98.993,9.535,35.052,uav_3,9.535,False,False,False,False,False,1,"[{""id"": ""obstacle_0"", ""kind"": ""static_obstacle"", ""x"": 50.0, ""y"": 50.0, ""radius"": 5.0}]"
safety_margin_confidence,51,10.2,2,25.659,17.761,86.0,90.0,50.0,50.0,,,false_negative+position_noise+confidence_error,,trust_weighted_fusion,move,confidence,2.048,0.548,,2,0,94.125,8.727,35.397,uav_3,8.727,False,False,False,False,False,1,"[{""id"": ""obstacle_0"", ""kind"": ""static_obstacle"", ""x"": 50.0, ""y"": 50.0, ""radius"": 5.0}]"
safety_margin_confidence,51,10.2,3,27.022,26.38,90.0,86.0,50.0,50.0,,,false_negative+confidence_error,,trust_weighted_fusion,move,confidence,0.0,0.0,,0,0,86.722,8.727,27.953,uav_2,8.727,False,False,False,False,False,1,"[{""id"": ""obstacle_0"", ""kind"": ""static_obstacle"", ""x"": 50.0, ""y"": 50.0, ""radius"": 5.0}]"
safety_margin_confidence,52,10.4,0,17.136,16.591,94.0,90.0,50.0,50.0,,,position_noise+confidence_error,,trust_weighted_fusion,move,confidence,1.964,0.46399999999999997,,3,0,106.287,8.826,41.863,uav_2,8.826,False,False,False,False,False,1,"[{""id"": ""obstacle_0"", ""kind"": ""static_obstacle"", ""x"": 50.0, ""y"": 50.0, ""radius"": 5.0}]"
safety_margin_confidence,52,10.4,1,17.724,26.825,90.0,94.0,50.0,50.0,,,false_negative+position_noise+confidence_error,,trust_weighted_fusion,move,confidence,1.602,0.10200000000000009,,2,0,98.673,9.531,34.735,uav_3,9.531,False,False,False,False,False,1,"[{""id"": ""obstacle_0"", ""kind"": ""static_obstacle"", ""x"": 50.0, ""y"": 50.0, ""radius"": 5.0}]"
safety_margin_confidence,52,10.4,2,25.851,17.99,86.0,90.0,50.0,50.0,,,false_negative+position_noise+confidence_error,,trust_weighted_fusion,move,confidence,2.016,0.516,,2,0,93.826,8.722,35.098,uav_3,8.722,False,False,False,False,False,1,"[{""id"": ""obstacle_0"", ""kind"": ""static_obstacle"", ""x"": 50.0, ""y"": 50.0, ""radius"": 5.0}]"
safety_margin_confidence,52,10.4,3,27.252,26.599,90.0,86.0,50.0,50.0,,,false_negative+position_noise+confidence_error,,trust_weighted_fusion,move,confidence,1.654,0.15399999999999991,,2,0,86.405,8.722,27.636,uav_2,8.722,False,False,False,False,False,1,"[{""id"": ""obstacle_0"", ""kind"": ""static_obstacle"", ""x"": 50.0, ""y"": 50.0, ""radius"": 5.0}]"
safety_margin_confidence,53,10.6,0,17.365,16.809,94.0,90.0,50.0,50.0,,,false_negative+position_noise+confidence_error,,trust_weighted_fusion,move,confidence,1.674,0.17399999999999993,,2,0,105.97,8.797,41.547,uav_2,8.797,False,False,False,False,False,1,"[{""id"": ""obstacle_0"", ""kind"": ""static_obstacle"", ""x"": 50.0, ""y"": 50.0, ""radius"": 5.0}]"
safety_margin_confidence,53,10.6,1,17.93,27.017,90.0,94.0,50.0,50.0,,,position_noise+confidence_error,,trust_weighted_fusion,move,confidence,2.366,0.8660000000000001,,3,0,98.391,9.567,34.455,uav_3,9.567,False,False,False,False,False,1,"[{""id"": ""obstacle_0"", ""kind"": ""static_obstacle"", ""x"": 50.0, ""y"": 50.0, ""radius"": 5.0}]"
safety_margin_confidence,53,10.6,2,26.048,18.226,86.0,90.0,50.0,50.0,,,false_negative+position_noise+confidence_error,,trust_weighted_fusion,move,confidence,1.85,0.3500000000000001,,2,0,93.519,8.724,34.791,uav_3,8.724,False,False,False,False,False,1,"[{""id"": ""obstacle_0"", ""kind"": ""static_obstacle"", ""x"": 50.0, ""y"": 50.0, ""radius"": 5.0}]"
safety_margin_confidence,53,10.6,3,27.495,26.829,90.0,86.0,50.0,50.0,,,false_negative+position_noise+confidence_error,,trust_weighted_fusion,move,confidence,1.304,0.0,,1,0,86.07,8.724,27.301,uav_2,8.724,False,False,False,False,False,1,"[{""id"": ""obstacle_0"", ""kind"": ""static_obstacle"", ""x"": 50.0, ""y"": 50.0, ""radius"": 5.0}]"
safety_margin_confidence,54,10.8,0,17.598,17.032,94.0,90.0,50.0,50.0,,,position_noise+confidence_error,,trust_weighted_fusion,move,confidence,1.566,0.06600000000000006,,3,0,105.649,8.763,41.226,uav_2,8.763,False,False,False,False,False,1,"[{""id"": ""obstacle_0"", ""kind"": ""static_obstacle"", ""x"": 50.0, ""y"": 50.0, ""radius"": 5.0}]"
safety_margin_confidence,54,10.8,1,18.15,27.222,90.0,94.0,50.0,50.0,,,false_negative+position_noise+confidence_error,,trust_weighted_fusion,move,confidence,1.986,0.486,,1,0,98.09,9.577,34.157,uav_3,9.577,False,False,False,False,False,1,"[{""id"": ""obstacle_0"", ""kind"": ""static_obstacle"", ""x"": 50.0, ""y"": 50.0, ""radius"": 5.0}]"
safety_margin_confidence,54,10.8,2,26.244,18.461,86.0,90.0,50.0,50.0,,,false_negative+position_noise+confidence_error,,trust_weighted_fusion,move,confidence,1.882,0.3819999999999999,,1,0,93.213,8.713,34.485,uav_3,8.713,False,False,False,False,False,1,"[{""id"": ""obstacle_0"", ""kind"": ""static_obstacle"", ""x"": 50.0, ""y"": 50.0, ""radius"": 5.0}]"
safety_margin_confidence,54,10.8,3,27.725,27.047,90.0,86.0,50.0,50.0,,,false_negative+position_noise+confidence_error,,trust_weighted_fusion,move,confidence,1.658,0.15799999999999992,,2,0,85.753,8.713,26.984,uav_2,8.713,False,False,False,False,False,1,"[{""id"": ""obstacle_0"", ""kind"": ""static_obstacle"", ""x"": 50.0, ""y"": 50.0, ""radius"": 5.0}]"
safety_margin_confidence,55,11.0,0,17.829,17.253,94.0,90.0,50.0,50.0,,,false_negative+position_noise+confidence_error,,trust_weighted_fusion,move,confidence,1.6,0.10000000000000009,,1,0,105.329,8.777,40.906,uav_2,8.777,False,False,False,False,False,1,"[{""id"": ""obstacle_0"", ""kind"": ""static_obstacle"", ""x"": 50.0, ""y"": 50.0, ""radius"": 5.0}]"
safety_margin_confidence,55,11.0,1,18.38,27.435,90.0,94.0,50.0,50.0,,,false_negative+position_noise+confidence_error,,trust_weighted_fusion,move,confidence,1.732,0.23199999999999998,,2,0,97.777,9.565,33.846,uav_3,9.565,False,False,False,False,False,1,"[{""id"": ""obstacle_0"", ""kind"": ""static_obstacle"", ""x"": 50.0, ""y"": 50.0, ""radius"": 5.0}]"
safety_margin_confidence,55,11.0,2,26.479,18.743,86.0,90.0,50.0,50.0,,,false_negative+position_noise+confidence_error,,trust_weighted_fusion,move,confidence,0.66,0.0,,1,0,92.846,8.635,34.119,uav_3,8.635,False,False,False,False,False,1,"[{""id"": ""obstacle_0"", ""kind"": ""static_obstacle"", ""x"": 50.0, ""y"": 50.0, ""radius"": 5.0}]"
safety_margin_confidence,55,11.0,3,27.943,27.253,90.0,86.0,50.0,50.0,,,false_negative+position_noise+confidence_error,,trust_weighted_fusion,move,confidence,2.004,0.504,,2,0,85.453,8.635,26.685,uav_2,8.635,False,False,False,False,False,1,"[{""id"": ""obstacle_0"", ""kind"": ""static_obstacle"", ""x"": 50.0, ""y"": 50.0, ""radius"": 5.0}]"
safety_margin_confidence,56,11.2,0,18.04,17.454,94.0,90.0,50.0,50.0,,,false_negative+position_noise+confidence_error,,trust_weighted_fusion,move,confidence,2.164,0.6640000000000001,,2,0,105.037,8.799,40.614,uav_2,8.799,False,False,False,False,False,1,"[{""id"": ""obstacle_0"", ""kind"": ""static_obstacle"", ""x"": 50.0, ""y"": 50.0, ""radius"": 5.0}]"
safety_margin_confidence,56,11.2,1,18.637,27.675,90.0,94.0,50.0,50.0,,,false_negative+position_noise+confidence_error,,trust_weighted_fusion,move,confidence,0.962,0.0,,2,0,97.425,9.521,33.497,uav_3,9.521,False,False,False,False,False,1,"[{""id"": ""obstacle_0"", ""kind"": ""static_obstacle"", ""x"": 50.0, ""y"": 50.0, ""radius"": 5.0}]"
safety_margin_confidence,56,11.2,2,26.701,19.008,86.0,90.0,50.0,50.0,,,false_negative+position_noise+confidence_error,,trust_weighted_fusion,move,confidence,1.082,0.0,,1,0,92.5,8.571,33.773,uav_3,8.571,False,False,False,False,False,1,"[{""id"": ""obstacle_0"", ""kind"": ""static_obstacle"", ""x"": 50.0, ""y"": 50.0, ""radius"": 5.0}]"
safety_margin_confidence,56,11.2,3,28.156,27.454,90.0,86.0,50.0,50.0,,,false_negative+position_noise+confidence_error,,trust_weighted_fusion,move,confidence,2.136,0.6360000000000001,,1,0,85.16,8.571,26.392,uav_2,8.571,False,False,False,False,False,1,"[{""id"": ""obstacle_0"", ""kind"": ""static_obstacle"", ""x"": 50.0, ""y"": 50.0, ""radius"": 5.0}]"
safety_margin_confidence,57,11.4,0,18.264,17.667,94.0,90.0,50.0,50.0,,,position_noise+confidence_error,,trust_weighted_fusion,move,confidence,1.824,0.32400000000000007,,3,0,104.728,8.774,40.306,uav_2,8.774,False,False,False,False,False,1,"[{""id"": ""obstacle_0"", ""kind"": ""static_obstacle"", ""x"": 50.0, ""y"": 50.0, ""radius"": 5.0}]"
safety_margin_confidence,57,11.4,1,18.862,27.883,90.0,94.0,50.0,50.0,,,false_negative+position_noise+confidence_error,,trust_weighted_fusion,move,confidence,1.878,0.3779999999999999,,2,0,97.119,9.586,33.194,uav_3,9.586,False,False,False,False,False,1,"[{""id"": ""obstacle_0"", ""kind"": ""static_obstacle"", ""x"": 50.0, ""y"": 50.0, ""radius"": 5.0}]"
safety_margin_confidence,57,11.4,2,26.895,19.241,86.0,90.0,50.0,50.0,,,position_noise+confidence_error,,trust_weighted_fusion,move,confidence,1.934,0.43399999999999994,,3,0,92.197,8.629,33.47,uav_3,8.629,False,False,False,False,False,1,"[{""id"": ""obstacle_0"", ""kind"": ""static_obstacle"", ""x"": 50.0, ""y"": 50.0, ""radius"": 5.0}]"
safety_margin_confidence,57,11.4,3,28.447,27.729,90.0,86.0,50.0,50.0,,,false_negative+confidence_error,,trust_weighted_fusion,move,confidence,0.0,0.0,,0,0,84.76,8.629,25.992,uav_2,8.629,False,False,False,False,False,1,"[{""id"": ""obstacle_0"", ""kind"": ""static_obstacle"", ""x"": 50.0, ""y"": 50.0, ""radius"": 5.0}]"
safety_margin_confidence,58,11.6,0,18.486,17.88,94.0,90.0,50.0,50.0,,,false_negative+position_noise+confidence_error,,trust_weighted_fusion,move,confidence,1.858,0.3580000000000001,,2,0,104.421,8.744,39.999,uav_2,8.744,False,False,False,False,False,1,"[{""id"": ""obstacle_0"", ""kind"": ""static_obstacle"", ""x"": 50.0, ""y"": 50.0, ""radius"": 5.0}]"
safety_margin_confidence,58,11.6,1,19.155,28.155,90.0,94.0,50.0,50.0,,,false_negative+confidence_error,,trust_weighted_fusion,move,confidence,0.0,0.0,,0,0,96.719,9.519,32.797,uav_3,9.519,False,False,False,False,False,1,"[{""id"": ""obstacle_0"", ""kind"": ""static_obstacle"", ""x"": 50.0, ""y"": 50.0, ""radius"": 5.0}]"
safety_margin_confidence,58,11.6,2,27.084,19.467,86.0,90.0,50.0,50.0,,,false_negative+position_noise+confidence_error,,trust_weighted_fusion,move,confidence,2.114,0.6139999999999999,,1,0,91.902,8.622,33.176,uav_3,8.622,False,False,False,False,False,1,"[{""id"": ""obstacle_0"", ""kind"": ""static_obstacle"", ""x"": 50.0, ""y"": 50.0, ""radius"": 5.0}]"
safety_margin_confidence,58,11.6,3,28.671,27.942,90.0,86.0,50.0,50.0,,,false_negative+position_noise+confidence_error,,trust_weighted_fusion,move,confidence,1.826,0.32600000000000007,,1,0,84.451,8.622,25.684,uav_2,8.622,False,False,False,False,False,1,"[{""id"": ""obstacle_0"", ""kind"": ""static_obstacle"", ""x"": 50.0, ""y"": 50.0, ""radius"": 5.0}]"
safety_margin_confidence,59,11.8,0,18.699,18.083,94.0,90.0,50.0,50.0,,,false_negative+position_noise+confidence_error,,trust_weighted_fusion,move,confidence,2.106,0.6059999999999999,,2,0,104.126,8.771,39.704,uav_2,8.771,False,False,False,False,False,1,"[{""id"": ""obstacle_0"", ""kind"": ""static_obstacle"", ""x"": 50.0, ""y"": 50.0, ""radius"": 5.0}]"
safety_margin_confidence,59,11.8,1,19.392,28.377,90.0,94.0,50.0,50.0,,,false_negative+position_noise+confidence_error,,trust_weighted_fusion,move,confidence,1.506,0.006000000000000005,,2,0,96.394,9.512,32.475,uav_3,9.512,False,False,False,False,False,1,"[{""id"": ""obstacle_0"", ""kind"": ""static_obstacle"", ""x"": 50.0, ""y"": 50.0, ""radius"": 5.0}]"
safety_margin_confidence,59,11.8,2,27.312,19.739,86.0,90.0,50.0,50.0,,,false_negative+position_noise+confidence_error,,trust_weighted_fusion,move,confidence,0.894,0.0,,2,0,91.547,8.57,32.821,uav_3,8.57,False,False,False,False,False,1,"[{""id"": ""obstacle_0"", ""kind"": ""static_obstacle"", ""x"": 50.0, ""y"": 50.0, ""radius"": 5.0}]"
safety_margin_confidence,59,11.8,3,28.902,28.16,90.0,86.0,50.0,50.0,,,position_noise+confidence_error,,trust_weighted_fusion,move,confidence,1.64,0.1399999999999999,,3,0,84.133,8.57,25.366,uav_2,8.57,False,False,False,False,False,1,"[{""id"": ""obstacle_0"", ""kind"": ""static_obstacle"", ""x"": 50.0, ""y"": 50.0, ""radius"": 5.0}]"
safety_margin_confidence,60,12.0,0,18.925,18.299,94.0,90.0,50.0,50.0,,,position_noise+confidence_error,,trust_weighted_fusion,move,confidence,1.744,0.244,,3,0,103.814,8.77,39.391,uav_2,8.77,False,False,False,False,False,1,"[{""id"": ""obstacle_0"", ""kind"": ""static_obstacle"", ""x"": 50.0, ""y"": 50.0, ""radius"": 5.0}]"
safety_margin_confidence,60,12.0,1,19.641,28.607,90.0,94.0,50.0,50.0,,,false_negative+position_noise+confidence_error,,trust_weighted_fusion,move,confidence,1.222,0.0,,2,0,96.055,9.485,32.139,uav_3,9.485,False,False,False,False,False,1,"[{""id"": ""obstacle_0"", ""kind"": ""static_obstacle"", ""x"": 50.0, ""y"": 50.0, ""radius"": 5.0}]"
safety_margin_confidence,60,12.0,2,27.529,19.999,86.0,90.0,50.0,50.0,,,false_negative+position_noise+confidence_error,,trust_weighted_fusion,move,confidence,1.236,0.0,,2,0,91.209,8.521,32.484,uav_3,8.521,False,False,False,False,False,1,"[{""id"": ""obstacle_0"", ""kind"": ""static_obstacle"", ""x"": 50.0, ""y"": 50.0, ""radius"": 5.0}]"
safety_margin_confidence,60,12.0,3,29.123,28.37,90.0,86.0,50.0,50.0,,,position_noise+confidence_error,,trust_weighted_fusion,move,confidence,1.906,0.4059999999999999,,3,0,83.829,8.521,25.062,uav_2,8.521,False,False,False,False,False,1,"[{""id"": ""obstacle_0"", ""kind"": ""static_obstacle"", ""x"": 50.0, ""y"": 50.0, ""radius"": 5.0}]"
safety_margin_confidence,61,12.2,0,18.862,17.984,94.0,90.0,50.0,50.0,,,position_noise+confidence_error,,trust_weighted_fusion,avoidance,confidence,1.574,0.07400000000000007,,3,0,104.077,9.152,39.661,uav_2,9.152,False,False,False,False,False,1,"[{""id"": ""obstacle_0"", ""kind"": ""static_obstacle"", ""x"": 50.0, ""y"": 50.0, ""radius"": 5.0}]"
safety_margin_confidence,61,12.2,1,19.882,28.831,90.0,94.0,50.0,50.0,,,false_negative+position_noise+confidence_error,,trust_weighted_fusion,move,confidence,1.414,0.0,,1,0,95.726,9.475,31.813,uav_3,9.475,False,False,False,False,False,1,"[{""id"": ""obstacle_0"", ""kind"": ""static_obstacle"", ""x"": 50.0, ""y"": 50.0, ""radius"": 5.0}]"
safety_margin_confidence,61,12.2,2,27.731,20.242,86.0,90.0,50.0,50.0,,,false_negative+position_noise+confidence_error,,trust_weighted_fusion,move,confidence,1.678,0.17799999999999994,,2,0,90.893,8.503,32.168,uav_3,8.503,False,False,False,False,False,1,"[{""id"": ""obstacle_0"", ""kind"": ""static_obstacle"", ""x"": 50.0, ""y"": 50.0, ""radius"": 5.0}]"
safety_margin_confidence,61,12.2,3,29.354,28.588,90.0,86.0,50.0,50.0,,,false_negative+position_noise+confidence_error,,trust_weighted_fusion,move,confidence,1.644,0.1439999999999999,,2,0,83.511,8.503,24.744,uav_2,8.503,False,False,False,False,False,1,"[{""id"": ""obstacle_0"", ""kind"": ""static_obstacle"", ""x"": 50.0, ""y"": 50.0, ""radius"": 5.0}]"
safety_margin_confidence,62,12.4,0,19.079,18.192,94.0,90.0,50.0,50.0,,,false_negative+position_noise+confidence_error,,trust_weighted_fusion,move,confidence,1.986,0.486,,2,0,103.776,9.118,39.36,uav_2,9.118,False,False,False,False,False,1,"[{""id"": ""obstacle_0"", ""kind"": ""static_obstacle"", ""x"": 50.0, ""y"": 50.0, ""radius"": 5.0}]"
safety_margin_confidence,62,12.4,1,20.093,29.028,90.0,94.0,50.0,50.0,,,position_noise+confidence_error,,trust_weighted_fusion,move,confidence,2.238,0.738,,3,0,95.438,9.502,31.528,uav_3,9.502,False,False,False,False,False,1,"[{""id"": ""obstacle_0"", ""kind"": ""static_obstacle"", ""x"": 50.0, ""y"": 50.0, ""radius"": 5.0}]"
safety_margin_confidence,62,12.4,2,27.911,20.457,86.0,90.0,50.0,50.0,,,false_negative+position_noise+confidence_error,,trust_weighted_fusion,move,confidence,2.384,0.8839999999999999,,1,0,90.612,8.524,31.888,uav_3,8.524,False,False,False,False,False,1,"[{""id"": ""obstacle_0"", ""kind"": ""static_obstacle"", ""x"": 50.0, ""y"": 50.0, ""radius"": 5.0}]"
safety_margin_confidence,62,12.4,3,29.592,28.814,90.0,86.0,50.0,50.0,,,false_negative+position_noise+confidence_error,,trust_weighted_fusion,move,confidence,1.43,0.0,,2,0,83.182,8.524,24.416,uav_2,8.524,False,False,False,False,False,1,"[{""id"": ""obstacle_0"", ""kind"": ""static_obstacle"", ""x"": 50.0, ""y"": 50.0, ""radius"": 5.0}]"
safety_margin_confidence,63,12.6,0,19.285,18.389,94.0,90.0,50.0,50.0,,,false_negative+position_noise+confidence_error,,trust_weighted_fusion,move,confidence,2.316,0.8159999999999998,,1,0,103.492,9.15,39.076,uav_2,9.15,False,False,False,False,False,1,"[{""id"": ""obstacle_0"", ""kind"": ""static_obstacle"", ""x"": 50.0, ""y"": 50.0, ""radius"": 5.0}]"
safety_margin_confidence,63,12.6,1,20.294,29.215,90.0,94.0,50.0,50.0,,,position_noise+confidence_error,,trust_weighted_fusion,move,confidence,2.5,1.0,,3,0,95.163,9.536,31.255,uav_3,9.536,False,False,False,False,False,1,"[{""id"": ""obstacle_0"", ""kind"": ""static_obstacle"", ""x"": 50.0, ""y"": 50.0, ""radius"": 5.0}]"
safety_margin_confidence,63,12.6,2,28.132,20.722,86.0,90.0,50.0,50.0,,,false_negative+position_noise+confidence_error,,trust_weighted_fusion,move,confidence,1.106,0.0,,2,0,90.267,8.488,31.543,uav_3,8.488,False,False,False,False,False,1,"[{""id"": ""obstacle_0"", ""kind"": ""static_obstacle"", ""x"": 50.0, ""y"": 50.0, ""radius"": 5.0}]"
safety_margin_confidence,63,12.6,3,29.829,29.038,90.0,86.0,50.0,50.0,,,false_negative+position_noise+confidence_error,,trust_weighted_fusion,move,confidence,1.482,0.0,,2,0,82.857,8.488,24.091,uav_2,8.488,False,False,False,False,False,1,"[{""id"": ""obstacle_0"", ""kind"": ""static_obstacle"", ""x"": 50.0, ""y"": 50.0, ""radius"": 5.0}]"
safety_margin_confidence,64,12.8,0,19.506,18.601,94.0,90.0,50.0,50.0,,,position_noise+confidence_error,,trust_weighted_fusion,move,confidence,1.866,0.3660000000000001,,3,0,103.185,9.133,38.77,uav_2,9.133,False,False,False,False,False,1,"[{""id"": ""obstacle_0"", ""kind"": ""static_obstacle"", ""x"": 50.0, ""y"": 50.0, ""radius"": 5.0}]"
safety_margin_confidence,64,12.8,1,20.505,29.41,90.0,94.0,50.0,50.0,,,position_noise+confidence_error,,trust_weighted_fusion,move,confidence,2.258,0.758,,3,0,94.876,9.555,30.971,uav_3,9.555,False,False,False,False,False,1,"[{""id"": ""obstacle_0"", ""kind"": ""static_obstacle"", ""x"": 50.0, ""y"": 50.0, ""radius"": 5.0}]"
safety_margin_confidence,64,12.8,2,28.329,20.958,86.0,90.0,50.0,50.0,,,false_negative+position_noise+confidence_error,,trust_weighted_fusion,move,confidence,1.85,0.3500000000000001,,2,0,89.96,8.476,31.236,uav_3,8.476,False,False,False,False,False,1,"[{""id"": ""obstacle_0"", ""kind"": ""static_obstacle"", ""x"": 50.0, ""y"": 50.0, ""radius"": 5.0}]"
safety_margin_confidence,64,12.8,3,30.058,29.255,90.0,86.0,50.0,50.0,,,false_negative+position_noise+confidence_error,,trust_weighted_fusion,move,confidence,1.68,0.17999999999999994,,1,0,82.541,8.476,23.775,uav_2,8.476,False,False,False,False,False,1,"[{""id"": ""obstacle_0"", ""kind"": ""static_obstacle"", ""x"": 50.0, ""y"": 50.0, ""radius"": 5.0}]"
safety_margin_confidence,65,13.0,0,19.704,18.791,94.0,90.0,50.0,50.0,,,position_noise+confidence_error,,trust_weighted_fusion,move,confidence,2.5,1.0,,3,0,102.91,9.138,38.495,uav_2,9.138,False,False,False,False,False,1,"[{""id"": ""obstacle_0"", ""kind"": ""static_obstacle"", ""x"": 50.0, ""y"": 50.0, ""radius"": 5.0}]"
safety_margin_confidence,65,13.0,1,20.745,29.634,90.0,94.0,50.0,50.0,,,position_noise+confidence_error,,trust_weighted_fusion,move,confidence,1.426,0.0,,3,0,94.547,9.575,30.646,uav_3,9.575,False,False,False,False,False,1,"[{""id"": ""obstacle_0"", ""kind"": ""static_obstacle"", ""x"": 50.0, ""y"": 50.0, ""radius"": 5.0}]"
safety_margin_confidence,65,13.0,2,28.522,21.189,86.0,90.0,50.0,50.0,,,position_noise+confidence_error,,trust_weighted_fusion,move,confidence,1.98,0.48,,3,0,89.659,8.506,30.936,uav_3,8.506,False,False,False,False,False,1,"[{""id"": ""obstacle_0"", ""kind"": ""static_obstacle"", ""x"": 50.0, ""y"": 50.0, ""radius"": 5.0}]"
safety_margin_confidence,65,13.0,3,30.319,29.502,90.0,86.0,50.0,50.0,,,false_negative+position_noise+confidence_error,,trust_weighted_fusion,move,confidence,0.818,0.0,,1,0,82.181,8.506,23.416,uav_2,8.506,False,False,False,False,False,1,"[{""id"": ""obstacle_0"", ""kind"": ""static_obstacle"", ""x"": 50.0, ""y"": 50.0, ""radius"": 5.0}]"
safety_margin_confidence,66,13.2,0,19.943,19.02,94.0,90.0,50.0,50.0,,,position_noise+confidence_error,,trust_weighted_fusion,move,confidence,1.388,0.0,,2,0,102.58,9.079,38.164,uav_2,9.079,False,False,False,False,False,1,"[{""id"": ""obstacle_0"", ""kind"": ""static_obstacle"", ""x"": 50.0, ""y"": 50.0, ""radius"": 5.0}]"
safety_margin_confidence,66,13.2,1,20.976,29.848,90.0,94.0,50.0,50.0,,,false_negative+position_noise+confidence_error,,trust_weighted_fusion,move,confidence,1.716,0.21599999999999997,,1,0,94.233,9.581,30.334,uav_3,9.581,False,False,False,False,False,1,"[{""id"": ""obstacle_0"", ""kind"": ""static_obstacle"", ""x"": 50.0, ""y"": 50.0, ""radius"": 5.0}]"
safety_margin_confidence,66,13.2,2,28.703,21.405,86.0,90.0,50.0,50.0,,,false_negative+position_noise+confidence_error,,trust_weighted_fusion,move,confidence,2.358,0.8580000000000001,,1,0,89.377,8.525,30.654,uav_3,8.525,False,False,False,False,False,1,"[{""id"": ""obstacle_0"", ""kind"": ""static_obstacle"", ""x"": 50.0, ""y"": 50.0, ""radius"": 5.0}]"
safety_margin_confidence,66,13.2,3,30.556,29.726,90.0,86.0,50.0,50.0,,,false_negative+position_noise+confidence_error,,trust_weighted_fusion,move,confidence,1.488,0.0,,1,0,81.856,8.525,23.091,uav_2,8.525,False,False,False,False,False,1,"[{""id"": ""obstacle_0"", ""kind"": ""static_obstacle"", ""x"": 50.0, ""y"": 50.0, ""radius"": 5.0}]"
safety_margin_confidence,67,13.4,0,20.171,19.239,94.0,90.0,50.0,50.0,,,false_negative+position_noise+confidence_error,,trust_weighted_fusion,move,confidence,1.682,0.18199999999999994,,1,0,102.264,9.069,37.849,uav_2,9.069,False,False,False,False,False,1,"[{""id"": ""obstacle_0"", ""kind"": ""static_obstacle"", ""x"": 50.0, ""y"": 50.0, ""radius"": 5.0}]"
safety_margin_confidence,67,13.4,1,21.205,30.061,90.0,94.0,50.0,50.0,,,false_negative+position_noise+confidence_error,,trust_weighted_fusion,move,confidence,1.75,0.25,,2,0,93.92,9.565,30.025,uav_3,9.565,False,False,False,False,False,1,"[{""id"": ""obstacle_0"", ""kind"": ""static_obstacle"", ""x"": 50.0, ""y"": 50.0, ""radius"": 5.0}]"
safety_margin_confidence,67,13.4,2,28.912,21.655,86.0,90.0,50.0,50.0,,,false_negative+position_noise+confidence_error,,trust_weighted_fusion,move,confidence,1.48,0.0,,1,0,89.051,8.478,30.329,uav_3,8.478,False,False,False,False,False,1,"[{""id"": ""obstacle_0"", ""kind"": ""static_obstacle"", ""x"": 50.0, ""y"": 50.0, ""radius"": 5.0}]"
safety_margin_confidence,67,13.4,3,30.769,29.928,90.0,86.0,50.0,50.0,,,position_noise+confidence_error,,trust_weighted_fusion,move,confidence,2.13,0.6299999999999999,,2,0,81.562,8.478,22.798,uav_2,8.478,False,False,False,False,False,1,"[{""id"": ""obstacle_0"", ""kind"": ""static_obstacle"", ""x"": 50.0, ""y"": 50.0, ""radius"": 5.0}]"
safety_margin_confidence,68,13.6,0,20.412,19.47,94.0,90.0,50.0,50.0,,,false_negative+position_noise+confidence_error,,trust_weighted_fusion,move,confidence,1.322,0.0,,1,0,101.93,9.024,37.515,uav_2,9.024,False,False,False,False,False,1,"[{""id"": ""obstacle_0"", ""kind"": ""static_obstacle"", ""x"": 50.0, ""y"": 50.0, ""radius"": 5.0}]"
safety_margin_confidence,68,13.6,1,21.43,30.27,90.0,94.0,50.0,50.0,,,false_negative+position_noise+confidence_error,,trust_weighted_fusion,move,confidence,1.842,0.3420000000000001,,2,0,93.613,9.567,29.72,uav_3,9.567,False,False,False,False,False,1,"[{""id"": ""obstacle_0"", ""kind"": ""static_obstacle"", ""x"": 50.0, ""y"": 50.0, ""radius"": 5.0}]"
safety_margin_confidence,68,13.6,2,29.106,21.888,86.0,90.0,50.0,50.0,,,position_noise+confidence_error,,trust_weighted_fusion,move,confidence,1.942,0.44199999999999995,,3,0,88.748,8.469,30.026,uav_3,8.469,False,False,False,False,False,1,"[{""id"": ""obstacle_0"", ""kind"": ""static_obstacle"", ""x"": 50.0, ""y"": 50.0, ""radius"": 5.0}]"
safety_margin_confidence,68,13.6,3,30.996,30.143,90.0,86.0,50.0,50.0,,,position_noise+confidence_error,,trust_weighted_fusion,move,confidence,1.742,0.242,,2,0,81.249,8.469,22.485,uav_2,8.469,False,False,False,False,False,1,"[{""id"": ""obstacle_0"", ""kind"": ""static_obstacle"", ""x"": 50.0, ""y"": 50.0, ""radius"": 5.0}]"
safety_margin_confidence,69,13.8,0,20.616,19.665,94.0,90.0,50.0,50.0,,,position_noise+confidence_error,,trust_weighted_fusion,move,confidence,2.36,0.8599999999999999,,2,0,101.648,9.038,37.233,uav_2,9.038,False,False,False,False,False,1,"[{""id"": ""obstacle_0"", ""kind"": ""static_obstacle"", ""x"": 50.0, ""y"": 50.0, ""radius"": 5.0}]"
safety_margin_confidence,69,13.8,1,21.654,30.478,90.0,94.0,50.0,50.0,,,false_negative+position_noise+confidence_error,,trust_weighted_fusion,move,confidence,1.898,0.3979999999999999,,2,0,93.307,9.586,29.418,uav_3,9.586,False,False,False,False,False,1,"[{""id"": ""obstacle_0"", ""kind"": ""static_obstacle"", ""x"": 50.0, ""y"": 50.0, ""radius"": 5.0}]"
safety_margin_confidence,69,13.8,2,29.31,22.132,86.0,90.0,50.0,50.0,,,false_negative+position_noise+confidence_error,,trust_weighted_fusion,move,confidence,1.64,0.1399999999999999,,1,0,88.43,8.464,29.709,uav_3,8.464,False,False,False,False,False,1,"[{""id"": ""obstacle_0"", ""kind"": ""static_obstacle"", ""x"": 50.0, ""y"": 50.0, ""radius"": 5.0}]"
safety_margin_confidence,69,13.8,3,31.239,30.373,90.0,86.0,50.0,50.0,,,false_negative+position_noise+confidence_error,,trust_weighted_fusion,move,confidence,1.316,0.0,,1,0,80.915,8.464,22.152,uav_2,8.464,False,False,False,False,False,1,"[{""id"": ""obstacle_0"", ""kind"": ""static_obstacle"", ""x"": 50.0, ""y"": 50.0, ""radius"": 5.0}]"
safety_margin_confidence,70,14.0,0,20.862,19.901,94.0,90.0,50.0,50.0,,,false_negative+position_noise+confidence_error,,trust_weighted_fusion,move,confidence,1.182,0.0,,1,0,101.307,8.985,36.893,uav_2,8.985,False,False,False,False,False,1,"[{""id"": ""obstacle_0"", ""kind"": ""static_obstacle"", ""x"": 50.0, ""y"": 50.0, ""radius"": 5.0}]"
safety_margin_confidence,70,14.0,1,21.874,30.683,90.0,94.0,50.0,50.0,,,position_noise+confidence_error,,trust_weighted_fusion,move,confidence,1.978,0.478,,3,0,93.006,9.655,29.121,uav_3,9.655,False,False,False,False,False,1,"[{""id"": ""obstacle_0"", ""kind"": ""static_obstacle"", ""x"": 50.0, ""y"": 50.0, ""radius"": 5.0}]"
safety_margin_confidence,70,14.0,2,29.503,22.363,86.0,90.0,50.0,50.0,,,position_noise+confidence_error,,trust_weighted_fusion,move,confidence,1.974,0.474,,3,0,88.128,8.529,29.408,uav_3,8.529,False,False,False,False,False,1,"[{""id"": ""obstacle_0"", ""kind"": ""static_obstacle"", ""x"": 50.0, ""y"": 50.0, ""radius"": 5.0}]"
safety_margin_confidence,70,14.0,3,31.529,30.648,90.0,86.0,50.0,50.0,,,false_negative+confidence_error,,trust_weighted_fusion,move,confidence,0.0,0.0,,0,0,80.515,8.529,21.752,uav_2,8.529,False,False,False,False,False,1,"[{""id"": ""obstacle_0"", ""kind"": ""static_obstacle"", ""x"": 50.0, ""y"": 50.0, ""radius"": 5.0}]"
safety_margin_confidence,71,14.2,0,21.077,20.107,94.0,90.0,50.0,50.0,,,position_noise+confidence_error,,trust_weighted_fusion,move,confidence,2.03,0.5299999999999998,,2,0,101.008,8.958,36.594,uav_2,8.958,False,False,False,False,False,1,"[{""id"": ""obstacle_0"", ""kind"": ""static_obstacle"", ""x"": 50.0, ""y"": 50.0, ""radius"": 5.0}]"
safety_margin_confidence,71,14.2,1,22.092,30.886,90.0,94.0,50.0,50.0,,,false_negative+position_noise+confidence_error,,trust_weighted_fusion,move,confidence,2.048,0.548,,2,0,92.709,9.704,28.826,uav_3,9.704,False,False,False,False,False,1,"[{""id"": ""obstacle_0"", ""kind"": ""static_obstacle"", ""x"": 50.0, ""y"": 50.0, ""radius"": 5.0}]"
safety_margin_confidence,71,14.2,2,29.687,22.583,86.0,90.0,50.0,50.0,,,false_negative+position_noise+confidence_error,,trust_weighted_fusion,move,confidence,2.276,0.7759999999999998,,2,0,87.842,8.581,29.122,uav_3,8.581,False,False,False,False,False,1,"[{""id"": ""obstacle_0"", ""kind"": ""static_obstacle"", ""x"": 50.0, ""y"": 50.0, ""radius"": 5.0}]"
safety_margin_confidence,71,14.2,3,31.796,30.901,90.0,86.0,50.0,50.0,,,false_negative+position_noise+confidence_error,,trust_weighted_fusion,move,confidence,0.642,0.0,,1,0,80.147,8.581,21.385,uav_2,8.581,False,False,False,False,False,1,"[{""id"": ""obstacle_0"", ""kind"": ""static_obstacle"", ""x"": 50.0, ""y"": 50.0, ""radius"": 5.0}]"
safety_margin_confidence,72,14.4,0,21.297,20.318,94.0,90.0,50.0,50.0,,,false_negative+position_noise+confidence_error,,trust_weighted_fusion,move,confidence,1.92,0.41999999999999993,,1,0,100.704,8.93,36.291,uav_2,8.93,False,False,False,False,False,1,"[{""id"": ""obstacle_0"", ""kind"": ""static_obstacle"", ""x"": 50.0, ""y"": 50.0, ""radius"": 5.0}]"
safety_margin_confidence,72,14.4,1,22.335,31.111,90.0,94.0,50.0,50.0,,,position_noise+confidence_error,,trust_weighted_fusion,move,confidence,1.368,0.0,,3,0,92.377,9.7,28.498,uav_3,9.7,False,False,False,False,False,1,"[{""id"": ""obstacle_0"", ""kind"": ""static_obstacle"", ""x"": 50.0, ""y"": 50.0, ""radius"": 5.0}]"
safety_margin_confidence,72,14.4,2,29.873,22.806,86.0,90.0,50.0,50.0,,,false_negative+position_noise+confidence_error,,trust_weighted_fusion,move,confidence,2.184,0.6840000000000002,,2,0,87.551,8.597,28.832,uav_3,8.597,False,False,False,False,False,1,"[{""id"": ""obstacle_0"", ""kind"": ""static_obstacle"", ""x"": 50.0, ""y"": 50.0, ""radius"": 5.0}]"
safety_margin_confidence,72,14.4,3,32.035,31.127,90.0,86.0,50.0,50.0,,,position_noise+confidence_error,,trust_weighted_fusion,move,confidence,1.418,0.0,,2,0,79.818,8.597,21.056,uav_2,8.597,False,False,False,False,False,1,"[{""id"": ""obstacle_0"", ""kind"": ""static_obstacle"", ""x"": 50.0, ""y"": 50.0, ""radius"": 5.0}]"
safety_margin_confidence,73,14.6,0,21.515,20.526,94.0,90.0,50.0,50.0,,,position_noise+confidence_error,,trust_weighted_fusion,move,confidence,1.97,0.47,,2,0,100.403,8.913,35.989,uav_2,8.913,False,False,False,False,False,1,"[{""id"": ""obstacle_0"", ""kind"": ""static_obstacle"", ""x"": 50.0, ""y"": 50.0, ""radius"": 5.0}]"
safety_margin_confidence,73,14.6,1,22.575,31.335,90.0,94.0,50.0,50.0,,,false_negative+position_noise+confidence_error,,trust_weighted_fusion,move,confidence,1.442,0.0,,1,0,92.049,9.698,28.174,uav_3,9.698,False,False,False,False,False,1,"[{""id"": ""obstacle_0"", ""kind"": ""static_obstacle"", ""x"": 50.0, ""y"": 50.0, ""radius"": 5.0}]"
safety_margin_confidence,73,14.6,2,30.067,23.038,86.0,90.0,50.0,50.0,,,false_negative+position_noise+confidence_error,,trust_weighted_fusion,move,confidence,1.96,0.45999999999999996,,2,0,87.249,8.602,28.531,uav_3,8.602,False,False,False,False,False,1,"[{""id"": ""obstacle_0"", ""kind"": ""static_obstacle"", ""x"": 50.0, ""y"": 50.0, ""radius"": 5.0}]"
safety_margin_confidence,73,14.6,3,32.273,31.352,90.0,86.0,50.0,50.0,,,position_noise+confidence_error,,trust_weighted_fusion,move,confidence,1.448,0.0,,2,0,79.491,8.602,20.729,uav_2,8.602,False,False,False,False,False,1,"[{""id"": ""obstacle_0"", ""kind"": ""static_obstacle"", ""x"": 50.0, ""y"": 50.0, ""radius"": 5.0}]"
safety_margin_confidence,74,14.8,0,21.764,20.765,94.0,90.0,50.0,50.0,,,false_negative+position_noise+confidence_error,,trust_weighted_fusion,move,confidence,1.084,0.0,,1,0,100.057,8.865,35.644,uav_2,8.865,False,False,False,False,False,1,"[{""id"": ""obstacle_0"", ""kind"": ""static_obstacle"", ""x"": 50.0, ""y"": 50.0, ""radius"": 5.0}]"
safety_margin_confidence,74,14.8,1,22.817,31.559,90.0,94.0,50.0,50.0,,,false_negative+position_noise+confidence_error,,trust_weighted_fusion,move,confidence,1.404,0.0,,1,0,91.719,9.711,27.848,uav_3,9.711,False,False,False,False,False,1,"[{""id"": ""obstacle_0"", ""kind"": ""static_obstacle"", ""x"": 50.0, ""y"": 50.0, ""radius"": 5.0}]"
safety_margin_confidence,74,14.8,2,30.266,23.276,86.0,90.0,50.0,50.0,,,false_negative+position_noise+confidence_error,,trust_weighted_fusion,move,confidence,1.786,0.28600000000000003,,2,0,86.939,8.619,28.22,uav_3,8.619,False,False,False,False,False,1,"[{""id"": ""obstacle_0"", ""kind"": ""static_obstacle"", ""x"": 50.0, ""y"": 50.0, ""radius"": 5.0}]"
safety_margin_confidence,74,14.8,3,32.528,31.593,90.0,86.0,50.0,50.0,,,false_negative+position_noise+confidence_error,,trust_weighted_fusion,move,confidence,0.988,0.0,,1,0,79.14,8.619,20.379,uav_2,8.619,False,False,False,False,False,1,"[{""id"": ""obstacle_0"", ""kind"": ""static_obstacle"", ""x"": 50.0, ""y"": 50.0, ""radius"": 5.0}]"
safety_margin_confidence,75,15.0,0,22.053,21.042,94.0,90.0,50.0,50.0,,,false_negative+confidence_error,,trust_weighted_fusion,move,confidence,0.0,0.0,,0,0,99.657,8.765,35.244,uav_2,8.765,False,False,False,False,False,1,"[{""id"": ""obstacle_0"", ""kind"": ""static_obstacle"", ""x"": 50.0, ""y"": 50.0, ""radius"": 5.0}]"
safety_margin_confidence,75,15.0,1,23.018,31.746,90.0,94.0,50.0,50.0,,,false_negative+position_noise+confidence_error,,trust_weighted_fusion,move,confidence,2.5,1.0,,2,0,91.444,9.731,27.576,uav_3,9.731,False,False,False,False,False,1,"[{""id"": ""obstacle_0"", ""kind"": ""static_obstacle"", ""x"": 50.0, ""y"": 50.0, ""radius"": 5.0}]"
safety_margin_confidence,75,15.0,2,30.463,23.512,86.0,90.0,50.0,50.0,,,position_noise+confidence_error,,trust_weighted_fusion,move,confidence,1.852,0.3520000000000001,,3,0,86.631,8.6,27.914,uav_3,8.6,False,False,False,False,False,1,"[{""id"": ""obstacle_0"", ""kind"": ""static_obstacle"", ""x"": 50.0, ""y"": 50.0, ""radius"": 5.0}]"
safety_margin_confidence,75,15.0,3,32.749,31.803,90.0,86.0,50.0,50.0,,,false_negative+position_noise+confidence_error,,trust_weighted_fusion,move,confidence,1.908,0.4079999999999999,,1,0,78.835,8.6,20.075,uav_2,8.6,False,False,False,False,False,1,"[{""id"": ""obstacle_0"", ""kind"": ""static_obstacle"", ""x"": 50.0, ""y"": 50.0, ""radius"": 5.0}]"
safety_margin_confidence,76,15.2,0,22.342,21.319,94.0,90.0,50.0,50.0,,,false_negative+confidence_error,,trust_weighted_fusion,move,confidence,0.0,0.0,,0,0,99.257,8.669,34.844,uav_2,8.669,False,False,False,False,False,1,"[{""id"": ""obstacle_0"", ""kind"": ""static_obstacle"", ""x"": 50.0, ""y"": 50.0, ""radius"": 5.0}]"
safety_margin_confidence,76,15.2,1,23.241,31.953,90.0,94.0,50.0,50.0,,,position_noise+confidence_error,,trust_weighted_fusion,move,confidence,1.924,0.42399999999999993,,3,0,91.141,9.732,27.276,uav_3,9.732,False,False,False,False,False,1,"[{""id"": ""obstacle_0"", ""kind"": ""static_obstacle"", ""x"": 50.0, ""y"": 50.0, ""radius"": 5.0}]"
safety_margin_confidence,76,15.2,2,30.663,23.752,86.0,90.0,50.0,50.0,,,false_negative+position_noise+confidence_error,,trust_weighted_fusion,move,confidence,1.76,0.26,,1,0,86.319,8.58,27.602,uav_3,8.58,False,False,False,False,False,1,"[{""id"": ""obstacle_0"", ""kind"": ""static_obstacle"", ""x"": 50.0, ""y"": 50.0, ""radius"": 5.0}]"
safety_margin_confidence,76,15.2,3,32.973,32.014,90.0,86.0,50.0,50.0,,,false_negative+position_noise+confidence_error,,trust_weighted_fusion,move,confidence,1.836,0.3360000000000001,,1,0,78.527,8.58,19.767,uav_2,8.58,False,False,False,False,False,1,"[{""id"": ""obstacle_0"", ""kind"": ""static_obstacle"", ""x"": 50.0, ""y"": 50.0, ""radius"": 5.0}]"
safety_margin_confidence,77,15.4,0,22.558,21.526,94.0,90.0,50.0,50.0,,,position_noise+confidence_error,,trust_weighted_fusion,move,confidence,2.02,0.52,,2,0,98.958,8.667,34.546,uav_2,8.667,False,False,False,False,False,1,"[{""id"": ""obstacle_0"", ""kind"": ""static_obstacle"", ""x"": 50.0, ""y"": 50.0, ""radius"": 5.0}]"
safety_margin_confidence,77,15.4,1,23.451,32.149,90.0,94.0,50.0,50.0,,,false_negative+position_noise+confidence_error,,trust_weighted_fusion,move,confidence,2.252,0.7519999999999998,,2,0,90.853,9.744,26.992,uav_3,9.744,False,False,False,False,False,1,"[{""id"": ""obstacle_0"", ""kind"": ""static_obstacle"", ""x"": 50.0, ""y"": 50.0, ""radius"": 5.0}]"
safety_margin_confidence,77,15.4,2,30.866,23.994,86.0,90.0,50.0,50.0,,,position_noise+confidence_error,,trust_weighted_fusion,move,confidence,1.684,0.18399999999999994,,3,0,86.004,8.554,27.287,uav_3,8.554,False,False,False,False,False,1,"[{""id"": ""obstacle_0"", ""kind"": ""static_obstacle"", ""x"": 50.0, ""y"": 50.0, ""radius"": 5.0}]"
safety_margin_confidence,77,15.4,3,33.195,32.224,90.0,86.0,50.0,50.0,,,position_noise+confidence_error,,trust_weighted_fusion,move,confidence,1.896,0.3959999999999999,,2,0,78.222,8.554,19.462,uav_2,8.554,False,False,False,False,False,1,"[{""id"": ""obstacle_0"", ""kind"": ""static_obstacle"", ""x"": 50.0, ""y"": 50.0, ""radius"": 5.0}]"
safety_margin_confidence,78,15.6,0,22.8,21.759,94.0,90.0,50.0,50.0,,,false_negative+position_noise+confidence_error,,trust_weighted_fusion,move,confidence,1.278,0.0,,1,0,98.622,8.649,34.21,uav_2,8.649,False,False,False,False,False,1,"[{""id"": ""obstacle_0"", ""kind"": ""static_obstacle"", ""x"": 50.0, ""y"": 50.0, ""radius"": 5.0}]"
safety_margin_confidence,78,15.6,1,23.67,32.352,90.0,94.0,50.0,50.0,,,position_noise+confidence_error,,trust_weighted_fusion,move,confidence,2.016,0.516,,3,0,90.554,9.755,26.697,uav_3,9.755,False,False,False,False,False,1,"[{""id"": ""obstacle_0"", ""kind"": ""static_obstacle"", ""x"": 50.0, ""y"": 50.0, ""radius"": 5.0}]"
safety_margin_confidence,78,15.6,2,31.082,24.253,86.0,90.0,50.0,50.0,,,false_negative+position_noise+confidence_error,,trust_weighted_fusion,move,confidence,1.246,0.0,,2,0,85.666,8.518,26.95,uav_3,8.518,False,False,False,False,False,1,"[{""id"": ""obstacle_0"", ""kind"": ""static_obstacle"", ""x"": 50.0, ""y"": 50.0, ""radius"": 5.0}]"
safety_margin_confidence,78,15.6,3,33.425,32.443,90.0,86.0,50.0,50.0,,,false_negative+position_noise+confidence_error,,trust_weighted_fusion,move,confidence,1.65,0.1499999999999999,,1,0,77.905,8.518,19.145,uav_2,8.518,False,False,False,False,False,1,"[{""id"": ""obstacle_0"", ""kind"": ""static_obstacle"", ""x"": 50.0, ""y"": 50.0, ""radius"": 5.0}]"
safety_margin_confidence,79,15.8,0,23.016,21.966,94.0,90.0,50.0,50.0,,,position_noise+confidence_error,,trust_weighted_fusion,move,confidence,2.012,0.512,,2,0,98.323,8.64,33.911,uav_2,8.64,False,False,False,False,False,1,"[{""id"": ""obstacle_0"", ""kind"": ""static_obstacle"", ""x"": 50.0, ""y"": 50.0, ""radius"": 5.0}]"
safety_margin_confidence,79,15.8,1,23.874,32.542,90.0,94.0,50.0,50.0,,,position_noise+confidence_error,,trust_weighted_fusion,move,confidence,2.428,0.9279999999999999,,3,0,90.275,9.804,26.422,uav_3,9.804,False,False,False,False,False,1,"[{""id"": ""obstacle_0"", ""kind"": ""static_obstacle"", ""x"": 50.0, ""y"": 50.0, ""radius"": 5.0}]"
safety_margin_confidence,79,15.8,2,31.279,24.489,86.0,90.0,50.0,50.0,,,position_noise+confidence_error,,trust_weighted_fusion,move,confidence,1.846,0.3460000000000001,,3,0,85.358,8.535,26.643,uav_3,8.535,False,False,False,False,False,1,"[{""id"": ""obstacle_0"", ""kind"": ""static_obstacle"", ""x"": 50.0, ""y"": 50.0, ""radius"": 5.0}]"
safety_margin_confidence,79,15.8,3,33.677,32.681,90.0,86.0,50.0,50.0,,,false_negative+position_noise+confidence_error,,trust_weighted_fusion,move,confidence,1.062,0.0,,1,0,77.558,8.535,18.799,uav_2,8.535,False,False,False,False,False,1,"[{""id"": ""obstacle_0"", ""kind"": ""static_obstacle"", ""x"": 50.0, ""y"": 50.0, ""radius"": 5.0}]"
safety_margin_confidence,80,16.0,0,23.221,22.162,94.0,90.0,50.0,50.0,,,position_noise+confidence_error,,trust_weighted_fusion,move,confidence,2.334,0.8340000000000001,,2,0,98.039,8.648,33.628,uav_2,8.648,False,False,False,False,False,1,"[{""id"": ""obstacle_0"", ""kind"": ""static_obstacle"", ""x"": 50.0, ""y"": 50.0, ""radius"": 5.0}]"
safety_margin_confidence,80,16.0,1,24.096,32.748,90.0,94.0,50.0,50.0,,,false_negative+position_noise+confidence_error,,trust_weighted_fusion,move,confidence,1.958,0.45799999999999996,,2,0,89.973,9.874,26.123,uav_3,9.874,False,False,False,False,False,1,"[{""id"": ""obstacle_0"", ""kind"": ""static_obstacle"", ""x"": 50.0, ""y"": 50.0, ""radius"": 5.0}]"
safety_margin_confidence,80,16.0,2,31.479,24.729,86.0,90.0,50.0,50.0,,,false_negative+position_noise+confidence_error,,trust_weighted_fusion,move,confidence,1.762,0.262,,2,0,85.046,8.595,26.331,uav_3,8.595,False,False,False,False,False,1,"[{""id"": ""obstacle_0"", ""kind"": ""static_obstacle"", ""x"": 50.0, ""y"": 50.0, ""radius"": 5.0}]"
safety_margin_confidence,80,16.0,3,33.968,32.956,90.0,86.0,50.0,50.0,,,false_negative+confidence_error,,trust_weighted_fusion,move,confidence,0.0,0.0,,0,0,77.158,8.595,18.4,uav_2,8.595,False,False,False,False,False,1,"[{""id"": ""obstacle_0"", ""kind"": ""static_obstacle"", ""x"": 50.0, ""y"": 50.0, ""radius"": 5.0}]"
safety_margin_confidence,81,16.2,0,23.433,22.365,94.0,90.0,50.0,50.0,,,position_noise+confidence_error,,trust_weighted_fusion,move,confidence,2.136,0.6360000000000001,,2,0,97.746,8.636,33.335,uav_2,8.636,False,False,False,False,False,1,"[{""id"": ""obstacle_0"", ""kind"": ""static_obstacle"", ""x"": 50.0, ""y"": 50.0, ""radius"": 5.0}]"
safety_margin_confidence,81,16.2,1,24.322,32.958,90.0,94.0,50.0,50.0,,,false_negative+position_noise+confidence_error,,trust_weighted_fusion,move,confidence,1.834,0.3340000000000001,,2,0,89.665,9.679,25.819,uav_3,9.679,False,False,False,False,False,1,"[{""id"": ""obstacle_0"", ""kind"": ""static_obstacle"", ""x"": 50.0, ""y"": 50.0, ""radius"": 5.0}]"
safety_margin_confidence,81,16.2,2,31.67,24.957,86.0,90.0,50.0,50.0,,,false_negative+position_noise+confidence_error,,trust_weighted_fusion,move,confidence,2.048,0.548,,1,0,84.749,8.636,26.034,uav_0,8.636,False,False,False,False,False,1,"[{""id"": ""obstacle_0"", ""kind"": ""static_obstacle"", ""x"": 50.0, ""y"": 50.0, ""radius"": 5.0}]"
safety_margin_confidence,81,16.2,3,33.995,33.287,90.0,86.0,50.0,50.0,,,position_noise+confidence_error,,trust_weighted_fusion,avoidance,confidence,1.356,0.0,,2,0,76.91,8.648,18.141,uav_2,8.648,False,False,False,False,False,1,"[{""id"": ""obstacle_0"", ""kind"": ""static_obstacle"", ""x"": 50.0, ""y"": 50.0, ""radius"": 5.0}]"
safety_margin_confidence,82,16.4,0,23.652,22.575,94.0,90.0,50.0,50.0,,,position_noise+confidence_error,,trust_weighted_fusion,move,confidence,1.928,0.42799999999999994,,2,0,97.442,8.615,33.031,uav_2,8.615,False,False,False,False,False,1,"[{""id"": ""obstacle_0"", ""kind"": ""static_obstacle"", ""x"": 50.0, ""y"": 50.0, ""radius"": 5.0}]"
safety_margin_confidence,82,16.4,1,24.533,33.155,90.0,94.0,50.0,50.0,,,false_negative+position_noise+confidence_error,,trust_weighted_fusion,move,confidence,2.214,0.714,,2,0,89.376,9.718,25.534,uav_3,9.718,False,False,False,False,False,1,"[{""id"": ""obstacle_0"", ""kind"": ""static_obstacle"", ""x"": 50.0, ""y"": 50.0, ""radius"": 5.0}]"
safety_margin_confidence,82,16.4,2,31.861,25.186,86.0,90.0,50.0,50.0,,,position_noise+confidence_error,,trust_weighted_fusion,move,confidence,2.026,0.5259999999999998,,3,0,84.45,8.615,25.736,uav_0,8.615,False,False,False,False,False,1,"[{""id"": ""obstacle_0"", ""kind"": ""static_obstacle"", ""x"": 50.0, ""y"": 50.0, ""radius"": 5.0}]"
safety_margin_confidence,82,16.4,3,34.244,33.522,90.0,86.0,50.0,50.0,,,false_negative+position_noise+confidence_error,,trust_weighted_fusion,move,confidence,1.146,0.0,,1,0,76.568,8.67,17.798,uav_2,8.67,False,False,False,False,False,1,"[{""id"": ""obstacle_0"", ""kind"": ""static_obstacle"", ""x"": 50.0, ""y"": 50.0, ""radius"": 5.0}]"
safety_margin_confidence,83,16.6,0,23.88,22.793,94.0,90.0,50.0,50.0,,,position_noise+confidence_error,,trust_weighted_fusion,move,confidence,1.69,0.18999999999999995,,2,0,97.127,8.619,32.716,uav_2,8.619,False,False,False,False,False,1,"[{""id"": ""obstacle_0"", ""kind"": ""static_obstacle"", ""x"": 50.0, ""y"": 50.0, ""radius"": 5.0}]"
safety_margin_confidence,83,16.6,1,24.788,33.391,90.0,94.0,50.0,50.0,,,false_negative+position_noise+confidence_error,,trust_weighted_fusion,move,confidence,1.048,0.0,,1,0,89.028,9.712,25.191,uav_3,9.712,False,False,False,False,False,1,"[{""id"": ""obstacle_0"", ""kind"": ""static_obstacle"", ""x"": 50.0, ""y"": 50.0, ""radius"": 5.0}]"
safety_margin_confidence,83,16.6,2,32.08,25.447,86.0,90.0,50.0,50.0,,,false_negative+position_noise+confidence_error,,trust_weighted_fusion,move,confidence,1.196,0.0,,1,0,84.11,8.619,25.397,uav_0,8.619,False,False,False,False,False,1,"[{""id"": ""obstacle_0"", ""kind"": ""static_obstacle"", ""x"": 50.0, ""y"": 50.0, ""radius"": 5.0}]"
safety_margin_confidence,83,16.6,3,34.493,33.756,90.0,86.0,50.0,50.0,,,false_negative+position_noise+confidence_error,,trust_weighted_fusion,move,confidence,1.18,0.0,,1,0,76.227,8.652,17.458,uav_2,8.652,False,False,False,False,False,1,"[{""id"": ""obstacle_0"", ""kind"": ""static_obstacle"", ""x"": 50.0, ""y"": 50.0, ""radius"": 5.0}]"
safety_margin_confidence,84,16.8,0,24.091,22.995,94.0,90.0,50.0,50.0,,,position_noise+confidence_error,,trust_weighted_fusion,move,confidence,2.15,0.6499999999999999,,2,0,96.834,8.61,32.424,uav_2,8.61,False,False,False,False,False,1,"[{""id"": ""obstacle_0"", ""kind"": ""static_obstacle"", ""x"": 50.0, ""y"": 50.0, ""radius"": 5.0}]"
safety_margin_confidence,84,16.8,1,25.04,33.625,90.0,94.0,50.0,50.0,,,false_negative+position_noise+confidence_error,,trust_weighted_fusion,move,confidence,1.122,0.0,,2,0,88.684,9.69,24.852,uav_3,9.69,False,False,False,False,False,1,"[{""id"": ""obstacle_0"", ""kind"": ""static_obstacle"", ""x"": 50.0, ""y"": 50.0, ""radius"": 5.0}]"
safety_margin_confidence,84,16.8,2,32.272,25.678,86.0,90.0,50.0,50.0,,,position_noise+confidence_error,,trust_weighted_fusion,move,confidence,1.992,0.492,,3,0,83.809,8.61,25.097,uav_0,8.61,False,False,False,False,False,1,"[{""id"": ""obstacle_0"", ""kind"": ""static_obstacle"", ""x"": 50.0, ""y"": 50.0, ""radius"": 5.0}]"
safety_margin_confidence,84,16.8,3,34.723,33.973,90.0,86.0,50.0,50.0,,,position_noise+confidence_error,,trust_weighted_fusion,move,confidence,1.67,0.16999999999999993,,2,0,75.91,8.649,17.142,uav_2,8.649,False,False,False,False,False,1,"[{""id"": ""obstacle_0"", ""kind"": ""static_obstacle"", ""x"": 50.0, ""y"": 50.0, ""radius"": 5.0}]"
safety_margin_confidence,85,17.0,0,24.353,23.247,94.0,90.0,50.0,50.0,,,false_negative+position_noise+confidence_error,,trust_weighted_fusion,move,confidence,0.726,0.0,,1,0,96.471,8.549,32.06,uav_2,8.549,False,False,False,False,False,1,"[{""id"": ""obstacle_0"", ""kind"": ""static_obstacle"", ""x"": 50.0, ""y"": 50.0, ""radius"": 5.0}]"
safety_margin_confidence,85,17.0,1,25.244,33.815,90.0,94.0,50.0,50.0,,,position_noise+confidence_error,,trust_weighted_fusion,move,confidence,2.432,0.9319999999999999,,3,0,88.406,9.711,24.577,uav_3,9.711,False,False,False,False,False,1,"[{""id"": ""obstacle_0"", ""kind"": ""static_obstacle"", ""x"": 50.0, ""y"": 50.0, ""radius"": 5.0}]"
safety_margin_confidence,85,17.0,2,32.474,25.919,86.0,90.0,50.0,50.0,,,false_negative+position_noise+confidence_error,,trust_weighted_fusion,move,confidence,1.712,0.21199999999999997,,2,0,83.495,8.549,24.783,uav_0,8.549,False,False,False,False,False,1,"[{""id"": ""obstacle_0"", ""kind"": ""static_obstacle"", ""x"": 50.0, ""y"": 50.0, ""radius"": 5.0}]"
safety_margin_confidence,85,17.0,3,34.948,34.184,90.0,86.0,50.0,50.0,,,position_noise+confidence_error,,trust_weighted_fusion,move,confidence,1.834,0.3340000000000001,,2,0,75.602,8.627,16.834,uav_2,8.627,False,False,False,False,False,1,"[{""id"": ""obstacle_0"", ""kind"": ""static_obstacle"", ""x"": 50.0, ""y"": 50.0, ""radius"": 5.0}]"
safety_margin_confidence,86,17.2,0,24.597,23.48,94.0,90.0,50.0,50.0,,,false_negative+position_noise+confidence_error,,trust_weighted_fusion,move,confidence,1.256,0.0,,1,0,96.134,8.504,31.723,uav_2,8.504,False,False,False,False,False,1,"[{""id"": ""obstacle_0"", ""kind"": ""static_obstacle"", ""x"": 50.0, ""y"": 50.0, ""radius"": 5.0}]"
safety_margin_confidence,86,17.2,1,25.537,34.087,90.0,94.0,50.0,50.0,,,false_negative+confidence_error,,trust_weighted_fusion,move,confidence,0.0,0.0,,0,0,88.006,9.681,24.183,uav_3,9.681,False,False,False,False,False,1,"[{""id"": ""obstacle_0"", ""kind"": ""static_obstacle"", ""x"": 50.0, ""y"": 50.0, ""radius"": 5.0}]"
safety_margin_confidence,86,17.2,2,32.67,26.154,86.0,90.0,50.0,50.0,,,false_negative+position_noise+confidence_error,,trust_weighted_fusion,move,confidence,1.882,0.3819999999999999,,2,0,83.189,8.504,24.478,uav_0,8.504,False,False,False,False,False,1,"[{""id"": ""obstacle_0"", ""kind"": ""static_obstacle"", ""x"": 50.0, ""y"": 50.0, ""radius"": 5.0}]"
safety_margin_confidence,86,17.2,3,35.212,34.433,90.0,86.0,50.0,50.0,,,false_negative+position_noise+confidence_error,,trust_weighted_fusion,move,confidence,0.74,0.0,,1,0,75.239,8.66,16.471,uav_2,8.66,False,False,False,False,False,1,"[{""id"": ""obstacle_0"", ""kind"": ""static_obstacle"", ""x"": 50.0, ""y"": 50.0, ""radius"": 5.0}]"
safety_margin_confidence,87,17.4,0,24.836,23.709,94.0,90.0,50.0,50.0,,,position_noise+confidence_error,,trust_weighted_fusion,move,confidence,1.38,0.0,,2,0,95.803,8.447,31.393,uav_2,8.447,False,False,False,False,False,1,"[{""id"": ""obstacle_0"", ""kind"": ""static_obstacle"", ""x"": 50.0, ""y"": 50.0, ""radius"": 5.0}]"
safety_margin_confidence,87,17.4,1,25.79,34.322,90.0,94.0,50.0,50.0,,,false_negative+position_noise+confidence_error,,trust_weighted_fusion,move,confidence,1.09,0.0,,1,0,87.66,9.721,23.843,uav_3,9.721,False,False,False,False,False,1,"[{""id"": ""obstacle_0"", ""kind"": ""static_obstacle"", ""x"": 50.0, ""y"": 50.0, ""radius"": 5.0}]"
safety_margin_confidence,87,17.4,2,32.847,26.388,86.0,90.0,50.0,50.0,,,position_noise+confidence_error,,trust_weighted_fusion,avoidance,confidence,2.132,0.6320000000000001,,3,0,82.896,8.447,24.185,uav_0,8.447,False,False,False,False,False,1,"[{""id"": ""obstacle_0"", ""kind"": ""static_obstacle"", ""x"": 50.0, ""y"": 50.0, ""radius"": 5.0}]"
safety_margin_confidence,87,17.4,3,35.503,34.707,90.0,86.0,50.0,50.0,,,false_negative+confidence_error,,trust_weighted_fusion,move,confidence,0.0,0.0,,0,0,74.839,8.733,16.072,uav_2,8.733,False,False,False,False,False,1,"[{""id"": ""obstacle_0"", ""kind"": ""static_obstacle"", ""x"": 50.0, ""y"": 50.0, ""radius"": 5.0}]"
safety_margin_confidence,88,17.6,0,24.629,23.506,94.0,90.0,50.0,50.0,,,position_noise+confidence_error,,trust_weighted_fusion,avoidance,confidence,2.2,0.7000000000000002,,2,0,96.093,9.011,31.683,uav_2,9.011,False,False,False,False,False,1,"[{""id"": ""obstacle_0"", ""kind"": ""static_obstacle"", ""x"": 50.0, ""y"": 50.0, ""radius"": 5.0}]"
safety_margin_confidence,88,17.6,1,26.01,34.527,90.0,94.0,50.0,50.0,,,false_negative+position_noise+confidence_error,,trust_weighted_fusion,move,confidence,2.002,0.5019999999999998,,2,0,87.36,9.725,23.548,uav_3,9.725,False,False,False,False,False,1,"[{""id"": ""obstacle_0"", ""kind"": ""static_obstacle"", ""x"": 50.0, ""y"": 50.0, ""radius"": 5.0}]"
safety_margin_confidence,88,17.6,2,33.071,26.656,86.0,90.0,50.0,50.0,,,false_negative+position_noise+confidence_error,,trust_weighted_fusion,move,confidence,1.002,0.0,,1,0,82.546,8.677,23.836,uav_3,8.677,False,False,False,False,False,1,"[{""id"": ""obstacle_0"", ""kind"": ""static_obstacle"", ""x"": 50.0, ""y"": 50.0, ""radius"": 5.0}]"
safety_margin_confidence,88,17.6,3,35.727,34.917,90.0,86.0,50.0,50.0,,,false_negative+position_noise+confidence_error,,trust_weighted_fusion,move,confidence,1.856,0.3560000000000001,,1,0,74.532,8.677,15.765,uav_2,8.677,False,False,False,False,False,1,"[{""id"": ""obstacle_0"", ""kind"": ""static_obstacle"", ""x"": 50.0, ""y"": 50.0, ""radius"": 5.0}]"
safety_margin_confidence,89,17.8,0,24.854,23.721,94.0,90.0,50.0,50.0,,,false_negative+position_noise+confidence_error,,trust_weighted_fusion,move,confidence,1.772,0.272,,1,0,95.781,8.996,31.372,uav_2,8.996,False,False,False,False,False,1,"[{""id"": ""obstacle_0"", ""kind"": ""static_obstacle"", ""x"": 50.0, ""y"": 50.0, ""radius"": 5.0}]"
safety_margin_confidence,89,17.8,1,26.257,34.756,90.0,94.0,50.0,50.0,,,false_negative+position_noise+confidence_error,,trust_weighted_fusion,move,confidence,1.256,0.0,,1,0,87.023,9.679,23.216,uav_3,9.679,False,False,False,False,False,1,"[{""id"": ""obstacle_0"", ""kind"": ""static_obstacle"", ""x"": 50.0, ""y"": 50.0, ""radius"": 5.0}]"
safety_margin_confidence,89,17.8,2,33.271,26.896,86.0,90.0,50.0,50.0,,,false_negative+position_noise+confidence_error,,trust_weighted_fusion,move,confidence,1.762,0.262,,1,0,82.234,8.632,23.525,uav_3,8.632,False,False,False,False,False,1,"[{""id"": ""obstacle_0"", ""kind"": ""static_obstacle"", ""x"": 50.0, ""y"": 50.0, ""radius"": 5.0}]"
safety_margin_confidence,89,17.8,3,35.929,35.108,90.0,86.0,50.0,50.0,,,false_negative+position_noise+confidence_error,,trust_weighted_fusion,move,confidence,2.442,0.9420000000000002,,1,0,74.254,8.632,15.488,uav_2,8.632,False,False,False,False,False,1,"[{""id"": ""obstacle_0"", ""kind"": ""static_obstacle"", ""x"": 50.0, ""y"": 50.0, ""radius"": 5.0}]"
safety_margin_confidence,90,18.0,0,25.098,23.955,94.0,90.0,50.0,50.0,,,false_negative+position_noise+confidence_error,,trust_weighted_fusion,move,confidence,1.246,0.0,,1,0,95.443,8.94,31.034,uav_2,8.94,False,False,False,False,False,1,"[{""id"": ""obstacle_0"", ""kind"": ""static_obstacle"", ""x"": 50.0, ""y"": 50.0, ""radius"": 5.0}]"
safety_margin_confidence,90,18.0,1,26.487,34.971,90.0,94.0,50.0,50.0,,,false_negative+position_noise+confidence_error,,trust_weighted_fusion,move,confidence,1.702,0.20199999999999996,,2,0,86.708,9.669,22.906,uav_3,9.669,False,False,False,False,False,1,"[{""id"": ""obstacle_0"", ""kind"": ""static_obstacle"", ""x"": 50.0, ""y"": 50.0, ""radius"": 5.0}]"
safety_margin_confidence,90,18.0,2,33.459,27.121,86.0,90.0,50.0,50.0,,,false_negative+position_noise+confidence_error,,trust_weighted_fusion,move,confidence,2.138,0.6379999999999999,,1,0,81.941,8.625,23.232,uav_3,8.625,False,False,False,False,False,1,"[{""id"": ""obstacle_0"", ""kind"": ""static_obstacle"", ""x"": 50.0, ""y"": 50.0, ""radius"": 5.0}]"
safety_margin_confidence,90,18.0,3,36.15,35.316,90.0,86.0,50.0,50.0,,,position_noise+confidence_error,,trust_weighted_fusion,move,confidence,1.94,0.43999999999999995,,2,0,73.951,8.625,15.186,uav_2,8.625,False,False,False,False,False,1,"[{""id"": ""obstacle_0"", ""kind"": ""static_obstacle"", ""x"": 50.0, ""y"": 50.0, ""radius"": 5.0}]"
safety_margin_confidence,91,18.2,0,25.346,24.193,94.0,90.0,50.0,50.0,,,false_negative+position_noise+confidence_error,,trust_weighted_fusion,move,confidence,1.118,0.0,,1,0,95.099,8.896,30.69,uav_2,8.896,False,False,False,False,False,1,"[{""id"": ""obstacle_0"", ""kind"": ""static_obstacle"", ""x"": 50.0, ""y"": 50.0, ""radius"": 5.0}]"
safety_margin_confidence,91,18.2,1,26.73,35.196,90.0,94.0,50.0,50.0,,,false_negative+position_noise+confidence_error,,trust_weighted_fusion,move,confidence,1.376,0.0,,1,0,86.377,9.665,22.58,uav_3,9.665,False,False,False,False,False,1,"[{""id"": ""obstacle_0"", ""kind"": ""static_obstacle"", ""x"": 50.0, ""y"": 50.0, ""radius"": 5.0}]"
safety_margin_confidence,91,18.2,2,33.659,27.36,86.0,90.0,50.0,50.0,,,false_negative+position_noise+confidence_error,,trust_weighted_fusion,move,confidence,1.762,0.262,,2,0,81.629,8.624,22.921,uav_3,8.624,False,False,False,False,False,1,"[{""id"": ""obstacle_0"", ""kind"": ""static_obstacle"", ""x"": 50.0, ""y"": 50.0, ""radius"": 5.0}]"
safety_margin_confidence,91,18.2,3,36.389,35.54,90.0,86.0,50.0,50.0,,,position_noise+confidence_error,,trust_weighted_fusion,move,confidence,1.436,0.0,,2,0,73.623,8.624,14.858,uav_2,8.624,False,False,False,False,False,1,"[{""id"": ""obstacle_0"", ""kind"": ""static_obstacle"", ""x"": 50.0, ""y"": 50.0, ""radius"": 5.0}]"
safety_margin_confidence,92,18.4,0,25.566,24.404,94.0,90.0,50.0,50.0,,,false_negative+position_noise+confidence_error,,trust_weighted_fusion,move,confidence,1.912,0.4119999999999999,,1,0,94.795,8.965,30.386,uav_2,8.965,False,False,False,False,False,1,"[{""id"": ""obstacle_0"", ""kind"": ""static_obstacle"", ""x"": 50.0, ""y"": 50.0, ""radius"": 5.0}]"
safety_margin_confidence,92,18.4,1,26.933,35.385,90.0,94.0,50.0,50.0,,,position_noise+confidence_error,,trust_weighted_fusion,move,confidence,2.452,0.952,,3,0,86.1,9.769,22.307,uav_3,9.769,False,False,False,False,False,1,"[{""id"": ""obstacle_0"", ""kind"": ""static_obstacle"", ""x"": 50.0, ""y"": 50.0, ""radius"": 5.0}]"
safety_margin_confidence,92,18.4,2,33.916,27.667,86.0,90.0,50.0,50.0,,,false_negative+confidence_error,,trust_weighted_fusion,move,confidence,0.0,0.0,,0,0,81.229,8.423,22.522,uav_3,8.423,False,False,False,False,False,1,"[{""id"": ""obstacle_0"", ""kind"": ""static_obstacle"", ""x"": 50.0, ""y"": 50.0, ""radius"": 5.0}]"
safety_margin_confidence,92,18.4,3,36.699,35.616,90.0,86.0,50.0,50.0,50.16,49.324,position_noise+confidence_error,0.643,trust_weighted_fusion,avoidance,confidence,1.618,0.1180000000000001,,3,0,73.345,8.423,14.591,uav_2,8.423,False,False,False,False,False,1,"[{""id"": ""obstacle_0"", ""kind"": ""static_obstacle"", ""x"": 50.0, ""y"": 50.0, ""radius"": 5.0}]"
safety_margin_confidence,93,18.6,0,25.782,24.611,94.0,90.0,50.0,50.0,,,position_noise+confidence_error,,trust_weighted_fusion,move,confidence,2.008,0.508,,2,0,94.495,8.949,30.087,uav_2,8.949,False,False,False,False,False,1,"[{""id"": ""obstacle_0"", ""kind"": ""static_obstacle"", ""x"": 50.0, ""y"": 50.0, ""radius"": 5.0}]"
safety_margin_confidence,93,18.6,1,27.15,35.587,90.0,94.0,50.0,50.0,,,false_negative+position_noise+confidence_error,,trust_weighted_fusion,move,confidence,2.074,0.5739999999999998,,2,0,85.803,9.751,22.016,uav_3,9.751,False,False,False,False,False,1,"[{""id"": ""obstacle_0"", ""kind"": ""static_obstacle"", ""x"": 50.0, ""y"": 50.0, ""radius"": 5.0}]"
safety_margin_confidence,93,18.6,2,34.107,27.896,86.0,90.0,50.0,50.0,,,position_noise+confidence_error,,trust_weighted_fusion,move,confidence,2.032,0.532,,3,0,80.931,8.388,22.225,uav_3,8.388,False,False,False,False,False,1,"[{""id"": ""obstacle_0"", ""kind"": ""static_obstacle"", ""x"": 50.0, ""y"": 50.0, ""radius"": 5.0}]"
safety_margin_confidence,93,18.6,3,36.899,35.805,90.0,86.0,50.0,50.0,51.829,53.609,false_negative+position_noise+confidence_error,0.0,trust_weighted_fusion,move,confidence,2.5,1.0,,2,0,73.07,8.388,14.317,uav_2,8.388,False,False,False,False,False,1,"[{""id"": ""obstacle_0"", ""kind"": ""static_obstacle"", ""x"": 50.0, ""y"": 50.0, ""radius"": 5.0}]"
safety_margin_confidence,94,18.8,0,26.021,24.84,94.0,90.0,50.0,50.0,,,false_negative+position_noise+confidence_error,,trust_weighted_fusion,move,confidence,1.392,0.0,,1,0,94.165,8.995,29.757,uav_2,8.995,False,False,False,False,False,1,"[{""id"": ""obstacle_0"", ""kind"": ""static_obstacle"", ""x"": 50.0, ""y"": 50.0, ""radius"": 5.0}]"
safety_margin_confidence,94,18.8,1,27.383,35.803,90.0,94.0,50.0,50.0,,,false_negative+position_noise+confidence_error,,trust_weighted_fusion,move,confidence,1.63,0.1299999999999999,,1,0,85.485,9.793,21.703,uav_3,9.793,False,False,False,False,False,1,"[{""id"": ""obstacle_0"", ""kind"": ""static_obstacle"", ""x"": 50.0, ""y"": 50.0, ""radius"": 5.0}]"
safety_margin_confidence,94,18.8,2,34.363,28.203,86.0,90.0,50.0,50.0,,,dropout+confidence_error,,trust_weighted_fusion,move,confidence,0.0,0.0,,0,0,80.531,8.151,21.826,uav_3,8.151,False,False,False,False,False,1,"[{""id"": ""obstacle_0"", ""kind"": ""static_obstacle"", ""x"": 50.0, ""y"": 50.0, ""radius"": 5.0}]"
safety_margin_confidence,94,18.8,3,37.176,35.854,90.0,86.0,50.0,50.0,51.372,48.441,false_negative+position_noise+confidence_error,0.062,trust_weighted_fusion,avoidance,confidence,2.376,0.8759999999999999,,2,0,72.836,8.151,14.094,uav_2,8.151,False,False,False,False,False,1,"[{""id"": ""obstacle_0"", ""kind"": ""static_obstacle"", ""x"": 50.0, ""y"": 50.0, ""radius"": 5.0}]"
safety_margin_confidence,95,19.0,0,26.261,25.07,94.0,90.0,50.0,50.0,,,false_negative+position_noise+confidence_error,,trust_weighted_fusion,move,confidence,1.34,0.0,,1,0,93.832,9.039,29.424,uav_2,9.039,False,False,False,False,False,1,"[{""id"": ""obstacle_0"", ""kind"": ""static_obstacle"", ""x"": 50.0, ""y"": 50.0, ""radius"": 5.0}]"
safety_margin_confidence,95,19.0,1,27.631,36.033,90.0,94.0,50.0,50.0,,,false_negative+position_noise+confidence_error,,trust_weighted_fusion,move,confidence,1.252,0.0,,1,0,85.148,9.783,21.372,uav_3,9.783,False,False,False,False,False,1,"[{""id"": ""obstacle_0"", ""kind"": ""static_obstacle"", ""x"": 50.0, ""y"": 50.0, ""radius"": 5.0}]"
safety_margin_confidence,95,19.0,2,34.62,28.51,86.0,90.0,50.0,50.0,,,dropout+confidence_error,,trust_weighted_fusion,move,confidence,0.0,0.0,,0,0,80.131,8.068,21.427,uav_3,8.068,False,False,False,False,False,1,"[{""id"": ""obstacle_0"", ""kind"": ""static_obstacle"", ""x"": 50.0, ""y"": 50.0, ""radius"": 5.0}]"
safety_margin_confidence,95,19.0,3,37.413,36.079,90.0,86.0,50.0,50.0,,,false_negative+position_noise+confidence_error,,trust_weighted_fusion,move,confidence,1.458,0.0,,2,0,72.509,8.068,13.768,uav_2,8.068,False,False,False,False,False,1,"[{""id"": ""obstacle_0"", ""kind"": ""static_obstacle"", ""x"": 50.0, ""y"": 50.0, ""radius"": 5.0}]"
safety_margin_confidence,96,19.2,0,26.481,25.281,94.0,90.0,50.0,50.0,,,position_noise+confidence_error,,trust_weighted_fusion,move,confidence,1.912,0.4119999999999999,,2,0,93.528,9.11,29.12,uav_2,9.11,False,False,False,False,False,1,"[{""id"": ""obstacle_0"", ""kind"": ""static_obstacle"", ""x"": 50.0, ""y"": 50.0, ""radius"": 5.0}]"
safety_margin_confidence,96,19.2,1,27.85,36.237,90.0,94.0,50.0,50.0,,,position_noise+confidence_error,,trust_weighted_fusion,move,confidence,2.006,0.5059999999999998,,3,0,84.848,9.85,21.078,uav_3,9.85,False,False,False,False,False,1,"[{""id"": ""obstacle_0"", ""kind"": ""static_obstacle"", ""x"": 50.0, ""y"": 50.0, ""radius"": 5.0}]"
safety_margin_confidence,96,19.2,2,34.876,28.817,86.0,90.0,50.0,50.0,,,dropout+confidence_error,,trust_weighted_fusion,move,confidence,0.0,0.0,,0,0,79.731,7.806,21.028,uav_3,7.806,False,False,False,False,False,1,"[{""id"": ""obstacle_0"", ""kind"": ""static_obstacle"", ""x"": 50.0, ""y"": 50.0, ""radius"": 5.0}]"
safety_margin_confidence,96,19.2,3,37.699,36.094,90.0,86.0,50.0,50.0,48.633,50.556,false_negative+position_noise+confidence_error,0.109,trust_weighted_fusion,avoidance,confidence,2.282,0.782,,1,0,72.291,7.806,13.566,uav_2,7.806,False,False,False,False,False,1,"[{""id"": ""obstacle_0"", ""kind"": ""static_obstacle"", ""x"": 50.0, ""y"": 50.0, ""radius"": 5.0}]"
safety_margin_confidence,97,19.4,0,26.701,25.491,94.0,90.0,50.0,50.0,,,false_negative+position_noise+confidence_error,,trust_weighted_fusion,move,confidence,1.92,0.41999999999999993,,1,0,93.224,9.182,28.817,uav_2,9.182,False,False,False,False,False,1,"[{""id"": ""obstacle_0"", ""kind"": ""static_obstacle"", ""x"": 50.0, ""y"": 50.0, ""radius"": 5.0}]"
safety_margin_confidence,97,19.4,1,28.086,36.457,90.0,94.0,50.0,50.0,,,false_negative+position_noise+confidence_error,,trust_weighted_fusion,move,confidence,1.552,0.052000000000000046,,2,0,84.525,9.909,20.761,uav_3,9.909,False,False,False,False,False,1,"[{""id"": ""obstacle_0"", ""kind"": ""static_obstacle"", ""x"": 50.0, ""y"": 50.0, ""radius"": 5.0}]"
safety_margin_confidence,97,19.4,2,35.133,29.124,86.0,90.0,50.0,50.0,,,dropout+confidence_error,,trust_weighted_fusion,move,confidence,0.0,0.0,,0,0,79.331,7.556,20.629,uav_3,7.556,False,False,False,False,False,1,"[{""id"": ""obstacle_0"", ""kind"": ""static_obstacle"", ""x"": 50.0, ""y"": 50.0, ""radius"": 5.0}]"
safety_margin_confidence,97,19.4,3,37.989,36.119,90.0,86.0,50.0,50.0,49.988,49.749,false_negative+position_noise+confidence_error,0.166,trust_weighted_fusion,avoidance,confidence,2.168,0.6680000000000001,,2,0,72.064,7.556,13.356,uav_2,7.556,False,False,False,False,False,1,"[{""id"": ""obstacle_0"", ""kind"": ""static_obstacle"", ""x"": 50.0, ""y"": 50.0, ""radius"": 5.0}]"
safety_margin_confidence,98,19.6,0,26.943,25.723,94.0,90.0,50.0,50.0,,,false_negative+position_noise+confidence_error,,trust_weighted_fusion,move,confidence,1.296,0.0,,1,0,92.888,9.225,28.482,uav_2,9.225,False,False,False,False,False,1,"[{""id"": ""obstacle_0"", ""kind"": ""static_obstacle"", ""x"": 50.0, ""y"": 50.0, ""radius"": 5.0}]"
safety_margin_confidence,98,19.6,1,28.306,36.661,90.0,94.0,50.0,50.0,,,false_negative+position_noise+confidence_error,,trust_weighted_fusion,move,confidence,1.998,0.498,,1,0,84.225,9.9,20.467,uav_3,9.9,False,False,False,False,False,1,"[{""id"": ""obstacle_0"", ""kind"": ""static_obstacle"", ""x"": 50.0, ""y"": 50.0, ""radius"": 5.0}]"
safety_margin_confidence,98,19.6,2,35.389,29.431,86.0,90.0,50.0,50.0,,,dropout+confidence_error,,trust_weighted_fusion,move,confidence,0.0,0.0,,0,0,78.931,7.442,20.23,uav_3,7.442,False,False,False,False,False,1,"[{""id"": ""obstacle_0"", ""kind"": ""static_obstacle"", ""x"": 50.0, ""y"": 50.0, ""radius"": 5.0}]"
safety_margin_confidence,98,19.6,3,38.201,36.322,90.0,86.0,50.0,50.0,,,false_negative+position_noise+confidence_error,,trust_weighted_fusion,move,confidence,2.142,0.6419999999999999,,1,0,71.771,7.442,13.064,uav_2,7.442,False,False,False,False,False,1,"[{""id"": ""obstacle_0"", ""kind"": ""static_obstacle"", ""x"": 50.0, ""y"": 50.0, ""radius"": 5.0}]"
safety_margin_confidence,99,19.8,0,27.146,25.918,94.0,90.0,50.0,50.0,,,position_noise+confidence_error,,trust_weighted_fusion,move,confidence,2.352,0.8519999999999999,,2,0,92.606,9.235,28.2,uav_2,9.235,False,False,False,False,False,1,"[{""id"": ""obstacle_0"", ""kind"": ""static_obstacle"", ""x"": 50.0, ""y"": 50.0, ""radius"": 5.0}]"
safety_margin_confidence,99,19.8,1,28.527,36.866,90.0,94.0,50.0,50.0,,,false_negative+position_noise+confidence_error,,trust_weighted_fusion,move,confidence,1.974,0.474,,2,0,83.924,9.966,20.171,uav_3,9.966,False,False,False,False,False,1,"[{""id"": ""obstacle_0"", ""kind"": ""static_obstacle"", ""x"": 50.0, ""y"": 50.0, ""radius"": 5.0}]"
safety_margin_confidence,99,19.8,2,35.586,29.667,86.0,90.0,50.0,50.0,,,false_negative+position_noise+confidence_error,,trust_weighted_fusion,move,confidence,1.854,0.3540000000000001,,2,0,78.624,7.515,19.924,uav_3,7.515,False,False,False,False,False,1,"[{""id"": ""obstacle_0"", ""kind"": ""static_obstacle"", ""x"": 50.0, ""y"": 50.0, ""radius"": 5.0}]"
safety_margin_confidence,99,19.8,3,38.489,36.599,90.0,86.0,50.0,50.0,,,false_negative+confidence_error,,trust_weighted_fusion,move,confidence,0.0,0.0,,0,0,71.371,7.515,12.666,uav_2,7.515,False,False,False,False,False,1,"[{""id"": ""obstacle_0"", ""kind"": ""static_obstacle"", ""x"": 50.0, ""y"": 50.0, ""radius"": 5.0}]"
safety_margin_confidence,100,20.0,0,27.383,26.145,94.0,90.0,50.0,50.0,,,false_negative+position_noise+confidence_error,,trust_weighted_fusion,move,confidence,1.438,0.0,,1,0,92.278,9.241,27.872,uav_2,9.241,False,False,False,False,False,1,"[{""id"": ""obstacle_0"", ""kind"": ""static_obstacle"", ""x"": 50.0, ""y"": 50.0, ""radius"": 5.0}]"
safety_margin_confidence,100,20.0,1,28.731,37.056,90.0,94.0,50.0,50.0,,,false_negative+position_noise+confidence_error,,trust_weighted_fusion,move,confidence,2.422,0.9220000000000002,,1,0,83.645,10.041,19.898,uav_2,10.041,False,False,False,False,False,1,"[{""id"": ""obstacle_0"", ""kind"": ""static_obstacle"", ""x"": 50.0, ""y"": 50.0, ""radius"": 5.0}]"
safety_margin_confidence,100,20.0,2,35.811,29.936,86.0,90.0,50.0,50.0,,,false_negative+position_noise+confidence_error,,trust_weighted_fusion,move,confidence,0.982,0.0,,1,0,78.273,7.284,19.574,uav_3,7.284,False,False,False,False,False,1,"[{""id"": ""obstacle_0"", ""kind"": ""static_obstacle"", ""x"": 50.0, ""y"": 50.0, ""radius"": 5.0}]"
safety_margin_confidence,100,20.0,3,38.782,36.587,90.0,86.0,50.0,50.0,50.787,48.327,false_negative+position_noise+confidence_error,0.178,trust_weighted_fusion,avoidance,confidence,2.144,0.6440000000000001,,2,0,71.168,7.284,12.486,uav_2,7.284,False,False,False,False,False,1,"[{""id"": ""obstacle_0"", ""kind"": ""static_obstacle"", ""x"": 50.0, ""y"": 50.0, ""radius"": 5.0}]"
safety_margin_confidence,101,20.2,0,27.613,26.366,94.0,90.0,50.0,50.0,,,position_noise+confidence_error,,trust_weighted_fusion,move,confidence,1.626,0.1259999999999999,,2,0,91.959,9.198,27.554,uav_2,9.198,False,False,False,False,False,1,"[{""id"": ""obstacle_0"", ""kind"": ""static_obstacle"", ""x"": 50.0, ""y"": 50.0, ""radius"": 5.0}]"
safety_margin_confidence,101,20.2,1,28.967,37.275,90.0,94.0,50.0,50.0,,,false_negative+position_noise+confidence_error,,trust_weighted_fusion,move,confidence,1.56,0.06000000000000005,,2,0,83.323,10.004,19.583,uav_2,10.004,False,False,False,False,False,1,"[{""id"": ""obstacle_0"", ""kind"": ""static_obstacle"", ""x"": 50.0, ""y"": 50.0, ""radius"": 5.0}]"
safety_margin_confidence,101,20.2,2,35.994,30.155,86.0,90.0,50.0,50.0,,,false_negative+position_noise+confidence_error,,trust_weighted_fusion,move,confidence,2.29,0.79,,2,0,77.987,7.174,19.29,uav_3,7.174,False,False,False,False,False,1,"[{""id"": ""obstacle_0"", ""kind"": ""static_obstacle"", ""x"": 50.0, ""y"": 50.0, ""radius"": 5.0}]"
safety_margin_confidence,101,20.2,3,39.098,36.623,90.0,86.0,50.0,50.0,52.09,48.196,position_noise+confidence_error,0.43,trust_weighted_fusion,avoidance,confidence,1.64,0.1399999999999999,,3,0,70.916,7.174,12.257,uav_2,7.174,False,False,False,False,False,1,"[{""id"": ""obstacle_0"", ""kind"": ""static_obstacle"", ""x"": 50.0, ""y"": 50.0, ""radius"": 5.0}]"
safety_margin_confidence,102,20.4,0,27.823,26.567,94.0,90.0,50.0,50.0,,,position_noise+confidence_error,,trust_weighted_fusion,move,confidence,2.182,0.6819999999999999,,2,0,91.668,9.215,27.263,uav_2,9.215,False,False,False,False,False,1,"[{""id"": ""obstacle_0"", ""kind"": ""static_obstacle"", ""x"": 50.0, ""y"": 50.0, ""radius"": 5.0}]"
safety_margin_confidence,102,20.4,1,29.194,37.486,90.0,94.0,50.0,50.0,,,false_negative+position_noise+confidence_error,,trust_weighted_fusion,move,confidence,1.81,0.31000000000000005,,2,0,83.014,9.964,19.28,uav_2,9.964,False,False,False,False,False,1,"[{""id"": ""obstacle_0"", ""kind"": ""static_obstacle"", ""x"": 50.0, ""y"": 50.0, ""radius"": 5.0}]"
safety_margin_confidence,102,20.4,2,36.202,30.404,86.0,90.0,50.0,50.0,,,false_negative+position_noise+confidence_error,,trust_weighted_fusion,move,confidence,1.518,0.018000000000000016,,2,0,77.663,7.007,18.967,uav_3,7.007,False,False,False,False,False,1,"[{""id"": ""obstacle_0"", ""kind"": ""static_obstacle"", ""x"": 50.0, ""y"": 50.0, ""radius"": 5.0}]"
safety_margin_confidence,102,20.4,3,39.371,36.653,90.0,86.0,50.0,50.0,52.391,49.731,false_negative+position_noise+confidence_error,0.0,trust_weighted_fusion,avoidance,confidence,2.5,1.0,,2,0,70.699,7.007,12.062,uav_2,7.007,False,False,False,False,False,1,"[{""id"": ""obstacle_0"", ""kind"": ""static_obstacle"", ""x"": 50.0, ""y"": 50.0, ""radius"": 5.0}]"
safety_margin_confidence,103,20.6,0,28.072,26.805,94.0,90.0,50.0,50.0,,,false_negative+position_noise+confidence_error,,trust_weighted_fusion,move,confidence,1.114,0.0,,1,0,91.324,9.166,26.919,uav_2,9.166,False,False,False,False,False,1,"[{""id"": ""obstacle_0"", ""kind"": ""static_obstacle"", ""x"": 50.0, ""y"": 50.0, ""radius"": 5.0}]"
safety_margin_confidence,103,20.6,1,29.43,37.706,90.0,94.0,50.0,50.0,,,position_noise+confidence_error,,trust_weighted_fusion,move,confidence,1.54,0.040000000000000036,,3,0,82.691,9.925,18.964,uav_2,9.925,False,False,False,False,False,1,"[{""id"": ""obstacle_0"", ""kind"": ""static_obstacle"", ""x"": 50.0, ""y"": 50.0, ""radius"": 5.0}]"
safety_margin_confidence,103,20.6,2,36.398,30.638,86.0,90.0,50.0,50.0,,,position_noise+confidence_error,,trust_weighted_fusion,move,confidence,1.9,0.3999999999999999,,3,0,77.358,7.089,18.663,uav_3,7.089,False,False,False,False,False,1,"[{""id"": ""obstacle_0"", ""kind"": ""static_obstacle"", ""x"": 50.0, ""y"": 50.0, ""radius"": 5.0}]"
safety_margin_confidence,103,20.6,3,39.658,36.932,90.0,86.0,50.0,50.0,,,false_negative+confidence_error,,trust_weighted_fusion,move,confidence,0.0,0.0,,0,0,70.299,7.089,11.665,uav_2,7.089,False,False,False,False,False,1,"[{""id"": ""obstacle_0"", ""kind"": ""static_obstacle"", ""x"": 50.0, ""y"": 50.0, ""radius"": 5.0}]"
safety_margin_confidence,104,20.8,0,28.3,27.024,94.0,90.0,50.0,50.0,,,position_noise+confidence_error,,trust_weighted_fusion,move,confidence,1.68,0.17999999999999994,,2,0,91.008,9.142,26.603,uav_2,9.142,False,False,False,False,False,1,"[{""id"": ""obstacle_0"", ""kind"": ""static_obstacle"", ""x"": 50.0, ""y"": 50.0, ""radius"": 5.0}]"
safety_margin_confidence,104,20.8,1,29.638,37.899,90.0,94.0,50.0,50.0,,,position_noise+confidence_error,,trust_weighted_fusion,move,confidence,2.328,0.8279999999999998,,3,0,82.407,9.887,18.687,uav_2,9.887,False,False,False,False,False,1,"[{""id"": ""obstacle_0"", ""kind"": ""static_obstacle"", ""x"": 50.0, ""y"": 50.0, ""radius"": 5.0}]"
safety_margin_confidence,104,20.8,2,36.593,30.871,86.0,90.0,50.0,50.0,,,false_negative+position_noise+confidence_error,,trust_weighted_fusion,move,confidence,1.912,0.4119999999999999,,2,0,77.054,7.086,18.359,uav_3,7.086,False,False,False,False,False,1,"[{""id"": ""obstacle_0"", ""kind"": ""static_obstacle"", ""x"": 50.0, ""y"": 50.0, ""radius"": 5.0}]"
safety_margin_confidence,104,20.8,3,39.88,37.149,90.0,86.0,50.0,50.0,,,false_negative+position_noise+confidence_error,,trust_weighted_fusion,move,confidence,1.8,0.30000000000000004,,2,0,69.989,7.086,11.358,uav_2,7.086,False,False,False,False,False,1,"[{""id"": ""obstacle_0"", ""kind"": ""static_obstacle"", ""x"": 50.0, ""y"": 50.0, ""radius"": 5.0}]"
safety_margin_confidence,105,21.0,0,28.52,27.235,94.0,90.0,50.0,50.0,,,position_noise+confidence_error,,trust_weighted_fusion,move,confidence,1.91,0.4099999999999999,,2,0,90.703,9.133,26.299,uav_2,9.133,False,False,False,False,False,1,"[{""id"": ""obstacle_0"", ""kind"": ""static_obstacle"", ""x"": 50.0, ""y"": 50.0, ""radius"": 5.0}]"
safety_margin_confidence,105,21.0,1,29.867,38.111,90.0,94.0,50.0,50.0,,,false_negative+position_noise+confidence_error,,trust_weighted_fusion,move,confidence,1.752,0.252,,2,0,82.095,9.848,18.381,uav_2,9.848,False,False,False,False,False,1,"[{""id"": ""obstacle_0"", ""kind"": ""static_obstacle"", ""x"": 50.0, ""y"": 50.0, ""radius"": 5.0}]"
safety_margin_confidence,105,21.0,2,36.791,31.108,86.0,90.0,50.0,50.0,,,false_negative+position_noise+confidence_error,,trust_weighted_fusion,move,confidence,1.824,0.32400000000000007,,2,0,76.745,7.052,18.052,uav_3,7.052,False,False,False,False,False,1,"[{""id"": ""obstacle_0"", ""kind"": ""static_obstacle"", ""x"": 50.0, ""y"": 50.0, ""radius"": 5.0}]"
safety_margin_confidence,105,21.0,3,40.081,37.345,90.0,86.0,50.0,50.0,,,false_negative+position_noise+confidence_error,,trust_weighted_fusion,move,confidence,2.37,0.8700000000000001,,1,0,69.708,7.052,11.079,uav_2,7.052,False,False,False,False,False,1,"[{""id"": ""obstacle_0"", ""kind"": ""static_obstacle"", ""x"": 50.0, ""y"": 50.0, ""radius"": 5.0}]"
safety_margin_confidence,106,21.2,0,28.744,27.449,94.0,90.0,50.0,50.0,,,position_noise+confidence_error,,trust_weighted_fusion,move,confidence,1.8,0.30000000000000004,,2,0,90.393,9.132,25.99,uav_2,9.132,False,False,False,False,False,1,"[{""id"": ""obstacle_0"", ""kind"": ""static_obstacle"", ""x"": 50.0, ""y"": 50.0, ""radius"": 5.0}]"
safety_margin_confidence,106,21.2,1,30.09,38.319,90.0,94.0,50.0,50.0,,,false_negative+position_noise+confidence_error,,trust_weighted_fusion,move,confidence,1.904,0.4039999999999999,,2,0,81.79,9.808,18.084,uav_2,9.808,False,False,False,False,False,1,"[{""id"": ""obstacle_0"", ""kind"": ""static_obstacle"", ""x"": 50.0, ""y"": 50.0, ""radius"": 5.0}]"
safety_margin_confidence,106,21.2,2,36.998,31.356,86.0,90.0,50.0,50.0,,,position_noise+confidence_error,,trust_weighted_fusion,move,confidence,1.554,0.05400000000000005,,3,0,76.423,6.908,17.731,uav_3,6.908,False,False,False,False,False,1,"[{""id"": ""obstacle_0"", ""kind"": ""static_obstacle"", ""x"": 50.0, ""y"": 50.0, ""radius"": 5.0}]"
safety_margin_confidence,106,21.2,3,40.376,37.381,90.0,86.0,50.0,50.0,49.554,53.753,false_negative+position_noise+confidence_error,0.218,trust_weighted_fusion,avoidance,confidence,2.064,0.5640000000000001,,2,0,69.472,6.908,10.87,uav_2,6.908,False,False,False,False,False,1,"[{""id"": ""obstacle_0"", ""kind"": ""static_obstacle"", ""x"": 50.0, ""y"": 50.0, ""radius"": 5.0}]"
safety_margin_confidence,107,21.4,0,28.962,27.658,94.0,90.0,50.0,50.0,,,false_negative+position_noise+confidence_error,,trust_weighted_fusion,move,confidence,1.958,0.45799999999999996,,1,0,90.091,9.113,25.688,uav_2,9.113,False,False,False,False,False,1,"[{""id"": ""obstacle_0"", ""kind"": ""static_obstacle"", ""x"": 50.0, ""y"": 50.0, ""radius"": 5.0}]"
safety_margin_confidence,107,21.4,1,30.324,38.536,90.0,94.0,50.0,50.0,,,false_negative+position_noise+confidence_error,,trust_weighted_fusion,move,confidence,1.61,0.1100000000000001,,1,0,81.47,9.771,17.772,uav_2,9.771,False,False,False,False,False,1,"[{""id"": ""obstacle_0"", ""kind"": ""static_obstacle"", ""x"": 50.0, ""y"": 50.0, ""radius"": 5.0}]"
safety_margin_confidence,107,21.4,2,37.187,31.582,86.0,90.0,50.0,50.0,,,position_noise+confidence_error,,trust_weighted_fusion,move,confidence,2.102,0.6019999999999999,,3,0,76.128,6.719,17.437,uav_3,6.719,False,False,False,False,False,1,"[{""id"": ""obstacle_0"", ""kind"": ""static_obstacle"", ""x"": 50.0, ""y"": 50.0, ""radius"": 5.0}]"
safety_margin_confidence,107,21.4,3,40.68,37.321,90.0,86.0,50.0,50.0,48.977,50.119,false_negative+position_noise+confidence_error,0.354,trust_weighted_fusion,avoidance,confidence,1.792,0.29200000000000004,,2,0,69.297,6.719,10.736,uav_2,6.719,False,False,False,False,False,1,"[{""id"": ""obstacle_0"", ""kind"": ""static_obstacle"", ""x"": 50.0, ""y"": 50.0, ""radius"": 5.0}]"
safety_margin_confidence,108,21.6,0,29.194,27.881,94.0,90.0,50.0,50.0,,,position_noise+confidence_error,,trust_weighted_fusion,move,confidence,1.562,0.062000000000000055,,2,0,89.769,9.074,25.367,uav_2,9.074,False,False,False,False,False,1,"[{""id"": ""obstacle_0"", ""kind"": ""static_obstacle"", ""x"": 50.0, ""y"": 50.0, ""radius"": 5.0}]"
safety_margin_confidence,108,21.6,1,30.539,38.737,90.0,94.0,50.0,50.0,,,false_negative+position_noise+confidence_error,,trust_weighted_fusion,move,confidence,2.122,0.6219999999999999,,2,0,81.176,9.734,17.485,uav_2,9.734,False,False,False,False,False,1,"[{""id"": ""obstacle_0"", ""kind"": ""static_obstacle"", ""x"": 50.0, ""y"": 50.0, ""radius"": 5.0}]"
safety_margin_confidence,108,21.6,2,37.375,31.807,86.0,90.0,50.0,50.0,,,false_negative+position_noise+confidence_error,,trust_weighted_fusion,move,confidence,2.124,0.6240000000000001,,2,0,75.834,6.595,17.144,uav_3,6.595,False,False,False,False,False,1,"[{""id"": ""obstacle_0"", ""kind"": ""static_obstacle"", ""x"": 50.0, ""y"": 50.0, ""radius"": 5.0}]"
safety_margin_confidence,108,21.6,3,40.961,37.342,90.0,86.0,50.0,50.0,50.085,53.043,false_negative+position_noise+confidence_error,0.164,trust_weighted_fusion,avoidance,confidence,2.376,0.8759999999999999,,2,0,69.083,6.595,10.554,uav_2,6.595,False,False,False,False,False,1,"[{""id"": ""obstacle_0"", ""kind"": ""static_obstacle"", ""x"": 50.0, ""y"": 50.0, ""radius"": 5.0}]"
safety_margin_confidence,109,21.8,0,29.419,28.097,94.0,90.0,50.0,50.0,,,position_noise+confidence_error,,trust_weighted_fusion,move,confidence,1.772,0.272,,2,0,89.458,9.143,25.056,uav_2,9.143,False,False,False,False,False,1,"[{""id"": ""obstacle_0"", ""kind"": ""static_obstacle"", ""x"": 50.0, ""y"": 50.0, ""radius"": 5.0}]"
safety_margin_confidence,109,21.8,1,30.747,38.93,90.0,94.0,50.0,50.0,,,false_negative+position_noise+confidence_error,,trust_weighted_fusion,move,confidence,2.32,0.8199999999999998,,2,0,80.892,9.687,17.208,uav_2,9.687,False,False,False,False,False,1,"[{""id"": ""obstacle_0"", ""kind"": ""static_obstacle"", ""x"": 50.0, ""y"": 50.0, ""radius"": 5.0}]"
safety_margin_confidence,109,21.8,2,37.632,32.114,86.0,90.0,50.0,50.0,,,dropout+confidence_error,,trust_weighted_fusion,move,confidence,0.0,0.0,,0,0,75.434,6.588,16.746,uav_3,6.588,False,False,False,False,False,1,"[{""id"": ""obstacle_0"", ""kind"": ""static_obstacle"", ""x"": 50.0, ""y"": 50.0, ""radius"": 5.0}]"
safety_margin_confidence,109,21.8,3,41.244,37.624,90.0,86.0,50.0,50.0,,,false_negative+confidence_error,,trust_weighted_fusion,move,confidence,0.0,0.0,,0,0,68.683,6.588,10.16,uav_2,6.588,False,False,False,False,False,1,"[{""id"": ""obstacle_0"", ""kind"": ""static_obstacle"", ""x"": 50.0, ""y"": 50.0, ""radius"": 5.0}]"
safety_margin_confidence,110,22.0,0,29.651,28.319,94.0,90.0,50.0,50.0,,,false_negative+position_noise+confidence_error,,trust_weighted_fusion,move,confidence,1.562,0.062000000000000055,,1,0,89.136,9.202,24.734,uav_2,9.202,False,False,False,False,False,1,"[{""id"": ""obstacle_0"", ""kind"": ""static_obstacle"", ""x"": 50.0, ""y"": 50.0, ""radius"": 5.0}]"
safety_margin_confidence,110,22.0,1,30.95,39.118,90.0,94.0,50.0,50.0,,,false_negative+position_noise+confidence_error,,trust_weighted_fusion,move,confidence,2.46,0.96,,2,0,80.615,9.643,16.939,uav_2,9.643,False,False,False,False,False,1,"[{""id"": ""obstacle_0"", ""kind"": ""static_obstacle"", ""x"": 50.0, ""y"": 50.0, ""radius"": 5.0}]"
safety_margin_confidence,110,22.0,2,37.888,32.421,86.0,90.0,50.0,50.0,,,dropout+confidence_error,,trust_weighted_fusion,move,confidence,0.0,0.0,,0,0,75.034,6.369,16.347,uav_3,6.369,False,False,False,False,False,1,"[{""id"": ""obstacle_0"", ""kind"": ""static_obstacle"", ""x"": 50.0, ""y"": 50.0, ""radius"": 5.0}]"
safety_margin_confidence,110,22.0,3,41.566,37.621,90.0,86.0,50.0,50.0,52.253,50.103,false_negative+position_noise+confidence_error,0.465,trust_weighted_fusion,avoidance,confidence,1.57,0.07000000000000006,,2,0,68.457,6.369,9.979,uav_2,6.369,False,False,False,False,False,1,"[{""id"": ""obstacle_0"", ""kind"": ""static_obstacle"", ""x"": 50.0, ""y"": 50.0, ""radius"": 5.0}]"
safety_margin_confidence,111,22.2,0,29.874,28.533,94.0,90.0,50.0,50.0,,,position_noise+confidence_error,,trust_weighted_fusion,move,confidence,1.83,0.33000000000000007,,2,0,88.828,9.25,24.426,uav_2,9.25,False,False,False,False,False,1,"[{""id"": ""obstacle_0"", ""kind"": ""static_obstacle"", ""x"": 50.0, ""y"": 50.0, ""radius"": 5.0}]"
safety_margin_confidence,111,22.2,1,31.242,39.229,90.0,94.0,50.0,50.0,47.59,49.558,false_negative+position_noise+confidence_error,0.694,trust_weighted_fusion,avoidance,confidence,1.768,0.268,,3,0,80.327,9.665,16.631,uav_2,9.665,False,False,False,False,False,1,"[{""id"": ""obstacle_0"", ""kind"": ""static_obstacle"", ""x"": 50.0, ""y"": 50.0, ""radius"": 5.0}]"
safety_margin_confidence,111,22.2,2,38.213,32.535,86.0,90.0,50.0,50.0,47.59,49.558,dropout+confidence_error,0.694,trust_weighted_fusion,avoidance,confidence,1.112,0.0,,1,0,74.738,6.183,16.07,uav_3,6.183,False,False,False,False,False,1,"[{""id"": ""obstacle_0"", ""kind"": ""static_obstacle"", ""x"": 50.0, ""y"": 50.0, ""radius"": 5.0}]"
safety_margin_confidence,111,22.2,3,41.875,37.517,90.0,86.0,50.0,50.0,47.59,49.558,false_negative+position_noise+confidence_error,0.694,trust_weighted_fusion,avoidance,confidence,1.486,0.0,,2,0,68.313,6.183,9.895,uav_2,6.183,False,False,False,False,False,1,"[{""id"": ""obstacle_0"", ""kind"": ""static_obstacle"", ""x"": 50.0, ""y"": 50.0, ""radius"": 5.0}]"
safety_margin_confidence,112,22.4,0,30.074,28.725,94.0,90.0,50.0,50.0,,,position_noise+confidence_error,,trust_weighted_fusion,move,confidence,2.448,0.948,,3,0,88.55,9.35,24.149,uav_2,9.35,False,False,False,False,False,1,"[{""id"": ""obstacle_0"", ""kind"": ""static_obstacle"", ""x"": 50.0, ""y"": 50.0, ""radius"": 5.0}]"
safety_margin_confidence,112,22.4,1,31.479,39.45,90.0,94.0,50.0,50.0,,,position_noise+confidence_error,,trust_weighted_fusion,move,confidence,1.51,0.010000000000000009,,3,0,80.002,9.619,16.315,uav_2,9.619,False,False,False,False,False,1,"[{""id"": ""obstacle_0"", ""kind"": ""static_obstacle"", ""x"": 50.0, ""y"": 50.0, ""radius"": 5.0}]"
safety_margin_confidence,112,22.4,2,38.469,32.842,86.0,90.0,50.0,50.0,,,dropout+confidence_error,,trust_weighted_fusion,move,confidence,0.0,0.0,,0,0,74.338,6.102,15.672,uav_3,6.102,False,False,False,False,False,1,"[{""id"": ""obstacle_0"", ""kind"": ""static_obstacle"", ""x"": 50.0, ""y"": 50.0, ""radius"": 5.0}]"
safety_margin_confidence,112,22.4,3,42.101,37.745,90.0,86.0,50.0,50.0,,,false_negative+position_noise+confidence_error,,trust_weighted_fusion,move,confidence,1.562,0.062000000000000055,,2,0,67.991,6.102,9.58,uav_2,6.102,False,False,False,False,False,1,"[{""id"": ""obstacle_0"", ""kind"": ""static_obstacle"", ""x"": 50.0, ""y"": 50.0, ""radius"": 5.0}]"
safety_margin_confidence,113,22.6,0,30.293,28.934,94.0,90.0,50.0,50.0,,,false_negative+position_noise+confidence_error,,trust_weighted_fusion,move,confidence,1.952,0.45199999999999996,,1,0,88.248,9.427,23.847,uav_2,9.427,False,False,False,False,False,1,"[{""id"": ""obstacle_0"", ""kind"": ""static_obstacle"", ""x"": 50.0, ""y"": 50.0, ""radius"": 5.0}]"
safety_margin_confidence,113,22.6,1,31.723,39.677,90.0,94.0,50.0,50.0,,,false_negative+position_noise+confidence_error,,trust_weighted_fusion,move,confidence,1.34,0.0,,2,0,79.669,9.573,15.991,uav_2,9.573,False,False,False,False,False,1,"[{""id"": ""obstacle_0"", ""kind"": ""static_obstacle"", ""x"": 50.0, ""y"": 50.0, ""radius"": 5.0}]"
safety_margin_confidence,113,22.6,2,38.725,33.15,86.0,90.0,50.0,50.0,,,dropout+confidence_error,,trust_weighted_fusion,move,confidence,0.0,0.0,,0,0,73.938,5.785,15.274,uav_3,5.785,False,False,False,False,False,1,"[{""id"": ""obstacle_0"", ""kind"": ""static_obstacle"", ""x"": 50.0, ""y"": 50.0, ""radius"": 5.0}]"
safety_margin_confidence,113,22.6,3,42.375,37.638,90.0,86.0,50.0,50.0,48.618,50.225,false_negative+position_noise+confidence_error,0.19,trust_weighted_fusion,avoidance,confidence,2.12,0.6200000000000001,,2,0,67.875,5.785,9.525,uav_2,5.785,False,False,False,False,False,1,"[{""id"": ""obstacle_0"", ""kind"": ""static_obstacle"", ""x"": 50.0, ""y"": 50.0, ""radius"": 5.0}]"
safety_margin_confidence,114,22.8,0,30.491,29.124,94.0,90.0,50.0,50.0,,,position_noise+confidence_error,,trust_weighted_fusion,move,confidence,2.5,1.0,,3,0,87.973,9.437,23.572,uav_2,9.437,False,False,False,False,False,1,"[{""id"": ""obstacle_0"", ""kind"": ""static_obstacle"", ""x"": 50.0, ""y"": 50.0, ""radius"": 5.0}]"
safety_margin_confidence,114,22.8,1,32.01,39.794,90.0,94.0,50.0,50.0,48.135,45.805,false_negative+position_noise+confidence_error,0.354,trust_weighted_fusion,avoidance,confidence,1.792,0.29200000000000004,,3,0,79.38,9.68,15.683,uav_2,9.68,False,False,False,False,False,1,"[{""id"": ""obstacle_0"", ""kind"": ""static_obstacle"", ""x"": 50.0, ""y"": 50.0, ""radius"": 5.0}]"
safety_margin_confidence,114,22.8,2,39.035,33.133,86.0,90.0,50.0,50.0,48.135,45.805,false_negative+position_noise+confidence_error,0.354,trust_weighted_fusion,avoidance,confidence,1.792,0.29200000000000004,,2,0,73.754,5.458,15.118,uav_3,5.458,False,False,False,False,False,1,"[{""id"": ""obstacle_0"", ""kind"": ""static_obstacle"", ""x"": 50.0, ""y"": 50.0, ""radius"": 5.0}]"
safety_margin_confidence,114,22.8,3,42.492,37.356,90.0,86.0,50.0,50.0,48.135,45.805,false_negative+position_noise+confidence_error,0.354,trust_weighted_fusion,avoidance,confidence,1.898,0.3979999999999999,,3,0,67.994,5.458,9.705,uav_2,5.458,False,False,False,False,False,1,"[{""id"": ""obstacle_0"", ""kind"": ""static_obstacle"", ""x"": 50.0, ""y"": 50.0, ""radius"": 5.0}]"
safety_margin_confidence,115,23.0,0,30.714,29.338,94.0,90.0,50.0,50.0,,,false_negative+position_noise+confidence_error,,trust_weighted_fusion,move,confidence,1.828,0.32800000000000007,,2,0,87.664,9.434,23.264,uav_2,9.434,False,False,False,False,False,1,"[{""id"": ""obstacle_0"", ""kind"": ""static_obstacle"", ""x"": 50.0, ""y"": 50.0, ""radius"": 5.0}]"
safety_margin_confidence,115,23.0,1,32.24,40.008,90.0,94.0,50.0,50.0,,,position_noise+confidence_error,,trust_weighted_fusion,move,confidence,1.714,0.21399999999999997,,3,0,79.065,9.639,15.378,uav_2,9.639,False,False,False,False,False,1,"[{""id"": ""obstacle_0"", ""kind"": ""static_obstacle"", ""x"": 50.0, ""y"": 50.0, ""radius"": 5.0}]"
safety_margin_confidence,115,23.0,2,39.239,33.38,86.0,90.0,50.0,50.0,,,false_negative+position_noise+confidence_error,,trust_weighted_fusion,move,confidence,1.59,0.09000000000000008,,2,0,73.433,5.286,14.8,uav_3,5.286,False,False,False,False,False,1,"[{""id"": ""obstacle_0"", ""kind"": ""static_obstacle"", ""x"": 50.0, ""y"": 50.0, ""radius"": 5.0}]"
safety_margin_confidence,115,23.0,3,42.775,37.309,90.0,86.0,50.0,50.0,48.704,51.619,false_negative+position_noise+confidence_error,0.115,trust_weighted_fusion,avoidance,confidence,2.27,0.77,,3,0,67.831,5.286,9.603,uav_2,5.286,False,False,False,False,False,1,"[{""id"": ""obstacle_0"", ""kind"": ""static_obstacle"", ""x"": 50.0, ""y"": 50.0, ""radius"": 5.0}]"
safety_margin_confidence,116,23.2,0,30.938,29.552,94.0,90.0,50.0,50.0,,,false_negative+position_noise+confidence_error,,trust_weighted_fusion,move,confidence,1.802,0.30200000000000005,,2,0,87.354,9.448,22.955,uav_2,9.448,False,False,False,False,False,1,"[{""id"": ""obstacle_0"", ""kind"": ""static_obstacle"", ""x"": 50.0, ""y"": 50.0, ""radius"": 5.0}]"
safety_margin_confidence,116,23.2,1,32.47,40.223,90.0,94.0,50.0,50.0,,,false_negative+position_noise+confidence_error,,trust_weighted_fusion,move,confidence,1.706,0.20599999999999996,,1,0,78.751,9.76,15.072,uav_2,9.76,False,False,False,False,False,1,"[{""id"": ""obstacle_0"", ""kind"": ""static_obstacle"", ""x"": 50.0, ""y"": 50.0, ""radius"": 5.0}]"
safety_margin_confidence,116,23.2,2,39.529,33.484,86.0,90.0,50.0,50.0,51.948,46.255,false_negative+position_noise+confidence_error,0.77,trust_weighted_fusion,avoidance,confidence,1.84,0.3400000000000001,,3,0,73.169,5.171,14.556,uav_3,5.171,False,False,False,False,False,1,"[{""id"": ""obstacle_0"", ""kind"": ""static_obstacle"", ""x"": 50.0, ""y"": 50.0, ""radius"": 5.0}]"
safety_margin_confidence,116,23.2,3,42.694,37.572,90.0,86.0,50.0,50.0,51.948,46.255,position_noise+confidence_error,0.77,trust_weighted_fusion,avoidance,confidence,2.5,1.0,,4,0,67.699,5.171,9.416,uav_2,5.171,False,False,False,False,False,1,"[{""id"": ""obstacle_0"", ""kind"": ""static_obstacle"", ""x"": 50.0, ""y"": 50.0, ""radius"": 5.0}]"
safety_margin_confidence,117,23.4,0,31.169,29.774,94.0,90.0,50.0,50.0,,,false_negative+position_noise+confidence_error,,trust_weighted_fusion,move,confidence,1.604,0.10400000000000009,,2,0,87.034,9.407,22.635,uav_2,9.407,False,False,False,False,False,1,"[{""id"": ""obstacle_0"", ""kind"": ""static_obstacle"", ""x"": 50.0, ""y"": 50.0, ""radius"": 5.0}]"
safety_margin_confidence,117,23.4,1,32.767,40.278,90.0,94.0,50.0,50.0,46.792,52.289,false_negative+position_noise+confidence_error,0.364,trust_weighted_fusion,avoidance,confidence,1.964,0.46399999999999997,,3,0,78.497,9.561,14.787,uav_2,9.561,False,False,False,False,False,1,"[{""id"": ""obstacle_0"", ""kind"": ""static_obstacle"", ""x"": 50.0, ""y"": 50.0, ""radius"": 5.0}]"
safety_margin_confidence,117,23.4,2,39.713,33.708,86.0,90.0,50.0,50.0,49.028,51.488,false_negative+position_noise+confidence_error,0.156,trust_weighted_fusion,move,confidence,2.188,0.6880000000000002,,2,0,72.878,5.046,14.268,uav_3,5.046,False,False,False,False,False,1,"[{""id"": ""obstacle_0"", ""kind"": ""static_obstacle"", ""x"": 50.0, ""y"": 50.0, ""radius"": 5.0}]"
safety_margin_confidence,117,23.4,3,42.992,37.544,90.0,86.0,50.0,50.0,46.792,52.289,position_noise+confidence_error,0.364,trust_weighted_fusion,avoidance,confidence,2.026,0.5259999999999998,,4,0,67.511,5.046,9.292,uav_2,5.046,False,False,False,False,False,1,"[{""id"": ""obstacle_0"", ""kind"": ""static_obstacle"", ""x"": 50.0, ""y"": 50.0, ""radius"": 5.0}]"
safety_margin_confidence,118,23.6,0,31.389,29.985,94.0,90.0,50.0,50.0,,,false_negative+position_noise+confidence_error,,trust_weighted_fusion,move,confidence,1.894,0.3939999999999999,,2,0,86.729,9.393,22.331,uav_2,9.393,False,False,False,False,False,1,"[{""id"": ""obstacle_0"", ""kind"": ""static_obstacle"", ""x"": 50.0, ""y"": 50.0, ""radius"": 5.0}]"
safety_margin_confidence,118,23.6,1,33.037,40.345,90.0,94.0,50.0,50.0,48.835,50.738,false_negative+position_noise+confidence_error,0.033,trust_weighted_fusion,avoidance,confidence,2.434,0.9340000000000002,,3,0,78.254,9.562,14.519,uav_2,9.562,False,False,False,False,False,1,"[{""id"": ""obstacle_0"", ""kind"": ""static_obstacle"", ""x"": 50.0, ""y"": 50.0, ""radius"": 5.0}]"
safety_margin_confidence,118,23.6,2,39.984,33.774,86.0,90.0,50.0,50.0,48.835,50.738,false_negative+confidence_error,0.033,trust_weighted_fusion,avoidance,confidence,2.434,0.9340000000000002,,1,0,72.656,4.924,14.069,uav_3,4.924,False,False,False,False,False,1,"[{""id"": ""obstacle_0"", ""kind"": ""static_obstacle"", ""x"": 50.0, ""y"": 50.0, ""radius"": 5.0}]"
safety_margin_confidence,118,23.6,3,43.255,37.454,90.0,86.0,50.0,50.0,48.835,50.738,false_negative+position_noise+confidence_error,0.033,trust_weighted_fusion,avoidance,confidence,2.434,0.9340000000000002,,3,0,67.393,4.924,9.244,uav_2,4.924,False,False,False,False,False,1,"[{""id"": ""obstacle_0"", ""kind"": ""static_obstacle"", ""x"": 50.0, ""y"": 50.0, ""radius"": 5.0}]"
safety_margin_confidence,119,23.8,0,31.678,30.262,94.0,90.0,50.0,50.0,,,false_negative+confidence_error,,trust_weighted_fusion,move,confidence,0.0,0.0,,0,0,86.329,9.335,21.931,uav_2,9.335,False,False,False,False,False,1,"[{""id"": ""obstacle_0"", ""kind"": ""static_obstacle"", ""x"": 50.0, ""y"": 50.0, ""radius"": 5.0}]"
safety_margin_confidence,119,23.8,1,33.26,40.555,90.0,94.0,50.0,50.0,52.132,45.126,position_noise+confidence_error,0.532,trust_weighted_fusion,move,confidence,1.874,0.3740000000000001,,4,0,77.948,9.701,14.221,uav_2,9.701,False,False,False,False,False,1,"[{""id"": ""obstacle_0"", ""kind"": ""static_obstacle"", ""x"": 50.0, ""y"": 50.0, ""radius"": 5.0}]"
safety_margin_confidence,119,23.8,2,40.288,33.868,86.0,90.0,50.0,50.0,52.134,47.383,false_negative+position_noise+confidence_error,0.536,trust_weighted_fusion,avoidance,confidence,1.622,0.12200000000000011,,2,0,72.39,4.719,13.83,uav_3,4.719,False,False,False,False,False,1,"[{""id"": ""obstacle_0"", ""kind"": ""static_obstacle"", ""x"": 50.0, ""y"": 50.0, ""radius"": 5.0}]"
safety_margin_confidence,119,23.8,3,43.536,37.292,90.0,86.0,50.0,50.0,52.134,47.383,false_negative+position_noise+confidence_error,0.536,trust_weighted_fusion,avoidance,confidence,1.516,0.016000000000000014,,3,0,67.316,4.719,9.258,uav_2,4.719,False,False,False,False,False,1,"[{""id"": ""obstacle_0"", ""kind"": ""static_obstacle"", ""x"": 50.0, ""y"": 50.0, ""radius"": 5.0}]"
safety_margin_confidence,120,24.0,0,31.916,30.49,94.0,90.0,50.0,50.0,,,false_negative+position_noise+confidence_error,,trust_weighted_fusion,move,confidence,1.412,0.0,,2,0,86.0,9.326,21.603,uav_2,9.326,False,False,False,False,False,1,"[{""id"": ""obstacle_0"", ""kind"": ""static_obstacle"", ""x"": 50.0, ""y"": 50.0, ""radius"": 5.0}]"
safety_margin_confidence,120,24.0,1,33.531,40.653,90.0,94.0,50.0,50.0,49.983,51.09,false_negative+position_noise+confidence_error,0.425,trust_weighted_fusion,avoidance,confidence,2.234,0.734,,4,0,77.683,9.712,13.937,uav_2,9.712,False,False,False,False,False,1,"[{""id"": ""obstacle_0"", ""kind"": ""static_obstacle"", ""x"": 50.0, ""y"": 50.0, ""radius"": 5.0}]"
safety_margin_confidence,120,24.0,2,40.57,33.963,86.0,90.0,50.0,50.0,49.983,51.09,false_negative+position_noise+confidence_error,0.425,trust_weighted_fusion,avoidance,confidence,2.05,0.5499999999999998,,3,0,72.139,4.625,13.604,uav_3,4.625,False,False,False,False,False,1,"[{""id"": ""obstacle_0"", ""kind"": ""static_obstacle"", ""x"": 50.0, ""y"": 50.0, ""radius"": 5.0}]"
safety_margin_confidence,120,24.0,3,43.82,37.255,90.0,86.0,50.0,50.0,49.983,51.09,false_negative+position_noise+confidence_error,0.425,trust_weighted_fusion,avoidance,confidence,2.276,0.7759999999999998,,3,0,67.147,4.625,9.165,uav_2,4.625,False,False,False,False,False,1,"[{""id"": ""obstacle_0"", ""kind"": ""static_obstacle"", ""x"": 50.0, ""y"": 50.0, ""radius"": 5.0}]"
safety_margin_confidence,121,24.2,0,32.157,30.721,94.0,90.0,50.0,50.0,,,false_negative+position_noise+confidence_error,,trust_weighted_fusion,move,confidence,1.314,0.0,,2,0,85.665,9.312,21.269,uav_2,9.312,False,False,False,False,False,1,"[{""id"": ""obstacle_0"", ""kind"": ""static_obstacle"", ""x"": 50.0, ""y"": 50.0, ""radius"": 5.0}]"
safety_margin_confidence,121,24.2,1,33.827,40.757,90.0,94.0,50.0,50.0,50.063,50.5,false_negative+position_noise+confidence_error,0.391,trust_weighted_fusion,avoidance,confidence,1.718,0.21799999999999997,,2,0,77.396,9.717,13.628,uav_2,9.717,False,False,False,False,False,1,"[{""id"": ""obstacle_0"", ""kind"": ""static_obstacle"", ""x"": 50.0, ""y"": 50.0, ""radius"": 5.0}]"
safety_margin_confidence,121,24.2,2,40.855,34.046,86.0,90.0,50.0,50.0,50.063,50.5,position_noise+confidence_error,0.391,trust_weighted_fusion,avoidance,confidence,2.074,0.5739999999999998,,4,0,71.895,4.537,13.389,uav_3,4.537,False,False,False,False,False,1,"[{""id"": ""obstacle_0"", ""kind"": ""static_obstacle"", ""x"": 50.0, ""y"": 50.0, ""radius"": 5.0}]"
safety_margin_confidence,121,24.2,3,44.127,37.189,90.0,86.0,50.0,50.0,50.063,50.5,position_noise+confidence_error,0.391,trust_weighted_fusion,avoidance,confidence,1.72,0.21999999999999997,,4,0,66.984,4.537,9.093,uav_2,4.537,False,False,False,False,False,1,"[{""id"": ""obstacle_0"", ""kind"": ""static_obstacle"", ""x"": 50.0, ""y"": 50.0, ""radius"": 5.0}]"
safety_margin_confidence,122,24.4,0,32.387,30.941,94.0,90.0,50.0,50.0,,,false_negative+position_noise+confidence_error,,trust_weighted_fusion,move,confidence,1.632,0.1319999999999999,,1,0,85.347,9.278,20.951,uav_2,9.278,False,False,False,False,False,1,"[{""id"": ""obstacle_0"", ""kind"": ""static_obstacle"", ""x"": 50.0, ""y"": 50.0, ""radius"": 5.0}]"
safety_margin_confidence,122,24.4,1,34.065,40.983,90.0,94.0,50.0,50.0,,,false_negative+position_noise+confidence_error,,trust_weighted_fusion,move,confidence,1.434,0.0,,2,0,77.068,9.676,13.309,uav_2,9.676,False,False,False,False,False,1,"[{""id"": ""obstacle_0"", ""kind"": ""static_obstacle"", ""x"": 50.0, ""y"": 50.0, ""radius"": 5.0}]"
safety_margin_confidence,122,24.4,2,41.044,34.28,86.0,90.0,50.0,50.0,,,false_negative+position_noise+confidence_error,,trust_weighted_fusion,move,confidence,1.988,0.488,,3,0,71.595,4.332,13.093,uav_3,4.332,False,False,False,False,False,1,"[{""id"": ""obstacle_0"", ""kind"": ""static_obstacle"", ""x"": 50.0, ""y"": 50.0, ""radius"": 5.0}]"
safety_margin_confidence,122,24.4,3,43.976,37.468,90.0,86.0,50.0,50.0,,,false_negative+position_noise+confidence_error,,trust_weighted_fusion,avoidance,confidence,1.668,0.16799999999999993,,3,0,66.885,4.332,8.905,uav_2,4.332,False,False,False,False,False,1,"[{""id"": ""obstacle_0"", ""kind"": ""static_obstacle"", ""x"": 50.0, ""y"": 50.0, ""radius"": 5.0}]"
safety_margin_confidence,123,24.6,0,32.594,31.14,94.0,90.0,50.0,50.0,,,position_noise+confidence_error,,trust_weighted_fusion,move,confidence,2.264,0.7639999999999998,,3,0,85.06,8.907,20.665,uav_2,8.907,False,False,False,False,False,1,"[{""id"": ""obstacle_0"", ""kind"": ""static_obstacle"", ""x"": 50.0, ""y"": 50.0, ""radius"": 5.0}]"
safety_margin_confidence,123,24.6,1,34.345,41.07,90.0,94.0,50.0,50.0,50.044,48.976,false_negative+position_noise+confidence_error,0.384,trust_weighted_fusion,avoidance,confidence,2.144,0.6440000000000001,,3,0,76.806,9.761,13.023,uav_2,9.761,False,False,False,False,False,1,"[{""id"": ""obstacle_0"", ""kind"": ""static_obstacle"", ""x"": 50.0, ""y"": 50.0, ""radius"": 5.0}]"
safety_margin_confidence,123,24.6,2,41.04,33.966,86.0,90.0,50.0,50.0,50.044,48.976,position_noise+confidence_error,0.384,trust_weighted_fusion,avoidance,confidence,1.732,0.23199999999999998,,4,0,71.841,4.822,13.367,uav_3,4.822,False,False,False,False,False,1,"[{""id"": ""obstacle_0"", ""kind"": ""static_obstacle"", ""x"": 50.0, ""y"": 50.0, ""radius"": 5.0}]"
safety_margin_confidence,123,24.6,3,44.282,37.536,90.0,86.0,50.0,50.0,50.044,48.976,false_negative+position_noise+confidence_error,0.384,trust_weighted_fusion,avoidance,confidence,1.732,0.23199999999999998,,2,0,66.625,4.822,8.713,uav_2,4.822,False,False,False,False,False,1,"[{""id"": ""obstacle_0"", ""kind"": ""static_obstacle"", ""x"": 50.0, ""y"": 50.0, ""radius"": 5.0}]"
safety_margin_confidence,124,24.8,0,32.813,31.35,94.0,90.0,50.0,50.0,,,false_negative+position_noise+confidence_error,,trust_weighted_fusion,move,confidence,1.938,0.43799999999999994,,2,0,84.757,8.631,20.362,uav_2,8.631,False,False,False,False,False,1,"[{""id"": ""obstacle_0"", ""kind"": ""static_obstacle"", ""x"": 50.0, ""y"": 50.0, ""radius"": 5.0}]"
safety_margin_confidence,124,24.8,1,34.658,41.148,90.0,94.0,50.0,50.0,49.68,49.863,false_negative+position_noise+confidence_error,0.471,trust_weighted_fusion,avoidance,confidence,1.558,0.05800000000000005,,2,0,76.526,9.896,12.713,uav_2,9.896,False,False,False,False,False,1,"[{""id"": ""obstacle_0"", ""kind"": ""static_obstacle"", ""x"": 50.0, ""y"": 50.0, ""radius"": 5.0}]"
safety_margin_confidence,124,24.8,2,41.128,33.661,86.0,90.0,50.0,50.0,49.68,49.863,false_negative+position_noise+confidence_error,0.471,trust_weighted_fusion,avoidance,confidence,1.634,0.1339999999999999,,3,0,72.025,5.115,13.592,uav_3,5.115,False,False,False,False,False,1,"[{""id"": ""obstacle_0"", ""kind"": ""static_obstacle"", ""x"": 50.0, ""y"": 50.0, ""radius"": 5.0}]"
safety_margin_confidence,124,24.8,3,44.586,37.43,90.0,86.0,50.0,50.0,49.68,49.863,position_noise+confidence_error,0.471,trust_weighted_fusion,avoidance,confidence,1.558,0.05800000000000005,,4,0,66.494,5.115,8.686,uav_2,5.115,False,False,False,False,False,1,"[{""id"": ""obstacle_0"", ""kind"": ""static_obstacle"", ""x"": 50.0, ""y"": 50.0, ""radius"": 5.0}]"
safety_margin_confidence,125,25.0,0,33.05,31.577,94.0,90.0,50.0,50.0,,,false_negative+position_noise+confidence_error,,trust_weighted_fusion,move,confidence,1.424,0.0,,2,0,84.428,8.456,20.034,uav_2,8.456,False,False,False,False,False,1,"[{""id"": ""obstacle_0"", ""kind"": ""static_obstacle"", ""x"": 50.0, ""y"": 50.0, ""radius"": 5.0}]"
safety_margin_confidence,125,25.0,1,34.945,41.226,90.0,94.0,50.0,50.0,50.509,51.53,false_negative+position_noise+confidence_error,0.226,trust_weighted_fusion,avoidance,confidence,2.048,0.548,,2,0,76.264,9.833,12.425,uav_0,9.833,False,False,False,False,False,1,"[{""id"": ""obstacle_0"", ""kind"": ""static_obstacle"", ""x"": 50.0, ""y"": 50.0, ""radius"": 5.0}]"
safety_margin_confidence,125,25.0,2,41.299,33.437,86.0,90.0,50.0,50.0,48.39,50.851,position_noise+confidence_error,0.061,trust_weighted_fusion,avoidance,confidence,2.378,0.8780000000000001,,4,0,72.094,5.331,13.709,uav_3,5.331,False,False,False,False,False,1,"[{""id"": ""obstacle_0"", ""kind"": ""static_obstacle"", ""x"": 50.0, ""y"": 50.0, ""radius"": 5.0}]"
safety_margin_confidence,125,25.0,3,44.88,37.386,90.0,86.0,50.0,50.0,50.509,51.53,false_negative+position_noise+confidence_error,0.226,trust_weighted_fusion,avoidance,confidence,2.048,0.548,,3,0,66.326,5.331,8.614,uav_2,5.331,False,False,False,False,False,1,"[{""id"": ""obstacle_0"", ""kind"": ""static_obstacle"", ""x"": 50.0, ""y"": 50.0, ""radius"": 5.0}]"
safety_margin_confidence,126,25.2,0,33.257,31.776,94.0,90.0,50.0,50.0,,,false_negative+position_noise+confidence_error,,trust_weighted_fusion,move,confidence,2.266,0.766,,1,0,84.142,8.533,19.748,uav_2,8.533,False,False,False,False,False,1,"[{""id"": ""obstacle_0"", ""kind"": ""static_obstacle"", ""x"": 50.0, ""y"": 50.0, ""radius"": 5.0}]"
safety_margin_confidence,126,25.2,1,35.254,41.144,90.0,94.0,50.0,50.0,46.961,49.862,false_negative+position_noise+confidence_error,0.554,trust_weighted_fusion,avoidance,confidence,1.594,0.09400000000000008,,2,0,76.097,9.579,12.201,uav_0,9.579,False,False,False,False,False,1,"[{""id"": ""obstacle_0"", ""kind"": ""static_obstacle"", ""x"": 50.0, ""y"": 50.0, ""radius"": 5.0}]"
safety_margin_confidence,126,25.2,2,41.614,33.497,86.0,90.0,50.0,50.0,46.961,49.862,false_negative+position_noise+confidence_error,0.554,trust_weighted_fusion,avoidance,confidence,1.58,0.08000000000000007,,3,0,71.852,5.222,13.511,uav_3,5.222,False,False,False,False,False,1,"[{""id"": ""obstacle_0"", ""kind"": ""static_obstacle"", ""x"": 50.0, ""y"": 50.0, ""radius"": 5.0}]"
safety_margin_confidence,126,25.2,3,45.194,37.299,90.0,86.0,50.0,50.0,46.961,49.862,false_negative+position_noise+confidence_error,0.554,trust_weighted_fusion,avoidance,confidence,1.5,0.0,,2,0,66.177,5.222,8.58,uav_2,5.222,False,False,False,False,False,1,"[{""id"": ""obstacle_0"", ""kind"": ""static_obstacle"", ""x"": 50.0, ""y"": 50.0, ""radius"": 5.0}]"
safety_margin_confidence,127,25.4,0,33.491,32.0,94.0,90.0,50.0,50.0,,,false_negative+position_noise+confidence_error,,trust_weighted_fusion,move,confidence,1.504,0.0040000000000000036,,2,0,83.817,8.502,19.424,uav_2,8.502,False,False,False,False,False,1,"[{""id"": ""obstacle_0"", ""kind"": ""static_obstacle"", ""x"": 50.0, ""y"": 50.0, ""radius"": 5.0}]"
safety_margin_confidence,127,25.4,1,35.5,41.381,90.0,94.0,50.0,50.0,,,false_negative+position_noise+confidence_error,,trust_weighted_fusion,move,confidence,1.178,0.0,,1,0,75.756,9.594,11.868,uav_0,9.594,False,False,False,False,False,1,"[{""id"": ""obstacle_0"", ""kind"": ""static_obstacle"", ""x"": 50.0, ""y"": 50.0, ""radius"": 5.0}]"
safety_margin_confidence,127,25.4,2,41.811,33.748,86.0,90.0,50.0,50.0,,,false_negative+position_noise+confidence_error,,trust_weighted_fusion,move,confidence,1.612,0.1120000000000001,,1,0,71.532,5.213,13.198,uav_3,5.213,False,False,False,False,False,1,"[{""id"": ""obstacle_0"", ""kind"": ""static_obstacle"", ""x"": 50.0, ""y"": 50.0, ""radius"": 5.0}]"
safety_margin_confidence,127,25.4,3,45.403,37.527,90.0,86.0,50.0,50.0,,,false_negative+position_noise+confidence_error,,trust_weighted_fusion,move,confidence,1.81,0.31000000000000005,,3,0,65.867,5.213,8.293,uav_2,5.213,False,False,False,False,False,1,"[{""id"": ""obstacle_0"", ""kind"": ""static_obstacle"", ""x"": 50.0, ""y"": 50.0, ""radius"": 5.0}]"
safety_margin_confidence,128,25.6,0,33.737,32.236,94.0,90.0,50.0,50.0,,,false_negative+position_noise+confidence_error,,trust_weighted_fusion,move,confidence,1.188,0.0,,1,0,83.476,8.516,19.084,uav_2,8.516,False,False,False,False,False,1,"[{""id"": ""obstacle_0"", ""kind"": ""static_obstacle"", ""x"": 50.0, ""y"": 50.0, ""radius"": 5.0}]"
safety_margin_confidence,128,25.6,1,35.808,41.359,90.0,94.0,50.0,50.0,48.899,50.013,false_negative+position_noise+confidence_error,0.345,trust_weighted_fusion,avoidance,confidence,1.81,0.31000000000000005,,3,0,75.55,9.355,11.616,uav_0,9.355,False,False,False,False,False,1,"[{""id"": ""obstacle_0"", ""kind"": ""static_obstacle"", ""x"": 50.0, ""y"": 50.0, ""radius"": 5.0}]"
safety_margin_confidence,128,25.6,2,42.108,33.804,86.0,90.0,50.0,50.0,48.899,50.013,false_negative+position_noise+confidence_error,0.345,trust_weighted_fusion,avoidance,confidence,1.966,0.46599999999999997,,3,0,71.306,5.082,13.017,uav_3,5.082,False,False,False,False,False,1,"[{""id"": ""obstacle_0"", ""kind"": ""static_obstacle"", ""x"": 50.0, ""y"": 50.0, ""radius"": 5.0}]"
safety_margin_confidence,128,25.6,3,45.668,37.431,90.0,86.0,50.0,50.0,48.899,50.013,false_negative+position_noise+confidence_error,0.345,trust_weighted_fusion,avoidance,confidence,2.372,0.8719999999999999,,3,0,65.759,5.082,8.295,uav_2,5.082,False,False,False,False,False,1,"[{""id"": ""obstacle_0"", ""kind"": ""static_obstacle"", ""x"": 50.0, ""y"": 50.0, ""radius"": 5.0}]"
safety_margin_confidence,129,25.8,0,33.958,32.448,94.0,90.0,50.0,50.0,,,position_noise+confidence_error,,trust_weighted_fusion,move,confidence,1.878,0.3779999999999999,,3,0,83.17,8.567,18.778,uav_2,8.567,False,False,False,False,False,1,"[{""id"": ""obstacle_0"", ""kind"": ""static_obstacle"", ""x"": 50.0, ""y"": 50.0, ""radius"": 5.0}]"
safety_margin_confidence,129,25.8,1,36.112,41.392,90.0,94.0,50.0,50.0,50.235,50.244,false_negative+position_noise+confidence_error,0.307,trust_weighted_fusion,avoidance,confidence,1.886,0.3859999999999999,,2,0,75.31,9.2,11.339,uav_0,9.2,False,False,False,False,False,1,"[{""id"": ""obstacle_0"", ""kind"": ""static_obstacle"", ""x"": 50.0, ""y"": 50.0, ""radius"": 5.0}]"
safety_margin_confidence,129,25.8,2,42.406,33.874,86.0,90.0,50.0,50.0,50.235,50.244,false_negative+position_noise+confidence_error,0.307,trust_weighted_fusion,avoidance,confidence,1.886,0.3859999999999999,,2,0,71.068,4.962,12.825,uav_3,4.962,False,False,False,False,False,1,"[{""id"": ""obstacle_0"", ""kind"": ""static_obstacle"", ""x"": 50.0, ""y"": 50.0, ""radius"": 5.0}]"
safety_margin_confidence,129,25.8,3,45.959,37.337,90.0,86.0,50.0,50.0,50.235,50.244,false_negative+position_noise+confidence_error,0.307,trust_weighted_fusion,avoidance,confidence,1.886,0.3859999999999999,,3,0,65.634,4.962,8.293,uav_2,4.962,False,False,False,False,False,1,"[{""id"": ""obstacle_0"", ""kind"": ""static_obstacle"", ""x"": 50.0, ""y"": 50.0, ""radius"": 5.0}]"
safety_margin_confidence,130,26.0,0,34.165,32.646,94.0,90.0,50.0,50.0,,,position_noise+confidence_error,,trust_weighted_fusion,move,confidence,2.276,0.7759999999999998,,3,0,82.884,8.335,18.493,uav_2,8.335,False,False,False,False,False,1,"[{""id"": ""obstacle_0"", ""kind"": ""static_obstacle"", ""x"": 50.0, ""y"": 50.0, ""radius"": 5.0}]"
safety_margin_confidence,130,26.0,1,36.401,41.464,90.0,94.0,50.0,50.0,51.235,52.341,position_noise+confidence_error,0.308,trust_weighted_fusion,avoidance,confidence,2.04,0.54,,4,0,75.053,9.097,11.056,uav_0,9.097,False,False,False,False,False,1,"[{""id"": ""obstacle_0"", ""kind"": ""static_obstacle"", ""x"": 50.0, ""y"": 50.0, ""radius"": 5.0}]"
safety_margin_confidence,130,26.0,2,42.446,33.587,86.0,90.0,50.0,50.0,52.777,53.745,false_negative+position_noise+confidence_error,0.148,trust_weighted_fusion,avoidance,confidence,2.204,0.7040000000000002,,3,0,71.27,5.343,13.068,uav_3,5.343,False,False,False,False,False,1,"[{""id"": ""obstacle_0"", ""kind"": ""static_obstacle"", ""x"": 50.0, ""y"": 50.0, ""radius"": 5.0}]"
safety_margin_confidence,130,26.0,3,46.264,37.325,90.0,86.0,50.0,50.0,51.235,52.341,false_negative+position_noise+confidence_error,0.308,trust_weighted_fusion,avoidance,confidence,1.884,0.3839999999999999,,3,0,65.438,5.343,8.214,uav_2,5.343,False,False,False,False,False,1,"[{""id"": ""obstacle_0"", ""kind"": ""static_obstacle"", ""x"": 50.0, ""y"": 50.0, ""radius"": 5.0}]"
safety_margin_confidence,131,26.2,0,34.371,32.843,94.0,90.0,50.0,50.0,,,position_noise+confidence_error,,trust_weighted_fusion,move,confidence,2.294,0.794,,3,0,82.599,8.406,18.208,uav_2,8.406,False,False,False,False,False,1,"[{""id"": ""obstacle_0"", ""kind"": ""static_obstacle"", ""x"": 50.0, ""y"": 50.0, ""radius"": 5.0}]"
safety_margin_confidence,131,26.2,1,36.674,41.347,90.0,94.0,50.0,50.0,49.312,48.807,position_noise+confidence_error,0.217,trust_weighted_fusion,avoidance,confidence,2.066,0.5659999999999998,,4,0,74.94,8.81,10.889,uav_0,8.81,False,False,False,False,False,1,"[{""id"": ""obstacle_0"", ""kind"": ""static_obstacle"", ""x"": 50.0, ""y"": 50.0, ""radius"": 5.0}]"
safety_margin_confidence,131,26.2,2,42.742,33.608,86.0,90.0,50.0,50.0,49.312,48.807,false_negative+position_noise+confidence_error,0.217,trust_weighted_fusion,avoidance,confidence,2.066,0.5659999999999998,,2,0,71.072,5.196,12.927,uav_3,5.196,False,False,False,False,False,1,"[{""id"": ""obstacle_0"", ""kind"": ""static_obstacle"", ""x"": 50.0, ""y"": 50.0, ""radius"": 5.0}]"
safety_margin_confidence,131,26.2,3,46.52,37.175,90.0,86.0,50.0,50.0,49.312,48.807,false_negative+position_noise+confidence_error,0.217,trust_weighted_fusion,avoidance,confidence,2.066,0.5659999999999998,,2,0,65.379,5.196,8.289,uav_2,5.196,False,False,False,False,False,1,"[{""id"": ""obstacle_0"", ""kind"": ""static_obstacle"", ""x"": 50.0, ""y"": 50.0, ""radius"": 5.0}]"
safety_margin_confidence,132,26.4,0,34.607,33.069,94.0,90.0,50.0,50.0,,,false_negative+position_noise+confidence_error,,trust_weighted_fusion,move,confidence,1.472,0.0,,2,0,82.272,8.421,17.883,uav_2,8.421,False,False,False,False,False,1,"[{""id"": ""obstacle_0"", ""kind"": ""static_obstacle"", ""x"": 50.0, ""y"": 50.0, ""radius"": 5.0}]"
safety_margin_confidence,132,26.4,1,36.949,41.361,90.0,94.0,50.0,50.0,50.702,51.838,false_negative+position_noise+confidence_error,0.0,trust_weighted_fusion,avoidance,confidence,2.5,1.0,,2,0,74.735,8.617,10.651,uav_0,8.617,False,False,False,False,False,1,"[{""id"": ""obstacle_0"", ""kind"": ""static_obstacle"", ""x"": 50.0, ""y"": 50.0, ""radius"": 5.0}]"
safety_margin_confidence,132,26.4,2,43.005,33.689,86.0,90.0,50.0,50.0,50.702,51.838,false_negative+position_noise+confidence_error,0.0,trust_weighted_fusion,avoidance,confidence,2.5,1.0,,3,0,70.848,5.188,12.747,uav_3,5.188,False,False,False,False,False,1,"[{""id"": ""obstacle_0"", ""kind"": ""static_obstacle"", ""x"": 50.0, ""y"": 50.0, ""radius"": 5.0}]"
safety_margin_confidence,132,26.4,3,46.587,37.442,90.0,86.0,50.0,50.0,50.702,51.838,false_negative+position_noise+confidence_error,0.0,trust_weighted_fusion,avoidance,confidence,2.5,1.0,,4,0,65.135,5.188,8.014,uav_2,5.188,False,False,False,False,False,1,"[{""id"": ""obstacle_0"", ""kind"": ""static_obstacle"", ""x"": 50.0, ""y"": 50.0, ""radius"": 5.0}]"
safety_margin_confidence,133,26.6,0,34.843,33.295,94.0,90.0,50.0,50.0,,,false_negative+position_noise+confidence_error,,trust_weighted_fusion,move,confidence,1.462,0.0,,2,0,81.945,8.409,17.556,uav_1,8.409,False,False,False,False,False,1,"[{""id"": ""obstacle_0"", ""kind"": ""static_obstacle"", ""x"": 50.0, ""y"": 50.0, ""radius"": 5.0}]"
safety_margin_confidence,133,26.6,1,37.243,41.354,90.0,94.0,50.0,50.0,51.046,49.093,false_negative+position_noise+confidence_error,0.197,trust_weighted_fusion,avoidance,confidence,2.106,0.6059999999999999,,3,0,74.531,8.409,10.41,uav_0,8.409,False,False,False,False,False,1,"[{""id"": ""obstacle_0"", ""kind"": ""static_obstacle"", ""x"": 50.0, ""y"": 50.0, ""radius"": 5.0}]"
safety_margin_confidence,133,26.6,2,43.297,33.731,86.0,90.0,50.0,50.0,51.046,49.093,false_negative+position_noise+confidence_error,0.197,trust_weighted_fusion,avoidance,confidence,2.106,0.6059999999999999,,2,0,70.638,5.023,12.596,uav_3,5.023,False,False,False,False,False,1,"[{""id"": ""obstacle_0"", ""kind"": ""static_obstacle"", ""x"": 50.0, ""y"": 50.0, ""radius"": 5.0}]"
safety_margin_confidence,133,26.6,3,46.835,37.296,90.0,86.0,50.0,50.0,51.046,49.093,false_negative+position_noise+confidence_error,0.197,trust_weighted_fusion,avoidance,confidence,2.236,0.7360000000000002,,3,0,65.079,5.023,8.092,uav_2,5.023,False,False,False,False,False,1,"[{""id"": ""obstacle_0"", ""kind"": ""static_obstacle"", ""x"": 50.0, ""y"": 50.0, ""radius"": 5.0}]"
safety_margin_confidence,134,26.8,0,35.091,33.533,94.0,90.0,50.0,50.0,,,false_negative+position_noise+confidence_error,,trust_weighted_fusion,move,confidence,1.12,0.0,,1,0,81.601,8.125,17.213,uav_1,8.125,False,False,False,False,False,1,"[{""id"": ""obstacle_0"", ""kind"": ""static_obstacle"", ""x"": 50.0, ""y"": 50.0, ""radius"": 5.0}]"
safety_margin_confidence,134,26.8,1,37.552,41.276,90.0,94.0,50.0,50.0,50.215,47.881,false_negative+position_noise+confidence_error,0.54,trust_weighted_fusion,avoidance,confidence,1.634,0.1339999999999999,,3,0,74.368,8.125,10.2,uav_0,8.125,False,False,False,False,False,1,"[{""id"": ""obstacle_0"", ""kind"": ""static_obstacle"", ""x"": 50.0, ""y"": 50.0, ""radius"": 5.0}]"
safety_margin_confidence,134,26.8,2,43.341,33.406,86.0,90.0,50.0,50.0,50.215,47.881,false_negative+position_noise+confidence_error,0.54,trust_weighted_fusion,avoidance,confidence,1.448,0.0,,3,0,70.871,5.277,12.88,uav_3,5.277,False,False,False,False,False,1,"[{""id"": ""obstacle_0"", ""kind"": ""static_obstacle"", ""x"": 50.0, ""y"": 50.0, ""radius"": 5.0}]"
safety_margin_confidence,134,26.8,3,47.073,37.137,90.0,86.0,50.0,50.0,50.215,47.881,false_negative+position_noise+confidence_error,0.54,trust_weighted_fusion,avoidance,confidence,2.284,0.7839999999999998,,3,0,65.041,5.277,8.192,uav_2,5.277,False,False,False,False,False,1,"[{""id"": ""obstacle_0"", ""kind"": ""static_obstacle"", ""x"": 50.0, ""y"": 50.0, ""radius"": 5.0}]"
safety_margin_confidence,135,27.0,0,35.301,33.734,94.0,90.0,50.0,50.0,,,false_negative+position_noise+confidence_error,,trust_weighted_fusion,move,confidence,2.188,0.6880000000000002,,2,0,81.311,8.014,16.923,uav_1,8.014,False,False,False,False,False,1,"[{""id"": ""obstacle_0"", ""kind"": ""static_obstacle"", ""x"": 50.0, ""y"": 50.0, ""radius"": 5.0}]"
safety_margin_confidence,135,27.0,1,37.832,41.338,90.0,94.0,50.0,50.0,52.652,46.74,false_negative+position_noise+confidence_error,0.114,trust_weighted_fusion,avoidance,confidence,2.272,0.7719999999999998,,2,0,74.127,8.014,9.936,uav_0,8.014,False,False,False,False,False,1,"[{""id"": ""obstacle_0"", ""kind"": ""static_obstacle"", ""x"": 50.0, ""y"": 50.0, ""radius"": 5.0}]"
safety_margin_confidence,135,27.0,2,43.627,33.405,86.0,90.0,50.0,50.0,52.652,46.74,false_negative+position_noise+confidence_error,0.114,trust_weighted_fusion,avoidance,confidence,2.272,0.7719999999999998,,3,0,70.7,5.024,12.777,uav_3,5.024,False,False,False,False,False,1,"[{""id"": ""obstacle_0"", ""kind"": ""static_obstacle"", ""x"": 50.0, ""y"": 50.0, ""radius"": 5.0}]"
safety_margin_confidence,135,27.0,3,47.235,36.901,90.0,86.0,50.0,50.0,52.652,46.74,false_negative+position_noise+confidence_error,0.114,trust_weighted_fusion,avoidance,confidence,2.272,0.7719999999999998,,3,0,65.112,5.024,8.387,uav_2,5.024,False,False,False,False,False,1,"[{""id"": ""obstacle_0"", ""kind"": ""static_obstacle"", ""x"": 50.0, ""y"": 50.0, ""radius"": 5.0}]"
safety_margin_confidence,136,27.2,0,35.533,33.957,94.0,90.0,50.0,50.0,,,false_negative+position_noise+confidence_error,,trust_weighted_fusion,move,confidence,1.56,0.06000000000000005,,2,0,80.989,7.626,16.602,uav_1,7.626,False,False,False,False,False,1,"[{""id"": ""obstacle_0"", ""kind"": ""static_obstacle"", ""x"": 50.0, ""y"": 50.0, ""radius"": 5.0}]"
safety_margin_confidence,136,27.2,1,38.052,41.155,90.0,94.0,50.0,50.0,48.829,49.031,false_negative+position_noise+confidence_error,0.473,trust_weighted_fusion,avoidance,confidence,2.274,0.774,,2,0,74.103,7.626,9.866,uav_0,7.626,False,False,False,False,False,1,"[{""id"": ""obstacle_0"", ""kind"": ""static_obstacle"", ""x"": 50.0, ""y"": 50.0, ""radius"": 5.0}]"
safety_margin_confidence,136,27.2,2,43.945,33.444,86.0,90.0,50.0,50.0,48.829,49.031,false_negative+position_noise+confidence_error,0.473,trust_weighted_fusion,avoidance,confidence,1.59,0.09000000000000008,,3,0,70.478,4.922,12.628,uav_3,4.922,False,False,False,False,False,1,"[{""id"": ""obstacle_0"", ""kind"": ""static_obstacle"", ""x"": 50.0, ""y"": 50.0, ""radius"": 5.0}]"
safety_margin_confidence,136,27.2,3,47.542,36.804,90.0,86.0,50.0,50.0,48.829,49.031,position_noise+confidence_error,0.473,trust_weighted_fusion,avoidance,confidence,1.554,0.05400000000000005,,4,0,64.984,4.922,8.423,uav_2,4.922,False,False,False,False,False,1,"[{""id"": ""obstacle_0"", ""kind"": ""static_obstacle"", ""x"": 50.0, ""y"": 50.0, ""radius"": 5.0}]"
safety_margin_confidence,137,27.4,0,35.768,34.183,94.0,90.0,50.0,50.0,,,false_negative+position_noise+confidence_error,,trust_weighted_fusion,move,confidence,1.49,0.0,,2,0,80.663,7.376,16.278,uav_1,7.376,False,False,False,False,False,1,"[{""id"": ""obstacle_0"", ""kind"": ""static_obstacle"", ""x"": 50.0, ""y"": 50.0, ""radius"": 5.0}]"
safety_margin_confidence,137,27.4,1,38.349,41.092,90.0,94.0,50.0,50.0,47.939,52.38,false_negative+position_noise+confidence_error,0.532,trust_weighted_fusion,avoidance,confidence,1.914,0.4139999999999999,,3,0,73.94,7.376,9.666,uav_0,7.376,False,False,False,False,False,1,"[{""id"": ""obstacle_0"", ""kind"": ""static_obstacle"", ""x"": 50.0, ""y"": 50.0, ""radius"": 5.0}]"
safety_margin_confidence,137,27.4,2,44.236,33.547,86.0,90.0,50.0,50.0,47.939,52.38,false_negative+position_noise+confidence_error,0.532,trust_weighted_fusion,avoidance,confidence,1.826,0.32600000000000007,,3,0,70.222,4.881,12.433,uav_3,4.881,False,False,False,False,False,1,"[{""id"": ""obstacle_0"", ""kind"": ""static_obstacle"", ""x"": 50.0, ""y"": 50.0, ""radius"": 5.0}]"
safety_margin_confidence,137,27.4,3,47.848,36.83,90.0,86.0,50.0,50.0,47.939,52.38,false_negative+position_noise+confidence_error,0.532,trust_weighted_fusion,avoidance,confidence,1.87,0.3700000000000001,,3,0,64.765,4.881,8.345,uav_2,4.881,False,False,False,False,False,1,"[{""id"": ""obstacle_0"", ""kind"": ""static_obstacle"", ""x"": 50.0, ""y"": 50.0, ""radius"": 5.0}]"
safety_margin_confidence,138,27.6,0,35.996,34.401,94.0,90.0,50.0,50.0,,,position_noise+confidence_error,,trust_weighted_fusion,move,confidence,1.682,0.18199999999999994,,3,0,80.347,7.158,15.963,uav_1,7.158,False,False,False,False,False,1,"[{""id"": ""obstacle_0"", ""kind"": ""static_obstacle"", ""x"": 50.0, ""y"": 50.0, ""radius"": 5.0}]"
safety_margin_confidence,138,27.6,1,38.649,41.049,90.0,94.0,50.0,50.0,50.982,49.574,false_negative+position_noise+confidence_error,0.47,trust_weighted_fusion,avoidance,confidence,1.946,0.44599999999999995,,2,0,73.761,7.158,9.456,uav_0,7.158,False,False,False,False,False,1,"[{""id"": ""obstacle_0"", ""kind"": ""static_obstacle"", ""x"": 50.0, ""y"": 50.0, ""radius"": 5.0}]"
safety_margin_confidence,138,27.6,2,44.22,33.239,86.0,90.0,50.0,50.0,50.982,49.574,false_negative+position_noise+confidence_error,0.47,trust_weighted_fusion,avoidance,confidence,1.822,0.32200000000000006,,2,0,70.48,5.425,12.73,uav_3,5.425,False,False,False,False,False,1,"[{""id"": ""obstacle_0"", ""kind"": ""static_obstacle"", ""x"": 50.0, ""y"": 50.0, ""radius"": 5.0}]"
safety_margin_confidence,138,27.6,3,48.097,37.033,90.0,86.0,50.0,50.0,50.982,49.574,false_negative+position_noise+confidence_error,0.47,trust_weighted_fusion,avoidance,confidence,1.56,0.06000000000000005,,3,0,64.448,5.425,8.106,uav_2,5.425,False,False,False,False,False,1,"[{""id"": ""obstacle_0"", ""kind"": ""static_obstacle"", ""x"": 50.0, ""y"": 50.0, ""radius"": 5.0}]"
safety_margin_confidence,139,27.8,0,35.95,34.073,94.0,90.0,50.0,50.0,47.434,47.78,false_negative+position_noise+confidence_error,0.636,trust_weighted_fusion,avoidance,confidence,1.366,0.0,,2,0,80.608,7.243,16.239,uav_1,7.243,False,False,False,False,False,1,"[{""id"": ""obstacle_0"", ""kind"": ""static_obstacle"", ""x"": 50.0, ""y"": 50.0, ""radius"": 5.0}]"
safety_margin_confidence,139,27.8,1,38.74,40.757,90.0,94.0,50.0,50.0,47.434,47.78,false_negative+position_noise+confidence_error,0.636,trust_weighted_fusion,avoidance,confidence,1.888,0.3879999999999999,,2,0,73.908,7.243,9.568,uav_0,7.243,False,False,False,False,False,1,"[{""id"": ""obstacle_0"", ""kind"": ""static_obstacle"", ""x"": 50.0, ""y"": 50.0, ""radius"": 5.0}]"
safety_margin_confidence,139,27.8,2,44.371,32.969,86.0,90.0,50.0,50.0,47.434,47.78,false_negative+position_noise+confidence_error,0.636,trust_weighted_fusion,avoidance,confidence,1.81,0.31000000000000005,,3,0,70.608,5.657,12.937,uav_3,5.657,False,False,False,False,False,1,"[{""id"": ""obstacle_0"", ""kind"": ""static_obstacle"", ""x"": 50.0, ""y"": 50.0, ""radius"": 5.0}]"
safety_margin_confidence,139,27.8,3,48.403,36.937,90.0,86.0,50.0,50.0,47.434,47.78,false_negative+position_noise+confidence_error,0.636,trust_weighted_fusion,avoidance,confidence,1.592,0.09200000000000008,,3,0,64.323,5.657,8.16,uav_2,5.657,False,False,False,False,False,1,"[{""id"": ""obstacle_0"", ""kind"": ""static_obstacle"", ""x"": 50.0, ""y"": 50.0, ""radius"": 5.0}]"
safety_margin_confidence,140,28.0,0,36.257,34.141,94.0,90.0,50.0,50.0,47.654,49.94,position_noise+confidence_error,0.567,trust_weighted_fusion,avoidance,confidence,1.726,0.22599999999999998,,4,0,80.34,6.981,15.986,uav_1,6.981,False,False,False,False,False,1,"[{""id"": ""obstacle_0"", ""kind"": ""static_obstacle"", ""x"": 50.0, ""y"": 50.0, ""radius"": 5.0}]"
safety_margin_confidence,140,28.0,1,38.984,40.566,90.0,94.0,50.0,50.0,47.654,49.94,position_noise+confidence_error,0.567,trust_weighted_fusion,avoidance,confidence,1.798,0.29800000000000004,,4,0,73.877,6.981,9.503,uav_0,6.981,False,False,False,False,False,1,"[{""id"": ""obstacle_0"", ""kind"": ""static_obstacle"", ""x"": 50.0, ""y"": 50.0, ""radius"": 5.0}]"
safety_margin_confidence,140,28.0,2,44.685,33.043,86.0,90.0,50.0,50.0,47.654,49.94,position_noise+confidence_error,0.567,trust_weighted_fusion,avoidance,confidence,1.564,0.06400000000000006,,4,0,70.364,5.588,12.771,uav_3,5.588,False,False,False,False,False,1,"[{""id"": ""obstacle_0"", ""kind"": ""static_obstacle"", ""x"": 50.0, ""y"": 50.0, ""radius"": 5.0}]"
safety_margin_confidence,140,28.0,3,48.716,36.913,90.0,86.0,50.0,50.0,47.654,49.94,false_negative+position_noise+confidence_error,0.567,trust_weighted_fusion,avoidance,confidence,1.728,0.22799999999999998,,3,0,64.14,5.588,8.15,uav_2,5.588,False,False,False,False,False,1,"[{""id"": ""obstacle_0"", ""kind"": ""static_obstacle"", ""x"": 50.0, ""y"": 50.0, ""radius"": 5.0}]"
safety_margin_confidence,141,28.2,0,36.562,34.17,94.0,90.0,50.0,50.0,48.232,47.783,false_negative+confidence_error,0.317,trust_weighted_fusion,avoidance,confidence,1.866,0.3660000000000001,,1,0,80.1,6.603,15.764,uav_1,6.603,False,False,False,False,False,1,"[{""id"": ""obstacle_0"", ""kind"": ""static_obstacle"", ""x"": 50.0, ""y"": 50.0, ""radius"": 5.0}]"
safety_margin_confidence,141,28.2,1,39.08,40.275,90.0,94.0,50.0,50.0,48.232,47.783,false_negative+position_noise+confidence_error,0.317,trust_weighted_fusion,avoidance,confidence,1.866,0.3660000000000001,,3,0,74.022,6.603,9.623,uav_0,6.603,False,False,False,False,False,1,"[{""id"": ""obstacle_0"", ""kind"": ""static_obstacle"", ""x"": 50.0, ""y"": 50.0, ""radius"": 5.0}]"
safety_margin_confidence,141,28.2,2,44.991,33.04,86.0,90.0,50.0,50.0,48.232,47.783,false_negative+position_noise+confidence_error,0.317,trust_weighted_fusion,avoidance,confidence,1.866,0.3660000000000001,,2,0,70.186,5.674,12.684,uav_3,5.674,False,False,False,False,False,1,"[{""id"": ""obstacle_0"", ""kind"": ""static_obstacle"", ""x"": 50.0, ""y"": 50.0, ""radius"": 5.0}]"
safety_margin_confidence,141,28.2,3,48.967,37.089,90.0,86.0,50.0,50.0,48.232,47.783,false_negative+position_noise+confidence_error,0.317,trust_weighted_fusion,avoidance,confidence,1.866,0.3660000000000001,,2,0,63.844,5.674,7.952,uav_2,5.674,False,False,False,False,False,1,"[{""id"": ""obstacle_0"", ""kind"": ""static_obstacle"", ""x"": 50.0, ""y"": 50.0, ""radius"": 5.0}]"
safety_margin_confidence,142,28.4,0,36.845,34.235,94.0,90.0,50.0,50.0,49.019,49.234,false_negative+position_noise+confidence_error,0.539,trust_weighted_fusion,avoidance,confidence,2.186,0.6859999999999999,,3,0,79.852,6.761,15.532,uav_1,6.761,False,False,False,False,False,1,"[{""id"": ""obstacle_0"", ""kind"": ""static_obstacle"", ""x"": 50.0, ""y"": 50.0, ""radius"": 5.0}]"
safety_margin_confidence,142,28.4,1,39.121,40.601,90.0,94.0,50.0,50.0,49.019,49.234,position_noise+confidence_error,0.539,trust_weighted_fusion,avoidance,confidence,1.422,0.0,,4,0,73.757,6.761,9.377,uav_0,6.761,False,False,False,False,False,1,"[{""id"": ""obstacle_0"", ""kind"": ""static_obstacle"", ""x"": 50.0, ""y"": 50.0, ""radius"": 5.0}]"
safety_margin_confidence,142,28.4,2,45.023,32.735,86.0,90.0,50.0,50.0,49.019,49.234,position_noise+confidence_error,0.539,trust_weighted_fusion,avoidance,confidence,1.864,0.3640000000000001,,4,0,70.416,6.046,12.968,uav_3,6.046,False,False,False,False,False,1,"[{""id"": ""obstacle_0"", ""kind"": ""static_obstacle"", ""x"": 50.0, ""y"": 50.0, ""radius"": 5.0}]"
safety_margin_confidence,142,28.4,3,49.288,37.021,90.0,86.0,50.0,50.0,49.019,49.234,false_negative+position_noise+confidence_error,0.539,trust_weighted_fusion,avoidance,confidence,1.422,0.0,,2,0,63.69,6.046,7.999,uav_2,6.046,False,False,False,False,False,1,"[{""id"": ""obstacle_0"", ""kind"": ""static_obstacle"", ""x"": 50.0, ""y"": 50.0, ""radius"": 5.0}]"
safety_margin_confidence,143,28.6,0,37.146,34.303,94.0,90.0,50.0,50.0,48.513,50.055,position_noise+confidence_error,0.563,trust_weighted_fusion,avoidance,confidence,1.834,0.3340000000000001,,4,0,79.59,6.88,15.288,uav_1,6.88,False,False,False,False,False,1,"[{""id"": ""obstacle_0"", ""kind"": ""static_obstacle"", ""x"": 50.0, ""y"": 50.0, ""radius"": 5.0}]"
safety_margin_confidence,143,28.6,1,39.087,40.904,90.0,94.0,50.0,50.0,48.513,50.055,position_noise+confidence_error,0.563,trust_weighted_fusion,avoidance,confidence,1.908,0.4079999999999999,,4,0,73.562,6.88,9.207,uav_0,6.88,False,False,False,False,False,1,"[{""id"": ""obstacle_0"", ""kind"": ""static_obstacle"", ""x"": 50.0, ""y"": 50.0, ""radius"": 5.0}]"
safety_margin_confidence,143,28.6,2,45.3,32.81,86.0,90.0,50.0,50.0,48.513,50.055,false_negative+position_noise+confidence_error,0.563,trust_weighted_fusion,avoidance,confidence,2.252,0.7519999999999998,,2,0,70.194,6.091,12.821,uav_3,6.091,False,False,False,False,False,1,"[{""id"": ""obstacle_0"", ""kind"": ""static_obstacle"", ""x"": 50.0, ""y"": 50.0, ""radius"": 5.0}]"
safety_margin_confidence,143,28.6,3,49.408,37.307,90.0,86.0,50.0,50.0,48.513,50.055,position_noise+confidence_error,0.563,trust_weighted_fusion,avoidance,confidence,1.786,0.28600000000000003,,4,0,63.393,6.091,7.707,uav_2,6.091,False,False,False,False,False,1,"[{""id"": ""obstacle_0"", ""kind"": ""static_obstacle"", ""x"": 50.0, ""y"": 50.0, ""radius"": 5.0}]"
safety_margin_confidence,144,28.8,0,37.367,34.52,94.0,90.0,50.0,50.0,,,false_negative+position_noise+confidence_error,,trust_weighted_fusion,move,confidence,1.798,0.29800000000000004,,1,0,79.28,6.655,14.98,uav_1,6.655,False,False,False,False,False,1,"[{""id"": ""obstacle_0"", ""kind"": ""static_obstacle"", ""x"": 50.0, ""y"": 50.0, ""radius"": 5.0}]"
safety_margin_confidence,144,28.8,1,39.4,40.858,90.0,94.0,50.0,50.0,50.41,50.836,false_negative+position_noise+confidence_error,0.611,trust_weighted_fusion,avoidance,confidence,1.68,0.17999999999999994,,3,0,73.379,6.655,8.998,uav_0,6.655,False,False,False,False,False,1,"[{""id"": ""obstacle_0"", ""kind"": ""static_obstacle"", ""x"": 50.0, ""y"": 50.0, ""radius"": 5.0}]"
safety_margin_confidence,144,28.8,2,45.618,32.921,86.0,90.0,50.0,50.0,50.41,50.836,false_negative+confidence_error,0.611,trust_weighted_fusion,avoidance,confidence,1.278,0.0,,1,0,69.92,5.983,12.633,uav_3,5.983,False,False,False,False,False,1,"[{""id"": ""obstacle_0"", ""kind"": ""static_obstacle"", ""x"": 50.0, ""y"": 50.0, ""radius"": 5.0}]"
safety_margin_confidence,144,28.8,3,49.714,37.282,90.0,86.0,50.0,50.0,50.41,50.836,false_negative+position_noise+confidence_error,0.611,trust_weighted_fusion,avoidance,confidence,1.86,0.3600000000000001,,3,0,63.217,5.983,7.721,uav_2,5.983,False,False,False,False,False,1,"[{""id"": ""obstacle_0"", ""kind"": ""static_obstacle"", ""x"": 50.0, ""y"": 50.0, ""radius"": 5.0}]"
safety_margin_confidence,145,29.0,0,37.694,34.552,94.0,90.0,50.0,50.0,49.025,47.762,false_negative+position_noise+confidence_error,0.527,trust_weighted_fusion,avoidance,confidence,1.446,0.0,,2,0,79.025,6.31,14.751,uav_1,6.31,False,False,False,False,False,1,"[{""id"": ""obstacle_0"", ""kind"": ""static_obstacle"", ""x"": 50.0, ""y"": 50.0, ""radius"": 5.0}]"
safety_margin_confidence,145,29.0,1,39.509,40.595,90.0,94.0,50.0,50.0,49.025,47.762,false_negative+position_noise+confidence_error,0.527,trust_weighted_fusion,avoidance,confidence,2.322,0.8220000000000001,,3,0,73.494,6.31,9.089,uav_0,6.31,False,False,False,False,False,1,"[{""id"": ""obstacle_0"", ""kind"": ""static_obstacle"", ""x"": 50.0, ""y"": 50.0, ""radius"": 5.0}]"
safety_margin_confidence,145,29.0,2,45.564,32.612,86.0,90.0,50.0,50.0,49.025,47.762,position_noise+confidence_error,0.527,trust_weighted_fusion,avoidance,confidence,1.734,0.23399999999999999,,4,0,70.203,6.373,12.945,uav_3,6.373,False,False,False,False,False,1,"[{""id"": ""obstacle_0"", ""kind"": ""static_obstacle"", ""x"": 50.0, ""y"": 50.0, ""radius"": 5.0}]"
safety_margin_confidence,145,29.0,3,50.021,37.167,90.0,86.0,50.0,50.0,49.025,47.762,false_negative+position_noise+confidence_error,0.527,trust_weighted_fusion,avoidance,confidence,1.446,0.0,,3,0,63.11,6.373,7.833,uav_2,6.373,False,False,False,False,False,1,"[{""id"": ""obstacle_0"", ""kind"": ""static_obstacle"", ""x"": 50.0, ""y"": 50.0, ""radius"": 5.0}]"
safety_margin_confidence,146,29.2,0,37.914,34.769,94.0,90.0,50.0,50.0,,,false_negative+position_noise+confidence_error,,trust_weighted_fusion,move,confidence,1.826,0.32600000000000007,,3,0,78.716,6.109,14.444,uav_1,6.109,False,False,False,False,False,1,"[{""id"": ""obstacle_0"", ""kind"": ""static_obstacle"", ""x"": 50.0, ""y"": 50.0, ""radius"": 5.0}]"
safety_margin_confidence,146,29.2,1,39.783,40.585,90.0,94.0,50.0,50.0,49.837,54.193,false_negative+position_noise+confidence_error,0.0,trust_weighted_fusion,avoidance,confidence,2.5,1.0,,3,0,73.314,6.109,8.893,uav_0,6.109,False,False,False,False,False,1,"[{""id"": ""obstacle_0"", ""kind"": ""static_obstacle"", ""x"": 50.0, ""y"": 50.0, ""radius"": 5.0}]"
safety_margin_confidence,146,29.2,2,45.722,32.837,86.0,90.0,50.0,50.0,49.837,54.193,false_negative+position_noise+confidence_error,0.0,trust_weighted_fusion,move,confidence,2.5,1.0,,2,0,69.928,6.323,12.688,uav_3,6.323,False,False,False,False,False,1,"[{""id"": ""obstacle_0"", ""kind"": ""static_obstacle"", ""x"": 50.0, ""y"": 50.0, ""radius"": 5.0}]"
safety_margin_confidence,146,29.2,3,50.294,37.205,90.0,86.0,50.0,50.0,49.837,54.193,false_negative+position_noise+confidence_error,0.0,trust_weighted_fusion,avoidance,confidence,2.5,1.0,,2,0,62.909,6.323,7.798,uav_2,6.323,False,False,False,False,False,1,"[{""id"": ""obstacle_0"", ""kind"": ""static_obstacle"", ""x"": 50.0, ""y"": 50.0, ""radius"": 5.0}]"
safety_margin_confidence,147,29.4,0,38.21,34.825,94.0,90.0,50.0,50.0,46.906,52.371,false_negative+position_noise+confidence_error,0.332,trust_weighted_fusion,avoidance,confidence,1.962,0.46199999999999997,,3,0,78.465,5.937,14.217,uav_1,5.937,False,False,False,False,False,1,"[{""id"": ""obstacle_0"", ""kind"": ""static_obstacle"", ""x"": 50.0, ""y"": 50.0, ""radius"": 5.0}]"
safety_margin_confidence,147,29.4,1,40.067,40.464,90.0,94.0,50.0,50.0,46.906,52.371,false_negative+position_noise+confidence_error,0.332,trust_weighted_fusion,avoidance,confidence,1.836,0.3360000000000001,,1,0,73.208,5.937,8.769,uav_0,5.937,False,False,False,False,False,1,"[{""id"": ""obstacle_0"", ""kind"": ""static_obstacle"", ""x"": 50.0, ""y"": 50.0, ""radius"": 5.0}]"
safety_margin_confidence,147,29.4,2,46.01,32.947,86.0,90.0,50.0,50.0,46.906,52.371,false_negative+position_noise+confidence_error,0.332,trust_weighted_fusion,avoidance,confidence,1.836,0.3360000000000001,,3,0,69.673,6.287,12.514,uav_3,6.287,False,False,False,False,False,1,"[{""id"": ""obstacle_0"", ""kind"": ""static_obstacle"", ""x"": 50.0, ""y"": 50.0, ""radius"": 5.0}]"
safety_margin_confidence,147,29.4,3,50.59,37.254,90.0,86.0,50.0,50.0,46.906,52.371,position_noise+confidence_error,0.332,trust_weighted_fusion,avoidance,confidence,1.994,0.494,,4,0,62.684,6.287,7.759,uav_2,6.287,False,False,False,False,False,1,"[{""id"": ""obstacle_0"", ""kind"": ""static_obstacle"", ""x"": 50.0, ""y"": 50.0, ""radius"": 5.0}]"
safety_margin_confidence,148,29.6,0,38.437,35.049,94.0,90.0,50.0,50.0,,,false_negative+position_noise+confidence_error,,trust_weighted_fusion,move,confidence,1.632,0.1319999999999999,,3,0,78.147,5.764,13.901,uav_1,5.764,False,False,False,False,False,1,"[{""id"": ""obstacle_0"", ""kind"": ""static_obstacle"", ""x"": 50.0, ""y"": 50.0, ""radius"": 5.0}]"
safety_margin_confidence,148,29.6,1,40.344,40.488,90.0,94.0,50.0,50.0,53.985,50.518,false_negative+position_noise+confidence_error,0.024,trust_weighted_fusion,avoidance,confidence,2.452,0.952,,2,0,73.002,5.764,8.555,uav_0,5.764,False,False,False,False,False,1,"[{""id"": ""obstacle_0"", ""kind"": ""static_obstacle"", ""x"": 50.0, ""y"": 50.0, ""radius"": 5.0}]"
safety_margin_confidence,148,29.6,2,46.274,33.032,86.0,90.0,50.0,50.0,53.985,50.518,false_negative+position_noise+confidence_error,0.024,trust_weighted_fusion,avoidance,confidence,2.452,0.952,,3,0,69.451,6.175,12.372,uav_3,6.175,False,False,False,False,False,1,"[{""id"": ""obstacle_0"", ""kind"": ""static_obstacle"", ""x"": 50.0, ""y"": 50.0, ""radius"": 5.0}]"
safety_margin_confidence,148,29.6,3,50.855,37.172,90.0,86.0,50.0,50.0,53.985,50.518,false_negative+position_noise+confidence_error,0.024,trust_weighted_fusion,avoidance,confidence,2.452,0.952,,3,0,62.582,6.175,7.856,uav_2,6.175,False,False,False,False,False,1,"[{""id"": ""obstacle_0"", ""kind"": ""static_obstacle"", ""x"": 50.0, ""y"": 50.0, ""radius"": 5.0}]"
safety_margin_confidence,149,29.8,0,38.767,35.12,94.0,90.0,50.0,50.0,51.126,48.896,false_negative+position_noise+confidence_error,0.628,trust_weighted_fusion,avoidance,confidence,1.244,0.0,,2,0,77.862,5.547,13.644,uav_1,5.547,False,False,False,False,False,1,"[{""id"": ""obstacle_0"", ""kind"": ""static_obstacle"", ""x"": 50.0, ""y"": 50.0, ""radius"": 5.0}]"
safety_margin_confidence,149,29.8,1,40.621,40.349,90.0,94.0,50.0,50.0,51.126,48.896,false_negative+position_noise+confidence_error,0.628,trust_weighted_fusion,avoidance,confidence,1.794,0.29400000000000004,,4,0,72.916,5.547,8.458,uav_0,5.547,False,False,False,False,False,1,"[{""id"": ""obstacle_0"", ""kind"": ""static_obstacle"", ""x"": 50.0, ""y"": 50.0, ""radius"": 5.0}]"
safety_margin_confidence,149,29.8,2,46.606,33.098,86.0,90.0,50.0,50.0,51.126,48.896,false_negative+position_noise+confidence_error,0.628,trust_weighted_fusion,avoidance,confidence,1.244,0.0,,2,0,69.208,6.05,12.24,uav_3,6.05,False,False,False,False,False,1,"[{""id"": ""obstacle_0"", ""kind"": ""static_obstacle"", ""x"": 50.0, ""y"": 50.0, ""radius"": 5.0}]"
safety_margin_confidence,149,29.8,3,51.142,37.101,90.0,86.0,50.0,50.0,51.126,48.896,false_negative+position_noise+confidence_error,0.628,trust_weighted_fusion,avoidance,confidence,2.094,0.5939999999999999,,3,0,62.459,6.05,7.949,uav_2,6.05,False,False,False,False,False,1,"[{""id"": ""obstacle_0"", ""kind"": ""static_obstacle"", ""x"": 50.0, ""y"": 50.0, ""radius"": 5.0}]"
safety_margin_confidence,150,30.0,0,39.074,35.158,94.0,90.0,50.0,50.0,50.543,48.697,position_noise+confidence_error,0.455,trust_weighted_fusion,avoidance,confidence,1.818,0.31800000000000006,,4,0,77.618,5.279,13.431,uav_1,5.279,False,False,False,False,False,1,"[{""id"": ""obstacle_0"", ""kind"": ""static_obstacle"", ""x"": 50.0, ""y"": 50.0, ""radius"": 5.0}]"
safety_margin_confidence,150,30.0,1,40.846,40.13,90.0,94.0,50.0,50.0,50.543,48.697,false_negative+position_noise+confidence_error,0.455,trust_weighted_fusion,avoidance,confidence,1.722,0.22199999999999998,,3,0,72.925,5.279,8.461,uav_0,5.279,False,False,False,False,False,1,"[{""id"": ""obstacle_0"", ""kind"": ""static_obstacle"", ""x"": 50.0, ""y"": 50.0, ""radius"": 5.0}]"
safety_margin_confidence,150,30.0,2,46.924,33.139,86.0,90.0,50.0,50.0,50.543,48.697,false_negative+position_noise+confidence_error,0.455,trust_weighted_fusion,avoidance,confidence,1.59,0.09000000000000008,,3,0,68.994,6.056,12.14,uav_3,6.056,False,False,False,False,False,1,"[{""id"": ""obstacle_0"", ""kind"": ""static_obstacle"", ""x"": 50.0, ""y"": 50.0, ""radius"": 5.0}]"
safety_margin_confidence,150,30.0,3,51.254,37.373,90.0,86.0,50.0,50.0,50.543,48.697,false_negative+position_noise+confidence_error,0.455,trust_weighted_fusion,avoidance,confidence,2.126,0.6259999999999999,,3,0,62.176,6.056,7.69,uav_2,6.056,False,False,False,False,False,1,"[{""id"": ""obstacle_0"", ""kind"": ""static_obstacle"", ""x"": 50.0, ""y"": 50.0, ""radius"": 5.0}]"
safety_margin_confidence,151,30.2,0,38.746,35.106,94.0,90.0,50.0,50.0,50.412,47.265,false_negative+position_noise+confidence_error,0.583,trust_weighted_fusion,avoidance,confidence,1.376,0.0,,3,0,77.887,5.272,13.667,uav_1,5.272,False,False,False,False,False,1,"[{""id"": ""obstacle_0"", ""kind"": ""static_obstacle"", ""x"": 50.0, ""y"": 50.0, ""radius"": 5.0}]"
safety_margin_confidence,151,30.2,1,40.971,39.885,90.0,94.0,50.0,50.0,50.412,47.265,position_noise+confidence_error,0.583,trust_weighted_fusion,avoidance,confidence,2.5,1.0,,4,0,73.022,5.272,8.558,uav_0,5.272,False,False,False,False,False,1,"[{""id"": ""obstacle_0"", ""kind"": ""static_obstacle"", ""x"": 50.0, ""y"": 50.0, ""radius"": 5.0}]"
safety_margin_confidence,151,30.2,2,46.962,32.866,86.0,90.0,50.0,50.0,50.412,47.265,position_noise+confidence_error,0.583,trust_weighted_fusion,avoidance,confidence,2.5,1.0,,4,0,69.197,6.346,12.401,uav_3,6.346,False,False,False,False,False,1,"[{""id"": ""obstacle_0"", ""kind"": ""static_obstacle"", ""x"": 50.0, ""y"": 50.0, ""radius"": 5.0}]"
safety_margin_confidence,151,30.2,3,51.555,37.246,90.0,86.0,50.0,50.0,50.412,47.265,false_negative+position_noise+confidence_error,0.583,trust_weighted_fusion,avoidance,confidence,1.468,0.0,,3,0,62.088,6.346,7.848,uav_2,6.346,False,False,False,False,False,1,"[{""id"": ""obstacle_0"", ""kind"": ""static_obstacle"", ""x"": 50.0, ""y"": 50.0, ""radius"": 5.0}]"
safety_margin_confidence,152,30.4,0,38.716,34.812,94.0,90.0,50.0,50.0,46.551,47.431,false_negative+position_noise+confidence_error,0.21,trust_weighted_fusion,avoidance,confidence,2.08,0.5800000000000001,,4,0,78.116,5.317,13.922,uav_1,5.317,False,False,False,False,False,1,"[{""id"": ""obstacle_0"", ""kind"": ""static_obstacle"", ""x"": 50.0, ""y"": 50.0, ""radius"": 5.0}]"
safety_margin_confidence,152,30.4,1,41.034,39.596,90.0,94.0,50.0,50.0,46.551,47.431,false_negative+position_noise+confidence_error,0.21,trust_weighted_fusion,avoidance,confidence,2.08,0.5800000000000001,,3,0,73.195,5.317,8.734,uav_0,5.317,False,False,False,False,False,1,"[{""id"": ""obstacle_0"", ""kind"": ""static_obstacle"", ""x"": 50.0, ""y"": 50.0, ""radius"": 5.0}]"
safety_margin_confidence,152,30.4,2,46.982,32.58,86.0,90.0,50.0,50.0,46.551,47.431,position_noise+confidence_error,0.21,trust_weighted_fusion,avoidance,confidence,2.248,0.7480000000000002,,4,0,69.423,6.738,12.68,uav_3,6.738,False,False,False,False,False,1,"[{""id"": ""obstacle_0"", ""kind"": ""static_obstacle"", ""x"": 50.0, ""y"": 50.0, ""radius"": 5.0}]"
safety_margin_confidence,152,30.4,3,51.851,37.237,90.0,86.0,50.0,50.0,46.551,47.431,false_negative+position_noise+confidence_error,0.21,trust_weighted_fusion,avoidance,confidence,2.08,0.5800000000000001,,2,0,61.913,6.738,7.896,uav_2,6.738,False,False,False,False,False,1,"[{""id"": ""obstacle_0"", ""kind"": ""static_obstacle"", ""x"": 50.0, ""y"": 50.0, ""radius"": 5.0}]"
safety_margin_confidence,153,30.6,0,38.489,35.01,94.0,90.0,50.0,50.0,,,false_negative+position_noise+confidence_error,,trust_weighted_fusion,avoidance,confidence,1.974,0.474,,3,0,78.137,5.537,13.9,uav_1,5.537,False,False,False,False,False,1,"[{""id"": ""obstacle_0"", ""kind"": ""static_obstacle"", ""x"": 50.0, ""y"": 50.0, ""radius"": 5.0}]"
safety_margin_confidence,153,30.6,1,41.234,39.818,90.0,94.0,50.0,50.0,,,false_negative+position_noise+confidence_error,,trust_weighted_fusion,move,confidence,2.02,0.52,,2,0,72.896,5.537,8.435,uav_0,5.537,False,False,False,False,False,1,"[{""id"": ""obstacle_0"", ""kind"": ""static_obstacle"", ""x"": 50.0, ""y"": 50.0, ""radius"": 5.0}]"
safety_margin_confidence,153,30.6,2,47.172,32.859,86.0,90.0,50.0,50.0,,,false_negative+position_noise+confidence_error,,trust_weighted_fusion,move,confidence,1.234,0.0,,2,0,69.084,6.711,12.372,uav_3,6.711,False,False,False,False,False,1,"[{""id"": ""obstacle_0"", ""kind"": ""static_obstacle"", ""x"": 50.0, ""y"": 50.0, ""radius"": 5.0}]"
safety_margin_confidence,153,30.6,3,52.04,37.479,90.0,86.0,50.0,50.0,,,false_negative+position_noise+confidence_error,,trust_weighted_fusion,move,confidence,1.846,0.3460000000000001,,2,0,61.605,6.711,7.686,uav_2,6.711,False,False,False,False,False,1,"[{""id"": ""obstacle_0"", ""kind"": ""static_obstacle"", ""x"": 50.0, ""y"": 50.0, ""radius"": 5.0}]"
safety_margin_confidence,154,30.8,0,38.798,35.056,94.0,90.0,50.0,50.0,48.953,50.247,position_noise+confidence_error,0.52,trust_weighted_fusion,avoidance,confidence,1.758,0.258,,4,0,77.885,5.629,13.677,uav_1,5.629,False,False,False,False,False,1,"[{""id"": ""obstacle_0"", ""kind"": ""static_obstacle"", ""x"": 50.0, ""y"": 50.0, ""radius"": 5.0}]"
safety_margin_confidence,154,30.8,1,41.249,40.123,90.0,94.0,50.0,50.0,48.953,50.247,position_noise+confidence_error,0.52,trust_weighted_fusion,avoidance,confidence,1.904,0.4039999999999999,,4,0,72.659,5.629,8.196,uav_0,5.629,False,False,False,False,False,1,"[{""id"": ""obstacle_0"", ""kind"": ""static_obstacle"", ""x"": 50.0, ""y"": 50.0, ""radius"": 5.0}]"
safety_margin_confidence,154,30.8,2,47.487,32.949,86.0,90.0,50.0,50.0,48.953,50.247,false_negative+confidence_error,0.52,trust_weighted_fusion,avoidance,confidence,1.46,0.0,,1,0,68.834,6.642,12.235,uav_3,6.642,False,False,False,False,False,1,"[{""id"": ""obstacle_0"", ""kind"": ""static_obstacle"", ""x"": 50.0, ""y"": 50.0, ""radius"": 5.0}]"
safety_margin_confidence,154,30.8,3,52.333,37.491,90.0,86.0,50.0,50.0,48.953,50.247,position_noise+confidence_error,0.52,trust_weighted_fusion,avoidance,confidence,2.132,0.6320000000000001,,4,0,61.416,6.642,7.725,uav_2,6.642,False,False,False,False,False,1,"[{""id"": ""obstacle_0"", ""kind"": ""static_obstacle"", ""x"": 50.0, ""y"": 50.0, ""radius"": 5.0}]"
safety_margin_confidence,155,31.0,0,39.088,35.022,94.0,90.0,50.0,50.0,45.954,48.837,false_negative+position_noise+confidence_error,0.474,trust_weighted_fusion,avoidance,confidence,2.152,0.6520000000000001,,3,0,77.704,5.374,13.531,uav_1,5.374,False,False,False,False,False,1,"[{""id"": ""obstacle_0"", ""kind"": ""static_obstacle"", ""x"": 50.0, ""y"": 50.0, ""radius"": 5.0}]"
safety_margin_confidence,155,31.0,1,41.406,39.87,90.0,94.0,50.0,50.0,45.954,48.837,position_noise+confidence_error,0.474,trust_weighted_fusion,avoidance,confidence,2.06,0.56,,4,0,72.742,5.374,8.284,uav_0,5.374,False,False,False,False,False,1,"[{""id"": ""obstacle_0"", ""kind"": ""static_obstacle"", ""x"": 50.0, ""y"": 50.0, ""radius"": 5.0}]"
safety_margin_confidence,155,31.0,2,47.801,33.02,86.0,90.0,50.0,50.0,45.954,48.837,dropout+confidence_error,0.474,trust_weighted_fusion,avoidance,confidence,1.552,0.052000000000000046,,1,0,68.599,6.626,12.122,uav_3,6.626,False,False,False,False,False,1,"[{""id"": ""obstacle_0"", ""kind"": ""static_obstacle"", ""x"": 50.0, ""y"": 50.0, ""radius"": 5.0}]"
safety_margin_confidence,155,31.0,3,52.641,37.545,90.0,86.0,50.0,50.0,45.954,48.837,position_noise+confidence_error,0.474,trust_weighted_fusion,avoidance,confidence,1.758,0.258,,4,0,61.185,6.626,7.732,uav_2,6.626,False,False,False,False,False,1,"[{""id"": ""obstacle_0"", ""kind"": ""static_obstacle"", ""x"": 50.0, ""y"": 50.0, ""radius"": 5.0}]"
safety_margin_confidence,156,31.2,0,39.057,34.731,94.0,90.0,50.0,50.0,49.42,49.588,false_negative+position_noise+confidence_error,0.42,trust_weighted_fusion,avoidance,confidence,2.152,0.6520000000000001,,4,0,77.932,5.574,13.785,uav_1,5.574,False,False,False,False,False,1,"[{""id"": ""obstacle_0"", ""kind"": ""static_obstacle"", ""x"": 50.0, ""y"": 50.0, ""radius"": 5.0}]"
safety_margin_confidence,156,31.2,1,41.642,39.669,90.0,94.0,50.0,50.0,49.42,49.588,false_negative+position_noise+confidence_error,0.42,trust_weighted_fusion,avoidance,confidence,1.802,0.30200000000000005,,3,0,72.735,5.574,8.288,uav_0,5.574,False,False,False,False,False,1,"[{""id"": ""obstacle_0"", ""kind"": ""static_obstacle"", ""x"": 50.0, ""y"": 50.0, ""radius"": 5.0}]"
safety_margin_confidence,156,31.2,2,48.111,33.087,86.0,90.0,50.0,50.0,49.42,49.588,dropout+confidence_error,0.42,trust_weighted_fusion,avoidance,confidence,1.66,0.15999999999999992,,1,0,68.371,6.577,12.018,uav_3,6.577,False,False,False,False,False,1,"[{""id"": ""obstacle_0"", ""kind"": ""static_obstacle"", ""x"": 50.0, ""y"": 50.0, ""radius"": 5.0}]"
safety_margin_confidence,156,31.2,3,52.952,37.539,90.0,86.0,50.0,50.0,49.42,49.588,false_negative+position_noise+confidence_error,0.42,trust_weighted_fusion,avoidance,confidence,1.782,0.28200000000000003,,3,0,61.0,6.577,7.805,uav_2,6.577,False,False,False,False,False,1,"[{""id"": ""obstacle_0"", ""kind"": ""static_obstacle"", ""x"": 50.0, ""y"": 50.0, ""radius"": 5.0}]"
safety_margin_confidence,157,31.4,0,39.381,34.734,94.0,90.0,50.0,50.0,46.701,49.402,false_negative+position_noise+confidence_error,0.58,trust_weighted_fusion,avoidance,confidence,1.514,0.014000000000000012,,2,0,77.702,5.331,13.596,uav_1,5.331,False,False,False,False,False,1,"[{""id"": ""obstacle_0"", ""kind"": ""static_obstacle"", ""x"": 50.0, ""y"": 50.0, ""radius"": 5.0}]"
safety_margin_confidence,157,31.4,1,41.874,39.446,90.0,94.0,50.0,50.0,46.701,49.402,false_negative+position_noise+confidence_error,0.58,trust_weighted_fusion,avoidance,confidence,1.556,0.05600000000000005,,3,0,72.748,5.331,8.32,uav_0,5.331,False,False,False,False,False,1,"[{""id"": ""obstacle_0"", ""kind"": ""static_obstacle"", ""x"": 50.0, ""y"": 50.0, ""radius"": 5.0}]"
safety_margin_confidence,157,31.4,2,48.432,33.174,86.0,90.0,50.0,50.0,46.701,49.402,dropout+confidence_error,0.58,trust_weighted_fusion,avoidance,confidence,1.34,0.0,,1,0,68.121,6.558,11.899,uav_3,6.558,False,False,False,False,False,1,"[{""id"": ""obstacle_0"", ""kind"": ""static_obstacle"", ""x"": 50.0, ""y"": 50.0, ""radius"": 5.0}]"
safety_margin_confidence,157,31.4,3,53.268,37.604,90.0,86.0,50.0,50.0,46.701,49.402,false_negative+position_noise+confidence_error,0.58,trust_weighted_fusion,avoidance,confidence,1.55,0.050000000000000044,,2,0,60.757,6.558,7.819,uav_2,6.558,False,False,False,False,False,1,"[{""id"": ""obstacle_0"", ""kind"": ""static_obstacle"", ""x"": 50.0, ""y"": 50.0, ""radius"": 5.0}]"
safety_margin_confidence,158,31.6,0,39.676,34.793,94.0,90.0,50.0,50.0,51.663,48.734,false_negative+position_noise+confidence_error,0.549,trust_weighted_fusion,avoidance,confidence,1.992,0.492,,3,0,77.452,5.135,13.38,uav_1,5.135,False,False,False,False,False,1,"[{""id"": ""obstacle_0"", ""kind"": ""static_obstacle"", ""x"": 50.0, ""y"": 50.0, ""radius"": 5.0}]"
safety_margin_confidence,158,31.6,1,42.115,39.313,90.0,94.0,50.0,50.0,51.663,48.734,false_negative+position_noise+confidence_error,0.549,trust_weighted_fusion,avoidance,confidence,2.5,1.0,,2,0,72.689,5.135,8.281,uav_0,5.135,False,False,False,False,False,1,"[{""id"": ""obstacle_0"", ""kind"": ""static_obstacle"", ""x"": 50.0, ""y"": 50.0, ""radius"": 5.0}]"
safety_margin_confidence,158,31.6,2,48.758,33.224,86.0,90.0,50.0,50.0,51.663,48.734,dropout+confidence_error,0.549,trust_weighted_fusion,avoidance,confidence,1.402,0.0,,1,0,67.9,6.48,11.821,uav_3,6.48,False,False,False,False,False,1,"[{""id"": ""obstacle_0"", ""kind"": ""static_obstacle"", ""x"": 50.0, ""y"": 50.0, ""radius"": 5.0}]"
safety_margin_confidence,158,31.6,3,53.591,37.541,90.0,86.0,50.0,50.0,51.663,48.734,false_negative+position_noise+confidence_error,0.549,trust_weighted_fusion,avoidance,confidence,1.402,0.0,,2,0,60.613,6.48,7.966,uav_2,6.48,False,False,False,False,False,1,"[{""id"": ""obstacle_0"", ""kind"": ""static_obstacle"", ""x"": 50.0, ""y"": 50.0, ""radius"": 5.0}]"
safety_margin_confidence,159,31.8,0,39.95,34.849,94.0,90.0,50.0,50.0,49.301,51.821,position_noise+confidence_error,0.374,trust_weighted_fusion,avoidance,confidence,2.41,0.9100000000000001,,4,0,77.221,5.27,13.181,uav_1,5.27,False,False,False,False,False,1,"[{""id"": ""obstacle_0"", ""kind"": ""static_obstacle"", ""x"": 50.0, ""y"": 50.0, ""radius"": 5.0}]"
safety_margin_confidence,159,31.8,1,42.293,39.57,90.0,94.0,50.0,50.0,49.301,51.821,false_negative+position_noise+confidence_error,0.374,trust_weighted_fusion,avoidance,confidence,1.752,0.252,,3,0,72.379,5.27,7.969,uav_0,5.27,False,False,False,False,False,1,"[{""id"": ""obstacle_0"", ""kind"": ""static_obstacle"", ""x"": 50.0, ""y"": 50.0, ""radius"": 5.0}]"
safety_margin_confidence,159,31.8,2,49.052,33.332,86.0,90.0,50.0,50.0,49.301,51.821,dropout+confidence_error,0.374,trust_weighted_fusion,avoidance,confidence,1.752,0.252,,1,0,67.649,6.456,11.695,uav_3,6.456,False,False,False,False,False,1,"[{""id"": ""obstacle_0"", ""kind"": ""static_obstacle"", ""x"": 50.0, ""y"": 50.0, ""radius"": 5.0}]"
safety_margin_confidence,159,31.8,3,53.899,37.597,90.0,86.0,50.0,50.0,49.301,51.821,false_negative+position_noise+confidence_error,0.374,trust_weighted_fusion,avoidance,confidence,1.752,0.252,,4,0,60.383,6.456,8.001,uav_2,6.456,False,False,False,False,False,1,"[{""id"": ""obstacle_0"", ""kind"": ""static_obstacle"", ""x"": 50.0, ""y"": 50.0, ""radius"": 5.0}]"
safety_margin_confidence,160,32.0,0,40.258,34.92,94.0,90.0,50.0,50.0,51.312,50.833,false_negative+position_noise+confidence_error,0.419,trust_weighted_fusion,avoidance,confidence,1.662,0.16199999999999992,,2,0,76.954,5.121,12.952,uav_1,5.121,False,False,False,False,False,1,"[{""id"": ""obstacle_0"", ""kind"": ""static_obstacle"", ""x"": 50.0, ""y"": 50.0, ""radius"": 5.0}]"
safety_margin_confidence,160,32.0,1,42.587,39.482,90.0,94.0,50.0,50.0,51.312,50.833,false_negative+position_noise+confidence_error,0.419,trust_weighted_fusion,avoidance,confidence,1.862,0.3620000000000001,,3,0,72.251,5.121,7.868,uav_0,5.121,False,False,False,False,False,1,"[{""id"": ""obstacle_0"", ""kind"": ""static_obstacle"", ""x"": 50.0, ""y"": 50.0, ""radius"": 5.0}]"
safety_margin_confidence,160,32.0,2,49.352,33.422,86.0,90.0,50.0,50.0,51.312,50.833,false_negative+position_noise+confidence_error,0.419,trust_weighted_fusion,avoidance,confidence,1.724,0.22399999999999998,,4,0,67.41,6.418,11.591,uav_3,6.418,False,False,False,False,False,1,"[{""id"": ""obstacle_0"", ""kind"": ""static_obstacle"", ""x"": 50.0, ""y"": 50.0, ""radius"": 5.0}]"
safety_margin_confidence,160,32.0,3,54.215,37.609,90.0,86.0,50.0,50.0,51.312,50.833,false_negative+position_noise+confidence_error,0.419,trust_weighted_fusion,avoidance,confidence,1.662,0.16199999999999992,,3,0,60.185,6.418,8.088,uav_2,6.418,False,False,False,False,False,1,"[{""id"": ""obstacle_0"", ""kind"": ""static_obstacle"", ""x"": 50.0, ""y"": 50.0, ""radius"": 5.0}]"
safety_margin_confidence,161,32.2,0,40.574,34.926,94.0,90.0,50.0,50.0,49.127,49.192,false_negative+position_noise+confidence_error,0.469,trust_weighted_fusion,avoidance,confidence,1.688,0.18799999999999994,,3,0,76.73,5.198,12.779,uav_1,5.198,False,False,False,False,False,1,"[{""id"": ""obstacle_0"", ""kind"": ""static_obstacle"", ""x"": 50.0, ""y"": 50.0, ""radius"": 5.0}]"
safety_margin_confidence,161,32.2,1,42.473,39.764,90.0,94.0,50.0,50.0,49.127,49.192,position_noise+confidence_error,0.469,trust_weighted_fusion,avoidance,confidence,1.92,0.41999999999999993,,4,0,72.113,5.198,7.706,uav_0,5.198,False,False,False,False,False,1,"[{""id"": ""obstacle_0"", ""kind"": ""static_obstacle"", ""x"": 50.0, ""y"": 50.0, ""radius"": 5.0}]"
safety_margin_confidence,161,32.2,2,49.668,33.484,86.0,90.0,50.0,50.0,49.127,49.192,position_noise+confidence_error,0.469,trust_weighted_fusion,avoidance,confidence,1.562,0.062000000000000055,,4,0,67.187,6.402,11.519,uav_3,6.402,False,False,False,False,False,1,"[{""id"": ""obstacle_0"", ""kind"": ""static_obstacle"", ""x"": 50.0, ""y"": 50.0, ""radius"": 5.0}]"
safety_margin_confidence,161,32.2,3,54.535,37.643,90.0,86.0,50.0,50.0,49.127,49.192,false_negative+position_noise+confidence_error,0.469,trust_weighted_fusion,avoidance,confidence,1.562,0.062000000000000055,,1,0,59.968,6.402,8.163,uav_2,6.402,False,False,False,False,False,1,"[{""id"": ""obstacle_0"", ""kind"": ""static_obstacle"", ""x"": 50.0, ""y"": 50.0, ""radius"": 5.0}]"
safety_margin_confidence,162,32.4,0,40.868,34.985,94.0,90.0,50.0,50.0,49.784,52.187,false_negative+position_noise+confidence_error,0.314,trust_weighted_fusion,avoidance,confidence,1.992,0.492,,2,0,76.483,5.342,12.573,uav_1,5.342,False,False,False,False,False,1,"[{""id"": ""obstacle_0"", ""kind"": ""static_obstacle"", ""x"": 50.0, ""y"": 50.0, ""radius"": 5.0}]"
safety_margin_confidence,162,32.4,1,42.514,40.067,90.0,94.0,50.0,50.0,49.784,52.187,false_negative+position_noise+confidence_error,0.314,trust_weighted_fusion,avoidance,confidence,1.872,0.3720000000000001,,3,0,71.858,5.342,7.438,uav_0,5.342,False,False,False,False,False,1,"[{""id"": ""obstacle_0"", ""kind"": ""static_obstacle"", ""x"": 50.0, ""y"": 50.0, ""radius"": 5.0}]"
safety_margin_confidence,162,32.4,2,49.955,33.593,86.0,90.0,50.0,50.0,49.784,52.187,false_negative+position_noise+confidence_error,0.314,trust_weighted_fusion,avoidance,confidence,1.872,0.3720000000000001,,3,0,66.941,6.384,11.408,uav_3,6.384,False,False,False,False,False,1,"[{""id"": ""obstacle_0"", ""kind"": ""static_obstacle"", ""x"": 50.0, ""y"": 50.0, ""radius"": 5.0}]"
safety_margin_confidence,162,32.4,3,54.835,37.709,90.0,86.0,50.0,50.0,49.784,52.187,position_noise+confidence_error,0.314,trust_weighted_fusion,avoidance,confidence,1.872,0.3720000000000001,,4,0,59.738,6.384,8.208,uav_2,6.384,False,False,False,False,False,1,"[{""id"": ""obstacle_0"", ""kind"": ""static_obstacle"", ""x"": 50.0, ""y"": 50.0, ""radius"": 5.0}]"
safety_margin_confidence,163,32.6,0,41.164,35.053,94.0,90.0,50.0,50.0,52.485,50.871,false_negative+position_noise+confidence_error,0.284,trust_weighted_fusion,avoidance,confidence,1.932,0.43199999999999994,,3,0,76.228,5.187,12.363,uav_1,5.187,False,False,False,False,False,1,"[{""id"": ""obstacle_0"", ""kind"": ""static_obstacle"", ""x"": 50.0, ""y"": 50.0, ""radius"": 5.0}]"
safety_margin_confidence,163,32.6,1,42.803,39.974,90.0,94.0,50.0,50.0,52.485,50.871,false_negative+position_noise+confidence_error,0.284,trust_weighted_fusion,avoidance,confidence,1.932,0.43199999999999994,,2,0,71.738,5.187,7.341,uav_0,5.187,False,False,False,False,False,1,"[{""id"": ""obstacle_0"", ""kind"": ""static_obstacle"", ""x"": 50.0, ""y"": 50.0, ""radius"": 5.0}]"
safety_margin_confidence,163,32.6,2,50.233,33.667,86.0,90.0,50.0,50.0,52.485,50.871,position_noise+confidence_error,0.284,trust_weighted_fusion,avoidance,confidence,2.234,0.734,,4,0,66.728,6.409,11.334,uav_3,6.409,False,False,False,False,False,1,"[{""id"": ""obstacle_0"", ""kind"": ""static_obstacle"", ""x"": 50.0, ""y"": 50.0, ""radius"": 5.0}]"
safety_margin_confidence,163,32.6,3,55.08,37.86,90.0,86.0,50.0,50.0,52.485,50.871,false_negative+position_noise+confidence_error,0.284,trust_weighted_fusion,avoidance,confidence,2.232,0.7320000000000002,,3,0,59.472,6.409,8.161,uav_2,6.409,False,False,False,False,False,1,"[{""id"": ""obstacle_0"", ""kind"": ""static_obstacle"", ""x"": 50.0, ""y"": 50.0, ""radius"": 5.0}]"
safety_margin_confidence,164,32.8,0,41.456,35.085,94.0,90.0,50.0,50.0,49.44,51.458,false_negative+position_noise+confidence_error,0.188,trust_weighted_fusion,avoidance,confidence,2.124,0.6240000000000001,,3,0,76.003,5.006,12.188,uav_1,5.006,False,False,False,False,False,1,"[{""id"": ""obstacle_0"", ""kind"": ""static_obstacle"", ""x"": 50.0, ""y"": 50.0, ""radius"": 5.0}]"
safety_margin_confidence,164,32.8,1,43.058,39.829,90.0,94.0,50.0,50.0,49.44,51.458,false_negative+position_noise+confidence_error,0.188,trust_weighted_fusion,avoidance,confidence,2.124,0.6240000000000001,,2,0,71.681,5.006,7.315,uav_0,5.006,False,False,False,False,False,1,"[{""id"": ""obstacle_0"", ""kind"": ""static_obstacle"", ""x"": 50.0, ""y"": 50.0, ""radius"": 5.0}]"
safety_margin_confidence,164,32.8,2,50.513,33.757,86.0,90.0,50.0,50.0,49.44,51.458,false_negative+position_noise+confidence_error,0.188,trust_weighted_fusion,avoidance,confidence,2.124,0.6240000000000001,,4,0,66.503,6.395,11.251,uav_3,6.395,False,False,False,False,False,1,"[{""id"": ""obstacle_0"", ""kind"": ""static_obstacle"", ""x"": 50.0, ""y"": 50.0, ""radius"": 5.0}]"
safety_margin_confidence,164,32.8,3,55.368,37.919,90.0,86.0,50.0,50.0,49.44,51.458,false_negative+position_noise+confidence_error,0.188,trust_weighted_fusion,avoidance,confidence,2.124,0.6240000000000001,,3,0,59.255,6.395,8.22,uav_2,6.395,False,False,False,False,False,1,"[{""id"": ""obstacle_0"", ""kind"": ""static_obstacle"", ""x"": 50.0, ""y"": 50.0, ""radius"": 5.0}]"
safety_margin_confidence,165,33.0,0,41.726,35.139,94.0,90.0,50.0,50.0,52.706,50.282,false_negative+position_noise+confidence_error,0.401,trust_weighted_fusion,avoidance,confidence,2.5,1.0,,3,0,75.778,4.859,12.009,uav_1,4.859,False,False,False,False,False,1,"[{""id"": ""obstacle_0"", ""kind"": ""static_obstacle"", ""x"": 50.0, ""y"": 50.0, ""radius"": 5.0}]"
safety_margin_confidence,165,33.0,1,43.346,39.72,90.0,94.0,50.0,50.0,52.706,50.282,false_negative+position_noise+confidence_error,0.401,trust_weighted_fusion,avoidance,confidence,1.842,0.3420000000000001,,2,0,71.575,4.859,7.246,uav_0,4.859,False,False,False,False,False,1,"[{""id"": ""obstacle_0"", ""kind"": ""static_obstacle"", ""x"": 50.0, ""y"": 50.0, ""radius"": 5.0}]"
safety_margin_confidence,165,33.0,2,50.805,33.825,86.0,90.0,50.0,50.0,52.706,50.282,false_negative+position_noise+confidence_error,0.401,trust_weighted_fusion,avoidance,confidence,2.01,0.5099999999999998,,2,0,66.29,6.353,11.196,uav_3,6.353,False,False,False,False,False,1,"[{""id"": ""obstacle_0"", ""kind"": ""static_obstacle"", ""x"": 50.0, ""y"": 50.0, ""radius"": 5.0}]"
safety_margin_confidence,165,33.0,3,55.669,37.912,90.0,86.0,50.0,50.0,52.706,50.282,false_negative+position_noise+confidence_error,0.401,trust_weighted_fusion,avoidance,confidence,1.988,0.488,,4,0,59.086,6.353,8.351,uav_2,6.353,False,False,False,False,False,1,"[{""id"": ""obstacle_0"", ""kind"": ""static_obstacle"", ""x"": 50.0, ""y"": 50.0, ""radius"": 5.0}]"
safety_margin_confidence,166,33.2,0,42.037,35.156,94.0,90.0,50.0,50.0,50.298,50.041,position_noise+confidence_error,0.413,trust_weighted_fusion,avoidance,confidence,1.772,0.272,,4,0,75.551,5.036,11.845,uav_1,5.036,False,False,False,False,False,1,"[{""id"": ""obstacle_0"", ""kind"": ""static_obstacle"", ""x"": 50.0, ""y"": 50.0, ""radius"": 5.0}]"
safety_margin_confidence,166,33.2,1,43.382,40.009,90.0,94.0,50.0,50.0,50.298,50.041,false_negative+position_noise+confidence_error,0.413,trust_weighted_fusion,avoidance,confidence,2.174,0.6739999999999999,,3,0,71.332,5.036,6.984,uav_0,5.036,False,False,False,False,False,1,"[{""id"": ""obstacle_0"", ""kind"": ""static_obstacle"", ""x"": 50.0, ""y"": 50.0, ""radius"": 5.0}]"
safety_margin_confidence,166,33.2,2,51.103,33.896,86.0,90.0,50.0,50.0,50.298,50.041,false_negative+position_noise+confidence_error,0.413,trust_weighted_fusion,avoidance,confidence,1.866,0.3660000000000001,,4,0,66.072,6.336,11.142,uav_3,6.336,False,False,False,False,False,1,"[{""id"": ""obstacle_0"", ""kind"": ""static_obstacle"", ""x"": 50.0, ""y"": 50.0, ""radius"": 5.0}]"
safety_margin_confidence,166,33.2,3,55.967,37.957,90.0,86.0,50.0,50.0,50.298,50.041,false_negative+position_noise+confidence_error,0.413,trust_weighted_fusion,avoidance,confidence,1.966,0.46599999999999997,,3,0,58.876,6.336,8.44,uav_2,6.336,False,False,False,False,False,1,"[{""id"": ""obstacle_0"", ""kind"": ""static_obstacle"", ""x"": 50.0, ""y"": 50.0, ""radius"": 5.0}]"
safety_margin_confidence,167,33.4,0,42.119,34.848,94.0,90.0,50.0,50.0,49.554,51.65,false_negative+position_noise+confidence_error,0.441,trust_weighted_fusion,avoidance,confidence,1.618,0.1180000000000001,,2,0,75.719,5.271,12.079,uav_1,5.271,False,False,False,False,False,1,"[{""id"": ""obstacle_0"", ""kind"": ""static_obstacle"", ""x"": 50.0, ""y"": 50.0, ""radius"": 5.0}]"
safety_margin_confidence,167,33.4,1,43.642,39.894,90.0,94.0,50.0,50.0,49.554,51.65,false_negative+position_noise+confidence_error,0.441,trust_weighted_fusion,avoidance,confidence,2.308,0.8079999999999998,,3,0,71.25,5.271,6.94,uav_0,5.271,False,False,False,False,False,1,"[{""id"": ""obstacle_0"", ""kind"": ""static_obstacle"", ""x"": 50.0, ""y"": 50.0, ""radius"": 5.0}]"
safety_margin_confidence,167,33.4,2,50.914,33.671,86.0,90.0,50.0,50.0,49.554,51.65,position_noise+confidence_error,0.441,trust_weighted_fusion,avoidance,confidence,2.124,0.6240000000000001,,4,0,66.362,6.898,11.354,uav_3,6.898,False,False,False,False,False,1,"[{""id"": ""obstacle_0"", ""kind"": ""static_obstacle"", ""x"": 50.0, ""y"": 50.0, ""radius"": 5.0}]"
safety_margin_confidence,167,33.4,3,56.252,38.039,90.0,86.0,50.0,50.0,49.554,51.65,false_negative+position_noise+confidence_error,0.441,trust_weighted_fusion,avoidance,confidence,2.066,0.5659999999999998,,3,0,58.644,6.898,8.496,uav_2,6.898,False,False,False,False,False,1,"[{""id"": ""obstacle_0"", ""kind"": ""static_obstacle"", ""x"": 50.0, ""y"": 50.0, ""radius"": 5.0}]"
safety_margin_confidence,168,33.6,0,42.421,34.826,94.0,90.0,50.0,50.0,48.493,49.484,false_negative+position_noise+confidence_error,0.274,trust_weighted_fusion,avoidance,confidence,1.952,0.45199999999999996,,3,0,75.528,5.03,11.961,uav_1,5.03,False,False,False,False,False,1,"[{""id"": ""obstacle_0"", ""kind"": ""static_obstacle"", ""x"": 50.0, ""y"": 50.0, ""radius"": 5.0}]"
safety_margin_confidence,168,33.6,1,43.828,39.656,90.0,94.0,50.0,50.0,48.493,49.484,false_negative+position_noise+confidence_error,0.274,trust_weighted_fusion,avoidance,confidence,1.952,0.45199999999999996,,3,0,71.311,5.03,7.046,uav_0,5.03,False,False,False,False,False,1,"[{""id"": ""obstacle_0"", ""kind"": ""static_obstacle"", ""x"": 50.0, ""y"": 50.0, ""radius"": 5.0}]"
safety_margin_confidence,168,33.6,2,51.207,33.743,86.0,90.0,50.0,50.0,48.493,49.484,false_negative+confidence_error,0.274,trust_weighted_fusion,avoidance,confidence,1.952,0.45199999999999996,,1,0,66.147,6.893,11.302,uav_3,6.893,False,False,False,False,False,1,"[{""id"": ""obstacle_0"", ""kind"": ""static_obstacle"", ""x"": 50.0, ""y"": 50.0, ""radius"": 5.0}]"
safety_margin_confidence,168,33.6,3,56.535,38.116,90.0,86.0,50.0,50.0,48.493,49.484,position_noise+confidence_error,0.274,trust_weighted_fusion,avoidance,confidence,2.138,0.6379999999999999,,4,0,58.419,6.893,8.562,uav_2,6.893,False,False,False,False,False,1,"[{""id"": ""obstacle_0"", ""kind"": ""static_obstacle"", ""x"": 50.0, ""y"": 50.0, ""radius"": 5.0}]"
safety_margin_confidence,169,33.8,0,42.736,34.863,94.0,90.0,50.0,50.0,48.877,51.334,false_negative+position_noise+confidence_error,0.43,trust_weighted_fusion,avoidance,confidence,1.652,0.1519999999999999,,3,0,75.287,4.86,11.79,uav_1,4.86,False,False,False,False,False,1,"[{""id"": ""obstacle_0"", ""kind"": ""static_obstacle"", ""x"": 50.0, ""y"": 50.0, ""radius"": 5.0}]"
safety_margin_confidence,169,33.8,1,44.098,39.528,90.0,94.0,50.0,50.0,48.877,51.334,false_negative+position_noise+confidence_error,0.43,trust_weighted_fusion,avoidance,confidence,2.022,0.5219999999999998,,3,0,71.233,4.86,7.02,uav_0,4.86,False,False,False,False,False,1,"[{""id"": ""obstacle_0"", ""kind"": ""static_obstacle"", ""x"": 50.0, ""y"": 50.0, ""radius"": 5.0}]"
safety_margin_confidence,169,33.8,2,51.5,33.854,86.0,90.0,50.0,50.0,48.877,51.334,false_negative+position_noise+confidence_error,0.43,trust_weighted_fusion,avoidance,confidence,1.74,0.24,,2,0,65.898,6.868,11.215,uav_3,6.868,False,False,False,False,False,1,"[{""id"": ""obstacle_0"", ""kind"": ""static_obstacle"", ""x"": 50.0, ""y"": 50.0, ""radius"": 5.0}]"
safety_margin_confidence,169,33.8,3,56.81,38.21,90.0,86.0,50.0,50.0,48.877,51.334,position_noise+confidence_error,0.43,trust_weighted_fusion,avoidance,confidence,2.18,0.6800000000000002,,4,0,58.184,6.868,8.615,uav_2,6.868,False,False,False,False,False,1,"[{""id"": ""obstacle_0"", ""kind"": ""static_obstacle"", ""x"": 50.0, ""y"": 50.0, ""radius"": 5.0}]"
safety_margin_confidence,170,34.0,0,43.019,34.902,94.0,90.0,50.0,50.0,51.81,49.958,false_negative+position_noise+confidence_error,0.62,trust_weighted_fusion,avoidance,confidence,2.294,0.794,,3,0,75.066,4.683,11.634,uav_1,4.683,False,False,False,False,False,1,"[{""id"": ""obstacle_0"", ""kind"": ""static_obstacle"", ""x"": 50.0, ""y"": 50.0, ""radius"": 5.0}]"
safety_margin_confidence,170,34.0,1,44.376,39.384,90.0,94.0,50.0,50.0,51.81,49.958,false_negative+position_noise+confidence_error,0.62,trust_weighted_fusion,avoidance,confidence,1.748,0.248,,3,0,71.165,4.683,7.014,uav_0,4.683,False,False,False,False,False,1,"[{""id"": ""obstacle_0"", ""kind"": ""static_obstacle"", ""x"": 50.0, ""y"": 50.0, ""radius"": 5.0}]"
safety_margin_confidence,170,34.0,2,51.803,33.932,86.0,90.0,50.0,50.0,51.81,49.958,false_negative+position_noise+confidence_error,0.62,trust_weighted_fusion,avoidance,confidence,1.742,0.242,,3,0,65.674,6.865,11.169,uav_3,6.865,False,False,False,False,False,1,"[{""id"": ""obstacle_0"", ""kind"": ""static_obstacle"", ""x"": 50.0, ""y"": 50.0, ""radius"": 5.0}]"
safety_margin_confidence,170,34.0,3,57.135,38.257,90.0,86.0,50.0,50.0,51.81,49.958,false_negative+position_noise+confidence_error,0.62,trust_weighted_fusion,avoidance,confidence,1.438,0.0,,3,0,57.962,6.865,8.741,uav_2,6.865,False,False,False,False,False,1,"[{""id"": ""obstacle_0"", ""kind"": ""static_obstacle"", ""x"": 50.0, ""y"": 50.0, ""radius"": 5.0}]"
safety_margin_confidence,171,34.2,0,43.305,34.867,94.0,90.0,50.0,50.0,48.646,48.568,false_negative+position_noise+confidence_error,0.58,trust_weighted_fusion,avoidance,confidence,2.228,0.7280000000000002,,4,0,74.897,4.479,11.548,uav_1,4.479,False,False,False,False,False,1,"[{""id"": ""obstacle_0"", ""kind"": ""static_obstacle"", ""x"": 50.0, ""y"": 50.0, ""radius"": 5.0}]"
safety_margin_confidence,171,34.2,1,44.557,39.167,90.0,94.0,50.0,50.0,48.646,48.568,false_negative+position_noise+confidence_error,0.58,trust_weighted_fusion,avoidance,confidence,2.34,0.8399999999999999,,3,0,71.216,4.479,7.124,uav_0,4.479,False,False,False,False,False,1,"[{""id"": ""obstacle_0"", ""kind"": ""static_obstacle"", ""x"": 50.0, ""y"": 50.0, ""radius"": 5.0}]"
safety_margin_confidence,171,34.2,2,52.117,34.008,86.0,90.0,50.0,50.0,48.646,48.568,position_noise+confidence_error,0.58,trust_weighted_fusion,avoidance,confidence,1.536,0.03600000000000003,,4,0,65.446,6.863,11.132,uav_3,6.863,False,False,False,False,False,1,"[{""id"": ""obstacle_0"", ""kind"": ""static_obstacle"", ""x"": 50.0, ""y"": 50.0, ""radius"": 5.0}]"
safety_margin_confidence,171,34.2,3,57.427,38.356,90.0,86.0,50.0,50.0,48.646,48.568,false_negative+position_noise+confidence_error,0.58,trust_weighted_fusion,avoidance,confidence,1.83,0.33000000000000007,,3,0,57.715,6.863,8.811,uav_2,6.863,False,False,False,False,False,1,"[{""id"": ""obstacle_0"", ""kind"": ""static_obstacle"", ""x"": 50.0, ""y"": 50.0, ""radius"": 5.0}]"
safety_margin_confidence,172,34.4,0,43.075,34.636,94.0,90.0,50.0,50.0,51.002,48.139,false_negative+position_noise+confidence_error,0.628,trust_weighted_fusion,avoidance,confidence,1.468,0.0,,2,0,75.224,4.601,11.853,uav_1,4.601,False,False,False,False,False,1,"[{""id"": ""obstacle_0"", ""kind"": ""static_obstacle"", ""x"": 50.0, ""y"": 50.0, ""radius"": 5.0}]"
safety_margin_confidence,172,34.4,1,44.757,38.918,90.0,94.0,50.0,50.0,51.002,48.139,false_negative+position_noise+confidence_error,0.628,trust_weighted_fusion,avoidance,confidence,1.622,0.12200000000000011,,3,0,71.281,4.601,7.26,uav_0,4.601,False,False,False,False,False,1,"[{""id"": ""obstacle_0"", ""kind"": ""static_obstacle"", ""x"": 50.0, ""y"": 50.0, ""radius"": 5.0}]"
safety_margin_confidence,172,34.4,2,52.415,34.047,86.0,90.0,50.0,50.0,51.002,48.139,position_noise+confidence_error,0.628,trust_weighted_fusion,avoidance,confidence,1.99,0.49,,4,0,65.259,6.879,11.135,uav_3,6.879,False,False,False,False,False,1,"[{""id"": ""obstacle_0"", ""kind"": ""static_obstacle"", ""x"": 50.0, ""y"": 50.0, ""radius"": 5.0}]"
safety_margin_confidence,172,34.4,3,57.734,38.409,90.0,86.0,50.0,50.0,51.002,48.139,position_noise+confidence_error,0.628,trust_weighted_fusion,avoidance,confidence,1.766,0.266,,4,0,57.498,6.879,8.935,uav_2,6.879,False,False,False,False,False,1,"[{""id"": ""obstacle_0"", ""kind"": ""static_obstacle"", ""x"": 50.0, ""y"": 50.0, ""radius"": 5.0}]"
safety_margin_confidence,173,34.6,0,43.318,34.9,94.0,90.0,50.0,50.0,,,false_negative+position_noise+confidence_error,,trust_weighted_fusion,move,confidence,0.812,0.0,,1,0,74.864,4.561,11.512,uav_1,4.561,False,False,False,False,False,1,"[{""id"": ""obstacle_0"", ""kind"": ""static_obstacle"", ""x"": 50.0, ""y"": 50.0, ""radius"": 5.0}]"
safety_margin_confidence,173,34.6,1,44.954,39.158,90.0,94.0,50.0,50.0,,,false_negative+position_noise+confidence_error,,trust_weighted_fusion,move,confidence,1.79,0.29000000000000004,,1,0,70.971,4.561,6.959,uav_0,4.561,False,False,False,False,False,1,"[{""id"": ""obstacle_0"", ""kind"": ""static_obstacle"", ""x"": 50.0, ""y"": 50.0, ""radius"": 5.0}]"
safety_margin_confidence,173,34.6,2,52.578,34.318,86.0,90.0,50.0,50.0,,,false_negative+position_noise+confidence_error,,trust_weighted_fusion,move,confidence,1.674,0.17399999999999993,,2,0,64.942,6.914,10.892,uav_3,6.914,False,False,False,False,False,1,"[{""id"": ""obstacle_0"", ""kind"": ""static_obstacle"", ""x"": 50.0, ""y"": 50.0, ""radius"": 5.0}]"
safety_margin_confidence,173,34.6,3,57.929,38.696,90.0,86.0,50.0,50.0,,,false_negative+position_noise+confidence_error,,trust_weighted_fusion,move,confidence,1.054,0.0,,1,0,57.15,6.914,8.807,uav_2,6.914,False,False,False,False,False,1,"[{""id"": ""obstacle_0"", ""kind"": ""static_obstacle"", ""x"": 50.0, ""y"": 50.0, ""radius"": 5.0}]"
safety_margin_confidence,174,34.8,0,43.624,34.854,94.0,90.0,50.0,50.0,49.896,48.53,false_negative+position_noise+confidence_error,0.35,trust_weighted_fusion,avoidance,confidence,1.8,0.30000000000000004,,2,0,74.692,4.333,11.434,uav_1,4.333,False,False,False,False,False,1,"[{""id"": ""obstacle_0"", ""kind"": ""static_obstacle"", ""x"": 50.0, ""y"": 50.0, ""radius"": 5.0}]"
safety_margin_confidence,174,34.8,1,45.134,38.915,90.0,94.0,50.0,50.0,49.896,48.53,false_negative+position_noise+confidence_error,0.35,trust_weighted_fusion,avoidance,confidence,1.948,0.44799999999999995,,4,0,71.044,4.333,7.106,uav_0,4.333,False,False,False,False,False,1,"[{""id"": ""obstacle_0"", ""kind"": ""static_obstacle"", ""x"": 50.0, ""y"": 50.0, ""radius"": 5.0}]"
safety_margin_confidence,174,34.8,2,52.884,34.366,86.0,90.0,50.0,50.0,49.896,48.53,false_negative+position_noise+confidence_error,0.35,trust_weighted_fusion,avoidance,confidence,1.8,0.30000000000000004,,2,0,64.744,6.93,10.897,uav_3,6.93,False,False,False,False,False,1,"[{""id"": ""obstacle_0"", ""kind"": ""static_obstacle"", ""x"": 50.0, ""y"": 50.0, ""radius"": 5.0}]"
safety_margin_confidence,174,34.8,3,58.228,38.778,90.0,86.0,50.0,50.0,49.896,48.53,false_negative+position_noise+confidence_error,0.35,trust_weighted_fusion,avoidance,confidence,1.8,0.30000000000000004,,1,0,56.916,6.93,8.916,uav_2,6.93,False,False,False,False,False,1,"[{""id"": ""obstacle_0"", ""kind"": ""static_obstacle"", ""x"": 50.0, ""y"": 50.0, ""radius"": 5.0}]"
safety_margin_confidence,175,35.0,0,43.941,34.869,94.0,90.0,50.0,50.0,48.163,50.771,false_negative+position_noise+confidence_error,0.42,trust_weighted_fusion,avoidance,confidence,1.66,0.15999999999999992,,2,0,74.467,4.195,11.299,uav_1,4.195,False,False,False,False,False,1,"[{""id"": ""obstacle_0"", ""kind"": ""static_obstacle"", ""x"": 50.0, ""y"": 50.0, ""radius"": 5.0}]"
safety_margin_confidence,175,35.0,1,45.426,38.792,90.0,94.0,50.0,50.0,48.163,50.771,false_negative+position_noise+confidence_error,0.42,trust_weighted_fusion,avoidance,confidence,1.66,0.15999999999999992,,2,0,70.956,4.195,7.105,uav_0,4.195,False,False,False,False,False,1,"[{""id"": ""obstacle_0"", ""kind"": ""static_obstacle"", ""x"": 50.0, ""y"": 50.0, ""radius"": 5.0}]"
safety_margin_confidence,175,35.0,2,53.179,34.483,86.0,90.0,50.0,50.0,48.163,50.771,false_negative+position_noise+confidence_error,0.42,trust_weighted_fusion,avoidance,confidence,1.66,0.15999999999999992,,2,0,64.493,6.928,10.839,uav_3,6.928,False,False,False,False,False,1,"[{""id"": ""obstacle_0"", ""kind"": ""static_obstacle"", ""x"": 50.0, ""y"": 50.0, ""radius"": 5.0}]"
safety_margin_confidence,175,35.0,3,58.512,38.906,90.0,86.0,50.0,50.0,48.163,50.771,position_noise+confidence_error,0.42,trust_weighted_fusion,avoidance,confidence,1.78,0.28,,3,0,56.651,6.928,8.983,uav_2,6.928,False,False,False,False,False,1,"[{""id"": ""obstacle_0"", ""kind"": ""static_obstacle"", ""x"": 50.0, ""y"": 50.0, ""radius"": 5.0}]"
safety_margin_confidence,176,35.2,0,44.252,34.832,94.0,90.0,50.0,50.0,48.411,48.944,false_negative+position_noise+confidence_error,0.438,trust_weighted_fusion,avoidance,confidence,1.726,0.22599999999999998,,2,0,74.286,4.021,11.221,uav_1,4.021,False,False,False,False,False,1,"[{""id"": ""obstacle_0"", ""kind"": ""static_obstacle"", ""x"": 50.0, ""y"": 50.0, ""radius"": 5.0}]"
safety_margin_confidence,176,35.2,1,45.665,38.596,90.0,94.0,50.0,50.0,48.411,48.944,false_negative+position_noise+confidence_error,0.438,trust_weighted_fusion,avoidance,confidence,1.82,0.32000000000000006,,3,0,70.959,4.021,7.2,uav_0,4.021,False,False,False,False,False,1,"[{""id"": ""obstacle_0"", ""kind"": ""static_obstacle"", ""x"": 50.0, ""y"": 50.0, ""radius"": 5.0}]"
safety_margin_confidence,176,35.2,2,53.477,34.571,86.0,90.0,50.0,50.0,48.411,48.944,position_noise+confidence_error,0.438,trust_weighted_fusion,avoidance,confidence,1.778,0.278,,4,0,64.266,6.94,10.816,uav_3,6.94,False,False,False,False,False,1,"[{""id"": ""obstacle_0"", ""kind"": ""static_obstacle"", ""x"": 50.0, ""y"": 50.0, ""radius"": 5.0}]"
safety_margin_confidence,176,35.2,3,58.795,39.03,90.0,86.0,50.0,50.0,48.411,48.944,position_noise+confidence_error,0.438,trust_weighted_fusion,avoidance,confidence,1.808,0.30800000000000005,,3,0,56.39,6.94,9.06,uav_2,6.94,False,False,False,False,False,1,"[{""id"": ""obstacle_0"", ""kind"": ""static_obstacle"", ""x"": 50.0, ""y"": 50.0, ""radius"": 5.0}]"
safety_margin_confidence,177,35.4,0,44.563,34.86,94.0,90.0,50.0,50.0,52.106,49.99,false_negative+position_noise+confidence_error,0.527,trust_weighted_fusion,avoidance,confidence,1.762,0.262,,3,0,74.057,4.21,11.087,uav_1,4.21,False,False,False,False,False,1,"[{""id"": ""obstacle_0"", ""kind"": ""static_obstacle"", ""x"": 50.0, ""y"": 50.0, ""radius"": 5.0}]"
safety_margin_confidence,177,35.4,1,45.844,38.871,90.0,94.0,50.0,50.0,52.106,49.99,false_negative+position_noise+confidence_error,0.527,trust_weighted_fusion,avoidance,confidence,1.446,0.0,,2,0,70.633,4.21,6.88,uav_0,4.21,False,False,False,False,False,1,"[{""id"": ""obstacle_0"", ""kind"": ""static_obstacle"", ""x"": 50.0, ""y"": 50.0, ""radius"": 5.0}]"
safety_margin_confidence,177,35.4,2,53.762,34.639,86.0,90.0,50.0,50.0,52.106,49.99,false_negative+position_noise+confidence_error,0.527,trust_weighted_fusion,avoidance,confidence,2.156,0.6560000000000001,,2,0,64.064,6.935,10.815,uav_3,6.935,False,False,False,False,False,1,"[{""id"": ""obstacle_0"", ""kind"": ""static_obstacle"", ""x"": 50.0, ""y"": 50.0, ""radius"": 5.0}]"
safety_margin_confidence,177,35.4,3,59.076,39.094,90.0,86.0,50.0,50.0,52.106,49.99,position_noise+confidence_error,0.527,trust_weighted_fusion,avoidance,confidence,2.246,0.746,,3,0,56.182,6.935,9.188,uav_2,6.935,False,False,False,False,False,1,"[{""id"": ""obstacle_0"", ""kind"": ""static_obstacle"", ""x"": 50.0, ""y"": 50.0, ""radius"": 5.0}]"
safety_margin_confidence,178,35.6,0,44.891,34.91,94.0,90.0,50.0,50.0,50.617,51.47,false_negative+position_noise+confidence_error,0.565,trust_weighted_fusion,avoidance,confidence,1.37,0.0,,2,0,73.801,4.086,10.931,uav_1,4.086,False,False,False,False,False,1,"[{""id"": ""obstacle_0"", ""kind"": ""static_obstacle"", ""x"": 50.0, ""y"": 50.0, ""radius"": 5.0}]"
safety_margin_confidence,178,35.6,1,46.166,38.792,90.0,94.0,50.0,50.0,50.617,51.47,false_negative+position_noise+confidence_error,0.565,trust_weighted_fusion,avoidance,confidence,1.37,0.0,,2,0,70.494,4.086,6.846,uav_0,4.086,False,False,False,False,False,1,"[{""id"": ""obstacle_0"", ""kind"": ""static_obstacle"", ""x"": 50.0, ""y"": 50.0, ""radius"": 5.0}]"
safety_margin_confidence,178,35.6,2,54.068,34.76,86.0,90.0,50.0,50.0,50.617,51.47,false_negative+position_noise+confidence_error,0.565,trust_weighted_fusion,avoidance,confidence,1.414,0.0,,3,0,63.806,6.937,10.774,uav_3,6.937,False,False,False,False,False,1,"[{""id"": ""obstacle_0"", ""kind"": ""static_obstacle"", ""x"": 50.0, ""y"": 50.0, ""radius"": 5.0}]"
safety_margin_confidence,178,35.6,3,59.384,39.216,90.0,86.0,50.0,50.0,50.617,51.47,position_noise+confidence_error,0.565,trust_weighted_fusion,avoidance,confidence,1.37,0.0,,3,0,55.912,6.937,9.296,uav_2,6.937,False,False,False,False,False,1,"[{""id"": ""obstacle_0"", ""kind"": ""static_obstacle"", ""x"": 50.0, ""y"": 50.0, ""radius"": 5.0}]"
safety_margin_confidence,179,35.8,0,45.198,34.893,94.0,90.0,50.0,50.0,50.058,49.674,position_noise+confidence_error,0.325,trust_weighted_fusion,avoidance,confidence,1.85,0.3500000000000001,,3,0,73.61,4.278,10.852,uav_1,4.278,False,False,False,False,False,1,"[{""id"": ""obstacle_0"", ""kind"": ""static_obstacle"", ""x"": 50.0, ""y"": 50.0, ""radius"": 5.0}]"
safety_margin_confidence,179,35.8,1,46.106,39.074,90.0,94.0,50.0,50.0,50.058,49.674,false_negative+position_noise+confidence_error,0.325,trust_weighted_fusion,avoidance,confidence,2.24,0.7400000000000002,,4,0,70.311,4.278,6.599,uav_0,4.278,False,False,False,False,False,1,"[{""id"": ""obstacle_0"", ""kind"": ""static_obstacle"", ""x"": 50.0, ""y"": 50.0, ""radius"": 5.0}]"
safety_margin_confidence,179,35.8,2,54.249,34.511,86.0,90.0,50.0,50.0,50.058,49.674,position_noise+confidence_error,0.325,trust_weighted_fusion,avoidance,confidence,1.85,0.3500000000000001,,4,0,63.931,7.251,11.061,uav_3,7.251,False,False,False,False,False,1,"[{""id"": ""obstacle_0"", ""kind"": ""static_obstacle"", ""x"": 50.0, ""y"": 50.0, ""radius"": 5.0}]"
safety_margin_confidence,179,35.8,3,59.671,39.326,90.0,86.0,50.0,50.0,50.058,49.674,false_negative+position_noise+confidence_error,0.325,trust_weighted_fusion,avoidance,confidence,1.85,0.3500000000000001,,2,0,55.663,7.251,9.404,uav_2,7.251,False,False,False,False,False,1,"[{""id"": ""obstacle_0"", ""kind"": ""static_obstacle"", ""x"": 50.0, ""y"": 50.0, ""radius"": 5.0}]"
safety_margin_confidence,180,36.0,0,45.473,34.723,94.0,90.0,50.0,50.0,49.397,48.983,false_negative+position_noise+confidence_error,0.488,trust_weighted_fusion,avoidance,confidence,1.524,0.02400000000000002,,2,0,73.556,4.235,10.934,uav_1,4.235,False,False,False,False,False,1,"[{""id"": ""obstacle_0"", ""kind"": ""static_obstacle"", ""x"": 50.0, ""y"": 50.0, ""radius"": 5.0}]"
safety_margin_confidence,180,36.0,1,46.335,38.869,90.0,94.0,50.0,50.0,49.397,48.983,false_negative+position_noise+confidence_error,0.488,trust_weighted_fusion,avoidance,confidence,1.856,0.3560000000000001,,3,0,70.329,4.235,6.719,uav_0,4.235,False,False,False,False,False,1,"[{""id"": ""obstacle_0"", ""kind"": ""static_obstacle"", ""x"": 50.0, ""y"": 50.0, ""radius"": 5.0}]"
safety_margin_confidence,180,36.0,2,54.558,34.609,86.0,90.0,50.0,50.0,49.397,48.983,false_negative+position_noise+confidence_error,0.488,trust_weighted_fusion,avoidance,confidence,1.524,0.02400000000000002,,2,0,63.693,7.262,11.052,uav_3,7.262,False,False,False,False,False,1,"[{""id"": ""obstacle_0"", ""kind"": ""static_obstacle"", ""x"": 50.0, ""y"": 50.0, ""radius"": 5.0}]"
safety_margin_confidence,180,36.0,3,59.962,39.459,90.0,86.0,50.0,50.0,49.397,48.983,false_negative+position_noise+confidence_error,0.488,trust_weighted_fusion,avoidance,confidence,1.606,0.1060000000000001,,3,0,55.393,7.262,9.504,uav_2,7.262,False,False,False,False,False,1,"[{""id"": ""obstacle_0"", ""kind"": ""static_obstacle"", ""x"": 50.0, ""y"": 50.0, ""radius"": 5.0}]"
safety_margin_confidence,181,36.2,0,45.799,34.736,94.0,90.0,50.0,50.0,52.045,49.294,position_noise+confidence_error,0.703,trust_weighted_fusion,avoidance,confidence,1.474,0.0,,3,0,73.331,3.917,10.832,uav_1,3.917,False,False,False,False,False,1,"[{""id"": ""obstacle_0"", ""kind"": ""static_obstacle"", ""x"": 50.0, ""y"": 50.0, ""radius"": 5.0}]"
safety_margin_confidence,181,36.2,1,46.073,38.643,90.0,94.0,50.0,50.0,52.045,49.294,false_negative+position_noise+confidence_error,0.703,trust_weighted_fusion,avoidance,confidence,1.094,0.0,,2,0,70.668,3.917,7.017,uav_0,3.917,False,False,False,False,False,1,"[{""id"": ""obstacle_0"", ""kind"": ""static_obstacle"", ""x"": 50.0, ""y"": 50.0, ""radius"": 5.0}]"
safety_margin_confidence,181,36.2,2,54.846,34.684,86.0,90.0,50.0,50.0,52.045,49.294,false_negative+position_noise+confidence_error,0.703,trust_weighted_fusion,avoidance,confidence,2.036,0.536,,2,0,63.486,7.281,11.065,uav_3,7.281,False,False,False,False,False,1,"[{""id"": ""obstacle_0"", ""kind"": ""static_obstacle"", ""x"": 50.0, ""y"": 50.0, ""radius"": 5.0}]"
safety_margin_confidence,181,36.2,3,60.259,39.554,90.0,86.0,50.0,50.0,52.045,49.294,position_noise+confidence_error,0.703,trust_weighted_fusion,avoidance,confidence,1.77,0.27,,3,0,55.153,7.281,9.641,uav_2,7.281,False,False,False,False,False,1,"[{""id"": ""obstacle_0"", ""kind"": ""static_obstacle"", ""x"": 50.0, ""y"": 50.0, ""radius"": 5.0}]"
safety_margin_confidence,182,36.4,0,46.115,34.742,94.0,90.0,50.0,50.0,50.194,50.129,false_negative+position_noise+confidence_error,0.407,trust_weighted_fusion,avoidance,confidence,1.686,0.18599999999999994,,1,0,73.119,4.172,10.745,uav_1,4.172,False,False,False,False,False,1,"[{""id"": ""obstacle_0"", ""kind"": ""static_obstacle"", ""x"": 50.0, ""y"": 50.0, ""radius"": 5.0}]"
safety_margin_confidence,182,36.4,1,45.929,38.909,90.0,94.0,50.0,50.0,50.194,50.129,false_negative+position_noise+confidence_error,0.407,trust_weighted_fusion,avoidance,confidence,1.938,0.43799999999999994,,3,0,70.55,4.172,6.814,uav_0,4.172,False,False,False,False,False,1,"[{""id"": ""obstacle_0"", ""kind"": ""static_obstacle"", ""x"": 50.0, ""y"": 50.0, ""radius"": 5.0}]"
safety_margin_confidence,182,36.4,2,55.143,34.79,86.0,90.0,50.0,50.0,50.194,50.129,false_negative+position_noise+confidence_error,0.407,trust_weighted_fusion,avoidance,confidence,1.686,0.18599999999999994,,2,0,63.248,7.274,11.056,uav_3,7.274,False,False,False,False,False,1,"[{""id"": ""obstacle_0"", ""kind"": ""static_obstacle"", ""x"": 50.0, ""y"": 50.0, ""radius"": 5.0}]"
safety_margin_confidence,182,36.4,3,60.532,39.676,90.0,86.0,50.0,50.0,50.194,50.129,false_negative+position_noise+confidence_error,0.407,trust_weighted_fusion,avoidance,confidence,2.014,0.5139999999999998,,3,0,54.902,7.274,9.748,uav_2,7.274,False,False,False,False,False,1,"[{""id"": ""obstacle_0"", ""kind"": ""static_obstacle"", ""x"": 50.0, ""y"": 50.0, ""radius"": 5.0}]"
safety_margin_confidence,183,36.6,0,46.422,34.778,94.0,90.0,50.0,50.0,48.575,51.063,position_noise+confidence_error,0.567,trust_weighted_fusion,avoidance,confidence,1.816,0.31600000000000006,,3,0,72.891,4.047,10.637,uav_1,4.047,False,False,False,False,False,1,"[{""id"": ""obstacle_0"", ""kind"": ""static_obstacle"", ""x"": 50.0, ""y"": 50.0, ""radius"": 5.0}]"
safety_margin_confidence,183,36.6,1,46.221,38.82,90.0,94.0,50.0,50.0,48.575,51.063,false_negative+position_noise+confidence_error,0.567,trust_weighted_fusion,avoidance,confidence,1.878,0.3779999999999999,,3,0,70.437,4.047,6.802,uav_0,4.047,False,False,False,False,False,1,"[{""id"": ""obstacle_0"", ""kind"": ""static_obstacle"", ""x"": 50.0, ""y"": 50.0, ""radius"": 5.0}]"
safety_margin_confidence,183,36.6,2,55.425,34.93,86.0,90.0,50.0,50.0,48.575,51.063,false_negative+position_noise+confidence_error,0.567,trust_weighted_fusion,avoidance,confidence,1.716,0.21599999999999997,,3,0,62.989,7.296,11.017,uav_3,7.296,False,False,False,False,False,1,"[{""id"": ""obstacle_0"", ""kind"": ""static_obstacle"", ""x"": 50.0, ""y"": 50.0, ""radius"": 5.0}]"
safety_margin_confidence,183,36.6,3,60.818,39.843,90.0,86.0,50.0,50.0,48.575,51.063,false_negative+confidence_error,0.567,trust_weighted_fusion,avoidance,confidence,1.366,0.0,,1,0,54.608,7.296,9.839,uav_2,7.296,False,False,False,False,False,1,"[{""id"": ""obstacle_0"", ""kind"": ""static_obstacle"", ""x"": 50.0, ""y"": 50.0, ""radius"": 5.0}]"
safety_margin_confidence,184,36.8,0,46.538,34.482,94.0,90.0,50.0,50.0,49.201,50.026,position_noise+confidence_error,0.432,trust_weighted_fusion,avoidance,confidence,1.636,0.1359999999999999,,3,0,73.04,4.202,10.9,uav_1,4.202,False,False,False,False,False,1,"[{""id"": ""obstacle_0"", ""kind"": ""static_obstacle"", ""x"": 50.0, ""y"": 50.0, ""radius"": 5.0}]"
safety_margin_confidence,184,36.8,1,46.473,38.683,90.0,94.0,50.0,50.0,49.201,50.026,position_noise+confidence_error,0.432,trust_weighted_fusion,avoidance,confidence,2.284,0.7839999999999998,,4,0,70.389,4.202,6.854,uav_0,4.202,False,False,False,False,False,1,"[{""id"": ""obstacle_0"", ""kind"": ""static_obstacle"", ""x"": 50.0, ""y"": 50.0, ""radius"": 5.0}]"
safety_margin_confidence,184,36.8,2,55.693,35.042,86.0,90.0,50.0,50.0,49.201,50.026,false_negative+position_noise+confidence_error,0.432,trust_weighted_fusion,avoidance,confidence,2.186,0.6859999999999999,,4,0,62.761,7.332,11.005,uav_3,7.332,False,False,False,False,False,1,"[{""id"": ""obstacle_0"", ""kind"": ""static_obstacle"", ""x"": 50.0, ""y"": 50.0, ""radius"": 5.0}]"
safety_margin_confidence,184,36.8,3,61.097,39.996,90.0,86.0,50.0,50.0,49.201,50.026,false_negative+confidence_error,0.432,trust_weighted_fusion,avoidance,confidence,1.636,0.1359999999999999,,1,0,54.33,7.332,9.941,uav_2,7.332,False,False,False,False,False,1,"[{""id"": ""obstacle_0"", ""kind"": ""static_obstacle"", ""x"": 50.0, ""y"": 50.0, ""radius"": 5.0}]"
safety_margin_confidence,185,37.0,0,46.856,34.471,94.0,90.0,50.0,50.0,50.338,49.234,false_negative+position_noise+confidence_error,0.429,trust_weighted_fusion,avoidance,confidence,1.642,0.1419999999999999,,2,0,72.843,4.042,10.844,uav_1,4.042,False,False,False,False,False,1,"[{""id"": ""obstacle_0"", ""kind"": ""static_obstacle"", ""x"": 50.0, ""y"": 50.0, ""radius"": 5.0}]"
safety_margin_confidence,185,37.0,1,46.703,38.51,90.0,94.0,50.0,50.0,50.338,49.234,false_negative+position_noise+confidence_error,0.429,trust_weighted_fusion,avoidance,confidence,2.234,0.734,,2,0,70.383,4.042,6.954,uav_0,4.042,False,False,False,False,False,1,"[{""id"": ""obstacle_0"", ""kind"": ""static_obstacle"", ""x"": 50.0, ""y"": 50.0, ""radius"": 5.0}]"
safety_margin_confidence,185,37.0,2,55.995,35.141,86.0,90.0,50.0,50.0,50.338,49.234,false_negative+position_noise+confidence_error,0.429,trust_weighted_fusion,avoidance,confidence,1.642,0.1419999999999999,,3,0,62.529,7.347,11.023,uav_3,7.347,False,False,False,False,False,1,"[{""id"": ""obstacle_0"", ""kind"": ""static_obstacle"", ""x"": 50.0, ""y"": 50.0, ""radius"": 5.0}]"
safety_margin_confidence,185,37.0,3,61.382,40.137,90.0,86.0,50.0,50.0,50.338,49.234,false_negative+position_noise+confidence_error,0.429,trust_weighted_fusion,avoidance,confidence,1.642,0.1419999999999999,,2,0,54.059,7.347,10.061,uav_2,7.347,False,False,False,False,False,1,"[{""id"": ""obstacle_0"", ""kind"": ""static_obstacle"", ""x"": 50.0, ""y"": 50.0, ""radius"": 5.0}]"
safety_margin_confidence,186,37.2,0,47.161,34.516,94.0,90.0,50.0,50.0,48.375,51.52,position_noise+confidence_error,0.332,trust_weighted_fusion,avoidance,confidence,1.836,0.3360000000000001,,3,0,72.611,3.933,10.742,uav_1,3.933,False,False,False,False,False,1,"[{""id"": ""obstacle_0"", ""kind"": ""static_obstacle"", ""x"": 50.0, ""y"": 50.0, ""radius"": 5.0}]"
safety_margin_confidence,186,37.2,1,47.005,38.446,90.0,94.0,50.0,50.0,48.375,51.52,false_negative+position_noise+confidence_error,0.332,trust_weighted_fusion,avoidance,confidence,1.836,0.3360000000000001,,3,0,70.249,3.933,6.936,uav_0,3.933,False,False,False,False,False,1,"[{""id"": ""obstacle_0"", ""kind"": ""static_obstacle"", ""x"": 50.0, ""y"": 50.0, ""radius"": 5.0}]"
safety_margin_confidence,186,37.2,2,56.266,35.284,86.0,90.0,50.0,50.0,48.375,51.52,false_negative+position_noise+confidence_error,0.332,trust_weighted_fusion,avoidance,confidence,1.872,0.3720000000000001,,3,0,62.273,7.354,10.995,uav_3,7.354,False,False,False,False,False,1,"[{""id"": ""obstacle_0"", ""kind"": ""static_obstacle"", ""x"": 50.0, ""y"": 50.0, ""radius"": 5.0}]"
safety_margin_confidence,186,37.2,3,61.644,40.3,90.0,86.0,50.0,50.0,48.375,51.52,false_negative+position_noise+confidence_error,0.332,trust_weighted_fusion,avoidance,confidence,1.836,0.3360000000000001,,2,0,53.782,7.354,10.155,uav_2,7.354,False,False,False,False,False,1,"[{""id"": ""obstacle_0"", ""kind"": ""static_obstacle"", ""x"": 50.0, ""y"": 50.0, ""radius"": 5.0}]"
safety_margin_confidence,187,37.4,0,47.46,34.537,94.0,90.0,50.0,50.0,49.436,50.026,false_negative+position_noise+confidence_error,0.601,trust_weighted_fusion,avoidance,confidence,1.994,0.494,,2,0,72.402,4.175,10.67,uav_1,4.175,False,False,False,False,False,1,"[{""id"": ""obstacle_0"", ""kind"": ""static_obstacle"", ""x"": 50.0, ""y"": 50.0, ""radius"": 5.0}]"
safety_margin_confidence,187,37.4,1,46.775,38.656,90.0,94.0,50.0,50.0,49.436,50.026,false_negative+position_noise+confidence_error,0.601,trust_weighted_fusion,avoidance,confidence,1.772,0.272,,3,0,70.224,4.175,6.794,uav_0,4.175,False,False,False,False,False,1,"[{""id"": ""obstacle_0"", ""kind"": ""static_obstacle"", ""x"": 50.0, ""y"": 50.0, ""radius"": 5.0}]"
safety_margin_confidence,187,37.4,2,56.558,35.417,86.0,90.0,50.0,50.0,49.436,50.026,false_negative+position_noise+confidence_error,0.601,trust_weighted_fusion,avoidance,confidence,1.588,0.08800000000000008,,3,0,62.017,7.366,10.99,uav_3,7.366,False,False,False,False,False,1,"[{""id"": ""obstacle_0"", ""kind"": ""static_obstacle"", ""x"": 50.0, ""y"": 50.0, ""radius"": 5.0}]"
safety_margin_confidence,187,37.4,3,61.92,40.467,90.0,86.0,50.0,50.0,49.436,50.026,false_negative+position_noise+confidence_error,0.601,trust_weighted_fusion,avoidance,confidence,1.556,0.05600000000000005,,3,0,53.496,7.366,10.263,uav_2,7.366,False,False,False,False,False,1,"[{""id"": ""obstacle_0"", ""kind"": ""static_obstacle"", ""x"": 50.0, ""y"": 50.0, ""radius"": 5.0}]"
safety_margin_confidence,188,37.6,0,47.723,34.387,94.0,90.0,50.0,50.0,49.73,52.553,false_negative+position_noise+confidence_error,0.278,trust_weighted_fusion,avoidance,confidence,1.944,0.44399999999999995,,3,0,72.349,4.556,10.778,uav_1,4.556,False,False,False,False,False,1,"[{""id"": ""obstacle_0"", ""kind"": ""static_obstacle"", ""x"": 50.0, ""y"": 50.0, ""radius"": 5.0}]"
safety_margin_confidence,188,37.6,1,46.496,38.774,90.0,94.0,50.0,50.0,49.73,52.553,false_negative+position_noise+confidence_error,0.278,trust_weighted_fusion,avoidance,confidence,1.944,0.44399999999999995,,3,0,70.303,4.556,6.76,uav_0,4.556,False,False,False,False,False,1,"[{""id"": ""obstacle_0"", ""kind"": ""static_obstacle"", ""x"": 50.0, ""y"": 50.0, ""radius"": 5.0}]"
safety_margin_confidence,188,37.6,2,56.813,35.552,86.0,90.0,50.0,50.0,49.73,52.553,false_negative+position_noise+confidence_error,0.278,trust_weighted_fusion,avoidance,confidence,2.23,0.73,,2,0,61.778,7.383,10.974,uav_3,7.383,False,False,False,False,False,1,"[{""id"": ""obstacle_0"", ""kind"": ""static_obstacle"", ""x"": 50.0, ""y"": 50.0, ""radius"": 5.0}]"
safety_margin_confidence,188,37.6,3,62.181,40.62,90.0,86.0,50.0,50.0,49.73,52.553,false_negative+position_noise+confidence_error,0.278,trust_weighted_fusion,avoidance,confidence,1.944,0.44399999999999995,,2,0,53.228,7.383,10.374,uav_2,7.383,False,False,False,False,False,1,"[{""id"": ""obstacle_0"", ""kind"": ""static_obstacle"", ""x"": 50.0, ""y"": 50.0, ""radius"": 5.0}]"
safety_margin_confidence,189,37.8,0,48.013,34.411,94.0,90.0,50.0,50.0,49.081,49.71,false_negative+position_noise+confidence_error,0.674,trust_weighted_fusion,avoidance,confidence,2.178,0.6779999999999999,,2,0,72.146,4.739,10.716,uav_1,4.739,False,False,False,False,False,1,"[{""id"": ""obstacle_0"", ""kind"": ""static_obstacle"", ""x"": 50.0, ""y"": 50.0, ""radius"": 5.0}]"
safety_margin_confidence,189,37.8,1,46.201,38.789,90.0,94.0,50.0,50.0,49.081,49.71,position_noise+confidence_error,0.674,trust_weighted_fusion,avoidance,confidence,2.1,0.6000000000000001,,3,0,70.474,4.739,6.837,uav_0,4.739,False,False,False,False,False,1,"[{""id"": ""obstacle_0"", ""kind"": ""static_obstacle"", ""x"": 50.0, ""y"": 50.0, ""radius"": 5.0}]"
safety_margin_confidence,189,37.8,2,57.09,35.688,86.0,90.0,50.0,50.0,49.081,49.71,position_noise+confidence_error,0.674,trust_weighted_fusion,avoidance,confidence,1.82,0.32000000000000006,,4,0,61.527,7.399,10.972,uav_3,7.399,False,False,False,False,False,1,"[{""id"": ""obstacle_0"", ""kind"": ""static_obstacle"", ""x"": 50.0, ""y"": 50.0, ""radius"": 5.0}]"
safety_margin_confidence,189,37.8,3,62.444,40.796,90.0,86.0,50.0,50.0,49.081,49.71,position_noise+confidence_error,0.674,trust_weighted_fusion,avoidance,confidence,1.676,0.17599999999999993,,2,0,52.941,7.399,10.478,uav_2,7.399,False,False,False,False,False,1,"[{""id"": ""obstacle_0"", ""kind"": ""static_obstacle"", ""x"": 50.0, ""y"": 50.0, ""radius"": 5.0}]"
safety_margin_confidence,190,38.0,0,48.331,34.41,94.0,90.0,50.0,50.0,48.437,48.981,false_negative+position_noise+confidence_error,0.427,trust_weighted_fusion,avoidance,confidence,1.646,0.1459999999999999,,1,0,71.944,4.596,10.679,uav_1,4.596,False,False,False,False,False,1,"[{""id"": ""obstacle_0"", ""kind"": ""static_obstacle"", ""x"": 50.0, ""y"": 50.0, ""radius"": 5.0}]"
safety_margin_confidence,190,38.0,1,46.448,38.603,90.0,94.0,50.0,50.0,48.437,48.981,position_noise+confidence_error,0.427,trust_weighted_fusion,avoidance,confidence,1.822,0.32200000000000006,,3,0,70.467,4.596,6.937,uav_0,4.596,False,False,False,False,False,1,"[{""id"": ""obstacle_0"", ""kind"": ""static_obstacle"", ""x"": 50.0, ""y"": 50.0, ""radius"": 5.0}]"
safety_margin_confidence,190,38.0,2,57.359,35.818,86.0,90.0,50.0,50.0,48.437,48.981,false_negative+position_noise+confidence_error,0.427,trust_weighted_fusion,avoidance,confidence,2.034,0.5339999999999998,,3,0,61.287,7.43,10.978,uav_3,7.43,False,False,False,False,False,1,"[{""id"": ""obstacle_0"", ""kind"": ""static_obstacle"", ""x"": 50.0, ""y"": 50.0, ""radius"": 5.0}]"
safety_margin_confidence,190,38.0,3,62.703,40.979,90.0,86.0,50.0,50.0,48.437,48.981,position_noise+confidence_error,0.427,trust_weighted_fusion,avoidance,confidence,1.646,0.1459999999999999,,2,0,52.65,7.43,10.581,uav_2,7.43,False,False,False,False,False,1,"[{""id"": ""obstacle_0"", ""kind"": ""static_obstacle"", ""x"": 50.0, ""y"": 50.0, ""radius"": 5.0}]"
safety_margin_confidence,191,38.2,0,48.651,34.459,94.0,90.0,50.0,50.0,49.48,50.983,false_negative+confidence_error,0.486,trust_weighted_fusion,avoidance,confidence,1.528,0.028000000000000025,,1,0,71.703,4.471,10.599,uav_1,4.471,False,False,False,False,False,1,"[{""id"": ""obstacle_0"", ""kind"": ""static_obstacle"", ""x"": 50.0, ""y"": 50.0, ""radius"": 5.0}]"
safety_margin_confidence,191,38.2,1,46.758,38.51,90.0,94.0,50.0,50.0,49.48,50.983,false_negative+position_noise+confidence_error,0.486,trust_weighted_fusion,avoidance,confidence,1.528,0.028000000000000025,,2,0,70.349,4.471,6.938,uav_0,4.471,False,False,False,False,False,1,"[{""id"": ""obstacle_0"", ""kind"": ""static_obstacle"", ""x"": 50.0, ""y"": 50.0, ""radius"": 5.0}]"
safety_margin_confidence,191,38.2,2,57.617,35.952,86.0,90.0,50.0,50.0,49.48,50.983,false_negative+position_noise+confidence_error,0.486,trust_weighted_fusion,avoidance,confidence,2.17,0.6699999999999999,,3,0,61.047,7.468,10.98,uav_3,7.468,False,False,False,False,False,1,"[{""id"": ""obstacle_0"", ""kind"": ""static_obstacle"", ""x"": 50.0, ""y"": 50.0, ""radius"": 5.0}]"
safety_margin_confidence,191,38.2,3,62.974,41.157,90.0,86.0,50.0,50.0,49.48,50.983,position_noise+confidence_error,0.486,trust_weighted_fusion,avoidance,confidence,1.528,0.028000000000000025,,2,0,52.358,7.468,10.701,uav_2,7.468,False,False,False,False,False,1,"[{""id"": ""obstacle_0"", ""kind"": ""static_obstacle"", ""x"": 50.0, ""y"": 50.0, ""radius"": 5.0}]"
safety_margin_confidence,192,38.4,0,48.943,34.46,94.0,90.0,50.0,50.0,49.245,49.445,false_negative+position_noise+confidence_error,0.234,trust_weighted_fusion,avoidance,confidence,2.146,0.6459999999999999,,2,0,71.518,4.341,10.576,uav_1,4.341,False,False,False,False,False,1,"[{""id"": ""obstacle_0"", ""kind"": ""static_obstacle"", ""x"": 50.0, ""y"": 50.0, ""radius"": 5.0}]"
safety_margin_confidence,192,38.4,1,47.006,38.344,90.0,94.0,50.0,50.0,49.245,49.445,dropout+confidence_error,0.234,trust_weighted_fusion,avoidance,confidence,2.032,0.532,,1,0,70.328,4.341,7.034,uav_0,4.341,False,False,False,False,False,1,"[{""id"": ""obstacle_0"", ""kind"": ""static_obstacle"", ""x"": 50.0, ""y"": 50.0, ""radius"": 5.0}]"
safety_margin_confidence,192,38.4,2,57.889,36.076,86.0,90.0,50.0,50.0,49.245,49.445,false_negative+position_noise+confidence_error,0.234,trust_weighted_fusion,avoidance,confidence,2.032,0.532,,3,0,60.812,7.482,11.004,uav_3,7.482,False,False,False,False,False,1,"[{""id"": ""obstacle_0"", ""kind"": ""static_obstacle"", ""x"": 50.0, ""y"": 50.0, ""radius"": 5.0}]"
safety_margin_confidence,192,38.4,3,63.221,41.324,90.0,86.0,50.0,50.0,49.245,49.445,position_noise+confidence_error,0.234,trust_weighted_fusion,avoidance,confidence,2.032,0.532,,2,0,52.087,7.482,10.813,uav_2,7.482,False,False,False,False,False,1,"[{""id"": ""obstacle_0"", ""kind"": ""static_obstacle"", ""x"": 50.0, ""y"": 50.0, ""radius"": 5.0}]"
safety_margin_confidence,193,38.6,0,49.205,34.584,94.0,90.0,50.0,50.0,48.391,49.153,position_noise+confidence_error,0.721,trust_weighted_fusion,avoidance,confidence,2.2,0.7000000000000002,,3,0,71.256,4.082,10.436,uav_1,4.082,False,False,False,False,False,1,"[{""id"": ""obstacle_0"", ""kind"": ""static_obstacle"", ""x"": 50.0, ""y"": 50.0, ""radius"": 5.0}]"
safety_margin_confidence,193,38.6,1,47.325,38.208,90.0,94.0,50.0,50.0,48.391,49.153,dropout+confidence_error,0.721,trust_weighted_fusion,avoidance,confidence,1.058,0.0,,1,0,70.242,4.082,7.092,uav_0,4.082,False,False,False,False,False,1,"[{""id"": ""obstacle_0"", ""kind"": ""static_obstacle"", ""x"": 50.0, ""y"": 50.0, ""radius"": 5.0}]"
safety_margin_confidence,193,38.6,2,58.136,36.215,86.0,90.0,50.0,50.0,48.391,49.153,false_negative+position_noise+confidence_error,0.721,trust_weighted_fusion,avoidance,confidence,2.334,0.8340000000000001,,3,0,60.574,7.553,11.007,uav_3,7.553,False,False,False,False,False,1,"[{""id"": ""obstacle_0"", ""kind"": ""static_obstacle"", ""x"": 50.0, ""y"": 50.0, ""radius"": 5.0}]"
safety_margin_confidence,193,38.6,3,63.494,41.538,90.0,86.0,50.0,50.0,48.391,49.153,false_negative+position_noise+confidence_error,0.721,trust_weighted_fusion,avoidance,confidence,1.058,0.0,,1,0,51.763,7.553,10.928,uav_2,7.553,False,False,False,False,False,1,"[{""id"": ""obstacle_0"", ""kind"": ""static_obstacle"", ""x"": 50.0, ""y"": 50.0, ""radius"": 5.0}]"
safety_margin_confidence,194,38.8,0,49.508,34.586,94.0,90.0,50.0,50.0,49.985,49.541,false_negative+position_noise+confidence_error,0.273,trust_weighted_fusion,avoidance,confidence,1.954,0.45399999999999996,,2,0,71.065,3.969,10.422,uav_1,3.969,False,False,False,False,False,1,"[{""id"": ""obstacle_0"", ""kind"": ""static_obstacle"", ""x"": 50.0, ""y"": 50.0, ""radius"": 5.0}]"
safety_margin_confidence,194,38.8,1,47.588,38.059,90.0,94.0,50.0,50.0,49.985,49.541,dropout+confidence_error,0.273,trust_weighted_fusion,avoidance,confidence,1.954,0.45399999999999996,,1,0,70.2,3.969,7.182,uav_0,3.969,False,False,False,False,False,1,"[{""id"": ""obstacle_0"", ""kind"": ""static_obstacle"", ""x"": 50.0, ""y"": 50.0, ""radius"": 5.0}]"
safety_margin_confidence,194,38.8,2,58.412,36.337,86.0,90.0,50.0,50.0,49.985,49.541,false_negative+position_noise+confidence_error,0.273,trust_weighted_fusion,avoidance,confidence,1.954,0.45399999999999996,,3,0,60.339,7.568,11.045,uav_3,7.568,False,False,False,False,False,1,"[{""id"": ""obstacle_0"", ""kind"": ""static_obstacle"", ""x"": 50.0, ""y"": 50.0, ""radius"": 5.0}]"
safety_margin_confidence,194,38.8,3,63.744,41.707,90.0,86.0,50.0,50.0,49.985,49.541,false_negative+position_noise+confidence_error,0.273,trust_weighted_fusion,avoidance,confidence,1.954,0.45399999999999996,,1,0,51.49,7.568,11.052,uav_2,7.568,False,False,False,False,False,1,"[{""id"": ""obstacle_0"", ""kind"": ""static_obstacle"", ""x"": 50.0, ""y"": 50.0, ""radius"": 5.0}]"
safety_margin_confidence,195,39.0,0,49.81,34.637,94.0,90.0,50.0,50.0,48.093,50.92,dropout+confidence_error,0.312,trust_weighted_fusion,avoidance,confidence,1.876,0.3759999999999999,,1,0,70.836,3.875,10.364,uav_1,3.875,False,False,False,False,False,1,"[{""id"": ""obstacle_0"", ""kind"": ""static_obstacle"", ""x"": 50.0, ""y"": 50.0, ""radius"": 5.0}]"
safety_margin_confidence,195,39.0,1,47.889,38.003,90.0,94.0,50.0,50.0,48.093,50.92,dropout+confidence_error,0.312,trust_weighted_fusion,avoidance,confidence,1.876,0.3759999999999999,,1,0,70.064,3.875,7.181,uav_0,3.875,False,False,False,False,False,1,"[{""id"": ""obstacle_0"", ""kind"": ""static_obstacle"", ""x"": 50.0, ""y"": 50.0, ""radius"": 5.0}]"
safety_margin_confidence,195,39.0,2,58.673,36.497,86.0,90.0,50.0,50.0,48.093,50.92,false_negative+position_noise+confidence_error,0.312,trust_weighted_fusion,avoidance,confidence,1.876,0.3759999999999999,,3,0,60.078,7.574,11.049,uav_3,7.574,False,False,False,False,False,1,"[{""id"": ""obstacle_0"", ""kind"": ""static_obstacle"", ""x"": 50.0, ""y"": 50.0, ""radius"": 5.0}]"
safety_margin_confidence,195,39.0,3,63.986,41.896,90.0,86.0,50.0,50.0,48.093,50.92,position_noise+confidence_error,0.312,trust_weighted_fusion,avoidance,confidence,1.876,0.3759999999999999,,2,0,51.205,7.574,11.164,uav_2,7.574,False,False,False,False,False,1,"[{""id"": ""obstacle_0"", ""kind"": ""static_obstacle"", ""x"": 50.0, ""y"": 50.0, ""radius"": 5.0}]"
safety_margin_confidence,196,39.2,0,50.118,34.582,94.0,90.0,50.0,50.0,51.013,47.711,dropout+confidence_error,0.385,trust_weighted_fusion,avoidance,confidence,1.73,0.22999999999999998,,1,0,70.688,3.776,10.419,uav_1,3.776,False,False,False,False,False,1,"[{""id"": ""obstacle_0"", ""kind"": ""static_obstacle"", ""x"": 50.0, ""y"": 50.0, ""radius"": 5.0}]"
safety_margin_confidence,196,39.2,1,48.108,37.779,90.0,94.0,50.0,50.0,51.013,47.711,dropout+confidence_error,0.385,trust_weighted_fusion,avoidance,confidence,1.73,0.22999999999999998,,1,0,70.113,3.776,7.367,uav_0,3.776,False,False,False,False,False,1,"[{""id"": ""obstacle_0"", ""kind"": ""static_obstacle"", ""x"": 50.0, ""y"": 50.0, ""radius"": 5.0}]"
safety_margin_confidence,196,39.2,2,58.951,36.593,86.0,90.0,50.0,50.0,51.013,47.711,false_negative+position_noise+confidence_error,0.385,trust_weighted_fusion,avoidance,confidence,2.116,0.6160000000000001,,3,0,59.866,7.619,11.12,uav_3,7.619,False,False,False,False,False,1,"[{""id"": ""obstacle_0"", ""kind"": ""static_obstacle"", ""x"": 50.0, ""y"": 50.0, ""radius"": 5.0}]"
safety_margin_confidence,196,39.2,3,64.243,42.076,90.0,86.0,50.0,50.0,51.013,47.711,position_noise+confidence_error,0.385,trust_weighted_fusion,avoidance,confidence,1.73,0.22999999999999998,,2,0,50.92,7.619,11.299,uav_2,7.619,False,False,False,False,False,1,"[{""id"": ""obstacle_0"", ""kind"": ""static_obstacle"", ""x"": 50.0, ""y"": 50.0, ""radius"": 5.0}]"
safety_margin_confidence,197,39.4,0,50.427,34.613,94.0,90.0,50.0,50.0,51.286,50.534,dropout+confidence_error,0.356,trust_weighted_fusion,avoidance,confidence,1.788,0.28800000000000003,,1,0,70.472,4.074,10.393,uav_1,4.074,False,False,False,False,False,1,"[{""id"": ""obstacle_0"", ""kind"": ""static_obstacle"", ""x"": 50.0, ""y"": 50.0, ""radius"": 5.0}]"
safety_margin_confidence,197,39.4,1,47.802,37.729,90.0,94.0,50.0,50.0,51.286,50.534,false_negative+position_noise+confidence_error,0.356,trust_weighted_fusion,avoidance,confidence,1.788,0.28800000000000003,,2,0,70.336,4.074,7.467,uav_0,4.074,False,False,False,False,False,1,"[{""id"": ""obstacle_0"", ""kind"": ""static_obstacle"", ""x"": 50.0, ""y"": 50.0, ""radius"": 5.0}]"
safety_margin_confidence,197,39.4,2,59.234,36.723,86.0,90.0,50.0,50.0,51.286,50.534,false_negative+position_noise+confidence_error,0.356,trust_weighted_fusion,avoidance,confidence,1.788,0.28800000000000003,,3,0,59.623,7.633,11.173,uav_3,7.633,False,False,False,False,False,1,"[{""id"": ""obstacle_0"", ""kind"": ""static_obstacle"", ""x"": 50.0, ""y"": 50.0, ""radius"": 5.0}]"
safety_margin_confidence,197,39.4,3,64.503,42.245,90.0,86.0,50.0,50.0,51.286,50.534,false_negative+position_noise+confidence_error,0.356,trust_weighted_fusion,avoidance,confidence,1.788,0.28800000000000003,,1,0,50.642,7.633,11.446,uav_2,7.633,False,False,False,False,False,1,"[{""id"": ""obstacle_0"", ""kind"": ""static_obstacle"", ""x"": 50.0, ""y"": 50.0, ""radius"": 5.0}]"
safety_margin_confidence,198,39.6,0,50.741,34.62,94.0,90.0,50.0,50.0,49.869,48.995,dropout+confidence_error,0.386,trust_weighted_fusion,avoidance,confidence,1.728,0.22799999999999998,,1,0,70.273,4.003,10.398,uav_1,4.003,False,False,False,False,False,1,"[{""id"": ""obstacle_0"", ""kind"": ""static_obstacle"", ""x"": 50.0, ""y"": 50.0, ""radius"": 5.0}]"
safety_margin_confidence,198,39.6,1,48.065,37.597,90.0,94.0,50.0,50.0,49.869,48.995,false_negative+position_noise+confidence_error,0.386,trust_weighted_fusion,avoidance,confidence,2.11,0.6099999999999999,,2,0,70.284,4.003,7.553,uav_0,4.003,False,False,False,False,False,1,"[{""id"": ""obstacle_0"", ""kind"": ""static_obstacle"", ""x"": 50.0, ""y"": 50.0, ""radius"": 5.0}]"
safety_margin_confidence,198,39.6,2,59.513,36.864,86.0,90.0,50.0,50.0,49.869,48.995,false_negative+position_noise+confidence_error,0.386,trust_weighted_fusion,avoidance,confidence,1.728,0.22799999999999998,,2,0,59.371,7.648,11.219,uav_3,7.648,False,False,False,False,False,1,"[{""id"": ""obstacle_0"", ""kind"": ""static_obstacle"", ""x"": 50.0, ""y"": 50.0, ""radius"": 5.0}]"
safety_margin_confidence,198,39.6,3,64.75,42.438,90.0,86.0,50.0,50.0,49.869,48.995,false_negative+position_noise+confidence_error,0.386,trust_weighted_fusion,avoidance,confidence,1.728,0.22799999999999998,,1,0,50.351,7.648,11.576,uav_2,7.648,False,False,False,False,False,1,"[{""id"": ""obstacle_0"", ""kind"": ""static_obstacle"", ""x"": 50.0, ""y"": 50.0, ""radius"": 5.0}]"
safety_margin_confidence,199,39.8,0,51.033,34.636,94.0,90.0,50.0,50.0,49.821,49.681,dropout+confidence_error,0.176,trust_weighted_fusion,avoidance,confidence,2.148,0.6480000000000001,,1,0,70.081,3.925,10.399,uav_1,3.925,False,False,False,False,False,1,"[{""id"": ""obstacle_0"", ""kind"": ""static_obstacle"", ""x"": 50.0, ""y"": 50.0, ""radius"": 5.0}]"
safety_margin_confidence,199,39.8,1,48.337,37.488,90.0,94.0,50.0,50.0,49.821,49.681,false_negative+position_noise+confidence_error,0.176,trust_weighted_fusion,avoidance,confidence,2.148,0.6480000000000001,,2,0,70.21,3.925,7.622,uav_0,3.925,False,False,False,False,False,1,"[{""id"": ""obstacle_0"", ""kind"": ""static_obstacle"", ""x"": 50.0, ""y"": 50.0, ""radius"": 5.0}]"
safety_margin_confidence,199,39.8,2,59.773,36.999,86.0,90.0,50.0,50.0,49.821,49.681,false_negative+position_noise+confidence_error,0.176,trust_weighted_fusion,avoidance,confidence,2.148,0.6480000000000001,,2,0,59.135,7.661,11.264,uav_3,7.661,False,False,False,False,False,1,"[{""id"": ""obstacle_0"", ""kind"": ""static_obstacle"", ""x"": 50.0, ""y"": 50.0, ""radius"": 5.0}]"
safety_margin_confidence,199,39.8,3,64.982,42.616,90.0,86.0,50.0,50.0,49.821,49.681,position_noise+confidence_error,0.176,trust_weighted_fusion,avoidance,confidence,2.148,0.6480000000000001,,2,0,50.08,7.661,11.703,uav_2,7.661,False,False,False,False,False,1,"[{""id"": ""obstacle_0"", ""kind"": ""static_obstacle"", ""x"": 50.0, ""y"": 50.0, ""radius"": 5.0}]"
safety_margin_confidence,200,40.0,0,51.353,34.649,94.0,90.0,50.0,50.0,50.682,49.163,false_negative+position_noise+confidence_error,0.46,trust_weighted_fusion,avoidance,confidence,1.58,0.08000000000000007,,2,0,69.874,3.856,10.41,uav_1,3.856,False,False,False,False,False,1,"[{""id"": ""obstacle_0"", ""kind"": ""static_obstacle"", ""x"": 50.0, ""y"": 50.0, ""radius"": 5.0}]"
safety_margin_confidence,200,40.0,1,48.624,37.372,90.0,94.0,50.0,50.0,50.682,49.163,false_negative+position_noise+confidence_error,0.46,trust_weighted_fusion,avoidance,confidence,1.806,0.30600000000000005,,2,0,70.133,3.856,7.702,uav_0,3.856,False,False,False,False,False,1,"[{""id"": ""obstacle_0"", ""kind"": ""static_obstacle"", ""x"": 50.0, ""y"": 50.0, ""radius"": 5.0}]"
safety_margin_confidence,200,40.0,2,60.031,37.128,86.0,90.0,50.0,50.0,50.682,49.163,false_negative+position_noise+confidence_error,0.46,trust_weighted_fusion,avoidance,confidence,2.224,0.7240000000000002,,4,0,58.905,7.707,11.319,uav_3,7.707,False,False,False,False,False,1,"[{""id"": ""obstacle_0"", ""kind"": ""static_obstacle"", ""x"": 50.0, ""y"": 50.0, ""radius"": 5.0}]"
safety_margin_confidence,200,40.0,3,65.236,42.813,90.0,86.0,50.0,50.0,50.682,49.163,position_noise+confidence_error,0.46,trust_weighted_fusion,avoidance,confidence,1.58,0.08000000000000007,,2,0,49.783,7.707,11.846,uav_2,7.707,False,False,False,False,False,1,"[{""id"": ""obstacle_0"", ""kind"": ""static_obstacle"", ""x"": 50.0, ""y"": 50.0, ""radius"": 5.0}]"
safety_margin_confidence,201,40.2,0,51.653,34.718,94.0,90.0,50.0,50.0,48.994,51.27,false_negative+position_noise+confidence_error,0.328,trust_weighted_fusion,avoidance,confidence,1.844,0.3440000000000001,,1,0,69.637,3.791,10.371,uav_1,3.791,False,False,False,False,False,1,"[{""id"": ""obstacle_0"", ""kind"": ""static_obstacle"", ""x"": 50.0, ""y"": 50.0, ""radius"": 5.0}]"
safety_margin_confidence,201,40.2,1,48.931,37.357,90.0,94.0,50.0,50.0,48.994,51.27,false_negative+position_noise+confidence_error,0.328,trust_weighted_fusion,avoidance,confidence,1.844,0.3440000000000001,,2,0,69.965,3.791,7.688,uav_0,3.791,False,False,False,False,False,1,"[{""id"": ""obstacle_0"", ""kind"": ""static_obstacle"", ""x"": 50.0, ""y"": 50.0, ""radius"": 5.0}]"
safety_margin_confidence,201,40.2,2,60.289,37.297,86.0,90.0,50.0,50.0,48.994,51.27,false_negative+position_noise+confidence_error,0.328,trust_weighted_fusion,avoidance,confidence,1.844,0.3440000000000001,,3,0,58.64,7.714,11.347,uav_3,7.714,False,False,False,False,False,1,"[{""id"": ""obstacle_0"", ""kind"": ""static_obstacle"", ""x"": 50.0, ""y"": 50.0, ""radius"": 5.0}]"
safety_margin_confidence,201,40.2,3,65.472,43.01,90.0,86.0,50.0,50.0,48.994,51.27,false_negative+position_noise+confidence_error,0.328,trust_weighted_fusion,avoidance,confidence,1.844,0.3440000000000001,,2,0,49.495,7.714,11.978,uav_2,7.714,False,False,False,False,False,1,"[{""id"": ""obstacle_0"", ""kind"": ""static_obstacle"", ""x"": 50.0, ""y"": 50.0, ""radius"": 5.0}]"
safety_margin_confidence,202,40.4,0,51.963,34.748,94.0,90.0,50.0,50.0,51.942,50.263,false_negative+position_noise+confidence_error,0.362,trust_weighted_fusion,avoidance,confidence,1.776,0.276,,2,0,69.425,3.726,10.378,uav_1,3.726,False,False,False,False,False,1,"[{""id"": ""obstacle_0"", ""kind"": ""static_obstacle"", ""x"": 50.0, ""y"": 50.0, ""radius"": 5.0}]"
safety_margin_confidence,202,40.4,1,49.234,37.285,90.0,94.0,50.0,50.0,51.942,50.263,false_negative+confidence_error,0.362,trust_weighted_fusion,avoidance,confidence,1.776,0.276,,1,0,69.846,3.726,7.738,uav_0,3.726,False,False,False,False,False,1,"[{""id"": ""obstacle_0"", ""kind"": ""static_obstacle"", ""x"": 50.0, ""y"": 50.0, ""radius"": 5.0}]"
safety_margin_confidence,202,40.4,2,60.566,37.428,86.0,90.0,50.0,50.0,51.942,50.263,false_negative+position_noise+confidence_error,0.362,trust_weighted_fusion,avoidance,confidence,1.868,0.3680000000000001,,3,0,58.401,7.735,11.423,uav_3,7.735,False,False,False,False,False,1,"[{""id"": ""obstacle_0"", ""kind"": ""static_obstacle"", ""x"": 50.0, ""y"": 50.0, ""radius"": 5.0}]"
safety_margin_confidence,202,40.4,3,65.726,43.191,90.0,86.0,50.0,50.0,51.942,50.263,position_noise+confidence_error,0.362,trust_weighted_fusion,avoidance,confidence,1.776,0.276,,2,0,49.213,7.735,12.137,uav_2,7.735,False,False,False,False,False,1,"[{""id"": ""obstacle_0"", ""kind"": ""static_obstacle"", ""x"": 50.0, ""y"": 50.0, ""radius"": 5.0}]"
safety_margin_confidence,203,40.6,0,52.25,34.847,94.0,90.0,50.0,50.0,48.341,53.028,false_negative+position_noise+confidence_error,0.285,trust_weighted_fusion,avoidance,confidence,1.93,0.42999999999999994,,1,0,69.173,3.679,10.319,uav_1,3.679,False,False,False,False,False,1,"[{""id"": ""obstacle_0"", ""kind"": ""static_obstacle"", ""x"": 50.0, ""y"": 50.0, ""radius"": 5.0}]"
safety_margin_confidence,203,40.6,1,49.534,37.329,90.0,94.0,50.0,50.0,48.341,53.028,false_negative+position_noise+confidence_error,0.285,trust_weighted_fusion,avoidance,confidence,1.93,0.42999999999999994,,2,0,69.635,3.679,7.679,uav_0,3.679,False,False,False,False,False,1,"[{""id"": ""obstacle_0"", ""kind"": ""static_obstacle"", ""x"": 50.0, ""y"": 50.0, ""radius"": 5.0}]"
safety_margin_confidence,203,40.6,2,60.809,37.61,86.0,90.0,50.0,50.0,48.341,53.028,dropout+confidence_error,0.285,trust_weighted_fusion,avoidance,confidence,1.93,0.42999999999999994,,1,0,58.132,7.736,11.443,uav_3,7.736,False,False,False,False,False,1,"[{""id"": ""obstacle_0"", ""kind"": ""static_obstacle"", ""x"": 50.0, ""y"": 50.0, ""radius"": 5.0}]"
safety_margin_confidence,203,40.6,3,65.952,43.388,90.0,86.0,50.0,50.0,48.341,53.028,position_noise+confidence_error,0.285,trust_weighted_fusion,avoidance,confidence,1.988,0.488,,2,0,48.929,7.736,12.268,uav_2,7.736,False,False,False,False,False,1,"[{""id"": ""obstacle_0"", ""kind"": ""static_obstacle"", ""x"": 50.0, ""y"": 50.0, ""radius"": 5.0}]"
safety_margin_confidence,204,40.8,0,52.573,34.854,94.0,90.0,50.0,50.0,48.077,50.592,false_negative+position_noise+confidence_error,0.48,trust_weighted_fusion,avoidance,confidence,1.54,0.040000000000000036,,2,0,68.973,3.675,10.363,uav_1,3.675,False,False,False,False,False,1,"[{""id"": ""obstacle_0"", ""kind"": ""static_obstacle"", ""x"": 50.0, ""y"": 50.0, ""radius"": 5.0}]"
safety_margin_confidence,204,40.8,1,49.857,37.33,90.0,94.0,50.0,50.0,48.077,50.592,false_negative+position_noise+confidence_error,0.48,trust_weighted_fusion,avoidance,confidence,1.54,0.040000000000000036,,2,0,69.448,3.675,7.671,uav_0,3.675,False,False,False,False,False,1,"[{""id"": ""obstacle_0"", ""kind"": ""static_obstacle"", ""x"": 50.0, ""y"": 50.0, ""radius"": 5.0}]"
safety_margin_confidence,204,40.8,2,61.068,37.803,86.0,90.0,50.0,50.0,48.077,50.592,dropout+confidence_error,0.48,trust_weighted_fusion,avoidance,confidence,1.54,0.040000000000000036,,1,0,57.846,7.741,11.471,uav_3,7.741,False,False,False,False,False,1,"[{""id"": ""obstacle_0"", ""kind"": ""static_obstacle"", ""x"": 50.0, ""y"": 50.0, ""radius"": 5.0}]"
safety_margin_confidence,204,40.8,3,66.187,43.61,90.0,86.0,50.0,50.0,48.077,50.592,false_negative+position_noise+confidence_error,0.48,trust_weighted_fusion,avoidance,confidence,1.54,0.040000000000000036,,1,0,48.621,7.741,12.403,uav_2,7.741,False,False,False,False,False,1,"[{""id"": ""obstacle_0"", ""kind"": ""static_obstacle"", ""x"": 50.0, ""y"": 50.0, ""radius"": 5.0}]"
safety_margin_confidence,205,41.0,0,52.869,34.794,94.0,90.0,50.0,50.0,52.507,47.166,false_negative+position_noise+confidence_error,0.396,trust_weighted_fusion,avoidance,confidence,1.954,0.45399999999999996,,2,0,68.844,4.134,10.474,uav_1,4.134,False,False,False,False,False,1,"[{""id"": ""obstacle_0"", ""kind"": ""static_obstacle"", ""x"": 50.0, ""y"": 50.0, ""radius"": 5.0}]"
safety_margin_confidence,205,41.0,1,49.849,37.616,90.0,94.0,50.0,50.0,52.507,47.166,false_negative+position_noise+confidence_error,0.396,trust_weighted_fusion,avoidance,confidence,2.266,0.766,,3,0,69.218,4.134,7.385,uav_0,4.134,False,False,False,False,False,1,"[{""id"": ""obstacle_0"", ""kind"": ""static_obstacle"", ""x"": 50.0, ""y"": 50.0, ""radius"": 5.0}]"
safety_margin_confidence,205,41.0,2,61.362,37.915,86.0,90.0,50.0,50.0,52.507,47.166,dropout+confidence_error,0.396,trust_weighted_fusion,avoidance,confidence,1.708,0.20799999999999996,,1,0,57.618,7.744,11.587,uav_3,7.744,False,False,False,False,False,1,"[{""id"": ""obstacle_0"", ""kind"": ""static_obstacle"", ""x"": 50.0, ""y"": 50.0, ""radius"": 5.0}]"
safety_margin_confidence,205,41.0,3,66.255,43.917,90.0,86.0,50.0,50.0,52.507,47.166,false_negative+position_noise+confidence_error,0.396,trust_weighted_fusion,avoidance,confidence,1.708,0.20799999999999996,,2,0,48.32,7.744,12.356,uav_2,7.744,False,False,False,False,False,1,"[{""id"": ""obstacle_0"", ""kind"": ""static_obstacle"", ""x"": 50.0, ""y"": 50.0, ""radius"": 5.0}]"
safety_margin_confidence,206,41.2,0,53.088,35.087,94.0,90.0,50.0,50.0,,,false_negative+position_noise+confidence_error,,trust_weighted_fusion,move,confidence,0.684,0.0,,2,0,68.478,4.134,10.229,uav_1,4.134,False,False,False,False,False,1,"[{""id"": ""obstacle_0"", ""kind"": ""static_obstacle"", ""x"": 50.0, ""y"": 50.0, ""radius"": 5.0}]"
safety_margin_confidence,206,41.2,1,50.029,37.869,90.0,94.0,50.0,50.0,,,false_negative+position_noise+confidence_error,,trust_weighted_fusion,move,confidence,1.796,0.29600000000000004,,2,0,68.908,4.134,7.131,uav_0,4.134,False,False,False,False,False,1,"[{""id"": ""obstacle_0"", ""kind"": ""static_obstacle"", ""x"": 50.0, ""y"": 50.0, ""radius"": 5.0}]"
safety_margin_confidence,206,41.2,2,61.533,38.277,86.0,90.0,50.0,50.0,,,dropout+confidence_error,,trust_weighted_fusion,move,confidence,0.0,0.0,,0,0,57.218,7.677,11.445,uav_3,7.677,False,False,False,False,False,1,"[{""id"": ""obstacle_0"", ""kind"": ""static_obstacle"", ""x"": 50.0, ""y"": 50.0, ""radius"": 5.0}]"
safety_margin_confidence,206,41.2,3,66.415,44.202,90.0,86.0,50.0,50.0,,,false_negative+position_noise+confidence_error,,trust_weighted_fusion,move,confidence,1.464,0.0,,1,0,47.993,7.677,12.409,uav_2,7.677,False,False,False,False,False,1,"[{""id"": ""obstacle_0"", ""kind"": ""static_obstacle"", ""x"": 50.0, ""y"": 50.0, ""radius"": 5.0}]"
safety_margin_confidence,207,41.4,0,53.394,35.181,94.0,90.0,50.0,50.0,49.897,52.254,false_negative+position_noise+confidence_error,0.453,trust_weighted_fusion,avoidance,confidence,1.598,0.09800000000000009,,2,0,68.22,4.071,10.202,uav_1,4.071,False,False,False,False,False,1,"[{""id"": ""obstacle_0"", ""kind"": ""static_obstacle"", ""x"": 50.0, ""y"": 50.0, ""radius"": 5.0}]"
safety_margin_confidence,207,41.4,1,50.349,37.883,90.0,94.0,50.0,50.0,49.897,52.254,false_negative+position_noise+confidence_error,0.453,trust_weighted_fusion,avoidance,confidence,1.594,0.09400000000000008,,2,0,68.711,4.071,7.122,uav_0,4.071,False,False,False,False,False,1,"[{""id"": ""obstacle_0"", ""kind"": ""static_obstacle"", ""x"": 50.0, ""y"": 50.0, ""radius"": 5.0}]"
safety_margin_confidence,207,41.4,2,61.794,38.462,86.0,90.0,50.0,50.0,49.897,52.254,dropout+confidence_error,0.453,trust_weighted_fusion,avoidance,confidence,1.594,0.09400000000000008,,1,0,56.939,7.655,11.499,uav_3,7.655,False,False,False,False,False,1,"[{""id"": ""obstacle_0"", ""kind"": ""static_obstacle"", ""x"": 50.0, ""y"": 50.0, ""radius"": 5.0}]"
safety_margin_confidence,207,41.4,3,66.635,44.392,90.0,86.0,50.0,50.0,49.897,52.254,position_noise+confidence_error,0.453,trust_weighted_fusion,avoidance,confidence,2.194,0.694,,2,0,47.72,7.655,12.555,uav_2,7.655,False,False,False,False,False,1,"[{""id"": ""obstacle_0"", ""kind"": ""static_obstacle"", ""x"": 50.0, ""y"": 50.0, ""radius"": 5.0}]"
safety_margin_confidence,208,41.6,0,53.7,35.232,94.0,90.0,50.0,50.0,48.951,47.606,position_noise+confidence_error,0.669,trust_weighted_fusion,avoidance,confidence,1.802,0.30200000000000005,,3,0,67.998,3.952,10.225,uav_1,3.952,False,False,False,False,False,1,"[{""id"": ""obstacle_0"", ""kind"": ""static_obstacle"", ""x"": 50.0, ""y"": 50.0, ""radius"": 5.0}]"
safety_margin_confidence,208,41.6,1,50.673,37.772,90.0,94.0,50.0,50.0,48.951,47.606,false_negative+position_noise+confidence_error,0.669,trust_weighted_fusion,avoidance,confidence,1.162,0.0,,1,0,68.616,3.952,7.246,uav_0,3.952,False,False,False,False,False,1,"[{""id"": ""obstacle_0"", ""kind"": ""static_obstacle"", ""x"": 50.0, ""y"": 50.0, ""radius"": 5.0}]"
safety_margin_confidence,208,41.6,2,62.03,38.639,86.0,90.0,50.0,50.0,48.951,47.606,false_negative+position_noise+confidence_error,0.669,trust_weighted_fusion,avoidance,confidence,2.102,0.6019999999999999,,3,0,56.679,7.674,11.547,uav_3,7.674,False,False,False,False,False,1,"[{""id"": ""obstacle_0"", ""kind"": ""static_obstacle"", ""x"": 50.0, ""y"": 50.0, ""radius"": 5.0}]"
safety_margin_confidence,208,41.6,3,66.845,44.615,90.0,86.0,50.0,50.0,48.951,47.606,false_negative+position_noise+confidence_error,0.669,trust_weighted_fusion,avoidance,confidence,1.876,0.3759999999999999,,2,0,47.423,7.674,12.685,uav_2,7.674,False,False,False,False,False,1,"[{""id"": ""obstacle_0"", ""kind"": ""static_obstacle"", ""x"": 50.0, ""y"": 50.0, ""radius"": 5.0}]"
safety_margin_confidence,209,41.8,0,54.02,35.271,94.0,90.0,50.0,50.0,50.935,49.28,false_negative+position_noise+confidence_error,0.519,trust_weighted_fusion,avoidance,confidence,1.54,0.040000000000000036,,3,0,67.776,4.106,10.267,uav_1,4.106,False,False,False,False,False,1,"[{""id"": ""obstacle_0"", ""kind"": ""static_obstacle"", ""x"": 50.0, ""y"": 50.0, ""radius"": 5.0}]"
safety_margin_confidence,209,41.8,1,50.558,37.479,90.0,94.0,50.0,50.0,50.935,49.28,false_negative+position_noise+confidence_error,0.519,trust_weighted_fusion,avoidance,confidence,1.706,0.20599999999999996,,2,0,68.922,4.106,7.533,uav_0,4.106,False,False,False,False,False,1,"[{""id"": ""obstacle_0"", ""kind"": ""static_obstacle"", ""x"": 50.0, ""y"": 50.0, ""radius"": 5.0}]"
safety_margin_confidence,209,41.8,2,62.279,38.795,86.0,90.0,50.0,50.0,50.935,49.28,false_negative+position_noise+confidence_error,0.519,trust_weighted_fusion,avoidance,confidence,2.116,0.6160000000000001,,3,0,56.432,7.72,11.623,uav_3,7.72,False,False,False,False,False,1,"[{""id"": ""obstacle_0"", ""kind"": ""static_obstacle"", ""x"": 50.0, ""y"": 50.0, ""radius"": 5.0}]"
safety_margin_confidence,209,41.8,3,67.084,44.837,90.0,86.0,50.0,50.0,50.935,49.28,position_noise+confidence_error,0.519,trust_weighted_fusion,avoidance,confidence,1.462,0.0,,2,0,47.112,7.72,12.847,uav_2,7.72,False,False,False,False,False,1,"[{""id"": ""obstacle_0"", ""kind"": ""static_obstacle"", ""x"": 50.0, ""y"": 50.0, ""radius"": 5.0}]"
safety_margin_confidence,210,42.0,0,54.162,35.013,94.0,90.0,50.0,50.0,50.308,48.876,position_noise+confidence_error,0.449,trust_weighted_fusion,avoidance,confidence,2.11,0.6099999999999999,,3,0,67.902,4.07,10.554,uav_1,4.07,False,False,False,False,False,1,"[{""id"": ""obstacle_0"", ""kind"": ""static_obstacle"", ""x"": 50.0, ""y"": 50.0, ""radius"": 5.0}]"
safety_margin_confidence,210,42.0,1,50.86,37.392,90.0,94.0,50.0,50.0,50.308,48.876,false_negative+position_noise+confidence_error,0.449,trust_weighted_fusion,avoidance,confidence,1.72,0.21999999999999997,,2,0,68.821,4.07,7.637,uav_0,4.07,False,False,False,False,False,1,"[{""id"": ""obstacle_0"", ""kind"": ""static_obstacle"", ""x"": 50.0, ""y"": 50.0, ""radius"": 5.0}]"
safety_margin_confidence,210,42.0,2,62.542,38.972,86.0,90.0,50.0,50.0,50.308,48.876,false_negative+position_noise+confidence_error,0.449,trust_weighted_fusion,avoidance,confidence,1.674,0.17399999999999993,,3,0,56.162,7.736,11.7,uav_3,7.736,False,False,False,False,False,1,"[{""id"": ""obstacle_0"", ""kind"": ""static_obstacle"", ""x"": 50.0, ""y"": 50.0, ""radius"": 5.0}]"
safety_margin_confidence,210,42.0,3,67.312,45.062,90.0,86.0,50.0,50.0,50.308,48.876,position_noise+confidence_error,0.449,trust_weighted_fusion,avoidance,confidence,1.602,0.10200000000000009,,2,0,46.805,7.736,13.002,uav_2,7.736,False,False,False,False,False,1,"[{""id"": ""obstacle_0"", ""kind"": ""static_obstacle"", ""x"": 50.0, ""y"": 50.0, ""radius"": 5.0}]"
safety_margin_confidence,211,42.2,0,54.461,35.12,94.0,90.0,50.0,50.0,48.456,51.344,position_noise+confidence_error,0.439,trust_weighted_fusion,avoidance,confidence,1.648,0.1479999999999999,,3,0,67.64,4.016,10.534,uav_1,4.016,False,False,False,False,False,1,"[{""id"": ""obstacle_0"", ""kind"": ""static_obstacle"", ""x"": 50.0, ""y"": 50.0, ""radius"": 5.0}]"
safety_margin_confidence,211,42.2,1,51.172,37.425,90.0,94.0,50.0,50.0,48.456,51.344,false_negative+position_noise+confidence_error,0.439,trust_weighted_fusion,avoidance,confidence,1.712,0.21199999999999997,,2,0,68.617,4.016,7.63,uav_0,4.016,False,False,False,False,False,1,"[{""id"": ""obstacle_0"", ""kind"": ""static_obstacle"", ""x"": 50.0, ""y"": 50.0, ""radius"": 5.0}]"
safety_margin_confidence,211,42.2,2,62.765,39.156,86.0,90.0,50.0,50.0,48.456,51.344,position_noise+confidence_error,0.439,trust_weighted_fusion,avoidance,confidence,2.222,0.722,,4,0,55.902,7.77,11.749,uav_3,7.77,False,False,False,False,False,1,"[{""id"": ""obstacle_0"", ""kind"": ""static_obstacle"", ""x"": 50.0, ""y"": 50.0, ""radius"": 5.0}]"
safety_margin_confidence,211,42.2,3,67.536,45.288,90.0,86.0,50.0,50.0,48.456,51.344,false_negative+position_noise+confidence_error,0.439,trust_weighted_fusion,avoidance,confidence,1.622,0.12200000000000011,,2,0,46.498,7.77,13.158,uav_2,7.77,False,False,False,False,False,1,"[{""id"": ""obstacle_0"", ""kind"": ""static_obstacle"", ""x"": 50.0, ""y"": 50.0, ""radius"": 5.0}]"
safety_margin_confidence,212,42.4,0,54.742,35.233,94.0,90.0,50.0,50.0,48.689,52.175,false_negative+position_noise+confidence_error,0.56,trust_weighted_fusion,avoidance,confidence,1.938,0.43799999999999994,,2,0,67.384,4.495,10.509,uav_1,4.495,False,False,False,False,False,1,"[{""id"": ""obstacle_0"", ""kind"": ""static_obstacle"", ""x"": 50.0, ""y"": 50.0, ""radius"": 5.0}]"
safety_margin_confidence,212,42.4,1,50.845,37.474,90.0,94.0,50.0,50.0,48.689,52.175,false_negative+position_noise+confidence_error,0.56,trust_weighted_fusion,avoidance,confidence,1.38,0.0,,2,0,68.763,4.495,7.555,uav_0,4.495,False,False,False,False,False,1,"[{""id"": ""obstacle_0"", ""kind"": ""static_obstacle"", ""x"": 50.0, ""y"": 50.0, ""radius"": 5.0}]"
safety_margin_confidence,212,42.4,2,63.012,39.365,86.0,90.0,50.0,50.0,48.689,52.175,false_negative+position_noise+confidence_error,0.56,trust_weighted_fusion,avoidance,confidence,1.528,0.028000000000000025,,2,0,55.609,7.741,11.805,uav_3,7.741,False,False,False,False,False,1,"[{""id"": ""obstacle_0"", ""kind"": ""static_obstacle"", ""x"": 50.0, ""y"": 50.0, ""radius"": 5.0}]"
safety_margin_confidence,212,42.4,3,67.677,45.542,90.0,86.0,50.0,50.0,48.359,50.273,false_negative+position_noise+confidence_error,0.153,trust_weighted_fusion,move,confidence,2.194,0.694,,1,0,46.208,7.741,13.23,uav_2,7.741,False,False,False,False,False,1,"[{""id"": ""obstacle_0"", ""kind"": ""static_obstacle"", ""x"": 50.0, ""y"": 50.0, ""radius"": 5.0}]"
safety_margin_confidence,213,42.6,0,55.064,35.248,94.0,90.0,50.0,50.0,53.508,49.121,false_negative+position_noise+confidence_error,0.478,trust_weighted_fusion,avoidance,confidence,1.546,0.04600000000000004,,3,0,67.185,4.449,10.597,uav_1,4.449,False,False,False,False,False,1,"[{""id"": ""obstacle_0"", ""kind"": ""static_obstacle"", ""x"": 50.0, ""y"": 50.0, ""radius"": 5.0}]"
safety_margin_confidence,213,42.6,1,51.144,37.352,90.0,94.0,50.0,50.0,53.508,49.121,false_negative+position_noise+confidence_error,0.478,trust_weighted_fusion,avoidance,confidence,1.544,0.04400000000000004,,3,0,68.693,4.449,7.7,uav_0,4.449,False,False,False,False,False,1,"[{""id"": ""obstacle_0"", ""kind"": ""static_obstacle"", ""x"": 50.0, ""y"": 50.0, ""radius"": 5.0}]"
safety_margin_confidence,213,42.6,2,63.301,39.508,86.0,90.0,50.0,50.0,53.508,49.121,false_negative+position_noise+confidence_error,0.478,trust_weighted_fusion,avoidance,confidence,1.544,0.04400000000000004,,3,0,55.36,7.769,11.941,uav_3,7.769,False,False,False,False,False,1,"[{""id"": ""obstacle_0"", ""kind"": ""static_obstacle"", ""x"": 50.0, ""y"": 50.0, ""radius"": 5.0}]"
safety_margin_confidence,213,42.6,3,67.918,45.757,90.0,86.0,50.0,50.0,53.508,49.121,position_noise+confidence_error,0.478,trust_weighted_fusion,avoidance,confidence,1.544,0.04400000000000004,,2,0,45.904,7.769,13.414,uav_2,7.769,False,False,False,False,False,1,"[{""id"": ""obstacle_0"", ""kind"": ""static_obstacle"", ""x"": 50.0, ""y"": 50.0, ""radius"": 5.0}]"
safety_margin_confidence,214,42.8,0,55.327,35.077,94.0,90.0,50.0,50.0,49.4,49.834,position_noise+confidence_error,0.414,trust_weighted_fusion,avoidance,confidence,1.73,0.22999999999999998,,3,0,67.172,5.076,10.846,uav_1,5.076,False,False,False,False,False,1,"[{""id"": ""obstacle_0"", ""kind"": ""static_obstacle"", ""x"": 50.0, ""y"": 50.0, ""radius"": 5.0}]"
safety_margin_confidence,214,42.8,1,50.849,37.466,90.0,94.0,50.0,50.0,49.4,49.834,position_noise+confidence_error,0.414,trust_weighted_fusion,avoidance,confidence,1.672,0.17199999999999993,,3,0,68.767,5.076,7.563,uav_0,5.076,False,False,False,False,False,1,"[{""id"": ""obstacle_0"", ""kind"": ""static_obstacle"", ""x"": 50.0, ""y"": 50.0, ""radius"": 5.0}]"
safety_margin_confidence,214,42.8,2,63.515,39.681,86.0,90.0,50.0,50.0,49.4,49.834,false_negative+position_noise+confidence_error,0.414,trust_weighted_fusion,avoidance,confidence,2.5,1.0,,3,0,55.115,7.818,12.004,uav_3,7.818,False,False,False,False,False,1,"[{""id"": ""obstacle_0"", ""kind"": ""static_obstacle"", ""x"": 50.0, ""y"": 50.0, ""radius"": 5.0}]"
safety_margin_confidence,214,42.8,3,68.135,45.987,90.0,86.0,50.0,50.0,49.4,49.834,false_negative+position_noise+confidence_error,0.414,trust_weighted_fusion,avoidance,confidence,1.672,0.17199999999999993,,2,0,45.597,7.818,13.574,uav_2,7.818,False,False,False,False,False,1,"[{""id"": ""obstacle_0"", ""kind"": ""static_obstacle"", ""x"": 50.0, ""y"": 50.0, ""radius"": 5.0}]"
safety_margin_confidence,215,43.0,0,55.651,35.01,94.0,90.0,50.0,50.0,51.094,47.153,false_negative+position_noise+confidence_error,0.553,trust_weighted_fusion,avoidance,confidence,1.394,0.0,,2,0,67.042,5.402,11.02,uav_1,5.402,False,False,False,False,False,1,"[{""id"": ""obstacle_0"", ""kind"": ""static_obstacle"", ""x"": 50.0, ""y"": 50.0, ""radius"": 5.0}]"
safety_margin_confidence,215,43.0,1,50.709,37.19,90.0,94.0,50.0,50.0,51.094,47.153,position_noise+confidence_error,0.553,trust_weighted_fusion,avoidance,confidence,1.812,0.31200000000000006,,3,0,69.074,5.402,7.83,uav_0,5.402,False,False,False,False,False,1,"[{""id"": ""obstacle_0"", ""kind"": ""static_obstacle"", ""x"": 50.0, ""y"": 50.0, ""radius"": 5.0}]"
safety_margin_confidence,215,43.0,2,63.769,39.867,86.0,90.0,50.0,50.0,51.094,47.153,false_negative+position_noise+confidence_error,0.553,trust_weighted_fusion,avoidance,confidence,1.706,0.20599999999999996,,3,0,54.841,7.847,12.095,uav_3,7.847,False,False,False,False,False,1,"[{""id"": ""obstacle_0"", ""kind"": ""static_obstacle"", ""x"": 50.0, ""y"": 50.0, ""radius"": 5.0}]"
safety_margin_confidence,215,43.0,3,68.353,46.235,90.0,86.0,50.0,50.0,51.094,47.153,position_noise+confidence_error,0.553,trust_weighted_fusion,avoidance,confidence,1.394,0.0,,2,0,45.275,7.847,13.736,uav_2,7.847,False,False,False,False,False,1,"[{""id"": ""obstacle_0"", ""kind"": ""static_obstacle"", ""x"": 50.0, ""y"": 50.0, ""radius"": 5.0}]"
safety_margin_confidence,216,43.2,0,55.951,35.113,94.0,90.0,50.0,50.0,48.441,49.024,false_negative+position_noise+confidence_error,0.422,trust_weighted_fusion,avoidance,confidence,1.656,0.15599999999999992,,2,0,66.786,5.335,11.032,uav_1,5.335,False,False,False,False,False,1,"[{""id"": ""obstacle_0"", ""kind"": ""static_obstacle"", ""x"": 50.0, ""y"": 50.0, ""radius"": 5.0}]"
safety_margin_confidence,216,43.2,1,51.025,37.163,90.0,94.0,50.0,50.0,48.441,49.024,false_negative+position_noise+confidence_error,0.422,trust_weighted_fusion,avoidance,confidence,1.656,0.15599999999999992,,2,0,68.917,5.335,7.878,uav_0,5.335,False,False,False,False,False,1,"[{""id"": ""obstacle_0"", ""kind"": ""static_obstacle"", ""x"": 50.0, ""y"": 50.0, ""radius"": 5.0}]"
safety_margin_confidence,216,43.2,2,63.996,40.072,86.0,90.0,50.0,50.0,48.441,49.024,false_negative+position_noise+confidence_error,0.422,trust_weighted_fusion,avoidance,confidence,1.886,0.3859999999999999,,3,0,54.562,7.857,12.159,uav_3,7.857,False,False,False,False,False,1,"[{""id"": ""obstacle_0"", ""kind"": ""static_obstacle"", ""x"": 50.0, ""y"": 50.0, ""radius"": 5.0}]"
safety_margin_confidence,216,43.2,3,68.502,46.508,90.0,86.0,50.0,50.0,50.805,48.941,false_negative+position_noise+confidence_error,0.356,trust_weighted_fusion,move,confidence,1.788,0.28800000000000003,,1,0,44.965,7.857,13.829,uav_2,7.857,False,False,False,False,False,1,"[{""id"": ""obstacle_0"", ""kind"": ""static_obstacle"", ""x"": 50.0, ""y"": 50.0, ""radius"": 5.0}]"
safety_margin_confidence,217,43.4,0,56.258,35.204,94.0,90.0,50.0,50.0,49.983,49.369,false_negative+position_noise+confidence_error,0.455,trust_weighted_fusion,avoidance,confidence,1.59,0.09000000000000008,,2,0,66.536,5.276,11.065,uav_1,5.276,False,False,False,False,False,1,"[{""id"": ""obstacle_0"", ""kind"": ""static_obstacle"", ""x"": 50.0, ""y"": 50.0, ""radius"": 5.0}]"
safety_margin_confidence,217,43.4,1,51.343,37.123,90.0,94.0,50.0,50.0,49.983,49.369,false_negative+position_noise+confidence_error,0.455,trust_weighted_fusion,avoidance,confidence,1.59,0.09000000000000008,,2,0,68.771,5.276,7.947,uav_0,5.276,False,False,False,False,False,1,"[{""id"": ""obstacle_0"", ""kind"": ""static_obstacle"", ""x"": 50.0, ""y"": 50.0, ""radius"": 5.0}]"
safety_margin_confidence,217,43.4,2,64.232,40.268,86.0,90.0,50.0,50.0,49.983,49.369,false_negative+position_noise+confidence_error,0.455,trust_weighted_fusion,avoidance,confidence,1.854,0.3540000000000001,,2,0,54.287,7.879,12.242,uav_3,7.879,False,False,False,False,False,1,"[{""id"": ""obstacle_0"", ""kind"": ""static_obstacle"", ""x"": 50.0, ""y"": 50.0, ""radius"": 5.0}]"
safety_margin_confidence,217,43.4,3,68.716,46.746,90.0,86.0,50.0,50.0,49.983,49.369,false_negative+position_noise+confidence_error,0.455,trust_weighted_fusion,avoidance,confidence,1.59,0.09000000000000008,,2,0,44.653,7.879,13.997,uav_2,7.879,False,False,False,False,False,1,"[{""id"": ""obstacle_0"", ""kind"": ""static_obstacle"", ""x"": 50.0, ""y"": 50.0, ""radius"": 5.0}]"
safety_margin_confidence,218,43.6,0,56.572,35.256,94.0,90.0,50.0,50.0,52.249,48.836,false_negative+position_noise+confidence_error,0.438,trust_weighted_fusion,avoidance,confidence,1.624,0.12400000000000011,,2,0,66.315,5.234,11.142,uav_1,5.234,False,False,False,False,False,1,"[{""id"": ""obstacle_0"", ""kind"": ""static_obstacle"", ""x"": 50.0, ""y"": 50.0, ""radius"": 5.0}]"
safety_margin_confidence,218,43.6,1,51.646,37.025,90.0,94.0,50.0,50.0,52.249,48.836,false_negative+position_noise+confidence_error,0.438,trust_weighted_fusion,avoidance,confidence,1.624,0.12400000000000011,,2,0,68.681,5.234,8.079,uav_0,5.234,False,False,False,False,False,1,"[{""id"": ""obstacle_0"", ""kind"": ""static_obstacle"", ""x"": 50.0, ""y"": 50.0, ""radius"": 5.0}]"
safety_margin_confidence,218,43.6,2,64.495,40.448,86.0,90.0,50.0,50.0,52.249,48.836,false_negative+position_noise+confidence_error,0.438,trust_weighted_fusion,avoidance,confidence,1.624,0.12400000000000011,,2,0,54.017,7.896,12.359,uav_3,7.896,False,False,False,False,False,1,"[{""id"": ""obstacle_0"", ""kind"": ""static_obstacle"", ""x"": 50.0, ""y"": 50.0, ""radius"": 5.0}]"
safety_margin_confidence,218,43.6,3,68.934,46.979,90.0,86.0,50.0,50.0,52.249,48.836,false_negative+position_noise+confidence_error,0.438,trust_weighted_fusion,avoidance,confidence,1.624,0.12400000000000011,,1,0,44.345,7.896,14.174,uav_2,7.896,False,False,False,False,False,1,"[{""id"": ""obstacle_0"", ""kind"": ""static_obstacle"", ""x"": 50.0, ""y"": 50.0, ""radius"": 5.0}]"
safety_margin_confidence,219,43.8,0,56.885,35.331,94.0,90.0,50.0,50.0,51.261,48.881,false_negative+position_noise+confidence_error,0.462,trust_weighted_fusion,avoidance,confidence,1.576,0.07600000000000007,,2,0,66.078,5.186,11.204,uav_1,5.186,False,False,False,False,False,1,"[{""id"": ""obstacle_0"", ""kind"": ""static_obstacle"", ""x"": 50.0, ""y"": 50.0, ""radius"": 5.0}]"
safety_margin_confidence,219,43.8,1,51.961,36.96,90.0,94.0,50.0,50.0,51.261,48.881,false_negative+position_noise+confidence_error,0.462,trust_weighted_fusion,avoidance,confidence,1.576,0.07600000000000007,,3,0,68.56,5.186,8.187,uav_0,5.186,False,False,False,False,False,1,"[{""id"": ""obstacle_0"", ""kind"": ""static_obstacle"", ""x"": 50.0, ""y"": 50.0, ""radius"": 5.0}]"
safety_margin_confidence,219,43.8,2,64.748,40.647,86.0,90.0,50.0,50.0,51.261,48.881,false_negative+position_noise+confidence_error,0.462,trust_weighted_fusion,avoidance,confidence,1.576,0.07600000000000007,,3,0,53.735,7.909,12.464,uav_3,7.909,False,False,False,False,False,1,"[{""id"": ""obstacle_0"", ""kind"": ""static_obstacle"", ""x"": 50.0, ""y"": 50.0, ""radius"": 5.0}]"
safety_margin_confidence,219,43.8,3,69.148,47.219,90.0,86.0,50.0,50.0,51.261,48.881,position_noise+confidence_error,0.462,trust_weighted_fusion,avoidance,confidence,1.576,0.07600000000000007,,2,0,44.032,7.909,14.349,uav_2,7.909,False,False,False,False,False,1,"[{""id"": ""obstacle_0"", ""kind"": ""static_obstacle"", ""x"": 50.0, ""y"": 50.0, ""radius"": 5.0}]"
safety_margin_confidence,220,44.0,0,57.123,35.505,94.0,90.0,50.0,50.0,50.681,50.632,false_negative+position_noise+confidence_error,0.198,trust_weighted_fusion,avoidance,confidence,2.104,0.6040000000000001,,2,0,65.8,5.385,11.151,uav_1,5.385,False,False,False,False,False,1,"[{""id"": ""obstacle_0"", ""kind"": ""static_obstacle"", ""x"": 50.0, ""y"": 50.0, ""radius"": 5.0}]"
safety_margin_confidence,220,44.0,1,51.867,36.68,90.0,94.0,50.0,50.0,50.681,50.632,position_noise+confidence_error,0.198,trust_weighted_fusion,avoidance,confidence,2.104,0.6040000000000001,,3,0,68.845,5.385,8.45,uav_0,5.385,False,False,False,False,False,1,"[{""id"": ""obstacle_0"", ""kind"": ""static_obstacle"", ""x"": 50.0, ""y"": 50.0, ""radius"": 5.0}]"
safety_margin_confidence,220,44.0,2,64.972,40.829,86.0,90.0,50.0,50.0,50.681,50.632,false_negative+position_noise+confidence_error,0.198,trust_weighted_fusion,avoidance,confidence,2.218,0.718,,4,0,53.479,7.924,12.558,uav_3,7.924,False,False,False,False,False,1,"[{""id"": ""obstacle_0"", ""kind"": ""static_obstacle"", ""x"": 50.0, ""y"": 50.0, ""radius"": 5.0}]"
safety_margin_confidence,220,44.0,3,69.348,47.435,90.0,86.0,50.0,50.0,50.681,50.632,false_negative+position_noise+confidence_error,0.198,trust_weighted_fusion,avoidance,confidence,2.104,0.6040000000000001,,2,0,43.747,7.924,14.517,uav_2,7.924,False,False,False,False,False,1,"[{""id"": ""obstacle_0"", ""kind"": ""static_obstacle"", ""x"": 50.0, ""y"": 50.0, ""radius"": 5.0}]"
safety_margin_confidence,221,44.2,0,57.431,35.602,94.0,90.0,50.0,50.0,50.975,49.746,false_negative+position_noise+confidence_error,0.482,trust_weighted_fusion,avoidance,confidence,1.536,0.03600000000000003,,2,0,65.547,5.348,11.202,uav_1,5.348,False,False,False,False,False,1,"[{""id"": ""obstacle_0"", ""kind"": ""static_obstacle"", ""x"": 50.0, ""y"": 50.0, ""radius"": 5.0}]"
safety_margin_confidence,221,44.2,1,52.19,36.67,90.0,94.0,50.0,50.0,50.975,49.746,false_negative+confidence_error,0.482,trust_weighted_fusion,avoidance,confidence,1.536,0.03600000000000003,,1,0,68.675,5.348,8.508,uav_0,5.348,False,False,False,False,False,1,"[{""id"": ""obstacle_0"", ""kind"": ""static_obstacle"", ""x"": 50.0, ""y"": 50.0, ""radius"": 5.0}]"
safety_margin_confidence,221,44.2,2,65.213,41.032,86.0,90.0,50.0,50.0,50.975,49.746,false_negative+position_noise+confidence_error,0.482,trust_weighted_fusion,avoidance,confidence,1.696,0.19599999999999995,,2,0,53.197,7.942,12.66,uav_3,7.942,False,False,False,False,False,1,"[{""id"": ""obstacle_0"", ""kind"": ""static_obstacle"", ""x"": 50.0, ""y"": 50.0, ""radius"": 5.0}]"
safety_margin_confidence,221,44.2,3,69.561,47.678,90.0,86.0,50.0,50.0,50.975,49.746,false_negative+position_noise+confidence_error,0.482,trust_weighted_fusion,avoidance,confidence,1.536,0.03600000000000003,,1,0,43.432,7.942,14.699,uav_2,7.942,False,False,False,False,False,1,"[{""id"": ""obstacle_0"", ""kind"": ""static_obstacle"", ""x"": 50.0, ""y"": 50.0, ""radius"": 5.0}]"
safety_margin_confidence,222,44.4,0,57.707,35.57,94.0,90.0,50.0,50.0,47.666,48.929,position_noise+confidence_error,0.399,trust_weighted_fusion,avoidance,confidence,2.444,0.944,,3,0,65.421,5.326,11.359,uav_1,5.326,False,False,False,False,False,1,"[{""id"": ""obstacle_0"", ""kind"": ""static_obstacle"", ""x"": 50.0, ""y"": 50.0, ""radius"": 5.0}]"
safety_margin_confidence,222,44.4,1,52.503,36.706,90.0,94.0,50.0,50.0,47.666,48.929,false_negative+position_noise+confidence_error,0.399,trust_weighted_fusion,avoidance,confidence,1.702,0.20199999999999996,,1,0,68.473,5.326,8.527,uav_0,5.326,False,False,False,False,False,1,"[{""id"": ""obstacle_0"", ""kind"": ""static_obstacle"", ""x"": 50.0, ""y"": 50.0, ""radius"": 5.0}]"
safety_margin_confidence,222,44.4,2,65.418,41.249,86.0,90.0,50.0,50.0,47.666,48.929,false_negative+position_noise+confidence_error,0.399,trust_weighted_fusion,avoidance,confidence,2.036,0.536,,2,0,52.918,8.047,12.728,uav_3,8.047,False,False,False,False,False,1,"[{""id"": ""obstacle_0"", ""kind"": ""static_obstacle"", ""x"": 50.0, ""y"": 50.0, ""radius"": 5.0}]"
safety_margin_confidence,222,44.4,3,69.749,48.031,90.0,86.0,50.0,50.0,,,false_negative+confidence_error,,trust_weighted_fusion,move,confidence,0.0,0.0,,0,0,43.032,8.047,14.847,uav_2,8.047,False,False,False,False,False,1,"[{""id"": ""obstacle_0"", ""kind"": ""static_obstacle"", ""x"": 50.0, ""y"": 50.0, ""radius"": 5.0}]"
safety_margin_confidence,223,44.6,0,57.987,35.68,94.0,90.0,50.0,50.0,50.692,51.196,position_noise+confidence_error,0.262,trust_weighted_fusion,avoidance,confidence,1.976,0.476,,3,0,65.174,5.746,11.397,uav_1,5.746,False,False,False,False,False,1,"[{""id"": ""obstacle_0"", ""kind"": ""static_obstacle"", ""x"": 50.0, ""y"": 50.0, ""radius"": 5.0}]"
safety_margin_confidence,223,44.6,1,52.298,36.486,90.0,94.0,50.0,50.0,50.692,51.196,false_negative+position_noise+confidence_error,0.262,trust_weighted_fusion,avoidance,confidence,1.976,0.476,,3,0,68.77,5.746,8.709,uav_0,5.746,False,False,False,False,False,1,"[{""id"": ""obstacle_0"", ""kind"": ""static_obstacle"", ""x"": 50.0, ""y"": 50.0, ""radius"": 5.0}]"
safety_margin_confidence,223,44.6,2,65.644,41.445,86.0,90.0,50.0,50.0,50.692,51.196,position_noise+confidence_error,0.262,trust_weighted_fusion,avoidance,confidence,2.002,0.5019999999999998,,4,0,52.649,8.057,12.831,uav_3,8.057,False,False,False,False,False,1,"[{""id"": ""obstacle_0"", ""kind"": ""static_obstacle"", ""x"": 50.0, ""y"": 50.0, ""radius"": 5.0}]"
safety_margin_confidence,223,44.6,3,69.95,48.255,90.0,86.0,50.0,50.0,50.692,51.196,false_negative+position_noise+confidence_error,0.262,trust_weighted_fusion,avoidance,confidence,1.976,0.476,,2,0,42.739,8.057,15.026,uav_2,8.057,False,False,False,False,False,1,"[{""id"": ""obstacle_0"", ""kind"": ""static_obstacle"", ""x"": 50.0, ""y"": 50.0, ""radius"": 5.0}]"
safety_margin_confidence,224,44.8,0,58.149,35.927,94.0,90.0,50.0,50.0,48.989,48.379,false_negative+position_noise+confidence_error,0.202,trust_weighted_fusion,avoidance,confidence,2.096,0.5960000000000001,,3,0,64.878,5.582,11.262,uav_1,5.582,False,False,False,False,False,1,"[{""id"": ""obstacle_0"", ""kind"": ""static_obstacle"", ""x"": 50.0, ""y"": 50.0, ""radius"": 5.0}]"
safety_margin_confidence,224,44.8,1,52.593,36.474,90.0,94.0,50.0,50.0,48.989,48.379,false_negative+position_noise+confidence_error,0.202,trust_weighted_fusion,avoidance,confidence,2.096,0.5960000000000001,,2,0,68.618,5.582,8.772,uav_0,5.582,False,False,False,False,False,1,"[{""id"": ""obstacle_0"", ""kind"": ""static_obstacle"", ""x"": 50.0, ""y"": 50.0, ""radius"": 5.0}]"
safety_margin_confidence,224,44.8,2,65.852,41.656,86.0,90.0,50.0,50.0,48.989,48.379,false_negative+position_noise+confidence_error,0.202,trust_weighted_fusion,avoidance,confidence,2.096,0.5960000000000001,,2,0,52.375,8.11,12.914,uav_3,8.11,False,False,False,False,False,1,"[{""id"": ""obstacle_0"", ""kind"": ""static_obstacle"", ""x"": 50.0, ""y"": 50.0, ""radius"": 5.0}]"
safety_margin_confidence,224,44.8,3,70.111,48.557,90.0,86.0,50.0,50.0,,,position_noise+confidence_error,,trust_weighted_fusion,move,confidence,1.162,0.0,,1,0,42.398,8.11,15.162,uav_2,8.11,False,False,False,False,False,1,"[{""id"": ""obstacle_0"", ""kind"": ""static_obstacle"", ""x"": 50.0, ""y"": 50.0, ""radius"": 5.0}]"
safety_margin_confidence,225,45.0,0,58.412,36.045,94.0,90.0,50.0,50.0,48.611,50.06,position_noise+confidence_error,0.135,trust_weighted_fusion,avoidance,confidence,2.23,0.73,,3,0,64.635,5.552,11.294,uav_1,5.552,False,False,False,False,False,1,"[{""id"": ""obstacle_0"", ""kind"": ""static_obstacle"", ""x"": 50.0, ""y"": 50.0, ""radius"": 5.0}]"
safety_margin_confidence,225,45.0,1,52.88,36.51,90.0,94.0,50.0,50.0,48.611,50.06,false_negative+position_noise+confidence_error,0.135,trust_weighted_fusion,avoidance,confidence,2.23,0.73,,2,0,68.432,5.552,8.793,uav_0,5.552,False,False,False,False,False,1,"[{""id"": ""obstacle_0"", ""kind"": ""static_obstacle"", ""x"": 50.0, ""y"": 50.0, ""radius"": 5.0}]"
safety_margin_confidence,225,45.0,2,66.053,41.862,86.0,90.0,50.0,50.0,48.611,50.06,false_negative+position_noise+confidence_error,0.135,trust_weighted_fusion,avoidance,confidence,2.23,0.73,,4,0,52.107,8.182,12.998,uav_3,8.182,False,False,False,False,False,1,"[{""id"": ""obstacle_0"", ""kind"": ""static_obstacle"", ""x"": 50.0, ""y"": 50.0, ""radius"": 5.0}]"
safety_margin_confidence,225,45.0,3,70.277,48.87,90.0,86.0,50.0,50.0,,,position_noise+confidence_error,,trust_weighted_fusion,move,confidence,0.92,0.0,,1,0,42.044,8.182,15.308,uav_2,8.182,False,False,False,False,False,1,"[{""id"": ""obstacle_0"", ""kind"": ""static_obstacle"", ""x"": 50.0, ""y"": 50.0, ""radius"": 5.0}]"
safety_margin_confidence,226,45.2,0,58.677,36.117,94.0,90.0,50.0,50.0,50.725,48.112,false_negative+position_noise+confidence_error,0.0,trust_weighted_fusion,avoidance,confidence,2.5,1.0,,2,0,64.429,5.539,11.372,uav_1,5.539,False,False,False,False,False,1,"[{""id"": ""obstacle_0"", ""kind"": ""static_obstacle"", ""x"": 50.0, ""y"": 50.0, ""radius"": 5.0}]"
safety_margin_confidence,226,45.2,1,53.149,36.454,90.0,94.0,50.0,50.0,50.725,48.112,false_negative+position_noise+confidence_error,0.0,trust_weighted_fusion,avoidance,confidence,2.5,1.0,,3,0,68.335,5.539,8.908,uav_0,5.539,False,False,False,False,False,1,"[{""id"": ""obstacle_0"", ""kind"": ""static_obstacle"", ""x"": 50.0, ""y"": 50.0, ""radius"": 5.0}]"
safety_margin_confidence,226,45.2,2,66.255,42.049,86.0,90.0,50.0,50.0,50.725,48.112,position_noise+confidence_error,0.0,trust_weighted_fusion,avoidance,confidence,2.5,1.0,,4,0,51.857,8.191,13.095,uav_3,8.191,False,False,False,False,False,1,"[{""id"": ""obstacle_0"", ""kind"": ""static_obstacle"", ""x"": 50.0, ""y"": 50.0, ""radius"": 5.0}]"
safety_margin_confidence,226,45.2,3,70.445,49.087,90.0,86.0,50.0,50.0,50.725,48.112,position_noise+confidence_error,0.0,trust_weighted_fusion,avoidance,confidence,2.5,1.0,,2,0,41.773,8.191,15.465,uav_2,8.191,False,False,False,False,False,1,"[{""id"": ""obstacle_0"", ""kind"": ""static_obstacle"", ""x"": 50.0, ""y"": 50.0, ""radius"": 5.0}]"
safety_margin_confidence,227,45.4,0,58.938,36.205,94.0,90.0,50.0,50.0,51.006,52.528,false_negative+position_noise+confidence_error,0.38,trust_weighted_fusion,avoidance,confidence,2.5,1.0,,3,0,64.213,5.499,11.437,uav_1,5.499,False,False,False,False,False,1,"[{""id"": ""obstacle_0"", ""kind"": ""static_obstacle"", ""x"": 50.0, ""y"": 50.0, ""radius"": 5.0}]"
safety_margin_confidence,227,45.4,1,53.448,36.531,90.0,94.0,50.0,50.0,51.006,52.528,position_noise+confidence_error,0.38,trust_weighted_fusion,avoidance,confidence,1.812,0.31200000000000006,,3,0,68.108,5.499,8.903,uav_0,5.499,False,False,False,False,False,1,"[{""id"": ""obstacle_0"", ""kind"": ""static_obstacle"", ""x"": 50.0, ""y"": 50.0, ""radius"": 5.0}]"
safety_margin_confidence,227,45.4,2,66.48,42.257,86.0,90.0,50.0,50.0,51.006,52.528,false_negative+position_noise+confidence_error,0.38,trust_weighted_fusion,avoidance,confidence,1.87,0.3700000000000001,,4,0,51.579,8.205,13.208,uav_3,8.205,False,False,False,False,False,1,"[{""id"": ""obstacle_0"", ""kind"": ""static_obstacle"", ""x"": 50.0, ""y"": 50.0, ""radius"": 5.0}]"
safety_margin_confidence,227,45.4,3,70.652,49.322,90.0,86.0,50.0,50.0,51.006,52.528,false_negative+confidence_error,0.38,trust_weighted_fusion,avoidance,confidence,1.74,0.24,,1,0,41.468,8.205,15.663,uav_2,8.205,False,False,False,False,False,1,"[{""id"": ""obstacle_0"", ""kind"": ""static_obstacle"", ""x"": 50.0, ""y"": 50.0, ""radius"": 5.0}]"
safety_margin_confidence,228,45.6,0,59.225,36.315,94.0,90.0,50.0,50.0,50.25,48.56,position_noise+confidence_error,0.322,trust_weighted_fusion,avoidance,confidence,1.856,0.3560000000000001,,3,0,63.964,5.479,11.504,uav_1,5.479,False,False,False,False,False,1,"[{""id"": ""obstacle_0"", ""kind"": ""static_obstacle"", ""x"": 50.0, ""y"": 50.0, ""radius"": 5.0}]"
safety_margin_confidence,228,45.6,1,53.75,36.529,90.0,94.0,50.0,50.0,50.25,48.56,false_negative+position_noise+confidence_error,0.322,trust_weighted_fusion,avoidance,confidence,1.956,0.45599999999999996,,3,0,67.948,5.479,8.983,uav_0,5.479,False,False,False,False,False,1,"[{""id"": ""obstacle_0"", ""kind"": ""static_obstacle"", ""x"": 50.0, ""y"": 50.0, ""radius"": 5.0}]"
safety_margin_confidence,228,45.6,2,66.672,42.454,86.0,90.0,50.0,50.0,50.25,48.56,position_noise+confidence_error,0.322,trust_weighted_fusion,avoidance,confidence,2.5,1.0,,4,0,51.325,8.243,13.3,uav_3,8.243,False,False,False,False,False,1,"[{""id"": ""obstacle_0"", ""kind"": ""static_obstacle"", ""x"": 50.0, ""y"": 50.0, ""radius"": 5.0}]"
safety_margin_confidence,228,45.6,3,70.794,49.592,90.0,86.0,50.0,50.0,,,position_noise+confidence_error,,trust_weighted_fusion,move,confidence,1.892,0.3919999999999999,,1,0,41.163,8.243,15.798,uav_2,8.243,False,False,False,False,False,1,"[{""id"": ""obstacle_0"", ""kind"": ""static_obstacle"", ""x"": 50.0, ""y"": 50.0, ""radius"": 5.0}]"
safety_margin_confidence,229,45.8,0,59.52,36.407,94.0,90.0,50.0,50.0,48.362,48.216,false_negative+position_noise+confidence_error,0.343,trust_weighted_fusion,avoidance,confidence,1.814,0.31400000000000006,,2,0,63.727,5.47,11.596,uav_1,5.47,False,False,False,False,False,1,"[{""id"": ""obstacle_0"", ""kind"": ""static_obstacle"", ""x"": 50.0, ""y"": 50.0, ""radius"": 5.0}]"
safety_margin_confidence,229,45.8,1,54.052,36.573,90.0,94.0,50.0,50.0,48.362,48.216,position_noise+confidence_error,0.343,trust_weighted_fusion,avoidance,confidence,1.898,0.3979999999999999,,3,0,67.75,5.47,9.025,uav_0,5.47,False,False,False,False,False,1,"[{""id"": ""obstacle_0"", ""kind"": ""static_obstacle"", ""x"": 50.0, ""y"": 50.0, ""radius"": 5.0}]"
safety_margin_confidence,229,45.8,2,66.854,42.665,86.0,90.0,50.0,50.0,48.362,48.216,false_negative+position_noise+confidence_error,0.343,trust_weighted_fusion,avoidance,confidence,2.43,0.9300000000000002,,3,0,51.061,8.37,13.38,uav_3,8.37,False,False,False,False,False,1,"[{""id"": ""obstacle_0"", ""kind"": ""static_obstacle"", ""x"": 50.0, ""y"": 50.0, ""radius"": 5.0}]"
safety_margin_confidence,229,45.8,3,70.981,49.946,90.0,86.0,50.0,50.0,,,false_negative+confidence_error,,trust_weighted_fusion,move,confidence,0.0,0.0,,0,0,40.763,8.37,15.981,uav_2,8.37,False,False,False,False,False,1,"[{""id"": ""obstacle_0"", ""kind"": ""static_obstacle"", ""x"": 50.0, ""y"": 50.0, ""radius"": 5.0}]"
safety_margin_confidence,230,46.0,0,59.803,36.499,94.0,90.0,50.0,50.0,49.426,50.938,false_negative+position_noise+confidence_error,0.231,trust_weighted_fusion,avoidance,confidence,2.038,0.5379999999999998,,2,0,63.496,5.463,11.685,uav_1,5.463,False,False,False,False,False,1,"[{""id"": ""obstacle_0"", ""kind"": ""static_obstacle"", ""x"": 50.0, ""y"": 50.0, ""radius"": 5.0}]"
safety_margin_confidence,230,46.0,1,54.342,36.641,90.0,94.0,50.0,50.0,49.426,50.938,false_negative+position_noise+confidence_error,0.231,trust_weighted_fusion,avoidance,confidence,2.038,0.5379999999999998,,2,0,67.539,5.463,9.047,uav_0,5.463,False,False,False,False,False,1,"[{""id"": ""obstacle_0"", ""kind"": ""static_obstacle"", ""x"": 50.0, ""y"": 50.0, ""radius"": 5.0}]"
safety_margin_confidence,230,46.0,2,67.058,42.882,86.0,90.0,50.0,50.0,49.426,50.938,false_negative+position_noise+confidence_error,0.231,trust_weighted_fusion,avoidance,confidence,2.038,0.5379999999999998,,2,0,50.783,8.381,13.484,uav_3,8.381,False,False,False,False,False,1,"[{""id"": ""obstacle_0"", ""kind"": ""static_obstacle"", ""x"": 50.0, ""y"": 50.0, ""radius"": 5.0}]"
safety_margin_confidence,230,46.0,3,71.121,50.212,90.0,86.0,50.0,50.0,,,position_noise+confidence_error,,trust_weighted_fusion,move,confidence,1.982,0.482,,1,0,40.462,8.381,16.122,uav_2,8.381,False,False,False,False,False,1,"[{""id"": ""obstacle_0"", ""kind"": ""static_obstacle"", ""x"": 50.0, ""y"": 50.0, ""radius"": 5.0}]"
safety_margin_confidence,231,46.2,0,60.09,36.607,94.0,90.0,50.0,50.0,53.535,51.571,position_noise+confidence_error,0.503,trust_weighted_fusion,avoidance,confidence,1.88,0.3799999999999999,,3,0,63.251,6.015,11.768,uav_1,6.015,False,False,False,False,False,1,"[{""id"": ""obstacle_0"", ""kind"": ""static_obstacle"", ""x"": 50.0, ""y"": 50.0, ""radius"": 5.0}]"
safety_margin_confidence,231,46.2,1,54.076,36.465,90.0,94.0,50.0,50.0,53.535,51.571,false_negative+position_noise+confidence_error,0.503,trust_weighted_fusion,avoidance,confidence,1.618,0.1180000000000001,,3,0,67.829,6.015,9.135,uav_0,6.015,False,False,False,False,False,1,"[{""id"": ""obstacle_0"", ""kind"": ""static_obstacle"", ""x"": 50.0, ""y"": 50.0, ""radius"": 5.0}]"
safety_margin_confidence,231,46.2,2,67.297,43.081,86.0,90.0,50.0,50.0,53.535,51.571,false_negative+position_noise+confidence_error,0.503,trust_weighted_fusion,avoidance,confidence,1.77,0.27,,4,0,50.509,8.409,13.63,uav_3,8.409,False,False,False,False,False,1,"[{""id"": ""obstacle_0"", ""kind"": ""static_obstacle"", ""x"": 50.0, ""y"": 50.0, ""radius"": 5.0}]"
safety_margin_confidence,231,46.2,3,71.333,50.459,90.0,86.0,50.0,50.0,53.535,51.571,position_noise+confidence_error,0.503,trust_weighted_fusion,avoidance,confidence,1.494,0.0,,2,0,40.145,8.409,16.338,uav_2,8.409,False,False,False,False,False,1,"[{""id"": ""obstacle_0"", ""kind"": ""static_obstacle"", ""x"": 50.0, ""y"": 50.0, ""radius"": 5.0}]"
safety_margin_confidence,232,46.4,0,60.366,36.734,94.0,90.0,50.0,50.0,50.072,48.666,false_negative+position_noise+confidence_error,0.292,trust_weighted_fusion,avoidance,confidence,1.916,0.4159999999999999,,1,0,62.996,5.991,11.835,uav_1,5.991,False,False,False,False,False,1,"[{""id"": ""obstacle_0"", ""kind"": ""static_obstacle"", ""x"": 50.0, ""y"": 50.0, ""radius"": 5.0}]"
safety_margin_confidence,232,46.4,1,54.38,36.485,90.0,94.0,50.0,50.0,50.072,48.666,false_negative+position_noise+confidence_error,0.292,trust_weighted_fusion,avoidance,confidence,1.916,0.4159999999999999,,2,0,67.652,5.991,9.207,uav_0,5.991,False,False,False,False,False,1,"[{""id"": ""obstacle_0"", ""kind"": ""static_obstacle"", ""x"": 50.0, ""y"": 50.0, ""radius"": 5.0}]"
safety_margin_confidence,232,46.4,2,67.501,43.308,86.0,90.0,50.0,50.0,50.072,48.666,position_noise+confidence_error,0.292,trust_weighted_fusion,avoidance,confidence,1.916,0.4159999999999999,,4,0,50.223,8.514,13.737,uav_3,8.514,False,False,False,False,False,1,"[{""id"": ""obstacle_0"", ""kind"": ""static_obstacle"", ""x"": 50.0, ""y"": 50.0, ""radius"": 5.0}]"
safety_margin_confidence,232,46.4,3,71.519,50.813,90.0,86.0,50.0,50.0,,,false_negative+confidence_error,,trust_weighted_fusion,move,confidence,0.0,0.0,,0,0,39.745,8.514,16.535,uav_2,8.514,False,False,False,False,False,1,"[{""id"": ""obstacle_0"", ""kind"": ""static_obstacle"", ""x"": 50.0, ""y"": 50.0, ""radius"": 5.0}]"
safety_margin_confidence,233,46.6,0,60.58,37.073,94.0,90.0,50.0,50.0,,,false_negative+confidence_error,,trust_weighted_fusion,move,confidence,0.0,0.0,,0,0,62.596,6.024,11.705,uav_1,6.024,False,False,False,False,False,1,"[{""id"": ""obstacle_0"", ""kind"": ""static_obstacle"", ""x"": 50.0, ""y"": 50.0, ""radius"": 5.0}]"
safety_margin_confidence,233,46.6,1,54.563,36.78,90.0,94.0,50.0,50.0,,,false_negative+position_noise+confidence_error,,trust_weighted_fusion,move,confidence,1.054,0.0,,1,0,67.305,6.024,8.985,uav_0,6.024,False,False,False,False,False,1,"[{""id"": ""obstacle_0"", ""kind"": ""static_obstacle"", ""x"": 50.0, ""y"": 50.0, ""radius"": 5.0}]"
safety_margin_confidence,233,46.6,2,67.612,43.589,86.0,90.0,50.0,50.0,,,false_negative+position_noise+confidence_error,,trust_weighted_fusion,move,confidence,1.958,0.45799999999999996,,3,0,49.921,8.533,13.743,uav_3,8.533,False,False,False,False,False,1,"[{""id"": ""obstacle_0"", ""kind"": ""static_obstacle"", ""x"": 50.0, ""y"": 50.0, ""radius"": 5.0}]"
safety_margin_confidence,233,46.6,3,71.668,51.096,90.0,86.0,50.0,50.0,,,position_noise+confidence_error,,trust_weighted_fusion,move,confidence,1.61,0.1100000000000001,,1,0,39.425,8.533,16.696,uav_2,8.533,False,False,False,False,False,1,"[{""id"": ""obstacle_0"", ""kind"": ""static_obstacle"", ""x"": 50.0, ""y"": 50.0, ""radius"": 5.0}]"
safety_margin_confidence,234,46.8,0,60.841,37.237,94.0,90.0,50.0,50.0,48.095,49.944,false_negative+position_noise+confidence_error,0.596,trust_weighted_fusion,avoidance,confidence,1.822,0.32200000000000006,,2,0,62.317,6.024,11.746,uav_1,6.024,False,False,False,False,False,1,"[{""id"": ""obstacle_0"", ""kind"": ""static_obstacle"", ""x"": 50.0, ""y"": 50.0, ""radius"": 5.0}]"
safety_margin_confidence,234,46.8,1,54.828,36.867,90.0,94.0,50.0,50.0,48.095,49.944,position_noise+confidence_error,0.596,trust_weighted_fusion,avoidance,confidence,2.404,0.9039999999999999,,3,0,67.091,6.024,8.992,uav_0,6.024,False,False,False,False,False,1,"[{""id"": ""obstacle_0"", ""kind"": ""static_obstacle"", ""x"": 50.0, ""y"": 50.0, ""radius"": 5.0}]"
safety_margin_confidence,234,46.8,2,67.721,43.864,86.0,90.0,50.0,50.0,50.493,53.361,false_negative+position_noise+confidence_error,0.209,trust_weighted_fusion,move,confidence,2.082,0.5819999999999999,,2,0,49.625,8.639,13.753,uav_3,8.639,False,False,False,False,False,1,"[{""id"": ""obstacle_0"", ""kind"": ""static_obstacle"", ""x"": 50.0, ""y"": 50.0, ""radius"": 5.0}]"
safety_margin_confidence,234,46.8,3,71.854,51.45,90.0,86.0,50.0,50.0,,,false_negative+confidence_error,,trust_weighted_fusion,move,confidence,0.0,0.0,,0,0,39.025,8.639,16.902,uav_2,8.639,False,False,False,False,False,1,"[{""id"": ""obstacle_0"", ""kind"": ""static_obstacle"", ""x"": 50.0, ""y"": 50.0, ""radius"": 5.0}]"
safety_margin_confidence,235,47.0,0,61.119,37.403,94.0,90.0,50.0,50.0,48.935,50.405,false_negative+position_noise+confidence_error,0.487,trust_weighted_fusion,avoidance,confidence,1.526,0.026000000000000023,,2,0,62.029,6.626,11.803,uav_1,6.626,False,False,False,False,False,1,"[{""id"": ""obstacle_0"", ""kind"": ""static_obstacle"", ""x"": 50.0, ""y"": 50.0, ""radius"": 5.0}]"
safety_margin_confidence,235,47.0,1,54.523,36.781,90.0,94.0,50.0,50.0,48.935,50.405,false_negative+position_noise+confidence_error,0.487,trust_weighted_fusion,avoidance,confidence,1.642,0.1419999999999999,,3,0,67.325,6.626,8.972,uav_0,6.626,False,False,False,False,False,1,"[{""id"": ""obstacle_0"", ""kind"": ""static_obstacle"", ""x"": 50.0, ""y"": 50.0, ""radius"": 5.0}]"
safety_margin_confidence,235,47.0,2,67.91,44.09,86.0,90.0,50.0,50.0,48.935,50.405,position_noise+confidence_error,0.487,trust_weighted_fusion,avoidance,confidence,2.094,0.5939999999999999,,4,0,49.345,8.695,13.86,uav_3,8.695,False,False,False,False,False,1,"[{""id"": ""obstacle_0"", ""kind"": ""static_obstacle"", ""x"": 50.0, ""y"": 50.0, ""radius"": 5.0}]"
safety_margin_confidence,235,47.0,3,72.014,51.755,90.0,86.0,50.0,50.0,,,position_noise+confidence_error,,trust_weighted_fusion,move,confidence,1.104,0.0,,1,0,38.681,8.695,17.084,uav_2,8.695,False,False,False,False,False,1,"[{""id"": ""obstacle_0"", ""kind"": ""static_obstacle"", ""x"": 50.0, ""y"": 50.0, ""radius"": 5.0}]"
safety_margin_confidence,236,47.2,0,61.408,37.533,94.0,90.0,50.0,50.0,51.265,47.421,false_negative+position_noise+confidence_error,0.548,trust_weighted_fusion,avoidance,confidence,1.662,0.16199999999999992,,3,0,61.766,6.602,11.899,uav_1,6.602,False,False,False,False,False,1,"[{""id"": ""obstacle_0"", ""kind"": ""static_obstacle"", ""x"": 50.0, ""y"": 50.0, ""radius"": 5.0}]"
safety_margin_confidence,236,47.2,1,54.852,36.758,90.0,94.0,50.0,50.0,51.265,47.421,position_noise+confidence_error,0.548,trust_weighted_fusion,avoidance,confidence,1.404,0.0,,2,0,67.172,6.602,9.103,uav_0,6.602,False,False,False,False,False,1,"[{""id"": ""obstacle_0"", ""kind"": ""static_obstacle"", ""x"": 50.0, ""y"": 50.0, ""radius"": 5.0}]"
safety_margin_confidence,236,47.2,2,68.112,44.33,86.0,90.0,50.0,50.0,51.265,47.421,false_negative+position_noise+confidence_error,0.548,trust_weighted_fusion,avoidance,confidence,1.736,0.236,,2,0,49.048,8.732,13.978,uav_3,8.732,False,False,False,False,False,1,"[{""id"": ""obstacle_0"", ""kind"": ""static_obstacle"", ""x"": 50.0, ""y"": 50.0, ""radius"": 5.0}]"
safety_margin_confidence,236,47.2,3,72.174,52.06,90.0,86.0,50.0,50.0,,,position_noise+confidence_error,,trust_weighted_fusion,move,confidence,1.118,0.0,,1,0,38.336,8.732,17.27,uav_2,8.732,False,False,False,False,False,1,"[{""id"": ""obstacle_0"", ""kind"": ""static_obstacle"", ""x"": 50.0, ""y"": 50.0, ""radius"": 5.0}]"
safety_margin_confidence,237,47.4,0,61.695,37.683,94.0,90.0,50.0,50.0,50.845,49.353,false_negative+position_noise+confidence_error,0.579,trust_weighted_fusion,avoidance,confidence,1.528,0.028000000000000025,,2,0,61.488,6.593,11.985,uav_1,6.593,False,False,False,False,False,1,"[{""id"": ""obstacle_0"", ""kind"": ""static_obstacle"", ""x"": 50.0, ""y"": 50.0, ""radius"": 5.0}]"
safety_margin_confidence,237,47.4,1,55.161,36.804,90.0,94.0,50.0,50.0,50.845,49.353,position_noise+confidence_error,0.579,trust_weighted_fusion,avoidance,confidence,1.75,0.25,,2,0,66.972,6.593,9.17,uav_0,6.593,False,False,False,False,False,1,"[{""id"": ""obstacle_0"", ""kind"": ""static_obstacle"", ""x"": 50.0, ""y"": 50.0, ""radius"": 5.0}]"
safety_margin_confidence,237,47.4,2,68.328,44.583,86.0,90.0,50.0,50.0,50.845,49.353,false_negative+position_noise+confidence_error,0.579,trust_weighted_fusion,avoidance,confidence,1.342,0.0,,2,0,48.734,8.743,14.112,uav_3,8.743,False,False,False,False,False,1,"[{""id"": ""obstacle_0"", ""kind"": ""static_obstacle"", ""x"": 50.0, ""y"": 50.0, ""radius"": 5.0}]"
safety_margin_confidence,237,47.4,3,72.33,52.357,90.0,86.0,50.0,50.0,,,position_noise+confidence_error,,trust_weighted_fusion,move,confidence,1.3,0.0,,1,0,38.001,8.743,17.454,uav_2,8.743,False,False,False,False,False,1,"[{""id"": ""obstacle_0"", ""kind"": ""static_obstacle"", ""x"": 50.0, ""y"": 50.0, ""radius"": 5.0}]"
safety_margin_confidence,238,47.6,0,61.986,37.83,94.0,90.0,50.0,50.0,51.15,48.857,false_negative+confidence_error,0.509,trust_weighted_fusion,avoidance,confidence,1.482,0.0,,1,0,61.21,6.576,12.081,uav_1,6.576,False,False,False,False,False,1,"[{""id"": ""obstacle_0"", ""kind"": ""static_obstacle"", ""x"": 50.0, ""y"": 50.0, ""radius"": 5.0}]"
safety_margin_confidence,238,47.6,1,55.485,36.836,90.0,94.0,50.0,50.0,51.15,48.857,false_negative+position_noise+confidence_error,0.509,trust_weighted_fusion,avoidance,confidence,1.482,0.0,,1,0,66.776,6.576,9.261,uav_0,6.576,False,False,False,False,False,1,"[{""id"": ""obstacle_0"", ""kind"": ""static_obstacle"", ""x"": 50.0, ""y"": 50.0, ""radius"": 5.0}]"
safety_margin_confidence,238,47.6,2,68.538,44.832,86.0,90.0,50.0,50.0,51.15,48.857,false_negative+confidence_error,0.509,trust_weighted_fusion,avoidance,confidence,1.482,0.0,,1,0,48.426,8.783,14.245,uav_3,8.783,False,False,False,False,False,1,"[{""id"": ""obstacle_0"", ""kind"": ""static_obstacle"", ""x"": 50.0, ""y"": 50.0, ""radius"": 5.0}]"
safety_margin_confidence,238,47.6,3,72.496,52.673,90.0,86.0,50.0,50.0,,,position_noise+confidence_error,,trust_weighted_fusion,move,confidence,0.862,0.0,,1,0,37.645,8.783,17.654,uav_2,8.783,False,False,False,False,False,1,"[{""id"": ""obstacle_0"", ""kind"": ""static_obstacle"", ""x"": 50.0, ""y"": 50.0, ""radius"": 5.0}]"
safety_margin_confidence,239,47.8,0,62.223,37.976,94.0,90.0,50.0,50.0,48.804,47.228,false_negative+position_noise+confidence_error,0.038,trust_weighted_fusion,avoidance,confidence,2.424,0.9239999999999999,,2,0,60.961,6.555,12.146,uav_1,6.555,False,False,False,False,False,1,"[{""id"": ""obstacle_0"", ""kind"": ""static_obstacle"", ""x"": 50.0, ""y"": 50.0, ""radius"": 5.0}]"
safety_margin_confidence,239,47.8,1,55.761,36.876,90.0,94.0,50.0,50.0,48.804,47.228,false_negative+position_noise+confidence_error,0.038,trust_weighted_fusion,avoidance,confidence,2.424,0.9239999999999999,,2,0,66.599,6.555,9.333,uav_0,6.555,False,False,False,False,False,1,"[{""id"": ""obstacle_0"", ""kind"": ""static_obstacle"", ""x"": 50.0, ""y"": 50.0, ""radius"": 5.0}]"
safety_margin_confidence,239,47.8,2,68.703,45.057,86.0,90.0,50.0,50.0,48.804,47.228,false_negative+position_noise+confidence_error,0.038,trust_weighted_fusion,avoidance,confidence,2.424,0.9239999999999999,,2,0,48.157,8.908,14.345,uav_3,8.908,False,False,False,False,False,1,"[{""id"": ""obstacle_0"", ""kind"": ""static_obstacle"", ""x"": 50.0, ""y"": 50.0, ""radius"": 5.0}]"
safety_margin_confidence,239,47.8,3,72.682,53.027,90.0,86.0,50.0,50.0,,,false_negative+confidence_error,,trust_weighted_fusion,move,confidence,0.0,0.0,,0,0,37.245,8.908,17.883,uav_2,8.908,False,False,False,False,False,1,"[{""id"": ""obstacle_0"", ""kind"": ""static_obstacle"", ""x"": 50.0, ""y"": 50.0, ""radius"": 5.0}]"
safety_margin_confidence,240,48.0,0,62.485,38.146,94.0,90.0,50.0,50.0,49.459,51.898,false_negative+position_noise+confidence_error,0.368,trust_weighted_fusion,avoidance,confidence,1.764,0.264,,3,0,60.68,6.536,12.216,uav_1,6.536,False,False,False,False,False,1,"[{""id"": ""obstacle_0"", ""kind"": ""static_obstacle"", ""x"": 50.0, ""y"": 50.0, ""radius"": 5.0}]"
safety_margin_confidence,240,48.0,1,56.052,36.988,90.0,94.0,50.0,50.0,49.459,51.898,position_noise+confidence_error,0.368,trust_weighted_fusion,avoidance,confidence,1.764,0.264,,2,0,66.354,6.536,9.351,uav_0,6.536,False,False,False,False,False,1,"[{""id"": ""obstacle_0"", ""kind"": ""static_obstacle"", ""x"": 50.0, ""y"": 50.0, ""radius"": 5.0}]"
safety_margin_confidence,240,48.0,2,68.872,45.287,86.0,90.0,50.0,50.0,52.19,48.665,false_negative+position_noise+confidence_error,0.1,trust_weighted_fusion,avoidance,confidence,2.3,0.7999999999999998,,1,0,47.882,9.027,14.452,uav_3,9.027,False,False,False,False,False,1,"[{""id"": ""obstacle_0"", ""kind"": ""static_obstacle"", ""x"": 50.0, ""y"": 50.0, ""radius"": 5.0}]"
safety_margin_confidence,240,48.0,3,72.868,53.381,90.0,86.0,50.0,50.0,,,false_negative+confidence_error,,trust_weighted_fusion,move,confidence,0.0,0.0,,0,0,36.845,9.027,18.116,uav_2,9.027,False,False,False,False,False,1,"[{""id"": ""obstacle_0"", ""kind"": ""static_obstacle"", ""x"": 50.0, ""y"": 50.0, ""radius"": 5.0}]"
safety_margin_confidence,241,48.2,0,62.639,38.4,94.0,90.0,50.0,50.0,,,false_negative+position_noise+confidence_error,,trust_weighted_fusion,move,confidence,2.052,0.552,,2,0,60.383,6.517,12.156,uav_1,6.517,False,False,False,False,False,1,"[{""id"": ""obstacle_0"", ""kind"": ""static_obstacle"", ""x"": 50.0, ""y"": 50.0, ""radius"": 5.0}]"
safety_margin_confidence,241,48.2,1,56.221,37.271,90.0,94.0,50.0,50.0,,,false_negative+position_noise+confidence_error,,trust_weighted_fusion,move,confidence,1.398,0.0,,1,0,66.024,6.517,9.168,uav_0,6.517,False,False,False,False,False,1,"[{""id"": ""obstacle_0"", ""kind"": ""static_obstacle"", ""x"": 50.0, ""y"": 50.0, ""radius"": 5.0}]"
safety_margin_confidence,241,48.2,2,68.989,45.592,86.0,90.0,50.0,50.0,,,false_negative+position_noise+confidence_error,,trust_weighted_fusion,move,confidence,1.464,0.0,,1,0,47.555,9.017,14.494,uav_3,9.017,False,False,False,False,False,1,"[{""id"": ""obstacle_0"", ""kind"": ""static_obstacle"", ""x"": 50.0, ""y"": 50.0, ""radius"": 5.0}]"
safety_margin_confidence,241,48.2,3,73.015,53.66,90.0,86.0,50.0,50.0,,,position_noise+confidence_error,,trust_weighted_fusion,move,confidence,1.684,0.18399999999999994,,1,0,36.529,9.017,18.304,uav_2,9.017,False,False,False,False,False,1,"[{""id"": ""obstacle_0"", ""kind"": ""static_obstacle"", ""x"": 50.0, ""y"": 50.0, ""radius"": 5.0}]"
safety_margin_confidence,242,48.4,0,62.895,38.557,94.0,90.0,50.0,50.0,50.179,51.215,position_noise+confidence_error,0.249,trust_weighted_fusion,avoidance,confidence,2.002,0.5019999999999998,,3,0,60.116,6.498,12.24,uav_1,6.498,False,False,False,False,False,1,"[{""id"": ""obstacle_0"", ""kind"": ""static_obstacle"", ""x"": 50.0, ""y"": 50.0, ""radius"": 5.0}]"
safety_margin_confidence,242,48.4,1,56.508,37.359,90.0,94.0,50.0,50.0,50.179,51.215,false_negative+position_noise+confidence_error,0.249,trust_weighted_fusion,avoidance,confidence,2.002,0.5019999999999998,,2,0,65.802,6.498,9.218,uav_0,6.498,False,False,False,False,False,1,"[{""id"": ""obstacle_0"", ""kind"": ""static_obstacle"", ""x"": 50.0, ""y"": 50.0, ""radius"": 5.0}]"
safety_margin_confidence,242,48.4,2,69.179,45.824,86.0,90.0,50.0,50.0,50.179,51.215,false_negative+confidence_error,0.249,trust_weighted_fusion,avoidance,confidence,2.002,0.5019999999999998,,1,0,47.27,9.047,14.629,uav_3,9.047,False,False,False,False,False,1,"[{""id"": ""obstacle_0"", ""kind"": ""static_obstacle"", ""x"": 50.0, ""y"": 50.0, ""radius"": 5.0}]"
safety_margin_confidence,242,48.4,3,73.165,53.946,90.0,86.0,50.0,50.0,,,position_noise+confidence_error,,trust_weighted_fusion,move,confidence,1.552,0.052000000000000046,,1,0,36.206,9.047,18.498,uav_2,9.047,False,False,False,False,False,1,"[{""id"": ""obstacle_0"", ""kind"": ""static_obstacle"", ""x"": 50.0, ""y"": 50.0, ""radius"": 5.0}]"
safety_margin_confidence,243,48.6,0,63.147,38.7,94.0,90.0,50.0,50.0,50.712,47.956,false_negative+position_noise+confidence_error,0.146,trust_weighted_fusion,avoidance,confidence,2.208,0.7080000000000002,,3,0,59.864,6.485,12.336,uav_1,6.485,False,False,False,False,False,1,"[{""id"": ""obstacle_0"", ""kind"": ""static_obstacle"", ""x"": 50.0, ""y"": 50.0, ""radius"": 5.0}]"
safety_margin_confidence,243,48.6,1,56.796,37.386,90.0,94.0,50.0,50.0,50.712,47.956,false_negative+confidence_error,0.146,trust_weighted_fusion,avoidance,confidence,2.208,0.7080000000000002,,1,0,65.632,6.485,9.328,uav_0,6.485,False,False,False,False,False,1,"[{""id"": ""obstacle_0"", ""kind"": ""static_obstacle"", ""x"": 50.0, ""y"": 50.0, ""radius"": 5.0}]"
safety_margin_confidence,243,48.6,2,69.353,46.055,86.0,90.0,50.0,50.0,50.712,47.956,position_noise+confidence_error,0.146,trust_weighted_fusion,avoidance,confidence,2.208,0.7080000000000002,,3,0,46.992,9.163,14.751,uav_3,9.163,False,False,False,False,False,1,"[{""id"": ""obstacle_0"", ""kind"": ""static_obstacle"", ""x"": 50.0, ""y"": 50.0, ""radius"": 5.0}]"
safety_margin_confidence,243,48.6,3,73.351,54.3,90.0,86.0,50.0,50.0,,,false_negative+confidence_error,,trust_weighted_fusion,move,confidence,0.0,0.0,,0,0,35.806,9.163,18.743,uav_2,9.163,False,False,False,False,False,1,"[{""id"": ""obstacle_0"", ""kind"": ""static_obstacle"", ""x"": 50.0, ""y"": 50.0, ""radius"": 5.0}]"
safety_margin_confidence,244,48.8,0,63.433,38.8,94.0,90.0,50.0,50.0,54.351,48.501,false_negative+position_noise+confidence_error,0.287,trust_weighted_fusion,avoidance,confidence,1.926,0.42599999999999993,,2,0,59.63,6.503,12.49,uav_1,6.503,False,False,False,False,False,1,"[{""id"": ""obstacle_0"", ""kind"": ""static_obstacle"", ""x"": 50.0, ""y"": 50.0, ""radius"": 5.0}]"
safety_margin_confidence,244,48.8,1,57.096,37.34,90.0,94.0,50.0,50.0,54.351,48.501,false_negative+position_noise+confidence_error,0.287,trust_weighted_fusion,avoidance,confidence,1.926,0.42599999999999993,,1,0,65.521,6.503,9.514,uav_0,6.503,False,False,False,False,False,1,"[{""id"": ""obstacle_0"", ""kind"": ""static_obstacle"", ""x"": 50.0, ""y"": 50.0, ""radius"": 5.0}]"
safety_margin_confidence,244,48.8,2,69.555,46.282,86.0,90.0,50.0,50.0,54.351,48.501,false_negative+position_noise+confidence_error,0.287,trust_weighted_fusion,avoidance,confidence,1.926,0.42599999999999993,,2,0,46.708,9.173,14.905,uav_3,9.173,False,False,False,False,False,1,"[{""id"": ""obstacle_0"", ""kind"": ""static_obstacle"", ""x"": 50.0, ""y"": 50.0, ""radius"": 5.0}]"
safety_margin_confidence,244,48.8,3,73.511,54.558,90.0,86.0,50.0,50.0,54.351,48.501,false_negative+confidence_error,0.287,trust_weighted_fusion,avoidance,confidence,1.926,0.42599999999999993,,1,0,35.503,9.173,18.949,uav_2,9.173,False,False,False,False,False,1,"[{""id"": ""obstacle_0"", ""kind"": ""static_obstacle"", ""x"": 50.0, ""y"": 50.0, ""radius"": 5.0}]"
safety_margin_confidence,245,49.0,0,63.582,39.049,94.0,90.0,50.0,50.0,,,false_negative+position_noise+confidence_error,,trust_weighted_fusion,move,confidence,2.196,0.6960000000000002,,2,0,59.34,6.48,12.447,uav_1,6.48,False,False,False,False,False,1,"[{""id"": ""obstacle_0"", ""kind"": ""static_obstacle"", ""x"": 50.0, ""y"": 50.0, ""radius"": 5.0}]"
safety_margin_confidence,245,49.0,1,57.261,37.624,90.0,94.0,50.0,50.0,,,false_negative+position_noise+confidence_error,,trust_weighted_fusion,move,confidence,1.428,0.0,,1,0,65.193,6.48,9.349,uav_0,6.48,False,False,False,False,False,1,"[{""id"": ""obstacle_0"", ""kind"": ""static_obstacle"", ""x"": 50.0, ""y"": 50.0, ""radius"": 5.0}]"
safety_margin_confidence,245,49.0,2,69.667,46.58,86.0,90.0,50.0,50.0,,,false_negative+position_noise+confidence_error,,trust_weighted_fusion,move,confidence,1.638,0.1379999999999999,,2,0,46.39,9.256,14.962,uav_3,9.256,False,False,False,False,False,1,"[{""id"": ""obstacle_0"", ""kind"": ""static_obstacle"", ""x"": 50.0, ""y"": 50.0, ""radius"": 5.0}]"
safety_margin_confidence,245,49.0,3,73.697,54.912,90.0,86.0,50.0,50.0,,,false_negative+confidence_error,,trust_weighted_fusion,move,confidence,0.0,0.0,,0,0,35.103,9.256,19.2,uav_2,9.256,False,False,False,False,False,1,"[{""id"": ""obstacle_0"", ""kind"": ""static_obstacle"", ""x"": 50.0, ""y"": 50.0, ""radius"": 5.0}]"
safety_margin_confidence,246,49.2,0,63.743,39.318,94.0,90.0,50.0,50.0,,,false_negative+position_noise+confidence_error,,trust_weighted_fusion,move,confidence,1.728,0.22799999999999998,,2,0,59.027,6.424,12.406,uav_1,6.424,False,False,False,False,False,1,"[{""id"": ""obstacle_0"", ""kind"": ""static_obstacle"", ""x"": 50.0, ""y"": 50.0, ""radius"": 5.0}]"
safety_margin_confidence,246,49.2,1,57.462,37.97,90.0,94.0,50.0,50.0,,,false_negative+confidence_error,,trust_weighted_fusion,move,confidence,0.0,0.0,,0,0,64.793,6.424,9.157,uav_0,6.424,False,False,False,False,False,1,"[{""id"": ""obstacle_0"", ""kind"": ""static_obstacle"", ""x"": 50.0, ""y"": 50.0, ""radius"": 5.0}]"
safety_margin_confidence,246,49.2,2,69.79,46.909,86.0,90.0,50.0,50.0,,,false_negative+position_noise+confidence_error,,trust_weighted_fusion,move,confidence,0.984,0.0,,1,0,46.04,9.226,15.03,uav_3,9.226,False,False,False,False,False,1,"[{""id"": ""obstacle_0"", ""kind"": ""static_obstacle"", ""x"": 50.0, ""y"": 50.0, ""radius"": 5.0}]"
safety_margin_confidence,246,49.2,3,73.846,55.196,90.0,86.0,50.0,50.0,,,position_noise+confidence_error,,trust_weighted_fusion,move,confidence,1.592,0.09200000000000008,,1,0,34.783,9.226,19.405,uav_2,9.226,False,False,False,False,False,1,"[{""id"": ""obstacle_0"", ""kind"": ""static_obstacle"", ""x"": 50.0, ""y"": 50.0, ""radius"": 5.0}]"
safety_margin_confidence,247,49.4,0,63.858,39.601,94.0,90.0,50.0,50.0,50.002,45.672,false_negative+position_noise+confidence_error,0.304,trust_weighted_fusion,avoidance,confidence,1.892,0.3919999999999999,,2,0,58.725,6.296,12.326,uav_1,6.296,False,False,False,False,False,1,"[{""id"": ""obstacle_0"", ""kind"": ""static_obstacle"", ""x"": 50.0, ""y"": 50.0, ""radius"": 5.0}]"
safety_margin_confidence,247,49.4,1,57.762,38.029,90.0,94.0,50.0,50.0,50.002,45.672,false_negative+position_noise+confidence_error,0.304,trust_weighted_fusion,avoidance,confidence,1.892,0.3919999999999999,,2,0,64.591,6.296,9.267,uav_0,6.296,False,False,False,False,False,1,"[{""id"": ""obstacle_0"", ""kind"": ""static_obstacle"", ""x"": 50.0, ""y"": 50.0, ""radius"": 5.0}]"
safety_margin_confidence,247,49.4,2,69.952,47.168,86.0,90.0,50.0,50.0,50.002,45.672,false_negative+confidence_error,0.304,trust_weighted_fusion,avoidance,confidence,1.892,0.3919999999999999,,1,0,45.74,9.274,15.152,uav_3,9.274,False,False,False,False,False,1,"[{""id"": ""obstacle_0"", ""kind"": ""static_obstacle"", ""x"": 50.0, ""y"": 50.0, ""radius"": 5.0}]"
safety_margin_confidence,247,49.4,3,74.009,55.507,90.0,86.0,50.0,50.0,,,position_noise+confidence_error,,trust_weighted_fusion,move,confidence,0.964,0.0,,1,0,34.431,9.274,19.632,uav_2,9.274,False,False,False,False,False,1,"[{""id"": ""obstacle_0"", ""kind"": ""static_obstacle"", ""x"": 50.0, ""y"": 50.0, ""radius"": 5.0}]"
safety_margin_confidence,248,49.6,0,64.106,39.776,94.0,90.0,50.0,50.0,49.591,50.752,false_negative+position_noise+confidence_error,0.365,trust_weighted_fusion,avoidance,confidence,1.918,0.4179999999999999,,2,0,58.447,6.273,12.421,uav_1,6.273,False,False,False,False,False,1,"[{""id"": ""obstacle_0"", ""kind"": ""static_obstacle"", ""x"": 50.0, ""y"": 50.0, ""radius"": 5.0}]"
safety_margin_confidence,248,49.6,1,58.05,38.145,90.0,94.0,50.0,50.0,49.591,50.752,position_noise+confidence_error,0.365,trust_weighted_fusion,avoidance,confidence,1.792,0.29200000000000004,,2,0,64.347,6.273,9.329,uav_0,6.273,False,False,False,False,False,1,"[{""id"": ""obstacle_0"", ""kind"": ""static_obstacle"", ""x"": 50.0, ""y"": 50.0, ""radius"": 5.0}]"
safety_margin_confidence,248,49.6,2,70.065,47.47,86.0,90.0,50.0,50.0,,,position_noise+confidence_error,,trust_weighted_fusion,move,confidence,1.536,0.03600000000000003,,2,0,45.417,9.301,15.224,uav_3,9.301,False,False,False,False,False,1,"[{""id"": ""obstacle_0"", ""kind"": ""static_obstacle"", ""x"": 50.0, ""y"": 50.0, ""radius"": 5.0}]"
safety_margin_confidence,248,49.6,3,74.171,55.816,90.0,86.0,50.0,50.0,,,position_noise+confidence_error,,trust_weighted_fusion,move,confidence,1.04,0.0,,1,0,34.083,9.301,19.86,uav_2,9.301,False,False,False,False,False,1,"[{""id"": ""obstacle_0"", ""kind"": ""static_obstacle"", ""x"": 50.0, ""y"": 50.0, ""radius"": 5.0}]"
safety_margin_confidence,249,49.8,0,64.37,39.917,94.0,90.0,50.0,50.0,52.684,48.526,position_noise+confidence_error,0.236,trust_weighted_fusion,avoidance,confidence,2.028,0.528,,3,0,58.191,6.272,12.554,uav_1,6.272,False,False,False,False,False,1,"[{""id"": ""obstacle_0"", ""kind"": ""static_obstacle"", ""x"": 50.0, ""y"": 50.0, ""radius"": 5.0}]"
safety_margin_confidence,249,49.8,1,58.348,38.164,90.0,94.0,50.0,50.0,52.684,48.526,position_noise+confidence_error,0.236,trust_weighted_fusion,avoidance,confidence,2.028,0.528,,2,0,64.183,6.272,9.483,uav_0,6.272,False,False,False,False,False,1,"[{""id"": ""obstacle_0"", ""kind"": ""static_obstacle"", ""x"": 50.0, ""y"": 50.0, ""radius"": 5.0}]"
safety_margin_confidence,249,49.8,2,70.243,47.71,86.0,90.0,50.0,50.0,52.684,48.526,position_noise+confidence_error,0.236,trust_weighted_fusion,avoidance,confidence,2.028,0.528,,3,0,45.13,9.324,15.372,uav_3,9.324,False,False,False,False,False,1,"[{""id"": ""obstacle_0"", ""kind"": ""static_obstacle"", ""x"": 50.0, ""y"": 50.0, ""radius"": 5.0}]"
safety_margin_confidence,249,49.8,3,74.318,56.097,90.0,86.0,50.0,50.0,,,position_noise+confidence_error,,trust_weighted_fusion,move,confidence,1.648,0.1479999999999999,,1,0,33.766,9.324,20.071,uav_2,9.324,False,False,False,False,False,1,"[{""id"": ""obstacle_0"", ""kind"": ""static_obstacle"", ""x"": 50.0, ""y"": 50.0, ""radius"": 5.0}]"
safety_margin_confidence,250,50.0,0,64.583,40.138,94.0,90.0,50.0,50.0,51.915,48.263,false_negative+position_noise+confidence_error,0.322,trust_weighted_fusion,avoidance,confidence,1.856,0.3560000000000001,,3,0,57.893,6.831,12.605,uav_1,6.831,False,False,False,False,False,1,"[{""id"": ""obstacle_0"", ""kind"": ""static_obstacle"", ""x"": 50.0, ""y"": 50.0, ""radius"": 5.0}]"
safety_margin_confidence,250,50.0,1,58.103,37.979,90.0,94.0,50.0,50.0,51.915,48.263,position_noise+confidence_error,0.322,trust_weighted_fusion,avoidance,confidence,1.856,0.3560000000000001,,2,0,64.465,6.831,9.497,uav_0,6.831,False,False,False,False,False,1,"[{""id"": ""obstacle_0"", ""kind"": ""static_obstacle"", ""x"": 50.0, ""y"": 50.0, ""radius"": 5.0}]"
safety_margin_confidence,250,50.0,2,70.406,47.946,86.0,90.0,50.0,50.0,51.915,48.263,position_noise+confidence_error,0.322,trust_weighted_fusion,avoidance,confidence,2.264,0.7639999999999998,,3,0,44.852,9.369,15.51,uav_3,9.369,False,False,False,False,False,1,"[{""id"": ""obstacle_0"", ""kind"": ""static_obstacle"", ""x"": 50.0, ""y"": 50.0, ""radius"": 5.0}]"
safety_margin_confidence,250,50.0,3,74.47,56.387,90.0,86.0,50.0,50.0,,,position_noise+confidence_error,,trust_weighted_fusion,move,confidence,1.438,0.0,,1,0,33.438,9.369,20.29,uav_2,9.369,False,False,False,False,False,1,"[{""id"": ""obstacle_0"", ""kind"": ""static_obstacle"", ""x"": 50.0, ""y"": 50.0, ""radius"": 5.0}]"
safety_margin_confidence,251,50.2,0,64.815,40.301,94.0,90.0,50.0,50.0,50.065,49.598,false_negative+position_noise+confidence_error,0.083,trust_weighted_fusion,avoidance,confidence,2.334,0.8340000000000001,,2,0,57.634,6.819,12.707,uav_1,6.819,False,False,False,False,False,1,"[{""id"": ""obstacle_0"", ""kind"": ""static_obstacle"", ""x"": 50.0, ""y"": 50.0, ""radius"": 5.0}]"
safety_margin_confidence,251,50.2,1,58.372,38.066,90.0,94.0,50.0,50.0,50.065,49.598,position_noise+confidence_error,0.083,trust_weighted_fusion,avoidance,confidence,2.334,0.8340000000000001,,2,0,64.257,6.819,9.578,uav_0,6.819,False,False,False,False,False,1,"[{""id"": ""obstacle_0"", ""kind"": ""static_obstacle"", ""x"": 50.0, ""y"": 50.0, ""radius"": 5.0}]"
safety_margin_confidence,251,50.2,2,70.511,48.227,86.0,90.0,50.0,50.0,,,false_negative+position_noise+confidence_error,,trust_weighted_fusion,move,confidence,2.004,0.504,,1,0,44.552,9.381,15.587,uav_3,9.381,False,False,False,False,False,1,"[{""id"": ""obstacle_0"", ""kind"": ""static_obstacle"", ""x"": 50.0, ""y"": 50.0, ""radius"": 5.0}]"
safety_margin_confidence,251,50.2,3,74.615,56.663,90.0,86.0,50.0,50.0,,,position_noise+confidence_error,,trust_weighted_fusion,move,confidence,1.78,0.28,,1,0,33.127,9.381,20.501,uav_2,9.381,False,False,False,False,False,1,"[{""id"": ""obstacle_0"", ""kind"": ""static_obstacle"", ""x"": 50.0, ""y"": 50.0, ""radius"": 5.0}]"
safety_margin_confidence,252,50.4,0,65.081,40.488,94.0,90.0,50.0,50.0,51.141,49.659,false_negative+position_noise+confidence_error,0.503,trust_weighted_fusion,avoidance,confidence,1.494,0.0,,2,0,57.339,6.808,12.831,uav_1,6.808,False,False,False,False,False,1,"[{""id"": ""obstacle_0"", ""kind"": ""static_obstacle"", ""x"": 50.0, ""y"": 50.0, ""radius"": 5.0}]"
safety_margin_confidence,252,50.4,1,58.682,38.166,90.0,94.0,50.0,50.0,51.141,49.659,position_noise+confidence_error,0.503,trust_weighted_fusion,avoidance,confidence,1.494,0.0,,2,0,64.018,6.808,9.677,uav_0,6.808,False,False,False,False,False,1,"[{""id"": ""obstacle_0"", ""kind"": ""static_obstacle"", ""x"": 50.0, ""y"": 50.0, ""radius"": 5.0}]"
safety_margin_confidence,252,50.4,2,70.693,48.493,86.0,90.0,50.0,50.0,51.141,49.659,position_noise+confidence_error,0.503,trust_weighted_fusion,avoidance,confidence,1.552,0.052000000000000046,,3,0,44.24,9.35,15.748,uav_3,9.35,False,False,False,False,False,1,"[{""id"": ""obstacle_0"", ""kind"": ""static_obstacle"", ""x"": 50.0, ""y"": 50.0, ""radius"": 5.0}]"
safety_margin_confidence,252,50.4,3,74.748,56.918,90.0,86.0,50.0,50.0,,,position_noise+confidence_error,,trust_weighted_fusion,move,confidence,2.25,0.75,,1,0,32.839,9.35,20.697,uav_2,9.35,False,False,False,False,False,1,"[{""id"": ""obstacle_0"", ""kind"": ""static_obstacle"", ""x"": 50.0, ""y"": 50.0, ""radius"": 5.0}]"
safety_margin_confidence,253,50.6,0,65.324,40.664,94.0,90.0,50.0,50.0,50.993,47.706,false_negative+position_noise+confidence_error,0.254,trust_weighted_fusion,avoidance,confidence,1.992,0.492,,2,0,57.064,7.157,12.944,uav_1,7.157,False,False,False,False,False,1,"[{""id"": ""obstacle_0"", ""kind"": ""static_obstacle"", ""x"": 50.0, ""y"": 50.0, ""radius"": 5.0}]"
safety_margin_confidence,253,50.6,1,58.735,37.87,90.0,94.0,50.0,50.0,50.993,47.706,position_noise+confidence_error,0.254,trust_weighted_fusion,avoidance,confidence,1.992,0.492,,2,0,64.25,7.157,9.947,uav_0,7.157,False,False,False,False,False,1,"[{""id"": ""obstacle_0"", ""kind"": ""static_obstacle"", ""x"": 50.0, ""y"": 50.0, ""radius"": 5.0}]"
safety_margin_confidence,253,50.6,2,70.854,48.746,86.0,90.0,50.0,50.0,50.993,47.706,position_noise+confidence_error,0.254,trust_weighted_fusion,avoidance,confidence,1.992,0.492,,3,0,43.946,9.451,15.892,uav_3,9.451,False,False,False,False,False,1,"[{""id"": ""obstacle_0"", ""kind"": ""static_obstacle"", ""x"": 50.0, ""y"": 50.0, ""radius"": 5.0}]"
safety_margin_confidence,253,50.6,3,74.934,57.272,90.0,86.0,50.0,50.0,,,false_negative+confidence_error,,trust_weighted_fusion,move,confidence,0.0,0.0,,0,0,32.439,9.451,20.973,uav_2,9.451,False,False,False,False,False,1,"[{""id"": ""obstacle_0"", ""kind"": ""static_obstacle"", ""x"": 50.0, ""y"": 50.0, ""radius"": 5.0}]"
safety_margin_confidence,254,50.8,0,65.525,41.01,94.0,90.0,50.0,50.0,,,false_negative+confidence_error,,trust_weighted_fusion,move,confidence,0.0,0.0,,0,0,56.664,7.182,12.94,uav_1,7.182,False,False,False,False,False,1,"[{""id"": ""obstacle_0"", ""kind"": ""static_obstacle"", ""x"": 50.0, ""y"": 50.0, ""radius"": 5.0}]"
safety_margin_confidence,254,50.8,1,58.917,38.197,90.0,94.0,50.0,50.0,,,false_negative+position_noise+confidence_error,,trust_weighted_fusion,move,confidence,0.52,0.0,,1,0,63.876,7.182,9.793,uav_0,7.182,False,False,False,False,False,1,"[{""id"": ""obstacle_0"", ""kind"": ""static_obstacle"", ""x"": 50.0, ""y"": 50.0, ""radius"": 5.0}]"
safety_margin_confidence,254,50.8,2,70.992,49.122,86.0,90.0,50.0,50.0,,,false_negative+confidence_error,,trust_weighted_fusion,move,confidence,0.0,0.0,,0,0,43.546,9.453,16.01,uav_3,9.453,False,False,False,False,False,1,"[{""id"": ""obstacle_0"", ""kind"": ""static_obstacle"", ""x"": 50.0, ""y"": 50.0, ""radius"": 5.0}]"
safety_margin_confidence,254,50.8,3,75.12,57.626,90.0,86.0,50.0,50.0,,,false_negative+confidence_error,,trust_weighted_fusion,move,confidence,0.0,0.0,,0,0,32.039,9.453,21.252,uav_2,9.453,False,False,False,False,False,1,"[{""id"": ""obstacle_0"", ""kind"": ""static_obstacle"", ""x"": 50.0, ""y"": 50.0, ""radius"": 5.0}]"
safety_margin_confidence,255,51.0,0,65.702,41.314,94.0,90.0,50.0,50.0,,,false_negative+position_noise+confidence_error,,trust_weighted_fusion,move,confidence,0.966,0.0,,1,0,56.312,7.148,12.944,uav_1,7.148,False,False,False,False,False,1,"[{""id"": ""obstacle_0"", ""kind"": ""static_obstacle"", ""x"": 50.0, ""y"": 50.0, ""radius"": 5.0}]"
safety_margin_confidence,255,51.0,1,59.112,38.547,90.0,94.0,50.0,50.0,,,false_negative+confidence_error,,trust_weighted_fusion,move,confidence,0.0,0.0,,0,0,63.476,7.148,9.636,uav_0,7.148,False,False,False,False,False,1,"[{""id"": ""obstacle_0"", ""kind"": ""static_obstacle"", ""x"": 50.0, ""y"": 50.0, ""radius"": 5.0}]"
safety_margin_confidence,255,51.0,2,71.092,49.394,86.0,90.0,50.0,50.0,,,position_noise+confidence_error,,trust_weighted_fusion,move,confidence,2.2,0.7000000000000002,,2,0,43.256,9.539,16.1,uav_3,9.539,False,False,False,False,False,1,"[{""id"": ""obstacle_0"", ""kind"": ""static_obstacle"", ""x"": 50.0, ""y"": 50.0, ""radius"": 5.0}]"
safety_margin_confidence,255,51.0,3,75.294,57.958,90.0,86.0,50.0,50.0,,,position_noise+confidence_error,,trust_weighted_fusion,move,confidence,0.5,0.0,,1,0,31.664,9.539,21.516,uav_2,9.539,False,False,False,False,False,1,"[{""id"": ""obstacle_0"", ""kind"": ""static_obstacle"", ""x"": 50.0, ""y"": 50.0, ""radius"": 5.0}]"
safety_margin_confidence,256,51.2,0,65.93,41.51,94.0,90.0,50.0,50.0,50.229,47.992,false_negative+position_noise+confidence_error,0.259,trust_weighted_fusion,avoidance,confidence,1.982,0.482,,2,0,56.028,7.135,13.051,uav_1,7.135,False,False,False,False,False,1,"[{""id"": ""obstacle_0"", ""kind"": ""static_obstacle"", ""x"": 50.0, ""y"": 50.0, ""radius"": 5.0}]"
safety_margin_confidence,256,51.2,1,59.395,38.649,90.0,94.0,50.0,50.0,50.229,47.992,false_negative+position_noise+confidence_error,0.259,trust_weighted_fusion,avoidance,confidence,1.982,0.482,,1,0,63.249,7.135,9.734,uav_0,7.135,False,False,False,False,False,1,"[{""id"": ""obstacle_0"", ""kind"": ""static_obstacle"", ""x"": 50.0, ""y"": 50.0, ""radius"": 5.0}]"
safety_margin_confidence,256,51.2,2,71.191,49.665,86.0,90.0,50.0,50.0,,,false_negative+position_noise+confidence_error,,trust_weighted_fusion,move,confidence,2.228,0.7280000000000002,,1,0,42.968,9.571,16.194,uav_3,9.571,False,False,False,False,False,1,"[{""id"": ""obstacle_0"", ""kind"": ""static_obstacle"", ""x"": 50.0, ""y"": 50.0, ""radius"": 5.0}]"
safety_margin_confidence,256,51.2,3,75.442,58.24,90.0,86.0,50.0,50.0,,,position_noise+confidence_error,,trust_weighted_fusion,move,confidence,1.624,0.12400000000000011,,1,0,31.345,9.571,21.743,uav_2,9.571,False,False,False,False,False,1,"[{""id"": ""obstacle_0"", ""kind"": ""static_obstacle"", ""x"": 50.0, ""y"": 50.0, ""radius"": 5.0}]"
safety_margin_confidence,257,51.4,0,66.165,41.686,94.0,90.0,50.0,50.0,51.834,47.56,position_noise+confidence_error,0.183,trust_weighted_fusion,avoidance,confidence,2.134,0.6339999999999999,,3,0,55.758,7.134,13.177,uav_1,7.134,False,False,False,False,False,1,"[{""id"": ""obstacle_0"", ""kind"": ""static_obstacle"", ""x"": 50.0, ""y"": 50.0, ""radius"": 5.0}]"
safety_margin_confidence,257,51.4,1,59.681,38.712,90.0,94.0,50.0,50.0,51.834,47.56,position_noise+confidence_error,0.183,trust_weighted_fusion,avoidance,confidence,2.134,0.6339999999999999,,2,0,63.056,7.134,9.871,uav_0,7.134,False,False,False,False,False,1,"[{""id"": ""obstacle_0"", ""kind"": ""static_obstacle"", ""x"": 50.0, ""y"": 50.0, ""radius"": 5.0}]"
safety_margin_confidence,257,51.4,2,71.343,49.916,86.0,90.0,50.0,50.0,51.834,47.56,false_negative+position_noise+confidence_error,0.183,trust_weighted_fusion,avoidance,confidence,2.134,0.6339999999999999,,2,0,42.68,9.679,16.343,uav_3,9.679,False,False,False,False,False,1,"[{""id"": ""obstacle_0"", ""kind"": ""static_obstacle"", ""x"": 50.0, ""y"": 50.0, ""radius"": 5.0}]"
safety_margin_confidence,257,51.4,3,75.628,58.595,90.0,86.0,50.0,50.0,,,false_negative+confidence_error,,trust_weighted_fusion,move,confidence,0.0,0.0,,0,0,30.945,9.679,22.031,uav_2,9.679,False,False,False,False,False,1,"[{""id"": ""obstacle_0"", ""kind"": ""static_obstacle"", ""x"": 50.0, ""y"": 50.0, ""radius"": 5.0}]"
safety_margin_confidence,258,51.6,0,66.388,41.87,94.0,90.0,50.0,50.0,50.311,48.53,false_negative+position_noise+confidence_error,0.137,trust_weighted_fusion,avoidance,confidence,2.226,0.726,,2,0,55.488,7.125,13.293,uav_1,7.125,False,False,False,False,False,1,"[{""id"": ""obstacle_0"", ""kind"": ""static_obstacle"", ""x"": 50.0, ""y"": 50.0, ""radius"": 5.0}]"
safety_margin_confidence,258,51.6,1,59.95,38.818,90.0,94.0,50.0,50.0,50.311,48.53,position_noise+confidence_error,0.137,trust_weighted_fusion,avoidance,confidence,2.226,0.726,,2,0,62.834,7.125,9.968,uav_0,7.125,False,False,False,False,False,1,"[{""id"": ""obstacle_0"", ""kind"": ""static_obstacle"", ""x"": 50.0, ""y"": 50.0, ""radius"": 5.0}]"
safety_margin_confidence,258,51.6,2,71.454,50.221,86.0,90.0,50.0,50.0,,,position_noise+confidence_error,,trust_weighted_fusion,move,confidence,1.508,0.008000000000000007,,2,0,42.355,9.681,16.455,uav_3,9.681,False,False,False,False,False,1,"[{""id"": ""obstacle_0"", ""kind"": ""static_obstacle"", ""x"": 50.0, ""y"": 50.0, ""radius"": 5.0}]"
safety_margin_confidence,258,51.6,3,75.779,58.882,90.0,86.0,50.0,50.0,,,position_noise+confidence_error,,trust_weighted_fusion,move,confidence,1.506,0.006000000000000005,,1,0,30.621,9.681,22.266,uav_2,9.681,False,False,False,False,False,1,"[{""id"": ""obstacle_0"", ""kind"": ""static_obstacle"", ""x"": 50.0, ""y"": 50.0, ""radius"": 5.0}]"
safety_margin_confidence,259,51.8,0,66.552,42.156,94.0,90.0,50.0,50.0,48.356,51.938,position_noise+confidence_error,0.547,trust_weighted_fusion,move,confidence,1.406,0.0,,3,0,55.158,7.061,13.316,uav_1,7.061,False,False,False,False,False,1,"[{""id"": ""obstacle_0"", ""kind"": ""static_obstacle"", ""x"": 50.0, ""y"": 50.0, ""radius"": 5.0}]"
safety_margin_confidence,259,51.8,1,60.231,39.008,90.0,94.0,50.0,50.0,48.169,52.721,false_negative+position_noise+confidence_error,0.649,trust_weighted_fusion,avoidance,confidence,1.202,0.0,,1,0,62.532,7.061,10.017,uav_0,7.061,False,False,False,False,False,1,"[{""id"": ""obstacle_0"", ""kind"": ""static_obstacle"", ""x"": 50.0, ""y"": 50.0, ""radius"": 5.0}]"
safety_margin_confidence,259,51.8,2,71.592,50.597,86.0,90.0,50.0,50.0,,,false_negative+confidence_error,,trust_weighted_fusion,move,confidence,0.0,0.0,,0,0,41.955,9.581,16.6,uav_3,9.581,False,False,False,False,False,1,"[{""id"": ""obstacle_0"", ""kind"": ""static_obstacle"", ""x"": 50.0, ""y"": 50.0, ""radius"": 5.0}]"
safety_margin_confidence,259,51.8,3,75.917,59.146,90.0,86.0,50.0,50.0,,,position_noise+confidence_error,,trust_weighted_fusion,move,confidence,2.04,0.54,,1,0,30.323,9.581,22.484,uav_2,9.581,False,False,False,False,False,1,"[{""id"": ""obstacle_0"", ""kind"": ""static_obstacle"", ""x"": 50.0, ""y"": 50.0, ""radius"": 5.0}]"
safety_margin_confidence,260,52.0,0,66.762,42.333,94.0,90.0,50.0,50.0,50.837,49.125,position_noise+confidence_error,0.425,trust_weighted_fusion,avoidance,confidence,2.5,1.0,,3,0,54.9,7.012,13.433,uav_1,7.012,False,False,False,False,False,1,"[{""id"": ""obstacle_0"", ""kind"": ""static_obstacle"", ""x"": 50.0, ""y"": 50.0, ""radius"": 5.0}]"
safety_margin_confidence,260,52.0,1,60.522,39.137,90.0,94.0,50.0,50.0,50.837,49.125,position_noise+confidence_error,0.425,trust_weighted_fusion,avoidance,confidence,1.65,0.1499999999999999,,2,0,62.281,7.012,10.123,uav_0,7.012,False,False,False,False,False,1,"[{""id"": ""obstacle_0"", ""kind"": ""static_obstacle"", ""x"": 50.0, ""y"": 50.0, ""radius"": 5.0}]"
safety_margin_confidence,260,52.0,2,71.686,50.855,86.0,90.0,50.0,50.0,,,position_noise+confidence_error,,trust_weighted_fusion,move,confidence,2.5,1.0,,2,0,41.68,9.613,16.703,uav_3,9.613,False,False,False,False,False,1,"[{""id"": ""obstacle_0"", ""kind"": ""static_obstacle"", ""x"": 50.0, ""y"": 50.0, ""radius"": 5.0}]"
safety_margin_confidence,260,52.0,3,76.059,59.416,90.0,86.0,50.0,50.0,,,position_noise+confidence_error,,trust_weighted_fusion,move,confidence,1.906,0.4059999999999999,,1,0,30.018,9.613,22.708,uav_2,9.613,False,False,False,False,False,1,"[{""id"": ""obstacle_0"", ""kind"": ""static_obstacle"", ""x"": 50.0, ""y"": 50.0, ""radius"": 5.0}]"
safety_margin_confidence,261,52.2,0,66.982,42.499,94.0,90.0,50.0,50.0,52.957,48.327,false_negative+position_noise+confidence_error,0.363,trust_weighted_fusion,avoidance,confidence,2.5,1.0,,2,0,54.648,6.982,13.565,uav_1,6.982,False,False,False,False,False,1,"[{""id"": ""obstacle_0"", ""kind"": ""static_obstacle"", ""x"": 50.0, ""y"": 50.0, ""radius"": 5.0}]"
safety_margin_confidence,261,52.2,1,60.82,39.214,90.0,94.0,50.0,50.0,52.957,48.327,position_noise+confidence_error,0.363,trust_weighted_fusion,avoidance,confidence,1.83,0.33000000000000007,,2,0,62.072,6.982,10.278,uav_0,6.982,False,False,False,False,False,1,"[{""id"": ""obstacle_0"", ""kind"": ""static_obstacle"", ""x"": 50.0, ""y"": 50.0, ""radius"": 5.0}]"
safety_margin_confidence,261,52.2,2,71.845,51.123,86.0,90.0,50.0,50.0,52.957,48.327,position_noise+confidence_error,0.363,trust_weighted_fusion,avoidance,confidence,1.774,0.274,,3,0,41.374,9.601,16.874,uav_3,9.601,False,False,False,False,False,1,"[{""id"": ""obstacle_0"", ""kind"": ""static_obstacle"", ""x"": 50.0, ""y"": 50.0, ""radius"": 5.0}]"
safety_margin_confidence,261,52.2,3,76.197,59.68,90.0,86.0,50.0,50.0,,,position_noise+confidence_error,,trust_weighted_fusion,move,confidence,2.03,0.5299999999999998,,1,0,29.719,9.601,22.929,uav_2,9.601,False,False,False,False,False,1,"[{""id"": ""obstacle_0"", ""kind"": ""static_obstacle"", ""x"": 50.0, ""y"": 50.0, ""radius"": 5.0}]"
safety_margin_confidence,262,52.4,0,66.993,42.812,94.0,90.0,50.0,50.0,,,false_negative+position_noise+confidence_error,,trust_weighted_fusion,avoidance,confidence,1.724,0.22399999999999998,,2,0,54.369,6.808,13.451,uav_1,6.808,False,False,False,False,False,1,"[{""id"": ""obstacle_0"", ""kind"": ""static_obstacle"", ""x"": 50.0, ""y"": 50.0, ""radius"": 5.0}]"
safety_margin_confidence,262,52.4,1,61.008,39.567,90.0,94.0,50.0,50.0,,,false_negative+confidence_error,,trust_weighted_fusion,move,confidence,0.0,0.0,,0,0,61.672,6.808,10.166,uav_0,6.808,False,False,False,False,False,1,"[{""id"": ""obstacle_0"", ""kind"": ""static_obstacle"", ""x"": 50.0, ""y"": 50.0, ""radius"": 5.0}]"
safety_margin_confidence,262,52.4,2,71.953,51.421,86.0,90.0,50.0,50.0,,,position_noise+confidence_error,,trust_weighted_fusion,move,confidence,1.654,0.15399999999999991,,2,0,41.057,9.686,16.999,uav_3,9.686,False,False,False,False,False,1,"[{""id"": ""obstacle_0"", ""kind"": ""static_obstacle"", ""x"": 50.0, ""y"": 50.0, ""radius"": 5.0}]"
safety_margin_confidence,262,52.4,3,76.383,60.035,90.0,86.0,50.0,50.0,,,false_negative+confidence_error,,trust_weighted_fusion,move,confidence,0.0,0.0,,0,0,29.319,9.686,23.227,uav_2,9.686,False,False,False,False,False,1,"[{""id"": ""obstacle_0"", ""kind"": ""static_obstacle"", ""x"": 50.0, ""y"": 50.0, ""radius"": 5.0}]"
safety_margin_confidence,263,52.6,0,67.212,43.014,94.0,90.0,50.0,50.0,49.295,49.368,false_negative+position_noise+confidence_error,0.226,trust_weighted_fusion,avoidance,confidence,2.048,0.548,,2,0,54.086,6.799,13.575,uav_1,6.799,False,False,False,False,False,1,"[{""id"": ""obstacle_0"", ""kind"": ""static_obstacle"", ""x"": 50.0, ""y"": 50.0, ""radius"": 5.0}]"
safety_margin_confidence,263,52.6,1,61.265,39.718,90.0,94.0,50.0,50.0,49.295,49.368,false_negative+confidence_error,0.226,trust_weighted_fusion,avoidance,confidence,2.048,0.548,,1,0,61.419,6.799,10.252,uav_0,6.799,False,False,False,False,False,1,"[{""id"": ""obstacle_0"", ""kind"": ""static_obstacle"", ""x"": 50.0, ""y"": 50.0, ""radius"": 5.0}]"
safety_margin_confidence,263,52.6,2,72.069,51.738,86.0,90.0,50.0,50.0,,,false_negative+position_noise+confidence_error,,trust_weighted_fusion,move,confidence,1.25,0.0,,1,0,40.719,9.681,17.137,uav_3,9.681,False,False,False,False,False,1,"[{""id"": ""obstacle_0"", ""kind"": ""static_obstacle"", ""x"": 50.0, ""y"": 50.0, ""radius"": 5.0}]"
safety_margin_confidence,263,52.6,3,76.536,60.327,90.0,86.0,50.0,50.0,,,position_noise+confidence_error,,trust_weighted_fusion,move,confidence,1.406,0.0,,1,0,28.99,9.681,23.475,uav_2,9.681,False,False,False,False,False,1,"[{""id"": ""obstacle_0"", ""kind"": ""static_obstacle"", ""x"": 50.0, ""y"": 50.0, ""radius"": 5.0}]"
safety_margin_confidence,264,52.8,0,67.426,43.221,94.0,90.0,50.0,50.0,48.53,50.004,position_noise+confidence_error,0.35,trust_weighted_fusion,avoidance,confidence,2.046,0.5459999999999998,,3,0,53.8,6.923,13.698,uav_1,6.923,False,False,False,False,False,1,"[{""id"": ""obstacle_0"", ""kind"": ""static_obstacle"", ""x"": 50.0, ""y"": 50.0, ""radius"": 5.0}]"
safety_margin_confidence,264,52.8,1,61.54,39.576,90.0,94.0,50.0,50.0,48.53,50.004,position_noise+confidence_error,0.35,trust_weighted_fusion,avoidance,confidence,1.8,0.30000000000000004,,2,0,61.416,6.923,10.551,uav_0,6.923,False,False,False,False,False,1,"[{""id"": ""obstacle_0"", ""kind"": ""static_obstacle"", ""x"": 50.0, ""y"": 50.0, ""radius"": 5.0}]"
safety_margin_confidence,264,52.8,2,72.174,52.026,86.0,90.0,50.0,50.0,,,position_noise+confidence_error,,trust_weighted_fusion,move,confidence,1.88,0.3799999999999999,,2,0,40.413,9.74,17.266,uav_3,9.74,False,False,False,False,False,1,"[{""id"": ""obstacle_0"", ""kind"": ""static_obstacle"", ""x"": 50.0, ""y"": 50.0, ""radius"": 5.0}]"
safety_margin_confidence,264,52.8,3,76.705,60.648,90.0,86.0,50.0,50.0,,,position_noise+confidence_error,,trust_weighted_fusion,move,confidence,0.744,0.0,,1,0,28.627,9.74,23.749,uav_2,9.74,False,False,False,False,False,1,"[{""id"": ""obstacle_0"", ""kind"": ""static_obstacle"", ""x"": 50.0, ""y"": 50.0, ""radius"": 5.0}]"
safety_margin_confidence,265,53.0,0,67.663,43.401,94.0,90.0,50.0,50.0,52.645,51.55,false_negative+position_noise+confidence_error,0.232,trust_weighted_fusion,avoidance,confidence,2.036,0.536,,2,0,53.526,6.925,13.856,uav_1,6.925,False,False,False,False,False,1,"[{""id"": ""obstacle_0"", ""kind"": ""static_obstacle"", ""x"": 50.0, ""y"": 50.0, ""radius"": 5.0}]"
safety_margin_confidence,265,53.0,1,61.814,39.695,90.0,94.0,50.0,50.0,52.645,51.55,position_noise+confidence_error,0.232,trust_weighted_fusion,avoidance,confidence,2.036,0.536,,2,0,61.184,6.925,10.677,uav_0,6.925,False,False,False,False,False,1,"[{""id"": ""obstacle_0"", ""kind"": ""static_obstacle"", ""x"": 50.0, ""y"": 50.0, ""radius"": 5.0}]"
safety_margin_confidence,265,53.0,2,72.334,52.277,86.0,90.0,50.0,50.0,52.645,51.55,position_noise+confidence_error,0.232,trust_weighted_fusion,avoidance,confidence,2.036,0.536,,3,0,40.122,9.843,17.45,uav_3,9.843,False,False,False,False,False,1,"[{""id"": ""obstacle_0"", ""kind"": ""static_obstacle"", ""x"": 50.0, ""y"": 50.0, ""radius"": 5.0}]"
safety_margin_confidence,265,53.0,3,76.89,61.002,90.0,86.0,50.0,50.0,,,false_negative+confidence_error,,trust_weighted_fusion,move,confidence,0.0,0.0,,0,0,28.227,9.843,24.054,uav_2,9.843,False,False,False,False,False,1,"[{""id"": ""obstacle_0"", ""kind"": ""static_obstacle"", ""x"": 50.0, ""y"": 50.0, ""radius"": 5.0}]"
safety_margin_confidence,266,53.2,0,67.876,43.598,94.0,90.0,50.0,50.0,49.819,51.294,position_noise+confidence_error,0.429,trust_weighted_fusion,avoidance,confidence,2.208,0.7080000000000002,,3,0,53.25,6.935,13.988,uav_1,6.935,False,False,False,False,False,1,"[{""id"": ""obstacle_0"", ""kind"": ""static_obstacle"", ""x"": 50.0, ""y"": 50.0, ""radius"": 5.0}]"
safety_margin_confidence,266,53.2,1,62.044,39.845,90.0,94.0,50.0,50.0,49.819,51.294,position_noise+confidence_error,0.429,trust_weighted_fusion,avoidance,confidence,2.5,1.0,,2,0,60.945,6.935,10.754,uav_0,6.935,False,False,False,False,False,1,"[{""id"": ""obstacle_0"", ""kind"": ""static_obstacle"", ""x"": 50.0, ""y"": 50.0, ""radius"": 5.0}]"
safety_margin_confidence,266,53.2,2,72.45,52.596,86.0,90.0,50.0,50.0,,,false_negative+position_noise+confidence_error,,trust_weighted_fusion,move,confidence,1.204,0.0,,1,0,39.783,9.799,17.6,uav_3,9.799,False,False,False,False,False,1,"[{""id"": ""obstacle_0"", ""kind"": ""static_obstacle"", ""x"": 50.0, ""y"": 50.0, ""radius"": 5.0}]"
safety_margin_confidence,266,53.2,3,77.026,61.261,90.0,86.0,50.0,50.0,,,position_noise+confidence_error,,trust_weighted_fusion,move,confidence,2.162,0.6619999999999999,,1,0,27.935,9.799,24.278,uav_2,9.799,False,False,False,False,False,1,"[{""id"": ""obstacle_0"", ""kind"": ""static_obstacle"", ""x"": 50.0, ""y"": 50.0, ""radius"": 5.0}]"
safety_margin_confidence,267,53.4,0,68.107,43.781,94.0,90.0,50.0,50.0,53.08,51.458,position_noise+confidence_error,0.518,trust_weighted_fusion,avoidance,confidence,2.1,0.6000000000000001,,3,0,52.977,6.905,14.145,uav_1,6.905,False,False,False,False,False,1,"[{""id"": ""obstacle_0"", ""kind"": ""static_obstacle"", ""x"": 50.0, ""y"": 50.0, ""radius"": 5.0}]"
safety_margin_confidence,267,53.4,1,62.34,39.984,90.0,94.0,50.0,50.0,53.08,51.458,false_negative+position_noise+confidence_error,0.518,trust_weighted_fusion,avoidance,confidence,1.464,0.0,,1,0,60.686,6.905,10.893,uav_0,6.905,False,False,False,False,False,1,"[{""id"": ""obstacle_0"", ""kind"": ""static_obstacle"", ""x"": 50.0, ""y"": 50.0, ""radius"": 5.0}]"
safety_margin_confidence,267,53.4,2,72.621,52.874,86.0,90.0,50.0,50.0,53.08,51.458,false_negative+confidence_error,0.518,trust_weighted_fusion,avoidance,confidence,1.464,0.0,,1,0,39.463,9.873,17.803,uav_3,9.873,False,False,False,False,False,1,"[{""id"": ""obstacle_0"", ""kind"": ""static_obstacle"", ""x"": 50.0, ""y"": 50.0, ""radius"": 5.0}]"
safety_margin_confidence,267,53.4,3,77.212,61.615,90.0,86.0,50.0,50.0,,,false_negative+confidence_error,,trust_weighted_fusion,move,confidence,0.0,0.0,,0,0,27.535,9.873,24.587,uav_2,9.873,False,False,False,False,False,1,"[{""id"": ""obstacle_0"", ""kind"": ""static_obstacle"", ""x"": 50.0, ""y"": 50.0, ""radius"": 5.0}]"
safety_margin_confidence,268,53.6,0,68.258,44.051,94.0,90.0,50.0,50.0,,,false_negative+position_noise+confidence_error,,trust_weighted_fusion,move,confidence,1.822,0.32200000000000006,,2,0,52.668,6.881,14.203,uav_1,6.881,False,False,False,False,False,1,"[{""id"": ""obstacle_0"", ""kind"": ""static_obstacle"", ""x"": 50.0, ""y"": 50.0, ""radius"": 5.0}]"
safety_margin_confidence,268,53.6,1,62.496,40.289,90.0,94.0,50.0,50.0,,,false_negative+position_noise+confidence_error,,trust_weighted_fusion,move,confidence,1.134,0.0,,1,0,60.343,6.881,10.826,uav_0,6.881,False,False,False,False,False,1,"[{""id"": ""obstacle_0"", ""kind"": ""static_obstacle"", ""x"": 50.0, ""y"": 50.0, ""radius"": 5.0}]"
safety_margin_confidence,268,53.6,2,72.718,53.142,86.0,90.0,50.0,50.0,,,position_noise+confidence_error,,trust_weighted_fusion,move,confidence,2.312,0.8119999999999998,,2,0,39.178,9.894,17.934,uav_3,9.894,False,False,False,False,False,1,"[{""id"": ""obstacle_0"", ""kind"": ""static_obstacle"", ""x"": 50.0, ""y"": 50.0, ""radius"": 5.0}]"
safety_margin_confidence,268,53.6,3,77.353,61.883,90.0,86.0,50.0,50.0,,,position_noise+confidence_error,,trust_weighted_fusion,move,confidence,1.934,0.43399999999999994,,1,0,27.232,9.894,24.823,uav_2,9.894,False,False,False,False,False,1,"[{""id"": ""obstacle_0"", ""kind"": ""static_obstacle"", ""x"": 50.0, ""y"": 50.0, ""radius"": 5.0}]"
safety_margin_confidence,269,53.8,0,68.393,44.291,94.0,90.0,50.0,50.0,45.55,49.655,position_noise+confidence_error,0.0,trust_weighted_fusion,move,confidence,2.5,1.0,,3,0,52.393,6.824,14.258,uav_1,6.824,False,False,False,False,False,1,"[{""id"": ""obstacle_0"", ""kind"": ""static_obstacle"", ""x"": 50.0, ""y"": 50.0, ""radius"": 5.0}]"
safety_margin_confidence,269,53.8,1,62.742,40.464,90.0,94.0,50.0,50.0,49.18,51.5,position_noise+confidence_error,0.265,trust_weighted_fusion,avoidance,confidence,1.97,0.47,,2,0,60.076,6.824,10.915,uav_0,6.824,False,False,False,False,False,1,"[{""id"": ""obstacle_0"", ""kind"": ""static_obstacle"", ""x"": 50.0, ""y"": 50.0, ""radius"": 5.0}]"
safety_margin_confidence,269,53.8,2,72.815,53.412,86.0,90.0,50.0,50.0,,,position_noise+confidence_error,,trust_weighted_fusion,move,confidence,2.252,0.7519999999999998,,2,0,38.891,9.935,18.069,uav_3,9.935,False,False,False,False,False,1,"[{""id"": ""obstacle_0"", ""kind"": ""static_obstacle"", ""x"": 50.0, ""y"": 50.0, ""radius"": 5.0}]"
safety_margin_confidence,269,53.8,3,77.504,62.171,90.0,86.0,50.0,50.0,,,position_noise+confidence_error,,trust_weighted_fusion,move,confidence,1.498,0.0,,1,0,26.907,9.935,25.076,uav_2,9.935,False,False,False,False,False,1,"[{""id"": ""obstacle_0"", ""kind"": ""static_obstacle"", ""x"": 50.0, ""y"": 50.0, ""radius"": 5.0}]"
safety_margin_confidence,270,54.0,0,68.541,44.555,94.0,90.0,50.0,50.0,48.364,52.458,false_negative+position_noise+confidence_error,0.716,trust_weighted_fusion,move,confidence,1.944,0.44399999999999995,,2,0,52.091,6.751,14.324,uav_1,6.751,False,False,False,False,False,1,"[{""id"": ""obstacle_0"", ""kind"": ""static_obstacle"", ""x"": 50.0, ""y"": 50.0, ""radius"": 5.0}]"
safety_margin_confidence,270,54.0,1,63.011,40.683,90.0,94.0,50.0,50.0,48.364,52.458,false_negative+confidence_error,0.716,trust_weighted_fusion,avoidance,confidence,1.068,0.0,,1,0,59.759,6.751,11.003,uav_0,6.751,False,False,False,False,False,1,"[{""id"": ""obstacle_0"", ""kind"": ""static_obstacle"", ""x"": 50.0, ""y"": 50.0, ""radius"": 5.0}]"
safety_margin_confidence,270,54.0,2,72.913,53.683,86.0,90.0,50.0,50.0,,,position_noise+confidence_error,,trust_weighted_fusion,move,confidence,2.244,0.7440000000000002,,2,0,38.603,10.05,18.207,uav_3,10.05,False,False,False,False,False,1,"[{""id"": ""obstacle_0"", ""kind"": ""static_obstacle"", ""x"": 50.0, ""y"": 50.0, ""radius"": 5.0}]"
safety_margin_confidence,270,54.0,3,77.689,62.526,90.0,86.0,50.0,50.0,,,false_negative+confidence_error,,trust_weighted_fusion,move,confidence,0.0,0.0,,0,0,26.507,10.05,25.391,uav_2,10.05,False,False,False,False,False,1,"[{""id"": ""obstacle_0"", ""kind"": ""static_obstacle"", ""x"": 50.0, ""y"": 50.0, ""radius"": 5.0}]"
safety_margin_confidence,271,54.2,0,68.694,44.828,94.0,90.0,50.0,50.0,46.098,47.131,position_noise+confidence_error,0.392,trust_weighted_fusion,move,confidence,1.73,0.22999999999999998,,3,0,51.777,6.723,14.396,uav_1,6.723,False,False,False,False,False,1,"[{""id"": ""obstacle_0"", ""kind"": ""static_obstacle"", ""x"": 50.0, ""y"": 50.0, ""radius"": 5.0}]"
safety_margin_confidence,271,54.2,1,63.237,40.901,90.0,94.0,50.0,50.0,46.098,47.131,false_negative+position_noise+confidence_error,0.392,trust_weighted_fusion,avoidance,confidence,1.716,0.21599999999999997,,2,0,59.462,6.723,11.062,uav_0,6.723,False,False,False,False,False,1,"[{""id"": ""obstacle_0"", ""kind"": ""static_obstacle"", ""x"": 50.0, ""y"": 50.0, ""radius"": 5.0}]"
safety_margin_confidence,271,54.2,2,73.019,53.978,86.0,90.0,50.0,50.0,,,false_negative+position_noise+confidence_error,,trust_weighted_fusion,move,confidence,1.74,0.24,,1,0,38.29,10.058,18.36,uav_3,10.058,False,False,False,False,False,1,"[{""id"": ""obstacle_0"", ""kind"": ""static_obstacle"", ""x"": 50.0, ""y"": 50.0, ""radius"": 5.0}]"
safety_margin_confidence,271,54.2,3,77.837,62.807,90.0,86.0,50.0,50.0,,,position_noise+confidence_error,,trust_weighted_fusion,move,confidence,1.652,0.1519999999999999,,1,0,26.189,10.058,25.641,uav_2,10.058,False,False,False,False,False,1,"[{""id"": ""obstacle_0"", ""kind"": ""static_obstacle"", ""x"": 50.0, ""y"": 50.0, ""radius"": 5.0}]"
safety_margin_confidence,272,54.4,0,68.889,45.177,94.0,90.0,50.0,50.0,,,false_negative+confidence_error,,trust_weighted_fusion,move,confidence,0.0,0.0,,0,0,51.377,6.794,14.495,uav_1,6.794,False,False,False,False,False,1,"[{""id"": ""obstacle_0"", ""kind"": ""static_obstacle"", ""x"": 50.0, ""y"": 50.0, ""radius"": 5.0}]"
safety_margin_confidence,272,54.4,1,63.385,41.195,90.0,94.0,50.0,50.0,,,false_negative+position_noise+confidence_error,,trust_weighted_fusion,move,confidence,1.424,0.0,,1,0,59.133,6.794,11.021,uav_0,6.794,False,False,False,False,False,1,"[{""id"": ""obstacle_0"", ""kind"": ""static_obstacle"", ""x"": 50.0, ""y"": 50.0, ""radius"": 5.0}]"
safety_margin_confidence,272,54.4,2,73.119,54.256,86.0,90.0,50.0,50.0,,,false_negative+position_noise+confidence_error,,trust_weighted_fusion,move,confidence,2.084,0.5840000000000001,,1,0,37.994,10.016,18.508,uav_0,10.016,False,False,False,False,False,1,"[{""id"": ""obstacle_0"", ""kind"": ""static_obstacle"", ""x"": 50.0, ""y"": 50.0, ""radius"": 5.0}]"
safety_margin_confidence,272,54.4,3,77.979,63.077,90.0,86.0,50.0,50.0,,,position_noise+confidence_error,,trust_weighted_fusion,move,confidence,1.888,0.3879999999999999,,1,0,25.884,10.071,25.884,uav_2,10.071,False,False,False,False,False,1,"[{""id"": ""obstacle_0"", ""kind"": ""static_obstacle"", ""x"": 50.0, ""y"": 50.0, ""radius"": 5.0}]"
safety_margin_confidence,273,54.6,0,69.091,45.391,94.0,90.0,50.0,50.0,50.133,48.761,position_noise+confidence_error,0.186,trust_weighted_fusion,avoidance,confidence,2.128,0.6280000000000001,,3,0,51.092,6.795,14.639,uav_1,6.795,False,False,False,False,False,1,"[{""id"": ""obstacle_0"", ""kind"": ""static_obstacle"", ""x"": 50.0, ""y"": 50.0, ""radius"": 5.0}]"
safety_margin_confidence,273,54.6,1,63.619,41.362,90.0,94.0,50.0,50.0,50.133,48.761,position_noise+confidence_error,0.186,trust_weighted_fusion,avoidance,confidence,2.238,0.738,,2,0,58.878,6.795,11.127,uav_0,6.795,False,False,False,False,False,1,"[{""id"": ""obstacle_0"", ""kind"": ""static_obstacle"", ""x"": 50.0, ""y"": 50.0, ""radius"": 5.0}]"
safety_margin_confidence,273,54.6,2,73.241,54.593,86.0,90.0,50.0,50.0,,,false_negative+position_noise+confidence_error,,trust_weighted_fusion,move,confidence,0.826,0.0,,1,0,37.635,10.056,18.69,uav_3,10.056,False,False,False,False,False,1,"[{""id"": ""obstacle_0"", ""kind"": ""static_obstacle"", ""x"": 50.0, ""y"": 50.0, ""radius"": 5.0}]"
safety_margin_confidence,273,54.6,3,78.136,63.377,90.0,86.0,50.0,50.0,,,position_noise+confidence_error,,trust_weighted_fusion,move,confidence,1.232,0.0,,1,0,25.545,10.056,26.154,uav_2,10.056,False,False,False,False,False,1,"[{""id"": ""obstacle_0"", ""kind"": ""static_obstacle"", ""x"": 50.0, ""y"": 50.0, ""radius"": 5.0}]"
safety_margin_confidence,274,54.8,0,69.228,45.636,94.0,90.0,50.0,50.0,49.211,48.118,false_negative+position_noise+confidence_error,0.054,trust_weighted_fusion,move,confidence,2.392,0.8919999999999999,,2,0,50.812,6.771,14.717,uav_1,6.771,False,False,False,False,False,1,"[{""id"": ""obstacle_0"", ""kind"": ""static_obstacle"", ""x"": 50.0, ""y"": 50.0, ""radius"": 5.0}]"
safety_margin_confidence,274,54.8,1,63.839,41.537,90.0,94.0,50.0,50.0,49.211,48.118,false_negative+position_noise+confidence_error,0.054,trust_weighted_fusion,avoidance,confidence,2.392,0.8919999999999999,,2,0,58.624,6.771,11.221,uav_0,6.771,False,False,False,False,False,1,"[{""id"": ""obstacle_0"", ""kind"": ""static_obstacle"", ""x"": 50.0, ""y"": 50.0, ""radius"": 5.0}]"
safety_margin_confidence,274,54.8,2,73.346,54.884,86.0,90.0,50.0,50.0,,,position_noise+confidence_error,,trust_weighted_fusion,move,confidence,1.82,0.32000000000000006,,2,0,37.326,10.048,18.851,uav_3,10.048,False,False,False,False,False,1,"[{""id"": ""obstacle_0"", ""kind"": ""static_obstacle"", ""x"": 50.0, ""y"": 50.0, ""radius"": 5.0}]"
safety_margin_confidence,274,54.8,3,78.274,63.64,90.0,86.0,50.0,50.0,,,position_noise+confidence_error,,trust_weighted_fusion,move,confidence,2.054,0.5539999999999998,,1,0,25.248,10.048,26.392,uav_2,10.048,False,False,False,False,False,1,"[{""id"": ""obstacle_0"", ""kind"": ""static_obstacle"", ""x"": 50.0, ""y"": 50.0, ""radius"": 5.0}]"
safety_margin_confidence,275,55.0,0,69.384,45.915,94.0,90.0,50.0,50.0,,,false_negative+position_noise+confidence_error,,trust_weighted_fusion,move,confidence,1.598,0.09800000000000009,,2,0,50.492,6.746,14.809,uav_1,6.746,False,False,False,False,False,1,"[{""id"": ""obstacle_0"", ""kind"": ""static_obstacle"", ""x"": 50.0, ""y"": 50.0, ""radius"": 5.0}]"
safety_margin_confidence,275,55.0,1,63.997,41.854,90.0,94.0,50.0,50.0,,,false_negative+position_noise+confidence_error,,trust_weighted_fusion,move,confidence,0.91,0.0,,1,0,58.27,6.746,11.195,uav_0,6.746,False,False,False,False,False,1,"[{""id"": ""obstacle_0"", ""kind"": ""static_obstacle"", ""x"": 50.0, ""y"": 50.0, ""radius"": 5.0}]"
safety_margin_confidence,275,55.0,2,73.463,55.209,86.0,90.0,50.0,50.0,,,false_negative+position_noise+confidence_error,,trust_weighted_fusion,move,confidence,1.098,0.0,,1,0,36.981,10.044,19.034,uav_3,10.044,False,False,False,False,False,1,"[{""id"": ""obstacle_0"", ""kind"": ""static_obstacle"", ""x"": 50.0, ""y"": 50.0, ""radius"": 5.0}]"
safety_margin_confidence,275,55.0,3,78.43,63.938,90.0,86.0,50.0,50.0,,,position_noise+confidence_error,,trust_weighted_fusion,move,confidence,1.276,0.0,,1,0,24.912,10.044,26.663,uav_2,10.044,False,False,False,False,False,1,"[{""id"": ""obstacle_0"", ""kind"": ""static_obstacle"", ""x"": 50.0, ""y"": 50.0, ""radius"": 5.0}]"
safety_margin_confidence,276,55.2,0,69.594,46.132,94.0,90.0,50.0,50.0,51.306,49.837,position_noise+confidence_error,0.266,trust_weighted_fusion,avoidance,confidence,1.968,0.46799999999999997,,3,0,50.201,6.743,14.972,uav_1,6.743,False,False,False,False,False,1,"[{""id"": ""obstacle_0"", ""kind"": ""static_obstacle"", ""x"": 50.0, ""y"": 50.0, ""radius"": 5.0}]"
safety_margin_confidence,276,55.2,1,64.246,42.024,90.0,94.0,50.0,50.0,51.306,49.837,position_noise+confidence_error,0.266,trust_weighted_fusion,avoidance,confidence,1.968,0.46799999999999997,,2,0,58.007,6.743,11.327,uav_0,6.743,False,False,False,False,False,1,"[{""id"": ""obstacle_0"", ""kind"": ""static_obstacle"", ""x"": 50.0, ""y"": 50.0, ""radius"": 5.0}]"
safety_margin_confidence,276,55.2,2,73.575,55.52,86.0,90.0,50.0,50.0,,,false_negative+position_noise+confidence_error,,trust_weighted_fusion,move,confidence,1.374,0.0,,1,0,36.65,10.117,19.213,uav_3,10.117,False,False,False,False,False,1,"[{""id"": ""obstacle_0"", ""kind"": ""static_obstacle"", ""x"": 50.0, ""y"": 50.0, ""radius"": 5.0}]"
safety_margin_confidence,276,55.2,3,78.616,64.292,90.0,86.0,50.0,50.0,,,false_negative+confidence_error,,trust_weighted_fusion,move,confidence,0.0,0.0,,0,0,24.512,10.117,26.987,uav_2,10.117,False,False,False,False,False,1,"[{""id"": ""obstacle_0"", ""kind"": ""static_obstacle"", ""x"": 50.0, ""y"": 50.0, ""radius"": 5.0}]"
safety_margin_confidence,277,55.4,0,69.83,46.387,94.0,90.0,50.0,50.0,50.264,50.711,false_negative+confidence_error,0.728,trust_weighted_fusion,avoidance,confidence,1.044,0.0,,1,0,49.863,6.766,15.156,uav_1,6.766,False,False,False,False,False,1,"[{""id"": ""obstacle_0"", ""kind"": ""static_obstacle"", ""x"": 50.0, ""y"": 50.0, ""radius"": 5.0}]"
safety_margin_confidence,277,55.4,1,64.495,42.226,90.0,94.0,50.0,50.0,50.264,50.711,position_noise+confidence_error,0.728,trust_weighted_fusion,avoidance,confidence,1.588,0.08800000000000008,,2,0,57.715,6.766,11.448,uav_0,6.766,False,False,False,False,False,1,"[{""id"": ""obstacle_0"", ""kind"": ""static_obstacle"", ""x"": 50.0, ""y"": 50.0, ""radius"": 5.0}]"
safety_margin_confidence,277,55.4,2,73.67,55.785,86.0,90.0,50.0,50.0,,,position_noise+confidence_error,,trust_weighted_fusion,move,confidence,2.382,0.8820000000000001,,2,0,36.369,10.14,19.367,uav_3,10.14,False,False,False,False,False,1,"[{""id"": ""obstacle_0"", ""kind"": ""static_obstacle"", ""x"": 50.0, ""y"": 50.0, ""radius"": 5.0}]"
safety_margin_confidence,277,55.4,3,78.755,64.558,90.0,86.0,50.0,50.0,,,position_noise+confidence_error,,trust_weighted_fusion,move,confidence,2.004,0.504,,1,0,24.212,10.14,27.23,uav_2,10.14,False,False,False,False,False,1,"[{""id"": ""obstacle_0"", ""kind"": ""static_obstacle"", ""x"": 50.0, ""y"": 50.0, ""radius"": 5.0}]"
safety_margin_confidence,278,55.6,0,69.981,46.66,94.0,90.0,50.0,50.0,,,false_negative+position_noise+confidence_error,,trust_weighted_fusion,move,confidence,1.764,0.264,,1,0,49.551,6.779,15.258,uav_1,6.779,False,False,False,False,False,1,"[{""id"": ""obstacle_0"", ""kind"": ""static_obstacle"", ""x"": 50.0, ""y"": 50.0, ""radius"": 5.0}]"
safety_margin_confidence,278,55.6,1,64.702,42.407,90.0,94.0,50.0,50.0,49.566,47.102,position_noise+confidence_error,0.0,trust_weighted_fusion,avoidance,confidence,2.5,1.0,,2,0,57.461,6.779,11.547,uav_0,6.779,False,False,False,False,False,1,"[{""id"": ""obstacle_0"", ""kind"": ""static_obstacle"", ""x"": 50.0, ""y"": 50.0, ""radius"": 5.0}]"
safety_margin_confidence,278,55.6,2,73.777,56.08,86.0,90.0,50.0,50.0,,,position_noise+confidence_error,,trust_weighted_fusion,move,confidence,1.722,0.22199999999999998,,2,0,36.055,10.156,19.542,uav_0,10.156,False,False,False,False,False,1,"[{""id"": ""obstacle_0"", ""kind"": ""static_obstacle"", ""x"": 50.0, ""y"": 50.0, ""radius"": 5.0}]"
safety_margin_confidence,278,55.6,3,78.941,64.912,90.0,86.0,50.0,50.0,,,false_negative+confidence_error,,trust_weighted_fusion,move,confidence,0.0,0.0,,0,0,23.812,10.231,27.557,uav_2,10.231,False,False,False,False,False,1,"[{""id"": ""obstacle_0"", ""kind"": ""static_obstacle"", ""x"": 50.0, ""y"": 50.0, ""radius"": 5.0}]"
safety_margin_confidence,279,55.8,0,70.055,46.947,94.0,90.0,50.0,50.0,,,position_noise+confidence_error,,trust_weighted_fusion,avoidance,confidence,2.07,0.5699999999999998,,2,0,49.264,6.74,15.286,uav_1,6.74,False,False,False,False,False,1,"[{""id"": ""obstacle_0"", ""kind"": ""static_obstacle"", ""x"": 50.0, ""y"": 50.0, ""radius"": 5.0}]"
safety_margin_confidence,279,55.8,1,64.909,42.594,90.0,94.0,50.0,50.0,48.262,50.193,position_noise+confidence_error,0.042,trust_weighted_fusion,avoidance,confidence,2.416,0.9159999999999999,,2,0,57.202,6.74,11.647,uav_0,6.74,False,False,False,False,False,1,"[{""id"": ""obstacle_0"", ""kind"": ""static_obstacle"", ""x"": 50.0, ""y"": 50.0, ""radius"": 5.0}]"
safety_margin_confidence,279,55.8,2,73.912,56.456,86.0,90.0,50.0,50.0,,,false_negative+confidence_error,,trust_weighted_fusion,move,confidence,0.0,0.0,,0,0,35.655,10.146,19.768,uav_3,10.146,False,False,False,False,False,1,"[{""id"": ""obstacle_0"", ""kind"": ""static_obstacle"", ""x"": 50.0, ""y"": 50.0, ""radius"": 5.0}]"
safety_margin_confidence,279,55.8,3,79.084,65.185,90.0,86.0,50.0,50.0,,,position_noise+confidence_error,,trust_weighted_fusion,move,confidence,1.838,0.3380000000000001,,1,0,23.504,10.146,27.809,uav_2,10.146,False,False,False,False,False,1,"[{""id"": ""obstacle_0"", ""kind"": ""static_obstacle"", ""x"": 50.0, ""y"": 50.0, ""radius"": 5.0}]"
safety_margin_confidence,280,56.0,0,70.206,47.236,94.0,90.0,50.0,50.0,,,false_negative+position_noise+confidence_error,,trust_weighted_fusion,avoidance,confidence,1.478,0.0,,1,0,48.938,6.676,15.394,uav_1,6.676,False,False,False,False,False,1,"[{""id"": ""obstacle_0"", ""kind"": ""static_obstacle"", ""x"": 50.0, ""y"": 50.0, ""radius"": 5.0}]"
safety_margin_confidence,280,56.0,1,65.084,42.954,90.0,94.0,50.0,50.0,,,false_negative+confidence_error,,trust_weighted_fusion,move,confidence,0.0,0.0,,0,0,56.802,6.676,11.649,uav_0,6.676,False,False,False,False,False,1,"[{""id"": ""obstacle_0"", ""kind"": ""static_obstacle"", ""x"": 50.0, ""y"": 50.0, ""radius"": 5.0}]"
safety_margin_confidence,280,56.0,2,74.031,56.786,86.0,90.0,50.0,50.0,,,false_negative+position_noise+confidence_error,,trust_weighted_fusion,move,confidence,0.98,0.0,,1,0,35.304,10.201,19.971,uav_3,10.201,False,False,False,False,False,1,"[{""id"": ""obstacle_0"", ""kind"": ""static_obstacle"", ""x"": 50.0, ""y"": 50.0, ""radius"": 5.0}]"
safety_margin_confidence,280,56.0,3,79.27,65.539,90.0,86.0,50.0,50.0,,,false_negative+confidence_error,,trust_weighted_fusion,move,confidence,0.0,0.0,,0,0,23.104,10.201,28.139,uav_2,10.201,False,False,False,False,False,1,"[{""id"": ""obstacle_0"", ""kind"": ""static_obstacle"", ""x"": 50.0, ""y"": 50.0, ""radius"": 5.0}]"
safety_margin_confidence,281,56.2,0,70.401,47.585,94.0,90.0,50.0,50.0,,,dropout+confidence_error,,trust_weighted_fusion,move,confidence,0.0,0.0,,0,0,48.538,6.751,15.543,uav_1,6.751,False,False,False,False,False,1,"[{""id"": ""obstacle_0"", ""kind"": ""static_obstacle"", ""x"": 50.0, ""y"": 50.0, ""radius"": 5.0}]"
safety_margin_confidence,281,56.2,1,65.309,43.153,90.0,94.0,50.0,50.0,49.24,50.835,position_noise+confidence_error,0.25,trust_weighted_fusion,avoidance,confidence,2.0,0.5,,2,0,56.525,6.751,11.77,uav_0,6.751,False,False,False,False,False,1,"[{""id"": ""obstacle_0"", ""kind"": ""static_obstacle"", ""x"": 50.0, ""y"": 50.0, ""radius"": 5.0}]"
safety_margin_confidence,281,56.2,2,74.134,57.072,86.0,90.0,50.0,50.0,,,position_noise+confidence_error,,trust_weighted_fusion,move,confidence,1.926,0.42599999999999993,,2,0,35.001,10.195,20.149,uav_0,10.195,False,False,False,False,False,1,"[{""id"": ""obstacle_0"", ""kind"": ""static_obstacle"", ""x"": 50.0, ""y"": 50.0, ""radius"": 5.0}]"
safety_margin_confidence,281,56.2,3,79.425,65.836,90.0,86.0,50.0,50.0,,,position_noise+confidence_error,,trust_weighted_fusion,move,confidence,1.296,0.0,,1,0,22.769,10.237,28.416,uav_2,10.237,False,False,False,False,False,1,"[{""id"": ""obstacle_0"", ""kind"": ""static_obstacle"", ""x"": 50.0, ""y"": 50.0, ""radius"": 5.0}]"
safety_margin_confidence,282,56.4,0,70.595,47.935,94.0,90.0,50.0,50.0,,,dropout+confidence_error,,trust_weighted_fusion,move,confidence,0.0,0.0,,0,0,48.138,6.814,15.698,uav_1,6.814,False,False,False,False,False,1,"[{""id"": ""obstacle_0"", ""kind"": ""static_obstacle"", ""x"": 50.0, ""y"": 50.0, ""radius"": 5.0}]"
safety_margin_confidence,282,56.4,1,65.457,43.459,90.0,94.0,50.0,50.0,,,false_negative+position_noise+confidence_error,,trust_weighted_fusion,move,confidence,1.198,0.0,,1,0,56.185,6.814,11.784,uav_0,6.814,False,False,False,False,False,1,"[{""id"": ""obstacle_0"", ""kind"": ""static_obstacle"", ""x"": 50.0, ""y"": 50.0, ""radius"": 5.0}]"
safety_margin_confidence,282,56.4,2,74.229,57.334,86.0,90.0,50.0,50.0,,,false_negative+position_noise+confidence_error,,trust_weighted_fusion,move,confidence,2.424,0.9239999999999999,,1,0,34.722,10.077,20.314,uav_0,10.077,False,False,False,False,False,1,"[{""id"": ""obstacle_0"", ""kind"": ""static_obstacle"", ""x"": 50.0, ""y"": 50.0, ""radius"": 5.0}]"
safety_margin_confidence,282,56.4,3,79.567,66.105,90.0,86.0,50.0,50.0,,,position_noise+confidence_error,,trust_weighted_fusion,move,confidence,1.918,0.4179999999999999,,1,0,22.464,10.268,28.669,uav_2,10.268,False,False,False,False,False,1,"[{""id"": ""obstacle_0"", ""kind"": ""static_obstacle"", ""x"": 50.0, ""y"": 50.0, ""radius"": 5.0}]"
safety_margin_confidence,283,56.6,0,70.823,48.168,94.0,90.0,50.0,50.0,51.678,53.792,dropout+confidence_error,0.511,trust_weighted_fusion,avoidance,confidence,1.478,0.0,,1,0,47.823,6.814,15.904,uav_1,6.814,False,False,False,False,False,1,"[{""id"": ""obstacle_0"", ""kind"": ""static_obstacle"", ""x"": 50.0, ""y"": 50.0, ""radius"": 5.0}]"
safety_margin_confidence,283,56.6,1,65.715,43.659,90.0,94.0,50.0,50.0,51.678,53.792,position_noise+confidence_error,0.511,trust_weighted_fusion,avoidance,confidence,1.478,0.0,,2,0,55.892,6.814,11.945,uav_0,6.814,False,False,False,False,False,1,"[{""id"": ""obstacle_0"", ""kind"": ""static_obstacle"", ""x"": 50.0, ""y"": 50.0, ""radius"": 5.0}]"
safety_margin_confidence,283,56.6,2,74.328,57.609,86.0,90.0,50.0,50.0,,,position_noise+confidence_error,,trust_weighted_fusion,move,confidence,2.16,0.6600000000000001,,2,0,34.43,10.071,20.49,uav_0,10.071,False,False,False,False,False,1,"[{""id"": ""obstacle_0"", ""kind"": ""static_obstacle"", ""x"": 50.0, ""y"": 50.0, ""radius"": 5.0}]"
safety_margin_confidence,283,56.6,3,79.698,66.355,90.0,86.0,50.0,50.0,,,position_noise+confidence_error,,trust_weighted_fusion,move,confidence,2.366,0.8660000000000001,,1,0,22.183,10.263,28.903,uav_2,10.263,False,False,False,False,False,1,"[{""id"": ""obstacle_0"", ""kind"": ""static_obstacle"", ""x"": 50.0, ""y"": 50.0, ""radius"": 5.0}]"
safety_margin_confidence,284,56.8,0,71.017,48.518,94.0,90.0,50.0,50.0,,,dropout+confidence_error,,trust_weighted_fusion,move,confidence,0.0,0.0,,0,0,47.423,6.917,16.069,uav_1,6.917,False,False,False,False,False,1,"[{""id"": ""obstacle_0"", ""kind"": ""static_obstacle"", ""x"": 50.0, ""y"": 50.0, ""radius"": 5.0}]"
safety_margin_confidence,284,56.8,1,65.918,43.845,90.0,94.0,50.0,50.0,49.529,50.422,position_noise+confidence_error,0.0,trust_weighted_fusion,avoidance,confidence,2.5,1.0,,2,0,55.637,6.917,12.066,uav_0,6.917,False,False,False,False,False,1,"[{""id"": ""obstacle_0"", ""kind"": ""static_obstacle"", ""x"": 50.0, ""y"": 50.0, ""radius"": 5.0}]"
safety_margin_confidence,284,56.8,2,74.463,57.985,86.0,90.0,50.0,50.0,,,false_negative+confidence_error,,trust_weighted_fusion,move,confidence,0.0,0.0,,0,0,34.03,10.075,20.734,uav_0,10.075,False,False,False,False,False,1,"[{""id"": ""obstacle_0"", ""kind"": ""static_obstacle"", ""x"": 50.0, ""y"": 50.0, ""radius"": 5.0}]"
safety_margin_confidence,284,56.8,3,79.846,66.639,90.0,86.0,50.0,50.0,,,position_noise+confidence_error,,trust_weighted_fusion,move,confidence,1.59,0.09000000000000008,,1,0,21.862,10.191,29.171,uav_2,10.191,False,False,False,False,False,1,"[{""id"": ""obstacle_0"", ""kind"": ""static_obstacle"", ""x"": 50.0, ""y"": 50.0, ""radius"": 5.0}]"
safety_margin_confidence,285,57.0,0,71.211,48.868,94.0,90.0,50.0,50.0,,,dropout+confidence_error,,trust_weighted_fusion,move,confidence,0.0,0.0,,0,0,47.023,7.022,16.241,uav_1,7.022,False,False,False,False,False,1,"[{""id"": ""obstacle_0"", ""kind"": ""static_obstacle"", ""x"": 50.0, ""y"": 50.0, ""radius"": 5.0}]"
safety_margin_confidence,285,57.0,1,66.11,44.041,90.0,94.0,50.0,50.0,47.733,50.533,false_negative+position_noise+confidence_error,0.0,trust_weighted_fusion,avoidance,confidence,2.5,1.0,,1,0,55.377,7.022,12.177,uav_0,7.022,False,False,False,False,False,1,"[{""id"": ""obstacle_0"", ""kind"": ""static_obstacle"", ""x"": 50.0, ""y"": 50.0, ""radius"": 5.0}]"
safety_margin_confidence,285,57.0,2,74.574,58.292,86.0,90.0,50.0,50.0,,,false_negative+position_noise+confidence_error,,trust_weighted_fusion,move,confidence,1.486,0.0,,1,0,33.704,10.006,20.935,uav_0,10.006,False,False,False,False,False,1,"[{""id"": ""obstacle_0"", ""kind"": ""static_obstacle"", ""x"": 50.0, ""y"": 50.0, ""radius"": 5.0}]"
safety_margin_confidence,285,57.0,3,80.005,66.942,90.0,86.0,50.0,50.0,,,position_noise+confidence_error,,trust_weighted_fusion,move,confidence,1.152,0.0,,1,0,21.52,10.214,29.458,uav_2,10.214,False,False,False,False,False,1,"[{""id"": ""obstacle_0"", ""kind"": ""static_obstacle"", ""x"": 50.0, ""y"": 50.0, ""radius"": 5.0}]"
safety_margin_confidence,286,57.2,0,71.371,49.156,94.0,90.0,50.0,50.0,,,position_noise+confidence_error,,trust_weighted_fusion,move,confidence,1.404,0.0,,2,0,46.694,7.482,16.387,uav_1,7.482,False,False,False,False,False,1,"[{""id"": ""obstacle_0"", ""kind"": ""static_obstacle"", ""x"": 50.0, ""y"": 50.0, ""radius"": 5.0}]"
safety_margin_confidence,286,57.2,1,66.21,43.739,90.0,94.0,50.0,50.0,,,false_negative+position_noise+confidence_error,,trust_weighted_fusion,avoidance,confidence,1.648,0.1479999999999999,,1,0,55.607,7.482,12.377,uav_0,7.482,False,False,False,False,False,1,"[{""id"": ""obstacle_0"", ""kind"": ""static_obstacle"", ""x"": 50.0, ""y"": 50.0, ""radius"": 5.0}]"
safety_margin_confidence,286,57.2,2,74.687,58.606,86.0,90.0,50.0,50.0,,,position_noise+confidence_error,,trust_weighted_fusion,move,confidence,1.322,0.0,,2,0,33.37,10.015,21.144,uav_0,10.015,False,False,False,False,False,1,"[{""id"": ""obstacle_0"", ""kind"": ""static_obstacle"", ""x"": 50.0, ""y"": 50.0, ""radius"": 5.0}]"
safety_margin_confidence,286,57.2,3,80.191,67.296,90.0,86.0,50.0,50.0,,,dropout+confidence_error,,trust_weighted_fusion,move,confidence,0.0,0.0,,0,0,21.12,10.287,29.795,uav_2,10.287,False,False,False,False,False,1,"[{""id"": ""obstacle_0"", ""kind"": ""static_obstacle"", ""x"": 50.0, ""y"": 50.0, ""radius"": 5.0}]"
safety_margin_confidence,287,57.4,0,71.533,49.449,94.0,90.0,50.0,50.0,,,position_noise+confidence_error,,trust_weighted_fusion,move,confidence,1.304,0.0,,2,0,46.359,7.499,16.54,uav_1,7.499,False,False,False,False,False,1,"[{""id"": ""obstacle_0"", ""kind"": ""static_obstacle"", ""x"": 50.0, ""y"": 50.0, ""radius"": 5.0}]"
safety_margin_confidence,287,57.4,1,66.429,43.955,90.0,94.0,50.0,50.0,50.912,47.615,false_negative+position_noise+confidence_error,0.321,trust_weighted_fusion,avoidance,confidence,1.858,0.3580000000000001,,1,0,55.318,7.499,12.505,uav_0,7.499,False,False,False,False,False,1,"[{""id"": ""obstacle_0"", ""kind"": ""static_obstacle"", ""x"": 50.0, ""y"": 50.0, ""radius"": 5.0}]"
safety_margin_confidence,287,57.4,2,74.787,58.883,86.0,90.0,50.0,50.0,,,position_noise+confidence_error,,trust_weighted_fusion,move,confidence,2.104,0.6040000000000001,,2,0,33.075,9.98,21.331,uav_0,9.98,False,False,False,False,False,1,"[{""id"": ""obstacle_0"", ""kind"": ""static_obstacle"", ""x"": 50.0, ""y"": 50.0, ""radius"": 5.0}]"
safety_margin_confidence,287,57.4,3,80.377,67.65,90.0,86.0,50.0,50.0,,,dropout+confidence_error,,trust_weighted_fusion,move,confidence,0.0,0.0,,0,0,20.72,10.398,30.133,uav_2,10.398,False,False,False,False,False,1,"[{""id"": ""obstacle_0"", ""kind"": ""static_obstacle"", ""x"": 50.0, ""y"": 50.0, ""radius"": 5.0}]"
safety_margin_confidence,288,57.6,0,71.697,49.745,94.0,90.0,50.0,50.0,,,position_noise+confidence_error,,trust_weighted_fusion,move,confidence,1.23,0.0,,2,0,46.02,7.553,16.699,uav_1,7.553,False,False,False,False,False,1,"[{""id"": ""obstacle_0"", ""kind"": ""static_obstacle"", ""x"": 50.0, ""y"": 50.0, ""radius"": 5.0}]"
safety_margin_confidence,288,57.6,1,66.61,44.162,90.0,94.0,50.0,50.0,47.183,48.402,false_negative+position_noise+confidence_error,0.0,trust_weighted_fusion,avoidance,confidence,2.5,1.0,,1,0,55.054,7.553,12.606,uav_0,7.553,False,False,False,False,False,1,"[{""id"": ""obstacle_0"", ""kind"": ""static_obstacle"", ""x"": 50.0, ""y"": 50.0, ""radius"": 5.0}]"
safety_margin_confidence,288,57.6,2,74.922,59.26,86.0,90.0,50.0,50.0,,,false_negative+confidence_error,,trust_weighted_fusion,move,confidence,0.0,0.0,,0,0,32.675,10.046,21.587,uav_0,10.046,False,False,False,False,False,1,"[{""id"": ""obstacle_0"", ""kind"": ""static_obstacle"", ""x"": 50.0, ""y"": 50.0, ""radius"": 5.0}]"
safety_margin_confidence,288,57.6,3,80.563,68.005,90.0,86.0,50.0,50.0,,,dropout+confidence_error,,trust_weighted_fusion,move,confidence,0.0,0.0,,0,0,20.32,10.406,30.472,uav_2,10.406,False,False,False,False,False,1,"[{""id"": ""obstacle_0"", ""kind"": ""static_obstacle"", ""x"": 50.0, ""y"": 50.0, ""radius"": 5.0}]"
safety_margin_confidence,289,57.8,0,71.848,50.018,94.0,90.0,50.0,50.0,,,position_noise+confidence_error,,trust_weighted_fusion,move,confidence,1.768,0.268,,2,0,45.709,7.567,16.848,uav_1,7.567,False,False,False,False,False,1,"[{""id"": ""obstacle_0"", ""kind"": ""static_obstacle"", ""x"": 50.0, ""y"": 50.0, ""radius"": 5.0}]"
safety_margin_confidence,289,57.8,1,66.739,44.436,90.0,94.0,50.0,50.0,47.244,49.387,position_noise+confidence_error,0.283,trust_weighted_fusion,move,confidence,1.934,0.43399999999999994,,2,0,54.751,7.567,12.639,uav_0,7.567,False,False,False,False,False,1,"[{""id"": ""obstacle_0"", ""kind"": ""static_obstacle"", ""x"": 50.0, ""y"": 50.0, ""radius"": 5.0}]"
safety_margin_confidence,289,57.8,2,75.029,59.556,86.0,90.0,50.0,50.0,,,false_negative+position_noise+confidence_error,,trust_weighted_fusion,move,confidence,1.71,0.20999999999999996,,1,0,32.361,10.054,21.791,uav_0,10.054,False,False,False,False,False,1,"[{""id"": ""obstacle_0"", ""kind"": ""static_obstacle"", ""x"": 50.0, ""y"": 50.0, ""radius"": 5.0}]"
safety_margin_confidence,289,57.8,3,80.749,68.359,90.0,86.0,50.0,50.0,,,dropout+confidence_error,,trust_weighted_fusion,move,confidence,0.0,0.0,,0,0,19.92,10.498,30.812,uav_2,10.498,False,False,False,False,False,1,"[{""id"": ""obstacle_0"", ""kind"": ""static_obstacle"", ""x"": 50.0, ""y"": 50.0, ""radius"": 5.0}]"
safety_margin_confidence,290,58.0,0,71.999,50.291,94.0,90.0,50.0,50.0,,,false_negative+position_noise+confidence_error,,trust_weighted_fusion,move,confidence,1.756,0.256,,1,0,45.397,7.564,17.001,uav_1,7.564,False,False,False,False,False,1,"[{""id"": ""obstacle_0"", ""kind"": ""static_obstacle"", ""x"": 50.0, ""y"": 50.0, ""radius"": 5.0}]"
safety_margin_confidence,290,58.0,1,66.951,44.658,90.0,94.0,50.0,50.0,49.784,49.351,position_noise+confidence_error,0.32,trust_weighted_fusion,avoidance,confidence,1.86,0.3600000000000001,,2,0,54.46,7.564,12.773,uav_0,7.564,False,False,False,False,False,1,"[{""id"": ""obstacle_0"", ""kind"": ""static_obstacle"", ""x"": 50.0, ""y"": 50.0, ""radius"": 5.0}]"
safety_margin_confidence,290,58.0,2,75.13,59.836,86.0,90.0,50.0,50.0,,,position_noise+confidence_error,,trust_weighted_fusion,move,confidence,2.044,0.544,,2,0,32.063,10.045,21.986,uav_0,10.045,False,False,False,False,False,1,"[{""id"": ""obstacle_0"", ""kind"": ""static_obstacle"", ""x"": 50.0, ""y"": 50.0, ""radius"": 5.0}]"
safety_margin_confidence,290,58.0,3,80.934,68.713,90.0,86.0,50.0,50.0,,,dropout+confidence_error,,trust_weighted_fusion,move,confidence,0.0,0.0,,0,0,19.52,10.606,31.154,uav_2,10.606,False,False,False,False,False,1,"[{""id"": ""obstacle_0"", ""kind"": ""static_obstacle"", ""x"": 50.0, ""y"": 50.0, ""radius"": 5.0}]"
safety_margin_confidence,291,58.2,0,72.158,50.577,94.0,90.0,50.0,50.0,,,false_negative+position_noise+confidence_error,,trust_weighted_fusion,move,confidence,1.456,0.0,,1,0,45.069,8.135,17.165,uav_1,8.135,False,False,False,False,False,1,"[{""id"": ""obstacle_0"", ""kind"": ""static_obstacle"", ""x"": 50.0, ""y"": 50.0, ""radius"": 5.0}]"
safety_margin_confidence,291,58.2,1,66.901,44.368,90.0,94.0,50.0,50.0,46.108,49.635,position_noise+confidence_error,0.188,trust_weighted_fusion,avoidance,confidence,2.124,0.6240000000000001,,2,0,54.744,8.135,12.814,uav_0,8.135,False,False,False,False,False,1,"[{""id"": ""obstacle_0"", ""kind"": ""static_obstacle"", ""x"": 50.0, ""y"": 50.0, ""radius"": 5.0}]"
safety_margin_confidence,291,58.2,2,75.266,60.212,86.0,90.0,50.0,50.0,,,false_negative+confidence_error,,trust_weighted_fusion,move,confidence,0.0,0.0,,0,0,31.663,10.124,22.251,uav_0,10.124,False,False,False,False,False,1,"[{""id"": ""obstacle_0"", ""kind"": ""static_obstacle"", ""x"": 50.0, ""y"": 50.0, ""radius"": 5.0}]"
safety_margin_confidence,291,58.2,3,81.12,69.067,90.0,86.0,50.0,50.0,,,false_negative+confidence_error,,trust_weighted_fusion,move,confidence,0.0,0.0,,0,0,19.12,10.616,31.497,uav_2,10.616,False,False,False,False,False,1,"[{""id"": ""obstacle_0"", ""kind"": ""static_obstacle"", ""x"": 50.0, ""y"": 50.0, ""radius"": 5.0}]"
safety_margin_confidence,292,58.4,0,72.304,50.841,94.0,90.0,50.0,50.0,,,position_noise+confidence_error,,trust_weighted_fusion,move,confidence,1.966,0.46599999999999997,,2,0,44.768,8.166,17.32,uav_1,8.166,False,False,False,False,False,1,"[{""id"": ""obstacle_0"", ""kind"": ""static_obstacle"", ""x"": 50.0, ""y"": 50.0, ""radius"": 5.0}]"
safety_margin_confidence,292,58.4,1,67.017,44.618,90.0,94.0,50.0,50.0,48.522,52.37,false_negative+position_noise+confidence_error,0.0,trust_weighted_fusion,move,confidence,2.5,1.0,,1,0,54.469,8.166,12.848,uav_0,8.166,False,False,False,False,False,1,"[{""id"": ""obstacle_0"", ""kind"": ""static_obstacle"", ""x"": 50.0, ""y"": 50.0, ""radius"": 5.0}]"
safety_margin_confidence,292,58.4,2,75.371,60.504,86.0,90.0,50.0,50.0,,,position_noise+confidence_error,,trust_weighted_fusion,move,confidence,1.784,0.28400000000000003,,2,0,31.352,10.139,22.46,uav_0,10.139,False,False,False,False,False,1,"[{""id"": ""obstacle_0"", ""kind"": ""static_obstacle"", ""x"": 50.0, ""y"": 50.0, ""radius"": 5.0}]"
safety_margin_confidence,292,58.4,3,81.306,69.422,90.0,86.0,50.0,50.0,,,false_negative+confidence_error,,trust_weighted_fusion,move,confidence,0.0,0.0,,0,0,18.72,10.712,31.841,uav_2,10.712,False,False,False,False,False,1,"[{""id"": ""obstacle_0"", ""kind"": ""static_obstacle"", ""x"": 50.0, ""y"": 50.0, ""radius"": 5.0}]"
safety_margin_confidence,293,58.6,0,72.456,51.115,94.0,90.0,50.0,50.0,,,position_noise+confidence_error,,trust_weighted_fusion,move,confidence,1.734,0.23399999999999999,,2,0,44.454,8.179,17.484,uav_1,8.179,False,False,False,False,False,1,"[{""id"": ""obstacle_0"", ""kind"": ""static_obstacle"", ""x"": 50.0, ""y"": 50.0, ""radius"": 5.0}]"
safety_margin_confidence,293,58.6,1,67.146,44.895,90.0,94.0,50.0,50.0,,,false_negative+position_noise+confidence_error,,trust_weighted_fusion,move,confidence,1.888,0.3879999999999999,,1,0,54.163,8.179,12.89,uav_0,8.179,False,False,False,False,False,1,"[{""id"": ""obstacle_0"", ""kind"": ""static_obstacle"", ""x"": 50.0, ""y"": 50.0, ""radius"": 5.0}]"
safety_margin_confidence,293,58.6,2,75.482,60.813,86.0,90.0,50.0,50.0,,,false_negative+position_noise+confidence_error,,trust_weighted_fusion,move,confidence,1.436,0.0,,1,0,31.024,10.159,22.682,uav_0,10.159,False,False,False,False,False,1,"[{""id"": ""obstacle_0"", ""kind"": ""static_obstacle"", ""x"": 50.0, ""y"": 50.0, ""radius"": 5.0}]"
safety_margin_confidence,293,58.6,3,81.449,69.694,90.0,86.0,50.0,50.0,,,position_noise+confidence_error,,trust_weighted_fusion,move,confidence,1.838,0.3380000000000001,,1,0,18.412,10.699,32.107,uav_2,10.699,False,False,False,False,False,1,"[{""id"": ""obstacle_0"", ""kind"": ""static_obstacle"", ""x"": 50.0, ""y"": 50.0, ""radius"": 5.0}]"
safety_margin_confidence,294,58.8,0,72.65,51.465,94.0,90.0,50.0,50.0,,,false_negative+confidence_error,,trust_weighted_fusion,move,confidence,0.0,0.0,,0,0,44.054,8.287,17.697,uav_1,8.287,False,False,False,False,False,1,"[{""id"": ""obstacle_0"", ""kind"": ""static_obstacle"", ""x"": 50.0, ""y"": 50.0, ""radius"": 5.0}]"
safety_margin_confidence,294,58.8,1,67.317,45.121,90.0,94.0,50.0,50.0,47.375,45.77,position_noise+confidence_error,0.089,trust_weighted_fusion,avoidance,confidence,2.322,0.8220000000000001,,2,0,53.886,8.287,12.992,uav_0,8.287,False,False,False,False,False,1,"[{""id"": ""obstacle_0"", ""kind"": ""static_obstacle"", ""x"": 50.0, ""y"": 50.0, ""radius"": 5.0}]"
safety_margin_confidence,294,58.8,2,75.592,61.118,86.0,90.0,50.0,50.0,,,position_noise+confidence_error,,trust_weighted_fusion,move,confidence,1.52,0.020000000000000018,,2,0,30.7,10.092,22.903,uav_0,10.092,False,False,False,False,False,1,"[{""id"": ""obstacle_0"", ""kind"": ""static_obstacle"", ""x"": 50.0, ""y"": 50.0, ""radius"": 5.0}]"
safety_margin_confidence,294,58.8,3,81.592,69.968,90.0,86.0,50.0,50.0,,,position_noise+confidence_error,,trust_weighted_fusion,move,confidence,1.83,0.33000000000000007,,1,0,18.103,10.692,32.373,uav_2,10.692,False,False,False,False,False,1,"[{""id"": ""obstacle_0"", ""kind"": ""static_obstacle"", ""x"": 50.0, ""y"": 50.0, ""radius"": 5.0}]"
safety_margin_confidence,295,59.0,0,72.844,51.815,94.0,90.0,50.0,50.0,,,false_negative+confidence_error,,trust_weighted_fusion,move,confidence,0.0,0.0,,0,0,43.654,8.367,17.916,uav_1,8.367,False,False,False,False,False,1,"[{""id"": ""obstacle_0"", ""kind"": ""static_obstacle"", ""x"": 50.0, ""y"": 50.0, ""radius"": 5.0}]"
safety_margin_confidence,295,59.0,1,67.539,45.345,90.0,94.0,50.0,50.0,50.41,52.251,position_noise+confidence_error,0.625,trust_weighted_fusion,avoidance,confidence,1.706,0.20599999999999996,,2,0,53.59,8.367,13.146,uav_0,8.367,False,False,False,False,False,1,"[{""id"": ""obstacle_0"", ""kind"": ""static_obstacle"", ""x"": 50.0, ""y"": 50.0, ""radius"": 5.0}]"
safety_margin_confidence,295,59.0,2,75.697,61.41,86.0,90.0,50.0,50.0,,,position_noise+confidence_error,,trust_weighted_fusion,move,confidence,1.788,0.28800000000000003,,2,0,30.389,10.011,23.117,uav_0,10.011,False,False,False,False,False,1,"[{""id"": ""obstacle_0"", ""kind"": ""static_obstacle"", ""x"": 50.0, ""y"": 50.0, ""radius"": 5.0}]"
safety_margin_confidence,295,59.0,3,81.762,70.291,90.0,86.0,50.0,50.0,,,position_noise+confidence_error,,trust_weighted_fusion,move,confidence,0.698,0.0,,1,0,17.738,10.754,32.69,uav_2,10.754,False,False,False,False,False,1,"[{""id"": ""obstacle_0"", ""kind"": ""static_obstacle"", ""x"": 50.0, ""y"": 50.0, ""radius"": 5.0}]"
safety_margin_confidence,296,59.2,0,73.002,52.1,94.0,90.0,50.0,50.0,,,position_noise+confidence_error,,trust_weighted_fusion,move,confidence,1.476,0.0,,2,0,43.328,8.412,18.097,uav_1,8.412,False,False,False,False,False,1,"[{""id"": ""obstacle_0"", ""kind"": ""static_obstacle"", ""x"": 50.0, ""y"": 50.0, ""radius"": 5.0}]"
safety_margin_confidence,296,59.2,1,67.728,45.546,90.0,94.0,50.0,50.0,50.476,49.336,position_noise+confidence_error,0.014,trust_weighted_fusion,avoidance,confidence,2.472,0.972,,2,0,53.328,8.412,13.279,uav_0,8.412,False,False,False,False,False,1,"[{""id"": ""obstacle_0"", ""kind"": ""static_obstacle"", ""x"": 50.0, ""y"": 50.0, ""radius"": 5.0}]"
safety_margin_confidence,296,59.2,2,75.808,61.717,86.0,90.0,50.0,50.0,,,false_negative+position_noise+confidence_error,,trust_weighted_fusion,move,confidence,1.486,0.0,,1,0,30.064,10.018,23.343,uav_0,10.018,False,False,False,False,False,1,"[{""id"": ""obstacle_0"", ""kind"": ""static_obstacle"", ""x"": 50.0, ""y"": 50.0, ""radius"": 5.0}]"
safety_margin_confidence,296,59.2,3,81.932,70.616,90.0,86.0,50.0,50.0,,,position_noise+confidence_error,,trust_weighted_fusion,move,confidence,0.67,0.0,,1,0,17.372,10.803,33.009,uav_2,10.803,False,False,False,False,False,1,"[{""id"": ""obstacle_0"", ""kind"": ""static_obstacle"", ""x"": 50.0, ""y"": 50.0, ""radius"": 5.0}]"
safety_margin_confidence,297,59.4,0,73.006,52.445,94.0,90.0,50.0,50.0,,,position_noise+confidence_error,,trust_weighted_fusion,avoidance,confidence,1.096,0.0,,2,0,43.025,8.388,18.135,uav_1,8.388,False,False,False,False,False,1,"[{""id"": ""obstacle_0"", ""kind"": ""static_obstacle"", ""x"": 50.0, ""y"": 50.0, ""radius"": 5.0}]"
safety_margin_confidence,297,59.4,1,67.918,45.776,90.0,94.0,50.0,50.0,49.646,47.704,position_noise+confidence_error,0.238,trust_weighted_fusion,avoidance,confidence,2.024,0.524,,2,0,53.039,8.388,13.41,uav_0,8.388,False,False,False,False,False,1,"[{""id"": ""obstacle_0"", ""kind"": ""static_obstacle"", ""x"": 50.0, ""y"": 50.0, ""radius"": 5.0}]"
safety_margin_confidence,297,59.4,2,75.912,62.006,86.0,90.0,50.0,50.0,,,position_noise+confidence_error,,trust_weighted_fusion,move,confidence,1.846,0.3460000000000001,,2,0,29.756,9.993,23.558,uav_0,9.993,False,False,False,False,False,1,"[{""id"": ""obstacle_0"", ""kind"": ""static_obstacle"", ""x"": 50.0, ""y"": 50.0, ""radius"": 5.0}]"
safety_margin_confidence,297,59.4,3,82.118,70.97,90.0,86.0,50.0,50.0,,,false_negative+confidence_error,,trust_weighted_fusion,move,confidence,0.0,0.0,,0,0,16.972,10.902,33.357,uav_2,10.902,False,False,False,False,False,1,"[{""id"": ""obstacle_0"", ""kind"": ""static_obstacle"", ""x"": 50.0, ""y"": 50.0, ""radius"": 5.0}]"
safety_margin_confidence,298,59.6,0,73.156,52.714,94.0,90.0,50.0,50.0,,,false_negative+position_noise+confidence_error,,trust_weighted_fusion,move,confidence,1.838,0.3380000000000001,,1,0,42.716,8.356,18.315,uav_1,8.356,False,False,False,False,False,1,"[{""id"": ""obstacle_0"", ""kind"": ""static_obstacle"", ""x"": 50.0, ""y"": 50.0, ""radius"": 5.0}]"
safety_margin_confidence,298,59.6,1,68.062,46.091,90.0,94.0,50.0,50.0,,,false_negative+position_noise+confidence_error,,trust_weighted_fusion,move,confidence,1.086,0.0,,1,0,52.693,8.356,13.481,uav_0,8.356,False,False,False,False,False,1,"[{""id"": ""obstacle_0"", ""kind"": ""static_obstacle"", ""x"": 50.0, ""y"": 50.0, ""radius"": 5.0}]"
safety_margin_confidence,298,59.6,2,76.017,62.296,86.0,90.0,50.0,50.0,,,false_negative+position_noise+confidence_error,,trust_weighted_fusion,move,confidence,1.832,0.3320000000000001,,1,0,29.448,10.0,23.776,uav_0,10.0,False,False,False,False,False,1,"[{""id"": ""obstacle_0"", ""kind"": ""static_obstacle"", ""x"": 50.0, ""y"": 50.0, ""radius"": 5.0}]"
safety_margin_confidence,298,59.6,3,82.256,71.234,90.0,86.0,50.0,50.0,,,position_noise+confidence_error,,trust_weighted_fusion,move,confidence,2.038,0.5379999999999998,,1,0,16.674,10.9,33.618,uav_2,10.9,False,False,False,False,False,1,"[{""id"": ""obstacle_0"", ""kind"": ""static_obstacle"", ""x"": 50.0, ""y"": 50.0, ""radius"": 5.0}]"
safety_margin_confidence,299,59.8,0,73.308,52.986,94.0,90.0,50.0,50.0,,,false_negative+position_noise+confidence_error,,trust_weighted_fusion,move,confidence,1.772,0.272,,1,0,42.405,8.39,18.499,uav_1,8.39,False,False,False,False,False,1,"[{""id"": ""obstacle_0"", ""kind"": ""static_obstacle"", ""x"": 50.0, ""y"": 50.0, ""radius"": 5.0}]"
safety_margin_confidence,299,59.8,1,68.256,46.288,90.0,94.0,50.0,50.0,51.749,50.289,false_negative+position_noise+confidence_error,0.015,trust_weighted_fusion,avoidance,confidence,2.47,0.9700000000000002,,1,0,52.433,8.39,13.63,uav_0,8.39,False,False,False,False,False,1,"[{""id"": ""obstacle_0"", ""kind"": ""static_obstacle"", ""x"": 50.0, ""y"": 50.0, ""radius"": 5.0}]"
safety_margin_confidence,299,59.8,2,76.118,62.577,86.0,90.0,50.0,50.0,,,position_noise+confidence_error,,trust_weighted_fusion,move,confidence,2.038,0.5379999999999998,,2,0,29.15,9.994,23.988,uav_0,9.994,False,False,False,False,False,1,"[{""id"": ""obstacle_0"", ""kind"": ""static_obstacle"", ""x"": 50.0, ""y"": 50.0, ""radius"": 5.0}]"
safety_margin_confidence,299,59.8,3,82.396,71.5,90.0,86.0,50.0,50.0,,,position_noise+confidence_error,,trust_weighted_fusion,move,confidence,1.988,0.488,,1,0,16.373,10.911,33.881,uav_2,10.911,False,False,False,False,False,1,"[{""id"": ""obstacle_0"", ""kind"": ""static_obstacle"", ""x"": 50.0, ""y"": 50.0, ""radius"": 5.0}]"
safety_margin_confidence,300,60.0,0,73.47,53.276,94.0,90.0,50.0,50.0,,,false_negative+position_noise+confidence_error,,trust_weighted_fusion,move,confidence,1.346,0.0,,1,0,42.072,8.329,18.698,uav_1,8.329,False,False,False,False,False,1,"[{""id"": ""obstacle_0"", ""kind"": ""static_obstacle"", ""x"": 50.0, ""y"": 50.0, ""radius"": 5.0}]"
safety_margin_confidence,300,60.0,1,68.422,46.652,90.0,94.0,50.0,50.0,,,false_negative+confidence_error,,trust_weighted_fusion,move,confidence,0.0,0.0,,0,0,52.033,8.329,13.724,uav_0,8.329,False,False,False,False,False,1,"[{""id"": ""obstacle_0"", ""kind"": ""static_obstacle"", ""x"": 50.0, ""y"": 50.0, ""radius"": 5.0}]"
safety_margin_confidence,300,60.0,2,76.227,62.881,86.0,90.0,50.0,50.0,,,false_negative+position_noise+confidence_error,,trust_weighted_fusion,move,confidence,1.53,0.030000000000000027,,1,0,28.826,9.992,24.22,uav_0,9.992,False,False,False,False,False,1,"[{""id"": ""obstacle_0"", ""kind"": ""static_obstacle"", ""x"": 50.0, ""y"": 50.0, ""radius"": 5.0}]"
safety_margin_confidence,300,60.0,3,82.582,71.854,90.0,86.0,50.0,50.0,,,false_negative+confidence_error,,trust_weighted_fusion,move,confidence,0.0,0.0,,0,0,15.973,10.995,34.232,uav_2,10.995,False,False,False,False,False,1,"[{""id"": ""obstacle_0"", ""kind"": ""static_obstacle"", ""x"": 50.0, ""y"": 50.0, ""radius"": 5.0}]"
safety_margin_confidence,301,60.2,0,73.618,53.541,94.0,90.0,50.0,50.0,,,false_negative+position_noise+confidence_error,,trust_weighted_fusion,move,confidence,1.94,0.43999999999999995,,1,0,41.769,8.35,18.882,uav_1,8.35,False,False,False,False,False,1,"[{""id"": ""obstacle_0"", ""kind"": ""static_obstacle"", ""x"": 50.0, ""y"": 50.0, ""radius"": 5.0}]"
safety_margin_confidence,301,60.2,1,68.541,46.913,90.0,94.0,50.0,50.0,48.604,49.475,position_noise+confidence_error,0.116,trust_weighted_fusion,move,confidence,2.268,0.7679999999999998,,2,0,51.747,8.35,13.796,uav_0,8.35,False,False,False,False,False,1,"[{""id"": ""obstacle_0"", ""kind"": ""static_obstacle"", ""x"": 50.0, ""y"": 50.0, ""radius"": 5.0}]"
safety_margin_confidence,301,60.2,2,76.321,63.14,86.0,90.0,50.0,50.0,,,false_negative+position_noise+confidence_error,,trust_weighted_fusion,move,confidence,2.5,1.0,,1,0,28.551,9.972,24.418,uav_0,9.972,False,False,False,False,False,1,"[{""id"": ""obstacle_0"", ""kind"": ""static_obstacle"", ""x"": 50.0, ""y"": 50.0, ""radius"": 5.0}]"
safety_margin_confidence,301,60.2,3,82.767,72.208,90.0,86.0,50.0,50.0,,,false_negative+confidence_error,,trust_weighted_fusion,move,confidence,0.0,0.0,,0,0,15.573,11.127,34.584,uav_2,11.127,False,False,False,False,False,1,"[{""id"": ""obstacle_0"", ""kind"": ""static_obstacle"", ""x"": 50.0, ""y"": 50.0, ""radius"": 5.0}]"
safety_margin_confidence,302,60.4,0,73.793,53.854,94.0,90.0,50.0,50.0,,,false_negative+position_noise+confidence_error,,trust_weighted_fusion,move,confidence,0.836,0.0,,1,0,41.411,8.425,19.103,uav_1,8.425,False,False,False,False,False,1,"[{""id"": ""obstacle_0"", ""kind"": ""static_obstacle"", ""x"": 50.0, ""y"": 50.0, ""radius"": 5.0}]"
safety_margin_confidence,302,60.4,1,68.66,47.173,90.0,94.0,50.0,50.0,49.355,52.697,position_noise+confidence_error,0.112,trust_weighted_fusion,move,confidence,2.276,0.7759999999999998,,2,0,51.461,8.425,13.873,uav_0,8.425,False,False,False,False,False,1,"[{""id"": ""obstacle_0"", ""kind"": ""static_obstacle"", ""x"": 50.0, ""y"": 50.0, ""radius"": 5.0}]"
safety_margin_confidence,302,60.4,2,76.427,63.436,86.0,90.0,50.0,50.0,,,false_negative+position_noise+confidence_error,,trust_weighted_fusion,move,confidence,1.706,0.20599999999999996,,1,0,28.236,9.938,24.647,uav_0,9.938,False,False,False,False,False,1,"[{""id"": ""obstacle_0"", ""kind"": ""static_obstacle"", ""x"": 50.0, ""y"": 50.0, ""radius"": 5.0}]"
safety_margin_confidence,302,60.4,3,82.953,72.563,90.0,86.0,50.0,50.0,,,false_negative+confidence_error,,trust_weighted_fusion,move,confidence,0.0,0.0,,0,0,15.173,11.22,34.937,uav_2,11.22,False,False,False,False,False,1,"[{""id"": ""obstacle_0"", ""kind"": ""static_obstacle"", ""x"": 50.0, ""y"": 50.0, ""radius"": 5.0}]"
safety_margin_confidence,303,60.6,0,73.939,54.115,94.0,90.0,50.0,50.0,,,position_noise+confidence_error,,trust_weighted_fusion,move,confidence,2.008,0.508,,2,0,41.112,8.43,19.29,uav_1,8.43,False,False,False,False,False,1,"[{""id"": ""obstacle_0"", ""kind"": ""static_obstacle"", ""x"": 50.0, ""y"": 50.0, ""radius"": 5.0}]"
safety_margin_confidence,303,60.6,1,68.863,47.384,90.0,94.0,50.0,50.0,53.097,50.293,position_noise+confidence_error,0.184,trust_weighted_fusion,avoidance,confidence,2.132,0.6320000000000001,,2,0,51.184,8.43,14.044,uav_0,8.43,False,False,False,False,False,1,"[{""id"": ""obstacle_0"", ""kind"": ""static_obstacle"", ""x"": 50.0, ""y"": 50.0, ""radius"": 5.0}]"
safety_margin_confidence,303,60.6,2,76.532,63.727,86.0,90.0,50.0,50.0,,,false_negative+position_noise+confidence_error,,trust_weighted_fusion,move,confidence,1.814,0.31400000000000006,,1,0,27.927,9.955,24.873,uav_0,9.955,False,False,False,False,False,1,"[{""id"": ""obstacle_0"", ""kind"": ""static_obstacle"", ""x"": 50.0, ""y"": 50.0, ""radius"": 5.0}]"
safety_margin_confidence,303,60.6,3,83.099,72.841,90.0,86.0,50.0,50.0,,,position_noise+confidence_error,,trust_weighted_fusion,move,confidence,1.714,0.21399999999999997,,1,0,14.859,11.234,35.215,uav_2,11.234,False,False,False,False,False,1,"[{""id"": ""obstacle_0"", ""kind"": ""static_obstacle"", ""x"": 50.0, ""y"": 50.0, ""radius"": 5.0}]"
safety_margin_confidence,304,60.8,0,74.095,54.393,94.0,90.0,50.0,50.0,,,false_negative+position_noise+confidence_error,,trust_weighted_fusion,move,confidence,1.634,0.1339999999999999,,1,0,40.793,8.453,19.492,uav_1,8.453,False,False,False,False,False,1,"[{""id"": ""obstacle_0"", ""kind"": ""static_obstacle"", ""x"": 50.0, ""y"": 50.0, ""radius"": 5.0}]"
safety_margin_confidence,304,60.8,1,69.058,47.605,90.0,94.0,50.0,50.0,50.373,52.078,false_negative+position_noise+confidence_error,0.193,trust_weighted_fusion,avoidance,confidence,2.114,0.6139999999999999,,1,0,50.903,8.453,14.208,uav_0,8.453,False,False,False,False,False,1,"[{""id"": ""obstacle_0"", ""kind"": ""static_obstacle"", ""x"": 50.0, ""y"": 50.0, ""radius"": 5.0}]"
safety_margin_confidence,304,60.8,2,76.646,64.043,86.0,90.0,50.0,50.0,,,false_negative+position_noise+confidence_error,,trust_weighted_fusion,move,confidence,1.282,0.0,,1,0,27.591,9.982,25.12,uav_0,9.982,False,False,False,False,False,1,"[{""id"": ""obstacle_0"", ""kind"": ""static_obstacle"", ""x"": 50.0, ""y"": 50.0, ""radius"": 5.0}]"
safety_margin_confidence,304,60.8,3,83.255,73.137,90.0,86.0,50.0,50.0,,,position_noise+confidence_error,,trust_weighted_fusion,move,confidence,1.308,0.0,,1,0,14.524,11.242,35.512,uav_2,11.242,False,False,False,False,False,1,"[{""id"": ""obstacle_0"", ""kind"": ""static_obstacle"", ""x"": 50.0, ""y"": 50.0, ""radius"": 5.0}]"
safety_margin_confidence,305,61.0,0,74.256,54.682,94.0,90.0,50.0,50.0,,,false_negative+position_noise+confidence_error,,trust_weighted_fusion,move,confidence,1.378,0.0,,1,0,40.462,8.498,19.704,uav_1,8.498,False,False,False,False,False,1,"[{""id"": ""obstacle_0"", ""kind"": ""static_obstacle"", ""x"": 50.0, ""y"": 50.0, ""radius"": 5.0}]"
safety_margin_confidence,305,61.0,1,69.257,47.81,90.0,94.0,50.0,50.0,54.024,50.187,false_negative+position_noise+confidence_error,0.11,trust_weighted_fusion,avoidance,confidence,2.28,0.7799999999999998,,1,0,50.634,8.498,14.381,uav_0,8.498,False,False,False,False,False,1,"[{""id"": ""obstacle_0"", ""kind"": ""static_obstacle"", ""x"": 50.0, ""y"": 50.0, ""radius"": 5.0}]"
safety_margin_confidence,305,61.0,2,76.756,64.348,86.0,90.0,50.0,50.0,,,position_noise+confidence_error,,trust_weighted_fusion,move,confidence,1.518,0.018000000000000016,,2,0,27.267,9.984,25.36,uav_0,9.984,False,False,False,False,False,1,"[{""id"": ""obstacle_0"", ""kind"": ""static_obstacle"", ""x"": 50.0, ""y"": 50.0, ""radius"": 5.0}]"
safety_margin_confidence,305,61.0,3,83.402,73.42,90.0,86.0,50.0,50.0,,,position_noise+confidence_error,,trust_weighted_fusion,move,confidence,1.628,0.1279999999999999,,1,0,14.205,11.246,35.795,uav_2,11.246,False,False,False,False,False,1,"[{""id"": ""obstacle_0"", ""kind"": ""static_obstacle"", ""x"": 50.0, ""y"": 50.0, ""radius"": 5.0}]"
safety_margin_confidence,306,61.2,0,74.424,54.981,94.0,90.0,50.0,50.0,,,false_negative+position_noise+confidence_error,,trust_weighted_fusion,move,confidence,1.138,0.0,,1,0,40.119,8.528,19.926,uav_1,8.528,False,False,False,False,False,1,"[{""id"": ""obstacle_0"", ""kind"": ""static_obstacle"", ""x"": 50.0, ""y"": 50.0, ""radius"": 5.0}]"
safety_margin_confidence,306,61.2,1,69.457,48.049,90.0,94.0,50.0,50.0,51.302,50.808,false_negative+position_noise+confidence_error,0.365,trust_weighted_fusion,avoidance,confidence,1.77,0.27,,1,0,50.334,8.528,14.555,uav_0,8.528,False,False,False,False,False,1,"[{""id"": ""obstacle_0"", ""kind"": ""static_obstacle"", ""x"": 50.0, ""y"": 50.0, ""radius"": 5.0}]"
safety_margin_confidence,306,61.2,2,76.85,64.61,86.0,90.0,50.0,50.0,,,position_noise+confidence_error,,trust_weighted_fusion,move,confidence,2.426,0.9260000000000002,,2,0,26.988,9.93,25.568,uav_0,9.93,False,False,False,False,False,1,"[{""id"": ""obstacle_0"", ""kind"": ""static_obstacle"", ""x"": 50.0, ""y"": 50.0, ""radius"": 5.0}]"
safety_margin_confidence,306,61.2,3,83.588,73.774,90.0,86.0,50.0,50.0,,,false_negative+confidence_error,,trust_weighted_fusion,move,confidence,0.0,0.0,,0,0,13.805,11.374,36.151,uav_2,11.374,False,False,False,False,False,1,"[{""id"": ""obstacle_0"", ""kind"": ""static_obstacle"", ""x"": 50.0, ""y"": 50.0, ""radius"": 5.0}]"
safety_margin_confidence,307,61.4,0,74.567,55.238,94.0,90.0,50.0,50.0,,,position_noise+confidence_error,,trust_weighted_fusion,move,confidence,2.112,0.6120000000000001,,2,0,39.825,8.546,20.12,uav_1,8.546,False,False,False,False,False,1,"[{""id"": ""obstacle_0"", ""kind"": ""static_obstacle"", ""x"": 50.0, ""y"": 50.0, ""radius"": 5.0}]"
safety_margin_confidence,307,61.4,1,69.572,48.304,90.0,94.0,50.0,50.0,46.696,51.54,false_negative+position_noise+confidence_error,0.049,trust_weighted_fusion,move,confidence,2.402,0.9020000000000001,,1,0,50.054,8.546,14.645,uav_0,8.546,False,False,False,False,False,1,"[{""id"": ""obstacle_0"", ""kind"": ""static_obstacle"", ""x"": 50.0, ""y"": 50.0, ""radius"": 5.0}]"
safety_margin_confidence,307,61.4,2,76.967,64.933,86.0,90.0,50.0,50.0,,,false_negative+position_noise+confidence_error,,trust_weighted_fusion,move,confidence,1.124,0.0,,1,0,26.645,9.988,25.826,uav_0,9.988,False,False,False,False,False,1,"[{""id"": ""obstacle_0"", ""kind"": ""static_obstacle"", ""x"": 50.0, ""y"": 50.0, ""radius"": 5.0}]"
safety_margin_confidence,307,61.4,3,83.737,74.057,90.0,86.0,50.0,50.0,,,position_noise+confidence_error,,trust_weighted_fusion,move,confidence,1.6,0.10000000000000009,,1,0,13.485,11.361,36.436,uav_2,11.361,False,False,False,False,False,1,"[{""id"": ""obstacle_0"", ""kind"": ""static_obstacle"", ""x"": 50.0, ""y"": 50.0, ""radius"": 5.0}]"
safety_margin_confidence,308,61.6,0,74.748,55.561,94.0,90.0,50.0,50.0,,,false_negative+position_noise+confidence_error,,trust_weighted_fusion,move,confidence,0.61,0.0,,1,0,39.455,8.522,20.365,uav_1,8.522,False,False,False,False,False,1,"[{""id"": ""obstacle_0"", ""kind"": ""static_obstacle"", ""x"": 50.0, ""y"": 50.0, ""radius"": 5.0}]"
safety_margin_confidence,308,61.6,1,69.735,48.67,90.0,94.0,50.0,50.0,,,false_negative+confidence_error,,trust_weighted_fusion,move,confidence,0.0,0.0,,0,0,49.654,8.522,14.78,uav_0,8.522,False,False,False,False,False,1,"[{""id"": ""obstacle_0"", ""kind"": ""static_obstacle"", ""x"": 50.0, ""y"": 50.0, ""radius"": 5.0}]"
safety_margin_confidence,308,61.6,2,77.07,65.22,86.0,90.0,50.0,50.0,,,position_noise+confidence_error,,trust_weighted_fusion,move,confidence,1.904,0.4039999999999999,,2,0,26.34,9.935,26.056,uav_0,9.935,False,False,False,False,False,1,"[{""id"": ""obstacle_0"", ""kind"": ""static_obstacle"", ""x"": 50.0, ""y"": 50.0, ""radius"": 5.0}]"
safety_margin_confidence,308,61.6,3,83.923,74.411,90.0,86.0,50.0,50.0,,,false_negative+confidence_error,,trust_weighted_fusion,move,confidence,0.0,0.0,,0,0,13.085,11.465,36.793,uav_2,11.465,False,False,False,False,False,1,"[{""id"": ""obstacle_0"", ""kind"": ""static_obstacle"", ""x"": 50.0, ""y"": 50.0, ""radius"": 5.0}]"
safety_margin_confidence,309,61.8,0,74.911,55.854,94.0,90.0,50.0,50.0,,,false_negative+position_noise+confidence_error,,trust_weighted_fusion,move,confidence,1.288,0.0,,1,0,39.12,8.586,20.59,uav_1,8.586,False,False,False,False,False,1,"[{""id"": ""obstacle_0"", ""kind"": ""static_obstacle"", ""x"": 50.0, ""y"": 50.0, ""radius"": 5.0}]"
safety_margin_confidence,309,61.8,1,69.847,48.921,90.0,94.0,50.0,50.0,48.846,48.826,position_noise+confidence_error,0.0,trust_weighted_fusion,move,confidence,2.5,1.0,,2,0,49.379,8.586,14.876,uav_0,8.586,False,False,False,False,False,1,"[{""id"": ""obstacle_0"", ""kind"": ""static_obstacle"", ""x"": 50.0, ""y"": 50.0, ""radius"": 5.0}]"
safety_margin_confidence,309,61.8,2,77.172,65.502,86.0,90.0,50.0,50.0,,,position_noise+confidence_error,,trust_weighted_fusion,move,confidence,2.008,0.508,,2,0,26.04,9.909,26.283,uav_0,9.909,False,False,False,False,False,1,"[{""id"": ""obstacle_0"", ""kind"": ""static_obstacle"", ""x"": 50.0, ""y"": 50.0, ""radius"": 5.0}]"
safety_margin_confidence,309,61.8,3,84.076,74.704,90.0,86.0,50.0,50.0,,,position_noise+confidence_error,,trust_weighted_fusion,move,confidence,1.388,0.0,,1,0,12.755,11.504,37.089,uav_2,11.504,False,False,False,False,False,1,"[{""id"": ""obstacle_0"", ""kind"": ""static_obstacle"", ""x"": 50.0, ""y"": 50.0, ""radius"": 5.0}]"
safety_margin_confidence,310,62.0,0,75.068,56.134,94.0,90.0,50.0,50.0,,,false_negative+position_noise+confidence_error,,trust_weighted_fusion,move,confidence,1.584,0.08400000000000007,,1,0,38.799,8.629,20.807,uav_1,8.629,False,False,False,False,False,1,"[{""id"": ""obstacle_0"", ""kind"": ""static_obstacle"", ""x"": 50.0, ""y"": 50.0, ""radius"": 5.0}]"
safety_margin_confidence,310,62.0,1,69.962,49.177,90.0,94.0,50.0,50.0,46.783,51.584,false_negative+position_noise+confidence_error,0.061,trust_weighted_fusion,move,confidence,2.378,0.8780000000000001,,1,0,49.098,8.629,14.979,uav_0,8.629,False,False,False,False,False,1,"[{""id"": ""obstacle_0"", ""kind"": ""static_obstacle"", ""x"": 50.0, ""y"": 50.0, ""radius"": 5.0}]"
safety_margin_confidence,310,62.0,2,77.289,65.827,86.0,90.0,50.0,50.0,,,false_negative+position_noise+confidence_error,,trust_weighted_fusion,move,confidence,1.092,0.0,,1,0,25.695,9.944,26.546,uav_0,9.944,False,False,False,False,False,1,"[{""id"": ""obstacle_0"", ""kind"": ""static_obstacle"", ""x"": 50.0, ""y"": 50.0, ""radius"": 5.0}]"
safety_margin_confidence,310,62.0,3,84.262,75.058,90.0,86.0,50.0,50.0,,,false_negative+confidence_error,,trust_weighted_fusion,move,confidence,0.0,0.0,,0,0,12.355,11.569,37.448,uav_2,11.569,False,False,False,False,False,1,"[{""id"": ""obstacle_0"", ""kind"": ""static_obstacle"", ""x"": 50.0, ""y"": 50.0, ""radius"": 5.0}]"
safety_margin_confidence,311,62.2,0,75.263,56.483,94.0,90.0,50.0,50.0,,,false_negative+confidence_error,,trust_weighted_fusion,move,confidence,0.0,0.0,,0,0,38.399,8.635,21.082,uav_1,8.635,False,False,False,False,False,1,"[{""id"": ""obstacle_0"", ""kind"": ""static_obstacle"", ""x"": 50.0, ""y"": 50.0, ""radius"": 5.0}]"
safety_margin_confidence,311,62.2,1,70.125,49.542,90.0,94.0,50.0,50.0,,,false_negative+confidence_error,,trust_weighted_fusion,move,confidence,0.0,0.0,,0,0,48.698,8.635,15.13,uav_0,8.635,False,False,False,False,False,1,"[{""id"": ""obstacle_0"", ""kind"": ""static_obstacle"", ""x"": 50.0, ""y"": 50.0, ""radius"": 5.0}]"
safety_margin_confidence,311,62.2,2,77.392,66.114,86.0,90.0,50.0,50.0,,,false_negative+position_noise+confidence_error,,trust_weighted_fusion,move,confidence,1.904,0.4039999999999999,,1,0,25.39,9.863,26.78,uav_0,9.863,False,False,False,False,False,1,"[{""id"": ""obstacle_0"", ""kind"": ""static_obstacle"", ""x"": 50.0, ""y"": 50.0, ""radius"": 5.0}]"
safety_margin_confidence,311,62.2,3,84.448,75.413,90.0,86.0,50.0,50.0,,,false_negative+confidence_error,,trust_weighted_fusion,move,confidence,0.0,0.0,,0,0,11.955,11.673,37.807,uav_2,11.673,False,False,False,False,False,1,"[{""id"": ""obstacle_0"", ""kind"": ""static_obstacle"", ""x"": 50.0, ""y"": 50.0, ""radius"": 5.0}]"
safety_margin_confidence,312,62.4,0,75.419,56.762,94.0,90.0,50.0,50.0,,,position_noise+confidence_error,,trust_weighted_fusion,move,confidence,1.602,0.10200000000000009,,2,0,38.079,8.614,21.303,uav_1,8.614,False,False,False,False,False,1,"[{""id"": ""obstacle_0"", ""kind"": ""static_obstacle"", ""x"": 50.0, ""y"": 50.0, ""radius"": 5.0}]"
safety_margin_confidence,312,62.4,1,70.266,49.859,90.0,94.0,50.0,50.0,,,position_noise+confidence_error,,trust_weighted_fusion,move,confidence,1.066,0.0,,1,0,48.351,8.614,15.267,uav_0,8.614,False,False,False,False,False,1,"[{""id"": ""obstacle_0"", ""kind"": ""static_obstacle"", ""x"": 50.0, ""y"": 50.0, ""radius"": 5.0}]"
safety_margin_confidence,312,62.4,2,77.505,66.426,86.0,90.0,50.0,50.0,,,false_negative+position_noise+confidence_error,,trust_weighted_fusion,move,confidence,1.362,0.0,,1,0,25.058,9.886,27.036,uav_0,9.886,False,False,False,False,False,1,"[{""id"": ""obstacle_0"", ""kind"": ""static_obstacle"", ""x"": 50.0, ""y"": 50.0, ""radius"": 5.0}]"
safety_margin_confidence,312,62.4,3,84.597,75.697,90.0,86.0,50.0,50.0,,,position_noise+confidence_error,,trust_weighted_fusion,move,confidence,1.586,0.08600000000000008,,1,0,11.634,11.672,38.096,uav_2,11.672,False,False,False,False,False,1,"[{""id"": ""obstacle_0"", ""kind"": ""static_obstacle"", ""x"": 50.0, ""y"": 50.0, ""radius"": 5.0}]"
safety_margin_confidence,313,62.6,0,75.57,57.033,94.0,90.0,50.0,50.0,,,position_noise+confidence_error,,trust_weighted_fusion,move,confidence,1.796,0.29600000000000004,,2,0,37.769,8.614,21.52,uav_1,8.614,False,False,False,False,False,1,"[{""id"": ""obstacle_0"", ""kind"": ""static_obstacle"", ""x"": 50.0, ""y"": 50.0, ""radius"": 5.0}]"
safety_margin_confidence,313,62.6,1,70.395,50.147,90.0,94.0,50.0,50.0,,,position_noise+confidence_error,,trust_weighted_fusion,move,confidence,1.696,0.19599999999999995,,1,0,48.036,8.614,15.396,uav_0,8.614,False,False,False,False,False,1,"[{""id"": ""obstacle_0"", ""kind"": ""static_obstacle"", ""x"": 50.0, ""y"": 50.0, ""radius"": 5.0}]"
safety_margin_confidence,313,62.6,2,77.605,66.703,86.0,90.0,50.0,50.0,,,position_noise+confidence_error,,trust_weighted_fusion,move,confidence,2.118,0.6179999999999999,,2,0,24.764,9.881,27.264,uav_0,9.881,False,False,False,False,False,1,"[{""id"": ""obstacle_0"", ""kind"": ""static_obstacle"", ""x"": 50.0, ""y"": 50.0, ""radius"": 5.0}]"
safety_margin_confidence,313,62.6,3,84.782,76.051,90.0,86.0,50.0,50.0,,,false_negative+confidence_error,,trust_weighted_fusion,move,confidence,0.0,0.0,,0,0,11.234,11.786,38.457,uav_2,11.786,False,False,False,False,False,1,"[{""id"": ""obstacle_0"", ""kind"": ""static_obstacle"", ""x"": 50.0, ""y"": 50.0, ""radius"": 5.0}]"
safety_margin_confidence,314,62.8,0,75.712,57.287,94.0,90.0,50.0,50.0,,,false_negative+position_noise+confidence_error,,trust_weighted_fusion,move,confidence,2.184,0.6840000000000002,,1,0,37.478,8.578,21.725,uav_1,8.578,False,False,False,False,False,1,"[{""id"": ""obstacle_0"", ""kind"": ""static_obstacle"", ""x"": 50.0, ""y"": 50.0, ""radius"": 5.0}]"
safety_margin_confidence,314,62.8,1,70.531,50.451,90.0,94.0,50.0,50.0,,,position_noise+confidence_error,,trust_weighted_fusion,move,confidence,1.34,0.0,,1,0,47.703,8.578,15.536,uav_0,8.578,False,False,False,False,False,1,"[{""id"": ""obstacle_0"", ""kind"": ""static_obstacle"", ""x"": 50.0, ""y"": 50.0, ""radius"": 5.0}]"
safety_margin_confidence,314,62.8,2,77.704,66.978,86.0,90.0,50.0,50.0,,,position_noise+confidence_error,,trust_weighted_fusion,move,confidence,2.148,0.6480000000000001,,2,0,24.471,9.894,27.492,uav_0,9.894,False,False,False,False,False,1,"[{""id"": ""obstacle_0"", ""kind"": ""static_obstacle"", ""x"": 50.0, ""y"": 50.0, ""radius"": 5.0}]"
safety_margin_confidence,314,62.8,3,84.916,76.306,90.0,86.0,50.0,50.0,,,position_noise+confidence_error,,trust_weighted_fusion,move,confidence,2.238,0.738,,1,0,10.946,11.791,38.717,uav_2,11.791,False,False,False,False,False,1,"[{""id"": ""obstacle_0"", ""kind"": ""static_obstacle"", ""x"": 50.0, ""y"": 50.0, ""radius"": 5.0}]"
safety_margin_confidence,315,63.0,0,75.871,57.571,94.0,90.0,50.0,50.0,,,position_noise+confidence_error,,trust_weighted_fusion,move,confidence,1.488,0.0,,2,0,37.152,8.511,21.956,uav_1,8.511,False,False,False,False,False,1,"[{""id"": ""obstacle_0"", ""kind"": ""static_obstacle"", ""x"": 50.0, ""y"": 50.0, ""radius"": 5.0}]"
safety_margin_confidence,315,63.0,1,70.694,50.816,90.0,94.0,50.0,50.0,,,false_negative+confidence_error,,trust_weighted_fusion,move,confidence,0.0,0.0,,0,0,47.303,8.511,15.71,uav_0,8.511,False,False,False,False,False,1,"[{""id"": ""obstacle_0"", ""kind"": ""static_obstacle"", ""x"": 50.0, ""y"": 50.0, ""radius"": 5.0}]"
safety_margin_confidence,315,63.0,2,77.799,67.243,86.0,90.0,50.0,50.0,,,position_noise+confidence_error,,trust_weighted_fusion,move,confidence,2.368,0.8679999999999999,,2,0,24.19,9.862,27.713,uav_0,9.862,False,False,False,False,False,1,"[{""id"": ""obstacle_0"", ""kind"": ""static_obstacle"", ""x"": 50.0, ""y"": 50.0, ""radius"": 5.0}]"
safety_margin_confidence,315,63.0,3,85.067,76.593,90.0,86.0,50.0,50.0,,,position_noise+confidence_error,,trust_weighted_fusion,move,confidence,1.516,0.016000000000000014,,1,0,10.622,11.843,39.01,uav_2,11.843,False,False,False,False,False,1,"[{""id"": ""obstacle_0"", ""kind"": ""static_obstacle"", ""x"": 50.0, ""y"": 50.0, ""radius"": 5.0}]"
safety_margin_confidence,316,63.2,0,76.027,57.849,94.0,90.0,50.0,50.0,,,position_noise+confidence_error,,trust_weighted_fusion,move,confidence,1.63,0.1299999999999999,,2,0,36.834,8.437,22.184,uav_1,8.437,False,False,False,False,False,1,"[{""id"": ""obstacle_0"", ""kind"": ""static_obstacle"", ""x"": 50.0, ""y"": 50.0, ""radius"": 5.0}]"
safety_margin_confidence,316,63.2,1,70.858,51.181,90.0,94.0,50.0,50.0,,,false_negative+confidence_error,,trust_weighted_fusion,move,confidence,0.0,0.0,,0,0,46.903,8.437,15.891,uav_0,8.437,False,False,False,False,False,1,"[{""id"": ""obstacle_0"", ""kind"": ""static_obstacle"", ""x"": 50.0, ""y"": 50.0, ""radius"": 5.0}]"
safety_margin_confidence,316,63.2,2,77.895,67.51,86.0,90.0,50.0,50.0,,,position_noise+confidence_error,,trust_weighted_fusion,move,confidence,2.324,0.8239999999999998,,2,0,23.906,9.84,27.935,uav_0,9.84,False,False,False,False,False,1,"[{""id"": ""obstacle_0"", ""kind"": ""static_obstacle"", ""x"": 50.0, ""y"": 50.0, ""radius"": 5.0}]"
safety_margin_confidence,316,63.2,3,85.213,76.871,90.0,86.0,50.0,50.0,,,position_noise+confidence_error,,trust_weighted_fusion,move,confidence,1.722,0.22199999999999998,,1,0,10.308,11.882,39.294,uav_2,11.882,False,False,False,False,False,1,"[{""id"": ""obstacle_0"", ""kind"": ""static_obstacle"", ""x"": 50.0, ""y"": 50.0, ""radius"": 5.0}]"
safety_margin_confidence,317,63.4,0,76.193,58.147,94.0,90.0,50.0,50.0,,,false_negative+position_noise+confidence_error,,trust_weighted_fusion,move,confidence,1.182,0.0,,1,0,36.493,8.448,22.431,uav_1,8.448,False,False,False,False,False,1,"[{""id"": ""obstacle_0"", ""kind"": ""static_obstacle"", ""x"": 50.0, ""y"": 50.0, ""radius"": 5.0}]"
safety_margin_confidence,317,63.4,1,70.994,51.487,90.0,94.0,50.0,50.0,,,position_noise+confidence_error,,trust_weighted_fusion,move,confidence,1.288,0.0,,1,0,46.568,8.448,16.047,uav_0,8.448,False,False,False,False,False,1,"[{""id"": ""obstacle_0"", ""kind"": ""static_obstacle"", ""x"": 50.0, ""y"": 50.0, ""radius"": 5.0}]"
safety_margin_confidence,317,63.4,2,77.992,67.778,86.0,90.0,50.0,50.0,,,position_noise+confidence_error,,trust_weighted_fusion,move,confidence,2.304,0.8039999999999998,,2,0,23.621,9.798,28.16,uav_0,9.798,False,False,False,False,False,1,"[{""id"": ""obstacle_0"", ""kind"": ""static_obstacle"", ""x"": 50.0, ""y"": 50.0, ""radius"": 5.0}]"
safety_margin_confidence,317,63.4,3,85.398,77.225,90.0,86.0,50.0,50.0,,,false_negative+confidence_error,,trust_weighted_fusion,move,confidence,0.0,0.0,,0,0,9.908,12.005,39.657,uav_2,12.005,False,False,False,False,False,1,"[{""id"": ""obstacle_0"", ""kind"": ""static_obstacle"", ""x"": 50.0, ""y"": 50.0, ""radius"": 5.0}]"
safety_margin_confidence,318,63.6,0,76.345,58.418,94.0,90.0,50.0,50.0,,,false_negative+position_noise+confidence_error,,trust_weighted_fusion,move,confidence,1.786,0.28600000000000003,,1,0,36.182,8.429,22.657,uav_1,8.429,False,False,False,False,False,1,"[{""id"": ""obstacle_0"", ""kind"": ""static_obstacle"", ""x"": 50.0, ""y"": 50.0, ""radius"": 5.0}]"
safety_margin_confidence,318,63.6,1,71.132,51.794,90.0,94.0,50.0,50.0,,,position_noise+confidence_error,,trust_weighted_fusion,move,confidence,1.284,0.0,,1,0,46.232,8.429,16.208,uav_0,8.429,False,False,False,False,False,1,"[{""id"": ""obstacle_0"", ""kind"": ""static_obstacle"", ""x"": 50.0, ""y"": 50.0, ""radius"": 5.0}]"
safety_margin_confidence,318,63.6,2,78.09,68.049,86.0,90.0,50.0,50.0,,,position_noise+confidence_error,,trust_weighted_fusion,move,confidence,2.234,0.734,,2,0,23.333,9.788,28.389,uav_0,9.788,False,False,False,False,False,1,"[{""id"": ""obstacle_0"", ""kind"": ""static_obstacle"", ""x"": 50.0, ""y"": 50.0, ""radius"": 5.0}]"
safety_margin_confidence,318,63.6,3,85.54,77.496,90.0,86.0,50.0,50.0,,,position_noise+confidence_error,,trust_weighted_fusion,move,confidence,1.888,0.3879999999999999,,1,0,9.602,12.032,39.935,uav_2,12.032,False,False,False,False,False,1,"[{""id"": ""obstacle_0"", ""kind"": ""static_obstacle"", ""x"": 50.0, ""y"": 50.0, ""radius"": 5.0}]"
safety_margin_confidence,319,63.8,0,76.498,58.692,94.0,90.0,50.0,50.0,,,false_negative+position_noise+confidence_error,,trust_weighted_fusion,move,confidence,1.72,0.21999999999999997,,1,0,35.868,8.434,22.887,uav_1,8.434,False,False,False,False,False,1,"[{""id"": ""obstacle_0"", ""kind"": ""static_obstacle"", ""x"": 50.0, ""y"": 50.0, ""radius"": 5.0}]"
safety_margin_confidence,319,63.8,1,71.26,52.081,90.0,94.0,50.0,50.0,,,position_noise+confidence_error,,trust_weighted_fusion,move,confidence,1.708,0.20799999999999996,,1,0,45.917,8.434,16.362,uav_0,8.434,False,False,False,False,False,1,"[{""id"": ""obstacle_0"", ""kind"": ""static_obstacle"", ""x"": 50.0, ""y"": 50.0, ""radius"": 5.0}]"
safety_margin_confidence,319,63.8,2,78.189,68.326,86.0,90.0,50.0,50.0,,,position_noise+confidence_error,,trust_weighted_fusion,move,confidence,2.118,0.6179999999999999,,2,0,23.039,9.781,28.622,uav_0,9.781,False,False,False,False,False,1,"[{""id"": ""obstacle_0"", ""kind"": ""static_obstacle"", ""x"": 50.0, ""y"": 50.0, ""radius"": 5.0}]"
safety_margin_confidence,319,63.8,3,85.696,77.792,90.0,86.0,50.0,50.0,,,position_noise+confidence_error,,trust_weighted_fusion,move,confidence,1.314,0.0,,1,0,9.268,12.081,40.239,uav_2,12.081,False,False,False,False,False,1,"[{""id"": ""obstacle_0"", ""kind"": ""static_obstacle"", ""x"": 50.0, ""y"": 50.0, ""radius"": 5.0}]"
safety_margin_confidence,320,64.0,0,76.657,58.977,94.0,90.0,50.0,50.0,,,position_noise+confidence_error,,trust_weighted_fusion,move,confidence,1.472,0.0,,2,0,35.542,8.454,23.128,uav_1,8.454,False,False,False,False,False,1,"[{""id"": ""obstacle_0"", ""kind"": ""static_obstacle"", ""x"": 50.0, ""y"": 50.0, ""radius"": 5.0}]"
safety_margin_confidence,320,64.0,1,71.387,52.366,90.0,94.0,50.0,50.0,,,position_noise+confidence_error,,trust_weighted_fusion,move,confidence,1.758,0.258,,1,0,45.605,8.454,16.518,uav_0,8.454,False,False,False,False,False,1,"[{""id"": ""obstacle_0"", ""kind"": ""static_obstacle"", ""x"": 50.0, ""y"": 50.0, ""radius"": 5.0}]"
safety_margin_confidence,320,64.0,2,78.325,68.702,86.0,90.0,50.0,50.0,,,false_negative+confidence_error,,trust_weighted_fusion,move,confidence,0.0,0.0,,0,0,22.639,9.867,28.942,uav_0,9.867,False,False,False,False,False,1,"[{""id"": ""obstacle_0"", ""kind"": ""static_obstacle"", ""x"": 50.0, ""y"": 50.0, ""radius"": 5.0}]"
safety_margin_confidence,320,64.0,3,85.841,78.07,90.0,86.0,50.0,50.0,,,position_noise+confidence_error,,trust_weighted_fusion,move,confidence,1.72,0.21999999999999997,,1,0,8.954,12.011,40.525,uav_2,12.011,False,False,False,False,False,1,"[{""id"": ""obstacle_0"", ""kind"": ""static_obstacle"", ""x"": 50.0, ""y"": 50.0, ""radius"": 5.0}]"
safety_margin_confidence,321,64.2,0,76.852,59.326,94.0,90.0,50.0,50.0,,,false_negative+confidence_error,,trust_weighted_fusion,move,confidence,0.0,0.0,,0,0,35.142,8.547,23.426,uav_1,8.547,False,False,False,False,False,1,"[{""id"": ""obstacle_0"", ""kind"": ""static_obstacle"", ""x"": 50.0, ""y"": 50.0, ""radius"": 5.0}]"
safety_margin_confidence,321,64.2,1,71.514,52.65,90.0,94.0,50.0,50.0,,,position_noise+confidence_error,,trust_weighted_fusion,move,confidence,1.774,0.274,,1,0,45.294,8.547,16.677,uav_0,8.547,False,False,False,False,False,1,"[{""id"": ""obstacle_0"", ""kind"": ""static_obstacle"", ""x"": 50.0, ""y"": 50.0, ""radius"": 5.0}]"
safety_margin_confidence,321,64.2,2,78.461,69.078,86.0,90.0,50.0,50.0,,,false_negative+confidence_error,,trust_weighted_fusion,move,confidence,0.0,0.0,,0,0,22.239,9.884,29.263,uav_0,9.884,False,False,False,False,False,1,"[{""id"": ""obstacle_0"", ""kind"": ""static_obstacle"", ""x"": 50.0, ""y"": 50.0, ""radius"": 5.0}]"
safety_margin_confidence,321,64.2,3,86.027,78.424,90.0,86.0,50.0,50.0,,,false_negative+confidence_error,,trust_weighted_fusion,move,confidence,0.0,0.0,,0,0,8.554,12.025,40.89,uav_2,12.025,False,False,False,False,False,1,"[{""id"": ""obstacle_0"", ""kind"": ""static_obstacle"", ""x"": 50.0, ""y"": 50.0, ""radius"": 5.0}]"
safety_margin_confidence,322,64.4,0,77.012,59.612,94.0,90.0,50.0,50.0,,,false_negative+position_noise+confidence_error,,trust_weighted_fusion,move,confidence,1.45,0.0,,1,0,34.814,8.483,23.671,uav_1,8.483,False,False,False,False,False,1,"[{""id"": ""obstacle_0"", ""kind"": ""static_obstacle"", ""x"": 50.0, ""y"": 50.0, ""radius"": 5.0}]"
safety_margin_confidence,322,64.4,1,71.678,53.015,90.0,94.0,50.0,50.0,,,false_negative+confidence_error,,trust_weighted_fusion,move,confidence,0.0,0.0,,0,0,44.894,8.483,16.886,uav_0,8.483,False,False,False,False,False,1,"[{""id"": ""obstacle_0"", ""kind"": ""static_obstacle"", ""x"": 50.0, ""y"": 50.0, ""radius"": 5.0}]"
safety_margin_confidence,322,64.4,2,78.566,69.37,86.0,90.0,50.0,50.0,,,position_noise+confidence_error,,trust_weighted_fusion,move,confidence,1.804,0.30400000000000005,,2,0,21.929,9.881,29.513,uav_0,9.881,False,False,False,False,False,1,"[{""id"": ""obstacle_0"", ""kind"": ""static_obstacle"", ""x"": 50.0, ""y"": 50.0, ""radius"": 5.0}]"
safety_margin_confidence,322,64.4,3,86.186,78.728,90.0,86.0,50.0,50.0,,,position_noise+confidence_error,,trust_weighted_fusion,move,confidence,1.144,0.0,,1,0,8.211,12.069,41.203,uav_2,12.069,False,False,False,False,False,1,"[{""id"": ""obstacle_0"", ""kind"": ""static_obstacle"", ""x"": 50.0, ""y"": 50.0, ""radius"": 5.0}]"
safety_margin_confidence,323,64.6,0,77.183,59.917,94.0,90.0,50.0,50.0,,,position_noise+confidence_error,,trust_weighted_fusion,move,confidence,1.0,0.0,,2,0,34.464,8.502,23.935,uav_1,8.502,False,False,False,False,False,1,"[{""id"": ""obstacle_0"", ""kind"": ""static_obstacle"", ""x"": 50.0, ""y"": 50.0, ""radius"": 5.0}]"
safety_margin_confidence,323,64.6,1,71.815,53.323,90.0,94.0,50.0,50.0,,,position_noise+confidence_error,,trust_weighted_fusion,move,confidence,1.252,0.0,,1,0,44.556,8.502,17.067,uav_0,8.502,False,False,False,False,False,1,"[{""id"": ""obstacle_0"", ""kind"": ""static_obstacle"", ""x"": 50.0, ""y"": 50.0, ""radius"": 5.0}]"
safety_margin_confidence,323,64.6,2,78.701,69.746,86.0,90.0,50.0,50.0,,,false_negative+confidence_error,,trust_weighted_fusion,move,confidence,0.0,0.0,,0,0,21.529,9.945,29.838,uav_0,9.945,False,False,False,False,False,1,"[{""id"": ""obstacle_0"", ""kind"": ""static_obstacle"", ""x"": 50.0, ""y"": 50.0, ""radius"": 5.0}]"
safety_margin_confidence,323,64.6,3,86.372,79.082,90.0,86.0,50.0,50.0,,,false_negative+confidence_error,,trust_weighted_fusion,move,confidence,0.0,0.0,,0,0,7.811,12.083,41.569,uav_2,12.083,False,False,False,False,False,1,"[{""id"": ""obstacle_0"", ""kind"": ""static_obstacle"", ""x"": 50.0, ""y"": 50.0, ""radius"": 5.0}]"
safety_margin_confidence,324,64.8,0,77.342,60.203,94.0,90.0,50.0,50.0,,,false_negative+position_noise+confidence_error,,trust_weighted_fusion,move,confidence,1.464,0.0,,1,0,34.137,8.528,24.184,uav_1,8.528,False,False,False,False,False,1,"[{""id"": ""obstacle_0"", ""kind"": ""static_obstacle"", ""x"": 50.0, ""y"": 50.0, ""radius"": 5.0}]"
safety_margin_confidence,324,64.8,1,71.941,53.604,90.0,94.0,50.0,50.0,,,position_noise+confidence_error,,trust_weighted_fusion,move,confidence,1.858,0.3580000000000001,,1,0,44.249,8.528,17.235,uav_0,8.528,False,False,False,False,False,1,"[{""id"": ""obstacle_0"", ""kind"": ""static_obstacle"", ""x"": 50.0, ""y"": 50.0, ""radius"": 5.0}]"
safety_margin_confidence,324,64.8,2,78.804,70.03,86.0,90.0,50.0,50.0,,,position_noise+confidence_error,,trust_weighted_fusion,move,confidence,1.958,0.45799999999999996,,2,0,21.227,9.936,30.084,uav_0,9.936,False,False,False,False,False,1,"[{""id"": ""obstacle_0"", ""kind"": ""static_obstacle"", ""x"": 50.0, ""y"": 50.0, ""radius"": 5.0}]"
safety_margin_confidence,324,64.8,3,86.528,79.379,90.0,86.0,50.0,50.0,,,position_noise+confidence_error,,trust_weighted_fusion,move,confidence,1.308,0.0,,1,0,7.477,12.126,41.876,uav_2,12.126,False,False,False,False,False,1,"[{""id"": ""obstacle_0"", ""kind"": ""static_obstacle"", ""x"": 50.0, ""y"": 50.0, ""radius"": 5.0}]"
safety_margin_confidence,325,65.0,0,77.538,60.552,94.0,90.0,50.0,50.0,,,dropout+confidence_error,,trust_weighted_fusion,move,confidence,0.0,0.0,,0,0,33.737,8.536,24.49,uav_1,8.536,False,False,False,False,False,1,"[{""id"": ""obstacle_0"", ""kind"": ""static_obstacle"", ""x"": 50.0, ""y"": 50.0, ""radius"": 5.0}]"
safety_margin_confidence,325,65.0,1,72.104,53.969,90.0,94.0,50.0,50.0,,,false_negative+confidence_error,,trust_weighted_fusion,move,confidence,0.0,0.0,,0,0,43.849,8.536,17.457,uav_0,8.536,False,False,False,False,False,1,"[{""id"": ""obstacle_0"", ""kind"": ""static_obstacle"", ""x"": 50.0, ""y"": 50.0, ""radius"": 5.0}]"
safety_margin_confidence,325,65.0,2,78.93,70.382,86.0,90.0,50.0,50.0,,,false_negative+position_noise+confidence_error,,trust_weighted_fusion,move,confidence,0.52,0.0,,1,0,20.853,9.929,30.389,uav_0,9.929,False,False,False,False,False,1,"[{""id"": ""obstacle_0"", ""kind"": ""static_obstacle"", ""x"": 50.0, ""y"": 50.0, ""radius"": 5.0}]"
safety_margin_confidence,325,65.0,3,86.673,79.655,90.0,86.0,50.0,50.0,,,position_noise+confidence_error,,trust_weighted_fusion,move,confidence,1.754,0.254,,1,0,7.164,12.08,42.163,uav_2,12.08,False,False,False,False,False,1,"[{""id"": ""obstacle_0"", ""kind"": ""static_obstacle"", ""x"": 50.0, ""y"": 50.0, ""radius"": 5.0}]"
safety_margin_confidence,326,65.2,0,77.733,60.901,94.0,90.0,50.0,50.0,,,dropout+confidence_error,,trust_weighted_fusion,move,confidence,0.0,0.0,,0,0,33.337,8.618,24.798,uav_1,8.618,False,False,False,False,False,1,"[{""id"": ""obstacle_0"", ""kind"": ""static_obstacle"", ""x"": 50.0, ""y"": 50.0, ""radius"": 5.0}]"
safety_margin_confidence,326,65.2,1,72.236,54.264,90.0,94.0,50.0,50.0,,,position_noise+confidence_error,,trust_weighted_fusion,move,confidence,1.538,0.038000000000000034,,1,0,43.526,8.618,17.641,uav_0,8.618,False,False,False,False,False,1,"[{""id"": ""obstacle_0"", ""kind"": ""static_obstacle"", ""x"": 50.0, ""y"": 50.0, ""radius"": 5.0}]"
safety_margin_confidence,326,65.2,2,79.038,70.68,86.0,90.0,50.0,50.0,,,false_negative+position_noise+confidence_error,,trust_weighted_fusion,move,confidence,1.66,0.15999999999999992,,1,0,20.536,9.866,30.649,uav_0,9.866,False,False,False,False,False,1,"[{""id"": ""obstacle_0"", ""kind"": ""static_obstacle"", ""x"": 50.0, ""y"": 50.0, ""radius"": 5.0}]"
safety_margin_confidence,326,65.2,3,86.819,79.933,90.0,86.0,50.0,50.0,,,position_noise+confidence_error,,trust_weighted_fusion,move,confidence,1.718,0.21799999999999997,,1,0,6.85,12.09,42.451,uav_2,12.09,False,False,False,False,False,1,"[{""id"": ""obstacle_0"", ""kind"": ""static_obstacle"", ""x"": 50.0, ""y"": 50.0, ""radius"": 5.0}]"
safety_margin_confidence,327,65.4,0,77.928,61.25,94.0,90.0,50.0,50.0,,,dropout+confidence_error,,trust_weighted_fusion,move,confidence,0.0,0.0,,0,0,32.937,8.704,25.109,uav_1,8.704,False,False,False,False,False,1,"[{""id"": ""obstacle_0"", ""kind"": ""static_obstacle"", ""x"": 50.0, ""y"": 50.0, ""radius"": 5.0}]"
safety_margin_confidence,327,65.4,1,72.366,54.555,90.0,94.0,50.0,50.0,,,position_noise+confidence_error,,trust_weighted_fusion,move,confidence,1.624,0.12400000000000011,,1,0,43.207,8.704,17.825,uav_0,8.704,False,False,False,False,False,1,"[{""id"": ""obstacle_0"", ""kind"": ""static_obstacle"", ""x"": 50.0, ""y"": 50.0, ""radius"": 5.0}]"
safety_margin_confidence,327,65.4,2,79.139,70.962,86.0,90.0,50.0,50.0,,,position_noise+confidence_error,,trust_weighted_fusion,move,confidence,2.018,0.5179999999999998,,2,0,20.237,9.787,30.896,uav_0,9.787,False,False,False,False,False,1,"[{""id"": ""obstacle_0"", ""kind"": ""static_obstacle"", ""x"": 50.0, ""y"": 50.0, ""radius"": 5.0}]"
safety_margin_confidence,327,65.4,3,86.953,80.19,90.0,86.0,50.0,50.0,,,position_noise+confidence_error,,trust_weighted_fusion,move,confidence,2.196,0.6960000000000002,,1,0,6.56,12.092,42.718,uav_2,12.092,False,False,False,False,False,1,"[{""id"": ""obstacle_0"", ""kind"": ""static_obstacle"", ""x"": 50.0, ""y"": 50.0, ""radius"": 5.0}]"
safety_margin_confidence,328,65.6,0,78.123,61.599,94.0,90.0,50.0,50.0,,,dropout+confidence_error,,trust_weighted_fusion,move,confidence,0.0,0.0,,0,0,32.537,8.824,25.421,uav_1,8.824,False,False,False,False,False,1,"[{""id"": ""obstacle_0"", ""kind"": ""static_obstacle"", ""x"": 50.0, ""y"": 50.0, ""radius"": 5.0}]"
safety_margin_confidence,328,65.6,1,72.482,54.814,90.0,94.0,50.0,50.0,,,position_noise+confidence_error,,trust_weighted_fusion,move,confidence,2.316,0.8159999999999998,,1,0,42.923,8.824,17.992,uav_0,8.824,False,False,False,False,False,1,"[{""id"": ""obstacle_0"", ""kind"": ""static_obstacle"", ""x"": 50.0, ""y"": 50.0, ""radius"": 5.0}]"
safety_margin_confidence,328,65.6,2,79.256,71.286,86.0,90.0,50.0,50.0,,,false_negative+position_noise+confidence_error,,trust_weighted_fusion,move,confidence,1.106,0.0,,1,0,19.892,9.753,31.18,uav_0,9.753,False,False,False,False,False,1,"[{""id"": ""obstacle_0"", ""kind"": ""static_obstacle"", ""x"": 50.0, ""y"": 50.0, ""radius"": 5.0}]"
safety_margin_confidence,328,65.6,3,87.103,80.475,90.0,86.0,50.0,50.0,,,position_noise+confidence_error,,trust_weighted_fusion,move,confidence,1.568,0.06800000000000006,,1,0,6.238,12.083,43.014,uav_2,12.083,False,False,False,False,False,1,"[{""id"": ""obstacle_0"", ""kind"": ""static_obstacle"", ""x"": 50.0, ""y"": 50.0, ""radius"": 5.0}]"
safety_margin_confidence,329,65.8,0,78.318,61.948,94.0,90.0,50.0,50.0,,,dropout+confidence_error,,trust_weighted_fusion,move,confidence,0.0,0.0,,0,0,32.137,8.921,25.736,uav_1,8.921,False,False,False,False,False,1,"[{""id"": ""obstacle_0"", ""kind"": ""static_obstacle"", ""x"": 50.0, ""y"": 50.0, ""radius"": 5.0}]"
safety_margin_confidence,329,65.8,1,72.607,55.095,90.0,94.0,50.0,50.0,,,position_noise+confidence_error,,trust_weighted_fusion,move,confidence,1.856,0.3560000000000001,,1,0,42.616,8.921,18.174,uav_0,8.921,False,False,False,False,False,1,"[{""id"": ""obstacle_0"", ""kind"": ""static_obstacle"", ""x"": 50.0, ""y"": 50.0, ""radius"": 5.0}]"
safety_margin_confidence,329,65.8,2,79.366,71.59,86.0,90.0,50.0,50.0,,,position_noise+confidence_error,,trust_weighted_fusion,move,confidence,1.546,0.04600000000000004,,2,0,19.569,9.698,31.448,uav_0,9.698,False,False,False,False,False,1,"[{""id"": ""obstacle_0"", ""kind"": ""static_obstacle"", ""x"": 50.0, ""y"": 50.0, ""radius"": 5.0}]"
safety_margin_confidence,329,65.8,3,87.254,80.764,90.0,86.0,50.0,50.0,,,position_noise+confidence_error,,trust_weighted_fusion,move,confidence,1.486,0.0,,1,0,5.913,12.099,43.314,uav_2,12.099,False,False,False,False,False,1,"[{""id"": ""obstacle_0"", ""kind"": ""static_obstacle"", ""x"": 50.0, ""y"": 50.0, ""radius"": 5.0}]"
safety_margin_confidence,330,66.0,0,78.47,62.219,94.0,90.0,50.0,50.0,,,false_negative+position_noise+confidence_error,,trust_weighted_fusion,move,confidence,1.788,0.28800000000000003,,1,0,31.827,8.901,25.981,uav_1,8.901,False,False,False,False,False,1,"[{""id"": ""obstacle_0"", ""kind"": ""static_obstacle"", ""x"": 50.0, ""y"": 50.0, ""radius"": 5.0}]"
safety_margin_confidence,330,66.0,1,72.745,55.404,90.0,94.0,50.0,50.0,,,position_noise+confidence_error,,trust_weighted_fusion,move,confidence,1.236,0.0,,1,0,42.278,8.901,18.378,uav_0,8.901,False,False,False,False,False,1,"[{""id"": ""obstacle_0"", ""kind"": ""static_obstacle"", ""x"": 50.0, ""y"": 50.0, ""radius"": 5.0}]"
safety_margin_confidence,330,66.0,2,79.465,71.864,86.0,90.0,50.0,50.0,,,false_negative+position_noise+confidence_error,,trust_weighted_fusion,move,confidence,2.156,0.6560000000000001,,1,0,19.277,9.696,31.691,uav_0,9.696,False,False,False,False,False,1,"[{""id"": ""obstacle_0"", ""kind"": ""static_obstacle"", ""x"": 50.0, ""y"": 50.0, ""radius"": 5.0}]"
safety_margin_confidence,330,66.0,3,87.407,81.056,90.0,86.0,50.0,50.0,,,position_noise+confidence_error,,trust_weighted_fusion,move,confidence,1.408,0.0,,1,0,5.583,12.147,43.618,uav_2,12.147,False,False,False,False,False,1,"[{""id"": ""obstacle_0"", ""kind"": ""static_obstacle"", ""x"": 50.0, ""y"": 50.0, ""radius"": 5.0}]"
safety_margin_confidence,331,66.2,0,78.637,62.518,94.0,90.0,50.0,50.0,,,position_noise+confidence_error,,trust_weighted_fusion,move,confidence,1.156,0.0,,2,0,31.485,8.912,26.253,uav_1,8.912,False,False,False,False,False,1,"[{""id"": ""obstacle_0"", ""kind"": ""static_obstacle"", ""x"": 50.0, ""y"": 50.0, ""radius"": 5.0}]"
safety_margin_confidence,331,66.2,1,72.883,55.713,90.0,94.0,50.0,50.0,,,position_noise+confidence_error,,trust_weighted_fusion,move,confidence,1.232,0.0,,1,0,41.939,8.912,18.586,uav_0,8.912,False,False,False,False,False,1,"[{""id"": ""obstacle_0"", ""kind"": ""static_obstacle"", ""x"": 50.0, ""y"": 50.0, ""radius"": 5.0}]"
safety_margin_confidence,331,66.2,2,79.58,72.184,86.0,90.0,50.0,50.0,,,false_negative+position_noise+confidence_error,,trust_weighted_fusion,move,confidence,1.212,0.0,,1,0,18.938,9.712,31.974,uav_0,9.712,False,False,False,False,False,1,"[{""id"": ""obstacle_0"", ""kind"": ""static_obstacle"", ""x"": 50.0, ""y"": 50.0, ""radius"": 5.0}]"
safety_margin_confidence,331,66.2,3,87.593,81.41,90.0,86.0,50.0,50.0,,,false_negative+confidence_error,,trust_weighted_fusion,move,confidence,0.0,0.0,,0,0,5.183,12.22,43.988,uav_2,12.22,False,False,False,False,False,1,"[{""id"": ""obstacle_0"", ""kind"": ""static_obstacle"", ""x"": 50.0, ""y"": 50.0, ""radius"": 5.0}]"
safety_margin_confidence,332,66.4,0,78.832,62.867,94.0,90.0,50.0,50.0,,,false_negative+confidence_error,,trust_weighted_fusion,move,confidence,0.0,0.0,,0,0,31.085,8.92,26.573,uav_1,8.92,False,False,False,False,False,1,"[{""id"": ""obstacle_0"", ""kind"": ""static_obstacle"", ""x"": 50.0, ""y"": 50.0, ""radius"": 5.0}]"
safety_margin_confidence,332,66.4,1,73.047,56.078,90.0,94.0,50.0,50.0,,,false_negative+confidence_error,,trust_weighted_fusion,move,confidence,0.0,0.0,,0,0,41.539,8.92,18.835,uav_0,8.92,False,False,False,False,False,1,"[{""id"": ""obstacle_0"", ""kind"": ""static_obstacle"", ""x"": 50.0, ""y"": 50.0, ""radius"": 5.0}]"
safety_margin_confidence,332,66.4,2,79.715,72.56,86.0,90.0,50.0,50.0,,,false_negative+confidence_error,,trust_weighted_fusion,move,confidence,0.0,0.0,,0,0,18.538,9.733,32.309,uav_0,9.733,False,False,False,False,False,1,"[{""id"": ""obstacle_0"", ""kind"": ""static_obstacle"", ""x"": 50.0, ""y"": 50.0, ""radius"": 5.0}]"
safety_margin_confidence,332,66.4,3,87.779,81.764,90.0,86.0,50.0,50.0,,,false_negative+confidence_error,,trust_weighted_fusion,move,confidence,0.0,0.0,,0,0,4.783,12.236,44.358,uav_2,12.236,False,False,False,False,False,1,"[{""id"": ""obstacle_0"", ""kind"": ""static_obstacle"", ""x"": 50.0, ""y"": 50.0, ""radius"": 5.0}]"
safety_margin_confidence,333,66.6,0,78.977,63.127,94.0,90.0,50.0,50.0,,,false_negative+position_noise+confidence_error,,trust_weighted_fusion,move,confidence,2.042,0.5419999999999998,,1,0,30.787,8.884,26.812,uav_1,8.884,False,False,False,False,False,1,"[{""id"": ""obstacle_0"", ""kind"": ""static_obstacle"", ""x"": 50.0, ""y"": 50.0, ""radius"": 5.0}]"
safety_margin_confidence,333,66.6,1,73.186,56.39,90.0,94.0,50.0,50.0,,,position_noise+confidence_error,,trust_weighted_fusion,move,confidence,1.158,0.0,,1,0,41.197,8.884,19.051,uav_0,8.884,False,False,False,False,False,1,"[{""id"": ""obstacle_0"", ""kind"": ""static_obstacle"", ""x"": 50.0, ""y"": 50.0, ""radius"": 5.0}]"
safety_margin_confidence,333,66.6,2,79.827,72.87,86.0,90.0,50.0,50.0,,,false_negative+position_noise+confidence_error,,trust_weighted_fusion,move,confidence,1.406,0.0,,1,0,18.208,9.78,32.586,uav_0,9.78,False,False,False,False,False,1,"[{""id"": ""obstacle_0"", ""kind"": ""static_obstacle"", ""x"": 50.0, ""y"": 50.0, ""radius"": 5.0}]"
safety_margin_confidence,333,66.6,3,87.925,82.043,90.0,86.0,50.0,50.0,,,position_noise+confidence_error,,trust_weighted_fusion,move,confidence,1.708,0.20799999999999996,,1,0,4.469,12.235,44.649,uav_2,12.235,False,False,False,False,False,1,"[{""id"": ""obstacle_0"", ""kind"": ""static_obstacle"", ""x"": 50.0, ""y"": 50.0, ""radius"": 5.0}]"
safety_margin_confidence,334,66.8,0,79.125,63.391,94.0,90.0,50.0,50.0,,,position_noise+confidence_error,,trust_weighted_fusion,move,confidence,1.964,0.46399999999999997,,2,0,30.485,8.896,27.055,uav_1,8.896,False,False,False,False,False,1,"[{""id"": ""obstacle_0"", ""kind"": ""static_obstacle"", ""x"": 50.0, ""y"": 50.0, ""radius"": 5.0}]"
safety_margin_confidence,334,66.8,1,73.307,56.661,90.0,94.0,50.0,50.0,,,position_noise+confidence_error,,trust_weighted_fusion,move,confidence,2.07,0.5699999999999998,,1,0,40.901,8.896,19.24,uav_0,8.896,False,False,False,False,False,1,"[{""id"": ""obstacle_0"", ""kind"": ""static_obstacle"", ""x"": 50.0, ""y"": 50.0, ""radius"": 5.0}]"
safety_margin_confidence,334,66.8,2,79.93,73.156,86.0,90.0,50.0,50.0,,,false_negative+position_noise+confidence_error,,trust_weighted_fusion,move,confidence,1.934,0.43399999999999994,,1,0,17.905,9.798,32.842,uav_0,9.798,False,False,False,False,False,1,"[{""id"": ""obstacle_0"", ""kind"": ""static_obstacle"", ""x"": 50.0, ""y"": 50.0, ""radius"": 5.0}]"
safety_margin_confidence,334,66.8,3,88.11,82.397,90.0,86.0,50.0,50.0,,,false_negative+confidence_error,,trust_weighted_fusion,move,confidence,0.0,0.0,,0,0,4.069,12.342,45.02,uav_2,12.342,False,False,False,False,False,1,"[{""id"": ""obstacle_0"", ""kind"": ""static_obstacle"", ""x"": 50.0, ""y"": 50.0, ""radius"": 5.0}]"
safety_margin_confidence,335,67.0,0,79.262,63.636,94.0,90.0,50.0,50.0,,,position_noise+confidence_error,,trust_weighted_fusion,move,confidence,2.376,0.8759999999999999,,2,0,30.204,8.788,27.283,uav_1,8.788,False,False,False,False,False,1,"[{""id"": ""obstacle_0"", ""kind"": ""static_obstacle"", ""x"": 50.0, ""y"": 50.0, ""radius"": 5.0}]"
safety_margin_confidence,335,67.0,1,73.471,57.026,90.0,94.0,50.0,50.0,,,false_negative+confidence_error,,trust_weighted_fusion,move,confidence,0.0,0.0,,0,0,40.501,8.788,19.5,uav_0,8.788,False,False,False,False,False,1,"[{""id"": ""obstacle_0"", ""kind"": ""static_obstacle"", ""x"": 50.0, ""y"": 50.0, ""radius"": 5.0}]"
safety_margin_confidence,335,67.0,2,80.042,73.466,86.0,90.0,50.0,50.0,,,position_noise+confidence_error,,trust_weighted_fusion,move,confidence,1.392,0.0,,2,0,17.574,9.861,33.121,uav_0,9.861,False,False,False,False,False,1,"[{""id"": ""obstacle_0"", ""kind"": ""static_obstacle"", ""x"": 50.0, ""y"": 50.0, ""radius"": 5.0}]"
safety_margin_confidence,335,67.0,3,88.244,82.652,90.0,86.0,50.0,50.0,,,position_noise+confidence_error,,trust_weighted_fusion,move,confidence,2.24,0.7400000000000002,,1,0,3.781,12.315,45.287,uav_2,12.315,False,False,False,False,False,1,"[{""id"": ""obstacle_0"", ""kind"": ""static_obstacle"", ""x"": 50.0, ""y"": 50.0, ""radius"": 5.0}]"
safety_margin_confidence,336,67.2,0,79.413,63.907,94.0,90.0,50.0,50.0,,,position_noise+confidence_error,,trust_weighted_fusion,move,confidence,1.788,0.28800000000000003,,2,0,29.893,8.783,27.536,uav_1,8.783,False,False,False,False,False,1,"[{""id"": ""obstacle_0"", ""kind"": ""static_obstacle"", ""x"": 50.0, ""y"": 50.0, ""radius"": 5.0}]"
safety_margin_confidence,336,67.2,1,73.602,57.321,90.0,94.0,50.0,50.0,,,position_noise+confidence_error,,trust_weighted_fusion,move,confidence,1.54,0.040000000000000036,,1,0,40.178,8.783,19.712,uav_0,8.783,False,False,False,False,False,1,"[{""id"": ""obstacle_0"", ""kind"": ""static_obstacle"", ""x"": 50.0, ""y"": 50.0, ""radius"": 5.0}]"
safety_margin_confidence,336,67.2,2,80.15,73.765,86.0,90.0,50.0,50.0,,,position_noise+confidence_error,,trust_weighted_fusion,move,confidence,1.654,0.15399999999999991,,2,0,17.257,9.885,33.39,uav_0,9.885,False,False,False,False,False,1,"[{""id"": ""obstacle_0"", ""kind"": ""static_obstacle"", ""x"": 50.0, ""y"": 50.0, ""radius"": 5.0}]"
safety_margin_confidence,336,67.2,3,88.382,82.915,90.0,86.0,50.0,50.0,,,position_noise+confidence_error,,trust_weighted_fusion,move,confidence,2.05,0.5499999999999998,,1,0,3.483,12.309,45.563,uav_2,12.309,False,False,False,False,False,1,"[{""id"": ""obstacle_0"", ""kind"": ""static_obstacle"", ""x"": 50.0, ""y"": 50.0, ""radius"": 5.0}]"
safety_margin_confidence,337,67.4,0,79.567,64.182,94.0,90.0,50.0,50.0,,,position_noise+confidence_error,,trust_weighted_fusion,move,confidence,1.696,0.19599999999999995,,2,0,29.578,8.789,27.793,uav_1,8.789,False,False,False,False,False,1,"[{""id"": ""obstacle_0"", ""kind"": ""static_obstacle"", ""x"": 50.0, ""y"": 50.0, ""radius"": 5.0}]"
safety_margin_confidence,337,67.4,1,73.732,57.61,90.0,94.0,50.0,50.0,,,position_noise+confidence_error,,trust_weighted_fusion,move,confidence,1.656,0.15599999999999992,,1,0,39.861,8.789,19.922,uav_0,8.789,False,False,False,False,False,1,"[{""id"": ""obstacle_0"", ""kind"": ""static_obstacle"", ""x"": 50.0, ""y"": 50.0, ""radius"": 5.0}]"
safety_margin_confidence,337,67.4,2,80.256,74.061,86.0,90.0,50.0,50.0,,,position_noise+confidence_error,,trust_weighted_fusion,move,confidence,1.706,0.20599999999999996,,2,0,16.942,9.903,33.657,uav_0,9.903,False,False,False,False,False,1,"[{""id"": ""obstacle_0"", ""kind"": ""static_obstacle"", ""x"": 50.0, ""y"": 50.0, ""radius"": 5.0}]"
safety_margin_confidence,337,67.4,3,88.54,83.216,90.0,86.0,50.0,50.0,,,position_noise+confidence_error,,trust_weighted_fusion,move,confidence,1.222,0.0,,1,0,3.144,12.346,45.878,uav_2,12.346,False,False,False,False,False,1,"[{""id"": ""obstacle_0"", ""kind"": ""static_obstacle"", ""x"": 50.0, ""y"": 50.0, ""radius"": 5.0}]"
safety_margin_confidence,338,67.6,0,79.725,64.464,94.0,90.0,50.0,50.0,,,false_negative+position_noise+confidence_error,,trust_weighted_fusion,move,confidence,1.55,0.050000000000000044,,1,0,29.255,8.762,28.057,uav_1,8.762,False,False,False,False,False,1,"[{""id"": ""obstacle_0"", ""kind"": ""static_obstacle"", ""x"": 50.0, ""y"": 50.0, ""radius"": 5.0}]"
safety_margin_confidence,338,67.6,1,73.878,57.937,90.0,94.0,50.0,50.0,,,position_noise+confidence_error,,trust_weighted_fusion,move,confidence,0.836,0.0,,1,0,39.502,8.762,20.163,uav_0,8.762,False,False,False,False,False,1,"[{""id"": ""obstacle_0"", ""kind"": ""static_obstacle"", ""x"": 50.0, ""y"": 50.0, ""radius"": 5.0}]"
safety_margin_confidence,338,67.6,2,80.358,74.343,86.0,90.0,50.0,50.0,,,false_negative+position_noise+confidence_error,,trust_weighted_fusion,move,confidence,2.008,0.508,,1,0,16.643,9.899,33.912,uav_0,9.899,False,False,False,False,False,1,"[{""id"": ""obstacle_0"", ""kind"": ""static_obstacle"", ""x"": 50.0, ""y"": 50.0, ""radius"": 5.0}]"
safety_margin_confidence,338,67.6,3,88.671,83.467,90.0,86.0,50.0,50.0,,,position_noise+confidence_error,,trust_weighted_fusion,move,confidence,2.332,0.8319999999999999,,1,0,2.861,12.343,46.142,uav_2,12.343,False,False,False,False,False,1,"[{""id"": ""obstacle_0"", ""kind"": ""static_obstacle"", ""x"": 50.0, ""y"": 50.0, ""radius"": 5.0}]"
safety_margin_confidence,339,67.8,0,79.867,64.719,94.0,90.0,50.0,50.0,,,false_negative+position_noise+confidence_error,,trust_weighted_fusion,move,confidence,2.148,0.6480000000000001,,1,0,28.963,8.667,28.297,uav_1,8.667,False,False,False,False,False,1,"[{""id"": ""obstacle_0"", ""kind"": ""static_obstacle"", ""x"": 50.0, ""y"": 50.0, ""radius"": 5.0}]"
safety_margin_confidence,339,67.8,1,74.041,58.303,90.0,94.0,50.0,50.0,,,false_negative+confidence_error,,trust_weighted_fusion,move,confidence,0.0,0.0,,0,0,39.102,8.667,20.435,uav_0,8.667,False,False,False,False,False,1,"[{""id"": ""obstacle_0"", ""kind"": ""static_obstacle"", ""x"": 50.0, ""y"": 50.0, ""radius"": 5.0}]"
safety_margin_confidence,339,67.8,2,80.471,74.657,86.0,90.0,50.0,50.0,,,position_noise+confidence_error,,trust_weighted_fusion,move,confidence,1.32,0.0,,2,0,16.309,9.956,34.198,uav_0,9.956,False,False,False,False,False,1,"[{""id"": ""obstacle_0"", ""kind"": ""static_obstacle"", ""x"": 50.0, ""y"": 50.0, ""radius"": 5.0}]"
safety_margin_confidence,339,67.8,3,88.805,83.721,90.0,86.0,50.0,50.0,,,position_noise+confidence_error,,trust_weighted_fusion,move,confidence,2.258,0.758,,1,0,2.574,12.313,46.409,uav_2,12.313,False,False,False,False,False,1,"[{""id"": ""obstacle_0"", ""kind"": ""static_obstacle"", ""x"": 50.0, ""y"": 50.0, ""radius"": 5.0}]"
safety_margin_confidence,340,68.0,0,80.024,64.999,94.0,90.0,50.0,50.0,,,false_negative+position_noise+confidence_error,,trust_weighted_fusion,move,confidence,1.588,0.08800000000000008,,1,0,28.642,8.665,28.562,uav_1,8.665,False,False,False,False,False,1,"[{""id"": ""obstacle_0"", ""kind"": ""static_obstacle"", ""x"": 50.0, ""y"": 50.0, ""radius"": 5.0}]"
safety_margin_confidence,340,68.0,1,74.176,58.604,90.0,94.0,50.0,50.0,,,position_noise+confidence_error,,trust_weighted_fusion,move,confidence,1.388,0.0,,1,0,38.772,8.665,20.662,uav_0,8.665,False,False,False,False,False,1,"[{""id"": ""obstacle_0"", ""kind"": ""static_obstacle"", ""x"": 50.0, ""y"": 50.0, ""radius"": 5.0}]"
safety_margin_confidence,340,68.0,2,80.577,74.951,86.0,90.0,50.0,50.0,,,false_negative+position_noise+confidence_error,,trust_weighted_fusion,move,confidence,1.744,0.244,,1,0,15.996,9.968,34.465,uav_0,9.968,False,False,False,False,False,1,"[{""id"": ""obstacle_0"", ""kind"": ""static_obstacle"", ""x"": 50.0, ""y"": 50.0, ""radius"": 5.0}]"
safety_margin_confidence,340,68.0,3,88.99,84.075,90.0,86.0,50.0,50.0,,,false_negative+confidence_error,,trust_weighted_fusion,move,confidence,0.0,0.0,,0,0,2.174,12.411,46.782,uav_2,12.411,False,False,False,False,False,1,"[{""id"": ""obstacle_0"", ""kind"": ""static_obstacle"", ""x"": 50.0, ""y"": 50.0, ""radius"": 5.0}]"
safety_margin_confidence,341,68.2,0,80.177,65.273,94.0,90.0,50.0,50.0,,,false_negative+position_noise+confidence_error,,trust_weighted_fusion,move,confidence,1.728,0.22799999999999998,,1,0,28.329,8.701,28.822,uav_1,8.701,False,False,False,False,False,1,"[{""id"": ""obstacle_0"", ""kind"": ""static_obstacle"", ""x"": 50.0, ""y"": 50.0, ""radius"": 5.0}]"
safety_margin_confidence,341,68.2,1,74.292,58.863,90.0,94.0,50.0,50.0,,,position_noise+confidence_error,,trust_weighted_fusion,move,confidence,2.324,0.8239999999999998,,1,0,38.488,8.701,20.858,uav_0,8.701,False,False,False,False,False,1,"[{""id"": ""obstacle_0"", ""kind"": ""static_obstacle"", ""x"": 50.0, ""y"": 50.0, ""radius"": 5.0}]"
safety_margin_confidence,341,68.2,2,80.694,75.276,86.0,90.0,50.0,50.0,,,position_noise+confidence_error,,trust_weighted_fusion,move,confidence,1.106,0.0,,2,0,15.651,10.016,34.761,uav_0,10.016,False,False,False,False,False,1,"[{""id"": ""obstacle_0"", ""kind"": ""static_obstacle"", ""x"": 50.0, ""y"": 50.0, ""radius"": 5.0}]"
safety_margin_confidence,341,68.2,3,89.135,84.351,90.0,86.0,50.0,50.0,,,position_noise+confidence_error,,trust_weighted_fusion,move,confidence,1.764,0.264,,1,0,1.862,12.394,47.073,uav_2,12.394,False,False,False,False,True,1,"[{""id"": ""obstacle_0"", ""kind"": ""static_obstacle"", ""x"": 50.0, ""y"": 50.0, ""radius"": 5.0}]"
safety_margin_confidence,342,68.4,0,80.324,65.537,94.0,90.0,50.0,50.0,,,position_noise+confidence_error,,trust_weighted_fusion,move,confidence,1.954,0.45399999999999996,,2,0,28.026,8.666,29.073,uav_1,8.666,False,False,False,False,False,1,"[{""id"": ""obstacle_0"", ""kind"": ""static_obstacle"", ""x"": 50.0, ""y"": 50.0, ""radius"": 5.0}]"
safety_margin_confidence,342,68.4,1,74.434,59.18,90.0,94.0,50.0,50.0,,,position_noise+confidence_error,,trust_weighted_fusion,move,confidence,1.06,0.0,,1,0,38.141,8.666,21.101,uav_0,8.666,False,False,False,False,False,1,"[{""id"": ""obstacle_0"", ""kind"": ""static_obstacle"", ""x"": 50.0, ""y"": 50.0, ""radius"": 5.0}]"
safety_margin_confidence,342,68.4,2,80.799,75.568,86.0,90.0,50.0,50.0,,,position_noise+confidence_error,,trust_weighted_fusion,move,confidence,1.79,0.29000000000000004,,2,0,15.341,10.042,35.029,uav_0,10.042,False,False,False,False,False,1,"[{""id"": ""obstacle_0"", ""kind"": ""static_obstacle"", ""x"": 50.0, ""y"": 50.0, ""radius"": 5.0}]"
safety_margin_confidence,342,68.4,3,89.135,84.351,90.0,86.0,50.0,50.0,,,none,,trust_weighted_fusion,at_goal,confidence,0.0,0.0,,0,0,1.862,12.109,47.073,uav_2,12.109,False,False,False,False,True,1,"[{""id"": ""obstacle_0"", ""kind"": ""static_obstacle"", ""x"": 50.0, ""y"": 50.0, ""radius"": 5.0}]"
safety_margin_confidence,343,68.6,0,80.474,65.805,94.0,90.0,50.0,50.0,,,false_negative+position_noise+confidence_error,,trust_weighted_fusion,move,confidence,1.858,0.3580000000000001,,1,0,27.719,8.586,29.329,uav_1,8.586,False,False,False,False,False,1,"[{""id"": ""obstacle_0"", ""kind"": ""static_obstacle"", ""x"": 50.0, ""y"": 50.0, ""radius"": 5.0}]"
safety_margin_confidence,343,68.6,1,74.597,59.545,90.0,94.0,50.0,50.0,,,false_negative+confidence_error,,trust_weighted_fusion,move,confidence,0.0,0.0,,0,0,37.741,8.586,21.384,uav_0,8.586,False,False,False,False,False,1,"[{""id"": ""obstacle_0"", ""kind"": ""static_obstacle"", ""x"": 50.0, ""y"": 50.0, ""radius"": 5.0}]"
safety_margin_confidence,343,68.6,2,80.898,75.842,86.0,90.0,50.0,50.0,,,position_noise+confidence_error,,trust_weighted_fusion,move,confidence,2.166,0.6659999999999999,,2,0,15.049,10.046,35.28,uav_0,10.046,False,False,False,False,False,1,"[{""id"": ""obstacle_0"", ""kind"": ""static_obstacle"", ""x"": 50.0, ""y"": 50.0, ""radius"": 5.0}]"
safety_margin_confidence,343,68.6,3,89.135,84.351,90.0,86.0,50.0,50.0,,,none,,trust_weighted_fusion,at_goal,confidence,0.0,0.0,,0,0,1.862,11.843,47.073,uav_2,11.843,False,False,False,False,True,1,"[{""id"": ""obstacle_0"", ""kind"": ""static_obstacle"", ""x"": 50.0, ""y"": 50.0, ""radius"": 5.0}]"
safety_margin_confidence,344,68.8,0,80.633,66.089,94.0,90.0,50.0,50.0,,,false_negative+position_noise+confidence_error,,trust_weighted_fusion,move,confidence,1.484,0.0,,1,0,27.393,8.624,29.601,uav_1,8.624,False,False,False,False,False,1,"[{""id"": ""obstacle_0"", ""kind"": ""static_obstacle"", ""x"": 50.0, ""y"": 50.0, ""radius"": 5.0}]"
safety_margin_confidence,344,68.8,1,74.717,59.814,90.0,94.0,50.0,50.0,,,position_noise+confidence_error,,trust_weighted_fusion,move,confidence,2.114,0.6139999999999999,,1,0,37.447,8.624,21.594,uav_0,8.624,False,False,False,False,False,1,"[{""id"": ""obstacle_0"", ""kind"": ""static_obstacle"", ""x"": 50.0, ""y"": 50.0, ""radius"": 5.0}]"
safety_margin_confidence,344,68.8,2,81.034,76.218,86.0,90.0,50.0,50.0,,,false_negative+confidence_error,,trust_weighted_fusion,move,confidence,0.0,0.0,,0,0,14.649,10.137,35.626,uav_0,10.137,False,False,False,False,False,1,"[{""id"": ""obstacle_0"", ""kind"": ""static_obstacle"", ""x"": 50.0, ""y"": 50.0, ""radius"": 5.0}]"
safety_margin_confidence,344,68.8,3,89.135,84.351,90.0,86.0,50.0,50.0,,,none,,trust_weighted_fusion,at_goal,confidence,0.0,0.0,,0,0,1.862,11.479,47.073,uav_2,11.479,False,False,False,False,True,1,"[{""id"": ""obstacle_0"", ""kind"": ""static_obstacle"", ""x"": 50.0, ""y"": 50.0, ""radius"": 5.0}]"
safety_margin_confidence,345,69.0,0,80.778,66.348,94.0,90.0,50.0,50.0,,,position_noise+confidence_error,,trust_weighted_fusion,move,confidence,2.072,0.5720000000000001,,2,0,27.097,8.577,29.85,uav_1,8.577,False,False,False,False,False,1,"[{""id"": ""obstacle_0"", ""kind"": ""static_obstacle"", ""x"": 50.0, ""y"": 50.0, ""radius"": 5.0}]"
safety_margin_confidence,345,69.0,1,74.862,60.137,90.0,94.0,50.0,50.0,,,position_noise+confidence_error,,trust_weighted_fusion,move,confidence,0.918,0.0,,1,0,37.093,8.577,21.849,uav_0,8.577,False,False,False,False,False,1,"[{""id"": ""obstacle_0"", ""kind"": ""static_obstacle"", ""x"": 50.0, ""y"": 50.0, ""radius"": 5.0}]"
safety_margin_confidence,345,69.0,2,81.169,76.595,86.0,90.0,50.0,50.0,,,false_negative+confidence_error,,trust_weighted_fusion,move,confidence,0.0,0.0,,0,0,14.249,10.254,35.973,uav_0,10.254,False,False,False,False,False,1,"[{""id"": ""obstacle_0"", ""kind"": ""static_obstacle"", ""x"": 50.0, ""y"": 50.0, ""radius"": 5.0}]"
safety_margin_confidence,345,69.0,3,89.135,84.351,90.0,86.0,50.0,50.0,,,none,,trust_weighted_fusion,at_goal,confidence,0.0,0.0,,0,0,1.862,11.118,47.073,uav_2,11.118,False,False,False,False,True,1,"[{""id"": ""obstacle_0"", ""kind"": ""static_obstacle"", ""x"": 50.0, ""y"": 50.0, ""radius"": 5.0}]"
safety_margin_confidence,346,69.2,0,80.944,66.646,94.0,90.0,50.0,50.0,,,false_negative+position_noise+confidence_error,,trust_weighted_fusion,move,confidence,1.176,0.0,,1,0,26.756,8.598,30.137,uav_1,8.598,False,False,False,False,False,1,"[{""id"": ""obstacle_0"", ""kind"": ""static_obstacle"", ""x"": 50.0, ""y"": 50.0, ""radius"": 5.0}]"
safety_margin_confidence,346,69.2,1,74.996,60.438,90.0,94.0,50.0,50.0,,,position_noise+confidence_error,,trust_weighted_fusion,move,confidence,1.412,0.0,,1,0,36.763,8.598,22.088,uav_0,8.598,False,False,False,False,False,1,"[{""id"": ""obstacle_0"", ""kind"": ""static_obstacle"", ""x"": 50.0, ""y"": 50.0, ""radius"": 5.0}]"
safety_margin_confidence,346,69.2,2,81.28,76.903,86.0,90.0,50.0,50.0,,,position_noise+confidence_error,,trust_weighted_fusion,move,confidence,1.446,0.0,,2,0,13.921,10.263,36.258,uav_0,10.263,False,False,False,False,False,1,"[{""id"": ""obstacle_0"", ""kind"": ""static_obstacle"", ""x"": 50.0, ""y"": 50.0, ""radius"": 5.0}]"
safety_margin_confidence,346,69.2,3,89.135,84.351,90.0,86.0,50.0,50.0,,,none,,trust_weighted_fusion,at_goal,confidence,0.0,0.0,,0,0,1.862,10.825,47.073,uav_2,10.825,False,False,False,False,True,1,"[{""id"": ""obstacle_0"", ""kind"": ""static_obstacle"", ""x"": 50.0, ""y"": 50.0, ""radius"": 5.0}]"
safety_margin_confidence,347,69.4,0,81.079,66.886,94.0,90.0,50.0,50.0,,,position_noise+confidence_error,,trust_weighted_fusion,move,confidence,2.484,0.984,,2,0,26.48,8.488,30.37,uav_1,8.488,False,False,False,False,False,1,"[{""id"": ""obstacle_0"", ""kind"": ""static_obstacle"", ""x"": 50.0, ""y"": 50.0, ""radius"": 5.0}]"
safety_margin_confidence,347,69.4,1,75.159,60.803,90.0,94.0,50.0,50.0,,,false_negative+confidence_error,,trust_weighted_fusion,move,confidence,0.0,0.0,,0,0,36.363,8.488,22.381,uav_0,8.488,False,False,False,False,False,1,"[{""id"": ""obstacle_0"", ""kind"": ""static_obstacle"", ""x"": 50.0, ""y"": 50.0, ""radius"": 5.0}]"
safety_margin_confidence,347,69.4,2,81.416,77.279,86.0,90.0,50.0,50.0,,,false_negative+confidence_error,,trust_weighted_fusion,move,confidence,0.0,0.0,,0,0,13.521,10.398,36.607,uav_0,10.398,False,False,False,False,False,1,"[{""id"": ""obstacle_0"", ""kind"": ""static_obstacle"", ""x"": 50.0, ""y"": 50.0, ""radius"": 5.0}]"
safety_margin_confidence,347,69.4,3,89.135,84.351,90.0,86.0,50.0,50.0,,,none,,trust_weighted_fusion,at_goal,confidence,0.0,0.0,,0,0,1.862,10.469,47.073,uav_2,10.469,False,False,False,False,True,1,"[{""id"": ""obstacle_0"", ""kind"": ""static_obstacle"", ""x"": 50.0, ""y"": 50.0, ""radius"": 5.0}]"
safety_margin_confidence,348,69.6,0,81.224,67.146,94.0,90.0,50.0,50.0,,,false_negative+position_noise+confidence_error,,trust_weighted_fusion,move,confidence,2.06,0.56,,1,0,26.183,8.423,30.622,uav_1,8.423,False,False,False,False,False,1,"[{""id"": ""obstacle_0"", ""kind"": ""static_obstacle"", ""x"": 50.0, ""y"": 50.0, ""radius"": 5.0}]"
safety_margin_confidence,348,69.6,1,75.312,61.146,90.0,94.0,50.0,50.0,,,position_noise+confidence_error,,trust_weighted_fusion,move,confidence,0.5,0.0,,1,0,35.988,8.423,22.657,uav_0,8.423,False,False,False,False,False,1,"[{""id"": ""obstacle_0"", ""kind"": ""static_obstacle"", ""x"": 50.0, ""y"": 50.0, ""radius"": 5.0}]"
safety_margin_confidence,348,69.6,2,81.531,77.598,86.0,90.0,50.0,50.0,,,position_noise+confidence_error,,trust_weighted_fusion,move,confidence,1.228,0.0,,2,0,13.183,10.17,36.903,uav_3,10.17,False,False,False,False,False,1,"[{""id"": ""obstacle_0"", ""kind"": ""static_obstacle"", ""x"": 50.0, ""y"": 50.0, ""radius"": 5.0}]"
safety_margin_confidence,348,69.6,3,89.135,84.351,90.0,86.0,50.0,50.0,,,none,,trust_weighted_fusion,at_goal,confidence,0.0,0.0,,0,0,1.862,10.17,47.073,uav_2,10.17,False,False,False,False,True,1,"[{""id"": ""obstacle_0"", ""kind"": ""static_obstacle"", ""x"": 50.0, ""y"": 50.0, ""radius"": 5.0}]"
safety_margin_confidence,349,69.8,0,81.378,67.421,94.0,90.0,50.0,50.0,,,false_negative+position_noise+confidence_error,,trust_weighted_fusion,move,confidence,1.686,0.18599999999999994,,1,0,25.867,8.4,30.89,uav_1,8.4,False,False,False,False,False,1,"[{""id"": ""obstacle_0"", ""kind"": ""static_obstacle"", ""x"": 50.0, ""y"": 50.0, ""radius"": 5.0}]"
safety_margin_confidence,349,69.8,1,75.455,61.465,90.0,94.0,50.0,50.0,,,position_noise+confidence_error,,trust_weighted_fusion,move,confidence,1.006,0.0,,1,0,35.638,8.4,22.918,uav_0,8.4,False,False,False,False,False,1,"[{""id"": ""obstacle_0"", ""kind"": ""static_obstacle"", ""x"": 50.0, ""y"": 50.0, ""radius"": 5.0}]"
safety_margin_confidence,349,69.8,2,81.624,77.857,86.0,90.0,50.0,50.0,,,position_noise+confidence_error,,trust_weighted_fusion,move,confidence,2.5,1.0,,2,0,12.908,9.93,37.143,uav_3,9.93,False,False,False,False,False,1,"[{""id"": ""obstacle_0"", ""kind"": ""static_obstacle"", ""x"": 50.0, ""y"": 50.0, ""radius"": 5.0}]"
safety_margin_confidence,349,69.8,3,89.135,84.351,90.0,86.0,50.0,50.0,,,none,,trust_weighted_fusion,at_goal,confidence,0.0,0.0,,0,0,1.862,9.93,47.073,uav_2,9.93,False,False,False,False,True,1,"[{""id"": ""obstacle_0"", ""kind"": ""static_obstacle"", ""x"": 50.0, ""y"": 50.0, ""radius"": 5.0}]"
safety_margin_confidence,350,70.0,0,81.548,67.726,94.0,90.0,50.0,50.0,,,position_noise+confidence_error,,trust_weighted_fusion,move,confidence,1.008,0.0,,2,0,25.518,8.363,31.187,uav_1,8.363,False,False,False,False,False,1,"[{""id"": ""obstacle_0"", ""kind"": ""static_obstacle"", ""x"": 50.0, ""y"": 50.0, ""radius"": 5.0}]"
safety_margin_confidence,350,70.0,1,75.618,61.83,90.0,94.0,50.0,50.0,,,false_negative+confidence_error,,trust_weighted_fusion,move,confidence,0.0,0.0,,0,0,35.238,8.363,23.218,uav_0,8.363,False,False,False,False,False,1,"[{""id"": ""obstacle_0"", ""kind"": ""static_obstacle"", ""x"": 50.0, ""y"": 50.0, ""radius"": 5.0}]"
safety_margin_confidence,350,70.0,2,81.735,78.163,86.0,90.0,50.0,50.0,,,position_noise+confidence_error,,trust_weighted_fusion,move,confidence,1.478,0.0,,2,0,12.582,9.647,37.429,uav_3,9.647,False,False,False,False,False,1,"[{""id"": ""obstacle_0"", ""kind"": ""static_obstacle"", ""x"": 50.0, ""y"": 50.0, ""radius"": 5.0}]"
safety_margin_confidence,350,70.0,3,89.135,84.351,90.0,86.0,50.0,50.0,,,none,,trust_weighted_fusion,at_goal,confidence,0.0,0.0,,0,0,1.862,9.647,47.073,uav_2,9.647,False,False,False,False,True,1,"[{""id"": ""obstacle_0"", ""kind"": ""static_obstacle"", ""x"": 50.0, ""y"": 50.0, ""radius"": 5.0}]"
safety_margin_confidence,351,70.2,0,81.744,68.076,94.0,90.0,50.0,50.0,,,false_negative+confidence_error,,trust_weighted_fusion,move,confidence,0.0,0.0,,0,0,25.118,8.491,31.529,uav_1,8.491,False,False,False,False,False,1,"[{""id"": ""obstacle_0"", ""kind"": ""static_obstacle"", ""x"": 50.0, ""y"": 50.0, ""radius"": 5.0}]"
safety_margin_confidence,351,70.2,1,75.73,62.081,90.0,94.0,50.0,50.0,,,position_noise+confidence_error,,trust_weighted_fusion,move,confidence,2.5,1.0,,1,0,34.963,8.491,23.425,uav_0,8.491,False,False,False,False,False,1,"[{""id"": ""obstacle_0"", ""kind"": ""static_obstacle"", ""x"": 50.0, ""y"": 50.0, ""radius"": 5.0}]"
safety_margin_confidence,351,70.2,2,81.856,78.499,86.0,90.0,50.0,50.0,,,false_negative+position_noise+confidence_error,,trust_weighted_fusion,move,confidence,0.858,0.0,,1,0,12.225,9.34,37.743,uav_3,9.34,False,False,False,False,False,1,"[{""id"": ""obstacle_0"", ""kind"": ""static_obstacle"", ""x"": 50.0, ""y"": 50.0, ""radius"": 5.0}]"
safety_margin_confidence,351,70.2,3,89.135,84.351,90.0,86.0,50.0,50.0,,,none,,trust_weighted_fusion,at_goal,confidence,0.0,0.0,,0,0,1.862,9.34,47.073,uav_2,9.34,False,False,False,False,True,1,"[{""id"": ""obstacle_0"", ""kind"": ""static_obstacle"", ""x"": 50.0, ""y"": 50.0, ""radius"": 5.0}]"
safety_margin_confidence,352,70.4,0,81.893,68.342,94.0,90.0,50.0,50.0,,,false_negative+position_noise+confidence_error,,trust_weighted_fusion,move,confidence,1.888,0.3879999999999999,,1,0,24.812,8.411,31.791,uav_1,8.411,False,False,False,False,False,1,"[{""id"": ""obstacle_0"", ""kind"": ""static_obstacle"", ""x"": 50.0, ""y"": 50.0, ""radius"": 5.0}]"
safety_margin_confidence,352,70.4,1,75.894,62.446,90.0,94.0,50.0,50.0,,,false_negative+confidence_error,,trust_weighted_fusion,move,confidence,0.0,0.0,,0,0,34.563,8.411,23.73,uav_0,8.411,False,False,False,False,False,1,"[{""id"": ""obstacle_0"", ""kind"": ""static_obstacle"", ""x"": 50.0, ""y"": 50.0, ""radius"": 5.0}]"
safety_margin_confidence,352,70.4,2,81.962,78.793,86.0,90.0,50.0,50.0,,,position_noise+confidence_error,,trust_weighted_fusion,move,confidence,1.752,0.252,,2,0,11.912,9.075,38.019,uav_3,9.075,False,False,False,False,False,1,"[{""id"": ""obstacle_0"", ""kind"": ""static_obstacle"", ""x"": 50.0, ""y"": 50.0, ""radius"": 5.0}]"
safety_margin_confidence,352,70.4,3,89.135,84.351,90.0,86.0,50.0,50.0,,,none,,trust_weighted_fusion,at_goal,confidence,0.0,0.0,,0,0,1.862,9.075,47.073,uav_2,9.075,False,False,False,False,True,1,"[{""id"": ""obstacle_0"", ""kind"": ""static_obstacle"", ""x"": 50.0, ""y"": 50.0, ""radius"": 5.0}]"
safety_margin_confidence,353,70.6,0,82.052,68.627,94.0,90.0,50.0,50.0,,,false_negative+position_noise+confidence_error,,trust_weighted_fusion,move,confidence,1.466,0.0,,1,0,24.485,8.44,32.072,uav_1,8.44,False,False,False,False,False,1,"[{""id"": ""obstacle_0"", ""kind"": ""static_obstacle"", ""x"": 50.0, ""y"": 50.0, ""radius"": 5.0}]"
safety_margin_confidence,353,70.6,1,76.019,62.726,90.0,94.0,50.0,50.0,,,position_noise+confidence_error,,trust_weighted_fusion,move,confidence,1.878,0.3779999999999999,,1,0,34.257,8.44,23.964,uav_0,8.44,False,False,False,False,False,1,"[{""id"": ""obstacle_0"", ""kind"": ""static_obstacle"", ""x"": 50.0, ""y"": 50.0, ""radius"": 5.0}]"
safety_margin_confidence,353,70.6,2,82.072,79.099,86.0,90.0,50.0,50.0,,,position_noise+confidence_error,,trust_weighted_fusion,move,confidence,1.492,0.0,,2,0,11.587,8.802,38.306,uav_3,8.802,False,False,False,False,False,1,"[{""id"": ""obstacle_0"", ""kind"": ""static_obstacle"", ""x"": 50.0, ""y"": 50.0, ""radius"": 5.0}]"
safety_margin_confidence,353,70.6,3,89.135,84.351,90.0,86.0,50.0,50.0,,,none,,trust_weighted_fusion,at_goal,confidence,0.0,0.0,,0,0,1.862,8.802,47.073,uav_2,8.802,False,False,False,False,True,1,"[{""id"": ""obstacle_0"", ""kind"": ""static_obstacle"", ""x"": 50.0, ""y"": 50.0, ""radius"": 5.0}]"
safety_margin_confidence,354,70.8,0,82.217,68.923,94.0,90.0,50.0,50.0,,,false_negative+position_noise+confidence_error,,trust_weighted_fusion,move,confidence,1.228,0.0,,1,0,24.147,8.393,32.364,uav_1,8.393,False,False,False,False,False,1,"[{""id"": ""obstacle_0"", ""kind"": ""static_obstacle"", ""x"": 50.0, ""y"": 50.0, ""radius"": 5.0}]"
safety_margin_confidence,354,70.8,1,76.182,63.091,90.0,94.0,50.0,50.0,,,false_negative+confidence_error,,trust_weighted_fusion,move,confidence,0.0,0.0,,0,0,33.857,8.393,24.272,uav_0,8.393,False,False,False,False,False,1,"[{""id"": ""obstacle_0"", ""kind"": ""static_obstacle"", ""x"": 50.0, ""y"": 50.0, ""radius"": 5.0}]"
safety_margin_confidence,354,70.8,2,82.177,79.392,86.0,90.0,50.0,50.0,,,position_noise+confidence_error,,trust_weighted_fusion,move,confidence,1.778,0.278,,2,0,11.276,8.544,38.581,uav_3,8.544,False,False,False,False,False,1,"[{""id"": ""obstacle_0"", ""kind"": ""static_obstacle"", ""x"": 50.0, ""y"": 50.0, ""radius"": 5.0}]"
safety_margin_confidence,354,70.8,3,89.135,84.351,90.0,86.0,50.0,50.0,,,none,,trust_weighted_fusion,at_goal,confidence,0.0,0.0,,0,0,1.862,8.544,47.073,uav_2,8.544,False,False,False,False,True,1,"[{""id"": ""obstacle_0"", ""kind"": ""static_obstacle"", ""x"": 50.0, ""y"": 50.0, ""radius"": 5.0}]"
safety_margin_confidence,355,71.0,0,82.389,69.22,94.0,90.0,50.0,50.0,,,false_negative+position_noise+confidence_error,,trust_weighted_fusion,avoidance,confidence,1.14,0.0,,1,0,23.804,8.439,32.663,uav_1,8.439,False,False,False,False,False,1,"[{""id"": ""obstacle_0"", ""kind"": ""static_obstacle"", ""x"": 50.0, ""y"": 50.0, ""radius"": 5.0}]"
safety_margin_confidence,355,71.0,1,76.307,63.37,90.0,94.0,50.0,50.0,,,position_noise+confidence_error,,trust_weighted_fusion,move,confidence,1.878,0.3779999999999999,,1,0,33.551,8.439,24.51,uav_0,8.439,False,False,False,False,False,1,"[{""id"": ""obstacle_0"", ""kind"": ""static_obstacle"", ""x"": 50.0, ""y"": 50.0, ""radius"": 5.0}]"
safety_margin_confidence,355,71.0,2,82.28,79.678,86.0,90.0,50.0,50.0,,,position_noise+confidence_error,,trust_weighted_fusion,move,confidence,1.914,0.4139999999999999,,2,0,10.971,8.296,38.85,uav_3,8.296,False,False,False,False,False,1,"[{""id"": ""obstacle_0"", ""kind"": ""static_obstacle"", ""x"": 50.0, ""y"": 50.0, ""radius"": 5.0}]"
safety_margin_confidence,355,71.0,3,89.135,84.351,90.0,86.0,50.0,50.0,,,none,,trust_weighted_fusion,at_goal,confidence,0.0,0.0,,0,0,1.862,8.296,47.073,uav_2,8.296,False,False,False,False,True,1,"[{""id"": ""obstacle_0"", ""kind"": ""static_obstacle"", ""x"": 50.0, ""y"": 50.0, ""radius"": 5.0}]"
safety_margin_confidence,356,71.2,0,82.584,69.569,94.0,90.0,50.0,50.0,,,false_negative+confidence_error,,trust_weighted_fusion,move,confidence,0.0,0.0,,0,0,23.404,8.513,33.009,uav_1,8.513,False,False,False,False,False,1,"[{""id"": ""obstacle_0"", ""kind"": ""static_obstacle"", ""x"": 50.0, ""y"": 50.0, ""radius"": 5.0}]"
safety_margin_confidence,356,71.2,1,76.443,63.674,90.0,94.0,50.0,50.0,,,position_noise+confidence_error,,trust_weighted_fusion,move,confidence,1.338,0.0,,1,0,33.218,8.513,24.769,uav_0,8.513,False,False,False,False,False,1,"[{""id"": ""obstacle_0"", ""kind"": ""static_obstacle"", ""x"": 50.0, ""y"": 50.0, ""radius"": 5.0}]"
safety_margin_confidence,356,71.2,2,82.389,79.98,86.0,90.0,50.0,50.0,,,position_noise+confidence_error,,trust_weighted_fusion,move,confidence,1.586,0.08600000000000008,,2,0,10.651,8.038,39.135,uav_3,8.038,False,False,False,False,False,1,"[{""id"": ""obstacle_0"", ""kind"": ""static_obstacle"", ""x"": 50.0, ""y"": 50.0, ""radius"": 5.0}]"
safety_margin_confidence,356,71.2,3,89.135,84.351,90.0,86.0,50.0,50.0,,,none,,trust_weighted_fusion,at_goal,confidence,0.0,0.0,,0,0,1.862,8.038,47.073,uav_2,8.038,False,False,False,False,True,1,"[{""id"": ""obstacle_0"", ""kind"": ""static_obstacle"", ""x"": 50.0, ""y"": 50.0, ""radius"": 5.0}]"
safety_margin_confidence,357,71.4,0,82.736,69.84,94.0,90.0,50.0,50.0,,,position_noise+confidence_error,,trust_weighted_fusion,move,confidence,1.79,0.29000000000000004,,2,0,23.093,8.521,33.279,uav_1,8.521,False,False,False,False,False,1,"[{""id"": ""obstacle_0"", ""kind"": ""static_obstacle"", ""x"": 50.0, ""y"": 50.0, ""radius"": 5.0}]"
safety_margin_confidence,357,71.4,1,76.57,63.959,90.0,94.0,50.0,50.0,,,position_noise+confidence_error,,trust_weighted_fusion,move,confidence,1.774,0.274,,1,0,32.907,8.521,25.013,uav_0,8.521,False,False,False,False,False,1,"[{""id"": ""obstacle_0"", ""kind"": ""static_obstacle"", ""x"": 50.0, ""y"": 50.0, ""radius"": 5.0}]"
safety_margin_confidence,357,71.4,2,82.5,80.288,86.0,90.0,50.0,50.0,,,position_noise+confidence_error,,trust_weighted_fusion,move,confidence,1.464,0.0,,2,0,10.324,7.781,39.425,uav_3,7.781,False,False,False,False,False,1,"[{""id"": ""obstacle_0"", ""kind"": ""static_obstacle"", ""x"": 50.0, ""y"": 50.0, ""radius"": 5.0}]"
safety_margin_confidence,357,71.4,3,89.135,84.351,90.0,86.0,50.0,50.0,,,none,,trust_weighted_fusion,at_goal,confidence,0.0,0.0,,0,0,1.862,7.781,47.073,uav_2,7.781,False,False,False,False,True,1,"[{""id"": ""obstacle_0"", ""kind"": ""static_obstacle"", ""x"": 50.0, ""y"": 50.0, ""radius"": 5.0}]"
safety_margin_confidence,358,71.6,0,82.9,70.133,94.0,90.0,50.0,50.0,,,false_negative+position_noise+confidence_error,,trust_weighted_fusion,move,confidence,1.284,0.0,,1,0,22.758,8.576,33.571,uav_1,8.576,False,False,False,False,False,1,"[{""id"": ""obstacle_0"", ""kind"": ""static_obstacle"", ""x"": 50.0, ""y"": 50.0, ""radius"": 5.0}]"
safety_margin_confidence,358,71.6,1,76.687,64.221,90.0,94.0,50.0,50.0,,,position_noise+confidence_error,,trust_weighted_fusion,move,confidence,2.24,0.7400000000000002,,1,0,32.619,8.576,25.24,uav_0,8.576,False,False,False,False,False,1,"[{""id"": ""obstacle_0"", ""kind"": ""static_obstacle"", ""x"": 50.0, ""y"": 50.0, ""radius"": 5.0}]"
safety_margin_confidence,358,71.6,2,82.606,80.582,86.0,90.0,50.0,50.0,,,position_noise+confidence_error,,trust_weighted_fusion,move,confidence,1.736,0.236,,2,0,10.011,7.539,39.704,uav_3,7.539,False,False,False,False,False,1,"[{""id"": ""obstacle_0"", ""kind"": ""static_obstacle"", ""x"": 50.0, ""y"": 50.0, ""radius"": 5.0}]"
safety_margin_confidence,358,71.6,3,89.135,84.351,90.0,86.0,50.0,50.0,,,none,,trust_weighted_fusion,at_goal,confidence,0.0,0.0,,0,0,1.862,7.539,47.073,uav_2,7.539,False,False,False,False,True,1,"[{""id"": ""obstacle_0"", ""kind"": ""static_obstacle"", ""x"": 50.0, ""y"": 50.0, ""radius"": 5.0}]"
safety_margin_confidence,359,71.8,0,83.034,70.373,94.0,90.0,50.0,50.0,,,position_noise+confidence_error,,trust_weighted_fusion,move,confidence,2.5,1.0,,2,0,22.483,8.502,33.811,uav_1,8.502,False,False,False,False,False,1,"[{""id"": ""obstacle_0"", ""kind"": ""static_obstacle"", ""x"": 50.0, ""y"": 50.0, ""radius"": 5.0}]"
safety_margin_confidence,359,71.8,1,76.836,64.554,90.0,94.0,50.0,50.0,,,position_noise+confidence_error,,trust_weighted_fusion,move,confidence,0.722,0.0,,1,0,32.255,8.502,25.528,uav_0,8.502,False,False,False,False,False,1,"[{""id"": ""obstacle_0"", ""kind"": ""static_obstacle"", ""x"": 50.0, ""y"": 50.0, ""radius"": 5.0}]"
safety_margin_confidence,359,71.8,2,82.715,80.885,86.0,90.0,50.0,50.0,,,false_negative+position_noise+confidence_error,,trust_weighted_fusion,move,confidence,1.556,0.05600000000000005,,1,0,9.688,7.296,39.991,uav_3,7.296,False,False,False,False,False,1,"[{""id"": ""obstacle_0"", ""kind"": ""static_obstacle"", ""x"": 50.0, ""y"": 50.0, ""radius"": 5.0}]"
safety_margin_confidence,359,71.8,3,89.135,84.351,90.0,86.0,50.0,50.0,,,none,,trust_weighted_fusion,at_goal,confidence,0.0,0.0,,0,0,1.862,7.296,47.073,uav_2,7.296,False,False,False,False,True,1,"[{""id"": ""obstacle_0"", ""kind"": ""static_obstacle"", ""x"": 50.0, ""y"": 50.0, ""radius"": 5.0}]"
safety_margin_confidence,360,72.0,0,83.186,70.645,94.0,90.0,50.0,50.0,,,position_noise+confidence_error,,trust_weighted_fusion,move,confidence,1.766,0.266,,2,0,22.171,8.499,34.084,uav_1,8.499,False,False,False,False,False,1,"[{""id"": ""obstacle_0"", ""kind"": ""static_obstacle"", ""x"": 50.0, ""y"": 50.0, ""radius"": 5.0}]"
safety_margin_confidence,360,72.0,1,76.969,64.851,90.0,94.0,50.0,50.0,,,position_noise+confidence_error,,trust_weighted_fusion,move,confidence,1.492,0.0,,1,0,31.93,8.499,25.787,uav_0,8.499,False,False,False,False,False,1,"[{""id"": ""obstacle_0"", ""kind"": ""static_obstacle"", ""x"": 50.0, ""y"": 50.0, ""radius"": 5.0}]"
safety_margin_confidence,360,72.0,2,82.824,81.188,86.0,90.0,50.0,50.0,,,position_noise+confidence_error,,trust_weighted_fusion,move,confidence,1.566,0.06600000000000006,,2,0,9.367,7.059,40.278,uav_3,7.059,False,False,False,False,False,1,"[{""id"": ""obstacle_0"", ""kind"": ""static_obstacle"", ""x"": 50.0, ""y"": 50.0, ""radius"": 5.0}]"
safety_margin_confidence,360,72.0,3,89.135,84.351,90.0,86.0,50.0,50.0,,,none,,trust_weighted_fusion,at_goal,confidence,0.0,0.0,,0,0,1.862,7.059,47.073,uav_2,7.059,False,False,False,False,True,1,"[{""id"": ""obstacle_0"", ""kind"": ""static_obstacle"", ""x"": 50.0, ""y"": 50.0, ""radius"": 5.0}]"
safety_margin_confidence,361,72.2,0,83.294,70.924,94.0,90.0,50.0,50.0,,,false_negative+position_noise+confidence_error,,trust_weighted_fusion,avoidance,confidence,2.016,0.516,,2,0,21.875,8.435,34.323,uav_1,8.435,False,False,False,False,False,1,"[{""id"": ""obstacle_0"", ""kind"": ""static_obstacle"", ""x"": 50.0, ""y"": 50.0, ""radius"": 5.0}]"
safety_margin_confidence,361,72.2,1,77.116,65.181,90.0,94.0,50.0,50.0,,,position_noise+confidence_error,,trust_weighted_fusion,move,confidence,0.758,0.0,,1,0,31.567,8.435,26.077,uav_0,8.435,False,False,False,False,False,1,"[{""id"": ""obstacle_0"", ""kind"": ""static_obstacle"", ""x"": 50.0, ""y"": 50.0, ""radius"": 5.0}]"
safety_margin_confidence,361,72.2,2,82.93,81.48,86.0,90.0,50.0,50.0,,,position_noise+confidence_error,,trust_weighted_fusion,move,confidence,1.796,0.29600000000000004,,2,0,9.057,6.838,40.556,uav_3,6.838,False,False,False,False,False,1,"[{""id"": ""obstacle_0"", ""kind"": ""static_obstacle"", ""x"": 50.0, ""y"": 50.0, ""radius"": 5.0}]"
safety_margin_confidence,361,72.2,3,89.135,84.351,90.0,86.0,50.0,50.0,,,none,,trust_weighted_fusion,at_goal,confidence,0.0,0.0,,0,0,1.862,6.838,47.073,uav_2,6.838,False,False,False,False,True,1,"[{""id"": ""obstacle_0"", ""kind"": ""static_obstacle"", ""x"": 50.0, ""y"": 50.0, ""radius"": 5.0}]"
safety_margin_confidence,362,72.4,0,83.451,71.202,94.0,90.0,50.0,50.0,,,position_noise+confidence_error,,trust_weighted_fusion,move,confidence,1.618,0.1180000000000001,,3,0,21.556,8.471,34.604,uav_1,8.471,False,False,False,False,False,1,"[{""id"": ""obstacle_0"", ""kind"": ""static_obstacle"", ""x"": 50.0, ""y"": 50.0, ""radius"": 5.0}]"
safety_margin_confidence,362,72.4,1,77.235,65.447,90.0,94.0,50.0,50.0,,,position_noise+confidence_error,,trust_weighted_fusion,move,confidence,2.176,0.6760000000000002,,1,0,31.276,8.471,26.311,uav_0,8.471,False,False,False,False,False,1,"[{""id"": ""obstacle_0"", ""kind"": ""static_obstacle"", ""x"": 50.0, ""y"": 50.0, ""radius"": 5.0}]"
safety_margin_confidence,362,72.4,2,83.043,81.795,86.0,90.0,50.0,50.0,,,false_negative+position_noise+confidence_error,,trust_weighted_fusion,move,confidence,1.298,0.0,,1,0,8.721,6.607,40.856,uav_3,6.607,False,False,False,False,False,1,"[{""id"": ""obstacle_0"", ""kind"": ""static_obstacle"", ""x"": 50.0, ""y"": 50.0, ""radius"": 5.0}]"
safety_margin_confidence,362,72.4,3,89.135,84.351,90.0,86.0,50.0,50.0,,,none,,trust_weighted_fusion,at_goal,confidence,0.0,0.0,,0,0,1.862,6.607,47.073,uav_2,6.607,False,False,False,False,True,1,"[{""id"": ""obstacle_0"", ""kind"": ""static_obstacle"", ""x"": 50.0, ""y"": 50.0, ""radius"": 5.0}]"
safety_margin_confidence,363,72.6,0,83.607,71.481,94.0,90.0,50.0,50.0,,,false_negative+position_noise+confidence_error,,trust_weighted_fusion,move,confidence,1.616,0.1160000000000001,,1,0,21.236,8.407,34.885,uav_1,8.407,False,False,False,False,False,1,"[{""id"": ""obstacle_0"", ""kind"": ""static_obstacle"", ""x"": 50.0, ""y"": 50.0, ""radius"": 5.0}]"
safety_margin_confidence,363,72.6,1,77.399,65.812,90.0,94.0,50.0,50.0,,,false_negative+confidence_error,,trust_weighted_fusion,move,confidence,0.0,0.0,,0,0,30.876,8.407,26.634,uav_0,8.407,False,False,False,False,False,1,"[{""id"": ""obstacle_0"", ""kind"": ""static_obstacle"", ""x"": 50.0, ""y"": 50.0, ""radius"": 5.0}]"
safety_margin_confidence,363,72.6,2,83.179,82.171,86.0,90.0,50.0,50.0,,,false_negative+confidence_error,,trust_weighted_fusion,move,confidence,0.0,0.0,,0,0,8.321,6.343,41.215,uav_3,6.343,False,False,False,False,False,1,"[{""id"": ""obstacle_0"", ""kind"": ""static_obstacle"", ""x"": 50.0, ""y"": 50.0, ""radius"": 5.0}]"
safety_margin_confidence,363,72.6,3,89.135,84.351,90.0,86.0,50.0,50.0,,,none,,trust_weighted_fusion,at_goal,confidence,0.0,0.0,,0,0,1.862,6.343,47.073,uav_2,6.343,False,False,False,False,True,1,"[{""id"": ""obstacle_0"", ""kind"": ""static_obstacle"", ""x"": 50.0, ""y"": 50.0, ""radius"": 5.0}]"
safety_margin_confidence,364,72.8,0,83.747,71.73,94.0,90.0,50.0,50.0,,,false_negative+position_noise+confidence_error,,trust_weighted_fusion,move,confidence,2.276,0.7759999999999998,,2,0,20.95,8.383,35.138,uav_1,8.383,False,False,False,False,False,1,"[{""id"": ""obstacle_0"", ""kind"": ""static_obstacle"", ""x"": 50.0, ""y"": 50.0, ""radius"": 5.0}]"
safety_margin_confidence,364,72.8,1,77.53,66.106,90.0,94.0,50.0,50.0,,,position_noise+confidence_error,,trust_weighted_fusion,move,confidence,1.562,0.062000000000000055,,1,0,30.554,8.383,26.895,uav_0,8.383,False,False,False,False,False,1,"[{""id"": ""obstacle_0"", ""kind"": ""static_obstacle"", ""x"": 50.0, ""y"": 50.0, ""radius"": 5.0}]"
safety_margin_confidence,364,72.8,2,83.284,82.463,86.0,90.0,50.0,50.0,,,false_negative+position_noise+confidence_error,,trust_weighted_fusion,move,confidence,1.808,0.30800000000000005,,1,0,8.012,6.149,41.493,uav_3,6.149,False,False,False,False,False,1,"[{""id"": ""obstacle_0"", ""kind"": ""static_obstacle"", ""x"": 50.0, ""y"": 50.0, ""radius"": 5.0}]"
safety_margin_confidence,364,72.8,3,89.135,84.351,90.0,86.0,50.0,50.0,,,none,,trust_weighted_fusion,at_goal,confidence,0.0,0.0,,0,0,1.862,6.149,47.073,uav_2,6.149,False,False,False,False,True,1,"[{""id"": ""obstacle_0"", ""kind"": ""static_obstacle"", ""x"": 50.0, ""y"": 50.0, ""radius"": 5.0}]"
safety_margin_confidence,365,73.0,0,83.895,71.994,94.0,90.0,50.0,50.0,,,false_negative+position_noise+confidence_error,,trust_weighted_fusion,move,confidence,1.962,0.46199999999999997,,2,0,20.648,8.372,35.405,uav_1,8.372,False,False,False,False,False,1,"[{""id"": ""obstacle_0"", ""kind"": ""static_obstacle"", ""x"": 50.0, ""y"": 50.0, ""radius"": 5.0}]"
safety_margin_confidence,365,73.0,1,77.663,66.403,90.0,94.0,50.0,50.0,,,position_noise+confidence_error,,trust_weighted_fusion,move,confidence,1.502,0.0020000000000000018,,1,0,30.229,8.372,27.16,uav_0,8.372,False,False,False,False,False,1,"[{""id"": ""obstacle_0"", ""kind"": ""static_obstacle"", ""x"": 50.0, ""y"": 50.0, ""radius"": 5.0}]"
safety_margin_confidence,365,73.0,2,83.402,82.791,86.0,90.0,50.0,50.0,,,position_noise+confidence_error,,trust_weighted_fusion,move,confidence,1.016,0.0,,2,0,7.663,5.942,41.808,uav_3,5.942,False,False,False,False,False,1,"[{""id"": ""obstacle_0"", ""kind"": ""static_obstacle"", ""x"": 50.0, ""y"": 50.0, ""radius"": 5.0}]"
safety_margin_confidence,365,73.0,3,89.135,84.351,90.0,86.0,50.0,50.0,,,none,,trust_weighted_fusion,at_goal,confidence,0.0,0.0,,0,0,1.862,5.942,47.073,uav_2,5.942,False,False,False,False,True,1,"[{""id"": ""obstacle_0"", ""kind"": ""static_obstacle"", ""x"": 50.0, ""y"": 50.0, ""radius"": 5.0}]"
safety_margin_confidence,366,73.2,0,84.047,72.266,94.0,90.0,50.0,50.0,,,false_negative+position_noise+confidence_error,,trust_weighted_fusion,move,confidence,1.756,0.256,,2,0,20.336,8.365,35.682,uav_1,8.365,False,False,False,False,False,1,"[{""id"": ""obstacle_0"", ""kind"": ""static_obstacle"", ""x"": 50.0, ""y"": 50.0, ""radius"": 5.0}]"
safety_margin_confidence,366,73.2,1,77.798,66.705,90.0,94.0,50.0,50.0,,,position_noise+confidence_error,,trust_weighted_fusion,move,confidence,1.372,0.0,,1,0,29.898,8.365,27.431,uav_0,8.365,False,False,False,False,False,1,"[{""id"": ""obstacle_0"", ""kind"": ""static_obstacle"", ""x"": 50.0, ""y"": 50.0, ""radius"": 5.0}]"
safety_margin_confidence,366,73.2,2,83.505,83.077,86.0,90.0,50.0,50.0,,,position_noise+confidence_error,,trust_weighted_fusion,move,confidence,1.932,0.43199999999999994,,2,0,7.359,5.773,42.081,uav_3,5.773,False,False,False,False,False,1,"[{""id"": ""obstacle_0"", ""kind"": ""static_obstacle"", ""x"": 50.0, ""y"": 50.0, ""radius"": 5.0}]"
safety_margin_confidence,366,73.2,3,89.135,84.351,90.0,86.0,50.0,50.0,,,none,,trust_weighted_fusion,at_goal,confidence,0.0,0.0,,0,0,1.862,5.773,47.073,uav_2,5.773,False,False,False,False,True,1,"[{""id"": ""obstacle_0"", ""kind"": ""static_obstacle"", ""x"": 50.0, ""y"": 50.0, ""radius"": 5.0}]"
safety_margin_confidence,367,73.4,0,84.194,72.528,94.0,90.0,50.0,50.0,,,position_noise+confidence_error,,trust_weighted_fusion,move,confidence,1.996,0.496,,3,0,20.036,8.391,35.948,uav_1,8.391,False,False,False,False,False,1,"[{""id"": ""obstacle_0"", ""kind"": ""static_obstacle"", ""x"": 50.0, ""y"": 50.0, ""radius"": 5.0}]"
safety_margin_confidence,367,73.4,1,77.913,66.964,90.0,94.0,50.0,50.0,,,position_noise+confidence_error,,trust_weighted_fusion,move,confidence,2.33,0.8300000000000001,,1,0,29.615,8.391,27.664,uav_0,8.391,False,False,False,False,False,1,"[{""id"": ""obstacle_0"", ""kind"": ""static_obstacle"", ""x"": 50.0, ""y"": 50.0, ""radius"": 5.0}]"
safety_margin_confidence,367,73.4,2,83.606,83.358,86.0,90.0,50.0,50.0,,,false_negative+position_noise+confidence_error,,trust_weighted_fusion,move,confidence,2.02,0.52,,1,0,7.06,5.617,42.351,uav_3,5.617,False,False,False,False,False,1,"[{""id"": ""obstacle_0"", ""kind"": ""static_obstacle"", ""x"": 50.0, ""y"": 50.0, ""radius"": 5.0}]"
safety_margin_confidence,367,73.4,3,89.135,84.351,90.0,86.0,50.0,50.0,,,none,,trust_weighted_fusion,at_goal,confidence,0.0,0.0,,0,0,1.862,5.617,47.073,uav_2,5.617,False,False,False,False,True,1,"[{""id"": ""obstacle_0"", ""kind"": ""static_obstacle"", ""x"": 50.0, ""y"": 50.0, ""radius"": 5.0}]"
safety_margin_confidence,368,73.6,0,84.336,72.78,94.0,90.0,50.0,50.0,,,position_noise+confidence_error,,trust_weighted_fusion,move,confidence,2.202,0.702,,3,0,19.746,8.375,36.206,uav_1,8.375,False,False,False,False,False,1,"[{""id"": ""obstacle_0"", ""kind"": ""static_obstacle"", ""x"": 50.0, ""y"": 50.0, ""radius"": 5.0}]"
safety_margin_confidence,368,73.6,1,78.043,67.254,90.0,94.0,50.0,50.0,,,position_noise+confidence_error,,trust_weighted_fusion,move,confidence,1.654,0.15399999999999991,,1,0,29.297,8.375,27.926,uav_0,8.375,False,False,False,False,False,1,"[{""id"": ""obstacle_0"", ""kind"": ""static_obstacle"", ""x"": 50.0, ""y"": 50.0, ""radius"": 5.0}]"
safety_margin_confidence,368,73.6,2,83.711,83.648,86.0,90.0,50.0,50.0,,,position_noise+confidence_error,,trust_weighted_fusion,move,confidence,1.828,0.32800000000000007,,2,0,6.752,5.47,42.63,uav_3,5.47,False,False,False,False,False,1,"[{""id"": ""obstacle_0"", ""kind"": ""static_obstacle"", ""x"": 50.0, ""y"": 50.0, ""radius"": 5.0}]"
safety_margin_confidence,368,73.6,3,89.135,84.351,90.0,86.0,50.0,50.0,,,none,,trust_weighted_fusion,at_goal,confidence,0.0,0.0,,0,0,1.862,5.47,47.073,uav_2,5.47,False,False,False,False,True,1,"[{""id"": ""obstacle_0"", ""kind"": ""static_obstacle"", ""x"": 50.0, ""y"": 50.0, ""radius"": 5.0}]"
safety_margin_confidence,369,73.8,0,84.49,73.055,94.0,90.0,50.0,50.0,,,false_negative+position_noise+confidence_error,,trust_weighted_fusion,move,confidence,1.696,0.19599999999999995,,2,0,19.431,8.309,36.487,uav_1,8.309,False,False,False,False,False,1,"[{""id"": ""obstacle_0"", ""kind"": ""static_obstacle"", ""x"": 50.0, ""y"": 50.0, ""radius"": 5.0}]"
safety_margin_confidence,369,73.8,1,78.206,67.619,90.0,94.0,50.0,50.0,,,false_negative+confidence_error,,trust_weighted_fusion,move,confidence,0.0,0.0,,0,0,28.897,8.309,28.257,uav_0,8.309,False,False,False,False,False,1,"[{""id"": ""obstacle_0"", ""kind"": ""static_obstacle"", ""x"": 50.0, ""y"": 50.0, ""radius"": 5.0}]"
safety_margin_confidence,369,73.8,2,83.816,83.939,86.0,90.0,50.0,50.0,,,false_negative+position_noise+confidence_error,,trust_weighted_fusion,move,confidence,1.824,0.32400000000000007,,1,0,6.443,5.336,42.91,uav_3,5.336,False,False,False,False,False,1,"[{""id"": ""obstacle_0"", ""kind"": ""static_obstacle"", ""x"": 50.0, ""y"": 50.0, ""radius"": 5.0}]"
safety_margin_confidence,369,73.8,3,89.135,84.351,90.0,86.0,50.0,50.0,,,none,,trust_weighted_fusion,at_goal,confidence,0.0,0.0,,0,0,1.862,5.336,47.073,uav_2,5.336,False,False,False,False,True,1,"[{""id"": ""obstacle_0"", ""kind"": ""static_obstacle"", ""x"": 50.0, ""y"": 50.0, ""radius"": 5.0}]"
safety_margin_confidence,370,74.0,0,84.647,73.333,94.0,90.0,50.0,50.0,,,position_noise+confidence_error,,trust_weighted_fusion,move,confidence,1.622,0.12200000000000011,,3,0,19.112,8.247,36.771,uav_1,8.247,False,False,False,False,False,1,"[{""id"": ""obstacle_0"", ""kind"": ""static_obstacle"", ""x"": 50.0, ""y"": 50.0, ""radius"": 5.0}]"
safety_margin_confidence,370,74.0,1,78.369,67.984,90.0,94.0,50.0,50.0,,,dropout+confidence_error,,trust_weighted_fusion,move,confidence,0.0,0.0,,0,0,28.497,8.247,28.59,uav_0,8.247,False,False,False,False,False,1,"[{""id"": ""obstacle_0"", ""kind"": ""static_obstacle"", ""x"": 50.0, ""y"": 50.0, ""radius"": 5.0}]"
safety_margin_confidence,370,74.0,2,83.921,84.23,86.0,90.0,50.0,50.0,,,false_negative+position_noise+confidence_error,,trust_weighted_fusion,move,confidence,1.804,0.30400000000000005,,1,0,6.133,5.216,43.19,uav_3,5.216,False,False,False,False,False,1,"[{""id"": ""obstacle_0"", ""kind"": ""static_obstacle"", ""x"": 50.0, ""y"": 50.0, ""radius"": 5.0}]"
safety_margin_confidence,370,74.0,3,89.135,84.351,90.0,86.0,50.0,50.0,,,none,,trust_weighted_fusion,at_goal,confidence,0.0,0.0,,0,0,1.862,5.216,47.073,uav_2,5.216,False,False,False,False,True,1,"[{""id"": ""obstacle_0"", ""kind"": ""static_obstacle"", ""x"": 50.0, ""y"": 50.0, ""radius"": 5.0}]"
safety_margin_confidence,371,74.2,0,84.786,73.582,94.0,90.0,50.0,50.0,,,position_noise+confidence_error,,trust_weighted_fusion,move,confidence,2.296,0.7959999999999998,,3,0,18.827,8.154,37.026,uav_1,8.154,False,False,False,False,False,1,"[{""id"": ""obstacle_0"", ""kind"": ""static_obstacle"", ""x"": 50.0, ""y"": 50.0, ""radius"": 5.0}]"
safety_margin_confidence,371,74.2,1,78.533,68.349,90.0,94.0,50.0,50.0,,,dropout+confidence_error,,trust_weighted_fusion,move,confidence,0.0,0.0,,0,0,28.097,8.154,28.924,uav_0,8.154,False,False,False,False,False,1,"[{""id"": ""obstacle_0"", ""kind"": ""static_obstacle"", ""x"": 50.0, ""y"": 50.0, ""radius"": 5.0}]"
safety_margin_confidence,371,74.2,2,84.029,84.53,86.0,90.0,50.0,50.0,,,false_negative+position_noise+confidence_error,,trust_weighted_fusion,move,confidence,1.622,0.12200000000000011,,1,0,5.814,5.11,43.48,uav_3,5.11,False,False,False,False,False,1,"[{""id"": ""obstacle_0"", ""kind"": ""static_obstacle"", ""x"": 50.0, ""y"": 50.0, ""radius"": 5.0}]"
safety_margin_confidence,371,74.2,3,89.135,84.351,90.0,86.0,50.0,50.0,,,none,,trust_weighted_fusion,at_goal,confidence,0.0,0.0,,0,0,1.862,5.11,47.073,uav_2,5.11,False,False,False,False,True,1,"[{""id"": ""obstacle_0"", ""kind"": ""static_obstacle"", ""x"": 50.0, ""y"": 50.0, ""radius"": 5.0}]"
safety_margin_confidence,372,74.4,0,84.95,73.875,94.0,90.0,50.0,50.0,,,false_negative+position_noise+confidence_error,,trust_weighted_fusion,move,confidence,1.292,0.0,,1,0,18.491,8.108,37.326,uav_1,8.108,False,False,False,False,False,1,"[{""id"": ""obstacle_0"", ""kind"": ""static_obstacle"", ""x"": 50.0, ""y"": 50.0, ""radius"": 5.0}]"
safety_margin_confidence,372,74.4,1,78.696,68.715,90.0,94.0,50.0,50.0,,,dropout+confidence_error,,trust_weighted_fusion,move,confidence,0.0,0.0,,0,0,27.697,8.108,29.259,uav_0,8.108,False,False,False,False,False,1,"[{""id"": ""obstacle_0"", ""kind"": ""static_obstacle"", ""x"": 50.0, ""y"": 50.0, ""radius"": 5.0}]"
safety_margin_confidence,372,74.4,2,84.144,84.851,86.0,90.0,50.0,50.0,,,false_negative+position_noise+confidence_error,,trust_weighted_fusion,move,confidence,1.182,0.0,,1,0,5.473,5.016,43.79,uav_3,5.016,False,False,False,False,False,1,"[{""id"": ""obstacle_0"", ""kind"": ""static_obstacle"", ""x"": 50.0, ""y"": 50.0, ""radius"": 5.0}]"
safety_margin_confidence,372,74.4,3,89.135,84.351,90.0,86.0,50.0,50.0,,,none,,trust_weighted_fusion,at_goal,confidence,0.0,0.0,,0,0,1.862,5.016,47.073,uav_2,5.016,False,False,False,False,True,1,"[{""id"": ""obstacle_0"", ""kind"": ""static_obstacle"", ""x"": 50.0, ""y"": 50.0, ""radius"": 5.0}]"
safety_margin_confidence,373,74.6,0,85.091,74.126,94.0,90.0,50.0,50.0,,,false_negative+position_noise+confidence_error,,trust_weighted_fusion,move,confidence,2.24,0.7400000000000002,,2,0,18.203,8.019,37.585,uav_1,8.019,False,False,False,False,False,1,"[{""id"": ""obstacle_0"", ""kind"": ""static_obstacle"", ""x"": 50.0, ""y"": 50.0, ""radius"": 5.0}]"
safety_margin_confidence,373,74.6,1,78.859,69.08,90.0,94.0,50.0,50.0,,,dropout+confidence_error,,trust_weighted_fusion,move,confidence,0.0,0.0,,0,0,27.297,8.019,29.596,uav_0,8.019,False,False,False,False,False,1,"[{""id"": ""obstacle_0"", ""kind"": ""static_obstacle"", ""x"": 50.0, ""y"": 50.0, ""radius"": 5.0}]"
safety_margin_confidence,373,74.6,2,84.252,85.149,86.0,90.0,50.0,50.0,,,false_negative+position_noise+confidence_error,,trust_weighted_fusion,move,confidence,1.664,0.16399999999999992,,1,0,5.156,4.948,44.078,uav_3,4.948,False,False,False,False,False,1,"[{""id"": ""obstacle_0"", ""kind"": ""static_obstacle"", ""x"": 50.0, ""y"": 50.0, ""radius"": 5.0}]"
safety_margin_confidence,373,74.6,3,89.135,84.351,90.0,86.0,50.0,50.0,,,none,,trust_weighted_fusion,at_goal,confidence,0.0,0.0,,0,0,1.862,4.948,47.073,uav_2,4.948,False,False,False,False,True,1,"[{""id"": ""obstacle_0"", ""kind"": ""static_obstacle"", ""x"": 50.0, ""y"": 50.0, ""radius"": 5.0}]"
safety_margin_confidence,374,74.8,0,85.233,74.378,94.0,90.0,50.0,50.0,,,false_negative+position_noise+confidence_error,,trust_weighted_fusion,move,confidence,2.218,0.718,,2,0,17.914,7.931,37.844,uav_1,7.931,False,False,False,False,False,1,"[{""id"": ""obstacle_0"", ""kind"": ""static_obstacle"", ""x"": 50.0, ""y"": 50.0, ""radius"": 5.0}]"
safety_margin_confidence,374,74.8,1,79.022,69.445,90.0,94.0,50.0,50.0,,,dropout+confidence_error,,trust_weighted_fusion,move,confidence,0.0,0.0,,0,0,26.897,7.931,29.934,uav_0,7.931,False,False,False,False,False,1,"[{""id"": ""obstacle_0"", ""kind"": ""static_obstacle"", ""x"": 50.0, ""y"": 50.0, ""radius"": 5.0}]"
safety_margin_confidence,374,74.8,2,84.354,85.431,86.0,90.0,50.0,50.0,,,position_noise+confidence_error,,trust_weighted_fusion,move,confidence,1.994,0.494,,2,0,4.856,4.902,44.351,uav_3,4.902,False,False,False,False,False,1,"[{""id"": ""obstacle_0"", ""kind"": ""static_obstacle"", ""x"": 50.0, ""y"": 50.0, ""radius"": 5.0}]"
safety_margin_confidence,374,74.8,3,89.135,84.351,90.0,86.0,50.0,50.0,,,none,,trust_weighted_fusion,at_goal,confidence,0.0,0.0,,0,0,1.862,4.902,47.073,uav_2,4.902,False,False,False,False,True,1,"[{""id"": ""obstacle_0"", ""kind"": ""static_obstacle"", ""x"": 50.0, ""y"": 50.0, ""radius"": 5.0}]"
safety_margin_confidence,375,75.0,0,85.374,74.629,94.0,90.0,50.0,50.0,,,false_negative+position_noise+confidence_error,,trust_weighted_fusion,move,confidence,2.242,0.742,,1,0,17.626,8.184,38.103,uav_1,8.184,False,False,False,False,False,1,"[{""id"": ""obstacle_0"", ""kind"": ""static_obstacle"", ""x"": 50.0, ""y"": 50.0, ""radius"": 5.0}]"
safety_margin_confidence,375,75.0,1,79.24,69.211,90.0,94.0,50.0,50.0,,,position_noise+confidence_error,,trust_weighted_fusion,avoidance,confidence,1.622,0.12200000000000011,,1,0,27.023,8.184,29.986,uav_0,8.184,False,False,False,False,False,1,"[{""id"": ""obstacle_0"", ""kind"": ""static_obstacle"", ""x"": 50.0, ""y"": 50.0, ""radius"": 5.0}]"
safety_margin_confidence,375,75.0,2,84.457,85.719,86.0,90.0,50.0,50.0,,,false_negative+position_noise+confidence_error,,trust_weighted_fusion,move,confidence,1.89,0.3899999999999999,,1,0,4.551,4.874,44.63,uav_3,4.874,False,False,False,False,False,1,"[{""id"": ""obstacle_0"", ""kind"": ""static_obstacle"", ""x"": 50.0, ""y"": 50.0, ""radius"": 5.0}]"
safety_margin_confidence,375,75.0,3,89.135,84.351,90.0,86.0,50.0,50.0,,,none,,trust_weighted_fusion,at_goal,confidence,0.0,0.0,,0,0,1.862,4.874,47.073,uav_2,4.874,False,False,False,False,True,1,"[{""id"": ""obstacle_0"", ""kind"": ""static_obstacle"", ""x"": 50.0, ""y"": 50.0, ""radius"": 5.0}]"
safety_margin_confidence,376,75.2,0,85.524,74.897,94.0,90.0,50.0,50.0,,,false_negative+position_noise+confidence_error,,trust_weighted_fusion,move,confidence,1.848,0.3480000000000001,,2,0,17.319,8.112,38.38,uav_1,8.112,False,False,False,False,False,1,"[{""id"": ""obstacle_0"", ""kind"": ""static_obstacle"", ""x"": 50.0, ""y"": 50.0, ""radius"": 5.0}]"
safety_margin_confidence,376,75.2,1,79.399,69.578,90.0,94.0,50.0,50.0,,,false_negative+confidence_error,,trust_weighted_fusion,move,confidence,0.0,0.0,,0,0,26.623,8.112,30.322,uav_0,8.112,False,False,False,False,False,1,"[{""id"": ""obstacle_0"", ""kind"": ""static_obstacle"", ""x"": 50.0, ""y"": 50.0, ""radius"": 5.0}]"
safety_margin_confidence,376,75.2,2,84.562,86.01,86.0,90.0,50.0,50.0,,,false_negative+position_noise+confidence_error,,trust_weighted_fusion,move,confidence,1.8,0.30000000000000004,,1,0,4.241,4.865,44.913,uav_3,4.865,False,False,False,False,False,1,"[{""id"": ""obstacle_0"", ""kind"": ""static_obstacle"", ""x"": 50.0, ""y"": 50.0, ""radius"": 5.0}]"
safety_margin_confidence,376,75.2,3,89.135,84.351,90.0,86.0,50.0,50.0,,,none,,trust_weighted_fusion,at_goal,confidence,0.0,0.0,,0,0,1.862,4.865,47.073,uav_2,4.865,False,False,False,False,True,1,"[{""id"": ""obstacle_0"", ""kind"": ""static_obstacle"", ""x"": 50.0, ""y"": 50.0, ""radius"": 5.0}]"
safety_margin_confidence,377,75.4,0,85.674,75.164,94.0,90.0,50.0,50.0,,,position_noise+confidence_error,,trust_weighted_fusion,move,confidence,1.886,0.3859999999999999,,3,0,17.013,8.116,38.656,uav_1,8.116,False,False,False,False,False,1,"[{""id"": ""obstacle_0"", ""kind"": ""static_obstacle"", ""x"": 50.0, ""y"": 50.0, ""radius"": 5.0}]"
safety_margin_confidence,377,75.4,1,79.524,69.867,90.0,94.0,50.0,50.0,,,position_noise+confidence_error,,trust_weighted_fusion,move,confidence,1.702,0.20199999999999996,,1,0,26.308,8.116,30.587,uav_0,8.116,False,False,False,False,False,1,"[{""id"": ""obstacle_0"", ""kind"": ""static_obstacle"", ""x"": 50.0, ""y"": 50.0, ""radius"": 5.0}]"
safety_margin_confidence,377,75.4,2,84.236,85.953,86.0,90.0,50.0,50.0,,,position_noise+confidence_error,,trust_weighted_fusion,avoidance,confidence,1.362,0.0,,2,0,4.415,5.155,44.645,uav_3,5.155,False,False,False,False,False,1,"[{""id"": ""obstacle_0"", ""kind"": ""static_obstacle"", ""x"": 50.0, ""y"": 50.0, ""radius"": 5.0}]"
safety_margin_confidence,377,75.4,3,89.135,84.351,90.0,86.0,50.0,50.0,,,none,,trust_weighted_fusion,at_goal,confidence,0.0,0.0,,0,0,1.862,5.155,47.073,uav_2,5.155,False,False,False,False,True,1,"[{""id"": ""obstacle_0"", ""kind"": ""static_obstacle"", ""x"": 50.0, ""y"": 50.0, ""radius"": 5.0}]"
safety_margin_confidence,378,75.6,0,85.837,75.455,94.0,90.0,50.0,50.0,,,false_negative+position_noise+confidence_error,,trust_weighted_fusion,move,confidence,1.332,0.0,,1,0,16.68,8.069,38.957,uav_1,8.069,False,False,False,False,False,1,"[{""id"": ""obstacle_0"", ""kind"": ""static_obstacle"", ""x"": 50.0, ""y"": 50.0, ""radius"": 5.0}]"
safety_margin_confidence,378,75.6,1,79.684,70.234,90.0,94.0,50.0,50.0,,,false_negative+confidence_error,,trust_weighted_fusion,move,confidence,0.0,0.0,,0,0,25.908,8.069,30.924,uav_0,8.069,False,False,False,False,False,1,"[{""id"": ""obstacle_0"", ""kind"": ""static_obstacle"", ""x"": 50.0, ""y"": 50.0, ""radius"": 5.0}]"
safety_margin_confidence,378,75.6,2,84.355,86.227,86.0,90.0,50.0,50.0,,,position_noise+confidence_error,,trust_weighted_fusion,move,confidence,2.004,0.504,,2,0,4.116,5.135,44.927,uav_3,5.135,False,False,False,False,False,1,"[{""id"": ""obstacle_0"", ""kind"": ""static_obstacle"", ""x"": 50.0, ""y"": 50.0, ""radius"": 5.0}]"
safety_margin_confidence,378,75.6,3,89.135,84.351,90.0,86.0,50.0,50.0,,,none,,trust_weighted_fusion,at_goal,confidence,0.0,0.0,,0,0,1.862,5.135,47.073,uav_2,5.135,False,False,False,False,True,1,"[{""id"": ""obstacle_0"", ""kind"": ""static_obstacle"", ""x"": 50.0, ""y"": 50.0, ""radius"": 5.0}]"
safety_margin_confidence,379,75.8,0,85.987,75.723,94.0,90.0,50.0,50.0,,,false_negative+position_noise+confidence_error,,trust_weighted_fusion,move,confidence,1.852,0.3520000000000001,,2,0,16.372,8.055,39.235,uav_1,8.055,False,False,False,False,False,1,"[{""id"": ""obstacle_0"", ""kind"": ""static_obstacle"", ""x"": 50.0, ""y"": 50.0, ""radius"": 5.0}]"
safety_margin_confidence,379,75.8,1,79.818,70.543,90.0,94.0,50.0,50.0,,,position_noise+confidence_error,,trust_weighted_fusion,move,confidence,1.26,0.0,,1,0,25.571,8.055,31.21,uav_0,8.055,False,False,False,False,False,1,"[{""id"": ""obstacle_0"", ""kind"": ""static_obstacle"", ""x"": 50.0, ""y"": 50.0, ""radius"": 5.0}]"
safety_margin_confidence,379,75.8,2,84.047,86.276,86.0,90.0,50.0,50.0,,,false_negative+position_noise+confidence_error,,trust_weighted_fusion,avoidance,confidence,1.748,0.248,,1,0,4.205,5.441,44.751,uav_3,5.441,False,False,False,False,False,1,"[{""id"": ""obstacle_0"", ""kind"": ""static_obstacle"", ""x"": 50.0, ""y"": 50.0, ""radius"": 5.0}]"
safety_margin_confidence,379,75.8,3,89.135,84.351,90.0,86.0,50.0,50.0,,,none,,trust_weighted_fusion,at_goal,confidence,0.0,0.0,,0,0,1.862,5.441,47.073,uav_2,5.441,False,False,False,False,True,1,"[{""id"": ""obstacle_0"", ""kind"": ""static_obstacle"", ""x"": 50.0, ""y"": 50.0, ""radius"": 5.0}]"
safety_margin_confidence,380,76.0,0,86.152,76.015,94.0,90.0,50.0,50.0,,,false_negative+position_noise+confidence_error,,trust_weighted_fusion,move,confidence,1.29,0.0,,2,0,16.037,8.011,39.539,uav_1,8.011,False,False,False,False,False,1,"[{""id"": ""obstacle_0"", ""kind"": ""static_obstacle"", ""x"": 50.0, ""y"": 50.0, ""radius"": 5.0}]"
safety_margin_confidence,380,76.0,1,79.977,70.91,90.0,94.0,50.0,50.0,,,false_negative+confidence_error,,trust_weighted_fusion,move,confidence,0.0,0.0,,0,0,25.171,8.011,31.55,uav_0,8.011,False,False,False,False,False,1,"[{""id"": ""obstacle_0"", ""kind"": ""static_obstacle"", ""x"": 50.0, ""y"": 50.0, ""radius"": 5.0}]"
safety_margin_confidence,380,76.0,2,84.196,86.561,86.0,90.0,50.0,50.0,,,position_noise+confidence_error,,trust_weighted_fusion,move,confidence,1.576,0.07600000000000007,,2,0,3.884,5.411,45.06,uav_3,5.411,False,False,False,False,False,1,"[{""id"": ""obstacle_0"", ""kind"": ""static_obstacle"", ""x"": 50.0, ""y"": 50.0, ""radius"": 5.0}]"
safety_margin_confidence,380,76.0,3,89.135,84.351,90.0,86.0,50.0,50.0,,,none,,trust_weighted_fusion,at_goal,confidence,0.0,0.0,,0,0,1.862,5.411,47.073,uav_2,5.411,False,False,False,False,True,1,"[{""id"": ""obstacle_0"", ""kind"": ""static_obstacle"", ""x"": 50.0, ""y"": 50.0, ""radius"": 5.0}]"
safety_margin_confidence,381,76.2,0,86.308,76.294,94.0,90.0,50.0,50.0,,,false_negative+position_noise+confidence_error,,trust_weighted_fusion,move,confidence,1.604,0.10400000000000009,,2,0,15.717,7.989,39.829,uav_1,7.989,False,False,False,False,False,1,"[{""id"": ""obstacle_0"", ""kind"": ""static_obstacle"", ""x"": 50.0, ""y"": 50.0, ""radius"": 5.0}]"
safety_margin_confidence,381,76.2,1,80.121,71.241,90.0,94.0,50.0,50.0,,,position_noise+confidence_error,,trust_weighted_fusion,move,confidence,0.798,0.0,,1,0,24.811,7.989,31.857,uav_0,7.989,False,False,False,False,False,1,"[{""id"": ""obstacle_0"", ""kind"": ""static_obstacle"", ""x"": 50.0, ""y"": 50.0, ""radius"": 5.0}]"
safety_margin_confidence,381,76.2,2,84.335,86.826,86.0,90.0,50.0,50.0,,,false_negative+position_noise+confidence_error,,trust_weighted_fusion,move,confidence,2.012,0.512,,1,0,3.585,5.401,45.349,uav_3,5.401,False,False,False,False,False,1,"[{""id"": ""obstacle_0"", ""kind"": ""static_obstacle"", ""x"": 50.0, ""y"": 50.0, ""radius"": 5.0}]"
safety_margin_confidence,381,76.2,3,89.135,84.351,90.0,86.0,50.0,50.0,,,none,,trust_weighted_fusion,at_goal,confidence,0.0,0.0,,0,0,1.862,5.401,47.073,uav_2,5.401,False,False,False,False,True,1,"[{""id"": ""obstacle_0"", ""kind"": ""static_obstacle"", ""x"": 50.0, ""y"": 50.0, ""radius"": 5.0}]"
safety_margin_confidence,382,76.4,0,86.471,76.584,94.0,90.0,50.0,50.0,,,false_negative+position_noise+confidence_error,,trust_weighted_fusion,move,confidence,1.348,0.0,,1,0,15.384,7.943,40.131,uav_1,7.943,False,False,False,False,False,1,"[{""id"": ""obstacle_0"", ""kind"": ""static_obstacle"", ""x"": 50.0, ""y"": 50.0, ""radius"": 5.0}]"
safety_margin_confidence,382,76.4,1,80.28,71.607,90.0,94.0,50.0,50.0,,,false_negative+confidence_error,,trust_weighted_fusion,move,confidence,0.0,0.0,,0,0,24.411,7.943,32.199,uav_0,7.943,False,False,False,False,False,1,"[{""id"": ""obstacle_0"", ""kind"": ""static_obstacle"", ""x"": 50.0, ""y"": 50.0, ""radius"": 5.0}]"
safety_margin_confidence,382,76.4,2,84.478,87.098,86.0,90.0,50.0,50.0,,,false_negative+position_noise+confidence_error,,trust_weighted_fusion,move,confidence,1.84,0.3400000000000001,,1,0,3.277,5.407,45.646,uav_3,5.407,False,False,False,False,False,1,"[{""id"": ""obstacle_0"", ""kind"": ""static_obstacle"", ""x"": 50.0, ""y"": 50.0, ""radius"": 5.0}]"
safety_margin_confidence,382,76.4,3,89.135,84.351,90.0,86.0,50.0,50.0,,,none,,trust_weighted_fusion,at_goal,confidence,0.0,0.0,,0,0,1.862,5.407,47.073,uav_2,5.407,False,False,False,False,True,1,"[{""id"": ""obstacle_0"", ""kind"": ""static_obstacle"", ""x"": 50.0, ""y"": 50.0, ""radius"": 5.0}]"
safety_margin_confidence,383,76.6,0,86.634,76.875,94.0,90.0,50.0,50.0,,,position_noise+confidence_error,,trust_weighted_fusion,move,confidence,1.326,0.0,,3,0,15.051,7.883,40.435,uav_3,7.883,False,False,False,False,False,1,"[{""id"": ""obstacle_0"", ""kind"": ""static_obstacle"", ""x"": 50.0, ""y"": 50.0, ""radius"": 5.0}]"
safety_margin_confidence,383,76.6,1,80.402,71.889,90.0,94.0,50.0,50.0,,,position_noise+confidence_error,,trust_weighted_fusion,move,confidence,1.858,0.3580000000000001,,1,0,24.104,7.981,32.462,uav_0,7.981,False,False,False,False,False,1,"[{""id"": ""obstacle_0"", ""kind"": ""static_obstacle"", ""x"": 50.0, ""y"": 50.0, ""radius"": 5.0}]"
safety_margin_confidence,383,76.6,2,84.635,87.398,86.0,90.0,50.0,50.0,,,false_negative+position_noise+confidence_error,,trust_weighted_fusion,move,confidence,1.244,0.0,,1,0,2.939,5.435,45.972,uav_3,5.435,False,False,False,False,False,1,"[{""id"": ""obstacle_0"", ""kind"": ""static_obstacle"", ""x"": 50.0, ""y"": 50.0, ""radius"": 5.0}]"
safety_margin_confidence,383,76.6,3,89.135,84.351,90.0,86.0,50.0,50.0,,,none,,trust_weighted_fusion,at_goal,confidence,0.0,0.0,,0,0,1.862,5.435,47.073,uav_2,5.435,False,False,False,False,True,1,"[{""id"": ""obstacle_0"", ""kind"": ""static_obstacle"", ""x"": 50.0, ""y"": 50.0, ""radius"": 5.0}]"
safety_margin_confidence,384,76.8,0,86.789,77.151,94.0,90.0,50.0,50.0,,,false_negative+position_noise+confidence_error,,trust_weighted_fusion,move,confidence,1.68,0.17999999999999994,,2,0,14.735,7.573,40.723,uav_3,7.573,False,False,False,False,False,1,"[{""id"": ""obstacle_0"", ""kind"": ""static_obstacle"", ""x"": 50.0, ""y"": 50.0, ""radius"": 5.0}]"
safety_margin_confidence,384,76.8,1,80.53,72.184,90.0,94.0,50.0,50.0,,,position_noise+confidence_error,,trust_weighted_fusion,move,confidence,1.564,0.06400000000000006,,1,0,23.782,7.99,32.739,uav_0,7.99,False,False,False,False,False,1,"[{""id"": ""obstacle_0"", ""kind"": ""static_obstacle"", ""x"": 50.0, ""y"": 50.0, ""radius"": 5.0}]"
safety_margin_confidence,384,76.8,2,84.789,87.691,86.0,90.0,50.0,50.0,,,position_noise+confidence_error,,trust_weighted_fusion,move,confidence,1.37,0.0,,2,0,2.607,5.482,46.292,uav_3,5.482,False,False,False,False,False,1,"[{""id"": ""obstacle_0"", ""kind"": ""static_obstacle"", ""x"": 50.0, ""y"": 50.0, ""radius"": 5.0}]"
safety_margin_confidence,384,76.8,3,89.135,84.351,90.0,86.0,50.0,50.0,,,none,,trust_weighted_fusion,at_goal,confidence,0.0,0.0,,0,0,1.862,5.482,47.073,uav_2,5.482,False,False,False,False,True,1,"[{""id"": ""obstacle_0"", ""kind"": ""static_obstacle"", ""x"": 50.0, ""y"": 50.0, ""radius"": 5.0}]"
safety_margin_confidence,385,77.0,0,86.945,77.43,94.0,90.0,50.0,50.0,,,false_negative+position_noise+confidence_error,,trust_weighted_fusion,move,confidence,1.606,0.1060000000000001,,2,0,14.415,7.26,41.014,uav_3,7.26,False,False,False,False,False,1,"[{""id"": ""obstacle_0"", ""kind"": ""static_obstacle"", ""x"": 50.0, ""y"": 50.0, ""radius"": 5.0}]"
safety_margin_confidence,385,77.0,1,80.69,72.551,90.0,94.0,50.0,50.0,,,false_negative+confidence_error,,trust_weighted_fusion,move,confidence,0.0,0.0,,0,0,23.382,7.933,33.084,uav_0,7.933,False,False,False,False,False,1,"[{""id"": ""obstacle_0"", ""kind"": ""static_obstacle"", ""x"": 50.0, ""y"": 50.0, ""radius"": 5.0}]"
safety_margin_confidence,385,77.0,2,84.941,87.982,86.0,90.0,50.0,50.0,,,false_negative+position_noise+confidence_error,,trust_weighted_fusion,move,confidence,1.442,0.0,,1,0,2.279,5.547,46.609,uav_3,5.547,False,False,False,False,False,1,"[{""id"": ""obstacle_0"", ""kind"": ""static_obstacle"", ""x"": 50.0, ""y"": 50.0, ""radius"": 5.0}]"
safety_margin_confidence,385,77.0,3,89.135,84.351,90.0,86.0,50.0,50.0,,,none,,trust_weighted_fusion,at_goal,confidence,0.0,0.0,,0,0,1.862,5.547,47.073,uav_2,5.547,False,False,False,False,True,1,"[{""id"": ""obstacle_0"", ""kind"": ""static_obstacle"", ""x"": 50.0, ""y"": 50.0, ""radius"": 5.0}]"
safety_margin_confidence,386,77.2,0,87.12,77.742,94.0,90.0,50.0,50.0,,,false_negative+position_noise+confidence_error,,trust_weighted_fusion,move,confidence,0.844,0.0,,1,0,14.057,6.91,41.341,uav_3,6.91,False,False,False,False,False,1,"[{""id"": ""obstacle_0"", ""kind"": ""static_obstacle"", ""x"": 50.0, ""y"": 50.0, ""radius"": 5.0}]"
safety_margin_confidence,386,77.2,1,80.818,72.847,90.0,94.0,50.0,50.0,,,false_negative+position_noise+confidence_error,,trust_weighted_fusion,move,confidence,1.558,0.05800000000000005,,1,0,23.06,7.98,33.363,uav_0,7.98,False,False,False,False,False,1,"[{""id"": ""obstacle_0"", ""kind"": ""static_obstacle"", ""x"": 50.0, ""y"": 50.0, ""radius"": 5.0}]"
safety_margin_confidence,386,77.2,2,85.076,88.239,86.0,90.0,50.0,50.0,,,position_noise+confidence_error,,trust_weighted_fusion,move,confidence,2.196,0.6960000000000002,,2,0,1.989,5.62,46.889,uav_3,5.62,False,False,False,False,True,1,"[{""id"": ""obstacle_0"", ""kind"": ""static_obstacle"", ""x"": 50.0, ""y"": 50.0, ""radius"": 5.0}]"
safety_margin_confidence,386,77.2,3,89.135,84.351,90.0,86.0,50.0,50.0,,,none,,trust_weighted_fusion,at_goal,confidence,0.0,0.0,,0,0,1.862,5.62,47.073,uav_2,5.62,False,False,False,False,True,1,"[{""id"": ""obstacle_0"", ""kind"": ""static_obstacle"", ""x"": 50.0, ""y"": 50.0, ""radius"": 5.0}]"
safety_margin_confidence,387,77.4,0,87.274,78.016,94.0,90.0,50.0,50.0,,,false_negative+position_noise+confidence_error,,trust_weighted_fusion,move,confidence,1.702,0.20199999999999996,,1,0,13.742,6.603,41.629,uav_3,6.603,False,False,False,False,False,1,"[{""id"": ""obstacle_0"", ""kind"": ""static_obstacle"", ""x"": 50.0, ""y"": 50.0, ""radius"": 5.0}]"
safety_margin_confidence,387,77.4,1,80.977,73.214,90.0,94.0,50.0,50.0,,,false_negative+confidence_error,,trust_weighted_fusion,move,confidence,0.0,0.0,,0,0,22.66,7.92,33.71,uav_0,7.92,False,False,False,False,False,1,"[{""id"": ""obstacle_0"", ""kind"": ""static_obstacle"", ""x"": 50.0, ""y"": 50.0, ""radius"": 5.0}]"
safety_margin_confidence,387,77.4,2,85.076,88.239,86.0,90.0,50.0,50.0,,,none,,trust_weighted_fusion,at_goal,confidence,0.0,0.0,,0,0,1.989,5.62,46.889,uav_3,5.62,False,False,False,False,True,1,"[{""id"": ""obstacle_0"", ""kind"": ""static_obstacle"", ""x"": 50.0, ""y"": 50.0, ""radius"": 5.0}]"
safety_margin_confidence,387,77.4,3,89.135,84.351,90.0,86.0,50.0,50.0,,,none,,trust_weighted_fusion,at_goal,confidence,0.0,0.0,,0,0,1.862,5.62,47.073,uav_2,5.62,False,False,False,False,True,1,"[{""id"": ""obstacle_0"", ""kind"": ""static_obstacle"", ""x"": 50.0, ""y"": 50.0, ""radius"": 5.0}]"
safety_margin_confidence,388,77.6,0,87.421,78.276,94.0,90.0,50.0,50.0,,,position_noise+confidence_error,,trust_weighted_fusion,move,confidence,2.03,0.5299999999999998,,3,0,13.444,6.312,41.903,uav_3,6.312,False,False,False,False,False,1,"[{""id"": ""obstacle_0"", ""kind"": ""static_obstacle"", ""x"": 50.0, ""y"": 50.0, ""radius"": 5.0}]"
safety_margin_confidence,388,77.6,1,81.103,73.503,90.0,94.0,50.0,50.0,,,position_noise+confidence_error,,trust_weighted_fusion,move,confidence,1.682,0.18199999999999994,,2,0,22.344,7.918,33.985,uav_0,7.918,False,False,False,False,False,1,"[{""id"": ""obstacle_0"", ""kind"": ""static_obstacle"", ""x"": 50.0, ""y"": 50.0, ""radius"": 5.0}]"
safety_margin_confidence,388,77.6,2,85.076,88.239,86.0,90.0,50.0,50.0,,,none,,trust_weighted_fusion,at_goal,confidence,0.0,0.0,,0,0,1.989,5.62,46.889,uav_3,5.62,False,False,False,False,True,1,"[{""id"": ""obstacle_0"", ""kind"": ""static_obstacle"", ""x"": 50.0, ""y"": 50.0, ""radius"": 5.0}]"
safety_margin_confidence,388,77.6,3,89.135,84.351,90.0,86.0,50.0,50.0,,,none,,trust_weighted_fusion,at_goal,confidence,0.0,0.0,,0,0,1.862,5.62,47.073,uav_2,5.62,False,False,False,False,True,1,"[{""id"": ""obstacle_0"", ""kind"": ""static_obstacle"", ""x"": 50.0, ""y"": 50.0, ""radius"": 5.0}]"
safety_margin_confidence,389,77.8,0,87.582,78.565,94.0,90.0,50.0,50.0,,,false_negative+position_noise+confidence_error,,trust_weighted_fusion,move,confidence,1.384,0.0,,1,0,13.113,5.991,42.206,uav_3,5.991,False,False,False,False,False,1,"[{""id"": ""obstacle_0"", ""kind"": ""static_obstacle"", ""x"": 50.0, ""y"": 50.0, ""radius"": 5.0}]"
safety_margin_confidence,389,77.8,1,81.234,73.805,90.0,94.0,50.0,50.0,,,false_negative+position_noise+confidence_error,,trust_weighted_fusion,move,confidence,1.432,0.0,,1,0,22.016,7.935,34.271,uav_0,7.935,False,False,False,False,False,1,"[{""id"": ""obstacle_0"", ""kind"": ""static_obstacle"", ""x"": 50.0, ""y"": 50.0, ""radius"": 5.0}]"
safety_margin_confidence,389,77.8,2,85.076,88.239,86.0,90.0,50.0,50.0,,,none,,trust_weighted_fusion,at_goal,confidence,0.0,0.0,,0,0,1.989,5.62,46.889,uav_3,5.62,False,False,False,False,True,1,"[{""id"": ""obstacle_0"", ""kind"": ""static_obstacle"", ""x"": 50.0, ""y"": 50.0, ""radius"": 5.0}]"
safety_margin_confidence,389,77.8,3,89.135,84.351,90.0,86.0,50.0,50.0,,,none,,trust_weighted_fusion,at_goal,confidence,0.0,0.0,,0,0,1.862,5.62,47.073,uav_2,5.62,False,False,False,False,True,1,"[{""id"": ""obstacle_0"", ""kind"": ""static_obstacle"", ""x"": 50.0, ""y"": 50.0, ""radius"": 5.0}]"
safety_margin_confidence,390,78.0,0,87.735,78.837,94.0,90.0,50.0,50.0,,,false_negative+position_noise+confidence_error,,trust_weighted_fusion,move,confidence,1.754,0.254,,1,0,12.801,5.689,42.493,uav_3,5.689,False,False,False,False,False,1,"[{""id"": ""obstacle_0"", ""kind"": ""static_obstacle"", ""x"": 50.0, ""y"": 50.0, ""radius"": 5.0}]"
safety_margin_confidence,390,78.0,1,81.351,74.075,90.0,94.0,50.0,50.0,,,false_negative+position_noise+confidence_error,,trust_weighted_fusion,move,confidence,2.102,0.6019999999999999,,2,0,21.721,7.965,34.529,uav_0,7.965,False,False,False,False,False,1,"[{""id"": ""obstacle_0"", ""kind"": ""static_obstacle"", ""x"": 50.0, ""y"": 50.0, ""radius"": 5.0}]"
safety_margin_confidence,390,78.0,2,85.076,88.239,86.0,90.0,50.0,50.0,,,none,,trust_weighted_fusion,at_goal,confidence,0.0,0.0,,0,0,1.989,5.62,46.889,uav_3,5.62,False,False,False,False,True,1,"[{""id"": ""obstacle_0"", ""kind"": ""static_obstacle"", ""x"": 50.0, ""y"": 50.0, ""radius"": 5.0}]"
safety_margin_confidence,390,78.0,3,89.135,84.351,90.0,86.0,50.0,50.0,,,none,,trust_weighted_fusion,at_goal,confidence,0.0,0.0,,0,0,1.862,5.62,47.073,uav_2,5.62,False,False,False,False,True,1,"[{""id"": ""obstacle_0"", ""kind"": ""static_obstacle"", ""x"": 50.0, ""y"": 50.0, ""radius"": 5.0}]"
safety_margin_confidence,391,78.2,0,87.908,79.144,94.0,90.0,50.0,50.0,,,false_negative+position_noise+confidence_error,,trust_weighted_fusion,move,confidence,0.958,0.0,,1,0,12.448,5.35,42.816,uav_3,5.35,False,False,False,False,False,1,"[{""id"": ""obstacle_0"", ""kind"": ""static_obstacle"", ""x"": 50.0, ""y"": 50.0, ""radius"": 5.0}]"
safety_margin_confidence,391,78.2,1,81.473,74.356,90.0,94.0,50.0,50.0,,,position_noise+confidence_error,,trust_weighted_fusion,move,confidence,1.886,0.3859999999999999,,3,0,21.415,8.021,34.796,uav_0,8.021,False,False,False,False,False,1,"[{""id"": ""obstacle_0"", ""kind"": ""static_obstacle"", ""x"": 50.0, ""y"": 50.0, ""radius"": 5.0}]"
safety_margin_confidence,391,78.2,2,85.076,88.239,86.0,90.0,50.0,50.0,,,none,,trust_weighted_fusion,at_goal,confidence,0.0,0.0,,0,0,1.989,5.62,46.889,uav_3,5.62,False,False,False,False,True,1,"[{""id"": ""obstacle_0"", ""kind"": ""static_obstacle"", ""x"": 50.0, ""y"": 50.0, ""radius"": 5.0}]"
safety_margin_confidence,391,78.2,3,89.135,84.351,90.0,86.0,50.0,50.0,,,none,,trust_weighted_fusion,at_goal,confidence,0.0,0.0,,0,0,1.862,5.35,47.073,uav_0,5.35,False,False,False,False,True,1,"[{""id"": ""obstacle_0"", ""kind"": ""static_obstacle"", ""x"": 50.0, ""y"": 50.0, ""radius"": 5.0}]"
safety_margin_confidence,392,78.4,0,88.064,79.422,94.0,90.0,50.0,50.0,,,position_noise+confidence_error,,trust_weighted_fusion,move,confidence,1.63,0.1299999999999999,,3,0,12.13,5.044,43.109,uav_3,5.044,False,False,False,False,False,1,"[{""id"": ""obstacle_0"", ""kind"": ""static_obstacle"", ""x"": 50.0, ""y"": 50.0, ""radius"": 5.0}]"
safety_margin_confidence,392,78.4,1,81.582,74.608,90.0,94.0,50.0,50.0,,,false_negative+position_noise+confidence_error,,trust_weighted_fusion,move,confidence,2.5,1.0,,2,0,21.14,8.074,35.037,uav_0,8.074,False,False,False,False,False,1,"[{""id"": ""obstacle_0"", ""kind"": ""static_obstacle"", ""x"": 50.0, ""y"": 50.0, ""radius"": 5.0}]"
safety_margin_confidence,392,78.4,2,85.076,88.239,86.0,90.0,50.0,50.0,,,none,,trust_weighted_fusion,at_goal,confidence,0.0,0.0,,0,0,1.989,5.62,46.889,uav_3,5.62,False,False,False,False,True,1,"[{""id"": ""obstacle_0"", ""kind"": ""static_obstacle"", ""x"": 50.0, ""y"": 50.0, ""radius"": 5.0}]"
safety_margin_confidence,392,78.4,3,89.135,84.351,90.0,86.0,50.0,50.0,,,none,,trust_weighted_fusion,at_goal,confidence,0.0,0.0,,0,0,1.862,5.044,47.073,uav_0,5.044,False,False,False,False,True,1,"[{""id"": ""obstacle_0"", ""kind"": ""static_obstacle"", ""x"": 50.0, ""y"": 50.0, ""radius"": 5.0}]"
safety_margin_confidence,393,78.6,0,88.22,79.701,94.0,90.0,50.0,50.0,,,false_negative+position_noise+confidence_error,,trust_weighted_fusion,move,confidence,1.608,0.1080000000000001,,1,0,11.81,4.74,43.404,uav_3,4.74,False,False,False,False,False,1,"[{""id"": ""obstacle_0"", ""kind"": ""static_obstacle"", ""x"": 50.0, ""y"": 50.0, ""radius"": 5.0}]"
safety_margin_confidence,393,78.6,1,81.707,74.896,90.0,94.0,50.0,50.0,,,false_negative+position_noise+confidence_error,,trust_weighted_fusion,move,confidence,1.728,0.22799999999999998,,2,0,20.827,8.094,35.313,uav_0,8.094,False,False,False,False,False,1,"[{""id"": ""obstacle_0"", ""kind"": ""static_obstacle"", ""x"": 50.0, ""y"": 50.0, ""radius"": 5.0}]"
safety_margin_confidence,393,78.6,2,85.076,88.239,86.0,90.0,50.0,50.0,,,none,,trust_weighted_fusion,at_goal,confidence,0.0,0.0,,0,0,1.989,5.62,46.889,uav_3,5.62,False,False,False,False,True,1,"[{""id"": ""obstacle_0"", ""kind"": ""static_obstacle"", ""x"": 50.0, ""y"": 50.0, ""radius"": 5.0}]"
safety_margin_confidence,393,78.6,3,89.135,84.351,90.0,86.0,50.0,50.0,,,none,,trust_weighted_fusion,at_goal,confidence,0.0,0.0,,0,0,1.862,4.74,47.073,uav_0,4.74,False,False,False,False,True,1,"[{""id"": ""obstacle_0"", ""kind"": ""static_obstacle"", ""x"": 50.0, ""y"": 50.0, ""radius"": 5.0}]"
safety_margin_confidence,394,78.8,0,88.056,79.449,94.0,90.0,50.0,50.0,,,position_noise+confidence_error,,trust_weighted_fusion,avoidance,confidence,1.98,0.48,,3,0,12.111,5.02,43.119,uav_3,5.02,False,False,False,False,False,1,"[{""id"": ""obstacle_0"", ""kind"": ""static_obstacle"", ""x"": 50.0, ""y"": 50.0, ""radius"": 5.0}]"
safety_margin_confidence,394,78.8,1,81.825,75.167,90.0,94.0,50.0,50.0,,,position_noise+confidence_error,,trust_weighted_fusion,move,confidence,2.09,0.5899999999999999,,3,0,20.531,7.56,35.573,uav_0,7.56,False,False,False,False,False,1,"[{""id"": ""obstacle_0"", ""kind"": ""static_obstacle"", ""x"": 50.0, ""y"": 50.0, ""radius"": 5.0}]"
safety_margin_confidence,394,78.8,2,85.076,88.239,86.0,90.0,50.0,50.0,,,none,,trust_weighted_fusion,at_goal,confidence,0.0,0.0,,0,0,1.989,5.62,46.889,uav_3,5.62,False,False,False,False,True,1,"[{""id"": ""obstacle_0"", ""kind"": ""static_obstacle"", ""x"": 50.0, ""y"": 50.0, ""radius"": 5.0}]"
safety_margin_confidence,394,78.8,3,89.135,84.351,90.0,86.0,50.0,50.0,,,none,,trust_weighted_fusion,at_goal,confidence,0.0,0.0,,0,0,1.862,5.02,47.073,uav_0,5.02,False,False,False,False,True,1,"[{""id"": ""obstacle_0"", ""kind"": ""static_obstacle"", ""x"": 50.0, ""y"": 50.0, ""radius"": 5.0}]"
safety_margin_confidence,395,79.0,0,88.158,79.777,94.0,90.0,50.0,50.0,,,false_negative+position_noise+confidence_error,,trust_weighted_fusion,avoidance,confidence,1.122,0.0,,2,0,11.775,4.677,43.401,uav_3,4.677,False,False,False,False,False,1,"[{""id"": ""obstacle_0"", ""kind"": ""static_obstacle"", ""x"": 50.0, ""y"": 50.0, ""radius"": 5.0}]"
safety_margin_confidence,395,79.0,1,81.953,75.463,90.0,94.0,50.0,50.0,,,false_negative+position_noise+confidence_error,,trust_weighted_fusion,move,confidence,1.542,0.04200000000000004,,2,0,20.208,7.557,35.858,uav_0,7.557,False,False,False,False,False,1,"[{""id"": ""obstacle_0"", ""kind"": ""static_obstacle"", ""x"": 50.0, ""y"": 50.0, ""radius"": 5.0}]"
safety_margin_confidence,395,79.0,2,85.076,88.239,86.0,90.0,50.0,50.0,,,none,,trust_weighted_fusion,at_goal,confidence,0.0,0.0,,0,0,1.989,5.62,46.889,uav_3,5.62,False,False,False,False,True,1,"[{""id"": ""obstacle_0"", ""kind"": ""static_obstacle"", ""x"": 50.0, ""y"": 50.0, ""radius"": 5.0}]"
safety_margin_confidence,395,79.0,3,89.135,84.351,90.0,86.0,50.0,50.0,,,none,,trust_weighted_fusion,at_goal,confidence,0.0,0.0,,0,0,1.862,4.677,47.073,uav_0,4.677,False,False,False,False,True,1,"[{""id"": ""obstacle_0"", ""kind"": ""static_obstacle"", ""x"": 50.0, ""y"": 50.0, ""radius"": 5.0}]"
safety_margin_confidence,396,79.2,0,88.323,80.066,94.0,90.0,50.0,50.0,,,false_negative+position_noise+confidence_error,,trust_weighted_fusion,move,confidence,1.338,0.0,,1,0,11.442,4.361,43.71,uav_3,4.361,False,False,False,False,False,1,"[{""id"": ""obstacle_0"", ""kind"": ""static_obstacle"", ""x"": 50.0, ""y"": 50.0, ""radius"": 5.0}]"
safety_margin_confidence,396,79.2,1,82.079,75.753,90.0,94.0,50.0,50.0,,,position_noise+confidence_error,,trust_weighted_fusion,move,confidence,1.666,0.16599999999999993,,3,0,19.892,7.588,36.138,uav_0,7.588,False,False,False,False,False,1,"[{""id"": ""obstacle_0"", ""kind"": ""static_obstacle"", ""x"": 50.0, ""y"": 50.0, ""radius"": 5.0}]"
safety_margin_confidence,396,79.2,2,85.076,88.239,86.0,90.0,50.0,50.0,,,none,,trust_weighted_fusion,at_goal,confidence,0.0,0.0,,0,0,1.989,5.62,46.889,uav_3,5.62,False,False,False,False,True,1,"[{""id"": ""obstacle_0"", ""kind"": ""static_obstacle"", ""x"": 50.0, ""y"": 50.0, ""radius"": 5.0}]"
safety_margin_confidence,396,79.2,3,89.135,84.351,90.0,86.0,50.0,50.0,,,none,,trust_weighted_fusion,at_goal,confidence,0.0,0.0,,0,0,1.862,4.361,47.073,uav_0,4.361,False,False,False,False,True,1,"[{""id"": ""obstacle_0"", ""kind"": ""static_obstacle"", ""x"": 50.0, ""y"": 50.0, ""radius"": 5.0}]"
safety_margin_confidence,397,79.4,0,88.485,80.35,94.0,90.0,50.0,50.0,,,false_negative+position_noise+confidence_error,,trust_weighted_fusion,move,confidence,1.472,0.0,,2,0,11.115,4.054,44.012,uav_3,4.054,False,False,False,False,False,1,"[{""id"": ""obstacle_0"", ""kind"": ""static_obstacle"", ""x"": 50.0, ""y"": 50.0, ""radius"": 5.0}]"
safety_margin_confidence,397,79.4,1,82.198,76.025,90.0,94.0,50.0,50.0,,,false_negative+position_noise+confidence_error,,trust_weighted_fusion,move,confidence,2.07,0.5699999999999998,,2,0,19.595,7.631,36.4,uav_0,7.631,False,False,False,False,False,1,"[{""id"": ""obstacle_0"", ""kind"": ""static_obstacle"", ""x"": 50.0, ""y"": 50.0, ""radius"": 5.0}]"
safety_margin_confidence,397,79.4,2,85.076,88.239,86.0,90.0,50.0,50.0,,,none,,trust_weighted_fusion,at_goal,confidence,0.0,0.0,,0,0,1.989,5.62,46.889,uav_3,5.62,False,False,False,False,True,1,"[{""id"": ""obstacle_0"", ""kind"": ""static_obstacle"", ""x"": 50.0, ""y"": 50.0, ""radius"": 5.0}]"
safety_margin_confidence,397,79.4,3,89.135,84.351,90.0,86.0,50.0,50.0,,,none,,trust_weighted_fusion,at_goal,confidence,0.0,0.0,,0,0,1.862,4.054,47.073,uav_0,4.054,False,False,False,False,True,1,"[{""id"": ""obstacle_0"", ""kind"": ""static_obstacle"", ""x"": 50.0, ""y"": 50.0, ""radius"": 5.0}]"
safety_margin_confidence,398,79.6,0,88.642,80.625,94.0,90.0,50.0,50.0,,,position_noise+confidence_error,,trust_weighted_fusion,move,confidence,1.652,0.1519999999999999,,3,0,10.798,3.758,44.307,uav_3,3.758,False,False,False,False,False,1,"[{""id"": ""obstacle_0"", ""kind"": ""static_obstacle"", ""x"": 50.0, ""y"": 50.0, ""radius"": 5.0}]"
safety_margin_confidence,398,79.6,1,82.317,76.301,90.0,94.0,50.0,50.0,,,false_negative+position_noise+confidence_error,,trust_weighted_fusion,move,confidence,1.99,0.49,,1,0,19.295,7.662,36.667,uav_0,7.662,False,False,False,False,False,1,"[{""id"": ""obstacle_0"", ""kind"": ""static_obstacle"", ""x"": 50.0, ""y"": 50.0, ""radius"": 5.0}]"
safety_margin_confidence,398,79.6,2,85.076,88.239,86.0,90.0,50.0,50.0,,,none,,trust_weighted_fusion,at_goal,confidence,0.0,0.0,,0,0,1.989,5.62,46.889,uav_3,5.62,False,False,False,False,True,1,"[{""id"": ""obstacle_0"", ""kind"": ""static_obstacle"", ""x"": 50.0, ""y"": 50.0, ""radius"": 5.0}]"
safety_margin_confidence,398,79.6,3,89.135,84.351,90.0,86.0,50.0,50.0,,,none,,trust_weighted_fusion,at_goal,confidence,0.0,0.0,,0,0,1.862,3.758,47.073,uav_0,3.758,False,False,False,False,True,1,"[{""id"": ""obstacle_0"", ""kind"": ""static_obstacle"", ""x"": 50.0, ""y"": 50.0, ""radius"": 5.0}]"
safety_margin_confidence,399,79.8,0,88.637,80.295,94.0,90.0,50.0,50.0,,,false_negative+position_noise+confidence_error,,trust_weighted_fusion,avoidance,confidence,1.404,0.0,,2,0,11.088,4.086,44.098,uav_3,4.086,False,False,False,False,False,1,"[{""id"": ""obstacle_0"", ""kind"": ""static_obstacle"", ""x"": 50.0, ""y"": 50.0, ""radius"": 5.0}]"
safety_margin_confidence,399,79.8,1,82.46,76.63,90.0,94.0,50.0,50.0,,,false_negative+position_noise+confidence_error,,trust_weighted_fusion,move,confidence,0.816,0.0,,1,0,18.935,7.182,36.986,uav_0,7.182,False,False,False,False,False,1,"[{""id"": ""obstacle_0"", ""kind"": ""static_obstacle"", ""x"": 50.0, ""y"": 50.0, ""radius"": 5.0}]"
safety_margin_confidence,399,79.8,2,85.076,88.239,86.0,90.0,50.0,50.0,,,none,,trust_weighted_fusion,at_goal,confidence,0.0,0.0,,0,0,1.989,5.62,46.889,uav_3,5.62,False,False,False,False,True,1,"[{""id"": ""obstacle_0"", ""kind"": ""static_obstacle"", ""x"": 50.0, ""y"": 50.0, ""radius"": 5.0}]"
safety_margin_confidence,399,79.8,3,89.135,84.351,90.0,86.0,50.0,50.0,,,none,,trust_weighted_fusion,at_goal,confidence,0.0,0.0,,0,0,1.862,4.086,47.073,uav_0,4.086,False,False,False,False,True,1,"[{""id"": ""obstacle_0"", ""kind"": ""static_obstacle"", ""x"": 50.0, ""y"": 50.0, ""radius"": 5.0}]"
safety_margin_confidence,400,80.0,0,88.793,80.577,94.0,90.0,50.0,50.0,,,false_negative+position_noise+confidence_error,,trust_weighted_fusion,move,confidence,1.572,0.07200000000000006,,2,0,10.766,3.79,44.394,uav_3,3.79,False,False,False,False,False,1,"[{""id"": ""obstacle_0"", ""kind"": ""static_obstacle"", ""x"": 50.0, ""y"": 50.0, ""radius"": 5.0}]"
safety_margin_confidence,400,80.0,1,82.57,76.884,90.0,94.0,50.0,50.0,,,false_negative+position_noise+confidence_error,,trust_weighted_fusion,move,confidence,2.474,0.9740000000000002,,2,0,18.659,7.236,37.232,uav_0,7.236,False,False,False,False,False,1,"[{""id"": ""obstacle_0"", ""kind"": ""static_obstacle"", ""x"": 50.0, ""y"": 50.0, ""radius"": 5.0}]"
safety_margin_confidence,400,80.0,2,85.076,88.239,86.0,90.0,50.0,50.0,,,none,,trust_weighted_fusion,at_goal,confidence,0.0,0.0,,0,0,1.989,5.62,46.889,uav_3,5.62,False,False,False,False,True,1,"[{""id"": ""obstacle_0"", ""kind"": ""static_obstacle"", ""x"": 50.0, ""y"": 50.0, ""radius"": 5.0}]"
safety_margin_confidence,400,80.0,3,89.135,84.351,90.0,86.0,50.0,50.0,,,none,,trust_weighted_fusion,at_goal,confidence,0.0,0.0,,0,0,1.862,3.79,47.073,uav_0,3.79,False,False,False,False,True,1,"[{""id"": ""obstacle_0"", ""kind"": ""static_obstacle"", ""x"": 50.0, ""y"": 50.0, ""radius"": 5.0}]"
safety_margin_confidence,401,80.2,0,88.954,80.868,94.0,90.0,50.0,50.0,,,false_negative+position_noise+confidence_error,,trust_weighted_fusion,move,confidence,1.352,0.0,,1,0,10.434,3.488,44.701,uav_3,3.488,True,False,False,False,False,1,"[{""id"": ""obstacle_0"", ""kind"": ""static_obstacle"", ""x"": 50.0, ""y"": 50.0, ""radius"": 5.0}]"
safety_margin_confidence,401,80.2,1,82.682,77.141,90.0,94.0,50.0,50.0,,,position_noise+confidence_error,,trust_weighted_fusion,move,confidence,2.384,0.8839999999999999,,3,0,18.378,7.295,37.483,uav_0,7.295,False,False,False,False,False,1,"[{""id"": ""obstacle_0"", ""kind"": ""static_obstacle"", ""x"": 50.0, ""y"": 50.0, ""radius"": 5.0}]"
safety_margin_confidence,401,80.2,2,85.076,88.239,86.0,90.0,50.0,50.0,,,none,,trust_weighted_fusion,at_goal,confidence,0.0,0.0,,0,0,1.989,5.62,46.889,uav_3,5.62,False,False,False,False,True,1,"[{""id"": ""obstacle_0"", ""kind"": ""static_obstacle"", ""x"": 50.0, ""y"": 50.0, ""radius"": 5.0}]"
safety_margin_confidence,401,80.2,3,89.135,84.351,90.0,86.0,50.0,50.0,,,none,,trust_weighted_fusion,at_goal,confidence,0.0,0.0,,0,0,1.862,3.488,47.073,uav_0,3.488,True,False,False,False,True,1,"[{""id"": ""obstacle_0"", ""kind"": ""static_obstacle"", ""x"": 50.0, ""y"": 50.0, ""radius"": 5.0}]"
safety_margin_confidence,402,80.4,0,89.287,80.85,94.0,90.0,50.0,50.0,,,false_negative+position_noise+confidence_error,,trust_weighted_fusion,avoidance,confidence,1.314,0.0,,2,0,10.292,3.504,44.952,uav_3,3.504,False,False,False,False,False,1,"[{""id"": ""obstacle_0"", ""kind"": ""static_obstacle"", ""x"": 50.0, ""y"": 50.0, ""radius"": 5.0}]"
safety_margin_confidence,402,80.4,1,82.795,77.401,90.0,94.0,50.0,50.0,,,position_noise+confidence_error,,trust_weighted_fusion,move,confidence,2.338,0.8380000000000001,,3,0,18.095,7.352,37.735,uav_0,7.352,False,False,False,False,False,1,"[{""id"": ""obstacle_0"", ""kind"": ""static_obstacle"", ""x"": 50.0, ""y"": 50.0, ""radius"": 5.0}]"
safety_margin_confidence,402,80.4,2,85.076,88.239,86.0,90.0,50.0,50.0,,,none,,trust_weighted_fusion,at_goal,confidence,0.0,0.0,,0,0,1.989,5.62,46.889,uav_3,5.62,False,False,False,False,True,1,"[{""id"": ""obstacle_0"", ""kind"": ""static_obstacle"", ""x"": 50.0, ""y"": 50.0, ""radius"": 5.0}]"
safety_margin_confidence,402,80.4,3,89.135,84.351,90.0,86.0,50.0,50.0,,,none,,trust_weighted_fusion,at_goal,confidence,0.0,0.0,,0,0,1.862,3.504,47.073,uav_0,3.504,False,False,False,False,True,1,"[{""id"": ""obstacle_0"", ""kind"": ""static_obstacle"", ""x"": 50.0, ""y"": 50.0, ""radius"": 5.0}]"
safety_margin_confidence,403,80.6,0,89.436,81.139,94.0,90.0,50.0,50.0,,,position_noise+confidence_error,,trust_weighted_fusion,move,confidence,1.504,0.0040000000000000036,,3,0,9.967,3.226,45.248,uav_3,3.226,True,False,False,False,False,1,"[{""id"": ""obstacle_0"", ""kind"": ""static_obstacle"", ""x"": 50.0, ""y"": 50.0, ""radius"": 5.0}]"
safety_margin_confidence,403,80.6,1,82.915,77.679,90.0,94.0,50.0,50.0,,,position_noise+confidence_error,,trust_weighted_fusion,move,confidence,1.942,0.44199999999999995,,3,0,17.792,7.382,38.006,uav_0,7.382,False,False,False,False,False,1,"[{""id"": ""obstacle_0"", ""kind"": ""static_obstacle"", ""x"": 50.0, ""y"": 50.0, ""radius"": 5.0}]"
safety_margin_confidence,403,80.6,2,85.076,88.239,86.0,90.0,50.0,50.0,,,none,,trust_weighted_fusion,at_goal,confidence,0.0,0.0,,0,0,1.989,5.62,46.889,uav_3,5.62,False,False,False,False,True,1,"[{""id"": ""obstacle_0"", ""kind"": ""static_obstacle"", ""x"": 50.0, ""y"": 50.0, ""radius"": 5.0}]"
safety_margin_confidence,403,80.6,3,89.135,84.351,90.0,86.0,50.0,50.0,,,none,,trust_weighted_fusion,at_goal,confidence,0.0,0.0,,0,0,1.862,3.226,47.073,uav_0,3.226,True,False,False,False,True,1,"[{""id"": ""obstacle_0"", ""kind"": ""static_obstacle"", ""x"": 50.0, ""y"": 50.0, ""radius"": 5.0}]"
safety_margin_confidence,404,80.8,0,89.778,81.076,94.0,90.0,50.0,50.0,,,false_negative+position_noise+confidence_error,,trust_weighted_fusion,avoidance,confidence,1.04,0.0,,1,0,9.873,3.338,45.478,uav_3,3.338,True,False,False,False,False,1,"[{""id"": ""obstacle_0"", ""kind"": ""static_obstacle"", ""x"": 50.0, ""y"": 50.0, ""radius"": 5.0}]"
safety_margin_confidence,404,80.8,1,83.041,77.968,90.0,94.0,50.0,50.0,,,false_negative+position_noise+confidence_error,,trust_weighted_fusion,move,confidence,1.704,0.20399999999999996,,2,0,17.478,7.42,38.288,uav_0,7.42,False,False,False,False,False,1,"[{""id"": ""obstacle_0"", ""kind"": ""static_obstacle"", ""x"": 50.0, ""y"": 50.0, ""radius"": 5.0}]"
safety_margin_confidence,404,80.8,2,85.076,88.239,86.0,90.0,50.0,50.0,,,none,,trust_weighted_fusion,at_goal,confidence,0.0,0.0,,0,0,1.989,5.62,46.889,uav_3,5.62,False,False,False,False,True,1,"[{""id"": ""obstacle_0"", ""kind"": ""static_obstacle"", ""x"": 50.0, ""y"": 50.0, ""radius"": 5.0}]"
safety_margin_confidence,404,80.8,3,89.135,84.351,90.0,86.0,50.0,50.0,,,none,,trust_weighted_fusion,at_goal,confidence,0.0,0.0,,0,0,1.862,3.338,47.073,uav_0,3.338,True,False,False,False,True,1,"[{""id"": ""obstacle_0"", ""kind"": ""static_obstacle"", ""x"": 50.0, ""y"": 50.0, ""radius"": 5.0}]"
safety_margin_confidence,405,81.0,0,89.921,81.377,94.0,90.0,50.0,50.0,,,false_negative+position_noise+confidence_error,,trust_weighted_fusion,move,confidence,1.32,0.0,,2,0,9.539,3.076,45.776,uav_3,3.076,True,False,False,False,False,1,"[{""id"": ""obstacle_0"", ""kind"": ""static_obstacle"", ""x"": 50.0, ""y"": 50.0, ""radius"": 5.0}]"
safety_margin_confidence,405,81.0,1,82.973,77.653,90.0,94.0,50.0,50.0,,,false_negative+position_noise+confidence_error,,trust_weighted_fusion,avoidance,confidence,1.558,0.05800000000000005,,2,0,17.793,7.884,38.034,uav_0,7.884,False,False,False,False,False,1,"[{""id"": ""obstacle_0"", ""kind"": ""static_obstacle"", ""x"": 50.0, ""y"": 50.0, ""radius"": 5.0}]"
safety_margin_confidence,405,81.0,2,85.076,88.239,86.0,90.0,50.0,50.0,,,none,,trust_weighted_fusion,at_goal,confidence,0.0,0.0,,0,0,1.989,5.62,46.889,uav_3,5.62,False,False,False,False,True,1,"[{""id"": ""obstacle_0"", ""kind"": ""static_obstacle"", ""x"": 50.0, ""y"": 50.0, ""radius"": 5.0}]"
safety_margin_confidence,405,81.0,3,89.135,84.351,90.0,86.0,50.0,50.0,,,none,,trust_weighted_fusion,at_goal,confidence,0.0,0.0,,0,0,1.862,3.076,47.073,uav_0,3.076,True,False,False,False,True,1,"[{""id"": ""obstacle_0"", ""kind"": ""static_obstacle"", ""x"": 50.0, ""y"": 50.0, ""radius"": 5.0}]"
safety_margin_confidence,406,81.2,0,90.199,81.266,94.0,90.0,50.0,50.0,,,false_negative+position_noise+confidence_error,,trust_weighted_fusion,avoidance,confidence,2.01,0.5099999999999998,,2,0,9.526,3.264,45.926,uav_3,3.264,True,False,False,False,False,1,"[{""id"": ""obstacle_0"", ""kind"": ""static_obstacle"", ""x"": 50.0, ""y"": 50.0, ""radius"": 5.0}]"
safety_margin_confidence,406,81.2,1,83.102,77.954,90.0,94.0,50.0,50.0,,,false_negative+position_noise+confidence_error,,trust_weighted_fusion,move,confidence,1.442,0.0,,2,0,17.466,7.831,38.327,uav_0,7.831,False,False,False,False,False,1,"[{""id"": ""obstacle_0"", ""kind"": ""static_obstacle"", ""x"": 50.0, ""y"": 50.0, ""radius"": 5.0}]"
safety_margin_confidence,406,81.2,2,85.076,88.239,86.0,90.0,50.0,50.0,,,none,,trust_weighted_fusion,at_goal,confidence,0.0,0.0,,0,0,1.989,5.62,46.889,uav_3,5.62,False,False,False,False,True,1,"[{""id"": ""obstacle_0"", ""kind"": ""static_obstacle"", ""x"": 50.0, ""y"": 50.0, ""radius"": 5.0}]"
safety_margin_confidence,406,81.2,3,89.135,84.351,90.0,86.0,50.0,50.0,,,none,,trust_weighted_fusion,at_goal,confidence,0.0,0.0,,0,0,1.862,3.264,47.073,uav_0,3.264,True,False,False,False,True,1,"[{""id"": ""obstacle_0"", ""kind"": ""static_obstacle"", ""x"": 50.0, ""y"": 50.0, ""radius"": 5.0}]"
safety_margin_confidence,407,81.4,0,90.342,81.594,94.0,90.0,50.0,50.0,,,false_negative+position_noise+confidence_error,,trust_weighted_fusion,move,confidence,0.828,0.0,,1,0,9.167,3.009,46.241,uav_3,3.009,True,False,True,False,False,1,"[{""id"": ""obstacle_0"", ""kind"": ""static_obstacle"", ""x"": 50.0, ""y"": 50.0, ""radius"": 5.0}]"
safety_margin_confidence,407,81.4,1,83.234,78.261,90.0,94.0,50.0,50.0,,,false_negative+position_noise+confidence_error,,trust_weighted_fusion,move,confidence,1.314,0.0,,1,0,17.131,7.85,38.626,uav_0,7.85,False,False,False,False,False,1,"[{""id"": ""obstacle_0"", ""kind"": ""static_obstacle"", ""x"": 50.0, ""y"": 50.0, ""radius"": 5.0}]"
safety_margin_confidence,407,81.4,2,85.076,88.239,86.0,90.0,50.0,50.0,,,none,,trust_weighted_fusion,at_goal,confidence,0.0,0.0,,0,0,1.989,5.62,46.889,uav_3,5.62,False,False,False,False,True,1,"[{""id"": ""obstacle_0"", ""kind"": ""static_obstacle"", ""x"": 50.0, ""y"": 50.0, ""radius"": 5.0}]"
safety_margin_confidence,407,81.4,3,89.135,84.351,90.0,86.0,50.0,50.0,,,none,,trust_weighted_fusion,at_goal,confidence,0.0,0.0,,0,0,1.862,3.009,47.073,uav_0,3.009,True,False,False,False,True,1,"[{""id"": ""obstacle_0"", ""kind"": ""static_obstacle"", ""x"": 50.0, ""y"": 50.0, ""radius"": 5.0}]"
safety_margin_confidence,408,81.6,0,90.471,81.891,94.0,90.0,50.0,50.0,,,position_noise+confidence_error,,trust_weighted_fusion,move,confidence,1.524,0.02400000000000002,,3,0,8.843,2.799,46.526,uav_3,2.799,True,False,False,False,False,1,"[{""id"": ""obstacle_0"", ""kind"": ""static_obstacle"", ""x"": 50.0, ""y"": 50.0, ""radius"": 5.0}]"
safety_margin_confidence,408,81.6,1,83.368,78.572,90.0,94.0,50.0,50.0,,,position_noise+confidence_error,,trust_weighted_fusion,move,confidence,1.24,0.0,,3,0,16.793,7.841,38.929,uav_0,7.841,False,False,False,False,False,1,"[{""id"": ""obstacle_0"", ""kind"": ""static_obstacle"", ""x"": 50.0, ""y"": 50.0, ""radius"": 5.0}]"
safety_margin_confidence,408,81.6,2,85.076,88.239,86.0,90.0,50.0,50.0,,,none,,trust_weighted_fusion,at_goal,confidence,0.0,0.0,,0,0,1.989,5.62,46.889,uav_3,5.62,False,False,False,False,True,1,"[{""id"": ""obstacle_0"", ""kind"": ""static_obstacle"", ""x"": 50.0, ""y"": 50.0, ""radius"": 5.0}]"
safety_margin_confidence,408,81.6,3,89.135,84.351,90.0,86.0,50.0,50.0,,,none,,trust_weighted_fusion,at_goal,confidence,0.0,0.0,,0,0,1.862,2.799,47.073,uav_0,2.799,True,False,False,False,True,1,"[{""id"": ""obstacle_0"", ""kind"": ""static_obstacle"", ""x"": 50.0, ""y"": 50.0, ""radius"": 5.0}]"
safety_margin_confidence,409,81.8,0,90.631,82.258,94.0,90.0,50.0,50.0,,,false_negative+confidence_error,,trust_weighted_fusion,move,confidence,0.0,0.0,,0,0,8.443,2.572,46.879,uav_3,2.572,True,False,True,False,False,1,"[{""id"": ""obstacle_0"", ""kind"": ""static_obstacle"", ""x"": 50.0, ""y"": 50.0, ""radius"": 5.0}]"
safety_margin_confidence,409,81.8,1,83.51,78.903,90.0,94.0,50.0,50.0,,,false_negative+position_noise+confidence_error,,trust_weighted_fusion,move,confidence,0.79,0.0,,1,0,16.433,7.831,39.253,uav_3,7.831,False,False,False,False,False,1,"[{""id"": ""obstacle_0"", ""kind"": ""static_obstacle"", ""x"": 50.0, ""y"": 50.0, ""radius"": 5.0}]"
safety_margin_confidence,409,81.8,2,85.076,88.239,86.0,90.0,50.0,50.0,,,none,,trust_weighted_fusion,at_goal,confidence,0.0,0.0,,0,0,1.989,5.62,46.889,uav_3,5.62,False,False,False,False,True,1,"[{""id"": ""obstacle_0"", ""kind"": ""static_obstacle"", ""x"": 50.0, ""y"": 50.0, ""radius"": 5.0}]"
safety_margin_confidence,409,81.8,3,89.135,84.351,90.0,86.0,50.0,50.0,,,none,,trust_weighted_fusion,at_goal,confidence,0.0,0.0,,0,0,1.862,2.572,47.073,uav_0,2.572,True,False,False,False,True,1,"[{""id"": ""obstacle_0"", ""kind"": ""static_obstacle"", ""x"": 50.0, ""y"": 50.0, ""radius"": 5.0}]"
safety_margin_confidence,410,82.0,0,90.78,82.601,94.0,90.0,50.0,50.0,,,false_negative+position_noise+confidence_error,,trust_weighted_fusion,move,confidence,0.512,0.0,,2,0,8.069,2.402,47.21,uav_3,2.402,True,False,False,False,False,1,"[{""id"": ""obstacle_0"", ""kind"": ""static_obstacle"", ""x"": 50.0, ""y"": 50.0, ""radius"": 5.0}]"
safety_margin_confidence,410,82.0,1,83.342,78.646,90.0,94.0,50.0,50.0,,,false_negative+position_noise+confidence_error,,trust_weighted_fusion,avoidance,confidence,1.858,0.3580000000000001,,2,0,16.735,8.131,38.958,uav_3,8.131,False,False,False,False,False,1,"[{""id"": ""obstacle_0"", ""kind"": ""static_obstacle"", ""x"": 50.0, ""y"": 50.0, ""radius"": 5.0}]"
safety_margin_confidence,410,82.0,2,85.076,88.239,86.0,90.0,50.0,50.0,,,none,,trust_weighted_fusion,at_goal,confidence,0.0,0.0,,0,0,1.989,5.62,46.889,uav_3,5.62,False,False,False,False,True,1,"[{""id"": ""obstacle_0"", ""kind"": ""static_obstacle"", ""x"": 50.0, ""y"": 50.0, ""radius"": 5.0}]"
safety_margin_confidence,410,82.0,3,89.135,84.351,90.0,86.0,50.0,50.0,,,none,,trust_weighted_fusion,at_goal,confidence,0.0,0.0,,0,0,1.862,2.402,47.073,uav_0,2.402,True,False,False,False,True,1,"[{""id"": ""obstacle_0"", ""kind"": ""static_obstacle"", ""x"": 50.0, ""y"": 50.0, ""radius"": 5.0}]"
safety_margin_confidence,411,82.2,0,91.112,82.514,94.0,90.0,50.0,50.0,,,false_negative+position_noise+confidence_error,,trust_weighted_fusion,avoidance,confidence,1.14,0.0,,2,0,8.024,2.699,47.415,uav_3,2.699,True,False,False,False,False,1,"[{""id"": ""obstacle_0"", ""kind"": ""static_obstacle"", ""x"": 50.0, ""y"": 50.0, ""radius"": 5.0}]"
safety_margin_confidence,411,82.2,1,83.474,78.951,90.0,94.0,50.0,50.0,,,false_negative+position_noise+confidence_error,,trust_weighted_fusion,move,confidence,1.356,0.0,,2,0,16.403,7.824,39.257,uav_3,7.824,False,False,False,False,False,1,"[{""id"": ""obstacle_0"", ""kind"": ""static_obstacle"", ""x"": 50.0, ""y"": 50.0, ""radius"": 5.0}]"
safety_margin_confidence,411,82.2,2,85.076,88.239,86.0,90.0,50.0,50.0,,,none,,trust_weighted_fusion,at_goal,confidence,0.0,0.0,,0,0,1.989,5.62,46.889,uav_3,5.62,False,False,False,False,True,1,"[{""id"": ""obstacle_0"", ""kind"": ""static_obstacle"", ""x"": 50.0, ""y"": 50.0, ""radius"": 5.0}]"
safety_margin_confidence,411,82.2,3,89.135,84.351,90.0,86.0,50.0,50.0,,,none,,trust_weighted_fusion,at_goal,confidence,0.0,0.0,,0,0,1.862,2.699,47.073,uav_0,2.699,True,False,False,False,True,1,"[{""id"": ""obstacle_0"", ""kind"": ""static_obstacle"", ""x"": 50.0, ""y"": 50.0, ""radius"": 5.0}]"
safety_margin_confidence,412,82.4,0,91.256,82.887,94.0,90.0,50.0,50.0,,,dropout+confidence_error,,trust_weighted_fusion,move,confidence,0.0,0.0,,0,0,7.624,2.577,47.76,uav_3,2.577,True,False,True,False,False,1,"[{""id"": ""obstacle_0"", ""kind"": ""static_obstacle"", ""x"": 50.0, ""y"": 50.0, ""radius"": 5.0}]"
safety_margin_confidence,412,82.4,1,83.594,79.227,90.0,94.0,50.0,50.0,,,position_noise+confidence_error,,trust_weighted_fusion,move,confidence,1.976,0.476,,3,0,16.102,7.547,39.528,uav_3,7.547,False,False,False,False,False,1,"[{""id"": ""obstacle_0"", ""kind"": ""static_obstacle"", ""x"": 50.0, ""y"": 50.0, ""radius"": 5.0}]"
safety_margin_confidence,412,82.4,2,85.076,88.239,86.0,90.0,50.0,50.0,,,none,,trust_weighted_fusion,at_goal,confidence,0.0,0.0,,0,0,1.989,5.62,46.889,uav_3,5.62,False,False,False,False,True,1,"[{""id"": ""obstacle_0"", ""kind"": ""static_obstacle"", ""x"": 50.0, ""y"": 50.0, ""radius"": 5.0}]"
safety_margin_confidence,412,82.4,3,89.135,84.351,90.0,86.0,50.0,50.0,,,none,,trust_weighted_fusion,at_goal,confidence,0.0,0.0,,0,0,1.862,2.577,47.073,uav_0,2.577,True,False,False,False,True,1,"[{""id"": ""obstacle_0"", ""kind"": ""static_obstacle"", ""x"": 50.0, ""y"": 50.0, ""radius"": 5.0}]"
safety_margin_confidence,413,82.6,0,91.4,83.26,94.0,90.0,50.0,50.0,,,dropout+confidence_error,,trust_weighted_fusion,move,confidence,0.0,0.0,,0,0,7.224,2.514,48.105,uav_3,2.514,True,False,True,False,False,1,"[{""id"": ""obstacle_0"", ""kind"": ""static_obstacle"", ""x"": 50.0, ""y"": 50.0, ""radius"": 5.0}]"
safety_margin_confidence,413,82.6,1,83.729,79.538,90.0,94.0,50.0,50.0,,,position_noise+confidence_error,,trust_weighted_fusion,move,confidence,1.228,0.0,,3,0,15.763,7.239,39.834,uav_3,7.239,False,False,False,False,False,1,"[{""id"": ""obstacle_0"", ""kind"": ""static_obstacle"", ""x"": 50.0, ""y"": 50.0, ""radius"": 5.0}]"
safety_margin_confidence,413,82.6,2,85.076,88.239,86.0,90.0,50.0,50.0,,,none,,trust_weighted_fusion,at_goal,confidence,0.0,0.0,,0,0,1.989,5.62,46.889,uav_3,5.62,False,False,False,False,True,1,"[{""id"": ""obstacle_0"", ""kind"": ""static_obstacle"", ""x"": 50.0, ""y"": 50.0, ""radius"": 5.0}]"
safety_margin_confidence,413,82.6,3,89.135,84.351,90.0,86.0,50.0,50.0,,,none,,trust_weighted_fusion,at_goal,confidence,0.0,0.0,,0,0,1.862,2.514,47.073,uav_0,2.514,True,False,False,False,True,1,"[{""id"": ""obstacle_0"", ""kind"": ""static_obstacle"", ""x"": 50.0, ""y"": 50.0, ""radius"": 5.0}]"
safety_margin_confidence,414,82.8,0,91.544,83.633,94.0,90.0,50.0,50.0,,,dropout+confidence_error,,trust_weighted_fusion,move,confidence,0.0,0.0,,0,0,6.824,2.513,48.452,uav_3,2.513,True,False,True,False,False,1,"[{""id"": ""obstacle_0"", ""kind"": ""static_obstacle"", ""x"": 50.0, ""y"": 50.0, ""radius"": 5.0}]"
safety_margin_confidence,414,82.8,1,83.859,79.838,90.0,94.0,50.0,50.0,,,false_negative+position_noise+confidence_error,,trust_weighted_fusion,move,confidence,1.454,0.0,,2,0,15.436,6.943,40.13,uav_3,6.943,False,False,False,False,False,1,"[{""id"": ""obstacle_0"", ""kind"": ""static_obstacle"", ""x"": 50.0, ""y"": 50.0, ""radius"": 5.0}]"
safety_margin_confidence,414,82.8,2,85.076,88.239,86.0,90.0,50.0,50.0,,,none,,trust_weighted_fusion,at_goal,confidence,0.0,0.0,,0,0,1.989,5.62,46.889,uav_3,5.62,False,False,False,False,True,1,"[{""id"": ""obstacle_0"", ""kind"": ""static_obstacle"", ""x"": 50.0, ""y"": 50.0, ""radius"": 5.0}]"
safety_margin_confidence,414,82.8,3,89.135,84.351,90.0,86.0,50.0,50.0,,,none,,trust_weighted_fusion,at_goal,confidence,0.0,0.0,,0,0,1.862,2.513,47.073,uav_0,2.513,True,False,False,False,True,1,"[{""id"": ""obstacle_0"", ""kind"": ""static_obstacle"", ""x"": 50.0, ""y"": 50.0, ""radius"": 5.0}]"
safety_margin_confidence,415,83.0,0,91.688,84.007,94.0,90.0,50.0,50.0,,,dropout+confidence_error,,trust_weighted_fusion,move,confidence,0.0,0.0,,0,0,6.424,2.576,48.799,uav_3,2.576,True,False,True,False,False,1,"[{""id"": ""obstacle_0"", ""kind"": ""static_obstacle"", ""x"": 50.0, ""y"": 50.0, ""radius"": 5.0}]"
safety_margin_confidence,415,83.0,1,83.989,80.137,90.0,94.0,50.0,50.0,,,false_negative+position_noise+confidence_error,,trust_weighted_fusion,move,confidence,1.476,0.0,,1,0,15.11,6.652,40.426,uav_3,6.652,False,False,False,False,False,1,"[{""id"": ""obstacle_0"", ""kind"": ""static_obstacle"", ""x"": 50.0, ""y"": 50.0, ""radius"": 5.0}]"
safety_margin_confidence,415,83.0,2,85.076,88.239,86.0,90.0,50.0,50.0,,,none,,trust_weighted_fusion,at_goal,confidence,0.0,0.0,,0,0,1.989,5.62,46.889,uav_3,5.62,False,False,False,False,True,1,"[{""id"": ""obstacle_0"", ""kind"": ""static_obstacle"", ""x"": 50.0, ""y"": 50.0, ""radius"": 5.0}]"
safety_margin_confidence,415,83.0,3,89.135,84.351,90.0,86.0,50.0,50.0,,,none,,trust_weighted_fusion,at_goal,confidence,0.0,0.0,,0,0,1.862,2.576,47.073,uav_0,2.576,True,False,False,False,True,1,"[{""id"": ""obstacle_0"", ""kind"": ""static_obstacle"", ""x"": 50.0, ""y"": 50.0, ""radius"": 5.0}]"
safety_margin_confidence,416,83.2,0,91.832,84.38,94.0,90.0,50.0,50.0,,,dropout+confidence_error,,trust_weighted_fusion,move,confidence,0.0,0.0,,0,0,6.024,2.697,49.147,uav_3,2.697,True,False,True,False,False,1,"[{""id"": ""obstacle_0"", ""kind"": ""static_obstacle"", ""x"": 50.0, ""y"": 50.0, ""radius"": 5.0}]"
safety_margin_confidence,416,83.2,1,84.127,80.457,90.0,94.0,50.0,50.0,,,false_negative+position_noise+confidence_error,,trust_weighted_fusion,move,confidence,1.042,0.0,,1,0,14.762,6.344,40.741,uav_3,6.344,False,False,False,False,False,1,"[{""id"": ""obstacle_0"", ""kind"": ""static_obstacle"", ""x"": 50.0, ""y"": 50.0, ""radius"": 5.0}]"
safety_margin_confidence,416,83.2,2,85.076,88.239,86.0,90.0,50.0,50.0,,,none,,trust_weighted_fusion,at_goal,confidence,0.0,0.0,,0,0,1.989,5.62,46.889,uav_3,5.62,False,False,False,False,True,1,"[{""id"": ""obstacle_0"", ""kind"": ""static_obstacle"", ""x"": 50.0, ""y"": 50.0, ""radius"": 5.0}]"
safety_margin_confidence,416,83.2,3,89.135,84.351,90.0,86.0,50.0,50.0,,,none,,trust_weighted_fusion,at_goal,confidence,0.0,0.0,,0,0,1.862,2.697,47.073,uav_0,2.697,True,False,False,False,True,1,"[{""id"": ""obstacle_0"", ""kind"": ""static_obstacle"", ""x"": 50.0, ""y"": 50.0, ""radius"": 5.0}]"
safety_margin_confidence,417,83.4,0,92.106,84.152,94.0,90.0,50.0,50.0,,,position_noise+confidence_error,,trust_weighted_fusion,avoidance,confidence,0.87,0.0,,3,0,6.147,2.977,49.215,uav_3,2.977,True,False,False,False,False,1,"[{""id"": ""obstacle_0"", ""kind"": ""static_obstacle"", ""x"": 50.0, ""y"": 50.0, ""radius"": 5.0}]"
safety_margin_confidence,417,83.4,1,84.286,80.823,90.0,94.0,50.0,50.0,,,dropout+confidence_error,,trust_weighted_fusion,move,confidence,0.0,0.0,,0,0,14.362,5.996,41.105,uav_3,5.996,False,False,False,False,False,1,"[{""id"": ""obstacle_0"", ""kind"": ""static_obstacle"", ""x"": 50.0, ""y"": 50.0, ""radius"": 5.0}]"
safety_margin_confidence,417,83.4,2,85.076,88.239,86.0,90.0,50.0,50.0,,,none,,trust_weighted_fusion,at_goal,confidence,0.0,0.0,,0,0,1.989,5.62,46.889,uav_3,5.62,False,False,False,False,True,1,"[{""id"": ""obstacle_0"", ""kind"": ""static_obstacle"", ""x"": 50.0, ""y"": 50.0, ""radius"": 5.0}]"
safety_margin_confidence,417,83.4,3,89.135,84.351,90.0,86.0,50.0,50.0,,,none,,trust_weighted_fusion,at_goal,confidence,0.0,0.0,,0,0,1.862,2.977,47.073,uav_0,2.977,True,False,False,False,True,1,"[{""id"": ""obstacle_0"", ""kind"": ""static_obstacle"", ""x"": 50.0, ""y"": 50.0, ""radius"": 5.0}]"
safety_margin_confidence,418,83.6,0,92.201,84.446,94.0,90.0,50.0,50.0,,,position_noise+confidence_error,,trust_weighted_fusion,move,confidence,1.824,0.32400000000000007,,3,0,5.838,3.067,49.475,uav_3,3.067,True,False,False,False,False,1,"[{""id"": ""obstacle_0"", ""kind"": ""static_obstacle"", ""x"": 50.0, ""y"": 50.0, ""radius"": 5.0}]"
safety_margin_confidence,418,83.6,1,84.445,81.19,90.0,94.0,50.0,50.0,,,dropout+confidence_error,,trust_weighted_fusion,move,confidence,0.0,0.0,,0,0,13.962,5.655,41.469,uav_3,5.655,False,False,False,False,False,1,"[{""id"": ""obstacle_0"", ""kind"": ""static_obstacle"", ""x"": 50.0, ""y"": 50.0, ""radius"": 5.0}]"
safety_margin_confidence,418,83.6,2,85.076,88.239,86.0,90.0,50.0,50.0,,,none,,trust_weighted_fusion,at_goal,confidence,0.0,0.0,,0,0,1.989,5.62,46.889,uav_3,5.62,False,False,False,False,True,1,"[{""id"": ""obstacle_0"", ""kind"": ""static_obstacle"", ""x"": 50.0, ""y"": 50.0, ""radius"": 5.0}]"
safety_margin_confidence,418,83.6,3,89.135,84.351,90.0,86.0,50.0,50.0,,,none,,trust_weighted_fusion,at_goal,confidence,0.0,0.0,,0,0,1.862,3.067,47.073,uav_0,3.067,True,False,False,False,True,1,"[{""id"": ""obstacle_0"", ""kind"": ""static_obstacle"", ""x"": 50.0, ""y"": 50.0, ""radius"": 5.0}]"
safety_margin_confidence,419,83.8,0,92.449,84.648,94.0,90.0,50.0,50.0,,,false_negative+position_noise+confidence_error,,trust_weighted_fusion,avoidance,confidence,1.6,0.10000000000000009,,2,0,5.572,3.327,49.795,uav_3,3.327,True,False,False,False,False,1,"[{""id"": ""obstacle_0"", ""kind"": ""static_obstacle"", ""x"": 50.0, ""y"": 50.0, ""radius"": 5.0}]"
safety_margin_confidence,419,83.8,1,84.605,81.557,90.0,94.0,50.0,50.0,,,dropout+confidence_error,,trust_weighted_fusion,move,confidence,0.0,0.0,,0,0,13.562,5.323,41.833,uav_3,5.323,False,False,False,False,False,1,"[{""id"": ""obstacle_0"", ""kind"": ""static_obstacle"", ""x"": 50.0, ""y"": 50.0, ""radius"": 5.0}]"
safety_margin_confidence,419,83.8,2,85.076,88.239,86.0,90.0,50.0,50.0,,,none,,trust_weighted_fusion,at_goal,confidence,0.0,0.0,,0,0,1.989,5.62,46.889,uav_3,5.62,False,False,False,False,True,1,"[{""id"": ""obstacle_0"", ""kind"": ""static_obstacle"", ""x"": 50.0, ""y"": 50.0, ""radius"": 5.0}]"
safety_margin_confidence,419,83.8,3,89.135,84.351,90.0,86.0,50.0,50.0,,,none,,trust_weighted_fusion,at_goal,confidence,0.0,0.0,,0,0,1.862,3.327,47.073,uav_0,3.327,True,False,False,False,True,1,"[{""id"": ""obstacle_0"", ""kind"": ""static_obstacle"", ""x"": 50.0, ""y"": 50.0, ""radius"": 5.0}]"
safety_margin_confidence,420,84.0,0,92.673,84.884,94.0,90.0,50.0,50.0,,,false_negative+position_noise+confidence_error,,trust_weighted_fusion,avoidance,confidence,1.496,0.0,,1,0,5.285,3.578,50.117,uav_3,3.578,False,False,False,False,False,1,"[{""id"": ""obstacle_0"", ""kind"": ""static_obstacle"", ""x"": 50.0, ""y"": 50.0, ""radius"": 5.0}]"
safety_margin_confidence,420,84.0,1,84.764,81.924,90.0,94.0,50.0,50.0,,,dropout+confidence_error,,trust_weighted_fusion,move,confidence,0.0,0.0,,0,0,13.162,5.0,42.198,uav_3,5.0,False,False,False,False,False,1,"[{""id"": ""obstacle_0"", ""kind"": ""static_obstacle"", ""x"": 50.0, ""y"": 50.0, ""radius"": 5.0}]"
safety_margin_confidence,420,84.0,2,85.076,88.239,86.0,90.0,50.0,50.0,,,none,,trust_weighted_fusion,at_goal,confidence,0.0,0.0,,0,0,1.989,5.62,46.889,uav_3,5.62,False,False,False,False,True,1,"[{""id"": ""obstacle_0"", ""kind"": ""static_obstacle"", ""x"": 50.0, ""y"": 50.0, ""radius"": 5.0}]"
safety_margin_confidence,420,84.0,3,89.135,84.351,90.0,86.0,50.0,50.0,,,none,,trust_weighted_fusion,at_goal,confidence,0.0,0.0,,0,0,1.862,3.578,47.073,uav_0,3.578,False,False,False,False,True,1,"[{""id"": ""obstacle_0"", ""kind"": ""static_obstacle"", ""x"": 50.0, ""y"": 50.0, ""radius"": 5.0}]"
safety_margin_confidence,421,84.2,0,92.764,85.233,94.0,90.0,50.0,50.0,,,false_negative+position_noise+confidence_error,,trust_weighted_fusion,move,confidence,0.798,0.0,,1,0,4.925,3.734,50.408,uav_3,3.734,False,False,False,False,False,1,"[{""id"": ""obstacle_0"", ""kind"": ""static_obstacle"", ""x"": 50.0, ""y"": 50.0, ""radius"": 5.0}]"
safety_margin_confidence,421,84.2,1,84.923,82.291,90.0,94.0,50.0,50.0,,,dropout+confidence_error,,trust_weighted_fusion,move,confidence,0.0,0.0,,0,0,12.762,4.689,42.564,uav_3,4.689,False,False,False,False,False,1,"[{""id"": ""obstacle_0"", ""kind"": ""static_obstacle"", ""x"": 50.0, ""y"": 50.0, ""radius"": 5.0}]"
safety_margin_confidence,421,84.2,2,85.076,88.239,86.0,90.0,50.0,50.0,,,none,,trust_weighted_fusion,at_goal,confidence,0.0,0.0,,0,0,1.989,5.62,46.889,uav_3,5.62,False,False,False,False,True,1,"[{""id"": ""obstacle_0"", ""kind"": ""static_obstacle"", ""x"": 50.0, ""y"": 50.0, ""radius"": 5.0}]"
safety_margin_confidence,421,84.2,3,89.135,84.351,90.0,86.0,50.0,50.0,,,none,,trust_weighted_fusion,at_goal,confidence,0.0,0.0,,0,0,1.862,3.734,47.073,uav_0,3.734,False,False,False,False,True,1,"[{""id"": ""obstacle_0"", ""kind"": ""static_obstacle"", ""x"": 50.0, ""y"": 50.0, ""radius"": 5.0}]"
safety_margin_confidence,422,84.4,0,92.833,85.499,94.0,90.0,50.0,50.0,,,false_negative+position_noise+confidence_error,,trust_weighted_fusion,move,confidence,2.5,1.0,,2,0,4.65,3.871,50.631,uav_3,3.871,False,False,False,False,False,1,"[{""id"": ""obstacle_0"", ""kind"": ""static_obstacle"", ""x"": 50.0, ""y"": 50.0, ""radius"": 5.0}]"
safety_margin_confidence,422,84.4,1,85.042,82.567,90.0,94.0,50.0,50.0,,,false_negative+position_noise+confidence_error,,trust_weighted_fusion,move,confidence,1.988,0.488,,2,0,12.461,4.465,42.839,uav_3,4.465,False,False,False,False,False,1,"[{""id"": ""obstacle_0"", ""kind"": ""static_obstacle"", ""x"": 50.0, ""y"": 50.0, ""radius"": 5.0}]"
safety_margin_confidence,422,84.4,2,85.076,88.239,86.0,90.0,50.0,50.0,,,none,,trust_weighted_fusion,at_goal,confidence,0.0,0.0,,0,0,1.989,5.62,46.889,uav_3,5.62,False,False,False,False,True,1,"[{""id"": ""obstacle_0"", ""kind"": ""static_obstacle"", ""x"": 50.0, ""y"": 50.0, ""radius"": 5.0}]"
safety_margin_confidence,422,84.4,3,89.135,84.351,90.0,86.0,50.0,50.0,,,none,,trust_weighted_fusion,at_goal,confidence,0.0,0.0,,0,0,1.862,3.871,47.073,uav_0,3.871,False,False,False,False,True,1,"[{""id"": ""obstacle_0"", ""kind"": ""static_obstacle"", ""x"": 50.0, ""y"": 50.0, ""radius"": 5.0}]"
safety_margin_confidence,423,84.6,0,92.753,85.762,94.0,90.0,50.0,50.0,,,position_noise+confidence_error,,trust_weighted_fusion,avoidance,confidence,2.5,1.0,,3,0,4.418,3.883,50.738,uav_3,3.883,False,False,False,False,False,1,"[{""id"": ""obstacle_0"", ""kind"": ""static_obstacle"", ""x"": 50.0, ""y"": 50.0, ""radius"": 5.0}]"
safety_margin_confidence,423,84.6,1,85.162,82.843,90.0,94.0,50.0,50.0,,,false_negative+position_noise+confidence_error,,trust_weighted_fusion,move,confidence,1.978,0.478,,2,0,12.16,4.25,43.115,uav_3,4.25,False,False,False,False,False,1,"[{""id"": ""obstacle_0"", ""kind"": ""static_obstacle"", ""x"": 50.0, ""y"": 50.0, ""radius"": 5.0}]"
safety_margin_confidence,423,84.6,2,85.076,88.239,86.0,90.0,50.0,50.0,,,none,,trust_weighted_fusion,at_goal,confidence,0.0,0.0,,0,0,1.989,5.396,46.889,uav_1,5.396,False,False,False,False,True,1,"[{""id"": ""obstacle_0"", ""kind"": ""static_obstacle"", ""x"": 50.0, ""y"": 50.0, ""radius"": 5.0}]"
safety_margin_confidence,423,84.6,3,89.135,84.351,90.0,86.0,50.0,50.0,,,none,,trust_weighted_fusion,at_goal,confidence,0.0,0.0,,0,0,1.862,3.883,47.073,uav_0,3.883,False,False,False,False,True,1,"[{""id"": ""obstacle_0"", ""kind"": ""static_obstacle"", ""x"": 50.0, ""y"": 50.0, ""radius"": 5.0}]"
safety_margin_confidence,424,84.8,0,92.849,86.089,94.0,90.0,50.0,50.0,,,false_negative+position_noise+confidence_error,,trust_weighted_fusion,move,confidence,1.188,0.0,,1,0,4.077,4.1,51.021,uav_3,4.1,False,False,False,False,False,1,"[{""id"": ""obstacle_0"", ""kind"": ""static_obstacle"", ""x"": 50.0, ""y"": 50.0, ""radius"": 5.0}]"
safety_margin_confidence,424,84.8,1,85.02,82.593,90.0,94.0,50.0,50.0,,,position_noise+confidence_error,,trust_weighted_fusion,avoidance,confidence,2.24,0.7400000000000002,,3,0,12.447,4.475,42.84,uav_3,4.475,False,False,False,False,False,1,"[{""id"": ""obstacle_0"", ""kind"": ""static_obstacle"", ""x"": 50.0, ""y"": 50.0, ""radius"": 5.0}]"
safety_margin_confidence,424,84.8,2,85.076,88.239,86.0,90.0,50.0,50.0,,,none,,trust_weighted_fusion,at_goal,confidence,0.0,0.0,,0,0,1.989,5.62,46.889,uav_3,5.62,False,False,False,False,True,1,"[{""id"": ""obstacle_0"", ""kind"": ""static_obstacle"", ""x"": 50.0, ""y"": 50.0, ""radius"": 5.0}]"
safety_margin_confidence,424,84.8,3,89.135,84.351,90.0,86.0,50.0,50.0,,,none,,trust_weighted_fusion,at_goal,confidence,0.0,0.0,,0,0,1.862,4.1,47.073,uav_0,4.1,False,False,False,False,True,1,"[{""id"": ""obstacle_0"", ""kind"": ""static_obstacle"", ""x"": 50.0, ""y"": 50.0, ""radius"": 5.0}]"
safety_margin_confidence,425,85.0,0,93.002,86.367,94.0,90.0,50.0,50.0,,,position_noise+confidence_error,,trust_weighted_fusion,avoidance,confidence,1.644,0.1439999999999999,,3,0,3.768,4.361,51.318,uav_3,4.361,False,False,False,False,False,1,"[{""id"": ""obstacle_0"", ""kind"": ""static_obstacle"", ""x"": 50.0, ""y"": 50.0, ""radius"": 5.0}]"
safety_margin_confidence,425,85.0,1,85.006,82.271,90.0,94.0,50.0,50.0,,,false_negative+position_noise+confidence_error,,trust_weighted_fusion,avoidance,confidence,1.55,0.050000000000000044,,2,0,12.748,4.624,42.611,uav_3,4.624,False,False,False,False,False,1,"[{""id"": ""obstacle_0"", ""kind"": ""static_obstacle"", ""x"": 50.0, ""y"": 50.0, ""radius"": 5.0}]"
safety_margin_confidence,425,85.0,2,85.076,88.239,86.0,90.0,50.0,50.0,,,none,,trust_weighted_fusion,at_goal,confidence,0.0,0.0,,0,0,1.989,5.62,46.889,uav_3,5.62,False,False,False,False,True,1,"[{""id"": ""obstacle_0"", ""kind"": ""static_obstacle"", ""x"": 50.0, ""y"": 50.0, ""radius"": 5.0}]"
safety_margin_confidence,425,85.0,3,89.135,84.351,90.0,86.0,50.0,50.0,,,none,,trust_weighted_fusion,at_goal,confidence,0.0,0.0,,0,0,1.862,4.361,47.073,uav_0,4.361,False,False,False,False,True,1,"[{""id"": ""obstacle_0"", ""kind"": ""static_obstacle"", ""x"": 50.0, ""y"": 50.0, ""radius"": 5.0}]"
safety_margin_confidence,426,85.2,0,93.206,86.642,94.0,90.0,50.0,50.0,,,false_negative+position_noise+confidence_error,,trust_weighted_fusion,avoidance,confidence,1.154,0.0,,2,0,3.451,4.671,51.652,uav_3,4.671,False,False,False,False,False,1,"[{""id"": ""obstacle_0"", ""kind"": ""static_obstacle"", ""x"": 50.0, ""y"": 50.0, ""radius"": 5.0}]"
safety_margin_confidence,426,85.2,1,85.126,82.551,90.0,94.0,50.0,50.0,,,position_noise+confidence_error,,trust_weighted_fusion,move,confidence,1.904,0.4039999999999999,,3,0,12.443,4.395,42.889,uav_3,4.395,False,False,False,False,False,1,"[{""id"": ""obstacle_0"", ""kind"": ""static_obstacle"", ""x"": 50.0, ""y"": 50.0, ""radius"": 5.0}]"
safety_margin_confidence,426,85.2,2,85.076,88.239,86.0,90.0,50.0,50.0,,,none,,trust_weighted_fusion,at_goal,confidence,0.0,0.0,,0,0,1.989,5.62,46.889,uav_3,5.62,False,False,False,False,True,1,"[{""id"": ""obstacle_0"", ""kind"": ""static_obstacle"", ""x"": 50.0, ""y"": 50.0, ""radius"": 5.0}]"
safety_margin_confidence,426,85.2,3,89.135,84.351,90.0,86.0,50.0,50.0,,,none,,trust_weighted_fusion,at_goal,confidence,0.0,0.0,,0,0,1.862,4.395,47.073,uav_1,4.395,False,False,False,False,True,1,"[{""id"": ""obstacle_0"", ""kind"": ""static_obstacle"", ""x"": 50.0, ""y"": 50.0, ""radius"": 5.0}]"
safety_margin_confidence,427,85.4,0,93.269,86.91,94.0,90.0,50.0,50.0,,,false_negative+position_noise+confidence_error,,trust_weighted_fusion,move,confidence,2.5,1.0,,2,0,3.176,4.862,51.873,uav_3,4.862,False,False,False,False,False,1,"[{""id"": ""obstacle_0"", ""kind"": ""static_obstacle"", ""x"": 50.0, ""y"": 50.0, ""radius"": 5.0}]"
safety_margin_confidence,427,85.4,1,85.249,82.842,90.0,94.0,50.0,50.0,,,false_negative+position_noise+confidence_error,,trust_weighted_fusion,move,confidence,1.682,0.18199999999999994,,2,0,12.127,4.169,43.178,uav_3,4.169,False,False,False,False,False,1,"[{""id"": ""obstacle_0"", ""kind"": ""static_obstacle"", ""x"": 50.0, ""y"": 50.0, ""radius"": 5.0}]"
safety_margin_confidence,427,85.4,2,85.076,88.239,86.0,90.0,50.0,50.0,,,none,,trust_weighted_fusion,at_goal,confidence,0.0,0.0,,0,0,1.989,5.399,46.889,uav_1,5.399,False,False,False,False,True,1,"[{""id"": ""obstacle_0"", ""kind"": ""static_obstacle"", ""x"": 50.0, ""y"": 50.0, ""radius"": 5.0}]"
safety_margin_confidence,427,85.4,3,89.135,84.351,90.0,86.0,50.0,50.0,,,none,,trust_weighted_fusion,at_goal,confidence,0.0,0.0,,0,0,1.862,4.169,47.073,uav_1,4.169,False,False,False,False,True,1,"[{""id"": ""obstacle_0"", ""kind"": ""static_obstacle"", ""x"": 50.0, ""y"": 50.0, ""radius"": 5.0}]"
safety_margin_confidence,428,85.6,0,93.345,87.228,94.0,90.0,50.0,50.0,,,false_negative+position_noise+confidence_error,,trust_weighted_fusion,move,confidence,1.456,0.0,,2,0,2.848,5.099,52.137,uav_3,5.099,False,False,False,False,False,1,"[{""id"": ""obstacle_0"", ""kind"": ""static_obstacle"", ""x"": 50.0, ""y"": 50.0, ""radius"": 5.0}]"
safety_margin_confidence,428,85.6,1,85.367,83.119,90.0,94.0,50.0,50.0,,,false_negative+position_noise+confidence_error,,trust_weighted_fusion,move,confidence,1.982,0.482,,2,0,11.826,3.965,43.453,uav_3,3.965,False,False,False,False,False,1,"[{""id"": ""obstacle_0"", ""kind"": ""static_obstacle"", ""x"": 50.0, ""y"": 50.0, ""radius"": 5.0}]"
safety_margin_confidence,428,85.6,2,85.076,88.239,86.0,90.0,50.0,50.0,,,none,,trust_weighted_fusion,at_goal,confidence,0.0,0.0,,0,0,1.989,5.128,46.889,uav_1,5.128,False,False,False,False,True,1,"[{""id"": ""obstacle_0"", ""kind"": ""static_obstacle"", ""x"": 50.0, ""y"": 50.0, ""radius"": 5.0}]"
safety_margin_confidence,428,85.6,3,89.135,84.351,90.0,86.0,50.0,50.0,,,none,,trust_weighted_fusion,at_goal,confidence,0.0,0.0,,0,0,1.862,3.965,47.073,uav_1,3.965,False,False,False,False,True,1,"[{""id"": ""obstacle_0"", ""kind"": ""static_obstacle"", ""x"": 50.0, ""y"": 50.0, ""radius"": 5.0}]"
safety_margin_confidence,429,85.8,0,93.411,87.509,94.0,90.0,50.0,50.0,,,false_negative+position_noise+confidence_error,,trust_weighted_fusion,move,confidence,2.226,0.726,,1,0,2.56,5.315,52.371,uav_3,5.315,False,False,False,False,False,1,"[{""id"": ""obstacle_0"", ""kind"": ""static_obstacle"", ""x"": 50.0, ""y"": 50.0, ""radius"": 5.0}]"
safety_margin_confidence,429,85.8,1,85.501,83.434,90.0,94.0,50.0,50.0,,,false_negative+position_noise+confidence_error,,trust_weighted_fusion,move,confidence,1.142,0.0,,1,0,11.483,3.748,43.767,uav_3,3.748,False,False,False,False,False,1,"[{""id"": ""obstacle_0"", ""kind"": ""static_obstacle"", ""x"": 50.0, ""y"": 50.0, ""radius"": 5.0}]"
safety_margin_confidence,429,85.8,2,85.076,88.239,86.0,90.0,50.0,50.0,,,none,,trust_weighted_fusion,at_goal,confidence,0.0,0.0,,0,0,1.989,4.823,46.889,uav_1,4.823,False,False,False,False,True,1,"[{""id"": ""obstacle_0"", ""kind"": ""static_obstacle"", ""x"": 50.0, ""y"": 50.0, ""radius"": 5.0}]"
safety_margin_confidence,429,85.8,3,89.135,84.351,90.0,86.0,50.0,50.0,,,none,,trust_weighted_fusion,at_goal,confidence,0.0,0.0,,0,0,1.862,3.748,47.073,uav_1,3.748,False,False,False,False,True,1,"[{""id"": ""obstacle_0"", ""kind"": ""static_obstacle"", ""x"": 50.0, ""y"": 50.0, ""radius"": 5.0}]"
safety_margin_confidence,430,86.0,0,93.477,87.79,94.0,90.0,50.0,50.0,,,position_noise+confidence_error,,trust_weighted_fusion,move,confidence,2.23,0.73,,3,0,2.271,5.539,52.605,uav_3,5.539,False,False,False,False,False,1,"[{""id"": ""obstacle_0"", ""kind"": ""static_obstacle"", ""x"": 50.0, ""y"": 50.0, ""radius"": 5.0}]"
safety_margin_confidence,430,86.0,1,85.637,83.753,90.0,94.0,50.0,50.0,,,false_negative+position_noise+confidence_error,,trust_weighted_fusion,move,confidence,1.078,0.0,,1,0,11.137,3.549,44.084,uav_3,3.549,False,False,False,False,False,1,"[{""id"": ""obstacle_0"", ""kind"": ""static_obstacle"", ""x"": 50.0, ""y"": 50.0, ""radius"": 5.0}]"
safety_margin_confidence,430,86.0,2,85.076,88.239,86.0,90.0,50.0,50.0,,,none,,trust_weighted_fusion,at_goal,confidence,0.0,0.0,,0,0,1.989,4.521,46.889,uav_1,4.521,False,False,False,False,True,1,"[{""id"": ""obstacle_0"", ""kind"": ""static_obstacle"", ""x"": 50.0, ""y"": 50.0, ""radius"": 5.0}]"
safety_margin_confidence,430,86.0,3,89.135,84.351,90.0,86.0,50.0,50.0,,,none,,trust_weighted_fusion,at_goal,confidence,0.0,0.0,,0,0,1.862,3.549,47.073,uav_1,3.549,False,False,False,False,True,1,"[{""id"": ""obstacle_0"", ""kind"": ""static_obstacle"", ""x"": 50.0, ""y"": 50.0, ""radius"": 5.0}]"
safety_margin_confidence,431,86.2,0,93.547,88.086,94.0,90.0,50.0,50.0,,,false_negative+position_noise+confidence_error,,trust_weighted_fusion,move,confidence,1.922,0.42199999999999993,,2,0,1.967,5.78,52.852,uav_3,5.78,False,False,False,False,True,1,"[{""id"": ""obstacle_0"", ""kind"": ""static_obstacle"", ""x"": 50.0, ""y"": 50.0, ""radius"": 5.0}]"
safety_margin_confidence,431,86.2,1,85.756,84.04,90.0,94.0,50.0,50.0,,,false_negative+position_noise+confidence_error,,trust_weighted_fusion,avoidance,confidence,1.786,0.28600000000000003,,2,0,10.827,3.394,44.368,uav_3,3.394,True,False,False,False,False,1,"[{""id"": ""obstacle_0"", ""kind"": ""static_obstacle"", ""x"": 50.0, ""y"": 50.0, ""radius"": 5.0}]"
safety_margin_confidence,431,86.2,2,85.076,88.239,86.0,90.0,50.0,50.0,,,none,,trust_weighted_fusion,at_goal,confidence,0.0,0.0,,0,0,1.989,4.253,46.889,uav_1,4.253,False,False,False,False,True,1,"[{""id"": ""obstacle_0"", ""kind"": ""static_obstacle"", ""x"": 50.0, ""y"": 50.0, ""radius"": 5.0}]"
safety_margin_confidence,431,86.2,3,89.135,84.351,90.0,86.0,50.0,50.0,,,none,,trust_weighted_fusion,at_goal,confidence,0.0,0.0,,0,0,1.862,3.394,47.073,uav_1,3.394,True,False,False,False,True,1,"[{""id"": ""obstacle_0"", ""kind"": ""static_obstacle"", ""x"": 50.0, ""y"": 50.0, ""radius"": 5.0}]"
safety_margin_confidence,432,86.4,0,93.547,88.086,94.0,90.0,50.0,50.0,,,none,,trust_weighted_fusion,at_goal,confidence,0.0,0.0,,0,0,1.967,5.78,52.852,uav_3,5.78,False,False,False,False,True,1,"[{""id"": ""obstacle_0"", ""kind"": ""static_obstacle"", ""x"": 50.0, ""y"": 50.0, ""radius"": 5.0}]"
safety_margin_confidence,432,86.4,1,85.424,83.97,90.0,94.0,50.0,50.0,,,position_noise+confidence_error,,trust_weighted_fusion,avoidance,confidence,1.222,0.0,,3,0,11.024,3.73,44.08,uav_3,3.73,False,False,False,False,False,1,"[{""id"": ""obstacle_0"", ""kind"": ""static_obstacle"", ""x"": 50.0, ""y"": 50.0, ""radius"": 5.0}]"
safety_margin_confidence,432,86.4,2,85.076,88.239,86.0,90.0,50.0,50.0,,,none,,trust_weighted_fusion,at_goal,confidence,0.0,0.0,,0,0,1.989,4.282,46.889,uav_1,4.282,False,False,False,False,True,1,"[{""id"": ""obstacle_0"", ""kind"": ""static_obstacle"", ""x"": 50.0, ""y"": 50.0, ""radius"": 5.0}]"
safety_margin_confidence,432,86.4,3,89.135,84.351,90.0,86.0,50.0,50.0,,,none,,trust_weighted_fusion,at_goal,confidence,0.0,0.0,,0,0,1.862,3.73,47.073,uav_1,3.73,False,False,False,False,True,1,"[{""id"": ""obstacle_0"", ""kind"": ""static_obstacle"", ""x"": 50.0, ""y"": 50.0, ""radius"": 5.0}]"
safety_margin_confidence,433,86.6,0,93.547,88.086,94.0,90.0,50.0,50.0,,,none,,trust_weighted_fusion,at_goal,confidence,0.0,0.0,,0,0,1.967,5.78,52.852,uav_3,5.78,False,False,False,False,True,1,"[{""id"": ""obstacle_0"", ""kind"": ""static_obstacle"", ""x"": 50.0, ""y"": 50.0, ""radius"": 5.0}]"
safety_margin_confidence,433,86.6,1,85.352,83.66,90.0,94.0,50.0,50.0,,,position_noise+confidence_error,,trust_weighted_fusion,avoidance,confidence,1.618,0.1180000000000001,,3,0,11.337,3.846,43.813,uav_3,3.846,False,False,False,False,False,1,"[{""id"": ""obstacle_0"", ""kind"": ""static_obstacle"", ""x"": 50.0, ""y"": 50.0, ""radius"": 5.0}]"
safety_margin_confidence,433,86.6,2,85.076,88.239,86.0,90.0,50.0,50.0,,,none,,trust_weighted_fusion,at_goal,confidence,0.0,0.0,,0,0,1.989,4.587,46.889,uav_1,4.587,False,False,False,False,True,1,"[{""id"": ""obstacle_0"", ""kind"": ""static_obstacle"", ""x"": 50.0, ""y"": 50.0, ""radius"": 5.0}]"
safety_margin_confidence,433,86.6,3,89.135,84.351,90.0,86.0,50.0,50.0,,,none,,trust_weighted_fusion,at_goal,confidence,0.0,0.0,,0,0,1.862,3.846,47.073,uav_1,3.846,False,False,False,False,True,1,"[{""id"": ""obstacle_0"", ""kind"": ""static_obstacle"", ""x"": 50.0, ""y"": 50.0, ""radius"": 5.0}]"
safety_margin_confidence,434,86.8,0,93.547,88.086,94.0,90.0,50.0,50.0,,,none,,trust_weighted_fusion,at_goal,confidence,0.0,0.0,,0,0,1.967,5.78,52.852,uav_3,5.78,False,False,False,False,True,1,"[{""id"": ""obstacle_0"", ""kind"": ""static_obstacle"", ""x"": 50.0, ""y"": 50.0, ""radius"": 5.0}]"
safety_margin_confidence,434,86.8,1,85.476,83.935,90.0,94.0,50.0,50.0,,,false_negative+position_noise+confidence_error,,trust_weighted_fusion,move,confidence,1.972,0.472,,2,0,11.036,3.683,44.093,uav_3,3.683,False,False,False,False,False,1,"[{""id"": ""obstacle_0"", ""kind"": ""static_obstacle"", ""x"": 50.0, ""y"": 50.0, ""radius"": 5.0}]"
safety_margin_confidence,434,86.8,2,85.076,88.239,86.0,90.0,50.0,50.0,,,none,,trust_weighted_fusion,at_goal,confidence,0.0,0.0,,0,0,1.989,4.322,46.889,uav_1,4.322,False,False,False,False,True,1,"[{""id"": ""obstacle_0"", ""kind"": ""static_obstacle"", ""x"": 50.0, ""y"": 50.0, ""radius"": 5.0}]"
safety_margin_confidence,434,86.8,3,89.135,84.351,90.0,86.0,50.0,50.0,,,none,,trust_weighted_fusion,at_goal,confidence,0.0,0.0,,0,0,1.862,3.683,47.073,uav_1,3.683,False,False,False,False,True,1,"[{""id"": ""obstacle_0"", ""kind"": ""static_obstacle"", ""x"": 50.0, ""y"": 50.0, ""radius"": 5.0}]"
safety_margin_confidence,435,87.0,0,93.547,88.086,94.0,90.0,50.0,50.0,,,none,,trust_weighted_fusion,at_goal,confidence,0.0,0.0,,0,0,1.967,5.78,52.852,uav_3,5.78,False,False,False,False,True,1,"[{""id"": ""obstacle_0"", ""kind"": ""static_obstacle"", ""x"": 50.0, ""y"": 50.0, ""radius"": 5.0}]"
safety_margin_confidence,435,87.0,1,85.596,84.202,90.0,94.0,50.0,50.0,,,position_noise+confidence_error,,trust_weighted_fusion,move,confidence,2.13,0.6299999999999999,,3,0,10.742,3.542,44.365,uav_3,3.542,False,False,False,False,False,1,"[{""id"": ""obstacle_0"", ""kind"": ""static_obstacle"", ""x"": 50.0, ""y"": 50.0, ""radius"": 5.0}]"
safety_margin_confidence,435,87.0,2,85.076,88.239,86.0,90.0,50.0,50.0,,,none,,trust_weighted_fusion,at_goal,confidence,0.0,0.0,,0,0,1.989,4.07,46.889,uav_1,4.07,False,False,False,False,True,1,"[{""id"": ""obstacle_0"", ""kind"": ""static_obstacle"", ""x"": 50.0, ""y"": 50.0, ""radius"": 5.0}]"
safety_margin_confidence,435,87.0,3,89.135,84.351,90.0,86.0,50.0,50.0,,,none,,trust_weighted_fusion,at_goal,confidence,0.0,0.0,,0,0,1.862,3.542,47.073,uav_1,3.542,False,False,False,False,True,1,"[{""id"": ""obstacle_0"", ""kind"": ""static_obstacle"", ""x"": 50.0, ""y"": 50.0, ""radius"": 5.0}]"
safety_margin_confidence,436,87.2,0,93.547,88.086,94.0,90.0,50.0,50.0,,,none,,trust_weighted_fusion,at_goal,confidence,0.0,0.0,,0,0,1.967,5.78,52.852,uav_3,5.78,False,False,False,False,True,1,"[{""id"": ""obstacle_0"", ""kind"": ""static_obstacle"", ""x"": 50.0, ""y"": 50.0, ""radius"": 5.0}]"
safety_margin_confidence,436,87.2,1,85.729,84.498,90.0,94.0,50.0,50.0,,,false_negative+position_noise+confidence_error,,trust_weighted_fusion,move,confidence,1.512,0.01200000000000001,,2,0,10.418,3.41,44.666,uav_3,3.41,True,False,False,False,False,1,"[{""id"": ""obstacle_0"", ""kind"": ""static_obstacle"", ""x"": 50.0, ""y"": 50.0, ""radius"": 5.0}]"
safety_margin_confidence,436,87.2,2,85.076,88.239,86.0,90.0,50.0,50.0,,,none,,trust_weighted_fusion,at_goal,confidence,0.0,0.0,,0,0,1.989,3.797,46.889,uav_1,3.797,False,False,False,False,True,1,"[{""id"": ""obstacle_0"", ""kind"": ""static_obstacle"", ""x"": 50.0, ""y"": 50.0, ""radius"": 5.0}]"
safety_margin_confidence,436,87.2,3,89.135,84.351,90.0,86.0,50.0,50.0,,,none,,trust_weighted_fusion,at_goal,confidence,0.0,0.0,,0,0,1.862,3.41,47.073,uav_1,3.41,True,False,False,False,True,1,"[{""id"": ""obstacle_0"", ""kind"": ""static_obstacle"", ""x"": 50.0, ""y"": 50.0, ""radius"": 5.0}]"
safety_margin_confidence,437,87.4,0,93.547,88.086,94.0,90.0,50.0,50.0,,,none,,trust_weighted_fusion,at_goal,confidence,0.0,0.0,,0,0,1.967,5.78,52.852,uav_3,5.78,False,False,False,False,True,1,"[{""id"": ""obstacle_0"", ""kind"": ""static_obstacle"", ""x"": 50.0, ""y"": 50.0, ""radius"": 5.0}]"
safety_margin_confidence,437,87.4,1,85.866,84.804,90.0,94.0,50.0,50.0,,,position_noise+confidence_error,,trust_weighted_fusion,move,confidence,1.302,0.0,,3,0,10.083,3.3,44.977,uav_3,3.3,True,False,False,False,False,1,"[{""id"": ""obstacle_0"", ""kind"": ""static_obstacle"", ""x"": 50.0, ""y"": 50.0, ""radius"": 5.0}]"
safety_margin_confidence,437,87.4,2,85.076,88.239,86.0,90.0,50.0,50.0,,,none,,trust_weighted_fusion,at_goal,confidence,0.0,0.0,,0,0,1.989,3.525,46.889,uav_1,3.525,False,False,False,False,True,1,"[{""id"": ""obstacle_0"", ""kind"": ""static_obstacle"", ""x"": 50.0, ""y"": 50.0, ""radius"": 5.0}]"
safety_margin_confidence,437,87.4,3,89.135,84.351,90.0,86.0,50.0,50.0,,,none,,trust_weighted_fusion,at_goal,confidence,0.0,0.0,,0,0,1.862,3.3,47.073,uav_1,3.3,True,False,False,False,True,1,"[{""id"": ""obstacle_0"", ""kind"": ""static_obstacle"", ""x"": 50.0, ""y"": 50.0, ""radius"": 5.0}]"
safety_margin_confidence,438,87.6,0,93.547,88.086,94.0,90.0,50.0,50.0,,,none,,trust_weighted_fusion,at_goal,confidence,0.0,0.0,,0,0,1.967,5.78,52.852,uav_3,5.78,False,False,False,False,True,1,"[{""id"": ""obstacle_0"", ""kind"": ""static_obstacle"", ""x"": 50.0, ""y"": 50.0, ""radius"": 5.0}]"
safety_margin_confidence,438,87.6,1,85.689,84.508,90.0,94.0,50.0,50.0,,,false_negative+position_noise+confidence_error,,trust_weighted_fusion,avoidance,confidence,1.116,0.0,,1,0,10.425,3.45,44.644,uav_3,3.45,True,False,False,False,False,1,"[{""id"": ""obstacle_0"", ""kind"": ""static_obstacle"", ""x"": 50.0, ""y"": 50.0, ""radius"": 5.0}]"
safety_margin_confidence,438,87.6,2,85.076,88.239,86.0,90.0,50.0,50.0,,,none,,trust_weighted_fusion,at_goal,confidence,0.0,0.0,,0,0,1.989,3.78,46.889,uav_1,3.78,False,False,False,False,True,1,"[{""id"": ""obstacle_0"", ""kind"": ""static_obstacle"", ""x"": 50.0, ""y"": 50.0, ""radius"": 5.0}]"
safety_margin_confidence,438,87.6,3,89.135,84.351,90.0,86.0,50.0,50.0,,,none,,trust_weighted_fusion,at_goal,confidence,0.0,0.0,,0,0,1.862,3.45,47.073,uav_1,3.45,True,False,False,False,True,1,"[{""id"": ""obstacle_0"", ""kind"": ""static_obstacle"", ""x"": 50.0, ""y"": 50.0, ""radius"": 5.0}]"
safety_margin_confidence,439,87.8,0,93.547,88.086,94.0,90.0,50.0,50.0,,,none,,trust_weighted_fusion,at_goal,confidence,0.0,0.0,,0,0,1.967,5.78,52.852,uav_3,5.78,False,False,False,False,True,1,"[{""id"": ""obstacle_0"", ""kind"": ""static_obstacle"", ""x"": 50.0, ""y"": 50.0, ""radius"": 5.0}]"
safety_margin_confidence,439,87.8,1,85.456,84.76,90.0,94.0,50.0,50.0,,,false_negative+position_noise+confidence_error,,trust_weighted_fusion,avoidance,confidence,1.142,0.0,,1,0,10.297,3.499,44.653,uav_2,3.499,True,False,False,False,False,1,"[{""id"": ""obstacle_0"", ""kind"": ""static_obstacle"", ""x"": 50.0, ""y"": 50.0, ""radius"": 5.0}]"
safety_margin_confidence,439,87.8,2,85.076,88.239,86.0,90.0,50.0,50.0,,,none,,trust_weighted_fusion,at_goal,confidence,0.0,0.0,,0,0,1.989,3.499,46.889,uav_1,3.499,True,False,False,False,True,1,"[{""id"": ""obstacle_0"", ""kind"": ""static_obstacle"", ""x"": 50.0, ""y"": 50.0, ""radius"": 5.0}]"
safety_margin_confidence,439,87.8,3,89.135,84.351,90.0,86.0,50.0,50.0,,,none,,trust_weighted_fusion,at_goal,confidence,0.0,0.0,,0,0,1.862,3.702,47.073,uav_1,3.702,False,False,False,False,True,1,"[{""id"": ""obstacle_0"", ""kind"": ""static_obstacle"", ""x"": 50.0, ""y"": 50.0, ""radius"": 5.0}]"
safety_margin_confidence,440,88.0,0,93.547,88.086,94.0,90.0,50.0,50.0,,,none,,trust_weighted_fusion,at_goal,confidence,0.0,0.0,,0,0,1.967,5.78,52.852,uav_3,5.78,False,False,False,False,True,1,"[{""id"": ""obstacle_0"", ""kind"": ""static_obstacle"", ""x"": 50.0, ""y"": 50.0, ""radius"": 5.0}]"
safety_margin_confidence,440,88.0,1,85.528,85.074,90.0,94.0,50.0,50.0,,,position_noise+confidence_error,,trust_weighted_fusion,avoidance,confidence,1.562,0.062000000000000055,,3,0,9.984,3.197,44.924,uav_2,3.197,True,False,False,False,False,1,"[{""id"": ""obstacle_0"", ""kind"": ""static_obstacle"", ""x"": 50.0, ""y"": 50.0, ""radius"": 5.0}]"
safety_margin_confidence,440,88.0,2,85.076,88.239,86.0,90.0,50.0,50.0,,,none,,trust_weighted_fusion,at_goal,confidence,0.0,0.0,,0,0,1.989,3.197,46.889,uav_1,3.197,True,False,False,False,True,1,"[{""id"": ""obstacle_0"", ""kind"": ""static_obstacle"", ""x"": 50.0, ""y"": 50.0, ""radius"": 5.0}]"
safety_margin_confidence,440,88.0,3,89.135,84.351,90.0,86.0,50.0,50.0,,,none,,trust_weighted_fusion,at_goal,confidence,0.0,0.0,,0,0,1.862,3.678,47.073,uav_1,3.678,False,False,False,False,True,1,"[{""id"": ""obstacle_0"", ""kind"": ""static_obstacle"", ""x"": 50.0, ""y"": 50.0, ""radius"": 5.0}]"
safety_margin_confidence,441,88.2,0,93.547,88.086,94.0,90.0,50.0,50.0,,,none,,trust_weighted_fusion,at_goal,confidence,0.0,0.0,,0,0,1.967,5.78,52.852,uav_3,5.78,False,False,False,False,True,1,"[{""id"": ""obstacle_0"", ""kind"": ""static_obstacle"", ""x"": 50.0, ""y"": 50.0, ""radius"": 5.0}]"
safety_margin_confidence,441,88.2,1,85.589,84.756,90.0,94.0,50.0,50.0,,,position_noise+confidence_error,,trust_weighted_fusion,avoidance,confidence,1.536,0.03600000000000003,,3,0,10.242,3.52,44.745,uav_2,3.52,False,False,False,False,False,1,"[{""id"": ""obstacle_0"", ""kind"": ""static_obstacle"", ""x"": 50.0, ""y"": 50.0, ""radius"": 5.0}]"
safety_margin_confidence,441,88.2,2,85.076,88.239,86.0,90.0,50.0,50.0,,,none,,trust_weighted_fusion,at_goal,confidence,0.0,0.0,,0,0,1.989,3.52,46.889,uav_1,3.52,False,False,False,False,True,1,"[{""id"": ""obstacle_0"", ""kind"": ""static_obstacle"", ""x"": 50.0, ""y"": 50.0, ""radius"": 5.0}]"
safety_margin_confidence,441,88.2,3,89.135,84.351,90.0,86.0,50.0,50.0,,,none,,trust_weighted_fusion,at_goal,confidence,0.0,0.0,,0,0,1.862,3.569,47.073,uav_1,3.569,False,False,False,False,True,1,"[{""id"": ""obstacle_0"", ""kind"": ""static_obstacle"", ""x"": 50.0, ""y"": 50.0, ""radius"": 5.0}]"
safety_margin_confidence,442,88.4,0,93.547,88.086,94.0,90.0,50.0,50.0,,,none,,trust_weighted_fusion,at_goal,confidence,0.0,0.0,,0,0,1.967,5.78,52.852,uav_3,5.78,False,False,False,False,True,1,"[{""id"": ""obstacle_0"", ""kind"": ""static_obstacle"", ""x"": 50.0, ""y"": 50.0, ""radius"": 5.0}]"
safety_margin_confidence,442,88.4,1,85.379,84.54,90.0,94.0,50.0,50.0,,,position_noise+confidence_error,,trust_weighted_fusion,avoidance,confidence,1.968,0.46799999999999997,,3,0,10.528,3.711,44.444,uav_2,3.711,False,False,False,False,False,1,"[{""id"": ""obstacle_0"", ""kind"": ""static_obstacle"", ""x"": 50.0, ""y"": 50.0, ""radius"": 5.0}]"
safety_margin_confidence,442,88.4,2,85.076,88.239,86.0,90.0,50.0,50.0,,,none,,trust_weighted_fusion,at_goal,confidence,0.0,0.0,,0,0,1.989,3.711,46.889,uav_1,3.711,False,False,False,False,True,1,"[{""id"": ""obstacle_0"", ""kind"": ""static_obstacle"", ""x"": 50.0, ""y"": 50.0, ""radius"": 5.0}]"
safety_margin_confidence,442,88.4,3,89.135,84.351,90.0,86.0,50.0,50.0,,,none,,trust_weighted_fusion,at_goal,confidence,0.0,0.0,,0,0,1.862,3.761,47.073,uav_1,3.761,False,False,False,False,True,1,"[{""id"": ""obstacle_0"", ""kind"": ""static_obstacle"", ""x"": 50.0, ""y"": 50.0, ""radius"": 5.0}]"
safety_margin_confidence,443,88.6,0,93.547,88.086,94.0,90.0,50.0,50.0,,,none,,trust_weighted_fusion,at_goal,confidence,0.0,0.0,,0,0,1.967,5.78,52.852,uav_3,5.78,False,False,False,False,True,1,"[{""id"": ""obstacle_0"", ""kind"": ""static_obstacle"", ""x"": 50.0, ""y"": 50.0, ""radius"": 5.0}]"
safety_margin_confidence,443,88.6,1,85.51,84.807,90.0,94.0,50.0,50.0,,,false_negative+position_noise+confidence_error,,trust_weighted_fusion,move,confidence,2.054,0.5539999999999998,,2,0,10.231,3.459,44.724,uav_2,3.459,True,False,False,False,False,1,"[{""id"": ""obstacle_0"", ""kind"": ""static_obstacle"", ""x"": 50.0, ""y"": 50.0, ""radius"": 5.0}]"
safety_margin_confidence,443,88.6,2,85.076,88.239,86.0,90.0,50.0,50.0,,,none,,trust_weighted_fusion,at_goal,confidence,0.0,0.0,,0,0,1.989,3.459,46.889,uav_1,3.459,True,False,False,False,True,1,"[{""id"": ""obstacle_0"", ""kind"": ""static_obstacle"", ""x"": 50.0, ""y"": 50.0, ""radius"": 5.0}]"
safety_margin_confidence,443,88.6,3,89.135,84.351,90.0,86.0,50.0,50.0,,,none,,trust_weighted_fusion,at_goal,confidence,0.0,0.0,,0,0,1.862,3.654,47.073,uav_1,3.654,False,False,False,False,True,1,"[{""id"": ""obstacle_0"", ""kind"": ""static_obstacle"", ""x"": 50.0, ""y"": 50.0, ""radius"": 5.0}]"
safety_margin_confidence,444,88.8,0,93.547,88.086,94.0,90.0,50.0,50.0,,,none,,trust_weighted_fusion,at_goal,confidence,0.0,0.0,,0,0,1.967,5.78,52.852,uav_3,5.78,False,False,False,False,True,1,"[{""id"": ""obstacle_0"", ""kind"": ""static_obstacle"", ""x"": 50.0, ""y"": 50.0, ""radius"": 5.0}]"
safety_margin_confidence,444,88.8,1,85.731,84.506,90.0,94.0,50.0,50.0,,,false_negative+position_noise+confidence_error,,trust_weighted_fusion,avoidance,confidence,0.53,0.0,,1,0,10.41,3.408,44.672,uav_3,3.408,True,False,False,False,False,1,"[{""id"": ""obstacle_0"", ""kind"": ""static_obstacle"", ""x"": 50.0, ""y"": 50.0, ""radius"": 5.0}]"
safety_margin_confidence,444,88.8,2,85.076,88.239,86.0,90.0,50.0,50.0,,,none,,trust_weighted_fusion,at_goal,confidence,0.0,0.0,,0,0,1.989,3.789,46.889,uav_1,3.789,False,False,False,False,True,1,"[{""id"": ""obstacle_0"", ""kind"": ""static_obstacle"", ""x"": 50.0, ""y"": 50.0, ""radius"": 5.0}]"
safety_margin_confidence,444,88.8,3,89.135,84.351,90.0,86.0,50.0,50.0,,,none,,trust_weighted_fusion,at_goal,confidence,0.0,0.0,,0,0,1.862,3.408,47.073,uav_1,3.408,True,False,False,False,True,1,"[{""id"": ""obstacle_0"", ""kind"": ""static_obstacle"", ""x"": 50.0, ""y"": 50.0, ""radius"": 5.0}]"
safety_margin_confidence,445,89.0,0,93.547,88.086,94.0,90.0,50.0,50.0,,,none,,trust_weighted_fusion,at_goal,confidence,0.0,0.0,,0,0,1.967,5.78,52.852,uav_3,5.78,False,False,False,False,True,1,"[{""id"": ""obstacle_0"", ""kind"": ""static_obstacle"", ""x"": 50.0, ""y"": 50.0, ""radius"": 5.0}]"
safety_margin_confidence,445,89.0,1,85.419,84.372,90.0,94.0,50.0,50.0,,,false_negative+position_noise+confidence_error,,trust_weighted_fusion,avoidance,confidence,1.23,0.0,,2,0,10.662,3.716,44.356,uav_3,3.716,False,False,False,False,False,1,"[{""id"": ""obstacle_0"", ""kind"": ""static_obstacle"", ""x"": 50.0, ""y"": 50.0, ""radius"": 5.0}]"
safety_margin_confidence,445,89.0,2,85.076,88.239,86.0,90.0,50.0,50.0,,,none,,trust_weighted_fusion,at_goal,confidence,0.0,0.0,,0,0,1.989,3.881,46.889,uav_1,3.881,False,False,False,False,True,1,"[{""id"": ""obstacle_0"", ""kind"": ""static_obstacle"", ""x"": 50.0, ""y"": 50.0, ""radius"": 5.0}]"
safety_margin_confidence,445,89.0,3,89.135,84.351,90.0,86.0,50.0,50.0,,,none,,trust_weighted_fusion,at_goal,confidence,0.0,0.0,,0,0,1.862,3.716,47.073,uav_1,3.716,False,False,False,False,True,1,"[{""id"": ""obstacle_0"", ""kind"": ""static_obstacle"", ""x"": 50.0, ""y"": 50.0, ""radius"": 5.0}]"
safety_margin_confidence,446,89.2,0,93.547,88.086,94.0,90.0,50.0,50.0,,,none,,trust_weighted_fusion,at_goal,confidence,0.0,0.0,,0,0,1.967,5.78,52.852,uav_3,5.78,False,False,False,False,True,1,"[{""id"": ""obstacle_0"", ""kind"": ""static_obstacle"", ""x"": 50.0, ""y"": 50.0, ""radius"": 5.0}]"
safety_margin_confidence,446,89.2,1,85.556,84.66,90.0,94.0,50.0,50.0,,,position_noise+confidence_error,,trust_weighted_fusion,move,confidence,1.628,0.1279999999999999,,3,0,10.343,3.592,44.655,uav_3,3.592,False,False,False,False,False,1,"[{""id"": ""obstacle_0"", ""kind"": ""static_obstacle"", ""x"": 50.0, ""y"": 50.0, ""radius"": 5.0}]"
safety_margin_confidence,446,89.2,2,85.076,88.239,86.0,90.0,50.0,50.0,,,none,,trust_weighted_fusion,at_goal,confidence,0.0,0.0,,0,0,1.989,3.61,46.889,uav_1,3.61,False,False,False,False,True,1,"[{""id"": ""obstacle_0"", ""kind"": ""static_obstacle"", ""x"": 50.0, ""y"": 50.0, ""radius"": 5.0}]"
safety_margin_confidence,446,89.2,3,89.135,84.351,90.0,86.0,50.0,50.0,,,none,,trust_weighted_fusion,at_goal,confidence,0.0,0.0,,0,0,1.862,3.592,47.073,uav_1,3.592,False,False,False,False,True,1,"[{""id"": ""obstacle_0"", ""kind"": ""static_obstacle"", ""x"": 50.0, ""y"": 50.0, ""radius"": 5.0}]"
safety_margin_confidence,447,89.4,0,93.547,88.086,94.0,90.0,50.0,50.0,,,none,,trust_weighted_fusion,at_goal,confidence,0.0,0.0,,0,0,1.967,5.78,52.852,uav_3,5.78,False,False,False,False,True,1,"[{""id"": ""obstacle_0"", ""kind"": ""static_obstacle"", ""x"": 50.0, ""y"": 50.0, ""radius"": 5.0}]"
safety_margin_confidence,447,89.4,1,85.431,84.376,90.0,94.0,50.0,50.0,,,false_negative+position_noise+confidence_error,,trust_weighted_fusion,avoidance,confidence,1.79,0.29000000000000004,,2,0,10.653,3.704,44.367,uav_3,3.704,False,False,False,False,False,1,"[{""id"": ""obstacle_0"", ""kind"": ""static_obstacle"", ""x"": 50.0, ""y"": 50.0, ""radius"": 5.0}]"
safety_margin_confidence,447,89.4,2,85.076,88.239,86.0,90.0,50.0,50.0,,,none,,trust_weighted_fusion,at_goal,confidence,0.0,0.0,,0,0,1.989,3.879,46.889,uav_1,3.879,False,False,False,False,True,1,"[{""id"": ""obstacle_0"", ""kind"": ""static_obstacle"", ""x"": 50.0, ""y"": 50.0, ""radius"": 5.0}]"
safety_margin_confidence,447,89.4,3,89.135,84.351,90.0,86.0,50.0,50.0,,,none,,trust_weighted_fusion,at_goal,confidence,0.0,0.0,,0,0,1.862,3.704,47.073,uav_1,3.704,False,False,False,False,True,1,"[{""id"": ""obstacle_0"", ""kind"": ""static_obstacle"", ""x"": 50.0, ""y"": 50.0, ""radius"": 5.0}]"
safety_margin_confidence,448,89.6,0,93.547,88.086,94.0,90.0,50.0,50.0,,,none,,trust_weighted_fusion,at_goal,confidence,0.0,0.0,,0,0,1.967,5.78,52.852,uav_3,5.78,False,False,False,False,True,1,"[{""id"": ""obstacle_0"", ""kind"": ""static_obstacle"", ""x"": 50.0, ""y"": 50.0, ""radius"": 5.0}]"
safety_margin_confidence,448,89.6,1,85.119,84.273,90.0,94.0,50.0,50.0,,,position_noise+confidence_error,,trust_weighted_fusion,avoidance,confidence,1.424,0.0,,3,0,10.883,3.966,44.071,uav_2,3.966,False,False,False,False,False,1,"[{""id"": ""obstacle_0"", ""kind"": ""static_obstacle"", ""x"": 50.0, ""y"": 50.0, ""radius"": 5.0}]"
safety_margin_confidence,448,89.6,2,85.076,88.239,86.0,90.0,50.0,50.0,,,none,,trust_weighted_fusion,at_goal,confidence,0.0,0.0,,0,0,1.989,3.966,46.889,uav_1,3.966,False,False,False,False,True,1,"[{""id"": ""obstacle_0"", ""kind"": ""static_obstacle"", ""x"": 50.0, ""y"": 50.0, ""radius"": 5.0}]"
safety_margin_confidence,448,89.6,3,89.135,84.351,90.0,86.0,50.0,50.0,,,none,,trust_weighted_fusion,at_goal,confidence,0.0,0.0,,0,0,1.862,4.017,47.073,uav_1,4.017,False,False,False,False,True,1,"[{""id"": ""obstacle_0"", ""kind"": ""static_obstacle"", ""x"": 50.0, ""y"": 50.0, ""radius"": 5.0}]"
safety_margin_confidence,449,89.8,0,93.547,88.086,94.0,90.0,50.0,50.0,,,none,,trust_weighted_fusion,at_goal,confidence,0.0,0.0,,0,0,1.967,5.78,52.852,uav_3,5.78,False,False,False,False,True,1,"[{""id"": ""obstacle_0"", ""kind"": ""static_obstacle"", ""x"": 50.0, ""y"": 50.0, ""radius"": 5.0}]"
safety_margin_confidence,449,89.8,1,85.249,84.534,90.0,94.0,50.0,50.0,,,position_noise+confidence_error,,trust_weighted_fusion,move,confidence,2.172,0.6720000000000002,,3,0,10.592,3.709,44.347,uav_2,3.709,False,False,False,False,False,1,"[{""id"": ""obstacle_0"", ""kind"": ""static_obstacle"", ""x"": 50.0, ""y"": 50.0, ""radius"": 5.0}]"
safety_margin_confidence,449,89.8,2,85.076,88.239,86.0,90.0,50.0,50.0,,,none,,trust_weighted_fusion,at_goal,confidence,0.0,0.0,,0,0,1.989,3.709,46.889,uav_1,3.709,False,False,False,False,True,1,"[{""id"": ""obstacle_0"", ""kind"": ""static_obstacle"", ""x"": 50.0, ""y"": 50.0, ""radius"": 5.0}]"
safety_margin_confidence,449,89.8,3,89.135,84.351,90.0,86.0,50.0,50.0,,,none,,trust_weighted_fusion,at_goal,confidence,0.0,0.0,,0,0,1.862,3.89,47.073,uav_1,3.89,False,False,False,False,True,1,"[{""id"": ""obstacle_0"", ""kind"": ""static_obstacle"", ""x"": 50.0, ""y"": 50.0, ""radius"": 5.0}]"
safety_margin_confidence,450,90.0,0,93.547,88.086,94.0,90.0,50.0,50.0,,,none,,trust_weighted_fusion,at_goal,confidence,0.0,0.0,,0,0,1.967,5.78,52.852,uav_3,5.78,False,False,False,False,True,1,"[{""id"": ""obstacle_0"", ""kind"": ""static_obstacle"", ""x"": 50.0, ""y"": 50.0, ""radius"": 5.0}]"
safety_margin_confidence,450,90.0,1,85.403,84.839,90.0,94.0,50.0,50.0,,,false_negative+position_noise+confidence_error,,trust_weighted_fusion,move,confidence,1.162,0.0,,1,0,10.25,3.415,44.67,uav_2,3.415,True,False,False,False,False,1,"[{""id"": ""obstacle_0"", ""kind"": ""static_obstacle"", ""x"": 50.0, ""y"": 50.0, ""radius"": 5.0}]"
safety_margin_confidence,450,90.0,2,85.076,88.239,86.0,90.0,50.0,50.0,,,none,,trust_weighted_fusion,at_goal,confidence,0.0,0.0,,0,0,1.989,3.415,46.889,uav_1,3.415,True,False,False,False,True,1,"[{""id"": ""obstacle_0"", ""kind"": ""static_obstacle"", ""x"": 50.0, ""y"": 50.0, ""radius"": 5.0}]"
safety_margin_confidence,450,90.0,3,89.135,84.351,90.0,86.0,50.0,50.0,,,none,,trust_weighted_fusion,at_goal,confidence,0.0,0.0,,0,0,1.862,3.764,47.073,uav_1,3.764,False,False,False,False,True,1,"[{""id"": ""obstacle_0"", ""kind"": ""static_obstacle"", ""x"": 50.0, ""y"": 50.0, ""radius"": 5.0}]"
safety_margin_confidence,451,90.2,0,93.547,88.086,94.0,90.0,50.0,50.0,,,none,,trust_weighted_fusion,at_goal,confidence,0.0,0.0,,0,0,1.967,5.78,52.852,uav_3,5.78,False,False,False,False,True,1,"[{""id"": ""obstacle_0"", ""kind"": ""static_obstacle"", ""x"": 50.0, ""y"": 50.0, ""radius"": 5.0}]"
safety_margin_confidence,451,90.2,1,85.547,85.126,90.0,94.0,50.0,50.0,,,position_noise+confidence_error,,trust_weighted_fusion,move,confidence,1.574,0.07400000000000007,,3,0,9.928,3.148,44.974,uav_2,3.148,True,False,False,False,False,1,"[{""id"": ""obstacle_0"", ""kind"": ""static_obstacle"", ""x"": 50.0, ""y"": 50.0, ""radius"": 5.0}]"
safety_margin_confidence,451,90.2,2,85.076,88.239,86.0,90.0,50.0,50.0,,,none,,trust_weighted_fusion,at_goal,confidence,0.0,0.0,,0,0,1.989,3.148,46.889,uav_1,3.148,True,False,False,False,True,1,"[{""id"": ""obstacle_0"", ""kind"": ""static_obstacle"", ""x"": 50.0, ""y"": 50.0, ""radius"": 5.0}]"
safety_margin_confidence,451,90.2,3,89.135,84.351,90.0,86.0,50.0,50.0,,,none,,trust_weighted_fusion,at_goal,confidence,0.0,0.0,,0,0,1.862,3.671,47.073,uav_1,3.671,False,False,False,False,True,1,"[{""id"": ""obstacle_0"", ""kind"": ""static_obstacle"", ""x"": 50.0, ""y"": 50.0, ""radius"": 5.0}]"
safety_margin_confidence,452,90.4,0,93.547,88.086,94.0,90.0,50.0,50.0,,,none,,trust_weighted_fusion,at_goal,confidence,0.0,0.0,,0,0,1.967,5.78,52.852,uav_3,5.78,False,False,False,False,True,1,"[{""id"": ""obstacle_0"", ""kind"": ""static_obstacle"", ""x"": 50.0, ""y"": 50.0, ""radius"": 5.0}]"
safety_margin_confidence,452,90.4,1,85.692,85.415,90.0,94.0,50.0,50.0,,,false_negative+position_noise+confidence_error,,trust_weighted_fusion,move,confidence,1.54,0.040000000000000036,,1,0,9.605,2.89,45.28,uav_2,2.89,True,False,True,False,False,1,"[{""id"": ""obstacle_0"", ""kind"": ""static_obstacle"", ""x"": 50.0, ""y"": 50.0, ""radius"": 5.0}]"
safety_margin_confidence,452,90.4,2,85.076,88.239,86.0,90.0,50.0,50.0,,,none,,trust_weighted_fusion,at_goal,confidence,0.0,0.0,,0,0,1.989,2.89,46.889,uav_1,2.89,True,False,False,False,True,1,"[{""id"": ""obstacle_0"", ""kind"": ""static_obstacle"", ""x"": 50.0, ""y"": 50.0, ""radius"": 5.0}]"
safety_margin_confidence,452,90.4,3,89.135,84.351,90.0,86.0,50.0,50.0,,,none,,trust_weighted_fusion,at_goal,confidence,0.0,0.0,,0,0,1.862,3.604,47.073,uav_1,3.604,False,False,False,False,True,1,"[{""id"": ""obstacle_0"", ""kind"": ""static_obstacle"", ""x"": 50.0, ""y"": 50.0, ""radius"": 5.0}]"
safety_margin_confidence,453,90.6,0,93.547,88.086,94.0,90.0,50.0,50.0,,,none,,trust_weighted_fusion,at_goal,confidence,0.0,0.0,,0,0,1.967,5.78,52.852,uav_3,5.78,False,False,False,False,True,1,"[{""id"": ""obstacle_0"", ""kind"": ""static_obstacle"", ""x"": 50.0, ""y"": 50.0, ""radius"": 5.0}]"
safety_margin_confidence,453,90.6,1,85.857,85.744,90.0,94.0,50.0,50.0,,,false_negative+position_noise+confidence_error,,trust_weighted_fusion,move,confidence,0.648,0.0,,1,0,9.238,2.614,45.629,uav_2,2.614,True,False,True,False,False,1,"[{""id"": ""obstacle_0"", ""kind"": ""static_obstacle"", ""x"": 50.0, ""y"": 50.0, ""radius"": 5.0}]"
safety_margin_confidence,453,90.6,2,85.076,88.239,86.0,90.0,50.0,50.0,,,none,,trust_weighted_fusion,at_goal,confidence,0.0,0.0,,0,0,1.989,2.614,46.889,uav_1,2.614,True,False,False,False,True,1,"[{""id"": ""obstacle_0"", ""kind"": ""static_obstacle"", ""x"": 50.0, ""y"": 50.0, ""radius"": 5.0}]"
safety_margin_confidence,453,90.6,3,89.135,84.351,90.0,86.0,50.0,50.0,,,none,,trust_weighted_fusion,at_goal,confidence,0.0,0.0,,0,0,1.862,3.562,47.073,uav_1,3.562,False,False,False,False,True,1,"[{""id"": ""obstacle_0"", ""kind"": ""static_obstacle"", ""x"": 50.0, ""y"": 50.0, ""radius"": 5.0}]"
safety_margin_confidence,454,90.8,0,93.547,88.086,94.0,90.0,50.0,50.0,,,none,,trust_weighted_fusion,at_goal,confidence,0.0,0.0,,0,0,1.967,5.78,52.852,uav_3,5.78,False,False,False,False,True,1,"[{""id"": ""obstacle_0"", ""kind"": ""static_obstacle"", ""x"": 50.0, ""y"": 50.0, ""radius"": 5.0}]"
safety_margin_confidence,454,90.8,1,85.564,85.658,90.0,94.0,50.0,50.0,,,position_noise+confidence_error,,trust_weighted_fusion,avoidance,confidence,1.9,0.3999999999999999,,3,0,9.449,2.627,45.361,uav_2,2.627,True,False,False,False,False,1,"[{""id"": ""obstacle_0"", ""kind"": ""static_obstacle"", ""x"": 50.0, ""y"": 50.0, ""radius"": 5.0}]"
safety_margin_confidence,454,90.8,2,85.076,88.239,86.0,90.0,50.0,50.0,,,none,,trust_weighted_fusion,at_goal,confidence,0.0,0.0,,0,0,1.989,2.627,46.889,uav_1,2.627,True,False,False,False,True,1,"[{""id"": ""obstacle_0"", ""kind"": ""static_obstacle"", ""x"": 50.0, ""y"": 50.0, ""radius"": 5.0}]"
safety_margin_confidence,454,90.8,3,89.135,84.351,90.0,86.0,50.0,50.0,,,none,,trust_weighted_fusion,at_goal,confidence,0.0,0.0,,0,0,1.862,3.803,47.073,uav_1,3.803,False,False,False,False,True,1,"[{""id"": ""obstacle_0"", ""kind"": ""static_obstacle"", ""x"": 50.0, ""y"": 50.0, ""radius"": 5.0}]"
safety_margin_confidence,455,91.0,0,93.547,88.086,94.0,90.0,50.0,50.0,,,none,,trust_weighted_fusion,at_goal,confidence,0.0,0.0,,0,0,1.967,5.78,52.852,uav_3,5.78,False,False,False,False,True,1,"[{""id"": ""obstacle_0"", ""kind"": ""static_obstacle"", ""x"": 50.0, ""y"": 50.0, ""radius"": 5.0}]"
safety_margin_confidence,455,91.0,1,85.46,85.365,90.0,94.0,50.0,50.0,,,false_negative+position_noise+confidence_error,,trust_weighted_fusion,avoidance,confidence,1.788,0.28800000000000003,,2,0,9.756,2.899,45.081,uav_2,2.899,True,False,True,False,False,1,"[{""id"": ""obstacle_0"", ""kind"": ""static_obstacle"", ""x"": 50.0, ""y"": 50.0, ""radius"": 5.0}]"
safety_margin_confidence,455,91.0,2,85.076,88.239,86.0,90.0,50.0,50.0,,,none,,trust_weighted_fusion,at_goal,confidence,0.0,0.0,,0,0,1.989,2.899,46.889,uav_1,2.899,True,False,False,False,True,1,"[{""id"": ""obstacle_0"", ""kind"": ""static_obstacle"", ""x"": 50.0, ""y"": 50.0, ""radius"": 5.0}]"
safety_margin_confidence,455,91.0,3,89.135,84.351,90.0,86.0,50.0,50.0,,,none,,trust_weighted_fusion,at_goal,confidence,0.0,0.0,,0,0,1.862,3.812,47.073,uav_1,3.812,False,False,False,False,True,1,"[{""id"": ""obstacle_0"", ""kind"": ""static_obstacle"", ""x"": 50.0, ""y"": 50.0, ""radius"": 5.0}]"
safety_margin_confidence,456,91.2,0,93.547,88.086,94.0,90.0,50.0,50.0,,,none,,trust_weighted_fusion,at_goal,confidence,0.0,0.0,,0,0,1.967,5.78,52.852,uav_3,5.78,False,False,False,False,True,1,"[{""id"": ""obstacle_0"", ""kind"": ""static_obstacle"", ""x"": 50.0, ""y"": 50.0, ""radius"": 5.0}]"
safety_margin_confidence,456,91.2,1,85.602,85.635,90.0,94.0,50.0,50.0,,,false_negative+position_noise+confidence_error,,trust_weighted_fusion,move,confidence,1.896,0.3959999999999999,,2,0,9.451,2.656,45.372,uav_2,2.656,True,False,False,False,False,1,"[{""id"": ""obstacle_0"", ""kind"": ""static_obstacle"", ""x"": 50.0, ""y"": 50.0, ""radius"": 5.0}]"
safety_margin_confidence,456,91.2,2,85.076,88.239,86.0,90.0,50.0,50.0,,,none,,trust_weighted_fusion,at_goal,confidence,0.0,0.0,,0,0,1.989,2.656,46.889,uav_1,2.656,True,False,False,False,True,1,"[{""id"": ""obstacle_0"", ""kind"": ""static_obstacle"", ""x"": 50.0, ""y"": 50.0, ""radius"": 5.0}]"
safety_margin_confidence,456,91.2,3,89.135,84.351,90.0,86.0,50.0,50.0,,,none,,trust_weighted_fusion,at_goal,confidence,0.0,0.0,,0,0,1.862,3.759,47.073,uav_1,3.759,False,False,False,False,True,1,"[{""id"": ""obstacle_0"", ""kind"": ""static_obstacle"", ""x"": 50.0, ""y"": 50.0, ""radius"": 5.0}]"
safety_margin_confidence,457,91.4,0,93.547,88.086,94.0,90.0,50.0,50.0,,,none,,trust_weighted_fusion,at_goal,confidence,0.0,0.0,,0,0,1.967,5.78,52.852,uav_3,5.78,False,False,False,False,True,1,"[{""id"": ""obstacle_0"", ""kind"": ""static_obstacle"", ""x"": 50.0, ""y"": 50.0, ""radius"": 5.0}]"
safety_margin_confidence,457,91.4,1,85.788,85.989,90.0,94.0,50.0,50.0,,,false_negative+confidence_error,,trust_weighted_fusion,move,confidence,0.0,0.0,,0,0,9.051,2.36,45.754,uav_2,2.36,True,False,True,False,False,1,"[{""id"": ""obstacle_0"", ""kind"": ""static_obstacle"", ""x"": 50.0, ""y"": 50.0, ""radius"": 5.0}]"
safety_margin_confidence,457,91.4,2,85.076,88.239,86.0,90.0,50.0,50.0,,,none,,trust_weighted_fusion,at_goal,confidence,0.0,0.0,,0,0,1.989,2.36,46.889,uav_1,2.36,True,False,False,False,True,1,"[{""id"": ""obstacle_0"", ""kind"": ""static_obstacle"", ""x"": 50.0, ""y"": 50.0, ""radius"": 5.0}]"
safety_margin_confidence,457,91.4,3,89.135,84.351,90.0,86.0,50.0,50.0,,,none,,trust_weighted_fusion,at_goal,confidence,0.0,0.0,,0,0,1.862,3.726,47.073,uav_1,3.726,False,False,False,False,True,1,"[{""id"": ""obstacle_0"", ""kind"": ""static_obstacle"", ""x"": 50.0, ""y"": 50.0, ""radius"": 5.0}]"
safety_margin_confidence,458,91.6,0,93.547,88.086,94.0,90.0,50.0,50.0,,,none,,trust_weighted_fusion,at_goal,confidence,0.0,0.0,,0,0,1.967,5.78,52.852,uav_3,5.78,False,False,False,False,True,1,"[{""id"": ""obstacle_0"", ""kind"": ""static_obstacle"", ""x"": 50.0, ""y"": 50.0, ""radius"": 5.0}]"
safety_margin_confidence,458,91.6,1,85.963,86.321,90.0,94.0,50.0,50.0,,,false_negative+position_noise+confidence_error,,trust_weighted_fusion,move,confidence,0.5,0.0,,1,0,8.676,2.113,46.113,uav_2,2.113,True,False,False,False,False,1,"[{""id"": ""obstacle_0"", ""kind"": ""static_obstacle"", ""x"": 50.0, ""y"": 50.0, ""radius"": 5.0}]"
safety_margin_confidence,458,91.6,2,85.076,88.239,86.0,90.0,50.0,50.0,,,none,,trust_weighted_fusion,at_goal,confidence,0.0,0.0,,0,0,1.989,2.113,46.889,uav_1,2.113,True,False,False,False,True,1,"[{""id"": ""obstacle_0"", ""kind"": ""static_obstacle"", ""x"": 50.0, ""y"": 50.0, ""radius"": 5.0}]"
safety_margin_confidence,458,91.6,3,89.135,84.351,90.0,86.0,50.0,50.0,,,none,,trust_weighted_fusion,at_goal,confidence,0.0,0.0,,0,0,1.862,3.734,47.073,uav_1,3.734,False,False,False,False,True,1,"[{""id"": ""obstacle_0"", ""kind"": ""static_obstacle"", ""x"": 50.0, ""y"": 50.0, ""radius"": 5.0}]"
safety_margin_confidence,459,91.8,0,93.547,88.086,94.0,90.0,50.0,50.0,,,none,,trust_weighted_fusion,at_goal,confidence,0.0,0.0,,0,0,1.967,5.78,52.852,uav_3,5.78,False,False,False,False,True,1,"[{""id"": ""obstacle_0"", ""kind"": ""static_obstacle"", ""x"": 50.0, ""y"": 50.0, ""radius"": 5.0}]"
safety_margin_confidence,459,91.8,1,86.166,86.562,90.0,94.0,50.0,50.0,,,position_noise+confidence_error,,trust_weighted_fusion,avoidance,confidence,1.694,0.19399999999999995,,3,0,8.368,2.0,46.427,uav_2,2.0,True,False,False,False,False,1,"[{""id"": ""obstacle_0"", ""kind"": ""static_obstacle"", ""x"": 50.0, ""y"": 50.0, ""radius"": 5.0}]"
safety_margin_confidence,459,91.8,2,85.076,88.239,86.0,90.0,50.0,50.0,,,none,,trust_weighted_fusion,at_goal,confidence,0.0,0.0,,0,0,1.989,2.0,46.889,uav_1,2.0,True,False,False,False,True,1,"[{""id"": ""obstacle_0"", ""kind"": ""static_obstacle"", ""x"": 50.0, ""y"": 50.0, ""radius"": 5.0}]"
safety_margin_confidence,459,91.8,3,89.135,84.351,90.0,86.0,50.0,50.0,,,none,,trust_weighted_fusion,at_goal,confidence,0.0,0.0,,0,0,1.862,3.702,47.073,uav_1,3.702,False,False,False,False,True,1,"[{""id"": ""obstacle_0"", ""kind"": ""static_obstacle"", ""x"": 50.0, ""y"": 50.0, ""radius"": 5.0}]"
safety_margin_confidence,460,92.0,0,93.547,88.086,94.0,90.0,50.0,50.0,,,none,,trust_weighted_fusion,at_goal,confidence,0.0,0.0,,0,0,1.967,5.78,52.852,uav_3,5.78,False,False,False,False,True,1,"[{""id"": ""obstacle_0"", ""kind"": ""static_obstacle"", ""x"": 50.0, ""y"": 50.0, ""radius"": 5.0}]"
safety_margin_confidence,460,92.0,1,86.432,86.354,90.0,94.0,50.0,50.0,,,false_negative+position_noise+confidence_error,,trust_weighted_fusion,avoidance,confidence,1.26,0.0,,2,0,8.438,2.322,46.467,uav_2,2.322,True,False,False,False,False,1,"[{""id"": ""obstacle_0"", ""kind"": ""static_obstacle"", ""x"": 50.0, ""y"": 50.0, ""radius"": 5.0}]"
safety_margin_confidence,460,92.0,2,85.076,88.239,86.0,90.0,50.0,50.0,,,none,,trust_weighted_fusion,at_goal,confidence,0.0,0.0,,0,0,1.989,2.322,46.889,uav_1,2.322,True,False,False,False,True,1,"[{""id"": ""obstacle_0"", ""kind"": ""static_obstacle"", ""x"": 50.0, ""y"": 50.0, ""radius"": 5.0}]"
safety_margin_confidence,460,92.0,3,89.135,84.351,90.0,86.0,50.0,50.0,,,none,,trust_weighted_fusion,at_goal,confidence,0.0,0.0,,0,0,1.862,3.365,47.073,uav_1,3.365,True,False,False,False,True,1,"[{""id"": ""obstacle_0"", ""kind"": ""static_obstacle"", ""x"": 50.0, ""y"": 50.0, ""radius"": 5.0}]"
safety_margin_confidence,461,92.2,0,93.547,88.086,94.0,90.0,50.0,50.0,,,none,,trust_weighted_fusion,at_goal,confidence,0.0,0.0,,0,0,1.967,5.78,52.852,uav_3,5.78,False,False,False,False,True,1,"[{""id"": ""obstacle_0"", ""kind"": ""static_obstacle"", ""x"": 50.0, ""y"": 50.0, ""radius"": 5.0}]"
safety_margin_confidence,461,92.2,1,86.641,86.62,90.0,94.0,50.0,50.0,,,false_negative+position_noise+confidence_error,,trust_weighted_fusion,avoidance,confidence,1.224,0.0,,2,0,8.109,2.252,46.803,uav_2,2.252,True,False,True,False,False,1,"[{""id"": ""obstacle_0"", ""kind"": ""static_obstacle"", ""x"": 50.0, ""y"": 50.0, ""radius"": 5.0}]"
safety_margin_confidence,461,92.2,2,85.076,88.239,86.0,90.0,50.0,50.0,,,none,,trust_weighted_fusion,at_goal,confidence,0.0,0.0,,0,0,1.989,2.252,46.889,uav_1,2.252,True,False,False,False,True,1,"[{""id"": ""obstacle_0"", ""kind"": ""static_obstacle"", ""x"": 50.0, ""y"": 50.0, ""radius"": 5.0}]"
safety_margin_confidence,461,92.2,3,89.135,84.351,90.0,86.0,50.0,50.0,,,none,,trust_weighted_fusion,at_goal,confidence,0.0,0.0,,0,0,1.862,3.372,47.073,uav_1,3.372,True,False,False,False,True,1,"[{""id"": ""obstacle_0"", ""kind"": ""static_obstacle"", ""x"": 50.0, ""y"": 50.0, ""radius"": 5.0}]"
safety_margin_confidence,462,92.4,0,93.547,88.086,94.0,90.0,50.0,50.0,,,none,,trust_weighted_fusion,at_goal,confidence,0.0,0.0,,0,0,1.967,5.78,52.852,uav_3,5.78,False,False,False,False,True,1,"[{""id"": ""obstacle_0"", ""kind"": ""static_obstacle"", ""x"": 50.0, ""y"": 50.0, ""radius"": 5.0}]"
safety_margin_confidence,462,92.4,1,86.797,86.927,90.0,94.0,50.0,50.0,,,false_negative+position_noise+confidence_error,,trust_weighted_fusion,avoidance,confidence,1.11,0.0,,2,0,7.764,2.163,47.131,uav_2,2.163,True,False,False,False,False,1,"[{""id"": ""obstacle_0"", ""kind"": ""static_obstacle"", ""x"": 50.0, ""y"": 50.0, ""radius"": 5.0}]"
safety_margin_confidence,462,92.4,2,85.076,88.239,86.0,90.0,50.0,50.0,,,none,,trust_weighted_fusion,at_goal,confidence,0.0,0.0,,0,0,1.989,2.163,46.889,uav_1,2.163,True,False,False,False,True,1,"[{""id"": ""obstacle_0"", ""kind"": ""static_obstacle"", ""x"": 50.0, ""y"": 50.0, ""radius"": 5.0}]"
safety_margin_confidence,462,92.4,3,89.135,84.351,90.0,86.0,50.0,50.0,,,none,,trust_weighted_fusion,at_goal,confidence,0.0,0.0,,0,0,1.862,3.479,47.073,uav_1,3.479,True,False,False,False,True,1,"[{""id"": ""obstacle_0"", ""kind"": ""static_obstacle"", ""x"": 50.0, ""y"": 50.0, ""radius"": 5.0}]"
safety_margin_confidence,463,92.6,0,93.547,88.086,94.0,90.0,50.0,50.0,,,none,,trust_weighted_fusion,at_goal,confidence,0.0,0.0,,0,0,1.967,5.78,52.852,uav_3,5.78,False,False,False,False,True,1,"[{""id"": ""obstacle_0"", ""kind"": ""static_obstacle"", ""x"": 50.0, ""y"": 50.0, ""radius"": 5.0}]"
safety_margin_confidence,463,92.6,1,86.502,87.134,90.0,94.0,50.0,50.0,,,false_negative+position_noise+confidence_error,,trust_weighted_fusion,avoidance,confidence,0.804,0.0,,2,0,7.705,1.804,47.071,uav_2,1.804,True,False,True,False,False,1,"[{""id"": ""obstacle_0"", ""kind"": ""static_obstacle"", ""x"": 50.0, ""y"": 50.0, ""radius"": 5.0}]"
safety_margin_confidence,463,92.6,2,85.076,88.239,86.0,90.0,50.0,50.0,,,none,,trust_weighted_fusion,at_goal,confidence,0.0,0.0,,0,0,1.989,1.804,46.889,uav_1,1.804,True,False,False,False,True,1,"[{""id"": ""obstacle_0"", ""kind"": ""static_obstacle"", ""x"": 50.0, ""y"": 50.0, ""radius"": 5.0}]"
safety_margin_confidence,463,92.6,3,89.135,84.351,90.0,86.0,50.0,50.0,,,none,,trust_weighted_fusion,at_goal,confidence,0.0,0.0,,0,0,1.862,3.831,47.073,uav_1,3.831,False,False,False,False,True,1,"[{""id"": ""obstacle_0"", ""kind"": ""static_obstacle"", ""x"": 50.0, ""y"": 50.0, ""radius"": 5.0}]"
safety_margin_confidence,464,92.8,0,93.547,88.086,94.0,90.0,50.0,50.0,,,none,,trust_weighted_fusion,at_goal,confidence,0.0,0.0,,0,0,1.967,5.78,52.852,uav_3,5.78,False,False,False,False,True,1,"[{""id"": ""obstacle_0"", ""kind"": ""static_obstacle"", ""x"": 50.0, ""y"": 50.0, ""radius"": 5.0}]"
safety_margin_confidence,464,92.8,1,86.412,87.436,90.0,94.0,50.0,50.0,,,false_negative+position_noise+confidence_error,,trust_weighted_fusion,avoidance,confidence,1.706,0.20599999999999996,,2,0,7.481,1.559,47.223,uav_2,1.559,True,False,False,False,False,1,"[{""id"": ""obstacle_0"", ""kind"": ""static_obstacle"", ""x"": 50.0, ""y"": 50.0, ""radius"": 5.0}]"
safety_margin_confidence,464,92.8,2,85.076,88.239,86.0,90.0,50.0,50.0,,,none,,trust_weighted_fusion,at_goal,confidence,0.0,0.0,,0,0,1.989,1.559,46.889,uav_1,1.559,True,False,False,False,True,1,"[{""id"": ""obstacle_0"", ""kind"": ""static_obstacle"", ""x"": 50.0, ""y"": 50.0, ""radius"": 5.0}]"
safety_margin_confidence,464,92.8,3,89.135,84.351,90.0,86.0,50.0,50.0,,,none,,trust_weighted_fusion,at_goal,confidence,0.0,0.0,,0,0,1.862,4.115,47.073,uav_1,4.115,False,False,False,False,True,1,"[{""id"": ""obstacle_0"", ""kind"": ""static_obstacle"", ""x"": 50.0, ""y"": 50.0, ""radius"": 5.0}]"
safety_margin_confidence,465,93.0,0,93.547,88.086,94.0,90.0,50.0,50.0,,,none,,trust_weighted_fusion,at_goal,confidence,0.0,0.0,,0,0,1.967,5.78,52.852,uav_3,5.78,False,False,False,False,True,1,"[{""id"": ""obstacle_0"", ""kind"": ""static_obstacle"", ""x"": 50.0, ""y"": 50.0, ""radius"": 5.0}]"
safety_margin_confidence,465,93.0,1,86.215,87.215,90.0,94.0,50.0,50.0,,,false_negative+position_noise+confidence_error,,trust_weighted_fusion,avoidance,confidence,2.076,0.5760000000000001,,2,0,7.77,1.531,46.927,uav_2,1.531,True,False,False,False,False,1,"[{""id"": ""obstacle_0"", ""kind"": ""static_obstacle"", ""x"": 50.0, ""y"": 50.0, ""radius"": 5.0}]"
safety_margin_confidence,465,93.0,2,85.076,88.239,86.0,90.0,50.0,50.0,,,none,,trust_weighted_fusion,at_goal,confidence,0.0,0.0,,0,0,1.989,1.531,46.889,uav_1,1.531,True,False,False,False,True,1,"[{""id"": ""obstacle_0"", ""kind"": ""static_obstacle"", ""x"": 50.0, ""y"": 50.0, ""radius"": 5.0}]"
safety_margin_confidence,465,93.0,3,89.135,84.351,90.0,86.0,50.0,50.0,,,none,,trust_weighted_fusion,at_goal,confidence,0.0,0.0,,0,0,1.862,4.09,47.073,uav_1,4.09,False,False,False,False,True,1,"[{""id"": ""obstacle_0"", ""kind"": ""static_obstacle"", ""x"": 50.0, ""y"": 50.0, ""radius"": 5.0}]"
safety_margin_confidence,466,93.2,0,93.547,88.086,94.0,90.0,50.0,50.0,,,none,,trust_weighted_fusion,at_goal,confidence,0.0,0.0,,0,0,1.967,5.78,52.852,uav_3,5.78,False,False,False,False,True,1,"[{""id"": ""obstacle_0"", ""kind"": ""static_obstacle"", ""x"": 50.0, ""y"": 50.0, ""radius"": 5.0}]"
safety_margin_confidence,466,93.2,1,86.062,87.495,90.0,94.0,50.0,50.0,,,position_noise+confidence_error,,trust_weighted_fusion,avoidance,confidence,1.622,0.12200000000000011,,3,0,7.605,1.235,47.022,uav_2,1.235,True,False,False,False,False,1,"[{""id"": ""obstacle_0"", ""kind"": ""static_obstacle"", ""x"": 50.0, ""y"": 50.0, ""radius"": 5.0}]"
safety_margin_confidence,466,93.2,2,85.076,88.239,86.0,90.0,50.0,50.0,,,none,,trust_weighted_fusion,at_goal,confidence,0.0,0.0,,0,0,1.989,1.235,46.889,uav_1,1.235,True,False,False,False,True,1,"[{""id"": ""obstacle_0"", ""kind"": ""static_obstacle"", ""x"": 50.0, ""y"": 50.0, ""radius"": 5.0}]"
safety_margin_confidence,466,93.2,3,89.135,84.351,90.0,86.0,50.0,50.0,,,none,,trust_weighted_fusion,at_goal,confidence,0.0,0.0,,0,0,1.862,4.396,47.073,uav_1,4.396,False,False,False,False,True,1,"[{""id"": ""obstacle_0"", ""kind"": ""static_obstacle"", ""x"": 50.0, ""y"": 50.0, ""radius"": 5.0}]"
safety_margin_confidence,467,93.4,0,93.547,88.086,94.0,90.0,50.0,50.0,,,none,,trust_weighted_fusion,at_goal,confidence,0.0,0.0,,0,0,1.967,5.78,52.852,uav_3,5.78,False,False,False,False,True,1,"[{""id"": ""obstacle_0"", ""kind"": ""static_obstacle"", ""x"": 50.0, ""y"": 50.0, ""radius"": 5.0}]"
safety_margin_confidence,467,93.4,1,85.966,87.188,90.0,94.0,50.0,50.0,,,position_noise+confidence_error,,trust_weighted_fusion,avoidance,confidence,1.582,0.08200000000000007,,3,0,7.917,1.377,46.735,uav_2,1.377,True,False,False,False,False,1,"[{""id"": ""obstacle_0"", ""kind"": ""static_obstacle"", ""x"": 50.0, ""y"": 50.0, ""radius"": 5.0}]"
safety_margin_confidence,467,93.4,2,85.076,88.239,86.0,90.0,50.0,50.0,,,none,,trust_weighted_fusion,at_goal,confidence,0.0,0.0,,0,0,1.989,1.377,46.889,uav_1,1.377,True,False,False,False,True,1,"[{""id"": ""obstacle_0"", ""kind"": ""static_obstacle"", ""x"": 50.0, ""y"": 50.0, ""radius"": 5.0}]"
safety_margin_confidence,467,93.4,3,89.135,84.351,90.0,86.0,50.0,50.0,,,none,,trust_weighted_fusion,at_goal,confidence,0.0,0.0,,0,0,1.862,4.254,47.073,uav_1,4.254,False,False,False,False,True,1,"[{""id"": ""obstacle_0"", ""kind"": ""static_obstacle"", ""x"": 50.0, ""y"": 50.0, ""radius"": 5.0}]"
safety_margin_confidence,468,93.6,0,93.547,88.086,94.0,90.0,50.0,50.0,,,none,,trust_weighted_fusion,at_goal,confidence,0.0,0.0,,0,0,1.967,5.78,52.852,uav_3,5.78,False,False,False,False,True,1,"[{""id"": ""obstacle_0"", ""kind"": ""static_obstacle"", ""x"": 50.0, ""y"": 50.0, ""radius"": 5.0}]"
safety_margin_confidence,468,93.6,1,86.04,87.498,90.0,94.0,50.0,50.0,,,position_noise+confidence_error,,trust_weighted_fusion,avoidance,confidence,1.626,0.1259999999999999,,3,0,7.613,1.216,47.01,uav_2,1.216,True,False,False,False,False,1,"[{""id"": ""obstacle_0"", ""kind"": ""static_obstacle"", ""x"": 50.0, ""y"": 50.0, ""radius"": 5.0}]"
safety_margin_confidence,468,93.6,2,85.076,88.239,86.0,90.0,50.0,50.0,,,none,,trust_weighted_fusion,at_goal,confidence,0.0,0.0,,0,0,1.989,1.216,46.889,uav_1,1.216,True,False,False,False,True,1,"[{""id"": ""obstacle_0"", ""kind"": ""static_obstacle"", ""x"": 50.0, ""y"": 50.0, ""radius"": 5.0}]"
safety_margin_confidence,468,93.6,3,89.135,84.351,90.0,86.0,50.0,50.0,,,none,,trust_weighted_fusion,at_goal,confidence,0.0,0.0,,0,0,1.862,4.414,47.073,uav_1,4.414,False,False,False,False,True,1,"[{""id"": ""obstacle_0"", ""kind"": ""static_obstacle"", ""x"": 50.0, ""y"": 50.0, ""radius"": 5.0}]"
safety_margin_confidence,469,93.8,0,93.547,88.086,94.0,90.0,50.0,50.0,,,none,,trust_weighted_fusion,at_goal,confidence,0.0,0.0,,0,0,1.967,5.78,52.852,uav_3,5.78,False,False,False,False,True,1,"[{""id"": ""obstacle_0"", ""kind"": ""static_obstacle"", ""x"": 50.0, ""y"": 50.0, ""radius"": 5.0}]"
safety_margin_confidence,469,93.8,1,85.703,87.429,90.0,94.0,50.0,50.0,,,position_noise+confidence_error,,trust_weighted_fusion,avoidance,confidence,1.116,0.0,,3,0,7.851,1.024,46.727,uav_2,1.024,True,False,False,False,False,1,"[{""id"": ""obstacle_0"", ""kind"": ""static_obstacle"", ""x"": 50.0, ""y"": 50.0, ""radius"": 5.0}]"
safety_margin_confidence,469,93.8,2,85.076,88.239,86.0,90.0,50.0,50.0,,,none,,trust_weighted_fusion,at_goal,confidence,0.0,0.0,,0,0,1.989,1.024,46.889,uav_1,1.024,True,False,False,False,True,1,"[{""id"": ""obstacle_0"", ""kind"": ""static_obstacle"", ""x"": 50.0, ""y"": 50.0, ""radius"": 5.0}]"
safety_margin_confidence,469,93.8,3,89.135,84.351,90.0,86.0,50.0,50.0,,,none,,trust_weighted_fusion,at_goal,confidence,0.0,0.0,,0,0,1.862,4.611,47.073,uav_1,4.611,False,False,False,False,True,1,"[{""id"": ""obstacle_0"", ""kind"": ""static_obstacle"", ""x"": 50.0, ""y"": 50.0, ""radius"": 5.0}]"
safety_margin_confidence,470,94.0,0,93.547,88.086,94.0,90.0,50.0,50.0,,,none,,trust_weighted_fusion,at_goal,confidence,0.0,0.0,,0,0,1.967,5.78,52.852,uav_3,5.78,False,False,False,False,True,1,"[{""id"": ""obstacle_0"", ""kind"": ""static_obstacle"", ""x"": 50.0, ""y"": 50.0, ""radius"": 5.0}]"
safety_margin_confidence,470,94.0,1,85.372,87.421,90.0,94.0,50.0,50.0,,,false_negative+position_noise+confidence_error,,trust_weighted_fusion,avoidance,confidence,1.39,0.0,,2,0,8.043,0.869,46.493,uav_2,0.869,True,False,False,False,False,1,"[{""id"": ""obstacle_0"", ""kind"": ""static_obstacle"", ""x"": 50.0, ""y"": 50.0, ""radius"": 5.0}]"
safety_margin_confidence,470,94.0,2,85.076,88.239,86.0,90.0,50.0,50.0,,,none,,trust_weighted_fusion,at_goal,confidence,0.0,0.0,,0,0,1.989,0.869,46.889,uav_1,0.869,True,False,False,False,True,1,"[{""id"": ""obstacle_0"", ""kind"": ""static_obstacle"", ""x"": 50.0, ""y"": 50.0, ""radius"": 5.0}]"
safety_margin_confidence,470,94.0,3,89.135,84.351,90.0,86.0,50.0,50.0,,,none,,trust_weighted_fusion,at_goal,confidence,0.0,0.0,,0,0,1.862,4.856,47.073,uav_1,4.856,False,False,False,False,True,1,"[{""id"": ""obstacle_0"", ""kind"": ""static_obstacle"", ""x"": 50.0, ""y"": 50.0, ""radius"": 5.0}]"
safety_margin_confidence,471,94.2,0,93.547,88.086,94.0,90.0,50.0,50.0,,,none,,trust_weighted_fusion,at_goal,confidence,0.0,0.0,,0,0,1.967,5.78,52.852,uav_3,5.78,False,False,False,False,True,1,"[{""id"": ""obstacle_0"", ""kind"": ""static_obstacle"", ""x"": 50.0, ""y"": 50.0, ""radius"": 5.0}]"
safety_margin_confidence,471,94.2,1,85.672,87.52,90.0,94.0,50.0,50.0,,,false_negative+position_noise+confidence_error,,trust_weighted_fusion,avoidance,confidence,1.696,0.19599999999999995,,2,0,7.793,0.933,46.771,uav_2,0.933,True,False,False,False,False,1,"[{""id"": ""obstacle_0"", ""kind"": ""static_obstacle"", ""x"": 50.0, ""y"": 50.0, ""radius"": 5.0}]"
safety_margin_confidence,471,94.2,2,85.076,88.239,86.0,90.0,50.0,50.0,,,none,,trust_weighted_fusion,at_goal,confidence,0.0,0.0,,0,0,1.989,0.933,46.889,uav_1,0.933,True,False,False,False,True,1,"[{""id"": ""obstacle_0"", ""kind"": ""static_obstacle"", ""x"": 50.0, ""y"": 50.0, ""radius"": 5.0}]"
safety_margin_confidence,471,94.2,3,89.135,84.351,90.0,86.0,50.0,50.0,,,none,,trust_weighted_fusion,at_goal,confidence,0.0,0.0,,0,0,1.862,4.695,47.073,uav_1,4.695,False,False,False,False,True,1,"[{""id"": ""obstacle_0"", ""kind"": ""static_obstacle"", ""x"": 50.0, ""y"": 50.0, ""radius"": 5.0}]"
safety_margin_confidence,472,94.4,0,93.547,88.086,94.0,90.0,50.0,50.0,,,none,,trust_weighted_fusion,at_goal,confidence,0.0,0.0,,0,0,1.967,5.78,52.852,uav_3,5.78,False,False,False,False,True,1,"[{""id"": ""obstacle_0"", ""kind"": ""static_obstacle"", ""x"": 50.0, ""y"": 50.0, ""radius"": 5.0}]"
safety_margin_confidence,472,94.4,1,85.838,87.769,90.0,94.0,50.0,50.0,,,false_negative+position_noise+confidence_error,,trust_weighted_fusion,move,confidence,2.018,0.5179999999999998,,2,0,7.493,0.895,47.066,uav_2,0.895,True,False,True,False,False,1,"[{""id"": ""obstacle_0"", ""kind"": ""static_obstacle"", ""x"": 50.0, ""y"": 50.0, ""radius"": 5.0}]"
safety_margin_confidence,472,94.4,2,85.076,88.239,86.0,90.0,50.0,50.0,,,none,,trust_weighted_fusion,at_goal,confidence,0.0,0.0,,0,0,1.989,0.895,46.889,uav_1,0.895,True,False,False,False,True,1,"[{""id"": ""obstacle_0"", ""kind"": ""static_obstacle"", ""x"": 50.0, ""y"": 50.0, ""radius"": 5.0}]"
safety_margin_confidence,472,94.4,3,89.135,84.351,90.0,86.0,50.0,50.0,,,none,,trust_weighted_fusion,at_goal,confidence,0.0,0.0,,0,0,1.862,4.749,47.073,uav_1,4.749,False,False,False,False,True,1,"[{""id"": ""obstacle_0"", ""kind"": ""static_obstacle"", ""x"": 50.0, ""y"": 50.0, ""radius"": 5.0}]"
safety_margin_confidence,473,94.6,0,93.547,88.086,94.0,90.0,50.0,50.0,,,none,,trust_weighted_fusion,at_goal,confidence,0.0,0.0,,0,0,1.967,5.78,52.852,uav_3,5.78,False,False,False,False,True,1,"[{""id"": ""obstacle_0"", ""kind"": ""static_obstacle"", ""x"": 50.0, ""y"": 50.0, ""radius"": 5.0}]"
safety_margin_confidence,473,94.6,1,85.887,88.099,90.0,94.0,50.0,50.0,,,false_negative+position_noise+confidence_error,,trust_weighted_fusion,avoidance,confidence,1.324,0.0,,2,0,7.193,0.823,47.339,uav_2,0.823,True,False,False,False,False,1,"[{""id"": ""obstacle_0"", ""kind"": ""static_obstacle"", ""x"": 50.0, ""y"": 50.0, ""radius"": 5.0}]"
safety_margin_confidence,473,94.6,2,85.076,88.239,86.0,90.0,50.0,50.0,,,none,,trust_weighted_fusion,at_goal,confidence,0.0,0.0,,0,0,1.989,0.823,46.889,uav_1,0.823,True,False,False,False,True,1,"[{""id"": ""obstacle_0"", ""kind"": ""static_obstacle"", ""x"": 50.0, ""y"": 50.0, ""radius"": 5.0}]"
safety_margin_confidence,473,94.6,3,89.135,84.351,90.0,86.0,50.0,50.0,,,none,,trust_weighted_fusion,at_goal,confidence,0.0,0.0,,0,0,1.862,4.959,47.073,uav_1,4.959,False,False,False,False,True,1,"[{""id"": ""obstacle_0"", ""kind"": ""static_obstacle"", ""x"": 50.0, ""y"": 50.0, ""radius"": 5.0}]"
safety_margin_confidence,474,94.8,0,93.547,88.086,94.0,90.0,50.0,50.0,,,none,,trust_weighted_fusion,at_goal,confidence,0.0,0.0,,0,0,1.967,5.78,52.852,uav_3,5.78,False,False,False,False,True,1,"[{""id"": ""obstacle_0"", ""kind"": ""static_obstacle"", ""x"": 50.0, ""y"": 50.0, ""radius"": 5.0}]"
safety_margin_confidence,474,94.8,1,86.139,88.377,90.0,94.0,50.0,50.0,,,false_negative+position_noise+confidence_error,,trust_weighted_fusion,avoidance,confidence,0.5,0.0,,1,0,6.821,1.072,47.714,uav_2,1.072,True,False,False,False,False,1,"[{""id"": ""obstacle_0"", ""kind"": ""static_obstacle"", ""x"": 50.0, ""y"": 50.0, ""radius"": 5.0}]"
safety_margin_confidence,474,94.8,2,85.076,88.239,86.0,90.0,50.0,50.0,,,none,,trust_weighted_fusion,at_goal,confidence,0.0,0.0,,0,0,1.989,1.072,46.889,uav_1,1.072,True,False,False,False,True,1,"[{""id"": ""obstacle_0"", ""kind"": ""static_obstacle"", ""x"": 50.0, ""y"": 50.0, ""radius"": 5.0}]"
safety_margin_confidence,474,94.8,3,89.135,84.351,90.0,86.0,50.0,50.0,,,none,,trust_weighted_fusion,at_goal,confidence,0.0,0.0,,0,0,1.862,5.018,47.073,uav_1,5.018,False,False,False,False,True,1,"[{""id"": ""obstacle_0"", ""kind"": ""static_obstacle"", ""x"": 50.0, ""y"": 50.0, ""radius"": 5.0}]"
safety_margin_confidence,475,95.0,0,93.547,88.086,94.0,90.0,50.0,50.0,,,none,,trust_weighted_fusion,at_goal,confidence,0.0,0.0,,0,0,1.967,5.78,52.852,uav_3,5.78,False,False,False,False,True,1,"[{""id"": ""obstacle_0"", ""kind"": ""static_obstacle"", ""x"": 50.0, ""y"": 50.0, ""radius"": 5.0}]"
safety_margin_confidence,475,95.0,1,86.17,88.682,90.0,94.0,50.0,50.0,,,position_noise+confidence_error,,trust_weighted_fusion,avoidance,confidence,1.874,0.3740000000000001,,3,0,6.554,1.181,47.958,uav_2,1.181,True,False,False,False,False,1,"[{""id"": ""obstacle_0"", ""kind"": ""static_obstacle"", ""x"": 50.0, ""y"": 50.0, ""radius"": 5.0}]"
safety_margin_confidence,475,95.0,2,85.076,88.239,86.0,90.0,50.0,50.0,,,none,,trust_weighted_fusion,at_goal,confidence,0.0,0.0,,0,0,1.989,1.181,46.889,uav_1,1.181,True,False,False,False,True,1,"[{""id"": ""obstacle_0"", ""kind"": ""static_obstacle"", ""x"": 50.0, ""y"": 50.0, ""radius"": 5.0}]"
safety_margin_confidence,475,95.0,3,89.135,84.351,90.0,86.0,50.0,50.0,,,none,,trust_weighted_fusion,at_goal,confidence,0.0,0.0,,0,0,1.862,5.248,47.073,uav_1,5.248,False,False,False,False,True,1,"[{""id"": ""obstacle_0"", ""kind"": ""static_obstacle"", ""x"": 50.0, ""y"": 50.0, ""radius"": 5.0}]"
safety_margin_confidence,476,95.2,0,93.547,88.086,94.0,90.0,50.0,50.0,,,none,,trust_weighted_fusion,at_goal,confidence,0.0,0.0,,0,0,1.967,5.78,52.852,uav_3,5.78,False,False,False,False,True,1,"[{""id"": ""obstacle_0"", ""kind"": ""static_obstacle"", ""x"": 50.0, ""y"": 50.0, ""radius"": 5.0}]"
safety_margin_confidence,476,95.2,1,86.356,88.973,90.0,94.0,50.0,50.0,,,false_negative+position_noise+confidence_error,,trust_weighted_fusion,avoidance,confidence,1.098,0.0,,1,0,6.209,1.475,48.297,uav_2,1.475,True,False,False,False,False,1,"[{""id"": ""obstacle_0"", ""kind"": ""static_obstacle"", ""x"": 50.0, ""y"": 50.0, ""radius"": 5.0}]"
safety_margin_confidence,476,95.2,2,85.076,88.239,86.0,90.0,50.0,50.0,,,none,,trust_weighted_fusion,at_goal,confidence,0.0,0.0,,0,0,1.989,1.475,46.889,uav_1,1.475,True,False,False,False,True,1,"[{""id"": ""obstacle_0"", ""kind"": ""static_obstacle"", ""x"": 50.0, ""y"": 50.0, ""radius"": 5.0}]"
safety_margin_confidence,476,95.2,3,89.135,84.351,90.0,86.0,50.0,50.0,,,none,,trust_weighted_fusion,at_goal,confidence,0.0,0.0,,0,0,1.862,5.393,47.073,uav_1,5.393,False,False,False,False,True,1,"[{""id"": ""obstacle_0"", ""kind"": ""static_obstacle"", ""x"": 50.0, ""y"": 50.0, ""radius"": 5.0}]"
safety_margin_confidence,477,95.4,0,93.547,88.086,94.0,90.0,50.0,50.0,,,none,,trust_weighted_fusion,at_goal,confidence,0.0,0.0,,0,0,1.967,5.78,52.852,uav_3,5.78,False,False,False,False,True,1,"[{""id"": ""obstacle_0"", ""kind"": ""static_obstacle"", ""x"": 50.0, ""y"": 50.0, ""radius"": 5.0}]"
safety_margin_confidence,477,95.4,1,86.546,89.235,90.0,94.0,50.0,50.0,,,false_negative+position_noise+confidence_error,,trust_weighted_fusion,move,confidence,1.528,0.028000000000000025,,1,0,5.886,1.775,48.618,uav_2,1.775,True,False,True,False,False,1,"[{""id"": ""obstacle_0"", ""kind"": ""static_obstacle"", ""x"": 50.0, ""y"": 50.0, ""radius"": 5.0}]"
safety_margin_confidence,477,95.4,2,85.076,88.239,86.0,90.0,50.0,50.0,,,none,,trust_weighted_fusion,at_goal,confidence,0.0,0.0,,0,0,1.989,1.775,46.889,uav_1,1.775,True,False,False,False,True,1,"[{""id"": ""obstacle_0"", ""kind"": ""static_obstacle"", ""x"": 50.0, ""y"": 50.0, ""radius"": 5.0}]"
safety_margin_confidence,477,95.4,3,89.135,84.351,90.0,86.0,50.0,50.0,,,none,,trust_weighted_fusion,at_goal,confidence,0.0,0.0,,0,0,1.862,5.528,47.073,uav_1,5.528,False,False,False,False,True,1,"[{""id"": ""obstacle_0"", ""kind"": ""static_obstacle"", ""x"": 50.0, ""y"": 50.0, ""radius"": 5.0}]"
safety_margin_confidence,478,95.6,0,93.547,88.086,94.0,90.0,50.0,50.0,,,none,,trust_weighted_fusion,at_goal,confidence,0.0,0.0,,0,0,1.967,5.78,52.852,uav_3,5.78,False,False,False,False,True,1,"[{""id"": ""obstacle_0"", ""kind"": ""static_obstacle"", ""x"": 50.0, ""y"": 50.0, ""radius"": 5.0}]"
safety_margin_confidence,478,95.6,1,86.84,89.382,90.0,94.0,50.0,50.0,,,false_negative+position_noise+confidence_error,,trust_weighted_fusion,avoidance,confidence,1.418,0.0,,2,0,5.596,2.102,48.927,uav_2,2.102,True,False,False,False,False,1,"[{""id"": ""obstacle_0"", ""kind"": ""static_obstacle"", ""x"": 50.0, ""y"": 50.0, ""radius"": 5.0}]"
safety_margin_confidence,478,95.6,2,85.076,88.239,86.0,90.0,50.0,50.0,,,none,,trust_weighted_fusion,at_goal,confidence,0.0,0.0,,0,0,1.989,2.102,46.889,uav_1,2.102,True,False,False,False,True,1,"[{""id"": ""obstacle_0"", ""kind"": ""static_obstacle"", ""x"": 50.0, ""y"": 50.0, ""radius"": 5.0}]"
safety_margin_confidence,478,95.6,3,89.135,84.351,90.0,86.0,50.0,50.0,,,none,,trust_weighted_fusion,at_goal,confidence,0.0,0.0,,0,0,1.862,5.53,47.073,uav_1,5.53,False,False,False,False,True,1,"[{""id"": ""obstacle_0"", ""kind"": ""static_obstacle"", ""x"": 50.0, ""y"": 50.0, ""radius"": 5.0}]"
safety_margin_confidence,479,95.8,0,93.547,88.086,94.0,90.0,50.0,50.0,,,none,,trust_weighted_fusion,at_goal,confidence,0.0,0.0,,0,0,1.967,5.78,52.852,uav_3,5.78,False,False,False,False,True,1,"[{""id"": ""obstacle_0"", ""kind"": ""static_obstacle"", ""x"": 50.0, ""y"": 50.0, ""radius"": 5.0}]"
safety_margin_confidence,479,95.8,1,87.124,89.594,90.0,94.0,50.0,50.0,,,false_negative+position_noise+confidence_error,,trust_weighted_fusion,avoidance,confidence,0.908,0.0,,1,0,5.262,2.456,49.276,uav_2,2.456,True,False,False,False,False,1,"[{""id"": ""obstacle_0"", ""kind"": ""static_obstacle"", ""x"": 50.0, ""y"": 50.0, ""radius"": 5.0}]"
safety_margin_confidence,479,95.8,2,85.076,88.239,86.0,90.0,50.0,50.0,,,none,,trust_weighted_fusion,at_goal,confidence,0.0,0.0,,0,0,1.989,2.456,46.889,uav_1,2.456,True,False,False,False,True,1,"[{""id"": ""obstacle_0"", ""kind"": ""static_obstacle"", ""x"": 50.0, ""y"": 50.0, ""radius"": 5.0}]"
safety_margin_confidence,479,95.8,3,89.135,84.351,90.0,86.0,50.0,50.0,,,none,,trust_weighted_fusion,at_goal,confidence,0.0,0.0,,0,0,1.862,5.615,47.073,uav_1,5.615,False,False,False,False,True,1,"[{""id"": ""obstacle_0"", ""kind"": ""static_obstacle"", ""x"": 50.0, ""y"": 50.0, ""radius"": 5.0}]"
safety_margin_confidence,480,96.0,0,93.547,88.086,94.0,90.0,50.0,50.0,,,none,,trust_weighted_fusion,at_goal,confidence,0.0,0.0,,0,0,1.967,5.78,52.852,uav_3,5.78,False,False,False,False,True,1,"[{""id"": ""obstacle_0"", ""kind"": ""static_obstacle"", ""x"": 50.0, ""y"": 50.0, ""radius"": 5.0}]"
safety_margin_confidence,480,96.0,1,87.313,89.884,90.0,94.0,50.0,50.0,,,false_negative+position_noise+confidence_error,,trust_weighted_fusion,move,confidence,1.084,0.0,,2,0,4.916,2.777,49.617,uav_2,2.777,True,False,False,False,False,1,"[{""id"": ""obstacle_0"", ""kind"": ""static_obstacle"", ""x"": 50.0, ""y"": 50.0, ""radius"": 5.0}]"
safety_margin_confidence,480,96.0,2,85.076,88.239,86.0,90.0,50.0,50.0,,,none,,trust_weighted_fusion,at_goal,confidence,0.0,0.0,,0,0,1.989,2.777,46.889,uav_1,2.777,True,False,False,False,True,1,"[{""id"": ""obstacle_0"", ""kind"": ""static_obstacle"", ""x"": 50.0, ""y"": 50.0, ""radius"": 5.0}]"
safety_margin_confidence,480,96.0,3,89.135,84.351,90.0,86.0,50.0,50.0,,,none,,trust_weighted_fusion,at_goal,confidence,0.0,0.0,,0,0,1.862,5.62,47.073,uav_2,5.62,False,False,False,False,True,1,"[{""id"": ""obstacle_0"", ""kind"": ""static_obstacle"", ""x"": 50.0, ""y"": 50.0, ""radius"": 5.0}]"
safety_margin_confidence,481,96.2,0,93.547,88.086,94.0,90.0,50.0,50.0,,,none,,trust_weighted_fusion,at_goal,confidence,0.0,0.0,,0,0,1.967,5.78,52.852,uav_3,5.78,False,False,False,False,True,1,"[{""id"": ""obstacle_0"", ""kind"": ""static_obstacle"", ""x"": 50.0, ""y"": 50.0, ""radius"": 5.0}]"
safety_margin_confidence,481,96.2,1,87.307,90.219,90.0,94.0,50.0,50.0,,,false_negative+position_noise+confidence_error,,trust_weighted_fusion,avoidance,confidence,1.29,0.0,,2,0,4.642,2.983,49.858,uav_2,2.983,True,False,True,False,False,1,"[{""id"": ""obstacle_0"", ""kind"": ""static_obstacle"", ""x"": 50.0, ""y"": 50.0, ""radius"": 5.0}]"
safety_margin_confidence,481,96.2,2,85.076,88.239,86.0,90.0,50.0,50.0,,,none,,trust_weighted_fusion,at_goal,confidence,0.0,0.0,,0,0,1.989,2.983,46.889,uav_1,2.983,True,False,False,False,True,1,"[{""id"": ""obstacle_0"", ""kind"": ""static_obstacle"", ""x"": 50.0, ""y"": 50.0, ""radius"": 5.0}]"
safety_margin_confidence,481,96.2,3,89.135,84.351,90.0,86.0,50.0,50.0,,,none,,trust_weighted_fusion,at_goal,confidence,0.0,0.0,,0,0,1.862,5.62,47.073,uav_2,5.62,False,False,False,False,True,1,"[{""id"": ""obstacle_0"", ""kind"": ""static_obstacle"", ""x"": 50.0, ""y"": 50.0, ""radius"": 5.0}]"
safety_margin_confidence,482,96.4,0,93.547,88.086,94.0,90.0,50.0,50.0,,,none,,trust_weighted_fusion,at_goal,confidence,0.0,0.0,,0,0,1.967,5.78,52.852,uav_3,5.78,False,False,False,False,True,1,"[{""id"": ""obstacle_0"", ""kind"": ""static_obstacle"", ""x"": 50.0, ""y"": 50.0, ""radius"": 5.0}]"
safety_margin_confidence,482,96.4,1,87.274,90.542,90.0,94.0,50.0,50.0,,,position_noise+confidence_error,,trust_weighted_fusion,avoidance,confidence,1.51,0.010000000000000009,,3,0,4.403,3.184,50.073,uav_2,3.184,True,False,False,False,False,1,"[{""id"": ""obstacle_0"", ""kind"": ""static_obstacle"", ""x"": 50.0, ""y"": 50.0, ""radius"": 5.0}]"
safety_margin_confidence,482,96.4,2,85.076,88.239,86.0,90.0,50.0,50.0,,,none,,trust_weighted_fusion,at_goal,confidence,0.0,0.0,,0,0,1.989,3.184,46.889,uav_1,3.184,True,False,False,False,True,1,"[{""id"": ""obstacle_0"", ""kind"": ""static_obstacle"", ""x"": 50.0, ""y"": 50.0, ""radius"": 5.0}]"
safety_margin_confidence,482,96.4,3,89.135,84.351,90.0,86.0,50.0,50.0,,,none,,trust_weighted_fusion,at_goal,confidence,0.0,0.0,,0,0,1.862,5.62,47.073,uav_2,5.62,False,False,False,False,True,1,"[{""id"": ""obstacle_0"", ""kind"": ""static_obstacle"", ""x"": 50.0, ""y"": 50.0, ""radius"": 5.0}]"
safety_margin_confidence,483,96.6,0,93.547,88.086,94.0,90.0,50.0,50.0,,,none,,trust_weighted_fusion,at_goal,confidence,0.0,0.0,,0,0,1.967,5.78,52.852,uav_3,5.78,False,False,False,False,True,1,"[{""id"": ""obstacle_0"", ""kind"": ""static_obstacle"", ""x"": 50.0, ""y"": 50.0, ""radius"": 5.0}]"
safety_margin_confidence,483,96.6,1,87.507,90.836,90.0,94.0,50.0,50.0,,,false_negative+position_noise+confidence_error,,trust_weighted_fusion,move,confidence,0.5,0.0,,1,0,4.028,3.558,50.447,uav_2,3.558,False,False,False,False,False,1,"[{""id"": ""obstacle_0"", ""kind"": ""static_obstacle"", ""x"": 50.0, ""y"": 50.0, ""radius"": 5.0}]"
safety_margin_confidence,483,96.6,2,85.076,88.239,86.0,90.0,50.0,50.0,,,none,,trust_weighted_fusion,at_goal,confidence,0.0,0.0,,0,0,1.989,3.558,46.889,uav_1,3.558,False,False,False,False,True,1,"[{""id"": ""obstacle_0"", ""kind"": ""static_obstacle"", ""x"": 50.0, ""y"": 50.0, ""radius"": 5.0}]"
safety_margin_confidence,483,96.6,3,89.135,84.351,90.0,86.0,50.0,50.0,,,none,,trust_weighted_fusion,at_goal,confidence,0.0,0.0,,0,0,1.862,5.62,47.073,uav_2,5.62,False,False,False,False,True,1,"[{""id"": ""obstacle_0"", ""kind"": ""static_obstacle"", ""x"": 50.0, ""y"": 50.0, ""radius"": 5.0}]"
safety_margin_confidence,484,96.8,0,93.547,88.086,94.0,90.0,50.0,50.0,,,none,,trust_weighted_fusion,at_goal,confidence,0.0,0.0,,0,0,1.967,5.78,52.852,uav_3,5.78,False,False,False,False,True,1,"[{""id"": ""obstacle_0"", ""kind"": ""static_obstacle"", ""x"": 50.0, ""y"": 50.0, ""radius"": 5.0}]"
safety_margin_confidence,484,96.8,1,87.716,91.102,90.0,94.0,50.0,50.0,,,false_negative+position_noise+confidence_error,,trust_weighted_fusion,move,confidence,1.224,0.0,,2,0,3.689,3.895,50.785,uav_2,3.895,False,False,False,False,False,1,"[{""id"": ""obstacle_0"", ""kind"": ""static_obstacle"", ""x"": 50.0, ""y"": 50.0, ""radius"": 5.0}]"
safety_margin_confidence,484,96.8,2,85.076,88.239,86.0,90.0,50.0,50.0,,,none,,trust_weighted_fusion,at_goal,confidence,0.0,0.0,,0,0,1.989,3.895,46.889,uav_1,3.895,False,False,False,False,True,1,"[{""id"": ""obstacle_0"", ""kind"": ""static_obstacle"", ""x"": 50.0, ""y"": 50.0, ""radius"": 5.0}]"
safety_margin_confidence,484,96.8,3,89.135,84.351,90.0,86.0,50.0,50.0,,,none,,trust_weighted_fusion,at_goal,confidence,0.0,0.0,,0,0,1.862,5.62,47.073,uav_2,5.62,False,False,False,False,True,1,"[{""id"": ""obstacle_0"", ""kind"": ""static_obstacle"", ""x"": 50.0, ""y"": 50.0, ""radius"": 5.0}]"
safety_margin_confidence,485,97.0,0,93.547,88.086,94.0,90.0,50.0,50.0,,,none,,trust_weighted_fusion,at_goal,confidence,0.0,0.0,,0,0,1.967,5.78,52.852,uav_3,5.78,False,False,False,False,True,1,"[{""id"": ""obstacle_0"", ""kind"": ""static_obstacle"", ""x"": 50.0, ""y"": 50.0, ""radius"": 5.0}]"
safety_margin_confidence,485,97.0,1,87.917,91.357,90.0,94.0,50.0,50.0,,,position_noise+confidence_error,,trust_weighted_fusion,move,confidence,1.514,0.014000000000000012,,3,0,3.365,4.219,51.108,uav_2,4.219,False,False,False,False,False,1,"[{""id"": ""obstacle_0"", ""kind"": ""static_obstacle"", ""x"": 50.0, ""y"": 50.0, ""radius"": 5.0}]"
safety_margin_confidence,485,97.0,2,85.076,88.239,86.0,90.0,50.0,50.0,,,none,,trust_weighted_fusion,at_goal,confidence,0.0,0.0,,0,0,1.989,4.219,46.889,uav_1,4.219,False,False,False,False,True,1,"[{""id"": ""obstacle_0"", ""kind"": ""static_obstacle"", ""x"": 50.0, ""y"": 50.0, ""radius"": 5.0}]"
safety_margin_confidence,485,97.0,3,89.135,84.351,90.0,86.0,50.0,50.0,,,none,,trust_weighted_fusion,at_goal,confidence,0.0,0.0,,0,0,1.862,5.62,47.073,uav_2,5.62,False,False,False,False,True,1,"[{""id"": ""obstacle_0"", ""kind"": ""static_obstacle"", ""x"": 50.0, ""y"": 50.0, ""radius"": 5.0}]"
safety_margin_confidence,486,97.2,0,93.547,88.086,94.0,90.0,50.0,50.0,,,none,,trust_weighted_fusion,at_goal,confidence,0.0,0.0,,0,0,1.967,5.78,52.852,uav_3,5.78,False,False,False,False,True,1,"[{""id"": ""obstacle_0"", ""kind"": ""static_obstacle"", ""x"": 50.0, ""y"": 50.0, ""radius"": 5.0}]"
safety_margin_confidence,486,97.2,1,88.119,91.613,90.0,94.0,50.0,50.0,,,false_negative+position_noise+confidence_error,,trust_weighted_fusion,move,confidence,1.482,0.0,,2,0,3.039,4.544,51.433,uav_2,4.544,False,False,False,False,False,1,"[{""id"": ""obstacle_0"", ""kind"": ""static_obstacle"", ""x"": 50.0, ""y"": 50.0, ""radius"": 5.0}]"
safety_margin_confidence,486,97.2,2,85.076,88.239,86.0,90.0,50.0,50.0,,,none,,trust_weighted_fusion,at_goal,confidence,0.0,0.0,,0,0,1.989,4.544,46.889,uav_1,4.544,False,False,False,False,True,1,"[{""id"": ""obstacle_0"", ""kind"": ""static_obstacle"", ""x"": 50.0, ""y"": 50.0, ""radius"": 5.0}]"
safety_margin_confidence,486,97.2,3,89.135,84.351,90.0,86.0,50.0,50.0,,,none,,trust_weighted_fusion,at_goal,confidence,0.0,0.0,,0,0,1.862,5.62,47.073,uav_2,5.62,False,False,False,False,True,1,"[{""id"": ""obstacle_0"", ""kind"": ""static_obstacle"", ""x"": 50.0, ""y"": 50.0, ""radius"": 5.0}]"
safety_margin_confidence,487,97.4,0,93.547,88.086,94.0,90.0,50.0,50.0,,,none,,trust_weighted_fusion,at_goal,confidence,0.0,0.0,,0,0,1.967,5.78,52.852,uav_3,5.78,False,False,False,False,True,1,"[{""id"": ""obstacle_0"", ""kind"": ""static_obstacle"", ""x"": 50.0, ""y"": 50.0, ""radius"": 5.0}]"
safety_margin_confidence,487,97.4,1,88.309,91.855,90.0,94.0,50.0,50.0,,,false_negative+position_noise+confidence_error,,trust_weighted_fusion,move,confidence,1.848,0.3480000000000001,,2,0,2.731,4.851,51.74,uav_2,4.851,False,False,False,False,False,1,"[{""id"": ""obstacle_0"", ""kind"": ""static_obstacle"", ""x"": 50.0, ""y"": 50.0, ""radius"": 5.0}]"
safety_margin_confidence,487,97.4,2,85.076,88.239,86.0,90.0,50.0,50.0,,,none,,trust_weighted_fusion,at_goal,confidence,0.0,0.0,,0,0,1.989,4.851,46.889,uav_1,4.851,False,False,False,False,True,1,"[{""id"": ""obstacle_0"", ""kind"": ""static_obstacle"", ""x"": 50.0, ""y"": 50.0, ""radius"": 5.0}]"
safety_margin_confidence,487,97.4,3,89.135,84.351,90.0,86.0,50.0,50.0,,,none,,trust_weighted_fusion,at_goal,confidence,0.0,0.0,,0,0,1.862,5.62,47.073,uav_2,5.62,False,False,False,False,True,1,"[{""id"": ""obstacle_0"", ""kind"": ""static_obstacle"", ""x"": 50.0, ""y"": 50.0, ""radius"": 5.0}]"
safety_margin_confidence,488,97.6,0,93.547,88.086,94.0,90.0,50.0,50.0,,,none,,trust_weighted_fusion,at_goal,confidence,0.0,0.0,,0,0,1.967,5.78,52.852,uav_3,5.78,False,False,False,False,True,1,"[{""id"": ""obstacle_0"", ""kind"": ""static_obstacle"", ""x"": 50.0, ""y"": 50.0, ""radius"": 5.0}]"
safety_margin_confidence,488,97.6,1,88.496,92.092,90.0,94.0,50.0,50.0,,,position_noise+confidence_error,,trust_weighted_fusion,move,confidence,1.952,0.45199999999999996,,3,0,2.429,5.153,52.041,uav_2,5.153,False,False,False,False,False,1,"[{""id"": ""obstacle_0"", ""kind"": ""static_obstacle"", ""x"": 50.0, ""y"": 50.0, ""radius"": 5.0}]"
safety_margin_confidence,488,97.6,2,85.076,88.239,86.0,90.0,50.0,50.0,,,none,,trust_weighted_fusion,at_goal,confidence,0.0,0.0,,0,0,1.989,5.153,46.889,uav_1,5.153,False,False,False,False,True,1,"[{""id"": ""obstacle_0"", ""kind"": ""static_obstacle"", ""x"": 50.0, ""y"": 50.0, ""radius"": 5.0}]"
safety_margin_confidence,488,97.6,3,89.135,84.351,90.0,86.0,50.0,50.0,,,none,,trust_weighted_fusion,at_goal,confidence,0.0,0.0,,0,0,1.862,5.62,47.073,uav_2,5.62,False,False,False,False,True,1,"[{""id"": ""obstacle_0"", ""kind"": ""static_obstacle"", ""x"": 50.0, ""y"": 50.0, ""radius"": 5.0}]"
safety_margin_confidence,489,97.8,0,93.547,88.086,94.0,90.0,50.0,50.0,,,none,,trust_weighted_fusion,at_goal,confidence,0.0,0.0,,0,0,1.967,5.78,52.852,uav_3,5.78,False,False,False,False,True,1,"[{""id"": ""obstacle_0"", ""kind"": ""static_obstacle"", ""x"": 50.0, ""y"": 50.0, ""radius"": 5.0}]"
safety_margin_confidence,489,97.8,1,88.685,92.351,90.0,94.0,50.0,50.0,,,false_negative+position_noise+confidence_error,,trust_weighted_fusion,avoidance,confidence,1.592,0.09200000000000008,,1,0,2.109,5.472,52.36,uav_2,5.472,False,False,False,False,False,1,"[{""id"": ""obstacle_0"", ""kind"": ""static_obstacle"", ""x"": 50.0, ""y"": 50.0, ""radius"": 5.0}]"
safety_margin_confidence,489,97.8,2,85.076,88.239,86.0,90.0,50.0,50.0,,,none,,trust_weighted_fusion,at_goal,confidence,0.0,0.0,,0,0,1.989,5.472,46.889,uav_1,5.472,False,False,False,False,True,1,"[{""id"": ""obstacle_0"", ""kind"": ""static_obstacle"", ""x"": 50.0, ""y"": 50.0, ""radius"": 5.0}]"
safety_margin_confidence,489,97.8,3,89.135,84.351,90.0,86.0,50.0,50.0,,,none,,trust_weighted_fusion,at_goal,confidence,0.0,0.0,,0,0,1.862,5.62,47.073,uav_2,5.62,False,False,False,False,True,1,"[{""id"": ""obstacle_0"", ""kind"": ""static_obstacle"", ""x"": 50.0, ""y"": 50.0, ""radius"": 5.0}]"
safety_margin_confidence,490,98.0,0,93.547,88.086,94.0,90.0,50.0,50.0,,,none,,trust_weighted_fusion,at_goal,confidence,0.0,0.0,,0,0,1.967,5.78,52.852,uav_3,5.78,False,False,False,False,True,1,"[{""id"": ""obstacle_0"", ""kind"": ""static_obstacle"", ""x"": 50.0, ""y"": 50.0, ""radius"": 5.0}]"
safety_margin_confidence,490,98.0,1,88.884,92.6,90.0,94.0,50.0,50.0,,,false_negative+position_noise+confidence_error,,trust_weighted_fusion,move,confidence,1.632,0.1319999999999999,,1,0,1.791,5.79,52.678,uav_2,5.79,False,False,False,False,True,1,"[{""id"": ""obstacle_0"", ""kind"": ""static_obstacle"", ""x"": 50.0, ""y"": 50.0, ""radius"": 5.0}]"
safety_margin_confidence,490,98.0,2,85.076,88.239,86.0,90.0,50.0,50.0,,,none,,trust_weighted_fusion,at_goal,confidence,0.0,0.0,,0,0,1.989,5.62,46.889,uav_3,5.62,False,False,False,False,True,1,"[{""id"": ""obstacle_0"", ""kind"": ""static_obstacle"", ""x"": 50.0, ""y"": 50.0, ""radius"": 5.0}]"
safety_margin_confidence,490,98.0,3,89.135,84.351,90.0,86.0,50.0,50.0,,,none,,trust_weighted_fusion,at_goal,confidence,0.0,0.0,,0,0,1.862,5.62,47.073,uav_2,5.62,False,False,False,False,True,1,"[{""id"": ""obstacle_0"", ""kind"": ""static_obstacle"", ""x"": 50.0, ""y"": 50.0, ""radius"": 5.0}]"
