scenario,step,time_s,uav_id,uav_pos_x,uav_pos_y,goal_pos_x,goal_pos_y,actual_obstacle_x,actual_obstacle_y,perceived_obstacle_x,perceived_obstacle_y,perception_error_type,confidence_value,fusion_mode,action_taken,safety_margin_mode,safety_margin_applied,safety_margin_increase,quality_action_taken,num_perceived_detections,num_phantom_detections,dist_to_goal,distance_to_nearest_uav,distance_to_obstacle,nearest_entity_type,nearest_entity_distance,collision_risk_flag,unnecessary_avoidance_flag,missed_response_flag,mission_completed_flag,reached_goal,num_active_entities,active_entities_json
safety_margin_covariance,0,0.0,0,5.199,5.19,94.0,90.0,50.0,50.0,,,false_negative+position_noise+confidence_error,,trust_weighted_fusion,move,covariance,2.5,1.0,,2,0,122.794,9.977,58.365,uav_2,9.977,False,False,False,False,False,1,"[{""id"": ""obstacle_0"", ""kind"": ""static_obstacle"", ""x"": 50.0, ""y"": 50.0, ""radius"": 5.0}]"
safety_margin_covariance,0,0.0,1,5.201,15.187,90.0,94.0,50.0,50.0,,,position_noise+confidence_error,,trust_weighted_fusion,move,covariance,2.5,1.0,,3,0,115.768,9.997,51.735,uav_0,9.997,False,False,False,False,False,1,"[{""id"": ""obstacle_0"", ""kind"": ""static_obstacle"", ""x"": 50.0, ""y"": 50.0, ""radius"": 5.0}]"
safety_margin_covariance,0,0.0,2,15.176,5.211,86.0,90.0,50.0,50.0,,,false_negative+position_noise+confidence_error,,trust_weighted_fusion,move,covariance,2.5,1.0,,2,0,110.477,9.977,51.734,uav_0,9.977,False,False,False,False,False,1,"[{""id"": ""obstacle_0"", ""kind"": ""static_obstacle"", ""x"": 50.0, ""y"": 50.0, ""radius"": 5.0}]"
safety_margin_covariance,0,0.0,3,15.2,15.189,90.0,86.0,50.0,50.0,,,position_noise+confidence_error,,trust_weighted_fusion,move,covariance,2.5,1.0,,3,0,103.001,9.978,44.223,uav_2,9.978,False,False,False,False,False,1,"[{""id"": ""obstacle_0"", ""kind"": ""static_obstacle"", ""x"": 50.0, ""y"": 50.0, ""radius"": 5.0}]"
safety_margin_covariance,1,0.2,0,5.398,5.38,94.0,90.0,50.0,50.0,,,false_negative+position_noise+confidence_error,,trust_weighted_fusion,move,covariance,2.5,1.0,,2,0,122.519,9.955,58.09,uav_2,9.955,False,False,False,False,False,1,"[{""id"": ""obstacle_0"", ""kind"": ""static_obstacle"", ""x"": 50.0, ""y"": 50.0, ""radius"": 5.0}]"
safety_margin_covariance,1,0.2,1,5.403,15.374,90.0,94.0,50.0,50.0,,,false_negative+position_noise+confidence_error,,trust_weighted_fusion,move,covariance,2.5,1.0,,2,0,115.493,9.995,51.461,uav_0,9.995,False,False,False,False,False,1,"[{""id"": ""obstacle_0"", ""kind"": ""static_obstacle"", ""x"": 50.0, ""y"": 50.0, ""radius"": 5.0}]"
safety_margin_covariance,1,0.2,2,15.353,5.422,86.0,90.0,50.0,50.0,,,position_noise+confidence_error,,trust_weighted_fusion,move,covariance,2.5,1.0,,3,0,110.202,9.955,51.459,uav_0,9.955,False,False,False,False,False,1,"[{""id"": ""obstacle_0"", ""kind"": ""static_obstacle"", ""x"": 50.0, ""y"": 50.0, ""radius"": 5.0}]"
safety_margin_covariance,1,0.2,3,15.399,15.378,90.0,86.0,50.0,50.0,,,position_noise+confidence_error,,trust_weighted_fusion,move,covariance,2.5,1.0,,3,0,102.726,9.956,43.948,uav_2,9.956,False,False,False,False,False,1,"[{""id"": ""obstacle_0"", ""kind"": ""static_obstacle"", ""x"": 50.0, ""y"": 50.0, ""radius"": 5.0}]"
safety_margin_covariance,2,0.4,0,5.126,5.34,94.0,90.0,50.0,50.0,,,position_noise+confidence_error,,trust_weighted_fusion,avoidance,covariance,2.5,1.0,,3,0,122.743,10.233,58.31,uav_1,10.233,False,False,False,False,False,1,"[{""id"": ""obstacle_0"", ""kind"": ""static_obstacle"", ""x"": 50.0, ""y"": 50.0, ""radius"": 5.0}]"
safety_margin_covariance,2,0.4,1,5.604,15.562,90.0,94.0,50.0,50.0,,,false_negative+position_noise+confidence_error,,trust_weighted_fusion,move,covariance,2.5,1.0,,2,0,115.218,9.995,51.187,uav_3,9.995,False,False,False,False,False,1,"[{""id"": ""obstacle_0"", ""kind"": ""static_obstacle"", ""x"": 50.0, ""y"": 50.0, ""radius"": 5.0}]"
safety_margin_covariance,2,0.4,2,15.529,5.633,86.0,90.0,50.0,50.0,,,position_noise+confidence_error,,trust_weighted_fusion,move,covariance,2.5,1.0,,3,0,109.927,9.934,51.184,uav_3,9.934,False,False,False,False,False,1,"[{""id"": ""obstacle_0"", ""kind"": ""static_obstacle"", ""x"": 50.0, ""y"": 50.0, ""radius"": 5.0}]"
safety_margin_covariance,2,0.4,3,15.599,15.567,90.0,86.0,50.0,50.0,,,false_negative+position_noise+confidence_error,,trust_weighted_fusion,move,covariance,2.5,1.0,,1,0,102.451,9.934,43.673,uav_2,9.934,False,False,False,False,False,1,"[{""id"": ""obstacle_0"", ""kind"": ""static_obstacle"", ""x"": 50.0, ""y"": 50.0, ""radius"": 5.0}]"
safety_margin_covariance,3,0.6,0,5.325,5.53,94.0,90.0,50.0,50.0,,,false_negative+position_noise+confidence_error,,trust_weighted_fusion,move,covariance,2.5,1.0,,1,0,122.468,10.23,58.035,uav_1,10.23,False,False,False,False,False,1,"[{""id"": ""obstacle_0"", ""kind"": ""static_obstacle"", ""x"": 50.0, ""y"": 50.0, ""radius"": 5.0}]"
safety_margin_covariance,3,0.6,1,5.806,15.749,90.0,94.0,50.0,50.0,,,false_negative+position_noise+confidence_error,,trust_weighted_fusion,move,covariance,2.5,1.0,,2,0,114.943,9.993,50.913,uav_3,9.993,False,False,False,False,False,1,"[{""id"": ""obstacle_0"", ""kind"": ""static_obstacle"", ""x"": 50.0, ""y"": 50.0, ""radius"": 5.0}]"
safety_margin_covariance,3,0.6,2,15.705,5.844,86.0,90.0,50.0,50.0,,,false_negative+position_noise+confidence_error,,trust_weighted_fusion,move,covariance,2.5,1.0,,2,0,109.652,9.912,50.909,uav_3,9.912,False,False,False,False,False,1,"[{""id"": ""obstacle_0"", ""kind"": ""static_obstacle"", ""x"": 50.0, ""y"": 50.0, ""radius"": 5.0}]"
safety_margin_covariance,3,0.6,3,15.799,15.756,90.0,86.0,50.0,50.0,,,false_negative+position_noise+confidence_error,,trust_weighted_fusion,move,covariance,2.5,1.0,,1,0,102.176,9.912,43.398,uav_2,9.912,False,False,False,False,False,1,"[{""id"": ""obstacle_0"", ""kind"": ""static_obstacle"", ""x"": 50.0, ""y"": 50.0, ""radius"": 5.0}]"
safety_margin_covariance,4,0.8,0,5.524,5.72,94.0,90.0,50.0,50.0,,,false_negative+position_noise+confidence_error,,trust_weighted_fusion,move,covariance,2.5,1.0,,2,0,122.193,10.228,57.76,uav_1,10.228,False,False,False,False,False,1,"[{""id"": ""obstacle_0"", ""kind"": ""static_obstacle"", ""x"": 50.0, ""y"": 50.0, ""radius"": 5.0}]"
safety_margin_covariance,4,0.8,1,6.007,15.936,90.0,94.0,50.0,50.0,,,false_negative+position_noise+confidence_error,,trust_weighted_fusion,move,covariance,2.5,1.0,,1,0,114.668,9.991,50.639,uav_3,9.991,False,False,False,False,False,1,"[{""id"": ""obstacle_0"", ""kind"": ""static_obstacle"", ""x"": 50.0, ""y"": 50.0, ""radius"": 5.0}]"
safety_margin_covariance,4,0.8,2,15.881,6.055,86.0,90.0,50.0,50.0,,,false_negative+position_noise+confidence_error,,trust_weighted_fusion,move,covariance,2.5,1.0,,1,0,109.377,9.891,50.635,uav_3,9.891,False,False,False,False,False,1,"[{""id"": ""obstacle_0"", ""kind"": ""static_obstacle"", ""x"": 50.0, ""y"": 50.0, ""radius"": 5.0}]"
safety_margin_covariance,4,0.8,3,15.999,15.945,90.0,86.0,50.0,50.0,,,false_negative+position_noise+confidence_error,,trust_weighted_fusion,move,covariance,2.5,1.0,,1,0,101.901,9.891,43.123,uav_2,9.891,False,False,False,False,False,1,"[{""id"": ""obstacle_0"", ""kind"": ""static_obstacle"", ""x"": 50.0, ""y"": 50.0, ""radius"": 5.0}]"
safety_margin_covariance,5,1.0,0,5.723,5.909,94.0,90.0,50.0,50.0,,,false_negative+position_noise+confidence_error,,trust_weighted_fusion,move,covariance,2.5,1.0,,1,0,121.918,10.226,57.486,uav_1,10.226,False,False,False,False,False,1,"[{""id"": ""obstacle_0"", ""kind"": ""static_obstacle"", ""x"": 50.0, ""y"": 50.0, ""radius"": 5.0}]"
safety_margin_covariance,5,1.0,1,6.209,16.123,90.0,94.0,50.0,50.0,,,false_negative+position_noise+confidence_error,,trust_weighted_fusion,move,covariance,2.5,1.0,,2,0,114.393,9.99,50.365,uav_3,9.99,False,False,False,False,False,1,"[{""id"": ""obstacle_0"", ""kind"": ""static_obstacle"", ""x"": 50.0, ""y"": 50.0, ""radius"": 5.0}]"
safety_margin_covariance,5,1.0,2,16.058,6.266,86.0,90.0,50.0,50.0,,,position_noise+confidence_error,,trust_weighted_fusion,move,covariance,2.5,1.0,,3,0,109.102,9.869,50.36,uav_3,9.869,False,False,False,False,False,1,"[{""id"": ""obstacle_0"", ""kind"": ""static_obstacle"", ""x"": 50.0, ""y"": 50.0, ""radius"": 5.0}]"
safety_margin_covariance,5,1.0,3,16.198,16.134,90.0,86.0,50.0,50.0,,,position_noise+confidence_error,,trust_weighted_fusion,move,covariance,2.5,1.0,,3,0,101.626,9.869,42.848,uav_2,9.869,False,False,False,False,False,1,"[{""id"": ""obstacle_0"", ""kind"": ""static_obstacle"", ""x"": 50.0, ""y"": 50.0, ""radius"": 5.0}]"
safety_margin_covariance,6,1.2,0,5.922,6.099,94.0,90.0,50.0,50.0,,,position_noise+confidence_error,,trust_weighted_fusion,move,covariance,2.5,1.0,,3,0,121.643,10.223,57.211,uav_1,10.223,False,False,False,False,False,1,"[{""id"": ""obstacle_0"", ""kind"": ""static_obstacle"", ""x"": 50.0, ""y"": 50.0, ""radius"": 5.0}]"
safety_margin_covariance,6,1.2,1,6.41,16.311,90.0,94.0,50.0,50.0,,,false_negative+position_noise+confidence_error,,trust_weighted_fusion,move,covariance,2.5,1.0,,1,0,114.118,9.988,50.091,uav_3,9.988,False,False,False,False,False,1,"[{""id"": ""obstacle_0"", ""kind"": ""static_obstacle"", ""x"": 50.0, ""y"": 50.0, ""radius"": 5.0}]"
safety_margin_covariance,6,1.2,2,16.234,6.477,86.0,90.0,50.0,50.0,,,position_noise+confidence_error,,trust_weighted_fusion,move,covariance,2.5,1.0,,3,0,108.827,9.847,50.085,uav_3,9.847,False,False,False,False,False,1,"[{""id"": ""obstacle_0"", ""kind"": ""static_obstacle"", ""x"": 50.0, ""y"": 50.0, ""radius"": 5.0}]"
safety_margin_covariance,6,1.2,3,16.398,16.323,90.0,86.0,50.0,50.0,,,false_negative+position_noise+confidence_error,,trust_weighted_fusion,move,covariance,2.5,1.0,,2,0,101.351,9.847,42.573,uav_2,9.847,False,False,False,False,False,1,"[{""id"": ""obstacle_0"", ""kind"": ""static_obstacle"", ""x"": 50.0, ""y"": 50.0, ""radius"": 5.0}]"
safety_margin_covariance,7,1.4,0,6.121,6.289,94.0,90.0,50.0,50.0,,,false_negative+position_noise+confidence_error,,trust_weighted_fusion,move,covariance,2.5,1.0,,2,0,121.368,10.221,56.936,uav_1,10.221,False,False,False,False,False,1,"[{""id"": ""obstacle_0"", ""kind"": ""static_obstacle"", ""x"": 50.0, ""y"": 50.0, ""radius"": 5.0}]"
safety_margin_covariance,7,1.4,1,6.611,16.498,90.0,94.0,50.0,50.0,,,false_negative+position_noise+confidence_error,,trust_weighted_fusion,move,covariance,2.5,1.0,,1,0,113.843,9.986,49.818,uav_3,9.986,False,False,False,False,False,1,"[{""id"": ""obstacle_0"", ""kind"": ""static_obstacle"", ""x"": 50.0, ""y"": 50.0, ""radius"": 5.0}]"
safety_margin_covariance,7,1.4,2,16.41,6.688,86.0,90.0,50.0,50.0,,,false_negative+position_noise+confidence_error,,trust_weighted_fusion,move,covariance,2.5,1.0,,2,0,108.552,9.826,49.81,uav_3,9.826,False,False,False,False,False,1,"[{""id"": ""obstacle_0"", ""kind"": ""static_obstacle"", ""x"": 50.0, ""y"": 50.0, ""radius"": 5.0}]"
safety_margin_covariance,7,1.4,3,16.598,16.512,90.0,86.0,50.0,50.0,,,false_negative+position_noise+confidence_error,,trust_weighted_fusion,move,covariance,2.5,1.0,,1,0,101.076,9.826,42.298,uav_2,9.826,False,False,False,False,False,1,"[{""id"": ""obstacle_0"", ""kind"": ""static_obstacle"", ""x"": 50.0, ""y"": 50.0, ""radius"": 5.0}]"
safety_margin_covariance,8,1.6,0,6.32,6.478,94.0,90.0,50.0,50.0,,,position_noise+confidence_error,,trust_weighted_fusion,move,covariance,2.5,1.0,,3,0,121.093,10.218,56.661,uav_1,10.218,False,False,False,False,False,1,"[{""id"": ""obstacle_0"", ""kind"": ""static_obstacle"", ""x"": 50.0, ""y"": 50.0, ""radius"": 5.0}]"
safety_margin_covariance,8,1.6,1,6.813,16.685,90.0,94.0,50.0,50.0,,,false_negative+position_noise+confidence_error,,trust_weighted_fusion,move,covariance,2.5,1.0,,2,0,113.568,9.984,49.544,uav_3,9.984,False,False,False,False,False,1,"[{""id"": ""obstacle_0"", ""kind"": ""static_obstacle"", ""x"": 50.0, ""y"": 50.0, ""radius"": 5.0}]"
safety_margin_covariance,8,1.6,2,16.667,6.995,86.0,90.0,50.0,50.0,,,false_negative+confidence_error,,trust_weighted_fusion,move,covariance,0.0,0.0,,0,0,108.152,9.707,49.41,uav_3,9.707,False,False,False,False,False,1,"[{""id"": ""obstacle_0"", ""kind"": ""static_obstacle"", ""x"": 50.0, ""y"": 50.0, ""radius"": 5.0}]"
safety_margin_covariance,8,1.6,3,16.797,16.702,90.0,86.0,50.0,50.0,,,position_noise+confidence_error,,trust_weighted_fusion,move,covariance,2.5,1.0,,3,0,100.801,9.707,42.023,uav_2,9.707,False,False,False,False,False,1,"[{""id"": ""obstacle_0"", ""kind"": ""static_obstacle"", ""x"": 50.0, ""y"": 50.0, ""radius"": 5.0}]"
safety_margin_covariance,9,1.8,0,6.519,6.668,94.0,90.0,50.0,50.0,,,false_negative+position_noise+confidence_error,,trust_weighted_fusion,move,covariance,2.5,1.0,,2,0,120.818,10.216,56.386,uav_1,10.216,False,False,False,False,False,1,"[{""id"": ""obstacle_0"", ""kind"": ""static_obstacle"", ""x"": 50.0, ""y"": 50.0, ""radius"": 5.0}]"
safety_margin_covariance,9,1.8,1,7.014,16.872,90.0,94.0,50.0,50.0,,,false_negative+position_noise+confidence_error,,trust_weighted_fusion,move,covariance,2.5,1.0,,2,0,113.293,10.074,49.27,uav_3,10.074,False,False,False,False,False,1,"[{""id"": ""obstacle_0"", ""kind"": ""static_obstacle"", ""x"": 50.0, ""y"": 50.0, ""radius"": 5.0}]"
safety_margin_covariance,9,1.8,2,16.843,7.207,86.0,90.0,50.0,50.0,,,false_negative+position_noise+confidence_error,,trust_weighted_fusion,move,covariance,2.5,1.0,,1,0,107.877,9.773,49.136,uav_3,9.773,False,False,False,False,False,1,"[{""id"": ""obstacle_0"", ""kind"": ""static_obstacle"", ""x"": 50.0, ""y"": 50.0, ""radius"": 5.0}]"
safety_margin_covariance,9,1.8,3,17.088,16.976,90.0,86.0,50.0,50.0,,,false_negative+confidence_error,,trust_weighted_fusion,move,covariance,0.0,0.0,,0,0,100.401,9.773,41.624,uav_2,9.773,False,False,False,False,False,1,"[{""id"": ""obstacle_0"", ""kind"": ""static_obstacle"", ""x"": 50.0, ""y"": 50.0, ""radius"": 5.0}]"
safety_margin_covariance,10,2.0,0,6.719,6.858,94.0,90.0,50.0,50.0,,,false_negative+position_noise+confidence_error,,trust_weighted_fusion,move,covariance,2.5,1.0,,1,0,120.543,10.304,56.111,uav_1,10.304,False,False,False,False,False,1,"[{""id"": ""obstacle_0"", ""kind"": ""static_obstacle"", ""x"": 50.0, ""y"": 50.0, ""radius"": 5.0}]"
safety_margin_covariance,10,2.0,1,7.307,17.144,90.0,94.0,50.0,50.0,,,false_negative+confidence_error,,trust_weighted_fusion,move,covariance,0.0,0.0,,0,0,112.893,9.98,48.872,uav_3,9.98,False,False,False,False,False,1,"[{""id"": ""obstacle_0"", ""kind"": ""static_obstacle"", ""x"": 50.0, ""y"": 50.0, ""radius"": 5.0}]"
safety_margin_covariance,10,2.0,2,17.019,7.418,86.0,90.0,50.0,50.0,,,false_negative+position_noise+confidence_error,,trust_weighted_fusion,move,covariance,2.5,1.0,,2,0,107.602,9.752,48.861,uav_3,9.752,False,False,False,False,False,1,"[{""id"": ""obstacle_0"", ""kind"": ""static_obstacle"", ""x"": 50.0, ""y"": 50.0, ""radius"": 5.0}]"
safety_margin_covariance,10,2.0,3,17.288,17.166,90.0,86.0,50.0,50.0,,,false_negative+position_noise+confidence_error,,trust_weighted_fusion,move,covariance,2.5,1.0,,2,0,100.126,9.752,41.349,uav_2,9.752,False,False,False,False,False,1,"[{""id"": ""obstacle_0"", ""kind"": ""static_obstacle"", ""x"": 50.0, ""y"": 50.0, ""radius"": 5.0}]"
safety_margin_covariance,11,2.2,0,6.918,7.047,94.0,90.0,50.0,50.0,,,false_negative+position_noise+confidence_error,,trust_weighted_fusion,move,covariance,2.5,1.0,,1,0,120.268,10.294,55.836,uav_2,10.294,False,False,False,False,False,1,"[{""id"": ""obstacle_0"", ""kind"": ""static_obstacle"", ""x"": 50.0, ""y"": 50.0, ""radius"": 5.0}]"
safety_margin_covariance,11,2.2,1,7.509,17.332,90.0,94.0,50.0,50.0,,,position_noise+confidence_error,,trust_weighted_fusion,move,covariance,2.5,1.0,,3,0,112.618,9.979,48.598,uav_3,9.979,False,False,False,False,False,1,"[{""id"": ""obstacle_0"", ""kind"": ""static_obstacle"", ""x"": 50.0, ""y"": 50.0, ""radius"": 5.0}]"
safety_margin_covariance,11,2.2,2,17.196,7.629,86.0,90.0,50.0,50.0,,,false_negative+position_noise+confidence_error,,trust_weighted_fusion,move,covariance,2.5,1.0,,2,0,107.327,9.73,48.586,uav_3,9.73,False,False,False,False,False,1,"[{""id"": ""obstacle_0"", ""kind"": ""static_obstacle"", ""x"": 50.0, ""y"": 50.0, ""radius"": 5.0}]"
safety_margin_covariance,11,2.2,3,17.487,17.355,90.0,86.0,50.0,50.0,,,position_noise+confidence_error,,trust_weighted_fusion,move,covariance,2.5,1.0,,3,0,99.851,9.73,41.074,uav_2,9.73,False,False,False,False,False,1,"[{""id"": ""obstacle_0"", ""kind"": ""static_obstacle"", ""x"": 50.0, ""y"": 50.0, ""radius"": 5.0}]"
safety_margin_covariance,12,2.4,0,7.117,7.237,94.0,90.0,50.0,50.0,,,position_noise+confidence_error,,trust_weighted_fusion,move,covariance,2.5,1.0,,3,0,119.993,10.299,55.561,uav_1,10.299,False,False,False,False,False,1,"[{""id"": ""obstacle_0"", ""kind"": ""static_obstacle"", ""x"": 50.0, ""y"": 50.0, ""radius"": 5.0}]"
safety_margin_covariance,12,2.4,1,7.71,17.519,90.0,94.0,50.0,50.0,,,false_negative+position_noise+confidence_error,,trust_weighted_fusion,move,covariance,2.5,1.0,,1,0,112.343,9.977,48.324,uav_3,9.977,False,False,False,False,False,1,"[{""id"": ""obstacle_0"", ""kind"": ""static_obstacle"", ""x"": 50.0, ""y"": 50.0, ""radius"": 5.0}]"
safety_margin_covariance,12,2.4,2,17.452,7.936,86.0,90.0,50.0,50.0,,,false_negative+confidence_error,,trust_weighted_fusion,move,covariance,0.0,0.0,,0,0,106.927,9.611,48.186,uav_3,9.611,False,False,False,False,False,1,"[{""id"": ""obstacle_0"", ""kind"": ""static_obstacle"", ""x"": 50.0, ""y"": 50.0, ""radius"": 5.0}]"
safety_margin_covariance,12,2.4,3,17.687,17.544,90.0,86.0,50.0,50.0,,,position_noise+confidence_error,,trust_weighted_fusion,move,covariance,2.5,1.0,,3,0,99.576,9.611,40.799,uav_2,9.611,False,False,False,False,False,1,"[{""id"": ""obstacle_0"", ""kind"": ""static_obstacle"", ""x"": 50.0, ""y"": 50.0, ""radius"": 5.0}]"
safety_margin_covariance,13,2.6,0,7.316,7.427,94.0,90.0,50.0,50.0,,,false_negative+position_noise+confidence_error,,trust_weighted_fusion,move,covariance,2.5,1.0,,2,0,119.718,10.297,55.286,uav_1,10.297,False,False,False,False,False,1,"[{""id"": ""obstacle_0"", ""kind"": ""static_obstacle"", ""x"": 50.0, ""y"": 50.0, ""radius"": 5.0}]"
safety_margin_covariance,13,2.6,1,7.912,17.706,90.0,94.0,50.0,50.0,,,position_noise+confidence_error,,trust_weighted_fusion,move,covariance,2.5,1.0,,3,0,112.068,9.975,48.05,uav_3,9.975,False,False,False,False,False,1,"[{""id"": ""obstacle_0"", ""kind"": ""static_obstacle"", ""x"": 50.0, ""y"": 50.0, ""radius"": 5.0}]"
safety_margin_covariance,13,2.6,2,17.628,8.147,86.0,90.0,50.0,50.0,,,false_negative+position_noise+confidence_error,,trust_weighted_fusion,move,covariance,2.5,1.0,,1,0,106.652,9.59,47.911,uav_3,9.59,False,False,False,False,False,1,"[{""id"": ""obstacle_0"", ""kind"": ""static_obstacle"", ""x"": 50.0, ""y"": 50.0, ""radius"": 5.0}]"
safety_margin_covariance,13,2.6,3,17.887,17.733,90.0,86.0,50.0,50.0,,,false_negative+position_noise+confidence_error,,trust_weighted_fusion,move,covariance,2.5,1.0,,2,0,99.301,9.59,40.524,uav_2,9.59,False,False,False,False,False,1,"[{""id"": ""obstacle_0"", ""kind"": ""static_obstacle"", ""x"": 50.0, ""y"": 50.0, ""radius"": 5.0}]"
safety_margin_covariance,14,2.8,0,7.515,7.616,94.0,90.0,50.0,50.0,,,false_negative+position_noise+confidence_error,,trust_weighted_fusion,move,covariance,2.5,1.0,,2,0,119.443,10.294,55.011,uav_1,10.294,False,False,False,False,False,1,"[{""id"": ""obstacle_0"", ""kind"": ""static_obstacle"", ""x"": 50.0, ""y"": 50.0, ""radius"": 5.0}]"
safety_margin_covariance,14,2.8,1,8.113,17.893,90.0,94.0,50.0,50.0,,,false_negative+position_noise+confidence_error,,trust_weighted_fusion,move,covariance,2.5,1.0,,2,0,111.793,9.973,47.776,uav_3,9.973,False,False,False,False,False,1,"[{""id"": ""obstacle_0"", ""kind"": ""static_obstacle"", ""x"": 50.0, ""y"": 50.0, ""radius"": 5.0}]"
safety_margin_covariance,14,2.8,2,17.805,8.358,86.0,90.0,50.0,50.0,,,false_negative+position_noise+confidence_error,,trust_weighted_fusion,move,covariance,2.5,1.0,,1,0,106.377,9.568,47.637,uav_3,9.568,False,False,False,False,False,1,"[{""id"": ""obstacle_0"", ""kind"": ""static_obstacle"", ""x"": 50.0, ""y"": 50.0, ""radius"": 5.0}]"
safety_margin_covariance,14,2.8,3,18.086,17.922,90.0,86.0,50.0,50.0,,,false_negative+position_noise+confidence_error,,trust_weighted_fusion,move,covariance,2.5,1.0,,2,0,99.026,9.568,40.249,uav_2,9.568,False,False,False,False,False,1,"[{""id"": ""obstacle_0"", ""kind"": ""static_obstacle"", ""x"": 50.0, ""y"": 50.0, ""radius"": 5.0}]"
safety_margin_covariance,15,3.0,0,7.714,7.806,94.0,90.0,50.0,50.0,,,false_negative+position_noise+confidence_error,,trust_weighted_fusion,move,covariance,2.5,1.0,,2,0,119.168,10.292,54.736,uav_1,10.292,False,False,False,False,False,1,"[{""id"": ""obstacle_0"", ""kind"": ""static_obstacle"", ""x"": 50.0, ""y"": 50.0, ""radius"": 5.0}]"
safety_margin_covariance,15,3.0,1,8.315,18.081,90.0,94.0,50.0,50.0,,,position_noise+confidence_error,,trust_weighted_fusion,move,covariance,2.5,1.0,,3,0,111.518,9.972,47.503,uav_3,9.972,False,False,False,False,False,1,"[{""id"": ""obstacle_0"", ""kind"": ""static_obstacle"", ""x"": 50.0, ""y"": 50.0, ""radius"": 5.0}]"
safety_margin_covariance,15,3.0,2,17.981,8.569,86.0,90.0,50.0,50.0,,,false_negative+position_noise+confidence_error,,trust_weighted_fusion,move,covariance,2.5,1.0,,2,0,106.102,9.547,47.362,uav_3,9.547,False,False,False,False,False,1,"[{""id"": ""obstacle_0"", ""kind"": ""static_obstacle"", ""x"": 50.0, ""y"": 50.0, ""radius"": 5.0}]"
safety_margin_covariance,15,3.0,3,18.286,18.111,90.0,86.0,50.0,50.0,,,false_negative+position_noise+confidence_error,,trust_weighted_fusion,move,covariance,2.5,1.0,,1,0,98.751,9.547,39.974,uav_2,9.547,False,False,False,False,False,1,"[{""id"": ""obstacle_0"", ""kind"": ""static_obstacle"", ""x"": 50.0, ""y"": 50.0, ""radius"": 5.0}]"
safety_margin_covariance,16,3.2,0,7.913,7.996,94.0,90.0,50.0,50.0,,,position_noise+confidence_error,,trust_weighted_fusion,move,covariance,2.5,1.0,,3,0,118.893,10.274,54.461,uav_2,10.274,False,False,False,False,False,1,"[{""id"": ""obstacle_0"", ""kind"": ""static_obstacle"", ""x"": 50.0, ""y"": 50.0, ""radius"": 5.0}]"
safety_margin_covariance,16,3.2,1,8.516,18.268,90.0,94.0,50.0,50.0,,,false_negative+position_noise+confidence_error,,trust_weighted_fusion,move,covariance,2.5,1.0,,2,0,111.243,9.97,47.229,uav_3,9.97,False,False,False,False,False,1,"[{""id"": ""obstacle_0"", ""kind"": ""static_obstacle"", ""x"": 50.0, ""y"": 50.0, ""radius"": 5.0}]"
safety_margin_covariance,16,3.2,2,18.157,8.78,86.0,90.0,50.0,50.0,,,position_noise+confidence_error,,trust_weighted_fusion,move,covariance,2.5,1.0,,3,0,105.827,9.526,47.087,uav_3,9.526,False,False,False,False,False,1,"[{""id"": ""obstacle_0"", ""kind"": ""static_obstacle"", ""x"": 50.0, ""y"": 50.0, ""radius"": 5.0}]"
safety_margin_covariance,16,3.2,3,18.486,18.3,90.0,86.0,50.0,50.0,,,false_negative+position_noise+confidence_error,,trust_weighted_fusion,move,covariance,2.5,1.0,,1,0,98.476,9.526,39.699,uav_2,9.526,False,False,False,False,False,1,"[{""id"": ""obstacle_0"", ""kind"": ""static_obstacle"", ""x"": 50.0, ""y"": 50.0, ""radius"": 5.0}]"
safety_margin_covariance,17,3.4,0,8.112,8.185,94.0,90.0,50.0,50.0,,,position_noise+confidence_error,,trust_weighted_fusion,move,covariance,2.5,1.0,,3,0,118.618,10.253,54.186,uav_2,10.253,False,False,False,False,False,1,"[{""id"": ""obstacle_0"", ""kind"": ""static_obstacle"", ""x"": 50.0, ""y"": 50.0, ""radius"": 5.0}]"
safety_margin_covariance,17,3.4,1,8.717,18.455,90.0,94.0,50.0,50.0,,,false_negative+position_noise+confidence_error,,trust_weighted_fusion,move,covariance,2.5,1.0,,1,0,110.968,9.968,46.955,uav_3,9.968,False,False,False,False,False,1,"[{""id"": ""obstacle_0"", ""kind"": ""static_obstacle"", ""x"": 50.0, ""y"": 50.0, ""radius"": 5.0}]"
safety_margin_covariance,17,3.4,2,18.334,8.991,86.0,90.0,50.0,50.0,,,position_noise+confidence_error,,trust_weighted_fusion,move,covariance,2.5,1.0,,3,0,105.552,9.505,46.812,uav_3,9.505,False,False,False,False,False,1,"[{""id"": ""obstacle_0"", ""kind"": ""static_obstacle"", ""x"": 50.0, ""y"": 50.0, ""radius"": 5.0}]"
safety_margin_covariance,17,3.4,3,18.686,18.489,90.0,86.0,50.0,50.0,,,false_negative+position_noise+confidence_error,,trust_weighted_fusion,move,covariance,2.5,1.0,,1,0,98.201,9.505,39.425,uav_2,9.505,False,False,False,False,False,1,"[{""id"": ""obstacle_0"", ""kind"": ""static_obstacle"", ""x"": 50.0, ""y"": 50.0, ""radius"": 5.0}]"
safety_margin_covariance,18,3.6,0,8.312,8.375,94.0,90.0,50.0,50.0,,,false_negative+position_noise+confidence_error,,trust_weighted_fusion,move,covariance,2.5,1.0,,2,0,118.343,10.232,53.911,uav_2,10.232,False,False,False,False,False,1,"[{""id"": ""obstacle_0"", ""kind"": ""static_obstacle"", ""x"": 50.0, ""y"": 50.0, ""radius"": 5.0}]"
safety_margin_covariance,18,3.6,1,8.919,18.642,90.0,94.0,50.0,50.0,,,false_negative+position_noise+confidence_error,,trust_weighted_fusion,move,covariance,2.5,1.0,,2,0,110.693,10.058,46.682,uav_3,10.058,False,False,False,False,False,1,"[{""id"": ""obstacle_0"", ""kind"": ""static_obstacle"", ""x"": 50.0, ""y"": 50.0, ""radius"": 5.0}]"
safety_margin_covariance,18,3.6,2,18.51,9.202,86.0,90.0,50.0,50.0,,,false_negative+position_noise+confidence_error,,trust_weighted_fusion,move,covariance,2.5,1.0,,2,0,105.277,9.573,46.537,uav_3,9.573,False,False,False,False,False,1,"[{""id"": ""obstacle_0"", ""kind"": ""static_obstacle"", ""x"": 50.0, ""y"": 50.0, ""radius"": 5.0}]"
safety_margin_covariance,18,3.6,3,18.976,18.764,90.0,86.0,50.0,50.0,,,false_negative+confidence_error,,trust_weighted_fusion,move,covariance,0.0,0.0,,0,0,97.801,9.573,39.025,uav_2,9.573,False,False,False,False,False,1,"[{""id"": ""obstacle_0"", ""kind"": ""static_obstacle"", ""x"": 50.0, ""y"": 50.0, ""radius"": 5.0}]"
safety_margin_covariance,19,3.8,0,8.511,8.565,94.0,90.0,50.0,50.0,,,false_negative+position_noise+confidence_error,,trust_weighted_fusion,move,covariance,2.5,1.0,,2,0,118.068,10.211,53.637,uav_2,10.211,False,False,False,False,False,1,"[{""id"": ""obstacle_0"", ""kind"": ""static_obstacle"", ""x"": 50.0, ""y"": 50.0, ""radius"": 5.0}]"
safety_margin_covariance,19,3.8,1,9.212,18.914,90.0,94.0,50.0,50.0,,,false_negative+confidence_error,,trust_weighted_fusion,move,covariance,0.0,0.0,,0,0,110.293,9.964,46.283,uav_3,9.964,False,False,False,False,False,1,"[{""id"": ""obstacle_0"", ""kind"": ""static_obstacle"", ""x"": 50.0, ""y"": 50.0, ""radius"": 5.0}]"
safety_margin_covariance,19,3.8,2,18.686,9.413,86.0,90.0,50.0,50.0,,,false_negative+position_noise+confidence_error,,trust_weighted_fusion,move,covariance,2.5,1.0,,1,0,105.002,9.553,46.263,uav_3,9.553,False,False,False,False,False,1,"[{""id"": ""obstacle_0"", ""kind"": ""static_obstacle"", ""x"": 50.0, ""y"": 50.0, ""radius"": 5.0}]"
safety_margin_covariance,19,3.8,3,19.176,18.953,90.0,86.0,50.0,50.0,,,false_negative+position_noise+confidence_error,,trust_weighted_fusion,move,covariance,2.5,1.0,,1,0,97.526,9.553,38.75,uav_2,9.553,False,False,False,False,False,1,"[{""id"": ""obstacle_0"", ""kind"": ""static_obstacle"", ""x"": 50.0, ""y"": 50.0, ""radius"": 5.0}]"
safety_margin_covariance,20,4.0,0,8.71,8.754,94.0,90.0,50.0,50.0,,,position_noise+confidence_error,,trust_weighted_fusion,move,covariance,2.5,1.0,,3,0,117.793,10.19,53.362,uav_2,10.19,False,False,False,False,False,1,"[{""id"": ""obstacle_0"", ""kind"": ""static_obstacle"", ""x"": 50.0, ""y"": 50.0, ""radius"": 5.0}]"
safety_margin_covariance,20,4.0,1,9.413,19.102,90.0,94.0,50.0,50.0,,,position_noise+confidence_error,,trust_weighted_fusion,move,covariance,2.5,1.0,,3,0,110.018,9.962,46.01,uav_3,9.962,False,False,False,False,False,1,"[{""id"": ""obstacle_0"", ""kind"": ""static_obstacle"", ""x"": 50.0, ""y"": 50.0, ""radius"": 5.0}]"
safety_margin_covariance,20,4.0,2,18.862,9.624,86.0,90.0,50.0,50.0,,,false_negative+position_noise+confidence_error,,trust_weighted_fusion,move,covariance,2.5,1.0,,2,0,104.727,9.532,45.988,uav_3,9.532,False,False,False,False,False,1,"[{""id"": ""obstacle_0"", ""kind"": ""static_obstacle"", ""x"": 50.0, ""y"": 50.0, ""radius"": 5.0}]"
safety_margin_covariance,20,4.0,3,19.375,19.142,90.0,86.0,50.0,50.0,,,false_negative+position_noise+confidence_error,,trust_weighted_fusion,move,covariance,2.5,1.0,,2,0,97.251,9.532,38.475,uav_2,9.532,False,False,False,False,False,1,"[{""id"": ""obstacle_0"", ""kind"": ""static_obstacle"", ""x"": 50.0, ""y"": 50.0, ""radius"": 5.0}]"
safety_margin_covariance,21,4.2,0,8.999,9.03,94.0,90.0,50.0,50.0,,,false_negative+confidence_error,,trust_weighted_fusion,move,covariance,0.0,0.0,,0,0,117.393,10.072,52.962,uav_2,10.072,False,False,False,False,False,1,"[{""id"": ""obstacle_0"", ""kind"": ""static_obstacle"", ""x"": 50.0, ""y"": 50.0, ""radius"": 5.0}]"
safety_margin_covariance,21,4.2,1,9.615,19.289,90.0,94.0,50.0,50.0,,,false_negative+position_noise+confidence_error,,trust_weighted_fusion,move,covariance,2.5,1.0,,2,0,109.743,9.961,45.736,uav_3,9.961,False,False,False,False,False,1,"[{""id"": ""obstacle_0"", ""kind"": ""static_obstacle"", ""x"": 50.0, ""y"": 50.0, ""radius"": 5.0}]"
safety_margin_covariance,21,4.2,2,19.039,9.835,86.0,90.0,50.0,50.0,,,false_negative+position_noise+confidence_error,,trust_weighted_fusion,move,covariance,2.5,1.0,,2,0,104.452,9.511,45.713,uav_3,9.511,False,False,False,False,False,1,"[{""id"": ""obstacle_0"", ""kind"": ""static_obstacle"", ""x"": 50.0, ""y"": 50.0, ""radius"": 5.0}]"
safety_margin_covariance,21,4.2,3,19.575,19.331,90.0,86.0,50.0,50.0,,,position_noise+confidence_error,,trust_weighted_fusion,move,covariance,2.5,1.0,,3,0,96.976,9.511,38.2,uav_2,9.511,False,False,False,False,False,1,"[{""id"": ""obstacle_0"", ""kind"": ""static_obstacle"", ""x"": 50.0, ""y"": 50.0, ""radius"": 5.0}]"
safety_margin_covariance,22,4.4,0,9.198,9.22,94.0,90.0,50.0,50.0,,,false_negative+position_noise+confidence_error,,trust_weighted_fusion,move,covariance,2.5,1.0,,2,0,117.118,10.139,52.687,uav_2,10.139,False,False,False,False,False,1,"[{""id"": ""obstacle_0"", ""kind"": ""static_obstacle"", ""x"": 50.0, ""y"": 50.0, ""radius"": 5.0}]"
safety_margin_covariance,22,4.4,1,9.908,19.561,90.0,94.0,50.0,50.0,,,false_negative+confidence_error,,trust_weighted_fusion,move,covariance,0.0,0.0,,0,0,109.343,9.867,45.338,uav_3,9.867,False,False,False,False,False,1,"[{""id"": ""obstacle_0"", ""kind"": ""static_obstacle"", ""x"": 50.0, ""y"": 50.0, ""radius"": 5.0}]"
safety_margin_covariance,22,4.4,2,19.295,10.142,86.0,90.0,50.0,50.0,,,false_negative+confidence_error,,trust_weighted_fusion,move,covariance,0.0,0.0,,0,0,104.052,9.39,45.313,uav_3,9.39,False,False,False,False,False,1,"[{""id"": ""obstacle_0"", ""kind"": ""static_obstacle"", ""x"": 50.0, ""y"": 50.0, ""radius"": 5.0}]"
safety_margin_covariance,22,4.4,3,19.775,19.52,90.0,86.0,50.0,50.0,,,false_negative+position_noise+confidence_error,,trust_weighted_fusion,move,covariance,2.5,1.0,,2,0,96.701,9.39,37.925,uav_2,9.39,False,False,False,False,False,1,"[{""id"": ""obstacle_0"", ""kind"": ""static_obstacle"", ""x"": 50.0, ""y"": 50.0, ""radius"": 5.0}]"
safety_margin_covariance,23,4.6,0,9.398,9.41,94.0,90.0,50.0,50.0,,,false_negative+position_noise+confidence_error,,trust_weighted_fusion,move,covariance,2.5,1.0,,1,0,116.843,10.118,52.412,uav_2,10.118,False,False,False,False,False,1,"[{""id"": ""obstacle_0"", ""kind"": ""static_obstacle"", ""x"": 50.0, ""y"": 50.0, ""radius"": 5.0}]"
safety_margin_covariance,23,4.6,1,10.201,19.834,90.0,94.0,50.0,50.0,,,false_negative+confidence_error,,trust_weighted_fusion,move,covariance,0.0,0.0,,0,0,108.943,9.775,44.94,uav_3,9.775,False,False,False,False,False,1,"[{""id"": ""obstacle_0"", ""kind"": ""static_obstacle"", ""x"": 50.0, ""y"": 50.0, ""radius"": 5.0}]"
safety_margin_covariance,23,4.6,2,19.471,10.353,86.0,90.0,50.0,50.0,,,position_noise+confidence_error,,trust_weighted_fusion,move,covariance,2.5,1.0,,3,0,103.777,9.37,45.039,uav_3,9.37,False,False,False,False,False,1,"[{""id"": ""obstacle_0"", ""kind"": ""static_obstacle"", ""x"": 50.0, ""y"": 50.0, ""radius"": 5.0}]"
safety_margin_covariance,23,4.6,3,19.975,19.709,90.0,86.0,50.0,50.0,,,false_negative+position_noise+confidence_error,,trust_weighted_fusion,move,covariance,2.5,1.0,,1,0,96.426,9.37,37.65,uav_2,9.37,False,False,False,False,False,1,"[{""id"": ""obstacle_0"", ""kind"": ""static_obstacle"", ""x"": 50.0, ""y"": 50.0, ""radius"": 5.0}]"
safety_margin_covariance,24,4.8,0,9.597,9.599,94.0,90.0,50.0,50.0,,,false_negative+position_noise+confidence_error,,trust_weighted_fusion,move,covariance,2.5,1.0,,2,0,116.568,10.097,52.137,uav_2,10.097,False,False,False,False,False,1,"[{""id"": ""obstacle_0"", ""kind"": ""static_obstacle"", ""x"": 50.0, ""y"": 50.0, ""radius"": 5.0}]"
safety_margin_covariance,24,4.8,1,10.402,20.021,90.0,94.0,50.0,50.0,,,false_negative+position_noise+confidence_error,,trust_weighted_fusion,move,covariance,2.5,1.0,,2,0,108.668,9.773,44.666,uav_3,9.773,False,False,False,False,False,1,"[{""id"": ""obstacle_0"", ""kind"": ""static_obstacle"", ""x"": 50.0, ""y"": 50.0, ""radius"": 5.0}]"
safety_margin_covariance,24,4.8,2,19.648,10.564,86.0,90.0,50.0,50.0,,,false_negative+position_noise+confidence_error,,trust_weighted_fusion,move,covariance,2.5,1.0,,1,0,103.502,9.349,44.764,uav_3,9.349,False,False,False,False,False,1,"[{""id"": ""obstacle_0"", ""kind"": ""static_obstacle"", ""x"": 50.0, ""y"": 50.0, ""radius"": 5.0}]"
safety_margin_covariance,24,4.8,3,20.174,19.898,90.0,86.0,50.0,50.0,,,false_negative+position_noise+confidence_error,,trust_weighted_fusion,move,covariance,2.5,1.0,,2,0,96.151,9.349,37.376,uav_2,9.349,False,False,False,False,False,1,"[{""id"": ""obstacle_0"", ""kind"": ""static_obstacle"", ""x"": 50.0, ""y"": 50.0, ""radius"": 5.0}]"
safety_margin_covariance,25,5.0,0,9.796,9.789,94.0,90.0,50.0,50.0,,,false_negative+position_noise+confidence_error,,trust_weighted_fusion,move,covariance,2.5,1.0,,2,0,116.293,10.077,51.862,uav_2,10.077,False,False,False,False,False,1,"[{""id"": ""obstacle_0"", ""kind"": ""static_obstacle"", ""x"": 50.0, ""y"": 50.0, ""radius"": 5.0}]"
safety_margin_covariance,25,5.0,1,10.604,20.208,90.0,94.0,50.0,50.0,,,false_negative+position_noise+confidence_error,,trust_weighted_fusion,move,covariance,2.5,1.0,,2,0,108.393,9.771,44.393,uav_3,9.771,False,False,False,False,False,1,"[{""id"": ""obstacle_0"", ""kind"": ""static_obstacle"", ""x"": 50.0, ""y"": 50.0, ""radius"": 5.0}]"
safety_margin_covariance,25,5.0,2,19.824,10.775,86.0,90.0,50.0,50.0,,,false_negative+position_noise+confidence_error,,trust_weighted_fusion,move,covariance,2.5,1.0,,1,0,103.227,9.328,44.489,uav_3,9.328,False,False,False,False,False,1,"[{""id"": ""obstacle_0"", ""kind"": ""static_obstacle"", ""x"": 50.0, ""y"": 50.0, ""radius"": 5.0}]"
safety_margin_covariance,25,5.0,3,20.374,20.087,90.0,86.0,50.0,50.0,,,position_noise+confidence_error,,trust_weighted_fusion,move,covariance,2.5,1.0,,3,0,95.876,9.328,37.101,uav_2,9.328,False,False,False,False,False,1,"[{""id"": ""obstacle_0"", ""kind"": ""static_obstacle"", ""x"": 50.0, ""y"": 50.0, ""radius"": 5.0}]"
safety_margin_covariance,26,5.2,0,9.995,9.979,94.0,90.0,50.0,50.0,,,position_noise+confidence_error,,trust_weighted_fusion,move,covariance,2.5,1.0,,3,0,116.018,10.056,51.587,uav_2,10.056,False,False,False,False,False,1,"[{""id"": ""obstacle_0"", ""kind"": ""static_obstacle"", ""x"": 50.0, ""y"": 50.0, ""radius"": 5.0}]"
safety_margin_covariance,26,5.2,1,10.805,20.395,90.0,94.0,50.0,50.0,,,false_negative+position_noise+confidence_error,,trust_weighted_fusion,move,covariance,2.5,1.0,,2,0,108.118,9.769,44.119,uav_3,9.769,False,False,False,False,False,1,"[{""id"": ""obstacle_0"", ""kind"": ""static_obstacle"", ""x"": 50.0, ""y"": 50.0, ""radius"": 5.0}]"
safety_margin_covariance,26,5.2,2,20.0,10.986,86.0,90.0,50.0,50.0,,,position_noise+confidence_error,,trust_weighted_fusion,move,covariance,2.5,1.0,,3,0,102.952,9.308,44.214,uav_3,9.308,False,False,False,False,False,1,"[{""id"": ""obstacle_0"", ""kind"": ""static_obstacle"", ""x"": 50.0, ""y"": 50.0, ""radius"": 5.0}]"
safety_margin_covariance,26,5.2,3,20.574,20.276,90.0,86.0,50.0,50.0,,,false_negative+position_noise+confidence_error,,trust_weighted_fusion,move,covariance,2.5,1.0,,1,0,95.601,9.308,36.826,uav_2,9.308,False,False,False,False,False,1,"[{""id"": ""obstacle_0"", ""kind"": ""static_obstacle"", ""x"": 50.0, ""y"": 50.0, ""radius"": 5.0}]"
safety_margin_covariance,27,5.4,0,10.194,10.168,94.0,90.0,50.0,50.0,,,false_negative+position_noise+confidence_error,,trust_weighted_fusion,move,covariance,2.5,1.0,,1,0,115.743,10.035,51.312,uav_2,10.035,False,False,False,False,False,1,"[{""id"": ""obstacle_0"", ""kind"": ""static_obstacle"", ""x"": 50.0, ""y"": 50.0, ""radius"": 5.0}]"
safety_margin_covariance,27,5.4,1,11.006,20.582,90.0,94.0,50.0,50.0,,,false_negative+position_noise+confidence_error,,trust_weighted_fusion,move,covariance,2.5,1.0,,2,0,107.843,9.768,43.846,uav_3,9.768,False,False,False,False,False,1,"[{""id"": ""obstacle_0"", ""kind"": ""static_obstacle"", ""x"": 50.0, ""y"": 50.0, ""radius"": 5.0}]"
safety_margin_covariance,27,5.4,2,20.177,11.197,86.0,90.0,50.0,50.0,,,position_noise+confidence_error,,trust_weighted_fusion,move,covariance,2.5,1.0,,3,0,102.677,9.287,43.939,uav_3,9.287,False,False,False,False,False,1,"[{""id"": ""obstacle_0"", ""kind"": ""static_obstacle"", ""x"": 50.0, ""y"": 50.0, ""radius"": 5.0}]"
safety_margin_covariance,27,5.4,3,20.773,20.465,90.0,86.0,50.0,50.0,,,false_negative+position_noise+confidence_error,,trust_weighted_fusion,move,covariance,2.5,1.0,,2,0,95.326,9.287,36.551,uav_2,9.287,False,False,False,False,False,1,"[{""id"": ""obstacle_0"", ""kind"": ""static_obstacle"", ""x"": 50.0, ""y"": 50.0, ""radius"": 5.0}]"
safety_margin_covariance,28,5.6,0,10.393,10.358,94.0,90.0,50.0,50.0,,,false_negative+position_noise+confidence_error,,trust_weighted_fusion,move,covariance,2.5,1.0,,1,0,115.468,10.015,51.037,uav_2,10.015,False,False,False,False,False,1,"[{""id"": ""obstacle_0"", ""kind"": ""static_obstacle"", ""x"": 50.0, ""y"": 50.0, ""radius"": 5.0}]"
safety_margin_covariance,28,5.6,1,11.208,20.77,90.0,94.0,50.0,50.0,,,false_negative+position_noise+confidence_error,,trust_weighted_fusion,move,covariance,2.5,1.0,,2,0,107.568,9.766,43.572,uav_3,9.766,False,False,False,False,False,1,"[{""id"": ""obstacle_0"", ""kind"": ""static_obstacle"", ""x"": 50.0, ""y"": 50.0, ""radius"": 5.0}]"
safety_margin_covariance,28,5.6,2,20.353,11.408,86.0,90.0,50.0,50.0,,,false_negative+position_noise+confidence_error,,trust_weighted_fusion,move,covariance,2.5,1.0,,1,0,102.402,9.267,43.665,uav_3,9.267,False,False,False,False,False,1,"[{""id"": ""obstacle_0"", ""kind"": ""static_obstacle"", ""x"": 50.0, ""y"": 50.0, ""radius"": 5.0}]"
safety_margin_covariance,28,5.6,3,20.973,20.654,90.0,86.0,50.0,50.0,,,false_negative+position_noise+confidence_error,,trust_weighted_fusion,move,covariance,2.5,1.0,,2,0,95.051,9.267,36.276,uav_2,9.267,False,False,False,False,False,1,"[{""id"": ""obstacle_0"", ""kind"": ""static_obstacle"", ""x"": 50.0, ""y"": 50.0, ""radius"": 5.0}]"
safety_margin_covariance,29,5.8,0,10.592,10.548,94.0,90.0,50.0,50.0,,,false_negative+position_noise+confidence_error,,trust_weighted_fusion,move,covariance,2.5,1.0,,2,0,115.193,9.995,50.762,uav_2,9.995,False,False,False,False,False,1,"[{""id"": ""obstacle_0"", ""kind"": ""static_obstacle"", ""x"": 50.0, ""y"": 50.0, ""radius"": 5.0}]"
safety_margin_covariance,29,5.8,1,11.409,20.957,90.0,94.0,50.0,50.0,,,false_negative+position_noise+confidence_error,,trust_weighted_fusion,move,covariance,2.5,1.0,,1,0,107.293,9.764,43.299,uav_3,9.764,False,False,False,False,False,1,"[{""id"": ""obstacle_0"", ""kind"": ""static_obstacle"", ""x"": 50.0, ""y"": 50.0, ""radius"": 5.0}]"
safety_margin_covariance,29,5.8,2,20.529,11.62,86.0,90.0,50.0,50.0,,,position_noise+confidence_error,,trust_weighted_fusion,move,covariance,2.5,1.0,,3,0,102.127,9.246,43.39,uav_3,9.246,False,False,False,False,False,1,"[{""id"": ""obstacle_0"", ""kind"": ""static_obstacle"", ""x"": 50.0, ""y"": 50.0, ""radius"": 5.0}]"
safety_margin_covariance,29,5.8,3,21.173,20.844,90.0,86.0,50.0,50.0,,,false_negative+position_noise+confidence_error,,trust_weighted_fusion,move,covariance,2.5,1.0,,2,0,94.776,9.246,36.001,uav_2,9.246,False,False,False,False,False,1,"[{""id"": ""obstacle_0"", ""kind"": ""static_obstacle"", ""x"": 50.0, ""y"": 50.0, ""radius"": 5.0}]"
safety_margin_covariance,30,6.0,0,10.791,10.737,94.0,90.0,50.0,50.0,,,position_noise+confidence_error,,trust_weighted_fusion,move,covariance,2.5,1.0,,3,0,114.918,9.974,50.487,uav_2,9.974,False,False,False,False,False,1,"[{""id"": ""obstacle_0"", ""kind"": ""static_obstacle"", ""x"": 50.0, ""y"": 50.0, ""radius"": 5.0}]"
safety_margin_covariance,30,6.0,1,11.611,21.144,90.0,94.0,50.0,50.0,,,position_noise+confidence_error,,trust_weighted_fusion,move,covariance,2.5,1.0,,3,0,107.018,9.762,43.025,uav_3,9.762,False,False,False,False,False,1,"[{""id"": ""obstacle_0"", ""kind"": ""static_obstacle"", ""x"": 50.0, ""y"": 50.0, ""radius"": 5.0}]"
safety_margin_covariance,30,6.0,2,20.706,11.831,86.0,90.0,50.0,50.0,,,false_negative+position_noise+confidence_error,,trust_weighted_fusion,move,covariance,2.5,1.0,,2,0,101.852,9.226,43.115,uav_3,9.226,False,False,False,False,False,1,"[{""id"": ""obstacle_0"", ""kind"": ""static_obstacle"", ""x"": 50.0, ""y"": 50.0, ""radius"": 5.0}]"
safety_margin_covariance,30,6.0,3,21.372,21.033,90.0,86.0,50.0,50.0,,,false_negative+position_noise+confidence_error,,trust_weighted_fusion,move,covariance,2.5,1.0,,2,0,94.501,9.226,35.726,uav_2,9.226,False,False,False,False,False,1,"[{""id"": ""obstacle_0"", ""kind"": ""static_obstacle"", ""x"": 50.0, ""y"": 50.0, ""radius"": 5.0}]"
safety_margin_covariance,31,6.2,0,10.991,10.927,94.0,90.0,50.0,50.0,,,false_negative+position_noise+confidence_error,,trust_weighted_fusion,move,covariance,2.5,1.0,,1,0,114.643,9.954,50.213,uav_2,9.954,False,False,False,False,False,1,"[{""id"": ""obstacle_0"", ""kind"": ""static_obstacle"", ""x"": 50.0, ""y"": 50.0, ""radius"": 5.0}]"
safety_margin_covariance,31,6.2,1,11.904,21.416,90.0,94.0,50.0,50.0,,,false_negative+confidence_error,,trust_weighted_fusion,move,covariance,0.0,0.0,,0,0,106.618,9.76,42.627,uav_3,9.76,False,False,False,False,False,1,"[{""id"": ""obstacle_0"", ""kind"": ""static_obstacle"", ""x"": 50.0, ""y"": 50.0, ""radius"": 5.0}]"
safety_margin_covariance,31,6.2,2,20.882,12.042,86.0,90.0,50.0,50.0,,,false_negative+position_noise+confidence_error,,trust_weighted_fusion,move,covariance,2.5,1.0,,1,0,101.577,9.299,42.84,uav_3,9.299,False,False,False,False,False,1,"[{""id"": ""obstacle_0"", ""kind"": ""static_obstacle"", ""x"": 50.0, ""y"": 50.0, ""radius"": 5.0}]"
safety_margin_covariance,31,6.2,3,21.663,21.308,90.0,86.0,50.0,50.0,,,false_negative+confidence_error,,trust_weighted_fusion,move,covariance,0.0,0.0,,0,0,94.101,9.299,35.327,uav_2,9.299,False,False,False,False,False,1,"[{""id"": ""obstacle_0"", ""kind"": ""static_obstacle"", ""x"": 50.0, ""y"": 50.0, ""radius"": 5.0}]"
safety_margin_covariance,32,6.4,0,11.19,11.117,94.0,90.0,50.0,50.0,,,false_negative+position_noise+confidence_error,,trust_weighted_fusion,move,covariance,2.5,1.0,,1,0,114.368,9.934,49.938,uav_2,9.934,False,False,False,False,False,1,"[{""id"": ""obstacle_0"", ""kind"": ""static_obstacle"", ""x"": 50.0, ""y"": 50.0, ""radius"": 5.0}]"
safety_margin_covariance,32,6.4,1,12.105,21.604,90.0,94.0,50.0,50.0,,,position_noise+confidence_error,,trust_weighted_fusion,move,covariance,2.5,1.0,,3,0,106.343,9.758,42.354,uav_3,9.758,False,False,False,False,False,1,"[{""id"": ""obstacle_0"", ""kind"": ""static_obstacle"", ""x"": 50.0, ""y"": 50.0, ""radius"": 5.0}]"
safety_margin_covariance,32,6.4,2,21.058,12.253,86.0,90.0,50.0,50.0,,,false_negative+position_noise+confidence_error,,trust_weighted_fusion,move,covariance,2.5,1.0,,2,0,101.302,9.279,42.566,uav_3,9.279,False,False,False,False,False,1,"[{""id"": ""obstacle_0"", ""kind"": ""static_obstacle"", ""x"": 50.0, ""y"": 50.0, ""radius"": 5.0}]"
safety_margin_covariance,32,6.4,3,21.863,21.497,90.0,86.0,50.0,50.0,,,false_negative+position_noise+confidence_error,,trust_weighted_fusion,move,covariance,2.5,1.0,,2,0,93.826,9.279,35.052,uav_2,9.279,False,False,False,False,False,1,"[{""id"": ""obstacle_0"", ""kind"": ""static_obstacle"", ""x"": 50.0, ""y"": 50.0, ""radius"": 5.0}]"
safety_margin_covariance,33,6.6,0,11.389,11.306,94.0,90.0,50.0,50.0,,,position_noise+confidence_error,,trust_weighted_fusion,move,covariance,2.5,1.0,,3,0,114.093,9.913,49.663,uav_2,9.913,False,False,False,False,False,1,"[{""id"": ""obstacle_0"", ""kind"": ""static_obstacle"", ""x"": 50.0, ""y"": 50.0, ""radius"": 5.0}]"
safety_margin_covariance,33,6.6,1,12.398,21.876,90.0,94.0,50.0,50.0,,,false_negative+confidence_error,,trust_weighted_fusion,move,covariance,0.0,0.0,,0,0,105.943,9.666,41.956,uav_3,9.666,False,False,False,False,False,1,"[{""id"": ""obstacle_0"", ""kind"": ""static_obstacle"", ""x"": 50.0, ""y"": 50.0, ""radius"": 5.0}]"
safety_margin_covariance,33,6.6,2,21.234,12.464,86.0,90.0,50.0,50.0,,,false_negative+position_noise+confidence_error,,trust_weighted_fusion,move,covariance,2.5,1.0,,2,0,101.027,9.259,42.291,uav_3,9.259,False,False,False,False,False,1,"[{""id"": ""obstacle_0"", ""kind"": ""static_obstacle"", ""x"": 50.0, ""y"": 50.0, ""radius"": 5.0}]"
safety_margin_covariance,33,6.6,3,22.062,21.686,90.0,86.0,50.0,50.0,,,false_negative+position_noise+confidence_error,,trust_weighted_fusion,move,covariance,2.5,1.0,,2,0,93.551,9.259,34.777,uav_2,9.259,False,False,False,False,False,1,"[{""id"": ""obstacle_0"", ""kind"": ""static_obstacle"", ""x"": 50.0, ""y"": 50.0, ""radius"": 5.0}]"
safety_margin_covariance,34,6.8,0,11.588,11.496,94.0,90.0,50.0,50.0,,,position_noise+confidence_error,,trust_weighted_fusion,move,covariance,2.5,1.0,,3,0,113.818,9.893,49.388,uav_2,9.893,False,False,False,False,False,1,"[{""id"": ""obstacle_0"", ""kind"": ""static_obstacle"", ""x"": 50.0, ""y"": 50.0, ""radius"": 5.0}]"
safety_margin_covariance,34,6.8,1,12.691,22.148,90.0,94.0,50.0,50.0,,,dropout+confidence_error,,trust_weighted_fusion,move,covariance,0.0,0.0,,0,0,105.543,9.575,41.558,uav_3,9.575,False,False,False,False,False,1,"[{""id"": ""obstacle_0"", ""kind"": ""static_obstacle"", ""x"": 50.0, ""y"": 50.0, ""radius"": 5.0}]"
safety_margin_covariance,34,6.8,2,21.411,12.675,86.0,90.0,50.0,50.0,,,position_noise+confidence_error,,trust_weighted_fusion,move,covariance,2.5,1.0,,3,0,100.752,9.239,42.016,uav_3,9.239,False,False,False,False,False,1,"[{""id"": ""obstacle_0"", ""kind"": ""static_obstacle"", ""x"": 50.0, ""y"": 50.0, ""radius"": 5.0}]"
safety_margin_covariance,34,6.8,3,22.262,21.875,90.0,86.0,50.0,50.0,,,false_negative+position_noise+confidence_error,,trust_weighted_fusion,move,covariance,2.5,1.0,,2,0,93.276,9.239,34.502,uav_2,9.239,False,False,False,False,False,1,"[{""id"": ""obstacle_0"", ""kind"": ""static_obstacle"", ""x"": 50.0, ""y"": 50.0, ""radius"": 5.0}]"
safety_margin_covariance,35,7.0,0,11.787,11.686,94.0,90.0,50.0,50.0,,,false_negative+position_noise+confidence_error,,trust_weighted_fusion,move,covariance,2.5,1.0,,1,0,113.543,9.873,49.113,uav_2,9.873,False,False,False,False,False,1,"[{""id"": ""obstacle_0"", ""kind"": ""static_obstacle"", ""x"": 50.0, ""y"": 50.0, ""radius"": 5.0}]"
safety_margin_covariance,35,7.0,1,12.984,22.421,90.0,94.0,50.0,50.0,,,dropout+confidence_error,,trust_weighted_fusion,move,covariance,0.0,0.0,,0,0,105.143,9.484,41.161,uav_3,9.484,False,False,False,False,False,1,"[{""id"": ""obstacle_0"", ""kind"": ""static_obstacle"", ""x"": 50.0, ""y"": 50.0, ""radius"": 5.0}]"
safety_margin_covariance,35,7.0,2,21.587,12.886,86.0,90.0,50.0,50.0,,,false_negative+position_noise+confidence_error,,trust_weighted_fusion,move,covariance,2.5,1.0,,2,0,100.477,9.22,41.741,uav_3,9.22,False,False,False,False,False,1,"[{""id"": ""obstacle_0"", ""kind"": ""static_obstacle"", ""x"": 50.0, ""y"": 50.0, ""radius"": 5.0}]"
safety_margin_covariance,35,7.0,3,22.462,22.064,90.0,86.0,50.0,50.0,,,false_negative+position_noise+confidence_error,,trust_weighted_fusion,move,covariance,2.5,1.0,,1,0,93.001,9.22,34.227,uav_2,9.22,False,False,False,False,False,1,"[{""id"": ""obstacle_0"", ""kind"": ""static_obstacle"", ""x"": 50.0, ""y"": 50.0, ""radius"": 5.0}]"
safety_margin_covariance,36,7.2,0,11.986,11.875,94.0,90.0,50.0,50.0,,,position_noise+confidence_error,,trust_weighted_fusion,move,covariance,2.5,1.0,,3,0,113.268,9.853,48.838,uav_2,9.853,False,False,False,False,False,1,"[{""id"": ""obstacle_0"", ""kind"": ""static_obstacle"", ""x"": 50.0, ""y"": 50.0, ""radius"": 5.0}]"
safety_margin_covariance,36,7.2,1,13.277,22.693,90.0,94.0,50.0,50.0,,,dropout+confidence_error,,trust_weighted_fusion,move,covariance,0.0,0.0,,0,0,104.743,9.395,40.763,uav_3,9.395,False,False,False,False,False,1,"[{""id"": ""obstacle_0"", ""kind"": ""static_obstacle"", ""x"": 50.0, ""y"": 50.0, ""radius"": 5.0}]"
safety_margin_covariance,36,7.2,2,21.763,13.097,86.0,90.0,50.0,50.0,,,false_negative+position_noise+confidence_error,,trust_weighted_fusion,move,covariance,2.5,1.0,,1,0,100.202,9.2,41.467,uav_3,9.2,False,False,False,False,False,1,"[{""id"": ""obstacle_0"", ""kind"": ""static_obstacle"", ""x"": 50.0, ""y"": 50.0, ""radius"": 5.0}]"
safety_margin_covariance,36,7.2,3,22.661,22.253,90.0,86.0,50.0,50.0,,,false_negative+position_noise+confidence_error,,trust_weighted_fusion,move,covariance,2.5,1.0,,2,0,92.726,9.2,33.953,uav_2,9.2,False,False,False,False,False,1,"[{""id"": ""obstacle_0"", ""kind"": ""static_obstacle"", ""x"": 50.0, ""y"": 50.0, ""radius"": 5.0}]"
safety_margin_covariance,37,7.4,0,12.185,12.065,94.0,90.0,50.0,50.0,,,false_negative+position_noise+confidence_error,,trust_weighted_fusion,move,covariance,2.5,1.0,,2,0,112.993,9.833,48.563,uav_2,9.833,False,False,False,False,False,1,"[{""id"": ""obstacle_0"", ""kind"": ""static_obstacle"", ""x"": 50.0, ""y"": 50.0, ""radius"": 5.0}]"
safety_margin_covariance,37,7.4,1,13.57,22.965,90.0,94.0,50.0,50.0,,,dropout+confidence_error,,trust_weighted_fusion,move,covariance,0.0,0.0,,0,0,104.343,9.306,40.365,uav_3,9.306,False,False,False,False,False,1,"[{""id"": ""obstacle_0"", ""kind"": ""static_obstacle"", ""x"": 50.0, ""y"": 50.0, ""radius"": 5.0}]"
safety_margin_covariance,37,7.4,2,21.94,13.308,86.0,90.0,50.0,50.0,,,false_negative+position_noise+confidence_error,,trust_weighted_fusion,move,covariance,2.5,1.0,,2,0,99.927,9.18,41.192,uav_3,9.18,False,False,False,False,False,1,"[{""id"": ""obstacle_0"", ""kind"": ""static_obstacle"", ""x"": 50.0, ""y"": 50.0, ""radius"": 5.0}]"
safety_margin_covariance,37,7.4,3,22.861,22.442,90.0,86.0,50.0,50.0,,,false_negative+position_noise+confidence_error,,trust_weighted_fusion,move,covariance,2.5,1.0,,1,0,92.451,9.18,33.678,uav_2,9.18,False,False,False,False,False,1,"[{""id"": ""obstacle_0"", ""kind"": ""static_obstacle"", ""x"": 50.0, ""y"": 50.0, ""radius"": 5.0}]"
safety_margin_covariance,38,7.6,0,12.384,12.255,94.0,90.0,50.0,50.0,,,false_negative+position_noise+confidence_error,,trust_weighted_fusion,move,covariance,2.5,1.0,,2,0,112.718,9.813,48.288,uav_2,9.813,False,False,False,False,False,1,"[{""id"": ""obstacle_0"", ""kind"": ""static_obstacle"", ""x"": 50.0, ""y"": 50.0, ""radius"": 5.0}]"
safety_margin_covariance,38,7.6,1,13.863,23.237,90.0,94.0,50.0,50.0,,,dropout+confidence_error,,trust_weighted_fusion,move,covariance,0.0,0.0,,0,0,103.943,9.218,39.968,uav_3,9.218,False,False,False,False,False,1,"[{""id"": ""obstacle_0"", ""kind"": ""static_obstacle"", ""x"": 50.0, ""y"": 50.0, ""radius"": 5.0}]"
safety_margin_covariance,38,7.6,2,22.116,13.519,86.0,90.0,50.0,50.0,,,false_negative+position_noise+confidence_error,,trust_weighted_fusion,move,covariance,2.5,1.0,,2,0,99.652,9.161,40.917,uav_3,9.161,False,False,False,False,False,1,"[{""id"": ""obstacle_0"", ""kind"": ""static_obstacle"", ""x"": 50.0, ""y"": 50.0, ""radius"": 5.0}]"
safety_margin_covariance,38,7.6,3,23.061,22.631,90.0,86.0,50.0,50.0,,,false_negative+position_noise+confidence_error,,trust_weighted_fusion,move,covariance,2.5,1.0,,2,0,92.176,9.161,33.403,uav_2,9.161,False,False,False,False,False,1,"[{""id"": ""obstacle_0"", ""kind"": ""static_obstacle"", ""x"": 50.0, ""y"": 50.0, ""radius"": 5.0}]"
safety_margin_covariance,39,7.8,0,12.583,12.445,94.0,90.0,50.0,50.0,,,false_negative+position_noise+confidence_error,,trust_weighted_fusion,move,covariance,2.5,1.0,,2,0,112.443,9.793,48.013,uav_2,9.793,False,False,False,False,False,1,"[{""id"": ""obstacle_0"", ""kind"": ""static_obstacle"", ""x"": 50.0, ""y"": 50.0, ""radius"": 5.0}]"
safety_margin_covariance,39,7.8,1,14.065,23.425,90.0,94.0,50.0,50.0,,,false_negative+position_noise+confidence_error,,trust_weighted_fusion,move,covariance,2.5,1.0,,2,0,103.668,9.216,39.695,uav_3,9.216,False,False,False,False,False,1,"[{""id"": ""obstacle_0"", ""kind"": ""static_obstacle"", ""x"": 50.0, ""y"": 50.0, ""radius"": 5.0}]"
safety_margin_covariance,39,7.8,2,22.292,13.73,86.0,90.0,50.0,50.0,,,false_negative+position_noise+confidence_error,,trust_weighted_fusion,move,covariance,2.5,1.0,,1,0,99.377,9.141,40.642,uav_3,9.141,False,False,False,False,False,1,"[{""id"": ""obstacle_0"", ""kind"": ""static_obstacle"", ""x"": 50.0, ""y"": 50.0, ""radius"": 5.0}]"
safety_margin_covariance,39,7.8,3,23.261,22.82,90.0,86.0,50.0,50.0,,,false_negative+position_noise+confidence_error,,trust_weighted_fusion,move,covariance,2.5,1.0,,1,0,91.901,9.141,33.128,uav_2,9.141,False,False,False,False,False,1,"[{""id"": ""obstacle_0"", ""kind"": ""static_obstacle"", ""x"": 50.0, ""y"": 50.0, ""radius"": 5.0}]"
safety_margin_covariance,40,8.0,0,12.783,12.634,94.0,90.0,50.0,50.0,,,position_noise+confidence_error,,trust_weighted_fusion,move,covariance,2.5,1.0,,3,0,112.168,9.774,47.738,uav_2,9.774,False,False,False,False,False,1,"[{""id"": ""obstacle_0"", ""kind"": ""static_obstacle"", ""x"": 50.0, ""y"": 50.0, ""radius"": 5.0}]"
safety_margin_covariance,40,8.0,1,14.266,23.612,90.0,94.0,50.0,50.0,,,false_negative+position_noise+confidence_error,,trust_weighted_fusion,move,covariance,2.5,1.0,,2,0,103.393,9.214,39.421,uav_3,9.214,False,False,False,False,False,1,"[{""id"": ""obstacle_0"", ""kind"": ""static_obstacle"", ""x"": 50.0, ""y"": 50.0, ""radius"": 5.0}]"
safety_margin_covariance,40,8.0,2,22.468,13.941,86.0,90.0,50.0,50.0,,,position_noise+confidence_error,,trust_weighted_fusion,move,covariance,2.5,1.0,,3,0,99.102,9.122,40.368,uav_3,9.122,False,False,False,False,False,1,"[{""id"": ""obstacle_0"", ""kind"": ""static_obstacle"", ""x"": 50.0, ""y"": 50.0, ""radius"": 5.0}]"
safety_margin_covariance,40,8.0,3,23.46,23.009,90.0,86.0,50.0,50.0,,,position_noise+confidence_error,,trust_weighted_fusion,move,covariance,2.5,1.0,,3,0,91.626,9.122,32.853,uav_2,9.122,False,False,False,False,False,1,"[{""id"": ""obstacle_0"", ""kind"": ""static_obstacle"", ""x"": 50.0, ""y"": 50.0, ""radius"": 5.0}]"
safety_margin_covariance,41,8.2,0,12.982,12.824,94.0,90.0,50.0,50.0,,,position_noise+confidence_error,,trust_weighted_fusion,move,covariance,2.5,1.0,,3,0,111.893,9.754,47.463,uav_2,9.754,False,False,False,False,False,1,"[{""id"": ""obstacle_0"", ""kind"": ""static_obstacle"", ""x"": 50.0, ""y"": 50.0, ""radius"": 5.0}]"
safety_margin_covariance,41,8.2,1,14.467,23.799,90.0,94.0,50.0,50.0,,,false_negative+position_noise+confidence_error,,trust_weighted_fusion,move,covariance,2.5,1.0,,2,0,103.118,9.212,39.148,uav_3,9.212,False,False,False,False,False,1,"[{""id"": ""obstacle_0"", ""kind"": ""static_obstacle"", ""x"": 50.0, ""y"": 50.0, ""radius"": 5.0}]"
safety_margin_covariance,41,8.2,2,22.645,14.152,86.0,90.0,50.0,50.0,,,false_negative+position_noise+confidence_error,,trust_weighted_fusion,move,covariance,2.5,1.0,,2,0,98.827,9.103,40.093,uav_3,9.103,False,False,False,False,False,1,"[{""id"": ""obstacle_0"", ""kind"": ""static_obstacle"", ""x"": 50.0, ""y"": 50.0, ""radius"": 5.0}]"
safety_margin_covariance,41,8.2,3,23.66,23.198,90.0,86.0,50.0,50.0,,,position_noise+confidence_error,,trust_weighted_fusion,move,covariance,2.5,1.0,,3,0,91.351,9.103,32.578,uav_2,9.103,False,False,False,False,False,1,"[{""id"": ""obstacle_0"", ""kind"": ""static_obstacle"", ""x"": 50.0, ""y"": 50.0, ""radius"": 5.0}]"
safety_margin_covariance,42,8.4,0,13.181,13.014,94.0,90.0,50.0,50.0,,,position_noise+confidence_error,,trust_weighted_fusion,move,covariance,2.5,1.0,,3,0,111.618,9.734,47.189,uav_2,9.734,False,False,False,False,False,1,"[{""id"": ""obstacle_0"", ""kind"": ""static_obstacle"", ""x"": 50.0, ""y"": 50.0, ""radius"": 5.0}]"
safety_margin_covariance,42,8.4,1,14.669,23.986,90.0,94.0,50.0,50.0,,,false_negative+position_noise+confidence_error,,trust_weighted_fusion,move,covariance,2.5,1.0,,2,0,102.843,9.21,38.875,uav_3,9.21,False,False,False,False,False,1,"[{""id"": ""obstacle_0"", ""kind"": ""static_obstacle"", ""x"": 50.0, ""y"": 50.0, ""radius"": 5.0}]"
safety_margin_covariance,42,8.4,2,22.821,14.363,86.0,90.0,50.0,50.0,,,false_negative+position_noise+confidence_error,,trust_weighted_fusion,move,covariance,2.5,1.0,,2,0,98.552,9.084,39.818,uav_3,9.084,False,False,False,False,False,1,"[{""id"": ""obstacle_0"", ""kind"": ""static_obstacle"", ""x"": 50.0, ""y"": 50.0, ""radius"": 5.0}]"
safety_margin_covariance,42,8.4,3,23.86,23.387,90.0,86.0,50.0,50.0,,,false_negative+position_noise+confidence_error,,trust_weighted_fusion,move,covariance,2.5,1.0,,1,0,91.076,9.084,32.304,uav_2,9.084,False,False,False,False,False,1,"[{""id"": ""obstacle_0"", ""kind"": ""static_obstacle"", ""x"": 50.0, ""y"": 50.0, ""radius"": 5.0}]"
safety_margin_covariance,43,8.6,0,13.38,13.203,94.0,90.0,50.0,50.0,,,false_negative+position_noise+confidence_error,,trust_weighted_fusion,move,covariance,2.5,1.0,,2,0,111.343,9.715,46.914,uav_2,9.715,False,False,False,False,False,1,"[{""id"": ""obstacle_0"", ""kind"": ""static_obstacle"", ""x"": 50.0, ""y"": 50.0, ""radius"": 5.0}]"
safety_margin_covariance,43,8.6,1,14.87,24.174,90.0,94.0,50.0,50.0,,,position_noise+confidence_error,,trust_weighted_fusion,move,covariance,2.5,1.0,,3,0,102.568,9.209,38.602,uav_3,9.209,False,False,False,False,False,1,"[{""id"": ""obstacle_0"", ""kind"": ""static_obstacle"", ""x"": 50.0, ""y"": 50.0, ""radius"": 5.0}]"
safety_margin_covariance,43,8.6,2,22.997,14.574,86.0,90.0,50.0,50.0,,,false_negative+position_noise+confidence_error,,trust_weighted_fusion,move,covariance,2.5,1.0,,1,0,98.277,9.064,39.543,uav_3,9.064,False,False,False,False,False,1,"[{""id"": ""obstacle_0"", ""kind"": ""static_obstacle"", ""x"": 50.0, ""y"": 50.0, ""radius"": 5.0}]"
safety_margin_covariance,43,8.6,3,24.059,23.576,90.0,86.0,50.0,50.0,,,position_noise+confidence_error,,trust_weighted_fusion,move,covariance,2.5,1.0,,3,0,90.801,9.064,32.029,uav_2,9.064,False,False,False,False,False,1,"[{""id"": ""obstacle_0"", ""kind"": ""static_obstacle"", ""x"": 50.0, ""y"": 50.0, ""radius"": 5.0}]"
safety_margin_covariance,44,8.8,0,13.579,13.393,94.0,90.0,50.0,50.0,,,false_negative+position_noise+confidence_error,,trust_weighted_fusion,move,covariance,2.5,1.0,,2,0,111.068,9.695,46.639,uav_2,9.695,False,False,False,False,False,1,"[{""id"": ""obstacle_0"", ""kind"": ""static_obstacle"", ""x"": 50.0, ""y"": 50.0, ""radius"": 5.0}]"
safety_margin_covariance,44,8.8,1,15.072,24.361,90.0,94.0,50.0,50.0,,,false_negative+position_noise+confidence_error,,trust_weighted_fusion,move,covariance,2.5,1.0,,1,0,102.293,9.207,38.328,uav_3,9.207,False,False,False,False,False,1,"[{""id"": ""obstacle_0"", ""kind"": ""static_obstacle"", ""x"": 50.0, ""y"": 50.0, ""radius"": 5.0}]"
safety_margin_covariance,44,8.8,2,23.174,14.785,86.0,90.0,50.0,50.0,,,false_negative+position_noise+confidence_error,,trust_weighted_fusion,move,covariance,2.5,1.0,,2,0,98.002,9.045,39.269,uav_3,9.045,False,False,False,False,False,1,"[{""id"": ""obstacle_0"", ""kind"": ""static_obstacle"", ""x"": 50.0, ""y"": 50.0, ""radius"": 5.0}]"
safety_margin_covariance,44,8.8,3,24.259,23.765,90.0,86.0,50.0,50.0,,,false_negative+position_noise+confidence_error,,trust_weighted_fusion,move,covariance,2.5,1.0,,1,0,90.526,9.045,31.754,uav_2,9.045,False,False,False,False,False,1,"[{""id"": ""obstacle_0"", ""kind"": ""static_obstacle"", ""x"": 50.0, ""y"": 50.0, ""radius"": 5.0}]"
safety_margin_covariance,45,9.0,0,13.778,13.583,94.0,90.0,50.0,50.0,,,false_negative+position_noise+confidence_error,,trust_weighted_fusion,move,covariance,2.5,1.0,,1,0,110.793,9.676,46.364,uav_2,9.676,False,False,False,False,False,1,"[{""id"": ""obstacle_0"", ""kind"": ""static_obstacle"", ""x"": 50.0, ""y"": 50.0, ""radius"": 5.0}]"
safety_margin_covariance,45,9.0,1,15.273,24.548,90.0,94.0,50.0,50.0,,,false_negative+position_noise+confidence_error,,trust_weighted_fusion,move,covariance,2.5,1.0,,2,0,102.018,9.205,38.055,uav_3,9.205,False,False,False,False,False,1,"[{""id"": ""obstacle_0"", ""kind"": ""static_obstacle"", ""x"": 50.0, ""y"": 50.0, ""radius"": 5.0}]"
safety_margin_covariance,45,9.0,2,23.35,14.996,86.0,90.0,50.0,50.0,,,false_negative+position_noise+confidence_error,,trust_weighted_fusion,move,covariance,2.5,1.0,,1,0,97.727,9.026,38.994,uav_3,9.026,False,False,False,False,False,1,"[{""id"": ""obstacle_0"", ""kind"": ""static_obstacle"", ""x"": 50.0, ""y"": 50.0, ""radius"": 5.0}]"
safety_margin_covariance,45,9.0,3,24.459,23.954,90.0,86.0,50.0,50.0,,,false_negative+position_noise+confidence_error,,trust_weighted_fusion,move,covariance,2.5,1.0,,2,0,90.251,9.026,31.479,uav_2,9.026,False,False,False,False,False,1,"[{""id"": ""obstacle_0"", ""kind"": ""static_obstacle"", ""x"": 50.0, ""y"": 50.0, ""radius"": 5.0}]"
safety_margin_covariance,46,9.2,0,14.068,13.858,94.0,90.0,50.0,50.0,,,false_negative+confidence_error,,trust_weighted_fusion,move,covariance,0.0,0.0,,0,0,110.393,9.554,45.964,uav_2,9.554,False,False,False,False,False,1,"[{""id"": ""obstacle_0"", ""kind"": ""static_obstacle"", ""x"": 50.0, ""y"": 50.0, ""radius"": 5.0}]"
safety_margin_covariance,46,9.2,1,15.475,24.735,90.0,94.0,50.0,50.0,,,position_noise+confidence_error,,trust_weighted_fusion,move,covariance,2.5,1.0,,3,0,101.743,9.203,37.782,uav_3,9.203,False,False,False,False,False,1,"[{""id"": ""obstacle_0"", ""kind"": ""static_obstacle"", ""x"": 50.0, ""y"": 50.0, ""radius"": 5.0}]"
safety_margin_covariance,46,9.2,2,23.526,15.207,86.0,90.0,50.0,50.0,,,false_negative+position_noise+confidence_error,,trust_weighted_fusion,move,covariance,2.5,1.0,,2,0,97.452,9.007,38.719,uav_3,9.007,False,False,False,False,False,1,"[{""id"": ""obstacle_0"", ""kind"": ""static_obstacle"", ""x"": 50.0, ""y"": 50.0, ""radius"": 5.0}]"
safety_margin_covariance,46,9.2,3,24.659,24.143,90.0,86.0,50.0,50.0,,,false_negative+position_noise+confidence_error,,trust_weighted_fusion,move,covariance,2.5,1.0,,1,0,89.976,9.007,31.204,uav_2,9.007,False,False,False,False,False,1,"[{""id"": ""obstacle_0"", ""kind"": ""static_obstacle"", ""x"": 50.0, ""y"": 50.0, ""radius"": 5.0}]"
safety_margin_covariance,47,9.4,0,14.267,14.048,94.0,90.0,50.0,50.0,,,false_negative+position_noise+confidence_error,,trust_weighted_fusion,move,covariance,2.5,1.0,,2,0,110.118,9.535,45.689,uav_2,9.535,False,False,False,False,False,1,"[{""id"": ""obstacle_0"", ""kind"": ""static_obstacle"", ""x"": 50.0, ""y"": 50.0, ""radius"": 5.0}]"
safety_margin_covariance,47,9.4,1,15.676,24.922,90.0,94.0,50.0,50.0,,,false_negative+position_noise+confidence_error,,trust_weighted_fusion,move,covariance,2.5,1.0,,1,0,101.468,9.201,37.509,uav_3,9.201,False,False,False,False,False,1,"[{""id"": ""obstacle_0"", ""kind"": ""static_obstacle"", ""x"": 50.0, ""y"": 50.0, ""radius"": 5.0}]"
safety_margin_covariance,47,9.4,2,23.703,15.419,86.0,90.0,50.0,50.0,,,false_negative+position_noise+confidence_error,,trust_weighted_fusion,move,covariance,2.5,1.0,,2,0,97.177,8.989,38.445,uav_3,8.989,False,False,False,False,False,1,"[{""id"": ""obstacle_0"", ""kind"": ""static_obstacle"", ""x"": 50.0, ""y"": 50.0, ""radius"": 5.0}]"
safety_margin_covariance,47,9.4,3,24.858,24.332,90.0,86.0,50.0,50.0,,,false_negative+position_noise+confidence_error,,trust_weighted_fusion,move,covariance,2.5,1.0,,2,0,89.701,8.989,30.929,uav_2,8.989,False,False,False,False,False,1,"[{""id"": ""obstacle_0"", ""kind"": ""static_obstacle"", ""x"": 50.0, ""y"": 50.0, ""radius"": 5.0}]"
safety_margin_covariance,48,9.6,0,14.466,14.238,94.0,90.0,50.0,50.0,,,position_noise+confidence_error,,trust_weighted_fusion,move,covariance,2.5,1.0,,3,0,109.843,9.515,45.414,uav_2,9.515,False,False,False,False,False,1,"[{""id"": ""obstacle_0"", ""kind"": ""static_obstacle"", ""x"": 50.0, ""y"": 50.0, ""radius"": 5.0}]"
safety_margin_covariance,48,9.6,1,15.877,25.11,90.0,94.0,50.0,50.0,,,false_negative+position_noise+confidence_error,,trust_weighted_fusion,move,covariance,2.5,1.0,,2,0,101.193,9.199,37.236,uav_3,9.199,False,False,False,False,False,1,"[{""id"": ""obstacle_0"", ""kind"": ""static_obstacle"", ""x"": 50.0, ""y"": 50.0, ""radius"": 5.0}]"
safety_margin_covariance,48,9.6,2,23.879,15.63,86.0,90.0,50.0,50.0,,,false_negative+position_noise+confidence_error,,trust_weighted_fusion,move,covariance,2.5,1.0,,1,0,96.902,8.97,38.17,uav_3,8.97,False,False,False,False,False,1,"[{""id"": ""obstacle_0"", ""kind"": ""static_obstacle"", ""x"": 50.0, ""y"": 50.0, ""radius"": 5.0}]"
safety_margin_covariance,48,9.6,3,25.058,24.522,90.0,86.0,50.0,50.0,,,false_negative+position_noise+confidence_error,,trust_weighted_fusion,move,covariance,2.5,1.0,,1,0,89.426,8.97,30.655,uav_2,8.97,False,False,False,False,False,1,"[{""id"": ""obstacle_0"", ""kind"": ""static_obstacle"", ""x"": 50.0, ""y"": 50.0, ""radius"": 5.0}]"
safety_margin_covariance,49,9.8,0,14.665,14.427,94.0,90.0,50.0,50.0,,,position_noise+confidence_error,,trust_weighted_fusion,move,covariance,2.5,1.0,,3,0,109.568,9.496,45.139,uav_2,9.496,False,False,False,False,False,1,"[{""id"": ""obstacle_0"", ""kind"": ""static_obstacle"", ""x"": 50.0, ""y"": 50.0, ""radius"": 5.0}]"
safety_margin_covariance,49,9.8,1,16.17,25.382,90.0,94.0,50.0,50.0,,,false_negative+confidence_error,,trust_weighted_fusion,move,covariance,0.0,0.0,,0,0,100.793,9.112,36.839,uav_3,9.112,False,False,False,False,False,1,"[{""id"": ""obstacle_0"", ""kind"": ""static_obstacle"", ""x"": 50.0, ""y"": 50.0, ""radius"": 5.0}]"
safety_margin_covariance,49,9.8,2,24.055,15.841,86.0,90.0,50.0,50.0,,,false_negative+position_noise+confidence_error,,trust_weighted_fusion,move,covariance,2.5,1.0,,2,0,96.627,8.951,37.895,uav_3,8.951,False,False,False,False,False,1,"[{""id"": ""obstacle_0"", ""kind"": ""static_obstacle"", ""x"": 50.0, ""y"": 50.0, ""radius"": 5.0}]"
safety_margin_covariance,49,9.8,3,25.258,24.711,90.0,86.0,50.0,50.0,,,false_negative+position_noise+confidence_error,,trust_weighted_fusion,move,covariance,2.5,1.0,,1,0,89.151,8.951,30.38,uav_2,8.951,False,False,False,False,False,1,"[{""id"": ""obstacle_0"", ""kind"": ""static_obstacle"", ""x"": 50.0, ""y"": 50.0, ""radius"": 5.0}]"
safety_margin_covariance,50,10.0,0,14.864,14.617,94.0,90.0,50.0,50.0,,,position_noise+confidence_error,,trust_weighted_fusion,move,covariance,2.5,1.0,,3,0,109.293,9.476,44.864,uav_2,9.476,False,False,False,False,False,1,"[{""id"": ""obstacle_0"", ""kind"": ""static_obstacle"", ""x"": 50.0, ""y"": 50.0, ""radius"": 5.0}]"
safety_margin_covariance,50,10.0,1,16.463,25.654,90.0,94.0,50.0,50.0,,,false_negative+confidence_error,,trust_weighted_fusion,move,covariance,0.0,0.0,,0,0,100.393,9.034,36.442,uav_3,9.034,False,False,False,False,False,1,"[{""id"": ""obstacle_0"", ""kind"": ""static_obstacle"", ""x"": 50.0, ""y"": 50.0, ""radius"": 5.0}]"
safety_margin_covariance,50,10.0,2,24.231,16.052,86.0,90.0,50.0,50.0,,,position_noise+confidence_error,,trust_weighted_fusion,move,covariance,2.5,1.0,,3,0,96.352,8.925,37.62,uav_3,8.925,False,False,False,False,False,1,"[{""id"": ""obstacle_0"", ""kind"": ""static_obstacle"", ""x"": 50.0, ""y"": 50.0, ""radius"": 5.0}]"
safety_margin_covariance,50,10.0,3,25.465,24.891,90.0,86.0,50.0,50.0,,,position_noise+confidence_error,,trust_weighted_fusion,avoidance,covariance,2.5,1.0,,3,0,88.877,8.925,30.106,uav_2,8.925,False,False,False,False,False,1,"[{""id"": ""obstacle_0"", ""kind"": ""static_obstacle"", ""x"": 50.0, ""y"": 50.0, ""radius"": 5.0}]"
safety_margin_covariance,51,10.2,0,15.063,14.807,94.0,90.0,50.0,50.0,,,false_negative+position_noise+confidence_error,,trust_weighted_fusion,move,covariance,2.5,1.0,,2,0,109.018,9.457,44.59,uav_2,9.457,False,False,False,False,False,1,"[{""id"": ""obstacle_0"", ""kind"": ""static_obstacle"", ""x"": 50.0, ""y"": 50.0, ""radius"": 5.0}]"
safety_margin_covariance,51,10.2,1,16.665,25.841,90.0,94.0,50.0,50.0,,,position_noise+confidence_error,,trust_weighted_fusion,move,covariance,2.5,1.0,,3,0,100.118,9.032,36.169,uav_3,9.032,False,False,False,False,False,1,"[{""id"": ""obstacle_0"", ""kind"": ""static_obstacle"", ""x"": 50.0, ""y"": 50.0, ""radius"": 5.0}]"
safety_margin_covariance,51,10.2,2,24.408,16.263,86.0,90.0,50.0,50.0,,,position_noise+confidence_error,,trust_weighted_fusion,move,covariance,2.5,1.0,,3,0,96.077,8.906,37.346,uav_3,8.906,False,False,False,False,False,1,"[{""id"": ""obstacle_0"", ""kind"": ""static_obstacle"", ""x"": 50.0, ""y"": 50.0, ""radius"": 5.0}]"
safety_margin_covariance,51,10.2,3,25.665,25.08,90.0,86.0,50.0,50.0,,,false_negative+position_noise+confidence_error,,trust_weighted_fusion,move,covariance,2.5,1.0,,2,0,88.602,8.906,29.831,uav_2,8.906,False,False,False,False,False,1,"[{""id"": ""obstacle_0"", ""kind"": ""static_obstacle"", ""x"": 50.0, ""y"": 50.0, ""radius"": 5.0}]"
safety_margin_covariance,52,10.4,0,15.263,14.997,94.0,90.0,50.0,50.0,,,false_negative+position_noise+confidence_error,,trust_weighted_fusion,move,covariance,2.5,1.0,,2,0,108.743,9.438,44.315,uav_2,9.438,False,False,False,False,False,1,"[{""id"": ""obstacle_0"", ""kind"": ""static_obstacle"", ""x"": 50.0, ""y"": 50.0, ""radius"": 5.0}]"
safety_margin_covariance,52,10.4,1,16.866,26.029,90.0,94.0,50.0,50.0,,,false_negative+position_noise+confidence_error,,trust_weighted_fusion,move,covariance,2.5,1.0,,2,0,99.843,9.103,35.896,uav_3,9.103,False,False,False,False,False,1,"[{""id"": ""obstacle_0"", ""kind"": ""static_obstacle"", ""x"": 50.0, ""y"": 50.0, ""radius"": 5.0}]"
safety_margin_covariance,52,10.4,2,24.584,16.474,86.0,90.0,50.0,50.0,,,false_negative+position_noise+confidence_error,,trust_weighted_fusion,move,covariance,2.5,1.0,,2,0,95.802,8.791,37.071,uav_3,8.791,False,False,False,False,False,1,"[{""id"": ""obstacle_0"", ""kind"": ""static_obstacle"", ""x"": 50.0, ""y"": 50.0, ""radius"": 5.0}]"
safety_margin_covariance,52,10.4,3,25.928,25.161,90.0,86.0,50.0,50.0,,,position_noise+confidence_error,,trust_weighted_fusion,avoidance,covariance,2.5,1.0,,3,0,88.355,8.791,29.59,uav_2,8.791,False,False,False,False,False,1,"[{""id"": ""obstacle_0"", ""kind"": ""static_obstacle"", ""x"": 50.0, ""y"": 50.0, ""radius"": 5.0}]"
safety_margin_covariance,53,10.6,0,15.462,15.186,94.0,90.0,50.0,50.0,,,false_negative+position_noise+confidence_error,,trust_weighted_fusion,move,covariance,2.5,1.0,,1,0,108.468,9.419,44.04,uav_2,9.419,False,False,False,False,False,1,"[{""id"": ""obstacle_0"", ""kind"": ""static_obstacle"", ""x"": 50.0, ""y"": 50.0, ""radius"": 5.0}]"
safety_margin_covariance,53,10.6,1,17.068,26.216,90.0,94.0,50.0,50.0,,,false_negative+position_noise+confidence_error,,trust_weighted_fusion,move,covariance,2.5,1.0,,1,0,99.568,9.101,35.623,uav_3,9.101,False,False,False,False,False,1,"[{""id"": ""obstacle_0"", ""kind"": ""static_obstacle"", ""x"": 50.0, ""y"": 50.0, ""radius"": 5.0}]"
safety_margin_covariance,53,10.6,2,24.76,16.685,86.0,90.0,50.0,50.0,,,false_negative+position_noise+confidence_error,,trust_weighted_fusion,move,covariance,2.5,1.0,,1,0,95.527,8.773,36.796,uav_3,8.773,False,False,False,False,False,1,"[{""id"": ""obstacle_0"", ""kind"": ""static_obstacle"", ""x"": 50.0, ""y"": 50.0, ""radius"": 5.0}]"
safety_margin_covariance,53,10.6,3,26.127,25.351,90.0,86.0,50.0,50.0,,,false_negative+position_noise+confidence_error,,trust_weighted_fusion,move,covariance,2.5,1.0,,2,0,88.08,8.773,29.315,uav_2,8.773,False,False,False,False,False,1,"[{""id"": ""obstacle_0"", ""kind"": ""static_obstacle"", ""x"": 50.0, ""y"": 50.0, ""radius"": 5.0}]"
safety_margin_covariance,54,10.8,0,15.661,15.376,94.0,90.0,50.0,50.0,,,position_noise+confidence_error,,trust_weighted_fusion,move,covariance,2.5,1.0,,3,0,108.193,9.4,43.765,uav_2,9.4,False,False,False,False,False,1,"[{""id"": ""obstacle_0"", ""kind"": ""static_obstacle"", ""x"": 50.0, ""y"": 50.0, ""radius"": 5.0}]"
safety_margin_covariance,54,10.8,1,17.269,26.403,90.0,94.0,50.0,50.0,,,false_negative+position_noise+confidence_error,,trust_weighted_fusion,move,covariance,2.5,1.0,,2,0,99.293,9.181,35.35,uav_3,9.181,False,False,False,False,False,1,"[{""id"": ""obstacle_0"", ""kind"": ""static_obstacle"", ""x"": 50.0, ""y"": 50.0, ""radius"": 5.0}]"
safety_margin_covariance,54,10.8,2,24.937,16.896,86.0,90.0,50.0,50.0,,,false_negative+position_noise+confidence_error,,trust_weighted_fusion,move,covariance,2.5,1.0,,2,0,95.252,8.855,36.522,uav_3,8.855,False,False,False,False,False,1,"[{""id"": ""obstacle_0"", ""kind"": ""static_obstacle"", ""x"": 50.0, ""y"": 50.0, ""radius"": 5.0}]"
safety_margin_covariance,54,10.8,3,26.417,25.626,90.0,86.0,50.0,50.0,,,false_negative+confidence_error,,trust_weighted_fusion,move,covariance,0.0,0.0,,0,0,87.68,8.855,28.915,uav_2,8.855,False,False,False,False,False,1,"[{""id"": ""obstacle_0"", ""kind"": ""static_obstacle"", ""x"": 50.0, ""y"": 50.0, ""radius"": 5.0}]"
safety_margin_covariance,55,11.0,0,15.86,15.566,94.0,90.0,50.0,50.0,,,position_noise+confidence_error,,trust_weighted_fusion,move,covariance,2.5,1.0,,3,0,107.918,9.381,43.49,uav_2,9.381,False,False,False,False,False,1,"[{""id"": ""obstacle_0"", ""kind"": ""static_obstacle"", ""x"": 50.0, ""y"": 50.0, ""radius"": 5.0}]"
safety_margin_covariance,55,11.0,1,17.471,26.59,90.0,94.0,50.0,50.0,,,false_negative+position_noise+confidence_error,,trust_weighted_fusion,move,covariance,2.5,1.0,,2,0,99.018,9.179,35.077,uav_3,9.179,False,False,False,False,False,1,"[{""id"": ""obstacle_0"", ""kind"": ""static_obstacle"", ""x"": 50.0, ""y"": 50.0, ""radius"": 5.0}]"
safety_margin_covariance,55,11.0,2,25.113,17.107,86.0,90.0,50.0,50.0,,,false_negative+position_noise+confidence_error,,trust_weighted_fusion,move,covariance,2.5,1.0,,2,0,94.977,8.837,36.247,uav_3,8.837,False,False,False,False,False,1,"[{""id"": ""obstacle_0"", ""kind"": ""static_obstacle"", ""x"": 50.0, ""y"": 50.0, ""radius"": 5.0}]"
safety_margin_covariance,55,11.0,3,26.617,25.815,90.0,86.0,50.0,50.0,,,false_negative+position_noise+confidence_error,,trust_weighted_fusion,move,covariance,2.5,1.0,,2,0,87.405,8.837,28.64,uav_2,8.837,False,False,False,False,False,1,"[{""id"": ""obstacle_0"", ""kind"": ""static_obstacle"", ""x"": 50.0, ""y"": 50.0, ""radius"": 5.0}]"
safety_margin_covariance,56,11.2,0,16.059,15.755,94.0,90.0,50.0,50.0,,,position_noise+confidence_error,,trust_weighted_fusion,move,covariance,2.5,1.0,,3,0,107.643,9.362,43.215,uav_2,9.362,False,False,False,False,False,1,"[{""id"": ""obstacle_0"", ""kind"": ""static_obstacle"", ""x"": 50.0, ""y"": 50.0, ""radius"": 5.0}]"
safety_margin_covariance,56,11.2,1,17.672,26.778,90.0,94.0,50.0,50.0,,,false_negative+position_noise+confidence_error,,trust_weighted_fusion,move,covariance,2.5,1.0,,1,0,98.743,9.177,34.804,uav_3,9.177,False,False,False,False,False,1,"[{""id"": ""obstacle_0"", ""kind"": ""static_obstacle"", ""x"": 50.0, ""y"": 50.0, ""radius"": 5.0}]"
safety_margin_covariance,56,11.2,2,25.289,17.318,86.0,90.0,50.0,50.0,,,false_negative+position_noise+confidence_error,,trust_weighted_fusion,move,covariance,2.5,1.0,,2,0,94.702,8.82,35.972,uav_3,8.82,False,False,False,False,False,1,"[{""id"": ""obstacle_0"", ""kind"": ""static_obstacle"", ""x"": 50.0, ""y"": 50.0, ""radius"": 5.0}]"
safety_margin_covariance,56,11.2,3,26.816,26.005,90.0,86.0,50.0,50.0,,,false_negative+position_noise+confidence_error,,trust_weighted_fusion,move,covariance,2.5,1.0,,1,0,87.13,8.82,28.366,uav_2,8.82,False,False,False,False,False,1,"[{""id"": ""obstacle_0"", ""kind"": ""static_obstacle"", ""x"": 50.0, ""y"": 50.0, ""radius"": 5.0}]"
safety_margin_covariance,57,11.4,0,16.258,15.945,94.0,90.0,50.0,50.0,,,position_noise+confidence_error,,trust_weighted_fusion,move,covariance,2.5,1.0,,3,0,107.368,9.343,42.94,uav_2,9.343,False,False,False,False,False,1,"[{""id"": ""obstacle_0"", ""kind"": ""static_obstacle"", ""x"": 50.0, ""y"": 50.0, ""radius"": 5.0}]"
safety_margin_covariance,57,11.4,1,17.965,27.05,90.0,94.0,50.0,50.0,,,dropout+confidence_error,,trust_weighted_fusion,move,covariance,0.0,0.0,,0,0,98.343,9.091,34.407,uav_3,9.091,False,False,False,False,False,1,"[{""id"": ""obstacle_0"", ""kind"": ""static_obstacle"", ""x"": 50.0, ""y"": 50.0, ""radius"": 5.0}]"
safety_margin_covariance,57,11.4,2,25.466,17.529,86.0,90.0,50.0,50.0,,,false_negative+position_noise+confidence_error,,trust_weighted_fusion,move,covariance,2.5,1.0,,1,0,94.427,8.803,35.698,uav_3,8.803,False,False,False,False,False,1,"[{""id"": ""obstacle_0"", ""kind"": ""static_obstacle"", ""x"": 50.0, ""y"": 50.0, ""radius"": 5.0}]"
safety_margin_covariance,57,11.4,3,27.016,26.194,90.0,86.0,50.0,50.0,,,false_negative+position_noise+confidence_error,,trust_weighted_fusion,move,covariance,2.5,1.0,,2,0,86.855,8.803,28.091,uav_2,8.803,False,False,False,False,False,1,"[{""id"": ""obstacle_0"", ""kind"": ""static_obstacle"", ""x"": 50.0, ""y"": 50.0, ""radius"": 5.0}]"
safety_margin_covariance,58,11.6,0,16.457,16.135,94.0,90.0,50.0,50.0,,,false_negative+position_noise+confidence_error,,trust_weighted_fusion,move,covariance,2.5,1.0,,2,0,107.093,9.324,42.665,uav_2,9.324,False,False,False,False,False,1,"[{""id"": ""obstacle_0"", ""kind"": ""static_obstacle"", ""x"": 50.0, ""y"": 50.0, ""radius"": 5.0}]"
safety_margin_covariance,58,11.6,1,18.258,27.322,90.0,94.0,50.0,50.0,,,dropout+confidence_error,,trust_weighted_fusion,move,covariance,0.0,0.0,,0,0,97.943,9.088,34.011,uav_3,9.088,False,False,False,False,False,1,"[{""id"": ""obstacle_0"", ""kind"": ""static_obstacle"", ""x"": 50.0, ""y"": 50.0, ""radius"": 5.0}]"
safety_margin_covariance,58,11.6,2,25.642,17.74,86.0,90.0,50.0,50.0,,,false_negative+position_noise+confidence_error,,trust_weighted_fusion,move,covariance,2.5,1.0,,1,0,94.152,8.887,35.423,uav_3,8.887,False,False,False,False,False,1,"[{""id"": ""obstacle_0"", ""kind"": ""static_obstacle"", ""x"": 50.0, ""y"": 50.0, ""radius"": 5.0}]"
safety_margin_covariance,58,11.6,3,27.306,26.47,90.0,86.0,50.0,50.0,,,false_negative+confidence_error,,trust_weighted_fusion,move,covariance,0.0,0.0,,0,0,86.455,8.887,27.691,uav_2,8.887,False,False,False,False,False,1,"[{""id"": ""obstacle_0"", ""kind"": ""static_obstacle"", ""x"": 50.0, ""y"": 50.0, ""radius"": 5.0}]"
safety_margin_covariance,59,11.8,0,16.656,16.324,94.0,90.0,50.0,50.0,,,false_negative+position_noise+confidence_error,,trust_weighted_fusion,move,covariance,2.5,1.0,,1,0,106.818,9.305,42.39,uav_2,9.305,False,False,False,False,False,1,"[{""id"": ""obstacle_0"", ""kind"": ""static_obstacle"", ""x"": 50.0, ""y"": 50.0, ""radius"": 5.0}]"
safety_margin_covariance,59,11.8,1,18.551,27.594,90.0,94.0,50.0,50.0,,,dropout+confidence_error,,trust_weighted_fusion,move,covariance,0.0,0.0,,0,0,97.543,9.003,33.614,uav_3,9.003,False,False,False,False,False,1,"[{""id"": ""obstacle_0"", ""kind"": ""static_obstacle"", ""x"": 50.0, ""y"": 50.0, ""radius"": 5.0}]"
safety_margin_covariance,59,11.8,2,25.818,17.951,86.0,90.0,50.0,50.0,,,position_noise+confidence_error,,trust_weighted_fusion,move,covariance,2.5,1.0,,3,0,93.877,8.87,35.148,uav_3,8.87,False,False,False,False,False,1,"[{""id"": ""obstacle_0"", ""kind"": ""static_obstacle"", ""x"": 50.0, ""y"": 50.0, ""radius"": 5.0}]"
safety_margin_covariance,59,11.8,3,27.505,26.659,90.0,86.0,50.0,50.0,,,false_negative+position_noise+confidence_error,,trust_weighted_fusion,move,covariance,2.5,1.0,,2,0,86.18,8.87,27.417,uav_2,8.87,False,False,False,False,False,1,"[{""id"": ""obstacle_0"", ""kind"": ""static_obstacle"", ""x"": 50.0, ""y"": 50.0, ""radius"": 5.0}]"
safety_margin_covariance,60,12.0,0,16.426,16.174,94.0,90.0,50.0,50.0,,,false_negative+position_noise+confidence_error,,trust_weighted_fusion,avoidance,covariance,2.5,1.0,,2,0,107.089,9.773,42.659,uav_2,9.773,False,False,False,False,False,1,"[{""id"": ""obstacle_0"", ""kind"": ""static_obstacle"", ""x"": 50.0, ""y"": 50.0, ""radius"": 5.0}]"
safety_margin_covariance,60,12.0,1,18.844,27.867,90.0,94.0,50.0,50.0,,,dropout+confidence_error,,trust_weighted_fusion,move,covariance,0.0,0.0,,0,0,97.143,8.919,33.217,uav_3,8.919,False,False,False,False,False,1,"[{""id"": ""obstacle_0"", ""kind"": ""static_obstacle"", ""x"": 50.0, ""y"": 50.0, ""radius"": 5.0}]"
safety_margin_covariance,60,12.0,2,25.994,18.162,86.0,90.0,50.0,50.0,,,position_noise+confidence_error,,trust_weighted_fusion,move,covariance,2.5,1.0,,3,0,93.602,8.853,34.874,uav_3,8.853,False,False,False,False,False,1,"[{""id"": ""obstacle_0"", ""kind"": ""static_obstacle"", ""x"": 50.0, ""y"": 50.0, ""radius"": 5.0}]"
safety_margin_covariance,60,12.0,3,27.704,26.848,90.0,86.0,50.0,50.0,,,false_negative+position_noise+confidence_error,,trust_weighted_fusion,move,covariance,2.5,1.0,,1,0,85.905,8.853,27.142,uav_2,8.853,False,False,False,False,False,1,"[{""id"": ""obstacle_0"", ""kind"": ""static_obstacle"", ""x"": 50.0, ""y"": 50.0, ""radius"": 5.0}]"
safety_margin_covariance,61,12.2,0,16.625,16.363,94.0,90.0,50.0,50.0,,,position_noise+confidence_error,,trust_weighted_fusion,move,covariance,2.5,1.0,,2,0,106.814,9.755,42.384,uav_2,9.755,False,False,False,False,False,1,"[{""id"": ""obstacle_0"", ""kind"": ""static_obstacle"", ""x"": 50.0, ""y"": 50.0, ""radius"": 5.0}]"
safety_margin_covariance,61,12.2,1,19.137,28.139,90.0,94.0,50.0,50.0,,,dropout+confidence_error,,trust_weighted_fusion,move,covariance,0.0,0.0,,0,0,96.743,8.836,32.821,uav_3,8.836,False,False,False,False,False,1,"[{""id"": ""obstacle_0"", ""kind"": ""static_obstacle"", ""x"": 50.0, ""y"": 50.0, ""radius"": 5.0}]"
safety_margin_covariance,61,12.2,2,26.171,18.373,86.0,90.0,50.0,50.0,,,false_negative+position_noise+confidence_error,,trust_weighted_fusion,move,covariance,2.5,1.0,,2,0,93.327,8.836,34.599,uav_3,8.836,False,False,False,False,False,1,"[{""id"": ""obstacle_0"", ""kind"": ""static_obstacle"", ""x"": 50.0, ""y"": 50.0, ""radius"": 5.0}]"
safety_margin_covariance,61,12.2,3,27.904,27.038,90.0,86.0,50.0,50.0,,,false_negative+position_noise+confidence_error,,trust_weighted_fusion,move,covariance,2.5,1.0,,1,0,85.63,8.836,26.867,uav_1,8.836,False,False,False,False,False,1,"[{""id"": ""obstacle_0"", ""kind"": ""static_obstacle"", ""x"": 50.0, ""y"": 50.0, ""radius"": 5.0}]"
safety_margin_covariance,62,12.4,0,16.825,16.553,94.0,90.0,50.0,50.0,,,position_noise+confidence_error,,trust_weighted_fusion,move,covariance,2.5,1.0,,2,0,106.539,9.737,42.11,uav_2,9.737,False,False,False,False,False,1,"[{""id"": ""obstacle_0"", ""kind"": ""static_obstacle"", ""x"": 50.0, ""y"": 50.0, ""radius"": 5.0}]"
safety_margin_covariance,62,12.4,1,19.338,28.326,90.0,94.0,50.0,50.0,,,false_negative+position_noise+confidence_error,,trust_weighted_fusion,move,covariance,2.5,1.0,,2,0,96.468,8.834,32.548,uav_3,8.834,False,False,False,False,False,1,"[{""id"": ""obstacle_0"", ""kind"": ""static_obstacle"", ""x"": 50.0, ""y"": 50.0, ""radius"": 5.0}]"
safety_margin_covariance,62,12.4,2,26.347,18.584,86.0,90.0,50.0,50.0,,,position_noise+confidence_error,,trust_weighted_fusion,move,covariance,2.5,1.0,,3,0,93.052,8.819,34.324,uav_3,8.819,False,False,False,False,False,1,"[{""id"": ""obstacle_0"", ""kind"": ""static_obstacle"", ""x"": 50.0, ""y"": 50.0, ""radius"": 5.0}]"
safety_margin_covariance,62,12.4,3,28.103,27.227,90.0,86.0,50.0,50.0,,,position_noise+confidence_error,,trust_weighted_fusion,move,covariance,2.5,1.0,,2,0,85.355,8.819,26.592,uav_2,8.819,False,False,False,False,False,1,"[{""id"": ""obstacle_0"", ""kind"": ""static_obstacle"", ""x"": 50.0, ""y"": 50.0, ""radius"": 5.0}]"
safety_margin_covariance,63,12.6,0,17.114,16.829,94.0,90.0,50.0,50.0,,,false_negative+confidence_error,,trust_weighted_fusion,move,covariance,0.0,0.0,,0,0,106.139,9.612,41.71,uav_2,9.612,False,False,False,False,False,1,"[{""id"": ""obstacle_0"", ""kind"": ""static_obstacle"", ""x"": 50.0, ""y"": 50.0, ""radius"": 5.0}]"
safety_margin_covariance,63,12.6,1,19.54,28.514,90.0,94.0,50.0,50.0,,,position_noise+confidence_error,,trust_weighted_fusion,move,covariance,2.5,1.0,,3,0,96.193,8.831,32.276,uav_3,8.831,False,False,False,False,False,1,"[{""id"": ""obstacle_0"", ""kind"": ""static_obstacle"", ""x"": 50.0, ""y"": 50.0, ""radius"": 5.0}]"
safety_margin_covariance,63,12.6,2,26.523,18.795,86.0,90.0,50.0,50.0,,,false_negative+position_noise+confidence_error,,trust_weighted_fusion,move,covariance,2.5,1.0,,1,0,92.777,8.803,34.05,uav_3,8.803,False,False,False,False,False,1,"[{""id"": ""obstacle_0"", ""kind"": ""static_obstacle"", ""x"": 50.0, ""y"": 50.0, ""radius"": 5.0}]"
safety_margin_covariance,63,12.6,3,28.303,27.416,90.0,86.0,50.0,50.0,,,position_noise+confidence_error,,trust_weighted_fusion,move,covariance,2.5,1.0,,2,0,85.08,8.803,26.318,uav_2,8.803,False,False,False,False,False,1,"[{""id"": ""obstacle_0"", ""kind"": ""static_obstacle"", ""x"": 50.0, ""y"": 50.0, ""radius"": 5.0}]"
safety_margin_covariance,64,12.8,0,17.314,17.018,94.0,90.0,50.0,50.0,,,position_noise+confidence_error,,trust_weighted_fusion,move,covariance,2.5,1.0,,2,0,105.864,9.594,41.435,uav_2,9.594,False,False,False,False,False,1,"[{""id"": ""obstacle_0"", ""kind"": ""static_obstacle"", ""x"": 50.0, ""y"": 50.0, ""radius"": 5.0}]"
safety_margin_covariance,64,12.8,1,19.741,28.701,90.0,94.0,50.0,50.0,,,position_noise+confidence_error,,trust_weighted_fusion,move,covariance,2.5,1.0,,3,0,95.918,8.829,32.003,uav_3,8.829,False,False,False,False,False,1,"[{""id"": ""obstacle_0"", ""kind"": ""static_obstacle"", ""x"": 50.0, ""y"": 50.0, ""radius"": 5.0}]"
safety_margin_covariance,64,12.8,2,26.7,19.007,86.0,90.0,50.0,50.0,,,false_negative+position_noise+confidence_error,,trust_weighted_fusion,move,covariance,2.5,1.0,,1,0,92.502,8.786,33.775,uav_3,8.786,False,False,False,False,False,1,"[{""id"": ""obstacle_0"", ""kind"": ""static_obstacle"", ""x"": 50.0, ""y"": 50.0, ""radius"": 5.0}]"
safety_margin_covariance,64,12.8,3,28.502,27.606,90.0,86.0,50.0,50.0,,,position_noise+confidence_error,,trust_weighted_fusion,move,covariance,2.5,1.0,,2,0,84.805,8.786,26.043,uav_2,8.786,False,False,False,False,False,1,"[{""id"": ""obstacle_0"", ""kind"": ""static_obstacle"", ""x"": 50.0, ""y"": 50.0, ""radius"": 5.0}]"
safety_margin_covariance,65,13.0,0,17.513,17.208,94.0,90.0,50.0,50.0,,,false_negative+position_noise+confidence_error,,trust_weighted_fusion,move,covariance,2.5,1.0,,1,0,105.589,9.576,41.16,uav_2,9.576,False,False,False,False,False,1,"[{""id"": ""obstacle_0"", ""kind"": ""static_obstacle"", ""x"": 50.0, ""y"": 50.0, ""radius"": 5.0}]"
safety_margin_covariance,65,13.0,1,19.943,28.888,90.0,94.0,50.0,50.0,,,position_noise+confidence_error,,trust_weighted_fusion,move,covariance,2.5,1.0,,3,0,95.643,8.827,31.731,uav_3,8.827,False,False,False,False,False,1,"[{""id"": ""obstacle_0"", ""kind"": ""static_obstacle"", ""x"": 50.0, ""y"": 50.0, ""radius"": 5.0}]"
safety_margin_covariance,65,13.0,2,26.876,19.218,86.0,90.0,50.0,50.0,,,false_negative+position_noise+confidence_error,,trust_weighted_fusion,move,covariance,2.5,1.0,,1,0,92.227,8.77,33.5,uav_3,8.77,False,False,False,False,False,1,"[{""id"": ""obstacle_0"", ""kind"": ""static_obstacle"", ""x"": 50.0, ""y"": 50.0, ""radius"": 5.0}]"
safety_margin_covariance,65,13.0,3,28.702,27.795,90.0,86.0,50.0,50.0,,,false_negative+position_noise+confidence_error,,trust_weighted_fusion,move,covariance,2.5,1.0,,1,0,84.53,8.77,25.768,uav_2,8.77,False,False,False,False,False,1,"[{""id"": ""obstacle_0"", ""kind"": ""static_obstacle"", ""x"": 50.0, ""y"": 50.0, ""radius"": 5.0}]"
safety_margin_covariance,66,13.2,0,17.712,17.397,94.0,90.0,50.0,50.0,,,false_negative+position_noise+confidence_error,,trust_weighted_fusion,move,covariance,2.5,1.0,,1,0,105.314,9.558,40.885,uav_2,9.558,False,False,False,False,False,1,"[{""id"": ""obstacle_0"", ""kind"": ""static_obstacle"", ""x"": 50.0, ""y"": 50.0, ""radius"": 5.0}]"
safety_margin_covariance,66,13.2,1,20.144,29.075,90.0,94.0,50.0,50.0,,,false_negative+position_noise+confidence_error,,trust_weighted_fusion,move,covariance,2.5,1.0,,2,0,95.368,8.824,31.458,uav_3,8.824,False,False,False,False,False,1,"[{""id"": ""obstacle_0"", ""kind"": ""static_obstacle"", ""x"": 50.0, ""y"": 50.0, ""radius"": 5.0}]"
safety_margin_covariance,66,13.2,2,27.052,19.429,86.0,90.0,50.0,50.0,,,false_negative+position_noise+confidence_error,,trust_weighted_fusion,move,covariance,2.5,1.0,,1,0,91.952,8.753,33.226,uav_3,8.753,False,False,False,False,False,1,"[{""id"": ""obstacle_0"", ""kind"": ""static_obstacle"", ""x"": 50.0, ""y"": 50.0, ""radius"": 5.0}]"
safety_margin_covariance,66,13.2,3,28.901,27.984,90.0,86.0,50.0,50.0,,,position_noise+confidence_error,,trust_weighted_fusion,move,covariance,2.5,1.0,,2,0,84.255,8.753,25.494,uav_2,8.753,False,False,False,False,False,1,"[{""id"": ""obstacle_0"", ""kind"": ""static_obstacle"", ""x"": 50.0, ""y"": 50.0, ""radius"": 5.0}]"
safety_margin_covariance,67,13.4,0,17.911,17.587,94.0,90.0,50.0,50.0,,,false_negative+position_noise+confidence_error,,trust_weighted_fusion,move,covariance,2.5,1.0,,1,0,105.039,9.541,40.61,uav_2,9.541,False,False,False,False,False,1,"[{""id"": ""obstacle_0"", ""kind"": ""static_obstacle"", ""x"": 50.0, ""y"": 50.0, ""radius"": 5.0}]"
safety_margin_covariance,67,13.4,1,20.346,29.262,90.0,94.0,50.0,50.0,,,false_negative+position_noise+confidence_error,,trust_weighted_fusion,move,covariance,2.5,1.0,,2,0,95.093,8.822,31.186,uav_3,8.822,False,False,False,False,False,1,"[{""id"": ""obstacle_0"", ""kind"": ""static_obstacle"", ""x"": 50.0, ""y"": 50.0, ""radius"": 5.0}]"
safety_margin_covariance,67,13.4,2,27.228,19.64,86.0,90.0,50.0,50.0,,,false_negative+position_noise+confidence_error,,trust_weighted_fusion,move,covariance,2.5,1.0,,1,0,91.677,8.737,32.951,uav_3,8.737,False,False,False,False,False,1,"[{""id"": ""obstacle_0"", ""kind"": ""static_obstacle"", ""x"": 50.0, ""y"": 50.0, ""radius"": 5.0}]"
safety_margin_covariance,67,13.4,3,29.1,28.174,90.0,86.0,50.0,50.0,,,position_noise+confidence_error,,trust_weighted_fusion,move,covariance,2.5,1.0,,2,0,83.98,8.737,25.219,uav_2,8.737,False,False,False,False,False,1,"[{""id"": ""obstacle_0"", ""kind"": ""static_obstacle"", ""x"": 50.0, ""y"": 50.0, ""radius"": 5.0}]"
safety_margin_covariance,68,13.6,0,18.11,17.777,94.0,90.0,50.0,50.0,,,position_noise+confidence_error,,trust_weighted_fusion,move,covariance,2.5,1.0,,2,0,104.764,9.523,40.335,uav_2,9.523,False,False,False,False,False,1,"[{""id"": ""obstacle_0"", ""kind"": ""static_obstacle"", ""x"": 50.0, ""y"": 50.0, ""radius"": 5.0}]"
safety_margin_covariance,68,13.6,1,20.547,29.45,90.0,94.0,50.0,50.0,,,false_negative+position_noise+confidence_error,,trust_weighted_fusion,move,covariance,2.5,1.0,,1,0,94.818,8.82,30.914,uav_3,8.82,False,False,False,False,False,1,"[{""id"": ""obstacle_0"", ""kind"": ""static_obstacle"", ""x"": 50.0, ""y"": 50.0, ""radius"": 5.0}]"
safety_margin_covariance,68,13.6,2,27.405,19.851,86.0,90.0,50.0,50.0,,,false_negative+position_noise+confidence_error,,trust_weighted_fusion,move,covariance,2.5,1.0,,1,0,91.402,8.721,32.677,uav_3,8.721,False,False,False,False,False,1,"[{""id"": ""obstacle_0"", ""kind"": ""static_obstacle"", ""x"": 50.0, ""y"": 50.0, ""radius"": 5.0}]"
safety_margin_covariance,68,13.6,3,29.3,28.363,90.0,86.0,50.0,50.0,,,position_noise+confidence_error,,trust_weighted_fusion,move,covariance,2.5,1.0,,2,0,83.705,8.721,24.944,uav_2,8.721,False,False,False,False,False,1,"[{""id"": ""obstacle_0"", ""kind"": ""static_obstacle"", ""x"": 50.0, ""y"": 50.0, ""radius"": 5.0}]"
safety_margin_covariance,69,13.8,0,18.31,17.966,94.0,90.0,50.0,50.0,,,position_noise+confidence_error,,trust_weighted_fusion,move,covariance,2.5,1.0,,2,0,104.489,9.505,40.061,uav_2,9.505,False,False,False,False,False,1,"[{""id"": ""obstacle_0"", ""kind"": ""static_obstacle"", ""x"": 50.0, ""y"": 50.0, ""radius"": 5.0}]"
safety_margin_covariance,69,13.8,1,20.748,29.637,90.0,94.0,50.0,50.0,,,position_noise+confidence_error,,trust_weighted_fusion,move,covariance,2.5,1.0,,3,0,94.543,8.818,30.641,uav_3,8.818,False,False,False,False,False,1,"[{""id"": ""obstacle_0"", ""kind"": ""static_obstacle"", ""x"": 50.0, ""y"": 50.0, ""radius"": 5.0}]"
safety_margin_covariance,69,13.8,2,27.581,20.062,86.0,90.0,50.0,50.0,,,false_negative+position_noise+confidence_error,,trust_weighted_fusion,move,covariance,2.5,1.0,,2,0,91.127,8.705,32.402,uav_3,8.705,False,False,False,False,False,1,"[{""id"": ""obstacle_0"", ""kind"": ""static_obstacle"", ""x"": 50.0, ""y"": 50.0, ""radius"": 5.0}]"
safety_margin_covariance,69,13.8,3,29.499,28.552,90.0,86.0,50.0,50.0,,,position_noise+confidence_error,,trust_weighted_fusion,move,covariance,2.5,1.0,,2,0,83.43,8.705,24.669,uav_2,8.705,False,False,False,False,False,1,"[{""id"": ""obstacle_0"", ""kind"": ""static_obstacle"", ""x"": 50.0, ""y"": 50.0, ""radius"": 5.0}]"
safety_margin_covariance,70,14.0,0,18.509,18.156,94.0,90.0,50.0,50.0,,,position_noise+confidence_error,,trust_weighted_fusion,move,covariance,2.5,1.0,,2,0,104.214,9.488,39.786,uav_2,9.488,False,False,False,False,False,1,"[{""id"": ""obstacle_0"", ""kind"": ""static_obstacle"", ""x"": 50.0, ""y"": 50.0, ""radius"": 5.0}]"
safety_margin_covariance,70,14.0,1,21.041,29.909,90.0,94.0,50.0,50.0,,,false_negative+confidence_error,,trust_weighted_fusion,move,covariance,0.0,0.0,,0,0,94.143,8.736,30.245,uav_3,8.736,False,False,False,False,False,1,"[{""id"": ""obstacle_0"", ""kind"": ""static_obstacle"", ""x"": 50.0, ""y"": 50.0, ""radius"": 5.0}]"
safety_margin_covariance,70,14.0,2,27.757,20.273,86.0,90.0,50.0,50.0,,,position_noise+confidence_error,,trust_weighted_fusion,move,covariance,2.5,1.0,,3,0,90.852,8.689,32.127,uav_3,8.689,False,False,False,False,False,1,"[{""id"": ""obstacle_0"", ""kind"": ""static_obstacle"", ""x"": 50.0, ""y"": 50.0, ""radius"": 5.0}]"
safety_margin_covariance,70,14.0,3,29.699,28.742,90.0,86.0,50.0,50.0,,,position_noise+confidence_error,,trust_weighted_fusion,move,covariance,2.5,1.0,,2,0,83.155,8.689,24.395,uav_2,8.689,False,False,False,False,False,1,"[{""id"": ""obstacle_0"", ""kind"": ""static_obstacle"", ""x"": 50.0, ""y"": 50.0, ""radius"": 5.0}]"
safety_margin_covariance,71,14.2,0,18.708,18.345,94.0,90.0,50.0,50.0,,,false_negative+position_noise+confidence_error,,trust_weighted_fusion,move,covariance,2.5,1.0,,1,0,103.939,9.47,39.511,uav_2,9.47,False,False,False,False,False,1,"[{""id"": ""obstacle_0"", ""kind"": ""static_obstacle"", ""x"": 50.0, ""y"": 50.0, ""radius"": 5.0}]"
safety_margin_covariance,71,14.2,1,21.243,30.096,90.0,94.0,50.0,50.0,,,position_noise+confidence_error,,trust_weighted_fusion,move,covariance,2.5,1.0,,3,0,93.868,8.733,29.973,uav_3,8.733,False,False,False,False,False,1,"[{""id"": ""obstacle_0"", ""kind"": ""static_obstacle"", ""x"": 50.0, ""y"": 50.0, ""radius"": 5.0}]"
safety_margin_covariance,71,14.2,2,27.934,20.484,86.0,90.0,50.0,50.0,,,false_negative+position_noise+confidence_error,,trust_weighted_fusion,move,covariance,2.5,1.0,,1,0,90.577,8.673,31.853,uav_3,8.673,False,False,False,False,False,1,"[{""id"": ""obstacle_0"", ""kind"": ""static_obstacle"", ""x"": 50.0, ""y"": 50.0, ""radius"": 5.0}]"
safety_margin_covariance,71,14.2,3,29.898,28.931,90.0,86.0,50.0,50.0,,,false_negative+position_noise+confidence_error,,trust_weighted_fusion,move,covariance,2.5,1.0,,1,0,82.88,8.673,24.12,uav_2,8.673,False,False,False,False,False,1,"[{""id"": ""obstacle_0"", ""kind"": ""static_obstacle"", ""x"": 50.0, ""y"": 50.0, ""radius"": 5.0}]"
safety_margin_covariance,72,14.4,0,18.907,18.535,94.0,90.0,50.0,50.0,,,false_negative+position_noise+confidence_error,,trust_weighted_fusion,move,covariance,2.5,1.0,,1,0,103.664,9.453,39.236,uav_2,9.453,False,False,False,False,False,1,"[{""id"": ""obstacle_0"", ""kind"": ""static_obstacle"", ""x"": 50.0, ""y"": 50.0, ""radius"": 5.0}]"
safety_margin_covariance,72,14.4,1,21.444,30.284,90.0,94.0,50.0,50.0,,,position_noise+confidence_error,,trust_weighted_fusion,move,covariance,2.5,1.0,,3,0,93.593,8.731,29.701,uav_3,8.731,False,False,False,False,False,1,"[{""id"": ""obstacle_0"", ""kind"": ""static_obstacle"", ""x"": 50.0, ""y"": 50.0, ""radius"": 5.0}]"
safety_margin_covariance,72,14.4,2,28.11,20.695,86.0,90.0,50.0,50.0,,,false_negative+position_noise+confidence_error,,trust_weighted_fusion,move,covariance,2.5,1.0,,1,0,90.302,8.657,31.578,uav_3,8.657,False,False,False,False,False,1,"[{""id"": ""obstacle_0"", ""kind"": ""static_obstacle"", ""x"": 50.0, ""y"": 50.0, ""radius"": 5.0}]"
safety_margin_covariance,72,14.4,3,30.097,29.121,90.0,86.0,50.0,50.0,,,position_noise+confidence_error,,trust_weighted_fusion,move,covariance,2.5,1.0,,2,0,82.605,8.657,23.845,uav_2,8.657,False,False,False,False,False,1,"[{""id"": ""obstacle_0"", ""kind"": ""static_obstacle"", ""x"": 50.0, ""y"": 50.0, ""radius"": 5.0}]"
safety_margin_covariance,73,14.6,0,19.106,18.724,94.0,90.0,50.0,50.0,,,position_noise+confidence_error,,trust_weighted_fusion,move,covariance,2.5,1.0,,2,0,103.389,9.435,38.961,uav_2,9.435,False,False,False,False,False,1,"[{""id"": ""obstacle_0"", ""kind"": ""static_obstacle"", ""x"": 50.0, ""y"": 50.0, ""radius"": 5.0}]"
safety_margin_covariance,73,14.6,1,21.646,30.471,90.0,94.0,50.0,50.0,,,false_negative+position_noise+confidence_error,,trust_weighted_fusion,move,covariance,2.5,1.0,,2,0,93.318,8.808,29.429,uav_3,8.808,False,False,False,False,False,1,"[{""id"": ""obstacle_0"", ""kind"": ""static_obstacle"", ""x"": 50.0, ""y"": 50.0, ""radius"": 5.0}]"
safety_margin_covariance,73,14.6,2,28.286,20.906,86.0,90.0,50.0,50.0,,,position_noise+confidence_error,,trust_weighted_fusion,move,covariance,2.5,1.0,,3,0,90.027,8.746,31.304,uav_3,8.746,False,False,False,False,False,1,"[{""id"": ""obstacle_0"", ""kind"": ""static_obstacle"", ""x"": 50.0, ""y"": 50.0, ""radius"": 5.0}]"
safety_margin_covariance,73,14.6,3,30.388,29.396,90.0,86.0,50.0,50.0,,,dropout+confidence_error,,trust_weighted_fusion,move,covariance,0.0,0.0,,0,0,82.205,8.746,23.446,uav_2,8.746,False,False,False,False,False,1,"[{""id"": ""obstacle_0"", ""kind"": ""static_obstacle"", ""x"": 50.0, ""y"": 50.0, ""radius"": 5.0}]"
safety_margin_covariance,74,14.8,0,19.306,18.914,94.0,90.0,50.0,50.0,,,false_negative+position_noise+confidence_error,,trust_weighted_fusion,move,covariance,2.5,1.0,,1,0,103.114,9.418,38.686,uav_2,9.418,False,False,False,False,False,1,"[{""id"": ""obstacle_0"", ""kind"": ""static_obstacle"", ""x"": 50.0, ""y"": 50.0, ""radius"": 5.0}]"
safety_margin_covariance,74,14.8,1,21.385,30.384,90.0,94.0,50.0,50.0,,,false_negative+position_noise+confidence_error,,trust_weighted_fusion,avoidance,covariance,2.5,1.0,,2,0,93.568,9.32,29.693,uav_3,9.32,False,False,False,False,False,1,"[{""id"": ""obstacle_0"", ""kind"": ""static_obstacle"", ""x"": 50.0, ""y"": 50.0, ""radius"": 5.0}]"
safety_margin_covariance,74,14.8,2,28.463,21.117,86.0,90.0,50.0,50.0,,,false_negative+position_noise+confidence_error,,trust_weighted_fusion,move,covariance,2.5,1.0,,2,0,89.752,8.836,31.029,uav_3,8.836,False,False,False,False,False,1,"[{""id"": ""obstacle_0"", ""kind"": ""static_obstacle"", ""x"": 50.0, ""y"": 50.0, ""radius"": 5.0}]"
safety_margin_covariance,74,14.8,3,30.678,29.671,90.0,86.0,50.0,50.0,,,dropout+confidence_error,,trust_weighted_fusion,move,covariance,0.0,0.0,,0,0,81.805,8.836,23.046,uav_2,8.836,False,False,False,False,False,1,"[{""id"": ""obstacle_0"", ""kind"": ""static_obstacle"", ""x"": 50.0, ""y"": 50.0, ""radius"": 5.0}]"
safety_margin_covariance,75,15.0,0,19.505,19.104,94.0,90.0,50.0,50.0,,,position_noise+confidence_error,,trust_weighted_fusion,move,covariance,2.5,1.0,,2,0,102.839,9.401,38.411,uav_2,9.401,False,False,False,False,False,1,"[{""id"": ""obstacle_0"", ""kind"": ""static_obstacle"", ""x"": 50.0, ""y"": 50.0, ""radius"": 5.0}]"
safety_margin_covariance,75,15.0,1,21.586,30.571,90.0,94.0,50.0,50.0,,,false_negative+position_noise+confidence_error,,trust_weighted_fusion,move,covariance,2.5,1.0,,1,0,93.293,9.402,29.421,uav_3,9.402,False,False,False,False,False,1,"[{""id"": ""obstacle_0"", ""kind"": ""static_obstacle"", ""x"": 50.0, ""y"": 50.0, ""radius"": 5.0}]"
safety_margin_covariance,75,15.0,2,28.639,21.328,86.0,90.0,50.0,50.0,,,false_negative+position_noise+confidence_error,,trust_weighted_fusion,move,covariance,2.5,1.0,,2,0,89.477,8.928,30.754,uav_3,8.928,False,False,False,False,False,1,"[{""id"": ""obstacle_0"", ""kind"": ""static_obstacle"", ""x"": 50.0, ""y"": 50.0, ""radius"": 5.0}]"
safety_margin_covariance,75,15.0,3,30.968,29.947,90.0,86.0,50.0,50.0,,,dropout+confidence_error,,trust_weighted_fusion,move,covariance,0.0,0.0,,0,0,81.405,8.928,22.647,uav_2,8.928,False,False,False,False,False,1,"[{""id"": ""obstacle_0"", ""kind"": ""static_obstacle"", ""x"": 50.0, ""y"": 50.0, ""radius"": 5.0}]"
safety_margin_covariance,76,15.2,0,19.704,19.293,94.0,90.0,50.0,50.0,,,position_noise+confidence_error,,trust_weighted_fusion,move,covariance,2.5,1.0,,2,0,102.564,9.384,38.136,uav_2,9.384,False,False,False,False,False,1,"[{""id"": ""obstacle_0"", ""kind"": ""static_obstacle"", ""x"": 50.0, ""y"": 50.0, ""radius"": 5.0}]"
safety_margin_covariance,76,15.2,1,21.788,30.758,90.0,94.0,50.0,50.0,,,position_noise+confidence_error,,trust_weighted_fusion,move,covariance,2.5,1.0,,3,0,93.018,9.485,29.149,uav_3,9.485,False,False,False,False,False,1,"[{""id"": ""obstacle_0"", ""kind"": ""static_obstacle"", ""x"": 50.0, ""y"": 50.0, ""radius"": 5.0}]"
safety_margin_covariance,76,15.2,2,28.815,21.539,86.0,90.0,50.0,50.0,,,false_negative+position_noise+confidence_error,,trust_weighted_fusion,move,covariance,2.5,1.0,,1,0,89.202,9.02,30.48,uav_3,9.02,False,False,False,False,False,1,"[{""id"": ""obstacle_0"", ""kind"": ""static_obstacle"", ""x"": 50.0, ""y"": 50.0, ""radius"": 5.0}]"
safety_margin_covariance,76,15.2,3,31.258,30.222,90.0,86.0,50.0,50.0,,,dropout+confidence_error,,trust_weighted_fusion,move,covariance,0.0,0.0,,0,0,81.005,9.02,22.248,uav_2,9.02,False,False,False,False,False,1,"[{""id"": ""obstacle_0"", ""kind"": ""static_obstacle"", ""x"": 50.0, ""y"": 50.0, ""radius"": 5.0}]"
safety_margin_covariance,77,15.4,0,19.903,19.483,94.0,90.0,50.0,50.0,,,false_negative+position_noise+confidence_error,,trust_weighted_fusion,move,covariance,2.5,1.0,,1,0,102.289,9.367,37.862,uav_2,9.367,False,False,False,False,False,1,"[{""id"": ""obstacle_0"", ""kind"": ""static_obstacle"", ""x"": 50.0, ""y"": 50.0, ""radius"": 5.0}]"
safety_margin_covariance,77,15.4,1,21.99,30.945,90.0,94.0,50.0,50.0,,,position_noise+confidence_error,,trust_weighted_fusion,move,covariance,2.5,1.0,,3,0,92.743,9.569,28.877,uav_3,9.569,False,False,False,False,False,1,"[{""id"": ""obstacle_0"", ""kind"": ""static_obstacle"", ""x"": 50.0, ""y"": 50.0, ""radius"": 5.0}]"
safety_margin_covariance,77,15.4,2,28.991,21.75,86.0,90.0,50.0,50.0,,,false_negative+position_noise+confidence_error,,trust_weighted_fusion,move,covariance,2.5,1.0,,1,0,88.927,9.113,30.205,uav_3,9.113,False,False,False,False,False,1,"[{""id"": ""obstacle_0"", ""kind"": ""static_obstacle"", ""x"": 50.0, ""y"": 50.0, ""radius"": 5.0}]"
safety_margin_covariance,77,15.4,3,31.548,30.498,90.0,86.0,50.0,50.0,,,dropout+confidence_error,,trust_weighted_fusion,move,covariance,0.0,0.0,,0,0,80.605,9.113,21.848,uav_2,9.113,False,False,False,False,False,1,"[{""id"": ""obstacle_0"", ""kind"": ""static_obstacle"", ""x"": 50.0, ""y"": 50.0, ""radius"": 5.0}]"
safety_margin_covariance,78,15.6,0,20.103,19.672,94.0,90.0,50.0,50.0,,,false_negative+position_noise+confidence_error,,trust_weighted_fusion,move,covariance,2.5,1.0,,1,0,102.014,9.35,37.587,uav_2,9.35,False,False,False,False,False,1,"[{""id"": ""obstacle_0"", ""kind"": ""static_obstacle"", ""x"": 50.0, ""y"": 50.0, ""radius"": 5.0}]"
safety_margin_covariance,78,15.6,1,22.191,31.132,90.0,94.0,50.0,50.0,,,false_negative+position_noise+confidence_error,,trust_weighted_fusion,move,covariance,2.5,1.0,,1,0,92.468,9.566,28.605,uav_3,9.566,False,False,False,False,False,1,"[{""id"": ""obstacle_0"", ""kind"": ""static_obstacle"", ""x"": 50.0, ""y"": 50.0, ""radius"": 5.0}]"
safety_margin_covariance,78,15.6,2,29.168,21.961,86.0,90.0,50.0,50.0,,,false_negative+position_noise+confidence_error,,trust_weighted_fusion,move,covariance,2.5,1.0,,2,0,88.652,9.099,29.931,uav_3,9.099,False,False,False,False,False,1,"[{""id"": ""obstacle_0"", ""kind"": ""static_obstacle"", ""x"": 50.0, ""y"": 50.0, ""radius"": 5.0}]"
safety_margin_covariance,78,15.6,3,31.747,30.687,90.0,86.0,50.0,50.0,,,position_noise+confidence_error,,trust_weighted_fusion,move,covariance,2.5,1.0,,2,0,80.33,9.099,21.574,uav_2,9.099,False,False,False,False,False,1,"[{""id"": ""obstacle_0"", ""kind"": ""static_obstacle"", ""x"": 50.0, ""y"": 50.0, ""radius"": 5.0}]"
safety_margin_covariance,79,15.8,0,20.302,19.862,94.0,90.0,50.0,50.0,,,position_noise+confidence_error,,trust_weighted_fusion,move,covariance,2.5,1.0,,2,0,101.739,9.333,37.312,uav_2,9.333,False,False,False,False,False,1,"[{""id"": ""obstacle_0"", ""kind"": ""static_obstacle"", ""x"": 50.0, ""y"": 50.0, ""radius"": 5.0}]"
safety_margin_covariance,79,15.8,1,22.393,31.319,90.0,94.0,50.0,50.0,,,position_noise+confidence_error,,trust_weighted_fusion,move,covariance,2.5,1.0,,3,0,92.193,9.564,28.333,uav_3,9.564,False,False,False,False,False,1,"[{""id"": ""obstacle_0"", ""kind"": ""static_obstacle"", ""x"": 50.0, ""y"": 50.0, ""radius"": 5.0}]"
safety_margin_covariance,79,15.8,2,29.344,22.172,86.0,90.0,50.0,50.0,,,false_negative+position_noise+confidence_error,,trust_weighted_fusion,move,covariance,2.5,1.0,,2,0,88.377,9.085,29.656,uav_3,9.085,False,False,False,False,False,1,"[{""id"": ""obstacle_0"", ""kind"": ""static_obstacle"", ""x"": 50.0, ""y"": 50.0, ""radius"": 5.0}]"
safety_margin_covariance,79,15.8,3,31.947,30.876,90.0,86.0,50.0,50.0,,,position_noise+confidence_error,,trust_weighted_fusion,move,covariance,2.5,1.0,,2,0,80.055,9.085,21.299,uav_2,9.085,False,False,False,False,False,1,"[{""id"": ""obstacle_0"", ""kind"": ""static_obstacle"", ""x"": 50.0, ""y"": 50.0, ""radius"": 5.0}]"
safety_margin_covariance,80,16.0,0,20.501,20.052,94.0,90.0,50.0,50.0,,,false_negative+position_noise+confidence_error,,trust_weighted_fusion,move,covariance,2.5,1.0,,1,0,101.464,9.316,37.037,uav_2,9.316,False,False,False,False,False,1,"[{""id"": ""obstacle_0"", ""kind"": ""static_obstacle"", ""x"": 50.0, ""y"": 50.0, ""radius"": 5.0}]"
safety_margin_covariance,80,16.0,1,22.595,31.506,90.0,94.0,50.0,50.0,,,position_noise+confidence_error,,trust_weighted_fusion,move,covariance,2.5,1.0,,3,0,91.918,9.562,28.062,uav_3,9.562,False,False,False,False,False,1,"[{""id"": ""obstacle_0"", ""kind"": ""static_obstacle"", ""x"": 50.0, ""y"": 50.0, ""radius"": 5.0}]"
safety_margin_covariance,80,16.0,2,29.52,22.383,86.0,90.0,50.0,50.0,,,false_negative+position_noise+confidence_error,,trust_weighted_fusion,move,covariance,2.5,1.0,,2,0,88.102,9.071,29.382,uav_3,9.071,False,False,False,False,False,1,"[{""id"": ""obstacle_0"", ""kind"": ""static_obstacle"", ""x"": 50.0, ""y"": 50.0, ""radius"": 5.0}]"
safety_margin_covariance,80,16.0,3,32.146,31.066,90.0,86.0,50.0,50.0,,,position_noise+confidence_error,,trust_weighted_fusion,move,covariance,2.5,1.0,,2,0,79.78,9.071,21.024,uav_2,9.071,False,False,False,False,False,1,"[{""id"": ""obstacle_0"", ""kind"": ""static_obstacle"", ""x"": 50.0, ""y"": 50.0, ""radius"": 5.0}]"
safety_margin_covariance,81,16.2,0,20.7,20.241,94.0,90.0,50.0,50.0,,,position_noise+confidence_error,,trust_weighted_fusion,move,covariance,2.5,1.0,,2,0,101.189,9.299,36.762,uav_2,9.299,False,False,False,False,False,1,"[{""id"": ""obstacle_0"", ""kind"": ""static_obstacle"", ""x"": 50.0, ""y"": 50.0, ""radius"": 5.0}]"
safety_margin_covariance,81,16.2,1,22.888,31.778,90.0,94.0,50.0,50.0,,,dropout+confidence_error,,trust_weighted_fusion,move,covariance,0.0,0.0,,0,0,91.518,9.472,27.666,uav_3,9.472,False,False,False,False,False,1,"[{""id"": ""obstacle_0"", ""kind"": ""static_obstacle"", ""x"": 50.0, ""y"": 50.0, ""radius"": 5.0}]"
safety_margin_covariance,81,16.2,2,29.697,22.594,86.0,90.0,50.0,50.0,,,position_noise+confidence_error,,trust_weighted_fusion,move,covariance,2.5,1.0,,3,0,87.827,9.057,29.107,uav_3,9.057,False,False,False,False,False,1,"[{""id"": ""obstacle_0"", ""kind"": ""static_obstacle"", ""x"": 50.0, ""y"": 50.0, ""radius"": 5.0}]"
safety_margin_covariance,81,16.2,3,32.346,31.255,90.0,86.0,50.0,50.0,,,position_noise+confidence_error,,trust_weighted_fusion,move,covariance,2.5,1.0,,2,0,79.505,9.057,20.75,uav_2,9.057,False,False,False,False,False,1,"[{""id"": ""obstacle_0"", ""kind"": ""static_obstacle"", ""x"": 50.0, ""y"": 50.0, ""radius"": 5.0}]"
safety_margin_covariance,82,16.4,0,20.899,20.431,94.0,90.0,50.0,50.0,,,false_negative+position_noise+confidence_error,,trust_weighted_fusion,move,covariance,2.5,1.0,,1,0,100.914,9.304,36.487,uav_2,9.304,False,False,False,False,False,1,"[{""id"": ""obstacle_0"", ""kind"": ""static_obstacle"", ""x"": 50.0, ""y"": 50.0, ""radius"": 5.0}]"
safety_margin_covariance,82,16.4,1,23.181,32.05,90.0,94.0,50.0,50.0,,,dropout+confidence_error,,trust_weighted_fusion,move,covariance,0.0,0.0,,0,0,91.118,9.383,27.271,uav_3,9.383,False,False,False,False,False,1,"[{""id"": ""obstacle_0"", ""kind"": ""static_obstacle"", ""x"": 50.0, ""y"": 50.0, ""radius"": 5.0}]"
safety_margin_covariance,82,16.4,2,29.903,22.776,86.0,90.0,50.0,50.0,,,position_noise+confidence_error,,trust_weighted_fusion,avoidance,covariance,2.5,1.0,,3,0,87.555,9.062,28.838,uav_3,9.062,False,False,False,False,False,1,"[{""id"": ""obstacle_0"", ""kind"": ""static_obstacle"", ""x"": 50.0, ""y"": 50.0, ""radius"": 5.0}]"
safety_margin_covariance,82,16.4,3,32.545,31.444,90.0,86.0,50.0,50.0,,,position_noise+confidence_error,,trust_weighted_fusion,move,covariance,2.5,1.0,,2,0,79.23,9.062,20.475,uav_2,9.062,False,False,False,False,False,1,"[{""id"": ""obstacle_0"", ""kind"": ""static_obstacle"", ""x"": 50.0, ""y"": 50.0, ""radius"": 5.0}]"
safety_margin_covariance,83,16.6,0,21.099,20.62,94.0,90.0,50.0,50.0,,,false_negative+position_noise+confidence_error,,trust_weighted_fusion,move,covariance,2.5,1.0,,1,0,100.639,9.287,36.212,uav_2,9.287,False,False,False,False,False,1,"[{""id"": ""obstacle_0"", ""kind"": ""static_obstacle"", ""x"": 50.0, ""y"": 50.0, ""radius"": 5.0}]"
safety_margin_covariance,83,16.6,1,23.475,32.322,90.0,94.0,50.0,50.0,,,dropout+confidence_error,,trust_weighted_fusion,move,covariance,0.0,0.0,,0,0,90.718,9.295,26.876,uav_3,9.295,False,False,False,False,False,1,"[{""id"": ""obstacle_0"", ""kind"": ""static_obstacle"", ""x"": 50.0, ""y"": 50.0, ""radius"": 5.0}]"
safety_margin_covariance,83,16.6,2,30.079,22.987,86.0,90.0,50.0,50.0,,,false_negative+position_noise+confidence_error,,trust_weighted_fusion,move,covariance,2.5,1.0,,2,0,87.28,9.048,28.564,uav_3,9.048,False,False,False,False,False,1,"[{""id"": ""obstacle_0"", ""kind"": ""static_obstacle"", ""x"": 50.0, ""y"": 50.0, ""radius"": 5.0}]"
safety_margin_covariance,83,16.6,3,32.744,31.634,90.0,86.0,50.0,50.0,,,false_negative+position_noise+confidence_error,,trust_weighted_fusion,move,covariance,2.5,1.0,,1,0,78.955,9.048,20.201,uav_2,9.048,False,False,False,False,False,1,"[{""id"": ""obstacle_0"", ""kind"": ""static_obstacle"", ""x"": 50.0, ""y"": 50.0, ""radius"": 5.0}]"
safety_margin_covariance,84,16.8,0,21.298,20.81,94.0,90.0,50.0,50.0,,,false_negative+position_noise+confidence_error,,trust_weighted_fusion,move,covariance,2.5,1.0,,1,0,100.364,9.271,35.938,uav_2,9.271,False,False,False,False,False,1,"[{""id"": ""obstacle_0"", ""kind"": ""static_obstacle"", ""x"": 50.0, ""y"": 50.0, ""radius"": 5.0}]"
safety_margin_covariance,84,16.8,1,23.768,32.594,90.0,94.0,50.0,50.0,,,dropout+confidence_error,,trust_weighted_fusion,move,covariance,0.0,0.0,,0,0,90.318,9.208,26.482,uav_3,9.208,False,False,False,False,False,1,"[{""id"": ""obstacle_0"", ""kind"": ""static_obstacle"", ""x"": 50.0, ""y"": 50.0, ""radius"": 5.0}]"
safety_margin_covariance,84,16.8,2,30.256,23.198,86.0,90.0,50.0,50.0,,,false_negative+position_noise+confidence_error,,trust_weighted_fusion,move,covariance,2.5,1.0,,2,0,87.005,9.034,28.289,uav_3,9.034,False,False,False,False,False,1,"[{""id"": ""obstacle_0"", ""kind"": ""static_obstacle"", ""x"": 50.0, ""y"": 50.0, ""radius"": 5.0}]"
safety_margin_covariance,84,16.8,3,32.944,31.823,90.0,86.0,50.0,50.0,,,position_noise+confidence_error,,trust_weighted_fusion,move,covariance,2.5,1.0,,2,0,78.68,9.034,19.926,uav_2,9.034,False,False,False,False,False,1,"[{""id"": ""obstacle_0"", ""kind"": ""static_obstacle"", ""x"": 50.0, ""y"": 50.0, ""radius"": 5.0}]"
safety_margin_covariance,85,17.0,0,21.497,20.999,94.0,90.0,50.0,50.0,,,false_negative+position_noise+confidence_error,,trust_weighted_fusion,move,covariance,2.5,1.0,,1,0,100.089,9.254,35.663,uav_2,9.254,False,False,False,False,False,1,"[{""id"": ""obstacle_0"", ""kind"": ""static_obstacle"", ""x"": 50.0, ""y"": 50.0, ""radius"": 5.0}]"
safety_margin_covariance,85,17.0,1,24.061,32.866,90.0,94.0,50.0,50.0,,,dropout+confidence_error,,trust_weighted_fusion,move,covariance,0.0,0.0,,0,0,89.918,9.122,26.087,uav_3,9.122,False,False,False,False,False,1,"[{""id"": ""obstacle_0"", ""kind"": ""static_obstacle"", ""x"": 50.0, ""y"": 50.0, ""radius"": 5.0}]"
safety_margin_covariance,85,17.0,2,30.432,23.409,86.0,90.0,50.0,50.0,,,position_noise+confidence_error,,trust_weighted_fusion,move,covariance,2.5,1.0,,3,0,86.73,9.02,28.015,uav_3,9.02,False,False,False,False,False,1,"[{""id"": ""obstacle_0"", ""kind"": ""static_obstacle"", ""x"": 50.0, ""y"": 50.0, ""radius"": 5.0}]"
safety_margin_covariance,85,17.0,3,33.143,32.013,90.0,86.0,50.0,50.0,,,position_noise+confidence_error,,trust_weighted_fusion,move,covariance,2.5,1.0,,2,0,78.405,9.02,19.652,uav_2,9.02,False,False,False,False,False,1,"[{""id"": ""obstacle_0"", ""kind"": ""static_obstacle"", ""x"": 50.0, ""y"": 50.0, ""radius"": 5.0}]"
safety_margin_covariance,86,17.2,0,21.696,21.189,94.0,90.0,50.0,50.0,,,false_negative+position_noise+confidence_error,,trust_weighted_fusion,move,covariance,2.5,1.0,,1,0,99.814,9.238,35.388,uav_2,9.238,False,False,False,False,False,1,"[{""id"": ""obstacle_0"", ""kind"": ""static_obstacle"", ""x"": 50.0, ""y"": 50.0, ""radius"": 5.0}]"
safety_margin_covariance,86,17.2,1,24.263,33.053,90.0,94.0,50.0,50.0,,,false_negative+position_noise+confidence_error,,trust_weighted_fusion,move,covariance,2.5,1.0,,2,0,89.643,9.202,25.816,uav_3,9.202,False,False,False,False,False,1,"[{""id"": ""obstacle_0"", ""kind"": ""static_obstacle"", ""x"": 50.0, ""y"": 50.0, ""radius"": 5.0}]"
safety_margin_covariance,86,17.2,2,30.608,23.621,86.0,90.0,50.0,50.0,,,false_negative+position_noise+confidence_error,,trust_weighted_fusion,move,covariance,2.5,1.0,,1,0,86.455,9.116,27.74,uav_3,9.116,False,False,False,False,False,1,"[{""id"": ""obstacle_0"", ""kind"": ""static_obstacle"", ""x"": 50.0, ""y"": 50.0, ""radius"": 5.0}]"
safety_margin_covariance,86,17.2,3,33.433,32.288,90.0,86.0,50.0,50.0,,,false_negative+confidence_error,,trust_weighted_fusion,move,covariance,0.0,0.0,,0,0,78.005,9.116,19.252,uav_2,9.116,False,False,False,False,False,1,"[{""id"": ""obstacle_0"", ""kind"": ""static_obstacle"", ""x"": 50.0, ""y"": 50.0, ""radius"": 5.0}]"
safety_margin_covariance,87,17.4,0,21.895,21.379,94.0,90.0,50.0,50.0,,,false_negative+position_noise+confidence_error,,trust_weighted_fusion,move,covariance,2.5,1.0,,1,0,99.539,9.221,35.113,uav_2,9.221,False,False,False,False,False,1,"[{""id"": ""obstacle_0"", ""kind"": ""static_obstacle"", ""x"": 50.0, ""y"": 50.0, ""radius"": 5.0}]"
safety_margin_covariance,87,17.4,1,24.465,33.24,90.0,94.0,50.0,50.0,,,false_negative+position_noise+confidence_error,,trust_weighted_fusion,move,covariance,2.5,1.0,,1,0,89.368,9.2,25.544,uav_3,9.2,False,False,False,False,False,1,"[{""id"": ""obstacle_0"", ""kind"": ""static_obstacle"", ""x"": 50.0, ""y"": 50.0, ""radius"": 5.0}]"
safety_margin_covariance,87,17.4,2,30.784,23.832,86.0,90.0,50.0,50.0,,,false_negative+position_noise+confidence_error,,trust_weighted_fusion,move,covariance,2.5,1.0,,2,0,86.18,9.103,27.466,uav_3,9.103,False,False,False,False,False,1,"[{""id"": ""obstacle_0"", ""kind"": ""static_obstacle"", ""x"": 50.0, ""y"": 50.0, ""radius"": 5.0}]"
safety_margin_covariance,87,17.4,3,33.633,32.477,90.0,86.0,50.0,50.0,,,false_negative+position_noise+confidence_error,,trust_weighted_fusion,move,covariance,2.5,1.0,,1,0,77.73,9.103,18.978,uav_2,9.103,False,False,False,False,False,1,"[{""id"": ""obstacle_0"", ""kind"": ""static_obstacle"", ""x"": 50.0, ""y"": 50.0, ""radius"": 5.0}]"
safety_margin_covariance,88,17.6,0,22.095,21.568,94.0,90.0,50.0,50.0,,,false_negative+position_noise+confidence_error,,trust_weighted_fusion,move,covariance,2.5,1.0,,1,0,99.264,9.205,34.838,uav_2,9.205,False,False,False,False,False,1,"[{""id"": ""obstacle_0"", ""kind"": ""static_obstacle"", ""x"": 50.0, ""y"": 50.0, ""radius"": 5.0}]"
safety_margin_covariance,88,17.6,1,24.666,33.427,90.0,94.0,50.0,50.0,,,false_negative+position_noise+confidence_error,,trust_weighted_fusion,move,covariance,2.5,1.0,,2,0,89.093,9.197,25.273,uav_3,9.197,False,False,False,False,False,1,"[{""id"": ""obstacle_0"", ""kind"": ""static_obstacle"", ""x"": 50.0, ""y"": 50.0, ""radius"": 5.0}]"
safety_margin_covariance,88,17.6,2,30.96,24.043,86.0,90.0,50.0,50.0,,,position_noise+confidence_error,,trust_weighted_fusion,move,covariance,2.5,1.0,,3,0,85.905,9.089,27.191,uav_3,9.089,False,False,False,False,False,1,"[{""id"": ""obstacle_0"", ""kind"": ""static_obstacle"", ""x"": 50.0, ""y"": 50.0, ""radius"": 5.0}]"
safety_margin_covariance,88,17.6,3,33.832,32.667,90.0,86.0,50.0,50.0,,,false_negative+position_noise+confidence_error,,trust_weighted_fusion,move,covariance,2.5,1.0,,1,0,77.455,9.089,18.703,uav_2,9.089,False,False,False,False,False,1,"[{""id"": ""obstacle_0"", ""kind"": ""static_obstacle"", ""x"": 50.0, ""y"": 50.0, ""radius"": 5.0}]"
safety_margin_covariance,89,17.8,0,22.294,21.758,94.0,90.0,50.0,50.0,,,false_negative+position_noise+confidence_error,,trust_weighted_fusion,move,covariance,2.5,1.0,,1,0,98.989,9.188,34.563,uav_2,9.188,False,False,False,False,False,1,"[{""id"": ""obstacle_0"", ""kind"": ""static_obstacle"", ""x"": 50.0, ""y"": 50.0, ""radius"": 5.0}]"
safety_margin_covariance,89,17.8,1,24.868,33.614,90.0,94.0,50.0,50.0,,,false_negative+position_noise+confidence_error,,trust_weighted_fusion,move,covariance,2.5,1.0,,1,0,88.818,9.195,25.002,uav_3,9.195,False,False,False,False,False,1,"[{""id"": ""obstacle_0"", ""kind"": ""static_obstacle"", ""x"": 50.0, ""y"": 50.0, ""radius"": 5.0}]"
safety_margin_covariance,89,17.8,2,31.137,24.254,86.0,90.0,50.0,50.0,,,false_negative+position_noise+confidence_error,,trust_weighted_fusion,move,covariance,2.5,1.0,,2,0,85.63,9.076,26.917,uav_3,9.076,False,False,False,False,False,1,"[{""id"": ""obstacle_0"", ""kind"": ""static_obstacle"", ""x"": 50.0, ""y"": 50.0, ""radius"": 5.0}]"
safety_margin_covariance,89,17.8,3,34.032,32.856,90.0,86.0,50.0,50.0,,,false_negative+position_noise+confidence_error,,trust_weighted_fusion,move,covariance,2.5,1.0,,1,0,77.18,9.076,18.429,uav_2,9.076,False,False,False,False,False,1,"[{""id"": ""obstacle_0"", ""kind"": ""static_obstacle"", ""x"": 50.0, ""y"": 50.0, ""radius"": 5.0}]"
safety_margin_covariance,90,18.0,0,22.493,21.947,94.0,90.0,50.0,50.0,,,position_noise+confidence_error,,trust_weighted_fusion,move,covariance,2.5,1.0,,2,0,98.714,9.172,34.289,uav_2,9.172,False,False,False,False,False,1,"[{""id"": ""obstacle_0"", ""kind"": ""static_obstacle"", ""x"": 50.0, ""y"": 50.0, ""radius"": 5.0}]"
safety_margin_covariance,90,18.0,1,25.07,33.801,90.0,94.0,50.0,50.0,,,false_negative+position_noise+confidence_error,,trust_weighted_fusion,move,covariance,2.5,1.0,,2,0,88.543,9.192,24.731,uav_3,9.192,False,False,False,False,False,1,"[{""id"": ""obstacle_0"", ""kind"": ""static_obstacle"", ""x"": 50.0, ""y"": 50.0, ""radius"": 5.0}]"
safety_margin_covariance,90,18.0,2,31.313,24.465,86.0,90.0,50.0,50.0,,,false_negative+position_noise+confidence_error,,trust_weighted_fusion,move,covariance,2.5,1.0,,2,0,85.355,9.063,26.642,uav_3,9.063,False,False,False,False,False,1,"[{""id"": ""obstacle_0"", ""kind"": ""static_obstacle"", ""x"": 50.0, ""y"": 50.0, ""radius"": 5.0}]"
safety_margin_covariance,90,18.0,3,34.231,33.045,90.0,86.0,50.0,50.0,,,false_negative+position_noise+confidence_error,,trust_weighted_fusion,move,covariance,2.5,1.0,,1,0,76.905,9.063,18.154,uav_2,9.063,False,False,False,False,False,1,"[{""id"": ""obstacle_0"", ""kind"": ""static_obstacle"", ""x"": 50.0, ""y"": 50.0, ""radius"": 5.0}]"
safety_margin_covariance,91,18.2,0,22.692,22.137,94.0,90.0,50.0,50.0,,,position_noise+confidence_error,,trust_weighted_fusion,move,covariance,2.5,1.0,,2,0,98.439,9.156,34.014,uav_2,9.156,False,False,False,False,False,1,"[{""id"": ""obstacle_0"", ""kind"": ""static_obstacle"", ""x"": 50.0, ""y"": 50.0, ""radius"": 5.0}]"
safety_margin_covariance,91,18.2,1,25.271,33.988,90.0,94.0,50.0,50.0,,,false_negative+position_noise+confidence_error,,trust_weighted_fusion,move,covariance,2.5,1.0,,2,0,88.268,8.99,24.46,uav_3,8.99,False,False,False,False,False,1,"[{""id"": ""obstacle_0"", ""kind"": ""static_obstacle"", ""x"": 50.0, ""y"": 50.0, ""radius"": 5.0}]"
safety_margin_covariance,91,18.2,2,31.489,24.676,86.0,90.0,50.0,50.0,,,position_noise+confidence_error,,trust_weighted_fusion,move,covariance,2.5,1.0,,3,0,85.08,9.07,26.368,uav_3,9.07,False,False,False,False,False,1,"[{""id"": ""obstacle_0"", ""kind"": ""static_obstacle"", ""x"": 50.0, ""y"": 50.0, ""radius"": 5.0}]"
safety_margin_covariance,91,18.2,3,34.236,33.32,90.0,86.0,50.0,50.0,,,position_noise+confidence_error,,trust_weighted_fusion,avoidance,covariance,2.5,1.0,,2,0,76.712,8.99,17.95,uav_1,8.99,False,False,False,False,False,1,"[{""id"": ""obstacle_0"", ""kind"": ""static_obstacle"", ""x"": 50.0, ""y"": 50.0, ""radius"": 5.0}]"
safety_margin_covariance,92,18.4,0,22.891,22.326,94.0,90.0,50.0,50.0,,,position_noise+confidence_error,,trust_weighted_fusion,move,covariance,2.5,1.0,,2,0,98.164,9.14,33.739,uav_2,9.14,False,False,False,False,False,1,"[{""id"": ""obstacle_0"", ""kind"": ""static_obstacle"", ""x"": 50.0, ""y"": 50.0, ""radius"": 5.0}]"
safety_margin_covariance,92,18.4,1,25.473,34.175,90.0,94.0,50.0,50.0,,,false_negative+position_noise+confidence_error,,trust_weighted_fusion,move,covariance,2.5,1.0,,1,0,87.993,8.988,24.189,uav_3,8.988,False,False,False,False,False,1,"[{""id"": ""obstacle_0"", ""kind"": ""static_obstacle"", ""x"": 50.0, ""y"": 50.0, ""radius"": 5.0}]"
safety_margin_covariance,92,18.4,2,31.665,24.887,86.0,90.0,50.0,50.0,,,false_negative+position_noise+confidence_error,,trust_weighted_fusion,move,covariance,2.5,1.0,,2,0,84.805,9.056,26.094,uav_3,9.056,False,False,False,False,False,1,"[{""id"": ""obstacle_0"", ""kind"": ""static_obstacle"", ""x"": 50.0, ""y"": 50.0, ""radius"": 5.0}]"
safety_margin_covariance,92,18.4,3,34.436,33.509,90.0,86.0,50.0,50.0,,,position_noise+confidence_error,,trust_weighted_fusion,move,covariance,2.5,1.0,,2,0,76.437,8.988,17.675,uav_1,8.988,False,False,False,False,False,1,"[{""id"": ""obstacle_0"", ""kind"": ""static_obstacle"", ""x"": 50.0, ""y"": 50.0, ""radius"": 5.0}]"
safety_margin_covariance,93,18.6,0,23.091,22.516,94.0,90.0,50.0,50.0,,,false_negative+position_noise+confidence_error,,trust_weighted_fusion,move,covariance,2.5,1.0,,1,0,97.889,9.124,33.464,uav_2,9.124,False,False,False,False,False,1,"[{""id"": ""obstacle_0"", ""kind"": ""static_obstacle"", ""x"": 50.0, ""y"": 50.0, ""radius"": 5.0}]"
safety_margin_covariance,93,18.6,1,25.675,34.362,90.0,94.0,50.0,50.0,,,false_negative+position_noise+confidence_error,,trust_weighted_fusion,move,covariance,2.5,1.0,,1,0,87.718,9.071,23.919,uav_3,9.071,False,False,False,False,False,1,"[{""id"": ""obstacle_0"", ""kind"": ""static_obstacle"", ""x"": 50.0, ""y"": 50.0, ""radius"": 5.0}]"
safety_margin_covariance,93,18.6,2,31.841,25.099,86.0,90.0,50.0,50.0,,,position_noise+confidence_error,,trust_weighted_fusion,move,covariance,2.5,1.0,,3,0,84.53,9.124,25.819,uav_0,9.124,False,False,False,False,False,1,"[{""id"": ""obstacle_0"", ""kind"": ""static_obstacle"", ""x"": 50.0, ""y"": 50.0, ""radius"": 5.0}]"
safety_margin_covariance,93,18.6,3,34.727,33.784,90.0,86.0,50.0,50.0,,,false_negative+confidence_error,,trust_weighted_fusion,move,covariance,0.0,0.0,,0,0,76.037,9.071,17.276,uav_1,9.071,False,False,False,False,False,1,"[{""id"": ""obstacle_0"", ""kind"": ""static_obstacle"", ""x"": 50.0, ""y"": 50.0, ""radius"": 5.0}]"
safety_margin_covariance,94,18.8,0,23.29,22.706,94.0,90.0,50.0,50.0,,,false_negative+position_noise+confidence_error,,trust_weighted_fusion,move,covariance,2.5,1.0,,1,0,97.614,9.108,33.189,uav_2,9.108,False,False,False,False,False,1,"[{""id"": ""obstacle_0"", ""kind"": ""static_obstacle"", ""x"": 50.0, ""y"": 50.0, ""radius"": 5.0}]"
safety_margin_covariance,94,18.8,1,25.876,34.549,90.0,94.0,50.0,50.0,,,false_negative+position_noise+confidence_error,,trust_weighted_fusion,move,covariance,2.5,1.0,,1,0,87.443,9.069,23.648,uav_3,9.069,False,False,False,False,False,1,"[{""id"": ""obstacle_0"", ""kind"": ""static_obstacle"", ""x"": 50.0, ""y"": 50.0, ""radius"": 5.0}]"
safety_margin_covariance,94,18.8,2,32.018,25.31,86.0,90.0,50.0,50.0,,,false_negative+position_noise+confidence_error,,trust_weighted_fusion,move,covariance,2.5,1.0,,1,0,84.255,9.108,25.545,uav_0,9.108,False,False,False,False,False,1,"[{""id"": ""obstacle_0"", ""kind"": ""static_obstacle"", ""x"": 50.0, ""y"": 50.0, ""radius"": 5.0}]"
safety_margin_covariance,94,18.8,3,34.927,33.973,90.0,86.0,50.0,50.0,,,false_negative+position_noise+confidence_error,,trust_weighted_fusion,move,covariance,2.5,1.0,,1,0,75.762,9.069,17.002,uav_1,9.069,False,False,False,False,False,1,"[{""id"": ""obstacle_0"", ""kind"": ""static_obstacle"", ""x"": 50.0, ""y"": 50.0, ""radius"": 5.0}]"
safety_margin_covariance,95,19.0,0,23.489,22.895,94.0,90.0,50.0,50.0,,,false_negative+position_noise+confidence_error,,trust_weighted_fusion,move,covariance,2.5,1.0,,1,0,97.339,9.092,32.914,uav_2,9.092,False,False,False,False,False,1,"[{""id"": ""obstacle_0"", ""kind"": ""static_obstacle"", ""x"": 50.0, ""y"": 50.0, ""radius"": 5.0}]"
safety_margin_covariance,95,19.0,1,26.078,34.736,90.0,94.0,50.0,50.0,,,position_noise+confidence_error,,trust_weighted_fusion,move,covariance,2.5,1.0,,3,0,87.168,9.067,23.377,uav_3,9.067,False,False,False,False,False,1,"[{""id"": ""obstacle_0"", ""kind"": ""static_obstacle"", ""x"": 50.0, ""y"": 50.0, ""radius"": 5.0}]"
safety_margin_covariance,95,19.0,2,32.194,25.521,86.0,90.0,50.0,50.0,,,false_negative+position_noise+confidence_error,,trust_weighted_fusion,move,covariance,2.5,1.0,,1,0,83.98,9.092,25.27,uav_0,9.092,False,False,False,False,False,1,"[{""id"": ""obstacle_0"", ""kind"": ""static_obstacle"", ""x"": 50.0, ""y"": 50.0, ""radius"": 5.0}]"
safety_margin_covariance,95,19.0,3,35.127,34.162,90.0,86.0,50.0,50.0,,,false_negative+position_noise+confidence_error,,trust_weighted_fusion,move,covariance,2.5,1.0,,1,0,75.487,9.067,16.727,uav_1,9.067,False,False,False,False,False,1,"[{""id"": ""obstacle_0"", ""kind"": ""static_obstacle"", ""x"": 50.0, ""y"": 50.0, ""radius"": 5.0}]"
safety_margin_covariance,96,19.2,0,23.688,23.085,94.0,90.0,50.0,50.0,,,false_negative+position_noise+confidence_error,,trust_weighted_fusion,move,covariance,2.5,1.0,,1,0,97.064,9.076,32.64,uav_2,9.076,False,False,False,False,False,1,"[{""id"": ""obstacle_0"", ""kind"": ""static_obstacle"", ""x"": 50.0, ""y"": 50.0, ""radius"": 5.0}]"
safety_margin_covariance,96,19.2,1,26.28,34.923,90.0,94.0,50.0,50.0,,,false_negative+position_noise+confidence_error,,trust_weighted_fusion,move,covariance,2.5,1.0,,2,0,86.893,9.065,23.107,uav_3,9.065,False,False,False,False,False,1,"[{""id"": ""obstacle_0"", ""kind"": ""static_obstacle"", ""x"": 50.0, ""y"": 50.0, ""radius"": 5.0}]"
safety_margin_covariance,96,19.2,2,32.37,25.732,86.0,90.0,50.0,50.0,,,position_noise+confidence_error,,trust_weighted_fusion,move,covariance,2.5,1.0,,3,0,83.705,9.076,24.996,uav_0,9.076,False,False,False,False,False,1,"[{""id"": ""obstacle_0"", ""kind"": ""static_obstacle"", ""x"": 50.0, ""y"": 50.0, ""radius"": 5.0}]"
safety_margin_covariance,96,19.2,3,35.327,34.35,90.0,86.0,50.0,50.0,,,false_negative+position_noise+confidence_error,,trust_weighted_fusion,move,covariance,2.5,1.0,,1,0,75.212,9.065,16.453,uav_1,9.065,False,False,False,False,False,1,"[{""id"": ""obstacle_0"", ""kind"": ""static_obstacle"", ""x"": 50.0, ""y"": 50.0, ""radius"": 5.0}]"
safety_margin_covariance,97,19.4,0,23.978,23.361,94.0,90.0,50.0,50.0,,,false_negative+confidence_error,,trust_weighted_fusion,move,covariance,0.0,0.0,,0,0,96.664,8.949,32.24,uav_2,8.949,False,False,False,False,False,1,"[{""id"": ""obstacle_0"", ""kind"": ""static_obstacle"", ""x"": 50.0, ""y"": 50.0, ""radius"": 5.0}]"
safety_margin_covariance,97,19.4,1,26.481,35.11,90.0,94.0,50.0,50.0,,,false_negative+position_noise+confidence_error,,trust_weighted_fusion,move,covariance,2.5,1.0,,1,0,86.618,9.063,22.836,uav_3,9.063,False,False,False,False,False,1,"[{""id"": ""obstacle_0"", ""kind"": ""static_obstacle"", ""x"": 50.0, ""y"": 50.0, ""radius"": 5.0}]"
safety_margin_covariance,97,19.4,2,32.546,25.943,86.0,90.0,50.0,50.0,,,false_negative+position_noise+confidence_error,,trust_weighted_fusion,move,covariance,2.5,1.0,,2,0,83.43,8.949,24.722,uav_0,8.949,False,False,False,False,False,1,"[{""id"": ""obstacle_0"", ""kind"": ""static_obstacle"", ""x"": 50.0, ""y"": 50.0, ""radius"": 5.0}]"
safety_margin_covariance,97,19.4,3,35.527,34.539,90.0,86.0,50.0,50.0,,,position_noise+confidence_error,,trust_weighted_fusion,move,covariance,2.5,1.0,,2,0,74.937,9.063,16.178,uav_1,9.063,False,False,False,False,False,1,"[{""id"": ""obstacle_0"", ""kind"": ""static_obstacle"", ""x"": 50.0, ""y"": 50.0, ""radius"": 5.0}]"
safety_margin_covariance,98,19.6,0,23.888,23.101,94.0,90.0,50.0,50.0,,,position_noise+confidence_error,,trust_weighted_fusion,avoidance,covariance,2.5,1.0,,2,0,96.908,9.347,32.489,uav_2,9.347,False,False,False,False,False,1,"[{""id"": ""obstacle_0"", ""kind"": ""static_obstacle"", ""x"": 50.0, ""y"": 50.0, ""radius"": 5.0}]"
safety_margin_covariance,98,19.6,1,26.683,35.297,90.0,94.0,50.0,50.0,,,false_negative+position_noise+confidence_error,,trust_weighted_fusion,move,covariance,2.5,1.0,,2,0,86.343,9.147,22.566,uav_3,9.147,False,False,False,False,False,1,"[{""id"": ""obstacle_0"", ""kind"": ""static_obstacle"", ""x"": 50.0, ""y"": 50.0, ""radius"": 5.0}]"
safety_margin_covariance,98,19.6,2,32.722,26.154,86.0,90.0,50.0,50.0,,,false_negative+position_noise+confidence_error,,trust_weighted_fusion,move,covariance,2.5,1.0,,1,0,83.155,9.196,24.447,uav_3,9.196,False,False,False,False,False,1,"[{""id"": ""obstacle_0"", ""kind"": ""static_obstacle"", ""x"": 50.0, ""y"": 50.0, ""radius"": 5.0}]"
safety_margin_covariance,98,19.6,3,35.817,34.814,90.0,86.0,50.0,50.0,,,false_negative+confidence_error,,trust_weighted_fusion,move,covariance,0.0,0.0,,0,0,74.537,9.147,15.779,uav_1,9.147,False,False,False,False,False,1,"[{""id"": ""obstacle_0"", ""kind"": ""static_obstacle"", ""x"": 50.0, ""y"": 50.0, ""radius"": 5.0}]"
safety_margin_covariance,99,19.8,0,24.087,23.29,94.0,90.0,50.0,50.0,,,false_negative+position_noise+confidence_error,,trust_weighted_fusion,move,covariance,2.5,1.0,,1,0,96.633,9.332,32.214,uav_2,9.332,False,False,False,False,False,1,"[{""id"": ""obstacle_0"", ""kind"": ""static_obstacle"", ""x"": 50.0, ""y"": 50.0, ""radius"": 5.0}]"
safety_margin_covariance,99,19.8,1,26.885,35.484,90.0,94.0,50.0,50.0,,,false_negative+position_noise+confidence_error,,trust_weighted_fusion,move,covariance,2.5,1.0,,2,0,86.068,9.145,22.296,uav_3,9.145,False,False,False,False,False,1,"[{""id"": ""obstacle_0"", ""kind"": ""static_obstacle"", ""x"": 50.0, ""y"": 50.0, ""radius"": 5.0}]"
safety_margin_covariance,99,19.8,2,32.898,26.365,86.0,90.0,50.0,50.0,,,false_negative+position_noise+confidence_error,,trust_weighted_fusion,move,covariance,2.5,1.0,,2,0,82.88,9.183,24.173,uav_3,9.183,False,False,False,False,False,1,"[{""id"": ""obstacle_0"", ""kind"": ""static_obstacle"", ""x"": 50.0, ""y"": 50.0, ""radius"": 5.0}]"
safety_margin_covariance,99,19.8,3,36.017,35.003,90.0,86.0,50.0,50.0,,,position_noise+confidence_error,,trust_weighted_fusion,move,covariance,2.5,1.0,,2,0,74.262,9.145,15.504,uav_1,9.145,False,False,False,False,False,1,"[{""id"": ""obstacle_0"", ""kind"": ""static_obstacle"", ""x"": 50.0, ""y"": 50.0, ""radius"": 5.0}]"
safety_margin_covariance,100,20.0,0,24.286,23.48,94.0,90.0,50.0,50.0,,,position_noise+confidence_error,,trust_weighted_fusion,move,covariance,2.5,1.0,,2,0,96.358,9.425,31.939,uav_2,9.425,False,False,False,False,False,1,"[{""id"": ""obstacle_0"", ""kind"": ""static_obstacle"", ""x"": 50.0, ""y"": 50.0, ""radius"": 5.0}]"
safety_margin_covariance,100,20.0,1,27.086,35.671,90.0,94.0,50.0,50.0,,,false_negative+position_noise+confidence_error,,trust_weighted_fusion,move,covariance,2.5,1.0,,2,0,85.793,9.23,22.025,uav_3,9.23,False,False,False,False,False,1,"[{""id"": ""obstacle_0"", ""kind"": ""static_obstacle"", ""x"": 50.0, ""y"": 50.0, ""radius"": 5.0}]"
safety_margin_covariance,100,20.0,2,33.155,26.673,86.0,90.0,50.0,50.0,,,false_negative+confidence_error,,trust_weighted_fusion,move,covariance,0.0,0.0,,0,0,82.48,9.165,23.774,uav_3,9.165,False,False,False,False,False,1,"[{""id"": ""obstacle_0"", ""kind"": ""static_obstacle"", ""x"": 50.0, ""y"": 50.0, ""radius"": 5.0}]"
safety_margin_covariance,100,20.0,3,36.308,35.278,90.0,86.0,50.0,50.0,,,false_negative+confidence_error,,trust_weighted_fusion,move,covariance,0.0,0.0,,0,0,73.862,9.165,15.105,uav_2,9.165,False,False,False,False,False,1,"[{""id"": ""obstacle_0"", ""kind"": ""static_obstacle"", ""x"": 50.0, ""y"": 50.0, ""radius"": 5.0}]"
safety_margin_covariance,101,20.2,0,24.485,23.67,94.0,90.0,50.0,50.0,,,position_noise+confidence_error,,trust_weighted_fusion,move,covariance,2.5,1.0,,2,0,96.083,9.411,31.664,uav_2,9.411,False,False,False,False,False,1,"[{""id"": ""obstacle_0"", ""kind"": ""static_obstacle"", ""x"": 50.0, ""y"": 50.0, ""radius"": 5.0}]"
safety_margin_covariance,101,20.2,1,27.288,35.858,90.0,94.0,50.0,50.0,,,false_negative+position_noise+confidence_error,,trust_weighted_fusion,move,covariance,2.5,1.0,,2,0,85.518,9.228,21.755,uav_3,9.228,False,False,False,False,False,1,"[{""id"": ""obstacle_0"", ""kind"": ""static_obstacle"", ""x"": 50.0, ""y"": 50.0, ""radius"": 5.0}]"
safety_margin_covariance,101,20.2,2,33.331,26.884,86.0,90.0,50.0,50.0,,,false_negative+position_noise+confidence_error,,trust_weighted_fusion,move,covariance,2.5,1.0,,2,0,82.205,9.152,23.5,uav_3,9.152,False,False,False,False,False,1,"[{""id"": ""obstacle_0"", ""kind"": ""static_obstacle"", ""x"": 50.0, ""y"": 50.0, ""radius"": 5.0}]"
safety_margin_covariance,101,20.2,3,36.508,35.466,90.0,86.0,50.0,50.0,,,position_noise+confidence_error,,trust_weighted_fusion,move,covariance,2.5,1.0,,2,0,73.587,9.152,14.831,uav_2,9.152,False,False,False,False,False,1,"[{""id"": ""obstacle_0"", ""kind"": ""static_obstacle"", ""x"": 50.0, ""y"": 50.0, ""radius"": 5.0}]"
safety_margin_covariance,102,20.4,0,24.684,23.86,94.0,90.0,50.0,50.0,,,false_negative+position_noise+confidence_error,,trust_weighted_fusion,move,covariance,2.5,1.0,,1,0,95.808,9.506,31.389,uav_2,9.506,False,False,False,False,False,1,"[{""id"": ""obstacle_0"", ""kind"": ""static_obstacle"", ""x"": 50.0, ""y"": 50.0, ""radius"": 5.0}]"
safety_margin_covariance,102,20.4,1,27.49,36.045,90.0,94.0,50.0,50.0,,,false_negative+position_noise+confidence_error,,trust_weighted_fusion,move,covariance,2.5,1.0,,1,0,85.243,9.227,21.485,uav_3,9.227,False,False,False,False,False,1,"[{""id"": ""obstacle_0"", ""kind"": ""static_obstacle"", ""x"": 50.0, ""y"": 50.0, ""radius"": 5.0}]"
safety_margin_covariance,102,20.4,2,33.587,27.191,86.0,90.0,50.0,50.0,,,dropout+confidence_error,,trust_weighted_fusion,move,covariance,0.0,0.0,,0,0,81.805,9.021,23.101,uav_3,9.021,False,False,False,False,False,1,"[{""id"": ""obstacle_0"", ""kind"": ""static_obstacle"", ""x"": 50.0, ""y"": 50.0, ""radius"": 5.0}]"
safety_margin_covariance,102,20.4,3,36.708,35.655,90.0,86.0,50.0,50.0,,,false_negative+position_noise+confidence_error,,trust_weighted_fusion,move,covariance,2.5,1.0,,1,0,73.312,9.021,14.556,uav_2,9.021,False,False,False,False,False,1,"[{""id"": ""obstacle_0"", ""kind"": ""static_obstacle"", ""x"": 50.0, ""y"": 50.0, ""radius"": 5.0}]"
safety_margin_covariance,103,20.6,0,24.883,24.05,94.0,90.0,50.0,50.0,,,position_noise+confidence_error,,trust_weighted_fusion,move,covariance,2.5,1.0,,2,0,95.533,9.601,31.115,uav_2,9.601,False,False,False,False,False,1,"[{""id"": ""obstacle_0"", ""kind"": ""static_obstacle"", ""x"": 50.0, ""y"": 50.0, ""radius"": 5.0}]"
safety_margin_covariance,103,20.6,1,27.691,36.231,90.0,94.0,50.0,50.0,,,position_noise+confidence_error,,trust_weighted_fusion,move,covariance,2.5,1.0,,3,0,84.968,9.225,21.216,uav_3,9.225,False,False,False,False,False,1,"[{""id"": ""obstacle_0"", ""kind"": ""static_obstacle"", ""x"": 50.0, ""y"": 50.0, ""radius"": 5.0}]"
safety_margin_covariance,103,20.6,2,33.844,27.498,86.0,90.0,50.0,50.0,,,dropout+confidence_error,,trust_weighted_fusion,move,covariance,0.0,0.0,,0,0,81.405,8.891,22.702,uav_3,8.891,False,False,False,False,False,1,"[{""id"": ""obstacle_0"", ""kind"": ""static_obstacle"", ""x"": 50.0, ""y"": 50.0, ""radius"": 5.0}]"
safety_margin_covariance,103,20.6,3,36.908,35.844,90.0,86.0,50.0,50.0,52.722,53.16,false_negative+position_noise+confidence_error,0.0,trust_weighted_fusion,move,covariance,2.5,1.0,,2,0,73.037,8.891,14.282,uav_2,8.891,False,False,False,False,False,1,"[{""id"": ""obstacle_0"", ""kind"": ""static_obstacle"", ""x"": 50.0, ""y"": 50.0, ""radius"": 5.0}]"
safety_margin_covariance,104,20.8,0,25.173,24.326,94.0,90.0,50.0,50.0,,,false_negative+confidence_error,,trust_weighted_fusion,move,covariance,0.0,0.0,,0,0,95.133,9.581,30.715,uav_2,9.581,False,False,False,False,False,1,"[{""id"": ""obstacle_0"", ""kind"": ""static_obstacle"", ""x"": 50.0, ""y"": 50.0, ""radius"": 5.0}]"
safety_margin_covariance,104,20.8,1,27.893,36.418,90.0,94.0,50.0,50.0,,,position_noise+confidence_error,,trust_weighted_fusion,move,covariance,2.5,1.0,,3,0,84.693,9.292,20.946,uav_3,9.292,False,False,False,False,False,1,"[{""id"": ""obstacle_0"", ""kind"": ""static_obstacle"", ""x"": 50.0, ""y"": 50.0, ""radius"": 5.0}]"
safety_margin_covariance,104,20.8,2,34.1,27.805,86.0,90.0,50.0,50.0,,,dropout+confidence_error,,trust_weighted_fusion,move,covariance,0.0,0.0,,0,0,81.005,8.498,22.303,uav_3,8.498,False,False,False,False,False,1,"[{""id"": ""obstacle_0"", ""kind"": ""static_obstacle"", ""x"": 50.0, ""y"": 50.0, ""radius"": 5.0}]"
safety_margin_covariance,104,20.8,3,37.159,35.733,90.0,86.0,50.0,50.0,46.722,47.182,position_noise+confidence_error,0.386,trust_weighted_fusion,avoidance,covariance,2.5,1.0,,3,0,72.931,8.498,14.195,uav_2,8.498,False,False,False,False,False,1,"[{""id"": ""obstacle_0"", ""kind"": ""static_obstacle"", ""x"": 50.0, ""y"": 50.0, ""radius"": 5.0}]"
safety_margin_covariance,105,21.0,0,25.372,24.516,94.0,90.0,50.0,50.0,,,false_negative+position_noise+confidence_error,,trust_weighted_fusion,move,covariance,2.5,1.0,,1,0,94.858,9.678,30.44,uav_2,9.678,False,False,False,False,False,1,"[{""id"": ""obstacle_0"", ""kind"": ""static_obstacle"", ""x"": 50.0, ""y"": 50.0, ""radius"": 5.0}]"
safety_margin_covariance,105,21.0,1,28.095,36.605,90.0,94.0,50.0,50.0,,,false_negative+position_noise+confidence_error,,trust_weighted_fusion,move,covariance,2.5,1.0,,2,0,84.418,9.289,20.676,uav_3,9.289,False,False,False,False,False,1,"[{""id"": ""obstacle_0"", ""kind"": ""static_obstacle"", ""x"": 50.0, ""y"": 50.0, ""radius"": 5.0}]"
safety_margin_covariance,105,21.0,2,34.356,28.112,86.0,90.0,50.0,50.0,,,dropout+confidence_error,,trust_weighted_fusion,move,covariance,0.0,0.0,,0,0,80.605,8.368,21.904,uav_3,8.368,False,False,False,False,False,1,"[{""id"": ""obstacle_0"", ""kind"": ""static_obstacle"", ""x"": 50.0, ""y"": 50.0, ""radius"": 5.0}]"
safety_margin_covariance,105,21.0,3,37.359,35.923,90.0,86.0,50.0,50.0,49.637,52.902,false_negative+position_noise+confidence_error,0.665,trust_weighted_fusion,move,covariance,2.5,1.0,,1,0,72.656,8.368,13.92,uav_2,8.368,False,False,False,False,False,1,"[{""id"": ""obstacle_0"", ""kind"": ""static_obstacle"", ""x"": 50.0, ""y"": 50.0, ""radius"": 5.0}]"
safety_margin_covariance,106,21.2,0,25.571,24.706,94.0,90.0,50.0,50.0,,,false_negative+position_noise+confidence_error,,trust_weighted_fusion,move,covariance,2.5,1.0,,1,0,94.583,9.775,30.165,uav_2,9.775,False,False,False,False,False,1,"[{""id"": ""obstacle_0"", ""kind"": ""static_obstacle"", ""x"": 50.0, ""y"": 50.0, ""radius"": 5.0}]"
safety_margin_covariance,106,21.2,1,28.296,36.792,90.0,94.0,50.0,50.0,,,false_negative+position_noise+confidence_error,,trust_weighted_fusion,move,covariance,2.5,1.0,,1,0,84.143,9.372,20.407,uav_3,9.372,False,False,False,False,False,1,"[{""id"": ""obstacle_0"", ""kind"": ""static_obstacle"", ""x"": 50.0, ""y"": 50.0, ""radius"": 5.0}]"
safety_margin_covariance,106,21.2,2,34.612,28.419,86.0,90.0,50.0,50.0,,,dropout+confidence_error,,trust_weighted_fusion,move,covariance,0.0,0.0,,0,0,80.205,8.12,21.505,uav_3,8.12,False,False,False,False,False,1,"[{""id"": ""obstacle_0"", ""kind"": ""static_obstacle"", ""x"": 50.0, ""y"": 50.0, ""radius"": 5.0}]"
safety_margin_covariance,106,21.2,3,37.631,35.957,90.0,86.0,50.0,50.0,48.067,52.326,false_negative+position_noise+confidence_error,0.305,trust_weighted_fusion,avoidance,covariance,2.5,1.0,,1,0,72.434,8.12,13.713,uav_2,8.12,False,False,False,False,False,1,"[{""id"": ""obstacle_0"", ""kind"": ""static_obstacle"", ""x"": 50.0, ""y"": 50.0, ""radius"": 5.0}]"
safety_margin_covariance,107,21.4,0,25.769,24.895,94.0,90.0,50.0,50.0,,,false_negative+position_noise+confidence_error,,trust_weighted_fusion,move,covariance,2.5,1.0,,1,0,94.308,9.762,29.891,uav_2,9.762,False,False,False,False,False,1,"[{""id"": ""obstacle_0"", ""kind"": ""static_obstacle"", ""x"": 50.0, ""y"": 50.0, ""radius"": 5.0}]"
safety_margin_covariance,107,21.4,1,28.498,36.979,90.0,94.0,50.0,50.0,,,false_negative+position_noise+confidence_error,,trust_weighted_fusion,move,covariance,2.5,1.0,,1,0,83.868,9.369,20.137,uav_3,9.369,False,False,False,False,False,1,"[{""id"": ""obstacle_0"", ""kind"": ""static_obstacle"", ""x"": 50.0, ""y"": 50.0, ""radius"": 5.0}]"
safety_margin_covariance,107,21.4,2,34.789,28.63,86.0,90.0,50.0,50.0,,,false_negative+position_noise+confidence_error,,trust_weighted_fusion,move,covariance,2.5,1.0,,1,0,79.93,8.109,21.231,uav_3,8.109,False,False,False,False,False,1,"[{""id"": ""obstacle_0"", ""kind"": ""static_obstacle"", ""x"": 50.0, ""y"": 50.0, ""radius"": 5.0}]"
safety_margin_covariance,107,21.4,3,37.83,36.147,90.0,86.0,50.0,50.0,50.895,52.941,false_negative+position_noise+confidence_error,0.015,trust_weighted_fusion,move,covariance,2.5,1.0,,2,0,72.159,8.109,13.439,uav_2,8.109,False,False,False,False,False,1,"[{""id"": ""obstacle_0"", ""kind"": ""static_obstacle"", ""x"": 50.0, ""y"": 50.0, ""radius"": 5.0}]"
safety_margin_covariance,108,21.6,0,25.968,25.085,94.0,90.0,50.0,50.0,,,false_negative+position_noise+confidence_error,,trust_weighted_fusion,move,covariance,2.5,1.0,,1,0,94.033,9.749,29.616,uav_2,9.749,False,False,False,False,False,1,"[{""id"": ""obstacle_0"", ""kind"": ""static_obstacle"", ""x"": 50.0, ""y"": 50.0, ""radius"": 5.0}]"
safety_margin_covariance,108,21.6,1,28.7,37.166,90.0,94.0,50.0,50.0,,,position_noise+confidence_error,,trust_weighted_fusion,move,covariance,2.5,1.0,,3,0,83.593,9.366,19.868,uav_3,9.366,False,False,False,False,False,1,"[{""id"": ""obstacle_0"", ""kind"": ""static_obstacle"", ""x"": 50.0, ""y"": 50.0, ""radius"": 5.0}]"
safety_margin_covariance,108,21.6,2,34.965,28.842,86.0,90.0,50.0,50.0,,,false_negative+position_noise+confidence_error,,trust_weighted_fusion,move,covariance,2.5,1.0,,2,0,79.655,8.098,20.957,uav_3,8.098,False,False,False,False,False,1,"[{""id"": ""obstacle_0"", ""kind"": ""static_obstacle"", ""x"": 50.0, ""y"": 50.0, ""radius"": 5.0}]"
safety_margin_covariance,108,21.6,3,38.029,36.337,90.0,86.0,50.0,50.0,,,false_negative+position_noise+confidence_error,,trust_weighted_fusion,move,covariance,2.5,1.0,,1,0,71.884,8.098,13.165,uav_2,8.098,False,False,False,False,False,1,"[{""id"": ""obstacle_0"", ""kind"": ""static_obstacle"", ""x"": 50.0, ""y"": 50.0, ""radius"": 5.0}]"
safety_margin_covariance,109,21.8,0,26.167,25.275,94.0,90.0,50.0,50.0,,,position_noise+confidence_error,,trust_weighted_fusion,move,covariance,2.5,1.0,,2,0,93.758,9.736,29.341,uav_2,9.736,False,False,False,False,False,1,"[{""id"": ""obstacle_0"", ""kind"": ""static_obstacle"", ""x"": 50.0, ""y"": 50.0, ""radius"": 5.0}]"
safety_margin_covariance,109,21.8,1,28.901,37.353,90.0,94.0,50.0,50.0,,,false_negative+position_noise+confidence_error,,trust_weighted_fusion,move,covariance,2.5,1.0,,2,0,83.318,9.363,19.599,uav_3,9.363,False,False,False,False,False,1,"[{""id"": ""obstacle_0"", ""kind"": ""static_obstacle"", ""x"": 50.0, ""y"": 50.0, ""radius"": 5.0}]"
safety_margin_covariance,109,21.8,2,35.141,29.053,86.0,90.0,50.0,50.0,,,position_noise+confidence_error,,trust_weighted_fusion,move,covariance,2.5,1.0,,3,0,79.38,8.087,20.682,uav_3,8.087,False,False,False,False,False,1,"[{""id"": ""obstacle_0"", ""kind"": ""static_obstacle"", ""x"": 50.0, ""y"": 50.0, ""radius"": 5.0}]"
safety_margin_covariance,109,21.8,3,38.228,36.527,90.0,86.0,50.0,50.0,,,false_negative+position_noise+confidence_error,,trust_weighted_fusion,move,covariance,2.5,1.0,,2,0,71.609,8.087,12.891,uav_2,8.087,False,False,False,False,False,1,"[{""id"": ""obstacle_0"", ""kind"": ""static_obstacle"", ""x"": 50.0, ""y"": 50.0, ""radius"": 5.0}]"
safety_margin_covariance,110,22.0,0,26.366,25.465,94.0,90.0,50.0,50.0,,,position_noise+confidence_error,,trust_weighted_fusion,move,covariance,2.5,1.0,,2,0,93.483,9.724,29.066,uav_2,9.724,False,False,False,False,False,1,"[{""id"": ""obstacle_0"", ""kind"": ""static_obstacle"", ""x"": 50.0, ""y"": 50.0, ""radius"": 5.0}]"
safety_margin_covariance,110,22.0,1,29.103,37.54,90.0,94.0,50.0,50.0,,,false_negative+position_noise+confidence_error,,trust_weighted_fusion,move,covariance,2.5,1.0,,1,0,83.043,9.36,19.33,uav_3,9.36,False,False,False,False,False,1,"[{""id"": ""obstacle_0"", ""kind"": ""static_obstacle"", ""x"": 50.0, ""y"": 50.0, ""radius"": 5.0}]"
safety_margin_covariance,110,22.0,2,35.317,29.264,86.0,90.0,50.0,50.0,,,false_negative+position_noise+confidence_error,,trust_weighted_fusion,move,covariance,2.5,1.0,,2,0,79.105,8.076,20.408,uav_3,8.076,False,False,False,False,False,1,"[{""id"": ""obstacle_0"", ""kind"": ""static_obstacle"", ""x"": 50.0, ""y"": 50.0, ""radius"": 5.0}]"
safety_margin_covariance,110,22.0,3,38.427,36.717,90.0,86.0,50.0,50.0,,,false_negative+position_noise+confidence_error,,trust_weighted_fusion,move,covariance,2.5,1.0,,1,0,71.334,8.076,12.617,uav_2,8.076,False,False,False,False,False,1,"[{""id"": ""obstacle_0"", ""kind"": ""static_obstacle"", ""x"": 50.0, ""y"": 50.0, ""radius"": 5.0}]"
safety_margin_covariance,111,22.2,0,26.565,25.655,94.0,90.0,50.0,50.0,,,false_negative+position_noise+confidence_error,,trust_weighted_fusion,move,covariance,2.5,1.0,,1,0,93.208,9.711,28.792,uav_2,9.711,False,False,False,False,False,1,"[{""id"": ""obstacle_0"", ""kind"": ""static_obstacle"", ""x"": 50.0, ""y"": 50.0, ""radius"": 5.0}]"
safety_margin_covariance,111,22.2,1,29.304,37.727,90.0,94.0,50.0,50.0,,,false_negative+position_noise+confidence_error,,trust_weighted_fusion,move,covariance,2.5,1.0,,2,0,82.768,9.453,19.061,uav_3,9.453,False,False,False,False,False,1,"[{""id"": ""obstacle_0"", ""kind"": ""static_obstacle"", ""x"": 50.0, ""y"": 50.0, ""radius"": 5.0}]"
safety_margin_covariance,111,22.2,2,35.493,29.475,86.0,90.0,50.0,50.0,,,false_negative+position_noise+confidence_error,,trust_weighted_fusion,move,covariance,2.5,1.0,,2,0,78.83,7.885,20.134,uav_3,7.885,False,False,False,False,False,1,"[{""id"": ""obstacle_0"", ""kind"": ""static_obstacle"", ""x"": 50.0, ""y"": 50.0, ""radius"": 5.0}]"
safety_margin_covariance,111,22.2,3,38.699,36.679,90.0,86.0,50.0,50.0,49.713,49.017,false_negative+position_noise+confidence_error,0.457,trust_weighted_fusion,avoidance,covariance,2.5,1.0,,2,0,71.164,7.885,12.469,uav_2,7.885,False,False,False,False,False,1,"[{""id"": ""obstacle_0"", ""kind"": ""static_obstacle"", ""x"": 50.0, ""y"": 50.0, ""radius"": 5.0}]"
safety_margin_covariance,112,22.4,0,26.764,25.845,94.0,90.0,50.0,50.0,,,false_negative+position_noise+confidence_error,,trust_weighted_fusion,move,covariance,2.5,1.0,,1,0,92.933,9.81,28.517,uav_2,9.81,False,False,False,False,False,1,"[{""id"": ""obstacle_0"", ""kind"": ""static_obstacle"", ""x"": 50.0, ""y"": 50.0, ""radius"": 5.0}]"
safety_margin_covariance,112,22.4,1,29.598,37.999,90.0,94.0,50.0,50.0,,,false_negative+confidence_error,,trust_weighted_fusion,move,covariance,0.0,0.0,,0,0,82.368,9.368,18.67,uav_3,9.368,False,False,False,False,False,1,"[{""id"": ""obstacle_0"", ""kind"": ""static_obstacle"", ""x"": 50.0, ""y"": 50.0, ""radius"": 5.0}]"
safety_margin_covariance,112,22.4,2,35.75,29.782,86.0,90.0,50.0,50.0,,,false_negative+confidence_error,,trust_weighted_fusion,move,covariance,0.0,0.0,,0,0,78.43,7.755,19.735,uav_3,7.755,False,False,False,False,False,1,"[{""id"": ""obstacle_0"", ""kind"": ""static_obstacle"", ""x"": 50.0, ""y"": 50.0, ""radius"": 5.0}]"
safety_margin_covariance,112,22.4,3,38.897,36.87,90.0,86.0,50.0,50.0,,,false_negative+position_noise+confidence_error,,trust_weighted_fusion,move,covariance,2.5,1.0,,2,0,70.889,7.755,12.195,uav_2,7.755,False,False,False,False,False,1,"[{""id"": ""obstacle_0"", ""kind"": ""static_obstacle"", ""x"": 50.0, ""y"": 50.0, ""radius"": 5.0}]"
safety_margin_covariance,113,22.6,0,26.963,26.035,94.0,90.0,50.0,50.0,,,false_negative+position_noise+confidence_error,,trust_weighted_fusion,move,covariance,2.5,1.0,,1,0,92.658,9.798,28.242,uav_2,9.798,False,False,False,False,False,1,"[{""id"": ""obstacle_0"", ""kind"": ""static_obstacle"", ""x"": 50.0, ""y"": 50.0, ""radius"": 5.0}]"
safety_margin_covariance,113,22.6,1,29.799,38.186,90.0,94.0,50.0,50.0,,,false_negative+position_noise+confidence_error,,trust_weighted_fusion,move,covariance,2.5,1.0,,1,0,82.093,9.364,18.401,uav_3,9.364,False,False,False,False,False,1,"[{""id"": ""obstacle_0"", ""kind"": ""static_obstacle"", ""x"": 50.0, ""y"": 50.0, ""radius"": 5.0}]"
safety_margin_covariance,113,22.6,2,35.926,29.993,86.0,90.0,50.0,50.0,,,false_negative+position_noise+confidence_error,,trust_weighted_fusion,move,covariance,2.5,1.0,,2,0,78.155,7.745,19.461,uav_3,7.745,False,False,False,False,False,1,"[{""id"": ""obstacle_0"", ""kind"": ""static_obstacle"", ""x"": 50.0, ""y"": 50.0, ""radius"": 5.0}]"
safety_margin_covariance,113,22.6,3,39.095,37.06,90.0,86.0,50.0,50.0,50.392,53.711,position_noise+confidence_error,0.299,trust_weighted_fusion,move,covariance,2.5,1.0,,3,0,70.614,7.745,11.922,uav_2,7.745,False,False,False,False,False,1,"[{""id"": ""obstacle_0"", ""kind"": ""static_obstacle"", ""x"": 50.0, ""y"": 50.0, ""radius"": 5.0}]"
safety_margin_covariance,114,22.8,0,27.162,26.224,94.0,90.0,50.0,50.0,,,false_negative+position_noise+confidence_error,,trust_weighted_fusion,move,covariance,2.5,1.0,,1,0,92.383,9.786,27.967,uav_2,9.786,False,False,False,False,False,1,"[{""id"": ""obstacle_0"", ""kind"": ""static_obstacle"", ""x"": 50.0, ""y"": 50.0, ""radius"": 5.0}]"
safety_margin_covariance,114,22.8,1,30.001,38.373,90.0,94.0,50.0,50.0,,,false_negative+position_noise+confidence_error,,trust_weighted_fusion,move,covariance,2.5,1.0,,1,0,81.818,9.463,18.133,uav_3,9.463,False,False,False,False,False,1,"[{""id"": ""obstacle_0"", ""kind"": ""static_obstacle"", ""x"": 50.0, ""y"": 50.0, ""radius"": 5.0}]"
safety_margin_covariance,114,22.8,2,36.102,30.204,86.0,90.0,50.0,50.0,,,false_negative+position_noise+confidence_error,,trust_weighted_fusion,move,covariance,2.5,1.0,,2,0,77.88,7.567,19.187,uav_3,7.567,False,False,False,False,False,1,"[{""id"": ""obstacle_0"", ""kind"": ""static_obstacle"", ""x"": 50.0, ""y"": 50.0, ""radius"": 5.0}]"
safety_margin_covariance,114,22.8,3,39.369,37.03,90.0,86.0,50.0,50.0,46.817,51.84,position_noise+confidence_error,0.132,trust_weighted_fusion,avoidance,covariance,2.5,1.0,,3,0,70.438,7.567,11.77,uav_2,7.567,False,False,False,False,False,1,"[{""id"": ""obstacle_0"", ""kind"": ""static_obstacle"", ""x"": 50.0, ""y"": 50.0, ""radius"": 5.0}]"
safety_margin_covariance,115,23.0,0,27.361,26.414,94.0,90.0,50.0,50.0,,,false_negative+position_noise+confidence_error,,trust_weighted_fusion,move,covariance,2.5,1.0,,1,0,92.108,9.774,27.693,uav_2,9.774,False,False,False,False,False,1,"[{""id"": ""obstacle_0"", ""kind"": ""static_obstacle"", ""x"": 50.0, ""y"": 50.0, ""radius"": 5.0}]"
safety_margin_covariance,115,23.0,1,30.203,38.56,90.0,94.0,50.0,50.0,,,false_negative+position_noise+confidence_error,,trust_weighted_fusion,move,covariance,2.5,1.0,,2,0,81.543,9.459,17.865,uav_3,9.459,False,False,False,False,False,1,"[{""id"": ""obstacle_0"", ""kind"": ""static_obstacle"", ""x"": 50.0, ""y"": 50.0, ""radius"": 5.0}]"
safety_margin_covariance,115,23.0,2,36.278,30.415,86.0,90.0,50.0,50.0,,,false_negative+position_noise+confidence_error,,trust_weighted_fusion,move,covariance,2.5,1.0,,2,0,77.605,7.559,18.913,uav_3,7.559,False,False,False,False,False,1,"[{""id"": ""obstacle_0"", ""kind"": ""static_obstacle"", ""x"": 50.0, ""y"": 50.0, ""radius"": 5.0}]"
safety_margin_covariance,115,23.0,3,39.567,37.221,90.0,86.0,50.0,50.0,,,false_negative+position_noise+confidence_error,,trust_weighted_fusion,move,covariance,2.5,1.0,,2,0,70.163,7.559,11.497,uav_2,7.559,False,False,False,False,False,1,"[{""id"": ""obstacle_0"", ""kind"": ""static_obstacle"", ""x"": 50.0, ""y"": 50.0, ""radius"": 5.0}]"
safety_margin_covariance,116,23.2,0,27.56,26.604,94.0,90.0,50.0,50.0,,,false_negative+position_noise+confidence_error,,trust_weighted_fusion,move,covariance,2.5,1.0,,1,0,91.833,9.481,27.418,uav_2,9.481,False,False,False,False,False,1,"[{""id"": ""obstacle_0"", ""kind"": ""static_obstacle"", ""x"": 50.0, ""y"": 50.0, ""radius"": 5.0}]"
safety_margin_covariance,116,23.2,1,30.496,38.832,90.0,94.0,50.0,50.0,,,dropout+confidence_error,,trust_weighted_fusion,move,covariance,0.0,0.0,,0,0,81.143,9.376,17.475,uav_3,9.376,False,False,False,False,False,1,"[{""id"": ""obstacle_0"", ""kind"": ""static_obstacle"", ""x"": 50.0, ""y"": 50.0, ""radius"": 5.0}]"
safety_margin_covariance,116,23.2,2,36.352,30.151,86.0,90.0,50.0,50.0,,,position_noise+confidence_error,,trust_weighted_fusion,avoidance,covariance,2.5,1.0,,3,0,77.761,8.023,19.088,uav_3,8.023,False,False,False,False,False,1,"[{""id"": ""obstacle_0"", ""kind"": ""static_obstacle"", ""x"": 50.0, ""y"": 50.0, ""radius"": 5.0}]"
safety_margin_covariance,116,23.2,3,39.764,37.413,90.0,86.0,50.0,50.0,,,false_negative+position_noise+confidence_error,,trust_weighted_fusion,move,covariance,2.5,1.0,,2,0,69.888,8.023,11.224,uav_2,8.023,False,False,False,False,False,1,"[{""id"": ""obstacle_0"", ""kind"": ""static_obstacle"", ""x"": 50.0, ""y"": 50.0, ""radius"": 5.0}]"
safety_margin_covariance,117,23.4,0,27.759,26.794,94.0,90.0,50.0,50.0,,,position_noise+confidence_error,,trust_weighted_fusion,move,covariance,2.5,1.0,,2,0,91.558,9.578,27.143,uav_2,9.578,False,False,False,False,False,1,"[{""id"": ""obstacle_0"", ""kind"": ""static_obstacle"", ""x"": 50.0, ""y"": 50.0, ""radius"": 5.0}]"
safety_margin_covariance,117,23.4,1,30.789,39.104,90.0,94.0,50.0,50.0,,,dropout+confidence_error,,trust_weighted_fusion,move,covariance,0.0,0.0,,0,0,80.743,9.395,17.085,uav_3,9.395,False,False,False,False,False,1,"[{""id"": ""obstacle_0"", ""kind"": ""static_obstacle"", ""x"": 50.0, ""y"": 50.0, ""radius"": 5.0}]"
safety_margin_covariance,117,23.4,2,36.608,30.459,86.0,90.0,50.0,50.0,,,false_negative+confidence_error,,trust_weighted_fusion,move,covariance,0.0,0.0,,0,0,77.361,7.623,18.69,uav_3,7.623,False,False,False,False,False,1,"[{""id"": ""obstacle_0"", ""kind"": ""static_obstacle"", ""x"": 50.0, ""y"": 50.0, ""radius"": 5.0}]"
safety_margin_covariance,117,23.4,3,40.006,37.282,90.0,86.0,50.0,50.0,52.767,45.006,position_noise+confidence_error,0.133,trust_weighted_fusion,avoidance,covariance,2.5,1.0,,3,0,69.806,7.623,11.175,uav_2,7.623,False,False,False,False,False,1,"[{""id"": ""obstacle_0"", ""kind"": ""static_obstacle"", ""x"": 50.0, ""y"": 50.0, ""radius"": 5.0}]"
safety_margin_covariance,118,23.6,0,27.958,26.984,94.0,90.0,50.0,50.0,,,position_noise+confidence_error,,trust_weighted_fusion,move,covariance,2.5,1.0,,2,0,91.283,9.564,26.868,uav_2,9.564,False,False,False,False,False,1,"[{""id"": ""obstacle_0"", ""kind"": ""static_obstacle"", ""x"": 50.0, ""y"": 50.0, ""radius"": 5.0}]"
safety_margin_covariance,118,23.6,1,31.083,39.376,90.0,94.0,50.0,50.0,,,dropout+confidence_error,,trust_weighted_fusion,move,covariance,0.0,0.0,,0,0,80.343,9.436,16.696,uav_3,9.436,False,False,False,False,False,1,"[{""id"": ""obstacle_0"", ""kind"": ""static_obstacle"", ""x"": 50.0, ""y"": 50.0, ""radius"": 5.0}]"
safety_margin_covariance,118,23.6,2,36.783,30.67,86.0,90.0,50.0,50.0,,,position_noise+confidence_error,,trust_weighted_fusion,move,covariance,2.5,1.0,,3,0,77.086,7.469,18.416,uav_3,7.469,False,False,False,False,False,1,"[{""id"": ""obstacle_0"", ""kind"": ""static_obstacle"", ""x"": 50.0, ""y"": 50.0, ""radius"": 5.0}]"
safety_margin_covariance,118,23.6,3,40.281,37.27,90.0,86.0,50.0,50.0,50.532,51.121,false_negative+position_noise+confidence_error,0.074,trust_weighted_fusion,avoidance,covariance,2.5,1.0,,2,0,69.618,7.469,11.016,uav_2,7.469,False,False,False,False,False,1,"[{""id"": ""obstacle_0"", ""kind"": ""static_obstacle"", ""x"": 50.0, ""y"": 50.0, ""radius"": 5.0}]"
safety_margin_covariance,119,23.8,0,28.157,27.174,94.0,90.0,50.0,50.0,,,position_noise+confidence_error,,trust_weighted_fusion,move,covariance,2.5,1.0,,2,0,91.008,9.268,26.594,uav_2,9.268,False,False,False,False,False,1,"[{""id"": ""obstacle_0"", ""kind"": ""static_obstacle"", ""x"": 50.0, ""y"": 50.0, ""radius"": 5.0}]"
safety_margin_covariance,119,23.8,1,31.376,39.648,90.0,94.0,50.0,50.0,,,dropout+confidence_error,,trust_weighted_fusion,move,covariance,0.0,0.0,,0,0,79.943,9.36,16.308,uav_3,9.36,False,False,False,False,False,1,"[{""id"": ""obstacle_0"", ""kind"": ""static_obstacle"", ""x"": 50.0, ""y"": 50.0, ""radius"": 5.0}]"
safety_margin_covariance,119,23.8,2,36.845,30.402,86.0,90.0,50.0,50.0,,,position_noise+confidence_error,,trust_weighted_fusion,avoidance,covariance,2.5,1.0,,3,0,77.254,7.94,18.604,uav_3,7.94,False,False,False,False,False,1,"[{""id"": ""obstacle_0"", ""kind"": ""static_obstacle"", ""x"": 50.0, ""y"": 50.0, ""radius"": 5.0}]"
safety_margin_covariance,119,23.8,3,40.477,37.462,90.0,86.0,50.0,50.0,,,false_negative+position_noise+confidence_error,,trust_weighted_fusion,move,covariance,2.5,1.0,,2,0,69.343,7.94,10.744,uav_2,7.94,False,False,False,False,False,1,"[{""id"": ""obstacle_0"", ""kind"": ""static_obstacle"", ""x"": 50.0, ""y"": 50.0, ""radius"": 5.0}]"
safety_margin_covariance,120,24.0,0,28.356,27.363,94.0,90.0,50.0,50.0,,,false_negative+position_noise+confidence_error,,trust_weighted_fusion,move,covariance,2.5,1.0,,1,0,90.733,9.254,26.319,uav_2,9.254,False,False,False,False,False,1,"[{""id"": ""obstacle_0"", ""kind"": ""static_obstacle"", ""x"": 50.0, ""y"": 50.0, ""radius"": 5.0}]"
safety_margin_covariance,120,24.0,1,31.669,39.92,90.0,94.0,50.0,50.0,,,dropout+confidence_error,,trust_weighted_fusion,move,covariance,0.0,0.0,,0,0,79.543,9.285,15.919,uav_3,9.285,False,False,False,False,False,1,"[{""id"": ""obstacle_0"", ""kind"": ""static_obstacle"", ""x"": 50.0, ""y"": 50.0, ""radius"": 5.0}]"
safety_margin_covariance,120,24.0,2,37.02,30.614,86.0,90.0,50.0,50.0,,,false_negative+position_noise+confidence_error,,trust_weighted_fusion,move,covariance,2.5,1.0,,2,0,76.979,7.932,18.33,uav_3,7.932,False,False,False,False,False,1,"[{""id"": ""obstacle_0"", ""kind"": ""static_obstacle"", ""x"": 50.0, ""y"": 50.0, ""radius"": 5.0}]"
safety_margin_covariance,120,24.0,3,40.674,37.655,90.0,86.0,50.0,50.0,,,false_negative+position_noise+confidence_error,,trust_weighted_fusion,move,covariance,2.5,1.0,,2,0,69.068,7.932,10.472,uav_2,7.932,False,False,False,False,False,1,"[{""id"": ""obstacle_0"", ""kind"": ""static_obstacle"", ""x"": 50.0, ""y"": 50.0, ""radius"": 5.0}]"
safety_margin_covariance,121,24.2,0,28.555,27.553,94.0,90.0,50.0,50.0,,,false_negative+position_noise+confidence_error,,trust_weighted_fusion,move,covariance,2.5,1.0,,1,0,90.458,9.239,26.044,uav_2,9.239,False,False,False,False,False,1,"[{""id"": ""obstacle_0"", ""kind"": ""static_obstacle"", ""x"": 50.0, ""y"": 50.0, ""radius"": 5.0}]"
safety_margin_covariance,121,24.2,1,31.871,40.107,90.0,94.0,50.0,50.0,,,false_negative+position_noise+confidence_error,,trust_weighted_fusion,move,covariance,2.5,1.0,,1,0,79.268,9.278,15.653,uav_3,9.278,False,False,False,False,False,1,"[{""id"": ""obstacle_0"", ""kind"": ""static_obstacle"", ""x"": 50.0, ""y"": 50.0, ""radius"": 5.0}]"
safety_margin_covariance,121,24.2,2,37.195,30.826,86.0,90.0,50.0,50.0,,,false_negative+position_noise+confidence_error,,trust_weighted_fusion,move,covariance,2.5,1.0,,2,0,76.704,7.924,18.056,uav_3,7.924,False,False,False,False,False,1,"[{""id"": ""obstacle_0"", ""kind"": ""static_obstacle"", ""x"": 50.0, ""y"": 50.0, ""radius"": 5.0}]"
safety_margin_covariance,121,24.2,3,40.87,37.847,90.0,86.0,50.0,50.0,,,false_negative+position_noise+confidence_error,,trust_weighted_fusion,move,covariance,2.5,1.0,,1,0,68.793,7.924,10.2,uav_2,7.924,False,False,False,False,False,1,"[{""id"": ""obstacle_0"", ""kind"": ""static_obstacle"", ""x"": 50.0, ""y"": 50.0, ""radius"": 5.0}]"
safety_margin_covariance,122,24.4,0,28.754,27.743,94.0,90.0,50.0,50.0,,,position_noise+confidence_error,,trust_weighted_fusion,move,covariance,2.5,1.0,,2,0,90.183,8.993,25.77,uav_2,8.993,False,False,False,False,False,1,"[{""id"": ""obstacle_0"", ""kind"": ""static_obstacle"", ""x"": 50.0, ""y"": 50.0, ""radius"": 5.0}]"
safety_margin_covariance,122,24.4,1,32.073,40.294,90.0,94.0,50.0,50.0,,,false_negative+position_noise+confidence_error,,trust_weighted_fusion,move,covariance,2.5,1.0,,1,0,78.993,9.406,15.386,uav_3,9.406,False,False,False,False,False,1,"[{""id"": ""obstacle_0"", ""kind"": ""static_obstacle"", ""x"": 50.0, ""y"": 50.0, ""radius"": 5.0}]"
safety_margin_covariance,122,24.4,2,37.292,30.569,86.0,90.0,50.0,50.0,,,false_negative+position_noise+confidence_error,,trust_weighted_fusion,avoidance,covariance,2.5,1.0,,1,0,76.841,8.169,18.218,uav_3,8.169,False,False,False,False,False,1,"[{""id"": ""obstacle_0"", ""kind"": ""static_obstacle"", ""x"": 50.0, ""y"": 50.0, ""radius"": 5.0}]"
safety_margin_covariance,122,24.4,3,41.136,37.777,90.0,86.0,50.0,50.0,50.748,50.158,false_negative+position_noise+confidence_error,0.151,trust_weighted_fusion,avoidance,covariance,2.5,1.0,,2,0,68.652,8.169,10.098,uav_2,8.169,False,False,False,False,False,1,"[{""id"": ""obstacle_0"", ""kind"": ""static_obstacle"", ""x"": 50.0, ""y"": 50.0, ""radius"": 5.0}]"
safety_margin_covariance,123,24.6,0,28.953,27.933,94.0,90.0,50.0,50.0,,,position_noise+confidence_error,,trust_weighted_fusion,move,covariance,2.5,1.0,,2,0,89.908,8.977,25.495,uav_2,8.977,False,False,False,False,False,1,"[{""id"": ""obstacle_0"", ""kind"": ""static_obstacle"", ""x"": 50.0, ""y"": 50.0, ""radius"": 5.0}]"
safety_margin_covariance,123,24.6,1,32.274,40.481,90.0,94.0,50.0,50.0,,,false_negative+position_noise+confidence_error,,trust_weighted_fusion,move,covariance,2.5,1.0,,2,0,78.718,9.399,15.12,uav_3,9.399,False,False,False,False,False,1,"[{""id"": ""obstacle_0"", ""kind"": ""static_obstacle"", ""x"": 50.0, ""y"": 50.0, ""radius"": 5.0}]"
safety_margin_covariance,123,24.6,2,37.466,30.782,86.0,90.0,50.0,50.0,,,false_negative+position_noise+confidence_error,,trust_weighted_fusion,move,covariance,2.5,1.0,,2,0,76.566,8.162,17.944,uav_3,8.162,False,False,False,False,False,1,"[{""id"": ""obstacle_0"", ""kind"": ""static_obstacle"", ""x"": 50.0, ""y"": 50.0, ""radius"": 5.0}]"
safety_margin_covariance,123,24.6,3,41.332,37.97,90.0,86.0,50.0,50.0,,,false_negative+position_noise+confidence_error,,trust_weighted_fusion,move,covariance,2.5,1.0,,1,0,68.377,8.162,9.827,uav_2,8.162,False,False,False,False,False,1,"[{""id"": ""obstacle_0"", ""kind"": ""static_obstacle"", ""x"": 50.0, ""y"": 50.0, ""radius"": 5.0}]"
safety_margin_covariance,124,24.8,0,29.152,28.123,94.0,90.0,50.0,50.0,,,false_negative+position_noise+confidence_error,,trust_weighted_fusion,move,covariance,2.5,1.0,,1,0,89.633,8.908,25.22,uav_2,8.908,False,False,False,False,False,1,"[{""id"": ""obstacle_0"", ""kind"": ""static_obstacle"", ""x"": 50.0, ""y"": 50.0, ""radius"": 5.0}]"
safety_margin_covariance,124,24.8,1,32.548,40.512,90.0,94.0,50.0,50.0,47.726,48.617,position_noise+confidence_error,0.234,trust_weighted_fusion,avoidance,covariance,2.5,1.0,,4,0,78.497,9.388,14.865,uav_3,9.388,False,False,False,False,False,1,"[{""id"": ""obstacle_0"", ""kind"": ""static_obstacle"", ""x"": 50.0, ""y"": 50.0, ""radius"": 5.0}]"
safety_margin_covariance,124,24.8,2,37.699,30.635,86.0,90.0,50.0,50.0,,,position_noise+confidence_error,,trust_weighted_fusion,avoidance,covariance,2.5,1.0,,3,0,76.532,8.105,17.942,uav_3,8.105,False,False,False,False,False,1,"[{""id"": ""obstacle_0"", ""kind"": ""static_obstacle"", ""x"": 50.0, ""y"": 50.0, ""radius"": 5.0}]"
safety_margin_covariance,124,24.8,3,41.529,37.778,90.0,86.0,50.0,50.0,47.726,48.617,position_noise+confidence_error,0.234,trust_weighted_fusion,avoidance,covariance,2.5,1.0,,3,0,68.373,8.105,9.871,uav_2,8.105,False,False,False,False,False,1,"[{""id"": ""obstacle_0"", ""kind"": ""static_obstacle"", ""x"": 50.0, ""y"": 50.0, ""radius"": 5.0}]"
safety_margin_covariance,125,25.0,0,29.351,28.313,94.0,90.0,50.0,50.0,,,false_negative+position_noise+confidence_error,,trust_weighted_fusion,move,covariance,2.5,1.0,,1,0,89.358,8.936,24.946,uav_2,8.936,False,False,False,False,False,1,"[{""id"": ""obstacle_0"", ""kind"": ""static_obstacle"", ""x"": 50.0, ""y"": 50.0, ""radius"": 5.0}]"
safety_margin_covariance,125,25.0,1,32.749,40.699,90.0,94.0,50.0,50.0,,,false_negative+position_noise+confidence_error,,trust_weighted_fusion,move,covariance,2.5,1.0,,2,0,78.222,9.517,14.599,uav_3,9.517,False,False,False,False,False,1,"[{""id"": ""obstacle_0"", ""kind"": ""static_obstacle"", ""x"": 50.0, ""y"": 50.0, ""radius"": 5.0}]"
safety_margin_covariance,125,25.0,2,37.972,30.662,86.0,90.0,50.0,50.0,,,position_noise+confidence_error,,trust_weighted_fusion,avoidance,covariance,2.5,1.0,,3,0,76.339,8.074,17.774,uav_3,8.074,False,False,False,False,False,1,"[{""id"": ""obstacle_0"", ""kind"": ""static_obstacle"", ""x"": 50.0, ""y"": 50.0, ""radius"": 5.0}]"
safety_margin_covariance,125,25.0,3,41.803,37.769,90.0,86.0,50.0,50.0,51.009,52.364,false_negative+position_noise+confidence_error,0.33,trust_weighted_fusion,avoidance,covariance,2.5,1.0,,2,0,68.184,8.074,9.723,uav_2,8.074,False,False,False,False,False,1,"[{""id"": ""obstacle_0"", ""kind"": ""static_obstacle"", ""x"": 50.0, ""y"": 50.0, ""radius"": 5.0}]"
safety_margin_covariance,126,25.2,0,29.55,28.502,94.0,90.0,50.0,50.0,,,false_negative+position_noise+confidence_error,,trust_weighted_fusion,move,covariance,2.5,1.0,,1,0,89.083,8.917,24.671,uav_2,8.917,False,False,False,False,False,1,"[{""id"": ""obstacle_0"", ""kind"": ""static_obstacle"", ""x"": 50.0, ""y"": 50.0, ""radius"": 5.0}]"
safety_margin_covariance,126,25.2,1,32.95,40.887,90.0,94.0,50.0,50.0,50.095,54.345,false_negative+position_noise+confidence_error,0.173,trust_weighted_fusion,move,covariance,2.5,1.0,,1,0,77.947,9.638,14.333,uav_3,9.638,False,False,False,False,False,1,"[{""id"": ""obstacle_0"", ""kind"": ""static_obstacle"", ""x"": 50.0, ""y"": 50.0, ""radius"": 5.0}]"
safety_margin_covariance,126,25.2,2,38.145,30.875,86.0,90.0,50.0,50.0,,,false_negative+position_noise+confidence_error,,trust_weighted_fusion,move,covariance,2.5,1.0,,2,0,76.064,7.954,17.501,uav_3,7.954,False,False,False,False,False,1,"[{""id"": ""obstacle_0"", ""kind"": ""static_obstacle"", ""x"": 50.0, ""y"": 50.0, ""radius"": 5.0}]"
safety_margin_covariance,126,25.2,3,42.078,37.79,90.0,86.0,50.0,50.0,50.095,54.345,false_negative+confidence_error,0.173,trust_weighted_fusion,avoidance,covariance,2.5,1.0,,1,0,67.976,7.954,9.555,uav_2,7.954,False,False,False,False,False,1,"[{""id"": ""obstacle_0"", ""kind"": ""static_obstacle"", ""x"": 50.0, ""y"": 50.0, ""radius"": 5.0}]"
safety_margin_covariance,127,25.4,0,29.749,28.692,94.0,90.0,50.0,50.0,,,false_negative+position_noise+confidence_error,,trust_weighted_fusion,move,covariance,2.5,1.0,,1,0,88.808,8.899,24.396,uav_2,8.899,False,False,False,False,False,1,"[{""id"": ""obstacle_0"", ""kind"": ""static_obstacle"", ""x"": 50.0, ""y"": 50.0, ""radius"": 5.0}]"
safety_margin_covariance,127,25.4,1,33.222,40.929,90.0,94.0,50.0,50.0,48.303,51.266,position_noise+confidence_error,0.151,trust_weighted_fusion,avoidance,covariance,2.5,1.0,,4,0,77.719,9.671,14.073,uav_3,9.671,False,False,False,False,False,1,"[{""id"": ""obstacle_0"", ""kind"": ""static_obstacle"", ""x"": 50.0, ""y"": 50.0, ""radius"": 5.0}]"
safety_margin_covariance,127,25.4,2,38.318,31.089,86.0,90.0,50.0,50.0,,,false_negative+position_noise+confidence_error,,trust_weighted_fusion,move,covariance,2.5,1.0,,1,0,75.789,7.747,17.228,uav_3,7.747,False,False,False,False,False,1,"[{""id"": ""obstacle_0"", ""kind"": ""static_obstacle"", ""x"": 50.0, ""y"": 50.0, ""radius"": 5.0}]"
safety_margin_covariance,127,25.4,3,42.341,37.71,90.0,86.0,50.0,50.0,48.303,51.266,false_negative+position_noise+confidence_error,0.151,trust_weighted_fusion,avoidance,covariance,2.5,1.0,,2,0,67.848,7.747,9.481,uav_2,7.747,False,False,False,False,False,1,"[{""id"": ""obstacle_0"", ""kind"": ""static_obstacle"", ""x"": 50.0, ""y"": 50.0, ""radius"": 5.0}]"
safety_margin_covariance,128,25.6,0,29.948,28.882,94.0,90.0,50.0,50.0,,,position_noise+confidence_error,,trust_weighted_fusion,move,covariance,2.5,1.0,,2,0,88.533,8.88,24.121,uav_2,8.88,False,False,False,False,False,1,"[{""id"": ""obstacle_0"", ""kind"": ""static_obstacle"", ""x"": 50.0, ""y"": 50.0, ""radius"": 5.0}]"
safety_margin_covariance,128,25.6,1,33.423,41.117,90.0,94.0,50.0,50.0,50.124,49.046,false_negative+position_noise+confidence_error,0.397,trust_weighted_fusion,move,covariance,2.5,1.0,,3,0,77.444,9.817,13.807,uav_3,9.817,False,False,False,False,False,1,"[{""id"": ""obstacle_0"", ""kind"": ""static_obstacle"", ""x"": 50.0, ""y"": 50.0, ""radius"": 5.0}]"
safety_margin_covariance,128,25.6,2,38.491,31.303,86.0,90.0,50.0,50.0,,,false_negative+position_noise+confidence_error,,trust_weighted_fusion,move,covariance,2.5,1.0,,2,0,75.514,7.475,16.955,uav_3,7.475,False,False,False,False,False,1,"[{""id"": ""obstacle_0"", ""kind"": ""static_obstacle"", ""x"": 50.0, ""y"": 50.0, ""radius"": 5.0}]"
safety_margin_covariance,128,25.6,3,42.574,37.565,90.0,86.0,50.0,50.0,52.558,47.896,false_negative+position_noise+confidence_error,0.467,trust_weighted_fusion,avoidance,covariance,2.5,1.0,,2,0,67.788,7.475,9.484,uav_2,7.475,False,False,False,False,False,1,"[{""id"": ""obstacle_0"", ""kind"": ""static_obstacle"", ""x"": 50.0, ""y"": 50.0, ""radius"": 5.0}]"
safety_margin_covariance,129,25.8,0,30.147,29.072,94.0,90.0,50.0,50.0,,,false_negative+position_noise+confidence_error,,trust_weighted_fusion,move,covariance,2.5,1.0,,1,0,88.258,8.913,23.847,uav_2,8.913,False,False,False,False,False,1,"[{""id"": ""obstacle_0"", ""kind"": ""static_obstacle"", ""x"": 50.0, ""y"": 50.0, ""radius"": 5.0}]"
safety_margin_covariance,129,25.8,1,33.695,41.156,90.0,94.0,50.0,50.0,49.002,47.481,false_negative+position_noise+confidence_error,0.442,trust_weighted_fusion,avoidance,covariance,2.5,1.0,,3,0,77.219,9.815,13.549,uav_3,9.815,False,False,False,False,False,1,"[{""id"": ""obstacle_0"", ""kind"": ""static_obstacle"", ""x"": 50.0, ""y"": 50.0, ""radius"": 5.0}]"
safety_margin_covariance,129,25.8,2,38.757,31.372,86.0,90.0,50.0,50.0,49.002,47.481,false_negative+position_noise+confidence_error,0.442,trust_weighted_fusion,avoidance,covariance,2.5,1.0,,3,0,75.293,7.179,16.757,uav_3,7.179,False,False,False,False,False,1,"[{""id"": ""obstacle_0"", ""kind"": ""static_obstacle"", ""x"": 50.0, ""y"": 50.0, ""radius"": 5.0}]"
safety_margin_covariance,129,25.8,3,42.74,37.345,90.0,86.0,50.0,50.0,49.002,47.481,position_noise+confidence_error,0.442,trust_weighted_fusion,avoidance,covariance,2.5,1.0,,3,0,67.829,7.179,9.589,uav_2,7.179,False,False,False,False,False,1,"[{""id"": ""obstacle_0"", ""kind"": ""static_obstacle"", ""x"": 50.0, ""y"": 50.0, ""radius"": 5.0}]"
safety_margin_covariance,130,26.0,0,30.346,29.262,94.0,90.0,50.0,50.0,,,position_noise+confidence_error,,trust_weighted_fusion,move,covariance,2.5,1.0,,2,0,87.983,8.513,23.572,uav_2,8.513,False,False,False,False,False,1,"[{""id"": ""obstacle_0"", ""kind"": ""static_obstacle"", ""x"": 50.0, ""y"": 50.0, ""radius"": 5.0}]"
safety_margin_covariance,130,26.0,1,33.937,41.288,90.0,94.0,50.0,50.0,50.908,46.204,position_noise+confidence_error,0.322,trust_weighted_fusion,avoidance,covariance,2.5,1.0,,4,0,76.953,9.864,13.274,uav_3,9.864,False,False,False,False,False,1,"[{""id"": ""obstacle_0"", ""kind"": ""static_obstacle"", ""x"": 50.0, ""y"": 50.0, ""radius"": 5.0}]"
safety_margin_covariance,130,26.0,2,38.653,31.118,86.0,90.0,50.0,50.0,50.908,46.204,false_negative+position_noise+confidence_error,0.322,trust_weighted_fusion,avoidance,covariance,2.5,1.0,,2,0,75.557,7.32,17.029,uav_3,7.32,False,False,False,False,False,1,"[{""id"": ""obstacle_0"", ""kind"": ""static_obstacle"", ""x"": 50.0, ""y"": 50.0, ""radius"": 5.0}]"
safety_margin_covariance,130,26.0,3,42.869,37.102,90.0,86.0,50.0,50.0,50.908,46.204,position_noise+confidence_error,0.322,trust_weighted_fusion,avoidance,covariance,2.5,1.0,,3,0,67.914,7.32,9.738,uav_2,7.32,False,False,False,False,False,1,"[{""id"": ""obstacle_0"", ""kind"": ""static_obstacle"", ""x"": 50.0, ""y"": 50.0, ""radius"": 5.0}]"
safety_margin_covariance,131,26.2,0,30.544,29.452,94.0,90.0,50.0,50.0,,,false_negative+position_noise+confidence_error,,trust_weighted_fusion,move,covariance,2.5,1.0,,2,0,87.708,8.26,23.298,uav_2,8.26,False,False,False,False,False,1,"[{""id"": ""obstacle_0"", ""kind"": ""static_obstacle"", ""x"": 50.0, ""y"": 50.0, ""radius"": 5.0}]"
safety_margin_covariance,131,26.2,1,34.137,41.476,90.0,94.0,50.0,50.0,,,false_negative+position_noise+confidence_error,,trust_weighted_fusion,move,covariance,2.5,1.0,,2,0,76.678,10.008,13.008,uav_3,10.008,False,False,False,False,False,1,"[{""id"": ""obstacle_0"", ""kind"": ""static_obstacle"", ""x"": 50.0, ""y"": 50.0, ""radius"": 5.0}]"
safety_margin_covariance,131,26.2,2,38.686,30.845,86.0,90.0,50.0,50.0,,,false_negative+position_noise+confidence_error,,trust_weighted_fusion,avoidance,covariance,2.5,1.0,,2,0,75.75,7.691,17.247,uav_3,7.691,False,False,False,False,False,1,"[{""id"": ""obstacle_0"", ""kind"": ""static_obstacle"", ""x"": 50.0, ""y"": 50.0, ""radius"": 5.0}]"
safety_margin_covariance,131,26.2,3,43.144,37.112,90.0,86.0,50.0,50.0,53.693,51.248,false_negative+position_noise+confidence_error,0.318,trust_weighted_fusion,avoidance,covariance,2.5,1.0,,3,0,67.717,7.691,9.599,uav_2,7.691,False,False,False,False,False,1,"[{""id"": ""obstacle_0"", ""kind"": ""static_obstacle"", ""x"": 50.0, ""y"": 50.0, ""radius"": 5.0}]"
safety_margin_covariance,132,26.4,0,30.743,29.642,94.0,90.0,50.0,50.0,,,false_negative+position_noise+confidence_error,,trust_weighted_fusion,move,covariance,2.5,1.0,,1,0,87.433,8.237,23.023,uav_2,8.237,False,False,False,False,False,1,"[{""id"": ""obstacle_0"", ""kind"": ""static_obstacle"", ""x"": 50.0, ""y"": 50.0, ""radius"": 5.0}]"
safety_margin_covariance,132,26.4,1,34.399,41.559,90.0,94.0,50.0,50.0,51.038,51.917,false_negative+position_noise+confidence_error,0.0,trust_weighted_fusion,avoidance,covariance,2.5,1.0,,3,0,76.43,10.064,12.738,uav_3,10.064,False,False,False,False,False,1,"[{""id"": ""obstacle_0"", ""kind"": ""static_obstacle"", ""x"": 50.0, ""y"": 50.0, ""radius"": 5.0}]"
safety_margin_covariance,132,26.4,2,38.858,31.059,86.0,90.0,50.0,50.0,,,false_negative+position_noise+confidence_error,,trust_weighted_fusion,move,covariance,2.5,1.0,,1,0,75.475,7.563,16.975,uav_3,7.563,False,False,False,False,False,1,"[{""id"": ""obstacle_0"", ""kind"": ""static_obstacle"", ""x"": 50.0, ""y"": 50.0, ""radius"": 5.0}]"
safety_margin_covariance,132,26.4,3,43.418,37.093,90.0,86.0,50.0,50.0,51.038,51.917,false_negative+position_noise+confidence_error,0.0,trust_weighted_fusion,avoidance,covariance,2.5,1.0,,2,0,67.541,7.563,9.488,uav_2,7.563,False,False,False,False,False,1,"[{""id"": ""obstacle_0"", ""kind"": ""static_obstacle"", ""x"": 50.0, ""y"": 50.0, ""radius"": 5.0}]"
safety_margin_covariance,133,26.6,0,30.942,29.831,94.0,90.0,50.0,50.0,,,false_negative+position_noise+confidence_error,,trust_weighted_fusion,move,covariance,2.5,1.0,,2,0,87.158,8.215,22.748,uav_2,8.215,False,False,False,False,False,1,"[{""id"": ""obstacle_0"", ""kind"": ""static_obstacle"", ""x"": 50.0, ""y"": 50.0, ""radius"": 5.0}]"
safety_margin_covariance,133,26.6,1,34.599,41.748,90.0,94.0,50.0,50.0,,,false_negative+position_noise+confidence_error,,trust_weighted_fusion,move,covariance,2.5,1.0,,2,0,76.155,10.05,12.472,uav_3,10.05,False,False,False,False,False,1,"[{""id"": ""obstacle_0"", ""kind"": ""static_obstacle"", ""x"": 50.0, ""y"": 50.0, ""radius"": 5.0}]"
safety_margin_covariance,133,26.6,2,39.029,31.274,86.0,90.0,50.0,50.0,,,false_negative+position_noise+confidence_error,,trust_weighted_fusion,move,covariance,2.5,1.0,,2,0,75.2,7.562,16.703,uav_3,7.562,False,False,False,False,False,1,"[{""id"": ""obstacle_0"", ""kind"": ""static_obstacle"", ""x"": 50.0, ""y"": 50.0, ""radius"": 5.0}]"
safety_margin_covariance,133,26.6,3,43.608,37.292,90.0,86.0,50.0,50.0,,,false_negative+position_noise+confidence_error,,trust_weighted_fusion,move,covariance,2.5,1.0,,2,0,67.266,7.562,9.225,uav_2,7.562,False,False,False,False,False,1,"[{""id"": ""obstacle_0"", ""kind"": ""static_obstacle"", ""x"": 50.0, ""y"": 50.0, ""radius"": 5.0}]"
safety_margin_covariance,134,26.8,0,31.141,30.021,94.0,90.0,50.0,50.0,,,position_noise+confidence_error,,trust_weighted_fusion,move,covariance,2.5,1.0,,3,0,86.883,8.192,22.474,uav_2,8.192,False,False,False,False,False,1,"[{""id"": ""obstacle_0"", ""kind"": ""static_obstacle"", ""x"": 50.0, ""y"": 50.0, ""radius"": 5.0}]"
safety_margin_covariance,134,26.8,1,34.87,41.794,90.0,94.0,50.0,50.0,50.209,47.941,false_negative+position_noise+confidence_error,0.0,trust_weighted_fusion,avoidance,covariance,2.5,1.0,,2,0,75.926,10.092,12.212,uav_3,10.092,False,False,False,False,False,1,"[{""id"": ""obstacle_0"", ""kind"": ""static_obstacle"", ""x"": 50.0, ""y"": 50.0, ""radius"": 5.0}]"
safety_margin_covariance,134,26.8,2,39.201,31.489,86.0,90.0,50.0,50.0,,,false_negative+position_noise+confidence_error,,trust_weighted_fusion,move,covariance,2.5,1.0,,2,0,74.925,7.26,16.431,uav_3,7.26,False,False,False,False,False,1,"[{""id"": ""obstacle_0"", ""kind"": ""static_obstacle"", ""x"": 50.0, ""y"": 50.0, ""radius"": 5.0}]"
safety_margin_covariance,134,26.8,3,43.806,37.102,90.0,86.0,50.0,50.0,50.209,47.941,false_negative+position_noise+confidence_error,0.0,trust_weighted_fusion,avoidance,covariance,2.5,1.0,,2,0,67.268,7.26,9.309,uav_2,7.26,False,False,False,False,False,1,"[{""id"": ""obstacle_0"", ""kind"": ""static_obstacle"", ""x"": 50.0, ""y"": 50.0, ""radius"": 5.0}]"
safety_margin_covariance,135,27.0,0,31.34,30.211,94.0,90.0,50.0,50.0,,,false_negative+position_noise+confidence_error,,trust_weighted_fusion,move,covariance,2.5,1.0,,2,0,86.608,8.17,22.199,uav_2,8.17,False,False,False,False,False,1,"[{""id"": ""obstacle_0"", ""kind"": ""static_obstacle"", ""x"": 50.0, ""y"": 50.0, ""radius"": 5.0}]"
safety_margin_covariance,135,27.0,1,35.135,41.72,90.0,94.0,50.0,50.0,48.63,49.437,position_noise+confidence_error,0.214,trust_weighted_fusion,avoidance,covariance,2.5,1.0,,4,0,75.785,9.829,12.015,uav_3,9.829,False,False,False,False,False,1,"[{""id"": ""obstacle_0"", ""kind"": ""static_obstacle"", ""x"": 50.0, ""y"": 50.0, ""radius"": 5.0}]"
safety_margin_covariance,135,27.0,2,39.373,31.704,86.0,90.0,50.0,50.0,,,false_negative+position_noise+confidence_error,,trust_weighted_fusion,move,covariance,2.5,1.0,,2,0,74.65,7.255,16.159,uav_3,7.255,False,False,False,False,False,1,"[{""id"": ""obstacle_0"", ""kind"": ""static_obstacle"", ""x"": 50.0, ""y"": 50.0, ""radius"": 5.0}]"
safety_margin_covariance,135,27.0,3,43.936,37.344,90.0,86.0,50.0,50.0,48.63,49.437,false_negative+position_noise+confidence_error,0.214,trust_weighted_fusion,avoidance,covariance,2.5,1.0,,3,0,67.002,7.255,9.034,uav_2,7.255,False,False,False,False,False,1,"[{""id"": ""obstacle_0"", ""kind"": ""static_obstacle"", ""x"": 50.0, ""y"": 50.0, ""radius"": 5.0}]"
safety_margin_covariance,136,27.2,0,31.539,30.401,94.0,90.0,50.0,50.0,,,false_negative+position_noise+confidence_error,,trust_weighted_fusion,move,covariance,2.5,1.0,,2,0,86.333,8.148,21.924,uav_2,8.148,False,False,False,False,False,1,"[{""id"": ""obstacle_0"", ""kind"": ""static_obstacle"", ""x"": 50.0, ""y"": 50.0, ""radius"": 5.0}]"
safety_margin_covariance,136,27.2,1,35.391,41.619,90.0,94.0,50.0,50.0,47.811,50.556,position_noise+confidence_error,0.446,trust_weighted_fusion,avoidance,covariance,2.5,1.0,,4,0,75.669,9.828,11.842,uav_3,9.828,False,False,False,False,False,1,"[{""id"": ""obstacle_0"", ""kind"": ""static_obstacle"", ""x"": 50.0, ""y"": 50.0, ""radius"": 5.0}]"
safety_margin_covariance,136,27.2,2,39.545,31.918,86.0,90.0,50.0,50.0,,,false_negative+position_noise+confidence_error,,trust_weighted_fusion,move,covariance,2.5,1.0,,2,0,74.375,7.075,15.887,uav_3,7.075,False,False,False,False,False,1,"[{""id"": ""obstacle_0"", ""kind"": ""static_obstacle"", ""x"": 50.0, ""y"": 50.0, ""radius"": 5.0}]"
safety_margin_covariance,136,27.2,3,44.195,37.251,90.0,86.0,50.0,50.0,47.811,50.556,false_negative+position_noise+confidence_error,0.446,trust_weighted_fusion,avoidance,covariance,2.5,1.0,,3,0,66.893,7.075,9.009,uav_2,7.075,False,False,False,False,False,1,"[{""id"": ""obstacle_0"", ""kind"": ""static_obstacle"", ""x"": 50.0, ""y"": 50.0, ""radius"": 5.0}]"
safety_margin_covariance,137,27.4,0,31.738,30.591,94.0,90.0,50.0,50.0,,,position_noise+confidence_error,,trust_weighted_fusion,move,covariance,2.5,1.0,,3,0,86.058,8.126,21.65,uav_2,8.126,False,False,False,False,False,1,"[{""id"": ""obstacle_0"", ""kind"": ""static_obstacle"", ""x"": 50.0, ""y"": 50.0, ""radius"": 5.0}]"
safety_margin_covariance,137,27.4,1,35.656,41.546,90.0,94.0,50.0,50.0,48.291,50.824,false_negative+position_noise+confidence_error,0.569,trust_weighted_fusion,avoidance,covariance,2.5,1.0,,3,0,75.529,9.829,11.65,uav_3,9.829,False,False,False,False,False,1,"[{""id"": ""obstacle_0"", ""kind"": ""static_obstacle"", ""x"": 50.0, ""y"": 50.0, ""radius"": 5.0}]"
safety_margin_covariance,137,27.4,2,39.716,32.133,86.0,90.0,50.0,50.0,,,false_negative+position_noise+confidence_error,,trust_weighted_fusion,move,covariance,2.5,1.0,,1,0,74.1,6.918,15.615,uav_3,6.918,False,False,False,False,False,1,"[{""id"": ""obstacle_0"", ""kind"": ""static_obstacle"", ""x"": 50.0, ""y"": 50.0, ""radius"": 5.0}]"
safety_margin_covariance,137,27.4,3,44.458,37.17,90.0,86.0,50.0,50.0,48.291,50.824,false_negative+position_noise+confidence_error,0.569,trust_weighted_fusion,avoidance,covariance,2.5,1.0,,2,0,66.772,6.918,8.976,uav_2,6.918,False,False,False,False,False,1,"[{""id"": ""obstacle_0"", ""kind"": ""static_obstacle"", ""x"": 50.0, ""y"": 50.0, ""radius"": 5.0}]"
safety_margin_covariance,138,27.6,0,31.937,30.781,94.0,90.0,50.0,50.0,,,position_noise+confidence_error,,trust_weighted_fusion,move,covariance,2.5,1.0,,3,0,85.783,8.17,21.375,uav_2,8.17,False,False,False,False,False,1,"[{""id"": ""obstacle_0"", ""kind"": ""static_obstacle"", ""x"": 50.0, ""y"": 50.0, ""radius"": 5.0}]"
safety_margin_covariance,138,27.6,1,35.888,41.398,90.0,94.0,50.0,50.0,48.344,49.277,false_negative+position_noise+confidence_error,0.671,trust_weighted_fusion,avoidance,covariance,2.5,1.0,,3,0,75.465,9.83,11.526,uav_3,9.83,False,False,False,False,False,1,"[{""id"": ""obstacle_0"", ""kind"": ""static_obstacle"", ""x"": 50.0, ""y"": 50.0, ""radius"": 5.0}]"
safety_margin_covariance,138,27.6,2,39.984,32.198,86.0,90.0,50.0,50.0,48.344,49.277,position_noise+confidence_error,0.671,trust_weighted_fusion,avoidance,covariance,2.5,1.0,,4,0,73.882,6.754,15.427,uav_3,6.754,False,False,False,False,False,1,"[{""id"": ""obstacle_0"", ""kind"": ""static_obstacle"", ""x"": 50.0, ""y"": 50.0, ""radius"": 5.0}]"
safety_margin_covariance,138,27.6,3,44.697,37.035,90.0,86.0,50.0,50.0,48.344,49.277,false_negative+position_noise+confidence_error,0.671,trust_weighted_fusion,avoidance,covariance,2.5,1.0,,3,0,66.708,6.754,9.007,uav_2,6.754,False,False,False,False,False,1,"[{""id"": ""obstacle_0"", ""kind"": ""static_obstacle"", ""x"": 50.0, ""y"": 50.0, ""radius"": 5.0}]"
safety_margin_covariance,139,27.8,0,32.136,30.97,94.0,90.0,50.0,50.0,,,false_negative+position_noise+confidence_error,,trust_weighted_fusion,move,covariance,2.5,1.0,,2,0,85.508,7.993,21.101,uav_2,7.993,False,False,False,False,False,1,"[{""id"": ""obstacle_0"", ""kind"": ""static_obstacle"", ""x"": 50.0, ""y"": 50.0, ""radius"": 5.0}]"
safety_margin_covariance,139,27.8,1,36.154,41.47,90.0,94.0,50.0,50.0,52.023,50.829,position_noise+confidence_error,0.039,trust_weighted_fusion,avoidance,covariance,2.5,1.0,,4,0,75.225,9.89,11.263,uav_3,9.89,False,False,False,False,False,1,"[{""id"": ""obstacle_0"", ""kind"": ""static_obstacle"", ""x"": 50.0, ""y"": 50.0, ""radius"": 5.0}]"
safety_margin_covariance,139,27.8,2,40.071,31.937,86.0,90.0,50.0,50.0,,,false_negative+position_noise+confidence_error,,trust_weighted_fusion,avoidance,covariance,2.5,1.0,,2,0,74.033,7.031,15.612,uav_3,7.031,False,False,False,False,False,1,"[{""id"": ""obstacle_0"", ""kind"": ""static_obstacle"", ""x"": 50.0, ""y"": 50.0, ""radius"": 5.0}]"
safety_margin_covariance,139,27.8,3,44.967,36.983,90.0,86.0,50.0,50.0,52.023,50.829,false_negative+position_noise+confidence_error,0.039,trust_weighted_fusion,avoidance,covariance,2.5,1.0,,2,0,66.563,7.031,8.956,uav_2,7.031,False,False,False,False,False,1,"[{""id"": ""obstacle_0"", ""kind"": ""static_obstacle"", ""x"": 50.0, ""y"": 50.0, ""radius"": 5.0}]"
safety_margin_covariance,140,28.0,0,31.945,30.772,94.0,90.0,50.0,50.0,,,false_negative+position_noise+confidence_error,,trust_weighted_fusion,avoidance,covariance,2.5,1.0,,2,0,85.783,8.481,21.376,uav_2,8.481,False,False,False,False,False,1,"[{""id"": ""obstacle_0"", ""kind"": ""static_obstacle"", ""x"": 50.0, ""y"": 50.0, ""radius"": 5.0}]"
safety_margin_covariance,140,28.0,1,36.388,41.325,90.0,94.0,50.0,50.0,48.106,50.163,position_noise+confidence_error,0.17,trust_weighted_fusion,avoidance,covariance,2.5,1.0,,4,0,75.159,9.889,11.141,uav_3,9.889,False,False,False,False,False,1,"[{""id"": ""obstacle_0"", ""kind"": ""static_obstacle"", ""x"": 50.0, ""y"": 50.0, ""radius"": 5.0}]"
safety_margin_covariance,140,28.0,2,40.334,32.015,86.0,90.0,50.0,50.0,48.106,50.163,false_negative+position_noise+confidence_error,0.17,trust_weighted_fusion,avoidance,covariance,2.5,1.0,,2,0,73.808,6.908,15.418,uav_3,6.908,False,False,False,False,False,1,"[{""id"": ""obstacle_0"", ""kind"": ""static_obstacle"", ""x"": 50.0, ""y"": 50.0, ""radius"": 5.0}]"
safety_margin_covariance,140,28.0,3,45.227,36.892,90.0,86.0,50.0,50.0,48.106,50.163,false_negative+position_noise+confidence_error,0.17,trust_weighted_fusion,avoidance,covariance,2.5,1.0,,2,0,66.455,6.908,8.95,uav_2,6.908,False,False,False,False,False,1,"[{""id"": ""obstacle_0"", ""kind"": ""static_obstacle"", ""x"": 50.0, ""y"": 50.0, ""radius"": 5.0}]"
safety_margin_covariance,141,28.2,0,32.144,30.962,94.0,90.0,50.0,50.0,,,false_negative+position_noise+confidence_error,,trust_weighted_fusion,move,covariance,2.5,1.0,,2,0,85.508,8.456,21.101,uav_2,8.456,False,False,False,False,False,1,"[{""id"": ""obstacle_0"", ""kind"": ""static_obstacle"", ""x"": 50.0, ""y"": 50.0, ""radius"": 5.0}]"
safety_margin_covariance,141,28.2,1,36.659,41.279,90.0,94.0,50.0,50.0,49.244,51.308,position_noise+confidence_error,0.328,trust_weighted_fusion,avoidance,covariance,2.5,1.0,,4,0,74.999,9.831,10.939,uav_2,9.831,False,False,False,False,False,1,"[{""id"": ""obstacle_0"", ""kind"": ""static_obstacle"", ""x"": 50.0, ""y"": 50.0, ""radius"": 5.0}]"
safety_margin_covariance,141,28.2,2,40.505,32.231,86.0,90.0,50.0,50.0,,,position_noise+confidence_error,,trust_weighted_fusion,move,covariance,2.5,1.0,,3,0,73.533,6.796,15.147,uav_3,6.796,False,False,False,False,False,1,"[{""id"": ""obstacle_0"", ""kind"": ""static_obstacle"", ""x"": 50.0, ""y"": 50.0, ""radius"": 5.0}]"
safety_margin_covariance,141,28.2,3,45.497,36.842,90.0,86.0,50.0,50.0,49.244,51.308,position_noise+confidence_error,0.328,trust_weighted_fusion,avoidance,covariance,2.5,1.0,,4,0,66.31,6.796,8.907,uav_2,6.796,False,False,False,False,False,1,"[{""id"": ""obstacle_0"", ""kind"": ""static_obstacle"", ""x"": 50.0, ""y"": 50.0, ""radius"": 5.0}]"
safety_margin_covariance,142,28.4,0,32.343,31.152,94.0,90.0,50.0,50.0,,,false_negative+position_noise+confidence_error,,trust_weighted_fusion,move,covariance,2.5,1.0,,2,0,85.233,8.502,20.826,uav_2,8.502,False,False,False,False,False,1,"[{""id"": ""obstacle_0"", ""kind"": ""static_obstacle"", ""x"": 50.0, ""y"": 50.0, ""radius"": 5.0}]"
safety_margin_covariance,142,28.4,1,36.924,41.352,90.0,94.0,50.0,50.0,52.543,48.123,false_negative+position_noise+confidence_error,0.341,trust_weighted_fusion,avoidance,covariance,2.5,1.0,,3,0,74.759,9.812,10.678,uav_2,9.812,False,False,False,False,False,1,"[{""id"": ""obstacle_0"", ""kind"": ""static_obstacle"", ""x"": 50.0, ""y"": 50.0, ""radius"": 5.0}]"
safety_margin_covariance,142,28.4,2,40.764,32.322,86.0,90.0,50.0,50.0,52.543,48.123,false_negative+position_noise+confidence_error,0.341,trust_weighted_fusion,avoidance,covariance,2.5,1.0,,3,0,73.301,6.603,14.945,uav_3,6.603,False,False,False,False,False,1,"[{""id"": ""obstacle_0"", ""kind"": ""static_obstacle"", ""x"": 50.0, ""y"": 50.0, ""radius"": 5.0}]"
safety_margin_covariance,142,28.4,3,45.721,36.683,90.0,86.0,50.0,50.0,52.543,48.123,false_negative+position_noise+confidence_error,0.341,trust_weighted_fusion,avoidance,covariance,2.5,1.0,,2,0,66.278,6.603,8.987,uav_2,6.603,False,False,False,False,False,1,"[{""id"": ""obstacle_0"", ""kind"": ""static_obstacle"", ""x"": 50.0, ""y"": 50.0, ""radius"": 5.0}]"
safety_margin_covariance,143,28.6,0,32.633,31.428,94.0,90.0,50.0,50.0,,,dropout+confidence_error,,trust_weighted_fusion,move,covariance,0.0,0.0,,0,0,84.833,8.375,20.427,uav_2,8.375,False,False,False,False,False,1,"[{""id"": ""obstacle_0"", ""kind"": ""static_obstacle"", ""x"": 50.0, ""y"": 50.0, ""radius"": 5.0}]"
safety_margin_covariance,143,28.6,1,37.119,41.545,90.0,94.0,50.0,50.0,,,false_negative+position_noise+confidence_error,,trust_weighted_fusion,move,covariance,2.5,1.0,,1,0,74.484,9.781,10.408,uav_2,9.781,False,False,False,False,False,1,"[{""id"": ""obstacle_0"", ""kind"": ""static_obstacle"", ""x"": 50.0, ""y"": 50.0, ""radius"": 5.0}]"
safety_margin_covariance,143,28.6,2,40.934,32.539,86.0,90.0,50.0,50.0,,,false_negative+position_noise+confidence_error,,trust_weighted_fusion,move,covariance,2.5,1.0,,1,0,73.026,6.605,14.675,uav_3,6.605,False,False,False,False,False,1,"[{""id"": ""obstacle_0"", ""kind"": ""static_obstacle"", ""x"": 50.0, ""y"": 50.0, ""radius"": 5.0}]"
safety_margin_covariance,143,28.6,3,45.905,36.888,90.0,86.0,50.0,50.0,,,false_negative+position_noise+confidence_error,,trust_weighted_fusion,move,covariance,2.5,1.0,,2,0,66.003,6.605,8.737,uav_2,6.605,False,False,False,False,False,1,"[{""id"": ""obstacle_0"", ""kind"": ""static_obstacle"", ""x"": 50.0, ""y"": 50.0, ""radius"": 5.0}]"
safety_margin_covariance,144,28.8,0,32.922,31.704,94.0,90.0,50.0,50.0,,,dropout+confidence_error,,trust_weighted_fusion,move,covariance,0.0,0.0,,0,0,84.433,8.041,20.028,uav_2,8.041,False,False,False,False,False,1,"[{""id"": ""obstacle_0"", ""kind"": ""static_obstacle"", ""x"": 50.0, ""y"": 50.0, ""radius"": 5.0}]"
safety_margin_covariance,144,28.8,1,37.214,41.287,90.0,94.0,50.0,50.0,49.95,46.903,dropout+confidence_error,0.406,trust_weighted_fusion,avoidance,covariance,2.5,1.0,,1,0,74.599,9.764,10.472,uav_2,9.764,False,False,False,False,False,1,"[{""id"": ""obstacle_0"", ""kind"": ""static_obstacle"", ""x"": 50.0, ""y"": 50.0, ""radius"": 5.0}]"
safety_margin_covariance,144,28.8,2,40.943,32.264,86.0,90.0,50.0,50.0,49.95,46.903,position_noise+confidence_error,0.406,trust_weighted_fusion,avoidance,covariance,2.5,1.0,,4,0,73.236,7.056,14.914,uav_3,7.056,False,False,False,False,False,1,"[{""id"": ""obstacle_0"", ""kind"": ""static_obstacle"", ""x"": 50.0, ""y"": 50.0, ""radius"": 5.0}]"
safety_margin_covariance,144,28.8,3,46.091,37.091,90.0,86.0,50.0,50.0,49.95,46.903,false_negative+position_noise+confidence_error,0.406,trust_weighted_fusion,avoidance,covariance,2.5,1.0,,3,0,65.728,7.056,8.488,uav_2,7.056,False,False,False,False,False,1,"[{""id"": ""obstacle_0"", ""kind"": ""static_obstacle"", ""x"": 50.0, ""y"": 50.0, ""radius"": 5.0}]"
safety_margin_covariance,145,29.0,0,33.211,31.981,94.0,90.0,50.0,50.0,,,dropout+confidence_error,,trust_weighted_fusion,move,covariance,0.0,0.0,,0,0,84.033,7.937,19.628,uav_2,7.937,False,False,False,False,False,1,"[{""id"": ""obstacle_0"", ""kind"": ""static_obstacle"", ""x"": 50.0, ""y"": 50.0, ""radius"": 5.0}]"
safety_margin_covariance,145,29.0,1,37.497,41.57,90.0,94.0,50.0,50.0,,,dropout+confidence_error,,trust_weighted_fusion,move,covariance,0.0,0.0,,0,0,74.199,9.709,10.079,uav_3,9.709,False,False,False,False,False,1,"[{""id"": ""obstacle_0"", ""kind"": ""static_obstacle"", ""x"": 50.0, ""y"": 50.0, ""radius"": 5.0}]"
safety_margin_covariance,145,29.0,2,41.134,32.462,86.0,90.0,50.0,50.0,,,false_negative+position_noise+confidence_error,,trust_weighted_fusion,avoidance,covariance,2.5,1.0,,2,0,72.963,7.046,14.651,uav_3,7.046,False,False,False,False,False,1,"[{""id"": ""obstacle_0"", ""kind"": ""static_obstacle"", ""x"": 50.0, ""y"": 50.0, ""radius"": 5.0}]"
safety_margin_covariance,145,29.0,3,46.23,37.328,90.0,86.0,50.0,50.0,,,false_negative+position_noise+confidence_error,,trust_weighted_fusion,avoidance,covariance,2.5,1.0,,2,0,65.458,7.046,8.221,uav_2,7.046,False,False,False,False,False,1,"[{""id"": ""obstacle_0"", ""kind"": ""static_obstacle"", ""x"": 50.0, ""y"": 50.0, ""radius"": 5.0}]"
safety_margin_covariance,146,29.2,0,33.501,32.257,94.0,90.0,50.0,50.0,,,dropout+confidence_error,,trust_weighted_fusion,move,covariance,0.0,0.0,,0,0,83.633,7.814,19.229,uav_2,7.814,False,False,False,False,False,1,"[{""id"": ""obstacle_0"", ""kind"": ""static_obstacle"", ""x"": 50.0, ""y"": 50.0, ""radius"": 5.0}]"
safety_margin_covariance,146,29.2,1,37.769,41.529,90.0,94.0,50.0,50.0,51.178,50.102,dropout+confidence_error,0.341,trust_weighted_fusion,avoidance,covariance,2.5,1.0,,1,0,74.036,9.529,9.878,uav_2,9.529,False,False,False,False,False,1,"[{""id"": ""obstacle_0"", ""kind"": ""static_obstacle"", ""x"": 50.0, ""y"": 50.0, ""radius"": 5.0}]"
safety_margin_covariance,146,29.2,2,41.303,32.679,86.0,90.0,50.0,50.0,49.139,48.559,position_noise+confidence_error,0.0,trust_weighted_fusion,move,covariance,2.5,1.0,,4,0,72.688,6.889,14.382,uav_3,6.889,False,False,False,False,False,1,"[{""id"": ""obstacle_0"", ""kind"": ""static_obstacle"", ""x"": 50.0, ""y"": 50.0, ""radius"": 5.0}]"
safety_margin_covariance,146,29.2,3,46.483,37.22,90.0,86.0,50.0,50.0,51.178,50.102,false_negative+position_noise+confidence_error,0.341,trust_weighted_fusion,avoidance,covariance,2.5,1.0,,3,0,65.37,6.889,8.255,uav_2,6.889,False,False,False,False,False,1,"[{""id"": ""obstacle_0"", ""kind"": ""static_obstacle"", ""x"": 50.0, ""y"": 50.0, ""radius"": 5.0}]"
safety_margin_covariance,147,29.4,0,33.79,32.533,94.0,90.0,50.0,50.0,,,dropout+confidence_error,,trust_weighted_fusion,move,covariance,0.0,0.0,,0,0,83.233,7.622,18.83,uav_2,7.622,False,False,False,False,False,1,"[{""id"": ""obstacle_0"", ""kind"": ""static_obstacle"", ""x"": 50.0, ""y"": 50.0, ""radius"": 5.0}]"
safety_margin_covariance,147,29.4,1,37.981,41.353,90.0,94.0,50.0,50.0,48.562,50.651,dropout+confidence_error,0.279,trust_weighted_fusion,avoidance,covariance,2.5,1.0,,1,0,74.012,9.472,9.807,uav_3,9.472,False,False,False,False,False,1,"[{""id"": ""obstacle_0"", ""kind"": ""static_obstacle"", ""x"": 50.0, ""y"": 50.0, ""radius"": 5.0}]"
safety_margin_covariance,147,29.4,2,41.411,32.426,86.0,90.0,50.0,50.0,48.562,50.651,false_negative+position_noise+confidence_error,0.279,trust_weighted_fusion,avoidance,covariance,2.5,1.0,,3,0,72.821,7.241,14.56,uav_3,7.241,False,False,False,False,False,1,"[{""id"": ""obstacle_0"", ""kind"": ""static_obstacle"", ""x"": 50.0, ""y"": 50.0, ""radius"": 5.0}]"
safety_margin_covariance,147,29.4,3,46.616,37.461,90.0,86.0,50.0,50.0,48.562,50.651,position_noise+confidence_error,0.279,trust_weighted_fusion,avoidance,covariance,2.5,1.0,,4,0,65.102,7.241,7.988,uav_2,7.241,False,False,False,False,False,1,"[{""id"": ""obstacle_0"", ""kind"": ""static_obstacle"", ""x"": 50.0, ""y"": 50.0, ""radius"": 5.0}]"
safety_margin_covariance,148,29.6,0,33.589,32.346,94.0,90.0,50.0,50.0,,,false_negative+position_noise+confidence_error,,trust_weighted_fusion,avoidance,covariance,2.5,1.0,,2,0,83.508,7.996,19.104,uav_2,7.996,False,False,False,False,False,1,"[{""id"": ""obstacle_0"", ""kind"": ""static_obstacle"", ""x"": 50.0, ""y"": 50.0, ""radius"": 5.0}]"
safety_margin_covariance,148,29.6,1,38.252,41.312,90.0,94.0,50.0,50.0,50.745,51.503,dropout+confidence_error,0.281,trust_weighted_fusion,avoidance,covariance,2.5,1.0,,1,0,73.85,9.285,9.611,uav_2,9.285,False,False,False,False,False,1,"[{""id"": ""obstacle_0"", ""kind"": ""static_obstacle"", ""x"": 50.0, ""y"": 50.0, ""radius"": 5.0}]"
safety_margin_covariance,148,29.6,2,41.579,32.644,86.0,90.0,50.0,50.0,,,false_negative+position_noise+confidence_error,,trust_weighted_fusion,move,covariance,2.5,1.0,,3,0,72.546,7.125,14.291,uav_3,7.125,False,False,False,False,False,1,"[{""id"": ""obstacle_0"", ""kind"": ""static_obstacle"", ""x"": 50.0, ""y"": 50.0, ""radius"": 5.0}]"
safety_margin_covariance,148,29.6,3,46.884,37.4,90.0,86.0,50.0,50.0,50.745,51.503,false_negative+position_noise+confidence_error,0.281,trust_weighted_fusion,avoidance,covariance,2.5,1.0,,3,0,64.969,7.125,7.979,uav_2,7.125,False,False,False,False,False,1,"[{""id"": ""obstacle_0"", ""kind"": ""static_obstacle"", ""x"": 50.0, ""y"": 50.0, ""radius"": 5.0}]"
safety_margin_covariance,149,29.8,0,33.788,32.536,94.0,90.0,50.0,50.0,,,false_negative+position_noise+confidence_error,,trust_weighted_fusion,move,covariance,2.5,1.0,,2,0,83.233,7.922,18.83,uav_2,7.922,False,False,False,False,False,1,"[{""id"": ""obstacle_0"", ""kind"": ""static_obstacle"", ""x"": 50.0, ""y"": 50.0, ""radius"": 5.0}]"
safety_margin_covariance,149,29.8,1,38.475,41.15,90.0,94.0,50.0,50.0,49.969,49.869,position_noise+confidence_error,0.444,trust_weighted_fusion,avoidance,covariance,2.5,1.0,,4,0,73.811,9.198,9.531,uav_3,9.198,False,False,False,False,False,1,"[{""id"": ""obstacle_0"", ""kind"": ""static_obstacle"", ""x"": 50.0, ""y"": 50.0, ""radius"": 5.0}]"
safety_margin_covariance,149,29.8,2,41.708,32.401,86.0,90.0,50.0,50.0,49.969,49.869,false_negative+position_noise+confidence_error,0.444,trust_weighted_fusion,avoidance,covariance,2.5,1.0,,2,0,72.659,7.446,14.454,uav_3,7.446,False,False,False,False,False,1,"[{""id"": ""obstacle_0"", ""kind"": ""static_obstacle"", ""x"": 50.0, ""y"": 50.0, ""radius"": 5.0}]"
safety_margin_covariance,149,29.8,3,46.984,37.656,90.0,86.0,50.0,50.0,49.969,49.869,position_noise+confidence_error,0.444,trust_weighted_fusion,avoidance,covariance,2.5,1.0,,4,0,64.711,7.446,7.707,uav_2,7.446,False,False,False,False,False,1,"[{""id"": ""obstacle_0"", ""kind"": ""static_obstacle"", ""x"": 50.0, ""y"": 50.0, ""radius"": 5.0}]"
safety_margin_covariance,150,30.0,0,33.986,32.726,94.0,90.0,50.0,50.0,,,false_negative+position_noise+confidence_error,,trust_weighted_fusion,move,covariance,2.5,1.0,,1,0,82.958,7.89,18.555,uav_2,7.89,False,False,False,False,False,1,"[{""id"": ""obstacle_0"", ""kind"": ""static_obstacle"", ""x"": 50.0, ""y"": 50.0, ""radius"": 5.0}]"
safety_margin_covariance,150,30.0,1,38.707,41.003,90.0,94.0,50.0,50.0,48.727,51.27,position_noise+confidence_error,0.385,trust_weighted_fusion,avoidance,covariance,2.5,1.0,,4,0,73.754,8.963,9.438,uav_2,8.963,False,False,False,False,False,1,"[{""id"": ""obstacle_0"", ""kind"": ""static_obstacle"", ""x"": 50.0, ""y"": 50.0, ""radius"": 5.0}]"
safety_margin_covariance,150,30.0,2,41.876,32.619,86.0,90.0,50.0,50.0,,,false_negative+position_noise+confidence_error,,trust_weighted_fusion,move,covariance,2.5,1.0,,3,0,72.384,7.321,14.186,uav_3,7.321,False,False,False,False,False,1,"[{""id"": ""obstacle_0"", ""kind"": ""static_obstacle"", ""x"": 50.0, ""y"": 50.0, ""radius"": 5.0}]"
safety_margin_covariance,150,30.0,3,47.251,37.591,90.0,86.0,50.0,50.0,48.727,51.27,false_negative+position_noise+confidence_error,0.385,trust_weighted_fusion,avoidance,covariance,2.5,1.0,,2,0,64.583,7.321,7.71,uav_2,7.321,False,False,False,False,False,1,"[{""id"": ""obstacle_0"", ""kind"": ""static_obstacle"", ""x"": 50.0, ""y"": 50.0, ""radius"": 5.0}]"
safety_margin_covariance,151,30.2,0,33.712,32.72,94.0,90.0,50.0,50.0,,,position_noise+confidence_error,,trust_weighted_fusion,avoidance,covariance,2.5,1.0,,3,0,83.161,8.432,18.747,uav_2,8.432,False,False,False,False,False,1,"[{""id"": ""obstacle_0"", ""kind"": ""static_obstacle"", ""x"": 50.0, ""y"": 50.0, ""radius"": 5.0}]"
safety_margin_covariance,151,30.2,1,38.922,40.832,90.0,94.0,50.0,50.0,49.982,49.798,false_negative+position_noise+confidence_error,0.256,trust_weighted_fusion,avoidance,covariance,2.5,1.0,,2,0,73.728,8.761,9.379,uav_2,8.761,False,False,False,False,False,1,"[{""id"": ""obstacle_0"", ""kind"": ""static_obstacle"", ""x"": 50.0, ""y"": 50.0, ""radius"": 5.0}]"
safety_margin_covariance,151,30.2,2,42.143,32.685,86.0,90.0,50.0,50.0,49.982,49.798,false_negative+position_noise+confidence_error,0.256,trust_weighted_fusion,avoidance,covariance,2.5,1.0,,2,0,72.17,7.178,14.015,uav_3,7.178,False,False,False,False,False,1,"[{""id"": ""obstacle_0"", ""kind"": ""static_obstacle"", ""x"": 50.0, ""y"": 50.0, ""radius"": 5.0}]"
safety_margin_covariance,151,30.2,3,47.496,37.467,90.0,86.0,50.0,50.0,49.982,49.798,false_negative+position_noise+confidence_error,0.256,trust_weighted_fusion,avoidance,covariance,2.5,1.0,,3,0,64.514,7.178,7.781,uav_2,7.178,False,False,False,False,False,1,"[{""id"": ""obstacle_0"", ""kind"": ""static_obstacle"", ""x"": 50.0, ""y"": 50.0, ""radius"": 5.0}]"
safety_margin_covariance,152,30.4,0,33.911,32.909,94.0,90.0,50.0,50.0,,,false_negative+position_noise+confidence_error,,trust_weighted_fusion,move,covariance,2.5,1.0,,2,0,82.886,8.229,18.472,uav_2,8.229,False,False,False,False,False,1,"[{""id"": ""obstacle_0"", ""kind"": ""static_obstacle"", ""x"": 50.0, ""y"": 50.0, ""radius"": 5.0}]"
safety_margin_covariance,152,30.4,1,39.113,40.634,90.0,94.0,50.0,50.0,48.892,50.054,false_negative+position_noise+confidence_error,0.33,trust_weighted_fusion,avoidance,covariance,2.5,1.0,,2,0,73.739,8.757,9.362,uav_2,8.757,False,False,False,False,False,1,"[{""id"": ""obstacle_0"", ""kind"": ""static_obstacle"", ""x"": 50.0, ""y"": 50.0, ""radius"": 5.0}]"
safety_margin_covariance,152,30.4,2,42.124,32.41,86.0,90.0,50.0,50.0,48.892,50.054,false_negative+position_noise+confidence_error,0.33,trust_weighted_fusion,avoidance,covariance,2.5,1.0,,3,0,72.399,7.652,14.272,uav_3,7.652,False,False,False,False,False,1,"[{""id"": ""obstacle_0"", ""kind"": ""static_obstacle"", ""x"": 50.0, ""y"": 50.0, ""radius"": 5.0}]"
safety_margin_covariance,152,30.4,3,47.687,37.665,90.0,86.0,50.0,50.0,48.892,50.054,false_negative+position_noise+confidence_error,0.33,trust_weighted_fusion,avoidance,covariance,2.5,1.0,,3,0,64.239,7.652,7.55,obstacle_0,7.55,False,False,False,False,False,1,"[{""id"": ""obstacle_0"", ""kind"": ""static_obstacle"", ""x"": 50.0, ""y"": 50.0, ""radius"": 5.0}]"
safety_margin_covariance,153,30.6,0,34.11,33.099,94.0,90.0,50.0,50.0,,,false_negative+position_noise+confidence_error,,trust_weighted_fusion,move,covariance,2.5,1.0,,2,0,82.611,8.263,18.198,uav_2,8.263,False,False,False,False,False,1,"[{""id"": ""obstacle_0"", ""kind"": ""static_obstacle"", ""x"": 50.0, ""y"": 50.0, ""radius"": 5.0}]"
safety_margin_covariance,153,30.6,1,39.368,40.736,90.0,94.0,50.0,50.0,55.529,49.176,false_negative+position_noise+confidence_error,0.271,trust_weighted_fusion,avoidance,covariance,2.5,1.0,,2,0,73.489,8.705,9.102,uav_2,8.705,False,False,False,False,False,1,"[{""id"": ""obstacle_0"", ""kind"": ""static_obstacle"", ""x"": 50.0, ""y"": 50.0, ""radius"": 5.0}]"
safety_margin_covariance,153,30.6,2,42.355,32.559,86.0,90.0,50.0,50.0,51.145,51.351,false_negative+position_noise+confidence_error,0.077,trust_weighted_fusion,avoidance,covariance,2.5,1.0,,2,0,72.141,7.465,14.043,uav_3,7.465,False,False,False,False,False,1,"[{""id"": ""obstacle_0"", ""kind"": ""static_obstacle"", ""x"": 50.0, ""y"": 50.0, ""radius"": 5.0}]"
safety_margin_covariance,153,30.6,3,47.926,37.529,90.0,86.0,50.0,50.0,55.529,49.176,false_negative+position_noise+confidence_error,0.271,trust_weighted_fusion,avoidance,covariance,2.5,1.0,,3,0,64.185,7.465,7.643,uav_2,7.465,False,False,False,False,False,1,"[{""id"": ""obstacle_0"", ""kind"": ""static_obstacle"", ""x"": 50.0, ""y"": 50.0, ""radius"": 5.0}]"
safety_margin_covariance,154,30.8,0,34.31,33.288,94.0,90.0,50.0,50.0,,,false_negative+position_noise+confidence_error,,trust_weighted_fusion,move,covariance,2.5,1.0,,2,0,82.336,7.992,17.923,uav_2,7.992,False,False,False,False,False,1,"[{""id"": ""obstacle_0"", ""kind"": ""static_obstacle"", ""x"": 50.0, ""y"": 50.0, ""radius"": 5.0}]"
safety_margin_covariance,154,30.8,1,39.622,40.63,90.0,94.0,50.0,50.0,50.362,51.116,position_noise+confidence_error,0.532,trust_weighted_fusion,avoidance,covariance,2.5,1.0,,4,0,73.391,8.724,8.982,uav_2,8.724,False,False,False,False,False,1,"[{""id"": ""obstacle_0"", ""kind"": ""static_obstacle"", ""x"": 50.0, ""y"": 50.0, ""radius"": 5.0}]"
safety_margin_covariance,154,30.8,2,42.242,32.309,86.0,90.0,50.0,50.0,52.442,47.403,false_negative+position_noise+confidence_error,0.125,trust_weighted_fusion,avoidance,covariance,2.5,1.0,,3,0,72.409,7.869,14.318,uav_3,7.869,False,False,False,False,False,1,"[{""id"": ""obstacle_0"", ""kind"": ""static_obstacle"", ""x"": 50.0, ""y"": 50.0, ""radius"": 5.0}]"
safety_margin_covariance,154,30.8,3,48.192,37.458,90.0,86.0,50.0,50.0,50.362,51.116,false_negative+position_noise+confidence_error,0.532,trust_weighted_fusion,avoidance,covariance,2.5,1.0,,3,0,64.064,7.869,7.671,obstacle_0,7.671,False,False,False,False,False,1,"[{""id"": ""obstacle_0"", ""kind"": ""static_obstacle"", ""x"": 50.0, ""y"": 50.0, ""radius"": 5.0}]"
safety_margin_covariance,155,31.0,0,34.509,33.477,94.0,90.0,50.0,50.0,,,false_negative+position_noise+confidence_error,,trust_weighted_fusion,move,covariance,2.5,1.0,,2,0,82.061,7.956,17.649,uav_2,7.956,False,False,False,False,False,1,"[{""id"": ""obstacle_0"", ""kind"": ""static_obstacle"", ""x"": 50.0, ""y"": 50.0, ""radius"": 5.0}]"
safety_margin_covariance,155,31.0,1,39.858,40.489,90.0,94.0,50.0,50.0,49.097,51.337,false_negative+position_noise+confidence_error,0.686,trust_weighted_fusion,avoidance,covariance,2.5,1.0,,2,0,73.332,8.36,8.903,uav_2,8.36,False,False,False,False,False,1,"[{""id"": ""obstacle_0"", ""kind"": ""static_obstacle"", ""x"": 50.0, ""y"": 50.0, ""radius"": 5.0}]"
safety_margin_covariance,155,31.0,2,42.408,32.528,86.0,90.0,50.0,50.0,46.949,51.841,false_negative+position_noise+confidence_error,0.578,trust_weighted_fusion,move,covariance,2.5,1.0,,1,0,72.134,7.778,14.05,uav_3,7.778,False,False,False,False,False,1,"[{""id"": ""obstacle_0"", ""kind"": ""static_obstacle"", ""x"": 50.0, ""y"": 50.0, ""radius"": 5.0}]"
safety_margin_covariance,155,31.0,3,48.463,37.41,90.0,86.0,50.0,50.0,49.097,51.337,position_noise+confidence_error,0.686,trust_weighted_fusion,avoidance,covariance,2.5,1.0,,4,0,63.924,7.778,7.684,obstacle_0,7.684,False,False,False,False,False,1,"[{""id"": ""obstacle_0"", ""kind"": ""static_obstacle"", ""x"": 50.0, ""y"": 50.0, ""radius"": 5.0}]"
safety_margin_covariance,156,31.2,0,34.323,33.274,94.0,90.0,50.0,50.0,,,false_negative+position_noise+confidence_error,,trust_weighted_fusion,avoidance,covariance,2.5,1.0,,1,0,82.335,8.385,17.924,uav_2,8.385,False,False,False,False,False,1,"[{""id"": ""obstacle_0"", ""kind"": ""static_obstacle"", ""x"": 50.0, ""y"": 50.0, ""radius"": 5.0}]"
safety_margin_covariance,156,31.2,1,40.002,40.255,90.0,94.0,50.0,50.0,48.882,49.327,false_negative+position_noise+confidence_error,0.128,trust_weighted_fusion,avoidance,covariance,2.5,1.0,,4,0,73.406,8.134,8.962,uav_2,8.134,False,False,False,False,False,1,"[{""id"": ""obstacle_0"", ""kind"": ""static_obstacle"", ""x"": 50.0, ""y"": 50.0, ""radius"": 5.0}]"
safety_margin_covariance,156,31.2,2,42.679,32.574,86.0,90.0,50.0,50.0,48.882,49.327,false_negative+position_noise+confidence_error,0.128,trust_weighted_fusion,avoidance,covariance,2.5,1.0,,3,0,71.934,7.806,13.902,uav_3,7.806,False,False,False,False,False,1,"[{""id"": ""obstacle_0"", ""kind"": ""static_obstacle"", ""x"": 50.0, ""y"": 50.0, ""radius"": 5.0}]"
safety_margin_covariance,156,31.2,3,48.623,37.633,90.0,86.0,50.0,50.0,48.882,49.327,false_negative+position_noise+confidence_error,0.128,trust_weighted_fusion,avoidance,covariance,2.5,1.0,,4,0,63.65,7.806,7.443,obstacle_0,7.443,False,False,False,False,False,1,"[{""id"": ""obstacle_0"", ""kind"": ""static_obstacle"", ""x"": 50.0, ""y"": 50.0, ""radius"": 5.0}]"
safety_margin_covariance,157,31.4,0,34.613,33.55,94.0,90.0,50.0,50.0,,,false_negative+confidence_error,,trust_weighted_fusion,move,covariance,0.0,0.0,,0,0,81.935,8.391,17.524,uav_2,8.391,False,False,False,False,False,1,"[{""id"": ""obstacle_0"", ""kind"": ""static_obstacle"", ""x"": 50.0, ""y"": 50.0, ""radius"": 5.0}]"
safety_margin_covariance,157,31.4,1,40.13,40.011,90.0,94.0,50.0,50.0,47.923,49.199,position_noise+confidence_error,0.446,trust_weighted_fusion,avoidance,covariance,2.5,1.0,,4,0,73.497,7.923,9.043,uav_2,7.923,False,False,False,False,False,1,"[{""id"": ""obstacle_0"", ""kind"": ""static_obstacle"", ""x"": 50.0, ""y"": 50.0, ""radius"": 5.0}]"
safety_margin_covariance,157,31.4,2,42.952,32.608,86.0,90.0,50.0,50.0,47.923,49.199,false_negative+position_noise+confidence_error,0.446,trust_weighted_fusion,avoidance,covariance,2.5,1.0,,4,0,71.743,7.71,13.766,uav_3,7.71,False,False,False,False,False,1,"[{""id"": ""obstacle_0"", ""kind"": ""static_obstacle"", ""x"": 50.0, ""y"": 50.0, ""radius"": 5.0}]"
safety_margin_covariance,157,31.4,3,48.881,37.536,90.0,86.0,50.0,50.0,47.923,49.199,false_negative+position_noise+confidence_error,0.446,trust_weighted_fusion,avoidance,covariance,2.5,1.0,,3,0,63.557,7.71,7.514,obstacle_0,7.514,False,False,False,False,False,1,"[{""id"": ""obstacle_0"", ""kind"": ""static_obstacle"", ""x"": 50.0, ""y"": 50.0, ""radius"": 5.0}]"
safety_margin_covariance,158,31.6,0,34.813,33.74,94.0,90.0,50.0,50.0,,,false_negative+position_noise+confidence_error,,trust_weighted_fusion,move,covariance,2.5,1.0,,1,0,81.66,8.225,17.25,uav_1,8.225,False,False,False,False,False,1,"[{""id"": ""obstacle_0"", ""kind"": ""static_obstacle"", ""x"": 50.0, ""y"": 50.0, ""radius"": 5.0}]"
safety_margin_covariance,158,31.6,1,40.338,39.832,90.0,94.0,50.0,50.0,48.804,50.304,position_noise+confidence_error,0.524,trust_weighted_fusion,avoidance,covariance,2.5,1.0,,4,0,73.488,7.721,9.027,uav_2,7.721,False,False,False,False,False,1,"[{""id"": ""obstacle_0"", ""kind"": ""static_obstacle"", ""x"": 50.0, ""y"": 50.0, ""radius"": 5.0}]"
safety_margin_covariance,158,31.6,2,43.22,32.669,86.0,90.0,50.0,50.0,48.804,50.304,false_negative+position_noise+confidence_error,0.524,trust_weighted_fusion,avoidance,covariance,2.5,1.0,,2,0,71.533,7.625,13.61,uav_3,7.625,False,False,False,False,False,1,"[{""id"": ""obstacle_0"", ""kind"": ""static_obstacle"", ""x"": 50.0, ""y"": 50.0, ""radius"": 5.0}]"
safety_margin_covariance,158,31.6,3,49.147,37.466,90.0,86.0,50.0,50.0,48.804,50.304,position_noise+confidence_error,0.524,trust_weighted_fusion,avoidance,covariance,2.5,1.0,,4,0,63.439,7.625,7.563,obstacle_0,7.563,False,False,False,False,False,1,"[{""id"": ""obstacle_0"", ""kind"": ""static_obstacle"", ""x"": 50.0, ""y"": 50.0, ""radius"": 5.0}]"
safety_margin_covariance,159,31.8,0,35.083,33.789,94.0,90.0,50.0,50.0,49.439,46.454,false_negative+position_noise+confidence_error,0.673,trust_weighted_fusion,avoidance,covariance,2.5,1.0,,2,0,81.43,7.804,17.03,uav_1,7.804,False,False,False,False,False,1,"[{""id"": ""obstacle_0"", ""kind"": ""static_obstacle"", ""x"": 50.0, ""y"": 50.0, ""radius"": 5.0}]"
safety_margin_covariance,159,31.8,1,40.341,39.557,90.0,94.0,50.0,50.0,49.439,46.454,false_negative+position_noise+confidence_error,0.673,trust_weighted_fusion,avoidance,covariance,2.5,1.0,,3,0,73.689,7.643,9.225,uav_2,7.643,False,False,False,False,False,1,"[{""id"": ""obstacle_0"", ""kind"": ""static_obstacle"", ""x"": 50.0, ""y"": 50.0, ""radius"": 5.0}]"
safety_margin_covariance,159,31.8,2,43.091,32.426,86.0,90.0,50.0,50.0,49.439,46.454,false_negative+position_noise+confidence_error,0.673,trust_weighted_fusion,avoidance,covariance,2.5,1.0,,3,0,71.805,7.643,13.883,uav_1,7.643,False,False,False,False,False,1,"[{""id"": ""obstacle_0"", ""kind"": ""static_obstacle"", ""x"": 50.0, ""y"": 50.0, ""radius"": 5.0}]"
safety_margin_covariance,159,31.8,3,49.337,37.268,90.0,86.0,50.0,50.0,49.439,46.454,false_negative+position_noise+confidence_error,0.673,trust_weighted_fusion,avoidance,covariance,2.5,1.0,,3,0,63.469,7.902,7.75,obstacle_0,7.75,False,False,False,False,False,1,"[{""id"": ""obstacle_0"", ""kind"": ""static_obstacle"", ""x"": 50.0, ""y"": 50.0, ""radius"": 5.0}]"
safety_margin_covariance,160,32.0,0,35.282,33.979,94.0,90.0,50.0,50.0,,,false_negative+position_noise+confidence_error,,trust_weighted_fusion,move,covariance,2.5,1.0,,2,0,81.155,7.438,16.755,uav_1,7.438,False,False,False,False,False,1,"[{""id"": ""obstacle_0"", ""kind"": ""static_obstacle"", ""x"": 50.0, ""y"": 50.0, ""radius"": 5.0}]"
safety_margin_covariance,160,32.0,1,40.466,39.312,90.0,94.0,50.0,50.0,50.119,47.796,false_negative+position_noise+confidence_error,0.281,trust_weighted_fusion,avoidance,covariance,2.5,1.0,,3,0,73.786,7.438,9.322,uav_0,7.438,False,False,False,False,False,1,"[{""id"": ""obstacle_0"", ""kind"": ""static_obstacle"", ""x"": 50.0, ""y"": 50.0, ""radius"": 5.0}]"
safety_margin_covariance,160,32.0,2,43.365,32.443,86.0,90.0,50.0,50.0,50.119,47.796,false_negative+position_noise+confidence_error,0.281,trust_weighted_fusion,avoidance,covariance,2.5,1.0,,3,0,71.628,7.456,13.769,uav_1,7.456,False,False,False,False,False,1,"[{""id"": ""obstacle_0"", ""kind"": ""static_obstacle"", ""x"": 50.0, ""y"": 50.0, ""radius"": 5.0}]"
safety_margin_covariance,160,32.0,3,49.56,37.108,90.0,86.0,50.0,50.0,50.119,47.796,false_negative+position_noise+confidence_error,0.281,trust_weighted_fusion,avoidance,covariance,2.5,1.0,,3,0,63.449,7.755,7.9,uav_2,7.755,False,False,False,False,False,1,"[{""id"": ""obstacle_0"", ""kind"": ""static_obstacle"", ""x"": 50.0, ""y"": 50.0, ""radius"": 5.0}]"
safety_margin_covariance,161,32.2,0,35.481,34.169,94.0,90.0,50.0,50.0,,,false_negative+position_noise+confidence_error,,trust_weighted_fusion,move,covariance,2.5,1.0,,2,0,80.88,7.216,16.481,uav_1,7.216,False,False,False,False,False,1,"[{""id"": ""obstacle_0"", ""kind"": ""static_obstacle"", ""x"": 50.0, ""y"": 50.0, ""radius"": 5.0}]"
safety_margin_covariance,161,32.2,1,40.694,39.158,90.0,94.0,50.0,50.0,48.031,50.561,false_negative+position_noise+confidence_error,0.105,trust_weighted_fusion,avoidance,covariance,2.5,1.0,,3,0,73.747,7.216,9.288,uav_0,7.216,False,False,False,False,False,1,"[{""id"": ""obstacle_0"", ""kind"": ""static_obstacle"", ""x"": 50.0, ""y"": 50.0, ""radius"": 5.0}]"
safety_margin_covariance,161,32.2,2,43.632,32.508,86.0,90.0,50.0,50.0,48.031,50.561,false_negative+position_noise+confidence_error,0.105,trust_weighted_fusion,avoidance,covariance,2.5,1.0,,2,0,71.417,7.27,13.615,uav_1,7.27,False,False,False,False,False,1,"[{""id"": ""obstacle_0"", ""kind"": ""static_obstacle"", ""x"": 50.0, ""y"": 50.0, ""radius"": 5.0}]"
safety_margin_covariance,161,32.2,3,49.834,37.08,90.0,86.0,50.0,50.0,48.031,50.561,false_negative+position_noise+confidence_error,0.105,trust_weighted_fusion,avoidance,covariance,2.5,1.0,,3,0,63.297,7.705,7.921,uav_2,7.705,False,False,False,False,False,1,"[{""id"": ""obstacle_0"", ""kind"": ""static_obstacle"", ""x"": 50.0, ""y"": 50.0, ""radius"": 5.0}]"
safety_margin_covariance,162,32.4,0,35.68,34.359,94.0,90.0,50.0,50.0,,,false_negative+position_noise+confidence_error,,trust_weighted_fusion,move,covariance,2.5,1.0,,2,0,80.605,6.951,16.206,uav_1,6.951,False,False,False,False,False,1,"[{""id"": ""obstacle_0"", ""kind"": ""static_obstacle"", ""x"": 50.0, ""y"": 50.0, ""radius"": 5.0}]"
safety_margin_covariance,162,32.4,1,40.887,38.963,90.0,94.0,50.0,50.0,51.111,48.152,position_noise+confidence_error,0.457,trust_weighted_fusion,avoidance,covariance,2.5,1.0,,4,0,73.764,6.951,9.313,uav_0,6.951,False,False,False,False,False,1,"[{""id"": ""obstacle_0"", ""kind"": ""static_obstacle"", ""x"": 50.0, ""y"": 50.0, ""radius"": 5.0}]"
safety_margin_covariance,162,32.4,2,43.906,32.539,86.0,90.0,50.0,50.0,51.111,48.152,false_negative+position_noise+confidence_error,0.457,trust_weighted_fusion,avoidance,covariance,2.5,1.0,,2,0,71.23,7.097,13.494,uav_1,7.097,False,False,False,False,False,1,"[{""id"": ""obstacle_0"", ""kind"": ""static_obstacle"", ""x"": 50.0, ""y"": 50.0, ""radius"": 5.0}]"
safety_margin_covariance,162,32.4,3,50.065,36.931,90.0,86.0,50.0,50.0,51.111,48.152,false_negative+position_noise+confidence_error,0.457,trust_weighted_fusion,avoidance,covariance,2.5,1.0,,3,0,63.265,7.565,8.069,uav_2,7.565,False,False,False,False,False,1,"[{""id"": ""obstacle_0"", ""kind"": ""static_obstacle"", ""x"": 50.0, ""y"": 50.0, ""radius"": 5.0}]"
safety_margin_covariance,163,32.6,0,35.407,34.387,94.0,90.0,50.0,50.0,,,false_negative+position_noise+confidence_error,,trust_weighted_fusion,avoidance,covariance,2.5,1.0,,2,0,80.783,7.133,16.371,uav_1,7.133,False,False,False,False,False,1,"[{""id"": ""obstacle_0"", ""kind"": ""static_obstacle"", ""x"": 50.0, ""y"": 50.0, ""radius"": 5.0}]"
safety_margin_covariance,163,32.6,1,41.054,38.744,90.0,94.0,50.0,50.0,50.386,48.026,false_negative+position_noise+confidence_error,0.598,trust_weighted_fusion,avoidance,covariance,2.5,1.0,,2,0,73.817,6.83,9.378,uav_2,6.83,False,False,False,False,False,1,"[{""id"": ""obstacle_0"", ""kind"": ""static_obstacle"", ""x"": 50.0, ""y"": 50.0, ""radius"": 5.0}]"
safety_margin_covariance,163,32.6,2,44.154,32.658,86.0,90.0,50.0,50.0,50.386,48.026,false_negative+position_noise+confidence_error,0.598,trust_weighted_fusion,avoidance,covariance,2.5,1.0,,3,0,70.987,6.83,13.301,uav_1,6.83,False,False,False,False,False,1,"[{""id"": ""obstacle_0"", ""kind"": ""static_obstacle"", ""x"": 50.0, ""y"": 50.0, ""radius"": 5.0}]"
safety_margin_covariance,163,32.6,3,50.307,36.8,90.0,86.0,50.0,50.0,50.386,48.026,false_negative+position_noise+confidence_error,0.598,trust_weighted_fusion,avoidance,covariance,2.5,1.0,,3,0,63.216,7.417,8.204,uav_2,7.417,False,False,False,False,False,1,"[{""id"": ""obstacle_0"", ""kind"": ""static_obstacle"", ""x"": 50.0, ""y"": 50.0, ""radius"": 5.0}]"
safety_margin_covariance,164,32.8,0,35.606,34.577,94.0,90.0,50.0,50.0,,,position_noise+confidence_error,,trust_weighted_fusion,move,covariance,2.5,1.0,,2,0,80.508,7.126,16.097,uav_1,7.126,False,False,False,False,False,1,"[{""id"": ""obstacle_0"", ""kind"": ""static_obstacle"", ""x"": 50.0, ""y"": 50.0, ""radius"": 5.0}]"
safety_margin_covariance,164,32.8,1,41.225,38.96,90.0,94.0,50.0,50.0,51.152,52.889,false_negative+position_noise+confidence_error,0.229,trust_weighted_fusion,avoidance,covariance,2.5,1.0,,3,0,73.542,6.82,9.103,uav_2,6.82,False,False,False,False,False,1,"[{""id"": ""obstacle_0"", ""kind"": ""static_obstacle"", ""x"": 50.0, ""y"": 50.0, ""radius"": 5.0}]"
safety_margin_covariance,164,32.8,2,44.316,32.88,86.0,90.0,50.0,50.0,,,false_negative+position_noise+confidence_error,,trust_weighted_fusion,move,covariance,2.5,1.0,,1,0,70.712,6.82,13.039,uav_1,6.82,False,False,False,False,False,1,"[{""id"": ""obstacle_0"", ""kind"": ""static_obstacle"", ""x"": 50.0, ""y"": 50.0, ""radius"": 5.0}]"
safety_margin_covariance,164,32.8,3,50.581,36.815,90.0,86.0,50.0,50.0,51.152,52.889,position_noise+confidence_error,0.229,trust_weighted_fusion,avoidance,covariance,2.5,1.0,,3,0,63.032,7.399,8.198,uav_2,7.399,False,False,False,False,False,1,"[{""id"": ""obstacle_0"", ""kind"": ""static_obstacle"", ""x"": 50.0, ""y"": 50.0, ""radius"": 5.0}]"
safety_margin_covariance,165,33.0,0,35.805,34.766,94.0,90.0,50.0,50.0,,,false_negative+position_noise+confidence_error,,trust_weighted_fusion,move,covariance,2.5,1.0,,1,0,80.233,6.933,15.822,uav_1,6.933,False,False,False,False,False,1,"[{""id"": ""obstacle_0"", ""kind"": ""static_obstacle"", ""x"": 50.0, ""y"": 50.0, ""radius"": 5.0}]"
safety_margin_covariance,165,33.0,1,41.123,39.215,90.0,94.0,50.0,50.0,50.999,50.328,position_noise+confidence_error,0.325,trust_weighted_fusion,avoidance,covariance,2.5,1.0,,4,0,73.419,6.933,8.968,uav_0,6.933,False,False,False,False,False,1,"[{""id"": ""obstacle_0"", ""kind"": ""static_obstacle"", ""x"": 50.0, ""y"": 50.0, ""radius"": 5.0}]"
safety_margin_covariance,165,33.0,2,44.583,32.946,86.0,90.0,50.0,50.0,50.999,50.328,false_negative+position_noise+confidence_error,0.325,trust_weighted_fusion,avoidance,covariance,2.5,1.0,,1,0,70.502,7.161,12.894,uav_1,7.161,False,False,False,False,False,1,"[{""id"": ""obstacle_0"", ""kind"": ""static_obstacle"", ""x"": 50.0, ""y"": 50.0, ""radius"": 5.0}]"
safety_margin_covariance,165,33.0,3,50.852,36.764,90.0,86.0,50.0,50.0,50.999,50.328,false_negative+position_noise+confidence_error,0.325,trust_weighted_fusion,avoidance,covariance,2.5,1.0,,2,0,62.903,7.34,8.263,uav_2,7.34,False,False,False,False,False,1,"[{""id"": ""obstacle_0"", ""kind"": ""static_obstacle"", ""x"": 50.0, ""y"": 50.0, ""radius"": 5.0}]"
safety_margin_covariance,166,33.2,0,35.92,34.516,94.0,90.0,50.0,50.0,,,position_noise+confidence_error,,trust_weighted_fusion,avoidance,covariance,2.5,1.0,,2,0,80.323,7.159,15.929,uav_1,7.159,False,False,False,False,False,1,"[{""id"": ""obstacle_0"", ""kind"": ""static_obstacle"", ""x"": 50.0, ""y"": 50.0, ""radius"": 5.0}]"
safety_margin_covariance,166,33.2,1,41.387,39.138,90.0,94.0,50.0,50.0,51.893,50.292,false_negative+position_noise+confidence_error,0.52,trust_weighted_fusion,avoidance,covariance,2.5,1.0,,3,0,73.301,7.035,8.862,uav_2,7.035,False,False,False,False,False,1,"[{""id"": ""obstacle_0"", ""kind"": ""static_obstacle"", ""x"": 50.0, ""y"": 50.0, ""radius"": 5.0}]"
safety_margin_covariance,166,33.2,2,44.849,33.015,86.0,90.0,50.0,50.0,51.893,50.292,false_negative+position_noise+confidence_error,0.52,trust_weighted_fusion,avoidance,covariance,2.5,1.0,,2,0,70.29,7.035,12.749,uav_1,7.035,False,False,False,False,False,1,"[{""id"": ""obstacle_0"", ""kind"": ""static_obstacle"", ""x"": 50.0, ""y"": 50.0, ""radius"": 5.0}]"
safety_margin_covariance,166,33.2,3,51.121,36.707,90.0,86.0,50.0,50.0,51.893,50.292,false_negative+position_noise+confidence_error,0.52,trust_weighted_fusion,avoidance,covariance,2.5,1.0,,2,0,62.78,7.278,8.34,uav_2,7.278,False,False,False,False,False,1,"[{""id"": ""obstacle_0"", ""kind"": ""static_obstacle"", ""x"": 50.0, ""y"": 50.0, ""radius"": 5.0}]"
safety_margin_covariance,167,33.4,0,35.93,34.241,94.0,90.0,50.0,50.0,,,position_noise+confidence_error,,trust_weighted_fusion,avoidance,covariance,2.5,1.0,,2,0,80.506,7.547,16.126,uav_1,7.547,False,False,False,False,False,1,"[{""id"": ""obstacle_0"", ""kind"": ""static_obstacle"", ""x"": 50.0, ""y"": 50.0, ""radius"": 5.0}]"
safety_margin_covariance,167,33.4,1,41.429,39.41,90.0,94.0,50.0,50.0,52.952,51.265,false_negative+position_noise+confidence_error,0.493,trust_weighted_fusion,avoidance,covariance,2.5,1.0,,3,0,73.07,7.299,8.624,uav_2,7.299,False,False,False,False,False,1,"[{""id"": ""obstacle_0"", ""kind"": ""static_obstacle"", ""x"": 50.0, ""y"": 50.0, ""radius"": 5.0}]"
safety_margin_covariance,167,33.4,2,45.108,33.106,86.0,90.0,50.0,50.0,52.952,51.265,false_negative+position_noise+confidence_error,0.493,trust_weighted_fusion,avoidance,covariance,2.5,1.0,,3,0,70.065,7.23,12.588,uav_3,7.23,False,False,False,False,False,1,"[{""id"": ""obstacle_0"", ""kind"": ""static_obstacle"", ""x"": 50.0, ""y"": 50.0, ""radius"": 5.0}]"
safety_margin_covariance,167,33.4,3,51.394,36.678,90.0,86.0,50.0,50.0,52.952,51.265,position_noise+confidence_error,0.493,trust_weighted_fusion,avoidance,covariance,2.5,1.0,,3,0,62.634,7.23,8.395,uav_2,7.23,False,False,False,False,False,1,"[{""id"": ""obstacle_0"", ""kind"": ""static_obstacle"", ""x"": 50.0, ""y"": 50.0, ""radius"": 5.0}]"
safety_margin_covariance,168,33.6,0,36.204,34.271,94.0,90.0,50.0,50.0,49.603,46.895,false_negative+position_noise+confidence_error,0.665,trust_weighted_fusion,avoidance,covariance,2.5,1.0,,2,0,80.288,7.171,15.922,uav_1,7.171,False,False,False,False,False,1,"[{""id"": ""obstacle_0"", ""kind"": ""static_obstacle"", ""x"": 50.0, ""y"": 50.0, ""radius"": 5.0}]"
safety_margin_covariance,168,33.6,1,41.471,39.138,90.0,94.0,50.0,50.0,49.603,46.895,false_negative+position_noise+confidence_error,0.665,trust_weighted_fusion,avoidance,covariance,2.5,1.0,,3,0,73.246,7.171,8.81,uav_0,7.171,False,False,False,False,False,1,"[{""id"": ""obstacle_0"", ""kind"": ""static_obstacle"", ""x"": 50.0, ""y"": 50.0, ""radius"": 5.0}]"
safety_margin_covariance,168,33.6,2,45.378,33.05,86.0,90.0,50.0,50.0,49.603,46.895,false_negative+position_noise+confidence_error,0.665,trust_weighted_fusion,avoidance,covariance,2.5,1.0,,3,0,69.953,7.234,12.569,uav_1,7.234,False,False,False,False,False,1,"[{""id"": ""obstacle_0"", ""kind"": ""static_obstacle"", ""x"": 50.0, ""y"": 50.0, ""radius"": 5.0}]"
safety_margin_covariance,168,33.6,3,51.652,36.774,90.0,86.0,50.0,50.0,49.603,46.895,position_noise+confidence_error,0.665,trust_weighted_fusion,avoidance,covariance,2.5,1.0,,3,0,62.4,7.296,8.329,uav_2,7.296,False,False,False,False,False,1,"[{""id"": ""obstacle_0"", ""kind"": ""static_obstacle"", ""x"": 50.0, ""y"": 50.0, ""radius"": 5.0}]"
safety_margin_covariance,169,33.8,0,36.402,34.462,94.0,90.0,50.0,50.0,,,false_negative+position_noise+confidence_error,,trust_weighted_fusion,move,covariance,2.5,1.0,,1,0,80.013,6.867,15.648,uav_1,6.867,False,False,False,False,False,1,"[{""id"": ""obstacle_0"", ""kind"": ""static_obstacle"", ""x"": 50.0, ""y"": 50.0, ""radius"": 5.0}]"
safety_margin_covariance,169,33.8,1,41.63,38.914,90.0,94.0,50.0,50.0,50.57,48.254,false_negative+confidence_error,0.351,trust_weighted_fusion,avoidance,covariance,2.5,1.0,,1,0,73.309,6.867,8.891,uav_0,6.867,False,False,False,False,False,1,"[{""id"": ""obstacle_0"", ""kind"": ""static_obstacle"", ""x"": 50.0, ""y"": 50.0, ""radius"": 5.0}]"
safety_margin_covariance,169,33.8,2,45.653,33.05,86.0,90.0,50.0,50.0,50.57,48.254,false_negative+position_noise+confidence_error,0.351,trust_weighted_fusion,avoidance,covariance,2.5,1.0,,3,0,69.794,7.111,12.499,uav_1,7.111,False,False,False,False,False,1,"[{""id"": ""obstacle_0"", ""kind"": ""static_obstacle"", ""x"": 50.0, ""y"": 50.0, ""radius"": 5.0}]"
safety_margin_covariance,169,33.8,3,51.912,36.684,90.0,86.0,50.0,50.0,50.57,48.254,false_negative+position_noise+confidence_error,0.351,trust_weighted_fusion,avoidance,covariance,2.5,1.0,,2,0,62.312,7.238,8.453,uav_2,7.238,False,False,False,False,False,1,"[{""id"": ""obstacle_0"", ""kind"": ""static_obstacle"", ""x"": 50.0, ""y"": 50.0, ""radius"": 5.0}]"
safety_margin_covariance,170,34.0,0,36.6,34.653,94.0,90.0,50.0,50.0,,,false_negative+position_noise+confidence_error,,trust_weighted_fusion,move,covariance,2.5,1.0,,1,0,79.738,6.832,15.374,uav_1,6.832,False,False,False,False,False,1,"[{""id"": ""obstacle_0"", ""kind"": ""static_obstacle"", ""x"": 50.0, ""y"": 50.0, ""radius"": 5.0}]"
safety_margin_covariance,170,34.0,1,41.9,38.964,90.0,94.0,50.0,50.0,53.255,53.603,position_noise+confidence_error,0.0,trust_weighted_fusion,avoidance,covariance,2.5,1.0,,4,0,73.093,6.832,8.69,uav_0,6.832,False,False,False,False,False,1,"[{""id"": ""obstacle_0"", ""kind"": ""static_obstacle"", ""x"": 50.0, ""y"": 50.0, ""radius"": 5.0}]"
safety_margin_covariance,170,34.0,2,45.812,33.274,86.0,90.0,50.0,50.0,,,false_negative+position_noise+confidence_error,,trust_weighted_fusion,move,covariance,2.5,1.0,,3,0,69.519,6.904,12.242,uav_1,6.904,False,False,False,False,False,1,"[{""id"": ""obstacle_0"", ""kind"": ""static_obstacle"", ""x"": 50.0, ""y"": 50.0, ""radius"": 5.0}]"
safety_margin_covariance,170,34.0,3,52.185,36.719,90.0,86.0,50.0,50.0,53.255,53.603,false_negative+position_noise+confidence_error,0.0,trust_weighted_fusion,avoidance,covariance,2.5,1.0,,2,0,62.118,7.244,8.459,uav_2,7.244,False,False,False,False,False,1,"[{""id"": ""obstacle_0"", ""kind"": ""static_obstacle"", ""x"": 50.0, ""y"": 50.0, ""radius"": 5.0}]"
safety_margin_covariance,171,34.2,0,36.798,34.844,94.0,90.0,50.0,50.0,,,false_negative+position_noise+confidence_error,,trust_weighted_fusion,move,covariance,2.5,1.0,,1,0,79.463,6.784,15.1,uav_1,6.784,False,False,False,False,False,1,"[{""id"": ""obstacle_0"", ""kind"": ""static_obstacle"", ""x"": 50.0, ""y"": 50.0, ""radius"": 5.0}]"
safety_margin_covariance,171,34.2,1,42.175,38.981,90.0,94.0,50.0,50.0,50.96,54.108,false_negative+position_noise+confidence_error,0.021,trust_weighted_fusion,avoidance,covariance,2.5,1.0,,3,0,72.9,6.784,8.515,uav_0,6.784,False,False,False,False,False,1,"[{""id"": ""obstacle_0"", ""kind"": ""static_obstacle"", ""x"": 50.0, ""y"": 50.0, ""radius"": 5.0}]"
safety_margin_covariance,171,34.2,2,45.755,33.005,86.0,90.0,50.0,50.0,,,false_negative+position_noise+confidence_error,,trust_weighted_fusion,avoidance,covariance,2.5,1.0,,1,0,69.771,6.966,12.517,uav_1,6.966,False,False,False,False,False,1,"[{""id"": ""obstacle_0"", ""kind"": ""static_obstacle"", ""x"": 50.0, ""y"": 50.0, ""radius"": 5.0}]"
safety_margin_covariance,171,34.2,3,52.346,36.942,90.0,86.0,50.0,50.0,50.96,54.108,false_negative+position_noise+confidence_error,0.021,trust_weighted_fusion,avoidance,covariance,2.5,1.0,,3,0,61.843,7.677,8.267,uav_2,7.677,False,False,False,False,False,1,"[{""id"": ""obstacle_0"", ""kind"": ""static_obstacle"", ""x"": 50.0, ""y"": 50.0, ""radius"": 5.0}]"
safety_margin_covariance,172,34.4,0,37.073,34.841,94.0,90.0,50.0,50.0,48.868,47.736,position_noise+confidence_error,0.251,trust_weighted_fusion,avoidance,covariance,2.5,1.0,,3,0,79.267,6.495,14.923,uav_1,6.495,False,False,False,False,False,1,"[{""id"": ""obstacle_0"", ""kind"": ""static_obstacle"", ""x"": 50.0, ""y"": 50.0, ""radius"": 5.0}]"
safety_margin_covariance,172,34.4,1,42.278,38.726,90.0,94.0,50.0,50.0,48.868,47.736,false_negative+position_noise+confidence_error,0.251,trust_weighted_fusion,avoidance,covariance,2.5,1.0,,3,0,73.025,6.495,8.665,uav_0,6.495,False,False,False,False,False,1,"[{""id"": ""obstacle_0"", ""kind"": ""static_obstacle"", ""x"": 50.0, ""y"": 50.0, ""radius"": 5.0}]"
safety_margin_covariance,172,34.4,2,45.996,32.872,86.0,90.0,50.0,50.0,48.868,47.736,false_negative+position_noise+confidence_error,0.251,trust_weighted_fusion,avoidance,covariance,2.5,1.0,,2,0,69.742,6.934,12.59,uav_1,6.934,False,False,False,False,False,1,"[{""id"": ""obstacle_0"", ""kind"": ""static_obstacle"", ""x"": 50.0, ""y"": 50.0, ""radius"": 5.0}]"
safety_margin_covariance,172,34.4,3,52.616,36.893,90.0,86.0,50.0,50.0,48.868,47.736,false_negative+position_noise+confidence_error,0.251,trust_weighted_fusion,avoidance,covariance,2.5,1.0,,1,0,61.717,7.746,8.365,uav_2,7.746,False,False,False,False,False,1,"[{""id"": ""obstacle_0"", ""kind"": ""static_obstacle"", ""x"": 50.0, ""y"": 50.0, ""radius"": 5.0}]"
safety_margin_covariance,173,34.6,0,37.27,35.032,94.0,90.0,50.0,50.0,,,false_negative+position_noise+confidence_error,,trust_weighted_fusion,move,covariance,2.5,1.0,,1,0,78.992,6.334,14.649,uav_1,6.334,False,False,False,False,False,1,"[{""id"": ""obstacle_0"", ""kind"": ""static_obstacle"", ""x"": 50.0, ""y"": 50.0, ""radius"": 5.0}]"
safety_margin_covariance,173,34.6,1,42.514,38.584,90.0,94.0,50.0,50.0,50.379,50.022,false_negative+position_noise+confidence_error,0.483,trust_weighted_fusion,avoidance,covariance,2.5,1.0,,3,0,72.978,6.334,8.651,uav_0,6.334,False,False,False,False,False,1,"[{""id"": ""obstacle_0"", ""kind"": ""static_obstacle"", ""x"": 50.0, ""y"": 50.0, ""radius"": 5.0}]"
safety_margin_covariance,173,34.6,2,46.26,32.95,86.0,90.0,50.0,50.0,50.379,50.022,false_negative+position_noise+confidence_error,0.483,trust_weighted_fusion,avoidance,covariance,2.5,1.0,,3,0,69.527,6.766,12.456,uav_1,6.766,False,False,False,False,False,1,"[{""id"": ""obstacle_0"", ""kind"": ""static_obstacle"", ""x"": 50.0, ""y"": 50.0, ""radius"": 5.0}]"
safety_margin_covariance,173,34.6,3,52.839,37.055,90.0,86.0,50.0,50.0,50.379,50.022,position_noise+confidence_error,0.483,trust_weighted_fusion,avoidance,covariance,2.5,1.0,,3,0,61.454,7.755,8.252,uav_2,7.755,False,False,False,False,False,1,"[{""id"": ""obstacle_0"", ""kind"": ""static_obstacle"", ""x"": 50.0, ""y"": 50.0, ""radius"": 5.0}]"
safety_margin_covariance,174,34.8,0,37.341,34.767,94.0,90.0,50.0,50.0,53.352,48.566,position_noise+confidence_error,0.262,trust_weighted_fusion,avoidance,covariance,2.5,1.0,,3,0,79.127,6.573,14.807,uav_1,6.573,False,False,False,False,False,1,"[{""id"": ""obstacle_0"", ""kind"": ""static_obstacle"", ""x"": 50.0, ""y"": 50.0, ""radius"": 5.0}]"
safety_margin_covariance,174,34.8,1,42.767,38.476,90.0,94.0,50.0,50.0,51.503,50.153,false_negative+position_noise+confidence_error,0.461,trust_weighted_fusion,avoidance,covariance,2.5,1.0,,3,0,72.896,6.573,8.606,uav_0,6.573,False,False,False,False,False,1,"[{""id"": ""obstacle_0"", ""kind"": ""static_obstacle"", ""x"": 50.0, ""y"": 50.0, ""radius"": 5.0}]"
safety_margin_covariance,174,34.8,2,46.529,33.006,86.0,90.0,50.0,50.0,51.503,50.153,false_negative+position_noise+confidence_error,0.461,trust_weighted_fusion,avoidance,covariance,2.5,1.0,,2,0,69.327,6.639,12.345,uav_1,6.639,False,False,False,False,False,1,"[{""id"": ""obstacle_0"", ""kind"": ""static_obstacle"", ""x"": 50.0, ""y"": 50.0, ""radius"": 5.0}]"
safety_margin_covariance,174,34.8,3,53.111,37.02,90.0,86.0,50.0,50.0,51.503,50.153,false_negative+position_noise+confidence_error,0.461,trust_weighted_fusion,avoidance,covariance,2.5,1.0,,2,0,61.318,7.709,8.348,uav_2,7.709,False,False,False,False,False,1,"[{""id"": ""obstacle_0"", ""kind"": ""static_obstacle"", ""x"": 50.0, ""y"": 50.0, ""radius"": 5.0}]"
safety_margin_covariance,175,35.0,0,37.612,34.812,94.0,90.0,50.0,50.0,51.113,48.282,false_negative+confidence_error,0.284,trust_weighted_fusion,avoidance,covariance,2.5,1.0,,1,0,78.901,6.259,14.599,uav_1,6.259,False,False,False,False,False,1,"[{""id"": ""obstacle_0"", ""kind"": ""static_obstacle"", ""x"": 50.0, ""y"": 50.0, ""radius"": 5.0}]"
safety_margin_covariance,175,35.0,1,42.555,38.652,90.0,94.0,50.0,50.0,51.113,48.282,false_negative+position_noise+confidence_error,0.284,trust_weighted_fusion,avoidance,covariance,2.5,1.0,,3,0,72.9,6.259,8.572,uav_0,6.259,False,False,False,False,False,1,"[{""id"": ""obstacle_0"", ""kind"": ""static_obstacle"", ""x"": 50.0, ""y"": 50.0, ""radius"": 5.0}]"
safety_margin_covariance,175,35.0,2,46.289,32.873,86.0,90.0,50.0,50.0,51.113,48.282,position_noise+confidence_error,0.284,trust_weighted_fusion,avoidance,covariance,2.5,1.0,,4,0,69.574,6.88,12.525,uav_1,6.88,False,False,False,False,False,1,"[{""id"": ""obstacle_0"", ""kind"": ""static_obstacle"", ""x"": 50.0, ""y"": 50.0, ""radius"": 5.0}]"
safety_margin_covariance,175,35.0,3,53.376,36.945,90.0,86.0,50.0,50.0,51.113,48.282,false_negative+position_noise+confidence_error,0.284,trust_weighted_fusion,avoidance,covariance,2.5,1.0,,2,0,61.218,8.174,8.484,uav_2,8.174,False,False,False,False,False,1,"[{""id"": ""obstacle_0"", ""kind"": ""static_obstacle"", ""x"": 50.0, ""y"": 50.0, ""radius"": 5.0}]"
safety_margin_covariance,176,35.2,0,37.808,35.005,94.0,90.0,50.0,50.0,53.181,50.401,false_negative+position_noise+confidence_error,0.336,trust_weighted_fusion,move,covariance,2.5,1.0,,1,0,78.626,6.105,14.326,uav_1,6.105,False,False,False,False,False,1,"[{""id"": ""obstacle_0"", ""kind"": ""static_obstacle"", ""x"": 50.0, ""y"": 50.0, ""radius"": 5.0}]"
safety_margin_covariance,176,35.2,1,42.798,38.523,90.0,94.0,50.0,50.0,50.368,50.307,false_negative+position_noise+confidence_error,0.597,trust_weighted_fusion,avoidance,covariance,2.5,1.0,,2,0,72.841,6.105,8.55,uav_0,6.105,False,False,False,False,False,1,"[{""id"": ""obstacle_0"", ""kind"": ""static_obstacle"", ""x"": 50.0, ""y"": 50.0, ""radius"": 5.0}]"
safety_margin_covariance,176,35.2,2,46.558,32.929,86.0,90.0,50.0,50.0,50.368,50.307,position_noise+confidence_error,0.597,trust_weighted_fusion,avoidance,covariance,2.5,1.0,,4,0,69.374,6.739,12.414,uav_1,6.739,False,False,False,False,False,1,"[{""id"": ""obstacle_0"", ""kind"": ""static_obstacle"", ""x"": 50.0, ""y"": 50.0, ""radius"": 5.0}]"
safety_margin_covariance,176,35.2,3,53.651,36.945,90.0,86.0,50.0,50.0,50.368,50.307,position_noise+confidence_error,0.597,trust_weighted_fusion,avoidance,covariance,2.5,1.0,,3,0,61.054,8.151,8.556,uav_2,8.151,False,False,False,False,False,1,"[{""id"": ""obstacle_0"", ""kind"": ""static_obstacle"", ""x"": 50.0, ""y"": 50.0, ""radius"": 5.0}]"
safety_margin_covariance,177,35.4,0,37.806,34.73,94.0,90.0,50.0,50.0,48.632,48.702,position_noise+confidence_error,0.76,trust_weighted_fusion,avoidance,covariance,2.5,1.0,,3,0,78.82,6.309,14.541,uav_1,6.309,False,False,False,False,False,1,"[{""id"": ""obstacle_0"", ""kind"": ""static_obstacle"", ""x"": 50.0, ""y"": 50.0, ""radius"": 5.0}]"
safety_margin_covariance,177,35.4,1,42.66,38.76,90.0,94.0,50.0,50.0,48.632,48.702,false_negative+position_noise+confidence_error,0.76,trust_weighted_fusion,avoidance,covariance,2.5,1.0,,3,0,72.75,6.309,8.424,uav_0,6.309,False,False,False,False,False,1,"[{""id"": ""obstacle_0"", ""kind"": ""static_obstacle"", ""x"": 50.0, ""y"": 50.0, ""radius"": 5.0}]"
safety_margin_covariance,177,35.4,2,46.832,32.945,86.0,90.0,50.0,50.0,48.632,48.702,false_negative+position_noise+confidence_error,0.76,trust_weighted_fusion,avoidance,covariance,2.5,1.0,,3,0,69.206,7.158,12.347,uav_1,7.158,False,False,False,False,False,1,"[{""id"": ""obstacle_0"", ""kind"": ""static_obstacle"", ""x"": 50.0, ""y"": 50.0, ""radius"": 5.0}]"
safety_margin_covariance,177,35.4,3,53.926,36.954,90.0,86.0,50.0,50.0,48.632,48.702,false_negative+position_noise+confidence_error,0.76,trust_weighted_fusion,avoidance,covariance,2.5,1.0,,2,0,60.884,8.148,8.624,uav_2,8.148,False,False,False,False,False,1,"[{""id"": ""obstacle_0"", ""kind"": ""static_obstacle"", ""x"": 50.0, ""y"": 50.0, ""radius"": 5.0}]"
safety_margin_covariance,178,35.6,0,38.081,34.71,94.0,90.0,50.0,50.0,46.31,49.468,false_negative+position_noise+confidence_error,0.479,trust_weighted_fusion,avoidance,covariance,2.5,1.0,,2,0,78.638,6.145,14.387,uav_1,6.145,False,False,False,False,False,1,"[{""id"": ""obstacle_0"", ""kind"": ""static_obstacle"", ""x"": 50.0, ""y"": 50.0, ""radius"": 5.0}]"
safety_margin_covariance,178,35.6,1,42.86,38.572,90.0,94.0,50.0,50.0,46.31,49.468,false_negative+position_noise+confidence_error,0.479,trust_weighted_fusion,avoidance,covariance,2.5,1.0,,3,0,72.763,6.145,8.475,uav_0,6.145,False,False,False,False,False,1,"[{""id"": ""obstacle_0"", ""kind"": ""static_obstacle"", ""x"": 50.0, ""y"": 50.0, ""radius"": 5.0}]"
safety_margin_covariance,178,35.6,2,47.103,32.991,86.0,90.0,50.0,50.0,46.31,49.468,false_negative+position_noise+confidence_error,0.479,trust_weighted_fusion,avoidance,covariance,2.5,1.0,,3,0,69.015,7.011,12.254,uav_1,7.011,False,False,False,False,False,1,"[{""id"": ""obstacle_0"", ""kind"": ""static_obstacle"", ""x"": 50.0, ""y"": 50.0, ""radius"": 5.0}]"
safety_margin_covariance,178,35.6,3,54.193,37.021,90.0,86.0,50.0,50.0,46.31,49.468,false_negative+position_noise+confidence_error,0.479,trust_weighted_fusion,avoidance,covariance,2.5,1.0,,2,0,60.672,8.155,8.639,uav_2,8.155,False,False,False,False,False,1,"[{""id"": ""obstacle_0"", ""kind"": ""static_obstacle"", ""x"": 50.0, ""y"": 50.0, ""radius"": 5.0}]"
safety_margin_covariance,179,35.8,0,37.859,34.547,94.0,90.0,50.0,50.0,51.733,48.654,false_negative+position_noise+confidence_error,0.0,trust_weighted_fusion,avoidance,covariance,2.5,1.0,,2,0,78.91,6.602,14.652,uav_1,6.602,False,False,False,False,False,1,"[{""id"": ""obstacle_0"", ""kind"": ""static_obstacle"", ""x"": 50.0, ""y"": 50.0, ""radius"": 5.0}]"
safety_margin_covariance,179,35.8,1,43.13,38.522,90.0,94.0,50.0,50.0,49.499,52.461,false_negative+position_noise+confidence_error,0.335,trust_weighted_fusion,avoidance,covariance,2.5,1.0,,4,0,72.626,6.602,8.376,uav_0,6.602,False,False,False,False,False,1,"[{""id"": ""obstacle_0"", ""kind"": ""static_obstacle"", ""x"": 50.0, ""y"": 50.0, ""radius"": 5.0}]"
safety_margin_covariance,179,35.8,2,47.374,32.94,86.0,90.0,50.0,50.0,49.499,52.461,position_noise+confidence_error,0.335,trust_weighted_fusion,avoidance,covariance,2.5,1.0,,4,0,68.904,7.012,12.261,uav_1,7.012,False,False,False,False,False,1,"[{""id"": ""obstacle_0"", ""kind"": ""static_obstacle"", ""x"": 50.0, ""y"": 50.0, ""radius"": 5.0}]"
safety_margin_covariance,179,35.8,3,54.461,37.081,90.0,86.0,50.0,50.0,49.499,52.461,false_negative+position_noise+confidence_error,0.335,trust_weighted_fusion,avoidance,covariance,2.5,1.0,,2,0,60.465,8.208,8.667,uav_2,8.208,False,False,False,False,False,1,"[{""id"": ""obstacle_0"", ""kind"": ""static_obstacle"", ""x"": 50.0, ""y"": 50.0, ""radius"": 5.0}]"
safety_margin_covariance,180,36.0,0,38.134,34.56,94.0,90.0,50.0,50.0,49.914,48.034,false_negative+position_noise+confidence_error,0.081,trust_weighted_fusion,avoidance,covariance,2.5,1.0,,3,0,78.706,6.119,14.473,uav_1,6.119,False,False,False,False,False,1,"[{""id"": ""obstacle_0"", ""kind"": ""static_obstacle"", ""x"": 50.0, ""y"": 50.0, ""radius"": 5.0}]"
safety_margin_covariance,180,36.0,1,42.87,38.433,90.0,94.0,50.0,50.0,49.914,48.034,false_negative+position_noise+confidence_error,0.081,trust_weighted_fusion,avoidance,covariance,2.5,1.0,,3,0,72.862,6.119,8.588,uav_0,6.119,False,False,False,False,False,1,"[{""id"": ""obstacle_0"", ""kind"": ""static_obstacle"", ""x"": 50.0, ""y"": 50.0, ""radius"": 5.0}]"
safety_margin_covariance,180,36.0,2,47.649,32.936,86.0,90.0,50.0,50.0,49.914,48.034,dropout+confidence_error,0.081,trust_weighted_fusion,avoidance,covariance,2.5,1.0,,1,0,68.754,7.284,12.225,uav_1,7.284,False,False,False,False,False,1,"[{""id"": ""obstacle_0"", ""kind"": ""static_obstacle"", ""x"": 50.0, ""y"": 50.0, ""radius"": 5.0}]"
safety_margin_covariance,180,36.0,3,54.736,37.066,90.0,86.0,50.0,50.0,49.914,48.034,false_negative+position_noise+confidence_error,0.081,trust_weighted_fusion,avoidance,covariance,2.5,1.0,,2,0,60.317,8.202,8.774,uav_2,8.202,False,False,False,False,False,1,"[{""id"": ""obstacle_0"", ""kind"": ""static_obstacle"", ""x"": 50.0, ""y"": 50.0, ""radius"": 5.0}]"
safety_margin_covariance,181,36.2,0,37.875,34.467,94.0,90.0,50.0,50.0,49.634,48.616,position_noise+confidence_error,0.492,trust_weighted_fusion,avoidance,covariance,2.5,1.0,,3,0,78.956,6.113,14.705,uav_1,6.113,False,False,False,False,False,1,"[{""id"": ""obstacle_0"", ""kind"": ""static_obstacle"", ""x"": 50.0, ""y"": 50.0, ""radius"": 5.0}]"
safety_margin_covariance,181,36.2,1,42.618,38.323,90.0,94.0,50.0,50.0,49.634,48.616,position_noise+confidence_error,0.492,trust_weighted_fusion,avoidance,covariance,2.5,1.0,,4,0,73.109,6.113,8.815,uav_0,6.113,False,False,False,False,False,1,"[{""id"": ""obstacle_0"", ""kind"": ""static_obstacle"", ""x"": 50.0, ""y"": 50.0, ""radius"": 5.0}]"
safety_margin_covariance,181,36.2,2,47.923,32.951,86.0,90.0,50.0,50.0,49.634,48.616,dropout+confidence_error,0.492,trust_weighted_fusion,avoidance,covariance,2.5,1.0,,1,0,68.589,7.549,12.175,uav_1,7.549,False,False,False,False,False,1,"[{""id"": ""obstacle_0"", ""kind"": ""static_obstacle"", ""x"": 50.0, ""y"": 50.0, ""radius"": 5.0}]"
safety_margin_covariance,181,36.2,3,55.01,37.075,90.0,86.0,50.0,50.0,49.634,48.616,false_negative+position_noise+confidence_error,0.492,trust_weighted_fusion,avoidance,covariance,2.5,1.0,,2,0,60.15,8.199,8.863,uav_2,8.199,False,False,False,False,False,1,"[{""id"": ""obstacle_0"", ""kind"": ""static_obstacle"", ""x"": 50.0, ""y"": 50.0, ""radius"": 5.0}]"
safety_margin_covariance,182,36.4,0,38.07,34.66,94.0,90.0,50.0,50.0,52.265,50.785,false_negative+position_noise+confidence_error,0.136,trust_weighted_fusion,move,covariance,2.5,1.0,,1,0,78.681,6.022,14.433,uav_1,6.022,False,False,False,False,False,1,"[{""id"": ""obstacle_0"", ""kind"": ""static_obstacle"", ""x"": 50.0, ""y"": 50.0, ""radius"": 5.0}]"
safety_margin_covariance,182,36.4,1,42.889,38.272,90.0,94.0,50.0,50.0,52.265,50.785,false_negative+position_noise+confidence_error,0.136,trust_weighted_fusion,avoidance,covariance,2.5,1.0,,3,0,72.973,6.022,8.715,uav_0,6.022,False,False,False,False,False,1,"[{""id"": ""obstacle_0"", ""kind"": ""static_obstacle"", ""x"": 50.0, ""y"": 50.0, ""radius"": 5.0}]"
safety_margin_covariance,182,36.4,2,48.189,33.022,86.0,90.0,50.0,50.0,52.265,50.785,dropout+confidence_error,0.136,trust_weighted_fusion,avoidance,covariance,2.5,1.0,,1,0,68.383,7.461,12.074,uav_1,7.461,False,False,False,False,False,1,"[{""id"": ""obstacle_0"", ""kind"": ""static_obstacle"", ""x"": 50.0, ""y"": 50.0, ""radius"": 5.0}]"
safety_margin_covariance,182,36.4,3,55.285,37.08,90.0,86.0,50.0,50.0,52.265,50.785,false_negative+position_noise+confidence_error,0.136,trust_weighted_fusion,avoidance,covariance,2.5,1.0,,2,0,59.986,8.175,8.959,uav_2,8.175,False,False,False,False,False,1,"[{""id"": ""obstacle_0"", ""kind"": ""static_obstacle"", ""x"": 50.0, ""y"": 50.0, ""radius"": 5.0}]"
safety_margin_covariance,183,36.6,0,38.122,34.39,94.0,90.0,50.0,50.0,48.913,48.564,false_negative+position_noise+confidence_error,0.396,trust_weighted_fusion,avoidance,covariance,2.5,1.0,,2,0,78.834,6.161,14.615,uav_1,6.161,False,False,False,False,False,1,"[{""id"": ""obstacle_0"", ""kind"": ""static_obstacle"", ""x"": 50.0, ""y"": 50.0, ""radius"": 5.0}]"
safety_margin_covariance,183,36.6,1,43.068,38.064,90.0,94.0,50.0,50.0,48.913,48.564,false_negative+position_noise+confidence_error,0.396,trust_weighted_fusion,avoidance,covariance,2.5,1.0,,2,0,73.017,6.161,8.803,uav_0,6.161,False,False,False,False,False,1,"[{""id"": ""obstacle_0"", ""kind"": ""static_obstacle"", ""x"": 50.0, ""y"": 50.0, ""radius"": 5.0}]"
safety_margin_covariance,183,36.6,2,48.463,33.04,86.0,90.0,50.0,50.0,48.913,48.564,dropout+confidence_error,0.396,trust_weighted_fusion,avoidance,covariance,2.5,1.0,,1,0,68.216,7.372,12.03,uav_1,7.372,False,False,False,False,False,1,"[{""id"": ""obstacle_0"", ""kind"": ""static_obstacle"", ""x"": 50.0, ""y"": 50.0, ""radius"": 5.0}]"
safety_margin_covariance,183,36.6,3,55.558,37.116,90.0,86.0,50.0,50.0,48.913,48.564,false_negative+position_noise+confidence_error,0.396,trust_weighted_fusion,avoidance,covariance,2.5,1.0,,2,0,59.799,8.182,9.031,uav_2,8.182,False,False,False,False,False,1,"[{""id"": ""obstacle_0"", ""kind"": ""static_obstacle"", ""x"": 50.0, ""y"": 50.0, ""radius"": 5.0}]"
safety_margin_covariance,184,36.8,0,38.397,34.387,94.0,90.0,50.0,50.0,50.15,47.083,position_noise+confidence_error,0.362,trust_weighted_fusion,avoidance,covariance,2.5,1.0,,3,0,78.641,6.209,14.452,uav_1,6.209,False,False,False,False,False,1,"[{""id"": ""obstacle_0"", ""kind"": ""static_obstacle"", ""x"": 50.0, ""y"": 50.0, ""radius"": 5.0}]"
safety_margin_covariance,184,36.8,1,43.229,38.287,90.0,94.0,50.0,50.0,50.15,47.083,false_negative+position_noise+confidence_error,0.362,trust_weighted_fusion,avoidance,covariance,2.5,1.0,,2,0,72.743,6.209,8.53,uav_0,6.209,False,False,False,False,False,1,"[{""id"": ""obstacle_0"", ""kind"": ""static_obstacle"", ""x"": 50.0, ""y"": 50.0, ""radius"": 5.0}]"
safety_margin_covariance,184,36.8,2,48.736,33.005,86.0,90.0,50.0,50.0,50.15,47.083,dropout+confidence_error,0.362,trust_weighted_fusion,avoidance,covariance,2.5,1.0,,1,0,68.096,7.631,12.042,uav_1,7.631,False,False,False,False,False,1,"[{""id"": ""obstacle_0"", ""kind"": ""static_obstacle"", ""x"": 50.0, ""y"": 50.0, ""radius"": 5.0}]"
safety_margin_covariance,184,36.8,3,55.833,37.109,90.0,86.0,50.0,50.0,50.15,47.083,false_negative+position_noise+confidence_error,0.362,trust_weighted_fusion,avoidance,covariance,2.5,1.0,,2,0,59.647,8.198,9.149,uav_2,8.198,False,False,False,False,False,1,"[{""id"": ""obstacle_0"", ""kind"": ""static_obstacle"", ""x"": 50.0, ""y"": 50.0, ""radius"": 5.0}]"
safety_margin_covariance,185,37.0,0,38.54,34.152,94.0,90.0,50.0,50.0,50.727,49.065,position_noise+confidence_error,0.637,trust_weighted_fusion,avoidance,covariance,2.5,1.0,,3,0,78.707,6.299,14.557,uav_1,6.299,False,False,False,False,False,1,"[{""id"": ""obstacle_0"", ""kind"": ""static_obstacle"", ""x"": 50.0, ""y"": 50.0, ""radius"": 5.0}]"
safety_margin_covariance,185,37.0,1,43.44,38.111,90.0,94.0,50.0,50.0,50.727,49.065,false_negative+position_noise+confidence_error,0.637,trust_weighted_fusion,avoidance,covariance,2.5,1.0,,3,0,72.742,6.299,8.579,uav_0,6.299,False,False,False,False,False,1,"[{""id"": ""obstacle_0"", ""kind"": ""static_obstacle"", ""x"": 50.0, ""y"": 50.0, ""radius"": 5.0}]"
safety_margin_covariance,185,37.0,2,49.01,33.033,86.0,90.0,50.0,50.0,50.727,49.065,false_negative+position_noise+confidence_error,0.637,trust_weighted_fusion,avoidance,covariance,2.5,1.0,,3,0,67.923,7.537,11.996,uav_1,7.537,False,False,False,False,False,1,"[{""id"": ""obstacle_0"", ""kind"": ""static_obstacle"", ""x"": 50.0, ""y"": 50.0, ""radius"": 5.0}]"
safety_margin_covariance,185,37.0,3,56.107,37.126,90.0,86.0,50.0,50.0,50.727,49.065,false_negative+position_noise+confidence_error,0.637,trust_weighted_fusion,avoidance,covariance,2.5,1.0,,2,0,59.476,8.193,9.249,uav_2,8.193,False,False,False,False,False,1,"[{""id"": ""obstacle_0"", ""kind"": ""static_obstacle"", ""x"": 50.0, ""y"": 50.0, ""radius"": 5.0}]"
safety_margin_covariance,186,37.2,0,38.5,33.88,94.0,90.0,50.0,50.0,50.01,49.926,position_noise+confidence_error,0.476,trust_weighted_fusion,avoidance,covariance,2.5,1.0,,3,0,78.928,6.474,14.802,uav_1,6.474,False,False,False,False,False,1,"[{""id"": ""obstacle_0"", ""kind"": ""static_obstacle"", ""x"": 50.0, ""y"": 50.0, ""radius"": 5.0}]"
safety_margin_covariance,186,37.2,1,43.235,38.294,90.0,94.0,50.0,50.0,50.01,49.926,position_noise+confidence_error,0.476,trust_weighted_fusion,avoidance,covariance,2.5,1.0,,4,0,72.733,6.474,8.52,uav_0,6.474,False,False,False,False,False,1,"[{""id"": ""obstacle_0"", ""kind"": ""static_obstacle"", ""x"": 50.0, ""y"": 50.0, ""radius"": 5.0}]"
safety_margin_covariance,186,37.2,2,49.28,33.085,86.0,90.0,50.0,50.0,50.01,49.926,false_negative+position_noise+confidence_error,0.476,trust_weighted_fusion,avoidance,covariance,2.5,1.0,,3,0,67.733,7.98,11.931,uav_1,7.98,False,False,False,False,False,1,"[{""id"": ""obstacle_0"", ""kind"": ""static_obstacle"", ""x"": 50.0, ""y"": 50.0, ""radius"": 5.0}]"
safety_margin_covariance,186,37.2,3,56.317,37.304,90.0,86.0,50.0,50.0,50.01,49.926,false_negative+position_noise+confidence_error,0.476,trust_weighted_fusion,avoidance,covariance,2.5,1.0,,2,0,59.21,8.205,9.181,uav_2,8.205,False,False,False,False,False,1,"[{""id"": ""obstacle_0"", ""kind"": ""static_obstacle"", ""x"": 50.0, ""y"": 50.0, ""radius"": 5.0}]"
safety_margin_covariance,187,37.4,0,38.693,34.076,94.0,90.0,50.0,50.0,50.614,54.097,position_noise+confidence_error,0.0,trust_weighted_fusion,move,covariance,2.5,1.0,,3,0,78.653,6.314,14.53,uav_1,6.314,False,False,False,False,False,1,"[{""id"": ""obstacle_0"", ""kind"": ""static_obstacle"", ""x"": 50.0, ""y"": 50.0, ""radius"": 5.0}]"
safety_margin_covariance,187,37.4,1,43.487,38.184,90.0,94.0,50.0,50.0,52.433,49.679,false_negative+position_noise+confidence_error,0.348,trust_weighted_fusion,avoidance,covariance,2.5,1.0,,3,0,72.656,6.314,8.492,uav_0,6.314,False,False,False,False,False,1,"[{""id"": ""obstacle_0"", ""kind"": ""static_obstacle"", ""x"": 50.0, ""y"": 50.0, ""radius"": 5.0}]"
safety_margin_covariance,187,37.4,2,49.551,33.128,86.0,90.0,50.0,50.0,52.433,49.679,false_negative+position_noise+confidence_error,0.348,trust_weighted_fusion,avoidance,covariance,2.5,1.0,,4,0,67.55,7.896,11.878,uav_1,7.896,False,False,False,False,False,1,"[{""id"": ""obstacle_0"", ""kind"": ""static_obstacle"", ""x"": 50.0, ""y"": 50.0, ""radius"": 5.0}]"
safety_margin_covariance,187,37.4,3,56.592,37.303,90.0,86.0,50.0,50.0,52.433,49.679,false_negative+position_noise+confidence_error,0.348,trust_weighted_fusion,avoidance,covariance,2.5,1.0,,2,0,59.055,8.185,9.306,uav_2,8.185,False,False,False,False,False,1,"[{""id"": ""obstacle_0"", ""kind"": ""static_obstacle"", ""x"": 50.0, ""y"": 50.0, ""radius"": 5.0}]"
safety_margin_covariance,188,37.6,0,38.887,34.271,94.0,90.0,50.0,50.0,51.694,51.962,false_negative+position_noise+confidence_error,0.0,trust_weighted_fusion,move,covariance,2.5,1.0,,2,0,78.378,6.163,14.259,uav_1,6.163,False,False,False,False,False,1,"[{""id"": ""obstacle_0"", ""kind"": ""static_obstacle"", ""x"": 50.0, ""y"": 50.0, ""radius"": 5.0}]"
safety_margin_covariance,188,37.6,1,43.738,38.072,90.0,94.0,50.0,50.0,50.417,50.457,dropout+confidence_error,0.53,trust_weighted_fusion,avoidance,covariance,2.5,1.0,,1,0,72.582,6.163,8.472,uav_0,6.163,False,False,False,False,False,1,"[{""id"": ""obstacle_0"", ""kind"": ""static_obstacle"", ""x"": 50.0, ""y"": 50.0, ""radius"": 5.0}]"
safety_margin_covariance,188,37.6,2,49.819,33.19,86.0,90.0,50.0,50.0,50.417,50.457,false_negative+position_noise+confidence_error,0.53,trust_weighted_fusion,avoidance,covariance,2.5,1.0,,3,0,67.353,7.798,11.811,uav_1,7.798,False,False,False,False,False,1,"[{""id"": ""obstacle_0"", ""kind"": ""static_obstacle"", ""x"": 50.0, ""y"": 50.0, ""radius"": 5.0}]"
safety_margin_covariance,188,37.6,3,56.861,37.358,90.0,86.0,50.0,50.0,50.417,50.457,position_noise+confidence_error,0.53,trust_weighted_fusion,avoidance,covariance,2.5,1.0,,3,0,58.858,8.183,9.384,uav_2,8.183,False,False,False,False,False,1,"[{""id"": ""obstacle_0"", ""kind"": ""static_obstacle"", ""x"": 50.0, ""y"": 50.0, ""radius"": 5.0}]"
safety_margin_covariance,189,37.8,0,39.08,34.467,94.0,90.0,50.0,50.0,48.43,51.965,false_negative+position_noise+confidence_error,0.0,trust_weighted_fusion,move,covariance,2.5,1.0,,2,0,78.103,6.026,13.988,uav_1,6.026,False,False,False,False,False,1,"[{""id"": ""obstacle_0"", ""kind"": ""static_obstacle"", ""x"": 50.0, ""y"": 50.0, ""radius"": 5.0}]"
safety_margin_covariance,189,37.8,1,43.99,37.961,90.0,94.0,50.0,50.0,52.457,49.681,dropout+confidence_error,0.284,trust_weighted_fusion,avoidance,covariance,2.5,1.0,,1,0,72.507,6.026,8.456,uav_0,6.026,False,False,False,False,False,1,"[{""id"": ""obstacle_0"", ""kind"": ""static_obstacle"", ""x"": 50.0, ""y"": 50.0, ""radius"": 5.0}]"
safety_margin_covariance,189,37.8,2,49.987,32.972,86.0,90.0,50.0,50.0,52.457,49.681,false_negative+position_noise+confidence_error,0.284,trust_weighted_fusion,avoidance,covariance,2.5,1.0,,3,0,67.447,7.801,12.028,uav_1,7.801,False,False,False,False,False,1,"[{""id"": ""obstacle_0"", ""kind"": ""static_obstacle"", ""x"": 50.0, ""y"": 50.0, ""radius"": 5.0}]"
safety_margin_covariance,189,37.8,3,57.136,37.368,90.0,86.0,50.0,50.0,52.457,49.681,false_negative+position_noise+confidence_error,0.284,trust_weighted_fusion,avoidance,covariance,2.5,1.0,,3,0,58.695,8.392,9.509,uav_2,8.392,False,False,False,False,False,1,"[{""id"": ""obstacle_0"", ""kind"": ""static_obstacle"", ""x"": 50.0, ""y"": 50.0, ""radius"": 5.0}]"
safety_margin_covariance,190,38.0,0,38.945,34.227,94.0,90.0,50.0,50.0,51.213,50.257,false_negative+position_noise+confidence_error,0.545,trust_weighted_fusion,avoidance,covariance,2.5,1.0,,2,0,78.369,6.421,14.261,uav_1,6.421,False,False,False,False,False,1,"[{""id"": ""obstacle_0"", ""kind"": ""static_obstacle"", ""x"": 50.0, ""y"": 50.0, ""radius"": 5.0}]"
safety_margin_covariance,190,38.0,1,44.244,37.855,90.0,94.0,50.0,50.0,51.213,50.257,dropout+confidence_error,0.545,trust_weighted_fusion,avoidance,covariance,2.5,1.0,,1,0,72.429,6.421,8.441,uav_0,6.421,False,False,False,False,False,1,"[{""id"": ""obstacle_0"", ""kind"": ""static_obstacle"", ""x"": 50.0, ""y"": 50.0, ""radius"": 5.0}]"
safety_margin_covariance,190,38.0,2,50.255,33.034,86.0,90.0,50.0,50.0,51.213,50.257,position_noise+confidence_error,0.545,trust_weighted_fusion,avoidance,covariance,2.5,1.0,,4,0,67.252,7.705,11.968,uav_1,7.705,False,False,False,False,False,1,"[{""id"": ""obstacle_0"", ""kind"": ""static_obstacle"", ""x"": 50.0, ""y"": 50.0, ""radius"": 5.0}]"
safety_margin_covariance,190,38.0,3,57.407,37.416,90.0,86.0,50.0,50.0,51.213,50.257,false_negative+position_noise+confidence_error,0.545,trust_weighted_fusion,avoidance,covariance,2.5,1.0,,2,0,58.504,8.387,9.602,uav_2,8.387,False,False,False,False,False,1,"[{""id"": ""obstacle_0"", ""kind"": ""static_obstacle"", ""x"": 50.0, ""y"": 50.0, ""radius"": 5.0}]"
safety_margin_covariance,191,38.2,0,38.775,34.011,94.0,90.0,50.0,50.0,51.025,49.9,position_noise+confidence_error,0.285,trust_weighted_fusion,avoidance,covariance,2.5,1.0,,3,0,78.642,6.818,14.536,uav_1,6.818,False,False,False,False,False,1,"[{""id"": ""obstacle_0"", ""kind"": ""static_obstacle"", ""x"": 50.0, ""y"": 50.0, ""radius"": 5.0}]"
safety_margin_covariance,191,38.2,1,44.489,37.731,90.0,94.0,50.0,50.0,51.025,49.9,dropout+confidence_error,0.285,trust_weighted_fusion,avoidance,covariance,2.5,1.0,,1,0,72.37,6.818,8.45,uav_0,6.818,False,False,False,False,False,1,"[{""id"": ""obstacle_0"", ""kind"": ""static_obstacle"", ""x"": 50.0, ""y"": 50.0, ""radius"": 5.0}]"
safety_margin_covariance,191,38.2,2,50.159,32.777,86.0,90.0,50.0,50.0,51.025,49.9,position_noise+confidence_error,0.285,trust_weighted_fusion,avoidance,covariance,2.5,1.0,,4,0,67.521,7.529,12.224,uav_1,7.529,False,False,False,False,False,1,"[{""id"": ""obstacle_0"", ""kind"": ""static_obstacle"", ""x"": 50.0, ""y"": 50.0, ""radius"": 5.0}]"
safety_margin_covariance,191,38.2,3,57.677,37.467,90.0,86.0,50.0,50.0,51.025,49.9,position_noise+confidence_error,0.285,trust_weighted_fusion,avoidance,covariance,2.5,1.0,,3,0,58.311,8.861,9.697,uav_2,8.861,False,False,False,False,False,1,"[{""id"": ""obstacle_0"", ""kind"": ""static_obstacle"", ""x"": 50.0, ""y"": 50.0, ""radius"": 5.0}]"
safety_margin_covariance,192,38.4,0,38.969,34.207,94.0,90.0,50.0,50.0,49.33,52.094,position_noise+confidence_error,0.19,trust_weighted_fusion,move,covariance,2.5,1.0,,3,0,78.367,6.759,14.265,uav_1,6.759,False,False,False,False,False,1,"[{""id"": ""obstacle_0"", ""kind"": ""static_obstacle"", ""x"": 50.0, ""y"": 50.0, ""radius"": 5.0}]"
safety_margin_covariance,192,38.4,1,44.761,37.689,90.0,94.0,50.0,50.0,49.726,52.028,dropout+confidence_error,0.244,trust_weighted_fusion,avoidance,covariance,2.5,1.0,,1,0,72.232,6.759,8.379,uav_0,6.759,False,False,False,False,False,1,"[{""id"": ""obstacle_0"", ""kind"": ""static_obstacle"", ""x"": 50.0, ""y"": 50.0, ""radius"": 5.0}]"
safety_margin_covariance,192,38.4,2,50.415,32.877,86.0,90.0,50.0,50.0,49.726,52.028,false_negative+position_noise+confidence_error,0.244,trust_weighted_fusion,avoidance,covariance,2.5,1.0,,2,0,67.3,7.425,12.128,uav_1,7.425,False,False,False,False,False,1,"[{""id"": ""obstacle_0"", ""kind"": ""static_obstacle"", ""x"": 50.0, ""y"": 50.0, ""radius"": 5.0}]"
safety_margin_covariance,192,38.4,3,57.935,37.562,90.0,86.0,50.0,50.0,49.726,52.028,false_negative+position_noise+confidence_error,0.244,trust_weighted_fusion,avoidance,covariance,2.5,1.0,,3,0,58.089,8.86,9.753,uav_2,8.86,False,False,False,False,False,1,"[{""id"": ""obstacle_0"", ""kind"": ""static_obstacle"", ""x"": 50.0, ""y"": 50.0, ""radius"": 5.0}]"
safety_margin_covariance,193,38.6,0,39.243,34.198,94.0,90.0,50.0,50.0,47.747,49.123,false_negative+confidence_error,0.699,trust_weighted_fusion,avoidance,covariance,2.5,1.0,,1,0,78.18,6.643,14.115,uav_1,6.643,False,False,False,False,False,1,"[{""id"": ""obstacle_0"", ""kind"": ""static_obstacle"", ""x"": 50.0, ""y"": 50.0, ""radius"": 5.0}]"
safety_margin_covariance,193,38.6,1,44.988,37.534,90.0,94.0,50.0,50.0,47.747,49.123,false_negative+position_noise+confidence_error,0.699,trust_weighted_fusion,avoidance,covariance,2.5,1.0,,2,0,72.211,6.643,8.436,uav_0,6.643,False,False,False,False,False,1,"[{""id"": ""obstacle_0"", ""kind"": ""static_obstacle"", ""x"": 50.0, ""y"": 50.0, ""radius"": 5.0}]"
safety_margin_covariance,193,38.6,2,50.689,32.857,86.0,90.0,50.0,50.0,47.747,49.123,false_negative+position_noise+confidence_error,0.699,trust_weighted_fusion,avoidance,covariance,2.5,1.0,,3,0,67.173,7.374,12.157,uav_1,7.374,False,False,False,False,False,1,"[{""id"": ""obstacle_0"", ""kind"": ""static_obstacle"", ""x"": 50.0, ""y"": 50.0, ""radius"": 5.0}]"
safety_margin_covariance,193,38.6,3,58.189,37.669,90.0,86.0,50.0,50.0,47.747,49.123,false_negative+confidence_error,0.699,trust_weighted_fusion,avoidance,covariance,2.5,1.0,,1,0,57.861,8.91,9.803,uav_2,8.91,False,False,False,False,False,1,"[{""id"": ""obstacle_0"", ""kind"": ""static_obstacle"", ""x"": 50.0, ""y"": 50.0, ""radius"": 5.0}]"
safety_margin_covariance,194,38.8,0,39.436,34.395,94.0,90.0,50.0,50.0,52.201,48.209,position_noise+confidence_error,0.169,trust_weighted_fusion,move,covariance,2.5,1.0,,3,0,77.905,6.233,13.845,uav_1,6.233,False,False,False,False,False,1,"[{""id"": ""obstacle_0"", ""kind"": ""static_obstacle"", ""x"": 50.0, ""y"": 50.0, ""radius"": 5.0}]"
safety_margin_covariance,194,38.8,1,44.744,37.662,90.0,94.0,50.0,50.0,51.116,50.352,position_noise+confidence_error,0.412,trust_weighted_fusion,avoidance,covariance,2.5,1.0,,4,0,72.264,6.233,8.411,uav_0,6.233,False,False,False,False,False,1,"[{""id"": ""obstacle_0"", ""kind"": ""static_obstacle"", ""x"": 50.0, ""y"": 50.0, ""radius"": 5.0}]"
safety_margin_covariance,194,38.8,2,50.955,32.93,86.0,90.0,50.0,50.0,51.116,50.352,false_negative+position_noise+confidence_error,0.412,trust_weighted_fusion,avoidance,covariance,2.5,1.0,,3,0,66.972,7.808,12.097,uav_1,7.808,False,False,False,False,False,1,"[{""id"": ""obstacle_0"", ""kind"": ""static_obstacle"", ""x"": 50.0, ""y"": 50.0, ""radius"": 5.0}]"
safety_margin_covariance,194,38.8,3,58.455,37.735,90.0,86.0,50.0,50.0,51.116,50.352,false_negative+position_noise+confidence_error,0.412,trust_weighted_fusion,avoidance,covariance,2.5,1.0,,2,0,57.659,8.908,9.897,uav_2,8.908,False,False,False,False,False,1,"[{""id"": ""obstacle_0"", ""kind"": ""static_obstacle"", ""x"": 50.0, ""y"": 50.0, ""radius"": 5.0}]"
safety_margin_covariance,195,39.0,0,39.71,34.423,94.0,90.0,50.0,50.0,50.065,49.815,false_negative+position_noise+confidence_error,0.316,trust_weighted_fusion,avoidance,covariance,2.5,1.0,,3,0,77.693,6.125,13.669,uav_1,6.125,False,False,False,False,False,1,"[{""id"": ""obstacle_0"", ""kind"": ""static_obstacle"", ""x"": 50.0, ""y"": 50.0, ""radius"": 5.0}]"
safety_margin_covariance,195,39.0,1,44.987,37.532,90.0,94.0,50.0,50.0,50.065,49.815,false_negative+position_noise+confidence_error,0.316,trust_weighted_fusion,avoidance,covariance,2.5,1.0,,3,0,72.214,6.125,8.438,uav_0,6.125,False,False,False,False,False,1,"[{""id"": ""obstacle_0"", ""kind"": ""static_obstacle"", ""x"": 50.0, ""y"": 50.0, ""radius"": 5.0}]"
safety_margin_covariance,195,39.0,2,51.222,32.995,86.0,90.0,50.0,50.0,50.065,49.815,position_noise+confidence_error,0.316,trust_weighted_fusion,avoidance,covariance,2.5,1.0,,4,0,66.777,7.711,12.049,uav_1,7.711,False,False,False,False,False,1,"[{""id"": ""obstacle_0"", ""kind"": ""static_obstacle"", ""x"": 50.0, ""y"": 50.0, ""radius"": 5.0}]"
safety_margin_covariance,195,39.0,3,58.718,37.819,90.0,86.0,50.0,50.0,50.065,49.815,false_negative+position_noise+confidence_error,0.316,trust_weighted_fusion,avoidance,covariance,2.5,1.0,,2,0,57.446,8.914,9.979,uav_2,8.914,False,False,False,False,False,1,"[{""id"": ""obstacle_0"", ""kind"": ""static_obstacle"", ""x"": 50.0, ""y"": 50.0, ""radius"": 5.0}]"
safety_margin_covariance,196,39.2,0,39.902,34.62,94.0,90.0,50.0,50.0,,,false_negative+position_noise+confidence_error,,trust_weighted_fusion,move,covariance,2.5,1.0,,1,0,77.418,6.064,13.399,uav_1,6.064,False,False,False,False,False,1,"[{""id"": ""obstacle_0"", ""kind"": ""static_obstacle"", ""x"": 50.0, ""y"": 50.0, ""radius"": 5.0}]"
safety_margin_covariance,196,39.2,1,45.255,37.469,90.0,94.0,50.0,50.0,51.727,50.918,false_negative+position_noise+confidence_error,0.475,trust_weighted_fusion,avoidance,covariance,2.5,1.0,,3,0,72.097,6.064,8.399,uav_0,6.064,False,False,False,False,False,1,"[{""id"": ""obstacle_0"", ""kind"": ""static_obstacle"", ""x"": 50.0, ""y"": 50.0, ""radius"": 5.0}]"
safety_margin_covariance,196,39.2,2,51.485,33.074,86.0,90.0,50.0,50.0,51.727,50.918,false_negative+position_noise+confidence_error,0.475,trust_weighted_fusion,avoidance,covariance,2.5,1.0,,3,0,66.572,7.625,11.991,uav_1,7.625,False,False,False,False,False,1,"[{""id"": ""obstacle_0"", ""kind"": ""static_obstacle"", ""x"": 50.0, ""y"": 50.0, ""radius"": 5.0}]"
safety_margin_covariance,196,39.2,3,58.983,37.889,90.0,86.0,50.0,50.0,51.727,50.918,false_negative+position_noise+confidence_error,0.475,trust_weighted_fusion,avoidance,covariance,2.5,1.0,,2,0,57.242,8.911,10.079,uav_2,8.911,False,False,False,False,False,1,"[{""id"": ""obstacle_0"", ""kind"": ""static_obstacle"", ""x"": 50.0, ""y"": 50.0, ""radius"": 5.0}]"
safety_margin_covariance,197,39.4,0,40.173,34.662,94.0,90.0,50.0,50.0,48.196,52.311,position_noise+confidence_error,0.208,trust_weighted_fusion,avoidance,covariance,2.5,1.0,,3,0,77.198,6.035,13.216,uav_1,6.035,False,False,False,False,False,1,"[{""id"": ""obstacle_0"", ""kind"": ""static_obstacle"", ""x"": 50.0, ""y"": 50.0, ""radius"": 5.0}]"
safety_margin_covariance,197,39.4,1,45.529,37.444,90.0,94.0,50.0,50.0,48.196,52.311,false_negative+position_noise+confidence_error,0.208,trust_weighted_fusion,avoidance,covariance,2.5,1.0,,3,0,71.946,6.035,8.328,uav_0,6.035,False,False,False,False,False,1,"[{""id"": ""obstacle_0"", ""kind"": ""static_obstacle"", ""x"": 50.0, ""y"": 50.0, ""radius"": 5.0}]"
safety_margin_covariance,197,39.4,2,51.736,33.187,86.0,90.0,50.0,50.0,48.196,52.311,false_negative+position_noise+confidence_error,0.208,trust_weighted_fusion,avoidance,covariance,2.5,1.0,,4,0,66.346,7.527,11.903,uav_1,7.527,False,False,False,False,False,1,"[{""id"": ""obstacle_0"", ""kind"": ""static_obstacle"", ""x"": 50.0, ""y"": 50.0, ""radius"": 5.0}]"
safety_margin_covariance,197,39.4,3,59.228,38.015,90.0,86.0,50.0,50.0,48.196,52.311,false_negative+position_noise+confidence_error,0.208,trust_weighted_fusion,avoidance,covariance,2.5,1.0,,3,0,57.004,8.913,10.126,uav_2,8.913,False,False,False,False,False,1,"[{""id"": ""obstacle_0"", ""kind"": ""static_obstacle"", ""x"": 50.0, ""y"": 50.0, ""radius"": 5.0}]"
safety_margin_covariance,198,39.6,0,40.448,34.644,94.0,90.0,50.0,50.0,49.585,48.746,false_negative+position_noise+confidence_error,0.361,trust_weighted_fusion,avoidance,covariance,2.5,1.0,,2,0,77.021,5.918,13.085,uav_1,5.918,False,False,False,False,False,1,"[{""id"": ""obstacle_0"", ""kind"": ""static_obstacle"", ""x"": 50.0, ""y"": 50.0, ""radius"": 5.0}]"
safety_margin_covariance,198,39.6,1,45.747,37.277,90.0,94.0,50.0,50.0,49.585,48.746,false_negative+position_noise+confidence_error,0.361,trust_weighted_fusion,avoidance,covariance,2.5,1.0,,3,0,71.943,5.918,8.415,uav_0,5.918,False,False,False,False,False,1,"[{""id"": ""obstacle_0"", ""kind"": ""static_obstacle"", ""x"": 50.0, ""y"": 50.0, ""radius"": 5.0}]"
safety_margin_covariance,198,39.6,2,52.007,33.236,86.0,90.0,50.0,50.0,49.585,48.746,false_negative+position_noise+confidence_error,0.361,trust_weighted_fusion,avoidance,covariance,2.5,1.0,,2,0,66.164,7.451,11.884,uav_1,7.451,False,False,False,False,False,1,"[{""id"": ""obstacle_0"", ""kind"": ""static_obstacle"", ""x"": 50.0, ""y"": 50.0, ""radius"": 5.0}]"
safety_margin_covariance,198,39.6,3,59.485,38.112,90.0,86.0,50.0,50.0,49.585,48.746,false_negative+position_noise+confidence_error,0.361,trust_weighted_fusion,avoidance,covariance,2.5,1.0,,2,0,56.784,8.928,10.208,uav_2,8.928,False,False,False,False,False,1,"[{""id"": ""obstacle_0"", ""kind"": ""static_obstacle"", ""x"": 50.0, ""y"": 50.0, ""radius"": 5.0}]"
safety_margin_covariance,199,39.8,0,40.23,34.476,94.0,90.0,50.0,50.0,49.435,46.494,false_negative+position_noise+confidence_error,0.274,trust_weighted_fusion,avoidance,covariance,2.5,1.0,,3,0,77.293,6.209,13.343,uav_1,6.209,False,False,False,False,False,1,"[{""id"": ""obstacle_0"", ""kind"": ""static_obstacle"", ""x"": 50.0, ""y"": 50.0, ""radius"": 5.0}]"
safety_margin_covariance,199,39.8,1,45.885,37.039,90.0,94.0,50.0,50.0,49.435,46.494,false_negative+position_noise+confidence_error,0.274,trust_weighted_fusion,avoidance,covariance,2.5,1.0,,3,0,72.046,6.209,8.598,uav_0,6.209,False,False,False,False,False,1,"[{""id"": ""obstacle_0"", ""kind"": ""static_obstacle"", ""x"": 50.0, ""y"": 50.0, ""radius"": 5.0}]"
safety_margin_covariance,199,39.8,2,52.282,33.237,86.0,90.0,50.0,50.0,49.435,46.494,position_noise+confidence_error,0.274,trust_weighted_fusion,avoidance,covariance,2.5,1.0,,4,0,66.023,7.442,11.918,uav_1,7.442,False,False,False,False,False,1,"[{""id"": ""obstacle_0"", ""kind"": ""static_obstacle"", ""x"": 50.0, ""y"": 50.0, ""radius"": 5.0}]"
safety_margin_covariance,199,39.8,3,59.742,38.211,90.0,86.0,50.0,50.0,49.435,46.494,false_negative+position_noise+confidence_error,0.274,trust_weighted_fusion,avoidance,covariance,2.5,1.0,,2,0,56.563,8.967,10.293,uav_2,8.967,False,False,False,False,False,1,"[{""id"": ""obstacle_0"", ""kind"": ""static_obstacle"", ""x"": 50.0, ""y"": 50.0, ""radius"": 5.0}]"
safety_margin_covariance,200,40.0,0,40.22,34.201,94.0,90.0,50.0,50.0,49.913,49.224,position_noise+confidence_error,0.376,trust_weighted_fusion,avoidance,covariance,2.5,1.0,,3,0,77.497,6.5,13.581,uav_1,6.5,False,False,False,False,False,1,"[{""id"": ""obstacle_0"", ""kind"": ""static_obstacle"", ""x"": 50.0, ""y"": 50.0, ""radius"": 5.0}]"
safety_margin_covariance,200,40.0,1,46.128,36.911,90.0,94.0,50.0,50.0,49.913,49.224,false_negative+position_noise+confidence_error,0.376,trust_weighted_fusion,avoidance,covariance,2.5,1.0,,3,0,71.999,6.5,8.65,uav_0,6.5,False,False,False,False,False,1,"[{""id"": ""obstacle_0"", ""kind"": ""static_obstacle"", ""x"": 50.0, ""y"": 50.0, ""radius"": 5.0}]"
safety_margin_covariance,200,40.0,2,52.55,33.297,86.0,90.0,50.0,50.0,49.913,49.224,false_negative+position_noise+confidence_error,0.376,trust_weighted_fusion,avoidance,covariance,2.5,1.0,,3,0,65.834,7.369,11.896,uav_1,7.369,False,False,False,False,False,1,"[{""id"": ""obstacle_0"", ""kind"": ""static_obstacle"", ""x"": 50.0, ""y"": 50.0, ""radius"": 5.0}]"
safety_margin_covariance,200,40.0,3,59.997,38.313,90.0,86.0,50.0,50.0,49.913,49.224,false_negative+position_noise+confidence_error,0.376,trust_weighted_fusion,avoidance,covariance,2.5,1.0,,3,0,56.34,8.979,10.379,uav_2,8.979,False,False,False,False,False,1,"[{""id"": ""obstacle_0"", ""kind"": ""static_obstacle"", ""x"": 50.0, ""y"": 50.0, ""radius"": 5.0}]"
safety_margin_covariance,201,40.2,0,40.494,34.227,94.0,90.0,50.0,50.0,50.317,49.767,false_negative+position_noise+confidence_error,0.556,trust_weighted_fusion,avoidance,covariance,2.5,1.0,,2,0,77.288,6.433,13.416,uav_1,6.433,False,False,False,False,False,1,"[{""id"": ""obstacle_0"", ""kind"": ""static_obstacle"", ""x"": 50.0, ""y"": 50.0, ""radius"": 5.0}]"
safety_margin_covariance,201,40.2,1,46.385,36.812,90.0,94.0,50.0,50.0,50.317,49.767,false_negative+position_noise+confidence_error,0.556,trust_weighted_fusion,avoidance,covariance,2.5,1.0,,3,0,71.922,6.433,8.675,uav_0,6.433,False,False,False,False,False,1,"[{""id"": ""obstacle_0"", ""kind"": ""static_obstacle"", ""x"": 50.0, ""y"": 50.0, ""radius"": 5.0}]"
safety_margin_covariance,201,40.2,2,52.816,33.367,86.0,90.0,50.0,50.0,50.317,49.767,false_negative+position_noise+confidence_error,0.556,trust_weighted_fusion,avoidance,covariance,2.5,1.0,,3,0,65.639,7.296,11.87,uav_1,7.296,False,False,False,False,False,1,"[{""id"": ""obstacle_0"", ""kind"": ""static_obstacle"", ""x"": 50.0, ""y"": 50.0, ""radius"": 5.0}]"
safety_margin_covariance,201,40.2,3,60.253,38.415,90.0,86.0,50.0,50.0,50.317,49.767,false_negative+confidence_error,0.556,trust_weighted_fusion,avoidance,covariance,2.5,1.0,,1,0,56.118,8.988,10.471,uav_2,8.988,False,False,False,False,False,1,"[{""id"": ""obstacle_0"", ""kind"": ""static_obstacle"", ""x"": 50.0, ""y"": 50.0, ""radius"": 5.0}]"
safety_margin_covariance,202,40.4,0,40.769,34.232,94.0,90.0,50.0,50.0,51.778,47.72,false_negative+position_noise+confidence_error,0.667,trust_weighted_fusion,avoidance,covariance,2.5,1.0,,2,0,77.095,6.292,13.271,uav_1,6.292,False,False,False,False,False,1,"[{""id"": ""obstacle_0"", ""kind"": ""static_obstacle"", ""x"": 50.0, ""y"": 50.0, ""radius"": 5.0}]"
safety_margin_covariance,202,40.4,1,46.587,36.626,90.0,94.0,50.0,50.0,51.778,47.72,false_negative+position_noise+confidence_error,0.667,trust_weighted_fusion,avoidance,covariance,2.5,1.0,,3,0,71.947,6.292,8.803,uav_0,6.292,False,False,False,False,False,1,"[{""id"": ""obstacle_0"", ""kind"": ""static_obstacle"", ""x"": 50.0, ""y"": 50.0, ""radius"": 5.0}]"
safety_margin_covariance,202,40.4,2,53.091,33.375,86.0,90.0,50.0,50.0,51.778,47.72,false_negative+position_noise+confidence_error,0.667,trust_weighted_fusion,avoidance,covariance,2.5,1.0,,3,0,65.493,7.271,11.91,uav_1,7.271,False,False,False,False,False,1,"[{""id"": ""obstacle_0"", ""kind"": ""static_obstacle"", ""x"": 50.0, ""y"": 50.0, ""radius"": 5.0}]"
safety_margin_covariance,202,40.4,3,60.518,38.485,90.0,86.0,50.0,50.0,51.778,47.72,false_negative+position_noise+confidence_error,0.667,trust_weighted_fusion,avoidance,covariance,2.5,1.0,,2,0,55.918,9.016,10.596,uav_2,9.016,False,False,False,False,False,1,"[{""id"": ""obstacle_0"", ""kind"": ""static_obstacle"", ""x"": 50.0, ""y"": 50.0, ""radius"": 5.0}]"
safety_margin_covariance,203,40.6,0,41.041,34.275,94.0,90.0,50.0,50.0,50.056,51.202,position_noise+confidence_error,0.328,trust_weighted_fusion,avoidance,covariance,2.5,1.0,,3,0,76.876,6.265,13.098,uav_1,6.265,False,False,False,False,False,1,"[{""id"": ""obstacle_0"", ""kind"": ""static_obstacle"", ""x"": 50.0, ""y"": 50.0, ""radius"": 5.0}]"
safety_margin_covariance,203,40.6,1,46.861,36.595,90.0,94.0,50.0,50.0,50.056,51.202,false_negative+position_noise+confidence_error,0.328,trust_weighted_fusion,avoidance,covariance,2.5,1.0,,2,0,71.808,6.265,8.768,uav_0,6.265,False,False,False,False,False,1,"[{""id"": ""obstacle_0"", ""kind"": ""static_obstacle"", ""x"": 50.0, ""y"": 50.0, ""radius"": 5.0}]"
safety_margin_covariance,203,40.6,2,53.348,33.473,86.0,90.0,50.0,50.0,50.056,51.202,false_negative+position_noise+confidence_error,0.328,trust_weighted_fusion,avoidance,covariance,2.5,1.0,,2,0,65.28,7.199,11.863,uav_1,7.199,False,False,False,False,False,1,"[{""id"": ""obstacle_0"", ""kind"": ""static_obstacle"", ""x"": 50.0, ""y"": 50.0, ""radius"": 5.0}]"
safety_margin_covariance,203,40.6,3,60.767,38.603,90.0,86.0,50.0,50.0,50.056,51.202,position_noise+confidence_error,0.328,trust_weighted_fusion,avoidance,covariance,2.5,1.0,,3,0,55.687,9.02,10.678,uav_2,9.02,False,False,False,False,False,1,"[{""id"": ""obstacle_0"", ""kind"": ""static_obstacle"", ""x"": 50.0, ""y"": 50.0, ""radius"": 5.0}]"
safety_margin_covariance,204,40.8,0,41.316,34.282,94.0,90.0,50.0,50.0,48.534,50.201,false_negative+position_noise+confidence_error,0.416,trust_weighted_fusion,avoidance,covariance,2.5,1.0,,2,0,76.682,6.27,12.958,uav_1,6.27,False,False,False,False,False,1,"[{""id"": ""obstacle_0"", ""kind"": ""static_obstacle"", ""x"": 50.0, ""y"": 50.0, ""radius"": 5.0}]"
safety_margin_covariance,204,40.8,1,47.135,36.616,90.0,94.0,50.0,50.0,48.534,50.201,false_negative+position_noise+confidence_error,0.416,trust_weighted_fusion,avoidance,covariance,2.5,1.0,,3,0,71.626,6.27,8.687,uav_0,6.27,False,False,False,False,False,1,"[{""id"": ""obstacle_0"", ""kind"": ""static_obstacle"", ""x"": 50.0, ""y"": 50.0, ""radius"": 5.0}]"
safety_margin_covariance,204,40.8,2,53.597,33.59,86.0,90.0,50.0,50.0,48.534,50.201,position_noise+confidence_error,0.416,trust_weighted_fusion,avoidance,covariance,2.5,1.0,,4,0,65.054,7.135,11.799,uav_1,7.135,False,False,False,False,False,1,"[{""id"": ""obstacle_0"", ""kind"": ""static_obstacle"", ""x"": 50.0, ""y"": 50.0, ""radius"": 5.0}]"
safety_margin_covariance,204,40.8,3,61.007,38.738,90.0,86.0,50.0,50.0,48.534,50.201,false_negative+position_noise+confidence_error,0.416,trust_weighted_fusion,avoidance,covariance,2.5,1.0,,2,0,55.447,9.023,10.748,uav_2,9.023,False,False,False,False,False,1,"[{""id"": ""obstacle_0"", ""kind"": ""static_obstacle"", ""x"": 50.0, ""y"": 50.0, ""radius"": 5.0}]"
safety_margin_covariance,205,41.0,0,41.59,34.258,94.0,90.0,50.0,50.0,49.941,48.505,position_noise+confidence_error,0.366,trust_weighted_fusion,avoidance,covariance,2.5,1.0,,3,0,76.512,6.198,12.848,uav_1,6.198,False,False,False,False,False,1,"[{""id"": ""obstacle_0"", ""kind"": ""static_obstacle"", ""x"": 50.0, ""y"": 50.0, ""radius"": 5.0}]"
safety_margin_covariance,205,41.0,1,47.375,36.482,90.0,94.0,50.0,50.0,49.941,48.505,dropout+confidence_error,0.366,trust_weighted_fusion,avoidance,covariance,2.5,1.0,,1,0,71.591,6.198,8.771,uav_0,6.198,False,False,False,False,False,1,"[{""id"": ""obstacle_0"", ""kind"": ""static_obstacle"", ""x"": 50.0, ""y"": 50.0, ""radius"": 5.0}]"
safety_margin_covariance,205,41.0,2,53.866,33.647,86.0,90.0,50.0,50.0,49.941,48.505,position_noise+confidence_error,0.366,trust_weighted_fusion,avoidance,covariance,2.5,1.0,,4,0,64.871,7.083,11.804,uav_1,7.083,False,False,False,False,False,1,"[{""id"": ""obstacle_0"", ""kind"": ""static_obstacle"", ""x"": 50.0, ""y"": 50.0, ""radius"": 5.0}]"
safety_margin_covariance,205,41.0,3,61.255,38.856,90.0,86.0,50.0,50.0,49.941,48.505,position_noise+confidence_error,0.366,trust_weighted_fusion,avoidance,covariance,2.5,1.0,,3,0,55.216,9.041,10.839,uav_2,9.041,False,False,False,False,False,1,"[{""id"": ""obstacle_0"", ""kind"": ""static_obstacle"", ""x"": 50.0, ""y"": 50.0, ""radius"": 5.0}]"
safety_margin_covariance,206,41.2,0,41.863,34.289,94.0,90.0,50.0,50.0,51.773,49.81,position_noise+confidence_error,0.27,trust_weighted_fusion,avoidance,covariance,2.5,1.0,,3,0,76.302,6.151,12.693,uav_1,6.151,False,False,False,False,False,1,"[{""id"": ""obstacle_0"", ""kind"": ""static_obstacle"", ""x"": 50.0, ""y"": 50.0, ""radius"": 5.0}]"
safety_margin_covariance,206,41.2,1,47.639,36.405,90.0,94.0,50.0,50.0,51.773,49.81,dropout+confidence_error,0.27,trust_weighted_fusion,avoidance,covariance,2.5,1.0,,1,0,71.496,6.151,8.799,uav_0,6.151,False,False,False,False,False,1,"[{""id"": ""obstacle_0"", ""kind"": ""static_obstacle"", ""x"": 50.0, ""y"": 50.0, ""radius"": 5.0}]"
safety_margin_covariance,206,41.2,2,54.133,33.712,86.0,90.0,50.0,50.0,51.773,49.81,position_noise+confidence_error,0.27,trust_weighted_fusion,avoidance,covariance,2.5,1.0,,4,0,64.683,7.03,11.804,uav_1,7.03,False,False,False,False,False,1,"[{""id"": ""obstacle_0"", ""kind"": ""static_obstacle"", ""x"": 50.0, ""y"": 50.0, ""radius"": 5.0}]"
safety_margin_covariance,206,41.2,3,61.512,38.954,90.0,86.0,50.0,50.0,51.773,49.81,dropout+confidence_error,0.27,trust_weighted_fusion,avoidance,covariance,2.5,1.0,,1,0,54.999,9.052,10.954,uav_2,9.052,False,False,False,False,False,1,"[{""id"": ""obstacle_0"", ""kind"": ""static_obstacle"", ""x"": 50.0, ""y"": 50.0, ""radius"": 5.0}]"
safety_margin_covariance,207,41.4,0,41.817,34.018,94.0,90.0,50.0,50.0,49.272,47.403,false_negative+position_noise+confidence_error,0.271,trust_weighted_fusion,avoidance,covariance,2.5,1.0,,2,0,76.531,6.446,12.955,uav_1,6.446,False,False,False,False,False,1,"[{""id"": ""obstacle_0"", ""kind"": ""static_obstacle"", ""x"": 50.0, ""y"": 50.0, ""radius"": 5.0}]"
safety_margin_covariance,207,41.4,1,47.865,36.248,90.0,94.0,50.0,50.0,49.272,47.403,dropout+confidence_error,0.271,trust_weighted_fusion,avoidance,covariance,2.5,1.0,,1,0,71.489,6.446,8.916,uav_0,6.446,False,False,False,False,False,1,"[{""id"": ""obstacle_0"", ""kind"": ""static_obstacle"", ""x"": 50.0, ""y"": 50.0, ""radius"": 5.0}]"
safety_margin_covariance,207,41.4,2,54.403,33.764,86.0,90.0,50.0,50.0,49.272,47.403,position_noise+confidence_error,0.271,trust_weighted_fusion,avoidance,covariance,2.5,1.0,,4,0,64.505,6.994,11.822,uav_1,6.994,False,False,False,False,False,1,"[{""id"": ""obstacle_0"", ""kind"": ""static_obstacle"", ""x"": 50.0, ""y"": 50.0, ""radius"": 5.0}]"
safety_margin_covariance,207,41.4,3,61.752,39.089,90.0,86.0,50.0,50.0,49.272,47.403,dropout+confidence_error,0.271,trust_weighted_fusion,avoidance,covariance,2.5,1.0,,1,0,54.76,9.075,11.036,uav_2,9.075,False,False,False,False,False,1,"[{""id"": ""obstacle_0"", ""kind"": ""static_obstacle"", ""x"": 50.0, ""y"": 50.0, ""radius"": 5.0}]"
safety_margin_covariance,208,41.6,0,42.005,34.219,94.0,90.0,50.0,50.0,,,false_negative+position_noise+confidence_error,,trust_weighted_fusion,move,covariance,2.5,1.0,,1,0,76.256,6.534,12.691,uav_1,6.534,False,False,False,False,False,1,"[{""id"": ""obstacle_0"", ""kind"": ""static_obstacle"", ""x"": 50.0, ""y"": 50.0, ""radius"": 5.0}]"
safety_margin_covariance,208,41.6,1,48.101,36.571,90.0,94.0,50.0,50.0,,,dropout+confidence_error,,trust_weighted_fusion,move,covariance,0.0,0.0,,0,0,71.089,6.534,8.562,uav_0,6.534,False,False,False,False,False,1,"[{""id"": ""obstacle_0"", ""kind"": ""static_obstacle"", ""x"": 50.0, ""y"": 50.0, ""radius"": 5.0}]"
safety_margin_covariance,208,41.6,2,54.538,34.004,86.0,90.0,50.0,50.0,,,false_negative+position_noise+confidence_error,,trust_weighted_fusion,move,covariance,2.5,1.0,,3,0,64.23,6.93,11.627,uav_1,6.93,False,False,False,False,False,1,"[{""id"": ""obstacle_0"", ""kind"": ""static_obstacle"", ""x"": 50.0, ""y"": 50.0, ""radius"": 5.0}]"
safety_margin_covariance,208,41.6,3,61.958,39.432,90.0,86.0,50.0,50.0,,,dropout+confidence_error,,trust_weighted_fusion,move,covariance,0.0,0.0,,0,0,54.36,9.193,10.959,uav_2,9.193,False,False,False,False,False,1,"[{""id"": ""obstacle_0"", ""kind"": ""static_obstacle"", ""x"": 50.0, ""y"": 50.0, ""radius"": 5.0}]"
safety_margin_covariance,209,41.8,0,41.942,33.951,94.0,90.0,50.0,50.0,52.208,48.128,false_negative+position_noise+confidence_error,0.383,trust_weighted_fusion,avoidance,covariance,2.5,1.0,,3,0,76.495,6.844,12.958,uav_1,6.844,False,False,False,False,False,1,"[{""id"": ""obstacle_0"", ""kind"": ""static_obstacle"", ""x"": 50.0, ""y"": 50.0, ""radius"": 5.0}]"
safety_margin_covariance,209,41.8,1,48.327,36.416,90.0,94.0,50.0,50.0,52.208,48.128,dropout+confidence_error,0.383,trust_weighted_fusion,avoidance,covariance,2.5,1.0,,1,0,71.081,6.844,8.687,uav_0,6.844,False,False,False,False,False,1,"[{""id"": ""obstacle_0"", ""kind"": ""static_obstacle"", ""x"": 50.0, ""y"": 50.0, ""radius"": 5.0}]"
safety_margin_covariance,209,41.8,2,54.812,34.026,86.0,90.0,50.0,50.0,52.208,48.128,false_negative+position_noise+confidence_error,0.383,trust_weighted_fusion,avoidance,covariance,2.5,1.0,,2,0,64.076,6.91,11.683,uav_1,6.91,False,False,False,False,False,1,"[{""id"": ""obstacle_0"", ""kind"": ""static_obstacle"", ""x"": 50.0, ""y"": 50.0, ""radius"": 5.0}]"
safety_margin_covariance,209,41.8,3,62.215,39.528,90.0,86.0,50.0,50.0,52.208,48.128,dropout+confidence_error,0.383,trust_weighted_fusion,avoidance,covariance,2.5,1.0,,1,0,54.144,9.224,11.09,uav_2,9.224,False,False,False,False,False,1,"[{""id"": ""obstacle_0"", ""kind"": ""static_obstacle"", ""x"": 50.0, ""y"": 50.0, ""radius"": 5.0}]"
safety_margin_covariance,210,42.0,0,42.216,33.98,94.0,90.0,50.0,50.0,50.264,50.45,false_negative+position_noise+confidence_error,0.503,trust_weighted_fusion,avoidance,covariance,2.5,1.0,,2,0,76.288,6.403,12.811,uav_1,6.403,False,False,False,False,False,1,"[{""id"": ""obstacle_0"", ""kind"": ""static_obstacle"", ""x"": 50.0, ""y"": 50.0, ""radius"": 5.0}]"
safety_margin_covariance,210,42.0,1,48.084,36.543,90.0,94.0,50.0,50.0,50.264,50.45,false_negative+position_noise+confidence_error,0.503,trust_weighted_fusion,avoidance,covariance,2.5,1.0,,3,0,71.122,6.403,8.593,uav_0,6.403,False,False,False,False,False,1,"[{""id"": ""obstacle_0"", ""kind"": ""static_obstacle"", ""x"": 50.0, ""y"": 50.0, ""radius"": 5.0}]"
safety_margin_covariance,210,42.0,2,55.071,34.119,86.0,90.0,50.0,50.0,50.264,50.45,false_negative+position_noise+confidence_error,0.503,trust_weighted_fusion,avoidance,covariance,2.5,1.0,,3,0,63.869,7.395,11.671,uav_1,7.395,False,False,False,False,False,1,"[{""id"": ""obstacle_0"", ""kind"": ""static_obstacle"", ""x"": 50.0, ""y"": 50.0, ""radius"": 5.0}]"
safety_margin_covariance,210,42.0,3,62.456,39.661,90.0,86.0,50.0,50.0,50.264,50.45,dropout+confidence_error,0.503,trust_weighted_fusion,avoidance,covariance,2.5,1.0,,1,0,53.907,9.234,11.188,uav_2,9.234,False,False,False,False,False,1,"[{""id"": ""obstacle_0"", ""kind"": ""static_obstacle"", ""x"": 50.0, ""y"": 50.0, ""radius"": 5.0}]"
safety_margin_covariance,211,42.2,0,42.49,34.002,94.0,90.0,50.0,50.0,48.406,50.877,position_noise+confidence_error,0.455,trust_weighted_fusion,avoidance,covariance,2.5,1.0,,3,0,76.086,6.387,12.673,uav_1,6.387,False,False,False,False,False,1,"[{""id"": ""obstacle_0"", ""kind"": ""static_obstacle"", ""x"": 50.0, ""y"": 50.0, ""radius"": 5.0}]"
safety_margin_covariance,211,42.2,1,48.358,36.523,90.0,94.0,50.0,50.0,48.406,50.877,false_negative+position_noise+confidence_error,0.455,trust_weighted_fusion,avoidance,covariance,2.5,1.0,,3,0,70.976,6.387,8.576,uav_0,6.387,False,False,False,False,False,1,"[{""id"": ""obstacle_0"", ""kind"": ""static_obstacle"", ""x"": 50.0, ""y"": 50.0, ""radius"": 5.0}]"
safety_margin_covariance,211,42.2,2,55.32,34.235,86.0,90.0,50.0,50.0,48.406,50.877,false_negative+position_noise+confidence_error,0.455,trust_weighted_fusion,avoidance,covariance,2.5,1.0,,3,0,63.648,7.328,11.639,uav_1,7.328,False,False,False,False,False,1,"[{""id"": ""obstacle_0"", ""kind"": ""static_obstacle"", ""x"": 50.0, ""y"": 50.0, ""radius"": 5.0}]"
safety_margin_covariance,211,42.2,3,62.685,39.814,90.0,86.0,50.0,50.0,48.406,50.877,false_negative+position_noise+confidence_error,0.455,trust_weighted_fusion,avoidance,covariance,2.5,1.0,,3,0,53.659,9.239,11.269,uav_2,9.239,False,False,False,False,False,1,"[{""id"": ""obstacle_0"", ""kind"": ""static_obstacle"", ""x"": 50.0, ""y"": 50.0, ""radius"": 5.0}]"
safety_margin_covariance,212,42.4,0,42.468,33.728,94.0,90.0,50.0,50.0,49.634,51.956,false_negative+position_noise+confidence_error,0.455,trust_weighted_fusion,avoidance,covariance,2.5,1.0,,3,0,76.303,6.771,12.931,uav_1,6.771,False,False,False,False,False,1,"[{""id"": ""obstacle_0"", ""kind"": ""static_obstacle"", ""x"": 50.0, ""y"": 50.0, ""radius"": 5.0}]"
safety_margin_covariance,212,42.4,1,48.633,36.529,90.0,94.0,50.0,50.0,49.634,51.956,false_negative+position_noise+confidence_error,0.455,trust_weighted_fusion,avoidance,covariance,2.5,1.0,,3,0,70.811,6.771,8.541,uav_0,6.771,False,False,False,False,False,1,"[{""id"": ""obstacle_0"", ""kind"": ""static_obstacle"", ""x"": 50.0, ""y"": 50.0, ""radius"": 5.0}]"
safety_margin_covariance,212,42.4,2,55.568,34.353,86.0,90.0,50.0,50.0,49.634,51.956,false_negative+position_noise+confidence_error,0.455,trust_weighted_fusion,avoidance,covariance,2.5,1.0,,3,0,63.424,7.268,11.608,uav_1,7.268,False,False,False,False,False,1,"[{""id"": ""obstacle_0"", ""kind"": ""static_obstacle"", ""x"": 50.0, ""y"": 50.0, ""radius"": 5.0}]"
safety_margin_covariance,212,42.4,3,62.918,39.959,90.0,86.0,50.0,50.0,49.634,51.956,position_noise+confidence_error,0.455,trust_weighted_fusion,avoidance,covariance,2.5,1.0,,3,0,53.415,9.244,11.362,uav_2,9.244,False,False,False,False,False,1,"[{""id"": ""obstacle_0"", ""kind"": ""static_obstacle"", ""x"": 50.0, ""y"": 50.0, ""radius"": 5.0}]"
safety_margin_covariance,213,42.6,0,42.74,33.77,94.0,90.0,50.0,50.0,49.336,51.461,false_negative+confidence_error,0.425,trust_weighted_fusion,avoidance,covariance,2.5,1.0,,1,0,76.088,6.278,12.78,uav_1,6.278,False,False,False,False,False,1,"[{""id"": ""obstacle_0"", ""kind"": ""static_obstacle"", ""x"": 50.0, ""y"": 50.0, ""radius"": 5.0}]"
safety_margin_covariance,213,42.6,1,48.488,36.295,90.0,94.0,50.0,50.0,49.336,51.461,false_negative+position_noise+confidence_error,0.425,trust_weighted_fusion,avoidance,covariance,2.5,1.0,,3,0,71.085,6.278,8.788,uav_0,6.278,False,False,False,False,False,1,"[{""id"": ""obstacle_0"", ""kind"": ""static_obstacle"", ""x"": 50.0, ""y"": 50.0, ""radius"": 5.0}]"
safety_margin_covariance,213,42.6,2,55.817,34.47,86.0,90.0,50.0,50.0,49.336,51.461,false_negative+position_noise+confidence_error,0.425,trust_weighted_fusion,avoidance,covariance,2.5,1.0,,3,0,63.203,7.554,11.584,uav_1,7.554,False,False,False,False,False,1,"[{""id"": ""obstacle_0"", ""kind"": ""static_obstacle"", ""x"": 50.0, ""y"": 50.0, ""radius"": 5.0}]"
safety_margin_covariance,213,42.6,3,63.149,40.109,90.0,86.0,50.0,50.0,49.336,51.461,false_negative+position_noise+confidence_error,0.425,trust_weighted_fusion,avoidance,covariance,2.5,1.0,,2,0,53.169,9.249,11.454,uav_2,9.249,False,False,False,False,False,1,"[{""id"": ""obstacle_0"", ""kind"": ""static_obstacle"", ""x"": 50.0, ""y"": 50.0, ""radius"": 5.0}]"
safety_margin_covariance,214,42.8,0,43.015,33.763,94.0,90.0,50.0,50.0,50.774,48.738,false_negative+position_noise+confidence_error,0.273,trust_weighted_fusion,avoidance,covariance,2.5,1.0,,3,0,75.908,6.219,12.675,uav_1,6.219,False,False,False,False,False,1,"[{""id"": ""obstacle_0"", ""kind"": ""static_obstacle"", ""x"": 50.0, ""y"": 50.0, ""radius"": 5.0}]"
safety_margin_covariance,214,42.8,1,48.741,36.189,90.0,94.0,50.0,50.0,50.774,48.738,false_negative+position_noise+confidence_error,0.273,trust_weighted_fusion,avoidance,covariance,2.5,1.0,,2,0,71.024,6.219,8.868,uav_0,6.219,False,False,False,False,False,1,"[{""id"": ""obstacle_0"", ""kind"": ""static_obstacle"", ""x"": 50.0, ""y"": 50.0, ""radius"": 5.0}]"
safety_margin_covariance,214,42.8,2,56.084,34.537,86.0,90.0,50.0,50.0,50.774,48.738,false_negative+confidence_error,0.273,trust_weighted_fusion,avoidance,covariance,2.5,1.0,,1,0,63.017,7.526,11.617,uav_1,7.526,False,False,False,False,False,1,"[{""id"": ""obstacle_0"", ""kind"": ""static_obstacle"", ""x"": 50.0, ""y"": 50.0, ""radius"": 5.0}]"
safety_margin_covariance,214,42.8,3,63.387,40.247,90.0,86.0,50.0,50.0,50.774,48.738,false_negative+confidence_error,0.273,trust_weighted_fusion,avoidance,covariance,2.5,1.0,,1,0,52.93,9.27,11.563,uav_2,9.27,False,False,False,False,False,1,"[{""id"": ""obstacle_0"", ""kind"": ""static_obstacle"", ""x"": 50.0, ""y"": 50.0, ""radius"": 5.0}]"
safety_margin_covariance,215,43.0,0,43.288,33.797,94.0,90.0,50.0,50.0,50.468,50.714,position_noise+confidence_error,0.279,trust_weighted_fusion,avoidance,covariance,2.5,1.0,,3,0,75.7,6.198,12.538,uav_1,6.198,False,False,False,False,False,1,"[{""id"": ""obstacle_0"", ""kind"": ""static_obstacle"", ""x"": 50.0, ""y"": 50.0, ""radius"": 5.0}]"
safety_margin_covariance,215,43.0,1,49.015,36.166,90.0,94.0,50.0,50.0,50.468,50.714,false_negative+position_noise+confidence_error,0.279,trust_weighted_fusion,avoidance,covariance,2.5,1.0,,2,0,70.884,6.198,8.869,uav_0,6.198,False,False,False,False,False,1,"[{""id"": ""obstacle_0"", ""kind"": ""static_obstacle"", ""x"": 50.0, ""y"": 50.0, ""radius"": 5.0}]"
safety_margin_covariance,215,43.0,2,56.339,34.639,86.0,90.0,50.0,50.0,50.468,50.714,false_negative+position_noise+confidence_error,0.279,trust_weighted_fusion,avoidance,covariance,2.5,1.0,,2,0,62.806,7.481,11.618,uav_1,7.481,False,False,False,False,False,1,"[{""id"": ""obstacle_0"", ""kind"": ""static_obstacle"", ""x"": 50.0, ""y"": 50.0, ""radius"": 5.0}]"
safety_margin_covariance,215,43.0,3,63.621,40.391,90.0,86.0,50.0,50.0,50.468,50.714,position_noise+confidence_error,0.279,trust_weighted_fusion,avoidance,covariance,2.5,1.0,,2,0,52.688,9.279,11.67,uav_2,9.279,False,False,False,False,False,1,"[{""id"": ""obstacle_0"", ""kind"": ""static_obstacle"", ""x"": 50.0, ""y"": 50.0, ""radius"": 5.0}]"
safety_margin_covariance,216,43.2,0,43.374,33.536,94.0,90.0,50.0,50.0,48.313,50.354,position_noise+confidence_error,0.364,trust_weighted_fusion,avoidance,covariance,2.5,1.0,,3,0,75.837,6.471,12.748,uav_1,6.471,False,False,False,False,False,1,"[{""id"": ""obstacle_0"", ""kind"": ""static_obstacle"", ""x"": 50.0, ""y"": 50.0, ""radius"": 5.0}]"
safety_margin_covariance,216,43.2,1,49.29,36.155,90.0,94.0,50.0,50.0,48.313,50.354,false_negative+confidence_error,0.364,trust_weighted_fusion,avoidance,covariance,2.5,1.0,,1,0,70.734,6.471,8.863,uav_0,6.471,False,False,False,False,False,1,"[{""id"": ""obstacle_0"", ""kind"": ""static_obstacle"", ""x"": 50.0, ""y"": 50.0, ""radius"": 5.0}]"
safety_margin_covariance,216,43.2,2,56.586,34.76,86.0,90.0,50.0,50.0,48.313,50.354,false_negative+position_noise+confidence_error,0.364,trust_weighted_fusion,avoidance,covariance,2.5,1.0,,2,0,62.583,7.428,11.602,uav_1,7.428,False,False,False,False,False,1,"[{""id"": ""obstacle_0"", ""kind"": ""static_obstacle"", ""x"": 50.0, ""y"": 50.0, ""radius"": 5.0}]"
safety_margin_covariance,216,43.2,3,63.842,40.555,90.0,86.0,50.0,50.0,48.313,50.354,false_negative+position_noise+confidence_error,0.364,trust_weighted_fusion,avoidance,covariance,2.5,1.0,,1,0,52.436,9.286,11.757,uav_2,9.286,False,False,False,False,False,1,"[{""id"": ""obstacle_0"", ""kind"": ""static_obstacle"", ""x"": 50.0, ""y"": 50.0, ""radius"": 5.0}]"
safety_margin_covariance,217,43.4,0,43.648,33.524,94.0,90.0,50.0,50.0,47.26,49.21,false_negative+position_noise+confidence_error,0.164,trust_weighted_fusion,avoidance,covariance,2.5,1.0,,2,0,75.663,6.466,12.658,uav_1,6.466,False,False,False,False,False,1,"[{""id"": ""obstacle_0"", ""kind"": ""static_obstacle"", ""x"": 50.0, ""y"": 50.0, ""radius"": 5.0}]"
safety_margin_covariance,217,43.4,1,49.564,36.134,90.0,94.0,50.0,50.0,47.26,49.21,false_negative+position_noise+confidence_error,0.164,trust_weighted_fusion,avoidance,covariance,2.5,1.0,,2,0,70.594,6.466,8.873,uav_0,6.466,False,False,False,False,False,1,"[{""id"": ""obstacle_0"", ""kind"": ""static_obstacle"", ""x"": 50.0, ""y"": 50.0, ""radius"": 5.0}]"
safety_margin_covariance,217,43.4,2,56.831,34.885,86.0,90.0,50.0,50.0,47.26,49.21,false_negative+position_noise+confidence_error,0.164,trust_weighted_fusion,avoidance,covariance,2.5,1.0,,2,0,62.358,7.374,11.587,uav_1,7.374,False,False,False,False,False,1,"[{""id"": ""obstacle_0"", ""kind"": ""static_obstacle"", ""x"": 50.0, ""y"": 50.0, ""radius"": 5.0}]"
safety_margin_covariance,217,43.4,3,64.054,40.73,90.0,86.0,50.0,50.0,47.26,49.21,false_negative+confidence_error,0.164,trust_weighted_fusion,avoidance,covariance,2.5,1.0,,1,0,52.178,9.291,11.836,uav_2,9.291,False,False,False,False,False,1,"[{""id"": ""obstacle_0"", ""kind"": ""static_obstacle"", ""x"": 50.0, ""y"": 50.0, ""radius"": 5.0}]"
safety_margin_covariance,218,43.6,0,43.482,33.305,94.0,90.0,50.0,50.0,50.389,46.808,false_negative+position_noise+confidence_error,0.617,trust_weighted_fusion,avoidance,covariance,2.5,1.0,,2,0,75.937,6.853,12.922,uav_1,6.853,False,False,False,False,False,1,"[{""id"": ""obstacle_0"", ""kind"": ""static_obstacle"", ""x"": 50.0, ""y"": 50.0, ""radius"": 5.0}]"
safety_margin_covariance,218,43.6,1,49.791,35.979,90.0,94.0,50.0,50.0,50.389,46.808,false_negative+position_noise+confidence_error,0.617,trust_weighted_fusion,avoidance,covariance,2.5,1.0,,2,0,70.592,6.853,9.023,uav_0,6.853,False,False,False,False,False,1,"[{""id"": ""obstacle_0"", ""kind"": ""static_obstacle"", ""x"": 50.0, ""y"": 50.0, ""radius"": 5.0}]"
safety_margin_covariance,218,43.6,2,57.1,34.942,86.0,90.0,50.0,50.0,50.389,46.808,false_negative+position_noise+confidence_error,0.617,trust_weighted_fusion,avoidance,covariance,2.5,1.0,,4,0,62.181,7.382,11.648,uav_1,7.382,False,False,False,False,False,1,"[{""id"": ""obstacle_0"", ""kind"": ""static_obstacle"", ""x"": 50.0, ""y"": 50.0, ""radius"": 5.0}]"
safety_margin_covariance,218,43.6,3,64.278,40.889,90.0,86.0,50.0,50.0,50.389,46.808,false_negative+confidence_error,0.617,trust_weighted_fusion,avoidance,covariance,2.5,1.0,,1,0,51.929,9.321,11.937,uav_2,9.321,False,False,False,False,False,1,"[{""id"": ""obstacle_0"", ""kind"": ""static_obstacle"", ""x"": 50.0, ""y"": 50.0, ""radius"": 5.0}]"
safety_margin_covariance,219,43.8,0,43.564,33.043,94.0,90.0,50.0,50.0,48.117,50.2,false_negative+position_noise+confidence_error,0.389,trust_weighted_fusion,avoidance,covariance,2.5,1.0,,2,0,76.078,7.135,13.137,uav_1,7.135,False,False,False,False,False,1,"[{""id"": ""obstacle_0"", ""kind"": ""static_obstacle"", ""x"": 50.0, ""y"": 50.0, ""radius"": 5.0}]"
safety_margin_covariance,219,43.8,1,50.066,35.982,90.0,94.0,50.0,50.0,48.117,50.2,false_negative+position_noise+confidence_error,0.389,trust_weighted_fusion,avoidance,covariance,2.5,1.0,,2,0,70.433,7.135,9.018,uav_0,7.135,False,False,False,False,False,1,"[{""id"": ""obstacle_0"", ""kind"": ""static_obstacle"", ""x"": 50.0, ""y"": 50.0, ""radius"": 5.0}]"
safety_margin_covariance,219,43.8,2,57.344,35.07,86.0,90.0,50.0,50.0,48.117,50.2,position_noise+confidence_error,0.389,trust_weighted_fusion,avoidance,covariance,2.5,1.0,,4,0,61.955,7.334,11.638,uav_1,7.334,False,False,False,False,False,1,"[{""id"": ""obstacle_0"", ""kind"": ""static_obstacle"", ""x"": 50.0, ""y"": 50.0, ""radius"": 5.0}]"
safety_margin_covariance,219,43.8,3,64.493,41.061,90.0,86.0,50.0,50.0,48.117,50.2,false_negative+confidence_error,0.389,trust_weighted_fusion,avoidance,covariance,2.5,1.0,,1,0,51.673,9.327,12.028,uav_2,9.327,False,False,False,False,False,1,"[{""id"": ""obstacle_0"", ""kind"": ""static_obstacle"", ""x"": 50.0, ""y"": 50.0, ""radius"": 5.0}]"
safety_margin_covariance,220,44.0,0,43.839,33.048,94.0,90.0,50.0,50.0,49.683,48.993,dropout+confidence_error,0.331,trust_weighted_fusion,avoidance,covariance,2.5,1.0,,1,0,75.892,7.109,13.037,uav_1,7.109,False,False,False,False,False,1,"[{""id"": ""obstacle_0"", ""kind"": ""static_obstacle"", ""x"": 50.0, ""y"": 50.0, ""radius"": 5.0}]"
safety_margin_covariance,220,44.0,1,50.337,35.933,90.0,94.0,50.0,50.0,49.683,48.993,false_negative+confidence_error,0.331,trust_weighted_fusion,avoidance,covariance,2.5,1.0,,1,0,70.32,7.109,9.071,uav_0,7.109,False,False,False,False,False,1,"[{""id"": ""obstacle_0"", ""kind"": ""static_obstacle"", ""x"": 50.0, ""y"": 50.0, ""radius"": 5.0}]"
safety_margin_covariance,220,44.0,2,57.599,35.172,86.0,90.0,50.0,50.0,49.683,48.993,false_negative+position_noise+confidence_error,0.331,trust_weighted_fusion,avoidance,covariance,2.5,1.0,,2,0,61.747,7.302,11.662,uav_1,7.302,False,False,False,False,False,1,"[{""id"": ""obstacle_0"", ""kind"": ""static_obstacle"", ""x"": 50.0, ""y"": 50.0, ""radius"": 5.0}]"
safety_margin_covariance,220,44.0,3,64.714,41.225,90.0,86.0,50.0,50.0,49.683,48.993,position_noise+confidence_error,0.331,trust_weighted_fusion,avoidance,covariance,2.5,1.0,,2,0,51.422,9.341,12.131,uav_2,9.341,False,False,False,False,False,1,"[{""id"": ""obstacle_0"", ""kind"": ""static_obstacle"", ""x"": 50.0, ""y"": 50.0, ""radius"": 5.0}]"
safety_margin_covariance,221,44.2,0,44.114,33.042,94.0,90.0,50.0,50.0,46.934,48.886,dropout+confidence_error,0.109,trust_weighted_fusion,avoidance,covariance,2.5,1.0,,1,0,75.715,7.112,12.95,uav_1,7.112,False,False,False,False,False,1,"[{""id"": ""obstacle_0"", ""kind"": ""static_obstacle"", ""x"": 50.0, ""y"": 50.0, ""radius"": 5.0}]"
safety_margin_covariance,221,44.2,1,50.612,35.935,90.0,94.0,50.0,50.0,46.934,48.886,false_negative+position_noise+confidence_error,0.109,trust_weighted_fusion,avoidance,covariance,2.5,1.0,,2,0,70.164,7.112,9.078,uav_0,7.112,False,False,False,False,False,1,"[{""id"": ""obstacle_0"", ""kind"": ""static_obstacle"", ""x"": 50.0, ""y"": 50.0, ""radius"": 5.0}]"
safety_margin_covariance,221,44.2,2,57.838,35.308,86.0,90.0,50.0,50.0,46.934,48.886,false_negative+position_noise+confidence_error,0.109,trust_weighted_fusion,avoidance,covariance,2.5,1.0,,2,0,61.516,7.253,11.652,uav_1,7.253,False,False,False,False,False,1,"[{""id"": ""obstacle_0"", ""kind"": ""static_obstacle"", ""x"": 50.0, ""y"": 50.0, ""radius"": 5.0}]"
safety_margin_covariance,221,44.2,3,64.918,41.409,90.0,86.0,50.0,50.0,46.934,48.886,false_negative+position_noise+confidence_error,0.109,trust_weighted_fusion,avoidance,covariance,2.5,1.0,,2,0,51.161,9.346,12.215,uav_2,9.346,False,False,False,False,False,1,"[{""id"": ""obstacle_0"", ""kind"": ""static_obstacle"", ""x"": 50.0, ""y"": 50.0, ""radius"": 5.0}]"
safety_margin_covariance,222,44.4,0,44.387,33.08,94.0,90.0,50.0,50.0,51.696,49.912,dropout+confidence_error,0.71,trust_weighted_fusion,avoidance,covariance,2.5,1.0,,1,0,75.508,7.084,12.827,uav_1,7.084,False,False,False,False,False,1,"[{""id"": ""obstacle_0"", ""kind"": ""static_obstacle"", ""x"": 50.0, ""y"": 50.0, ""radius"": 5.0}]"
safety_margin_covariance,222,44.4,1,50.885,35.901,90.0,94.0,50.0,50.0,51.696,49.912,false_negative+position_noise+confidence_error,0.71,trust_weighted_fusion,avoidance,covariance,2.5,1.0,,2,0,70.039,7.084,9.127,uav_0,7.084,False,False,False,False,False,1,"[{""id"": ""obstacle_0"", ""kind"": ""static_obstacle"", ""x"": 50.0, ""y"": 50.0, ""radius"": 5.0}]"
safety_margin_covariance,222,44.4,2,58.098,35.399,86.0,90.0,50.0,50.0,51.696,49.912,false_negative+position_noise+confidence_error,0.71,trust_weighted_fusion,avoidance,covariance,2.5,1.0,,4,0,61.317,7.23,11.696,uav_1,7.23,False,False,False,False,False,1,"[{""id"": ""obstacle_0"", ""kind"": ""static_obstacle"", ""x"": 50.0, ""y"": 50.0, ""radius"": 5.0}]"
safety_margin_covariance,222,44.4,3,65.149,41.559,90.0,86.0,50.0,50.0,51.696,49.912,false_negative+confidence_error,0.71,trust_weighted_fusion,avoidance,covariance,2.5,1.0,,1,0,50.918,9.362,12.342,uav_2,9.362,False,False,False,False,False,1,"[{""id"": ""obstacle_0"", ""kind"": ""static_obstacle"", ""x"": 50.0, ""y"": 50.0, ""radius"": 5.0}]"
safety_margin_covariance,223,44.6,0,44.661,33.1,94.0,90.0,50.0,50.0,51.033,49.47,dropout+confidence_error,0.444,trust_weighted_fusion,avoidance,covariance,2.5,1.0,,1,0,75.312,7.059,12.723,uav_1,7.059,False,False,False,False,False,1,"[{""id"": ""obstacle_0"", ""kind"": ""static_obstacle"", ""x"": 50.0, ""y"": 50.0, ""radius"": 5.0}]"
safety_margin_covariance,223,44.6,1,51.157,35.864,90.0,94.0,50.0,50.0,51.033,49.47,false_negative+confidence_error,0.444,trust_weighted_fusion,avoidance,covariance,2.5,1.0,,1,0,69.918,7.059,9.184,uav_0,7.059,False,False,False,False,False,1,"[{""id"": ""obstacle_0"", ""kind"": ""static_obstacle"", ""x"": 50.0, ""y"": 50.0, ""radius"": 5.0}]"
safety_margin_covariance,223,44.6,2,58.355,35.496,86.0,90.0,50.0,50.0,51.033,49.47,position_noise+confidence_error,0.444,trust_weighted_fusion,avoidance,covariance,2.5,1.0,,4,0,61.114,7.207,11.738,uav_1,7.207,False,False,False,False,False,1,"[{""id"": ""obstacle_0"", ""kind"": ""static_obstacle"", ""x"": 50.0, ""y"": 50.0, ""radius"": 5.0}]"
safety_margin_covariance,223,44.6,3,65.373,41.718,90.0,86.0,50.0,50.0,51.033,49.47,position_noise+confidence_error,0.444,trust_weighted_fusion,avoidance,covariance,2.5,1.0,,2,0,50.669,9.379,12.462,uav_2,9.379,False,False,False,False,False,1,"[{""id"": ""obstacle_0"", ""kind"": ""static_obstacle"", ""x"": 50.0, ""y"": 50.0, ""radius"": 5.0}]"
safety_margin_covariance,224,44.8,0,44.936,33.098,94.0,90.0,50.0,50.0,47.92,49.014,dropout+confidence_error,0.434,trust_weighted_fusion,avoidance,covariance,2.5,1.0,,1,0,75.134,7.062,12.644,uav_1,7.062,False,False,False,False,False,1,"[{""id"": ""obstacle_0"", ""kind"": ""static_obstacle"", ""x"": 50.0, ""y"": 50.0, ""radius"": 5.0}]"
safety_margin_covariance,224,44.8,1,51.432,35.869,90.0,94.0,50.0,50.0,47.92,49.014,false_negative+position_noise+confidence_error,0.434,trust_weighted_fusion,avoidance,covariance,2.5,1.0,,2,0,69.762,7.062,9.204,uav_0,7.062,False,False,False,False,False,1,"[{""id"": ""obstacle_0"", ""kind"": ""static_obstacle"", ""x"": 50.0, ""y"": 50.0, ""radius"": 5.0}]"
safety_margin_covariance,224,44.8,2,58.595,35.63,86.0,90.0,50.0,50.0,47.92,49.014,false_negative+position_noise+confidence_error,0.434,trust_weighted_fusion,avoidance,covariance,2.5,1.0,,3,0,60.886,7.167,11.744,uav_1,7.167,False,False,False,False,False,1,"[{""id"": ""obstacle_0"", ""kind"": ""static_obstacle"", ""x"": 50.0, ""y"": 50.0, ""radius"": 5.0}]"
safety_margin_covariance,224,44.8,3,65.577,41.902,90.0,86.0,50.0,50.0,47.92,49.014,position_noise+confidence_error,0.434,trust_weighted_fusion,avoidance,covariance,2.5,1.0,,2,0,50.409,9.385,12.557,uav_2,9.385,False,False,False,False,False,1,"[{""id"": ""obstacle_0"", ""kind"": ""static_obstacle"", ""x"": 50.0, ""y"": 50.0, ""radius"": 5.0}]"
safety_margin_covariance,225,45.0,0,45.21,33.121,94.0,90.0,50.0,50.0,50.419,49.823,false_negative+position_noise+confidence_error,0.281,trust_weighted_fusion,avoidance,covariance,2.5,1.0,,3,0,74.938,7.05,12.546,uav_1,7.05,False,False,False,False,False,1,"[{""id"": ""obstacle_0"", ""kind"": ""static_obstacle"", ""x"": 50.0, ""y"": 50.0, ""radius"": 5.0}]"
safety_margin_covariance,225,45.0,1,51.707,35.859,90.0,94.0,50.0,50.0,50.419,49.823,false_negative+confidence_error,0.281,trust_weighted_fusion,avoidance,covariance,2.5,1.0,,1,0,69.619,7.05,9.244,uav_0,7.05,False,False,False,False,False,1,"[{""id"": ""obstacle_0"", ""kind"": ""static_obstacle"", ""x"": 50.0, ""y"": 50.0, ""radius"": 5.0}]"
safety_margin_covariance,225,45.0,2,58.846,35.744,86.0,90.0,50.0,50.0,50.419,49.823,position_noise+confidence_error,0.281,trust_weighted_fusion,avoidance,covariance,2.5,1.0,,4,0,60.672,7.14,11.778,uav_1,7.14,False,False,False,False,False,1,"[{""id"": ""obstacle_0"", ""kind"": ""static_obstacle"", ""x"": 50.0, ""y"": 50.0, ""radius"": 5.0}]"
safety_margin_covariance,225,45.0,3,65.795,42.07,90.0,86.0,50.0,50.0,50.419,49.823,position_noise+confidence_error,0.281,trust_weighted_fusion,avoidance,covariance,2.5,1.0,,2,0,50.157,9.398,12.673,uav_2,9.398,False,False,False,False,False,1,"[{""id"": ""obstacle_0"", ""kind"": ""static_obstacle"", ""x"": 50.0, ""y"": 50.0, ""radius"": 5.0}]"
safety_margin_covariance,226,45.2,0,45.477,33.185,94.0,90.0,50.0,50.0,49.222,52.399,false_negative+position_noise+confidence_error,0.56,trust_weighted_fusion,avoidance,covariance,2.5,1.0,,2,0,74.715,7.05,12.413,uav_1,7.05,False,False,False,False,False,1,"[{""id"": ""obstacle_0"", ""kind"": ""static_obstacle"", ""x"": 50.0, ""y"": 50.0, ""radius"": 5.0}]"
safety_margin_covariance,226,45.2,1,51.974,35.923,90.0,94.0,50.0,50.0,49.222,52.399,false_negative+position_noise+confidence_error,0.56,trust_weighted_fusion,avoidance,covariance,2.5,1.0,,1,0,69.419,7.05,9.215,uav_0,7.05,False,False,False,False,False,1,"[{""id"": ""obstacle_0"", ""kind"": ""static_obstacle"", ""x"": 50.0, ""y"": 50.0, ""radius"": 5.0}]"
safety_margin_covariance,226,45.2,2,59.079,35.889,86.0,90.0,50.0,50.0,49.222,52.399,position_noise+confidence_error,0.56,trust_weighted_fusion,avoidance,covariance,2.5,1.0,,4,0,60.438,7.105,11.78,uav_1,7.105,False,False,False,False,False,1,"[{""id"": ""obstacle_0"", ""kind"": ""static_obstacle"", ""x"": 50.0, ""y"": 50.0, ""radius"": 5.0}]"
safety_margin_covariance,226,45.2,3,65.939,42.304,90.0,86.0,50.0,50.0,49.222,52.399,position_noise+confidence_error,0.56,trust_weighted_fusion,avoidance,covariance,2.5,1.0,,2,0,49.882,9.392,12.699,uav_2,9.392,False,False,False,False,False,1,"[{""id"": ""obstacle_0"", ""kind"": ""static_obstacle"", ""x"": 50.0, ""y"": 50.0, ""radius"": 5.0}]"
safety_margin_covariance,227,45.4,0,45.751,33.163,94.0,90.0,50.0,50.0,52.094,47.902,false_negative+position_noise+confidence_error,0.667,trust_weighted_fusion,avoidance,covariance,2.5,1.0,,2,0,74.554,7.009,12.365,uav_1,7.009,False,False,False,False,False,1,"[{""id"": ""obstacle_0"", ""kind"": ""static_obstacle"", ""x"": 50.0, ""y"": 50.0, ""radius"": 5.0}]"
safety_margin_covariance,227,45.4,1,52.233,35.83,90.0,94.0,50.0,50.0,52.094,47.902,position_noise+confidence_error,0.667,trust_weighted_fusion,avoidance,covariance,2.5,1.0,,3,0,69.355,7.009,9.345,uav_0,7.009,False,False,False,False,False,1,"[{""id"": ""obstacle_0"", ""kind"": ""static_obstacle"", ""x"": 50.0, ""y"": 50.0, ""radius"": 5.0}]"
safety_margin_covariance,227,45.4,2,59.344,35.961,86.0,90.0,50.0,50.0,52.094,47.902,false_negative+position_noise+confidence_error,0.667,trust_weighted_fusion,avoidance,covariance,2.5,1.0,,2,0,60.255,7.112,11.864,uav_1,7.112,False,False,False,False,False,1,"[{""id"": ""obstacle_0"", ""kind"": ""static_obstacle"", ""x"": 50.0, ""y"": 50.0, ""radius"": 5.0}]"
safety_margin_covariance,227,45.4,3,66.159,42.469,90.0,86.0,50.0,50.0,52.094,47.902,position_noise+confidence_error,0.667,trust_weighted_fusion,avoidance,covariance,2.5,1.0,,2,0,49.632,9.423,12.828,uav_2,9.423,False,False,False,False,False,1,"[{""id"": ""obstacle_0"", ""kind"": ""static_obstacle"", ""x"": 50.0, ""y"": 50.0, ""radius"": 5.0}]"
safety_margin_covariance,228,45.6,0,46.025,33.131,94.0,90.0,50.0,50.0,50.565,47.896,false_negative+position_noise+confidence_error,0.359,trust_weighted_fusion,avoidance,covariance,2.5,1.0,,2,0,74.403,6.998,12.332,uav_1,6.998,False,False,False,False,False,1,"[{""id"": ""obstacle_0"", ""kind"": ""static_obstacle"", ""x"": 50.0, ""y"": 50.0, ""radius"": 5.0}]"
safety_margin_covariance,228,45.6,1,52.503,35.776,90.0,94.0,50.0,50.0,50.565,47.896,false_negative+position_noise+confidence_error,0.359,trust_weighted_fusion,avoidance,covariance,2.5,1.0,,1,0,69.254,6.998,9.443,uav_0,6.998,False,False,False,False,False,1,"[{""id"": ""obstacle_0"", ""kind"": ""static_obstacle"", ""x"": 50.0, ""y"": 50.0, ""radius"": 5.0}]"
safety_margin_covariance,228,45.6,2,59.599,36.066,86.0,90.0,50.0,50.0,50.565,47.896,false_negative+position_noise+confidence_error,0.359,trust_weighted_fusion,avoidance,covariance,2.5,1.0,,2,0,60.049,7.102,11.921,uav_1,7.102,False,False,False,False,False,1,"[{""id"": ""obstacle_0"", ""kind"": ""static_obstacle"", ""x"": 50.0, ""y"": 50.0, ""radius"": 5.0}]"
safety_margin_covariance,228,45.6,3,66.368,42.648,90.0,86.0,50.0,50.0,50.565,47.896,false_negative+position_noise+confidence_error,0.359,trust_weighted_fusion,avoidance,covariance,2.5,1.0,,2,0,49.375,9.442,12.943,uav_2,9.442,False,False,False,False,False,1,"[{""id"": ""obstacle_0"", ""kind"": ""static_obstacle"", ""x"": 50.0, ""y"": 50.0, ""radius"": 5.0}]"
safety_margin_covariance,229,45.8,0,45.818,32.949,94.0,90.0,50.0,50.0,48.036,49.535,false_negative+position_noise+confidence_error,0.452,trust_weighted_fusion,avoidance,covariance,2.5,1.0,,2,0,74.675,7.524,12.557,uav_1,7.524,False,False,False,False,False,1,"[{""id"": ""obstacle_0"", ""kind"": ""static_obstacle"", ""x"": 50.0, ""y"": 50.0, ""radius"": 5.0}]"
safety_margin_covariance,229,45.8,1,52.775,35.816,90.0,94.0,50.0,50.0,48.036,49.535,false_negative+position_noise+confidence_error,0.452,trust_weighted_fusion,avoidance,covariance,2.5,1.0,,2,0,69.073,7.019,9.453,uav_2,7.019,False,False,False,False,False,1,"[{""id"": ""obstacle_0"", ""kind"": ""static_obstacle"", ""x"": 50.0, ""y"": 50.0, ""radius"": 5.0}]"
safety_margin_covariance,229,45.8,2,59.779,36.274,86.0,90.0,50.0,50.0,48.036,49.535,false_negative+position_noise+confidence_error,0.452,trust_weighted_fusion,avoidance,covariance,2.5,1.0,,3,0,59.784,7.019,11.854,uav_1,7.019,False,False,False,False,False,1,"[{""id"": ""obstacle_0"", ""kind"": ""static_obstacle"", ""x"": 50.0, ""y"": 50.0, ""radius"": 5.0}]"
safety_margin_covariance,229,45.8,3,66.567,42.838,90.0,86.0,50.0,50.0,48.036,49.535,position_noise+confidence_error,0.452,trust_weighted_fusion,avoidance,covariance,2.5,1.0,,2,0,49.113,9.443,13.048,uav_2,9.443,False,False,False,False,False,1,"[{""id"": ""obstacle_0"", ""kind"": ""static_obstacle"", ""x"": 50.0, ""y"": 50.0, ""radius"": 5.0}]"
safety_margin_covariance,230,46.0,0,46.09,32.99,94.0,90.0,50.0,50.0,50.98,50.541,position_noise+confidence_error,0.5,trust_weighted_fusion,avoidance,covariance,2.5,1.0,,3,0,74.468,7.519,12.453,uav_1,7.519,False,False,False,False,False,1,"[{""id"": ""obstacle_0"", ""kind"": ""static_obstacle"", ""x"": 50.0, ""y"": 50.0, ""radius"": 5.0}]"
safety_margin_covariance,230,46.0,1,53.049,35.838,90.0,94.0,50.0,50.0,50.98,50.541,position_noise+confidence_error,0.5,trust_weighted_fusion,avoidance,covariance,2.5,1.0,,3,0,68.907,6.998,9.486,uav_2,6.998,False,False,False,False,False,1,"[{""id"": ""obstacle_0"", ""kind"": ""static_obstacle"", ""x"": 50.0, ""y"": 50.0, ""radius"": 5.0}]"
safety_margin_covariance,230,46.0,2,60.025,36.397,86.0,90.0,50.0,50.0,50.98,50.541,false_negative+position_noise+confidence_error,0.5,trust_weighted_fusion,avoidance,covariance,2.5,1.0,,2,0,59.565,6.998,11.898,uav_1,6.998,False,False,False,False,False,1,"[{""id"": ""obstacle_0"", ""kind"": ""static_obstacle"", ""x"": 50.0, ""y"": 50.0, ""radius"": 5.0}]"
safety_margin_covariance,230,46.0,3,66.78,43.012,90.0,86.0,50.0,50.0,50.98,50.541,position_noise+confidence_error,0.5,trust_weighted_fusion,avoidance,covariance,2.5,1.0,,2,0,48.859,9.455,13.177,uav_2,9.455,False,False,False,False,False,1,"[{""id"": ""obstacle_0"", ""kind"": ""static_obstacle"", ""x"": 50.0, ""y"": 50.0, ""radius"": 5.0}]"
safety_margin_covariance,231,46.2,0,46.349,32.896,94.0,90.0,50.0,50.0,47.76,45.703,false_negative+position_noise+confidence_error,0.049,trust_weighted_fusion,avoidance,covariance,2.5,1.0,,3,0,74.374,7.567,12.489,uav_1,7.567,False,False,False,False,False,1,"[{""id"": ""obstacle_0"", ""kind"": ""static_obstacle"", ""x"": 50.0, ""y"": 50.0, ""radius"": 5.0}]"
safety_margin_covariance,231,46.2,1,53.324,35.829,90.0,94.0,50.0,50.0,47.76,45.703,false_negative+position_noise+confidence_error,0.049,trust_weighted_fusion,avoidance,covariance,2.5,1.0,,3,0,68.768,6.97,9.556,uav_2,6.97,False,False,False,False,False,1,"[{""id"": ""obstacle_0"", ""kind"": ""static_obstacle"", ""x"": 50.0, ""y"": 50.0, ""radius"": 5.0}]"
safety_margin_covariance,231,46.2,2,60.258,36.543,86.0,90.0,50.0,50.0,47.76,45.703,false_negative+position_noise+confidence_error,0.049,trust_weighted_fusion,avoidance,covariance,2.5,1.0,,2,0,59.333,6.97,11.921,uav_1,6.97,False,False,False,False,False,1,"[{""id"": ""obstacle_0"", ""kind"": ""static_obstacle"", ""x"": 50.0, ""y"": 50.0, ""radius"": 5.0}]"
safety_margin_covariance,231,46.2,3,66.964,43.216,90.0,86.0,50.0,50.0,47.76,45.703,false_negative+confidence_error,0.049,trust_weighted_fusion,avoidance,covariance,2.5,1.0,,1,0,48.591,9.461,13.27,uav_2,9.461,False,False,False,False,False,1,"[{""id"": ""obstacle_0"", ""kind"": ""static_obstacle"", ""x"": 50.0, ""y"": 50.0, ""radius"": 5.0}]"
safety_margin_covariance,232,46.4,0,46.624,32.902,94.0,90.0,50.0,50.0,50.263,48.98,false_negative+position_noise+confidence_error,0.27,trust_weighted_fusion,avoidance,covariance,2.5,1.0,,2,0,74.193,7.566,12.428,uav_1,7.566,False,False,False,False,False,1,"[{""id"": ""obstacle_0"", ""kind"": ""static_obstacle"", ""x"": 50.0, ""y"": 50.0, ""radius"": 5.0}]"
safety_margin_covariance,232,46.4,1,53.599,35.833,90.0,94.0,50.0,50.0,50.263,48.98,false_negative+position_noise+confidence_error,0.27,trust_weighted_fusion,avoidance,covariance,2.5,1.0,,1,0,68.618,6.954,9.617,uav_2,6.954,False,False,False,False,False,1,"[{""id"": ""obstacle_0"", ""kind"": ""static_obstacle"", ""x"": 50.0, ""y"": 50.0, ""radius"": 5.0}]"
safety_margin_covariance,232,46.4,2,60.502,36.669,86.0,90.0,50.0,50.0,50.263,48.98,false_negative+position_noise+confidence_error,0.27,trust_weighted_fusion,avoidance,covariance,2.5,1.0,,3,0,59.113,6.954,11.971,uav_1,6.954,False,False,False,False,False,1,"[{""id"": ""obstacle_0"", ""kind"": ""static_obstacle"", ""x"": 50.0, ""y"": 50.0, ""radius"": 5.0}]"
safety_margin_covariance,232,46.4,3,67.167,43.402,90.0,86.0,50.0,50.0,50.263,48.98,false_negative+confidence_error,0.27,trust_weighted_fusion,avoidance,covariance,2.5,1.0,,1,0,48.332,9.474,13.392,uav_2,9.474,False,False,False,False,False,1,"[{""id"": ""obstacle_0"", ""kind"": ""static_obstacle"", ""x"": 50.0, ""y"": 50.0, ""radius"": 5.0}]"
safety_margin_covariance,233,46.6,0,46.898,32.924,94.0,90.0,50.0,50.0,50.375,49.644,false_negative+position_noise+confidence_error,0.574,trust_weighted_fusion,avoidance,covariance,2.5,1.0,,2,0,74.002,7.566,12.355,uav_1,7.566,False,False,False,False,False,1,"[{""id"": ""obstacle_0"", ""kind"": ""static_obstacle"", ""x"": 50.0, ""y"": 50.0, ""radius"": 5.0}]"
safety_margin_covariance,233,46.6,1,53.873,35.856,90.0,94.0,50.0,50.0,50.375,49.644,position_noise+confidence_error,0.574,trust_weighted_fusion,avoidance,covariance,2.5,1.0,,3,0,68.453,6.935,9.664,uav_2,6.935,False,False,False,False,False,1,"[{""id"": ""obstacle_0"", ""kind"": ""static_obstacle"", ""x"": 50.0, ""y"": 50.0, ""radius"": 5.0}]"
safety_margin_covariance,233,46.6,2,60.744,36.8,86.0,90.0,50.0,50.0,50.375,49.644,false_negative+position_noise+confidence_error,0.574,trust_weighted_fusion,avoidance,covariance,2.5,1.0,,2,0,58.891,6.935,12.02,uav_1,6.935,False,False,False,False,False,1,"[{""id"": ""obstacle_0"", ""kind"": ""static_obstacle"", ""x"": 50.0, ""y"": 50.0, ""radius"": 5.0}]"
safety_margin_covariance,233,46.6,3,67.371,43.586,90.0,86.0,50.0,50.0,50.375,49.644,false_negative+confidence_error,0.574,trust_weighted_fusion,avoidance,covariance,2.5,1.0,,1,0,48.073,9.485,13.517,uav_2,9.485,False,False,False,False,False,1,"[{""id"": ""obstacle_0"", ""kind"": ""static_obstacle"", ""x"": 50.0, ""y"": 50.0, ""radius"": 5.0}]"
safety_margin_covariance,234,46.8,0,47.17,32.884,94.0,90.0,50.0,50.0,49.157,47.296,false_negative+position_noise+confidence_error,0.285,trust_weighted_fusion,avoidance,covariance,2.5,1.0,,3,0,73.86,7.586,12.348,uav_1,7.586,False,False,False,False,False,1,"[{""id"": ""obstacle_0"", ""kind"": ""static_obstacle"", ""x"": 50.0, ""y"": 50.0, ""radius"": 5.0}]"
safety_margin_covariance,234,46.8,1,54.148,35.86,90.0,94.0,50.0,50.0,49.157,47.296,false_negative+position_noise+confidence_error,0.285,trust_weighted_fusion,avoidance,covariance,2.5,1.0,,2,0,68.305,6.917,9.736,uav_2,6.917,False,False,False,False,False,1,"[{""id"": ""obstacle_0"", ""kind"": ""static_obstacle"", ""x"": 50.0, ""y"": 50.0, ""radius"": 5.0}]"
safety_margin_covariance,234,46.8,2,60.981,36.94,86.0,90.0,50.0,50.0,49.157,47.296,position_noise+confidence_error,0.285,trust_weighted_fusion,avoidance,covariance,2.5,1.0,,4,0,58.663,6.917,12.063,uav_1,6.917,False,False,False,False,False,1,"[{""id"": ""obstacle_0"", ""kind"": ""static_obstacle"", ""x"": 50.0, ""y"": 50.0, ""radius"": 5.0}]"
safety_margin_covariance,234,46.8,3,67.56,43.786,90.0,86.0,50.0,50.0,49.157,47.296,false_negative+position_noise+confidence_error,0.285,trust_weighted_fusion,avoidance,covariance,2.5,1.0,,1,0,47.808,9.495,13.627,uav_2,9.495,False,False,False,False,False,1,"[{""id"": ""obstacle_0"", ""kind"": ""static_obstacle"", ""x"": 50.0, ""y"": 50.0, ""radius"": 5.0}]"
safety_margin_covariance,235,47.0,0,47.443,32.916,94.0,90.0,50.0,50.0,50.339,50.071,false_negative+position_noise+confidence_error,0.451,trust_weighted_fusion,avoidance,covariance,2.5,1.0,,3,0,73.662,7.589,12.274,uav_1,7.589,False,False,False,False,False,1,"[{""id"": ""obstacle_0"", ""kind"": ""static_obstacle"", ""x"": 50.0, ""y"": 50.0, ""radius"": 5.0}]"
safety_margin_covariance,235,47.0,1,54.42,35.901,90.0,94.0,50.0,50.0,50.339,50.071,false_negative+position_noise+confidence_error,0.451,trust_weighted_fusion,avoidance,covariance,2.5,1.0,,2,0,68.128,6.899,9.776,uav_2,6.899,False,False,False,False,False,1,"[{""id"": ""obstacle_0"", ""kind"": ""static_obstacle"", ""x"": 50.0, ""y"": 50.0, ""radius"": 5.0}]"
safety_margin_covariance,235,47.0,2,61.218,37.079,86.0,90.0,50.0,50.0,50.339,50.071,false_negative+position_noise+confidence_error,0.451,trust_weighted_fusion,avoidance,covariance,2.5,1.0,,3,0,58.436,6.899,12.111,uav_1,6.899,False,False,False,False,False,1,"[{""id"": ""obstacle_0"", ""kind"": ""static_obstacle"", ""x"": 50.0, ""y"": 50.0, ""radius"": 5.0}]"
safety_margin_covariance,235,47.0,3,67.761,43.973,90.0,86.0,50.0,50.0,50.339,50.071,false_negative+confidence_error,0.451,trust_weighted_fusion,avoidance,covariance,2.5,1.0,,1,0,47.548,9.505,13.756,uav_2,9.505,False,False,False,False,False,1,"[{""id"": ""obstacle_0"", ""kind"": ""static_obstacle"", ""x"": 50.0, ""y"": 50.0, ""radius"": 5.0}]"
safety_margin_covariance,236,47.2,0,47.713,32.965,94.0,90.0,50.0,50.0,51.446,50.871,false_negative+position_noise+confidence_error,0.307,trust_weighted_fusion,avoidance,covariance,2.5,1.0,,2,0,73.453,7.588,12.187,uav_1,7.588,False,False,False,False,False,1,"[{""id"": ""obstacle_0"", ""kind"": ""static_obstacle"", ""x"": 50.0, ""y"": 50.0, ""radius"": 5.0}]"
safety_margin_covariance,236,47.2,1,54.691,35.946,90.0,94.0,50.0,50.0,51.446,50.871,false_negative+position_noise+confidence_error,0.307,trust_weighted_fusion,avoidance,covariance,2.5,1.0,,2,0,67.949,6.761,9.817,uav_2,6.761,False,False,False,False,False,1,"[{""id"": ""obstacle_0"", ""kind"": ""static_obstacle"", ""x"": 50.0, ""y"": 50.0, ""radius"": 5.0}]"
safety_margin_covariance,236,47.2,2,61.307,37.339,86.0,90.0,50.0,50.0,51.446,50.871,false_negative+position_noise+confidence_error,0.307,trust_weighted_fusion,avoidance,covariance,2.5,1.0,,2,0,58.163,6.761,11.975,uav_1,6.761,False,False,False,False,False,1,"[{""id"": ""obstacle_0"", ""kind"": ""static_obstacle"", ""x"": 50.0, ""y"": 50.0, ""radius"": 5.0}]"
safety_margin_covariance,236,47.2,3,67.968,44.154,90.0,86.0,50.0,50.0,51.446,50.871,false_negative+position_noise+confidence_error,0.307,trust_weighted_fusion,avoidance,covariance,2.5,1.0,,2,0,47.291,9.53,13.895,uav_2,9.53,False,False,False,False,False,1,"[{""id"": ""obstacle_0"", ""kind"": ""static_obstacle"", ""x"": 50.0, ""y"": 50.0, ""radius"": 5.0}]"
safety_margin_covariance,237,47.4,0,47.98,33.031,94.0,90.0,50.0,50.0,49.727,51.992,position_noise+confidence_error,0.283,trust_weighted_fusion,avoidance,covariance,2.5,1.0,,3,0,73.234,7.59,12.088,uav_1,7.59,False,False,False,False,False,1,"[{""id"": ""obstacle_0"", ""kind"": ""static_obstacle"", ""x"": 50.0, ""y"": 50.0, ""radius"": 5.0}]"
safety_margin_covariance,237,47.4,1,54.953,36.031,90.0,94.0,50.0,50.0,49.727,51.992,false_negative+position_noise+confidence_error,0.283,trust_weighted_fusion,avoidance,covariance,2.5,1.0,,2,0,67.74,6.742,9.821,uav_2,6.742,False,False,False,False,False,1,"[{""id"": ""obstacle_0"", ""kind"": ""static_obstacle"", ""x"": 50.0, ""y"": 50.0, ""radius"": 5.0}]"
safety_margin_covariance,237,47.4,2,61.534,37.494,86.0,90.0,50.0,50.0,49.727,51.992,false_negative+position_noise+confidence_error,0.283,trust_weighted_fusion,avoidance,covariance,2.5,1.0,,4,0,57.927,6.742,12.013,uav_1,6.742,False,False,False,False,False,1,"[{""id"": ""obstacle_0"", ""kind"": ""static_obstacle"", ""x"": 50.0, ""y"": 50.0, ""radius"": 5.0}]"
safety_margin_covariance,237,47.4,3,68.168,44.344,90.0,86.0,50.0,50.0,49.727,51.992,position_noise+confidence_error,0.283,trust_weighted_fusion,avoidance,covariance,2.5,1.0,,2,0,47.031,9.535,14.028,uav_2,9.535,False,False,False,False,False,1,"[{""id"": ""obstacle_0"", ""kind"": ""static_obstacle"", ""x"": 50.0, ""y"": 50.0, ""radius"": 5.0}]"
safety_margin_covariance,238,47.6,0,48.247,33.099,94.0,90.0,50.0,50.0,52.475,51.988,false_negative+position_noise+confidence_error,0.416,trust_weighted_fusion,avoidance,covariance,2.5,1.0,,3,0,73.014,7.589,11.991,uav_1,7.589,False,False,False,False,False,1,"[{""id"": ""obstacle_0"", ""kind"": ""static_obstacle"", ""x"": 50.0, ""y"": 50.0, ""radius"": 5.0}]"
safety_margin_covariance,238,47.6,1,55.221,36.091,90.0,94.0,50.0,50.0,52.475,51.988,position_noise+confidence_error,0.416,trust_weighted_fusion,avoidance,covariance,2.5,1.0,,3,0,67.55,6.516,9.857,uav_2,6.516,False,False,False,False,False,1,"[{""id"": ""obstacle_0"", ""kind"": ""static_obstacle"", ""x"": 50.0, ""y"": 50.0, ""radius"": 5.0}]"
safety_margin_covariance,238,47.6,2,61.636,37.238,86.0,90.0,50.0,50.0,52.475,51.988,position_noise+confidence_error,0.416,trust_weighted_fusion,avoidance,covariance,2.5,1.0,,4,0,58.116,6.516,12.27,uav_1,6.516,False,False,False,False,False,1,"[{""id"": ""obstacle_0"", ""kind"": ""static_obstacle"", ""x"": 50.0, ""y"": 50.0, ""radius"": 5.0}]"
safety_margin_covariance,238,47.6,3,68.379,44.52,90.0,86.0,50.0,50.0,52.475,51.988,false_negative+position_noise+confidence_error,0.416,trust_weighted_fusion,avoidance,covariance,2.5,1.0,,1,0,46.777,9.924,14.179,uav_2,9.924,False,False,False,False,False,1,"[{""id"": ""obstacle_0"", ""kind"": ""static_obstacle"", ""x"": 50.0, ""y"": 50.0, ""radius"": 5.0}]"
safety_margin_covariance,239,47.8,0,48.419,33.314,94.0,90.0,50.0,50.0,50.995,50.615,false_negative+position_noise+confidence_error,0.0,trust_weighted_fusion,move,covariance,2.5,1.0,,2,0,72.739,7.569,11.761,uav_1,7.569,False,False,False,False,False,1,"[{""id"": ""obstacle_0"", ""kind"": ""static_obstacle"", ""x"": 50.0, ""y"": 50.0, ""radius"": 5.0}]"
safety_margin_covariance,239,47.8,1,55.363,36.326,90.0,94.0,50.0,50.0,47.752,54.702,position_noise+confidence_error,0.103,trust_weighted_fusion,move,covariance,2.5,1.0,,3,0,67.275,6.566,9.688,uav_2,6.566,False,False,False,False,False,1,"[{""id"": ""obstacle_0"", ""kind"": ""static_obstacle"", ""x"": 50.0, ""y"": 50.0, ""radius"": 5.0}]"
safety_margin_covariance,239,47.8,2,61.803,37.601,86.0,90.0,50.0,50.0,,,false_negative+confidence_error,,trust_weighted_fusion,move,covariance,0.0,0.0,,0,0,57.716,6.566,12.119,uav_1,6.566,False,False,False,False,False,1,"[{""id"": ""obstacle_0"", ""kind"": ""static_obstacle"", ""x"": 50.0, ""y"": 50.0, ""radius"": 5.0}]"
safety_margin_covariance,239,47.8,3,68.506,44.764,90.0,86.0,50.0,50.0,,,false_negative+position_noise+confidence_error,,trust_weighted_fusion,move,covariance,2.5,1.0,,1,0,46.502,9.81,14.233,uav_2,9.81,False,False,False,False,False,1,"[{""id"": ""obstacle_0"", ""kind"": ""static_obstacle"", ""x"": 50.0, ""y"": 50.0, ""radius"": 5.0}]"
safety_margin_covariance,240,48.0,0,48.69,33.361,94.0,90.0,50.0,50.0,50.722,51.147,false_negative+position_noise+confidence_error,0.597,trust_weighted_fusion,avoidance,covariance,2.5,1.0,,1,0,72.532,7.573,11.69,uav_1,7.573,False,False,False,False,False,1,"[{""id"": ""obstacle_0"", ""kind"": ""static_obstacle"", ""x"": 50.0, ""y"": 50.0, ""radius"": 5.0}]"
safety_margin_covariance,240,48.0,1,55.63,36.391,90.0,94.0,50.0,50.0,50.722,51.147,false_negative+position_noise+confidence_error,0.597,trust_weighted_fusion,avoidance,covariance,2.5,1.0,,2,0,67.083,6.548,9.728,uav_2,6.548,False,False,False,False,False,1,"[{""id"": ""obstacle_0"", ""kind"": ""static_obstacle"", ""x"": 50.0, ""y"": 50.0, ""radius"": 5.0}]"
safety_margin_covariance,240,48.0,2,62.036,37.747,86.0,90.0,50.0,50.0,50.722,51.147,false_negative+position_noise+confidence_error,0.597,trust_weighted_fusion,avoidance,covariance,2.5,1.0,,3,0,57.486,6.548,12.175,uav_1,6.548,False,False,False,False,False,1,"[{""id"": ""obstacle_0"", ""kind"": ""static_obstacle"", ""x"": 50.0, ""y"": 50.0, ""radius"": 5.0}]"
safety_margin_covariance,240,48.0,3,68.704,44.955,90.0,86.0,50.0,50.0,50.722,51.147,position_noise+confidence_error,0.597,trust_weighted_fusion,avoidance,covariance,2.5,1.0,,2,0,46.241,9.818,14.373,uav_2,9.818,False,False,False,False,False,1,"[{""id"": ""obstacle_0"", ""kind"": ""static_obstacle"", ""x"": 50.0, ""y"": 50.0, ""radius"": 5.0}]"
safety_margin_covariance,241,48.2,0,48.965,33.351,94.0,90.0,50.0,50.0,52.2,48.725,false_negative+position_noise+confidence_error,0.606,trust_weighted_fusion,avoidance,covariance,2.5,1.0,,1,0,72.369,7.575,11.681,uav_1,7.575,False,False,False,False,False,1,"[{""id"": ""obstacle_0"", ""kind"": ""static_obstacle"", ""x"": 50.0, ""y"": 50.0, ""radius"": 5.0}]"
safety_margin_covariance,241,48.2,1,55.905,36.386,90.0,94.0,50.0,50.0,52.2,48.725,position_noise+confidence_error,0.606,trust_weighted_fusion,avoidance,covariance,2.5,1.0,,3,0,66.947,6.549,9.84,uav_2,6.549,False,False,False,False,False,1,"[{""id"": ""obstacle_0"", ""kind"": ""static_obstacle"", ""x"": 50.0, ""y"": 50.0, ""radius"": 5.0}]"
safety_margin_covariance,241,48.2,2,62.284,37.866,86.0,90.0,50.0,50.0,52.2,48.725,position_noise+confidence_error,0.606,trust_weighted_fusion,avoidance,covariance,2.5,1.0,,4,0,57.275,6.549,12.267,uav_1,6.549,False,False,False,False,False,1,"[{""id"": ""obstacle_0"", ""kind"": ""static_obstacle"", ""x"": 50.0, ""y"": 50.0, ""radius"": 5.0}]"
safety_margin_covariance,241,48.2,3,68.9,45.148,90.0,86.0,50.0,50.0,52.2,48.725,position_noise+confidence_error,0.606,trust_weighted_fusion,avoidance,covariance,2.5,1.0,,2,0,45.98,9.838,14.513,uav_2,9.838,False,False,False,False,False,1,"[{""id"": ""obstacle_0"", ""kind"": ""static_obstacle"", ""x"": 50.0, ""y"": 50.0, ""radius"": 5.0}]"
safety_margin_covariance,242,48.4,0,49.237,33.308,94.0,90.0,50.0,50.0,49.87,47.278,false_negative+position_noise+confidence_error,0.389,trust_weighted_fusion,avoidance,covariance,2.5,1.0,,2,0,72.234,7.609,11.709,uav_1,7.609,False,False,False,False,False,1,"[{""id"": ""obstacle_0"", ""kind"": ""static_obstacle"", ""x"": 50.0, ""y"": 50.0, ""radius"": 5.0}]"
safety_margin_covariance,242,48.4,1,56.114,36.565,90.0,94.0,50.0,50.0,49.87,47.278,false_negative+position_noise+confidence_error,0.389,trust_weighted_fusion,avoidance,covariance,2.5,1.0,,2,0,66.687,6.563,9.761,uav_2,6.563,False,False,False,False,False,1,"[{""id"": ""obstacle_0"", ""kind"": ""static_obstacle"", ""x"": 50.0, ""y"": 50.0, ""radius"": 5.0}]"
safety_margin_covariance,242,48.4,2,62.514,38.017,86.0,90.0,50.0,50.0,49.87,47.278,false_negative+position_noise+confidence_error,0.389,trust_weighted_fusion,avoidance,covariance,2.5,1.0,,3,0,57.042,6.563,12.326,uav_1,6.563,False,False,False,False,False,1,"[{""id"": ""obstacle_0"", ""kind"": ""static_obstacle"", ""x"": 50.0, ""y"": 50.0, ""radius"": 5.0}]"
safety_margin_covariance,242,48.4,3,69.079,45.356,90.0,86.0,50.0,50.0,49.87,47.278,false_negative+position_noise+confidence_error,0.389,trust_weighted_fusion,avoidance,covariance,2.5,1.0,,1,0,45.712,9.847,14.636,uav_2,9.847,False,False,False,False,False,1,"[{""id"": ""obstacle_0"", ""kind"": ""static_obstacle"", ""x"": 50.0, ""y"": 50.0, ""radius"": 5.0}]"
safety_margin_covariance,243,48.6,0,49.502,33.237,94.0,90.0,50.0,50.0,49.162,45.944,false_negative+position_noise+confidence_error,0.617,trust_weighted_fusion,avoidance,covariance,2.5,1.0,,2,0,72.126,7.662,11.771,uav_1,7.662,False,False,False,False,False,1,"[{""id"": ""obstacle_0"", ""kind"": ""static_obstacle"", ""x"": 50.0, ""y"": 50.0, ""radius"": 5.0}]"
safety_margin_covariance,243,48.6,1,56.387,36.6,90.0,94.0,50.0,50.0,49.162,45.944,false_negative+position_noise+confidence_error,0.617,trust_weighted_fusion,avoidance,covariance,2.5,1.0,,2,0,66.518,6.543,9.844,uav_2,6.543,False,False,False,False,False,1,"[{""id"": ""obstacle_0"", ""kind"": ""static_obstacle"", ""x"": 50.0, ""y"": 50.0, ""radius"": 5.0}]"
safety_margin_covariance,243,48.6,2,62.736,38.179,86.0,90.0,50.0,50.0,49.162,45.944,false_negative+position_noise+confidence_error,0.617,trust_weighted_fusion,avoidance,covariance,2.5,1.0,,3,0,56.803,6.543,12.376,uav_1,6.543,False,False,False,False,False,1,"[{""id"": ""obstacle_0"", ""kind"": ""static_obstacle"", ""x"": 50.0, ""y"": 50.0, ""radius"": 5.0}]"
safety_margin_covariance,243,48.6,3,69.25,45.572,90.0,86.0,50.0,50.0,49.162,45.944,false_negative+position_noise+confidence_error,0.617,trust_weighted_fusion,avoidance,covariance,2.5,1.0,,2,0,45.443,9.853,14.753,uav_2,9.853,False,False,False,False,False,1,"[{""id"": ""obstacle_0"", ""kind"": ""static_obstacle"", ""x"": 50.0, ""y"": 50.0, ""radius"": 5.0}]"
safety_margin_covariance,244,48.8,0,49.774,33.277,94.0,90.0,50.0,50.0,50.482,50.418,false_negative+position_noise+confidence_error,0.254,trust_weighted_fusion,avoidance,covariance,2.5,1.0,,3,0,71.927,7.67,11.725,uav_1,7.67,False,False,False,False,False,1,"[{""id"": ""obstacle_0"", ""kind"": ""static_obstacle"", ""x"": 50.0, ""y"": 50.0, ""radius"": 5.0}]"
safety_margin_covariance,244,48.8,1,56.653,36.669,90.0,94.0,50.0,50.0,50.482,50.418,false_negative+position_noise+confidence_error,0.254,trust_weighted_fusion,avoidance,covariance,2.5,1.0,,2,0,66.324,6.527,9.899,uav_2,6.527,False,False,False,False,False,1,"[{""id"": ""obstacle_0"", ""kind"": ""static_obstacle"", ""x"": 50.0, ""y"": 50.0, ""radius"": 5.0}]"
safety_margin_covariance,244,48.8,2,62.964,38.334,86.0,90.0,50.0,50.0,50.482,50.418,false_negative+position_noise+confidence_error,0.254,trust_weighted_fusion,avoidance,covariance,2.5,1.0,,3,0,56.569,6.527,12.44,uav_1,6.527,False,False,False,False,False,1,"[{""id"": ""obstacle_0"", ""kind"": ""static_obstacle"", ""x"": 50.0, ""y"": 50.0, ""radius"": 5.0}]"
safety_margin_covariance,244,48.8,3,69.439,45.771,90.0,86.0,50.0,50.0,50.482,50.418,false_negative+position_noise+confidence_error,0.254,trust_weighted_fusion,avoidance,covariance,2.5,1.0,,2,0,45.179,9.861,14.894,uav_2,9.861,False,False,False,False,False,1,"[{""id"": ""obstacle_0"", ""kind"": ""static_obstacle"", ""x"": 50.0, ""y"": 50.0, ""radius"": 5.0}]"
safety_margin_covariance,245,49.0,0,50.042,33.338,94.0,90.0,50.0,50.0,51.497,51.705,false_negative+position_noise+confidence_error,0.095,trust_weighted_fusion,avoidance,covariance,2.5,1.0,,3,0,71.714,7.673,11.662,uav_1,7.673,False,False,False,False,False,1,"[{""id"": ""obstacle_0"", ""kind"": ""static_obstacle"", ""x"": 50.0, ""y"": 50.0, ""radius"": 5.0}]"
safety_margin_covariance,245,49.0,1,56.917,36.745,90.0,94.0,50.0,50.0,51.497,51.705,false_negative+position_noise+confidence_error,0.095,trust_weighted_fusion,avoidance,covariance,2.5,1.0,,1,0,66.125,6.513,9.951,uav_2,6.513,False,False,False,False,False,1,"[{""id"": ""obstacle_0"", ""kind"": ""static_obstacle"", ""x"": 50.0, ""y"": 50.0, ""radius"": 5.0}]"
safety_margin_covariance,245,49.0,2,63.193,38.485,86.0,90.0,50.0,50.0,51.497,51.705,false_negative+position_noise+confidence_error,0.095,trust_weighted_fusion,avoidance,covariance,2.5,1.0,,4,0,56.337,6.513,12.511,uav_1,6.513,False,False,False,False,False,1,"[{""id"": ""obstacle_0"", ""kind"": ""static_obstacle"", ""x"": 50.0, ""y"": 50.0, ""radius"": 5.0}]"
safety_margin_covariance,245,49.0,3,69.634,45.965,90.0,86.0,50.0,50.0,51.497,51.705,false_negative+position_noise+confidence_error,0.095,trust_weighted_fusion,avoidance,covariance,2.5,1.0,,1,0,44.917,9.871,15.044,uav_2,9.871,False,False,False,False,False,1,"[{""id"": ""obstacle_0"", ""kind"": ""static_obstacle"", ""x"": 50.0, ""y"": 50.0, ""radius"": 5.0}]"
safety_margin_covariance,246,49.2,0,50.317,33.357,94.0,90.0,50.0,50.0,52.143,49.649,false_negative+position_noise+confidence_error,0.39,trust_weighted_fusion,avoidance,covariance,2.5,1.0,,2,0,71.531,7.679,11.646,uav_1,7.679,False,False,False,False,False,1,"[{""id"": ""obstacle_0"", ""kind"": ""static_obstacle"", ""x"": 50.0, ""y"": 50.0, ""radius"": 5.0}]"
safety_margin_covariance,246,49.2,1,57.19,36.781,90.0,94.0,50.0,50.0,52.143,49.649,false_negative+position_noise+confidence_error,0.39,trust_weighted_fusion,avoidance,covariance,2.5,1.0,,2,0,65.958,6.507,10.047,uav_2,6.507,False,False,False,False,False,1,"[{""id"": ""obstacle_0"", ""kind"": ""static_obstacle"", ""x"": 50.0, ""y"": 50.0, ""radius"": 5.0}]"
safety_margin_covariance,246,49.2,2,63.431,38.624,86.0,90.0,50.0,50.0,52.143,49.649,false_negative+position_noise+confidence_error,0.39,trust_weighted_fusion,avoidance,covariance,2.5,1.0,,2,0,56.115,6.507,12.601,uav_1,6.507,False,False,False,False,False,1,"[{""id"": ""obstacle_0"", ""kind"": ""static_obstacle"", ""x"": 50.0, ""y"": 50.0, ""radius"": 5.0}]"
safety_margin_covariance,246,49.2,3,69.824,46.164,90.0,86.0,50.0,50.0,52.143,49.649,position_noise+confidence_error,0.39,trust_weighted_fusion,avoidance,covariance,2.5,1.0,,2,0,44.654,9.886,15.192,uav_2,9.886,False,False,False,False,False,1,"[{""id"": ""obstacle_0"", ""kind"": ""static_obstacle"", ""x"": 50.0, ""y"": 50.0, ""radius"": 5.0}]"
safety_margin_covariance,247,49.4,0,50.587,33.406,94.0,90.0,50.0,50.0,51.821,50.974,false_negative+position_noise+confidence_error,0.305,trust_weighted_fusion,avoidance,covariance,2.5,1.0,,1,0,71.327,7.678,11.604,uav_1,7.678,False,False,False,False,False,1,"[{""id"": ""obstacle_0"", ""kind"": ""static_obstacle"", ""x"": 50.0, ""y"": 50.0, ""radius"": 5.0}]"
safety_margin_covariance,247,49.4,1,57.387,36.973,90.0,94.0,50.0,50.0,51.821,50.974,false_negative+position_noise+confidence_error,0.305,trust_weighted_fusion,avoidance,covariance,2.5,1.0,,3,0,65.694,6.51,9.976,uav_2,6.51,False,False,False,False,False,1,"[{""id"": ""obstacle_0"", ""kind"": ""static_obstacle"", ""x"": 50.0, ""y"": 50.0, ""radius"": 5.0}]"
safety_margin_covariance,247,49.4,2,63.632,38.811,86.0,90.0,50.0,50.0,51.821,50.974,false_negative+position_noise+confidence_error,0.305,trust_weighted_fusion,avoidance,covariance,2.5,1.0,,2,0,55.862,6.51,12.636,uav_1,6.51,False,False,False,False,False,1,"[{""id"": ""obstacle_0"", ""kind"": ""static_obstacle"", ""x"": 50.0, ""y"": 50.0, ""radius"": 5.0}]"
safety_margin_covariance,247,49.4,3,70.015,46.362,90.0,86.0,50.0,50.0,51.821,50.974,false_negative+confidence_error,0.305,trust_weighted_fusion,avoidance,covariance,2.5,1.0,,1,0,44.391,9.887,15.343,uav_2,9.887,False,False,False,False,False,1,"[{""id"": ""obstacle_0"", ""kind"": ""static_obstacle"", ""x"": 50.0, ""y"": 50.0, ""radius"": 5.0}]"
safety_margin_covariance,248,49.6,0,50.567,33.132,94.0,90.0,50.0,50.0,48.509,49.169,false_negative+position_noise+confidence_error,0.356,trust_weighted_fusion,avoidance,covariance,2.5,1.0,,3,0,71.557,8.099,11.878,uav_1,8.099,False,False,False,False,False,1,"[{""id"": ""obstacle_0"", ""kind"": ""static_obstacle"", ""x"": 50.0, ""y"": 50.0, ""radius"": 5.0}]"
safety_margin_covariance,248,49.6,1,57.643,37.072,90.0,94.0,50.0,50.0,48.509,49.169,false_negative+position_noise+confidence_error,0.356,trust_weighted_fusion,avoidance,covariance,2.5,1.0,,2,0,65.481,6.488,10.018,uav_2,6.488,False,False,False,False,False,1,"[{""id"": ""obstacle_0"", ""kind"": ""static_obstacle"", ""x"": 50.0, ""y"": 50.0, ""radius"": 5.0}]"
safety_margin_covariance,248,49.6,2,63.841,38.99,86.0,90.0,50.0,50.0,48.509,49.169,position_noise+confidence_error,0.356,trust_weighted_fusion,avoidance,covariance,2.5,1.0,,4,0,55.615,6.488,12.686,uav_1,6.488,False,False,False,False,False,1,"[{""id"": ""obstacle_0"", ""kind"": ""static_obstacle"", ""x"": 50.0, ""y"": 50.0, ""radius"": 5.0}]"
safety_margin_covariance,248,49.6,3,70.139,46.607,90.0,86.0,50.0,50.0,,,position_noise+confidence_error,,trust_weighted_fusion,move,covariance,2.5,1.0,,1,0,44.116,9.884,15.423,uav_2,9.884,False,False,False,False,False,1,"[{""id"": ""obstacle_0"", ""kind"": ""static_obstacle"", ""x"": 50.0, ""y"": 50.0, ""radius"": 5.0}]"
safety_margin_covariance,249,49.8,0,50.84,33.168,94.0,90.0,50.0,50.0,47.008,48.089,false_negative+position_noise+confidence_error,0.509,trust_weighted_fusion,avoidance,covariance,2.5,1.0,,2,0,71.363,8.118,11.853,uav_1,8.118,False,False,False,False,False,1,"[{""id"": ""obstacle_0"", ""kind"": ""static_obstacle"", ""x"": 50.0, ""y"": 50.0, ""radius"": 5.0}]"
safety_margin_covariance,249,49.8,1,57.891,37.192,90.0,94.0,50.0,50.0,47.008,48.089,false_negative+position_noise+confidence_error,0.509,trust_weighted_fusion,avoidance,covariance,2.5,1.0,,2,0,65.255,6.489,10.044,uav_2,6.489,False,False,False,False,False,1,"[{""id"": ""obstacle_0"", ""kind"": ""static_obstacle"", ""x"": 50.0, ""y"": 50.0, ""radius"": 5.0}]"
safety_margin_covariance,249,49.8,2,64.113,39.032,86.0,90.0,50.0,50.0,47.008,48.089,false_negative+position_noise+confidence_error,0.509,trust_weighted_fusion,avoidance,covariance,2.5,1.0,,3,0,55.469,6.489,12.874,uav_1,6.489,False,False,False,False,False,1,"[{""id"": ""obstacle_0"", ""kind"": ""static_obstacle"", ""x"": 50.0, ""y"": 50.0, ""radius"": 5.0}]"
safety_margin_covariance,249,49.8,3,70.263,46.853,90.0,86.0,50.0,50.0,,,position_noise+confidence_error,,trust_weighted_fusion,move,covariance,2.5,1.0,,1,0,43.841,9.949,15.506,uav_2,9.949,False,False,False,False,False,1,"[{""id"": ""obstacle_0"", ""kind"": ""static_obstacle"", ""x"": 50.0, ""y"": 50.0, ""radius"": 5.0}]"
safety_margin_covariance,250,50.0,0,51.11,33.22,94.0,90.0,50.0,50.0,51.841,50.784,false_negative+position_noise+confidence_error,0.417,trust_weighted_fusion,avoidance,covariance,2.5,1.0,,1,0,71.159,8.124,11.817,uav_1,8.124,False,False,False,False,False,1,"[{""id"": ""obstacle_0"", ""kind"": ""static_obstacle"", ""x"": 50.0, ""y"": 50.0, ""radius"": 5.0}]"
safety_margin_covariance,250,50.0,1,58.157,37.262,90.0,94.0,50.0,50.0,51.841,50.784,false_negative+position_noise+confidence_error,0.417,trust_weighted_fusion,avoidance,covariance,2.5,1.0,,2,0,65.063,6.476,10.126,uav_2,6.476,False,False,False,False,False,1,"[{""id"": ""obstacle_0"", ""kind"": ""static_obstacle"", ""x"": 50.0, ""y"": 50.0, ""radius"": 5.0}]"
safety_margin_covariance,250,50.0,2,64.34,39.188,86.0,90.0,50.0,50.0,51.841,50.784,position_noise+confidence_error,0.417,trust_weighted_fusion,avoidance,covariance,2.5,1.0,,4,0,55.236,6.476,12.959,uav_1,6.476,False,False,False,False,False,1,"[{""id"": ""obstacle_0"", ""kind"": ""static_obstacle"", ""x"": 50.0, ""y"": 50.0, ""radius"": 5.0}]"
safety_margin_covariance,250,50.0,3,70.45,47.055,90.0,86.0,50.0,50.0,51.841,50.784,position_noise+confidence_error,0.417,trust_weighted_fusion,avoidance,covariance,2.5,1.0,,2,0,43.577,9.961,15.661,uav_2,9.961,False,False,False,False,False,1,"[{""id"": ""obstacle_0"", ""kind"": ""static_obstacle"", ""x"": 50.0, ""y"": 50.0, ""radius"": 5.0}]"
safety_margin_covariance,251,50.2,0,51.385,33.218,94.0,90.0,50.0,50.0,50.321,47.869,false_negative+position_noise+confidence_error,0.482,trust_weighted_fusion,avoidance,covariance,2.5,1.0,,3,0,70.995,7.794,11.839,uav_1,7.794,False,False,False,False,False,1,"[{""id"": ""obstacle_0"", ""kind"": ""static_obstacle"", ""x"": 50.0, ""y"": 50.0, ""radius"": 5.0}]"
safety_margin_covariance,251,50.2,1,58.204,36.991,90.0,94.0,50.0,50.0,50.321,47.869,position_noise+confidence_error,0.482,trust_weighted_fusion,avoidance,covariance,2.5,1.0,,3,0,65.276,6.778,10.38,uav_2,6.778,False,False,False,False,False,1,"[{""id"": ""obstacle_0"", ""kind"": ""static_obstacle"", ""x"": 50.0, ""y"": 50.0, ""radius"": 5.0}]"
safety_margin_covariance,251,50.2,2,64.555,39.359,86.0,90.0,50.0,50.0,50.321,47.869,false_negative+position_noise+confidence_error,0.482,trust_weighted_fusion,avoidance,covariance,2.5,1.0,,1,0,54.995,6.778,13.03,uav_1,6.778,False,False,False,False,False,1,"[{""id"": ""obstacle_0"", ""kind"": ""static_obstacle"", ""x"": 50.0, ""y"": 50.0, ""radius"": 5.0}]"
safety_margin_covariance,251,50.2,3,70.573,47.3,90.0,86.0,50.0,50.0,,,position_noise+confidence_error,,trust_weighted_fusion,move,covariance,2.5,1.0,,1,0,43.302,9.964,15.749,uav_2,9.964,False,False,False,False,False,1,"[{""id"": ""obstacle_0"", ""kind"": ""static_obstacle"", ""x"": 50.0, ""y"": 50.0, ""radius"": 5.0}]"
safety_margin_covariance,252,50.4,0,51.654,33.274,94.0,90.0,50.0,50.0,50.226,50.51,false_negative+position_noise+confidence_error,0.0,trust_weighted_fusion,avoidance,covariance,2.5,1.0,,2,0,70.788,7.803,11.808,uav_1,7.803,False,False,False,False,False,1,"[{""id"": ""obstacle_0"", ""kind"": ""static_obstacle"", ""x"": 50.0, ""y"": 50.0, ""radius"": 5.0}]"
safety_margin_covariance,252,50.4,1,58.461,37.09,90.0,94.0,50.0,50.0,50.226,50.51,false_negative+confidence_error,0.0,trust_weighted_fusion,avoidance,covariance,2.5,1.0,,1,0,65.065,6.764,10.436,uav_2,6.764,False,False,False,False,False,1,"[{""id"": ""obstacle_0"", ""kind"": ""static_obstacle"", ""x"": 50.0, ""y"": 50.0, ""radius"": 5.0}]"
safety_margin_covariance,252,50.4,2,64.768,39.533,86.0,90.0,50.0,50.0,50.226,50.51,false_negative+position_noise+confidence_error,0.0,trust_weighted_fusion,avoidance,covariance,2.5,1.0,,3,0,54.751,6.764,13.101,uav_1,6.764,False,False,False,False,False,1,"[{""id"": ""obstacle_0"", ""kind"": ""static_obstacle"", ""x"": 50.0, ""y"": 50.0, ""radius"": 5.0}]"
safety_margin_covariance,252,50.4,3,70.752,47.658,90.0,86.0,50.0,50.0,,,false_negative+confidence_error,,trust_weighted_fusion,move,covariance,0.0,0.0,,0,0,42.902,10.091,15.884,uav_2,10.091,False,False,False,False,False,1,"[{""id"": ""obstacle_0"", ""kind"": ""static_obstacle"", ""x"": 50.0, ""y"": 50.0, ""radius"": 5.0}]"
safety_margin_covariance,253,50.6,0,51.924,33.325,94.0,90.0,50.0,50.0,50.385,50.216,false_negative+position_noise+confidence_error,0.055,trust_weighted_fusion,avoidance,covariance,2.5,1.0,,2,0,70.586,7.815,11.785,uav_1,7.815,False,False,False,False,False,1,"[{""id"": ""obstacle_0"", ""kind"": ""static_obstacle"", ""x"": 50.0, ""y"": 50.0, ""radius"": 5.0}]"
safety_margin_covariance,253,50.6,1,58.718,37.187,90.0,94.0,50.0,50.0,50.385,50.216,false_negative+position_noise+confidence_error,0.055,trust_weighted_fusion,avoidance,covariance,2.5,1.0,,3,0,64.856,6.751,10.498,uav_2,6.751,False,False,False,False,False,1,"[{""id"": ""obstacle_0"", ""kind"": ""static_obstacle"", ""x"": 50.0, ""y"": 50.0, ""radius"": 5.0}]"
safety_margin_covariance,253,50.6,2,64.982,39.706,86.0,90.0,50.0,50.0,50.385,50.216,false_negative+position_noise+confidence_error,0.055,trust_weighted_fusion,avoidance,covariance,2.5,1.0,,3,0,54.51,6.751,13.178,uav_1,6.751,False,False,False,False,False,1,"[{""id"": ""obstacle_0"", ""kind"": ""static_obstacle"", ""x"": 50.0, ""y"": 50.0, ""radius"": 5.0}]"
safety_margin_covariance,253,50.6,3,70.876,47.904,90.0,86.0,50.0,50.0,,,position_noise+confidence_error,,trust_weighted_fusion,move,covariance,2.5,1.0,,1,0,42.627,10.097,15.981,uav_2,10.097,False,False,False,False,False,1,"[{""id"": ""obstacle_0"", ""kind"": ""static_obstacle"", ""x"": 50.0, ""y"": 50.0, ""radius"": 5.0}]"
safety_margin_covariance,254,50.8,0,52.199,33.342,94.0,90.0,50.0,50.0,49.926,48.138,position_noise+confidence_error,0.313,trust_weighted_fusion,avoidance,covariance,2.5,1.0,,3,0,70.409,7.839,11.802,uav_1,7.839,False,False,False,False,False,1,"[{""id"": ""obstacle_0"", ""kind"": ""static_obstacle"", ""x"": 50.0, ""y"": 50.0, ""radius"": 5.0}]"
safety_margin_covariance,254,50.8,1,58.978,37.278,90.0,94.0,50.0,50.0,49.926,48.138,false_negative+position_noise+confidence_error,0.313,trust_weighted_fusion,avoidance,covariance,2.5,1.0,,2,0,64.651,6.737,10.57,uav_2,6.737,False,False,False,False,False,1,"[{""id"": ""obstacle_0"", ""kind"": ""static_obstacle"", ""x"": 50.0, ""y"": 50.0, ""radius"": 5.0}]"
safety_margin_covariance,254,50.8,2,65.189,39.886,86.0,90.0,50.0,50.0,49.926,48.138,false_negative+position_noise+confidence_error,0.313,trust_weighted_fusion,avoidance,covariance,2.5,1.0,,2,0,54.263,6.737,13.248,uav_1,6.737,False,False,False,False,False,1,"[{""id"": ""obstacle_0"", ""kind"": ""static_obstacle"", ""x"": 50.0, ""y"": 50.0, ""radius"": 5.0}]"
safety_margin_covariance,254,50.8,3,70.999,48.149,90.0,86.0,50.0,50.0,,,position_noise+confidence_error,,trust_weighted_fusion,move,covariance,2.5,1.0,,1,0,42.352,10.101,16.081,uav_2,10.101,False,False,False,False,False,1,"[{""id"": ""obstacle_0"", ""kind"": ""static_obstacle"", ""x"": 50.0, ""y"": 50.0, ""radius"": 5.0}]"
safety_margin_covariance,255,51.0,0,52.47,33.387,94.0,90.0,50.0,50.0,51.526,50.092,position_noise+confidence_error,0.263,trust_weighted_fusion,avoidance,covariance,2.5,1.0,,3,0,70.212,7.85,11.795,uav_1,7.85,False,False,False,False,False,1,"[{""id"": ""obstacle_0"", ""kind"": ""static_obstacle"", ""x"": 50.0, ""y"": 50.0, ""radius"": 5.0}]"
safety_margin_covariance,255,51.0,1,59.239,37.363,90.0,94.0,50.0,50.0,51.526,50.092,false_negative+position_noise+confidence_error,0.263,trust_weighted_fusion,avoidance,covariance,2.5,1.0,,1,0,64.451,6.729,10.654,uav_2,6.729,False,False,False,False,False,1,"[{""id"": ""obstacle_0"", ""kind"": ""static_obstacle"", ""x"": 50.0, ""y"": 50.0, ""radius"": 5.0}]"
safety_margin_covariance,255,51.0,2,65.406,40.055,86.0,90.0,50.0,50.0,51.526,50.092,false_negative+position_noise+confidence_error,0.263,trust_weighted_fusion,avoidance,covariance,2.5,1.0,,3,0,54.024,6.729,13.337,uav_1,6.729,False,False,False,False,False,1,"[{""id"": ""obstacle_0"", ""kind"": ""static_obstacle"", ""x"": 50.0, ""y"": 50.0, ""radius"": 5.0}]"
safety_margin_covariance,255,51.0,3,71.175,48.361,90.0,86.0,50.0,50.0,51.526,50.092,false_negative+confidence_error,0.263,trust_weighted_fusion,avoidance,covariance,2.5,1.0,,1,0,42.084,10.113,16.238,uav_2,10.113,False,False,False,False,False,1,"[{""id"": ""obstacle_0"", ""kind"": ""static_obstacle"", ""x"": 50.0, ""y"": 50.0, ""radius"": 5.0}]"
safety_margin_covariance,256,51.2,0,52.732,33.472,94.0,90.0,50.0,50.0,50.439,52.243,dropout+confidence_error,0.0,trust_weighted_fusion,avoidance,covariance,2.5,1.0,,1,0,69.989,7.847,11.752,uav_1,7.847,False,False,False,False,False,1,"[{""id"": ""obstacle_0"", ""kind"": ""static_obstacle"", ""x"": 50.0, ""y"": 50.0, ""radius"": 5.0}]"
safety_margin_covariance,256,51.2,1,59.427,37.564,90.0,94.0,50.0,50.0,50.439,52.243,false_negative+position_noise+confidence_error,0.0,trust_weighted_fusion,avoidance,covariance,2.5,1.0,,3,0,64.185,6.739,10.605,uav_2,6.739,False,False,False,False,False,1,"[{""id"": ""obstacle_0"", ""kind"": ""static_obstacle"", ""x"": 50.0, ""y"": 50.0, ""radius"": 5.0}]"
safety_margin_covariance,256,51.2,2,65.613,40.236,86.0,90.0,50.0,50.0,50.439,52.243,false_negative+position_noise+confidence_error,0.0,trust_weighted_fusion,avoidance,covariance,2.5,1.0,,2,0,53.778,6.739,13.415,uav_1,6.739,False,False,False,False,False,1,"[{""id"": ""obstacle_0"", ""kind"": ""static_obstacle"", ""x"": 50.0, ""y"": 50.0, ""radius"": 5.0}]"
safety_margin_covariance,256,51.2,3,71.298,48.607,90.0,86.0,50.0,50.0,,,position_noise+confidence_error,,trust_weighted_fusion,move,covariance,2.5,1.0,,1,0,41.809,10.119,16.343,uav_2,10.119,False,False,False,False,False,1,"[{""id"": ""obstacle_0"", ""kind"": ""static_obstacle"", ""x"": 50.0, ""y"": 50.0, ""radius"": 5.0}]"
safety_margin_covariance,257,51.4,0,53.007,33.473,94.0,90.0,50.0,50.0,50.31,47.263,dropout+confidence_error,0.192,trust_weighted_fusion,avoidance,covariance,2.5,1.0,,1,0,69.826,7.881,11.798,uav_1,7.881,False,False,False,False,False,1,"[{""id"": ""obstacle_0"", ""kind"": ""static_obstacle"", ""x"": 50.0, ""y"": 50.0, ""radius"": 5.0}]"
safety_margin_covariance,257,51.4,1,59.686,37.656,90.0,94.0,50.0,50.0,50.31,47.263,false_negative+position_noise+confidence_error,0.192,trust_weighted_fusion,avoidance,covariance,2.5,1.0,,3,0,63.981,6.725,10.691,uav_2,6.725,False,False,False,False,False,1,"[{""id"": ""obstacle_0"", ""kind"": ""static_obstacle"", ""x"": 50.0, ""y"": 50.0, ""radius"": 5.0}]"
safety_margin_covariance,257,51.4,2,65.816,40.422,86.0,90.0,50.0,50.0,50.31,47.263,false_negative+position_noise+confidence_error,0.192,trust_weighted_fusion,avoidance,covariance,2.5,1.0,,3,0,53.529,6.725,13.49,uav_1,6.725,False,False,False,False,False,1,"[{""id"": ""obstacle_0"", ""kind"": ""static_obstacle"", ""x"": 50.0, ""y"": 50.0, ""radius"": 5.0}]"
safety_margin_covariance,257,51.4,3,71.421,48.853,90.0,86.0,50.0,50.0,,,position_noise+confidence_error,,trust_weighted_fusion,move,covariance,2.5,1.0,,1,0,41.534,10.124,16.452,uav_2,10.124,False,False,False,False,False,1,"[{""id"": ""obstacle_0"", ""kind"": ""static_obstacle"", ""x"": 50.0, ""y"": 50.0, ""radius"": 5.0}]"
safety_margin_covariance,258,51.6,0,53.279,33.515,94.0,90.0,50.0,50.0,50.015,48.875,dropout+confidence_error,0.552,trust_weighted_fusion,avoidance,covariance,2.5,1.0,,1,0,69.633,7.901,11.808,uav_1,7.901,False,False,False,False,False,1,"[{""id"": ""obstacle_0"", ""kind"": ""static_obstacle"", ""x"": 50.0, ""y"": 50.0, ""radius"": 5.0}]"
safety_margin_covariance,258,51.6,1,59.939,37.765,90.0,94.0,50.0,50.0,50.015,48.875,false_negative+position_noise+confidence_error,0.552,trust_weighted_fusion,avoidance,covariance,2.5,1.0,,2,0,63.765,6.711,10.763,uav_2,6.711,False,False,False,False,False,1,"[{""id"": ""obstacle_0"", ""kind"": ""static_obstacle"", ""x"": 50.0, ""y"": 50.0, ""radius"": 5.0}]"
safety_margin_covariance,258,51.6,2,66.017,40.609,86.0,90.0,50.0,50.0,50.015,48.875,position_noise+confidence_error,0.552,trust_weighted_fusion,avoidance,covariance,2.5,1.0,,4,0,53.28,6.711,13.567,uav_1,6.711,False,False,False,False,False,1,"[{""id"": ""obstacle_0"", ""kind"": ""static_obstacle"", ""x"": 50.0, ""y"": 50.0, ""radius"": 5.0}]"
safety_margin_covariance,258,51.6,3,71.6,49.211,90.0,86.0,50.0,50.0,,,false_negative+confidence_error,,trust_weighted_fusion,move,covariance,0.0,0.0,,0,0,41.134,10.254,16.614,uav_2,10.254,False,False,False,False,False,1,"[{""id"": ""obstacle_0"", ""kind"": ""static_obstacle"", ""x"": 50.0, ""y"": 50.0, ""radius"": 5.0}]"
safety_margin_covariance,259,51.8,0,53.551,33.553,94.0,90.0,50.0,50.0,51.245,49.265,dropout+confidence_error,0.272,trust_weighted_fusion,avoidance,covariance,2.5,1.0,,1,0,69.443,7.564,11.826,uav_1,7.564,False,False,False,False,False,1,"[{""id"": ""obstacle_0"", ""kind"": ""static_obstacle"", ""x"": 50.0, ""y"": 50.0, ""radius"": 5.0}]"
safety_margin_covariance,259,51.8,1,60.005,37.498,90.0,94.0,50.0,50.0,51.245,49.265,false_negative+position_noise+confidence_error,0.272,trust_weighted_fusion,avoidance,covariance,2.5,1.0,,3,0,63.97,7.038,11.012,uav_2,7.038,False,False,False,False,False,1,"[{""id"": ""obstacle_0"", ""kind"": ""static_obstacle"", ""x"": 50.0, ""y"": 50.0, ""radius"": 5.0}]"
safety_margin_covariance,259,51.8,2,66.225,40.789,86.0,90.0,50.0,50.0,51.245,49.265,false_negative+position_noise+confidence_error,0.272,trust_weighted_fusion,avoidance,covariance,2.5,1.0,,3,0,53.035,7.038,13.657,uav_1,7.038,False,False,False,False,False,1,"[{""id"": ""obstacle_0"", ""kind"": ""static_obstacle"", ""x"": 50.0, ""y"": 50.0, ""radius"": 5.0}]"
safety_margin_covariance,259,51.8,3,71.723,49.457,90.0,86.0,50.0,50.0,,,position_noise+confidence_error,,trust_weighted_fusion,move,covariance,2.5,1.0,,1,0,40.859,10.264,16.73,uav_2,10.264,False,False,False,False,False,1,"[{""id"": ""obstacle_0"", ""kind"": ""static_obstacle"", ""x"": 50.0, ""y"": 50.0, ""radius"": 5.0}]"
safety_margin_covariance,260,52.0,0,53.825,33.532,94.0,90.0,50.0,50.0,51.383,46.564,dropout+confidence_error,0.354,trust_weighted_fusion,avoidance,covariance,2.5,1.0,,1,0,69.301,7.617,11.906,uav_1,7.617,False,False,False,False,False,1,"[{""id"": ""obstacle_0"", ""kind"": ""static_obstacle"", ""x"": 50.0, ""y"": 50.0, ""radius"": 5.0}]"
safety_margin_covariance,260,52.0,1,60.248,37.626,90.0,94.0,50.0,50.0,51.383,46.564,position_noise+confidence_error,0.354,trust_weighted_fusion,avoidance,covariance,2.5,1.0,,3,0,63.743,7.008,11.067,uav_2,7.008,False,False,False,False,False,1,"[{""id"": ""obstacle_0"", ""kind"": ""static_obstacle"", ""x"": 50.0, ""y"": 50.0, ""radius"": 5.0}]"
safety_margin_covariance,260,52.0,2,66.382,41.015,86.0,90.0,50.0,50.0,51.383,46.564,false_negative+position_noise+confidence_error,0.354,trust_weighted_fusion,avoidance,covariance,2.5,1.0,,3,0,52.767,7.008,13.684,uav_1,7.008,False,False,False,False,False,1,"[{""id"": ""obstacle_0"", ""kind"": ""static_obstacle"", ""x"": 50.0, ""y"": 50.0, ""radius"": 5.0}]"
safety_margin_covariance,260,52.0,3,71.902,49.814,90.0,86.0,50.0,50.0,,,false_negative+confidence_error,,trust_weighted_fusion,move,covariance,0.0,0.0,,0,0,40.459,10.387,16.903,uav_2,10.387,False,False,False,False,False,1,"[{""id"": ""obstacle_0"", ""kind"": ""static_obstacle"", ""x"": 50.0, ""y"": 50.0, ""radius"": 5.0}]"
safety_margin_covariance,261,52.2,0,54.089,33.61,94.0,90.0,50.0,50.0,50.856,51.193,false_negative+position_noise+confidence_error,0.162,trust_weighted_fusion,avoidance,covariance,2.5,1.0,,3,0,69.085,7.626,11.893,uav_1,7.626,False,False,False,False,False,1,"[{""id"": ""obstacle_0"", ""kind"": ""static_obstacle"", ""x"": 50.0, ""y"": 50.0, ""radius"": 5.0}]"
safety_margin_covariance,261,52.2,1,60.496,37.746,90.0,94.0,50.0,50.0,50.856,51.193,false_negative+confidence_error,0.162,trust_weighted_fusion,avoidance,covariance,2.5,1.0,,1,0,63.522,7.001,11.134,uav_2,7.001,False,False,False,False,False,1,"[{""id"": ""obstacle_0"", ""kind"": ""static_obstacle"", ""x"": 50.0, ""y"": 50.0, ""radius"": 5.0}]"
safety_margin_covariance,261,52.2,2,66.585,41.201,86.0,90.0,50.0,50.0,50.856,51.193,position_noise+confidence_error,0.162,trust_weighted_fusion,avoidance,covariance,2.5,1.0,,4,0,52.52,7.001,13.775,uav_1,7.001,False,False,False,False,False,1,"[{""id"": ""obstacle_0"", ""kind"": ""static_obstacle"", ""x"": 50.0, ""y"": 50.0, ""radius"": 5.0}]"
safety_margin_covariance,261,52.2,3,72.025,50.06,90.0,86.0,50.0,50.0,,,position_noise+confidence_error,,trust_weighted_fusion,move,covariance,2.5,1.0,,1,0,40.184,10.396,17.025,uav_2,10.396,False,False,False,False,False,1,"[{""id"": ""obstacle_0"", ""kind"": ""static_obstacle"", ""x"": 50.0, ""y"": 50.0, ""radius"": 5.0}]"
safety_margin_covariance,262,52.4,0,54.359,33.659,94.0,90.0,50.0,50.0,50.339,48.878,false_negative+position_noise+confidence_error,0.364,trust_weighted_fusion,avoidance,covariance,2.5,1.0,,2,0,68.889,7.603,11.912,uav_1,7.603,False,False,False,False,False,1,"[{""id"": ""obstacle_0"", ""kind"": ""static_obstacle"", ""x"": 50.0, ""y"": 50.0, ""radius"": 5.0}]"
safety_margin_covariance,262,52.4,1,60.602,38.0,90.0,94.0,50.0,50.0,50.339,48.878,false_negative+position_noise+confidence_error,0.364,trust_weighted_fusion,avoidance,covariance,2.5,1.0,,2,0,63.248,7.05,11.013,uav_2,7.05,False,False,False,False,False,1,"[{""id"": ""obstacle_0"", ""kind"": ""static_obstacle"", ""x"": 50.0, ""y"": 50.0, ""radius"": 5.0}]"
safety_margin_covariance,262,52.4,2,66.781,41.393,86.0,90.0,50.0,50.0,50.339,48.878,false_negative+position_noise+confidence_error,0.364,trust_weighted_fusion,avoidance,covariance,2.5,1.0,,3,0,52.268,7.05,13.86,uav_1,7.05,False,False,False,False,False,1,"[{""id"": ""obstacle_0"", ""kind"": ""static_obstacle"", ""x"": 50.0, ""y"": 50.0, ""radius"": 5.0}]"
safety_margin_covariance,262,52.4,3,72.204,50.418,90.0,86.0,50.0,50.0,,,false_negative+confidence_error,,trust_weighted_fusion,move,covariance,0.0,0.0,,0,0,39.784,10.529,17.208,uav_2,10.529,False,False,False,False,False,1,"[{""id"": ""obstacle_0"", ""kind"": ""static_obstacle"", ""x"": 50.0, ""y"": 50.0, ""radius"": 5.0}]"
safety_margin_covariance,263,52.6,0,54.632,33.692,94.0,90.0,50.0,50.0,52.7,49.237,false_negative+position_noise+confidence_error,0.379,trust_weighted_fusion,avoidance,covariance,2.5,1.0,,2,0,68.705,7.622,11.953,uav_1,7.622,False,False,False,False,False,1,"[{""id"": ""obstacle_0"", ""kind"": ""static_obstacle"", ""x"": 50.0, ""y"": 50.0, ""radius"": 5.0}]"
safety_margin_covariance,263,52.6,1,60.865,38.079,90.0,94.0,50.0,50.0,52.7,49.237,position_noise+confidence_error,0.379,trust_weighted_fusion,avoidance,covariance,2.5,1.0,,3,0,63.055,7.017,11.129,uav_2,7.017,False,False,False,False,False,1,"[{""id"": ""obstacle_0"", ""kind"": ""static_obstacle"", ""x"": 50.0, ""y"": 50.0, ""radius"": 5.0}]"
safety_margin_covariance,263,52.6,2,66.915,41.633,86.0,90.0,50.0,50.0,52.7,49.237,false_negative+position_noise+confidence_error,0.379,trust_weighted_fusion,avoidance,covariance,2.5,1.0,,3,0,51.996,7.017,13.871,uav_1,7.017,False,False,False,False,False,1,"[{""id"": ""obstacle_0"", ""kind"": ""static_obstacle"", ""x"": 50.0, ""y"": 50.0, ""radius"": 5.0}]"
safety_margin_covariance,263,52.6,3,72.367,50.639,90.0,86.0,50.0,50.0,52.7,49.237,position_noise+confidence_error,0.379,trust_weighted_fusion,avoidance,covariance,2.5,1.0,,2,0,39.513,10.528,17.376,uav_2,10.528,False,False,False,False,False,1,"[{""id"": ""obstacle_0"", ""kind"": ""static_obstacle"", ""x"": 50.0, ""y"": 50.0, ""radius"": 5.0}]"
safety_margin_covariance,264,52.8,0,54.907,33.69,94.0,90.0,50.0,50.0,52.775,47.592,false_negative+position_noise+confidence_error,0.3,trust_weighted_fusion,avoidance,covariance,2.5,1.0,,2,0,68.55,7.675,12.032,uav_1,7.675,False,False,False,False,False,1,"[{""id"": ""obstacle_0"", ""kind"": ""static_obstacle"", ""x"": 50.0, ""y"": 50.0, ""radius"": 5.0}]"
safety_margin_covariance,264,52.8,1,61.078,38.254,90.0,94.0,50.0,50.0,52.775,47.592,false_negative+position_noise+confidence_error,0.3,trust_weighted_fusion,avoidance,covariance,2.5,1.0,,2,0,62.802,7.015,11.146,uav_2,7.015,False,False,False,False,False,1,"[{""id"": ""obstacle_0"", ""kind"": ""static_obstacle"", ""x"": 50.0, ""y"": 50.0, ""radius"": 5.0}]"
safety_margin_covariance,264,52.8,2,67.123,41.814,86.0,90.0,50.0,50.0,52.775,47.592,false_negative+position_noise+confidence_error,0.3,trust_weighted_fusion,avoidance,covariance,2.5,1.0,,3,0,51.752,7.015,13.979,uav_1,7.015,False,False,False,False,False,1,"[{""id"": ""obstacle_0"", ""kind"": ""static_obstacle"", ""x"": 50.0, ""y"": 50.0, ""radius"": 5.0}]"
safety_margin_covariance,264,52.8,3,72.521,50.867,90.0,86.0,50.0,50.0,52.775,47.592,false_negative+confidence_error,0.3,trust_weighted_fusion,avoidance,covariance,2.5,1.0,,1,0,39.241,10.541,17.538,uav_2,10.541,False,False,False,False,False,1,"[{""id"": ""obstacle_0"", ""kind"": ""static_obstacle"", ""x"": 50.0, ""y"": 50.0, ""radius"": 5.0}]"
safety_margin_covariance,265,53.0,0,55.167,33.781,94.0,90.0,50.0,50.0,50.054,51.167,false_negative+position_noise+confidence_error,0.324,trust_weighted_fusion,avoidance,covariance,2.5,1.0,,1,0,68.327,7.195,12.022,uav_1,7.195,False,False,False,False,False,1,"[{""id"": ""obstacle_0"", ""kind"": ""static_obstacle"", ""x"": 50.0, ""y"": 50.0, ""radius"": 5.0}]"
safety_margin_covariance,265,53.0,1,61.004,37.989,90.0,94.0,50.0,50.0,50.054,51.167,false_negative+position_noise+confidence_error,0.324,trust_weighted_fusion,avoidance,covariance,2.5,1.0,,2,0,63.072,7.195,11.289,uav_0,7.195,False,False,False,False,False,1,"[{""id"": ""obstacle_0"", ""kind"": ""static_obstacle"", ""x"": 50.0, ""y"": 50.0, ""radius"": 5.0}]"
safety_margin_covariance,265,53.0,2,67.315,42.01,86.0,90.0,50.0,50.0,50.054,51.167,false_negative+position_noise+confidence_error,0.324,trust_weighted_fusion,avoidance,covariance,2.5,1.0,,3,0,51.499,7.484,14.07,uav_1,7.484,False,False,False,False,False,1,"[{""id"": ""obstacle_0"", ""kind"": ""static_obstacle"", ""x"": 50.0, ""y"": 50.0, ""radius"": 5.0}]"
safety_margin_covariance,265,53.0,3,72.644,51.113,90.0,86.0,50.0,50.0,,,position_noise+confidence_error,,trust_weighted_fusion,move,covariance,2.5,1.0,,1,0,38.966,10.548,17.671,uav_2,10.548,False,False,False,False,False,1,"[{""id"": ""obstacle_0"", ""kind"": ""static_obstacle"", ""x"": 50.0, ""y"": 50.0, ""radius"": 5.0}]"
safety_margin_covariance,266,53.2,0,55.423,33.88,94.0,90.0,50.0,50.0,48.309,50.438,false_negative+position_noise+confidence_error,0.42,trust_weighted_fusion,avoidance,covariance,2.5,1.0,,2,0,68.1,6.679,12.008,uav_1,6.679,False,False,False,False,False,1,"[{""id"": ""obstacle_0"", ""kind"": ""static_obstacle"", ""x"": 50.0, ""y"": 50.0, ""radius"": 5.0}]"
safety_margin_covariance,266,53.2,1,60.867,37.75,90.0,94.0,50.0,50.0,48.309,50.438,false_negative+position_noise+confidence_error,0.42,trust_weighted_fusion,avoidance,covariance,2.5,1.0,,2,0,63.346,6.679,11.375,uav_0,6.679,False,False,False,False,False,1,"[{""id"": ""obstacle_0"", ""kind"": ""static_obstacle"", ""x"": 50.0, ""y"": 50.0, ""radius"": 5.0}]"
safety_margin_covariance,266,53.2,2,67.415,42.266,86.0,90.0,50.0,50.0,,,false_negative+position_noise+confidence_error,,trust_weighted_fusion,move,covariance,2.5,1.0,,2,0,51.224,7.955,14.055,uav_1,7.955,False,False,False,False,False,1,"[{""id"": ""obstacle_0"", ""kind"": ""static_obstacle"", ""x"": 50.0, ""y"": 50.0, ""radius"": 5.0}]"
safety_margin_covariance,266,53.2,3,72.766,51.359,90.0,86.0,50.0,50.0,,,position_noise+confidence_error,,trust_weighted_fusion,move,covariance,2.5,1.0,,1,0,38.691,10.551,17.807,uav_2,10.551,False,False,False,False,False,1,"[{""id"": ""obstacle_0"", ""kind"": ""static_obstacle"", ""x"": 50.0, ""y"": 50.0, ""radius"": 5.0}]"
safety_margin_covariance,267,53.4,0,55.691,33.943,94.0,90.0,50.0,50.0,48.194,46.201,false_negative+position_noise+confidence_error,0.277,trust_weighted_fusion,avoidance,covariance,2.5,1.0,,2,0,67.897,6.7,12.035,uav_1,6.7,False,False,False,False,False,1,"[{""id"": ""obstacle_0"", ""kind"": ""static_obstacle"", ""x"": 50.0, ""y"": 50.0, ""radius"": 5.0}]"
safety_margin_covariance,267,53.4,1,61.099,37.898,90.0,94.0,50.0,50.0,48.194,46.201,false_negative+position_noise+confidence_error,0.277,trust_weighted_fusion,avoidance,covariance,2.5,1.0,,3,0,63.109,6.7,11.421,uav_0,6.7,False,False,False,False,False,1,"[{""id"": ""obstacle_0"", ""kind"": ""static_obstacle"", ""x"": 50.0, ""y"": 50.0, ""radius"": 5.0}]"
safety_margin_covariance,267,53.4,2,67.586,42.482,86.0,90.0,50.0,50.0,48.194,46.201,position_noise+confidence_error,0.277,trust_weighted_fusion,avoidance,covariance,2.5,1.0,,4,0,50.961,7.943,14.125,uav_1,7.943,False,False,False,False,False,1,"[{""id"": ""obstacle_0"", ""kind"": ""static_obstacle"", ""x"": 50.0, ""y"": 50.0, ""radius"": 5.0}]"
safety_margin_covariance,267,53.4,3,72.945,51.717,90.0,86.0,50.0,50.0,,,false_negative+confidence_error,,trust_weighted_fusion,move,covariance,0.0,0.0,,0,0,38.291,10.678,18.009,uav_2,10.678,False,False,False,False,False,1,"[{""id"": ""obstacle_0"", ""kind"": ""static_obstacle"", ""x"": 50.0, ""y"": 50.0, ""radius"": 5.0}]"
safety_margin_covariance,268,53.6,0,55.96,34.001,94.0,90.0,50.0,50.0,49.097,46.717,false_negative+confidence_error,0.452,trust_weighted_fusion,avoidance,covariance,2.5,1.0,,1,0,67.698,6.723,12.073,uav_1,6.723,False,False,False,False,False,1,"[{""id"": ""obstacle_0"", ""kind"": ""static_obstacle"", ""x"": 50.0, ""y"": 50.0, ""radius"": 5.0}]"
safety_margin_covariance,268,53.6,1,61.336,38.038,90.0,94.0,50.0,50.0,49.097,46.717,position_noise+confidence_error,0.452,trust_weighted_fusion,avoidance,covariance,2.5,1.0,,3,0,62.876,6.723,11.48,uav_0,6.723,False,False,False,False,False,1,"[{""id"": ""obstacle_0"", ""kind"": ""static_obstacle"", ""x"": 50.0, ""y"": 50.0, ""radius"": 5.0}]"
safety_margin_covariance,268,53.6,2,67.76,42.694,86.0,90.0,50.0,50.0,49.097,46.717,false_negative+position_noise+confidence_error,0.452,trust_weighted_fusion,avoidance,covariance,2.5,1.0,,4,0,50.7,7.935,14.204,uav_1,7.935,False,False,False,False,False,1,"[{""id"": ""obstacle_0"", ""kind"": ""static_obstacle"", ""x"": 50.0, ""y"": 50.0, ""radius"": 5.0}]"
safety_margin_covariance,268,53.6,3,73.067,51.964,90.0,86.0,50.0,50.0,,,position_noise+confidence_error,,trust_weighted_fusion,move,covariance,2.5,1.0,,1,0,38.016,10.681,18.151,uav_2,10.681,False,False,False,False,False,1,"[{""id"": ""obstacle_0"", ""kind"": ""static_obstacle"", ""x"": 50.0, ""y"": 50.0, ""radius"": 5.0}]"
safety_margin_covariance,269,53.8,0,56.045,33.739,94.0,90.0,50.0,50.0,50.403,49.817,position_noise+confidence_error,0.264,trust_weighted_fusion,avoidance,covariance,2.5,1.0,,3,0,67.866,7.087,12.348,uav_1,7.087,False,False,False,False,False,1,"[{""id"": ""obstacle_0"", ""kind"": ""static_obstacle"", ""x"": 50.0, ""y"": 50.0, ""radius"": 5.0}]"
safety_margin_covariance,269,53.8,1,61.577,38.169,90.0,94.0,50.0,50.0,50.403,49.817,position_noise+confidence_error,0.264,trust_weighted_fusion,avoidance,covariance,2.5,1.0,,3,0,62.649,7.087,11.553,uav_0,7.087,False,False,False,False,False,1,"[{""id"": ""obstacle_0"", ""kind"": ""static_obstacle"", ""x"": 50.0, ""y"": 50.0, ""radius"": 5.0}]"
safety_margin_covariance,269,53.8,2,67.948,42.896,86.0,90.0,50.0,50.0,50.403,49.817,false_negative+position_noise+confidence_error,0.264,trust_weighted_fusion,avoidance,covariance,2.5,1.0,,4,0,50.445,7.932,14.303,uav_1,7.932,False,False,False,False,False,1,"[{""id"": ""obstacle_0"", ""kind"": ""static_obstacle"", ""x"": 50.0, ""y"": 50.0, ""radius"": 5.0}]"
safety_margin_covariance,269,53.8,3,73.19,52.21,90.0,86.0,50.0,50.0,,,position_noise+confidence_error,,trust_weighted_fusion,move,covariance,2.5,1.0,,1,0,37.741,10.688,18.295,uav_2,10.688,False,False,False,False,False,1,"[{""id"": ""obstacle_0"", ""kind"": ""static_obstacle"", ""x"": 50.0, ""y"": 50.0, ""radius"": 5.0}]"
safety_margin_covariance,270,54.0,0,56.306,33.827,94.0,90.0,50.0,50.0,49.758,49.559,false_negative+position_noise+confidence_error,0.179,trust_weighted_fusion,avoidance,covariance,2.5,1.0,,2,0,67.648,7.102,12.359,uav_1,7.102,False,False,False,False,False,1,"[{""id"": ""obstacle_0"", ""kind"": ""static_obstacle"", ""x"": 50.0, ""y"": 50.0, ""radius"": 5.0}]"
safety_margin_covariance,270,54.0,1,61.813,38.31,90.0,94.0,50.0,50.0,49.758,49.559,false_negative+position_noise+confidence_error,0.179,trust_weighted_fusion,avoidance,covariance,2.5,1.0,,3,0,62.417,7.102,11.619,uav_0,7.102,False,False,False,False,False,1,"[{""id"": ""obstacle_0"", ""kind"": ""static_obstacle"", ""x"": 50.0, ""y"": 50.0, ""radius"": 5.0}]"
safety_margin_covariance,270,54.0,2,68.13,43.102,86.0,90.0,50.0,50.0,49.758,49.559,false_negative+position_noise+confidence_error,0.179,trust_weighted_fusion,avoidance,covariance,2.5,1.0,,2,0,50.187,7.928,14.398,uav_1,7.928,False,False,False,False,False,1,"[{""id"": ""obstacle_0"", ""kind"": ""static_obstacle"", ""x"": 50.0, ""y"": 50.0, ""radius"": 5.0}]"
safety_margin_covariance,270,54.0,3,73.368,52.568,90.0,86.0,50.0,50.0,,,false_negative+confidence_error,,trust_weighted_fusion,move,covariance,0.0,0.0,,0,0,37.341,10.819,18.508,uav_2,10.819,False,False,False,False,False,1,"[{""id"": ""obstacle_0"", ""kind"": ""static_obstacle"", ""x"": 50.0, ""y"": 50.0, ""radius"": 5.0}]"
safety_margin_covariance,271,54.2,0,56.459,34.056,94.0,90.0,50.0,50.0,50.056,55.912,position_noise+confidence_error,0.218,trust_weighted_fusion,move,covariance,2.5,1.0,,2,0,67.373,7.114,12.203,uav_1,7.114,False,False,False,False,False,1,"[{""id"": ""obstacle_0"", ""kind"": ""static_obstacle"", ""x"": 50.0, ""y"": 50.0, ""radius"": 5.0}]"
safety_margin_covariance,271,54.2,1,62.037,38.47,90.0,94.0,50.0,50.0,49.364,53.872,false_negative+position_noise+confidence_error,0.255,trust_weighted_fusion,avoidance,covariance,2.5,1.0,,2,0,62.173,7.114,11.668,uav_0,7.114,False,False,False,False,False,1,"[{""id"": ""obstacle_0"", ""kind"": ""static_obstacle"", ""x"": 50.0, ""y"": 50.0, ""radius"": 5.0}]"
safety_margin_covariance,271,54.2,2,68.228,43.359,86.0,90.0,50.0,50.0,48.222,50.505,position_noise+confidence_error,0.132,trust_weighted_fusion,move,covariance,2.5,1.0,,3,0,49.912,7.888,14.4,uav_1,7.888,False,False,False,False,False,1,"[{""id"": ""obstacle_0"", ""kind"": ""static_obstacle"", ""x"": 50.0, ""y"": 50.0, ""radius"": 5.0}]"
safety_margin_covariance,271,54.2,3,73.546,52.926,90.0,86.0,50.0,50.0,,,false_negative+confidence_error,,trust_weighted_fusion,move,covariance,0.0,0.0,,0,0,36.941,10.946,18.727,uav_2,10.946,False,False,False,False,False,1,"[{""id"": ""obstacle_0"", ""kind"": ""static_obstacle"", ""x"": 50.0, ""y"": 50.0, ""radius"": 5.0}]"
safety_margin_covariance,272,54.4,0,56.721,34.139,94.0,90.0,50.0,50.0,48.978,48.003,position_noise+confidence_error,0.255,trust_weighted_fusion,avoidance,covariance,2.5,1.0,,2,0,67.158,7.131,12.226,uav_1,7.131,False,False,False,False,False,1,"[{""id"": ""obstacle_0"", ""kind"": ""static_obstacle"", ""x"": 50.0, ""y"": 50.0, ""radius"": 5.0}]"
safety_margin_covariance,272,54.4,1,62.266,38.623,90.0,94.0,50.0,50.0,48.978,48.003,position_noise+confidence_error,0.255,trust_weighted_fusion,avoidance,covariance,2.5,1.0,,3,0,61.934,7.131,11.73,uav_0,7.131,False,False,False,False,False,1,"[{""id"": ""obstacle_0"", ""kind"": ""static_obstacle"", ""x"": 50.0, ""y"": 50.0, ""radius"": 5.0}]"
safety_margin_covariance,272,54.4,2,68.399,43.574,86.0,90.0,50.0,50.0,48.978,48.003,false_negative+position_noise+confidence_error,0.255,trust_weighted_fusion,avoidance,covariance,2.5,1.0,,3,0,49.651,7.882,14.489,uav_1,7.882,False,False,False,False,False,1,"[{""id"": ""obstacle_0"", ""kind"": ""static_obstacle"", ""x"": 50.0, ""y"": 50.0, ""radius"": 5.0}]"
safety_margin_covariance,272,54.4,3,73.668,53.172,90.0,86.0,50.0,50.0,,,position_noise+confidence_error,,trust_weighted_fusion,move,covariance,2.5,1.0,,1,0,36.666,10.95,18.88,uav_2,10.95,False,False,False,False,False,1,"[{""id"": ""obstacle_0"", ""kind"": ""static_obstacle"", ""x"": 50.0, ""y"": 50.0, ""radius"": 5.0}]"
safety_margin_covariance,273,54.6,0,56.861,33.902,94.0,90.0,50.0,50.0,51.041,50.55,position_noise+confidence_error,0.221,trust_weighted_fusion,avoidance,covariance,2.5,1.0,,2,0,67.278,7.446,12.499,uav_1,7.446,False,False,False,False,False,1,"[{""id"": ""obstacle_0"", ""kind"": ""static_obstacle"", ""x"": 50.0, ""y"": 50.0, ""radius"": 5.0}]"
safety_margin_covariance,273,54.6,1,62.504,38.76,90.0,94.0,50.0,50.0,51.041,50.55,false_negative+position_noise+confidence_error,0.221,trust_weighted_fusion,avoidance,covariance,2.5,1.0,,2,0,61.705,7.446,11.813,uav_0,7.446,False,False,False,False,False,1,"[{""id"": ""obstacle_0"", ""kind"": ""static_obstacle"", ""x"": 50.0, ""y"": 50.0, ""radius"": 5.0}]"
safety_margin_covariance,273,54.6,2,68.586,43.776,86.0,90.0,50.0,50.0,51.041,50.55,false_negative+position_noise+confidence_error,0.221,trust_weighted_fusion,avoidance,covariance,2.5,1.0,,3,0,49.396,7.883,14.6,uav_1,7.883,False,False,False,False,False,1,"[{""id"": ""obstacle_0"", ""kind"": ""static_obstacle"", ""x"": 50.0, ""y"": 50.0, ""radius"": 5.0}]"
safety_margin_covariance,273,54.6,3,73.791,53.419,90.0,86.0,50.0,50.0,,,position_noise+confidence_error,,trust_weighted_fusion,move,covariance,2.5,1.0,,1,0,36.391,10.958,19.035,uav_2,10.958,False,False,False,False,False,1,"[{""id"": ""obstacle_0"", ""kind"": ""static_obstacle"", ""x"": 50.0, ""y"": 50.0, ""radius"": 5.0}]"
safety_margin_covariance,274,54.8,0,57.082,34.236,94.0,90.0,50.0,50.0,,,false_negative+confidence_error,,trust_weighted_fusion,move,covariance,0.0,0.0,,0,0,66.878,7.315,12.282,uav_1,7.315,False,False,False,False,False,1,"[{""id"": ""obstacle_0"", ""kind"": ""static_obstacle"", ""x"": 50.0, ""y"": 50.0, ""radius"": 5.0}]"
safety_margin_covariance,274,54.8,1,62.627,39.006,90.0,94.0,50.0,50.0,,,false_negative+position_noise+confidence_error,,trust_weighted_fusion,move,covariance,2.5,1.0,,2,0,61.43,7.315,11.742,uav_0,7.315,False,False,False,False,False,1,"[{""id"": ""obstacle_0"", ""kind"": ""static_obstacle"", ""x"": 50.0, ""y"": 50.0, ""radius"": 5.0}]"
safety_margin_covariance,274,54.8,2,68.683,44.033,86.0,90.0,50.0,50.0,,,false_negative+position_noise+confidence_error,,trust_weighted_fusion,move,covariance,2.5,1.0,,1,0,49.121,7.871,14.612,uav_1,7.871,False,False,False,False,False,1,"[{""id"": ""obstacle_0"", ""kind"": ""static_obstacle"", ""x"": 50.0, ""y"": 50.0, ""radius"": 5.0}]"
safety_margin_covariance,274,54.8,3,73.969,53.777,90.0,86.0,50.0,50.0,,,false_negative+confidence_error,,trust_weighted_fusion,move,covariance,0.0,0.0,,0,0,35.991,11.085,19.265,uav_2,11.085,False,False,False,False,False,1,"[{""id"": ""obstacle_0"", ""kind"": ""static_obstacle"", ""x"": 50.0, ""y"": 50.0, ""radius"": 5.0}]"
safety_margin_covariance,275,55.0,0,57.087,33.961,94.0,90.0,50.0,50.0,48.109,49.654,position_noise+confidence_error,0.328,trust_weighted_fusion,avoidance,covariance,2.5,1.0,,2,0,67.104,7.767,12.535,uav_1,7.767,False,False,False,False,False,1,"[{""id"": ""obstacle_0"", ""kind"": ""static_obstacle"", ""x"": 50.0, ""y"": 50.0, ""radius"": 5.0}]"
safety_margin_covariance,275,55.0,1,62.845,39.173,90.0,94.0,50.0,50.0,48.109,49.654,false_negative+position_noise+confidence_error,0.328,trust_weighted_fusion,avoidance,covariance,2.5,1.0,,2,0,61.183,7.767,11.799,uav_0,7.767,False,False,False,False,False,1,"[{""id"": ""obstacle_0"", ""kind"": ""static_obstacle"", ""x"": 50.0, ""y"": 50.0, ""radius"": 5.0}]"
safety_margin_covariance,275,55.0,2,68.78,44.291,86.0,90.0,50.0,50.0,47.406,49.708,false_negative+position_noise+confidence_error,0.247,trust_weighted_fusion,move,covariance,2.5,1.0,,2,0,48.846,7.836,14.628,uav_1,7.836,False,False,False,False,False,1,"[{""id"": ""obstacle_0"", ""kind"": ""static_obstacle"", ""x"": 50.0, ""y"": 50.0, ""radius"": 5.0}]"
safety_margin_covariance,275,55.0,3,74.092,54.023,90.0,86.0,50.0,50.0,,,position_noise+confidence_error,,trust_weighted_fusion,move,covariance,2.5,1.0,,1,0,35.716,11.088,19.425,uav_2,11.088,False,False,False,False,False,1,"[{""id"": ""obstacle_0"", ""kind"": ""static_obstacle"", ""x"": 50.0, ""y"": 50.0, ""radius"": 5.0}]"
safety_margin_covariance,276,55.2,0,57.35,34.04,94.0,90.0,50.0,50.0,50.364,48.332,false_negative+position_noise+confidence_error,0.482,trust_weighted_fusion,avoidance,covariance,2.5,1.0,,1,0,66.893,7.79,12.571,uav_1,7.79,False,False,False,False,False,1,"[{""id"": ""obstacle_0"", ""kind"": ""static_obstacle"", ""x"": 50.0, ""y"": 50.0, ""radius"": 5.0}]"
safety_margin_covariance,276,55.2,1,63.077,39.321,90.0,94.0,50.0,50.0,50.364,48.332,position_noise+confidence_error,0.482,trust_weighted_fusion,avoidance,covariance,2.5,1.0,,3,0,60.948,7.79,11.884,uav_0,7.79,False,False,False,False,False,1,"[{""id"": ""obstacle_0"", ""kind"": ""static_obstacle"", ""x"": 50.0, ""y"": 50.0, ""radius"": 5.0}]"
safety_margin_covariance,276,55.2,2,68.953,44.504,86.0,90.0,50.0,50.0,50.364,48.332,false_negative+position_noise+confidence_error,0.482,trust_weighted_fusion,avoidance,covariance,2.5,1.0,,2,0,48.585,7.835,14.733,uav_1,7.835,False,False,False,False,False,1,"[{""id"": ""obstacle_0"", ""kind"": ""static_obstacle"", ""x"": 50.0, ""y"": 50.0, ""radius"": 5.0}]"
safety_margin_covariance,276,55.2,3,74.27,54.381,90.0,86.0,50.0,50.0,,,false_negative+confidence_error,,trust_weighted_fusion,move,covariance,0.0,0.0,,0,0,35.316,11.217,19.662,uav_2,11.217,False,False,False,False,False,1,"[{""id"": ""obstacle_0"", ""kind"": ""static_obstacle"", ""x"": 50.0, ""y"": 50.0, ""radius"": 5.0}]"
safety_margin_covariance,277,55.4,0,57.569,34.375,94.0,90.0,50.0,50.0,,,false_negative+confidence_error,,trust_weighted_fusion,move,covariance,0.0,0.0,,0,0,66.493,7.677,12.362,uav_1,7.677,False,False,False,False,False,1,"[{""id"": ""obstacle_0"", ""kind"": ""static_obstacle"", ""x"": 50.0, ""y"": 50.0, ""radius"": 5.0}]"
safety_margin_covariance,277,55.4,1,63.295,39.488,90.0,94.0,50.0,50.0,49.102,53.471,false_negative+position_noise+confidence_error,0.105,trust_weighted_fusion,avoidance,covariance,2.5,1.0,,2,0,60.701,7.677,11.949,uav_0,7.677,False,False,False,False,False,1,"[{""id"": ""obstacle_0"", ""kind"": ""static_obstacle"", ""x"": 50.0, ""y"": 50.0, ""radius"": 5.0}]"
safety_margin_covariance,277,55.4,2,69.049,44.762,86.0,90.0,50.0,50.0,,,false_negative+position_noise+confidence_error,,trust_weighted_fusion,move,covariance,2.5,1.0,,2,0,48.31,7.805,14.756,uav_1,7.805,False,False,False,False,False,1,"[{""id"": ""obstacle_0"", ""kind"": ""static_obstacle"", ""x"": 50.0, ""y"": 50.0, ""radius"": 5.0}]"
safety_margin_covariance,277,55.4,3,74.448,54.739,90.0,86.0,50.0,50.0,,,false_negative+confidence_error,,trust_weighted_fusion,move,covariance,0.0,0.0,,0,0,34.916,11.344,19.903,uav_2,11.344,False,False,False,False,False,1,"[{""id"": ""obstacle_0"", ""kind"": ""static_obstacle"", ""x"": 50.0, ""y"": 50.0, ""radius"": 5.0}]"
safety_margin_covariance,278,55.6,0,57.829,34.465,94.0,90.0,50.0,50.0,51.344,50.202,position_noise+confidence_error,0.326,trust_weighted_fusion,avoidance,covariance,2.5,1.0,,2,0,66.276,7.694,12.397,uav_1,7.694,False,False,False,False,False,1,"[{""id"": ""obstacle_0"", ""kind"": ""static_obstacle"", ""x"": 50.0, ""y"": 50.0, ""radius"": 5.0}]"
safety_margin_covariance,278,55.6,1,63.53,39.632,90.0,94.0,50.0,50.0,51.344,50.202,position_noise+confidence_error,0.326,trust_weighted_fusion,avoidance,covariance,2.5,1.0,,3,0,60.47,7.694,12.046,uav_0,7.694,False,False,False,False,False,1,"[{""id"": ""obstacle_0"", ""kind"": ""static_obstacle"", ""x"": 50.0, ""y"": 50.0, ""radius"": 5.0}]"
safety_margin_covariance,278,55.6,2,69.23,44.969,86.0,90.0,50.0,50.0,51.344,50.202,position_noise+confidence_error,0.326,trust_weighted_fusion,avoidance,covariance,2.5,1.0,,3,0,48.052,7.809,14.877,uav_1,7.809,False,False,False,False,False,1,"[{""id"": ""obstacle_0"", ""kind"": ""static_obstacle"", ""x"": 50.0, ""y"": 50.0, ""radius"": 5.0}]"
safety_margin_covariance,278,55.6,3,74.626,55.097,90.0,86.0,50.0,50.0,,,false_negative+confidence_error,,trust_weighted_fusion,move,covariance,0.0,0.0,,0,0,34.516,11.476,20.148,uav_2,11.476,False,False,False,False,False,1,"[{""id"": ""obstacle_0"", ""kind"": ""static_obstacle"", ""x"": 50.0, ""y"": 50.0, ""radius"": 5.0}]"
safety_margin_covariance,279,55.8,0,58.085,34.567,94.0,90.0,50.0,50.0,51.459,51.367,false_negative+position_noise+confidence_error,0.464,trust_weighted_fusion,avoidance,covariance,2.5,1.0,,1,0,66.051,7.707,12.423,uav_1,7.707,False,False,False,False,False,1,"[{""id"": ""obstacle_0"", ""kind"": ""static_obstacle"", ""x"": 50.0, ""y"": 50.0, ""radius"": 5.0}]"
safety_margin_covariance,279,55.8,1,63.762,39.779,90.0,94.0,50.0,50.0,51.459,51.367,false_negative+position_noise+confidence_error,0.464,trust_weighted_fusion,avoidance,covariance,2.5,1.0,,2,0,60.236,7.707,12.143,uav_0,7.707,False,False,False,False,False,1,"[{""id"": ""obstacle_0"", ""kind"": ""static_obstacle"", ""x"": 50.0, ""y"": 50.0, ""radius"": 5.0}]"
safety_margin_covariance,279,55.8,2,69.431,45.156,86.0,90.0,50.0,50.0,51.459,51.367,false_negative+position_noise+confidence_error,0.464,trust_weighted_fusion,avoidance,covariance,2.5,1.0,,2,0,47.807,7.814,15.026,uav_1,7.814,False,False,False,False,False,1,"[{""id"": ""obstacle_0"", ""kind"": ""static_obstacle"", ""x"": 50.0, ""y"": 50.0, ""radius"": 5.0}]"
safety_margin_covariance,279,55.8,3,74.749,55.343,90.0,86.0,50.0,50.0,,,position_noise+confidence_error,,trust_weighted_fusion,move,covariance,2.5,1.0,,1,0,34.241,11.491,20.319,uav_2,11.491,False,False,False,False,False,1,"[{""id"": ""obstacle_0"", ""kind"": ""static_obstacle"", ""x"": 50.0, ""y"": 50.0, ""radius"": 5.0}]"
safety_margin_covariance,280,56.0,0,58.341,34.667,94.0,90.0,50.0,50.0,51.247,50.748,position_noise+confidence_error,0.326,trust_weighted_fusion,avoidance,covariance,2.5,1.0,,2,0,65.828,7.323,12.455,uav_1,7.323,False,False,False,False,False,1,"[{""id"": ""obstacle_0"", ""kind"": ""static_obstacle"", ""x"": 50.0, ""y"": 50.0, ""radius"": 5.0}]"
safety_margin_covariance,280,56.0,1,63.832,39.513,90.0,94.0,50.0,50.0,51.247,50.748,position_noise+confidence_error,0.326,trust_weighted_fusion,avoidance,covariance,2.5,1.0,,3,0,60.445,7.323,12.358,uav_0,7.323,False,False,False,False,False,1,"[{""id"": ""obstacle_0"", ""kind"": ""static_obstacle"", ""x"": 50.0, ""y"": 50.0, ""radius"": 5.0}]"
safety_margin_covariance,280,56.0,2,69.609,45.366,86.0,90.0,50.0,50.0,51.247,50.748,false_negative+confidence_error,0.326,trust_weighted_fusion,avoidance,covariance,2.5,1.0,,1,0,47.548,8.224,15.149,uav_1,8.224,False,False,False,False,False,1,"[{""id"": ""obstacle_0"", ""kind"": ""static_obstacle"", ""x"": 50.0, ""y"": 50.0, ""radius"": 5.0}]"
safety_margin_covariance,280,56.0,3,74.871,55.59,90.0,86.0,50.0,50.0,,,position_noise+confidence_error,,trust_weighted_fusion,move,covariance,2.5,1.0,,1,0,33.966,11.498,20.491,uav_2,11.498,False,False,False,False,False,1,"[{""id"": ""obstacle_0"", ""kind"": ""static_obstacle"", ""x"": 50.0, ""y"": 50.0, ""radius"": 5.0}]"
safety_margin_covariance,281,56.2,0,58.301,34.395,94.0,90.0,50.0,50.0,48.555,47.322,position_noise+confidence_error,0.429,trust_weighted_fusion,avoidance,covariance,2.5,1.0,,2,0,66.079,7.811,12.676,uav_1,7.811,False,False,False,False,False,1,"[{""id"": ""obstacle_0"", ""kind"": ""static_obstacle"", ""x"": 50.0, ""y"": 50.0, ""radius"": 5.0}]"
safety_margin_covariance,281,56.2,1,64.042,39.69,90.0,94.0,50.0,50.0,48.555,47.322,position_noise+confidence_error,0.429,trust_weighted_fusion,avoidance,covariance,2.5,1.0,,3,0,60.195,7.811,12.421,uav_0,7.811,False,False,False,False,False,1,"[{""id"": ""obstacle_0"", ""kind"": ""static_obstacle"", ""x"": 50.0, ""y"": 50.0, ""radius"": 5.0}]"
safety_margin_covariance,281,56.2,2,69.704,45.624,86.0,90.0,50.0,50.0,,,false_negative+position_noise+confidence_error,,trust_weighted_fusion,move,covariance,2.5,1.0,,1,0,47.273,8.202,15.184,uav_1,8.202,False,False,False,False,False,1,"[{""id"": ""obstacle_0"", ""kind"": ""static_obstacle"", ""x"": 50.0, ""y"": 50.0, ""radius"": 5.0}]"
safety_margin_covariance,281,56.2,3,74.994,55.836,90.0,86.0,50.0,50.0,,,position_noise+confidence_error,,trust_weighted_fusion,move,covariance,2.5,1.0,,1,0,33.691,11.5,20.666,uav_2,11.5,False,False,False,False,False,1,"[{""id"": ""obstacle_0"", ""kind"": ""static_obstacle"", ""x"": 50.0, ""y"": 50.0, ""radius"": 5.0}]"
safety_margin_covariance,282,56.4,0,58.557,34.493,94.0,90.0,50.0,50.0,48.942,46.379,false_negative+position_noise+confidence_error,0.328,trust_weighted_fusion,avoidance,covariance,2.5,1.0,,2,0,65.858,7.83,12.711,uav_1,7.83,False,False,False,False,False,1,"[{""id"": ""obstacle_0"", ""kind"": ""static_obstacle"", ""x"": 50.0, ""y"": 50.0, ""radius"": 5.0}]"
safety_margin_covariance,282,56.4,1,64.252,39.868,90.0,94.0,50.0,50.0,48.942,46.379,false_negative+position_noise+confidence_error,0.328,trust_weighted_fusion,avoidance,covariance,2.5,1.0,,2,0,59.944,7.83,12.486,uav_0,7.83,False,False,False,False,False,1,"[{""id"": ""obstacle_0"", ""kind"": ""static_obstacle"", ""x"": 50.0, ""y"": 50.0, ""radius"": 5.0}]"
safety_margin_covariance,282,56.4,2,69.799,45.882,86.0,90.0,50.0,50.0,,,position_noise+confidence_error,,trust_weighted_fusion,move,covariance,2.5,1.0,,2,0,46.998,8.182,15.222,uav_1,8.182,False,False,False,False,False,1,"[{""id"": ""obstacle_0"", ""kind"": ""static_obstacle"", ""x"": 50.0, ""y"": 50.0, ""radius"": 5.0}]"
safety_margin_covariance,282,56.4,3,75.172,56.194,90.0,86.0,50.0,50.0,,,false_negative+confidence_error,,trust_weighted_fusion,move,covariance,0.0,0.0,,0,0,33.291,11.628,20.923,uav_2,11.628,False,False,False,False,False,1,"[{""id"": ""obstacle_0"", ""kind"": ""static_obstacle"", ""x"": 50.0, ""y"": 50.0, ""radius"": 5.0}]"
safety_margin_covariance,283,56.6,0,58.799,34.625,94.0,90.0,50.0,50.0,47.483,49.679,false_negative+confidence_error,0.12,trust_weighted_fusion,avoidance,covariance,2.5,1.0,,1,0,65.617,7.84,12.715,uav_1,7.84,False,False,False,False,False,1,"[{""id"": ""obstacle_0"", ""kind"": ""static_obstacle"", ""x"": 50.0, ""y"": 50.0, ""radius"": 5.0}]"
safety_margin_covariance,283,56.6,1,64.455,40.053,90.0,94.0,50.0,50.0,47.483,49.679,false_negative+position_noise+confidence_error,0.12,trust_weighted_fusion,avoidance,covariance,2.5,1.0,,2,0,59.689,7.84,12.547,uav_0,7.84,False,False,False,False,False,1,"[{""id"": ""obstacle_0"", ""kind"": ""static_obstacle"", ""x"": 50.0, ""y"": 50.0, ""radius"": 5.0}]"
safety_margin_covariance,283,56.6,2,69.893,46.141,86.0,90.0,50.0,50.0,,,false_negative+position_noise+confidence_error,,trust_weighted_fusion,move,covariance,2.5,1.0,,1,0,46.723,8.163,15.264,uav_1,8.163,False,False,False,False,False,1,"[{""id"": ""obstacle_0"", ""kind"": ""static_obstacle"", ""x"": 50.0, ""y"": 50.0, ""radius"": 5.0}]"
safety_margin_covariance,283,56.6,3,75.35,56.552,90.0,86.0,50.0,50.0,,,false_negative+confidence_error,,trust_weighted_fusion,move,covariance,0.0,0.0,,0,0,32.891,11.755,21.183,uav_2,11.755,False,False,False,False,False,1,"[{""id"": ""obstacle_0"", ""kind"": ""static_obstacle"", ""x"": 50.0, ""y"": 50.0, ""radius"": 5.0}]"
safety_margin_covariance,284,56.8,0,59.048,34.74,94.0,90.0,50.0,50.0,50.379,50.762,false_negative+position_noise+confidence_error,0.23,trust_weighted_fusion,avoidance,covariance,2.5,1.0,,1,0,65.386,7.853,12.741,uav_1,7.853,False,False,False,False,False,1,"[{""id"": ""obstacle_0"", ""kind"": ""static_obstacle"", ""x"": 50.0, ""y"": 50.0, ""radius"": 5.0}]"
safety_margin_covariance,284,56.8,1,64.674,40.219,90.0,94.0,50.0,50.0,50.379,50.762,false_negative+position_noise+confidence_error,0.23,trust_weighted_fusion,avoidance,covariance,2.5,1.0,,1,0,59.446,7.853,12.635,uav_0,7.853,False,False,False,False,False,1,"[{""id"": ""obstacle_0"", ""kind"": ""static_obstacle"", ""x"": 50.0, ""y"": 50.0, ""radius"": 5.0}]"
safety_margin_covariance,284,56.8,2,69.988,46.399,86.0,90.0,50.0,50.0,,,position_noise+confidence_error,,trust_weighted_fusion,move,covariance,2.5,1.0,,2,0,46.448,8.15,15.31,uav_1,8.15,False,False,False,False,False,1,"[{""id"": ""obstacle_0"", ""kind"": ""static_obstacle"", ""x"": 50.0, ""y"": 50.0, ""radius"": 5.0}]"
safety_margin_covariance,284,56.8,3,75.472,56.798,90.0,86.0,50.0,50.0,,,position_noise+confidence_error,,trust_weighted_fusion,move,covariance,2.5,1.0,,1,0,32.616,11.757,21.364,uav_2,11.757,False,False,False,False,False,1,"[{""id"": ""obstacle_0"", ""kind"": ""static_obstacle"", ""x"": 50.0, ""y"": 50.0, ""radius"": 5.0}]"
safety_margin_covariance,285,57.0,0,59.262,35.078,94.0,90.0,50.0,50.0,,,false_negative+confidence_error,,trust_weighted_fusion,move,covariance,0.0,0.0,,0,0,64.986,7.722,12.563,uav_1,7.722,False,False,False,False,False,1,"[{""id"": ""obstacle_0"", ""kind"": ""static_obstacle"", ""x"": 50.0, ""y"": 50.0, ""radius"": 5.0}]"
safety_margin_covariance,285,57.0,1,64.792,40.468,90.0,94.0,50.0,50.0,,,false_negative+position_noise+confidence_error,,trust_weighted_fusion,move,covariance,2.5,1.0,,2,0,59.171,7.722,12.597,uav_0,7.722,False,False,False,False,False,1,"[{""id"": ""obstacle_0"", ""kind"": ""static_obstacle"", ""x"": 50.0, ""y"": 50.0, ""radius"": 5.0}]"
safety_margin_covariance,285,57.0,2,70.083,46.657,86.0,90.0,50.0,50.0,,,false_negative+position_noise+confidence_error,,trust_weighted_fusion,move,covariance,2.5,1.0,,1,0,46.173,8.143,15.359,uav_1,8.143,False,False,False,False,False,1,"[{""id"": ""obstacle_0"", ""kind"": ""static_obstacle"", ""x"": 50.0, ""y"": 50.0, ""radius"": 5.0}]"
safety_margin_covariance,285,57.0,3,75.651,57.157,90.0,86.0,50.0,50.0,,,false_negative+confidence_error,,trust_weighted_fusion,move,covariance,0.0,0.0,,0,0,32.216,11.884,21.63,uav_2,11.884,False,False,False,False,False,1,"[{""id"": ""obstacle_0"", ""kind"": ""static_obstacle"", ""x"": 50.0, ""y"": 50.0, ""radius"": 5.0}]"
safety_margin_covariance,286,57.2,0,59.515,35.186,94.0,90.0,50.0,50.0,50.682,49.858,position_noise+confidence_error,0.251,trust_weighted_fusion,avoidance,covariance,2.5,1.0,,2,0,64.76,7.738,12.607,uav_1,7.738,False,False,False,False,False,1,"[{""id"": ""obstacle_0"", ""kind"": ""static_obstacle"", ""x"": 50.0, ""y"": 50.0, ""radius"": 5.0}]"
safety_margin_covariance,286,57.2,1,65.01,40.634,90.0,94.0,50.0,50.0,50.682,49.858,false_negative+position_noise+confidence_error,0.251,trust_weighted_fusion,avoidance,covariance,2.5,1.0,,2,0,58.927,7.738,12.693,uav_0,7.738,False,False,False,False,False,1,"[{""id"": ""obstacle_0"", ""kind"": ""static_obstacle"", ""x"": 50.0, ""y"": 50.0, ""radius"": 5.0}]"
safety_margin_covariance,286,57.2,2,70.248,46.877,86.0,90.0,50.0,50.0,50.682,49.858,false_negative+confidence_error,0.251,trust_weighted_fusion,avoidance,covariance,2.5,1.0,,1,0,45.91,8.149,15.487,uav_1,8.149,False,False,False,False,False,1,"[{""id"": ""obstacle_0"", ""kind"": ""static_obstacle"", ""x"": 50.0, ""y"": 50.0, ""radius"": 5.0}]"
safety_margin_covariance,286,57.2,3,75.773,57.403,90.0,86.0,50.0,50.0,,,position_noise+confidence_error,,trust_weighted_fusion,move,covariance,2.5,1.0,,1,0,31.941,11.888,21.815,uav_2,11.888,False,False,False,False,False,1,"[{""id"": ""obstacle_0"", ""kind"": ""static_obstacle"", ""x"": 50.0, ""y"": 50.0, ""radius"": 5.0}]"
safety_margin_covariance,287,57.4,0,59.662,35.418,94.0,90.0,50.0,50.0,,,false_negative+position_noise+confidence_error,,trust_weighted_fusion,move,covariance,2.5,1.0,,1,0,64.485,7.729,12.492,uav_1,7.729,False,False,False,False,False,1,"[{""id"": ""obstacle_0"", ""kind"": ""static_obstacle"", ""x"": 50.0, ""y"": 50.0, ""radius"": 5.0}]"
safety_margin_covariance,287,57.4,1,65.127,40.883,90.0,94.0,50.0,50.0,48.084,51.818,false_negative+position_noise+confidence_error,0.044,trust_weighted_fusion,move,covariance,2.5,1.0,,1,0,58.652,7.729,12.662,uav_0,7.729,False,False,False,False,False,1,"[{""id"": ""obstacle_0"", ""kind"": ""static_obstacle"", ""x"": 50.0, ""y"": 50.0, ""radius"": 5.0}]"
safety_margin_covariance,287,57.4,2,70.342,47.135,86.0,90.0,50.0,50.0,,,position_noise+confidence_error,,trust_weighted_fusion,move,covariance,2.5,1.0,,2,0,45.635,8.142,15.543,uav_1,8.142,False,False,False,False,False,1,"[{""id"": ""obstacle_0"", ""kind"": ""static_obstacle"", ""x"": 50.0, ""y"": 50.0, ""radius"": 5.0}]"
safety_margin_covariance,287,57.4,3,75.895,57.649,90.0,86.0,50.0,50.0,,,position_noise+confidence_error,,trust_weighted_fusion,move,covariance,2.5,1.0,,1,0,31.666,11.89,22.002,uav_2,11.89,False,False,False,False,False,1,"[{""id"": ""obstacle_0"", ""kind"": ""static_obstacle"", ""x"": 50.0, ""y"": 50.0, ""radius"": 5.0}]"
safety_margin_covariance,288,57.6,0,59.907,35.543,94.0,90.0,50.0,50.0,49.682,50.776,false_negative+position_noise+confidence_error,0.073,trust_weighted_fusion,avoidance,covariance,2.5,1.0,,1,0,64.249,7.742,12.526,uav_1,7.742,False,False,False,False,False,1,"[{""id"": ""obstacle_0"", ""kind"": ""static_obstacle"", ""x"": 50.0, ""y"": 50.0, ""radius"": 5.0}]"
safety_margin_covariance,288,57.6,1,65.337,41.061,90.0,94.0,50.0,50.0,49.682,50.776,false_negative+confidence_error,0.073,trust_weighted_fusion,avoidance,covariance,2.5,1.0,,1,0,58.402,7.742,12.752,uav_0,7.742,False,False,False,False,False,1,"[{""id"": ""obstacle_0"", ""kind"": ""static_obstacle"", ""x"": 50.0, ""y"": 50.0, ""radius"": 5.0}]"
safety_margin_covariance,288,57.6,2,70.436,47.394,86.0,90.0,50.0,50.0,,,position_noise+confidence_error,,trust_weighted_fusion,move,covariance,2.5,1.0,,2,0,45.36,8.131,15.602,uav_1,8.131,False,False,False,False,False,1,"[{""id"": ""obstacle_0"", ""kind"": ""static_obstacle"", ""x"": 50.0, ""y"": 50.0, ""radius"": 5.0}]"
safety_margin_covariance,288,57.6,3,76.018,57.895,90.0,86.0,50.0,50.0,,,position_noise+confidence_error,,trust_weighted_fusion,move,covariance,2.5,1.0,,1,0,31.391,11.893,22.189,uav_2,11.893,False,False,False,False,False,1,"[{""id"": ""obstacle_0"", ""kind"": ""static_obstacle"", ""x"": 50.0, ""y"": 50.0, ""radius"": 5.0}]"
safety_margin_covariance,289,57.8,0,60.053,35.776,94.0,90.0,50.0,50.0,46.85,49.301,position_noise+confidence_error,0.0,trust_weighted_fusion,move,covariance,2.5,1.0,,2,0,63.974,7.732,12.418,uav_1,7.732,False,False,False,False,False,1,"[{""id"": ""obstacle_0"", ""kind"": ""static_obstacle"", ""x"": 50.0, ""y"": 50.0, ""radius"": 5.0}]"
safety_margin_covariance,289,57.8,1,65.453,41.31,90.0,94.0,50.0,50.0,49.231,53.945,false_negative+position_noise+confidence_error,0.324,trust_weighted_fusion,move,covariance,2.5,1.0,,2,0,58.127,7.732,12.729,uav_0,7.732,False,False,False,False,False,1,"[{""id"": ""obstacle_0"", ""kind"": ""static_obstacle"", ""x"": 50.0, ""y"": 50.0, ""radius"": 5.0}]"
safety_margin_covariance,289,57.8,2,70.531,47.652,86.0,90.0,50.0,50.0,,,position_noise+confidence_error,,trust_weighted_fusion,move,covariance,2.5,1.0,,2,0,45.085,8.124,15.665,uav_1,8.124,False,False,False,False,False,1,"[{""id"": ""obstacle_0"", ""kind"": ""static_obstacle"", ""x"": 50.0, ""y"": 50.0, ""radius"": 5.0}]"
safety_margin_covariance,289,57.8,3,76.196,58.253,90.0,86.0,50.0,50.0,,,false_negative+confidence_error,,trust_weighted_fusion,move,covariance,0.0,0.0,,0,0,30.991,12.02,22.466,uav_2,12.02,False,False,False,False,False,1,"[{""id"": ""obstacle_0"", ""kind"": ""static_obstacle"", ""x"": 50.0, ""y"": 50.0, ""radius"": 5.0}]"
safety_margin_covariance,290,58.0,0,59.971,35.514,94.0,90.0,50.0,50.0,51.201,48.922,position_noise+confidence_error,0.539,trust_weighted_fusion,avoidance,covariance,2.5,1.0,,2,0,64.24,8.25,12.586,uav_1,8.25,False,False,False,False,False,1,"[{""id"": ""obstacle_0"", ""kind"": ""static_obstacle"", ""x"": 50.0, ""y"": 50.0, ""radius"": 5.0}]"
safety_margin_covariance,290,58.0,1,65.669,41.48,90.0,94.0,50.0,50.0,51.201,48.922,false_negative+position_noise+confidence_error,0.539,trust_weighted_fusion,avoidance,covariance,2.5,1.0,,2,0,57.882,8.131,12.836,uav_2,8.131,False,False,False,False,False,1,"[{""id"": ""obstacle_0"", ""kind"": ""static_obstacle"", ""x"": 50.0, ""y"": 50.0, ""radius"": 5.0}]"
safety_margin_covariance,290,58.0,2,70.689,47.877,86.0,90.0,50.0,50.0,51.201,48.922,position_noise+confidence_error,0.539,trust_weighted_fusion,avoidance,covariance,2.5,1.0,,3,0,44.819,8.131,15.797,uav_1,8.131,False,False,False,False,False,1,"[{""id"": ""obstacle_0"", ""kind"": ""static_obstacle"", ""x"": 50.0, ""y"": 50.0, ""radius"": 5.0}]"
safety_margin_covariance,290,58.0,3,76.374,58.611,90.0,86.0,50.0,50.0,,,false_negative+confidence_error,,trust_weighted_fusion,move,covariance,0.0,0.0,,0,0,30.591,12.147,22.745,uav_2,12.147,False,False,False,False,False,1,"[{""id"": ""obstacle_0"", ""kind"": ""static_obstacle"", ""x"": 50.0, ""y"": 50.0, ""radius"": 5.0}]"
safety_margin_covariance,291,58.2,0,60.212,35.646,94.0,90.0,50.0,50.0,47.919,47.45,false_negative+position_noise+confidence_error,0.091,trust_weighted_fusion,avoidance,covariance,2.5,1.0,,1,0,64.0,8.264,12.616,uav_1,8.264,False,False,False,False,False,1,"[{""id"": ""obstacle_0"", ""kind"": ""static_obstacle"", ""x"": 50.0, ""y"": 50.0, ""radius"": 5.0}]"
safety_margin_covariance,291,58.2,1,65.861,41.678,90.0,94.0,50.0,50.0,47.919,47.45,false_negative+position_noise+confidence_error,0.091,trust_weighted_fusion,avoidance,covariance,2.5,1.0,,2,0,57.622,8.12,12.911,uav_2,8.12,False,False,False,False,False,1,"[{""id"": ""obstacle_0"", ""kind"": ""static_obstacle"", ""x"": 50.0, ""y"": 50.0, ""radius"": 5.0}]"
safety_margin_covariance,291,58.2,2,70.782,48.136,86.0,90.0,50.0,50.0,,,position_noise+confidence_error,,trust_weighted_fusion,move,covariance,2.5,1.0,,2,0,44.544,8.12,15.866,uav_1,8.12,False,False,False,False,False,1,"[{""id"": ""obstacle_0"", ""kind"": ""static_obstacle"", ""x"": 50.0, ""y"": 50.0, ""radius"": 5.0}]"
safety_margin_covariance,291,58.2,3,76.497,58.858,90.0,86.0,50.0,50.0,,,position_noise+confidence_error,,trust_weighted_fusion,move,covariance,2.5,1.0,,1,0,30.316,12.15,22.938,uav_2,12.15,False,False,False,False,False,1,"[{""id"": ""obstacle_0"", ""kind"": ""static_obstacle"", ""x"": 50.0, ""y"": 50.0, ""radius"": 5.0}]"
safety_margin_covariance,292,58.4,0,60.459,35.767,94.0,90.0,50.0,50.0,49.704,48.872,position_noise+confidence_error,0.478,trust_weighted_fusion,avoidance,covariance,2.5,1.0,,2,0,63.767,8.281,12.663,uav_1,8.281,False,False,False,False,False,1,"[{""id"": ""obstacle_0"", ""kind"": ""static_obstacle"", ""x"": 50.0, ""y"": 50.0, ""radius"": 5.0}]"
safety_margin_covariance,292,58.4,1,66.063,41.864,90.0,94.0,50.0,50.0,49.704,48.872,false_negative+position_noise+confidence_error,0.478,trust_weighted_fusion,avoidance,covariance,2.5,1.0,,2,0,57.369,8.113,13.006,uav_2,8.113,False,False,False,False,False,1,"[{""id"": ""obstacle_0"", ""kind"": ""static_obstacle"", ""x"": 50.0, ""y"": 50.0, ""radius"": 5.0}]"
safety_margin_covariance,292,58.4,2,70.876,48.394,86.0,90.0,50.0,50.0,,,false_negative+position_noise+confidence_error,,trust_weighted_fusion,move,covariance,2.5,1.0,,1,0,44.269,8.113,15.938,uav_1,8.113,False,False,False,False,False,1,"[{""id"": ""obstacle_0"", ""kind"": ""static_obstacle"", ""x"": 50.0, ""y"": 50.0, ""radius"": 5.0}]"
safety_margin_covariance,292,58.4,3,76.619,59.104,90.0,86.0,50.0,50.0,,,position_noise+confidence_error,,trust_weighted_fusion,move,covariance,2.5,1.0,,1,0,30.041,12.152,23.133,uav_2,12.152,False,False,False,False,False,1,"[{""id"": ""obstacle_0"", ""kind"": ""static_obstacle"", ""x"": 50.0, ""y"": 50.0, ""radius"": 5.0}]"
safety_margin_covariance,293,58.6,0,60.715,35.869,94.0,90.0,50.0,50.0,51.457,48.801,position_noise+confidence_error,0.308,trust_weighted_fusion,avoidance,covariance,2.5,1.0,,2,0,63.546,8.306,12.734,uav_1,8.306,False,False,False,False,False,1,"[{""id"": ""obstacle_0"", ""kind"": ""static_obstacle"", ""x"": 50.0, ""y"": 50.0, ""radius"": 5.0}]"
safety_margin_covariance,293,58.6,1,66.275,42.04,90.0,94.0,50.0,50.0,51.457,48.801,false_negative+position_noise+confidence_error,0.308,trust_weighted_fusion,avoidance,covariance,2.5,1.0,,2,0,57.121,8.103,13.117,uav_2,8.103,False,False,False,False,False,1,"[{""id"": ""obstacle_0"", ""kind"": ""static_obstacle"", ""x"": 50.0, ""y"": 50.0, ""radius"": 5.0}]"
safety_margin_covariance,293,58.6,2,70.945,48.66,86.0,90.0,50.0,50.0,51.457,48.801,false_negative+position_noise+confidence_error,0.308,trust_weighted_fusion,avoidance,covariance,2.5,1.0,,2,0,43.996,8.103,15.988,uav_1,8.103,False,False,False,False,False,1,"[{""id"": ""obstacle_0"", ""kind"": ""static_obstacle"", ""x"": 50.0, ""y"": 50.0, ""radius"": 5.0}]"
safety_margin_covariance,293,58.6,3,76.742,59.35,90.0,86.0,50.0,50.0,,,position_noise+confidence_error,,trust_weighted_fusion,move,covariance,2.5,1.0,,1,0,29.766,12.16,23.329,uav_2,12.16,False,False,False,False,False,1,"[{""id"": ""obstacle_0"", ""kind"": ""static_obstacle"", ""x"": 50.0, ""y"": 50.0, ""radius"": 5.0}]"
safety_margin_covariance,294,58.8,0,60.967,35.978,94.0,90.0,50.0,50.0,51.331,49.284,false_negative+position_noise+confidence_error,0.178,trust_weighted_fusion,avoidance,covariance,2.5,1.0,,1,0,63.321,8.329,12.801,uav_1,8.329,False,False,False,False,False,1,"[{""id"": ""obstacle_0"", ""kind"": ""static_obstacle"", ""x"": 50.0, ""y"": 50.0, ""radius"": 5.0}]"
safety_margin_covariance,294,58.8,1,66.484,42.217,90.0,94.0,50.0,50.0,51.331,49.284,position_noise+confidence_error,0.178,trust_weighted_fusion,avoidance,covariance,2.5,1.0,,3,0,56.872,7.996,13.229,uav_2,7.996,False,False,False,False,False,1,"[{""id"": ""obstacle_0"", ""kind"": ""static_obstacle"", ""x"": 50.0, ""y"": 50.0, ""radius"": 5.0}]"
safety_margin_covariance,294,58.8,2,70.848,48.918,86.0,90.0,50.0,50.0,51.331,49.284,position_noise+confidence_error,0.178,trust_weighted_fusion,avoidance,covariance,2.5,1.0,,3,0,43.788,7.996,15.876,uav_1,7.996,False,False,False,False,False,1,"[{""id"": ""obstacle_0"", ""kind"": ""static_obstacle"", ""x"": 50.0, ""y"": 50.0, ""radius"": 5.0}]"
safety_margin_covariance,294,58.8,3,76.864,59.596,90.0,86.0,50.0,50.0,,,position_noise+confidence_error,,trust_weighted_fusion,move,covariance,2.5,1.0,,1,0,29.491,12.257,23.527,uav_2,12.257,False,False,False,False,False,1,"[{""id"": ""obstacle_0"", ""kind"": ""static_obstacle"", ""x"": 50.0, ""y"": 50.0, ""radius"": 5.0}]"
safety_margin_covariance,295,59.0,0,61.11,36.213,94.0,90.0,50.0,50.0,,,false_negative+position_noise+confidence_error,,trust_weighted_fusion,move,covariance,2.5,1.0,,1,0,63.046,8.321,12.707,uav_1,8.321,False,False,False,False,False,1,"[{""id"": ""obstacle_0"", ""kind"": ""static_obstacle"", ""x"": 50.0, ""y"": 50.0, ""radius"": 5.0}]"
safety_margin_covariance,295,59.0,1,66.598,42.468,90.0,94.0,50.0,50.0,,,false_negative+position_noise+confidence_error,,trust_weighted_fusion,move,covariance,2.5,1.0,,1,0,56.597,7.992,13.227,uav_2,7.992,False,False,False,False,False,1,"[{""id"": ""obstacle_0"", ""kind"": ""static_obstacle"", ""x"": 50.0, ""y"": 50.0, ""radius"": 5.0}]"
safety_margin_covariance,295,59.0,2,70.943,49.176,86.0,90.0,50.0,50.0,,,false_negative+position_noise+confidence_error,,trust_weighted_fusion,move,covariance,2.5,1.0,,1,0,43.513,7.992,15.96,uav_1,7.992,False,False,False,False,False,1,"[{""id"": ""obstacle_0"", ""kind"": ""static_obstacle"", ""x"": 50.0, ""y"": 50.0, ""radius"": 5.0}]"
safety_margin_covariance,295,59.0,3,76.987,59.842,90.0,86.0,50.0,50.0,,,position_noise+confidence_error,,trust_weighted_fusion,move,covariance,2.5,1.0,,1,0,29.216,12.26,23.726,uav_2,12.26,False,False,False,False,False,1,"[{""id"": ""obstacle_0"", ""kind"": ""static_obstacle"", ""x"": 50.0, ""y"": 50.0, ""radius"": 5.0}]"
safety_margin_covariance,296,59.2,0,61.254,36.447,94.0,90.0,50.0,50.0,50.14,53.349,false_negative+position_noise+confidence_error,0.095,trust_weighted_fusion,move,covariance,2.5,1.0,,1,0,62.771,8.324,12.616,uav_1,8.324,False,False,False,False,False,1,"[{""id"": ""obstacle_0"", ""kind"": ""static_obstacle"", ""x"": 50.0, ""y"": 50.0, ""radius"": 5.0}]"
safety_margin_covariance,296,59.2,1,66.801,42.653,90.0,94.0,50.0,50.0,50.14,53.349,false_negative+position_noise+confidence_error,0.095,trust_weighted_fusion,avoidance,covariance,2.5,1.0,,3,0,56.345,7.996,13.338,uav_2,7.996,False,False,False,False,False,1,"[{""id"": ""obstacle_0"", ""kind"": ""static_obstacle"", ""x"": 50.0, ""y"": 50.0, ""radius"": 5.0}]"
safety_margin_covariance,296,59.2,2,71.038,49.434,86.0,90.0,50.0,50.0,,,position_noise+confidence_error,,trust_weighted_fusion,move,covariance,2.5,1.0,,2,0,43.238,7.996,16.046,uav_1,7.996,False,False,False,False,False,1,"[{""id"": ""obstacle_0"", ""kind"": ""static_obstacle"", ""x"": 50.0, ""y"": 50.0, ""radius"": 5.0}]"
safety_margin_covariance,296,59.2,3,77.165,60.201,90.0,86.0,50.0,50.0,,,false_negative+confidence_error,,trust_weighted_fusion,move,covariance,0.0,0.0,,0,0,28.816,12.388,24.017,uav_2,12.388,False,False,False,False,False,1,"[{""id"": ""obstacle_0"", ""kind"": ""static_obstacle"", ""x"": 50.0, ""y"": 50.0, ""radius"": 5.0}]"
safety_margin_covariance,297,59.4,0,61.497,36.576,94.0,90.0,50.0,50.0,50.372,50.304,position_noise+confidence_error,0.521,trust_weighted_fusion,avoidance,covariance,2.5,1.0,,2,0,62.535,8.035,12.675,uav_1,8.035,False,False,False,False,False,1,"[{""id"": ""obstacle_0"", ""kind"": ""static_obstacle"", ""x"": 50.0, ""y"": 50.0, ""radius"": 5.0}]"
safety_margin_covariance,297,59.4,1,66.983,42.447,90.0,94.0,50.0,50.0,50.372,50.304,false_negative+position_noise+confidence_error,0.521,trust_weighted_fusion,avoidance,covariance,2.5,1.0,,3,0,56.458,8.035,13.587,uav_0,8.035,False,False,False,False,False,1,"[{""id"": ""obstacle_0"", ""kind"": ""static_obstacle"", ""x"": 50.0, ""y"": 50.0, ""radius"": 5.0}]"
safety_margin_covariance,297,59.4,2,71.133,49.692,86.0,90.0,50.0,50.0,,,false_negative+position_noise+confidence_error,,trust_weighted_fusion,avoidance,covariance,2.5,1.0,,1,0,42.963,8.35,16.136,uav_1,8.35,False,False,False,False,False,1,"[{""id"": ""obstacle_0"", ""kind"": ""static_obstacle"", ""x"": 50.0, ""y"": 50.0, ""radius"": 5.0}]"
safety_margin_covariance,297,59.4,3,77.343,60.559,90.0,86.0,50.0,50.0,,,false_negative+confidence_error,,trust_weighted_fusion,move,covariance,0.0,0.0,,0,0,28.416,12.516,24.311,uav_2,12.516,False,False,False,False,False,1,"[{""id"": ""obstacle_0"", ""kind"": ""static_obstacle"", ""x"": 50.0, ""y"": 50.0, ""radius"": 5.0}]"
safety_margin_covariance,298,59.6,0,61.729,36.723,94.0,90.0,50.0,50.0,48.838,51.659,position_noise+confidence_error,0.104,trust_weighted_fusion,avoidance,covariance,2.5,1.0,,2,0,62.289,8.031,12.716,uav_1,8.031,False,False,False,False,False,1,"[{""id"": ""obstacle_0"", ""kind"": ""static_obstacle"", ""x"": 50.0, ""y"": 50.0, ""radius"": 5.0}]"
safety_margin_covariance,298,59.6,1,67.095,42.698,90.0,94.0,50.0,50.0,49.535,47.468,false_negative+position_noise+confidence_error,0.0,trust_weighted_fusion,move,covariance,2.5,1.0,,2,0,56.183,8.031,13.59,uav_0,8.031,False,False,False,False,False,1,"[{""id"": ""obstacle_0"", ""kind"": ""static_obstacle"", ""x"": 50.0, ""y"": 50.0, ""radius"": 5.0}]"
safety_margin_covariance,298,59.6,2,71.229,49.95,86.0,90.0,50.0,50.0,,,position_noise+confidence_error,,trust_weighted_fusion,move,covariance,2.5,1.0,,2,0,42.688,8.347,16.229,uav_1,8.347,False,False,False,False,False,1,"[{""id"": ""obstacle_0"", ""kind"": ""static_obstacle"", ""x"": 50.0, ""y"": 50.0, ""radius"": 5.0}]"
safety_margin_covariance,298,59.6,3,77.466,60.805,90.0,86.0,50.0,50.0,,,position_noise+confidence_error,,trust_weighted_fusion,move,covariance,2.5,1.0,,1,0,28.141,12.52,24.514,uav_2,12.52,False,False,False,False,False,1,"[{""id"": ""obstacle_0"", ""kind"": ""static_obstacle"", ""x"": 50.0, ""y"": 50.0, ""radius"": 5.0}]"
safety_margin_covariance,299,59.8,0,61.892,36.501,94.0,90.0,50.0,50.0,49.053,50.808,position_noise+confidence_error,0.355,trust_weighted_fusion,avoidance,covariance,2.5,1.0,,2,0,62.395,8.366,12.99,uav_1,8.366,False,False,False,False,False,1,"[{""id"": ""obstacle_0"", ""kind"": ""static_obstacle"", ""x"": 50.0, ""y"": 50.0, ""radius"": 5.0}]"
safety_margin_covariance,299,59.8,1,67.288,42.894,90.0,94.0,50.0,50.0,49.053,50.808,false_negative+position_noise+confidence_error,0.355,trust_weighted_fusion,avoidance,covariance,2.5,1.0,,2,0,55.925,8.344,13.691,uav_2,8.344,False,False,False,False,False,1,"[{""id"": ""obstacle_0"", ""kind"": ""static_obstacle"", ""x"": 50.0, ""y"": 50.0, ""radius"": 5.0}]"
safety_margin_covariance,299,59.8,2,71.285,50.219,86.0,90.0,50.0,50.0,,,position_noise+confidence_error,,trust_weighted_fusion,avoidance,covariance,2.5,1.0,,2,0,42.415,8.344,16.287,uav_1,8.344,False,False,False,False,False,1,"[{""id"": ""obstacle_0"", ""kind"": ""static_obstacle"", ""x"": 50.0, ""y"": 50.0, ""radius"": 5.0}]"
safety_margin_covariance,299,59.8,3,77.588,61.051,90.0,86.0,50.0,50.0,,,position_noise+confidence_error,,trust_weighted_fusion,move,covariance,2.5,1.0,,1,0,27.866,12.533,24.719,uav_2,12.533,False,False,False,False,False,1,"[{""id"": ""obstacle_0"", ""kind"": ""static_obstacle"", ""x"": 50.0, ""y"": 50.0, ""radius"": 5.0}]"
safety_margin_covariance,300,60.0,0,62.119,36.656,94.0,90.0,50.0,50.0,47.722,50.335,position_noise+confidence_error,0.35,trust_weighted_fusion,avoidance,covariance,2.5,1.0,,2,0,62.145,8.366,13.025,uav_1,8.366,False,False,False,False,False,1,"[{""id"": ""obstacle_0"", ""kind"": ""static_obstacle"", ""x"": 50.0, ""y"": 50.0, ""radius"": 5.0}]"
safety_margin_covariance,300,60.0,1,67.399,43.146,90.0,94.0,50.0,50.0,48.444,51.208,position_noise+confidence_error,0.103,trust_weighted_fusion,move,covariance,2.5,1.0,,3,0,55.65,8.342,13.701,uav_2,8.342,False,False,False,False,False,1,"[{""id"": ""obstacle_0"", ""kind"": ""static_obstacle"", ""x"": 50.0, ""y"": 50.0, ""radius"": 5.0}]"
safety_margin_covariance,300,60.0,2,71.381,50.477,86.0,90.0,50.0,50.0,,,false_negative+position_noise+confidence_error,,trust_weighted_fusion,move,covariance,2.5,1.0,,1,0,42.14,8.342,16.386,uav_1,8.342,False,False,False,False,False,1,"[{""id"": ""obstacle_0"", ""kind"": ""static_obstacle"", ""x"": 50.0, ""y"": 50.0, ""radius"": 5.0}]"
safety_margin_covariance,300,60.0,3,77.711,61.297,90.0,86.0,50.0,50.0,,,position_noise+confidence_error,,trust_weighted_fusion,move,covariance,2.5,1.0,,1,0,27.591,12.536,24.925,uav_2,12.536,False,False,False,False,False,1,"[{""id"": ""obstacle_0"", ""kind"": ""static_obstacle"", ""x"": 50.0, ""y"": 50.0, ""radius"": 5.0}]"
safety_margin_covariance,301,60.2,0,62.35,36.806,94.0,90.0,50.0,50.0,48.5,48.369,position_noise+confidence_error,0.0,trust_weighted_fusion,avoidance,covariance,2.5,1.0,,2,0,61.898,8.37,13.072,uav_1,8.37,False,False,False,False,False,1,"[{""id"": ""obstacle_0"", ""kind"": ""static_obstacle"", ""x"": 50.0, ""y"": 50.0, ""radius"": 5.0}]"
safety_margin_covariance,301,60.2,1,67.507,43.399,90.0,94.0,50.0,50.0,48.5,48.369,false_negative+position_noise+confidence_error,0.0,trust_weighted_fusion,avoidance,covariance,2.5,1.0,,3,0,55.375,8.341,13.71,uav_2,8.341,False,False,False,False,False,1,"[{""id"": ""obstacle_0"", ""kind"": ""static_obstacle"", ""x"": 50.0, ""y"": 50.0, ""radius"": 5.0}]"
safety_margin_covariance,301,60.2,2,71.476,50.735,86.0,90.0,50.0,50.0,,,position_noise+confidence_error,,trust_weighted_fusion,move,covariance,2.5,1.0,,2,0,41.865,8.341,16.489,uav_1,8.341,False,False,False,False,False,1,"[{""id"": ""obstacle_0"", ""kind"": ""static_obstacle"", ""x"": 50.0, ""y"": 50.0, ""radius"": 5.0}]"
safety_margin_covariance,301,60.2,3,77.833,61.544,90.0,86.0,50.0,50.0,,,position_noise+confidence_error,,trust_weighted_fusion,move,covariance,2.5,1.0,,1,0,27.316,12.54,25.132,uav_2,12.54,False,False,False,False,False,1,"[{""id"": ""obstacle_0"", ""kind"": ""static_obstacle"", ""x"": 50.0, ""y"": 50.0, ""radius"": 5.0}]"
safety_margin_covariance,302,60.4,0,62.596,36.928,94.0,90.0,50.0,50.0,52.57,51.357,false_negative+position_noise+confidence_error,0.378,trust_weighted_fusion,avoidance,covariance,2.5,1.0,,1,0,61.667,8.391,13.153,uav_1,8.391,False,False,False,False,False,1,"[{""id"": ""obstacle_0"", ""kind"": ""static_obstacle"", ""x"": 50.0, ""y"": 50.0, ""radius"": 5.0}]"
safety_margin_covariance,302,60.4,1,67.618,43.65,90.0,94.0,50.0,50.0,52.57,51.357,false_negative+position_noise+confidence_error,0.378,trust_weighted_fusion,avoidance,covariance,2.5,1.0,,3,0,55.1,8.34,13.727,uav_2,8.34,False,False,False,False,False,1,"[{""id"": ""obstacle_0"", ""kind"": ""static_obstacle"", ""x"": 50.0, ""y"": 50.0, ""radius"": 5.0}]"
safety_margin_covariance,302,60.4,2,71.633,50.96,86.0,90.0,50.0,50.0,52.57,51.357,false_negative+position_noise+confidence_error,0.378,trust_weighted_fusion,avoidance,covariance,2.5,1.0,,2,0,41.599,8.34,16.655,uav_1,8.34,False,False,False,False,False,1,"[{""id"": ""obstacle_0"", ""kind"": ""static_obstacle"", ""x"": 50.0, ""y"": 50.0, ""radius"": 5.0}]"
safety_margin_covariance,302,60.4,3,77.956,61.79,90.0,86.0,50.0,50.0,,,position_noise+confidence_error,,trust_weighted_fusion,move,covariance,2.5,1.0,,1,0,27.041,12.54,25.34,uav_2,12.54,False,False,False,False,False,1,"[{""id"": ""obstacle_0"", ""kind"": ""static_obstacle"", ""x"": 50.0, ""y"": 50.0, ""radius"": 5.0}]"
safety_margin_covariance,303,60.6,0,62.827,37.077,94.0,90.0,50.0,50.0,49.066,48.439,false_negative+position_noise+confidence_error,0.334,trust_weighted_fusion,avoidance,covariance,2.5,1.0,,1,0,61.421,8.407,13.208,uav_1,8.407,False,False,False,False,False,1,"[{""id"": ""obstacle_0"", ""kind"": ""static_obstacle"", ""x"": 50.0, ""y"": 50.0, ""radius"": 5.0}]"
safety_margin_covariance,303,60.6,1,67.8,43.856,90.0,94.0,50.0,50.0,49.066,48.439,false_negative+position_noise+confidence_error,0.334,trust_weighted_fusion,avoidance,covariance,2.5,1.0,,2,0,54.838,8.345,13.831,uav_2,8.345,False,False,False,False,False,1,"[{""id"": ""obstacle_0"", ""kind"": ""static_obstacle"", ""x"": 50.0, ""y"": 50.0, ""radius"": 5.0}]"
safety_margin_covariance,303,60.6,2,71.728,51.218,86.0,90.0,50.0,50.0,,,position_noise+confidence_error,,trust_weighted_fusion,move,covariance,2.5,1.0,,2,0,41.324,8.345,16.762,uav_1,8.345,False,False,False,False,False,1,"[{""id"": ""obstacle_0"", ""kind"": ""static_obstacle"", ""x"": 50.0, ""y"": 50.0, ""radius"": 5.0}]"
safety_margin_covariance,303,60.6,3,78.134,62.148,90.0,86.0,50.0,50.0,,,false_negative+confidence_error,,trust_weighted_fusion,move,covariance,0.0,0.0,,0,0,26.641,12.668,25.644,uav_2,12.668,False,False,False,False,False,1,"[{""id"": ""obstacle_0"", ""kind"": ""static_obstacle"", ""x"": 50.0, ""y"": 50.0, ""radius"": 5.0}]"
safety_margin_covariance,304,60.8,0,63.055,37.231,94.0,90.0,50.0,50.0,48.807,48.462,false_negative+position_noise+confidence_error,0.244,trust_weighted_fusion,avoidance,covariance,2.5,1.0,,2,0,61.173,8.423,13.262,uav_1,8.423,False,False,False,False,False,1,"[{""id"": ""obstacle_0"", ""kind"": ""static_obstacle"", ""x"": 50.0, ""y"": 50.0, ""radius"": 5.0}]"
safety_margin_covariance,304,60.8,1,67.98,44.064,90.0,94.0,50.0,50.0,48.807,48.462,false_negative+position_noise+confidence_error,0.244,trust_weighted_fusion,avoidance,covariance,2.5,1.0,,2,0,54.575,8.349,13.935,uav_2,8.349,False,False,False,False,False,1,"[{""id"": ""obstacle_0"", ""kind"": ""static_obstacle"", ""x"": 50.0, ""y"": 50.0, ""radius"": 5.0}]"
safety_margin_covariance,304,60.8,2,71.823,51.476,86.0,90.0,50.0,50.0,,,position_noise+confidence_error,,trust_weighted_fusion,move,covariance,2.5,1.0,,2,0,41.049,8.349,16.873,uav_1,8.349,False,False,False,False,False,1,"[{""id"": ""obstacle_0"", ""kind"": ""static_obstacle"", ""x"": 50.0, ""y"": 50.0, ""radius"": 5.0}]"
safety_margin_covariance,304,60.8,3,78.256,62.394,90.0,86.0,50.0,50.0,,,position_noise+confidence_error,,trust_weighted_fusion,move,covariance,2.5,1.0,,1,0,26.366,12.672,25.855,uav_2,12.672,False,False,False,False,False,1,"[{""id"": ""obstacle_0"", ""kind"": ""static_obstacle"", ""x"": 50.0, ""y"": 50.0, ""radius"": 5.0}]"
safety_margin_covariance,305,61.0,0,63.281,37.387,94.0,90.0,50.0,50.0,48.74,49.012,false_negative+confidence_error,0.208,trust_weighted_fusion,avoidance,covariance,2.5,1.0,,1,0,60.924,8.438,13.316,uav_1,8.438,False,False,False,False,False,1,"[{""id"": ""obstacle_0"", ""kind"": ""static_obstacle"", ""x"": 50.0, ""y"": 50.0, ""radius"": 5.0}]"
safety_margin_covariance,305,61.0,1,68.16,44.273,90.0,94.0,50.0,50.0,48.74,49.012,position_noise+confidence_error,0.208,trust_weighted_fusion,avoidance,covariance,2.5,1.0,,3,0,54.312,8.335,14.041,uav_2,8.335,False,False,False,False,False,1,"[{""id"": ""obstacle_0"", ""kind"": ""static_obstacle"", ""x"": 50.0, ""y"": 50.0, ""radius"": 5.0}]"
safety_margin_covariance,305,61.0,2,71.84,51.751,86.0,90.0,50.0,50.0,,,position_noise+confidence_error,,trust_weighted_fusion,avoidance,covariance,2.5,1.0,,2,0,40.786,8.335,16.91,uav_1,8.335,False,False,False,False,False,1,"[{""id"": ""obstacle_0"", ""kind"": ""static_obstacle"", ""x"": 50.0, ""y"": 50.0, ""radius"": 5.0}]"
safety_margin_covariance,305,61.0,3,78.434,62.752,90.0,86.0,50.0,50.0,,,false_negative+confidence_error,,trust_weighted_fusion,move,covariance,0.0,0.0,,0,0,25.966,12.826,26.163,uav_2,12.826,False,False,False,False,False,1,"[{""id"": ""obstacle_0"", ""kind"": ""static_obstacle"", ""x"": 50.0, ""y"": 50.0, ""radius"": 5.0}]"
safety_margin_covariance,306,61.2,0,63.42,37.624,94.0,90.0,50.0,50.0,,,false_negative+position_noise+confidence_error,,trust_weighted_fusion,move,covariance,2.5,1.0,,1,0,60.649,8.436,13.255,uav_1,8.436,False,False,False,False,False,1,"[{""id"": ""obstacle_0"", ""kind"": ""static_obstacle"", ""x"": 50.0, ""y"": 50.0, ""radius"": 5.0}]"
safety_margin_covariance,306,61.2,1,68.356,44.465,90.0,94.0,50.0,50.0,50.802,53.407,false_negative+position_noise+confidence_error,0.192,trust_weighted_fusion,avoidance,covariance,2.5,1.0,,2,0,54.057,8.336,14.172,uav_2,8.336,False,False,False,False,False,1,"[{""id"": ""obstacle_0"", ""kind"": ""static_obstacle"", ""x"": 50.0, ""y"": 50.0, ""radius"": 5.0}]"
safety_margin_covariance,306,61.2,2,71.87,52.024,86.0,90.0,50.0,50.0,,,position_noise+confidence_error,,trust_weighted_fusion,avoidance,covariance,2.5,1.0,,2,0,40.519,8.336,16.964,uav_1,8.336,False,False,False,False,False,1,"[{""id"": ""obstacle_0"", ""kind"": ""static_obstacle"", ""x"": 50.0, ""y"": 50.0, ""radius"": 5.0}]"
safety_margin_covariance,306,61.2,3,78.557,62.998,90.0,86.0,50.0,50.0,,,position_noise+confidence_error,,trust_weighted_fusion,move,covariance,2.5,1.0,,1,0,25.691,12.851,26.376,uav_2,12.851,False,False,False,False,False,1,"[{""id"": ""obstacle_0"", ""kind"": ""static_obstacle"", ""x"": 50.0, ""y"": 50.0, ""radius"": 5.0}]"
safety_margin_covariance,307,61.4,0,63.559,37.862,94.0,90.0,50.0,50.0,48.498,53.837,false_negative+position_noise+confidence_error,0.308,trust_weighted_fusion,move,covariance,2.5,1.0,,1,0,60.374,8.431,13.198,uav_1,8.431,False,False,False,False,False,1,"[{""id"": ""obstacle_0"", ""kind"": ""static_obstacle"", ""x"": 50.0, ""y"": 50.0, ""radius"": 5.0}]"
safety_margin_covariance,307,61.4,1,68.466,44.717,90.0,94.0,50.0,50.0,51.299,50.902,false_negative+position_noise+confidence_error,0.185,trust_weighted_fusion,move,covariance,2.5,1.0,,2,0,53.782,8.335,14.207,uav_2,8.335,False,False,False,False,False,1,"[{""id"": ""obstacle_0"", ""kind"": ""static_obstacle"", ""x"": 50.0, ""y"": 50.0, ""radius"": 5.0}]"
safety_margin_covariance,307,61.4,2,71.966,52.282,86.0,90.0,50.0,50.0,,,position_noise+confidence_error,,trust_weighted_fusion,move,covariance,2.5,1.0,,2,0,40.244,8.335,17.085,uav_1,8.335,False,False,False,False,False,1,"[{""id"": ""obstacle_0"", ""kind"": ""static_obstacle"", ""x"": 50.0, ""y"": 50.0, ""radius"": 5.0}]"
safety_margin_covariance,307,61.4,3,78.679,63.245,90.0,86.0,50.0,50.0,,,position_noise+confidence_error,,trust_weighted_fusion,move,covariance,2.5,1.0,,1,0,25.416,12.855,26.59,uav_2,12.855,False,False,False,False,False,1,"[{""id"": ""obstacle_0"", ""kind"": ""static_obstacle"", ""x"": 50.0, ""y"": 50.0, ""radius"": 5.0}]"
safety_margin_covariance,308,61.6,0,63.8,37.994,94.0,90.0,50.0,50.0,52.449,51.456,position_noise+confidence_error,0.182,trust_weighted_fusion,avoidance,covariance,2.5,1.0,,2,0,60.139,8.453,13.291,uav_1,8.453,False,False,False,False,False,1,"[{""id"": ""obstacle_0"", ""kind"": ""static_obstacle"", ""x"": 50.0, ""y"": 50.0, ""radius"": 5.0}]"
safety_margin_covariance,308,61.6,1,68.666,44.906,90.0,94.0,50.0,50.0,52.449,51.456,position_noise+confidence_error,0.182,trust_weighted_fusion,avoidance,covariance,2.5,1.0,,3,0,53.529,8.329,14.348,uav_2,8.329,False,False,False,False,False,1,"[{""id"": ""obstacle_0"", ""kind"": ""static_obstacle"", ""x"": 50.0, ""y"": 50.0, ""radius"": 5.0}]"
safety_margin_covariance,308,61.6,2,71.958,52.557,86.0,90.0,50.0,50.0,52.449,51.456,position_noise+confidence_error,0.182,trust_weighted_fusion,avoidance,covariance,2.5,1.0,,3,0,39.99,8.329,17.106,uav_1,8.329,False,False,False,False,False,1,"[{""id"": ""obstacle_0"", ""kind"": ""static_obstacle"", ""x"": 50.0, ""y"": 50.0, ""radius"": 5.0}]"
safety_margin_covariance,308,61.6,3,78.858,63.603,90.0,86.0,50.0,50.0,,,false_negative+confidence_error,,trust_weighted_fusion,move,covariance,0.0,0.0,,0,0,25.016,13.024,26.903,uav_2,13.024,False,False,False,False,False,1,"[{""id"": ""obstacle_0"", ""kind"": ""static_obstacle"", ""x"": 50.0, ""y"": 50.0, ""radius"": 5.0}]"
safety_margin_covariance,309,61.8,0,64.001,38.34,94.0,90.0,50.0,50.0,,,false_negative+confidence_error,,trust_weighted_fusion,move,covariance,0.0,0.0,,0,0,59.739,8.324,13.22,uav_1,8.324,False,False,False,False,False,1,"[{""id"": ""obstacle_0"", ""kind"": ""static_obstacle"", ""x"": 50.0, ""y"": 50.0, ""radius"": 5.0}]"
safety_margin_covariance,309,61.8,1,68.775,45.158,90.0,94.0,50.0,50.0,46.116,50.009,false_negative+position_noise+confidence_error,0.176,trust_weighted_fusion,move,covariance,2.5,1.0,,1,0,53.254,8.324,14.39,uav_0,8.324,False,False,False,False,False,1,"[{""id"": ""obstacle_0"", ""kind"": ""static_obstacle"", ""x"": 50.0, ""y"": 50.0, ""radius"": 5.0}]"
safety_margin_covariance,309,61.8,2,72.098,52.931,86.0,90.0,50.0,50.0,,,false_negative+confidence_error,,trust_weighted_fusion,move,covariance,0.0,0.0,,0,0,39.59,8.454,17.292,uav_1,8.454,False,False,False,False,False,1,"[{""id"": ""obstacle_0"", ""kind"": ""static_obstacle"", ""x"": 50.0, ""y"": 50.0, ""radius"": 5.0}]"
safety_margin_covariance,309,61.8,3,78.98,63.849,90.0,86.0,50.0,50.0,,,position_noise+confidence_error,,trust_weighted_fusion,move,covariance,2.5,1.0,,1,0,24.741,12.905,27.119,uav_2,12.905,False,False,False,False,False,1,"[{""id"": ""obstacle_0"", ""kind"": ""static_obstacle"", ""x"": 50.0, ""y"": 50.0, ""radius"": 5.0}]"
safety_margin_covariance,310,62.0,0,64.139,38.578,94.0,90.0,50.0,50.0,,,false_negative+position_noise+confidence_error,,trust_weighted_fusion,move,covariance,2.5,1.0,,1,0,59.464,8.319,13.176,uav_1,8.319,False,False,False,False,False,1,"[{""id"": ""obstacle_0"", ""kind"": ""static_obstacle"", ""x"": 50.0, ""y"": 50.0, ""radius"": 5.0}]"
safety_margin_covariance,310,62.0,1,68.885,45.41,90.0,94.0,50.0,50.0,,,false_negative+position_noise+confidence_error,,trust_weighted_fusion,move,covariance,2.5,1.0,,1,0,52.979,8.319,14.435,uav_0,8.319,False,False,False,False,False,1,"[{""id"": ""obstacle_0"", ""kind"": ""static_obstacle"", ""x"": 50.0, ""y"": 50.0, ""radius"": 5.0}]"
safety_margin_covariance,310,62.0,2,72.195,53.189,86.0,90.0,50.0,50.0,,,false_negative+position_noise+confidence_error,,trust_weighted_fusion,move,covariance,2.5,1.0,,1,0,39.315,8.453,17.423,uav_1,8.453,False,False,False,False,False,1,"[{""id"": ""obstacle_0"", ""kind"": ""static_obstacle"", ""x"": 50.0, ""y"": 50.0, ""radius"": 5.0}]"
safety_margin_covariance,310,62.0,3,79.103,64.095,90.0,86.0,50.0,50.0,,,position_noise+confidence_error,,trust_weighted_fusion,move,covariance,2.5,1.0,,1,0,24.466,12.91,27.336,uav_2,12.91,False,False,False,False,False,1,"[{""id"": ""obstacle_0"", ""kind"": ""static_obstacle"", ""x"": 50.0, ""y"": 50.0, ""radius"": 5.0}]"
safety_margin_covariance,311,62.2,0,64.254,38.328,94.0,90.0,50.0,50.0,,,false_negative+position_noise+confidence_error,,trust_weighted_fusion,avoidance,covariance,2.5,1.0,,1,0,59.622,8.733,13.423,uav_1,8.733,False,False,False,False,False,1,"[{""id"": ""obstacle_0"", ""kind"": ""static_obstacle"", ""x"": 50.0, ""y"": 50.0, ""radius"": 5.0}]"
safety_margin_covariance,311,62.2,1,68.995,45.663,90.0,94.0,50.0,50.0,,,false_negative+position_noise+confidence_error,,trust_weighted_fusion,move,covariance,2.5,1.0,,2,0,52.704,8.453,14.484,uav_2,8.453,False,False,False,False,False,1,"[{""id"": ""obstacle_0"", ""kind"": ""static_obstacle"", ""x"": 50.0, ""y"": 50.0, ""radius"": 5.0}]"
safety_margin_covariance,311,62.2,2,72.292,53.446,86.0,90.0,50.0,50.0,,,position_noise+confidence_error,,trust_weighted_fusion,move,covariance,2.5,1.0,,2,0,39.04,8.453,17.556,uav_1,8.453,False,False,False,False,False,1,"[{""id"": ""obstacle_0"", ""kind"": ""static_obstacle"", ""x"": 50.0, ""y"": 50.0, ""radius"": 5.0}]"
safety_margin_covariance,311,62.2,3,79.281,64.453,90.0,86.0,50.0,50.0,,,false_negative+confidence_error,,trust_weighted_fusion,move,covariance,0.0,0.0,,0,0,24.066,13.038,27.654,uav_2,13.038,False,False,False,False,False,1,"[{""id"": ""obstacle_0"", ""kind"": ""static_obstacle"", ""x"": 50.0, ""y"": 50.0, ""radius"": 5.0}]"
safety_margin_covariance,312,62.4,0,64.454,38.675,94.0,90.0,50.0,50.0,,,false_negative+confidence_error,,trust_weighted_fusion,move,covariance,0.0,0.0,,0,0,59.222,8.605,13.362,uav_1,8.605,False,False,False,False,False,1,"[{""id"": ""obstacle_0"", ""kind"": ""static_obstacle"", ""x"": 50.0, ""y"": 50.0, ""radius"": 5.0}]"
safety_margin_covariance,312,62.4,1,69.104,45.915,90.0,94.0,50.0,50.0,46.464,53.347,false_negative+position_noise+confidence_error,0.058,trust_weighted_fusion,move,covariance,2.5,1.0,,2,0,52.429,8.417,14.536,uav_2,8.417,False,False,False,False,False,1,"[{""id"": ""obstacle_0"", ""kind"": ""static_obstacle"", ""x"": 50.0, ""y"": 50.0, ""radius"": 5.0}]"
safety_margin_covariance,312,62.4,2,72.257,53.719,86.0,90.0,50.0,50.0,,,false_negative+position_noise+confidence_error,,trust_weighted_fusion,avoidance,covariance,2.5,1.0,,1,0,38.796,8.417,17.566,uav_1,8.417,False,False,False,False,False,1,"[{""id"": ""obstacle_0"", ""kind"": ""static_obstacle"", ""x"": 50.0, ""y"": 50.0, ""radius"": 5.0}]"
safety_margin_covariance,312,62.4,3,79.459,64.812,90.0,86.0,50.0,50.0,,,false_negative+confidence_error,,trust_weighted_fusion,move,covariance,0.0,0.0,,0,0,23.666,13.225,27.973,uav_2,13.225,False,False,False,False,False,1,"[{""id"": ""obstacle_0"", ""kind"": ""static_obstacle"", ""x"": 50.0, ""y"": 50.0, ""radius"": 5.0}]"
safety_margin_covariance,313,62.6,0,64.676,38.837,94.0,90.0,50.0,50.0,50.061,45.807,false_negative+confidence_error,0.088,trust_weighted_fusion,avoidance,covariance,2.5,1.0,,1,0,58.971,8.623,13.439,uav_1,8.623,False,False,False,False,False,1,"[{""id"": ""obstacle_0"", ""kind"": ""static_obstacle"", ""x"": 50.0, ""y"": 50.0, ""radius"": 5.0}]"
safety_margin_covariance,313,62.6,1,69.265,46.138,90.0,94.0,50.0,50.0,50.061,45.807,false_negative+position_noise+confidence_error,0.088,trust_weighted_fusion,avoidance,covariance,2.5,1.0,,2,0,52.161,8.413,14.649,uav_2,8.413,False,False,False,False,False,1,"[{""id"": ""obstacle_0"", ""kind"": ""static_obstacle"", ""x"": 50.0, ""y"": 50.0, ""radius"": 5.0}]"
safety_margin_covariance,313,62.6,2,72.275,53.994,86.0,90.0,50.0,50.0,,,false_negative+position_noise+confidence_error,,trust_weighted_fusion,avoidance,covariance,2.5,1.0,,1,0,38.533,8.413,17.631,uav_1,8.413,False,False,False,False,False,1,"[{""id"": ""obstacle_0"", ""kind"": ""static_obstacle"", ""x"": 50.0, ""y"": 50.0, ""radius"": 5.0}]"
safety_margin_covariance,313,62.6,3,79.581,65.058,90.0,86.0,50.0,50.0,,,position_noise+confidence_error,,trust_weighted_fusion,move,covariance,2.5,1.0,,1,0,23.391,13.259,28.193,uav_2,13.259,False,False,False,False,False,1,"[{""id"": ""obstacle_0"", ""kind"": ""static_obstacle"", ""x"": 50.0, ""y"": 50.0, ""radius"": 5.0}]"
safety_margin_covariance,314,62.8,0,64.909,38.983,94.0,90.0,50.0,50.0,52.49,53.33,position_noise+confidence_error,0.058,trust_weighted_fusion,avoidance,covariance,2.5,1.0,,2,0,58.728,8.644,13.538,uav_1,8.644,False,False,False,False,False,1,"[{""id"": ""obstacle_0"", ""kind"": ""static_obstacle"", ""x"": 50.0, ""y"": 50.0, ""radius"": 5.0}]"
safety_margin_covariance,314,62.8,1,69.462,46.331,90.0,94.0,50.0,50.0,52.49,53.33,false_negative+position_noise+confidence_error,0.058,trust_weighted_fusion,avoidance,covariance,2.5,1.0,,2,0,51.906,8.432,14.804,uav_2,8.432,False,False,False,False,False,1,"[{""id"": ""obstacle_0"", ""kind"": ""static_obstacle"", ""x"": 50.0, ""y"": 50.0, ""radius"": 5.0}]"
safety_margin_covariance,314,62.8,2,72.426,54.224,86.0,90.0,50.0,50.0,52.49,53.33,false_negative+position_noise+confidence_error,0.058,trust_weighted_fusion,avoidance,covariance,2.5,1.0,,2,0,38.265,8.432,17.82,uav_1,8.432,False,False,False,False,False,1,"[{""id"": ""obstacle_0"", ""kind"": ""static_obstacle"", ""x"": 50.0, ""y"": 50.0, ""radius"": 5.0}]"
safety_margin_covariance,314,62.8,3,79.704,65.304,90.0,86.0,50.0,50.0,,,position_noise+confidence_error,,trust_weighted_fusion,move,covariance,2.5,1.0,,1,0,23.116,13.257,28.414,uav_2,13.257,False,False,False,False,False,1,"[{""id"": ""obstacle_0"", ""kind"": ""static_obstacle"", ""x"": 50.0, ""y"": 50.0, ""radius"": 5.0}]"
safety_margin_covariance,315,63.0,0,65.045,39.222,94.0,90.0,50.0,50.0,49.374,52.327,false_negative+position_noise+confidence_error,0.448,trust_weighted_fusion,move,covariance,2.5,1.0,,1,0,58.453,8.604,13.507,uav_1,8.604,False,False,False,False,False,1,"[{""id"": ""obstacle_0"", ""kind"": ""static_obstacle"", ""x"": 50.0, ""y"": 50.0, ""radius"": 5.0}]"
safety_margin_covariance,315,63.0,1,69.462,46.606,90.0,94.0,50.0,50.0,,,false_negative+position_noise+confidence_error,,trust_weighted_fusion,avoidance,covariance,2.5,1.0,,2,0,51.653,8.45,14.755,uav_2,8.45,False,False,False,False,False,1,"[{""id"": ""obstacle_0"", ""kind"": ""static_obstacle"", ""x"": 50.0, ""y"": 50.0, ""radius"": 5.0}]"
safety_margin_covariance,315,63.0,2,72.523,54.481,86.0,90.0,50.0,50.0,,,false_negative+position_noise+confidence_error,,trust_weighted_fusion,move,covariance,2.5,1.0,,1,0,37.99,8.45,17.965,uav_1,8.45,False,False,False,False,False,1,"[{""id"": ""obstacle_0"", ""kind"": ""static_obstacle"", ""x"": 50.0, ""y"": 50.0, ""radius"": 5.0}]"
safety_margin_covariance,315,63.0,3,79.882,65.662,90.0,86.0,50.0,50.0,,,false_negative+confidence_error,,trust_weighted_fusion,move,covariance,0.0,0.0,,0,0,22.716,13.385,28.738,uav_2,13.385,False,False,False,False,False,1,"[{""id"": ""obstacle_0"", ""kind"": ""static_obstacle"", ""x"": 50.0, ""y"": 50.0, ""radius"": 5.0}]"
safety_margin_covariance,316,63.2,0,65.271,39.379,94.0,90.0,50.0,50.0,50.762,50.029,false_negative+position_noise+confidence_error,0.389,trust_weighted_fusion,avoidance,covariance,2.5,1.0,,1,0,58.205,8.625,13.601,uav_1,8.625,False,False,False,False,False,1,"[{""id"": ""obstacle_0"", ""kind"": ""static_obstacle"", ""x"": 50.0, ""y"": 50.0, ""radius"": 5.0}]"
safety_margin_covariance,316,63.2,1,69.638,46.817,90.0,94.0,50.0,50.0,50.762,50.029,position_noise+confidence_error,0.389,trust_weighted_fusion,avoidance,covariance,2.5,1.0,,3,0,51.39,8.465,14.894,uav_2,8.465,False,False,False,False,False,1,"[{""id"": ""obstacle_0"", ""kind"": ""static_obstacle"", ""x"": 50.0, ""y"": 50.0, ""radius"": 5.0}]"
safety_margin_covariance,316,63.2,2,72.621,54.738,86.0,90.0,50.0,50.0,,,position_noise+confidence_error,,trust_weighted_fusion,move,covariance,2.5,1.0,,2,0,37.715,8.465,18.112,uav_1,8.465,False,False,False,False,False,1,"[{""id"": ""obstacle_0"", ""kind"": ""static_obstacle"", ""x"": 50.0, ""y"": 50.0, ""radius"": 5.0}]"
safety_margin_covariance,316,63.2,3,80.004,65.908,90.0,86.0,50.0,50.0,,,position_noise+confidence_error,,trust_weighted_fusion,move,covariance,2.5,1.0,,1,0,22.441,13.39,28.961,uav_2,13.39,False,False,False,False,False,1,"[{""id"": ""obstacle_0"", ""kind"": ""static_obstacle"", ""x"": 50.0, ""y"": 50.0, ""radius"": 5.0}]"
safety_margin_covariance,317,63.4,0,65.503,39.526,94.0,90.0,50.0,50.0,52.381,51.615,position_noise+confidence_error,0.615,trust_weighted_fusion,avoidance,covariance,2.5,1.0,,2,0,57.963,8.649,13.709,uav_1,8.649,False,False,False,False,False,1,"[{""id"": ""obstacle_0"", ""kind"": ""static_obstacle"", ""x"": 50.0, ""y"": 50.0, ""radius"": 5.0}]"
safety_margin_covariance,317,63.4,1,69.825,47.018,90.0,94.0,50.0,50.0,52.381,51.615,false_negative+position_noise+confidence_error,0.615,trust_weighted_fusion,avoidance,covariance,2.5,1.0,,2,0,51.131,8.611,15.048,uav_2,8.611,False,False,False,False,False,1,"[{""id"": ""obstacle_0"", ""kind"": ""static_obstacle"", ""x"": 50.0, ""y"": 50.0, ""radius"": 5.0}]"
safety_margin_covariance,317,63.4,2,72.763,55.112,86.0,90.0,50.0,50.0,,,false_negative+confidence_error,,trust_weighted_fusion,move,covariance,0.0,0.0,,0,0,37.315,8.611,18.33,uav_1,8.611,False,False,False,False,False,1,"[{""id"": ""obstacle_0"", ""kind"": ""static_obstacle"", ""x"": 50.0, ""y"": 50.0, ""radius"": 5.0}]"
safety_margin_covariance,317,63.4,3,80.127,66.155,90.0,86.0,50.0,50.0,,,position_noise+confidence_error,,trust_weighted_fusion,move,covariance,2.5,1.0,,1,0,22.166,13.273,29.185,uav_2,13.273,False,False,False,False,False,1,"[{""id"": ""obstacle_0"", ""kind"": ""static_obstacle"", ""x"": 50.0, ""y"": 50.0, ""radius"": 5.0}]"
safety_margin_covariance,318,63.6,0,65.7,39.875,94.0,90.0,50.0,50.0,,,false_negative+confidence_error,,trust_weighted_fusion,move,covariance,0.0,0.0,,0,0,57.563,8.522,13.682,uav_1,8.522,False,False,False,False,False,1,"[{""id"": ""obstacle_0"", ""kind"": ""static_obstacle"", ""x"": 50.0, ""y"": 50.0, ""radius"": 5.0}]"
safety_margin_covariance,318,63.6,1,69.934,47.271,90.0,94.0,50.0,50.0,,,position_noise+confidence_error,,trust_weighted_fusion,move,covariance,2.5,1.0,,2,0,50.856,8.522,15.12,uav_0,8.522,False,False,False,False,False,1,"[{""id"": ""obstacle_0"", ""kind"": ""static_obstacle"", ""x"": 50.0, ""y"": 50.0, ""radius"": 5.0}]"
safety_margin_covariance,318,63.6,2,72.86,55.369,86.0,90.0,50.0,50.0,,,position_noise+confidence_error,,trust_weighted_fusion,move,covariance,2.5,1.0,,2,0,37.04,8.611,18.482,uav_1,8.611,False,False,False,False,False,1,"[{""id"": ""obstacle_0"", ""kind"": ""static_obstacle"", ""x"": 50.0, ""y"": 50.0, ""radius"": 5.0}]"
safety_margin_covariance,318,63.6,3,80.305,66.513,90.0,86.0,50.0,50.0,,,false_negative+confidence_error,,trust_weighted_fusion,move,covariance,0.0,0.0,,0,0,21.766,13.401,29.512,uav_2,13.401,False,False,False,False,False,1,"[{""id"": ""obstacle_0"", ""kind"": ""static_obstacle"", ""x"": 50.0, ""y"": 50.0, ""radius"": 5.0}]"
safety_margin_covariance,319,63.8,0,65.922,40.037,94.0,90.0,50.0,50.0,50.931,51.692,false_negative+position_noise+confidence_error,0.42,trust_weighted_fusion,avoidance,covariance,2.5,1.0,,1,0,57.312,8.542,13.782,uav_1,8.542,False,False,False,False,False,1,"[{""id"": ""obstacle_0"", ""kind"": ""static_obstacle"", ""x"": 50.0, ""y"": 50.0, ""radius"": 5.0}]"
safety_margin_covariance,319,63.8,1,70.111,47.481,90.0,94.0,50.0,50.0,50.931,51.692,false_negative+position_noise+confidence_error,0.42,trust_weighted_fusion,avoidance,covariance,2.5,1.0,,2,0,50.593,8.542,15.268,uav_0,8.542,False,False,False,False,False,1,"[{""id"": ""obstacle_0"", ""kind"": ""static_obstacle"", ""x"": 50.0, ""y"": 50.0, ""radius"": 5.0}]"
safety_margin_covariance,319,63.8,2,72.958,55.626,86.0,90.0,50.0,50.0,,,false_negative+position_noise+confidence_error,,trust_weighted_fusion,move,covariance,2.5,1.0,,1,0,36.765,8.629,18.637,uav_1,8.629,False,False,False,False,False,1,"[{""id"": ""obstacle_0"", ""kind"": ""static_obstacle"", ""x"": 50.0, ""y"": 50.0, ""radius"": 5.0}]"
safety_margin_covariance,319,63.8,3,80.428,66.759,90.0,86.0,50.0,50.0,,,position_noise+confidence_error,,trust_weighted_fusion,move,covariance,2.5,1.0,,1,0,21.491,13.406,29.738,uav_2,13.406,False,False,False,False,False,1,"[{""id"": ""obstacle_0"", ""kind"": ""static_obstacle"", ""x"": 50.0, ""y"": 50.0, ""radius"": 5.0}]"
safety_margin_covariance,320,64.0,0,66.057,40.276,94.0,90.0,50.0,50.0,,,false_negative+position_noise+confidence_error,,trust_weighted_fusion,move,covariance,2.5,1.0,,1,0,57.037,8.54,13.771,uav_1,8.54,False,False,False,False,False,1,"[{""id"": ""obstacle_0"", ""kind"": ""static_obstacle"", ""x"": 50.0, ""y"": 50.0, ""radius"": 5.0}]"
safety_margin_covariance,320,64.0,1,70.219,47.733,90.0,94.0,50.0,50.0,,,position_noise+confidence_error,,trust_weighted_fusion,move,covariance,2.5,1.0,,2,0,50.318,8.54,15.346,uav_0,8.54,False,False,False,False,False,1,"[{""id"": ""obstacle_0"", ""kind"": ""static_obstacle"", ""x"": 50.0, ""y"": 50.0, ""radius"": 5.0}]"
safety_margin_covariance,320,64.0,2,73.055,55.883,86.0,90.0,50.0,50.0,,,position_noise+confidence_error,,trust_weighted_fusion,move,covariance,2.5,1.0,,2,0,36.49,8.629,18.794,uav_1,8.629,False,False,False,False,False,1,"[{""id"": ""obstacle_0"", ""kind"": ""static_obstacle"", ""x"": 50.0, ""y"": 50.0, ""radius"": 5.0}]"
safety_margin_covariance,320,64.0,3,80.55,67.005,90.0,86.0,50.0,50.0,,,position_noise+confidence_error,,trust_weighted_fusion,move,covariance,2.5,1.0,,1,0,21.216,13.411,29.964,uav_2,13.411,False,False,False,False,False,1,"[{""id"": ""obstacle_0"", ""kind"": ""static_obstacle"", ""x"": 50.0, ""y"": 50.0, ""radius"": 5.0}]"
safety_margin_covariance,321,64.2,0,66.191,40.516,94.0,90.0,50.0,50.0,,,false_negative+position_noise+confidence_error,,trust_weighted_fusion,move,covariance,2.5,1.0,,1,0,56.762,8.663,13.765,uav_1,8.663,False,False,False,False,False,1,"[{""id"": ""obstacle_0"", ""kind"": ""static_obstacle"", ""x"": 50.0, ""y"": 50.0, ""radius"": 5.0}]"
safety_margin_covariance,321,64.2,1,70.377,48.101,90.0,94.0,50.0,50.0,,,dropout+confidence_error,,trust_weighted_fusion,move,covariance,0.0,0.0,,0,0,49.918,8.494,15.465,uav_2,8.494,False,False,False,False,False,1,"[{""id"": ""obstacle_0"", ""kind"": ""static_obstacle"", ""x"": 50.0, ""y"": 50.0, ""radius"": 5.0}]"
safety_margin_covariance,321,64.2,2,73.066,56.158,86.0,90.0,50.0,50.0,,,false_negative+position_noise+confidence_error,,trust_weighted_fusion,avoidance,covariance,2.5,1.0,,1,0,36.229,8.494,18.874,uav_1,8.494,False,False,False,False,False,1,"[{""id"": ""obstacle_0"", ""kind"": ""static_obstacle"", ""x"": 50.0, ""y"": 50.0, ""radius"": 5.0}]"
safety_margin_covariance,321,64.2,3,80.728,67.363,90.0,86.0,50.0,50.0,,,false_negative+confidence_error,,trust_weighted_fusion,move,covariance,0.0,0.0,,0,0,20.816,13.574,30.295,uav_2,13.574,False,False,False,False,False,1,"[{""id"": ""obstacle_0"", ""kind"": ""static_obstacle"", ""x"": 50.0, ""y"": 50.0, ""radius"": 5.0}]"
safety_margin_covariance,322,64.4,0,66.326,40.756,94.0,90.0,50.0,50.0,,,false_negative+position_noise+confidence_error,,trust_weighted_fusion,move,covariance,2.5,1.0,,1,0,56.487,8.786,13.762,uav_1,8.786,False,False,False,False,False,1,"[{""id"": ""obstacle_0"", ""kind"": ""static_obstacle"", ""x"": 50.0, ""y"": 50.0, ""radius"": 5.0}]"
safety_margin_covariance,322,64.4,1,70.534,48.469,90.0,94.0,50.0,50.0,,,dropout+confidence_error,,trust_weighted_fusion,move,covariance,0.0,0.0,,0,0,49.518,8.37,15.591,uav_2,8.37,False,False,False,False,False,1,"[{""id"": ""obstacle_0"", ""kind"": ""static_obstacle"", ""x"": 50.0, ""y"": 50.0, ""radius"": 5.0}]"
safety_margin_covariance,322,64.4,2,73.164,56.415,86.0,90.0,50.0,50.0,,,position_noise+confidence_error,,trust_weighted_fusion,move,covariance,2.5,1.0,,2,0,35.954,8.37,19.036,uav_1,8.37,False,False,False,False,False,1,"[{""id"": ""obstacle_0"", ""kind"": ""static_obstacle"", ""x"": 50.0, ""y"": 50.0, ""radius"": 5.0}]"
safety_margin_covariance,322,64.4,3,80.851,67.609,90.0,86.0,50.0,50.0,,,position_noise+confidence_error,,trust_weighted_fusion,move,covariance,2.5,1.0,,1,0,20.541,13.579,30.523,uav_2,13.579,False,False,False,False,False,1,"[{""id"": ""obstacle_0"", ""kind"": ""static_obstacle"", ""x"": 50.0, ""y"": 50.0, ""radius"": 5.0}]"
safety_margin_covariance,323,64.6,0,66.461,40.995,94.0,90.0,50.0,50.0,,,false_negative+position_noise+confidence_error,,trust_weighted_fusion,move,covariance,2.5,1.0,,1,0,56.212,8.91,13.763,uav_1,8.91,False,False,False,False,False,1,"[{""id"": ""obstacle_0"", ""kind"": ""static_obstacle"", ""x"": 50.0, ""y"": 50.0, ""radius"": 5.0}]"
safety_margin_covariance,323,64.6,1,70.691,48.837,90.0,94.0,50.0,50.0,,,dropout+confidence_error,,trust_weighted_fusion,move,covariance,0.0,0.0,,0,0,49.118,8.246,15.724,uav_2,8.246,False,False,False,False,False,1,"[{""id"": ""obstacle_0"", ""kind"": ""static_obstacle"", ""x"": 50.0, ""y"": 50.0, ""radius"": 5.0}]"
safety_margin_covariance,323,64.6,2,73.262,56.672,86.0,90.0,50.0,50.0,,,position_noise+confidence_error,,trust_weighted_fusion,move,covariance,2.5,1.0,,2,0,35.679,8.246,19.2,uav_1,8.246,False,False,False,False,False,1,"[{""id"": ""obstacle_0"", ""kind"": ""static_obstacle"", ""x"": 50.0, ""y"": 50.0, ""radius"": 5.0}]"
safety_margin_covariance,323,64.6,3,81.029,67.968,90.0,86.0,50.0,50.0,,,false_negative+confidence_error,,trust_weighted_fusion,move,covariance,0.0,0.0,,0,0,20.141,13.708,30.856,uav_2,13.708,False,False,False,False,False,1,"[{""id"": ""obstacle_0"", ""kind"": ""static_obstacle"", ""x"": 50.0, ""y"": 50.0, ""radius"": 5.0}]"
safety_margin_covariance,324,64.8,0,66.596,41.235,94.0,90.0,50.0,50.0,47.119,47.5,position_noise+confidence_error,0.049,trust_weighted_fusion,move,covariance,2.5,1.0,,2,0,55.937,9.033,13.768,uav_1,9.033,False,False,False,False,False,1,"[{""id"": ""obstacle_0"", ""kind"": ""static_obstacle"", ""x"": 50.0, ""y"": 50.0, ""radius"": 5.0}]"
safety_margin_covariance,324,64.8,1,70.848,49.205,90.0,94.0,50.0,50.0,,,dropout+confidence_error,,trust_weighted_fusion,move,covariance,0.0,0.0,,0,0,48.718,8.123,15.864,uav_2,8.123,False,False,False,False,False,1,"[{""id"": ""obstacle_0"", ""kind"": ""static_obstacle"", ""x"": 50.0, ""y"": 50.0, ""radius"": 5.0}]"
safety_margin_covariance,324,64.8,2,73.36,56.929,86.0,90.0,50.0,50.0,,,false_negative+position_noise+confidence_error,,trust_weighted_fusion,move,covariance,2.5,1.0,,1,0,35.404,8.123,19.366,uav_1,8.123,False,False,False,False,False,1,"[{""id"": ""obstacle_0"", ""kind"": ""static_obstacle"", ""x"": 50.0, ""y"": 50.0, ""radius"": 5.0}]"
safety_margin_covariance,324,64.8,3,81.151,68.214,90.0,86.0,50.0,50.0,,,position_noise+confidence_error,,trust_weighted_fusion,move,covariance,2.5,1.0,,1,0,19.866,13.713,31.085,uav_2,13.713,False,False,False,False,False,1,"[{""id"": ""obstacle_0"", ""kind"": ""static_obstacle"", ""x"": 50.0, ""y"": 50.0, ""radius"": 5.0}]"
safety_margin_covariance,325,65.0,0,66.73,41.475,94.0,90.0,50.0,50.0,,,false_negative+position_noise+confidence_error,,trust_weighted_fusion,move,covariance,2.5,1.0,,1,0,55.662,9.157,13.777,uav_1,9.157,False,False,False,False,False,1,"[{""id"": ""obstacle_0"", ""kind"": ""static_obstacle"", ""x"": 50.0, ""y"": 50.0, ""radius"": 5.0}]"
safety_margin_covariance,325,65.0,1,71.006,49.572,90.0,94.0,50.0,50.0,,,dropout+confidence_error,,trust_weighted_fusion,move,covariance,0.0,0.0,,0,0,48.318,7.999,16.01,uav_2,7.999,False,False,False,False,False,1,"[{""id"": ""obstacle_0"", ""kind"": ""static_obstacle"", ""x"": 50.0, ""y"": 50.0, ""radius"": 5.0}]"
safety_margin_covariance,325,65.0,2,73.459,57.186,86.0,90.0,50.0,50.0,,,position_noise+confidence_error,,trust_weighted_fusion,move,covariance,2.5,1.0,,2,0,35.129,7.999,19.535,uav_1,7.999,False,False,False,False,False,1,"[{""id"": ""obstacle_0"", ""kind"": ""static_obstacle"", ""x"": 50.0, ""y"": 50.0, ""radius"": 5.0}]"
safety_margin_covariance,325,65.0,3,81.33,68.572,90.0,86.0,50.0,50.0,,,false_negative+confidence_error,,trust_weighted_fusion,move,covariance,0.0,0.0,,0,0,19.466,13.842,31.421,uav_2,13.842,False,False,False,False,False,1,"[{""id"": ""obstacle_0"", ""kind"": ""static_obstacle"", ""x"": 50.0, ""y"": 50.0, ""radius"": 5.0}]"
safety_margin_covariance,326,65.2,0,66.865,41.715,94.0,90.0,50.0,50.0,,,false_negative+position_noise+confidence_error,,trust_weighted_fusion,move,covariance,2.5,1.0,,1,0,55.387,9.156,13.79,uav_1,9.156,False,False,False,False,False,1,"[{""id"": ""obstacle_0"", ""kind"": ""static_obstacle"", ""x"": 50.0, ""y"": 50.0, ""radius"": 5.0}]"
safety_margin_covariance,326,65.2,1,71.114,49.825,90.0,94.0,50.0,50.0,,,position_noise+confidence_error,,trust_weighted_fusion,move,covariance,2.5,1.0,,2,0,48.043,7.988,16.114,uav_2,7.988,False,False,False,False,False,1,"[{""id"": ""obstacle_0"", ""kind"": ""static_obstacle"", ""x"": 50.0, ""y"": 50.0, ""radius"": 5.0}]"
safety_margin_covariance,326,65.2,2,73.459,57.461,86.0,90.0,50.0,50.0,,,position_noise+confidence_error,,trust_weighted_fusion,avoidance,covariance,2.5,1.0,,2,0,34.872,7.988,19.617,uav_1,7.988,False,False,False,False,False,1,"[{""id"": ""obstacle_0"", ""kind"": ""static_obstacle"", ""x"": 50.0, ""y"": 50.0, ""radius"": 5.0}]"
safety_margin_covariance,326,65.2,3,81.452,68.818,90.0,86.0,50.0,50.0,,,position_noise+confidence_error,,trust_weighted_fusion,move,covariance,2.5,1.0,,1,0,19.191,13.888,31.652,uav_2,13.888,False,False,False,False,False,1,"[{""id"": ""obstacle_0"", ""kind"": ""static_obstacle"", ""x"": 50.0, ""y"": 50.0, ""radius"": 5.0}]"
safety_margin_covariance,327,65.4,0,67.071,41.897,94.0,90.0,50.0,50.0,50.368,47.511,position_noise+confidence_error,0.296,trust_weighted_fusion,avoidance,covariance,2.5,1.0,,2,0,55.128,9.299,13.897,uav_1,9.299,False,False,False,False,False,1,"[{""id"": ""obstacle_0"", ""kind"": ""static_obstacle"", ""x"": 50.0, ""y"": 50.0, ""radius"": 5.0}]"
safety_margin_covariance,327,65.4,1,71.271,50.193,90.0,94.0,50.0,50.0,,,false_negative+confidence_error,,trust_weighted_fusion,move,covariance,0.0,0.0,,0,0,47.643,7.864,16.272,uav_2,7.864,False,False,False,False,False,1,"[{""id"": ""obstacle_0"", ""kind"": ""static_obstacle"", ""x"": 50.0, ""y"": 50.0, ""radius"": 5.0}]"
safety_margin_covariance,327,65.4,2,73.558,57.717,86.0,90.0,50.0,50.0,,,false_negative+position_noise+confidence_error,,trust_weighted_fusion,move,covariance,2.5,1.0,,1,0,34.597,7.864,19.79,uav_1,7.864,False,False,False,False,False,1,"[{""id"": ""obstacle_0"", ""kind"": ""static_obstacle"", ""x"": 50.0, ""y"": 50.0, ""radius"": 5.0}]"
safety_margin_covariance,327,65.4,3,81.63,69.176,90.0,86.0,50.0,50.0,,,false_negative+confidence_error,,trust_weighted_fusion,move,covariance,0.0,0.0,,0,0,18.791,14.017,31.989,uav_2,14.017,False,False,False,False,False,1,"[{""id"": ""obstacle_0"", ""kind"": ""static_obstacle"", ""x"": 50.0, ""y"": 50.0, ""radius"": 5.0}]"
safety_margin_covariance,328,65.6,0,67.276,42.08,94.0,90.0,50.0,50.0,49.292,50.273,false_negative+position_noise+confidence_error,0.358,trust_weighted_fusion,avoidance,covariance,2.5,1.0,,1,0,54.868,9.318,14.005,uav_1,9.318,False,False,False,False,False,1,"[{""id"": ""obstacle_0"", ""kind"": ""static_obstacle"", ""x"": 50.0, ""y"": 50.0, ""radius"": 5.0}]"
safety_margin_covariance,328,65.6,1,71.379,50.446,90.0,94.0,50.0,50.0,,,false_negative+position_noise+confidence_error,,trust_weighted_fusion,move,covariance,2.5,1.0,,1,0,47.368,7.865,16.384,uav_2,7.865,False,False,False,False,False,1,"[{""id"": ""obstacle_0"", ""kind"": ""static_obstacle"", ""x"": 50.0, ""y"": 50.0, ""radius"": 5.0}]"
safety_margin_covariance,328,65.6,2,73.657,57.974,86.0,90.0,50.0,50.0,,,position_noise+confidence_error,,trust_weighted_fusion,move,covariance,2.5,1.0,,2,0,34.322,7.865,19.964,uav_1,7.865,False,False,False,False,False,1,"[{""id"": ""obstacle_0"", ""kind"": ""static_obstacle"", ""x"": 50.0, ""y"": 50.0, ""radius"": 5.0}]"
safety_margin_covariance,328,65.6,3,81.753,69.422,90.0,86.0,50.0,50.0,,,position_noise+confidence_error,,trust_weighted_fusion,move,covariance,2.5,1.0,,1,0,18.516,14.022,32.222,uav_2,14.022,False,False,False,False,False,1,"[{""id"": ""obstacle_0"", ""kind"": ""static_obstacle"", ""x"": 50.0, ""y"": 50.0, ""radius"": 5.0}]"
safety_margin_covariance,329,65.8,0,67.482,42.263,94.0,90.0,50.0,50.0,49.833,49.883,position_noise+confidence_error,0.138,trust_weighted_fusion,avoidance,covariance,2.5,1.0,,2,0,54.608,9.339,14.118,uav_1,9.339,False,False,False,False,False,1,"[{""id"": ""obstacle_0"", ""kind"": ""static_obstacle"", ""x"": 50.0, ""y"": 50.0, ""radius"": 5.0}]"
safety_margin_covariance,329,65.8,1,71.487,50.699,90.0,94.0,50.0,50.0,,,false_negative+position_noise+confidence_error,,trust_weighted_fusion,move,covariance,2.5,1.0,,1,0,47.093,7.866,16.499,uav_2,7.866,False,False,False,False,False,1,"[{""id"": ""obstacle_0"", ""kind"": ""static_obstacle"", ""x"": 50.0, ""y"": 50.0, ""radius"": 5.0}]"
safety_margin_covariance,329,65.8,2,73.756,58.231,86.0,90.0,50.0,50.0,,,false_negative+position_noise+confidence_error,,trust_weighted_fusion,move,covariance,2.5,1.0,,1,0,34.047,7.866,20.141,uav_1,7.866,False,False,False,False,False,1,"[{""id"": ""obstacle_0"", ""kind"": ""static_obstacle"", ""x"": 50.0, ""y"": 50.0, ""radius"": 5.0}]"
safety_margin_covariance,329,65.8,3,81.875,69.669,90.0,86.0,50.0,50.0,,,position_noise+confidence_error,,trust_weighted_fusion,move,covariance,2.5,1.0,,1,0,18.241,14.027,32.455,uav_2,14.027,False,False,False,False,False,1,"[{""id"": ""obstacle_0"", ""kind"": ""static_obstacle"", ""x"": 50.0, ""y"": 50.0, ""radius"": 5.0}]"
safety_margin_covariance,330,66.0,0,67.698,42.433,94.0,90.0,50.0,50.0,51.776,51.251,false_negative+position_noise+confidence_error,0.252,trust_weighted_fusion,avoidance,covariance,2.5,1.0,,1,0,54.355,9.363,14.247,uav_1,9.363,False,False,False,False,False,1,"[{""id"": ""obstacle_0"", ""kind"": ""static_obstacle"", ""x"": 50.0, ""y"": 50.0, ""radius"": 5.0}]"
safety_margin_covariance,330,66.0,1,71.649,50.922,90.0,94.0,50.0,50.0,51.776,51.251,false_negative+position_noise+confidence_error,0.252,trust_weighted_fusion,avoidance,covariance,2.5,1.0,,2,0,46.825,7.881,16.668,uav_2,7.881,False,False,False,False,False,1,"[{""id"": ""obstacle_0"", ""kind"": ""static_obstacle"", ""x"": 50.0, ""y"": 50.0, ""radius"": 5.0}]"
safety_margin_covariance,330,66.0,2,73.854,58.487,86.0,90.0,50.0,50.0,,,position_noise+confidence_error,,trust_weighted_fusion,move,covariance,2.5,1.0,,2,0,33.772,7.881,20.319,uav_1,7.881,False,False,False,False,False,1,"[{""id"": ""obstacle_0"", ""kind"": ""static_obstacle"", ""x"": 50.0, ""y"": 50.0, ""radius"": 5.0}]"
safety_margin_covariance,330,66.0,3,81.998,69.915,90.0,86.0,50.0,50.0,,,position_noise+confidence_error,,trust_weighted_fusion,move,covariance,2.5,1.0,,1,0,17.966,14.032,32.689,uav_2,14.032,False,False,False,False,False,1,"[{""id"": ""obstacle_0"", ""kind"": ""static_obstacle"", ""x"": 50.0, ""y"": 50.0, ""radius"": 5.0}]"
safety_margin_covariance,331,66.2,0,67.891,42.783,94.0,90.0,50.0,50.0,,,false_negative+confidence_error,,trust_weighted_fusion,move,covariance,0.0,0.0,,0,0,53.955,9.239,14.292,uav_1,9.239,False,False,False,False,False,1,"[{""id"": ""obstacle_0"", ""kind"": ""static_obstacle"", ""x"": 50.0, ""y"": 50.0, ""radius"": 5.0}]"
safety_margin_covariance,331,66.2,1,71.756,51.175,90.0,94.0,50.0,50.0,,,false_negative+position_noise+confidence_error,,trust_weighted_fusion,move,covariance,2.5,1.0,,1,0,46.55,7.882,16.788,uav_2,7.882,False,False,False,False,False,1,"[{""id"": ""obstacle_0"", ""kind"": ""static_obstacle"", ""x"": 50.0, ""y"": 50.0, ""radius"": 5.0}]"
safety_margin_covariance,331,66.2,2,73.953,58.744,86.0,90.0,50.0,50.0,,,false_negative+position_noise+confidence_error,,trust_weighted_fusion,move,covariance,2.5,1.0,,1,0,33.497,7.882,20.499,uav_1,7.882,False,False,False,False,False,1,"[{""id"": ""obstacle_0"", ""kind"": ""static_obstacle"", ""x"": 50.0, ""y"": 50.0, ""radius"": 5.0}]"
safety_margin_covariance,331,66.2,3,82.12,70.161,90.0,86.0,50.0,50.0,,,position_noise+confidence_error,,trust_weighted_fusion,move,covariance,2.5,1.0,,1,0,17.691,14.038,32.923,uav_2,14.038,False,False,False,False,False,1,"[{""id"": ""obstacle_0"", ""kind"": ""static_obstacle"", ""x"": 50.0, ""y"": 50.0, ""radius"": 5.0}]"
safety_margin_covariance,332,66.4,0,68.024,43.024,94.0,90.0,50.0,50.0,,,false_negative+position_noise+confidence_error,,trust_weighted_fusion,move,covariance,2.5,1.0,,1,0,53.68,9.239,14.327,uav_1,9.239,False,False,False,False,False,1,"[{""id"": ""obstacle_0"", ""kind"": ""static_obstacle"", ""x"": 50.0, ""y"": 50.0, ""radius"": 5.0}]"
safety_margin_covariance,332,66.4,1,71.864,51.428,90.0,94.0,50.0,50.0,,,false_negative+position_noise+confidence_error,,trust_weighted_fusion,move,covariance,2.5,1.0,,1,0,46.275,7.883,16.911,uav_2,7.883,False,False,False,False,False,1,"[{""id"": ""obstacle_0"", ""kind"": ""static_obstacle"", ""x"": 50.0, ""y"": 50.0, ""radius"": 5.0}]"
safety_margin_covariance,332,66.4,2,74.052,59.0,86.0,90.0,50.0,50.0,,,position_noise+confidence_error,,trust_weighted_fusion,move,covariance,2.5,1.0,,2,0,33.222,7.883,20.681,uav_1,7.883,False,False,False,False,False,1,"[{""id"": ""obstacle_0"", ""kind"": ""static_obstacle"", ""x"": 50.0, ""y"": 50.0, ""radius"": 5.0}]"
safety_margin_covariance,332,66.4,3,82.243,70.407,90.0,86.0,50.0,50.0,,,position_noise+confidence_error,,trust_weighted_fusion,move,covariance,2.5,1.0,,1,0,17.416,14.043,33.158,uav_2,14.043,False,False,False,False,False,1,"[{""id"": ""obstacle_0"", ""kind"": ""static_obstacle"", ""x"": 50.0, ""y"": 50.0, ""radius"": 5.0}]"
safety_margin_covariance,333,66.6,0,68.228,43.208,94.0,90.0,50.0,50.0,50.168,51.247,false_negative+position_noise+confidence_error,0.356,trust_weighted_fusion,avoidance,covariance,2.5,1.0,,1,0,53.42,9.262,14.452,uav_1,9.262,False,False,False,False,False,1,"[{""id"": ""obstacle_0"", ""kind"": ""static_obstacle"", ""x"": 50.0, ""y"": 50.0, ""radius"": 5.0}]"
safety_margin_covariance,333,66.6,1,71.972,51.681,90.0,94.0,50.0,50.0,,,position_noise+confidence_error,,trust_weighted_fusion,move,covariance,2.5,1.0,,2,0,46.0,7.884,17.036,uav_2,7.884,False,False,False,False,False,1,"[{""id"": ""obstacle_0"", ""kind"": ""static_obstacle"", ""x"": 50.0, ""y"": 50.0, ""radius"": 5.0}]"
safety_margin_covariance,333,66.6,2,74.151,59.257,86.0,90.0,50.0,50.0,,,position_noise+confidence_error,,trust_weighted_fusion,move,covariance,2.5,1.0,,2,0,32.947,7.884,20.864,uav_1,7.884,False,False,False,False,False,1,"[{""id"": ""obstacle_0"", ""kind"": ""static_obstacle"", ""x"": 50.0, ""y"": 50.0, ""radius"": 5.0}]"
safety_margin_covariance,333,66.6,3,82.365,70.654,90.0,86.0,50.0,50.0,,,position_noise+confidence_error,,trust_weighted_fusion,move,covariance,2.5,1.0,,1,0,17.141,14.048,33.394,uav_2,14.048,False,False,False,False,False,1,"[{""id"": ""obstacle_0"", ""kind"": ""static_obstacle"", ""x"": 50.0, ""y"": 50.0, ""radius"": 5.0}]"
safety_margin_covariance,334,66.8,0,68.435,43.389,94.0,90.0,50.0,50.0,51.291,50.785,position_noise+confidence_error,0.159,trust_weighted_fusion,avoidance,covariance,2.5,1.0,,2,0,53.161,9.414,14.585,uav_1,9.414,False,False,False,False,False,1,"[{""id"": ""obstacle_0"", ""kind"": ""static_obstacle"", ""x"": 50.0, ""y"": 50.0, ""radius"": 5.0}]"
safety_margin_covariance,334,66.8,1,72.129,52.049,90.0,94.0,50.0,50.0,,,false_negative+confidence_error,,trust_weighted_fusion,move,covariance,0.0,0.0,,0,0,45.6,7.761,17.223,uav_2,7.761,False,False,False,False,False,1,"[{""id"": ""obstacle_0"", ""kind"": ""static_obstacle"", ""x"": 50.0, ""y"": 50.0, ""radius"": 5.0}]"
safety_margin_covariance,334,66.8,2,74.25,59.514,86.0,90.0,50.0,50.0,,,position_noise+confidence_error,,trust_weighted_fusion,move,covariance,2.5,1.0,,2,0,32.672,7.761,21.049,uav_1,7.761,False,False,False,False,False,1,"[{""id"": ""obstacle_0"", ""kind"": ""static_obstacle"", ""x"": 50.0, ""y"": 50.0, ""radius"": 5.0}]"
safety_margin_covariance,334,66.8,3,82.488,70.9,90.0,86.0,50.0,50.0,,,position_noise+confidence_error,,trust_weighted_fusion,move,covariance,2.5,1.0,,1,0,16.866,14.054,33.63,uav_2,14.054,False,False,False,False,False,1,"[{""id"": ""obstacle_0"", ""kind"": ""static_obstacle"", ""x"": 50.0, ""y"": 50.0, ""radius"": 5.0}]"
safety_margin_covariance,335,67.0,0,68.628,43.74,94.0,90.0,50.0,50.0,,,false_negative+confidence_error,,trust_weighted_fusion,move,covariance,0.0,0.0,,0,0,52.761,9.285,14.651,uav_1,9.285,False,False,False,False,False,1,"[{""id"": ""obstacle_0"", ""kind"": ""static_obstacle"", ""x"": 50.0, ""y"": 50.0, ""radius"": 5.0}]"
safety_margin_covariance,335,67.0,1,72.179,52.319,90.0,94.0,50.0,50.0,,,position_noise+confidence_error,,trust_weighted_fusion,avoidance,covariance,2.5,1.0,,2,0,45.331,7.761,17.3,uav_2,7.761,False,False,False,False,False,1,"[{""id"": ""obstacle_0"", ""kind"": ""static_obstacle"", ""x"": 50.0, ""y"": 50.0, ""radius"": 5.0}]"
safety_margin_covariance,335,67.0,2,74.349,59.77,86.0,90.0,50.0,50.0,,,position_noise+confidence_error,,trust_weighted_fusion,move,covariance,2.5,1.0,,2,0,32.397,7.761,21.236,uav_1,7.761,False,False,False,False,False,1,"[{""id"": ""obstacle_0"", ""kind"": ""static_obstacle"", ""x"": 50.0, ""y"": 50.0, ""radius"": 5.0}]"
safety_margin_covariance,335,67.0,3,82.666,71.258,90.0,86.0,50.0,50.0,,,false_negative+confidence_error,,trust_weighted_fusion,move,covariance,0.0,0.0,,0,0,16.466,14.182,33.974,uav_2,14.182,False,False,False,False,False,1,"[{""id"": ""obstacle_0"", ""kind"": ""static_obstacle"", ""x"": 50.0, ""y"": 50.0, ""radius"": 5.0}]"
safety_margin_covariance,336,67.2,0,68.829,43.928,94.0,90.0,50.0,50.0,52.301,48.04,position_noise+confidence_error,0.379,trust_weighted_fusion,avoidance,covariance,2.5,1.0,,2,0,52.5,9.31,14.784,uav_1,9.31,False,False,False,False,False,1,"[{""id"": ""obstacle_0"", ""kind"": ""static_obstacle"", ""x"": 50.0, ""y"": 50.0, ""radius"": 5.0}]"
safety_margin_covariance,336,67.2,1,72.287,52.572,90.0,94.0,50.0,50.0,,,false_negative+position_noise+confidence_error,,trust_weighted_fusion,move,covariance,2.5,1.0,,1,0,45.056,7.738,17.435,uav_2,7.738,False,False,False,False,False,1,"[{""id"": ""obstacle_0"", ""kind"": ""static_obstacle"", ""x"": 50.0, ""y"": 50.0, ""radius"": 5.0}]"
safety_margin_covariance,336,67.2,2,74.305,60.042,86.0,90.0,50.0,50.0,,,position_noise+confidence_error,,trust_weighted_fusion,avoidance,covariance,2.5,1.0,,2,0,32.16,7.738,21.298,uav_1,7.738,False,False,False,False,False,1,"[{""id"": ""obstacle_0"", ""kind"": ""static_obstacle"", ""x"": 50.0, ""y"": 50.0, ""radius"": 5.0}]"
safety_margin_covariance,336,67.2,3,82.788,71.504,90.0,86.0,50.0,50.0,,,position_noise+confidence_error,,trust_weighted_fusion,move,covariance,2.5,1.0,,1,0,16.191,14.26,34.211,uav_2,14.26,False,False,False,False,False,1,"[{""id"": ""obstacle_0"", ""kind"": ""static_obstacle"", ""x"": 50.0, ""y"": 50.0, ""radius"": 5.0}]"
safety_margin_covariance,337,67.4,0,68.961,44.169,94.0,90.0,50.0,50.0,47.889,49.522,position_noise+confidence_error,0.317,trust_weighted_fusion,move,covariance,2.5,1.0,,2,0,52.225,9.312,14.837,uav_1,9.312,False,False,False,False,False,1,"[{""id"": ""obstacle_0"", ""kind"": ""static_obstacle"", ""x"": 50.0, ""y"": 50.0, ""radius"": 5.0}]"
safety_margin_covariance,337,67.4,1,72.395,52.825,90.0,94.0,50.0,50.0,,,false_negative+position_noise+confidence_error,,trust_weighted_fusion,move,covariance,2.5,1.0,,1,0,44.781,7.739,17.573,uav_2,7.739,False,False,False,False,False,1,"[{""id"": ""obstacle_0"", ""kind"": ""static_obstacle"", ""x"": 50.0, ""y"": 50.0, ""radius"": 5.0}]"
safety_margin_covariance,337,67.4,2,74.405,60.298,86.0,90.0,50.0,50.0,,,false_negative+position_noise+confidence_error,,trust_weighted_fusion,move,covariance,2.5,1.0,,1,0,31.885,7.739,21.489,uav_1,7.739,False,False,False,False,False,1,"[{""id"": ""obstacle_0"", ""kind"": ""static_obstacle"", ""x"": 50.0, ""y"": 50.0, ""radius"": 5.0}]"
safety_margin_covariance,337,67.4,3,82.911,71.75,90.0,86.0,50.0,50.0,,,position_noise+confidence_error,,trust_weighted_fusion,move,covariance,2.5,1.0,,1,0,15.916,14.265,34.449,uav_2,14.265,False,False,False,False,False,1,"[{""id"": ""obstacle_0"", ""kind"": ""static_obstacle"", ""x"": 50.0, ""y"": 50.0, ""radius"": 5.0}]"
safety_margin_covariance,338,67.6,0,69.092,44.41,94.0,90.0,50.0,50.0,,,false_negative+position_noise+confidence_error,,trust_weighted_fusion,move,covariance,2.5,1.0,,1,0,51.95,9.314,14.894,uav_1,9.314,False,False,False,False,False,1,"[{""id"": ""obstacle_0"", ""kind"": ""static_obstacle"", ""x"": 50.0, ""y"": 50.0, ""radius"": 5.0}]"
safety_margin_covariance,338,67.6,1,72.503,53.077,90.0,94.0,50.0,50.0,,,false_negative+position_noise+confidence_error,,trust_weighted_fusion,move,covariance,2.5,1.0,,1,0,44.506,7.74,17.713,uav_2,7.74,False,False,False,False,False,1,"[{""id"": ""obstacle_0"", ""kind"": ""static_obstacle"", ""x"": 50.0, ""y"": 50.0, ""radius"": 5.0}]"
safety_margin_covariance,338,67.6,2,74.505,60.554,86.0,90.0,50.0,50.0,,,false_negative+position_noise+confidence_error,,trust_weighted_fusion,move,covariance,2.5,1.0,,1,0,31.61,7.74,21.682,uav_1,7.74,False,False,False,False,False,1,"[{""id"": ""obstacle_0"", ""kind"": ""static_obstacle"", ""x"": 50.0, ""y"": 50.0, ""radius"": 5.0}]"
safety_margin_covariance,338,67.6,3,83.089,72.108,90.0,86.0,50.0,50.0,,,false_negative+confidence_error,,trust_weighted_fusion,move,covariance,0.0,0.0,,0,0,15.516,14.394,34.795,uav_2,14.394,False,False,False,False,False,1,"[{""id"": ""obstacle_0"", ""kind"": ""static_obstacle"", ""x"": 50.0, ""y"": 50.0, ""radius"": 5.0}]"
safety_margin_covariance,339,67.8,0,69.284,44.761,94.0,90.0,50.0,50.0,,,dropout+confidence_error,,trust_weighted_fusion,move,covariance,0.0,0.0,,0,0,51.55,9.192,14.983,uav_1,9.192,False,False,False,False,False,1,"[{""id"": ""obstacle_0"", ""kind"": ""static_obstacle"", ""x"": 50.0, ""y"": 50.0, ""radius"": 5.0}]"
safety_margin_covariance,339,67.8,1,72.612,53.33,90.0,94.0,50.0,50.0,,,position_noise+confidence_error,,trust_weighted_fusion,move,covariance,2.5,1.0,,2,0,44.231,7.741,17.856,uav_2,7.741,False,False,False,False,False,1,"[{""id"": ""obstacle_0"", ""kind"": ""static_obstacle"", ""x"": 50.0, ""y"": 50.0, ""radius"": 5.0}]"
safety_margin_covariance,339,67.8,2,74.605,60.81,86.0,90.0,50.0,50.0,,,position_noise+confidence_error,,trust_weighted_fusion,move,covariance,2.5,1.0,,2,0,31.335,7.741,21.875,uav_1,7.741,False,False,False,False,False,1,"[{""id"": ""obstacle_0"", ""kind"": ""static_obstacle"", ""x"": 50.0, ""y"": 50.0, ""radius"": 5.0}]"
safety_margin_covariance,339,67.8,3,83.267,72.467,90.0,86.0,50.0,50.0,,,false_negative+confidence_error,,trust_weighted_fusion,move,covariance,0.0,0.0,,0,0,15.116,14.522,35.143,uav_2,14.522,False,False,False,False,False,1,"[{""id"": ""obstacle_0"", ""kind"": ""static_obstacle"", ""x"": 50.0, ""y"": 50.0, ""radius"": 5.0}]"
safety_margin_covariance,340,68.0,0,69.476,45.112,94.0,90.0,50.0,50.0,,,dropout+confidence_error,,trust_weighted_fusion,move,covariance,0.0,0.0,,0,0,51.15,9.071,15.08,uav_1,9.071,False,False,False,False,False,1,"[{""id"": ""obstacle_0"", ""kind"": ""static_obstacle"", ""x"": 50.0, ""y"": 50.0, ""radius"": 5.0}]"
safety_margin_covariance,340,68.0,1,72.72,53.583,90.0,94.0,50.0,50.0,,,false_negative+position_noise+confidence_error,,trust_weighted_fusion,move,covariance,2.5,1.0,,1,0,43.956,7.867,18.001,uav_2,7.867,False,False,False,False,False,1,"[{""id"": ""obstacle_0"", ""kind"": ""static_obstacle"", ""x"": 50.0, ""y"": 50.0, ""radius"": 5.0}]"
safety_margin_covariance,340,68.0,2,74.751,61.183,86.0,90.0,50.0,50.0,,,false_negative+confidence_error,,trust_weighted_fusion,move,covariance,0.0,0.0,,0,0,30.935,7.867,22.16,uav_1,7.867,False,False,False,False,False,1,"[{""id"": ""obstacle_0"", ""kind"": ""static_obstacle"", ""x"": 50.0, ""y"": 50.0, ""radius"": 5.0}]"
safety_margin_covariance,340,68.0,3,83.39,72.713,90.0,86.0,50.0,50.0,,,position_noise+confidence_error,,trust_weighted_fusion,move,covariance,2.5,1.0,,1,0,14.841,14.407,35.382,uav_2,14.407,False,False,False,False,False,1,"[{""id"": ""obstacle_0"", ""kind"": ""static_obstacle"", ""x"": 50.0, ""y"": 50.0, ""radius"": 5.0}]"
safety_margin_covariance,341,68.2,0,69.668,45.463,94.0,90.0,50.0,50.0,,,dropout+confidence_error,,trust_weighted_fusion,move,covariance,0.0,0.0,,0,0,50.75,8.949,15.184,uav_1,8.949,False,False,False,False,False,1,"[{""id"": ""obstacle_0"", ""kind"": ""static_obstacle"", ""x"": 50.0, ""y"": 50.0, ""radius"": 5.0}]"
safety_margin_covariance,341,68.2,1,72.828,53.836,90.0,94.0,50.0,50.0,,,position_noise+confidence_error,,trust_weighted_fusion,move,covariance,2.5,1.0,,2,0,43.681,7.868,18.148,uav_2,7.868,False,False,False,False,False,1,"[{""id"": ""obstacle_0"", ""kind"": ""static_obstacle"", ""x"": 50.0, ""y"": 50.0, ""radius"": 5.0}]"
safety_margin_covariance,341,68.2,2,74.851,61.439,86.0,90.0,50.0,50.0,,,position_noise+confidence_error,,trust_weighted_fusion,move,covariance,2.5,1.0,,2,0,30.66,7.868,22.357,uav_1,7.868,False,False,False,False,False,1,"[{""id"": ""obstacle_0"", ""kind"": ""static_obstacle"", ""x"": 50.0, ""y"": 50.0, ""radius"": 5.0}]"
safety_margin_covariance,341,68.2,3,83.568,73.071,90.0,86.0,50.0,50.0,,,dropout+confidence_error,,trust_weighted_fusion,move,covariance,0.0,0.0,,0,0,14.441,14.536,35.732,uav_2,14.536,False,False,False,False,False,1,"[{""id"": ""obstacle_0"", ""kind"": ""static_obstacle"", ""x"": 50.0, ""y"": 50.0, ""radius"": 5.0}]"
safety_margin_covariance,342,68.4,0,69.86,45.814,94.0,90.0,50.0,50.0,,,dropout+confidence_error,,trust_weighted_fusion,move,covariance,0.0,0.0,,0,0,50.35,8.42,15.296,uav_1,8.42,False,False,False,False,False,1,"[{""id"": ""obstacle_0"", ""kind"": ""static_obstacle"", ""x"": 50.0, ""y"": 50.0, ""radius"": 5.0}]"
safety_margin_covariance,342,68.4,1,73.005,53.625,90.0,94.0,50.0,50.0,,,false_negative+position_noise+confidence_error,,trust_weighted_fusion,avoidance,covariance,2.5,1.0,,1,0,43.806,8.301,18.288,uav_2,8.301,False,False,False,False,False,1,"[{""id"": ""obstacle_0"", ""kind"": ""static_obstacle"", ""x"": 50.0, ""y"": 50.0, ""radius"": 5.0}]"
safety_margin_covariance,342,68.4,2,74.951,61.695,86.0,90.0,50.0,50.0,,,false_negative+position_noise+confidence_error,,trust_weighted_fusion,move,covariance,2.5,1.0,,1,0,30.385,8.301,22.556,uav_1,8.301,False,False,False,False,False,1,"[{""id"": ""obstacle_0"", ""kind"": ""static_obstacle"", ""x"": 50.0, ""y"": 50.0, ""radius"": 5.0}]"
safety_margin_covariance,342,68.4,3,83.746,73.429,90.0,86.0,50.0,50.0,,,dropout+confidence_error,,trust_weighted_fusion,move,covariance,0.0,0.0,,0,0,14.041,14.664,36.082,uav_2,14.664,False,False,False,False,False,1,"[{""id"": ""obstacle_0"", ""kind"": ""static_obstacle"", ""x"": 50.0, ""y"": 50.0, ""radius"": 5.0}]"
safety_margin_covariance,343,68.6,0,70.051,46.165,94.0,90.0,50.0,50.0,,,dropout+confidence_error,,trust_weighted_fusion,move,covariance,0.0,0.0,,0,0,49.95,8.298,15.415,uav_1,8.298,False,False,False,False,False,1,"[{""id"": ""obstacle_0"", ""kind"": ""static_obstacle"", ""x"": 50.0, ""y"": 50.0, ""radius"": 5.0}]"
safety_margin_covariance,343,68.6,1,73.111,53.879,90.0,94.0,50.0,50.0,,,position_noise+confidence_error,,trust_weighted_fusion,move,covariance,2.5,1.0,,2,0,43.531,8.298,18.434,uav_0,8.298,False,False,False,False,False,1,"[{""id"": ""obstacle_0"", ""kind"": ""static_obstacle"", ""x"": 50.0, ""y"": 50.0, ""radius"": 5.0}]"
safety_margin_covariance,343,68.6,2,75.051,61.951,86.0,90.0,50.0,50.0,,,false_negative+position_noise+confidence_error,,trust_weighted_fusion,move,covariance,2.5,1.0,,1,0,30.11,8.302,22.756,uav_1,8.302,False,False,False,False,False,1,"[{""id"": ""obstacle_0"", ""kind"": ""static_obstacle"", ""x"": 50.0, ""y"": 50.0, ""radius"": 5.0}]"
safety_margin_covariance,343,68.6,3,83.924,73.787,90.0,86.0,50.0,50.0,,,dropout+confidence_error,,trust_weighted_fusion,move,covariance,0.0,0.0,,0,0,13.641,14.793,36.433,uav_2,14.793,False,False,False,False,False,1,"[{""id"": ""obstacle_0"", ""kind"": ""static_obstacle"", ""x"": 50.0, ""y"": 50.0, ""radius"": 5.0}]"
safety_margin_covariance,344,68.8,0,70.183,46.407,94.0,90.0,50.0,50.0,,,position_noise+confidence_error,,trust_weighted_fusion,move,covariance,2.5,1.0,,1,0,49.675,8.425,15.501,uav_1,8.425,False,False,False,False,False,1,"[{""id"": ""obstacle_0"", ""kind"": ""static_obstacle"", ""x"": 50.0, ""y"": 50.0, ""radius"": 5.0}]"
safety_margin_covariance,344,68.8,1,73.266,54.247,90.0,94.0,50.0,50.0,,,false_negative+confidence_error,,trust_weighted_fusion,move,covariance,0.0,0.0,,0,0,43.131,8.18,18.651,uav_2,8.18,False,False,False,False,False,1,"[{""id"": ""obstacle_0"", ""kind"": ""static_obstacle"", ""x"": 50.0, ""y"": 50.0, ""radius"": 5.0}]"
safety_margin_covariance,344,68.8,2,75.151,62.208,86.0,90.0,50.0,50.0,,,false_negative+position_noise+confidence_error,,trust_weighted_fusion,move,covariance,2.5,1.0,,1,0,29.835,8.18,22.957,uav_1,8.18,False,False,False,False,False,1,"[{""id"": ""obstacle_0"", ""kind"": ""static_obstacle"", ""x"": 50.0, ""y"": 50.0, ""radius"": 5.0}]"
safety_margin_covariance,344,68.8,3,84.102,74.145,90.0,86.0,50.0,50.0,,,dropout+confidence_error,,trust_weighted_fusion,move,covariance,0.0,0.0,,0,0,13.241,14.921,36.785,uav_2,14.921,False,False,False,False,False,1,"[{""id"": ""obstacle_0"", ""kind"": ""static_obstacle"", ""x"": 50.0, ""y"": 50.0, ""radius"": 5.0}]"
safety_margin_covariance,345,69.0,0,70.375,46.758,94.0,90.0,50.0,50.0,,,false_negative+confidence_error,,trust_weighted_fusion,move,covariance,0.0,0.0,,0,0,49.275,8.19,15.631,uav_1,8.19,False,False,False,False,False,1,"[{""id"": ""obstacle_0"", ""kind"": ""static_obstacle"", ""x"": 50.0, ""y"": 50.0, ""radius"": 5.0}]"
safety_margin_covariance,345,69.0,1,73.114,54.476,90.0,94.0,50.0,50.0,,,position_noise+confidence_error,,trust_weighted_fusion,avoidance,covariance,2.5,1.0,,2,0,42.98,8.19,18.543,uav_0,8.19,False,False,False,False,False,1,"[{""id"": ""obstacle_0"", ""kind"": ""static_obstacle"", ""x"": 50.0, ""y"": 50.0, ""radius"": 5.0}]"
safety_margin_covariance,345,69.0,2,75.251,62.464,86.0,90.0,50.0,50.0,,,false_negative+position_noise+confidence_error,,trust_weighted_fusion,move,covariance,2.5,1.0,,1,0,29.56,8.269,23.159,uav_1,8.269,False,False,False,False,False,1,"[{""id"": ""obstacle_0"", ""kind"": ""static_obstacle"", ""x"": 50.0, ""y"": 50.0, ""radius"": 5.0}]"
safety_margin_covariance,345,69.0,3,84.28,74.503,90.0,86.0,50.0,50.0,,,dropout+confidence_error,,trust_weighted_fusion,move,covariance,0.0,0.0,,0,0,12.841,15.05,37.137,uav_2,15.05,False,False,False,False,False,1,"[{""id"": ""obstacle_0"", ""kind"": ""static_obstacle"", ""x"": 50.0, ""y"": 50.0, ""radius"": 5.0}]"
safety_margin_covariance,346,69.2,0,70.594,46.591,94.0,90.0,50.0,50.0,,,position_noise+confidence_error,,trust_weighted_fusion,avoidance,covariance,2.5,1.0,,1,0,49.318,8.552,15.874,uav_1,8.552,False,False,False,False,False,1,"[{""id"": ""obstacle_0"", ""kind"": ""static_obstacle"", ""x"": 50.0, ""y"": 50.0, ""radius"": 5.0}]"
safety_margin_covariance,346,69.2,1,73.222,54.729,90.0,94.0,50.0,50.0,,,position_noise+confidence_error,,trust_weighted_fusion,move,covariance,2.5,1.0,,2,0,42.705,8.394,18.698,uav_2,8.394,False,False,False,False,False,1,"[{""id"": ""obstacle_0"", ""kind"": ""static_obstacle"", ""x"": 50.0, ""y"": 50.0, ""radius"": 5.0}]"
safety_margin_covariance,346,69.2,2,75.396,62.836,86.0,90.0,50.0,50.0,,,false_negative+confidence_error,,trust_weighted_fusion,move,covariance,0.0,0.0,,0,0,29.16,8.394,23.456,uav_1,8.394,False,False,False,False,False,1,"[{""id"": ""obstacle_0"", ""kind"": ""static_obstacle"", ""x"": 50.0, ""y"": 50.0, ""radius"": 5.0}]"
safety_margin_covariance,346,69.2,3,84.459,74.862,90.0,86.0,50.0,50.0,,,confidence_error,,trust_weighted_fusion,move,covariance,0.0,0.0,,0,0,12.441,15.058,37.491,uav_2,15.058,False,False,False,False,False,1,"[{""id"": ""obstacle_0"", ""kind"": ""static_obstacle"", ""x"": 50.0, ""y"": 50.0, ""radius"": 5.0}]"
safety_margin_covariance,347,69.4,0,70.783,46.943,94.0,90.0,50.0,50.0,,,false_negative+confidence_error,,trust_weighted_fusion,move,covariance,0.0,0.0,,0,0,48.918,8.433,16.007,uav_1,8.433,False,False,False,False,False,1,"[{""id"": ""obstacle_0"", ""kind"": ""static_obstacle"", ""x"": 50.0, ""y"": 50.0, ""radius"": 5.0}]"
safety_margin_covariance,347,69.4,1,73.33,54.982,90.0,94.0,50.0,50.0,,,false_negative+position_noise+confidence_error,,trust_weighted_fusion,move,covariance,2.5,1.0,,1,0,42.43,8.395,18.856,uav_2,8.395,False,False,False,False,False,1,"[{""id"": ""obstacle_0"", ""kind"": ""static_obstacle"", ""x"": 50.0, ""y"": 50.0, ""radius"": 5.0}]"
safety_margin_covariance,347,69.4,2,75.496,63.093,86.0,90.0,50.0,50.0,,,position_noise+confidence_error,,trust_weighted_fusion,move,covariance,2.5,1.0,,1,0,28.885,8.395,23.661,uav_1,8.395,False,False,False,False,False,1,"[{""id"": ""obstacle_0"", ""kind"": ""static_obstacle"", ""x"": 50.0, ""y"": 50.0, ""radius"": 5.0}]"
safety_margin_covariance,347,69.4,3,84.637,75.22,90.0,86.0,50.0,50.0,,,confidence_error,,trust_weighted_fusion,move,covariance,0.0,0.0,,0,0,12.041,15.186,37.846,uav_2,15.186,False,False,False,False,False,1,"[{""id"": ""obstacle_0"", ""kind"": ""static_obstacle"", ""x"": 50.0, ""y"": 50.0, ""radius"": 5.0}]"
safety_margin_covariance,348,69.6,0,70.914,47.185,94.0,90.0,50.0,50.0,,,position_noise+confidence_error,,trust_weighted_fusion,move,covariance,2.5,1.0,,1,0,48.643,8.436,16.102,uav_1,8.436,False,False,False,False,False,1,"[{""id"": ""obstacle_0"", ""kind"": ""static_obstacle"", ""x"": 50.0, ""y"": 50.0, ""radius"": 5.0}]"
safety_margin_covariance,348,69.6,1,73.438,55.235,90.0,94.0,50.0,50.0,,,false_negative+position_noise+confidence_error,,trust_weighted_fusion,move,covariance,2.5,1.0,,1,0,42.155,8.396,19.015,uav_2,8.396,False,False,False,False,False,1,"[{""id"": ""obstacle_0"", ""kind"": ""static_obstacle"", ""x"": 50.0, ""y"": 50.0, ""radius"": 5.0}]"
safety_margin_covariance,348,69.6,2,75.596,63.349,86.0,90.0,50.0,50.0,,,position_noise+confidence_error,,trust_weighted_fusion,move,covariance,2.5,1.0,,1,0,28.61,8.396,23.868,uav_1,8.396,False,False,False,False,False,1,"[{""id"": ""obstacle_0"", ""kind"": ""static_obstacle"", ""x"": 50.0, ""y"": 50.0, ""radius"": 5.0}]"
safety_margin_covariance,348,69.6,3,84.815,75.578,90.0,86.0,50.0,50.0,,,confidence_error,,trust_weighted_fusion,move,covariance,0.0,0.0,,0,0,11.641,15.315,38.201,uav_2,15.315,False,False,False,False,False,1,"[{""id"": ""obstacle_0"", ""kind"": ""static_obstacle"", ""x"": 50.0, ""y"": 50.0, ""radius"": 5.0}]"
safety_margin_covariance,349,69.8,0,71.104,47.537,94.0,90.0,50.0,50.0,,,false_negative+confidence_error,,trust_weighted_fusion,move,covariance,0.0,0.0,,0,0,48.243,8.305,16.247,uav_1,8.305,False,False,False,False,False,1,"[{""id"": ""obstacle_0"", ""kind"": ""static_obstacle"", ""x"": 50.0, ""y"": 50.0, ""radius"": 5.0}]"
safety_margin_covariance,349,69.8,1,73.428,55.51,90.0,94.0,50.0,50.0,,,position_noise+confidence_error,,trust_weighted_fusion,avoidance,covariance,2.5,1.0,,2,0,41.906,8.305,19.067,uav_0,8.305,False,False,False,False,False,1,"[{""id"": ""obstacle_0"", ""kind"": ""static_obstacle"", ""x"": 50.0, ""y"": 50.0, ""radius"": 5.0}]"
safety_margin_covariance,349,69.8,2,75.619,63.623,86.0,90.0,50.0,50.0,,,position_noise+confidence_error,,trust_weighted_fusion,avoidance,covariance,2.5,1.0,,1,0,28.347,8.404,24.015,uav_1,8.404,False,False,False,False,False,1,"[{""id"": ""obstacle_0"", ""kind"": ""static_obstacle"", ""x"": 50.0, ""y"": 50.0, ""radius"": 5.0}]"
safety_margin_covariance,349,69.8,3,84.993,75.936,90.0,86.0,50.0,50.0,,,confidence_error,,trust_weighted_fusion,move,covariance,0.0,0.0,,0,0,11.241,15.476,38.557,uav_2,15.476,False,False,False,False,False,1,"[{""id"": ""obstacle_0"", ""kind"": ""static_obstacle"", ""x"": 50.0, ""y"": 50.0, ""radius"": 5.0}]"
safety_margin_covariance,350,70.0,0,71.234,47.779,94.0,90.0,50.0,50.0,,,position_noise+confidence_error,,trust_weighted_fusion,move,covariance,2.5,1.0,,1,0,47.968,8.309,16.35,uav_1,8.309,False,False,False,False,False,1,"[{""id"": ""obstacle_0"", ""kind"": ""static_obstacle"", ""x"": 50.0, ""y"": 50.0, ""radius"": 5.0}]"
safety_margin_covariance,350,70.0,1,73.537,55.762,90.0,94.0,50.0,50.0,,,position_noise+confidence_error,,trust_weighted_fusion,move,covariance,2.5,1.0,,2,0,41.631,8.309,19.232,uav_0,8.309,False,False,False,False,False,1,"[{""id"": ""obstacle_0"", ""kind"": ""static_obstacle"", ""x"": 50.0, ""y"": 50.0, ""radius"": 5.0}]"
safety_margin_covariance,350,70.0,2,75.719,63.879,86.0,90.0,50.0,50.0,,,position_noise+confidence_error,,trust_weighted_fusion,move,covariance,2.5,1.0,,1,0,28.072,8.405,24.225,uav_1,8.405,False,False,False,False,False,1,"[{""id"": ""obstacle_0"", ""kind"": ""static_obstacle"", ""x"": 50.0, ""y"": 50.0, ""radius"": 5.0}]"
safety_margin_covariance,350,70.0,3,85.171,76.294,90.0,86.0,50.0,50.0,,,confidence_error,,trust_weighted_fusion,move,covariance,0.0,0.0,,0,0,10.841,15.604,38.914,uav_2,15.604,False,False,False,False,False,1,"[{""id"": ""obstacle_0"", ""kind"": ""static_obstacle"", ""x"": 50.0, ""y"": 50.0, ""radius"": 5.0}]"
safety_margin_covariance,351,70.2,0,71.424,48.131,94.0,90.0,50.0,50.0,,,false_negative+confidence_error,,trust_weighted_fusion,move,covariance,0.0,0.0,,0,0,47.568,8.315,16.505,uav_1,8.315,False,False,False,False,False,1,"[{""id"": ""obstacle_0"", ""kind"": ""static_obstacle"", ""x"": 50.0, ""y"": 50.0, ""radius"": 5.0}]"
safety_margin_covariance,351,70.2,1,73.695,56.13,90.0,94.0,50.0,50.0,,,false_negative+confidence_error,,trust_weighted_fusion,move,covariance,0.0,0.0,,0,0,41.231,8.282,19.475,uav_2,8.282,False,False,False,False,False,1,"[{""id"": ""obstacle_0"", ""kind"": ""static_obstacle"", ""x"": 50.0, ""y"": 50.0, ""radius"": 5.0}]"
safety_margin_covariance,351,70.2,2,75.82,64.135,86.0,90.0,50.0,50.0,,,position_noise+confidence_error,,trust_weighted_fusion,move,covariance,2.5,1.0,,1,0,27.797,8.282,24.436,uav_1,8.282,False,False,False,False,False,1,"[{""id"": ""obstacle_0"", ""kind"": ""static_obstacle"", ""x"": 50.0, ""y"": 50.0, ""radius"": 5.0}]"
safety_margin_covariance,351,70.2,3,85.349,76.652,90.0,86.0,50.0,50.0,,,confidence_error,,trust_weighted_fusion,move,covariance,0.0,0.0,,0,0,10.441,15.732,39.271,uav_2,15.732,False,False,False,False,False,1,"[{""id"": ""obstacle_0"", ""kind"": ""static_obstacle"", ""x"": 50.0, ""y"": 50.0, ""radius"": 5.0}]"
safety_margin_covariance,352,70.4,0,71.614,48.483,94.0,90.0,50.0,50.0,,,false_negative+confidence_error,,trust_weighted_fusion,move,covariance,0.0,0.0,,0,0,47.168,8.196,16.667,uav_1,8.196,False,False,False,False,False,1,"[{""id"": ""obstacle_0"", ""kind"": ""static_obstacle"", ""x"": 50.0, ""y"": 50.0, ""radius"": 5.0}]"
safety_margin_covariance,352,70.4,1,73.725,56.403,90.0,94.0,50.0,50.0,,,position_noise+confidence_error,,trust_weighted_fusion,avoidance,covariance,2.5,1.0,,2,0,40.968,8.196,19.574,uav_0,8.196,False,False,False,False,False,1,"[{""id"": ""obstacle_0"", ""kind"": ""static_obstacle"", ""x"": 50.0, ""y"": 50.0, ""radius"": 5.0}]"
safety_margin_covariance,352,70.4,2,75.701,64.382,86.0,90.0,50.0,50.0,,,position_noise+confidence_error,,trust_weighted_fusion,avoidance,covariance,2.5,1.0,,1,0,27.61,8.221,24.452,uav_1,8.221,False,False,False,False,False,1,"[{""id"": ""obstacle_0"", ""kind"": ""static_obstacle"", ""x"": 50.0, ""y"": 50.0, ""radius"": 5.0}]"
safety_margin_covariance,352,70.4,3,85.528,77.01,90.0,86.0,50.0,50.0,,,confidence_error,,trust_weighted_fusion,move,covariance,0.0,0.0,,0,0,10.041,16.001,39.629,uav_2,16.001,False,False,False,False,False,1,"[{""id"": ""obstacle_0"", ""kind"": ""static_obstacle"", ""x"": 50.0, ""y"": 50.0, ""radius"": 5.0}]"
safety_margin_covariance,353,70.6,0,71.804,48.835,94.0,90.0,50.0,50.0,,,false_negative+confidence_error,,trust_weighted_fusion,move,covariance,0.0,0.0,,0,0,46.768,8.079,16.835,uav_1,8.079,False,False,False,False,False,1,"[{""id"": ""obstacle_0"", ""kind"": ""static_obstacle"", ""x"": 50.0, ""y"": 50.0, ""radius"": 5.0}]"
safety_margin_covariance,353,70.6,1,73.834,56.655,90.0,94.0,50.0,50.0,,,position_noise+confidence_error,,trust_weighted_fusion,move,covariance,2.5,1.0,,2,0,40.693,8.079,19.746,uav_0,8.079,False,False,False,False,False,1,"[{""id"": ""obstacle_0"", ""kind"": ""static_obstacle"", ""x"": 50.0, ""y"": 50.0, ""radius"": 5.0}]"
safety_margin_covariance,353,70.6,2,75.85,64.754,86.0,90.0,50.0,50.0,,,false_negative+confidence_error,,trust_weighted_fusion,move,covariance,0.0,0.0,,0,0,27.21,8.345,24.764,uav_1,8.345,False,False,False,False,False,1,"[{""id"": ""obstacle_0"", ""kind"": ""static_obstacle"", ""x"": 50.0, ""y"": 50.0, ""radius"": 5.0}]"
safety_margin_covariance,353,70.6,3,85.706,77.368,90.0,86.0,50.0,50.0,,,confidence_error,,trust_weighted_fusion,move,covariance,0.0,0.0,,0,0,9.641,16.008,39.988,uav_2,16.008,False,False,False,False,False,1,"[{""id"": ""obstacle_0"", ""kind"": ""static_obstacle"", ""x"": 50.0, ""y"": 50.0, ""radius"": 5.0}]"
safety_margin_covariance,354,70.8,0,71.934,49.077,94.0,90.0,50.0,50.0,,,position_noise+confidence_error,,trust_weighted_fusion,move,covariance,2.5,1.0,,1,0,46.493,8.207,16.954,uav_1,8.207,False,False,False,False,False,1,"[{""id"": ""obstacle_0"", ""kind"": ""static_obstacle"", ""x"": 50.0, ""y"": 50.0, ""radius"": 5.0}]"
safety_margin_covariance,354,70.8,1,73.993,57.022,90.0,94.0,50.0,50.0,,,false_negative+confidence_error,,trust_weighted_fusion,move,covariance,0.0,0.0,,0,0,40.293,8.207,20.0,uav_0,8.207,False,False,False,False,False,1,"[{""id"": ""obstacle_0"", ""kind"": ""static_obstacle"", ""x"": 50.0, ""y"": 50.0, ""radius"": 5.0}]"
safety_margin_covariance,354,70.8,2,75.999,65.125,86.0,90.0,50.0,50.0,,,false_negative+confidence_error,,trust_weighted_fusion,move,covariance,0.0,0.0,,0,0,26.81,8.347,25.079,uav_1,8.347,False,False,False,False,False,1,"[{""id"": ""obstacle_0"", ""kind"": ""static_obstacle"", ""x"": 50.0, ""y"": 50.0, ""radius"": 5.0}]"
safety_margin_covariance,354,70.8,3,85.884,77.727,90.0,86.0,50.0,50.0,,,confidence_error,,trust_weighted_fusion,move,covariance,0.0,0.0,,0,0,9.241,16.016,40.348,uav_2,16.016,False,False,False,False,False,1,"[{""id"": ""obstacle_0"", ""kind"": ""static_obstacle"", ""x"": 50.0, ""y"": 50.0, ""radius"": 5.0}]"
safety_margin_covariance,355,71.0,0,72.065,49.319,94.0,90.0,50.0,50.0,,,position_noise+confidence_error,,trust_weighted_fusion,move,covariance,2.5,1.0,,1,0,46.218,8.212,17.075,uav_1,8.212,False,False,False,False,False,1,"[{""id"": ""obstacle_0"", ""kind"": ""static_obstacle"", ""x"": 50.0, ""y"": 50.0, ""radius"": 5.0}]"
safety_margin_covariance,355,71.0,1,74.102,57.275,90.0,94.0,50.0,50.0,,,position_noise+confidence_error,,trust_weighted_fusion,move,covariance,2.5,1.0,,2,0,40.018,8.212,20.176,uav_0,8.212,False,False,False,False,False,1,"[{""id"": ""obstacle_0"", ""kind"": ""static_obstacle"", ""x"": 50.0, ""y"": 50.0, ""radius"": 5.0}]"
safety_margin_covariance,355,71.0,2,76.102,65.38,86.0,90.0,50.0,50.0,,,position_noise+confidence_error,,trust_weighted_fusion,move,covariance,2.5,1.0,,1,0,26.535,8.348,25.296,uav_1,8.348,False,False,False,False,False,1,"[{""id"": ""obstacle_0"", ""kind"": ""static_obstacle"", ""x"": 50.0, ""y"": 50.0, ""radius"": 5.0}]"
safety_margin_covariance,355,71.0,3,86.062,78.085,90.0,86.0,50.0,50.0,,,confidence_error,,trust_weighted_fusion,move,covariance,0.0,0.0,,0,0,8.841,16.144,40.708,uav_2,16.144,False,False,False,False,False,1,"[{""id"": ""obstacle_0"", ""kind"": ""static_obstacle"", ""x"": 50.0, ""y"": 50.0, ""radius"": 5.0}]"
safety_margin_covariance,356,71.2,0,72.255,49.671,94.0,90.0,50.0,50.0,,,false_negative+confidence_error,,trust_weighted_fusion,move,covariance,0.0,0.0,,0,0,45.818,8.096,17.257,uav_1,8.096,False,False,False,False,False,1,"[{""id"": ""obstacle_0"", ""kind"": ""static_obstacle"", ""x"": 50.0, ""y"": 50.0, ""radius"": 5.0}]"
safety_margin_covariance,356,71.2,1,74.211,57.527,90.0,94.0,50.0,50.0,,,position_noise+confidence_error,,trust_weighted_fusion,move,covariance,2.5,1.0,,2,0,39.743,8.096,20.355,uav_0,8.096,False,False,False,False,False,1,"[{""id"": ""obstacle_0"", ""kind"": ""static_obstacle"", ""x"": 50.0, ""y"": 50.0, ""radius"": 5.0}]"
safety_margin_covariance,356,71.2,2,76.177,65.645,86.0,90.0,50.0,50.0,,,position_noise+confidence_error,,trust_weighted_fusion,avoidance,covariance,2.5,1.0,,1,0,26.262,8.352,25.496,uav_1,8.352,False,False,False,False,False,1,"[{""id"": ""obstacle_0"", ""kind"": ""static_obstacle"", ""x"": 50.0, ""y"": 50.0, ""radius"": 5.0}]"
safety_margin_covariance,356,71.2,3,86.24,78.443,90.0,86.0,50.0,50.0,,,confidence_error,,trust_weighted_fusion,move,covariance,0.0,0.0,,0,0,8.441,16.281,41.069,uav_2,16.281,False,False,False,False,False,1,"[{""id"": ""obstacle_0"", ""kind"": ""static_obstacle"", ""x"": 50.0, ""y"": 50.0, ""radius"": 5.0}]"
safety_margin_covariance,357,71.4,0,72.444,50.024,94.0,90.0,50.0,50.0,,,dropout+confidence_error,,trust_weighted_fusion,move,covariance,0.0,0.0,,0,0,45.418,7.98,17.444,uav_1,7.98,False,False,False,False,False,1,"[{""id"": ""obstacle_0"", ""kind"": ""static_obstacle"", ""x"": 50.0, ""y"": 50.0, ""radius"": 5.0}]"
safety_margin_covariance,357,71.4,1,74.321,57.78,90.0,94.0,50.0,50.0,,,false_negative+position_noise+confidence_error,,trust_weighted_fusion,move,covariance,2.5,1.0,,1,0,39.468,7.98,20.535,uav_0,7.98,False,False,False,False,False,1,"[{""id"": ""obstacle_0"", ""kind"": ""static_obstacle"", ""x"": 50.0, ""y"": 50.0, ""radius"": 5.0}]"
safety_margin_covariance,357,71.4,2,76.28,65.9,86.0,90.0,50.0,50.0,,,position_noise+confidence_error,,trust_weighted_fusion,move,covariance,2.5,1.0,,1,0,25.987,8.353,25.715,uav_1,8.353,False,False,False,False,False,1,"[{""id"": ""obstacle_0"", ""kind"": ""static_obstacle"", ""x"": 50.0, ""y"": 50.0, ""radius"": 5.0}]"
safety_margin_covariance,357,71.4,3,86.419,78.801,90.0,86.0,50.0,50.0,,,confidence_error,,trust_weighted_fusion,move,covariance,0.0,0.0,,0,0,8.041,16.409,41.431,uav_2,16.409,False,False,False,False,False,1,"[{""id"": ""obstacle_0"", ""kind"": ""static_obstacle"", ""x"": 50.0, ""y"": 50.0, ""radius"": 5.0}]"
safety_margin_covariance,358,71.6,0,72.634,50.376,94.0,90.0,50.0,50.0,,,dropout+confidence_error,,trust_weighted_fusion,move,covariance,0.0,0.0,,0,0,45.018,7.864,17.637,uav_1,7.864,False,False,False,False,False,1,"[{""id"": ""obstacle_0"", ""kind"": ""static_obstacle"", ""x"": 50.0, ""y"": 50.0, ""radius"": 5.0}]"
safety_margin_covariance,358,71.6,1,74.43,58.032,90.0,94.0,50.0,50.0,,,position_noise+confidence_error,,trust_weighted_fusion,move,covariance,2.5,1.0,,2,0,39.193,7.864,20.716,uav_0,7.864,False,False,False,False,False,1,"[{""id"": ""obstacle_0"", ""kind"": ""static_obstacle"", ""x"": 50.0, ""y"": 50.0, ""radius"": 5.0}]"
safety_margin_covariance,358,71.6,2,76.383,66.155,86.0,90.0,50.0,50.0,,,position_noise+confidence_error,,trust_weighted_fusion,move,covariance,2.5,1.0,,1,0,25.712,8.354,25.936,uav_1,8.354,False,False,False,False,False,1,"[{""id"": ""obstacle_0"", ""kind"": ""static_obstacle"", ""x"": 50.0, ""y"": 50.0, ""radius"": 5.0}]"
safety_margin_covariance,358,71.6,3,86.597,79.159,90.0,86.0,50.0,50.0,,,confidence_error,,trust_weighted_fusion,move,covariance,0.0,0.0,,0,0,7.641,16.536,41.793,uav_2,16.536,False,False,False,False,False,1,"[{""id"": ""obstacle_0"", ""kind"": ""static_obstacle"", ""x"": 50.0, ""y"": 50.0, ""radius"": 5.0}]"
safety_margin_covariance,359,71.8,0,72.824,50.728,94.0,90.0,50.0,50.0,,,dropout+confidence_error,,trust_weighted_fusion,move,covariance,0.0,0.0,,0,0,44.618,7.749,17.836,uav_1,7.749,False,False,False,False,False,1,"[{""id"": ""obstacle_0"", ""kind"": ""static_obstacle"", ""x"": 50.0, ""y"": 50.0, ""radius"": 5.0}]"
safety_margin_covariance,359,71.8,1,74.539,58.284,90.0,94.0,50.0,50.0,,,false_negative+position_noise+confidence_error,,trust_weighted_fusion,move,covariance,2.5,1.0,,1,0,38.918,7.749,20.9,uav_0,7.749,False,False,False,False,False,1,"[{""id"": ""obstacle_0"", ""kind"": ""static_obstacle"", ""x"": 50.0, ""y"": 50.0, ""radius"": 5.0}]"
safety_margin_covariance,359,71.8,2,76.486,66.41,86.0,90.0,50.0,50.0,,,position_noise+confidence_error,,trust_weighted_fusion,move,covariance,2.5,1.0,,1,0,25.437,8.355,26.157,uav_1,8.355,False,False,False,False,False,1,"[{""id"": ""obstacle_0"", ""kind"": ""static_obstacle"", ""x"": 50.0, ""y"": 50.0, ""radius"": 5.0}]"
safety_margin_covariance,359,71.8,3,86.775,79.517,90.0,86.0,50.0,50.0,,,confidence_error,,trust_weighted_fusion,move,covariance,0.0,0.0,,0,0,7.241,16.664,42.156,uav_2,16.664,False,False,False,False,False,1,"[{""id"": ""obstacle_0"", ""kind"": ""static_obstacle"", ""x"": 50.0, ""y"": 50.0, ""radius"": 5.0}]"
safety_margin_covariance,360,72.0,0,73.014,51.08,94.0,90.0,50.0,50.0,,,dropout+confidence_error,,trust_weighted_fusion,move,covariance,0.0,0.0,,0,0,44.218,7.757,18.039,uav_1,7.757,False,False,False,False,False,1,"[{""id"": ""obstacle_0"", ""kind"": ""static_obstacle"", ""x"": 50.0, ""y"": 50.0, ""radius"": 5.0}]"
safety_margin_covariance,360,72.0,1,74.698,58.651,90.0,94.0,50.0,50.0,,,dropout+confidence_error,,trust_weighted_fusion,move,covariance,0.0,0.0,,0,0,38.518,7.757,21.17,uav_0,7.757,False,False,False,False,False,1,"[{""id"": ""obstacle_0"", ""kind"": ""static_obstacle"", ""x"": 50.0, ""y"": 50.0, ""radius"": 5.0}]"
safety_margin_covariance,360,72.0,2,76.588,66.665,86.0,90.0,50.0,50.0,,,position_noise+confidence_error,,trust_weighted_fusion,move,covariance,2.5,1.0,,1,0,25.162,8.233,26.379,uav_1,8.233,False,False,False,False,False,1,"[{""id"": ""obstacle_0"", ""kind"": ""static_obstacle"", ""x"": 50.0, ""y"": 50.0, ""radius"": 5.0}]"
safety_margin_covariance,360,72.0,3,86.953,79.875,90.0,86.0,50.0,50.0,,,confidence_error,,trust_weighted_fusion,move,covariance,0.0,0.0,,0,0,6.841,16.791,42.519,uav_2,16.791,False,False,False,False,False,1,"[{""id"": ""obstacle_0"", ""kind"": ""static_obstacle"", ""x"": 50.0, ""y"": 50.0, ""radius"": 5.0}]"
safety_margin_covariance,361,72.2,0,73.204,51.432,94.0,90.0,50.0,50.0,,,dropout+confidence_error,,trust_weighted_fusion,move,covariance,0.0,0.0,,0,0,43.818,7.765,18.248,uav_1,7.765,False,False,False,False,False,1,"[{""id"": ""obstacle_0"", ""kind"": ""static_obstacle"", ""x"": 50.0, ""y"": 50.0, ""radius"": 5.0}]"
safety_margin_covariance,361,72.2,1,74.857,59.018,90.0,94.0,50.0,50.0,,,dropout+confidence_error,,trust_weighted_fusion,move,covariance,0.0,0.0,,0,0,38.118,7.765,21.442,uav_0,7.765,False,False,False,False,False,1,"[{""id"": ""obstacle_0"", ""kind"": ""static_obstacle"", ""x"": 50.0, ""y"": 50.0, ""radius"": 5.0}]"
safety_margin_covariance,361,72.2,2,76.691,66.92,86.0,90.0,50.0,50.0,,,position_noise+confidence_error,,trust_weighted_fusion,move,covariance,2.5,1.0,,1,0,24.887,8.111,26.602,uav_1,8.111,False,False,False,False,False,1,"[{""id"": ""obstacle_0"", ""kind"": ""static_obstacle"", ""x"": 50.0, ""y"": 50.0, ""radius"": 5.0}]"
safety_margin_covariance,361,72.2,3,87.131,80.233,90.0,86.0,50.0,50.0,,,confidence_error,,trust_weighted_fusion,move,covariance,0.0,0.0,,0,0,6.441,16.919,42.883,uav_2,16.919,False,False,False,False,False,1,"[{""id"": ""obstacle_0"", ""kind"": ""static_obstacle"", ""x"": 50.0, ""y"": 50.0, ""radius"": 5.0}]"
safety_margin_covariance,362,72.4,0,73.334,51.674,94.0,90.0,50.0,50.0,,,position_noise+confidence_error,,trust_weighted_fusion,move,covariance,2.5,1.0,,1,0,43.543,7.893,18.394,uav_1,7.893,False,False,False,False,False,1,"[{""id"": ""obstacle_0"", ""kind"": ""static_obstacle"", ""x"": 50.0, ""y"": 50.0, ""radius"": 5.0}]"
safety_margin_covariance,362,72.4,1,75.016,59.386,90.0,94.0,50.0,50.0,,,dropout+confidence_error,,trust_weighted_fusion,move,covariance,0.0,0.0,,0,0,37.718,7.893,21.719,uav_0,7.893,False,False,False,False,False,1,"[{""id"": ""obstacle_0"", ""kind"": ""static_obstacle"", ""x"": 50.0, ""y"": 50.0, ""radius"": 5.0}]"
safety_margin_covariance,362,72.4,2,76.709,67.194,86.0,90.0,50.0,50.0,,,position_noise+confidence_error,,trust_weighted_fusion,avoidance,covariance,2.5,1.0,,1,0,24.626,7.99,26.765,uav_1,7.99,False,False,False,False,False,1,"[{""id"": ""obstacle_0"", ""kind"": ""static_obstacle"", ""x"": 50.0, ""y"": 50.0, ""radius"": 5.0}]"
safety_margin_covariance,362,72.4,3,87.309,80.592,90.0,86.0,50.0,50.0,,,confidence_error,,trust_weighted_fusion,move,covariance,0.0,0.0,,0,0,6.041,17.084,43.248,uav_2,17.084,False,False,False,False,False,1,"[{""id"": ""obstacle_0"", ""kind"": ""static_obstacle"", ""x"": 50.0, ""y"": 50.0, ""radius"": 5.0}]"
safety_margin_covariance,363,72.6,0,73.465,51.916,94.0,90.0,50.0,50.0,,,position_noise+confidence_error,,trust_weighted_fusion,move,covariance,2.5,1.0,,1,0,43.268,8.021,18.543,uav_1,8.021,False,False,False,False,False,1,"[{""id"": ""obstacle_0"", ""kind"": ""static_obstacle"", ""x"": 50.0, ""y"": 50.0, ""radius"": 5.0}]"
safety_margin_covariance,363,72.6,1,75.175,59.753,90.0,94.0,50.0,50.0,,,dropout+confidence_error,,trust_weighted_fusion,move,covariance,0.0,0.0,,0,0,37.318,7.992,21.998,uav_2,7.992,False,False,False,False,False,1,"[{""id"": ""obstacle_0"", ""kind"": ""static_obstacle"", ""x"": 50.0, ""y"": 50.0, ""radius"": 5.0}]"
safety_margin_covariance,363,72.6,2,76.86,67.565,86.0,90.0,50.0,50.0,,,false_negative+confidence_error,,trust_weighted_fusion,move,covariance,0.0,0.0,,0,0,24.226,7.992,27.094,uav_1,7.992,False,False,False,False,False,1,"[{""id"": ""obstacle_0"", ""kind"": ""static_obstacle"", ""x"": 50.0, ""y"": 50.0, ""radius"": 5.0}]"
safety_margin_covariance,363,72.6,3,87.488,80.95,90.0,86.0,50.0,50.0,,,confidence_error,,trust_weighted_fusion,move,covariance,0.0,0.0,,0,0,5.641,17.091,43.613,uav_2,17.091,False,False,False,False,False,1,"[{""id"": ""obstacle_0"", ""kind"": ""static_obstacle"", ""x"": 50.0, ""y"": 50.0, ""radius"": 5.0}]"
safety_margin_covariance,364,72.8,0,73.595,52.158,94.0,90.0,50.0,50.0,,,position_noise+confidence_error,,trust_weighted_fusion,move,covariance,2.5,1.0,,1,0,42.993,8.149,18.694,uav_1,8.149,False,False,False,False,False,1,"[{""id"": ""obstacle_0"", ""kind"": ""static_obstacle"", ""x"": 50.0, ""y"": 50.0, ""radius"": 5.0}]"
safety_margin_covariance,364,72.8,1,75.334,60.12,90.0,94.0,50.0,50.0,,,dropout+confidence_error,,trust_weighted_fusion,move,covariance,0.0,0.0,,0,0,36.918,7.87,22.28,uav_2,7.87,False,False,False,False,False,1,"[{""id"": ""obstacle_0"", ""kind"": ""static_obstacle"", ""x"": 50.0, ""y"": 50.0, ""radius"": 5.0}]"
safety_margin_covariance,364,72.8,2,76.964,67.819,86.0,90.0,50.0,50.0,,,position_noise+confidence_error,,trust_weighted_fusion,move,covariance,2.5,1.0,,1,0,23.951,7.87,27.32,uav_1,7.87,False,False,False,False,False,1,"[{""id"": ""obstacle_0"", ""kind"": ""static_obstacle"", ""x"": 50.0, ""y"": 50.0, ""radius"": 5.0}]"
safety_margin_covariance,364,72.8,3,87.666,81.308,90.0,86.0,50.0,50.0,,,confidence_error,,trust_weighted_fusion,move,covariance,0.0,0.0,,0,0,5.241,17.218,43.978,uav_2,17.218,False,False,False,False,False,1,"[{""id"": ""obstacle_0"", ""kind"": ""static_obstacle"", ""x"": 50.0, ""y"": 50.0, ""radius"": 5.0}]"
safety_margin_covariance,365,73.0,0,73.726,52.4,94.0,90.0,50.0,50.0,,,position_noise+confidence_error,,trust_weighted_fusion,move,covariance,2.5,1.0,,1,0,42.718,7.697,18.847,uav_1,7.697,False,False,False,False,False,1,"[{""id"": ""obstacle_0"", ""kind"": ""static_obstacle"", ""x"": 50.0, ""y"": 50.0, ""radius"": 5.0}]"
safety_margin_covariance,365,73.0,1,75.489,59.892,90.0,94.0,50.0,50.0,,,false_negative+position_noise+confidence_error,,trust_weighted_fusion,avoidance,covariance,2.5,1.0,,1,0,37.066,7.697,22.341,uav_0,7.697,False,False,False,False,False,1,"[{""id"": ""obstacle_0"", ""kind"": ""static_obstacle"", ""x"": 50.0, ""y"": 50.0, ""radius"": 5.0}]"
safety_margin_covariance,365,73.0,2,77.068,68.074,86.0,90.0,50.0,50.0,,,position_noise+confidence_error,,trust_weighted_fusion,move,covariance,2.5,1.0,,1,0,23.676,8.332,27.547,uav_1,8.332,False,False,False,False,False,1,"[{""id"": ""obstacle_0"", ""kind"": ""static_obstacle"", ""x"": 50.0, ""y"": 50.0, ""radius"": 5.0}]"
safety_margin_covariance,365,73.0,3,87.844,81.666,90.0,86.0,50.0,50.0,,,confidence_error,,trust_weighted_fusion,move,covariance,0.0,0.0,,0,0,4.841,17.345,44.345,uav_2,17.345,False,False,False,False,False,1,"[{""id"": ""obstacle_0"", ""kind"": ""static_obstacle"", ""x"": 50.0, ""y"": 50.0, ""radius"": 5.0}]"
safety_margin_covariance,366,73.2,0,73.856,52.642,94.0,90.0,50.0,50.0,,,position_noise+confidence_error,,trust_weighted_fusion,move,covariance,2.5,1.0,,1,0,42.443,7.702,19.002,uav_1,7.702,False,False,False,False,False,1,"[{""id"": ""obstacle_0"", ""kind"": ""static_obstacle"", ""x"": 50.0, ""y"": 50.0, ""radius"": 5.0}]"
safety_margin_covariance,366,73.2,1,75.596,60.145,90.0,94.0,50.0,50.0,,,position_noise+confidence_error,,trust_weighted_fusion,move,covariance,2.5,1.0,,2,0,36.791,7.702,22.534,uav_0,7.702,False,False,False,False,False,1,"[{""id"": ""obstacle_0"", ""kind"": ""static_obstacle"", ""x"": 50.0, ""y"": 50.0, ""radius"": 5.0}]"
safety_margin_covariance,366,73.2,2,77.172,68.329,86.0,90.0,50.0,50.0,,,position_noise+confidence_error,,trust_weighted_fusion,move,covariance,2.5,1.0,,1,0,23.401,8.333,27.776,uav_1,8.333,False,False,False,False,False,1,"[{""id"": ""obstacle_0"", ""kind"": ""static_obstacle"", ""x"": 50.0, ""y"": 50.0, ""radius"": 5.0}]"
safety_margin_covariance,366,73.2,3,88.022,82.024,90.0,86.0,50.0,50.0,,,confidence_error,,trust_weighted_fusion,move,covariance,0.0,0.0,,0,0,4.441,17.473,44.711,uav_2,17.473,False,False,False,False,False,1,"[{""id"": ""obstacle_0"", ""kind"": ""static_obstacle"", ""x"": 50.0, ""y"": 50.0, ""radius"": 5.0}]"
safety_margin_covariance,367,73.4,0,73.987,52.884,94.0,90.0,50.0,50.0,,,position_noise+confidence_error,,trust_weighted_fusion,move,covariance,2.5,1.0,,1,0,42.168,7.708,19.16,uav_1,7.708,False,False,False,False,False,1,"[{""id"": ""obstacle_0"", ""kind"": ""static_obstacle"", ""x"": 50.0, ""y"": 50.0, ""radius"": 5.0}]"
safety_margin_covariance,367,73.4,1,75.704,60.399,90.0,94.0,50.0,50.0,,,false_negative+position_noise+confidence_error,,trust_weighted_fusion,move,covariance,2.5,1.0,,1,0,36.516,7.708,22.728,uav_0,7.708,False,False,False,False,False,1,"[{""id"": ""obstacle_0"", ""kind"": ""static_obstacle"", ""x"": 50.0, ""y"": 50.0, ""radius"": 5.0}]"
safety_margin_covariance,367,73.4,2,77.323,68.699,86.0,90.0,50.0,50.0,,,false_negative+confidence_error,,trust_weighted_fusion,move,covariance,0.0,0.0,,0,0,23.001,8.457,28.109,uav_1,8.457,False,False,False,False,False,1,"[{""id"": ""obstacle_0"", ""kind"": ""static_obstacle"", ""x"": 50.0, ""y"": 50.0, ""radius"": 5.0}]"
safety_margin_covariance,367,73.4,3,88.2,82.382,90.0,86.0,50.0,50.0,,,confidence_error,,trust_weighted_fusion,move,covariance,0.0,0.0,,0,0,4.041,17.48,45.079,uav_2,17.48,False,False,False,False,False,1,"[{""id"": ""obstacle_0"", ""kind"": ""static_obstacle"", ""x"": 50.0, ""y"": 50.0, ""radius"": 5.0}]"
safety_margin_covariance,368,73.6,0,74.117,53.126,94.0,90.0,50.0,50.0,,,position_noise+confidence_error,,trust_weighted_fusion,move,covariance,2.5,1.0,,1,0,41.893,7.714,19.319,uav_1,7.714,False,False,False,False,False,1,"[{""id"": ""obstacle_0"", ""kind"": ""static_obstacle"", ""x"": 50.0, ""y"": 50.0, ""radius"": 5.0}]"
safety_margin_covariance,368,73.6,1,75.812,60.652,90.0,94.0,50.0,50.0,,,false_negative+position_noise+confidence_error,,trust_weighted_fusion,move,covariance,2.5,1.0,,1,0,36.241,7.714,22.923,uav_0,7.714,False,False,False,False,False,1,"[{""id"": ""obstacle_0"", ""kind"": ""static_obstacle"", ""x"": 50.0, ""y"": 50.0, ""radius"": 5.0}]"
safety_margin_covariance,368,73.6,2,77.426,68.954,86.0,90.0,50.0,50.0,,,position_noise+confidence_error,,trust_weighted_fusion,move,covariance,2.5,1.0,,1,0,22.726,8.458,28.338,uav_1,8.458,False,False,False,False,False,1,"[{""id"": ""obstacle_0"", ""kind"": ""static_obstacle"", ""x"": 50.0, ""y"": 50.0, ""radius"": 5.0}]"
safety_margin_covariance,368,73.6,3,88.378,82.74,90.0,86.0,50.0,50.0,,,confidence_error,,trust_weighted_fusion,move,covariance,0.0,0.0,,0,0,3.641,17.607,45.446,uav_2,17.607,False,False,False,False,False,1,"[{""id"": ""obstacle_0"", ""kind"": ""static_obstacle"", ""x"": 50.0, ""y"": 50.0, ""radius"": 5.0}]"
safety_margin_covariance,369,73.8,0,74.248,53.368,94.0,90.0,50.0,50.0,,,position_noise+confidence_error,,trust_weighted_fusion,move,covariance,2.5,1.0,,1,0,41.618,7.719,19.481,uav_1,7.719,False,False,False,False,False,1,"[{""id"": ""obstacle_0"", ""kind"": ""static_obstacle"", ""x"": 50.0, ""y"": 50.0, ""radius"": 5.0}]"
safety_margin_covariance,369,73.8,1,75.919,60.905,90.0,94.0,50.0,50.0,,,position_noise+confidence_error,,trust_weighted_fusion,move,covariance,2.5,1.0,,2,0,35.966,7.719,23.12,uav_0,7.719,False,False,False,False,False,1,"[{""id"": ""obstacle_0"", ""kind"": ""static_obstacle"", ""x"": 50.0, ""y"": 50.0, ""radius"": 5.0}]"
safety_margin_covariance,369,73.8,2,77.53,69.208,86.0,90.0,50.0,50.0,,,position_noise+confidence_error,,trust_weighted_fusion,move,covariance,2.5,1.0,,1,0,22.451,8.459,28.569,uav_1,8.459,False,False,False,False,False,1,"[{""id"": ""obstacle_0"", ""kind"": ""static_obstacle"", ""x"": 50.0, ""y"": 50.0, ""radius"": 5.0}]"
safety_margin_covariance,369,73.8,3,88.557,83.098,90.0,86.0,50.0,50.0,,,confidence_error,,trust_weighted_fusion,move,covariance,0.0,0.0,,0,0,3.241,17.735,45.815,uav_2,17.735,False,False,False,False,False,1,"[{""id"": ""obstacle_0"", ""kind"": ""static_obstacle"", ""x"": 50.0, ""y"": 50.0, ""radius"": 5.0}]"
safety_margin_covariance,370,74.0,0,74.379,53.61,94.0,90.0,50.0,50.0,,,position_noise+confidence_error,,trust_weighted_fusion,move,covariance,2.5,1.0,,1,0,41.343,7.725,19.644,uav_1,7.725,False,False,False,False,False,1,"[{""id"": ""obstacle_0"", ""kind"": ""static_obstacle"", ""x"": 50.0, ""y"": 50.0, ""radius"": 5.0}]"
safety_margin_covariance,370,74.0,1,76.027,61.158,90.0,94.0,50.0,50.0,,,false_negative+position_noise+confidence_error,,trust_weighted_fusion,move,covariance,2.5,1.0,,1,0,35.691,7.725,23.318,uav_0,7.725,False,False,False,False,False,1,"[{""id"": ""obstacle_0"", ""kind"": ""static_obstacle"", ""x"": 50.0, ""y"": 50.0, ""radius"": 5.0}]"
safety_margin_covariance,370,74.0,2,77.497,69.481,86.0,90.0,50.0,50.0,,,position_noise+confidence_error,,trust_weighted_fusion,avoidance,covariance,2.5,1.0,,1,0,22.211,8.453,28.699,uav_1,8.453,False,False,False,False,False,1,"[{""id"": ""obstacle_0"", ""kind"": ""static_obstacle"", ""x"": 50.0, ""y"": 50.0, ""radius"": 5.0}]"
safety_margin_covariance,370,74.0,3,88.735,83.457,90.0,86.0,50.0,50.0,,,confidence_error,,trust_weighted_fusion,move,covariance,0.0,0.0,,0,0,2.841,17.933,46.183,uav_2,17.933,False,False,False,False,False,1,"[{""id"": ""obstacle_0"", ""kind"": ""static_obstacle"", ""x"": 50.0, ""y"": 50.0, ""radius"": 5.0}]"
safety_margin_covariance,371,74.2,0,74.568,53.962,94.0,90.0,50.0,50.0,,,false_negative+confidence_error,,trust_weighted_fusion,move,covariance,0.0,0.0,,0,0,40.943,7.611,19.886,uav_1,7.611,False,False,False,False,False,1,"[{""id"": ""obstacle_0"", ""kind"": ""static_obstacle"", ""x"": 50.0, ""y"": 50.0, ""radius"": 5.0}]"
safety_margin_covariance,371,74.2,1,76.135,61.411,90.0,94.0,50.0,50.0,,,position_noise+confidence_error,,trust_weighted_fusion,move,covariance,2.5,1.0,,2,0,35.416,7.611,23.517,uav_0,7.611,False,False,False,False,False,1,"[{""id"": ""obstacle_0"", ""kind"": ""static_obstacle"", ""x"": 50.0, ""y"": 50.0, ""radius"": 5.0}]"
safety_margin_covariance,371,74.2,2,77.65,69.851,86.0,90.0,50.0,50.0,,,false_negative+confidence_error,,trust_weighted_fusion,move,covariance,0.0,0.0,,0,0,21.811,8.575,29.038,uav_1,8.575,False,False,False,False,False,1,"[{""id"": ""obstacle_0"", ""kind"": ""static_obstacle"", ""x"": 50.0, ""y"": 50.0, ""radius"": 5.0}]"
safety_margin_covariance,371,74.2,3,88.913,83.815,90.0,86.0,50.0,50.0,,,confidence_error,,trust_weighted_fusion,move,covariance,0.0,0.0,,0,0,2.441,17.94,46.552,uav_2,17.94,False,False,False,False,False,1,"[{""id"": ""obstacle_0"", ""kind"": ""static_obstacle"", ""x"": 50.0, ""y"": 50.0, ""radius"": 5.0}]"
safety_margin_covariance,372,74.4,0,74.699,54.204,94.0,90.0,50.0,50.0,,,position_noise+confidence_error,,trust_weighted_fusion,move,covariance,2.5,1.0,,1,0,40.668,7.617,20.054,uav_1,7.617,False,False,False,False,False,1,"[{""id"": ""obstacle_0"", ""kind"": ""static_obstacle"", ""x"": 50.0, ""y"": 50.0, ""radius"": 5.0}]"
safety_margin_covariance,372,74.4,1,76.242,61.664,90.0,94.0,50.0,50.0,,,false_negative+position_noise+confidence_error,,trust_weighted_fusion,move,covariance,2.5,1.0,,1,0,35.141,7.617,23.718,uav_0,7.617,False,False,False,False,False,1,"[{""id"": ""obstacle_0"", ""kind"": ""static_obstacle"", ""x"": 50.0, ""y"": 50.0, ""radius"": 5.0}]"
safety_margin_covariance,372,74.4,2,77.803,70.22,86.0,90.0,50.0,50.0,,,false_negative+confidence_error,,trust_weighted_fusion,move,covariance,0.0,0.0,,0,0,21.411,8.698,29.379,uav_1,8.698,False,False,False,False,False,1,"[{""id"": ""obstacle_0"", ""kind"": ""static_obstacle"", ""x"": 50.0, ""y"": 50.0, ""radius"": 5.0}]"
safety_margin_covariance,372,74.4,3,89.091,84.173,90.0,86.0,50.0,50.0,,,confidence_error,,trust_weighted_fusion,move,covariance,0.0,0.0,,0,0,2.041,17.947,46.922,uav_2,17.947,False,False,False,False,False,1,"[{""id"": ""obstacle_0"", ""kind"": ""static_obstacle"", ""x"": 50.0, ""y"": 50.0, ""radius"": 5.0}]"
safety_margin_covariance,373,74.6,0,74.889,54.557,94.0,90.0,50.0,50.0,,,false_negative+confidence_error,,trust_weighted_fusion,move,covariance,0.0,0.0,,0,0,40.268,7.432,20.302,uav_1,7.432,False,False,False,False,False,1,"[{""id"": ""obstacle_0"", ""kind"": ""static_obstacle"", ""x"": 50.0, ""y"": 50.0, ""radius"": 5.0}]"
safety_margin_covariance,373,74.6,1,76.087,61.891,90.0,94.0,50.0,50.0,,,false_negative+position_noise+confidence_error,,trust_weighted_fusion,avoidance,covariance,2.5,1.0,,1,0,34.994,7.432,23.67,uav_0,7.432,False,False,False,False,False,1,"[{""id"": ""obstacle_0"", ""kind"": ""static_obstacle"", ""x"": 50.0, ""y"": 50.0, ""radius"": 5.0}]"
safety_margin_covariance,373,74.6,2,77.909,70.474,86.0,90.0,50.0,50.0,,,position_noise+confidence_error,,trust_weighted_fusion,move,covariance,2.5,1.0,,1,0,21.136,8.775,29.613,uav_1,8.775,False,False,False,False,False,1,"[{""id"": ""obstacle_0"", ""kind"": ""static_obstacle"", ""x"": 50.0, ""y"": 50.0, ""radius"": 5.0}]"
safety_margin_covariance,373,74.6,3,89.269,84.531,90.0,86.0,50.0,50.0,,,confidence_error,,trust_weighted_fusion,move,covariance,0.0,0.0,,0,0,1.641,18.073,47.292,uav_2,18.073,False,False,False,False,True,1,"[{""id"": ""obstacle_0"", ""kind"": ""static_obstacle"", ""x"": 50.0, ""y"": 50.0, ""radius"": 5.0}]"
safety_margin_covariance,374,74.8,0,75.079,54.909,94.0,90.0,50.0,50.0,,,false_negative+confidence_error,,trust_weighted_fusion,move,covariance,0.0,0.0,,0,0,39.868,7.292,20.554,uav_1,7.292,False,False,False,False,False,1,"[{""id"": ""obstacle_0"", ""kind"": ""static_obstacle"", ""x"": 50.0, ""y"": 50.0, ""radius"": 5.0}]"
safety_margin_covariance,374,74.8,1,75.98,62.144,90.0,94.0,50.0,50.0,,,position_noise+confidence_error,,trust_weighted_fusion,avoidance,covariance,2.5,1.0,,2,0,34.804,7.292,23.678,uav_0,7.292,False,False,False,False,False,1,"[{""id"": ""obstacle_0"", ""kind"": ""static_obstacle"", ""x"": 50.0, ""y"": 50.0, ""radius"": 5.0}]"
safety_margin_covariance,374,74.8,2,78.014,70.729,86.0,90.0,50.0,50.0,,,position_noise+confidence_error,,trust_weighted_fusion,move,covariance,2.5,1.0,,1,0,20.861,8.822,29.849,uav_1,8.822,False,False,False,False,False,1,"[{""id"": ""obstacle_0"", ""kind"": ""static_obstacle"", ""x"": 50.0, ""y"": 50.0, ""radius"": 5.0}]"
safety_margin_covariance,374,74.8,3,89.269,84.531,90.0,86.0,50.0,50.0,,,none,,trust_weighted_fusion,at_goal,covariance,0.0,0.0,,0,0,1.641,17.81,47.292,uav_2,17.81,False,False,False,False,True,1,"[{""id"": ""obstacle_0"", ""kind"": ""static_obstacle"", ""x"": 50.0, ""y"": 50.0, ""radius"": 5.0}]"
safety_margin_covariance,375,75.0,0,75.209,55.151,94.0,90.0,50.0,50.0,,,position_noise+confidence_error,,trust_weighted_fusion,move,covariance,2.5,1.0,,1,0,39.593,7.299,20.73,uav_1,7.299,False,False,False,False,False,1,"[{""id"": ""obstacle_0"", ""kind"": ""static_obstacle"", ""x"": 50.0, ""y"": 50.0, ""radius"": 5.0}]"
safety_margin_covariance,375,75.0,1,76.091,62.396,90.0,94.0,50.0,50.0,,,position_noise+confidence_error,,trust_weighted_fusion,move,covariance,2.5,1.0,,2,0,34.529,7.299,23.886,uav_0,7.299,False,False,False,False,False,1,"[{""id"": ""obstacle_0"", ""kind"": ""static_obstacle"", ""x"": 50.0, ""y"": 50.0, ""radius"": 5.0}]"
safety_margin_covariance,375,75.0,2,78.119,70.983,86.0,90.0,50.0,50.0,,,position_noise+confidence_error,,trust_weighted_fusion,move,covariance,2.5,1.0,,1,0,20.586,8.823,30.085,uav_1,8.823,False,False,False,False,False,1,"[{""id"": ""obstacle_0"", ""kind"": ""static_obstacle"", ""x"": 50.0, ""y"": 50.0, ""radius"": 5.0}]"
safety_margin_covariance,375,75.0,3,89.269,84.531,90.0,86.0,50.0,50.0,,,none,,trust_weighted_fusion,at_goal,covariance,0.0,0.0,,0,0,1.641,17.547,47.292,uav_2,17.547,False,False,False,False,True,1,"[{""id"": ""obstacle_0"", ""kind"": ""static_obstacle"", ""x"": 50.0, ""y"": 50.0, ""radius"": 5.0}]"
safety_margin_covariance,376,75.2,0,75.34,55.393,94.0,90.0,50.0,50.0,,,position_noise+confidence_error,,trust_weighted_fusion,move,covariance,2.5,1.0,,1,0,39.318,7.306,20.907,uav_1,7.306,False,False,False,False,False,1,"[{""id"": ""obstacle_0"", ""kind"": ""static_obstacle"", ""x"": 50.0, ""y"": 50.0, ""radius"": 5.0}]"
safety_margin_covariance,376,75.2,1,76.202,62.648,90.0,94.0,50.0,50.0,,,position_noise+confidence_error,,trust_weighted_fusion,move,covariance,2.5,1.0,,2,0,34.254,7.306,24.094,uav_0,7.306,False,False,False,False,False,1,"[{""id"": ""obstacle_0"", ""kind"": ""static_obstacle"", ""x"": 50.0, ""y"": 50.0, ""radius"": 5.0}]"
safety_margin_covariance,376,75.2,2,78.272,71.352,86.0,90.0,50.0,50.0,,,false_negative+confidence_error,,trust_weighted_fusion,move,covariance,0.0,0.0,,0,0,20.186,8.947,30.429,uav_1,8.947,False,False,False,False,False,1,"[{""id"": ""obstacle_0"", ""kind"": ""static_obstacle"", ""x"": 50.0, ""y"": 50.0, ""radius"": 5.0}]"
safety_margin_covariance,376,75.2,3,89.269,84.531,90.0,86.0,50.0,50.0,,,none,,trust_weighted_fusion,at_goal,covariance,0.0,0.0,,0,0,1.641,17.164,47.292,uav_2,17.164,False,False,False,False,True,1,"[{""id"": ""obstacle_0"", ""kind"": ""static_obstacle"", ""x"": 50.0, ""y"": 50.0, ""radius"": 5.0}]"
safety_margin_covariance,377,75.4,0,75.47,55.635,94.0,90.0,50.0,50.0,,,position_noise+confidence_error,,trust_weighted_fusion,move,covariance,2.5,1.0,,1,0,39.043,7.313,21.086,uav_1,7.313,False,False,False,False,False,1,"[{""id"": ""obstacle_0"", ""kind"": ""static_obstacle"", ""x"": 50.0, ""y"": 50.0, ""radius"": 5.0}]"
safety_margin_covariance,377,75.4,1,76.312,62.899,90.0,94.0,50.0,50.0,,,false_negative+position_noise+confidence_error,,trust_weighted_fusion,move,covariance,2.5,1.0,,1,0,33.979,7.313,24.304,uav_0,7.313,False,False,False,False,False,1,"[{""id"": ""obstacle_0"", ""kind"": ""static_obstacle"", ""x"": 50.0, ""y"": 50.0, ""radius"": 5.0}]"
safety_margin_covariance,377,75.4,2,78.378,71.606,86.0,90.0,50.0,50.0,,,position_noise+confidence_error,,trust_weighted_fusion,move,covariance,2.5,1.0,,1,0,19.911,8.948,30.667,uav_1,8.948,False,False,False,False,False,1,"[{""id"": ""obstacle_0"", ""kind"": ""static_obstacle"", ""x"": 50.0, ""y"": 50.0, ""radius"": 5.0}]"
safety_margin_covariance,377,75.4,3,89.269,84.531,90.0,86.0,50.0,50.0,,,none,,trust_weighted_fusion,at_goal,covariance,0.0,0.0,,0,0,1.641,16.902,47.292,uav_2,16.902,False,False,False,False,True,1,"[{""id"": ""obstacle_0"", ""kind"": ""static_obstacle"", ""x"": 50.0, ""y"": 50.0, ""radius"": 5.0}]"
safety_margin_covariance,378,75.6,0,75.601,55.877,94.0,90.0,50.0,50.0,,,position_noise+confidence_error,,trust_weighted_fusion,move,covariance,2.5,1.0,,1,0,38.768,7.321,21.267,uav_1,7.321,False,False,False,False,False,1,"[{""id"": ""obstacle_0"", ""kind"": ""static_obstacle"", ""x"": 50.0, ""y"": 50.0, ""radius"": 5.0}]"
safety_margin_covariance,378,75.6,1,76.423,63.151,90.0,94.0,50.0,50.0,,,false_negative+position_noise+confidence_error,,trust_weighted_fusion,move,covariance,2.5,1.0,,1,0,33.704,7.321,24.515,uav_0,7.321,False,False,False,False,False,1,"[{""id"": ""obstacle_0"", ""kind"": ""static_obstacle"", ""x"": 50.0, ""y"": 50.0, ""radius"": 5.0}]"
safety_margin_covariance,378,75.6,2,78.483,71.86,86.0,90.0,50.0,50.0,,,position_noise+confidence_error,,trust_weighted_fusion,move,covariance,2.5,1.0,,1,0,19.636,8.949,30.905,uav_1,8.949,False,False,False,False,False,1,"[{""id"": ""obstacle_0"", ""kind"": ""static_obstacle"", ""x"": 50.0, ""y"": 50.0, ""radius"": 5.0}]"
safety_margin_covariance,378,75.6,3,89.269,84.531,90.0,86.0,50.0,50.0,,,none,,trust_weighted_fusion,at_goal,covariance,0.0,0.0,,0,0,1.641,16.64,47.292,uav_2,16.64,False,False,False,False,True,1,"[{""id"": ""obstacle_0"", ""kind"": ""static_obstacle"", ""x"": 50.0, ""y"": 50.0, ""radius"": 5.0}]"
safety_margin_covariance,379,75.8,0,75.731,56.119,94.0,90.0,50.0,50.0,,,position_noise+confidence_error,,trust_weighted_fusion,move,covariance,2.5,1.0,,1,0,38.493,7.282,21.449,uav_1,7.282,False,False,False,False,False,1,"[{""id"": ""obstacle_0"", ""kind"": ""static_obstacle"", ""x"": 50.0, ""y"": 50.0, ""radius"": 5.0}]"
safety_margin_covariance,379,75.8,1,76.272,63.381,90.0,94.0,50.0,50.0,,,position_noise+confidence_error,,trust_weighted_fusion,avoidance,covariance,2.5,1.0,,2,0,33.556,7.282,24.483,uav_0,7.282,False,False,False,False,False,1,"[{""id"": ""obstacle_0"", ""kind"": ""static_obstacle"", ""x"": 50.0, ""y"": 50.0, ""radius"": 5.0}]"
safety_margin_covariance,379,75.8,2,78.588,72.114,86.0,90.0,50.0,50.0,,,position_noise+confidence_error,,trust_weighted_fusion,move,covariance,2.5,1.0,,1,0,19.361,9.036,31.143,uav_1,9.036,False,False,False,False,False,1,"[{""id"": ""obstacle_0"", ""kind"": ""static_obstacle"", ""x"": 50.0, ""y"": 50.0, ""radius"": 5.0}]"
safety_margin_covariance,379,75.8,3,89.269,84.531,90.0,86.0,50.0,50.0,,,none,,trust_weighted_fusion,at_goal,covariance,0.0,0.0,,0,0,1.641,16.379,47.292,uav_2,16.379,False,False,False,False,True,1,"[{""id"": ""obstacle_0"", ""kind"": ""static_obstacle"", ""x"": 50.0, ""y"": 50.0, ""radius"": 5.0}]"
safety_margin_covariance,380,76.0,0,75.862,56.361,94.0,90.0,50.0,50.0,,,position_noise+confidence_error,,trust_weighted_fusion,move,covariance,2.5,1.0,,1,0,38.218,7.407,21.632,uav_1,7.407,False,False,False,False,False,1,"[{""id"": ""obstacle_0"", ""kind"": ""static_obstacle"", ""x"": 50.0, ""y"": 50.0, ""radius"": 5.0}]"
safety_margin_covariance,380,76.0,1,76.435,63.745,90.0,94.0,50.0,50.0,,,false_negative+confidence_error,,trust_weighted_fusion,move,covariance,0.0,0.0,,0,0,33.156,7.407,24.795,uav_0,7.407,False,False,False,False,False,1,"[{""id"": ""obstacle_0"", ""kind"": ""static_obstacle"", ""x"": 50.0, ""y"": 50.0, ""radius"": 5.0}]"
safety_margin_covariance,380,76.0,2,78.693,72.368,86.0,90.0,50.0,50.0,,,position_noise+confidence_error,,trust_weighted_fusion,move,covariance,2.5,1.0,,1,0,19.086,8.914,31.382,uav_1,8.914,False,False,False,False,False,1,"[{""id"": ""obstacle_0"", ""kind"": ""static_obstacle"", ""x"": 50.0, ""y"": 50.0, ""radius"": 5.0}]"
safety_margin_covariance,380,76.0,3,89.269,84.531,90.0,86.0,50.0,50.0,,,none,,trust_weighted_fusion,at_goal,covariance,0.0,0.0,,0,0,1.641,16.118,47.292,uav_2,16.118,False,False,False,False,True,1,"[{""id"": ""obstacle_0"", ""kind"": ""static_obstacle"", ""x"": 50.0, ""y"": 50.0, ""radius"": 5.0}]"
safety_margin_covariance,381,76.2,0,76.052,56.713,94.0,90.0,50.0,50.0,,,false_negative+confidence_error,,trust_weighted_fusion,move,covariance,0.0,0.0,,0,0,37.818,7.3,21.903,uav_1,7.3,False,False,False,False,False,1,"[{""id"": ""obstacle_0"", ""kind"": ""static_obstacle"", ""x"": 50.0, ""y"": 50.0, ""radius"": 5.0}]"
safety_margin_covariance,381,76.2,1,76.548,63.996,90.0,94.0,50.0,50.0,,,false_negative+position_noise+confidence_error,,trust_weighted_fusion,move,covariance,2.5,1.0,,1,0,32.881,7.3,25.011,uav_0,7.3,False,False,False,False,False,1,"[{""id"": ""obstacle_0"", ""kind"": ""static_obstacle"", ""x"": 50.0, ""y"": 50.0, ""radius"": 5.0}]"
safety_margin_covariance,381,76.2,2,78.799,72.622,86.0,90.0,50.0,50.0,,,position_noise+confidence_error,,trust_weighted_fusion,move,covariance,2.5,1.0,,1,0,18.811,8.915,31.621,uav_1,8.915,False,False,False,False,False,1,"[{""id"": ""obstacle_0"", ""kind"": ""static_obstacle"", ""x"": 50.0, ""y"": 50.0, ""radius"": 5.0}]"
safety_margin_covariance,381,76.2,3,89.269,84.531,90.0,86.0,50.0,50.0,,,none,,trust_weighted_fusion,at_goal,covariance,0.0,0.0,,0,0,1.641,15.857,47.292,uav_2,15.857,False,False,False,False,True,1,"[{""id"": ""obstacle_0"", ""kind"": ""static_obstacle"", ""x"": 50.0, ""y"": 50.0, ""radius"": 5.0}]"
safety_margin_covariance,382,76.4,0,76.182,56.955,94.0,90.0,50.0,50.0,,,position_noise+confidence_error,,trust_weighted_fusion,move,covariance,2.5,1.0,,1,0,37.543,7.308,22.09,uav_1,7.308,False,False,False,False,False,1,"[{""id"": ""obstacle_0"", ""kind"": ""static_obstacle"", ""x"": 50.0, ""y"": 50.0, ""radius"": 5.0}]"
safety_margin_covariance,382,76.4,1,76.66,64.247,90.0,94.0,50.0,50.0,,,position_noise+confidence_error,,trust_weighted_fusion,move,covariance,2.5,1.0,,2,0,32.606,7.308,25.228,uav_0,7.308,False,False,False,False,False,1,"[{""id"": ""obstacle_0"", ""kind"": ""static_obstacle"", ""x"": 50.0, ""y"": 50.0, ""radius"": 5.0}]"
safety_margin_covariance,382,76.4,2,78.952,72.992,86.0,90.0,50.0,50.0,,,dropout+confidence_error,,trust_weighted_fusion,move,covariance,0.0,0.0,,0,0,18.411,9.04,31.971,uav_1,9.04,False,False,False,False,False,1,"[{""id"": ""obstacle_0"", ""kind"": ""static_obstacle"", ""x"": 50.0, ""y"": 50.0, ""radius"": 5.0}]"
safety_margin_covariance,382,76.4,3,89.269,84.531,90.0,86.0,50.0,50.0,,,none,,trust_weighted_fusion,at_goal,covariance,0.0,0.0,,0,0,1.641,15.479,47.292,uav_2,15.479,False,False,False,False,True,1,"[{""id"": ""obstacle_0"", ""kind"": ""static_obstacle"", ""x"": 50.0, ""y"": 50.0, ""radius"": 5.0}]"
safety_margin_covariance,383,76.6,0,76.313,57.197,94.0,90.0,50.0,50.0,,,position_noise+confidence_error,,trust_weighted_fusion,move,covariance,2.5,1.0,,1,0,37.268,7.433,22.279,uav_1,7.433,False,False,False,False,False,1,"[{""id"": ""obstacle_0"", ""kind"": ""static_obstacle"", ""x"": 50.0, ""y"": 50.0, ""radius"": 5.0}]"
safety_margin_covariance,383,76.6,1,76.824,64.612,90.0,94.0,50.0,50.0,,,false_negative+confidence_error,,trust_weighted_fusion,move,covariance,0.0,0.0,,0,0,32.206,7.433,25.546,uav_0,7.433,False,False,False,False,False,1,"[{""id"": ""obstacle_0"", ""kind"": ""static_obstacle"", ""x"": 50.0, ""y"": 50.0, ""radius"": 5.0}]"
safety_margin_covariance,383,76.6,2,79.105,73.361,86.0,90.0,50.0,50.0,,,dropout+confidence_error,,trust_weighted_fusion,move,covariance,0.0,0.0,,0,0,18.011,9.042,32.321,uav_1,9.042,False,False,False,False,False,1,"[{""id"": ""obstacle_0"", ""kind"": ""static_obstacle"", ""x"": 50.0, ""y"": 50.0, ""radius"": 5.0}]"
safety_margin_covariance,383,76.6,3,89.269,84.531,90.0,86.0,50.0,50.0,,,none,,trust_weighted_fusion,at_goal,covariance,0.0,0.0,,0,0,1.641,15.102,47.292,uav_2,15.102,False,False,False,False,True,1,"[{""id"": ""obstacle_0"", ""kind"": ""static_obstacle"", ""x"": 50.0, ""y"": 50.0, ""radius"": 5.0}]"
safety_margin_covariance,384,76.8,0,76.443,57.439,94.0,90.0,50.0,50.0,,,position_noise+confidence_error,,trust_weighted_fusion,move,covariance,2.5,1.0,,1,0,36.993,7.558,22.47,uav_1,7.558,False,False,False,False,False,1,"[{""id"": ""obstacle_0"", ""kind"": ""static_obstacle"", ""x"": 50.0, ""y"": 50.0, ""radius"": 5.0}]"
safety_margin_covariance,384,76.8,1,76.988,64.977,90.0,94.0,50.0,50.0,,,false_negative+confidence_error,,trust_weighted_fusion,move,covariance,0.0,0.0,,0,0,31.806,7.558,25.865,uav_0,7.558,False,False,False,False,False,1,"[{""id"": ""obstacle_0"", ""kind"": ""static_obstacle"", ""x"": 50.0, ""y"": 50.0, ""radius"": 5.0}]"
safety_margin_covariance,384,76.8,2,79.258,73.731,86.0,90.0,50.0,50.0,,,dropout+confidence_error,,trust_weighted_fusion,move,covariance,0.0,0.0,,0,0,17.611,9.043,32.672,uav_1,9.043,False,False,False,False,False,1,"[{""id"": ""obstacle_0"", ""kind"": ""static_obstacle"", ""x"": 50.0, ""y"": 50.0, ""radius"": 5.0}]"
safety_margin_covariance,384,76.8,3,89.269,84.531,90.0,86.0,50.0,50.0,,,none,,trust_weighted_fusion,at_goal,covariance,0.0,0.0,,0,0,1.641,14.726,47.292,uav_2,14.726,False,False,False,False,True,1,"[{""id"": ""obstacle_0"", ""kind"": ""static_obstacle"", ""x"": 50.0, ""y"": 50.0, ""radius"": 5.0}]"
safety_margin_covariance,385,77.0,0,76.574,57.681,94.0,90.0,50.0,50.0,,,position_noise+confidence_error,,trust_weighted_fusion,move,covariance,2.5,1.0,,1,0,36.718,7.58,22.661,uav_1,7.58,False,False,False,False,False,1,"[{""id"": ""obstacle_0"", ""kind"": ""static_obstacle"", ""x"": 50.0, ""y"": 50.0, ""radius"": 5.0}]"
safety_margin_covariance,385,77.0,1,77.04,65.247,90.0,94.0,50.0,50.0,,,position_noise+confidence_error,,trust_weighted_fusion,avoidance,covariance,2.5,1.0,,2,0,31.539,7.58,26.042,uav_0,7.58,False,False,False,False,False,1,"[{""id"": ""obstacle_0"", ""kind"": ""static_obstacle"", ""x"": 50.0, ""y"": 50.0, ""radius"": 5.0}]"
safety_margin_covariance,385,77.0,2,79.411,74.1,86.0,90.0,50.0,50.0,,,dropout+confidence_error,,trust_weighted_fusion,move,covariance,0.0,0.0,,0,0,17.211,9.165,33.024,uav_1,9.165,False,False,False,False,False,1,"[{""id"": ""obstacle_0"", ""kind"": ""static_obstacle"", ""x"": 50.0, ""y"": 50.0, ""radius"": 5.0}]"
safety_margin_covariance,385,77.0,3,89.269,84.531,90.0,86.0,50.0,50.0,,,none,,trust_weighted_fusion,at_goal,covariance,0.0,0.0,,0,0,1.641,14.352,47.292,uav_2,14.352,False,False,False,False,True,1,"[{""id"": ""obstacle_0"", ""kind"": ""static_obstacle"", ""x"": 50.0, ""y"": 50.0, ""radius"": 5.0}]"
safety_margin_covariance,386,77.2,0,76.704,57.923,94.0,90.0,50.0,50.0,,,position_noise+confidence_error,,trust_weighted_fusion,move,covariance,2.5,1.0,,1,0,36.443,7.588,22.855,uav_1,7.588,False,False,False,False,False,1,"[{""id"": ""obstacle_0"", ""kind"": ""static_obstacle"", ""x"": 50.0, ""y"": 50.0, ""radius"": 5.0}]"
safety_margin_covariance,386,77.2,1,77.153,65.498,90.0,94.0,50.0,50.0,,,false_negative+position_noise+confidence_error,,trust_weighted_fusion,move,covariance,2.5,1.0,,1,0,31.264,7.588,26.264,uav_0,7.588,False,False,False,False,False,1,"[{""id"": ""obstacle_0"", ""kind"": ""static_obstacle"", ""x"": 50.0, ""y"": 50.0, ""radius"": 5.0}]"
safety_margin_covariance,386,77.2,2,79.564,74.47,86.0,90.0,50.0,50.0,,,dropout+confidence_error,,trust_weighted_fusion,move,covariance,0.0,0.0,,0,0,16.811,9.29,33.377,uav_1,9.29,False,False,False,False,False,1,"[{""id"": ""obstacle_0"", ""kind"": ""static_obstacle"", ""x"": 50.0, ""y"": 50.0, ""radius"": 5.0}]"
safety_margin_covariance,386,77.2,3,89.269,84.531,90.0,86.0,50.0,50.0,,,none,,trust_weighted_fusion,at_goal,covariance,0.0,0.0,,0,0,1.641,13.979,47.292,uav_2,13.979,False,False,False,False,True,1,"[{""id"": ""obstacle_0"", ""kind"": ""static_obstacle"", ""x"": 50.0, ""y"": 50.0, ""radius"": 5.0}]"
safety_margin_covariance,387,77.4,0,76.894,58.275,94.0,90.0,50.0,50.0,,,false_negative+confidence_error,,trust_weighted_fusion,move,covariance,0.0,0.0,,0,0,36.043,7.483,23.138,uav_1,7.483,False,False,False,False,False,1,"[{""id"": ""obstacle_0"", ""kind"": ""static_obstacle"", ""x"": 50.0, ""y"": 50.0, ""radius"": 5.0}]"
safety_margin_covariance,387,77.4,1,77.266,65.749,90.0,94.0,50.0,50.0,,,false_negative+position_noise+confidence_error,,trust_weighted_fusion,move,covariance,2.5,1.0,,1,0,30.989,7.483,26.487,uav_0,7.483,False,False,False,False,False,1,"[{""id"": ""obstacle_0"", ""kind"": ""static_obstacle"", ""x"": 50.0, ""y"": 50.0, ""radius"": 5.0}]"
safety_margin_covariance,387,77.4,2,79.67,74.724,86.0,90.0,50.0,50.0,,,false_negative+position_noise+confidence_error,,trust_weighted_fusion,move,covariance,2.5,1.0,,1,0,16.536,9.292,33.621,uav_1,9.292,False,False,False,False,False,1,"[{""id"": ""obstacle_0"", ""kind"": ""static_obstacle"", ""x"": 50.0, ""y"": 50.0, ""radius"": 5.0}]"
safety_margin_covariance,387,77.4,3,89.269,84.531,90.0,86.0,50.0,50.0,,,none,,trust_weighted_fusion,at_goal,covariance,0.0,0.0,,0,0,1.641,13.723,47.292,uav_2,13.723,False,False,False,False,True,1,"[{""id"": ""obstacle_0"", ""kind"": ""static_obstacle"", ""x"": 50.0, ""y"": 50.0, ""radius"": 5.0}]"
safety_margin_covariance,388,77.6,0,77.024,58.517,94.0,90.0,50.0,50.0,,,position_noise+confidence_error,,trust_weighted_fusion,move,covariance,2.5,1.0,,1,0,35.768,7.49,23.335,uav_1,7.49,False,False,False,False,False,1,"[{""id"": ""obstacle_0"", ""kind"": ""static_obstacle"", ""x"": 50.0, ""y"": 50.0, ""radius"": 5.0}]"
safety_margin_covariance,388,77.6,1,77.379,65.999,90.0,94.0,50.0,50.0,,,false_negative+position_noise+confidence_error,,trust_weighted_fusion,move,covariance,2.5,1.0,,1,0,30.714,7.49,26.711,uav_0,7.49,False,False,False,False,False,1,"[{""id"": ""obstacle_0"", ""kind"": ""static_obstacle"", ""x"": 50.0, ""y"": 50.0, ""radius"": 5.0}]"
safety_margin_covariance,388,77.6,2,79.775,74.978,86.0,90.0,50.0,50.0,,,false_negative+position_noise+confidence_error,,trust_weighted_fusion,move,covariance,2.5,1.0,,1,0,16.261,9.293,33.864,uav_1,9.293,False,False,False,False,False,1,"[{""id"": ""obstacle_0"", ""kind"": ""static_obstacle"", ""x"": 50.0, ""y"": 50.0, ""radius"": 5.0}]"
safety_margin_covariance,388,77.6,3,89.269,84.531,90.0,86.0,50.0,50.0,,,none,,trust_weighted_fusion,at_goal,covariance,0.0,0.0,,0,0,1.641,13.468,47.292,uav_2,13.468,False,False,False,False,True,1,"[{""id"": ""obstacle_0"", ""kind"": ""static_obstacle"", ""x"": 50.0, ""y"": 50.0, ""radius"": 5.0}]"
safety_margin_covariance,389,77.8,0,77.155,58.76,94.0,90.0,50.0,50.0,,,position_noise+confidence_error,,trust_weighted_fusion,move,covariance,2.5,1.0,,1,0,35.493,7.498,23.533,uav_1,7.498,False,False,False,False,False,1,"[{""id"": ""obstacle_0"", ""kind"": ""static_obstacle"", ""x"": 50.0, ""y"": 50.0, ""radius"": 5.0}]"
safety_margin_covariance,389,77.8,1,77.492,66.25,90.0,94.0,50.0,50.0,,,false_negative+position_noise+confidence_error,,trust_weighted_fusion,move,covariance,2.5,1.0,,1,0,30.439,7.498,26.935,uav_0,7.498,False,False,False,False,False,1,"[{""id"": ""obstacle_0"", ""kind"": ""static_obstacle"", ""x"": 50.0, ""y"": 50.0, ""radius"": 5.0}]"
safety_margin_covariance,389,77.8,2,79.88,75.232,86.0,90.0,50.0,50.0,,,position_noise+confidence_error,,trust_weighted_fusion,move,covariance,2.5,1.0,,2,0,15.986,9.294,34.109,uav_1,9.294,False,False,False,False,False,1,"[{""id"": ""obstacle_0"", ""kind"": ""static_obstacle"", ""x"": 50.0, ""y"": 50.0, ""radius"": 5.0}]"
safety_margin_covariance,389,77.8,3,89.269,84.531,90.0,86.0,50.0,50.0,,,none,,trust_weighted_fusion,at_goal,covariance,0.0,0.0,,0,0,1.641,13.214,47.292,uav_2,13.214,False,False,False,False,True,1,"[{""id"": ""obstacle_0"", ""kind"": ""static_obstacle"", ""x"": 50.0, ""y"": 50.0, ""radius"": 5.0}]"
safety_margin_covariance,390,78.0,0,77.345,59.112,94.0,90.0,50.0,50.0,,,false_negative+confidence_error,,trust_weighted_fusion,move,covariance,0.0,0.0,,0,0,35.093,7.394,23.823,uav_1,7.394,False,False,False,False,False,1,"[{""id"": ""obstacle_0"", ""kind"": ""static_obstacle"", ""x"": 50.0, ""y"": 50.0, ""radius"": 5.0}]"
safety_margin_covariance,390,78.0,1,77.605,66.501,90.0,94.0,50.0,50.0,,,false_negative+position_noise+confidence_error,,trust_weighted_fusion,move,covariance,2.5,1.0,,1,0,30.164,7.394,27.161,uav_0,7.394,False,False,False,False,False,1,"[{""id"": ""obstacle_0"", ""kind"": ""static_obstacle"", ""x"": 50.0, ""y"": 50.0, ""radius"": 5.0}]"
safety_margin_covariance,390,78.0,2,79.985,75.486,86.0,90.0,50.0,50.0,,,position_noise+confidence_error,,trust_weighted_fusion,move,covariance,2.5,1.0,,2,0,15.711,9.295,34.353,uav_1,9.295,False,False,False,False,False,1,"[{""id"": ""obstacle_0"", ""kind"": ""static_obstacle"", ""x"": 50.0, ""y"": 50.0, ""radius"": 5.0}]"
safety_margin_covariance,390,78.0,3,89.269,84.531,90.0,86.0,50.0,50.0,,,none,,trust_weighted_fusion,at_goal,covariance,0.0,0.0,,0,0,1.641,12.961,47.292,uav_2,12.961,False,False,False,False,True,1,"[{""id"": ""obstacle_0"", ""kind"": ""static_obstacle"", ""x"": 50.0, ""y"": 50.0, ""radius"": 5.0}]"
safety_margin_covariance,391,78.2,0,77.535,59.464,94.0,90.0,50.0,50.0,,,false_negative+confidence_error,,trust_weighted_fusion,move,covariance,0.0,0.0,,0,0,34.693,7.29,24.116,uav_1,7.29,False,False,False,False,False,1,"[{""id"": ""obstacle_0"", ""kind"": ""static_obstacle"", ""x"": 50.0, ""y"": 50.0, ""radius"": 5.0}]"
safety_margin_covariance,391,78.2,1,77.718,66.752,90.0,94.0,50.0,50.0,,,position_noise+confidence_error,,trust_weighted_fusion,move,covariance,2.5,1.0,,2,0,29.889,7.29,27.387,uav_0,7.29,False,False,False,False,False,1,"[{""id"": ""obstacle_0"", ""kind"": ""static_obstacle"", ""x"": 50.0, ""y"": 50.0, ""radius"": 5.0}]"
safety_margin_covariance,391,78.2,2,80.091,75.74,86.0,90.0,50.0,50.0,,,false_negative+position_noise+confidence_error,,trust_weighted_fusion,move,covariance,2.5,1.0,,1,0,15.436,9.297,34.598,uav_1,9.297,False,False,False,False,False,1,"[{""id"": ""obstacle_0"", ""kind"": ""static_obstacle"", ""x"": 50.0, ""y"": 50.0, ""radius"": 5.0}]"
safety_margin_covariance,391,78.2,3,89.269,84.531,90.0,86.0,50.0,50.0,,,none,,trust_weighted_fusion,at_goal,covariance,0.0,0.0,,0,0,1.641,12.709,47.292,uav_2,12.709,False,False,False,False,True,1,"[{""id"": ""obstacle_0"", ""kind"": ""static_obstacle"", ""x"": 50.0, ""y"": 50.0, ""radius"": 5.0}]"
safety_margin_covariance,392,78.4,0,77.724,59.816,94.0,90.0,50.0,50.0,,,false_negative+confidence_error,,trust_weighted_fusion,move,covariance,0.0,0.0,,0,0,34.293,7.207,24.411,uav_1,7.207,False,False,False,False,False,1,"[{""id"": ""obstacle_0"", ""kind"": ""static_obstacle"", ""x"": 50.0, ""y"": 50.0, ""radius"": 5.0}]"
safety_margin_covariance,392,78.4,1,77.669,67.022,90.0,94.0,50.0,50.0,,,position_noise+confidence_error,,trust_weighted_fusion,avoidance,covariance,2.5,1.0,,2,0,29.662,7.207,27.486,uav_0,7.207,False,False,False,False,False,1,"[{""id"": ""obstacle_0"", ""kind"": ""static_obstacle"", ""x"": 50.0, ""y"": 50.0, ""radius"": 5.0}]"
safety_margin_covariance,392,78.4,2,80.196,75.994,86.0,90.0,50.0,50.0,,,false_negative+position_noise+confidence_error,,trust_weighted_fusion,move,covariance,2.5,1.0,,1,0,15.161,9.321,34.843,uav_1,9.321,False,False,False,False,False,1,"[{""id"": ""obstacle_0"", ""kind"": ""static_obstacle"", ""x"": 50.0, ""y"": 50.0, ""radius"": 5.0}]"
safety_margin_covariance,392,78.4,3,89.269,84.531,90.0,86.0,50.0,50.0,,,none,,trust_weighted_fusion,at_goal,covariance,0.0,0.0,,0,0,1.641,12.458,47.292,uav_2,12.458,False,False,False,False,True,1,"[{""id"": ""obstacle_0"", ""kind"": ""static_obstacle"", ""x"": 50.0, ""y"": 50.0, ""radius"": 5.0}]"
safety_margin_covariance,393,78.6,0,77.855,60.058,94.0,90.0,50.0,50.0,,,position_noise+confidence_error,,trust_weighted_fusion,move,covariance,2.5,1.0,,1,0,34.018,7.215,24.615,uav_1,7.215,False,False,False,False,False,1,"[{""id"": ""obstacle_0"", ""kind"": ""static_obstacle"", ""x"": 50.0, ""y"": 50.0, ""radius"": 5.0}]"
safety_margin_covariance,393,78.6,1,77.783,67.272,90.0,94.0,50.0,50.0,,,false_negative+position_noise+confidence_error,,trust_weighted_fusion,move,covariance,2.5,1.0,,1,0,29.387,7.215,27.715,uav_0,7.215,False,False,False,False,False,1,"[{""id"": ""obstacle_0"", ""kind"": ""static_obstacle"", ""x"": 50.0, ""y"": 50.0, ""radius"": 5.0}]"
safety_margin_covariance,393,78.6,2,80.349,76.364,86.0,90.0,50.0,50.0,,,false_negative+confidence_error,,trust_weighted_fusion,move,covariance,0.0,0.0,,0,0,14.761,9.447,35.201,uav_1,9.447,False,False,False,False,False,1,"[{""id"": ""obstacle_0"", ""kind"": ""static_obstacle"", ""x"": 50.0, ""y"": 50.0, ""radius"": 5.0}]"
safety_margin_covariance,393,78.6,3,89.269,84.531,90.0,86.0,50.0,50.0,,,none,,trust_weighted_fusion,at_goal,covariance,0.0,0.0,,0,0,1.641,12.094,47.292,uav_2,12.094,False,False,False,False,True,1,"[{""id"": ""obstacle_0"", ""kind"": ""static_obstacle"", ""x"": 50.0, ""y"": 50.0, ""radius"": 5.0}]"
safety_margin_covariance,394,78.8,0,78.047,59.861,94.0,90.0,50.0,50.0,,,position_noise+confidence_error,,trust_weighted_fusion,avoidance,covariance,2.5,1.0,,1,0,34.101,7.663,24.73,uav_1,7.663,False,False,False,False,False,1,"[{""id"": ""obstacle_0"", ""kind"": ""static_obstacle"", ""x"": 50.0, ""y"": 50.0, ""radius"": 5.0}]"
safety_margin_covariance,394,78.8,1,77.898,67.522,90.0,94.0,50.0,50.0,,,false_negative+position_noise+confidence_error,,trust_weighted_fusion,move,covariance,2.5,1.0,,1,0,29.112,7.663,27.944,uav_0,7.663,False,False,False,False,False,1,"[{""id"": ""obstacle_0"", ""kind"": ""static_obstacle"", ""x"": 50.0, ""y"": 50.0, ""radius"": 5.0}]"
safety_margin_covariance,394,78.8,2,80.454,76.618,86.0,90.0,50.0,50.0,,,position_noise+confidence_error,,trust_weighted_fusion,move,covariance,2.5,1.0,,2,0,14.486,9.448,35.447,uav_1,9.448,False,False,False,False,False,1,"[{""id"": ""obstacle_0"", ""kind"": ""static_obstacle"", ""x"": 50.0, ""y"": 50.0, ""radius"": 5.0}]"
safety_margin_covariance,394,78.8,3,89.269,84.531,90.0,86.0,50.0,50.0,,,none,,trust_weighted_fusion,at_goal,covariance,0.0,0.0,,0,0,1.641,11.846,47.292,uav_2,11.846,False,False,False,False,True,1,"[{""id"": ""obstacle_0"", ""kind"": ""static_obstacle"", ""x"": 50.0, ""y"": 50.0, ""radius"": 5.0}]"
safety_margin_covariance,395,79.0,0,78.234,60.214,94.0,90.0,50.0,50.0,,,false_negative+confidence_error,,trust_weighted_fusion,move,covariance,0.0,0.0,,0,0,33.701,7.562,25.025,uav_1,7.562,False,False,False,False,False,1,"[{""id"": ""obstacle_0"", ""kind"": ""static_obstacle"", ""x"": 50.0, ""y"": 50.0, ""radius"": 5.0}]"
safety_margin_covariance,395,79.0,1,78.012,67.773,90.0,94.0,50.0,50.0,,,position_noise+confidence_error,,trust_weighted_fusion,move,covariance,2.5,1.0,,2,0,28.837,7.562,28.174,uav_0,7.562,False,False,False,False,False,1,"[{""id"": ""obstacle_0"", ""kind"": ""static_obstacle"", ""x"": 50.0, ""y"": 50.0, ""radius"": 5.0}]"
safety_margin_covariance,395,79.0,2,80.56,76.872,86.0,90.0,50.0,50.0,,,false_negative+position_noise+confidence_error,,trust_weighted_fusion,move,covariance,2.5,1.0,,1,0,14.211,9.449,35.694,uav_1,9.449,False,False,False,False,False,1,"[{""id"": ""obstacle_0"", ""kind"": ""static_obstacle"", ""x"": 50.0, ""y"": 50.0, ""radius"": 5.0}]"
safety_margin_covariance,395,79.0,3,89.269,84.531,90.0,86.0,50.0,50.0,,,none,,trust_weighted_fusion,at_goal,covariance,0.0,0.0,,0,0,1.641,11.598,47.292,uav_2,11.598,False,False,False,False,True,1,"[{""id"": ""obstacle_0"", ""kind"": ""static_obstacle"", ""x"": 50.0, ""y"": 50.0, ""radius"": 5.0}]"
safety_margin_covariance,396,79.2,0,78.363,60.457,94.0,90.0,50.0,50.0,,,position_noise+confidence_error,,trust_weighted_fusion,move,covariance,2.5,1.0,,1,0,33.426,7.569,25.229,uav_1,7.569,False,False,False,False,False,1,"[{""id"": ""obstacle_0"", ""kind"": ""static_obstacle"", ""x"": 50.0, ""y"": 50.0, ""radius"": 5.0}]"
safety_margin_covariance,396,79.2,1,78.126,68.023,90.0,94.0,50.0,50.0,,,false_negative+position_noise+confidence_error,,trust_weighted_fusion,move,covariance,2.5,1.0,,1,0,28.562,7.569,28.405,uav_0,7.569,False,False,False,False,False,1,"[{""id"": ""obstacle_0"", ""kind"": ""static_obstacle"", ""x"": 50.0, ""y"": 50.0, ""radius"": 5.0}]"
safety_margin_covariance,396,79.2,2,80.665,77.126,86.0,90.0,50.0,50.0,,,false_negative+position_noise+confidence_error,,trust_weighted_fusion,move,covariance,2.5,1.0,,1,0,13.936,9.451,35.941,uav_1,9.451,False,False,False,False,False,1,"[{""id"": ""obstacle_0"", ""kind"": ""static_obstacle"", ""x"": 50.0, ""y"": 50.0, ""radius"": 5.0}]"
safety_margin_covariance,396,79.2,3,89.269,84.531,90.0,86.0,50.0,50.0,,,none,,trust_weighted_fusion,at_goal,covariance,0.0,0.0,,0,0,1.641,11.352,47.292,uav_2,11.352,False,False,False,False,True,1,"[{""id"": ""obstacle_0"", ""kind"": ""static_obstacle"", ""x"": 50.0, ""y"": 50.0, ""radius"": 5.0}]"
safety_margin_covariance,397,79.4,0,78.491,60.7,94.0,90.0,50.0,50.0,,,position_noise+confidence_error,,trust_weighted_fusion,move,covariance,2.5,1.0,,1,0,33.151,7.577,25.434,uav_1,7.577,False,False,False,False,False,1,"[{""id"": ""obstacle_0"", ""kind"": ""static_obstacle"", ""x"": 50.0, ""y"": 50.0, ""radius"": 5.0}]"
safety_margin_covariance,397,79.4,1,78.241,68.273,90.0,94.0,50.0,50.0,,,false_negative+position_noise+confidence_error,,trust_weighted_fusion,move,covariance,2.5,1.0,,1,0,28.287,7.577,28.637,uav_0,7.577,False,False,False,False,False,1,"[{""id"": ""obstacle_0"", ""kind"": ""static_obstacle"", ""x"": 50.0, ""y"": 50.0, ""radius"": 5.0}]"
safety_margin_covariance,397,79.4,2,80.77,77.38,86.0,90.0,50.0,50.0,,,position_noise+confidence_error,,trust_weighted_fusion,move,covariance,2.5,1.0,,2,0,13.661,9.452,36.188,uav_1,9.452,False,False,False,False,False,1,"[{""id"": ""obstacle_0"", ""kind"": ""static_obstacle"", ""x"": 50.0, ""y"": 50.0, ""radius"": 5.0}]"
safety_margin_covariance,397,79.4,3,89.269,84.531,90.0,86.0,50.0,50.0,,,none,,trust_weighted_fusion,at_goal,covariance,0.0,0.0,,0,0,1.641,11.107,47.292,uav_2,11.107,False,False,False,False,True,1,"[{""id"": ""obstacle_0"", ""kind"": ""static_obstacle"", ""x"": 50.0, ""y"": 50.0, ""radius"": 5.0}]"
safety_margin_covariance,398,79.6,0,78.678,61.054,94.0,90.0,50.0,50.0,,,false_negative+confidence_error,,trust_weighted_fusion,move,covariance,0.0,0.0,,0,0,32.751,7.476,25.735,uav_1,7.476,False,False,False,False,False,1,"[{""id"": ""obstacle_0"", ""kind"": ""static_obstacle"", ""x"": 50.0, ""y"": 50.0, ""radius"": 5.0}]"
safety_margin_covariance,398,79.6,1,78.355,68.523,90.0,94.0,50.0,50.0,,,false_negative+position_noise+confidence_error,,trust_weighted_fusion,move,covariance,2.5,1.0,,1,0,28.012,7.476,28.869,uav_0,7.476,False,False,False,False,False,1,"[{""id"": ""obstacle_0"", ""kind"": ""static_obstacle"", ""x"": 50.0, ""y"": 50.0, ""radius"": 5.0}]"
safety_margin_covariance,398,79.6,2,80.876,77.634,86.0,90.0,50.0,50.0,,,false_negative+position_noise+confidence_error,,trust_weighted_fusion,move,covariance,2.5,1.0,,1,0,13.386,9.453,36.436,uav_1,9.453,False,False,False,False,False,1,"[{""id"": ""obstacle_0"", ""kind"": ""static_obstacle"", ""x"": 50.0, ""y"": 50.0, ""radius"": 5.0}]"
safety_margin_covariance,398,79.6,3,89.269,84.531,90.0,86.0,50.0,50.0,,,none,,trust_weighted_fusion,at_goal,covariance,0.0,0.0,,0,0,1.641,10.864,47.292,uav_2,10.864,False,False,False,False,True,1,"[{""id"": ""obstacle_0"", ""kind"": ""static_obstacle"", ""x"": 50.0, ""y"": 50.0, ""radius"": 5.0}]"
safety_margin_covariance,399,79.8,0,78.865,61.407,94.0,90.0,50.0,50.0,,,false_negative+confidence_error,,trust_weighted_fusion,move,covariance,0.0,0.0,,0,0,32.351,7.376,26.038,uav_1,7.376,False,False,False,False,False,1,"[{""id"": ""obstacle_0"", ""kind"": ""static_obstacle"", ""x"": 50.0, ""y"": 50.0, ""radius"": 5.0}]"
safety_margin_covariance,399,79.8,1,78.469,68.773,90.0,94.0,50.0,50.0,,,false_negative+position_noise+confidence_error,,trust_weighted_fusion,move,covariance,2.5,1.0,,1,0,27.737,7.376,29.102,uav_0,7.376,False,False,False,False,False,1,"[{""id"": ""obstacle_0"", ""kind"": ""static_obstacle"", ""x"": 50.0, ""y"": 50.0, ""radius"": 5.0}]"
safety_margin_covariance,399,79.8,2,80.981,77.888,86.0,90.0,50.0,50.0,,,position_noise+confidence_error,,trust_weighted_fusion,move,covariance,2.5,1.0,,2,0,13.111,9.455,36.684,uav_1,9.455,False,False,False,False,False,1,"[{""id"": ""obstacle_0"", ""kind"": ""static_obstacle"", ""x"": 50.0, ""y"": 50.0, ""radius"": 5.0}]"
safety_margin_covariance,399,79.8,3,89.269,84.531,90.0,86.0,50.0,50.0,,,none,,trust_weighted_fusion,at_goal,covariance,0.0,0.0,,0,0,1.641,10.622,47.292,uav_2,10.622,False,False,False,False,True,1,"[{""id"": ""obstacle_0"", ""kind"": ""static_obstacle"", ""x"": 50.0, ""y"": 50.0, ""radius"": 5.0}]"
safety_margin_covariance,400,80.0,0,78.994,61.65,94.0,90.0,50.0,50.0,,,position_noise+confidence_error,,trust_weighted_fusion,move,covariance,2.5,1.0,,1,0,32.076,7.384,26.247,uav_1,7.384,False,False,False,False,False,1,"[{""id"": ""obstacle_0"", ""kind"": ""static_obstacle"", ""x"": 50.0, ""y"": 50.0, ""radius"": 5.0}]"
safety_margin_covariance,400,80.0,1,78.584,69.023,90.0,94.0,50.0,50.0,,,false_negative+position_noise+confidence_error,,trust_weighted_fusion,move,covariance,2.5,1.0,,1,0,27.462,7.384,29.335,uav_0,7.384,False,False,False,False,False,1,"[{""id"": ""obstacle_0"", ""kind"": ""static_obstacle"", ""x"": 50.0, ""y"": 50.0, ""radius"": 5.0}]"
safety_margin_covariance,400,80.0,2,81.086,78.142,86.0,90.0,50.0,50.0,,,false_negative+position_noise+confidence_error,,trust_weighted_fusion,move,covariance,2.5,1.0,,1,0,12.836,9.456,36.932,uav_1,9.456,False,False,False,False,False,1,"[{""id"": ""obstacle_0"", ""kind"": ""static_obstacle"", ""x"": 50.0, ""y"": 50.0, ""radius"": 5.0}]"
safety_margin_covariance,400,80.0,3,89.269,84.531,90.0,86.0,50.0,50.0,,,none,,trust_weighted_fusion,at_goal,covariance,0.0,0.0,,0,0,1.641,10.382,47.292,uav_2,10.382,False,False,False,False,True,1,"[{""id"": ""obstacle_0"", ""kind"": ""static_obstacle"", ""x"": 50.0, ""y"": 50.0, ""radius"": 5.0}]"
safety_margin_covariance,401,80.2,0,79.181,62.004,94.0,90.0,50.0,50.0,,,false_negative+confidence_error,,trust_weighted_fusion,move,covariance,0.0,0.0,,0,0,31.676,7.285,26.554,uav_1,7.285,False,False,False,False,False,1,"[{""id"": ""obstacle_0"", ""kind"": ""static_obstacle"", ""x"": 50.0, ""y"": 50.0, ""radius"": 5.0}]"
safety_margin_covariance,401,80.2,1,78.698,69.273,90.0,94.0,50.0,50.0,,,false_negative+position_noise+confidence_error,,trust_weighted_fusion,move,covariance,2.5,1.0,,1,0,27.187,7.285,29.569,uav_0,7.285,False,False,False,False,False,1,"[{""id"": ""obstacle_0"", ""kind"": ""static_obstacle"", ""x"": 50.0, ""y"": 50.0, ""radius"": 5.0}]"
safety_margin_covariance,401,80.2,2,81.191,78.396,86.0,90.0,50.0,50.0,,,false_negative+position_noise+confidence_error,,trust_weighted_fusion,move,covariance,2.5,1.0,,1,0,12.561,9.458,37.181,uav_1,9.458,False,False,False,False,False,1,"[{""id"": ""obstacle_0"", ""kind"": ""static_obstacle"", ""x"": 50.0, ""y"": 50.0, ""radius"": 5.0}]"
safety_margin_covariance,401,80.2,3,89.269,84.531,90.0,86.0,50.0,50.0,,,none,,trust_weighted_fusion,at_goal,covariance,0.0,0.0,,0,0,1.641,10.143,47.292,uav_2,10.143,False,False,False,False,True,1,"[{""id"": ""obstacle_0"", ""kind"": ""static_obstacle"", ""x"": 50.0, ""y"": 50.0, ""radius"": 5.0}]"
safety_margin_covariance,402,80.4,0,79.368,62.357,94.0,90.0,50.0,50.0,,,false_negative+confidence_error,,trust_weighted_fusion,move,covariance,0.0,0.0,,0,0,31.276,7.187,26.862,uav_1,7.187,False,False,False,False,False,1,"[{""id"": ""obstacle_0"", ""kind"": ""static_obstacle"", ""x"": 50.0, ""y"": 50.0, ""radius"": 5.0}]"
safety_margin_covariance,402,80.4,1,78.812,69.523,90.0,94.0,50.0,50.0,,,false_negative+position_noise+confidence_error,,trust_weighted_fusion,move,covariance,2.5,1.0,,1,0,26.912,7.187,29.804,uav_0,7.187,False,False,False,False,False,1,"[{""id"": ""obstacle_0"", ""kind"": ""static_obstacle"", ""x"": 50.0, ""y"": 50.0, ""radius"": 5.0}]"
safety_margin_covariance,402,80.4,2,81.297,78.65,86.0,90.0,50.0,50.0,,,false_negative+position_noise+confidence_error,,trust_weighted_fusion,move,covariance,2.5,1.0,,1,0,12.286,9.459,37.43,uav_1,9.459,False,False,False,False,False,1,"[{""id"": ""obstacle_0"", ""kind"": ""static_obstacle"", ""x"": 50.0, ""y"": 50.0, ""radius"": 5.0}]"
safety_margin_covariance,402,80.4,3,89.269,84.531,90.0,86.0,50.0,50.0,,,none,,trust_weighted_fusion,at_goal,covariance,0.0,0.0,,0,0,1.641,9.907,47.292,uav_2,9.907,False,False,False,False,True,1,"[{""id"": ""obstacle_0"", ""kind"": ""static_obstacle"", ""x"": 50.0, ""y"": 50.0, ""radius"": 5.0}]"
safety_margin_covariance,403,80.6,0,79.497,62.601,94.0,90.0,50.0,50.0,,,position_noise+confidence_error,,trust_weighted_fusion,move,covariance,2.5,1.0,,1,0,31.001,7.196,27.076,uav_1,7.196,False,False,False,False,False,1,"[{""id"": ""obstacle_0"", ""kind"": ""static_obstacle"", ""x"": 50.0, ""y"": 50.0, ""radius"": 5.0}]"
safety_margin_covariance,403,80.6,1,78.927,69.773,90.0,94.0,50.0,50.0,,,false_negative+position_noise+confidence_error,,trust_weighted_fusion,move,covariance,2.5,1.0,,1,0,26.637,7.196,30.039,uav_0,7.196,False,False,False,False,False,1,"[{""id"": ""obstacle_0"", ""kind"": ""static_obstacle"", ""x"": 50.0, ""y"": 50.0, ""radius"": 5.0}]"
safety_margin_covariance,403,80.6,2,81.402,78.904,86.0,90.0,50.0,50.0,,,position_noise+confidence_error,,trust_weighted_fusion,move,covariance,2.5,1.0,,2,0,12.011,9.46,37.68,uav_1,9.46,False,False,False,False,False,1,"[{""id"": ""obstacle_0"", ""kind"": ""static_obstacle"", ""x"": 50.0, ""y"": 50.0, ""radius"": 5.0}]"
safety_margin_covariance,403,80.6,3,89.269,84.531,90.0,86.0,50.0,50.0,,,none,,trust_weighted_fusion,at_goal,covariance,0.0,0.0,,0,0,1.641,9.672,47.292,uav_2,9.672,False,False,False,False,True,1,"[{""id"": ""obstacle_0"", ""kind"": ""static_obstacle"", ""x"": 50.0, ""y"": 50.0, ""radius"": 5.0}]"
safety_margin_covariance,404,80.8,0,79.626,62.844,94.0,90.0,50.0,50.0,,,position_noise+confidence_error,,trust_weighted_fusion,move,covariance,2.5,1.0,,1,0,30.726,7.204,27.29,uav_1,7.204,False,False,False,False,False,1,"[{""id"": ""obstacle_0"", ""kind"": ""static_obstacle"", ""x"": 50.0, ""y"": 50.0, ""radius"": 5.0}]"
safety_margin_covariance,404,80.8,1,79.041,70.024,90.0,94.0,50.0,50.0,,,position_noise+confidence_error,,trust_weighted_fusion,move,covariance,2.5,1.0,,2,0,26.362,7.204,30.275,uav_0,7.204,False,False,False,False,False,1,"[{""id"": ""obstacle_0"", ""kind"": ""static_obstacle"", ""x"": 50.0, ""y"": 50.0, ""radius"": 5.0}]"
safety_margin_covariance,404,80.8,2,81.507,79.158,86.0,90.0,50.0,50.0,,,false_negative+position_noise+confidence_error,,trust_weighted_fusion,move,covariance,2.5,1.0,,1,0,11.736,9.44,37.929,uav_3,9.44,False,False,False,False,False,1,"[{""id"": ""obstacle_0"", ""kind"": ""static_obstacle"", ""x"": 50.0, ""y"": 50.0, ""radius"": 5.0}]"
safety_margin_covariance,404,80.8,3,89.269,84.531,90.0,86.0,50.0,50.0,,,none,,trust_weighted_fusion,at_goal,covariance,0.0,0.0,,0,0,1.641,9.44,47.292,uav_2,9.44,False,False,False,False,True,1,"[{""id"": ""obstacle_0"", ""kind"": ""static_obstacle"", ""x"": 50.0, ""y"": 50.0, ""radius"": 5.0}]"
safety_margin_covariance,405,81.0,0,79.813,63.197,94.0,90.0,50.0,50.0,,,false_negative+confidence_error,,trust_weighted_fusion,move,covariance,0.0,0.0,,0,0,30.326,7.107,27.603,uav_1,7.107,False,False,False,False,False,1,"[{""id"": ""obstacle_0"", ""kind"": ""static_obstacle"", ""x"": 50.0, ""y"": 50.0, ""radius"": 5.0}]"
safety_margin_covariance,405,81.0,1,79.155,70.274,90.0,94.0,50.0,50.0,,,false_negative+position_noise+confidence_error,,trust_weighted_fusion,move,covariance,2.5,1.0,,1,0,26.087,7.107,30.511,uav_0,7.107,False,False,False,False,False,1,"[{""id"": ""obstacle_0"", ""kind"": ""static_obstacle"", ""x"": 50.0, ""y"": 50.0, ""radius"": 5.0}]"
safety_margin_covariance,405,81.0,2,81.612,79.412,86.0,90.0,50.0,50.0,,,position_noise+confidence_error,,trust_weighted_fusion,move,covariance,2.5,1.0,,2,0,11.461,9.21,38.179,uav_3,9.21,False,False,False,False,False,1,"[{""id"": ""obstacle_0"", ""kind"": ""static_obstacle"", ""x"": 50.0, ""y"": 50.0, ""radius"": 5.0}]"
safety_margin_covariance,405,81.0,3,89.269,84.531,90.0,86.0,50.0,50.0,,,none,,trust_weighted_fusion,at_goal,covariance,0.0,0.0,,0,0,1.641,9.21,47.292,uav_2,9.21,False,False,False,False,True,1,"[{""id"": ""obstacle_0"", ""kind"": ""static_obstacle"", ""x"": 50.0, ""y"": 50.0, ""radius"": 5.0}]"
safety_margin_covariance,406,81.2,0,79.941,63.44,94.0,90.0,50.0,50.0,,,position_noise+confidence_error,,trust_weighted_fusion,move,covariance,2.5,1.0,,1,0,30.051,7.069,27.82,uav_1,7.069,False,False,False,False,False,1,"[{""id"": ""obstacle_0"", ""kind"": ""static_obstacle"", ""x"": 50.0, ""y"": 50.0, ""radius"": 5.0}]"
safety_margin_covariance,406,81.2,1,78.934,70.437,90.0,94.0,50.0,50.0,,,false_negative+position_noise+confidence_error,,trust_weighted_fusion,avoidance,covariance,2.5,1.0,,1,0,26.032,7.069,30.424,uav_0,7.069,False,False,False,False,False,1,"[{""id"": ""obstacle_0"", ""kind"": ""static_obstacle"", ""x"": 50.0, ""y"": 50.0, ""radius"": 5.0}]"
safety_margin_covariance,406,81.2,2,81.718,79.666,86.0,90.0,50.0,50.0,,,false_negative+position_noise+confidence_error,,trust_weighted_fusion,move,covariance,2.5,1.0,,1,0,11.186,8.983,38.429,uav_3,8.983,False,False,False,False,False,1,"[{""id"": ""obstacle_0"", ""kind"": ""static_obstacle"", ""x"": 50.0, ""y"": 50.0, ""radius"": 5.0}]"
safety_margin_covariance,406,81.2,3,89.269,84.531,90.0,86.0,50.0,50.0,,,none,,trust_weighted_fusion,at_goal,covariance,0.0,0.0,,0,0,1.641,8.983,47.292,uav_2,8.983,False,False,False,False,True,1,"[{""id"": ""obstacle_0"", ""kind"": ""static_obstacle"", ""x"": 50.0, ""y"": 50.0, ""radius"": 5.0}]"
safety_margin_covariance,407,81.4,0,80.07,63.683,94.0,90.0,50.0,50.0,,,position_noise+confidence_error,,trust_weighted_fusion,move,covariance,2.5,1.0,,1,0,29.776,7.077,28.037,uav_1,7.077,False,False,False,False,False,1,"[{""id"": ""obstacle_0"", ""kind"": ""static_obstacle"", ""x"": 50.0, ""y"": 50.0, ""radius"": 5.0}]"
safety_margin_covariance,407,81.4,1,79.051,70.686,90.0,94.0,50.0,50.0,,,false_negative+position_noise+confidence_error,,trust_weighted_fusion,move,covariance,2.5,1.0,,1,0,25.757,7.077,30.664,uav_0,7.077,False,False,False,False,False,1,"[{""id"": ""obstacle_0"", ""kind"": ""static_obstacle"", ""x"": 50.0, ""y"": 50.0, ""radius"": 5.0}]"
safety_margin_covariance,407,81.4,2,81.823,79.921,86.0,90.0,50.0,50.0,,,false_negative+position_noise+confidence_error,,trust_weighted_fusion,move,covariance,2.5,1.0,,1,0,10.911,8.758,38.68,uav_3,8.758,False,False,False,False,False,1,"[{""id"": ""obstacle_0"", ""kind"": ""static_obstacle"", ""x"": 50.0, ""y"": 50.0, ""radius"": 5.0}]"
safety_margin_covariance,407,81.4,3,89.269,84.531,90.0,86.0,50.0,50.0,,,none,,trust_weighted_fusion,at_goal,covariance,0.0,0.0,,0,0,1.641,8.758,47.292,uav_2,8.758,False,False,False,False,True,1,"[{""id"": ""obstacle_0"", ""kind"": ""static_obstacle"", ""x"": 50.0, ""y"": 50.0, ""radius"": 5.0}]"
safety_margin_covariance,408,81.6,0,80.199,63.926,94.0,90.0,50.0,50.0,,,position_noise+confidence_error,,trust_weighted_fusion,move,covariance,2.5,1.0,,1,0,29.501,7.084,28.255,uav_1,7.084,False,False,False,False,False,1,"[{""id"": ""obstacle_0"", ""kind"": ""static_obstacle"", ""x"": 50.0, ""y"": 50.0, ""radius"": 5.0}]"
safety_margin_covariance,408,81.6,1,79.168,70.935,90.0,94.0,50.0,50.0,,,position_noise+confidence_error,,trust_weighted_fusion,move,covariance,2.5,1.0,,2,0,25.482,7.084,30.904,uav_0,7.084,False,False,False,False,False,1,"[{""id"": ""obstacle_0"", ""kind"": ""static_obstacle"", ""x"": 50.0, ""y"": 50.0, ""radius"": 5.0}]"
safety_margin_covariance,408,81.6,2,81.928,80.175,86.0,90.0,50.0,50.0,,,position_noise+confidence_error,,trust_weighted_fusion,move,covariance,2.5,1.0,,2,0,10.636,8.536,38.931,uav_3,8.536,False,False,False,False,False,1,"[{""id"": ""obstacle_0"", ""kind"": ""static_obstacle"", ""x"": 50.0, ""y"": 50.0, ""radius"": 5.0}]"
safety_margin_covariance,408,81.6,3,89.269,84.531,90.0,86.0,50.0,50.0,,,none,,trust_weighted_fusion,at_goal,covariance,0.0,0.0,,0,0,1.641,8.536,47.292,uav_2,8.536,False,False,False,False,True,1,"[{""id"": ""obstacle_0"", ""kind"": ""static_obstacle"", ""x"": 50.0, ""y"": 50.0, ""radius"": 5.0}]"
safety_margin_covariance,409,81.8,0,80.327,64.169,94.0,90.0,50.0,50.0,,,position_noise+confidence_error,,trust_weighted_fusion,move,covariance,2.5,1.0,,1,0,29.226,7.092,28.474,uav_1,7.092,False,False,False,False,False,1,"[{""id"": ""obstacle_0"", ""kind"": ""static_obstacle"", ""x"": 50.0, ""y"": 50.0, ""radius"": 5.0}]"
safety_margin_covariance,409,81.8,1,79.285,71.184,90.0,94.0,50.0,50.0,,,false_negative+position_noise+confidence_error,,trust_weighted_fusion,move,covariance,2.5,1.0,,1,0,25.207,7.092,31.144,uav_0,7.092,False,False,False,False,False,1,"[{""id"": ""obstacle_0"", ""kind"": ""static_obstacle"", ""x"": 50.0, ""y"": 50.0, ""radius"": 5.0}]"
safety_margin_covariance,409,81.8,2,82.034,80.429,86.0,90.0,50.0,50.0,,,position_noise+confidence_error,,trust_weighted_fusion,move,covariance,2.5,1.0,,2,0,10.361,8.318,39.182,uav_3,8.318,False,False,False,False,False,1,"[{""id"": ""obstacle_0"", ""kind"": ""static_obstacle"", ""x"": 50.0, ""y"": 50.0, ""radius"": 5.0}]"
safety_margin_covariance,409,81.8,3,89.269,84.531,90.0,86.0,50.0,50.0,,,none,,trust_weighted_fusion,at_goal,covariance,0.0,0.0,,0,0,1.641,8.318,47.292,uav_2,8.318,False,False,False,False,True,1,"[{""id"": ""obstacle_0"", ""kind"": ""static_obstacle"", ""x"": 50.0, ""y"": 50.0, ""radius"": 5.0}]"
safety_margin_covariance,410,82.0,0,80.514,64.523,94.0,90.0,50.0,50.0,,,false_negative+confidence_error,,trust_weighted_fusion,move,covariance,0.0,0.0,,0,0,28.826,6.999,28.794,uav_1,6.999,False,False,False,False,False,1,"[{""id"": ""obstacle_0"", ""kind"": ""static_obstacle"", ""x"": 50.0, ""y"": 50.0, ""radius"": 5.0}]"
safety_margin_covariance,410,82.0,1,79.402,71.433,90.0,94.0,50.0,50.0,,,false_negative+position_noise+confidence_error,,trust_weighted_fusion,move,covariance,2.5,1.0,,1,0,24.932,6.999,31.385,uav_0,6.999,False,False,False,False,False,1,"[{""id"": ""obstacle_0"", ""kind"": ""static_obstacle"", ""x"": 50.0, ""y"": 50.0, ""radius"": 5.0}]"
safety_margin_covariance,410,82.0,2,82.139,80.683,86.0,90.0,50.0,50.0,,,position_noise+confidence_error,,trust_weighted_fusion,move,covariance,2.5,1.0,,2,0,10.086,8.103,39.433,uav_3,8.103,False,False,False,False,False,1,"[{""id"": ""obstacle_0"", ""kind"": ""static_obstacle"", ""x"": 50.0, ""y"": 50.0, ""radius"": 5.0}]"
safety_margin_covariance,410,82.0,3,89.269,84.531,90.0,86.0,50.0,50.0,,,none,,trust_weighted_fusion,at_goal,covariance,0.0,0.0,,0,0,1.641,8.103,47.292,uav_2,8.103,False,False,False,False,True,1,"[{""id"": ""obstacle_0"", ""kind"": ""static_obstacle"", ""x"": 50.0, ""y"": 50.0, ""radius"": 5.0}]"
safety_margin_covariance,411,82.2,0,80.702,64.876,94.0,90.0,50.0,50.0,,,false_negative+confidence_error,,trust_weighted_fusion,move,covariance,0.0,0.0,,0,0,28.426,6.908,29.116,uav_1,6.908,False,False,False,False,False,1,"[{""id"": ""obstacle_0"", ""kind"": ""static_obstacle"", ""x"": 50.0, ""y"": 50.0, ""radius"": 5.0}]"
safety_margin_covariance,411,82.2,1,79.519,71.682,90.0,94.0,50.0,50.0,,,false_negative+position_noise+confidence_error,,trust_weighted_fusion,move,covariance,2.5,1.0,,1,0,24.657,6.908,31.626,uav_0,6.908,False,False,False,False,False,1,"[{""id"": ""obstacle_0"", ""kind"": ""static_obstacle"", ""x"": 50.0, ""y"": 50.0, ""radius"": 5.0}]"
safety_margin_covariance,411,82.2,2,82.244,80.937,86.0,90.0,50.0,50.0,,,position_noise+confidence_error,,trust_weighted_fusion,move,covariance,2.5,1.0,,2,0,9.811,7.891,39.685,uav_3,7.891,False,False,False,False,False,1,"[{""id"": ""obstacle_0"", ""kind"": ""static_obstacle"", ""x"": 50.0, ""y"": 50.0, ""radius"": 5.0}]"
safety_margin_covariance,411,82.2,3,89.269,84.531,90.0,86.0,50.0,50.0,,,none,,trust_weighted_fusion,at_goal,covariance,0.0,0.0,,0,0,1.641,7.891,47.292,uav_2,7.891,False,False,False,False,True,1,"[{""id"": ""obstacle_0"", ""kind"": ""static_obstacle"", ""x"": 50.0, ""y"": 50.0, ""radius"": 5.0}]"
safety_margin_covariance,412,82.4,0,80.83,65.119,94.0,90.0,50.0,50.0,,,position_noise+confidence_error,,trust_weighted_fusion,move,covariance,2.5,1.0,,1,0,28.151,6.916,29.338,uav_1,6.916,False,False,False,False,False,1,"[{""id"": ""obstacle_0"", ""kind"": ""static_obstacle"", ""x"": 50.0, ""y"": 50.0, ""radius"": 5.0}]"
safety_margin_covariance,412,82.4,1,79.636,71.931,90.0,94.0,50.0,50.0,,,position_noise+confidence_error,,trust_weighted_fusion,move,covariance,2.5,1.0,,2,0,24.382,6.916,31.868,uav_0,6.916,False,False,False,False,False,1,"[{""id"": ""obstacle_0"", ""kind"": ""static_obstacle"", ""x"": 50.0, ""y"": 50.0, ""radius"": 5.0}]"
safety_margin_covariance,412,82.4,2,82.349,81.191,86.0,90.0,50.0,50.0,,,false_negative+position_noise+confidence_error,,trust_weighted_fusion,move,covariance,2.5,1.0,,1,0,9.536,7.684,39.937,uav_3,7.684,False,False,False,False,False,1,"[{""id"": ""obstacle_0"", ""kind"": ""static_obstacle"", ""x"": 50.0, ""y"": 50.0, ""radius"": 5.0}]"
safety_margin_covariance,412,82.4,3,89.269,84.531,90.0,86.0,50.0,50.0,,,none,,trust_weighted_fusion,at_goal,covariance,0.0,0.0,,0,0,1.641,7.684,47.292,uav_2,7.684,False,False,False,False,True,1,"[{""id"": ""obstacle_0"", ""kind"": ""static_obstacle"", ""x"": 50.0, ""y"": 50.0, ""radius"": 5.0}]"
safety_margin_covariance,413,82.6,0,80.934,64.865,94.0,90.0,50.0,50.0,,,position_noise+confidence_error,,trust_weighted_fusion,avoidance,covariance,2.5,1.0,,1,0,28.329,7.374,29.32,uav_1,7.374,False,False,False,False,False,1,"[{""id"": ""obstacle_0"", ""kind"": ""static_obstacle"", ""x"": 50.0, ""y"": 50.0, ""radius"": 5.0}]"
safety_margin_covariance,413,82.6,1,79.404,72.078,90.0,94.0,50.0,50.0,,,false_negative+position_noise+confidence_error,,trust_weighted_fusion,avoidance,covariance,2.5,1.0,,1,0,24.348,7.374,31.77,uav_0,7.374,False,False,False,False,False,1,"[{""id"": ""obstacle_0"", ""kind"": ""static_obstacle"", ""x"": 50.0, ""y"": 50.0, ""radius"": 5.0}]"
safety_margin_covariance,413,82.6,2,82.455,81.445,86.0,90.0,50.0,50.0,,,false_negative+position_noise+confidence_error,,trust_weighted_fusion,move,covariance,2.5,1.0,,1,0,9.261,7.481,40.189,uav_3,7.481,False,False,False,False,False,1,"[{""id"": ""obstacle_0"", ""kind"": ""static_obstacle"", ""x"": 50.0, ""y"": 50.0, ""radius"": 5.0}]"
safety_margin_covariance,413,82.6,3,89.269,84.531,90.0,86.0,50.0,50.0,,,none,,trust_weighted_fusion,at_goal,covariance,0.0,0.0,,0,0,1.641,7.481,47.292,uav_2,7.481,False,False,False,False,True,1,"[{""id"": ""obstacle_0"", ""kind"": ""static_obstacle"", ""x"": 50.0, ""y"": 50.0, ""radius"": 5.0}]"
safety_margin_covariance,414,82.8,0,81.061,65.109,94.0,90.0,50.0,50.0,,,position_noise+confidence_error,,trust_weighted_fusion,move,covariance,2.5,1.0,,1,0,28.054,7.424,29.54,uav_1,7.424,False,False,False,False,False,1,"[{""id"": ""obstacle_0"", ""kind"": ""static_obstacle"", ""x"": 50.0, ""y"": 50.0, ""radius"": 5.0}]"
safety_margin_covariance,414,82.8,1,79.254,72.309,90.0,94.0,50.0,50.0,,,false_negative+position_noise+confidence_error,,trust_weighted_fusion,avoidance,covariance,2.5,1.0,,1,0,24.207,7.424,31.79,uav_0,7.424,False,False,False,False,False,1,"[{""id"": ""obstacle_0"", ""kind"": ""static_obstacle"", ""x"": 50.0, ""y"": 50.0, ""radius"": 5.0}]"
safety_margin_covariance,414,82.8,2,82.56,81.699,86.0,90.0,50.0,50.0,,,position_noise+confidence_error,,trust_weighted_fusion,move,covariance,2.5,1.0,,2,0,8.986,7.282,40.442,uav_3,7.282,False,False,False,False,False,1,"[{""id"": ""obstacle_0"", ""kind"": ""static_obstacle"", ""x"": 50.0, ""y"": 50.0, ""radius"": 5.0}]"
safety_margin_covariance,414,82.8,3,89.269,84.531,90.0,86.0,50.0,50.0,,,none,,trust_weighted_fusion,at_goal,covariance,0.0,0.0,,0,0,1.641,7.282,47.292,uav_2,7.282,False,False,False,False,True,1,"[{""id"": ""obstacle_0"", ""kind"": ""static_obstacle"", ""x"": 50.0, ""y"": 50.0, ""radius"": 5.0}]"
safety_margin_covariance,415,83.0,0,81.33,65.052,94.0,90.0,50.0,50.0,,,position_noise+confidence_error,,trust_weighted_fusion,avoidance,covariance,2.5,1.0,,1,0,27.981,7.849,29.758,uav_1,7.849,False,False,False,False,False,1,"[{""id"": ""obstacle_0"", ""kind"": ""static_obstacle"", ""x"": 50.0, ""y"": 50.0, ""radius"": 5.0}]"
safety_margin_covariance,415,83.0,1,79.431,72.668,90.0,94.0,50.0,50.0,,,false_negative+confidence_error,,trust_weighted_fusion,move,covariance,0.0,0.0,,0,0,23.807,7.849,32.149,uav_0,7.849,False,False,False,False,False,1,"[{""id"": ""obstacle_0"", ""kind"": ""static_obstacle"", ""x"": 50.0, ""y"": 50.0, ""radius"": 5.0}]"
safety_margin_covariance,415,83.0,2,82.665,81.953,86.0,90.0,50.0,50.0,,,position_noise+confidence_error,,trust_weighted_fusion,move,covariance,2.5,1.0,,2,0,8.711,7.089,40.695,uav_3,7.089,False,False,False,False,False,1,"[{""id"": ""obstacle_0"", ""kind"": ""static_obstacle"", ""x"": 50.0, ""y"": 50.0, ""radius"": 5.0}]"
safety_margin_covariance,415,83.0,3,89.269,84.531,90.0,86.0,50.0,50.0,,,none,,trust_weighted_fusion,at_goal,covariance,0.0,0.0,,0,0,1.641,7.089,47.292,uav_2,7.089,False,False,False,False,True,1,"[{""id"": ""obstacle_0"", ""kind"": ""static_obstacle"", ""x"": 50.0, ""y"": 50.0, ""radius"": 5.0}]"
safety_margin_covariance,416,83.2,0,81.603,65.081,94.0,90.0,50.0,50.0,,,position_noise+confidence_error,,trust_weighted_fusion,avoidance,covariance,2.5,1.0,,1,0,27.832,8.097,30.017,uav_1,8.097,False,False,False,False,False,1,"[{""id"": ""obstacle_0"", ""kind"": ""static_obstacle"", ""x"": 50.0, ""y"": 50.0, ""radius"": 5.0}]"
safety_margin_covariance,416,83.2,1,79.554,72.914,90.0,94.0,50.0,50.0,,,position_noise+confidence_error,,trust_weighted_fusion,move,covariance,2.5,1.0,,2,0,23.532,8.097,32.396,uav_0,8.097,False,False,False,False,False,1,"[{""id"": ""obstacle_0"", ""kind"": ""static_obstacle"", ""x"": 50.0, ""y"": 50.0, ""radius"": 5.0}]"
safety_margin_covariance,416,83.2,2,82.771,82.207,86.0,90.0,50.0,50.0,,,position_noise+confidence_error,,trust_weighted_fusion,move,covariance,2.5,1.0,,2,0,8.436,6.902,40.948,uav_3,6.902,False,False,False,False,False,1,"[{""id"": ""obstacle_0"", ""kind"": ""static_obstacle"", ""x"": 50.0, ""y"": 50.0, ""radius"": 5.0}]"
safety_margin_covariance,416,83.2,3,89.269,84.531,90.0,86.0,50.0,50.0,,,none,,trust_weighted_fusion,at_goal,covariance,0.0,0.0,,0,0,1.641,6.902,47.292,uav_2,6.902,False,False,False,False,True,1,"[{""id"": ""obstacle_0"", ""kind"": ""static_obstacle"", ""x"": 50.0, ""y"": 50.0, ""radius"": 5.0}]"
safety_margin_covariance,417,83.4,0,81.726,65.327,94.0,90.0,50.0,50.0,,,position_noise+confidence_error,,trust_weighted_fusion,move,covariance,2.5,1.0,,1,0,27.557,8.158,30.234,uav_1,8.158,False,False,False,False,False,1,"[{""id"": ""obstacle_0"", ""kind"": ""static_obstacle"", ""x"": 50.0, ""y"": 50.0, ""radius"": 5.0}]"
safety_margin_covariance,417,83.4,1,79.413,73.15,90.0,94.0,50.0,50.0,,,position_noise+confidence_error,,trust_weighted_fusion,avoidance,covariance,2.5,1.0,,2,0,23.384,8.158,32.43,uav_0,8.158,False,False,False,False,False,1,"[{""id"": ""obstacle_0"", ""kind"": ""static_obstacle"", ""x"": 50.0, ""y"": 50.0, ""radius"": 5.0}]"
safety_margin_covariance,417,83.4,2,82.876,82.461,86.0,90.0,50.0,50.0,,,position_noise+confidence_error,,trust_weighted_fusion,move,covariance,2.5,1.0,,2,0,8.161,6.72,41.201,uav_3,6.72,False,False,False,False,False,1,"[{""id"": ""obstacle_0"", ""kind"": ""static_obstacle"", ""x"": 50.0, ""y"": 50.0, ""radius"": 5.0}]"
safety_margin_covariance,417,83.4,3,89.269,84.531,90.0,86.0,50.0,50.0,,,none,,trust_weighted_fusion,at_goal,covariance,0.0,0.0,,0,0,1.641,6.72,47.292,uav_2,6.72,False,False,False,False,True,1,"[{""id"": ""obstacle_0"", ""kind"": ""static_obstacle"", ""x"": 50.0, ""y"": 50.0, ""radius"": 5.0}]"
safety_margin_covariance,418,83.6,0,81.904,65.686,94.0,90.0,50.0,50.0,,,false_negative+confidence_error,,trust_weighted_fusion,move,covariance,0.0,0.0,,0,0,27.157,8.065,30.551,uav_1,8.065,False,False,False,False,False,1,"[{""id"": ""obstacle_0"", ""kind"": ""static_obstacle"", ""x"": 50.0, ""y"": 50.0, ""radius"": 5.0}]"
safety_margin_covariance,418,83.6,1,79.537,73.395,90.0,94.0,50.0,50.0,,,false_negative+position_noise+confidence_error,,trust_weighted_fusion,move,covariance,2.5,1.0,,1,0,23.109,8.065,32.68,uav_0,8.065,False,False,False,False,False,1,"[{""id"": ""obstacle_0"", ""kind"": ""static_obstacle"", ""x"": 50.0, ""y"": 50.0, ""radius"": 5.0}]"
safety_margin_covariance,418,83.6,2,82.644,82.313,86.0,90.0,50.0,50.0,,,position_noise+confidence_error,,trust_weighted_fusion,avoidance,covariance,2.5,1.0,,2,0,8.388,6.986,40.932,uav_3,6.986,False,False,False,False,False,1,"[{""id"": ""obstacle_0"", ""kind"": ""static_obstacle"", ""x"": 50.0, ""y"": 50.0, ""radius"": 5.0}]"
safety_margin_covariance,418,83.6,3,89.269,84.531,90.0,86.0,50.0,50.0,,,none,,trust_weighted_fusion,at_goal,covariance,0.0,0.0,,0,0,1.641,6.986,47.292,uav_2,6.986,False,False,False,False,True,1,"[{""id"": ""obstacle_0"", ""kind"": ""static_obstacle"", ""x"": 50.0, ""y"": 50.0, ""radius"": 5.0}]"
safety_margin_covariance,419,83.8,0,82.082,66.044,94.0,90.0,50.0,50.0,,,false_negative+confidence_error,,trust_weighted_fusion,move,covariance,0.0,0.0,,0,0,26.757,7.973,30.87,uav_1,7.973,False,False,False,False,False,1,"[{""id"": ""obstacle_0"", ""kind"": ""static_obstacle"", ""x"": 50.0, ""y"": 50.0, ""radius"": 5.0}]"
safety_margin_covariance,419,83.8,1,79.662,73.641,90.0,94.0,50.0,50.0,,,false_negative+position_noise+confidence_error,,trust_weighted_fusion,move,covariance,2.5,1.0,,2,0,22.834,7.973,32.93,uav_0,7.973,False,False,False,False,False,1,"[{""id"": ""obstacle_0"", ""kind"": ""static_obstacle"", ""x"": 50.0, ""y"": 50.0, ""radius"": 5.0}]"
safety_margin_covariance,419,83.8,2,82.804,82.679,86.0,90.0,50.0,50.0,,,false_negative+confidence_error,,trust_weighted_fusion,move,covariance,0.0,0.0,,0,0,7.988,6.725,41.304,uav_3,6.725,False,False,False,False,False,1,"[{""id"": ""obstacle_0"", ""kind"": ""static_obstacle"", ""x"": 50.0, ""y"": 50.0, ""radius"": 5.0}]"
safety_margin_covariance,419,83.8,3,89.269,84.531,90.0,86.0,50.0,50.0,,,none,,trust_weighted_fusion,at_goal,covariance,0.0,0.0,,0,0,1.641,6.725,47.292,uav_2,6.725,False,False,False,False,True,1,"[{""id"": ""obstacle_0"", ""kind"": ""static_obstacle"", ""x"": 50.0, ""y"": 50.0, ""radius"": 5.0}]"
safety_margin_covariance,420,84.0,0,82.26,66.402,94.0,90.0,50.0,50.0,,,false_negative+confidence_error,,trust_weighted_fusion,move,covariance,0.0,0.0,,0,0,26.357,7.882,31.19,uav_1,7.882,False,False,False,False,False,1,"[{""id"": ""obstacle_0"", ""kind"": ""static_obstacle"", ""x"": 50.0, ""y"": 50.0, ""radius"": 5.0}]"
safety_margin_covariance,420,84.0,1,79.786,73.886,90.0,94.0,50.0,50.0,,,false_negative+position_noise+confidence_error,,trust_weighted_fusion,move,covariance,2.5,1.0,,1,0,22.559,7.882,33.18,uav_0,7.882,False,False,False,False,False,1,"[{""id"": ""obstacle_0"", ""kind"": ""static_obstacle"", ""x"": 50.0, ""y"": 50.0, ""radius"": 5.0}]"
safety_margin_covariance,420,84.0,2,82.914,82.931,86.0,90.0,50.0,50.0,,,position_noise+confidence_error,,trust_weighted_fusion,move,covariance,2.5,1.0,,2,0,7.713,6.553,41.56,uav_3,6.553,False,False,False,False,False,1,"[{""id"": ""obstacle_0"", ""kind"": ""static_obstacle"", ""x"": 50.0, ""y"": 50.0, ""radius"": 5.0}]"
safety_margin_covariance,420,84.0,3,89.269,84.531,90.0,86.0,50.0,50.0,,,none,,trust_weighted_fusion,at_goal,covariance,0.0,0.0,,0,0,1.641,6.553,47.292,uav_2,6.553,False,False,False,False,True,1,"[{""id"": ""obstacle_0"", ""kind"": ""static_obstacle"", ""x"": 50.0, ""y"": 50.0, ""radius"": 5.0}]"
safety_margin_covariance,421,84.2,0,82.383,66.648,94.0,90.0,50.0,50.0,,,position_noise+confidence_error,,trust_weighted_fusion,move,covariance,2.5,1.0,,1,0,26.082,7.881,31.412,uav_1,7.881,False,False,False,False,False,1,"[{""id"": ""obstacle_0"", ""kind"": ""static_obstacle"", ""x"": 50.0, ""y"": 50.0, ""radius"": 5.0}]"
safety_margin_covariance,421,84.2,1,79.911,74.131,90.0,94.0,50.0,50.0,,,false_negative+position_noise+confidence_error,,trust_weighted_fusion,move,covariance,2.5,1.0,,2,0,22.284,7.881,33.431,uav_0,7.881,False,False,False,False,False,1,"[{""id"": ""obstacle_0"", ""kind"": ""static_obstacle"", ""x"": 50.0, ""y"": 50.0, ""radius"": 5.0}]"
safety_margin_covariance,421,84.2,2,83.024,83.183,86.0,90.0,50.0,50.0,,,false_negative+position_noise+confidence_error,,trust_weighted_fusion,move,covariance,2.5,1.0,,1,0,7.438,6.389,41.816,uav_3,6.389,False,False,False,False,False,1,"[{""id"": ""obstacle_0"", ""kind"": ""static_obstacle"", ""x"": 50.0, ""y"": 50.0, ""radius"": 5.0}]"
safety_margin_covariance,421,84.2,3,89.269,84.531,90.0,86.0,50.0,50.0,,,none,,trust_weighted_fusion,at_goal,covariance,0.0,0.0,,0,0,1.641,6.389,47.292,uav_2,6.389,False,False,False,False,True,1,"[{""id"": ""obstacle_0"", ""kind"": ""static_obstacle"", ""x"": 50.0, ""y"": 50.0, ""radius"": 5.0}]"
safety_margin_covariance,422,84.4,0,82.505,66.894,94.0,90.0,50.0,50.0,,,position_noise+confidence_error,,trust_weighted_fusion,move,covariance,2.5,1.0,,1,0,25.807,7.951,31.633,uav_1,7.951,False,False,False,False,False,1,"[{""id"": ""obstacle_0"", ""kind"": ""static_obstacle"", ""x"": 50.0, ""y"": 50.0, ""radius"": 5.0}]"
safety_margin_covariance,422,84.4,1,79.746,74.351,90.0,94.0,50.0,50.0,,,false_negative+position_noise+confidence_error,,trust_weighted_fusion,avoidance,covariance,2.5,1.0,,2,0,22.163,7.951,33.443,uav_0,7.951,False,False,False,False,False,1,"[{""id"": ""obstacle_0"", ""kind"": ""static_obstacle"", ""x"": 50.0, ""y"": 50.0, ""radius"": 5.0}]"
safety_margin_covariance,422,84.4,2,83.134,83.435,86.0,90.0,50.0,50.0,,,false_negative+position_noise+confidence_error,,trust_weighted_fusion,move,covariance,2.5,1.0,,1,0,7.163,6.232,42.072,uav_3,6.232,False,False,False,False,False,1,"[{""id"": ""obstacle_0"", ""kind"": ""static_obstacle"", ""x"": 50.0, ""y"": 50.0, ""radius"": 5.0}]"
safety_margin_covariance,422,84.4,3,89.269,84.531,90.0,86.0,50.0,50.0,,,none,,trust_weighted_fusion,at_goal,covariance,0.0,0.0,,0,0,1.641,6.232,47.292,uav_2,6.232,False,False,False,False,True,1,"[{""id"": ""obstacle_0"", ""kind"": ""static_obstacle"", ""x"": 50.0, ""y"": 50.0, ""radius"": 5.0}]"
safety_margin_covariance,423,84.6,0,82.683,67.252,94.0,90.0,50.0,50.0,,,false_negative+confidence_error,,trust_weighted_fusion,move,covariance,0.0,0.0,,0,0,25.407,7.862,31.957,uav_1,7.862,False,False,False,False,False,1,"[{""id"": ""obstacle_0"", ""kind"": ""static_obstacle"", ""x"": 50.0, ""y"": 50.0, ""radius"": 5.0}]"
safety_margin_covariance,423,84.6,1,79.874,74.595,90.0,94.0,50.0,50.0,,,false_negative+position_noise+confidence_error,,trust_weighted_fusion,move,covariance,2.5,1.0,,2,0,21.888,7.862,33.696,uav_0,7.862,False,False,False,False,False,1,"[{""id"": ""obstacle_0"", ""kind"": ""static_obstacle"", ""x"": 50.0, ""y"": 50.0, ""radius"": 5.0}]"
safety_margin_covariance,423,84.6,2,83.294,83.802,86.0,90.0,50.0,50.0,,,false_negative+confidence_error,,trust_weighted_fusion,move,covariance,0.0,0.0,,0,0,6.763,6.019,42.446,uav_3,6.019,False,False,False,False,False,1,"[{""id"": ""obstacle_0"", ""kind"": ""static_obstacle"", ""x"": 50.0, ""y"": 50.0, ""radius"": 5.0}]"
safety_margin_covariance,423,84.6,3,89.269,84.531,90.0,86.0,50.0,50.0,,,none,,trust_weighted_fusion,at_goal,covariance,0.0,0.0,,0,0,1.641,6.019,47.292,uav_2,6.019,False,False,False,False,True,1,"[{""id"": ""obstacle_0"", ""kind"": ""static_obstacle"", ""x"": 50.0, ""y"": 50.0, ""radius"": 5.0}]"
safety_margin_covariance,424,84.8,0,82.806,67.499,94.0,90.0,50.0,50.0,,,position_noise+confidence_error,,trust_weighted_fusion,move,covariance,2.5,1.0,,1,0,25.132,7.858,32.181,uav_1,7.858,False,False,False,False,False,1,"[{""id"": ""obstacle_0"", ""kind"": ""static_obstacle"", ""x"": 50.0, ""y"": 50.0, ""radius"": 5.0}]"
safety_margin_covariance,424,84.8,1,80.001,74.839,90.0,94.0,50.0,50.0,,,position_noise+confidence_error,,trust_weighted_fusion,move,covariance,2.5,1.0,,3,0,21.613,7.858,33.949,uav_0,7.858,False,False,False,False,False,1,"[{""id"": ""obstacle_0"", ""kind"": ""static_obstacle"", ""x"": 50.0, ""y"": 50.0, ""radius"": 5.0}]"
safety_margin_covariance,424,84.8,2,83.404,84.054,86.0,90.0,50.0,50.0,,,false_negative+position_noise+confidence_error,,trust_weighted_fusion,move,covariance,2.5,1.0,,1,0,6.488,5.884,42.703,uav_3,5.884,False,False,False,False,False,1,"[{""id"": ""obstacle_0"", ""kind"": ""static_obstacle"", ""x"": 50.0, ""y"": 50.0, ""radius"": 5.0}]"
safety_margin_covariance,424,84.8,3,89.269,84.531,90.0,86.0,50.0,50.0,,,none,,trust_weighted_fusion,at_goal,covariance,0.0,0.0,,0,0,1.641,5.884,47.292,uav_2,5.884,False,False,False,False,True,1,"[{""id"": ""obstacle_0"", ""kind"": ""static_obstacle"", ""x"": 50.0, ""y"": 50.0, ""radius"": 5.0}]"
safety_margin_covariance,425,85.0,0,82.928,67.745,94.0,90.0,50.0,50.0,,,position_noise+confidence_error,,trust_weighted_fusion,move,covariance,2.5,1.0,,1,0,24.857,7.854,32.405,uav_1,7.854,False,False,False,False,False,1,"[{""id"": ""obstacle_0"", ""kind"": ""static_obstacle"", ""x"": 50.0, ""y"": 50.0, ""radius"": 5.0}]"
safety_margin_covariance,425,85.0,1,80.128,75.083,90.0,94.0,50.0,50.0,,,false_negative+position_noise+confidence_error,,trust_weighted_fusion,move,covariance,2.5,1.0,,1,0,21.338,7.854,34.203,uav_0,7.854,False,False,False,False,False,1,"[{""id"": ""obstacle_0"", ""kind"": ""static_obstacle"", ""x"": 50.0, ""y"": 50.0, ""radius"": 5.0}]"
safety_margin_covariance,425,85.0,2,83.514,84.306,86.0,90.0,50.0,50.0,,,position_noise+confidence_error,,trust_weighted_fusion,move,covariance,2.5,1.0,,2,0,6.213,5.759,42.96,uav_3,5.759,False,False,False,False,False,1,"[{""id"": ""obstacle_0"", ""kind"": ""static_obstacle"", ""x"": 50.0, ""y"": 50.0, ""radius"": 5.0}]"
safety_margin_covariance,425,85.0,3,89.269,84.531,90.0,86.0,50.0,50.0,,,none,,trust_weighted_fusion,at_goal,covariance,0.0,0.0,,0,0,1.641,5.759,47.292,uav_2,5.759,False,False,False,False,True,1,"[{""id"": ""obstacle_0"", ""kind"": ""static_obstacle"", ""x"": 50.0, ""y"": 50.0, ""radius"": 5.0}]"
safety_margin_covariance,426,85.2,0,83.177,67.627,94.0,90.0,50.0,50.0,,,position_noise+confidence_error,,trust_weighted_fusion,avoidance,covariance,2.5,1.0,,1,0,24.853,8.235,32.569,uav_1,8.235,False,False,False,False,False,1,"[{""id"": ""obstacle_0"", ""kind"": ""static_obstacle"", ""x"": 50.0, ""y"": 50.0, ""radius"": 5.0}]"
safety_margin_covariance,426,85.2,1,80.255,75.327,90.0,94.0,50.0,50.0,,,position_noise+confidence_error,,trust_weighted_fusion,move,covariance,2.5,1.0,,3,0,21.063,8.235,34.457,uav_0,8.235,False,False,False,False,False,1,"[{""id"": ""obstacle_0"", ""kind"": ""static_obstacle"", ""x"": 50.0, ""y"": 50.0, ""radius"": 5.0}]"
safety_margin_covariance,426,85.2,2,83.624,84.558,86.0,90.0,50.0,50.0,,,false_negative+position_noise+confidence_error,,trust_weighted_fusion,move,covariance,2.5,1.0,,1,0,5.938,5.645,43.217,uav_3,5.645,False,False,False,False,False,1,"[{""id"": ""obstacle_0"", ""kind"": ""static_obstacle"", ""x"": 50.0, ""y"": 50.0, ""radius"": 5.0}]"
safety_margin_covariance,426,85.2,3,89.269,84.531,90.0,86.0,50.0,50.0,,,none,,trust_weighted_fusion,at_goal,covariance,0.0,0.0,,0,0,1.641,5.645,47.292,uav_2,5.645,False,False,False,False,True,1,"[{""id"": ""obstacle_0"", ""kind"": ""static_obstacle"", ""x"": 50.0, ""y"": 50.0, ""radius"": 5.0}]"
safety_margin_covariance,427,85.4,0,83.297,67.875,94.0,90.0,50.0,50.0,,,position_noise+confidence_error,,trust_weighted_fusion,move,covariance,2.5,1.0,,1,0,24.578,8.229,32.791,uav_1,8.229,False,False,False,False,False,1,"[{""id"": ""obstacle_0"", ""kind"": ""static_obstacle"", ""x"": 50.0, ""y"": 50.0, ""radius"": 5.0}]"
safety_margin_covariance,427,85.4,1,80.382,75.57,90.0,94.0,50.0,50.0,,,false_negative+position_noise+confidence_error,,trust_weighted_fusion,move,covariance,2.5,1.0,,1,0,20.788,8.229,34.711,uav_0,8.229,False,False,False,False,False,1,"[{""id"": ""obstacle_0"", ""kind"": ""static_obstacle"", ""x"": 50.0, ""y"": 50.0, ""radius"": 5.0}]"
safety_margin_covariance,427,85.4,2,83.734,84.81,86.0,90.0,50.0,50.0,,,false_negative+position_noise+confidence_error,,trust_weighted_fusion,move,covariance,2.5,1.0,,1,0,5.663,5.542,43.474,uav_3,5.542,False,False,False,False,False,1,"[{""id"": ""obstacle_0"", ""kind"": ""static_obstacle"", ""x"": 50.0, ""y"": 50.0, ""radius"": 5.0}]"
safety_margin_covariance,427,85.4,3,89.269,84.531,90.0,86.0,50.0,50.0,,,none,,trust_weighted_fusion,at_goal,covariance,0.0,0.0,,0,0,1.641,5.542,47.292,uav_2,5.542,False,False,False,False,True,1,"[{""id"": ""obstacle_0"", ""kind"": ""static_obstacle"", ""x"": 50.0, ""y"": 50.0, ""radius"": 5.0}]"
safety_margin_covariance,428,85.6,0,83.471,68.235,94.0,90.0,50.0,50.0,,,false_negative+confidence_error,,trust_weighted_fusion,move,covariance,0.0,0.0,,0,0,24.178,8.137,33.116,uav_1,8.137,False,False,False,False,False,1,"[{""id"": ""obstacle_0"", ""kind"": ""static_obstacle"", ""x"": 50.0, ""y"": 50.0, ""radius"": 5.0}]"
safety_margin_covariance,428,85.6,1,80.51,75.814,90.0,94.0,50.0,50.0,,,false_negative+position_noise+confidence_error,,trust_weighted_fusion,move,covariance,2.5,1.0,,2,0,20.513,8.137,34.965,uav_0,8.137,False,False,False,False,False,1,"[{""id"": ""obstacle_0"", ""kind"": ""static_obstacle"", ""x"": 50.0, ""y"": 50.0, ""radius"": 5.0}]"
safety_margin_covariance,428,85.6,2,83.844,85.062,86.0,90.0,50.0,50.0,,,position_noise+confidence_error,,trust_weighted_fusion,move,covariance,2.5,1.0,,2,0,5.388,5.451,43.732,uav_3,5.451,False,False,False,False,False,1,"[{""id"": ""obstacle_0"", ""kind"": ""static_obstacle"", ""x"": 50.0, ""y"": 50.0, ""radius"": 5.0}]"
safety_margin_covariance,428,85.6,3,89.269,84.531,90.0,86.0,50.0,50.0,,,none,,trust_weighted_fusion,at_goal,covariance,0.0,0.0,,0,0,1.641,5.451,47.292,uav_2,5.451,False,False,False,False,True,1,"[{""id"": ""obstacle_0"", ""kind"": ""static_obstacle"", ""x"": 50.0, ""y"": 50.0, ""radius"": 5.0}]"
safety_margin_covariance,429,85.8,0,83.591,68.482,94.0,90.0,50.0,50.0,,,position_noise+confidence_error,,trust_weighted_fusion,move,covariance,2.5,1.0,,1,0,23.903,8.131,33.34,uav_1,8.131,False,False,False,False,False,1,"[{""id"": ""obstacle_0"", ""kind"": ""static_obstacle"", ""x"": 50.0, ""y"": 50.0, ""radius"": 5.0}]"
safety_margin_covariance,429,85.8,1,80.637,76.058,90.0,94.0,50.0,50.0,,,false_negative+position_noise+confidence_error,,trust_weighted_fusion,move,covariance,2.5,1.0,,2,0,20.238,8.131,35.22,uav_0,8.131,False,False,False,False,False,1,"[{""id"": ""obstacle_0"", ""kind"": ""static_obstacle"", ""x"": 50.0, ""y"": 50.0, ""radius"": 5.0}]"
safety_margin_covariance,429,85.8,2,83.954,85.314,86.0,90.0,50.0,50.0,,,position_noise+confidence_error,,trust_weighted_fusion,move,covariance,2.5,1.0,,2,0,5.113,5.372,43.99,uav_3,5.372,False,False,False,False,False,1,"[{""id"": ""obstacle_0"", ""kind"": ""static_obstacle"", ""x"": 50.0, ""y"": 50.0, ""radius"": 5.0}]"
safety_margin_covariance,429,85.8,3,89.269,84.531,90.0,86.0,50.0,50.0,,,none,,trust_weighted_fusion,at_goal,covariance,0.0,0.0,,0,0,1.641,5.372,47.292,uav_2,5.372,False,False,False,False,True,1,"[{""id"": ""obstacle_0"", ""kind"": ""static_obstacle"", ""x"": 50.0, ""y"": 50.0, ""radius"": 5.0}]"
safety_margin_covariance,430,86.0,0,83.711,68.73,94.0,90.0,50.0,50.0,,,position_noise+confidence_error,,trust_weighted_fusion,move,covariance,2.5,1.0,,1,0,23.628,8.125,33.564,uav_1,8.125,False,False,False,False,False,1,"[{""id"": ""obstacle_0"", ""kind"": ""static_obstacle"", ""x"": 50.0, ""y"": 50.0, ""radius"": 5.0}]"
safety_margin_covariance,430,86.0,1,80.764,76.302,90.0,94.0,50.0,50.0,,,false_negative+position_noise+confidence_error,,trust_weighted_fusion,move,covariance,2.5,1.0,,2,0,19.963,8.125,35.475,uav_0,8.125,False,False,False,False,False,1,"[{""id"": ""obstacle_0"", ""kind"": ""static_obstacle"", ""x"": 50.0, ""y"": 50.0, ""radius"": 5.0}]"
safety_margin_covariance,430,86.0,2,84.064,85.566,86.0,90.0,50.0,50.0,,,false_negative+position_noise+confidence_error,,trust_weighted_fusion,move,covariance,2.5,1.0,,1,0,4.838,5.307,44.248,uav_3,5.307,False,False,False,False,False,1,"[{""id"": ""obstacle_0"", ""kind"": ""static_obstacle"", ""x"": 50.0, ""y"": 50.0, ""radius"": 5.0}]"
safety_margin_covariance,430,86.0,3,89.269,84.531,90.0,86.0,50.0,50.0,,,none,,trust_weighted_fusion,at_goal,covariance,0.0,0.0,,0,0,1.641,5.307,47.292,uav_2,5.307,False,False,False,False,True,1,"[{""id"": ""obstacle_0"", ""kind"": ""static_obstacle"", ""x"": 50.0, ""y"": 50.0, ""radius"": 5.0}]"
safety_margin_covariance,431,86.2,0,83.83,68.978,94.0,90.0,50.0,50.0,,,position_noise+confidence_error,,trust_weighted_fusion,move,covariance,2.5,1.0,,1,0,23.353,8.202,33.79,uav_1,8.202,False,False,False,False,False,1,"[{""id"": ""obstacle_0"", ""kind"": ""static_obstacle"", ""x"": 50.0, ""y"": 50.0, ""radius"": 5.0}]"
safety_margin_covariance,431,86.2,1,80.949,76.656,90.0,94.0,50.0,50.0,,,false_negative+confidence_error,,trust_weighted_fusion,move,covariance,0.0,0.0,,0,0,19.563,8.202,35.846,uav_0,8.202,False,False,False,False,False,1,"[{""id"": ""obstacle_0"", ""kind"": ""static_obstacle"", ""x"": 50.0, ""y"": 50.0, ""radius"": 5.0}]"
safety_margin_covariance,431,86.2,2,83.895,85.35,86.0,90.0,50.0,50.0,,,position_noise+confidence_error,,trust_weighted_fusion,avoidance,covariance,2.5,1.0,,2,0,5.105,5.436,43.974,uav_3,5.436,False,False,False,False,False,1,"[{""id"": ""obstacle_0"", ""kind"": ""static_obstacle"", ""x"": 50.0, ""y"": 50.0, ""radius"": 5.0}]"
safety_margin_covariance,431,86.2,3,89.269,84.531,90.0,86.0,50.0,50.0,,,none,,trust_weighted_fusion,at_goal,covariance,0.0,0.0,,0,0,1.641,5.436,47.292,uav_2,5.436,False,False,False,False,True,1,"[{""id"": ""obstacle_0"", ""kind"": ""static_obstacle"", ""x"": 50.0, ""y"": 50.0, ""radius"": 5.0}]"
safety_margin_covariance,432,86.4,0,84.103,69.016,94.0,90.0,50.0,50.0,,,position_noise+confidence_error,,trust_weighted_fusion,avoidance,covariance,2.5,1.0,,1,0,23.201,8.445,34.046,uav_1,8.445,False,False,False,False,False,1,"[{""id"": ""obstacle_0"", ""kind"": ""static_obstacle"", ""x"": 50.0, ""y"": 50.0, ""radius"": 5.0}]"
safety_margin_covariance,432,86.4,1,81.076,76.9,90.0,94.0,50.0,50.0,,,false_negative+position_noise+confidence_error,,trust_weighted_fusion,move,covariance,2.5,1.0,,2,0,19.288,8.445,36.102,uav_0,8.445,False,False,False,False,False,1,"[{""id"": ""obstacle_0"", ""kind"": ""static_obstacle"", ""x"": 50.0, ""y"": 50.0, ""radius"": 5.0}]"
safety_margin_covariance,432,86.4,2,84.009,85.6,86.0,90.0,50.0,50.0,,,false_negative+position_noise+confidence_error,,trust_weighted_fusion,move,covariance,2.5,1.0,,1,0,4.83,5.368,44.234,uav_3,5.368,False,False,False,False,False,1,"[{""id"": ""obstacle_0"", ""kind"": ""static_obstacle"", ""x"": 50.0, ""y"": 50.0, ""radius"": 5.0}]"
safety_margin_covariance,432,86.4,3,89.269,84.531,90.0,86.0,50.0,50.0,,,none,,trust_weighted_fusion,at_goal,covariance,0.0,0.0,,0,0,1.641,5.368,47.292,uav_2,5.368,False,False,False,False,True,1,"[{""id"": ""obstacle_0"", ""kind"": ""static_obstacle"", ""x"": 50.0, ""y"": 50.0, ""radius"": 5.0}]"
safety_margin_covariance,433,86.6,0,84.273,69.378,94.0,90.0,50.0,50.0,,,false_negative+confidence_error,,trust_weighted_fusion,move,covariance,0.0,0.0,,0,0,22.801,8.433,34.372,uav_1,8.433,False,False,False,False,False,1,"[{""id"": ""obstacle_0"", ""kind"": ""static_obstacle"", ""x"": 50.0, ""y"": 50.0, ""radius"": 5.0}]"
safety_margin_covariance,433,86.6,1,81.262,77.255,90.0,94.0,50.0,50.0,,,false_negative+confidence_error,,trust_weighted_fusion,move,covariance,0.0,0.0,,0,0,18.888,8.433,36.474,uav_0,8.433,False,False,False,False,False,1,"[{""id"": ""obstacle_0"", ""kind"": ""static_obstacle"", ""x"": 50.0, ""y"": 50.0, ""radius"": 5.0}]"
safety_margin_covariance,433,86.6,2,84.122,85.851,86.0,90.0,50.0,50.0,,,false_negative+position_noise+confidence_error,,trust_weighted_fusion,move,covariance,2.5,1.0,,1,0,4.555,5.314,44.493,uav_3,5.314,False,False,False,False,False,1,"[{""id"": ""obstacle_0"", ""kind"": ""static_obstacle"", ""x"": 50.0, ""y"": 50.0, ""radius"": 5.0}]"
safety_margin_covariance,433,86.6,3,89.269,84.531,90.0,86.0,50.0,50.0,,,none,,trust_weighted_fusion,at_goal,covariance,0.0,0.0,,0,0,1.641,5.314,47.292,uav_2,5.314,False,False,False,False,True,1,"[{""id"": ""obstacle_0"", ""kind"": ""static_obstacle"", ""x"": 50.0, ""y"": 50.0, ""radius"": 5.0}]"
safety_margin_covariance,434,86.8,0,84.391,69.627,94.0,90.0,50.0,50.0,,,position_noise+confidence_error,,trust_weighted_fusion,move,covariance,2.5,1.0,,1,0,22.526,8.508,34.597,uav_1,8.508,False,False,False,False,False,1,"[{""id"": ""obstacle_0"", ""kind"": ""static_obstacle"", ""x"": 50.0, ""y"": 50.0, ""radius"": 5.0}]"
safety_margin_covariance,434,86.8,1,81.447,77.61,90.0,94.0,50.0,50.0,,,dropout+confidence_error,,trust_weighted_fusion,move,covariance,0.0,0.0,,0,0,18.488,8.508,36.847,uav_0,8.508,False,False,False,False,False,1,"[{""id"": ""obstacle_0"", ""kind"": ""static_obstacle"", ""x"": 50.0, ""y"": 50.0, ""radius"": 5.0}]"
safety_margin_covariance,434,86.8,2,84.235,86.101,86.0,90.0,50.0,50.0,,,false_negative+position_noise+confidence_error,,trust_weighted_fusion,move,covariance,2.5,1.0,,1,0,4.28,5.273,44.753,uav_3,5.273,False,False,False,False,False,1,"[{""id"": ""obstacle_0"", ""kind"": ""static_obstacle"", ""x"": 50.0, ""y"": 50.0, ""radius"": 5.0}]"
safety_margin_covariance,434,86.8,3,89.269,84.531,90.0,86.0,50.0,50.0,,,none,,trust_weighted_fusion,at_goal,covariance,0.0,0.0,,0,0,1.641,5.273,47.292,uav_2,5.273,False,False,False,False,True,1,"[{""id"": ""obstacle_0"", ""kind"": ""static_obstacle"", ""x"": 50.0, ""y"": 50.0, ""radius"": 5.0}]"
safety_margin_covariance,435,87.0,0,84.508,69.875,94.0,90.0,50.0,50.0,,,position_noise+confidence_error,,trust_weighted_fusion,move,covariance,2.5,1.0,,1,0,22.251,8.585,34.822,uav_1,8.585,False,False,False,False,False,1,"[{""id"": ""obstacle_0"", ""kind"": ""static_obstacle"", ""x"": 50.0, ""y"": 50.0, ""radius"": 5.0}]"
safety_margin_covariance,435,87.0,1,81.632,77.964,90.0,94.0,50.0,50.0,,,dropout+confidence_error,,trust_weighted_fusion,move,covariance,0.0,0.0,,0,0,18.088,8.585,37.22,uav_0,8.585,False,False,False,False,False,1,"[{""id"": ""obstacle_0"", ""kind"": ""static_obstacle"", ""x"": 50.0, ""y"": 50.0, ""radius"": 5.0}]"
safety_margin_covariance,435,87.0,2,84.349,86.352,86.0,90.0,50.0,50.0,,,false_negative+position_noise+confidence_error,,trust_weighted_fusion,move,covariance,2.5,1.0,,1,0,4.005,5.246,45.013,uav_3,5.246,False,False,False,False,False,1,"[{""id"": ""obstacle_0"", ""kind"": ""static_obstacle"", ""x"": 50.0, ""y"": 50.0, ""radius"": 5.0}]"
safety_margin_covariance,435,87.0,3,89.269,84.531,90.0,86.0,50.0,50.0,,,none,,trust_weighted_fusion,at_goal,covariance,0.0,0.0,,0,0,1.641,5.246,47.292,uav_2,5.246,False,False,False,False,True,1,"[{""id"": ""obstacle_0"", ""kind"": ""static_obstacle"", ""x"": 50.0, ""y"": 50.0, ""radius"": 5.0}]"
safety_margin_covariance,436,87.2,0,84.625,70.124,94.0,90.0,50.0,50.0,,,position_noise+confidence_error,,trust_weighted_fusion,move,covariance,2.5,1.0,,1,0,21.976,8.662,35.049,uav_1,8.662,False,False,False,False,False,1,"[{""id"": ""obstacle_0"", ""kind"": ""static_obstacle"", ""x"": 50.0, ""y"": 50.0, ""radius"": 5.0}]"
safety_margin_covariance,436,87.2,1,81.817,78.319,90.0,94.0,50.0,50.0,,,dropout+confidence_error,,trust_weighted_fusion,move,covariance,0.0,0.0,,0,0,17.688,8.662,37.594,uav_0,8.662,False,False,False,False,False,1,"[{""id"": ""obstacle_0"", ""kind"": ""static_obstacle"", ""x"": 50.0, ""y"": 50.0, ""radius"": 5.0}]"
safety_margin_covariance,436,87.2,2,84.462,86.602,86.0,90.0,50.0,50.0,,,false_negative+position_noise+confidence_error,,trust_weighted_fusion,move,covariance,2.5,1.0,,1,0,3.73,5.234,45.273,uav_3,5.234,False,False,False,False,False,1,"[{""id"": ""obstacle_0"", ""kind"": ""static_obstacle"", ""x"": 50.0, ""y"": 50.0, ""radius"": 5.0}]"
safety_margin_covariance,436,87.2,3,89.269,84.531,90.0,86.0,50.0,50.0,,,none,,trust_weighted_fusion,at_goal,covariance,0.0,0.0,,0,0,1.641,5.234,47.292,uav_2,5.234,False,False,False,False,True,1,"[{""id"": ""obstacle_0"", ""kind"": ""static_obstacle"", ""x"": 50.0, ""y"": 50.0, ""radius"": 5.0}]"
safety_margin_covariance,437,87.4,0,84.742,70.373,94.0,90.0,50.0,50.0,,,position_noise+confidence_error,,trust_weighted_fusion,move,covariance,2.5,1.0,,1,0,21.701,8.741,35.275,uav_1,8.741,False,False,False,False,False,1,"[{""id"": ""obstacle_0"", ""kind"": ""static_obstacle"", ""x"": 50.0, ""y"": 50.0, ""radius"": 5.0}]"
safety_margin_covariance,437,87.4,1,82.002,78.673,90.0,94.0,50.0,50.0,,,dropout+confidence_error,,trust_weighted_fusion,move,covariance,0.0,0.0,,0,0,17.288,8.575,37.968,uav_2,8.575,False,False,False,False,False,1,"[{""id"": ""obstacle_0"", ""kind"": ""static_obstacle"", ""x"": 50.0, ""y"": 50.0, ""radius"": 5.0}]"
safety_margin_covariance,437,87.4,2,84.576,86.853,86.0,90.0,50.0,50.0,,,false_negative+position_noise+confidence_error,,trust_weighted_fusion,move,covariance,2.5,1.0,,1,0,3.455,5.236,45.533,uav_3,5.236,False,False,False,False,False,1,"[{""id"": ""obstacle_0"", ""kind"": ""static_obstacle"", ""x"": 50.0, ""y"": 50.0, ""radius"": 5.0}]"
safety_margin_covariance,437,87.4,3,89.269,84.531,90.0,86.0,50.0,50.0,,,none,,trust_weighted_fusion,at_goal,covariance,0.0,0.0,,0,0,1.641,5.236,47.292,uav_2,5.236,False,False,False,False,True,1,"[{""id"": ""obstacle_0"", ""kind"": ""static_obstacle"", ""x"": 50.0, ""y"": 50.0, ""radius"": 5.0}]"
safety_margin_covariance,438,87.6,0,84.913,70.735,94.0,90.0,50.0,50.0,,,false_negative+confidence_error,,trust_weighted_fusion,move,covariance,0.0,0.0,,0,0,21.301,8.73,35.606,uav_1,8.73,False,False,False,False,False,1,"[{""id"": ""obstacle_0"", ""kind"": ""static_obstacle"", ""x"": 50.0, ""y"": 50.0, ""radius"": 5.0}]"
safety_margin_covariance,438,87.6,1,82.187,79.028,90.0,94.0,50.0,50.0,,,dropout+confidence_error,,trust_weighted_fusion,move,covariance,0.0,0.0,,0,0,16.888,8.454,38.343,uav_2,8.454,False,False,False,False,False,1,"[{""id"": ""obstacle_0"", ""kind"": ""static_obstacle"", ""x"": 50.0, ""y"": 50.0, ""radius"": 5.0}]"
safety_margin_covariance,438,87.6,2,84.689,87.103,86.0,90.0,50.0,50.0,,,false_negative+position_noise+confidence_error,,trust_weighted_fusion,move,covariance,2.5,1.0,,1,0,3.18,5.253,45.793,uav_3,5.253,False,False,False,False,False,1,"[{""id"": ""obstacle_0"", ""kind"": ""static_obstacle"", ""x"": 50.0, ""y"": 50.0, ""radius"": 5.0}]"
safety_margin_covariance,438,87.6,3,89.269,84.531,90.0,86.0,50.0,50.0,,,none,,trust_weighted_fusion,at_goal,covariance,0.0,0.0,,0,0,1.641,5.253,47.292,uav_2,5.253,False,False,False,False,True,1,"[{""id"": ""obstacle_0"", ""kind"": ""static_obstacle"", ""x"": 50.0, ""y"": 50.0, ""radius"": 5.0}]"
safety_margin_covariance,439,87.8,0,85.03,70.983,94.0,90.0,50.0,50.0,,,position_noise+confidence_error,,trust_weighted_fusion,move,covariance,2.5,1.0,,2,0,21.026,8.722,35.834,uav_1,8.722,False,False,False,False,False,1,"[{""id"": ""obstacle_0"", ""kind"": ""static_obstacle"", ""x"": 50.0, ""y"": 50.0, ""radius"": 5.0}]"
safety_margin_covariance,439,87.8,1,82.314,79.272,90.0,94.0,50.0,50.0,,,false_negative+position_noise+confidence_error,,trust_weighted_fusion,move,covariance,2.5,1.0,,2,0,16.613,8.456,38.601,uav_2,8.456,False,False,False,False,False,1,"[{""id"": ""obstacle_0"", ""kind"": ""static_obstacle"", ""x"": 50.0, ""y"": 50.0, ""radius"": 5.0}]"
safety_margin_covariance,439,87.8,2,84.802,87.354,86.0,90.0,50.0,50.0,,,position_noise+confidence_error,,trust_weighted_fusion,move,covariance,2.5,1.0,,2,0,2.905,5.284,46.054,uav_3,5.284,False,False,False,False,False,1,"[{""id"": ""obstacle_0"", ""kind"": ""static_obstacle"", ""x"": 50.0, ""y"": 50.0, ""radius"": 5.0}]"
safety_margin_covariance,439,87.8,3,89.269,84.531,90.0,86.0,50.0,50.0,,,none,,trust_weighted_fusion,at_goal,covariance,0.0,0.0,,0,0,1.641,5.284,47.292,uav_2,5.284,False,False,False,False,True,1,"[{""id"": ""obstacle_0"", ""kind"": ""static_obstacle"", ""x"": 50.0, ""y"": 50.0, ""radius"": 5.0}]"
safety_margin_covariance,440,88.0,0,85.201,71.345,94.0,90.0,50.0,50.0,,,false_negative+confidence_error,,trust_weighted_fusion,move,covariance,0.0,0.0,,0,0,20.626,8.624,36.167,uav_1,8.624,False,False,False,False,False,1,"[{""id"": ""obstacle_0"", ""kind"": ""static_obstacle"", ""x"": 50.0, ""y"": 50.0, ""radius"": 5.0}]"
safety_margin_covariance,440,88.0,1,82.441,79.516,90.0,94.0,50.0,50.0,,,position_noise+confidence_error,,trust_weighted_fusion,move,covariance,2.5,1.0,,3,0,16.338,8.213,38.859,uav_2,8.213,False,False,False,False,False,1,"[{""id"": ""obstacle_0"", ""kind"": ""static_obstacle"", ""x"": 50.0, ""y"": 50.0, ""radius"": 5.0}]"
safety_margin_covariance,440,88.0,2,84.546,87.454,86.0,90.0,50.0,50.0,,,position_noise+confidence_error,,trust_weighted_fusion,avoidance,covariance,2.5,1.0,,2,0,2.932,5.554,45.953,uav_3,5.554,False,False,False,False,False,1,"[{""id"": ""obstacle_0"", ""kind"": ""static_obstacle"", ""x"": 50.0, ""y"": 50.0, ""radius"": 5.0}]"
safety_margin_covariance,440,88.0,3,89.269,84.531,90.0,86.0,50.0,50.0,,,none,,trust_weighted_fusion,at_goal,covariance,0.0,0.0,,0,0,1.641,5.554,47.292,uav_2,5.554,False,False,False,False,True,1,"[{""id"": ""obstacle_0"", ""kind"": ""static_obstacle"", ""x"": 50.0, ""y"": 50.0, ""radius"": 5.0}]"
safety_margin_covariance,441,88.2,0,85.372,71.707,94.0,90.0,50.0,50.0,,,false_negative+confidence_error,,trust_weighted_fusion,move,covariance,0.0,0.0,,0,0,20.226,8.526,36.501,uav_1,8.526,False,False,False,False,False,1,"[{""id"": ""obstacle_0"", ""kind"": ""static_obstacle"", ""x"": 50.0, ""y"": 50.0, ""radius"": 5.0}]"
safety_margin_covariance,441,88.2,1,82.568,79.759,90.0,94.0,50.0,50.0,,,false_negative+position_noise+confidence_error,,trust_weighted_fusion,move,covariance,2.5,1.0,,2,0,16.063,8.21,39.117,uav_2,8.21,False,False,False,False,False,1,"[{""id"": ""obstacle_0"", ""kind"": ""static_obstacle"", ""x"": 50.0, ""y"": 50.0, ""radius"": 5.0}]"
safety_margin_covariance,441,88.2,2,84.683,87.693,86.0,90.0,50.0,50.0,,,position_noise+confidence_error,,trust_weighted_fusion,move,covariance,2.5,1.0,,2,0,2.657,5.571,46.221,uav_3,5.571,False,False,False,False,False,1,"[{""id"": ""obstacle_0"", ""kind"": ""static_obstacle"", ""x"": 50.0, ""y"": 50.0, ""radius"": 5.0}]"
safety_margin_covariance,441,88.2,3,89.269,84.531,90.0,86.0,50.0,50.0,,,none,,trust_weighted_fusion,at_goal,covariance,0.0,0.0,,0,0,1.641,5.571,47.292,uav_2,5.571,False,False,False,False,True,1,"[{""id"": ""obstacle_0"", ""kind"": ""static_obstacle"", ""x"": 50.0, ""y"": 50.0, ""radius"": 5.0}]"
safety_margin_covariance,442,88.4,0,85.489,71.956,94.0,90.0,50.0,50.0,,,false_negative+position_noise+confidence_error,,trust_weighted_fusion,move,covariance,2.5,1.0,,1,0,19.951,8.489,36.732,uav_1,8.489,False,False,False,False,False,1,"[{""id"": ""obstacle_0"", ""kind"": ""static_obstacle"", ""x"": 50.0, ""y"": 50.0, ""radius"": 5.0}]"
safety_margin_covariance,442,88.4,1,82.301,79.823,90.0,94.0,50.0,50.0,,,position_noise+confidence_error,,trust_weighted_fusion,avoidance,covariance,2.5,1.0,,3,0,16.133,8.41,38.963,uav_3,8.41,False,False,False,False,False,1,"[{""id"": ""obstacle_0"", ""kind"": ""static_obstacle"", ""x"": 50.0, ""y"": 50.0, ""radius"": 5.0}]"
safety_margin_covariance,442,88.4,2,84.819,87.931,86.0,90.0,50.0,50.0,,,position_noise+confidence_error,,trust_weighted_fusion,move,covariance,2.5,1.0,,2,0,2.382,5.601,46.489,uav_3,5.601,False,False,False,False,False,1,"[{""id"": ""obstacle_0"", ""kind"": ""static_obstacle"", ""x"": 50.0, ""y"": 50.0, ""radius"": 5.0}]"
safety_margin_covariance,442,88.4,3,89.269,84.531,90.0,86.0,50.0,50.0,,,none,,trust_weighted_fusion,at_goal,covariance,0.0,0.0,,0,0,1.641,5.601,47.292,uav_2,5.601,False,False,False,False,True,1,"[{""id"": ""obstacle_0"", ""kind"": ""static_obstacle"", ""x"": 50.0, ""y"": 50.0, ""radius"": 5.0}]"
safety_margin_covariance,443,88.6,0,85.606,72.204,94.0,90.0,50.0,50.0,,,position_noise+confidence_error,,trust_weighted_fusion,move,covariance,2.5,1.0,,2,0,19.676,8.477,36.962,uav_1,8.477,False,False,False,False,False,1,"[{""id"": ""obstacle_0"", ""kind"": ""static_obstacle"", ""x"": 50.0, ""y"": 50.0, ""radius"": 5.0}]"
safety_margin_covariance,443,88.6,1,82.432,80.065,90.0,94.0,50.0,50.0,,,false_negative+position_noise+confidence_error,,trust_weighted_fusion,move,covariance,2.5,1.0,,1,0,15.858,8.161,39.224,uav_2,8.161,False,False,False,False,False,1,"[{""id"": ""obstacle_0"", ""kind"": ""static_obstacle"", ""x"": 50.0, ""y"": 50.0, ""radius"": 5.0}]"
safety_margin_covariance,443,88.6,2,84.544,87.947,86.0,90.0,50.0,50.0,,,false_negative+position_noise+confidence_error,,trust_weighted_fusion,avoidance,covariance,2.5,1.0,,1,0,2.516,5.831,46.316,uav_3,5.831,False,False,False,False,False,1,"[{""id"": ""obstacle_0"", ""kind"": ""static_obstacle"", ""x"": 50.0, ""y"": 50.0, ""radius"": 5.0}]"
safety_margin_covariance,443,88.6,3,89.269,84.531,90.0,86.0,50.0,50.0,,,none,,trust_weighted_fusion,at_goal,covariance,0.0,0.0,,0,0,1.641,5.831,47.292,uav_2,5.831,False,False,False,False,True,1,"[{""id"": ""obstacle_0"", ""kind"": ""static_obstacle"", ""x"": 50.0, ""y"": 50.0, ""radius"": 5.0}]"
safety_margin_covariance,444,88.8,0,85.724,72.453,94.0,90.0,50.0,50.0,,,position_noise+confidence_error,,trust_weighted_fusion,move,covariance,2.5,1.0,,2,0,19.401,8.465,37.194,uav_1,8.465,False,False,False,False,False,1,"[{""id"": ""obstacle_0"", ""kind"": ""static_obstacle"", ""x"": 50.0, ""y"": 50.0, ""radius"": 5.0}]"
safety_margin_covariance,444,88.8,1,82.563,80.306,90.0,94.0,50.0,50.0,,,position_noise+confidence_error,,trust_weighted_fusion,move,covariance,2.5,1.0,,3,0,15.583,7.926,39.484,uav_3,7.926,False,False,False,False,False,1,"[{""id"": ""obstacle_0"", ""kind"": ""static_obstacle"", ""x"": 50.0, ""y"": 50.0, ""radius"": 5.0}]"
safety_margin_covariance,444,88.8,2,84.776,88.274,86.0,90.0,50.0,50.0,,,false_negative+confidence_error,,trust_weighted_fusion,move,covariance,0.0,0.0,,0,0,2.116,5.848,46.713,uav_3,5.848,False,False,False,False,False,1,"[{""id"": ""obstacle_0"", ""kind"": ""static_obstacle"", ""x"": 50.0, ""y"": 50.0, ""radius"": 5.0}]"
safety_margin_covariance,444,88.8,3,89.269,84.531,90.0,86.0,50.0,50.0,,,none,,trust_weighted_fusion,at_goal,covariance,0.0,0.0,,0,0,1.641,5.848,47.292,uav_2,5.848,False,False,False,False,True,1,"[{""id"": ""obstacle_0"", ""kind"": ""static_obstacle"", ""x"": 50.0, ""y"": 50.0, ""radius"": 5.0}]"
safety_margin_covariance,445,89.0,0,85.841,72.702,94.0,90.0,50.0,50.0,,,position_noise+confidence_error,,trust_weighted_fusion,move,covariance,2.5,1.0,,2,0,19.126,8.007,37.426,uav_1,8.007,False,False,False,False,False,1,"[{""id"": ""obstacle_0"", ""kind"": ""static_obstacle"", ""x"": 50.0, ""y"": 50.0, ""radius"": 5.0}]"
safety_margin_covariance,445,89.0,1,82.643,80.043,90.0,94.0,50.0,50.0,,,position_noise+confidence_error,,trust_weighted_fusion,avoidance,covariance,2.5,1.0,,3,0,15.777,8.003,39.364,uav_3,8.003,False,False,False,False,False,1,"[{""id"": ""obstacle_0"", ""kind"": ""static_obstacle"", ""x"": 50.0, ""y"": 50.0, ""radius"": 5.0}]"
safety_margin_covariance,445,89.0,2,84.935,88.498,86.0,90.0,50.0,50.0,,,position_noise+confidence_error,,trust_weighted_fusion,move,covariance,2.5,1.0,,2,0,1.841,5.876,46.986,uav_3,5.876,False,False,False,False,True,1,"[{""id"": ""obstacle_0"", ""kind"": ""static_obstacle"", ""x"": 50.0, ""y"": 50.0, ""radius"": 5.0}]"
safety_margin_covariance,445,89.0,3,89.269,84.531,90.0,86.0,50.0,50.0,,,none,,trust_weighted_fusion,at_goal,covariance,0.0,0.0,,0,0,1.641,5.876,47.292,uav_2,5.876,False,False,False,False,True,1,"[{""id"": ""obstacle_0"", ""kind"": ""static_obstacle"", ""x"": 50.0, ""y"": 50.0, ""radius"": 5.0}]"
safety_margin_covariance,446,89.2,0,86.012,73.064,94.0,90.0,50.0,50.0,,,false_negative+confidence_error,,trust_weighted_fusion,move,covariance,0.0,0.0,,0,0,18.726,7.916,37.764,uav_1,7.916,False,False,False,False,False,1,"[{""id"": ""obstacle_0"", ""kind"": ""static_obstacle"", ""x"": 50.0, ""y"": 50.0, ""radius"": 5.0}]"
safety_margin_covariance,446,89.2,1,82.771,80.286,90.0,94.0,50.0,50.0,,,position_noise+confidence_error,,trust_weighted_fusion,move,covariance,2.5,1.0,,3,0,15.502,7.762,39.623,uav_3,7.762,False,False,False,False,False,1,"[{""id"": ""obstacle_0"", ""kind"": ""static_obstacle"", ""x"": 50.0, ""y"": 50.0, ""radius"": 5.0}]"
safety_margin_covariance,446,89.2,2,84.935,88.498,86.0,90.0,50.0,50.0,,,none,,trust_weighted_fusion,at_goal,covariance,0.0,0.0,,0,0,1.841,5.876,46.986,uav_3,5.876,False,False,False,False,True,1,"[{""id"": ""obstacle_0"", ""kind"": ""static_obstacle"", ""x"": 50.0, ""y"": 50.0, ""radius"": 5.0}]"
safety_margin_covariance,446,89.2,3,89.269,84.531,90.0,86.0,50.0,50.0,,,none,,trust_weighted_fusion,at_goal,covariance,0.0,0.0,,0,0,1.641,5.876,47.292,uav_2,5.876,False,False,False,False,True,1,"[{""id"": ""obstacle_0"", ""kind"": ""static_obstacle"", ""x"": 50.0, ""y"": 50.0, ""radius"": 5.0}]"
safety_margin_covariance,447,89.4,0,86.129,73.312,94.0,90.0,50.0,50.0,,,false_negative+position_noise+confidence_error,,trust_weighted_fusion,move,covariance,2.5,1.0,,1,0,18.451,7.907,37.997,uav_1,7.907,False,False,False,False,False,1,"[{""id"": ""obstacle_0"", ""kind"": ""static_obstacle"", ""x"": 50.0, ""y"": 50.0, ""radius"": 5.0}]"
safety_margin_covariance,447,89.4,1,82.899,80.529,90.0,94.0,50.0,50.0,,,false_negative+position_noise+confidence_error,,trust_weighted_fusion,move,covariance,2.5,1.0,,2,0,15.227,7.522,39.882,uav_3,7.522,False,False,False,False,False,1,"[{""id"": ""obstacle_0"", ""kind"": ""static_obstacle"", ""x"": 50.0, ""y"": 50.0, ""radius"": 5.0}]"
safety_margin_covariance,447,89.4,2,84.935,88.498,86.0,90.0,50.0,50.0,,,none,,trust_weighted_fusion,at_goal,covariance,0.0,0.0,,0,0,1.841,5.876,46.986,uav_3,5.876,False,False,False,False,True,1,"[{""id"": ""obstacle_0"", ""kind"": ""static_obstacle"", ""x"": 50.0, ""y"": 50.0, ""radius"": 5.0}]"
safety_margin_covariance,447,89.4,3,89.269,84.531,90.0,86.0,50.0,50.0,,,none,,trust_weighted_fusion,at_goal,covariance,0.0,0.0,,0,0,1.641,5.876,47.292,uav_2,5.876,False,False,False,False,True,1,"[{""id"": ""obstacle_0"", ""kind"": ""static_obstacle"", ""x"": 50.0, ""y"": 50.0, ""radius"": 5.0}]"
safety_margin_covariance,448,89.6,0,86.246,73.561,94.0,90.0,50.0,50.0,,,position_noise+confidence_error,,trust_weighted_fusion,move,covariance,2.5,1.0,,2,0,18.176,7.464,38.231,uav_1,7.464,False,False,False,False,False,1,"[{""id"": ""obstacle_0"", ""kind"": ""static_obstacle"", ""x"": 50.0, ""y"": 50.0, ""radius"": 5.0}]"
safety_margin_covariance,448,89.6,1,83.074,80.317,90.0,94.0,50.0,50.0,,,false_negative+position_noise+confidence_error,,trust_weighted_fusion,avoidance,covariance,2.5,1.0,,1,0,15.336,7.464,39.866,uav_0,7.464,False,False,False,False,False,1,"[{""id"": ""obstacle_0"", ""kind"": ""static_obstacle"", ""x"": 50.0, ""y"": 50.0, ""radius"": 5.0}]"
safety_margin_covariance,448,89.6,2,84.935,88.498,86.0,90.0,50.0,50.0,,,none,,trust_weighted_fusion,at_goal,covariance,0.0,0.0,,0,0,1.841,5.876,46.986,uav_3,5.876,False,False,False,False,True,1,"[{""id"": ""obstacle_0"", ""kind"": ""static_obstacle"", ""x"": 50.0, ""y"": 50.0, ""radius"": 5.0}]"
safety_margin_covariance,448,89.6,3,89.269,84.531,90.0,86.0,50.0,50.0,,,none,,trust_weighted_fusion,at_goal,covariance,0.0,0.0,,0,0,1.641,5.876,47.292,uav_2,5.876,False,False,False,False,True,1,"[{""id"": ""obstacle_0"", ""kind"": ""static_obstacle"", ""x"": 50.0, ""y"": 50.0, ""radius"": 5.0}]"
safety_margin_covariance,449,89.8,0,86.518,73.516,94.0,90.0,50.0,50.0,,,false_negative+position_noise+confidence_error,,trust_weighted_fusion,avoidance,covariance,2.5,1.0,,2,0,18.103,7.789,38.434,uav_1,7.789,False,False,False,False,False,1,"[{""id"": ""obstacle_0"", ""kind"": ""static_obstacle"", ""x"": 50.0, ""y"": 50.0, ""radius"": 5.0}]"
safety_margin_covariance,449,89.8,1,83.198,80.562,90.0,94.0,50.0,50.0,,,position_noise+confidence_error,,trust_weighted_fusion,move,covariance,2.5,1.0,,3,0,15.061,7.253,40.124,uav_3,7.253,False,False,False,False,False,1,"[{""id"": ""obstacle_0"", ""kind"": ""static_obstacle"", ""x"": 50.0, ""y"": 50.0, ""radius"": 5.0}]"
safety_margin_covariance,449,89.8,2,84.935,88.498,86.0,90.0,50.0,50.0,,,none,,trust_weighted_fusion,at_goal,covariance,0.0,0.0,,0,0,1.841,5.876,46.986,uav_3,5.876,False,False,False,False,True,1,"[{""id"": ""obstacle_0"", ""kind"": ""static_obstacle"", ""x"": 50.0, ""y"": 50.0, ""radius"": 5.0}]"
safety_margin_covariance,449,89.8,3,89.269,84.531,90.0,86.0,50.0,50.0,,,none,,trust_weighted_fusion,at_goal,covariance,0.0,0.0,,0,0,1.641,5.876,47.292,uav_2,5.876,False,False,False,False,True,1,"[{""id"": ""obstacle_0"", ""kind"": ""static_obstacle"", ""x"": 50.0, ""y"": 50.0, ""radius"": 5.0}]"
safety_margin_covariance,450,90.0,0,86.631,73.767,94.0,90.0,50.0,50.0,,,false_negative+position_noise+confidence_error,,trust_weighted_fusion,move,covariance,2.5,1.0,,1,0,17.828,7.888,38.666,uav_1,7.888,False,False,False,False,False,1,"[{""id"": ""obstacle_0"", ""kind"": ""static_obstacle"", ""x"": 50.0, ""y"": 50.0, ""radius"": 5.0}]"
safety_margin_covariance,450,90.0,1,83.061,80.801,90.0,94.0,50.0,50.0,,,false_negative+position_noise+confidence_error,,trust_weighted_fusion,avoidance,covariance,2.5,1.0,,2,0,14.912,7.243,40.185,uav_3,7.243,False,False,False,False,False,1,"[{""id"": ""obstacle_0"", ""kind"": ""static_obstacle"", ""x"": 50.0, ""y"": 50.0, ""radius"": 5.0}]"
safety_margin_covariance,450,90.0,2,84.935,88.498,86.0,90.0,50.0,50.0,,,none,,trust_weighted_fusion,at_goal,covariance,0.0,0.0,,0,0,1.841,5.876,46.986,uav_3,5.876,False,False,False,False,True,1,"[{""id"": ""obstacle_0"", ""kind"": ""static_obstacle"", ""x"": 50.0, ""y"": 50.0, ""radius"": 5.0}]"
safety_margin_covariance,450,90.0,3,89.269,84.531,90.0,86.0,50.0,50.0,,,none,,trust_weighted_fusion,at_goal,covariance,0.0,0.0,,0,0,1.641,5.876,47.292,uav_2,5.876,False,False,False,False,True,1,"[{""id"": ""obstacle_0"", ""kind"": ""static_obstacle"", ""x"": 50.0, ""y"": 50.0, ""radius"": 5.0}]"
safety_margin_covariance,451,90.2,0,86.745,74.017,94.0,90.0,50.0,50.0,,,position_noise+confidence_error,,trust_weighted_fusion,move,covariance,2.5,1.0,,3,0,17.553,7.876,38.898,uav_1,7.876,False,False,False,False,False,1,"[{""id"": ""obstacle_0"", ""kind"": ""static_obstacle"", ""x"": 50.0, ""y"": 50.0, ""radius"": 5.0}]"
safety_margin_covariance,451,90.2,1,83.189,81.044,90.0,94.0,50.0,50.0,,,false_negative+position_noise+confidence_error,,trust_weighted_fusion,move,covariance,2.5,1.0,,2,0,14.637,7.009,40.445,uav_3,7.009,False,False,False,False,False,1,"[{""id"": ""obstacle_0"", ""kind"": ""static_obstacle"", ""x"": 50.0, ""y"": 50.0, ""radius"": 5.0}]"
safety_margin_covariance,451,90.2,2,84.935,88.498,86.0,90.0,50.0,50.0,,,none,,trust_weighted_fusion,at_goal,covariance,0.0,0.0,,0,0,1.841,5.876,46.986,uav_3,5.876,False,False,False,False,True,1,"[{""id"": ""obstacle_0"", ""kind"": ""static_obstacle"", ""x"": 50.0, ""y"": 50.0, ""radius"": 5.0}]"
safety_margin_covariance,451,90.2,3,89.269,84.531,90.0,86.0,50.0,50.0,,,none,,trust_weighted_fusion,at_goal,covariance,0.0,0.0,,0,0,1.641,5.876,47.292,uav_2,5.876,False,False,False,False,True,1,"[{""id"": ""obstacle_0"", ""kind"": ""static_obstacle"", ""x"": 50.0, ""y"": 50.0, ""radius"": 5.0}]"
safety_margin_covariance,452,90.4,0,86.859,74.267,94.0,90.0,50.0,50.0,,,false_negative+position_noise+confidence_error,,trust_weighted_fusion,move,covariance,2.5,1.0,,2,0,17.278,7.863,39.13,uav_1,7.863,False,False,False,False,False,1,"[{""id"": ""obstacle_0"", ""kind"": ""static_obstacle"", ""x"": 50.0, ""y"": 50.0, ""radius"": 5.0}]"
safety_margin_covariance,452,90.4,1,83.317,81.287,90.0,94.0,50.0,50.0,,,false_negative+position_noise+confidence_error,,trust_weighted_fusion,move,covariance,2.5,1.0,,2,0,14.362,6.779,40.705,uav_3,6.779,False,False,False,False,False,1,"[{""id"": ""obstacle_0"", ""kind"": ""static_obstacle"", ""x"": 50.0, ""y"": 50.0, ""radius"": 5.0}]"
safety_margin_covariance,452,90.4,2,84.935,88.498,86.0,90.0,50.0,50.0,,,none,,trust_weighted_fusion,at_goal,covariance,0.0,0.0,,0,0,1.841,5.876,46.986,uav_3,5.876,False,False,False,False,True,1,"[{""id"": ""obstacle_0"", ""kind"": ""static_obstacle"", ""x"": 50.0, ""y"": 50.0, ""radius"": 5.0}]"
safety_margin_covariance,452,90.4,3,89.269,84.531,90.0,86.0,50.0,50.0,,,none,,trust_weighted_fusion,at_goal,covariance,0.0,0.0,,0,0,1.641,5.876,47.292,uav_2,5.876,False,False,False,False,True,1,"[{""id"": ""obstacle_0"", ""kind"": ""static_obstacle"", ""x"": 50.0, ""y"": 50.0, ""radius"": 5.0}]"
safety_margin_covariance,453,90.6,0,86.972,74.518,94.0,90.0,50.0,50.0,,,position_noise+confidence_error,,trust_weighted_fusion,move,covariance,2.5,1.0,,3,0,17.003,7.85,39.363,uav_1,7.85,False,False,False,False,False,1,"[{""id"": ""obstacle_0"", ""kind"": ""static_obstacle"", ""x"": 50.0, ""y"": 50.0, ""radius"": 5.0}]"
safety_margin_covariance,453,90.6,1,83.445,81.531,90.0,94.0,50.0,50.0,,,false_negative+position_noise+confidence_error,,trust_weighted_fusion,move,covariance,2.5,1.0,,2,0,14.087,6.552,40.965,uav_3,6.552,False,False,False,False,False,1,"[{""id"": ""obstacle_0"", ""kind"": ""static_obstacle"", ""x"": 50.0, ""y"": 50.0, ""radius"": 5.0}]"
safety_margin_covariance,453,90.6,2,84.935,88.498,86.0,90.0,50.0,50.0,,,none,,trust_weighted_fusion,at_goal,covariance,0.0,0.0,,0,0,1.841,5.876,46.986,uav_3,5.876,False,False,False,False,True,1,"[{""id"": ""obstacle_0"", ""kind"": ""static_obstacle"", ""x"": 50.0, ""y"": 50.0, ""radius"": 5.0}]"
safety_margin_covariance,453,90.6,3,89.269,84.531,90.0,86.0,50.0,50.0,,,none,,trust_weighted_fusion,at_goal,covariance,0.0,0.0,,0,0,1.641,5.876,47.292,uav_2,5.876,False,False,False,False,True,1,"[{""id"": ""obstacle_0"", ""kind"": ""static_obstacle"", ""x"": 50.0, ""y"": 50.0, ""radius"": 5.0}]"
safety_margin_covariance,454,90.8,0,87.086,74.768,94.0,90.0,50.0,50.0,,,false_negative+position_noise+confidence_error,,trust_weighted_fusion,move,covariance,2.5,1.0,,2,0,16.728,7.719,39.596,uav_1,7.719,False,False,False,False,False,1,"[{""id"": ""obstacle_0"", ""kind"": ""static_obstacle"", ""x"": 50.0, ""y"": 50.0, ""radius"": 5.0}]"
safety_margin_covariance,454,90.8,1,83.189,81.431,90.0,94.0,50.0,50.0,,,false_negative+position_noise+confidence_error,,trust_weighted_fusion,avoidance,covariance,2.5,1.0,,2,0,14.296,6.825,40.71,uav_3,6.825,False,False,False,False,False,1,"[{""id"": ""obstacle_0"", ""kind"": ""static_obstacle"", ""x"": 50.0, ""y"": 50.0, ""radius"": 5.0}]"
safety_margin_covariance,454,90.8,2,84.935,88.498,86.0,90.0,50.0,50.0,,,none,,trust_weighted_fusion,at_goal,covariance,0.0,0.0,,0,0,1.841,5.876,46.986,uav_3,5.876,False,False,False,False,True,1,"[{""id"": ""obstacle_0"", ""kind"": ""static_obstacle"", ""x"": 50.0, ""y"": 50.0, ""radius"": 5.0}]"
safety_margin_covariance,454,90.8,3,89.269,84.531,90.0,86.0,50.0,50.0,,,none,,trust_weighted_fusion,at_goal,covariance,0.0,0.0,,0,0,1.641,5.876,47.292,uav_2,5.876,False,False,False,False,True,1,"[{""id"": ""obstacle_0"", ""kind"": ""static_obstacle"", ""x"": 50.0, ""y"": 50.0, ""radius"": 5.0}]"
safety_margin_covariance,455,91.0,0,87.2,75.019,94.0,90.0,50.0,50.0,,,false_negative+position_noise+confidence_error,,trust_weighted_fusion,move,covariance,2.5,1.0,,2,0,16.453,7.702,39.83,uav_1,7.702,False,False,False,False,False,1,"[{""id"": ""obstacle_0"", ""kind"": ""static_obstacle"", ""x"": 50.0, ""y"": 50.0, ""radius"": 5.0}]"
safety_margin_covariance,455,91.0,1,83.32,81.673,90.0,94.0,50.0,50.0,,,position_noise+confidence_error,,trust_weighted_fusion,move,covariance,2.5,1.0,,3,0,14.021,6.601,40.971,uav_3,6.601,False,False,False,False,False,1,"[{""id"": ""obstacle_0"", ""kind"": ""static_obstacle"", ""x"": 50.0, ""y"": 50.0, ""radius"": 5.0}]"
safety_margin_covariance,455,91.0,2,84.935,88.498,86.0,90.0,50.0,50.0,,,none,,trust_weighted_fusion,at_goal,covariance,0.0,0.0,,0,0,1.841,5.876,46.986,uav_3,5.876,False,False,False,False,True,1,"[{""id"": ""obstacle_0"", ""kind"": ""static_obstacle"", ""x"": 50.0, ""y"": 50.0, ""radius"": 5.0}]"
safety_margin_covariance,455,91.0,3,89.269,84.531,90.0,86.0,50.0,50.0,,,none,,trust_weighted_fusion,at_goal,covariance,0.0,0.0,,0,0,1.641,5.876,47.292,uav_2,5.876,False,False,False,False,True,1,"[{""id"": ""obstacle_0"", ""kind"": ""static_obstacle"", ""x"": 50.0, ""y"": 50.0, ""radius"": 5.0}]"
safety_margin_covariance,456,91.2,0,87.313,75.269,94.0,90.0,50.0,50.0,,,false_negative+position_noise+confidence_error,,trust_weighted_fusion,move,covariance,2.5,1.0,,2,0,16.178,7.686,40.064,uav_1,7.686,False,False,False,False,False,1,"[{""id"": ""obstacle_0"", ""kind"": ""static_obstacle"", ""x"": 50.0, ""y"": 50.0, ""radius"": 5.0}]"
safety_margin_covariance,456,91.2,1,83.451,81.914,90.0,94.0,50.0,50.0,,,false_negative+position_noise+confidence_error,,trust_weighted_fusion,move,covariance,2.5,1.0,,2,0,13.746,6.38,41.233,uav_3,6.38,False,False,False,False,False,1,"[{""id"": ""obstacle_0"", ""kind"": ""static_obstacle"", ""x"": 50.0, ""y"": 50.0, ""radius"": 5.0}]"
safety_margin_covariance,456,91.2,2,84.935,88.498,86.0,90.0,50.0,50.0,,,none,,trust_weighted_fusion,at_goal,covariance,0.0,0.0,,0,0,1.841,5.876,46.986,uav_3,5.876,False,False,False,False,True,1,"[{""id"": ""obstacle_0"", ""kind"": ""static_obstacle"", ""x"": 50.0, ""y"": 50.0, ""radius"": 5.0}]"
safety_margin_covariance,456,91.2,3,89.269,84.531,90.0,86.0,50.0,50.0,,,none,,trust_weighted_fusion,at_goal,covariance,0.0,0.0,,0,0,1.641,5.876,47.292,uav_2,5.876,False,False,False,False,True,1,"[{""id"": ""obstacle_0"", ""kind"": ""static_obstacle"", ""x"": 50.0, ""y"": 50.0, ""radius"": 5.0}]"
safety_margin_covariance,457,91.4,0,87.427,75.519,94.0,90.0,50.0,50.0,,,position_noise+confidence_error,,trust_weighted_fusion,move,covariance,2.5,1.0,,3,0,15.903,7.67,40.299,uav_1,7.67,False,False,False,False,False,1,"[{""id"": ""obstacle_0"", ""kind"": ""static_obstacle"", ""x"": 50.0, ""y"": 50.0, ""radius"": 5.0}]"
safety_margin_covariance,457,91.4,1,83.582,82.156,90.0,94.0,50.0,50.0,,,false_negative+position_noise+confidence_error,,trust_weighted_fusion,move,covariance,2.5,1.0,,1,0,13.471,6.163,41.495,uav_3,6.163,False,False,False,False,False,1,"[{""id"": ""obstacle_0"", ""kind"": ""static_obstacle"", ""x"": 50.0, ""y"": 50.0, ""radius"": 5.0}]"
safety_margin_covariance,457,91.4,2,84.935,88.498,86.0,90.0,50.0,50.0,,,none,,trust_weighted_fusion,at_goal,covariance,0.0,0.0,,0,0,1.841,5.876,46.986,uav_3,5.876,False,False,False,False,True,1,"[{""id"": ""obstacle_0"", ""kind"": ""static_obstacle"", ""x"": 50.0, ""y"": 50.0, ""radius"": 5.0}]"
safety_margin_covariance,457,91.4,3,89.269,84.531,90.0,86.0,50.0,50.0,,,none,,trust_weighted_fusion,at_goal,covariance,0.0,0.0,,0,0,1.641,5.876,47.292,uav_2,5.876,False,False,False,False,True,1,"[{""id"": ""obstacle_0"", ""kind"": ""static_obstacle"", ""x"": 50.0, ""y"": 50.0, ""radius"": 5.0}]"
safety_margin_covariance,458,91.6,0,87.541,75.77,94.0,90.0,50.0,50.0,,,false_negative+position_noise+confidence_error,,trust_weighted_fusion,move,covariance,2.5,1.0,,2,0,15.628,7.654,40.534,uav_1,7.654,False,False,False,False,False,1,"[{""id"": ""obstacle_0"", ""kind"": ""static_obstacle"", ""x"": 50.0, ""y"": 50.0, ""radius"": 5.0}]"
safety_margin_covariance,458,91.6,1,83.713,82.398,90.0,94.0,50.0,50.0,,,false_negative+position_noise+confidence_error,,trust_weighted_fusion,move,covariance,2.5,1.0,,2,0,13.196,5.952,41.756,uav_3,5.952,False,False,False,False,False,1,"[{""id"": ""obstacle_0"", ""kind"": ""static_obstacle"", ""x"": 50.0, ""y"": 50.0, ""radius"": 5.0}]"
safety_margin_covariance,458,91.6,2,84.935,88.498,86.0,90.0,50.0,50.0,,,none,,trust_weighted_fusion,at_goal,covariance,0.0,0.0,,0,0,1.841,5.876,46.986,uav_3,5.876,False,False,False,False,True,1,"[{""id"": ""obstacle_0"", ""kind"": ""static_obstacle"", ""x"": 50.0, ""y"": 50.0, ""radius"": 5.0}]"
safety_margin_covariance,458,91.6,3,89.269,84.531,90.0,86.0,50.0,50.0,,,none,,trust_weighted_fusion,at_goal,covariance,0.0,0.0,,0,0,1.641,5.876,47.292,uav_2,5.876,False,False,False,False,True,1,"[{""id"": ""obstacle_0"", ""kind"": ""static_obstacle"", ""x"": 50.0, ""y"": 50.0, ""radius"": 5.0}]"
safety_margin_covariance,459,91.8,0,87.654,76.02,94.0,90.0,50.0,50.0,,,false_negative+position_noise+confidence_error,,trust_weighted_fusion,move,covariance,2.5,1.0,,1,0,15.353,7.638,40.77,uav_1,7.638,False,False,False,False,False,1,"[{""id"": ""obstacle_0"", ""kind"": ""static_obstacle"", ""x"": 50.0, ""y"": 50.0, ""radius"": 5.0}]"
safety_margin_covariance,459,91.8,1,83.844,82.64,90.0,94.0,50.0,50.0,,,position_noise+confidence_error,,trust_weighted_fusion,move,covariance,2.5,1.0,,3,0,12.921,5.746,42.019,uav_3,5.746,False,False,False,False,False,1,"[{""id"": ""obstacle_0"", ""kind"": ""static_obstacle"", ""x"": 50.0, ""y"": 50.0, ""radius"": 5.0}]"
safety_margin_covariance,459,91.8,2,84.935,88.498,86.0,90.0,50.0,50.0,,,none,,trust_weighted_fusion,at_goal,covariance,0.0,0.0,,0,0,1.841,5.876,46.986,uav_3,5.876,False,False,False,False,True,1,"[{""id"": ""obstacle_0"", ""kind"": ""static_obstacle"", ""x"": 50.0, ""y"": 50.0, ""radius"": 5.0}]"
safety_margin_covariance,459,91.8,3,89.269,84.531,90.0,86.0,50.0,50.0,,,none,,trust_weighted_fusion,at_goal,covariance,0.0,0.0,,0,0,1.641,5.746,47.292,uav_1,5.746,False,False,False,False,True,1,"[{""id"": ""obstacle_0"", ""kind"": ""static_obstacle"", ""x"": 50.0, ""y"": 50.0, ""radius"": 5.0}]"
safety_margin_covariance,460,92.0,0,87.82,76.384,94.0,90.0,50.0,50.0,,,false_negative+confidence_error,,trust_weighted_fusion,move,covariance,0.0,0.0,,0,0,14.953,7.549,41.114,uav_1,7.549,False,False,False,False,False,1,"[{""id"": ""obstacle_0"", ""kind"": ""static_obstacle"", ""x"": 50.0, ""y"": 50.0, ""radius"": 5.0}]"
safety_margin_covariance,460,92.0,1,83.975,82.881,90.0,94.0,50.0,50.0,,,false_negative+position_noise+confidence_error,,trust_weighted_fusion,move,covariance,2.5,1.0,,2,0,12.646,5.545,42.281,uav_3,5.545,False,False,False,False,False,1,"[{""id"": ""obstacle_0"", ""kind"": ""static_obstacle"", ""x"": 50.0, ""y"": 50.0, ""radius"": 5.0}]"
safety_margin_covariance,460,92.0,2,84.935,88.498,86.0,90.0,50.0,50.0,,,none,,trust_weighted_fusion,at_goal,covariance,0.0,0.0,,0,0,1.841,5.698,46.986,uav_1,5.698,False,False,False,False,True,1,"[{""id"": ""obstacle_0"", ""kind"": ""static_obstacle"", ""x"": 50.0, ""y"": 50.0, ""radius"": 5.0}]"
safety_margin_covariance,460,92.0,3,89.269,84.531,90.0,86.0,50.0,50.0,,,none,,trust_weighted_fusion,at_goal,covariance,0.0,0.0,,0,0,1.641,5.545,47.292,uav_1,5.545,False,False,False,False,True,1,"[{""id"": ""obstacle_0"", ""kind"": ""static_obstacle"", ""x"": 50.0, ""y"": 50.0, ""radius"": 5.0}]"
safety_margin_covariance,461,92.2,0,87.933,76.635,94.0,90.0,50.0,50.0,,,false_negative+position_noise+confidence_error,,trust_weighted_fusion,move,covariance,2.5,1.0,,1,0,14.678,7.598,41.35,uav_1,7.598,False,False,False,False,False,1,"[{""id"": ""obstacle_0"", ""kind"": ""static_obstacle"", ""x"": 50.0, ""y"": 50.0, ""radius"": 5.0}]"
safety_margin_covariance,461,92.2,1,84.165,83.233,90.0,94.0,50.0,50.0,,,false_negative+confidence_error,,trust_weighted_fusion,move,covariance,0.0,0.0,,0,0,12.246,5.266,42.662,uav_3,5.266,False,False,False,False,False,1,"[{""id"": ""obstacle_0"", ""kind"": ""static_obstacle"", ""x"": 50.0, ""y"": 50.0, ""radius"": 5.0}]"
safety_margin_covariance,461,92.2,2,84.935,88.498,86.0,90.0,50.0,50.0,,,none,,trust_weighted_fusion,at_goal,covariance,0.0,0.0,,0,0,1.841,5.321,46.986,uav_1,5.321,False,False,False,False,True,1,"[{""id"": ""obstacle_0"", ""kind"": ""static_obstacle"", ""x"": 50.0, ""y"": 50.0, ""radius"": 5.0}]"
safety_margin_covariance,461,92.2,3,89.269,84.531,90.0,86.0,50.0,50.0,,,none,,trust_weighted_fusion,at_goal,covariance,0.0,0.0,,0,0,1.641,5.266,47.292,uav_1,5.266,False,False,False,False,True,1,"[{""id"": ""obstacle_0"", ""kind"": ""static_obstacle"", ""x"": 50.0, ""y"": 50.0, ""radius"": 5.0}]"
safety_margin_covariance,462,92.4,0,88.047,76.885,94.0,90.0,50.0,50.0,,,position_noise+confidence_error,,trust_weighted_fusion,move,covariance,2.5,1.0,,3,0,14.403,7.222,41.587,uav_1,7.222,False,False,False,False,False,1,"[{""id"": ""obstacle_0"", ""kind"": ""static_obstacle"", ""x"": 50.0, ""y"": 50.0, ""radius"": 5.0}]"
safety_margin_covariance,462,92.4,1,84.14,82.959,90.0,94.0,50.0,50.0,,,position_noise+confidence_error,,trust_weighted_fusion,avoidance,covariance,2.5,1.0,,3,0,12.499,5.364,42.454,uav_3,5.364,False,False,False,False,False,1,"[{""id"": ""obstacle_0"", ""kind"": ""static_obstacle"", ""x"": 50.0, ""y"": 50.0, ""radius"": 5.0}]"
safety_margin_covariance,462,92.4,2,84.935,88.498,86.0,90.0,50.0,50.0,,,none,,trust_weighted_fusion,at_goal,covariance,0.0,0.0,,0,0,1.841,5.595,46.986,uav_1,5.595,False,False,False,False,True,1,"[{""id"": ""obstacle_0"", ""kind"": ""static_obstacle"", ""x"": 50.0, ""y"": 50.0, ""radius"": 5.0}]"
safety_margin_covariance,462,92.4,3,89.269,84.531,90.0,86.0,50.0,50.0,,,none,,trust_weighted_fusion,at_goal,covariance,0.0,0.0,,0,0,1.641,5.364,47.292,uav_1,5.364,False,False,False,False,True,1,"[{""id"": ""obstacle_0"", ""kind"": ""static_obstacle"", ""x"": 50.0, ""y"": 50.0, ""radius"": 5.0}]"
safety_margin_covariance,463,92.6,0,88.161,77.136,94.0,90.0,50.0,50.0,,,false_negative+position_noise+confidence_error,,trust_weighted_fusion,move,covariance,2.5,1.0,,2,0,14.128,6.911,41.825,uav_1,6.911,False,False,False,False,False,1,"[{""id"": ""obstacle_0"", ""kind"": ""static_obstacle"", ""x"": 50.0, ""y"": 50.0, ""radius"": 5.0}]"
safety_margin_covariance,463,92.6,1,84.415,82.943,90.0,94.0,50.0,50.0,,,false_negative+position_noise+confidence_error,,trust_weighted_fusion,avoidance,covariance,2.5,1.0,,2,0,12.387,5.107,42.641,uav_3,5.107,False,False,False,False,False,1,"[{""id"": ""obstacle_0"", ""kind"": ""static_obstacle"", ""x"": 50.0, ""y"": 50.0, ""radius"": 5.0}]"
safety_margin_covariance,463,92.6,2,84.935,88.498,86.0,90.0,50.0,50.0,,,none,,trust_weighted_fusion,at_goal,covariance,0.0,0.0,,0,0,1.841,5.579,46.986,uav_1,5.579,False,False,False,False,True,1,"[{""id"": ""obstacle_0"", ""kind"": ""static_obstacle"", ""x"": 50.0, ""y"": 50.0, ""radius"": 5.0}]"
safety_margin_covariance,463,92.6,3,89.269,84.531,90.0,86.0,50.0,50.0,,,none,,trust_weighted_fusion,at_goal,covariance,0.0,0.0,,0,0,1.641,5.107,47.292,uav_1,5.107,False,False,False,False,True,1,"[{""id"": ""obstacle_0"", ""kind"": ""static_obstacle"", ""x"": 50.0, ""y"": 50.0, ""radius"": 5.0}]"
safety_margin_covariance,464,92.8,0,88.425,77.062,94.0,90.0,50.0,50.0,,,position_noise+confidence_error,,trust_weighted_fusion,avoidance,covariance,2.5,1.0,,3,0,14.088,7.126,41.999,uav_1,7.126,False,False,False,False,False,1,"[{""id"": ""obstacle_0"", ""kind"": ""static_obstacle"", ""x"": 50.0, ""y"": 50.0, ""radius"": 5.0}]"
safety_margin_covariance,464,92.8,1,84.187,82.79,90.0,94.0,50.0,50.0,,,false_negative+position_noise+confidence_error,,trust_weighted_fusion,avoidance,covariance,2.5,1.0,,2,0,12.628,5.373,42.37,uav_3,5.373,False,False,False,False,False,1,"[{""id"": ""obstacle_0"", ""kind"": ""static_obstacle"", ""x"": 50.0, ""y"": 50.0, ""radius"": 5.0}]"
safety_margin_covariance,464,92.8,2,84.935,88.498,86.0,90.0,50.0,50.0,,,none,,trust_weighted_fusion,at_goal,covariance,0.0,0.0,,0,0,1.841,5.757,46.986,uav_1,5.757,False,False,False,False,True,1,"[{""id"": ""obstacle_0"", ""kind"": ""static_obstacle"", ""x"": 50.0, ""y"": 50.0, ""radius"": 5.0}]"
safety_margin_covariance,464,92.8,3,89.269,84.531,90.0,86.0,50.0,50.0,,,none,,trust_weighted_fusion,at_goal,covariance,0.0,0.0,,0,0,1.641,5.373,47.292,uav_1,5.373,False,False,False,False,True,1,"[{""id"": ""obstacle_0"", ""kind"": ""static_obstacle"", ""x"": 50.0, ""y"": 50.0, ""radius"": 5.0}]"
safety_margin_covariance,465,93.0,0,88.534,77.315,94.0,90.0,50.0,50.0,,,false_negative+position_noise+confidence_error,,trust_weighted_fusion,move,covariance,2.5,1.0,,1,0,13.813,7.254,42.233,uav_3,7.254,False,False,False,False,False,1,"[{""id"": ""obstacle_0"", ""kind"": ""static_obstacle"", ""x"": 50.0, ""y"": 50.0, ""radius"": 5.0}]"
safety_margin_covariance,465,93.0,1,84.031,83.017,90.0,94.0,50.0,50.0,,,position_noise+confidence_error,,trust_weighted_fusion,avoidance,covariance,2.5,1.0,,3,0,12.5,5.452,42.416,uav_3,5.452,False,False,False,False,False,1,"[{""id"": ""obstacle_0"", ""kind"": ""static_obstacle"", ""x"": 50.0, ""y"": 50.0, ""radius"": 5.0}]"
safety_margin_covariance,465,93.0,2,84.935,88.498,86.0,90.0,50.0,50.0,,,none,,trust_weighted_fusion,at_goal,covariance,0.0,0.0,,0,0,1.841,5.555,46.986,uav_1,5.555,False,False,False,False,True,1,"[{""id"": ""obstacle_0"", ""kind"": ""static_obstacle"", ""x"": 50.0, ""y"": 50.0, ""radius"": 5.0}]"
safety_margin_covariance,465,93.0,3,89.269,84.531,90.0,86.0,50.0,50.0,,,none,,trust_weighted_fusion,at_goal,covariance,0.0,0.0,,0,0,1.641,5.452,47.292,uav_1,5.452,False,False,False,False,True,1,"[{""id"": ""obstacle_0"", ""kind"": ""static_obstacle"", ""x"": 50.0, ""y"": 50.0, ""radius"": 5.0}]"
safety_margin_covariance,466,93.2,0,88.643,77.567,94.0,90.0,50.0,50.0,,,false_negative+position_noise+confidence_error,,trust_weighted_fusion,move,covariance,2.5,1.0,,2,0,13.538,6.992,42.468,uav_3,6.992,False,False,False,False,False,1,"[{""id"": ""obstacle_0"", ""kind"": ""static_obstacle"", ""x"": 50.0, ""y"": 50.0, ""radius"": 5.0}]"
safety_margin_covariance,466,93.2,1,84.163,83.258,90.0,94.0,50.0,50.0,,,position_noise+confidence_error,,trust_weighted_fusion,move,covariance,2.5,1.0,,3,0,12.225,5.263,42.678,uav_3,5.263,False,False,False,False,False,1,"[{""id"": ""obstacle_0"", ""kind"": ""static_obstacle"", ""x"": 50.0, ""y"": 50.0, ""radius"": 5.0}]"
safety_margin_covariance,466,93.2,2,84.935,88.498,86.0,90.0,50.0,50.0,,,none,,trust_weighted_fusion,at_goal,covariance,0.0,0.0,,0,0,1.841,5.296,46.986,uav_1,5.296,False,False,False,False,True,1,"[{""id"": ""obstacle_0"", ""kind"": ""static_obstacle"", ""x"": 50.0, ""y"": 50.0, ""radius"": 5.0}]"
safety_margin_covariance,466,93.2,3,89.269,84.531,90.0,86.0,50.0,50.0,,,none,,trust_weighted_fusion,at_goal,covariance,0.0,0.0,,0,0,1.641,5.263,47.292,uav_1,5.263,False,False,False,False,True,1,"[{""id"": ""obstacle_0"", ""kind"": ""static_obstacle"", ""x"": 50.0, ""y"": 50.0, ""radius"": 5.0}]"
safety_margin_covariance,467,93.4,0,88.752,77.82,94.0,90.0,50.0,50.0,,,false_negative+position_noise+confidence_error,,trust_weighted_fusion,move,covariance,2.5,1.0,,2,0,13.263,6.731,42.704,uav_3,6.731,False,False,False,False,False,1,"[{""id"": ""obstacle_0"", ""kind"": ""static_obstacle"", ""x"": 50.0, ""y"": 50.0, ""radius"": 5.0}]"
safety_margin_covariance,467,93.4,1,84.294,83.5,90.0,94.0,50.0,50.0,,,false_negative+position_noise+confidence_error,,trust_weighted_fusion,move,covariance,2.5,1.0,,2,0,11.95,5.039,42.941,uav_2,5.039,False,False,False,False,False,1,"[{""id"": ""obstacle_0"", ""kind"": ""static_obstacle"", ""x"": 50.0, ""y"": 50.0, ""radius"": 5.0}]"
safety_margin_covariance,467,93.4,2,84.935,88.498,86.0,90.0,50.0,50.0,,,none,,trust_weighted_fusion,at_goal,covariance,0.0,0.0,,0,0,1.841,5.039,46.986,uav_1,5.039,False,False,False,False,True,1,"[{""id"": ""obstacle_0"", ""kind"": ""static_obstacle"", ""x"": 50.0, ""y"": 50.0, ""radius"": 5.0}]"
safety_margin_covariance,467,93.4,3,89.269,84.531,90.0,86.0,50.0,50.0,,,none,,trust_weighted_fusion,at_goal,covariance,0.0,0.0,,0,0,1.641,5.081,47.292,uav_1,5.081,False,False,False,False,True,1,"[{""id"": ""obstacle_0"", ""kind"": ""static_obstacle"", ""x"": 50.0, ""y"": 50.0, ""radius"": 5.0}]"
safety_margin_covariance,468,93.6,0,88.861,78.072,94.0,90.0,50.0,50.0,,,false_negative+position_noise+confidence_error,,trust_weighted_fusion,move,covariance,2.5,1.0,,2,0,12.988,6.472,42.94,uav_3,6.472,False,False,False,False,False,1,"[{""id"": ""obstacle_0"", ""kind"": ""static_obstacle"", ""x"": 50.0, ""y"": 50.0, ""radius"": 5.0}]"
safety_margin_covariance,468,93.6,1,84.195,83.757,90.0,94.0,50.0,50.0,,,position_noise+confidence_error,,trust_weighted_fusion,avoidance,covariance,2.5,1.0,,3,0,11.774,4.798,43.05,uav_2,4.798,False,False,False,False,False,1,"[{""id"": ""obstacle_0"", ""kind"": ""static_obstacle"", ""x"": 50.0, ""y"": 50.0, ""radius"": 5.0}]"
safety_margin_covariance,468,93.6,2,84.935,88.498,86.0,90.0,50.0,50.0,,,none,,trust_weighted_fusion,at_goal,covariance,0.0,0.0,,0,0,1.841,4.798,46.986,uav_1,4.798,False,False,False,False,True,1,"[{""id"": ""obstacle_0"", ""kind"": ""static_obstacle"", ""x"": 50.0, ""y"": 50.0, ""radius"": 5.0}]"
safety_margin_covariance,468,93.6,3,89.269,84.531,90.0,86.0,50.0,50.0,,,none,,trust_weighted_fusion,at_goal,covariance,0.0,0.0,,0,0,1.641,5.133,47.292,uav_1,5.133,False,False,False,False,True,1,"[{""id"": ""obstacle_0"", ""kind"": ""static_obstacle"", ""x"": 50.0, ""y"": 50.0, ""radius"": 5.0}]"
safety_margin_covariance,469,93.8,0,88.994,77.832,94.0,90.0,50.0,50.0,,,false_negative+position_noise+confidence_error,,trust_weighted_fusion,avoidance,covariance,2.5,1.0,,2,0,13.158,6.705,42.908,uav_3,6.705,False,False,False,False,False,1,"[{""id"": ""obstacle_0"", ""kind"": ""static_obstacle"", ""x"": 50.0, ""y"": 50.0, ""radius"": 5.0}]"
safety_margin_covariance,469,93.8,1,84.393,84.105,90.0,94.0,50.0,50.0,,,false_negative+confidence_error,,trust_weighted_fusion,move,covariance,0.0,0.0,,0,0,11.374,4.427,43.435,uav_2,4.427,False,False,False,False,False,1,"[{""id"": ""obstacle_0"", ""kind"": ""static_obstacle"", ""x"": 50.0, ""y"": 50.0, ""radius"": 5.0}]"
safety_margin_covariance,469,93.8,2,84.935,88.498,86.0,90.0,50.0,50.0,,,none,,trust_weighted_fusion,at_goal,covariance,0.0,0.0,,0,0,1.841,4.427,46.986,uav_1,4.427,False,False,False,False,True,1,"[{""id"": ""obstacle_0"", ""kind"": ""static_obstacle"", ""x"": 50.0, ""y"": 50.0, ""radius"": 5.0}]"
safety_margin_covariance,469,93.8,3,89.269,84.531,90.0,86.0,50.0,50.0,,,none,,trust_weighted_fusion,at_goal,covariance,0.0,0.0,,0,0,1.641,4.895,47.292,uav_1,4.895,False,False,False,False,True,1,"[{""id"": ""obstacle_0"", ""kind"": ""static_obstacle"", ""x"": 50.0, ""y"": 50.0, ""radius"": 5.0}]"
safety_margin_covariance,470,94.0,0,89.269,77.824,94.0,90.0,50.0,50.0,,,position_noise+confidence_error,,trust_weighted_fusion,avoidance,covariance,2.5,1.0,,3,0,13.062,6.707,43.128,uav_3,6.707,False,False,False,False,False,1,"[{""id"": ""obstacle_0"", ""kind"": ""static_obstacle"", ""x"": 50.0, ""y"": 50.0, ""radius"": 5.0}]"
safety_margin_covariance,470,94.0,1,84.644,83.994,90.0,94.0,50.0,50.0,,,false_negative+position_noise+confidence_error,,trust_weighted_fusion,avoidance,covariance,2.5,1.0,,1,0,11.349,4.513,43.537,uav_2,4.513,False,False,False,False,False,1,"[{""id"": ""obstacle_0"", ""kind"": ""static_obstacle"", ""x"": 50.0, ""y"": 50.0, ""radius"": 5.0}]"
safety_margin_covariance,470,94.0,2,84.935,88.498,86.0,90.0,50.0,50.0,,,none,,trust_weighted_fusion,at_goal,covariance,0.0,0.0,,0,0,1.841,4.513,46.986,uav_1,4.513,False,False,False,False,True,1,"[{""id"": ""obstacle_0"", ""kind"": ""static_obstacle"", ""x"": 50.0, ""y"": 50.0, ""radius"": 5.0}]"
safety_margin_covariance,470,94.0,3,89.269,84.531,90.0,86.0,50.0,50.0,,,none,,trust_weighted_fusion,at_goal,covariance,0.0,0.0,,0,0,1.641,4.656,47.292,uav_1,4.656,False,False,False,False,True,1,"[{""id"": ""obstacle_0"", ""kind"": ""static_obstacle"", ""x"": 50.0, ""y"": 50.0, ""radius"": 5.0}]"
safety_margin_covariance,471,94.2,0,89.369,78.081,94.0,90.0,50.0,50.0,,,false_negative+position_noise+confidence_error,,trust_weighted_fusion,move,covariance,2.5,1.0,,2,0,12.787,6.451,43.357,uav_3,6.451,False,False,False,False,False,1,"[{""id"": ""obstacle_0"", ""kind"": ""static_obstacle"", ""x"": 50.0, ""y"": 50.0, ""radius"": 5.0}]"
safety_margin_covariance,471,94.2,1,84.505,83.757,90.0,94.0,50.0,50.0,,,position_noise+confidence_error,,trust_weighted_fusion,avoidance,covariance,2.5,1.0,,3,0,11.624,4.76,43.271,uav_2,4.76,False,False,False,False,False,1,"[{""id"": ""obstacle_0"", ""kind"": ""static_obstacle"", ""x"": 50.0, ""y"": 50.0, ""radius"": 5.0}]"
safety_margin_covariance,471,94.2,2,84.935,88.498,86.0,90.0,50.0,50.0,,,none,,trust_weighted_fusion,at_goal,covariance,0.0,0.0,,0,0,1.841,4.76,46.986,uav_1,4.76,False,False,False,False,True,1,"[{""id"": ""obstacle_0"", ""kind"": ""static_obstacle"", ""x"": 50.0, ""y"": 50.0, ""radius"": 5.0}]"
safety_margin_covariance,471,94.2,3,89.269,84.531,90.0,86.0,50.0,50.0,,,none,,trust_weighted_fusion,at_goal,covariance,0.0,0.0,,0,0,1.641,4.827,47.292,uav_1,4.827,False,False,False,False,True,1,"[{""id"": ""obstacle_0"", ""kind"": ""static_obstacle"", ""x"": 50.0, ""y"": 50.0, ""radius"": 5.0}]"
safety_margin_covariance,472,94.4,0,89.468,78.337,94.0,90.0,50.0,50.0,,,false_negative+position_noise+confidence_error,,trust_weighted_fusion,move,covariance,2.5,1.0,,2,0,12.512,6.197,43.588,uav_3,6.197,False,False,False,False,False,1,"[{""id"": ""obstacle_0"", ""kind"": ""static_obstacle"", ""x"": 50.0, ""y"": 50.0, ""radius"": 5.0}]"
safety_margin_covariance,472,94.4,1,84.635,84.0,90.0,94.0,50.0,50.0,,,false_negative+position_noise+confidence_error,,trust_weighted_fusion,move,covariance,2.5,1.0,,1,0,11.349,4.508,43.534,uav_2,4.508,False,False,False,False,False,1,"[{""id"": ""obstacle_0"", ""kind"": ""static_obstacle"", ""x"": 50.0, ""y"": 50.0, ""radius"": 5.0}]"
safety_margin_covariance,472,94.4,2,84.935,88.498,86.0,90.0,50.0,50.0,,,none,,trust_weighted_fusion,at_goal,covariance,0.0,0.0,,0,0,1.841,4.508,46.986,uav_1,4.508,False,False,False,False,True,1,"[{""id"": ""obstacle_0"", ""kind"": ""static_obstacle"", ""x"": 50.0, ""y"": 50.0, ""radius"": 5.0}]"
safety_margin_covariance,472,94.4,3,89.269,84.531,90.0,86.0,50.0,50.0,,,none,,trust_weighted_fusion,at_goal,covariance,0.0,0.0,,0,0,1.641,4.665,47.292,uav_1,4.665,False,False,False,False,True,1,"[{""id"": ""obstacle_0"", ""kind"": ""static_obstacle"", ""x"": 50.0, ""y"": 50.0, ""radius"": 5.0}]"
safety_margin_covariance,473,94.6,0,89.742,78.36,94.0,90.0,50.0,50.0,,,false_negative+position_noise+confidence_error,,trust_weighted_fusion,avoidance,covariance,2.5,1.0,,2,0,12.394,6.189,43.824,uav_3,6.189,False,False,False,False,False,1,"[{""id"": ""obstacle_0"", ""kind"": ""static_obstacle"", ""x"": 50.0, ""y"": 50.0, ""radius"": 5.0}]"
safety_margin_covariance,473,94.6,1,84.904,83.944,90.0,94.0,50.0,50.0,,,position_noise+confidence_error,,trust_weighted_fusion,avoidance,covariance,2.5,1.0,,3,0,11.274,4.405,43.688,uav_3,4.405,False,False,False,False,False,1,"[{""id"": ""obstacle_0"", ""kind"": ""static_obstacle"", ""x"": 50.0, ""y"": 50.0, ""radius"": 5.0}]"
safety_margin_covariance,473,94.6,2,84.935,88.498,86.0,90.0,50.0,50.0,,,none,,trust_weighted_fusion,at_goal,covariance,0.0,0.0,,0,0,1.841,4.554,46.986,uav_1,4.554,False,False,False,False,True,1,"[{""id"": ""obstacle_0"", ""kind"": ""static_obstacle"", ""x"": 50.0, ""y"": 50.0, ""radius"": 5.0}]"
safety_margin_covariance,473,94.6,3,89.269,84.531,90.0,86.0,50.0,50.0,,,none,,trust_weighted_fusion,at_goal,covariance,0.0,0.0,,0,0,1.641,4.405,47.292,uav_1,4.405,False,False,False,False,True,1,"[{""id"": ""obstacle_0"", ""kind"": ""static_obstacle"", ""x"": 50.0, ""y"": 50.0, ""radius"": 5.0}]"
safety_margin_covariance,474,94.8,0,90.017,78.342,94.0,90.0,50.0,50.0,,,position_noise+confidence_error,,trust_weighted_fusion,avoidance,covariance,2.5,1.0,,3,0,12.32,6.234,44.037,uav_3,6.234,False,False,False,False,False,1,"[{""id"": ""obstacle_0"", ""kind"": ""static_obstacle"", ""x"": 50.0, ""y"": 50.0, ""radius"": 5.0}]"
safety_margin_covariance,474,94.8,1,85.028,84.189,90.0,94.0,50.0,50.0,,,position_noise+confidence_error,,trust_weighted_fusion,move,covariance,2.5,1.0,,3,0,10.999,4.255,43.948,uav_3,4.255,False,False,False,False,False,1,"[{""id"": ""obstacle_0"", ""kind"": ""static_obstacle"", ""x"": 50.0, ""y"": 50.0, ""radius"": 5.0}]"
safety_margin_covariance,474,94.8,2,84.935,88.498,86.0,90.0,50.0,50.0,,,none,,trust_weighted_fusion,at_goal,covariance,0.0,0.0,,0,0,1.841,4.31,46.986,uav_1,4.31,False,False,False,False,True,1,"[{""id"": ""obstacle_0"", ""kind"": ""static_obstacle"", ""x"": 50.0, ""y"": 50.0, ""radius"": 5.0}]"
safety_margin_covariance,474,94.8,3,89.269,84.531,90.0,86.0,50.0,50.0,,,none,,trust_weighted_fusion,at_goal,covariance,0.0,0.0,,0,0,1.641,4.255,47.292,uav_1,4.255,False,False,False,False,True,1,"[{""id"": ""obstacle_0"", ""kind"": ""static_obstacle"", ""x"": 50.0, ""y"": 50.0, ""radius"": 5.0}]"
safety_margin_covariance,475,95.0,0,90.106,78.602,94.0,90.0,50.0,50.0,,,position_noise+confidence_error,,trust_weighted_fusion,move,covariance,2.5,1.0,,3,0,12.045,5.988,44.26,uav_3,5.988,False,False,False,False,False,1,"[{""id"": ""obstacle_0"", ""kind"": ""static_obstacle"", ""x"": 50.0, ""y"": 50.0, ""radius"": 5.0}]"
safety_margin_covariance,475,95.0,1,85.153,84.435,90.0,94.0,50.0,50.0,,,false_negative+position_noise+confidence_error,,trust_weighted_fusion,move,covariance,2.5,1.0,,1,0,10.724,4.069,44.208,uav_2,4.069,False,False,False,False,False,1,"[{""id"": ""obstacle_0"", ""kind"": ""static_obstacle"", ""x"": 50.0, ""y"": 50.0, ""radius"": 5.0}]"
safety_margin_covariance,475,95.0,2,84.935,88.498,86.0,90.0,50.0,50.0,,,none,,trust_weighted_fusion,at_goal,covariance,0.0,0.0,,0,0,1.841,4.069,46.986,uav_1,4.069,False,False,False,False,True,1,"[{""id"": ""obstacle_0"", ""kind"": ""static_obstacle"", ""x"": 50.0, ""y"": 50.0, ""radius"": 5.0}]"
safety_margin_covariance,475,95.0,3,89.269,84.531,90.0,86.0,50.0,50.0,,,none,,trust_weighted_fusion,at_goal,covariance,0.0,0.0,,0,0,1.641,4.118,47.292,uav_1,4.118,False,False,False,False,True,1,"[{""id"": ""obstacle_0"", ""kind"": ""static_obstacle"", ""x"": 50.0, ""y"": 50.0, ""radius"": 5.0}]"
safety_margin_covariance,476,95.2,0,90.195,78.862,94.0,90.0,50.0,50.0,,,position_noise+confidence_error,,trust_weighted_fusion,move,covariance,2.5,1.0,,3,0,11.77,5.744,44.484,uav_3,5.744,False,False,False,False,False,1,"[{""id"": ""obstacle_0"", ""kind"": ""static_obstacle"", ""x"": 50.0, ""y"": 50.0, ""radius"": 5.0}]"
safety_margin_covariance,476,95.2,1,84.912,84.301,90.0,94.0,50.0,50.0,,,false_negative+position_noise+confidence_error,,trust_weighted_fusion,avoidance,covariance,2.5,1.0,,2,0,10.952,4.197,43.943,uav_2,4.197,False,False,False,False,False,1,"[{""id"": ""obstacle_0"", ""kind"": ""static_obstacle"", ""x"": 50.0, ""y"": 50.0, ""radius"": 5.0}]"
safety_margin_covariance,476,95.2,2,84.935,88.498,86.0,90.0,50.0,50.0,,,none,,trust_weighted_fusion,at_goal,covariance,0.0,0.0,,0,0,1.841,4.197,46.986,uav_1,4.197,False,False,False,False,True,1,"[{""id"": ""obstacle_0"", ""kind"": ""static_obstacle"", ""x"": 50.0, ""y"": 50.0, ""radius"": 5.0}]"
safety_margin_covariance,476,95.2,3,89.269,84.531,90.0,86.0,50.0,50.0,,,none,,trust_weighted_fusion,at_goal,covariance,0.0,0.0,,0,0,1.641,4.363,47.292,uav_1,4.363,False,False,False,False,True,1,"[{""id"": ""obstacle_0"", ""kind"": ""static_obstacle"", ""x"": 50.0, ""y"": 50.0, ""radius"": 5.0}]"
safety_margin_covariance,477,95.4,0,90.284,79.123,94.0,90.0,50.0,50.0,,,false_negative+position_noise+confidence_error,,trust_weighted_fusion,move,covariance,2.5,1.0,,1,0,11.495,5.503,44.708,uav_3,5.503,False,False,False,False,False,1,"[{""id"": ""obstacle_0"", ""kind"": ""static_obstacle"", ""x"": 50.0, ""y"": 50.0, ""radius"": 5.0}]"
safety_margin_covariance,477,95.4,1,85.04,84.545,90.0,94.0,50.0,50.0,,,false_negative+position_noise+confidence_error,,trust_weighted_fusion,move,covariance,2.5,1.0,,2,0,10.677,3.954,44.205,uav_2,3.954,False,False,False,False,False,1,"[{""id"": ""obstacle_0"", ""kind"": ""static_obstacle"", ""x"": 50.0, ""y"": 50.0, ""radius"": 5.0}]"
safety_margin_covariance,477,95.4,2,84.935,88.498,86.0,90.0,50.0,50.0,,,none,,trust_weighted_fusion,at_goal,covariance,0.0,0.0,,0,0,1.841,3.954,46.986,uav_1,3.954,False,False,False,False,True,1,"[{""id"": ""obstacle_0"", ""kind"": ""static_obstacle"", ""x"": 50.0, ""y"": 50.0, ""radius"": 5.0}]"
safety_margin_covariance,477,95.4,3,89.269,84.531,90.0,86.0,50.0,50.0,,,none,,trust_weighted_fusion,at_goal,covariance,0.0,0.0,,0,0,1.641,4.229,47.292,uav_1,4.229,False,False,False,False,True,1,"[{""id"": ""obstacle_0"", ""kind"": ""static_obstacle"", ""x"": 50.0, ""y"": 50.0, ""radius"": 5.0}]"
safety_margin_covariance,478,95.6,0,90.373,79.383,94.0,90.0,50.0,50.0,,,position_noise+confidence_error,,trust_weighted_fusion,move,covariance,2.5,1.0,,3,0,11.22,5.265,44.933,uav_3,5.265,False,False,False,False,False,1,"[{""id"": ""obstacle_0"", ""kind"": ""static_obstacle"", ""x"": 50.0, ""y"": 50.0, ""radius"": 5.0}]"
safety_margin_covariance,478,95.6,1,85.167,84.788,90.0,94.0,50.0,50.0,,,false_negative+position_noise+confidence_error,,trust_weighted_fusion,move,covariance,2.5,1.0,,1,0,10.402,3.717,44.467,uav_2,3.717,False,False,False,False,False,1,"[{""id"": ""obstacle_0"", ""kind"": ""static_obstacle"", ""x"": 50.0, ""y"": 50.0, ""radius"": 5.0}]"
safety_margin_covariance,478,95.6,2,84.935,88.498,86.0,90.0,50.0,50.0,,,none,,trust_weighted_fusion,at_goal,covariance,0.0,0.0,,0,0,1.841,3.717,46.986,uav_1,3.717,False,False,False,False,True,1,"[{""id"": ""obstacle_0"", ""kind"": ""static_obstacle"", ""x"": 50.0, ""y"": 50.0, ""radius"": 5.0}]"
safety_margin_covariance,478,95.6,3,89.269,84.531,90.0,86.0,50.0,50.0,,,none,,trust_weighted_fusion,at_goal,covariance,0.0,0.0,,0,0,1.641,4.11,47.292,uav_1,4.11,False,False,False,False,True,1,"[{""id"": ""obstacle_0"", ""kind"": ""static_obstacle"", ""x"": 50.0, ""y"": 50.0, ""radius"": 5.0}]"
safety_margin_covariance,479,95.8,0,90.461,79.643,94.0,90.0,50.0,50.0,,,position_noise+confidence_error,,trust_weighted_fusion,move,covariance,2.5,1.0,,3,0,10.945,5.031,45.158,uav_3,5.031,False,False,False,False,False,1,"[{""id"": ""obstacle_0"", ""kind"": ""static_obstacle"", ""x"": 50.0, ""y"": 50.0, ""radius"": 5.0}]"
safety_margin_covariance,479,95.8,1,85.433,84.718,90.0,94.0,50.0,50.0,,,false_negative+position_noise+confidence_error,,trust_weighted_fusion,avoidance,covariance,2.5,1.0,,2,0,10.344,3.812,44.607,uav_2,3.812,False,False,False,False,False,1,"[{""id"": ""obstacle_0"", ""kind"": ""static_obstacle"", ""x"": 50.0, ""y"": 50.0, ""radius"": 5.0}]"
safety_margin_covariance,479,95.8,2,84.935,88.498,86.0,90.0,50.0,50.0,,,none,,trust_weighted_fusion,at_goal,covariance,0.0,0.0,,0,0,1.841,3.812,46.986,uav_1,3.812,False,False,False,False,True,1,"[{""id"": ""obstacle_0"", ""kind"": ""static_obstacle"", ""x"": 50.0, ""y"": 50.0, ""radius"": 5.0}]"
safety_margin_covariance,479,95.8,3,89.269,84.531,90.0,86.0,50.0,50.0,,,none,,trust_weighted_fusion,at_goal,covariance,0.0,0.0,,0,0,1.641,3.84,47.292,uav_1,3.84,False,False,False,False,True,1,"[{""id"": ""obstacle_0"", ""kind"": ""static_obstacle"", ""x"": 50.0, ""y"": 50.0, ""radius"": 5.0}]"
safety_margin_covariance,480,96.0,0,90.632,79.428,94.0,90.0,50.0,50.0,,,position_noise+confidence_error,,trust_weighted_fusion,avoidance,covariance,2.5,1.0,,3,0,11.096,5.282,45.169,uav_3,5.282,False,False,False,False,False,1,"[{""id"": ""obstacle_0"", ""kind"": ""static_obstacle"", ""x"": 50.0, ""y"": 50.0, ""radius"": 5.0}]"
safety_margin_covariance,480,96.0,1,85.555,84.965,90.0,94.0,50.0,50.0,,,false_negative+position_noise+confidence_error,,trust_weighted_fusion,move,covariance,2.5,1.0,,1,0,10.069,3.587,44.867,uav_2,3.587,False,False,False,False,False,1,"[{""id"": ""obstacle_0"", ""kind"": ""static_obstacle"", ""x"": 50.0, ""y"": 50.0, ""radius"": 5.0}]"
safety_margin_covariance,480,96.0,2,84.935,88.498,86.0,90.0,50.0,50.0,,,none,,trust_weighted_fusion,at_goal,covariance,0.0,0.0,,0,0,1.841,3.587,46.986,uav_1,3.587,False,False,False,False,True,1,"[{""id"": ""obstacle_0"", ""kind"": ""static_obstacle"", ""x"": 50.0, ""y"": 50.0, ""radius"": 5.0}]"
safety_margin_covariance,480,96.0,3,89.269,84.531,90.0,86.0,50.0,50.0,,,none,,trust_weighted_fusion,at_goal,covariance,0.0,0.0,,0,0,1.641,3.74,47.292,uav_1,3.74,False,False,False,False,True,1,"[{""id"": ""obstacle_0"", ""kind"": ""static_obstacle"", ""x"": 50.0, ""y"": 50.0, ""radius"": 5.0}]"
safety_margin_covariance,481,96.2,0,90.895,79.345,94.0,90.0,50.0,50.0,,,false_negative+position_noise+confidence_error,,trust_weighted_fusion,avoidance,covariance,2.5,1.0,,2,0,11.098,5.435,45.334,uav_3,5.435,False,False,False,False,False,1,"[{""id"": ""obstacle_0"", ""kind"": ""static_obstacle"", ""x"": 50.0, ""y"": 50.0, ""radius"": 5.0}]"
safety_margin_covariance,481,96.2,1,85.376,84.756,90.0,94.0,50.0,50.0,,,position_noise+confidence_error,,trust_weighted_fusion,avoidance,covariance,2.5,1.0,,3,0,10.336,3.768,44.593,uav_2,3.768,False,False,False,False,False,1,"[{""id"": ""obstacle_0"", ""kind"": ""static_obstacle"", ""x"": 50.0, ""y"": 50.0, ""radius"": 5.0}]"
safety_margin_covariance,481,96.2,2,84.935,88.498,86.0,90.0,50.0,50.0,,,none,,trust_weighted_fusion,at_goal,covariance,0.0,0.0,,0,0,1.841,3.768,46.986,uav_1,3.768,False,False,False,False,True,1,"[{""id"": ""obstacle_0"", ""kind"": ""static_obstacle"", ""x"": 50.0, ""y"": 50.0, ""radius"": 5.0}]"
safety_margin_covariance,481,96.2,3,89.269,84.531,90.0,86.0,50.0,50.0,,,none,,trust_weighted_fusion,at_goal,covariance,0.0,0.0,,0,0,1.641,3.9,47.292,uav_1,3.9,False,False,False,False,True,1,"[{""id"": ""obstacle_0"", ""kind"": ""static_obstacle"", ""x"": 50.0, ""y"": 50.0, ""radius"": 5.0}]"
safety_margin_covariance,482,96.4,0,91.007,79.729,94.0,90.0,50.0,50.0,,,false_negative+confidence_error,,trust_weighted_fusion,move,covariance,0.0,0.0,,0,0,10.698,5.107,45.649,uav_3,5.107,False,False,False,False,False,1,"[{""id"": ""obstacle_0"", ""kind"": ""static_obstacle"", ""x"": 50.0, ""y"": 50.0, ""radius"": 5.0}]"
safety_margin_covariance,482,96.4,1,85.427,84.486,90.0,94.0,50.0,50.0,,,position_noise+confidence_error,,trust_weighted_fusion,avoidance,covariance,2.5,1.0,,3,0,10.556,3.843,44.44,uav_3,3.843,False,False,False,False,False,1,"[{""id"": ""obstacle_0"", ""kind"": ""static_obstacle"", ""x"": 50.0, ""y"": 50.0, ""radius"": 5.0}]"
safety_margin_covariance,482,96.4,2,84.935,88.498,86.0,90.0,50.0,50.0,,,none,,trust_weighted_fusion,at_goal,covariance,0.0,0.0,,0,0,1.841,4.042,46.986,uav_1,4.042,False,False,False,False,True,1,"[{""id"": ""obstacle_0"", ""kind"": ""static_obstacle"", ""x"": 50.0, ""y"": 50.0, ""radius"": 5.0}]"
safety_margin_covariance,482,96.4,3,89.269,84.531,90.0,86.0,50.0,50.0,,,none,,trust_weighted_fusion,at_goal,covariance,0.0,0.0,,0,0,1.641,3.843,47.292,uav_1,3.843,False,False,False,False,True,1,"[{""id"": ""obstacle_0"", ""kind"": ""static_obstacle"", ""x"": 50.0, ""y"": 50.0, ""radius"": 5.0}]"
safety_margin_covariance,483,96.6,0,91.253,79.607,94.0,90.0,50.0,50.0,,,false_negative+position_noise+confidence_error,,trust_weighted_fusion,avoidance,covariance,2.5,1.0,,2,0,10.75,5.309,45.777,uav_3,5.309,False,False,False,False,False,1,"[{""id"": ""obstacle_0"", ""kind"": ""static_obstacle"", ""x"": 50.0, ""y"": 50.0, ""radius"": 5.0}]"
safety_margin_covariance,483,96.6,1,85.5,84.221,90.0,94.0,50.0,50.0,,,false_negative+position_noise+confidence_error,,trust_weighted_fusion,avoidance,covariance,2.5,1.0,,2,0,10.765,3.782,44.308,uav_3,3.782,False,False,False,False,False,1,"[{""id"": ""obstacle_0"", ""kind"": ""static_obstacle"", ""x"": 50.0, ""y"": 50.0, ""radius"": 5.0}]"
safety_margin_covariance,483,96.6,2,84.935,88.498,86.0,90.0,50.0,50.0,,,none,,trust_weighted_fusion,at_goal,covariance,0.0,0.0,,0,0,1.841,4.314,46.986,uav_1,4.314,False,False,False,False,True,1,"[{""id"": ""obstacle_0"", ""kind"": ""static_obstacle"", ""x"": 50.0, ""y"": 50.0, ""radius"": 5.0}]"
safety_margin_covariance,483,96.6,3,89.269,84.531,90.0,86.0,50.0,50.0,,,none,,trust_weighted_fusion,at_goal,covariance,0.0,0.0,,0,0,1.641,3.782,47.292,uav_1,3.782,False,False,False,False,True,1,"[{""id"": ""obstacle_0"", ""kind"": ""static_obstacle"", ""x"": 50.0, ""y"": 50.0, ""radius"": 5.0}]"
safety_margin_covariance,484,96.8,0,91.507,79.712,94.0,90.0,50.0,50.0,,,false_negative+position_noise+confidence_error,,trust_weighted_fusion,avoidance,covariance,2.5,1.0,,1,0,10.586,5.313,46.045,uav_3,5.313,False,False,False,False,False,1,"[{""id"": ""obstacle_0"", ""kind"": ""static_obstacle"", ""x"": 50.0, ""y"": 50.0, ""radius"": 5.0}]"
safety_margin_covariance,484,96.8,1,85.667,84.584,90.0,94.0,50.0,50.0,,,dropout+confidence_error,,trust_weighted_fusion,move,covariance,0.0,0.0,,0,0,10.365,3.602,44.681,uav_3,3.602,False,False,False,False,False,1,"[{""id"": ""obstacle_0"", ""kind"": ""static_obstacle"", ""x"": 50.0, ""y"": 50.0, ""radius"": 5.0}]"
safety_margin_covariance,484,96.8,2,84.935,88.498,86.0,90.0,50.0,50.0,,,none,,trust_weighted_fusion,at_goal,covariance,0.0,0.0,,0,0,1.841,3.982,46.986,uav_1,3.982,False,False,False,False,True,1,"[{""id"": ""obstacle_0"", ""kind"": ""static_obstacle"", ""x"": 50.0, ""y"": 50.0, ""radius"": 5.0}]"
safety_margin_covariance,484,96.8,3,89.269,84.531,90.0,86.0,50.0,50.0,,,none,,trust_weighted_fusion,at_goal,covariance,0.0,0.0,,0,0,1.641,3.602,47.292,uav_1,3.602,False,False,False,False,True,1,"[{""id"": ""obstacle_0"", ""kind"": ""static_obstacle"", ""x"": 50.0, ""y"": 50.0, ""radius"": 5.0}]"
safety_margin_covariance,485,97.0,0,91.572,79.979,94.0,90.0,50.0,50.0,,,false_negative+position_noise+confidence_error,,trust_weighted_fusion,move,covariance,2.5,1.0,,1,0,10.311,5.101,46.254,uav_3,5.101,False,False,False,False,False,1,"[{""id"": ""obstacle_0"", ""kind"": ""static_obstacle"", ""x"": 50.0, ""y"": 50.0, ""radius"": 5.0}]"
safety_margin_covariance,485,97.0,1,85.835,84.948,90.0,94.0,50.0,50.0,,,dropout+confidence_error,,trust_weighted_fusion,move,covariance,0.0,0.0,,0,0,9.965,3.46,45.054,uav_3,3.46,True,False,False,False,False,1,"[{""id"": ""obstacle_0"", ""kind"": ""static_obstacle"", ""x"": 50.0, ""y"": 50.0, ""radius"": 5.0}]"
safety_margin_covariance,485,97.0,2,84.935,88.498,86.0,90.0,50.0,50.0,,,none,,trust_weighted_fusion,at_goal,covariance,0.0,0.0,,0,0,1.841,3.663,46.986,uav_1,3.663,False,False,False,False,True,1,"[{""id"": ""obstacle_0"", ""kind"": ""static_obstacle"", ""x"": 50.0, ""y"": 50.0, ""radius"": 5.0}]"
safety_margin_covariance,485,97.0,3,89.269,84.531,90.0,86.0,50.0,50.0,,,none,,trust_weighted_fusion,at_goal,covariance,0.0,0.0,,0,0,1.641,3.46,47.292,uav_1,3.46,True,False,False,False,True,1,"[{""id"": ""obstacle_0"", ""kind"": ""static_obstacle"", ""x"": 50.0, ""y"": 50.0, ""radius"": 5.0}]"
safety_margin_covariance,486,97.2,0,91.636,80.247,94.0,90.0,50.0,50.0,,,position_noise+confidence_error,,trust_weighted_fusion,move,covariance,2.5,1.0,,3,0,10.036,4.895,46.463,uav_3,4.895,False,False,False,False,False,1,"[{""id"": ""obstacle_0"", ""kind"": ""static_obstacle"", ""x"": 50.0, ""y"": 50.0, ""radius"": 5.0}]"
safety_margin_covariance,486,97.2,1,86.002,85.311,90.0,94.0,50.0,50.0,,,dropout+confidence_error,,trust_weighted_fusion,move,covariance,0.0,0.0,,0,0,9.565,3.359,45.428,uav_3,3.359,True,False,True,False,False,1,"[{""id"": ""obstacle_0"", ""kind"": ""static_obstacle"", ""x"": 50.0, ""y"": 50.0, ""radius"": 5.0}]"
safety_margin_covariance,486,97.2,2,84.935,88.498,86.0,90.0,50.0,50.0,,,none,,trust_weighted_fusion,at_goal,covariance,0.0,0.0,,0,0,1.841,3.361,46.986,uav_1,3.361,True,False,False,False,True,1,"[{""id"": ""obstacle_0"", ""kind"": ""static_obstacle"", ""x"": 50.0, ""y"": 50.0, ""radius"": 5.0}]"
safety_margin_covariance,486,97.2,3,89.269,84.531,90.0,86.0,50.0,50.0,,,none,,trust_weighted_fusion,at_goal,covariance,0.0,0.0,,0,0,1.641,3.359,47.292,uav_1,3.359,True,False,False,False,True,1,"[{""id"": ""obstacle_0"", ""kind"": ""static_obstacle"", ""x"": 50.0, ""y"": 50.0, ""radius"": 5.0}]"
safety_margin_covariance,487,97.4,0,91.873,80.107,94.0,90.0,50.0,50.0,,,false_negative+position_noise+confidence_error,,trust_weighted_fusion,avoidance,covariance,2.5,1.0,,2,0,10.119,5.133,46.574,uav_3,5.133,False,False,False,False,False,1,"[{""id"": ""obstacle_0"", ""kind"": ""static_obstacle"", ""x"": 50.0, ""y"": 50.0, ""radius"": 5.0}]"
safety_margin_covariance,487,97.4,1,86.169,85.674,90.0,94.0,50.0,50.0,,,dropout+confidence_error,,trust_weighted_fusion,move,covariance,0.0,0.0,,0,0,9.165,3.081,45.802,uav_2,3.081,True,False,True,False,False,1,"[{""id"": ""obstacle_0"", ""kind"": ""static_obstacle"", ""x"": 50.0, ""y"": 50.0, ""radius"": 5.0}]"
safety_margin_covariance,487,97.4,2,84.935,88.498,86.0,90.0,50.0,50.0,,,none,,trust_weighted_fusion,at_goal,covariance,0.0,0.0,,0,0,1.841,3.081,46.986,uav_1,3.081,True,False,False,False,True,1,"[{""id"": ""obstacle_0"", ""kind"": ""static_obstacle"", ""x"": 50.0, ""y"": 50.0, ""radius"": 5.0}]"
safety_margin_covariance,487,97.4,3,89.269,84.531,90.0,86.0,50.0,50.0,,,none,,trust_weighted_fusion,at_goal,covariance,0.0,0.0,,0,0,1.641,3.304,47.292,uav_1,3.304,True,False,False,False,True,1,"[{""id"": ""obstacle_0"", ""kind"": ""static_obstacle"", ""x"": 50.0, ""y"": 50.0, ""radius"": 5.0}]"
safety_margin_covariance,488,97.6,0,91.828,79.836,94.0,90.0,50.0,50.0,,,position_noise+confidence_error,,trust_weighted_fusion,avoidance,covariance,2.5,1.0,,3,0,10.394,5.347,46.379,uav_3,5.347,False,False,False,False,False,1,"[{""id"": ""obstacle_0"", ""kind"": ""static_obstacle"", ""x"": 50.0, ""y"": 50.0, ""radius"": 5.0}]"
safety_margin_covariance,488,97.6,1,86.336,86.038,90.0,94.0,50.0,50.0,,,dropout+confidence_error,,trust_weighted_fusion,move,covariance,0.0,0.0,,0,0,8.765,2.831,46.177,uav_2,2.831,True,False,True,False,False,1,"[{""id"": ""obstacle_0"", ""kind"": ""static_obstacle"", ""x"": 50.0, ""y"": 50.0, ""radius"": 5.0}]"
safety_margin_covariance,488,97.6,2,84.935,88.498,86.0,90.0,50.0,50.0,,,none,,trust_weighted_fusion,at_goal,covariance,0.0,0.0,,0,0,1.841,2.831,46.986,uav_1,2.831,True,False,False,False,True,1,"[{""id"": ""obstacle_0"", ""kind"": ""static_obstacle"", ""x"": 50.0, ""y"": 50.0, ""radius"": 5.0}]"
safety_margin_covariance,488,97.6,3,89.269,84.531,90.0,86.0,50.0,50.0,,,none,,trust_weighted_fusion,at_goal,covariance,0.0,0.0,,0,0,1.641,3.297,47.292,uav_1,3.297,True,False,False,False,True,1,"[{""id"": ""obstacle_0"", ""kind"": ""static_obstacle"", ""x"": 50.0, ""y"": 50.0, ""radius"": 5.0}]"
safety_margin_covariance,489,97.8,0,92.053,79.678,94.0,90.0,50.0,50.0,,,false_negative+position_noise+confidence_error,,trust_weighted_fusion,avoidance,covariance,2.5,1.0,,2,0,10.504,5.595,46.47,uav_3,5.595,False,False,False,False,False,1,"[{""id"": ""obstacle_0"", ""kind"": ""static_obstacle"", ""x"": 50.0, ""y"": 50.0, ""radius"": 5.0}]"
safety_margin_covariance,489,97.8,1,86.209,86.282,90.0,94.0,50.0,50.0,,,position_noise+confidence_error,,trust_weighted_fusion,avoidance,covariance,2.5,1.0,,3,0,8.599,2.557,46.259,uav_2,2.557,True,False,False,False,False,1,"[{""id"": ""obstacle_0"", ""kind"": ""static_obstacle"", ""x"": 50.0, ""y"": 50.0, ""radius"": 5.0}]"
safety_margin_covariance,489,97.8,2,84.935,88.498,86.0,90.0,50.0,50.0,,,none,,trust_weighted_fusion,at_goal,covariance,0.0,0.0,,0,0,1.841,2.557,46.986,uav_1,2.557,True,False,False,False,True,1,"[{""id"": ""obstacle_0"", ""kind"": ""static_obstacle"", ""x"": 50.0, ""y"": 50.0, ""radius"": 5.0}]"
safety_margin_covariance,489,97.8,3,89.269,84.531,90.0,86.0,50.0,50.0,,,none,,trust_weighted_fusion,at_goal,covariance,0.0,0.0,,0,0,1.641,3.525,47.292,uav_1,3.525,False,False,False,False,True,1,"[{""id"": ""obstacle_0"", ""kind"": ""static_obstacle"", ""x"": 50.0, ""y"": 50.0, ""radius"": 5.0}]"
safety_margin_covariance,490,98.0,0,92.104,79.948,94.0,90.0,50.0,50.0,,,false_negative+position_noise+confidence_error,,trust_weighted_fusion,move,covariance,2.5,1.0,,2,0,10.229,5.389,46.668,uav_3,5.389,False,False,False,False,False,1,"[{""id"": ""obstacle_0"", ""kind"": ""static_obstacle"", ""x"": 50.0, ""y"": 50.0, ""radius"": 5.0}]"
safety_margin_covariance,490,98.0,1,86.092,86.033,90.0,94.0,50.0,50.0,,,false_negative+position_noise+confidence_error,,trust_weighted_fusion,avoidance,covariance,2.5,1.0,,2,0,8.874,2.723,46.0,uav_2,2.723,True,False,True,False,False,1,"[{""id"": ""obstacle_0"", ""kind"": ""static_obstacle"", ""x"": 50.0, ""y"": 50.0, ""radius"": 5.0}]"
safety_margin_covariance,490,98.0,2,84.935,88.498,86.0,90.0,50.0,50.0,,,none,,trust_weighted_fusion,at_goal,covariance,0.0,0.0,,0,0,1.841,2.723,46.986,uav_1,2.723,True,False,False,False,True,1,"[{""id"": ""obstacle_0"", ""kind"": ""static_obstacle"", ""x"": 50.0, ""y"": 50.0, ""radius"": 5.0}]"
safety_margin_covariance,490,98.0,3,89.269,84.531,90.0,86.0,50.0,50.0,,,none,,trust_weighted_fusion,at_goal,covariance,0.0,0.0,,0,0,1.641,3.514,47.292,uav_1,3.514,False,False,False,False,True,1,"[{""id"": ""obstacle_0"", ""kind"": ""static_obstacle"", ""x"": 50.0, ""y"": 50.0, ""radius"": 5.0}]"
safety_margin_covariance,491,98.2,0,92.355,79.837,94.0,90.0,50.0,50.0,,,false_negative+position_noise+confidence_error,,trust_weighted_fusion,avoidance,covariance,2.5,1.0,,2,0,10.295,5.618,46.809,uav_3,5.618,False,False,False,False,False,1,"[{""id"": ""obstacle_0"", ""kind"": ""static_obstacle"", ""x"": 50.0, ""y"": 50.0, ""radius"": 5.0}]"
safety_margin_covariance,491,98.2,1,86.327,85.891,90.0,94.0,50.0,50.0,,,false_negative+position_noise+confidence_error,,trust_weighted_fusion,avoidance,covariance,2.5,1.0,,2,0,8.902,2.956,46.067,uav_2,2.956,True,False,False,False,False,1,"[{""id"": ""obstacle_0"", ""kind"": ""static_obstacle"", ""x"": 50.0, ""y"": 50.0, ""radius"": 5.0}]"
safety_margin_covariance,491,98.2,2,84.935,88.498,86.0,90.0,50.0,50.0,,,none,,trust_weighted_fusion,at_goal,covariance,0.0,0.0,,0,0,1.841,2.956,46.986,uav_1,2.956,True,False,False,False,True,1,"[{""id"": ""obstacle_0"", ""kind"": ""static_obstacle"", ""x"": 50.0, ""y"": 50.0, ""radius"": 5.0}]"
safety_margin_covariance,491,98.2,3,89.269,84.531,90.0,86.0,50.0,50.0,,,none,,trust_weighted_fusion,at_goal,covariance,0.0,0.0,,0,0,1.641,3.241,47.292,uav_1,3.241,True,False,False,False,True,1,"[{""id"": ""obstacle_0"", ""kind"": ""static_obstacle"", ""x"": 50.0, ""y"": 50.0, ""radius"": 5.0}]"
safety_margin_covariance,492,98.4,0,92.399,80.108,94.0,90.0,50.0,50.0,,,false_negative+position_noise+confidence_error,,trust_weighted_fusion,move,covariance,2.5,1.0,,2,0,10.02,5.418,47.002,uav_3,5.418,False,False,False,False,False,1,"[{""id"": ""obstacle_0"", ""kind"": ""static_obstacle"", ""x"": 50.0, ""y"": 50.0, ""radius"": 5.0}]"
safety_margin_covariance,492,98.4,1,86.509,86.098,90.0,94.0,50.0,50.0,,,false_negative+position_noise+confidence_error,,trust_weighted_fusion,avoidance,covariance,2.5,1.0,,1,0,8.639,2.87,46.341,uav_2,2.87,True,False,True,False,False,1,"[{""id"": ""obstacle_0"", ""kind"": ""static_obstacle"", ""x"": 50.0, ""y"": 50.0, ""radius"": 5.0}]"
safety_margin_covariance,492,98.4,2,84.935,88.498,86.0,90.0,50.0,50.0,,,none,,trust_weighted_fusion,at_goal,covariance,0.0,0.0,,0,0,1.841,2.87,46.986,uav_1,2.87,True,False,False,False,True,1,"[{""id"": ""obstacle_0"", ""kind"": ""static_obstacle"", ""x"": 50.0, ""y"": 50.0, ""radius"": 5.0}]"
safety_margin_covariance,492,98.4,3,89.269,84.531,90.0,86.0,50.0,50.0,,,none,,trust_weighted_fusion,at_goal,covariance,0.0,0.0,,0,0,1.641,3.174,47.292,uav_1,3.174,True,False,False,False,True,1,"[{""id"": ""obstacle_0"", ""kind"": ""static_obstacle"", ""x"": 50.0, ""y"": 50.0, ""radius"": 5.0}]"
safety_margin_covariance,493,98.6,0,92.667,80.046,94.0,90.0,50.0,50.0,,,position_noise+confidence_error,,trust_weighted_fusion,avoidance,covariance,2.5,1.0,,3,0,10.043,5.627,47.185,uav_3,5.627,False,False,False,False,False,1,"[{""id"": ""obstacle_0"", ""kind"": ""static_obstacle"", ""x"": 50.0, ""y"": 50.0, ""radius"": 5.0}]"
safety_margin_covariance,493,98.6,1,86.235,86.073,90.0,94.0,50.0,50.0,,,position_noise+confidence_error,,trust_weighted_fusion,avoidance,covariance,2.5,1.0,,3,0,8.776,2.751,46.129,uav_2,2.751,True,False,False,False,False,1,"[{""id"": ""obstacle_0"", ""kind"": ""static_obstacle"", ""x"": 50.0, ""y"": 50.0, ""radius"": 5.0}]"
safety_margin_covariance,493,98.6,2,84.935,88.498,86.0,90.0,50.0,50.0,,,none,,trust_weighted_fusion,at_goal,covariance,0.0,0.0,,0,0,1.841,2.751,46.986,uav_1,2.751,True,False,False,False,True,1,"[{""id"": ""obstacle_0"", ""kind"": ""static_obstacle"", ""x"": 50.0, ""y"": 50.0, ""radius"": 5.0}]"
safety_margin_covariance,493,98.6,3,89.269,84.531,90.0,86.0,50.0,50.0,,,none,,trust_weighted_fusion,at_goal,covariance,0.0,0.0,,0,0,1.641,3.404,47.292,uav_1,3.404,True,False,False,False,True,1,"[{""id"": ""obstacle_0"", ""kind"": ""static_obstacle"", ""x"": 50.0, ""y"": 50.0, ""radius"": 5.0}]"
safety_margin_covariance,494,98.8,0,92.704,80.318,94.0,90.0,50.0,50.0,,,false_negative+position_noise+confidence_error,,trust_weighted_fusion,move,covariance,2.5,1.0,,2,0,9.768,5.435,47.372,uav_3,5.435,False,False,False,False,False,1,"[{""id"": ""obstacle_0"", ""kind"": ""static_obstacle"", ""x"": 50.0, ""y"": 50.0, ""radius"": 5.0}]"
safety_margin_covariance,494,98.8,1,85.979,85.972,90.0,94.0,50.0,50.0,,,false_negative+position_noise+confidence_error,,trust_weighted_fusion,avoidance,covariance,2.5,1.0,,2,0,8.979,2.733,45.877,uav_2,2.733,True,False,True,False,False,1,"[{""id"": ""obstacle_0"", ""kind"": ""static_obstacle"", ""x"": 50.0, ""y"": 50.0, ""radius"": 5.0}]"
safety_margin_covariance,494,98.8,2,84.935,88.498,86.0,90.0,50.0,50.0,,,none,,trust_weighted_fusion,at_goal,covariance,0.0,0.0,,0,0,1.841,2.733,46.986,uav_1,2.733,True,False,False,False,True,1,"[{""id"": ""obstacle_0"", ""kind"": ""static_obstacle"", ""x"": 50.0, ""y"": 50.0, ""radius"": 5.0}]"
safety_margin_covariance,494,98.8,3,89.269,84.531,90.0,86.0,50.0,50.0,,,none,,trust_weighted_fusion,at_goal,covariance,0.0,0.0,,0,0,1.641,3.592,47.292,uav_1,3.592,False,False,False,False,True,1,"[{""id"": ""obstacle_0"", ""kind"": ""static_obstacle"", ""x"": 50.0, ""y"": 50.0, ""radius"": 5.0}]"
safety_margin_covariance,495,99.0,0,92.74,80.591,94.0,90.0,50.0,50.0,,,false_negative+position_noise+confidence_error,,trust_weighted_fusion,move,covariance,2.5,1.0,,2,0,9.493,5.251,47.56,uav_3,5.251,False,False,False,False,False,1,"[{""id"": ""obstacle_0"", ""kind"": ""static_obstacle"", ""x"": 50.0, ""y"": 50.0, ""radius"": 5.0}]"
safety_margin_covariance,495,99.0,1,86.204,85.814,90.0,94.0,50.0,50.0,,,false_negative+position_noise+confidence_error,,trust_weighted_fusion,avoidance,covariance,2.5,1.0,,1,0,9.024,2.969,45.925,uav_2,2.969,True,False,False,False,False,1,"[{""id"": ""obstacle_0"", ""kind"": ""static_obstacle"", ""x"": 50.0, ""y"": 50.0, ""radius"": 5.0}]"
safety_margin_covariance,495,99.0,2,84.935,88.498,86.0,90.0,50.0,50.0,,,none,,trust_weighted_fusion,at_goal,covariance,0.0,0.0,,0,0,1.841,2.969,46.986,uav_1,2.969,True,False,False,False,True,1,"[{""id"": ""obstacle_0"", ""kind"": ""static_obstacle"", ""x"": 50.0, ""y"": 50.0, ""radius"": 5.0}]"
safety_margin_covariance,495,99.0,3,89.269,84.531,90.0,86.0,50.0,50.0,,,none,,trust_weighted_fusion,at_goal,covariance,0.0,0.0,,0,0,1.641,3.323,47.292,uav_1,3.323,True,False,False,False,True,1,"[{""id"": ""obstacle_0"", ""kind"": ""static_obstacle"", ""x"": 50.0, ""y"": 50.0, ""radius"": 5.0}]"
safety_margin_covariance,496,99.2,0,92.777,80.863,94.0,90.0,50.0,50.0,,,false_negative+position_noise+confidence_error,,trust_weighted_fusion,move,covariance,2.5,1.0,,2,0,9.218,5.075,47.748,uav_3,5.075,False,False,False,False,False,1,"[{""id"": ""obstacle_0"", ""kind"": ""static_obstacle"", ""x"": 50.0, ""y"": 50.0, ""radius"": 5.0}]"
safety_margin_covariance,496,99.2,1,86.434,85.663,90.0,94.0,50.0,50.0,,,false_negative+position_noise+confidence_error,,trust_weighted_fusion,avoidance,covariance,2.5,1.0,,2,0,9.067,3.053,45.983,uav_3,3.053,True,False,False,False,False,1,"[{""id"": ""obstacle_0"", ""kind"": ""static_obstacle"", ""x"": 50.0, ""y"": 50.0, ""radius"": 5.0}]"
safety_margin_covariance,496,99.2,2,84.935,88.498,86.0,90.0,50.0,50.0,,,none,,trust_weighted_fusion,at_goal,covariance,0.0,0.0,,0,0,1.841,3.207,46.986,uav_1,3.207,True,False,False,False,True,1,"[{""id"": ""obstacle_0"", ""kind"": ""static_obstacle"", ""x"": 50.0, ""y"": 50.0, ""radius"": 5.0}]"
safety_margin_covariance,496,99.2,3,89.269,84.531,90.0,86.0,50.0,50.0,,,none,,trust_weighted_fusion,at_goal,covariance,0.0,0.0,,0,0,1.641,3.053,47.292,uav_1,3.053,True,False,False,False,True,1,"[{""id"": ""obstacle_0"", ""kind"": ""static_obstacle"", ""x"": 50.0, ""y"": 50.0, ""radius"": 5.0}]"
safety_margin_covariance,497,99.4,0,92.813,81.136,94.0,90.0,50.0,50.0,,,false_negative+position_noise+confidence_error,,trust_weighted_fusion,move,covariance,2.5,1.0,,2,0,8.943,4.908,47.938,uav_3,4.908,False,False,False,False,False,1,"[{""id"": ""obstacle_0"", ""kind"": ""static_obstacle"", ""x"": 50.0, ""y"": 50.0, ""radius"": 5.0}]"
safety_margin_covariance,497,99.4,1,86.16,85.637,90.0,94.0,50.0,50.0,,,position_noise+confidence_error,,trust_weighted_fusion,avoidance,covariance,2.5,1.0,,3,0,9.202,3.112,45.77,uav_2,3.112,True,False,False,False,False,1,"[{""id"": ""obstacle_0"", ""kind"": ""static_obstacle"", ""x"": 50.0, ""y"": 50.0, ""radius"": 5.0}]"
safety_margin_covariance,497,99.4,2,84.935,88.498,86.0,90.0,50.0,50.0,,,none,,trust_weighted_fusion,at_goal,covariance,0.0,0.0,,0,0,1.841,3.112,46.986,uav_1,3.112,True,False,False,False,True,1,"[{""id"": ""obstacle_0"", ""kind"": ""static_obstacle"", ""x"": 50.0, ""y"": 50.0, ""radius"": 5.0}]"
safety_margin_covariance,497,99.4,3,89.269,84.531,90.0,86.0,50.0,50.0,,,none,,trust_weighted_fusion,at_goal,covariance,0.0,0.0,,0,0,1.641,3.3,47.292,uav_1,3.3,True,False,False,False,True,1,"[{""id"": ""obstacle_0"", ""kind"": ""static_obstacle"", ""x"": 50.0, ""y"": 50.0, ""radius"": 5.0}]"
safety_margin_covariance,498,99.6,0,93.082,81.191,94.0,90.0,50.0,50.0,,,position_noise+confidence_error,,trust_weighted_fusion,avoidance,covariance,2.5,1.0,,3,0,8.856,5.069,48.188,uav_3,5.069,False,False,False,False,False,1,"[{""id"": ""obstacle_0"", ""kind"": ""static_obstacle"", ""x"": 50.0, ""y"": 50.0, ""radius"": 5.0}]"
safety_margin_covariance,498,99.6,1,85.902,85.731,90.0,94.0,50.0,50.0,,,false_negative+position_noise+confidence_error,,trust_weighted_fusion,avoidance,covariance,2.5,1.0,,1,0,9.229,2.931,45.652,uav_2,2.931,True,False,True,False,False,1,"[{""id"": ""obstacle_0"", ""kind"": ""static_obstacle"", ""x"": 50.0, ""y"": 50.0, ""radius"": 5.0}]"
safety_margin_covariance,498,99.6,2,84.935,88.498,86.0,90.0,50.0,50.0,,,none,,trust_weighted_fusion,at_goal,covariance,0.0,0.0,,0,0,1.841,2.931,46.986,uav_1,2.931,True,False,False,False,True,1,"[{""id"": ""obstacle_0"", ""kind"": ""static_obstacle"", ""x"": 50.0, ""y"": 50.0, ""radius"": 5.0}]"
safety_margin_covariance,498,99.6,3,89.269,84.531,90.0,86.0,50.0,50.0,,,none,,trust_weighted_fusion,at_goal,covariance,0.0,0.0,,0,0,1.641,3.575,47.292,uav_1,3.575,False,False,False,False,True,1,"[{""id"": ""obstacle_0"", ""kind"": ""static_obstacle"", ""x"": 50.0, ""y"": 50.0, ""radius"": 5.0}]"
safety_margin_covariance,499,99.8,0,93.111,81.465,94.0,90.0,50.0,50.0,,,position_noise+confidence_error,,trust_weighted_fusion,move,covariance,2.5,1.0,,3,0,8.581,4.915,48.372,uav_3,4.915,False,False,False,False,False,1,"[{""id"": ""obstacle_0"", ""kind"": ""static_obstacle"", ""x"": 50.0, ""y"": 50.0, ""radius"": 5.0}]"
safety_margin_covariance,499,99.8,1,86.079,86.09,90.0,94.0,50.0,50.0,,,false_negative+confidence_error,,trust_weighted_fusion,move,covariance,0.0,0.0,,0,0,8.829,2.666,46.031,uav_2,2.666,True,False,True,False,False,1,"[{""id"": ""obstacle_0"", ""kind"": ""static_obstacle"", ""x"": 50.0, ""y"": 50.0, ""radius"": 5.0}]"
safety_margin_covariance,499,99.8,2,84.935,88.498,86.0,90.0,50.0,50.0,,,none,,trust_weighted_fusion,at_goal,covariance,0.0,0.0,,0,0,1.841,2.666,46.986,uav_1,2.666,True,False,False,False,True,1,"[{""id"": ""obstacle_0"", ""kind"": ""static_obstacle"", ""x"": 50.0, ""y"": 50.0, ""radius"": 5.0}]"
safety_margin_covariance,499,99.8,3,89.269,84.531,90.0,86.0,50.0,50.0,,,none,,trust_weighted_fusion,at_goal,covariance,0.0,0.0,,0,0,1.641,3.55,47.292,uav_1,3.55,False,False,False,False,True,1,"[{""id"": ""obstacle_0"", ""kind"": ""static_obstacle"", ""x"": 50.0, ""y"": 50.0, ""radius"": 5.0}]"
safety_margin_covariance,500,100.0,0,93.139,81.738,94.0,90.0,50.0,50.0,,,position_noise+confidence_error,,trust_weighted_fusion,move,covariance,2.5,1.0,,3,0,8.306,4.773,48.557,uav_3,4.773,False,False,False,False,False,1,"[{""id"": ""obstacle_0"", ""kind"": ""static_obstacle"", ""x"": 50.0, ""y"": 50.0, ""radius"": 5.0}]"
safety_margin_covariance,500,100.0,1,86.201,86.336,90.0,94.0,50.0,50.0,,,false_negative+position_noise+confidence_error,,trust_weighted_fusion,move,covariance,2.5,1.0,,2,0,8.554,2.506,46.292,uav_2,2.506,True,False,False,False,False,1,"[{""id"": ""obstacle_0"", ""kind"": ""static_obstacle"", ""x"": 50.0, ""y"": 50.0, ""radius"": 5.0}]"
safety_margin_covariance,500,100.0,2,84.935,88.498,86.0,90.0,50.0,50.0,,,none,,trust_weighted_fusion,at_goal,covariance,0.0,0.0,,0,0,1.841,2.506,46.986,uav_1,2.506,True,False,False,False,True,1,"[{""id"": ""obstacle_0"", ""kind"": ""static_obstacle"", ""x"": 50.0, ""y"": 50.0, ""radius"": 5.0}]"
safety_margin_covariance,500,100.0,3,89.269,84.531,90.0,86.0,50.0,50.0,,,none,,trust_weighted_fusion,at_goal,covariance,0.0,0.0,,0,0,1.641,3.559,47.292,uav_1,3.559,False,False,False,False,True,1,"[{""id"": ""obstacle_0"", ""kind"": ""static_obstacle"", ""x"": 50.0, ""y"": 50.0, ""radius"": 5.0}]"
safety_margin_covariance,501,100.2,0,93.401,81.823,94.0,90.0,50.0,50.0,,,position_noise+confidence_error,,trust_weighted_fusion,avoidance,covariance,2.5,1.0,,3,0,8.199,4.94,48.818,uav_3,4.94,False,False,False,False,False,1,"[{""id"": ""obstacle_0"", ""kind"": ""static_obstacle"", ""x"": 50.0, ""y"": 50.0, ""radius"": 5.0}]"
safety_margin_covariance,501,100.2,1,86.201,86.061,90.0,94.0,50.0,50.0,,,false_negative+position_noise+confidence_error,,trust_weighted_fusion,avoidance,covariance,2.5,1.0,,2,0,8.801,2.746,46.097,uav_2,2.746,True,False,False,False,False,1,"[{""id"": ""obstacle_0"", ""kind"": ""static_obstacle"", ""x"": 50.0, ""y"": 50.0, ""radius"": 5.0}]"
safety_margin_covariance,501,100.2,2,84.935,88.498,86.0,90.0,50.0,50.0,,,none,,trust_weighted_fusion,at_goal,covariance,0.0,0.0,,0,0,1.841,2.746,46.986,uav_1,2.746,True,False,False,False,True,1,"[{""id"": ""obstacle_0"", ""kind"": ""static_obstacle"", ""x"": 50.0, ""y"": 50.0, ""radius"": 5.0}]"
safety_margin_covariance,501,100.2,3,89.269,84.531,90.0,86.0,50.0,50.0,,,none,,trust_weighted_fusion,at_goal,covariance,0.0,0.0,,0,0,1.641,3.428,47.292,uav_1,3.428,True,False,False,False,True,1,"[{""id"": ""obstacle_0"", ""kind"": ""static_obstacle"", ""x"": 50.0, ""y"": 50.0, ""radius"": 5.0}]"
safety_margin_covariance,502,100.4,0,93.421,82.097,94.0,90.0,50.0,50.0,,,position_noise+confidence_error,,trust_weighted_fusion,move,covariance,2.5,1.0,,3,0,7.924,4.813,48.997,uav_3,4.813,False,False,False,False,False,1,"[{""id"": ""obstacle_0"", ""kind"": ""static_obstacle"", ""x"": 50.0, ""y"": 50.0, ""radius"": 5.0}]"
safety_margin_covariance,502,100.4,1,86.462,86.149,90.0,94.0,50.0,50.0,,,false_negative+position_noise+confidence_error,,trust_weighted_fusion,avoidance,covariance,2.5,1.0,,1,0,8.612,2.802,46.344,uav_2,2.802,True,False,True,False,False,1,"[{""id"": ""obstacle_0"", ""kind"": ""static_obstacle"", ""x"": 50.0, ""y"": 50.0, ""radius"": 5.0}]"
safety_margin_covariance,502,100.4,2,84.935,88.498,86.0,90.0,50.0,50.0,,,none,,trust_weighted_fusion,at_goal,covariance,0.0,0.0,,0,0,1.841,2.802,46.986,uav_1,2.802,True,False,False,False,True,1,"[{""id"": ""obstacle_0"", ""kind"": ""static_obstacle"", ""x"": 50.0, ""y"": 50.0, ""radius"": 5.0}]"
safety_margin_covariance,502,100.4,3,89.269,84.531,90.0,86.0,50.0,50.0,,,none,,trust_weighted_fusion,at_goal,covariance,0.0,0.0,,0,0,1.641,3.24,47.292,uav_1,3.24,True,False,False,False,True,1,"[{""id"": ""obstacle_0"", ""kind"": ""static_obstacle"", ""x"": 50.0, ""y"": 50.0, ""radius"": 5.0}]"
safety_margin_covariance,503,100.6,0,93.657,82.239,94.0,90.0,50.0,50.0,,,position_noise+confidence_error,,trust_weighted_fusion,avoidance,covariance,2.5,1.0,,3,0,7.768,4.95,49.27,uav_3,4.95,False,False,False,False,False,1,"[{""id"": ""obstacle_0"", ""kind"": ""static_obstacle"", ""x"": 50.0, ""y"": 50.0, ""radius"": 5.0}]"
safety_margin_covariance,503,100.6,1,86.208,86.043,90.0,94.0,50.0,50.0,,,position_noise+confidence_error,,trust_weighted_fusion,avoidance,covariance,2.5,1.0,,3,0,8.814,2.765,46.09,uav_2,2.765,True,False,False,False,False,1,"[{""id"": ""obstacle_0"", ""kind"": ""static_obstacle"", ""x"": 50.0, ""y"": 50.0, ""radius"": 5.0}]"
safety_margin_covariance,503,100.6,2,84.935,88.498,86.0,90.0,50.0,50.0,,,none,,trust_weighted_fusion,at_goal,covariance,0.0,0.0,,0,0,1.841,2.765,46.986,uav_1,2.765,True,False,False,False,True,1,"[{""id"": ""obstacle_0"", ""kind"": ""static_obstacle"", ""x"": 50.0, ""y"": 50.0, ""radius"": 5.0}]"
safety_margin_covariance,503,100.6,3,89.269,84.531,90.0,86.0,50.0,50.0,,,none,,trust_weighted_fusion,at_goal,covariance,0.0,0.0,,0,0,1.641,3.414,47.292,uav_1,3.414,True,False,False,False,True,1,"[{""id"": ""obstacle_0"", ""kind"": ""static_obstacle"", ""x"": 50.0, ""y"": 50.0, ""radius"": 5.0}]"
safety_margin_covariance,504,100.8,0,93.669,82.514,94.0,90.0,50.0,50.0,,,false_negative+position_noise+confidence_error,,trust_weighted_fusion,move,covariance,2.5,1.0,,1,0,7.493,4.84,49.444,uav_3,4.84,False,False,False,False,False,1,"[{""id"": ""obstacle_0"", ""kind"": ""static_obstacle"", ""x"": 50.0, ""y"": 50.0, ""radius"": 5.0}]"
safety_margin_covariance,504,100.8,1,86.34,85.802,90.0,94.0,50.0,50.0,,,false_negative+position_noise+confidence_error,,trust_weighted_fusion,avoidance,covariance,2.5,1.0,,1,0,8.978,3.04,46.014,uav_2,3.04,True,False,True,False,False,1,"[{""id"": ""obstacle_0"", ""kind"": ""static_obstacle"", ""x"": 50.0, ""y"": 50.0, ""radius"": 5.0}]"
safety_margin_covariance,504,100.8,2,84.935,88.498,86.0,90.0,50.0,50.0,,,none,,trust_weighted_fusion,at_goal,covariance,0.0,0.0,,0,0,1.841,3.04,46.986,uav_1,3.04,True,False,False,False,True,1,"[{""id"": ""obstacle_0"", ""kind"": ""static_obstacle"", ""x"": 50.0, ""y"": 50.0, ""radius"": 5.0}]"
safety_margin_covariance,504,100.8,3,89.269,84.531,90.0,86.0,50.0,50.0,,,none,,trust_weighted_fusion,at_goal,covariance,0.0,0.0,,0,0,1.641,3.193,47.292,uav_1,3.193,True,False,False,False,True,1,"[{""id"": ""obstacle_0"", ""kind"": ""static_obstacle"", ""x"": 50.0, ""y"": 50.0, ""radius"": 5.0}]"
safety_margin_covariance,505,101.0,0,93.651,82.788,94.0,90.0,50.0,50.0,,,position_noise+confidence_error,,trust_weighted_fusion,avoidance,covariance,2.5,1.0,,3,0,7.22,4.715,49.594,uav_3,4.715,False,False,False,False,False,1,"[{""id"": ""obstacle_0"", ""kind"": ""static_obstacle"", ""x"": 50.0, ""y"": 50.0, ""radius"": 5.0}]"
safety_margin_covariance,505,101.0,1,86.597,85.704,90.0,94.0,50.0,50.0,,,false_negative+position_noise+confidence_error,,trust_weighted_fusion,avoidance,covariance,2.5,1.0,,2,0,8.967,2.918,46.128,uav_3,2.918,True,False,True,False,False,1,"[{""id"": ""obstacle_0"", ""kind"": ""static_obstacle"", ""x"": 50.0, ""y"": 50.0, ""radius"": 5.0}]"
safety_margin_covariance,505,101.0,2,84.935,88.498,86.0,90.0,50.0,50.0,,,none,,trust_weighted_fusion,at_goal,covariance,0.0,0.0,,0,0,1.841,3.251,46.986,uav_1,3.251,True,False,False,False,True,1,"[{""id"": ""obstacle_0"", ""kind"": ""static_obstacle"", ""x"": 50.0, ""y"": 50.0, ""radius"": 5.0}]"
safety_margin_covariance,505,101.0,3,89.269,84.531,90.0,86.0,50.0,50.0,,,none,,trust_weighted_fusion,at_goal,covariance,0.0,0.0,,0,0,1.641,2.918,47.292,uav_1,2.918,True,False,False,False,True,1,"[{""id"": ""obstacle_0"", ""kind"": ""static_obstacle"", ""x"": 50.0, ""y"": 50.0, ""radius"": 5.0}]"
safety_margin_covariance,506,101.2,0,93.664,83.063,94.0,90.0,50.0,50.0,,,false_negative+position_noise+confidence_error,,trust_weighted_fusion,move,covariance,2.5,1.0,,1,0,6.945,4.633,49.77,uav_3,4.633,False,False,False,False,False,1,"[{""id"": ""obstacle_0"", ""kind"": ""static_obstacle"", ""x"": 50.0, ""y"": 50.0, ""radius"": 5.0}]"
safety_margin_covariance,506,101.2,1,86.663,85.97,90.0,94.0,50.0,50.0,,,false_negative+position_noise+confidence_error,,trust_weighted_fusion,avoidance,covariance,2.5,1.0,,2,0,8.695,2.977,46.362,uav_3,2.977,True,False,False,False,False,1,"[{""id"": ""obstacle_0"", ""kind"": ""static_obstacle"", ""x"": 50.0, ""y"": 50.0, ""radius"": 5.0}]"
safety_margin_covariance,506,101.2,2,84.935,88.498,86.0,90.0,50.0,50.0,,,none,,trust_weighted_fusion,at_goal,covariance,0.0,0.0,,0,0,1.841,3.062,46.986,uav_1,3.062,True,False,False,False,True,1,"[{""id"": ""obstacle_0"", ""kind"": ""static_obstacle"", ""x"": 50.0, ""y"": 50.0, ""radius"": 5.0}]"
safety_margin_covariance,506,101.2,3,89.269,84.531,90.0,86.0,50.0,50.0,,,none,,trust_weighted_fusion,at_goal,covariance,0.0,0.0,,0,0,1.641,2.977,47.292,uav_1,2.977,True,False,False,False,True,1,"[{""id"": ""obstacle_0"", ""kind"": ""static_obstacle"", ""x"": 50.0, ""y"": 50.0, ""radius"": 5.0}]"
safety_margin_covariance,507,101.4,0,93.818,83.291,94.0,90.0,50.0,50.0,,,false_negative+position_noise+confidence_error,,trust_weighted_fusion,avoidance,covariance,2.5,1.0,,2,0,6.712,4.715,50.03,uav_3,4.715,False,False,False,False,False,1,"[{""id"": ""obstacle_0"", ""kind"": ""static_obstacle"", ""x"": 50.0, ""y"": 50.0, ""radius"": 5.0}]"
safety_margin_covariance,507,101.4,1,86.726,85.703,90.0,94.0,50.0,50.0,,,false_negative+position_noise+confidence_error,,trust_weighted_fusion,avoidance,covariance,2.5,1.0,,2,0,8.92,2.8,46.22,uav_3,2.8,True,False,True,False,False,1,"[{""id"": ""obstacle_0"", ""kind"": ""static_obstacle"", ""x"": 50.0, ""y"": 50.0, ""radius"": 5.0}]"
safety_margin_covariance,507,101.4,2,84.935,88.498,86.0,90.0,50.0,50.0,,,none,,trust_weighted_fusion,at_goal,covariance,0.0,0.0,,0,0,1.841,3.32,46.986,uav_1,3.32,True,False,False,False,True,1,"[{""id"": ""obstacle_0"", ""kind"": ""static_obstacle"", ""x"": 50.0, ""y"": 50.0, ""radius"": 5.0}]"
safety_margin_covariance,507,101.4,3,89.269,84.531,90.0,86.0,50.0,50.0,,,none,,trust_weighted_fusion,at_goal,covariance,0.0,0.0,,0,0,1.641,2.8,47.292,uav_1,2.8,True,False,False,False,True,1,"[{""id"": ""obstacle_0"", ""kind"": ""static_obstacle"", ""x"": 50.0, ""y"": 50.0, ""radius"": 5.0}]"
safety_margin_covariance,508,101.6,0,93.825,83.566,94.0,90.0,50.0,50.0,,,false_negative+position_noise+confidence_error,,trust_weighted_fusion,move,covariance,2.5,1.0,,2,0,6.437,4.657,50.203,uav_3,4.657,False,False,False,False,False,1,"[{""id"": ""obstacle_0"", ""kind"": ""static_obstacle"", ""x"": 50.0, ""y"": 50.0, ""radius"": 5.0}]"
safety_margin_covariance,508,101.6,1,86.457,85.647,90.0,94.0,50.0,50.0,,,false_negative+position_noise+confidence_error,,trust_weighted_fusion,avoidance,covariance,2.5,1.0,,2,0,9.074,3.026,45.988,uav_3,3.026,True,False,True,False,False,1,"[{""id"": ""obstacle_0"", ""kind"": ""static_obstacle"", ""x"": 50.0, ""y"": 50.0, ""radius"": 5.0}]"
safety_margin_covariance,508,101.6,2,84.935,88.498,86.0,90.0,50.0,50.0,,,none,,trust_weighted_fusion,at_goal,covariance,0.0,0.0,,0,0,1.841,3.232,46.986,uav_1,3.232,True,False,False,False,True,1,"[{""id"": ""obstacle_0"", ""kind"": ""static_obstacle"", ""x"": 50.0, ""y"": 50.0, ""radius"": 5.0}]"
safety_margin_covariance,508,101.6,3,89.269,84.531,90.0,86.0,50.0,50.0,,,none,,trust_weighted_fusion,at_goal,covariance,0.0,0.0,,0,0,1.641,3.026,47.292,uav_1,3.026,True,False,False,False,True,1,"[{""id"": ""obstacle_0"", ""kind"": ""static_obstacle"", ""x"": 50.0, ""y"": 50.0, ""radius"": 5.0}]"
safety_margin_covariance,509,101.8,0,93.833,83.841,94.0,90.0,50.0,50.0,,,false_negative+position_noise+confidence_error,,trust_weighted_fusion,move,covariance,2.5,1.0,,1,0,6.162,4.616,50.376,uav_3,4.616,False,False,False,False,False,1,"[{""id"": ""obstacle_0"", ""kind"": ""static_obstacle"", ""x"": 50.0, ""y"": 50.0, ""radius"": 5.0}]"
safety_margin_covariance,509,101.8,1,86.564,85.9,90.0,94.0,50.0,50.0,,,false_negative+position_noise+confidence_error,,trust_weighted_fusion,move,covariance,2.5,1.0,,2,0,8.799,3.032,46.242,uav_3,3.032,True,False,True,False,False,1,"[{""id"": ""obstacle_0"", ""kind"": ""static_obstacle"", ""x"": 50.0, ""y"": 50.0, ""radius"": 5.0}]"
safety_margin_covariance,509,101.8,2,84.935,88.498,86.0,90.0,50.0,50.0,,,none,,trust_weighted_fusion,at_goal,covariance,0.0,0.0,,0,0,1.841,3.067,46.986,uav_1,3.067,True,False,False,False,True,1,"[{""id"": ""obstacle_0"", ""kind"": ""static_obstacle"", ""x"": 50.0, ""y"": 50.0, ""radius"": 5.0}]"
safety_margin_covariance,509,101.8,3,89.269,84.531,90.0,86.0,50.0,50.0,,,none,,trust_weighted_fusion,at_goal,covariance,0.0,0.0,,0,0,1.641,3.032,47.292,uav_1,3.032,True,False,False,False,True,1,"[{""id"": ""obstacle_0"", ""kind"": ""static_obstacle"", ""x"": 50.0, ""y"": 50.0, ""radius"": 5.0}]"
safety_margin_covariance,510,102.0,0,93.84,84.116,94.0,90.0,50.0,50.0,,,position_noise+confidence_error,,trust_weighted_fusion,move,covariance,2.5,1.0,,3,0,5.887,4.59,50.55,uav_3,4.59,False,False,False,False,False,1,"[{""id"": ""obstacle_0"", ""kind"": ""static_obstacle"", ""x"": 50.0, ""y"": 50.0, ""radius"": 5.0}]"
safety_margin_covariance,510,102.0,1,86.836,85.857,90.0,94.0,50.0,50.0,,,position_noise+confidence_error,,trust_weighted_fusion,avoidance,covariance,2.5,1.0,,3,0,8.736,2.771,46.406,uav_3,2.771,True,False,False,False,False,1,"[{""id"": ""obstacle_0"", ""kind"": ""static_obstacle"", ""x"": 50.0, ""y"": 50.0, ""radius"": 5.0}]"
safety_margin_covariance,510,102.0,2,84.935,88.498,86.0,90.0,50.0,50.0,,,none,,trust_weighted_fusion,at_goal,covariance,0.0,0.0,,0,0,1.841,3.254,46.986,uav_1,3.254,True,False,False,False,True,1,"[{""id"": ""obstacle_0"", ""kind"": ""static_obstacle"", ""x"": 50.0, ""y"": 50.0, ""radius"": 5.0}]"
safety_margin_covariance,510,102.0,3,89.269,84.531,90.0,86.0,50.0,50.0,,,none,,trust_weighted_fusion,at_goal,covariance,0.0,0.0,,0,0,1.641,2.771,47.292,uav_1,2.771,True,False,False,False,True,1,"[{""id"": ""obstacle_0"", ""kind"": ""static_obstacle"", ""x"": 50.0, ""y"": 50.0, ""radius"": 5.0}]"
safety_margin_covariance,511,102.2,0,94.107,84.183,94.0,90.0,50.0,50.0,,,position_noise+confidence_error,,trust_weighted_fusion,avoidance,covariance,2.5,1.0,,3,0,5.818,4.85,50.802,uav_3,4.85,False,False,False,False,False,1,"[{""id"": ""obstacle_0"", ""kind"": ""static_obstacle"", ""x"": 50.0, ""y"": 50.0, ""radius"": 5.0}]"
safety_margin_covariance,511,102.2,1,86.592,85.73,90.0,94.0,50.0,50.0,,,false_negative+position_noise+confidence_error,,trust_weighted_fusion,avoidance,covariance,2.5,1.0,,2,0,8.945,2.933,46.143,uav_3,2.933,True,False,True,False,False,1,"[{""id"": ""obstacle_0"", ""kind"": ""static_obstacle"", ""x"": 50.0, ""y"": 50.0, ""radius"": 5.0}]"
safety_margin_covariance,511,102.2,2,84.935,88.498,86.0,90.0,50.0,50.0,,,none,,trust_weighted_fusion,at_goal,covariance,0.0,0.0,,0,0,1.841,3.226,46.986,uav_1,3.226,True,False,False,False,True,1,"[{""id"": ""obstacle_0"", ""kind"": ""static_obstacle"", ""x"": 50.0, ""y"": 50.0, ""radius"": 5.0}]"
safety_margin_covariance,511,102.2,3,89.269,84.531,90.0,86.0,50.0,50.0,,,none,,trust_weighted_fusion,at_goal,covariance,0.0,0.0,,0,0,1.641,2.933,47.292,uav_1,2.933,True,False,False,False,True,1,"[{""id"": ""obstacle_0"", ""kind"": ""static_obstacle"", ""x"": 50.0, ""y"": 50.0, ""radius"": 5.0}]"
safety_margin_covariance,512,102.4,0,94.1,84.583,94.0,90.0,50.0,50.0,,,false_negative+confidence_error,,trust_weighted_fusion,move,covariance,0.0,0.0,,0,0,5.418,4.831,51.042,uav_3,4.831,False,False,False,False,False,1,"[{""id"": ""obstacle_0"", ""kind"": ""static_obstacle"", ""x"": 50.0, ""y"": 50.0, ""radius"": 5.0}]"
safety_margin_covariance,512,102.4,1,86.697,85.984,90.0,94.0,50.0,50.0,,,false_negative+position_noise+confidence_error,,trust_weighted_fusion,move,covariance,2.5,1.0,,2,0,8.67,2.954,46.396,uav_3,2.954,True,False,True,False,False,1,"[{""id"": ""obstacle_0"", ""kind"": ""static_obstacle"", ""x"": 50.0, ""y"": 50.0, ""radius"": 5.0}]"
safety_margin_covariance,512,102.4,2,84.935,88.498,86.0,90.0,50.0,50.0,,,none,,trust_weighted_fusion,at_goal,covariance,0.0,0.0,,0,0,1.841,3.07,46.986,uav_1,3.07,True,False,False,False,True,1,"[{""id"": ""obstacle_0"", ""kind"": ""static_obstacle"", ""x"": 50.0, ""y"": 50.0, ""radius"": 5.0}]"
safety_margin_covariance,512,102.4,3,89.269,84.531,90.0,86.0,50.0,50.0,,,none,,trust_weighted_fusion,at_goal,covariance,0.0,0.0,,0,0,1.641,2.954,47.292,uav_1,2.954,True,False,False,False,True,1,"[{""id"": ""obstacle_0"", ""kind"": ""static_obstacle"", ""x"": 50.0, ""y"": 50.0, ""radius"": 5.0}]"
safety_margin_covariance,513,102.6,0,94.095,84.858,94.0,90.0,50.0,50.0,,,position_noise+confidence_error,,trust_weighted_fusion,move,covariance,2.5,1.0,,3,0,5.143,4.836,51.208,uav_3,4.836,False,False,False,False,False,1,"[{""id"": ""obstacle_0"", ""kind"": ""static_obstacle"", ""x"": 50.0, ""y"": 50.0, ""radius"": 5.0}]"
safety_margin_covariance,513,102.6,1,86.436,85.897,90.0,94.0,50.0,50.0,,,position_noise+confidence_error,,trust_weighted_fusion,avoidance,covariance,2.5,1.0,,3,0,8.852,3.003,46.148,uav_2,3.003,True,False,False,False,False,1,"[{""id"": ""obstacle_0"", ""kind"": ""static_obstacle"", ""x"": 50.0, ""y"": 50.0, ""radius"": 5.0}]"
safety_margin_covariance,513,102.6,2,84.935,88.498,86.0,90.0,50.0,50.0,,,none,,trust_weighted_fusion,at_goal,covariance,0.0,0.0,,0,0,1.841,3.003,46.986,uav_1,3.003,True,False,False,False,True,1,"[{""id"": ""obstacle_0"", ""kind"": ""static_obstacle"", ""x"": 50.0, ""y"": 50.0, ""radius"": 5.0}]"
safety_margin_covariance,513,102.6,3,89.269,84.531,90.0,86.0,50.0,50.0,,,none,,trust_weighted_fusion,at_goal,covariance,0.0,0.0,,0,0,1.641,3.145,47.292,uav_1,3.145,True,False,False,False,True,1,"[{""id"": ""obstacle_0"", ""kind"": ""static_obstacle"", ""x"": 50.0, ""y"": 50.0, ""radius"": 5.0}]"
safety_margin_covariance,514,102.8,0,94.09,85.133,94.0,90.0,50.0,50.0,,,false_negative+position_noise+confidence_error,,trust_weighted_fusion,move,covariance,2.5,1.0,,1,0,4.868,4.858,51.375,uav_3,4.858,False,False,False,False,False,1,"[{""id"": ""obstacle_0"", ""kind"": ""static_obstacle"", ""x"": 50.0, ""y"": 50.0, ""radius"": 5.0}]"
safety_margin_covariance,514,102.8,1,86.547,86.149,90.0,94.0,50.0,50.0,,,false_negative+position_noise+confidence_error,,trust_weighted_fusion,move,covariance,2.5,1.0,,2,0,8.577,2.849,46.404,uav_2,2.849,True,False,True,False,False,1,"[{""id"": ""obstacle_0"", ""kind"": ""static_obstacle"", ""x"": 50.0, ""y"": 50.0, ""radius"": 5.0}]"
safety_margin_covariance,514,102.8,2,84.935,88.498,86.0,90.0,50.0,50.0,,,none,,trust_weighted_fusion,at_goal,covariance,0.0,0.0,,0,0,1.841,2.849,46.986,uav_1,2.849,True,False,False,False,True,1,"[{""id"": ""obstacle_0"", ""kind"": ""static_obstacle"", ""x"": 50.0, ""y"": 50.0, ""radius"": 5.0}]"
safety_margin_covariance,514,102.8,3,89.269,84.531,90.0,86.0,50.0,50.0,,,none,,trust_weighted_fusion,at_goal,covariance,0.0,0.0,,0,0,1.641,3.167,47.292,uav_1,3.167,True,False,False,False,True,1,"[{""id"": ""obstacle_0"", ""kind"": ""static_obstacle"", ""x"": 50.0, ""y"": 50.0, ""radius"": 5.0}]"
safety_margin_covariance,515,103.0,0,94.244,85.36,94.0,90.0,50.0,50.0,,,position_noise+confidence_error,,trust_weighted_fusion,avoidance,covariance,2.5,1.0,,3,0,4.646,5.043,51.638,uav_3,5.043,False,False,False,False,False,1,"[{""id"": ""obstacle_0"", ""kind"": ""static_obstacle"", ""x"": 50.0, ""y"": 50.0, ""radius"": 5.0}]"
safety_margin_covariance,515,103.0,1,86.657,86.4,90.0,94.0,50.0,50.0,,,false_negative+position_noise+confidence_error,,trust_weighted_fusion,move,covariance,2.5,1.0,,1,0,8.302,2.714,46.66,uav_2,2.714,True,False,True,False,False,1,"[{""id"": ""obstacle_0"", ""kind"": ""static_obstacle"", ""x"": 50.0, ""y"": 50.0, ""radius"": 5.0}]"
safety_margin_covariance,515,103.0,2,84.935,88.498,86.0,90.0,50.0,50.0,,,none,,trust_weighted_fusion,at_goal,covariance,0.0,0.0,,0,0,1.841,2.714,46.986,uav_1,2.714,True,False,False,False,True,1,"[{""id"": ""obstacle_0"", ""kind"": ""static_obstacle"", ""x"": 50.0, ""y"": 50.0, ""radius"": 5.0}]"
safety_margin_covariance,515,103.0,3,89.269,84.531,90.0,86.0,50.0,50.0,,,none,,trust_weighted_fusion,at_goal,covariance,0.0,0.0,,0,0,1.641,3.212,47.292,uav_1,3.212,True,False,False,False,True,1,"[{""id"": ""obstacle_0"", ""kind"": ""static_obstacle"", ""x"": 50.0, ""y"": 50.0, ""radius"": 5.0}]"
safety_margin_covariance,516,103.2,0,94.229,85.635,94.0,90.0,50.0,50.0,,,position_noise+confidence_error,,trust_weighted_fusion,move,covariance,2.5,1.0,,3,0,4.371,5.082,51.799,uav_3,5.082,False,False,False,False,False,1,"[{""id"": ""obstacle_0"", ""kind"": ""static_obstacle"", ""x"": 50.0, ""y"": 50.0, ""radius"": 5.0}]"
safety_margin_covariance,516,103.2,1,86.456,86.213,90.0,94.0,50.0,50.0,,,position_noise+confidence_error,,trust_weighted_fusion,avoidance,covariance,2.5,1.0,,3,0,8.556,2.746,46.385,uav_2,2.746,True,False,False,False,False,1,"[{""id"": ""obstacle_0"", ""kind"": ""static_obstacle"", ""x"": 50.0, ""y"": 50.0, ""radius"": 5.0}]"
safety_margin_covariance,516,103.2,2,84.935,88.498,86.0,90.0,50.0,50.0,,,none,,trust_weighted_fusion,at_goal,covariance,0.0,0.0,,0,0,1.841,2.746,46.986,uav_1,2.746,True,False,False,False,True,1,"[{""id"": ""obstacle_0"", ""kind"": ""static_obstacle"", ""x"": 50.0, ""y"": 50.0, ""radius"": 5.0}]"
safety_margin_covariance,516,103.2,3,89.269,84.531,90.0,86.0,50.0,50.0,,,none,,trust_weighted_fusion,at_goal,covariance,0.0,0.0,,0,0,1.641,3.277,47.292,uav_1,3.277,True,False,False,False,True,1,"[{""id"": ""obstacle_0"", ""kind"": ""static_obstacle"", ""x"": 50.0, ""y"": 50.0, ""radius"": 5.0}]"
safety_margin_covariance,517,103.4,0,94.215,85.909,94.0,90.0,50.0,50.0,,,false_negative+position_noise+confidence_error,,trust_weighted_fusion,move,covariance,2.5,1.0,,1,0,4.096,5.134,51.96,uav_3,5.134,False,False,False,False,False,1,"[{""id"": ""obstacle_0"", ""kind"": ""static_obstacle"", ""x"": 50.0, ""y"": 50.0, ""radius"": 5.0}]"
safety_margin_covariance,517,103.4,1,86.693,86.072,90.0,94.0,50.0,50.0,,,false_negative+position_noise+confidence_error,,trust_weighted_fusion,avoidance,covariance,2.5,1.0,,2,0,8.59,2.996,46.454,uav_2,2.996,True,False,True,False,False,1,"[{""id"": ""obstacle_0"", ""kind"": ""static_obstacle"", ""x"": 50.0, ""y"": 50.0, ""radius"": 5.0}]"
safety_margin_covariance,517,103.4,2,84.935,88.498,86.0,90.0,50.0,50.0,,,none,,trust_weighted_fusion,at_goal,covariance,0.0,0.0,,0,0,1.841,2.996,46.986,uav_1,2.996,True,False,False,False,True,1,"[{""id"": ""obstacle_0"", ""kind"": ""static_obstacle"", ""x"": 50.0, ""y"": 50.0, ""radius"": 5.0}]"
safety_margin_covariance,517,103.4,3,89.269,84.531,90.0,86.0,50.0,50.0,,,none,,trust_weighted_fusion,at_goal,covariance,0.0,0.0,,0,0,1.641,3.002,47.292,uav_1,3.002,True,False,False,False,True,1,"[{""id"": ""obstacle_0"", ""kind"": ""static_obstacle"", ""x"": 50.0, ""y"": 50.0, ""radius"": 5.0}]"
safety_margin_covariance,518,103.6,0,94.429,86.082,94.0,90.0,50.0,50.0,,,position_noise+confidence_error,,trust_weighted_fusion,avoidance,covariance,2.5,1.0,,3,0,3.941,5.388,52.235,uav_3,5.388,False,False,False,False,False,1,"[{""id"": ""obstacle_0"", ""kind"": ""static_obstacle"", ""x"": 50.0, ""y"": 50.0, ""radius"": 5.0}]"
safety_margin_covariance,518,103.6,1,86.434,86.166,90.0,94.0,50.0,50.0,,,false_negative+position_noise+confidence_error,,trust_weighted_fusion,avoidance,covariance,2.5,1.0,,2,0,8.607,2.772,46.337,uav_2,2.772,True,False,True,False,False,1,"[{""id"": ""obstacle_0"", ""kind"": ""static_obstacle"", ""x"": 50.0, ""y"": 50.0, ""radius"": 5.0}]"
safety_margin_covariance,518,103.6,2,84.935,88.498,86.0,90.0,50.0,50.0,,,none,,trust_weighted_fusion,at_goal,covariance,0.0,0.0,,0,0,1.841,2.772,46.986,uav_1,2.772,True,False,False,False,True,1,"[{""id"": ""obstacle_0"", ""kind"": ""static_obstacle"", ""x"": 50.0, ""y"": 50.0, ""radius"": 5.0}]"
safety_margin_covariance,518,103.6,3,89.269,84.531,90.0,86.0,50.0,50.0,,,none,,trust_weighted_fusion,at_goal,covariance,0.0,0.0,,0,0,1.641,3.273,47.292,uav_1,3.273,True,False,False,False,True,1,"[{""id"": ""obstacle_0"", ""kind"": ""static_obstacle"", ""x"": 50.0, ""y"": 50.0, ""radius"": 5.0}]"
safety_margin_covariance,519,103.8,0,94.399,86.355,94.0,90.0,50.0,50.0,,,false_negative+position_noise+confidence_error,,trust_weighted_fusion,move,covariance,2.5,1.0,,1,0,3.666,5.445,52.385,uav_3,5.445,False,False,False,False,False,1,"[{""id"": ""obstacle_0"", ""kind"": ""static_obstacle"", ""x"": 50.0, ""y"": 50.0, ""radius"": 5.0}]"
safety_margin_covariance,519,103.8,1,86.695,86.077,90.0,94.0,50.0,50.0,,,false_negative+position_noise+confidence_error,,trust_weighted_fusion,avoidance,covariance,2.5,1.0,,2,0,8.585,2.993,46.459,uav_2,2.993,True,False,True,False,False,1,"[{""id"": ""obstacle_0"", ""kind"": ""static_obstacle"", ""x"": 50.0, ""y"": 50.0, ""radius"": 5.0}]"
safety_margin_covariance,519,103.8,2,84.935,88.498,86.0,90.0,50.0,50.0,,,none,,trust_weighted_fusion,at_goal,covariance,0.0,0.0,,0,0,1.841,2.993,46.986,uav_1,2.993,True,False,False,False,True,1,"[{""id"": ""obstacle_0"", ""kind"": ""static_obstacle"", ""x"": 50.0, ""y"": 50.0, ""radius"": 5.0}]"
safety_margin_covariance,519,103.8,3,89.269,84.531,90.0,86.0,50.0,50.0,,,none,,trust_weighted_fusion,at_goal,covariance,0.0,0.0,,0,0,1.641,3.003,47.292,uav_1,3.003,True,False,False,False,True,1,"[{""id"": ""obstacle_0"", ""kind"": ""static_obstacle"", ""x"": 50.0, ""y"": 50.0, ""radius"": 5.0}]"
safety_margin_covariance,520,104.0,0,94.369,86.629,94.0,90.0,50.0,50.0,,,false_negative+position_noise+confidence_error,,trust_weighted_fusion,move,covariance,2.5,1.0,,2,0,3.391,5.515,52.535,uav_3,5.515,False,False,False,False,False,1,"[{""id"": ""obstacle_0"", ""kind"": ""static_obstacle"", ""x"": 50.0, ""y"": 50.0, ""radius"": 5.0}]"
safety_margin_covariance,520,104.0,1,86.521,85.864,90.0,94.0,50.0,50.0,,,false_negative+position_noise+confidence_error,,trust_weighted_fusion,avoidance,covariance,2.5,1.0,,2,0,8.849,3.054,46.186,uav_3,3.054,True,False,False,False,False,1,"[{""id"": ""obstacle_0"", ""kind"": ""static_obstacle"", ""x"": 50.0, ""y"": 50.0, ""radius"": 5.0}]"
safety_margin_covariance,520,104.0,2,84.935,88.498,86.0,90.0,50.0,50.0,,,none,,trust_weighted_fusion,at_goal,covariance,0.0,0.0,,0,0,1.841,3.075,46.986,uav_1,3.075,True,False,False,False,True,1,"[{""id"": ""obstacle_0"", ""kind"": ""static_obstacle"", ""x"": 50.0, ""y"": 50.0, ""radius"": 5.0}]"
safety_margin_covariance,520,104.0,3,89.269,84.531,90.0,86.0,50.0,50.0,,,none,,trust_weighted_fusion,at_goal,covariance,0.0,0.0,,0,0,1.641,3.054,47.292,uav_1,3.054,True,False,False,False,True,1,"[{""id"": ""obstacle_0"", ""kind"": ""static_obstacle"", ""x"": 50.0, ""y"": 50.0, ""radius"": 5.0}]"
safety_margin_covariance,521,104.2,0,94.339,86.902,94.0,90.0,50.0,50.0,,,false_negative+position_noise+confidence_error,,trust_weighted_fusion,move,covariance,2.5,1.0,,2,0,3.116,5.597,52.687,uav_3,5.597,False,False,False,False,False,1,"[{""id"": ""obstacle_0"", ""kind"": ""static_obstacle"", ""x"": 50.0, ""y"": 50.0, ""radius"": 5.0}]"
safety_margin_covariance,521,104.2,1,86.629,86.116,90.0,94.0,50.0,50.0,,,false_negative+position_noise+confidence_error,,trust_weighted_fusion,move,covariance,2.5,1.0,,1,0,8.574,2.923,46.44,uav_2,2.923,True,False,True,False,False,1,"[{""id"": ""obstacle_0"", ""kind"": ""static_obstacle"", ""x"": 50.0, ""y"": 50.0, ""radius"": 5.0}]"
safety_margin_covariance,521,104.2,2,84.935,88.498,86.0,90.0,50.0,50.0,,,none,,trust_weighted_fusion,at_goal,covariance,0.0,0.0,,0,0,1.841,2.923,46.986,uav_1,2.923,True,False,False,False,True,1,"[{""id"": ""obstacle_0"", ""kind"": ""static_obstacle"", ""x"": 50.0, ""y"": 50.0, ""radius"": 5.0}]"
safety_margin_covariance,521,104.2,3,89.269,84.531,90.0,86.0,50.0,50.0,,,none,,trust_weighted_fusion,at_goal,covariance,0.0,0.0,,0,0,1.641,3.079,47.292,uav_1,3.079,True,False,False,False,True,1,"[{""id"": ""obstacle_0"", ""kind"": ""static_obstacle"", ""x"": 50.0, ""y"": 50.0, ""radius"": 5.0}]"
safety_margin_covariance,522,104.4,0,94.309,87.176,94.0,90.0,50.0,50.0,,,false_negative+position_noise+confidence_error,,trust_weighted_fusion,move,covariance,2.5,1.0,,2,0,2.841,5.692,52.839,uav_3,5.692,False,False,False,False,False,1,"[{""id"": ""obstacle_0"", ""kind"": ""static_obstacle"", ""x"": 50.0, ""y"": 50.0, ""radius"": 5.0}]"
safety_margin_covariance,522,104.4,1,86.354,86.126,90.0,94.0,50.0,50.0,,,false_negative+position_noise+confidence_error,,trust_weighted_fusion,avoidance,covariance,2.5,1.0,,2,0,8.677,2.765,46.251,uav_2,2.765,True,False,False,False,False,1,"[{""id"": ""obstacle_0"", ""kind"": ""static_obstacle"", ""x"": 50.0, ""y"": 50.0, ""radius"": 5.0}]"
safety_margin_covariance,522,104.4,2,84.935,88.498,86.0,90.0,50.0,50.0,,,none,,trust_weighted_fusion,at_goal,covariance,0.0,0.0,,0,0,1.841,2.765,46.986,uav_1,2.765,True,False,False,False,True,1,"[{""id"": ""obstacle_0"", ""kind"": ""static_obstacle"", ""x"": 50.0, ""y"": 50.0, ""radius"": 5.0}]"
safety_margin_covariance,522,104.4,3,89.269,84.531,90.0,86.0,50.0,50.0,,,none,,trust_weighted_fusion,at_goal,covariance,0.0,0.0,,0,0,1.641,3.322,47.292,uav_1,3.322,True,False,False,False,True,1,"[{""id"": ""obstacle_0"", ""kind"": ""static_obstacle"", ""x"": 50.0, ""y"": 50.0, ""radius"": 5.0}]"
safety_margin_covariance,523,104.6,0,94.279,87.449,94.0,90.0,50.0,50.0,,,false_negative+position_noise+confidence_error,,trust_weighted_fusion,move,covariance,2.5,1.0,,2,0,2.566,5.798,52.992,uav_3,5.798,False,False,False,False,False,1,"[{""id"": ""obstacle_0"", ""kind"": ""static_obstacle"", ""x"": 50.0, ""y"": 50.0, ""radius"": 5.0}]"
safety_margin_covariance,523,104.6,1,86.545,85.927,90.0,94.0,50.0,50.0,,,false_negative+position_noise+confidence_error,,trust_weighted_fusion,avoidance,covariance,2.5,1.0,,2,0,8.781,3.033,46.247,uav_2,3.033,True,False,False,False,False,1,"[{""id"": ""obstacle_0"", ""kind"": ""static_obstacle"", ""x"": 50.0, ""y"": 50.0, ""radius"": 5.0}]"
safety_margin_covariance,523,104.6,2,84.935,88.498,86.0,90.0,50.0,50.0,,,none,,trust_weighted_fusion,at_goal,covariance,0.0,0.0,,0,0,1.841,3.033,46.986,uav_1,3.033,True,False,False,False,True,1,"[{""id"": ""obstacle_0"", ""kind"": ""static_obstacle"", ""x"": 50.0, ""y"": 50.0, ""radius"": 5.0}]"
safety_margin_covariance,523,104.6,3,89.269,84.531,90.0,86.0,50.0,50.0,,,none,,trust_weighted_fusion,at_goal,covariance,0.0,0.0,,0,0,1.641,3.061,47.292,uav_1,3.061,True,False,False,False,True,1,"[{""id"": ""obstacle_0"", ""kind"": ""static_obstacle"", ""x"": 50.0, ""y"": 50.0, ""radius"": 5.0}]"
safety_margin_covariance,524,104.8,0,94.348,87.715,94.0,90.0,50.0,50.0,,,false_negative+position_noise+confidence_error,,trust_weighted_fusion,avoidance,covariance,2.5,1.0,,2,0,2.311,5.995,53.217,uav_3,5.995,False,False,False,False,False,1,"[{""id"": ""obstacle_0"", ""kind"": ""static_obstacle"", ""x"": 50.0, ""y"": 50.0, ""radius"": 5.0}]"
safety_margin_covariance,524,104.8,1,86.335,85.75,90.0,94.0,50.0,50.0,,,false_negative+position_noise+confidence_error,,trust_weighted_fusion,avoidance,covariance,2.5,1.0,,2,0,9.028,3.084,45.973,uav_2,3.084,True,False,False,False,False,1,"[{""id"": ""obstacle_0"", ""kind"": ""static_obstacle"", ""x"": 50.0, ""y"": 50.0, ""radius"": 5.0}]"
safety_margin_covariance,524,104.8,2,84.935,88.498,86.0,90.0,50.0,50.0,,,none,,trust_weighted_fusion,at_goal,covariance,0.0,0.0,,0,0,1.841,3.084,46.986,uav_1,3.084,True,False,False,False,True,1,"[{""id"": ""obstacle_0"", ""kind"": ""static_obstacle"", ""x"": 50.0, ""y"": 50.0, ""radius"": 5.0}]"
safety_margin_covariance,524,104.8,3,89.269,84.531,90.0,86.0,50.0,50.0,,,none,,trust_weighted_fusion,at_goal,covariance,0.0,0.0,,0,0,1.641,3.177,47.292,uav_1,3.177,True,False,False,False,True,1,"[{""id"": ""obstacle_0"", ""kind"": ""static_obstacle"", ""x"": 50.0, ""y"": 50.0, ""radius"": 5.0}]"
safety_margin_covariance,525,105.0,0,94.288,88.111,94.0,90.0,50.0,50.0,,,false_negative+confidence_error,,trust_weighted_fusion,move,covariance,0.0,0.0,,0,0,1.911,6.164,53.428,uav_3,6.164,False,False,False,False,True,1,"[{""id"": ""obstacle_0"", ""kind"": ""static_obstacle"", ""x"": 50.0, ""y"": 50.0, ""radius"": 5.0}]"
safety_margin_covariance,525,105.0,1,86.446,86.001,90.0,94.0,50.0,50.0,,,false_negative+position_noise+confidence_error,,trust_weighted_fusion,move,covariance,2.5,1.0,,2,0,8.753,2.919,46.229,uav_2,2.919,True,False,True,False,False,1,"[{""id"": ""obstacle_0"", ""kind"": ""static_obstacle"", ""x"": 50.0, ""y"": 50.0, ""radius"": 5.0}]"
safety_margin_covariance,525,105.0,2,84.935,88.498,86.0,90.0,50.0,50.0,,,none,,trust_weighted_fusion,at_goal,covariance,0.0,0.0,,0,0,1.841,2.919,46.986,uav_1,2.919,True,False,False,False,True,1,"[{""id"": ""obstacle_0"", ""kind"": ""static_obstacle"", ""x"": 50.0, ""y"": 50.0, ""radius"": 5.0}]"
safety_margin_covariance,525,105.0,3,89.269,84.531,90.0,86.0,50.0,50.0,,,none,,trust_weighted_fusion,at_goal,covariance,0.0,0.0,,0,0,1.641,3.183,47.292,uav_1,3.183,True,False,False,False,True,1,"[{""id"": ""obstacle_0"", ""kind"": ""static_obstacle"", ""x"": 50.0, ""y"": 50.0, ""radius"": 5.0}]"
safety_margin_covariance,526,105.2,0,94.288,88.111,94.0,90.0,50.0,50.0,,,none,,trust_weighted_fusion,at_goal,covariance,0.0,0.0,,0,0,1.911,6.164,53.428,uav_3,6.164,False,False,False,False,True,1,"[{""id"": ""obstacle_0"", ""kind"": ""static_obstacle"", ""x"": 50.0, ""y"": 50.0, ""radius"": 5.0}]"
safety_margin_covariance,526,105.2,1,86.609,86.366,90.0,94.0,50.0,50.0,,,false_negative+confidence_error,,trust_weighted_fusion,move,covariance,0.0,0.0,,0,0,8.353,2.71,46.602,uav_2,2.71,True,False,True,False,False,1,"[{""id"": ""obstacle_0"", ""kind"": ""static_obstacle"", ""x"": 50.0, ""y"": 50.0, ""radius"": 5.0}]"
safety_margin_covariance,526,105.2,2,84.935,88.498,86.0,90.0,50.0,50.0,,,none,,trust_weighted_fusion,at_goal,covariance,0.0,0.0,,0,0,1.841,2.71,46.986,uav_1,2.71,True,False,False,False,True,1,"[{""id"": ""obstacle_0"", ""kind"": ""static_obstacle"", ""x"": 50.0, ""y"": 50.0, ""radius"": 5.0}]"
safety_margin_covariance,526,105.2,3,89.269,84.531,90.0,86.0,50.0,50.0,,,none,,trust_weighted_fusion,at_goal,covariance,0.0,0.0,,0,0,1.641,3.232,47.292,uav_1,3.232,True,False,False,False,True,1,"[{""id"": ""obstacle_0"", ""kind"": ""static_obstacle"", ""x"": 50.0, ""y"": 50.0, ""radius"": 5.0}]"
safety_margin_covariance,527,105.4,0,94.288,88.111,94.0,90.0,50.0,50.0,,,none,,trust_weighted_fusion,at_goal,covariance,0.0,0.0,,0,0,1.911,6.164,53.428,uav_3,6.164,False,False,False,False,True,1,"[{""id"": ""obstacle_0"", ""kind"": ""static_obstacle"", ""x"": 50.0, ""y"": 50.0, ""radius"": 5.0}]"
safety_margin_covariance,527,105.4,1,86.72,86.618,90.0,94.0,50.0,50.0,,,false_negative+position_noise+confidence_error,,trust_weighted_fusion,move,covariance,2.5,1.0,,1,0,8.078,2.593,46.858,uav_2,2.593,True,False,True,False,False,1,"[{""id"": ""obstacle_0"", ""kind"": ""static_obstacle"", ""x"": 50.0, ""y"": 50.0, ""radius"": 5.0}]"
safety_margin_covariance,527,105.4,2,84.935,88.498,86.0,90.0,50.0,50.0,,,none,,trust_weighted_fusion,at_goal,covariance,0.0,0.0,,0,0,1.841,2.593,46.986,uav_1,2.593,True,False,False,False,True,1,"[{""id"": ""obstacle_0"", ""kind"": ""static_obstacle"", ""x"": 50.0, ""y"": 50.0, ""radius"": 5.0}]"
safety_margin_covariance,527,105.4,3,89.269,84.531,90.0,86.0,50.0,50.0,,,none,,trust_weighted_fusion,at_goal,covariance,0.0,0.0,,0,0,1.641,3.294,47.292,uav_1,3.294,True,False,False,False,True,1,"[{""id"": ""obstacle_0"", ""kind"": ""static_obstacle"", ""x"": 50.0, ""y"": 50.0, ""radius"": 5.0}]"
safety_margin_covariance,528,105.6,0,94.288,88.111,94.0,90.0,50.0,50.0,,,none,,trust_weighted_fusion,at_goal,covariance,0.0,0.0,,0,0,1.911,6.164,53.428,uav_3,6.164,False,False,False,False,True,1,"[{""id"": ""obstacle_0"", ""kind"": ""static_obstacle"", ""x"": 50.0, ""y"": 50.0, ""radius"": 5.0}]"
safety_margin_covariance,528,105.6,1,86.989,86.676,90.0,94.0,50.0,50.0,,,position_noise+confidence_error,,trust_weighted_fusion,avoidance,covariance,2.5,1.0,,3,0,7.919,2.746,47.09,uav_2,2.746,True,False,False,False,False,1,"[{""id"": ""obstacle_0"", ""kind"": ""static_obstacle"", ""x"": 50.0, ""y"": 50.0, ""radius"": 5.0}]"
safety_margin_covariance,528,105.6,2,84.935,88.498,86.0,90.0,50.0,50.0,,,none,,trust_weighted_fusion,at_goal,covariance,0.0,0.0,,0,0,1.841,2.746,46.986,uav_1,2.746,True,False,False,False,True,1,"[{""id"": ""obstacle_0"", ""kind"": ""static_obstacle"", ""x"": 50.0, ""y"": 50.0, ""radius"": 5.0}]"
safety_margin_covariance,528,105.6,3,89.269,84.531,90.0,86.0,50.0,50.0,,,none,,trust_weighted_fusion,at_goal,covariance,0.0,0.0,,0,0,1.641,3.131,47.292,uav_1,3.131,True,False,False,False,True,1,"[{""id"": ""obstacle_0"", ""kind"": ""static_obstacle"", ""x"": 50.0, ""y"": 50.0, ""radius"": 5.0}]"
safety_margin_covariance,529,105.8,0,94.288,88.111,94.0,90.0,50.0,50.0,,,none,,trust_weighted_fusion,at_goal,covariance,0.0,0.0,,0,0,1.911,6.164,53.428,uav_3,6.164,False,False,False,False,True,1,"[{""id"": ""obstacle_0"", ""kind"": ""static_obstacle"", ""x"": 50.0, ""y"": 50.0, ""radius"": 5.0}]"
safety_margin_covariance,529,105.8,1,87.102,86.426,90.0,94.0,50.0,50.0,,,position_noise+confidence_error,,trust_weighted_fusion,avoidance,covariance,2.5,1.0,,3,0,8.11,2.878,46.994,uav_3,2.878,True,False,False,False,False,1,"[{""id"": ""obstacle_0"", ""kind"": ""static_obstacle"", ""x"": 50.0, ""y"": 50.0, ""radius"": 5.0}]"
safety_margin_covariance,529,105.8,2,84.935,88.498,86.0,90.0,50.0,50.0,,,none,,trust_weighted_fusion,at_goal,covariance,0.0,0.0,,0,0,1.841,2.999,46.986,uav_1,2.999,True,False,False,False,True,1,"[{""id"": ""obstacle_0"", ""kind"": ""static_obstacle"", ""x"": 50.0, ""y"": 50.0, ""radius"": 5.0}]"
safety_margin_covariance,529,105.8,3,89.269,84.531,90.0,86.0,50.0,50.0,,,none,,trust_weighted_fusion,at_goal,covariance,0.0,0.0,,0,0,1.641,2.878,47.292,uav_1,2.878,True,False,False,False,True,1,"[{""id"": ""obstacle_0"", ""kind"": ""static_obstacle"", ""x"": 50.0, ""y"": 50.0, ""radius"": 5.0}]"
safety_margin_covariance,530,106.0,0,94.288,88.111,94.0,90.0,50.0,50.0,,,none,,trust_weighted_fusion,at_goal,covariance,0.0,0.0,,0,0,1.911,6.164,53.428,uav_3,6.164,False,False,False,False,True,1,"[{""id"": ""obstacle_0"", ""kind"": ""static_obstacle"", ""x"": 50.0, ""y"": 50.0, ""radius"": 5.0}]"
safety_margin_covariance,530,106.0,1,87.298,86.619,90.0,94.0,50.0,50.0,,,false_negative+position_noise+confidence_error,,trust_weighted_fusion,avoidance,covariance,2.5,1.0,,2,0,7.86,2.872,47.269,uav_3,2.872,True,False,True,False,False,1,"[{""id"": ""obstacle_0"", ""kind"": ""static_obstacle"", ""x"": 50.0, ""y"": 50.0, ""radius"": 5.0}]"
safety_margin_covariance,530,106.0,2,84.935,88.498,86.0,90.0,50.0,50.0,,,none,,trust_weighted_fusion,at_goal,covariance,0.0,0.0,,0,0,1.841,3.019,46.986,uav_1,3.019,True,False,False,False,True,1,"[{""id"": ""obstacle_0"", ""kind"": ""static_obstacle"", ""x"": 50.0, ""y"": 50.0, ""radius"": 5.0}]"
safety_margin_covariance,530,106.0,3,89.269,84.531,90.0,86.0,50.0,50.0,,,none,,trust_weighted_fusion,at_goal,covariance,0.0,0.0,,0,0,1.641,2.872,47.292,uav_1,2.872,True,False,False,False,True,1,"[{""id"": ""obstacle_0"", ""kind"": ""static_obstacle"", ""x"": 50.0, ""y"": 50.0, ""radius"": 5.0}]"
safety_margin_covariance,531,106.2,0,94.288,88.111,94.0,90.0,50.0,50.0,,,none,,trust_weighted_fusion,at_goal,covariance,0.0,0.0,,0,0,1.911,6.164,53.428,uav_3,6.164,False,False,False,False,True,1,"[{""id"": ""obstacle_0"", ""kind"": ""static_obstacle"", ""x"": 50.0, ""y"": 50.0, ""radius"": 5.0}]"
safety_margin_covariance,531,106.2,1,87.307,86.894,90.0,94.0,50.0,50.0,,,position_noise+confidence_error,,trust_weighted_fusion,avoidance,covariance,2.5,1.0,,3,0,7.599,2.864,47.469,uav_2,2.864,True,False,False,False,False,1,"[{""id"": ""obstacle_0"", ""kind"": ""static_obstacle"", ""x"": 50.0, ""y"": 50.0, ""radius"": 5.0}]"
safety_margin_covariance,531,106.2,2,84.935,88.498,86.0,90.0,50.0,50.0,,,none,,trust_weighted_fusion,at_goal,covariance,0.0,0.0,,0,0,1.841,2.864,46.986,uav_1,2.864,True,False,False,False,True,1,"[{""id"": ""obstacle_0"", ""kind"": ""static_obstacle"", ""x"": 50.0, ""y"": 50.0, ""radius"": 5.0}]"
safety_margin_covariance,531,106.2,3,89.269,84.531,90.0,86.0,50.0,50.0,,,none,,trust_weighted_fusion,at_goal,covariance,0.0,0.0,,0,0,1.641,3.071,47.292,uav_1,3.071,True,False,False,False,True,1,"[{""id"": ""obstacle_0"", ""kind"": ""static_obstacle"", ""x"": 50.0, ""y"": 50.0, ""radius"": 5.0}]"
safety_margin_covariance,532,106.4,0,94.288,88.111,94.0,90.0,50.0,50.0,,,none,,trust_weighted_fusion,at_goal,covariance,0.0,0.0,,0,0,1.911,6.164,53.428,uav_3,6.164,False,False,False,False,True,1,"[{""id"": ""obstacle_0"", ""kind"": ""static_obstacle"", ""x"": 50.0, ""y"": 50.0, ""radius"": 5.0}]"
safety_margin_covariance,532,106.4,1,87.529,87.057,90.0,94.0,50.0,50.0,,,false_negative+position_noise+confidence_error,,trust_weighted_fusion,avoidance,covariance,2.5,1.0,,2,0,7.37,2.967,47.741,uav_2,2.967,True,False,False,False,False,1,"[{""id"": ""obstacle_0"", ""kind"": ""static_obstacle"", ""x"": 50.0, ""y"": 50.0, ""radius"": 5.0}]"
safety_margin_covariance,532,106.4,2,84.935,88.498,86.0,90.0,50.0,50.0,,,none,,trust_weighted_fusion,at_goal,covariance,0.0,0.0,,0,0,1.841,2.967,46.986,uav_1,2.967,True,False,False,False,True,1,"[{""id"": ""obstacle_0"", ""kind"": ""static_obstacle"", ""x"": 50.0, ""y"": 50.0, ""radius"": 5.0}]"
safety_margin_covariance,532,106.4,3,89.269,84.531,90.0,86.0,50.0,50.0,,,none,,trust_weighted_fusion,at_goal,covariance,0.0,0.0,,0,0,1.641,3.067,47.292,uav_1,3.067,True,False,False,False,True,1,"[{""id"": ""obstacle_0"", ""kind"": ""static_obstacle"", ""x"": 50.0, ""y"": 50.0, ""radius"": 5.0}]"
safety_margin_covariance,533,106.6,0,94.288,88.111,94.0,90.0,50.0,50.0,,,none,,trust_weighted_fusion,at_goal,covariance,0.0,0.0,,0,0,1.911,6.164,53.428,uav_3,6.164,False,False,False,False,True,1,"[{""id"": ""obstacle_0"", ""kind"": ""static_obstacle"", ""x"": 50.0, ""y"": 50.0, ""radius"": 5.0}]"
safety_margin_covariance,533,106.6,1,87.52,87.332,90.0,94.0,50.0,50.0,,,position_noise+confidence_error,,trust_weighted_fusion,avoidance,covariance,2.5,1.0,,3,0,7.114,2.836,47.929,uav_2,2.836,True,False,False,False,False,1,"[{""id"": ""obstacle_0"", ""kind"": ""static_obstacle"", ""x"": 50.0, ""y"": 50.0, ""radius"": 5.0}]"
safety_margin_covariance,533,106.6,2,84.935,88.498,86.0,90.0,50.0,50.0,,,none,,trust_weighted_fusion,at_goal,covariance,0.0,0.0,,0,0,1.841,2.836,46.986,uav_1,2.836,True,False,False,False,True,1,"[{""id"": ""obstacle_0"", ""kind"": ""static_obstacle"", ""x"": 50.0, ""y"": 50.0, ""radius"": 5.0}]"
safety_margin_covariance,533,106.6,3,89.269,84.531,90.0,86.0,50.0,50.0,,,none,,trust_weighted_fusion,at_goal,covariance,0.0,0.0,,0,0,1.641,3.302,47.292,uav_1,3.302,True,False,False,False,True,1,"[{""id"": ""obstacle_0"", ""kind"": ""static_obstacle"", ""x"": 50.0, ""y"": 50.0, ""radius"": 5.0}]"
safety_margin_covariance,534,106.8,0,94.288,88.111,94.0,90.0,50.0,50.0,,,none,,trust_weighted_fusion,at_goal,covariance,0.0,0.0,,0,0,1.911,6.164,53.428,uav_3,6.164,False,False,False,False,True,1,"[{""id"": ""obstacle_0"", ""kind"": ""static_obstacle"", ""x"": 50.0, ""y"": 50.0, ""radius"": 5.0}]"
safety_margin_covariance,534,106.8,1,87.616,87.59,90.0,94.0,50.0,50.0,,,position_noise+confidence_error,,trust_weighted_fusion,move,covariance,2.5,1.0,,3,0,6.839,2.831,48.179,uav_2,2.831,True,False,False,False,False,1,"[{""id"": ""obstacle_0"", ""kind"": ""static_obstacle"", ""x"": 50.0, ""y"": 50.0, ""radius"": 5.0}]"
safety_margin_covariance,534,106.8,2,84.935,88.498,86.0,90.0,50.0,50.0,,,none,,trust_weighted_fusion,at_goal,covariance,0.0,0.0,,0,0,1.841,2.831,46.986,uav_1,2.831,True,False,False,False,True,1,"[{""id"": ""obstacle_0"", ""kind"": ""static_obstacle"", ""x"": 50.0, ""y"": 50.0, ""radius"": 5.0}]"
safety_margin_covariance,534,106.8,3,89.269,84.531,90.0,86.0,50.0,50.0,,,none,,trust_weighted_fusion,at_goal,covariance,0.0,0.0,,0,0,1.641,3.477,47.292,uav_1,3.477,True,False,False,False,True,1,"[{""id"": ""obstacle_0"", ""kind"": ""static_obstacle"", ""x"": 50.0, ""y"": 50.0, ""radius"": 5.0}]"
safety_margin_covariance,535,107.0,0,94.288,88.111,94.0,90.0,50.0,50.0,,,none,,trust_weighted_fusion,at_goal,covariance,0.0,0.0,,0,0,1.911,6.164,53.428,uav_3,6.164,False,False,False,False,True,1,"[{""id"": ""obstacle_0"", ""kind"": ""static_obstacle"", ""x"": 50.0, ""y"": 50.0, ""radius"": 5.0}]"
safety_margin_covariance,535,107.0,1,87.712,87.847,90.0,94.0,50.0,50.0,,,false_negative+position_noise+confidence_error,,trust_weighted_fusion,move,covariance,2.5,1.0,,2,0,6.564,2.852,48.429,uav_2,2.852,True,False,False,False,False,1,"[{""id"": ""obstacle_0"", ""kind"": ""static_obstacle"", ""x"": 50.0, ""y"": 50.0, ""radius"": 5.0}]"
safety_margin_covariance,535,107.0,2,84.935,88.498,86.0,90.0,50.0,50.0,,,none,,trust_weighted_fusion,at_goal,covariance,0.0,0.0,,0,0,1.841,2.852,46.986,uav_1,2.852,True,False,False,False,True,1,"[{""id"": ""obstacle_0"", ""kind"": ""static_obstacle"", ""x"": 50.0, ""y"": 50.0, ""radius"": 5.0}]"
safety_margin_covariance,535,107.0,3,89.269,84.531,90.0,86.0,50.0,50.0,,,none,,trust_weighted_fusion,at_goal,covariance,0.0,0.0,,0,0,1.641,3.664,47.292,uav_1,3.664,False,False,False,False,True,1,"[{""id"": ""obstacle_0"", ""kind"": ""static_obstacle"", ""x"": 50.0, ""y"": 50.0, ""radius"": 5.0}]"
safety_margin_covariance,536,107.2,0,94.288,88.111,94.0,90.0,50.0,50.0,,,none,,trust_weighted_fusion,at_goal,covariance,0.0,0.0,,0,0,1.911,6.164,53.428,uav_3,6.164,False,False,False,False,True,1,"[{""id"": ""obstacle_0"", ""kind"": ""static_obstacle"", ""x"": 50.0, ""y"": 50.0, ""radius"": 5.0}]"
safety_margin_covariance,536,107.2,1,87.852,88.222,90.0,94.0,50.0,50.0,,,false_negative+confidence_error,,trust_weighted_fusion,move,covariance,0.0,0.0,,0,0,6.164,2.93,48.793,uav_2,2.93,True,False,True,False,False,1,"[{""id"": ""obstacle_0"", ""kind"": ""static_obstacle"", ""x"": 50.0, ""y"": 50.0, ""radius"": 5.0}]"
safety_margin_covariance,536,107.2,2,84.935,88.498,86.0,90.0,50.0,50.0,,,none,,trust_weighted_fusion,at_goal,covariance,0.0,0.0,,0,0,1.841,2.93,46.986,uav_1,2.93,True,False,False,False,True,1,"[{""id"": ""obstacle_0"", ""kind"": ""static_obstacle"", ""x"": 50.0, ""y"": 50.0, ""radius"": 5.0}]"
safety_margin_covariance,536,107.2,3,89.269,84.531,90.0,86.0,50.0,50.0,,,none,,trust_weighted_fusion,at_goal,covariance,0.0,0.0,,0,0,1.641,3.954,47.292,uav_1,3.954,False,False,False,False,True,1,"[{""id"": ""obstacle_0"", ""kind"": ""static_obstacle"", ""x"": 50.0, ""y"": 50.0, ""radius"": 5.0}]"
safety_margin_covariance,537,107.4,0,94.288,88.111,94.0,90.0,50.0,50.0,,,none,,trust_weighted_fusion,at_goal,covariance,0.0,0.0,,0,0,1.911,6.164,53.428,uav_3,6.164,False,False,False,False,True,1,"[{""id"": ""obstacle_0"", ""kind"": ""static_obstacle"", ""x"": 50.0, ""y"": 50.0, ""radius"": 5.0}]"
safety_margin_covariance,537,107.4,1,88.06,88.401,90.0,94.0,50.0,50.0,,,position_noise+confidence_error,,trust_weighted_fusion,avoidance,covariance,2.5,1.0,,3,0,5.925,3.127,49.067,uav_2,3.127,True,False,False,False,False,1,"[{""id"": ""obstacle_0"", ""kind"": ""static_obstacle"", ""x"": 50.0, ""y"": 50.0, ""radius"": 5.0}]"
safety_margin_covariance,537,107.4,2,84.935,88.498,86.0,90.0,50.0,50.0,,,none,,trust_weighted_fusion,at_goal,covariance,0.0,0.0,,0,0,1.841,3.127,46.986,uav_1,3.127,True,False,False,False,True,1,"[{""id"": ""obstacle_0"", ""kind"": ""static_obstacle"", ""x"": 50.0, ""y"": 50.0, ""radius"": 5.0}]"
safety_margin_covariance,537,107.4,3,89.269,84.531,90.0,86.0,50.0,50.0,,,none,,trust_weighted_fusion,at_goal,covariance,0.0,0.0,,0,0,1.641,4.055,47.292,uav_1,4.055,False,False,False,False,True,1,"[{""id"": ""obstacle_0"", ""kind"": ""static_obstacle"", ""x"": 50.0, ""y"": 50.0, ""radius"": 5.0}]"
safety_margin_covariance,538,107.6,0,94.288,88.111,94.0,90.0,50.0,50.0,,,none,,trust_weighted_fusion,at_goal,covariance,0.0,0.0,,0,0,1.911,6.162,53.428,uav_1,6.162,False,False,False,False,True,1,"[{""id"": ""obstacle_0"", ""kind"": ""static_obstacle"", ""x"": 50.0, ""y"": 50.0, ""radius"": 5.0}]"
safety_margin_covariance,538,107.6,1,88.15,88.661,90.0,94.0,50.0,50.0,,,false_negative+position_noise+confidence_error,,trust_weighted_fusion,move,covariance,2.5,1.0,,2,0,5.65,3.22,49.315,uav_2,3.22,True,False,False,False,False,1,"[{""id"": ""obstacle_0"", ""kind"": ""static_obstacle"", ""x"": 50.0, ""y"": 50.0, ""radius"": 5.0}]"
safety_margin_covariance,538,107.6,2,84.935,88.498,86.0,90.0,50.0,50.0,,,none,,trust_weighted_fusion,at_goal,covariance,0.0,0.0,,0,0,1.841,3.22,46.986,uav_1,3.22,True,False,False,False,True,1,"[{""id"": ""obstacle_0"", ""kind"": ""static_obstacle"", ""x"": 50.0, ""y"": 50.0, ""radius"": 5.0}]"
safety_margin_covariance,538,107.6,3,89.269,84.531,90.0,86.0,50.0,50.0,,,none,,trust_weighted_fusion,at_goal,covariance,0.0,0.0,,0,0,1.641,4.279,47.292,uav_1,4.279,False,False,False,False,True,1,"[{""id"": ""obstacle_0"", ""kind"": ""static_obstacle"", ""x"": 50.0, ""y"": 50.0, ""radius"": 5.0}]"
safety_margin_covariance,539,107.8,0,94.288,88.111,94.0,90.0,50.0,50.0,,,none,,trust_weighted_fusion,at_goal,covariance,0.0,0.0,,0,0,1.911,6.164,53.428,uav_3,6.164,False,False,False,False,True,1,"[{""id"": ""obstacle_0"", ""kind"": ""static_obstacle"", ""x"": 50.0, ""y"": 50.0, ""radius"": 5.0}]"
safety_margin_covariance,539,107.8,1,87.875,88.669,90.0,94.0,50.0,50.0,,,position_noise+confidence_error,,trust_weighted_fusion,avoidance,covariance,2.5,1.0,,3,0,5.739,2.946,49.128,uav_2,2.946,True,False,False,False,False,1,"[{""id"": ""obstacle_0"", ""kind"": ""static_obstacle"", ""x"": 50.0, ""y"": 50.0, ""radius"": 5.0}]"
safety_margin_covariance,539,107.8,2,84.935,88.498,86.0,90.0,50.0,50.0,,,none,,trust_weighted_fusion,at_goal,covariance,0.0,0.0,,0,0,1.841,2.946,46.986,uav_1,2.946,True,False,False,False,True,1,"[{""id"": ""obstacle_0"", ""kind"": ""static_obstacle"", ""x"": 50.0, ""y"": 50.0, ""radius"": 5.0}]"
safety_margin_covariance,539,107.8,3,89.269,84.531,90.0,86.0,50.0,50.0,,,none,,trust_weighted_fusion,at_goal,covariance,0.0,0.0,,0,0,1.641,4.367,47.292,uav_1,4.367,False,False,False,False,True,1,"[{""id"": ""obstacle_0"", ""kind"": ""static_obstacle"", ""x"": 50.0, ""y"": 50.0, ""radius"": 5.0}]"
safety_margin_covariance,540,108.0,0,94.288,88.111,94.0,90.0,50.0,50.0,,,none,,trust_weighted_fusion,at_goal,covariance,0.0,0.0,,0,0,1.911,6.164,53.428,uav_3,6.164,False,False,False,False,True,1,"[{""id"": ""obstacle_0"", ""kind"": ""static_obstacle"", ""x"": 50.0, ""y"": 50.0, ""radius"": 5.0}]"
safety_margin_covariance,540,108.0,1,87.977,88.925,90.0,94.0,50.0,50.0,,,false_negative+position_noise+confidence_error,,trust_weighted_fusion,move,covariance,2.5,1.0,,2,0,5.464,3.072,49.382,uav_2,3.072,True,False,True,False,False,1,"[{""id"": ""obstacle_0"", ""kind"": ""static_obstacle"", ""x"": 50.0, ""y"": 50.0, ""radius"": 5.0}]"
safety_margin_covariance,540,108.0,2,84.935,88.498,86.0,90.0,50.0,50.0,,,none,,trust_weighted_fusion,at_goal,covariance,0.0,0.0,,0,0,1.841,3.072,46.986,uav_1,3.072,True,False,False,False,True,1,"[{""id"": ""obstacle_0"", ""kind"": ""static_obstacle"", ""x"": 50.0, ""y"": 50.0, ""radius"": 5.0}]"
safety_margin_covariance,540,108.0,3,89.269,84.531,90.0,86.0,50.0,50.0,,,none,,trust_weighted_fusion,at_goal,covariance,0.0,0.0,,0,0,1.641,4.58,47.292,uav_1,4.58,False,False,False,False,True,1,"[{""id"": ""obstacle_0"", ""kind"": ""static_obstacle"", ""x"": 50.0, ""y"": 50.0, ""radius"": 5.0}]"
safety_margin_covariance,541,108.2,0,94.288,88.111,94.0,90.0,50.0,50.0,,,none,,trust_weighted_fusion,at_goal,covariance,0.0,0.0,,0,0,1.911,6.164,53.428,uav_3,6.164,False,False,False,False,True,1,"[{""id"": ""obstacle_0"", ""kind"": ""static_obstacle"", ""x"": 50.0, ""y"": 50.0, ""radius"": 5.0}]"
safety_margin_covariance,541,108.2,1,88.079,89.18,90.0,94.0,50.0,50.0,,,false_negative+position_noise+confidence_error,,trust_weighted_fusion,move,covariance,2.5,1.0,,1,0,5.189,3.217,49.636,uav_2,3.217,True,False,True,False,False,1,"[{""id"": ""obstacle_0"", ""kind"": ""static_obstacle"", ""x"": 50.0, ""y"": 50.0, ""radius"": 5.0}]"
safety_margin_covariance,541,108.2,2,84.935,88.498,86.0,90.0,50.0,50.0,,,none,,trust_weighted_fusion,at_goal,covariance,0.0,0.0,,0,0,1.841,3.217,46.986,uav_1,3.217,True,False,False,False,True,1,"[{""id"": ""obstacle_0"", ""kind"": ""static_obstacle"", ""x"": 50.0, ""y"": 50.0, ""radius"": 5.0}]"
safety_margin_covariance,541,108.2,3,89.269,84.531,90.0,86.0,50.0,50.0,,,none,,trust_weighted_fusion,at_goal,covariance,0.0,0.0,,0,0,1.641,4.799,47.292,uav_1,4.799,False,False,False,False,True,1,"[{""id"": ""obstacle_0"", ""kind"": ""static_obstacle"", ""x"": 50.0, ""y"": 50.0, ""radius"": 5.0}]"
safety_margin_covariance,542,108.4,0,94.288,88.111,94.0,90.0,50.0,50.0,,,none,,trust_weighted_fusion,at_goal,covariance,0.0,0.0,,0,0,1.911,6.164,53.428,uav_3,6.164,False,False,False,False,True,1,"[{""id"": ""obstacle_0"", ""kind"": ""static_obstacle"", ""x"": 50.0, ""y"": 50.0, ""radius"": 5.0}]"
safety_margin_covariance,542,108.4,1,88.181,89.436,90.0,94.0,50.0,50.0,,,false_negative+position_noise+confidence_error,,trust_weighted_fusion,move,covariance,2.5,1.0,,2,0,4.914,3.379,49.89,uav_2,3.379,True,False,True,False,False,1,"[{""id"": ""obstacle_0"", ""kind"": ""static_obstacle"", ""x"": 50.0, ""y"": 50.0, ""radius"": 5.0}]"
safety_margin_covariance,542,108.4,2,84.935,88.498,86.0,90.0,50.0,50.0,,,none,,trust_weighted_fusion,at_goal,covariance,0.0,0.0,,0,0,1.841,3.379,46.986,uav_1,3.379,True,False,False,False,True,1,"[{""id"": ""obstacle_0"", ""kind"": ""static_obstacle"", ""x"": 50.0, ""y"": 50.0, ""radius"": 5.0}]"
safety_margin_covariance,542,108.4,3,89.269,84.531,90.0,86.0,50.0,50.0,,,none,,trust_weighted_fusion,at_goal,covariance,0.0,0.0,,0,0,1.641,5.024,47.292,uav_1,5.024,False,False,False,False,True,1,"[{""id"": ""obstacle_0"", ""kind"": ""static_obstacle"", ""x"": 50.0, ""y"": 50.0, ""radius"": 5.0}]"
safety_margin_covariance,543,108.6,0,94.288,88.111,94.0,90.0,50.0,50.0,,,none,,trust_weighted_fusion,at_goal,covariance,0.0,0.0,,0,0,1.911,6.164,53.428,uav_3,6.164,False,False,False,False,True,1,"[{""id"": ""obstacle_0"", ""kind"": ""static_obstacle"", ""x"": 50.0, ""y"": 50.0, ""radius"": 5.0}]"
safety_margin_covariance,543,108.6,1,88.283,89.691,90.0,94.0,50.0,50.0,,,false_negative+position_noise+confidence_error,,trust_weighted_fusion,move,covariance,2.5,1.0,,1,0,4.639,3.554,50.145,uav_2,3.554,False,False,True,False,False,1,"[{""id"": ""obstacle_0"", ""kind"": ""static_obstacle"", ""x"": 50.0, ""y"": 50.0, ""radius"": 5.0}]"
safety_margin_covariance,543,108.6,2,84.935,88.498,86.0,90.0,50.0,50.0,,,none,,trust_weighted_fusion,at_goal,covariance,0.0,0.0,,0,0,1.841,3.554,46.986,uav_1,3.554,False,False,False,False,True,1,"[{""id"": ""obstacle_0"", ""kind"": ""static_obstacle"", ""x"": 50.0, ""y"": 50.0, ""radius"": 5.0}]"
safety_margin_covariance,543,108.6,3,89.269,84.531,90.0,86.0,50.0,50.0,,,none,,trust_weighted_fusion,at_goal,covariance,0.0,0.0,,0,0,1.641,5.254,47.292,uav_1,5.254,False,False,False,False,True,1,"[{""id"": ""obstacle_0"", ""kind"": ""static_obstacle"", ""x"": 50.0, ""y"": 50.0, ""radius"": 5.0}]"
safety_margin_covariance,544,108.8,0,94.288,88.111,94.0,90.0,50.0,50.0,,,none,,trust_weighted_fusion,at_goal,covariance,0.0,0.0,,0,0,1.911,6.164,53.428,uav_3,6.164,False,False,False,False,True,1,"[{""id"": ""obstacle_0"", ""kind"": ""static_obstacle"", ""x"": 50.0, ""y"": 50.0, ""radius"": 5.0}]"
safety_margin_covariance,544,108.8,1,88.384,89.947,90.0,94.0,50.0,50.0,,,position_noise+confidence_error,,trust_weighted_fusion,move,covariance,2.5,1.0,,3,0,4.364,3.741,50.399,uav_2,3.741,False,False,False,False,False,1,"[{""id"": ""obstacle_0"", ""kind"": ""static_obstacle"", ""x"": 50.0, ""y"": 50.0, ""radius"": 5.0}]"
safety_margin_covariance,544,108.8,2,84.935,88.498,86.0,90.0,50.0,50.0,,,none,,trust_weighted_fusion,at_goal,covariance,0.0,0.0,,0,0,1.841,3.741,46.986,uav_1,3.741,False,False,False,False,True,1,"[{""id"": ""obstacle_0"", ""kind"": ""static_obstacle"", ""x"": 50.0, ""y"": 50.0, ""radius"": 5.0}]"
safety_margin_covariance,544,108.8,3,89.269,84.531,90.0,86.0,50.0,50.0,,,none,,trust_weighted_fusion,at_goal,covariance,0.0,0.0,,0,0,1.641,5.487,47.292,uav_1,5.487,False,False,False,False,True,1,"[{""id"": ""obstacle_0"", ""kind"": ""static_obstacle"", ""x"": 50.0, ""y"": 50.0, ""radius"": 5.0}]"
safety_margin_covariance,545,109.0,0,94.288,88.111,94.0,90.0,50.0,50.0,,,none,,trust_weighted_fusion,at_goal,covariance,0.0,0.0,,0,0,1.911,6.164,53.428,uav_1,6.164,False,False,False,False,True,1,"[{""id"": ""obstacle_0"", ""kind"": ""static_obstacle"", ""x"": 50.0, ""y"": 50.0, ""radius"": 5.0}]"
safety_margin_covariance,545,109.0,1,88.533,90.318,90.0,94.0,50.0,50.0,,,false_negative+confidence_error,,trust_weighted_fusion,move,covariance,0.0,0.0,,0,0,3.964,4.032,50.77,uav_2,4.032,False,False,False,False,False,1,"[{""id"": ""obstacle_0"", ""kind"": ""static_obstacle"", ""x"": 50.0, ""y"": 50.0, ""radius"": 5.0}]"
safety_margin_covariance,545,109.0,2,84.935,88.498,86.0,90.0,50.0,50.0,,,none,,trust_weighted_fusion,at_goal,covariance,0.0,0.0,,0,0,1.841,4.032,46.986,uav_1,4.032,False,False,False,False,True,1,"[{""id"": ""obstacle_0"", ""kind"": ""static_obstacle"", ""x"": 50.0, ""y"": 50.0, ""radius"": 5.0}]"
safety_margin_covariance,545,109.0,3,89.269,84.531,90.0,86.0,50.0,50.0,,,none,,trust_weighted_fusion,at_goal,covariance,0.0,0.0,,0,0,1.641,5.834,47.292,uav_1,5.834,False,False,False,False,True,1,"[{""id"": ""obstacle_0"", ""kind"": ""static_obstacle"", ""x"": 50.0, ""y"": 50.0, ""radius"": 5.0}]"
safety_margin_covariance,546,109.2,0,94.288,88.111,94.0,90.0,50.0,50.0,,,none,,trust_weighted_fusion,at_goal,covariance,0.0,0.0,,0,0,1.911,6.164,53.428,uav_3,6.164,False,False,False,False,True,1,"[{""id"": ""obstacle_0"", ""kind"": ""static_obstacle"", ""x"": 50.0, ""y"": 50.0, ""radius"": 5.0}]"
safety_margin_covariance,546,109.2,1,88.634,90.574,90.0,94.0,50.0,50.0,,,false_negative+position_noise+confidence_error,,trust_weighted_fusion,move,covariance,2.5,1.0,,2,0,3.689,4.242,51.025,uav_2,4.242,False,False,False,False,False,1,"[{""id"": ""obstacle_0"", ""kind"": ""static_obstacle"", ""x"": 50.0, ""y"": 50.0, ""radius"": 5.0}]"
safety_margin_covariance,546,109.2,2,84.935,88.498,86.0,90.0,50.0,50.0,,,none,,trust_weighted_fusion,at_goal,covariance,0.0,0.0,,0,0,1.841,4.242,46.986,uav_1,4.242,False,False,False,False,True,1,"[{""id"": ""obstacle_0"", ""kind"": ""static_obstacle"", ""x"": 50.0, ""y"": 50.0, ""radius"": 5.0}]"
safety_margin_covariance,546,109.2,3,89.269,84.531,90.0,86.0,50.0,50.0,,,none,,trust_weighted_fusion,at_goal,covariance,0.0,0.0,,0,0,1.641,5.876,47.292,uav_2,5.876,False,False,False,False,True,1,"[{""id"": ""obstacle_0"", ""kind"": ""static_obstacle"", ""x"": 50.0, ""y"": 50.0, ""radius"": 5.0}]"
safety_margin_covariance,547,109.4,0,94.288,88.111,94.0,90.0,50.0,50.0,,,none,,trust_weighted_fusion,at_goal,covariance,0.0,0.0,,0,0,1.911,6.164,53.428,uav_3,6.164,False,False,False,False,True,1,"[{""id"": ""obstacle_0"", ""kind"": ""static_obstacle"", ""x"": 50.0, ""y"": 50.0, ""radius"": 5.0}]"
safety_margin_covariance,547,109.4,1,88.782,90.945,90.0,94.0,50.0,50.0,,,false_negative+confidence_error,,trust_weighted_fusion,move,covariance,0.0,0.0,,0,0,3.289,4.56,51.397,uav_2,4.56,False,False,False,False,False,1,"[{""id"": ""obstacle_0"", ""kind"": ""static_obstacle"", ""x"": 50.0, ""y"": 50.0, ""radius"": 5.0}]"
safety_margin_covariance,547,109.4,2,84.935,88.498,86.0,90.0,50.0,50.0,,,none,,trust_weighted_fusion,at_goal,covariance,0.0,0.0,,0,0,1.841,4.56,46.986,uav_1,4.56,False,False,False,False,True,1,"[{""id"": ""obstacle_0"", ""kind"": ""static_obstacle"", ""x"": 50.0, ""y"": 50.0, ""radius"": 5.0}]"
safety_margin_covariance,547,109.4,3,89.269,84.531,90.0,86.0,50.0,50.0,,,none,,trust_weighted_fusion,at_goal,covariance,0.0,0.0,,0,0,1.641,5.876,47.292,uav_2,5.876,False,False,False,False,True,1,"[{""id"": ""obstacle_0"", ""kind"": ""static_obstacle"", ""x"": 50.0, ""y"": 50.0, ""radius"": 5.0}]"
safety_margin_covariance,548,109.6,0,94.288,88.111,94.0,90.0,50.0,50.0,,,none,,trust_weighted_fusion,at_goal,covariance,0.0,0.0,,0,0,1.911,6.164,53.428,uav_3,6.164,False,False,False,False,True,1,"[{""id"": ""obstacle_0"", ""kind"": ""static_obstacle"", ""x"": 50.0, ""y"": 50.0, ""radius"": 5.0}]"
safety_margin_covariance,548,109.6,1,88.884,91.201,90.0,94.0,50.0,50.0,,,false_negative+position_noise+confidence_error,,trust_weighted_fusion,move,covariance,2.5,1.0,,2,0,3.014,4.786,51.652,uav_2,4.786,False,False,False,False,False,1,"[{""id"": ""obstacle_0"", ""kind"": ""static_obstacle"", ""x"": 50.0, ""y"": 50.0, ""radius"": 5.0}]"
safety_margin_covariance,548,109.6,2,84.935,88.498,86.0,90.0,50.0,50.0,,,none,,trust_weighted_fusion,at_goal,covariance,0.0,0.0,,0,0,1.841,4.786,46.986,uav_1,4.786,False,False,False,False,True,1,"[{""id"": ""obstacle_0"", ""kind"": ""static_obstacle"", ""x"": 50.0, ""y"": 50.0, ""radius"": 5.0}]"
safety_margin_covariance,548,109.6,3,89.269,84.531,90.0,86.0,50.0,50.0,,,none,,trust_weighted_fusion,at_goal,covariance,0.0,0.0,,0,0,1.641,5.876,47.292,uav_2,5.876,False,False,False,False,True,1,"[{""id"": ""obstacle_0"", ""kind"": ""static_obstacle"", ""x"": 50.0, ""y"": 50.0, ""radius"": 5.0}]"
safety_margin_covariance,549,109.8,0,94.288,88.111,94.0,90.0,50.0,50.0,,,none,,trust_weighted_fusion,at_goal,covariance,0.0,0.0,,0,0,1.911,6.164,53.428,uav_3,6.164,False,False,False,False,True,1,"[{""id"": ""obstacle_0"", ""kind"": ""static_obstacle"", ""x"": 50.0, ""y"": 50.0, ""radius"": 5.0}]"
safety_margin_covariance,549,109.8,1,88.986,91.456,90.0,94.0,50.0,50.0,,,false_negative+position_noise+confidence_error,,trust_weighted_fusion,move,covariance,2.5,1.0,,2,0,2.739,5.016,51.908,uav_2,5.016,False,False,False,False,False,1,"[{""id"": ""obstacle_0"", ""kind"": ""static_obstacle"", ""x"": 50.0, ""y"": 50.0, ""radius"": 5.0}]"
safety_margin_covariance,549,109.8,2,84.935,88.498,86.0,90.0,50.0,50.0,,,none,,trust_weighted_fusion,at_goal,covariance,0.0,0.0,,0,0,1.841,5.016,46.986,uav_1,5.016,False,False,False,False,True,1,"[{""id"": ""obstacle_0"", ""kind"": ""static_obstacle"", ""x"": 50.0, ""y"": 50.0, ""radius"": 5.0}]"
safety_margin_covariance,549,109.8,3,89.269,84.531,90.0,86.0,50.0,50.0,,,none,,trust_weighted_fusion,at_goal,covariance,0.0,0.0,,0,0,1.641,5.876,47.292,uav_2,5.876,False,False,False,False,True,1,"[{""id"": ""obstacle_0"", ""kind"": ""static_obstacle"", ""x"": 50.0, ""y"": 50.0, ""radius"": 5.0}]"
safety_margin_covariance,550,110.0,0,94.288,88.111,94.0,90.0,50.0,50.0,,,none,,trust_weighted_fusion,at_goal,covariance,0.0,0.0,,0,0,1.911,6.164,53.428,uav_3,6.164,False,False,False,False,True,1,"[{""id"": ""obstacle_0"", ""kind"": ""static_obstacle"", ""x"": 50.0, ""y"": 50.0, ""radius"": 5.0}]"
safety_margin_covariance,550,110.0,1,89.134,91.828,90.0,94.0,50.0,50.0,,,false_negative+confidence_error,,trust_weighted_fusion,move,covariance,0.0,0.0,,0,0,2.339,5.359,52.28,uav_2,5.359,False,False,False,False,False,1,"[{""id"": ""obstacle_0"", ""kind"": ""static_obstacle"", ""x"": 50.0, ""y"": 50.0, ""radius"": 5.0}]"
safety_margin_covariance,550,110.0,2,84.935,88.498,86.0,90.0,50.0,50.0,,,none,,trust_weighted_fusion,at_goal,covariance,0.0,0.0,,0,0,1.841,5.359,46.986,uav_1,5.359,False,False,False,False,True,1,"[{""id"": ""obstacle_0"", ""kind"": ""static_obstacle"", ""x"": 50.0, ""y"": 50.0, ""radius"": 5.0}]"
safety_margin_covariance,550,110.0,3,89.269,84.531,90.0,86.0,50.0,50.0,,,none,,trust_weighted_fusion,at_goal,covariance,0.0,0.0,,0,0,1.641,5.876,47.292,uav_2,5.876,False,False,False,False,True,1,"[{""id"": ""obstacle_0"", ""kind"": ""static_obstacle"", ""x"": 50.0, ""y"": 50.0, ""radius"": 5.0}]"
safety_margin_covariance,551,110.2,0,94.288,88.111,94.0,90.0,50.0,50.0,,,none,,trust_weighted_fusion,at_goal,covariance,0.0,0.0,,0,0,1.911,6.164,53.428,uav_3,6.164,False,False,False,False,True,1,"[{""id"": ""obstacle_0"", ""kind"": ""static_obstacle"", ""x"": 50.0, ""y"": 50.0, ""radius"": 5.0}]"
safety_margin_covariance,551,110.2,1,89.236,92.083,90.0,94.0,50.0,50.0,,,position_noise+confidence_error,,trust_weighted_fusion,move,covariance,2.5,1.0,,3,0,2.064,5.6,52.537,uav_2,5.6,False,False,False,False,False,1,"[{""id"": ""obstacle_0"", ""kind"": ""static_obstacle"", ""x"": 50.0, ""y"": 50.0, ""radius"": 5.0}]"
safety_margin_covariance,551,110.2,2,84.935,88.498,86.0,90.0,50.0,50.0,,,none,,trust_weighted_fusion,at_goal,covariance,0.0,0.0,,0,0,1.841,5.6,46.986,uav_1,5.6,False,False,False,False,True,1,"[{""id"": ""obstacle_0"", ""kind"": ""static_obstacle"", ""x"": 50.0, ""y"": 50.0, ""radius"": 5.0}]"
safety_margin_covariance,551,110.2,3,89.269,84.531,90.0,86.0,50.0,50.0,,,none,,trust_weighted_fusion,at_goal,covariance,0.0,0.0,,0,0,1.641,5.876,47.292,uav_2,5.876,False,False,False,False,True,1,"[{""id"": ""obstacle_0"", ""kind"": ""static_obstacle"", ""x"": 50.0, ""y"": 50.0, ""radius"": 5.0}]"
safety_margin_covariance,552,110.4,0,94.288,88.111,94.0,90.0,50.0,50.0,,,none,,trust_weighted_fusion,at_goal,covariance,0.0,0.0,,0,0,1.911,6.164,53.428,uav_3,6.164,False,False,False,True,True,1,"[{""id"": ""obstacle_0"", ""kind"": ""static_obstacle"", ""x"": 50.0, ""y"": 50.0, ""radius"": 5.0}]"
safety_margin_covariance,552,110.4,1,89.338,92.339,90.0,94.0,50.0,50.0,,,false_negative+position_noise+confidence_error,,trust_weighted_fusion,move,covariance,2.5,1.0,,2,0,1.789,5.843,52.793,uav_2,5.843,False,False,False,True,True,1,"[{""id"": ""obstacle_0"", ""kind"": ""static_obstacle"", ""x"": 50.0, ""y"": 50.0, ""radius"": 5.0}]"
safety_margin_covariance,552,110.4,2,84.935,88.498,86.0,90.0,50.0,50.0,,,none,,trust_weighted_fusion,at_goal,covariance,0.0,0.0,,0,0,1.841,5.843,46.986,uav_1,5.843,False,False,False,True,True,1,"[{""id"": ""obstacle_0"", ""kind"": ""static_obstacle"", ""x"": 50.0, ""y"": 50.0, ""radius"": 5.0}]"
safety_margin_covariance,552,110.4,3,89.269,84.531,90.0,86.0,50.0,50.0,,,none,,trust_weighted_fusion,at_goal,covariance,0.0,0.0,,0,0,1.641,5.876,47.292,uav_2,5.876,False,False,False,True,True,1,"[{""id"": ""obstacle_0"", ""kind"": ""static_obstacle"", ""x"": 50.0, ""y"": 50.0, ""radius"": 5.0}]"
