scenario,step,time_s,uav_id,uav_pos_x,uav_pos_y,goal_pos_x,goal_pos_y,actual_obstacle_x,actual_obstacle_y,perceived_obstacle_x,perceived_obstacle_y,perception_error_type,confidence_value,fusion_mode,action_taken,safety_margin_mode,safety_margin_applied,quality_action_taken,num_perceived_detections,num_phantom_detections,dist_to_goal,distance_to_nearest_uav,distance_to_obstacle,nearest_entity_type,nearest_entity_distance,collision_risk_flag,unnecessary_avoidance_flag,missed_response_flag,mission_completed_flag,reached_goal,num_active_entities,active_entities_json
sudden_target_appearance,0,0.0,0,5.298,5.227,94.0,90.0,50.0,50.0,,,false_positive+position_noise+confidence_error,,trust_weighted_fusion,false_avoidance,fixed,0.5,,4,1,122.696,10.002,58.268,uav_2,10.002,False,True,False,False,False,1,"[{""id"": ""obstacle_0"", ""kind"": ""static_obstacle"", ""x"": 50.0, ""y"": 50.0, ""radius"": 5.0}]"
sudden_target_appearance,0,0.0,1,5.005,15.375,90.0,94.0,50.0,50.0,,,false_positive+position_noise+confidence_error,,trust_weighted_fusion,false_avoidance,fixed,0.5,,4,1,115.784,10.152,51.775,uav_0,10.152,False,True,False,False,False,1,"[{""id"": ""obstacle_0"", ""kind"": ""static_obstacle"", ""x"": 50.0, ""y"": 50.0, ""radius"": 5.0}]"
sudden_target_appearance,0,0.0,2,15.289,4.761,86.0,90.0,50.0,50.0,,,false_positive+position_noise+confidence_error,,trust_weighted_fusion,false_avoidance,fixed,0.5,,4,1,110.75,10.002,52.021,uav_0,10.002,False,True,False,False,False,1,"[{""id"": ""obstacle_0"", ""kind"": ""static_obstacle"", ""x"": 50.0, ""y"": 50.0, ""radius"": 5.0}]"
sudden_target_appearance,0,0.0,3,15.272,15.258,90.0,86.0,50.0,50.0,,,position_noise+confidence_error,,trust_weighted_fusion,move,fixed,0.5,,3,0,102.901,10.268,44.123,uav_1,10.268,False,False,False,False,False,1,"[{""id"": ""obstacle_0"", ""kind"": ""static_obstacle"", ""x"": 50.0, ""y"": 50.0, ""radius"": 5.0}]"
sudden_target_appearance,1,0.2,0,5.57,5.486,94.0,90.0,50.0,50.0,,,position_noise+confidence_error,,trust_weighted_fusion,move,fixed,0.5,,3,0,122.321,9.865,57.893,uav_1,9.865,False,False,False,False,False,1,"[{""id"": ""obstacle_0"", ""kind"": ""static_obstacle"", ""x"": 50.0, ""y"": 50.0, ""radius"": 5.0}]"
sudden_target_appearance,1,0.2,1,5.379,15.349,90.0,94.0,50.0,50.0,,,false_positive+position_noise+confidence_error,,trust_weighted_fusion,false_avoidance,fixed,0.5,,4,1,115.528,9.865,51.495,uav_0,9.865,False,True,False,False,False,1,"[{""id"": ""obstacle_0"", ""kind"": ""static_obstacle"", ""x"": 50.0, ""y"": 50.0, ""radius"": 5.0}]"
sudden_target_appearance,1,0.2,2,15.612,4.952,86.0,90.0,50.0,50.0,,,false_positive+position_noise+confidence_error,,trust_weighted_fusion,false_avoidance,fixed,0.5,,4,1,110.398,10.057,51.673,uav_0,10.057,False,True,False,False,False,1,"[{""id"": ""obstacle_0"", ""kind"": ""static_obstacle"", ""x"": 50.0, ""y"": 50.0, ""radius"": 5.0}]"
sudden_target_appearance,1,0.2,3,15.545,15.516,90.0,86.0,50.0,50.0,,,position_noise+confidence_error,,trust_weighted_fusion,move,fixed,0.5,,3,0,102.526,10.167,43.748,uav_1,10.167,False,False,False,False,False,1,"[{""id"": ""obstacle_0"", ""kind"": ""static_obstacle"", ""x"": 50.0, ""y"": 50.0, ""radius"": 5.0}]"
sudden_target_appearance,2,0.4,0,5.841,5.745,94.0,90.0,50.0,50.0,,,position_noise+confidence_error,,trust_weighted_fusion,move,fixed,0.5,,3,0,121.946,9.856,57.518,uav_2,9.856,False,False,False,False,False,1,"[{""id"": ""obstacle_0"", ""kind"": ""static_obstacle"", ""x"": 50.0, ""y"": 50.0, ""radius"": 5.0}]"
sudden_target_appearance,2,0.4,1,5.654,15.604,90.0,94.0,50.0,50.0,,,position_noise+confidence_error,,trust_weighted_fusion,move,fixed,0.5,,3,0,115.153,9.861,51.121,uav_0,9.861,False,False,False,False,False,1,"[{""id"": ""obstacle_0"", ""kind"": ""static_obstacle"", ""x"": 50.0, ""y"": 50.0, ""radius"": 5.0}]"
sudden_target_appearance,2,0.4,2,15.688,5.319,86.0,90.0,50.0,50.0,,,false_positive+position_noise+confidence_error,,trust_weighted_fusion,false_avoidance,fixed,0.5,,4,1,110.067,9.856,51.336,uav_0,9.856,False,True,False,False,False,1,"[{""id"": ""obstacle_0"", ""kind"": ""static_obstacle"", ""x"": 50.0, ""y"": 50.0, ""radius"": 5.0}]"
sudden_target_appearance,2,0.4,3,15.9,15.636,90.0,86.0,50.0,50.0,,,false_positive+position_noise+confidence_error,,trust_weighted_fusion,false_avoidance,fixed,0.5,,4,1,102.186,10.246,43.412,uav_1,10.246,False,True,False,False,False,1,"[{""id"": ""obstacle_0"", ""kind"": ""static_obstacle"", ""x"": 50.0, ""y"": 50.0, ""radius"": 5.0}]"
sudden_target_appearance,3,0.6,0,6.112,6.004,94.0,90.0,50.0,50.0,,,position_noise+confidence_error,,trust_weighted_fusion,move,fixed,0.5,,3,0,121.571,9.231,57.143,uav_2,9.231,False,False,False,False,False,1,"[{""id"": ""obstacle_0"", ""kind"": ""static_obstacle"", ""x"": 50.0, ""y"": 50.0, ""radius"": 5.0}]"
sudden_target_appearance,3,0.6,1,5.929,15.86,90.0,94.0,50.0,50.0,,,position_noise+confidence_error,,trust_weighted_fusion,move,fixed,0.5,,3,0,114.778,9.857,50.748,uav_0,9.857,False,False,False,False,False,1,"[{""id"": ""obstacle_0"", ""kind"": ""static_obstacle"", ""x"": 50.0, ""y"": 50.0, ""radius"": 5.0}]"
sudden_target_appearance,3,0.6,2,15.314,5.286,86.0,90.0,50.0,50.0,,,false_positive+position_noise+confidence_error,,trust_weighted_fusion,false_avoidance,fixed,0.5,,4,1,110.331,9.231,51.59,uav_0,9.231,False,True,False,False,False,1,"[{""id"": ""obstacle_0"", ""kind"": ""static_obstacle"", ""x"": 50.0, ""y"": 50.0, ""radius"": 5.0}]"
sudden_target_appearance,3,0.6,3,16.172,15.894,90.0,86.0,50.0,50.0,,,position_noise+confidence_error,,trust_weighted_fusion,move,fixed,0.5,,3,0,101.811,10.243,43.037,uav_1,10.243,False,False,False,False,False,1,"[{""id"": ""obstacle_0"", ""kind"": ""static_obstacle"", ""x"": 50.0, ""y"": 50.0, ""radius"": 5.0}]"
sudden_target_appearance,4,0.8,0,6.383,6.263,94.0,90.0,50.0,50.0,,,position_noise+confidence_error,,trust_weighted_fusion,move,fixed,0.5,,3,0,121.196,9.198,56.768,uav_2,9.198,False,False,False,False,False,1,"[{""id"": ""obstacle_0"", ""kind"": ""static_obstacle"", ""x"": 50.0, ""y"": 50.0, ""radius"": 5.0}]"
sudden_target_appearance,4,0.8,1,6.203,16.115,90.0,94.0,50.0,50.0,,,position_noise+confidence_error,,trust_weighted_fusion,move,fixed,0.5,,3,0,114.403,9.853,50.374,uav_0,9.853,False,False,False,False,False,1,"[{""id"": ""obstacle_0"", ""kind"": ""static_obstacle"", ""x"": 50.0, ""y"": 50.0, ""radius"": 5.0}]"
sudden_target_appearance,4,0.8,2,15.555,5.574,86.0,90.0,50.0,50.0,,,position_noise+confidence_error,,trust_weighted_fusion,move,fixed,0.5,,3,0,109.956,9.198,51.215,uav_0,9.198,False,False,False,False,False,1,"[{""id"": ""obstacle_0"", ""kind"": ""static_obstacle"", ""x"": 50.0, ""y"": 50.0, ""radius"": 5.0}]"
sudden_target_appearance,4,0.8,3,16.444,16.152,90.0,86.0,50.0,50.0,,,position_noise+confidence_error,,trust_weighted_fusion,move,fixed,0.5,,3,0,101.436,10.24,42.662,uav_1,10.24,False,False,False,False,False,1,"[{""id"": ""obstacle_0"", ""kind"": ""static_obstacle"", ""x"": 50.0, ""y"": 50.0, ""radius"": 5.0}]"
sudden_target_appearance,5,1.0,0,6.654,6.522,94.0,90.0,50.0,50.0,,,position_noise+confidence_error,,trust_weighted_fusion,move,fixed,0.5,,3,0,120.821,9.305,56.394,uav_2,9.305,False,False,False,False,False,1,"[{""id"": ""obstacle_0"", ""kind"": ""static_obstacle"", ""x"": 50.0, ""y"": 50.0, ""radius"": 5.0}]"
sudden_target_appearance,5,1.0,1,6.478,16.37,90.0,94.0,50.0,50.0,,,position_noise+confidence_error,,trust_weighted_fusion,move,fixed,0.5,,3,0,114.028,9.849,50.001,uav_0,9.849,False,False,False,False,False,1,"[{""id"": ""obstacle_0"", ""kind"": ""static_obstacle"", ""x"": 50.0, ""y"": 50.0, ""radius"": 5.0}]"
sudden_target_appearance,5,1.0,2,15.892,5.41,86.0,90.0,50.0,50.0,,,false_positive+position_noise+confidence_error,,trust_weighted_fusion,false_avoidance,fixed,0.5,,4,1,109.866,9.305,51.139,uav_0,9.305,False,True,False,False,False,1,"[{""id"": ""obstacle_0"", ""kind"": ""static_obstacle"", ""x"": 50.0, ""y"": 50.0, ""radius"": 5.0}]"
sudden_target_appearance,5,1.0,3,16.716,16.41,90.0,86.0,50.0,50.0,,,position_noise+confidence_error,,trust_weighted_fusion,move,fixed,0.5,,3,0,101.061,10.238,42.287,uav_1,10.238,False,False,False,False,False,1,"[{""id"": ""obstacle_0"", ""kind"": ""static_obstacle"", ""x"": 50.0, ""y"": 50.0, ""radius"": 5.0}]"
sudden_target_appearance,6,1.2,0,6.925,6.782,94.0,90.0,50.0,50.0,,,position_noise+confidence_error,,trust_weighted_fusion,move,fixed,0.5,,3,0,120.446,9.27,56.019,uav_2,9.27,False,False,False,False,False,1,"[{""id"": ""obstacle_0"", ""kind"": ""static_obstacle"", ""x"": 50.0, ""y"": 50.0, ""radius"": 5.0}]"
sudden_target_appearance,6,1.2,1,6.753,16.626,90.0,94.0,50.0,50.0,,,position_noise+confidence_error,,trust_weighted_fusion,move,fixed,0.5,,3,0,113.653,9.846,49.628,uav_0,9.846,False,False,False,False,False,1,"[{""id"": ""obstacle_0"", ""kind"": ""static_obstacle"", ""x"": 50.0, ""y"": 50.0, ""radius"": 5.0}]"
sudden_target_appearance,6,1.2,2,16.131,5.699,86.0,90.0,50.0,50.0,,,position_noise+confidence_error,,trust_weighted_fusion,move,fixed,0.5,,3,0,109.491,9.27,50.765,uav_0,9.27,False,False,False,False,False,1,"[{""id"": ""obstacle_0"", ""kind"": ""static_obstacle"", ""x"": 50.0, ""y"": 50.0, ""radius"": 5.0}]"
sudden_target_appearance,6,1.2,3,17.089,16.377,90.0,86.0,50.0,50.0,,,false_positive+position_noise+confidence_error,,trust_weighted_fusion,false_avoidance,fixed,0.5,,4,1,100.813,10.339,42.049,uav_1,10.339,False,True,False,False,False,1,"[{""id"": ""obstacle_0"", ""kind"": ""static_obstacle"", ""x"": 50.0, ""y"": 50.0, ""radius"": 5.0}]"
sudden_target_appearance,7,1.4,0,6.831,7.144,94.0,90.0,50.0,50.0,,,false_positive+position_noise+confidence_error,,trust_weighted_fusion,false_avoidance,fixed,0.5,,4,1,120.264,9.61,55.829,uav_2,9.61,False,True,False,False,False,1,"[{""id"": ""obstacle_0"", ""kind"": ""static_obstacle"", ""x"": 50.0, ""y"": 50.0, ""radius"": 5.0}]"
sudden_target_appearance,7,1.4,1,7.027,16.881,90.0,94.0,50.0,50.0,,,position_noise+confidence_error,,trust_weighted_fusion,move,fixed,0.5,,3,0,113.278,9.738,49.254,uav_0,9.738,False,False,False,False,False,1,"[{""id"": ""obstacle_0"", ""kind"": ""static_obstacle"", ""x"": 50.0, ""y"": 50.0, ""radius"": 5.0}]"
sudden_target_appearance,7,1.4,2,16.371,5.988,86.0,90.0,50.0,50.0,,,position_noise+confidence_error,,trust_weighted_fusion,move,fixed,0.5,,3,0,109.116,9.61,50.39,uav_0,9.61,False,False,False,False,False,1,"[{""id"": ""obstacle_0"", ""kind"": ""static_obstacle"", ""x"": 50.0, ""y"": 50.0, ""radius"": 5.0}]"
sudden_target_appearance,7,1.4,3,17.36,16.636,90.0,86.0,50.0,50.0,,,position_noise+confidence_error,,trust_weighted_fusion,move,fixed,0.5,,3,0,100.438,10.336,41.674,uav_1,10.336,False,False,False,False,False,1,"[{""id"": ""obstacle_0"", ""kind"": ""static_obstacle"", ""x"": 50.0, ""y"": 50.0, ""radius"": 5.0}]"
sudden_target_appearance,8,1.6,0,7.102,7.403,94.0,90.0,50.0,50.0,,,position_noise+confidence_error,,trust_weighted_fusion,move,fixed,0.5,,3,0,119.889,9.574,55.454,uav_2,9.574,False,False,False,False,False,1,"[{""id"": ""obstacle_0"", ""kind"": ""static_obstacle"", ""x"": 50.0, ""y"": 50.0, ""radius"": 5.0}]"
sudden_target_appearance,8,1.6,1,7.302,17.136,90.0,94.0,50.0,50.0,,,position_noise+confidence_error,,trust_weighted_fusion,move,fixed,0.5,,3,0,112.903,9.735,48.881,uav_0,9.735,False,False,False,False,False,1,"[{""id"": ""obstacle_0"", ""kind"": ""static_obstacle"", ""x"": 50.0, ""y"": 50.0, ""radius"": 5.0}]"
sudden_target_appearance,8,1.6,2,16.61,6.276,86.0,90.0,50.0,50.0,,,position_noise+confidence_error,,trust_weighted_fusion,move,fixed,0.5,,3,0,108.741,9.574,50.015,uav_0,9.574,False,False,False,False,False,1,"[{""id"": ""obstacle_0"", ""kind"": ""static_obstacle"", ""x"": 50.0, ""y"": 50.0, ""radius"": 5.0}]"
sudden_target_appearance,8,1.6,3,17.508,16.981,90.0,86.0,50.0,50.0,,,false_positive+position_noise+confidence_error,,trust_weighted_fusion,false_avoidance,fixed,0.5,,4,1,100.094,10.207,41.325,uav_1,10.207,False,True,False,False,False,1,"[{""id"": ""obstacle_0"", ""kind"": ""static_obstacle"", ""x"": 50.0, ""y"": 50.0, ""radius"": 5.0}]"
sudden_target_appearance,9,1.8,0,7.374,7.661,94.0,90.0,50.0,50.0,,,position_noise+confidence_error,,trust_weighted_fusion,move,fixed,0.5,,3,0,119.514,9.538,55.079,uav_2,9.538,False,False,False,False,False,1,"[{""id"": ""obstacle_0"", ""kind"": ""static_obstacle"", ""x"": 50.0, ""y"": 50.0, ""radius"": 5.0}]"
sudden_target_appearance,9,1.8,1,7.577,17.392,90.0,94.0,50.0,50.0,,,position_noise+confidence_error,,trust_weighted_fusion,move,fixed,0.5,,3,0,112.528,9.733,48.507,uav_0,9.733,False,False,False,False,False,1,"[{""id"": ""obstacle_0"", ""kind"": ""static_obstacle"", ""x"": 50.0, ""y"": 50.0, ""radius"": 5.0}]"
sudden_target_appearance,9,1.8,2,16.849,6.565,86.0,90.0,50.0,50.0,,,position_noise+confidence_error,,trust_weighted_fusion,move,fixed,0.5,,3,0,108.366,9.538,49.64,uav_0,9.538,False,False,False,False,False,1,"[{""id"": ""obstacle_0"", ""kind"": ""static_obstacle"", ""x"": 50.0, ""y"": 50.0, ""radius"": 5.0}]"
sudden_target_appearance,9,1.8,3,17.78,17.239,90.0,86.0,50.0,50.0,,,position_noise+confidence_error,,trust_weighted_fusion,move,fixed,0.5,,3,0,99.719,10.204,40.95,uav_1,10.204,False,False,False,False,False,1,"[{""id"": ""obstacle_0"", ""kind"": ""static_obstacle"", ""x"": 50.0, ""y"": 50.0, ""radius"": 5.0}]"
sudden_target_appearance,10,2.0,0,7.646,7.92,94.0,90.0,50.0,50.0,,,position_noise+confidence_error,,trust_weighted_fusion,move,fixed,0.5,,3,0,119.139,9.178,54.705,uav_1,9.178,False,False,False,False,False,1,"[{""id"": ""obstacle_0"", ""kind"": ""static_obstacle"", ""x"": 50.0, ""y"": 50.0, ""radius"": 5.0}]"
sudden_target_appearance,10,2.0,1,7.808,17.096,90.0,94.0,50.0,50.0,,,false_positive+position_noise+confidence_error,,trust_weighted_fusion,false_avoidance,fixed,0.5,,4,1,112.56,9.178,48.506,uav_0,9.178,False,True,False,False,False,1,"[{""id"": ""obstacle_0"", ""kind"": ""static_obstacle"", ""x"": 50.0, ""y"": 50.0, ""radius"": 5.0}]"
sudden_target_appearance,10,2.0,2,17.089,6.854,86.0,90.0,50.0,50.0,,,position_noise+confidence_error,,trust_weighted_fusion,move,fixed,0.5,,3,0,107.991,9.503,49.266,uav_0,9.503,False,False,False,False,False,1,"[{""id"": ""obstacle_0"", ""kind"": ""static_obstacle"", ""x"": 50.0, ""y"": 50.0, ""radius"": 5.0}]"
sudden_target_appearance,10,2.0,3,17.644,17.589,90.0,86.0,50.0,50.0,,,false_positive+position_noise+confidence_error,,trust_weighted_fusion,false_avoidance,fixed,0.5,,4,1,99.576,9.849,40.797,uav_1,9.849,False,True,False,False,False,1,"[{""id"": ""obstacle_0"", ""kind"": ""static_obstacle"", ""x"": 50.0, ""y"": 50.0, ""radius"": 5.0}]"
sudden_target_appearance,11,2.2,0,7.918,8.178,94.0,90.0,50.0,50.0,,,position_noise+confidence_error,,trust_weighted_fusion,move,fixed,0.5,,3,0,118.764,9.244,54.33,uav_1,9.244,False,False,False,False,False,1,"[{""id"": ""obstacle_0"", ""kind"": ""static_obstacle"", ""x"": 50.0, ""y"": 50.0, ""radius"": 5.0}]"
sudden_target_appearance,11,2.2,1,7.613,17.417,90.0,94.0,50.0,50.0,,,false_positive+position_noise+confidence_error,,trust_weighted_fusion,false_avoidance,fixed,0.5,,4,1,112.483,9.244,48.463,uav_0,9.244,False,True,False,False,False,1,"[{""id"": ""obstacle_0"", ""kind"": ""static_obstacle"", ""x"": 50.0, ""y"": 50.0, ""radius"": 5.0}]"
sudden_target_appearance,11,2.2,2,17.328,7.142,86.0,90.0,50.0,50.0,,,position_noise+confidence_error,,trust_weighted_fusion,move,fixed,0.5,,3,0,107.616,9.467,48.891,uav_0,9.467,False,False,False,False,False,1,"[{""id"": ""obstacle_0"", ""kind"": ""static_obstacle"", ""x"": 50.0, ""y"": 50.0, ""radius"": 5.0}]"
sudden_target_appearance,11,2.2,3,17.917,17.847,90.0,86.0,50.0,50.0,,,position_noise+confidence_error,,trust_weighted_fusion,move,fixed,0.5,,3,0,99.201,10.312,40.422,uav_1,10.312,False,False,False,False,False,1,"[{""id"": ""obstacle_0"", ""kind"": ""static_obstacle"", ""x"": 50.0, ""y"": 50.0, ""radius"": 5.0}]"
sudden_target_appearance,12,2.4,0,7.961,8.55,94.0,90.0,50.0,50.0,,,false_positive+position_noise+confidence_error,,trust_weighted_fusion,false_avoidance,fixed,0.5,,4,1,118.477,9.122,54.037,uav_1,9.122,False,True,False,False,False,1,"[{""id"": ""obstacle_0"", ""kind"": ""static_obstacle"", ""x"": 50.0, ""y"": 50.0, ""radius"": 5.0}]"
sudden_target_appearance,12,2.4,1,7.888,17.672,90.0,94.0,50.0,50.0,,,position_noise+confidence_error,,trust_weighted_fusion,move,fixed,0.5,,3,0,112.108,9.122,48.09,uav_0,9.122,False,False,False,False,False,1,"[{""id"": ""obstacle_0"", ""kind"": ""static_obstacle"", ""x"": 50.0, ""y"": 50.0, ""radius"": 5.0}]"
sudden_target_appearance,12,2.4,2,17.667,7.303,86.0,90.0,50.0,50.0,,,false_positive+position_noise+confidence_error,,trust_weighted_fusion,false_avoidance,fixed,0.5,,4,1,107.276,9.785,48.558,uav_0,9.785,False,True,False,False,False,1,"[{""id"": ""obstacle_0"", ""kind"": ""static_obstacle"", ""x"": 50.0, ""y"": 50.0, ""radius"": 5.0}]"
sudden_target_appearance,12,2.4,3,18.12,18.162,90.0,86.0,50.0,50.0,,,false_positive+position_noise+confidence_error,,trust_weighted_fusion,false_avoidance,fixed,0.5,,4,1,98.837,10.243,40.056,uav_1,10.243,False,True,False,False,False,1,"[{""id"": ""obstacle_0"", ""kind"": ""static_obstacle"", ""x"": 50.0, ""y"": 50.0, ""radius"": 5.0}]"
sudden_target_appearance,13,2.6,0,8.233,8.808,94.0,90.0,50.0,50.0,,,position_noise+confidence_error,,trust_weighted_fusion,move,fixed,0.5,,3,0,118.102,9.12,53.662,uav_1,9.12,False,False,False,False,False,1,"[{""id"": ""obstacle_0"", ""kind"": ""static_obstacle"", ""x"": 50.0, ""y"": 50.0, ""radius"": 5.0}]"
sudden_target_appearance,13,2.6,1,8.163,17.927,90.0,94.0,50.0,50.0,,,position_noise+confidence_error,,trust_weighted_fusion,move,fixed,0.5,,3,0,111.733,9.12,47.716,uav_0,9.12,False,False,False,False,False,1,"[{""id"": ""obstacle_0"", ""kind"": ""static_obstacle"", ""x"": 50.0, ""y"": 50.0, ""radius"": 5.0}]"
sudden_target_appearance,13,2.6,2,17.905,7.592,86.0,90.0,50.0,50.0,,,position_noise+confidence_error,,trust_weighted_fusion,move,fixed,0.5,,3,0,106.901,9.748,48.183,uav_0,9.748,False,False,False,False,False,1,"[{""id"": ""obstacle_0"", ""kind"": ""static_obstacle"", ""x"": 50.0, ""y"": 50.0, ""radius"": 5.0}]"
sudden_target_appearance,13,2.6,3,18.392,18.419,90.0,86.0,50.0,50.0,,,position_noise+confidence_error,,trust_weighted_fusion,move,fixed,0.5,,3,0,98.462,10.241,39.681,uav_1,10.241,False,False,False,False,False,1,"[{""id"": ""obstacle_0"", ""kind"": ""static_obstacle"", ""x"": 50.0, ""y"": 50.0, ""radius"": 5.0}]"
sudden_target_appearance,14,2.8,0,8.506,9.066,94.0,90.0,50.0,50.0,,,position_noise+confidence_error,,trust_weighted_fusion,move,fixed,0.5,,3,0,117.727,9.117,53.287,uav_1,9.117,False,False,False,False,False,1,"[{""id"": ""obstacle_0"", ""kind"": ""static_obstacle"", ""x"": 50.0, ""y"": 50.0, ""radius"": 5.0}]"
sudden_target_appearance,14,2.8,1,8.437,18.183,90.0,94.0,50.0,50.0,,,position_noise+confidence_error,,trust_weighted_fusion,move,fixed,0.5,,3,0,111.358,9.117,47.343,uav_0,9.117,False,False,False,False,False,1,"[{""id"": ""obstacle_0"", ""kind"": ""static_obstacle"", ""x"": 50.0, ""y"": 50.0, ""radius"": 5.0}]"
sudden_target_appearance,14,2.8,2,17.564,7.748,86.0,90.0,50.0,50.0,,,false_positive+position_noise+confidence_error,,trust_weighted_fusion,false_avoidance,fixed,0.5,,4,1,107.0,9.154,48.267,uav_0,9.154,False,True,False,False,False,1,"[{""id"": ""obstacle_0"", ""kind"": ""static_obstacle"", ""x"": 50.0, ""y"": 50.0, ""radius"": 5.0}]"
sudden_target_appearance,14,2.8,3,18.665,18.677,90.0,86.0,50.0,50.0,,,position_noise+confidence_error,,trust_weighted_fusion,move,fixed,0.5,,3,0,98.087,10.239,39.306,uav_1,10.239,False,False,False,False,False,1,"[{""id"": ""obstacle_0"", ""kind"": ""static_obstacle"", ""x"": 50.0, ""y"": 50.0, ""radius"": 5.0}]"
sudden_target_appearance,15,3.0,0,8.71,9.38,94.0,90.0,50.0,50.0,,,false_positive+position_noise+confidence_error,,trust_weighted_fusion,false_avoidance,fixed,0.5,,4,1,117.362,9.058,52.921,uav_1,9.058,False,True,False,False,False,1,"[{""id"": ""obstacle_0"", ""kind"": ""static_obstacle"", ""x"": 50.0, ""y"": 50.0, ""radius"": 5.0}]"
sudden_target_appearance,15,3.0,1,8.712,18.438,90.0,94.0,50.0,50.0,,,position_noise+confidence_error,,trust_weighted_fusion,move,fixed,0.5,,3,0,110.983,9.058,46.97,uav_0,9.058,False,False,False,False,False,1,"[{""id"": ""obstacle_0"", ""kind"": ""static_obstacle"", ""x"": 50.0, ""y"": 50.0, ""radius"": 5.0}]"
sudden_target_appearance,15,3.0,2,17.804,8.036,86.0,90.0,50.0,50.0,,,position_noise+confidence_error,,trust_weighted_fusion,move,fixed,0.5,,3,0,106.625,9.193,47.892,uav_0,9.193,False,False,False,False,False,1,"[{""id"": ""obstacle_0"", ""kind"": ""static_obstacle"", ""x"": 50.0, ""y"": 50.0, ""radius"": 5.0}]"
sudden_target_appearance,15,3.0,3,18.938,18.934,90.0,86.0,50.0,50.0,,,position_noise+confidence_error,,trust_weighted_fusion,move,fixed,0.5,,3,0,97.712,10.238,38.931,uav_1,10.238,False,False,False,False,False,1,"[{""id"": ""obstacle_0"", ""kind"": ""static_obstacle"", ""x"": 50.0, ""y"": 50.0, ""radius"": 5.0}]"
sudden_target_appearance,16,3.2,0,8.67,9.753,94.0,90.0,50.0,50.0,,,false_positive+position_noise+confidence_error,,trust_weighted_fusion,false_avoidance,fixed,0.5,,4,1,117.135,8.946,52.688,uav_1,8.946,False,True,False,False,False,1,"[{""id"": ""obstacle_0"", ""kind"": ""static_obstacle"", ""x"": 50.0, ""y"": 50.0, ""radius"": 5.0}]"
sudden_target_appearance,16,3.2,1,8.987,18.693,90.0,94.0,50.0,50.0,,,position_noise+confidence_error,,trust_weighted_fusion,move,fixed,0.5,,3,0,110.608,8.946,46.596,uav_0,8.946,False,False,False,False,False,1,"[{""id"": ""obstacle_0"", ""kind"": ""static_obstacle"", ""x"": 50.0, ""y"": 50.0, ""radius"": 5.0}]"
sudden_target_appearance,16,3.2,2,18.044,8.324,86.0,90.0,50.0,50.0,,,position_noise+confidence_error,,trust_weighted_fusion,move,fixed,0.5,,3,0,106.25,9.482,47.518,uav_0,9.482,False,False,False,False,False,1,"[{""id"": ""obstacle_0"", ""kind"": ""static_obstacle"", ""x"": 50.0, ""y"": 50.0, ""radius"": 5.0}]"
sudden_target_appearance,16,3.2,3,19.21,19.191,90.0,86.0,50.0,50.0,,,position_noise+confidence_error,,trust_weighted_fusion,move,fixed,0.5,,3,0,97.337,10.236,38.556,uav_1,10.236,False,False,False,False,False,1,"[{""id"": ""obstacle_0"", ""kind"": ""static_obstacle"", ""x"": 50.0, ""y"": 50.0, ""radius"": 5.0}]"
sudden_target_appearance,17,3.4,0,8.406,10.02,94.0,90.0,50.0,50.0,,,false_positive+position_noise+confidence_error,,trust_weighted_fusion,false_avoidance,fixed,0.5,,4,1,117.146,8.97,52.693,uav_1,8.97,False,True,False,False,False,1,"[{""id"": ""obstacle_0"", ""kind"": ""static_obstacle"", ""x"": 50.0, ""y"": 50.0, ""radius"": 5.0}]"
sudden_target_appearance,17,3.4,1,9.261,18.949,90.0,94.0,50.0,50.0,,,position_noise+confidence_error,,trust_weighted_fusion,move,fixed,0.5,,3,0,110.233,8.97,46.223,uav_0,8.97,False,False,False,False,False,1,"[{""id"": ""obstacle_0"", ""kind"": ""static_obstacle"", ""x"": 50.0, ""y"": 50.0, ""radius"": 5.0}]"
sudden_target_appearance,17,3.4,2,18.284,8.612,86.0,90.0,50.0,50.0,,,position_noise+confidence_error,,trust_weighted_fusion,move,fixed,0.5,,3,0,105.875,9.977,47.143,uav_0,9.977,False,False,False,False,False,1,"[{""id"": ""obstacle_0"", ""kind"": ""static_obstacle"", ""x"": 50.0, ""y"": 50.0, ""radius"": 5.0}]"
sudden_target_appearance,17,3.4,3,19.483,19.449,90.0,86.0,50.0,50.0,,,position_noise+confidence_error,,trust_weighted_fusion,move,fixed,0.5,,3,0,96.962,10.234,38.182,uav_1,10.234,False,False,False,False,False,1,"[{""id"": ""obstacle_0"", ""kind"": ""static_obstacle"", ""x"": 50.0, ""y"": 50.0, ""radius"": 5.0}]"
sudden_target_appearance,18,3.6,0,8.68,10.276,94.0,90.0,50.0,50.0,,,position_noise+confidence_error,,trust_weighted_fusion,move,fixed,0.5,,3,0,116.771,8.969,52.318,uav_1,8.969,False,False,False,False,False,1,"[{""id"": ""obstacle_0"", ""kind"": ""static_obstacle"", ""x"": 50.0, ""y"": 50.0, ""radius"": 5.0}]"
sudden_target_appearance,18,3.6,1,9.536,19.204,90.0,94.0,50.0,50.0,,,position_noise+confidence_error,,trust_weighted_fusion,move,fixed,0.5,,3,0,109.858,8.969,45.85,uav_0,8.969,False,False,False,False,False,1,"[{""id"": ""obstacle_0"", ""kind"": ""static_obstacle"", ""x"": 50.0, ""y"": 50.0, ""radius"": 5.0}]"
sudden_target_appearance,18,3.6,2,18.523,8.901,86.0,90.0,50.0,50.0,,,position_noise+confidence_error,,trust_weighted_fusion,move,fixed,0.5,,3,0,105.5,9.939,46.768,uav_0,9.939,False,False,False,False,False,1,"[{""id"": ""obstacle_0"", ""kind"": ""static_obstacle"", ""x"": 50.0, ""y"": 50.0, ""radius"": 5.0}]"
sudden_target_appearance,18,3.6,3,19.756,19.706,90.0,86.0,50.0,50.0,,,position_noise+confidence_error,,trust_weighted_fusion,move,fixed,0.5,,3,0,96.587,10.232,37.807,uav_1,10.232,False,False,False,False,False,1,"[{""id"": ""obstacle_0"", ""kind"": ""static_obstacle"", ""x"": 50.0, ""y"": 50.0, ""radius"": 5.0}]"
sudden_target_appearance,19,3.8,0,8.954,10.532,94.0,90.0,50.0,50.0,,,position_noise+confidence_error,,trust_weighted_fusion,move,fixed,0.5,,3,0,116.396,8.969,51.943,uav_1,8.969,False,False,False,False,False,1,"[{""id"": ""obstacle_0"", ""kind"": ""static_obstacle"", ""x"": 50.0, ""y"": 50.0, ""radius"": 5.0}]"
sudden_target_appearance,19,3.8,1,9.811,19.459,90.0,94.0,50.0,50.0,,,position_noise+confidence_error,,trust_weighted_fusion,move,fixed,0.5,,3,0,109.483,8.969,45.477,uav_0,8.969,False,False,False,False,False,1,"[{""id"": ""obstacle_0"", ""kind"": ""static_obstacle"", ""x"": 50.0, ""y"": 50.0, ""radius"": 5.0}]"
sudden_target_appearance,19,3.8,2,18.895,8.85,86.0,90.0,50.0,50.0,,,false_positive+position_noise+confidence_error,,trust_weighted_fusion,false_avoidance,fixed,0.5,,4,1,105.302,10.082,46.584,uav_0,10.082,False,True,False,False,False,1,"[{""id"": ""obstacle_0"", ""kind"": ""static_obstacle"", ""x"": 50.0, ""y"": 50.0, ""radius"": 5.0}]"
sudden_target_appearance,19,3.8,3,19.849,20.07,90.0,86.0,50.0,50.0,,,false_positive+position_noise+confidence_error,,trust_weighted_fusion,false_avoidance,fixed,0.5,,4,1,96.271,10.057,37.484,uav_1,10.057,False,True,False,False,False,1,"[{""id"": ""obstacle_0"", ""kind"": ""static_obstacle"", ""x"": 50.0, ""y"": 50.0, ""radius"": 5.0}]"
sudden_target_appearance,20,4.0,0,9.228,10.788,94.0,90.0,50.0,50.0,,,position_noise+confidence_error,,trust_weighted_fusion,move,fixed,0.5,,3,0,116.021,8.381,51.568,uav_1,8.381,False,False,False,False,False,1,"[{""id"": ""obstacle_0"", ""kind"": ""static_obstacle"", ""x"": 50.0, ""y"": 50.0, ""radius"": 5.0}]"
sudden_target_appearance,20,4.0,1,9.996,19.134,90.0,94.0,50.0,50.0,,,false_positive+position_noise+confidence_error,,trust_weighted_fusion,false_avoidance,fixed,0.5,,4,1,109.57,8.381,45.527,uav_0,8.381,False,True,False,False,False,1,"[{""id"": ""obstacle_0"", ""kind"": ""static_obstacle"", ""x"": 50.0, ""y"": 50.0, ""radius"": 5.0}]"
sudden_target_appearance,20,4.0,2,19.134,9.139,86.0,90.0,50.0,50.0,,,position_noise+confidence_error,,trust_weighted_fusion,move,fixed,0.5,,3,0,104.927,10.042,46.209,uav_0,10.042,False,False,False,False,False,1,"[{""id"": ""obstacle_0"", ""kind"": ""static_obstacle"", ""x"": 50.0, ""y"": 50.0, ""radius"": 5.0}]"
sudden_target_appearance,20,4.0,3,20.122,20.326,90.0,86.0,50.0,50.0,,,position_noise+confidence_error,,trust_weighted_fusion,move,fixed,0.5,,3,0,95.896,10.196,37.11,uav_1,10.196,False,False,False,False,False,1,"[{""id"": ""obstacle_0"", ""kind"": ""static_obstacle"", ""x"": 50.0, ""y"": 50.0, ""radius"": 5.0}]"
sudden_target_appearance,21,4.2,0,9.025,11.103,94.0,90.0,50.0,50.0,,,false_positive+position_noise+confidence_error,,trust_weighted_fusion,false_avoidance,fixed,0.5,,4,1,115.955,8.38,51.498,uav_1,8.38,False,True,False,False,False,1,"[{""id"": ""obstacle_0"", ""kind"": ""static_obstacle"", ""x"": 50.0, ""y"": 50.0, ""radius"": 5.0}]"
sudden_target_appearance,21,4.2,1,10.27,19.39,90.0,94.0,50.0,50.0,,,position_noise+confidence_error,,trust_weighted_fusion,move,fixed,0.5,,3,0,109.195,8.38,45.154,uav_0,8.38,False,False,False,False,False,1,"[{""id"": ""obstacle_0"", ""kind"": ""static_obstacle"", ""x"": 50.0, ""y"": 50.0, ""radius"": 5.0}]"
sudden_target_appearance,21,4.2,2,19.373,9.428,86.0,90.0,50.0,50.0,,,position_noise+confidence_error,,trust_weighted_fusion,move,fixed,0.5,,3,0,104.552,10.483,45.835,uav_0,10.483,False,False,False,False,False,1,"[{""id"": ""obstacle_0"", ""kind"": ""static_obstacle"", ""x"": 50.0, ""y"": 50.0, ""radius"": 5.0}]"
sudden_target_appearance,21,4.2,3,20.395,20.583,90.0,86.0,50.0,50.0,,,position_noise+confidence_error,,trust_weighted_fusion,move,fixed,0.5,,3,0,95.521,10.195,36.735,uav_1,10.195,False,False,False,False,False,1,"[{""id"": ""obstacle_0"", ""kind"": ""static_obstacle"", ""x"": 50.0, ""y"": 50.0, ""radius"": 5.0}]"
sudden_target_appearance,22,4.4,0,9.3,11.358,94.0,90.0,50.0,50.0,,,position_noise+confidence_error,,trust_weighted_fusion,move,fixed,0.5,,3,0,115.58,8.3,51.123,uav_1,8.3,False,False,False,False,False,1,"[{""id"": ""obstacle_0"", ""kind"": ""static_obstacle"", ""x"": 50.0, ""y"": 50.0, ""radius"": 5.0}]"
sudden_target_appearance,22,4.4,1,10.608,19.554,90.0,94.0,50.0,50.0,,,false_positive+position_noise+confidence_error,,trust_weighted_fusion,false_avoidance,fixed,0.5,,4,1,108.837,8.3,44.787,uav_0,8.3,False,True,False,False,False,1,"[{""id"": ""obstacle_0"", ""kind"": ""static_obstacle"", ""x"": 50.0, ""y"": 50.0, ""radius"": 5.0}]"
sudden_target_appearance,22,4.4,2,19.612,9.717,86.0,90.0,50.0,50.0,,,position_noise+confidence_error,,trust_weighted_fusion,move,fixed,0.5,,3,0,104.177,10.442,45.46,uav_0,10.442,False,False,False,False,False,1,"[{""id"": ""obstacle_0"", ""kind"": ""static_obstacle"", ""x"": 50.0, ""y"": 50.0, ""radius"": 5.0}]"
sudden_target_appearance,22,4.4,3,20.669,20.84,90.0,86.0,50.0,50.0,,,position_noise+confidence_error,,trust_weighted_fusion,move,fixed,0.5,,3,0,95.146,10.143,36.36,uav_1,10.143,False,False,False,False,False,1,"[{""id"": ""obstacle_0"", ""kind"": ""static_obstacle"", ""x"": 50.0, ""y"": 50.0, ""radius"": 5.0}]"
sudden_target_appearance,23,4.6,0,9.574,11.613,94.0,90.0,50.0,50.0,,,position_noise+confidence_error,,trust_weighted_fusion,move,fixed,0.5,,3,0,115.205,8.301,50.748,uav_1,8.301,False,False,False,False,False,1,"[{""id"": ""obstacle_0"", ""kind"": ""static_obstacle"", ""x"": 50.0, ""y"": 50.0, ""radius"": 5.0}]"
sudden_target_appearance,23,4.6,1,10.881,19.81,90.0,94.0,50.0,50.0,,,position_noise+confidence_error,,trust_weighted_fusion,move,fixed,0.5,,3,0,108.462,8.301,44.414,uav_0,8.301,False,False,False,False,False,1,"[{""id"": ""obstacle_0"", ""kind"": ""static_obstacle"", ""x"": 50.0, ""y"": 50.0, ""radius"": 5.0}]"
sudden_target_appearance,23,4.6,2,19.883,9.975,86.0,90.0,50.0,50.0,,,false_positive+position_noise+confidence_error,,trust_weighted_fusion,false_avoidance,fixed,0.5,,4,1,103.805,10.438,45.09,uav_0,10.438,False,True,False,False,False,1,"[{""id"": ""obstacle_0"", ""kind"": ""static_obstacle"", ""x"": 50.0, ""y"": 50.0, ""radius"": 5.0}]"
sudden_target_appearance,23,4.6,3,20.942,21.097,90.0,86.0,50.0,50.0,,,position_noise+confidence_error,,trust_weighted_fusion,move,fixed,0.5,,3,0,94.771,10.143,35.985,uav_1,10.143,False,False,False,False,False,1,"[{""id"": ""obstacle_0"", ""kind"": ""static_obstacle"", ""x"": 50.0, ""y"": 50.0, ""radius"": 5.0}]"
sudden_target_appearance,24,4.8,0,9.849,11.868,94.0,90.0,50.0,50.0,,,position_noise+confidence_error,,trust_weighted_fusion,move,fixed,0.5,,3,0,114.83,8.302,50.373,uav_1,8.302,False,False,False,False,False,1,"[{""id"": ""obstacle_0"", ""kind"": ""static_obstacle"", ""x"": 50.0, ""y"": 50.0, ""radius"": 5.0}]"
sudden_target_appearance,24,4.8,1,11.155,20.067,90.0,94.0,50.0,50.0,,,position_noise+confidence_error,,trust_weighted_fusion,move,fixed,0.5,,3,0,108.087,8.302,44.04,uav_0,8.302,False,False,False,False,False,1,"[{""id"": ""obstacle_0"", ""kind"": ""static_obstacle"", ""x"": 50.0, ""y"": 50.0, ""radius"": 5.0}]"
sudden_target_appearance,24,4.8,2,20.122,10.264,86.0,90.0,50.0,50.0,,,position_noise+confidence_error,,trust_weighted_fusion,move,fixed,0.5,,3,0,103.43,10.397,44.715,uav_0,10.397,False,False,False,False,False,1,"[{""id"": ""obstacle_0"", ""kind"": ""static_obstacle"", ""x"": 50.0, ""y"": 50.0, ""radius"": 5.0}]"
sudden_target_appearance,24,4.8,3,21.215,21.354,90.0,86.0,50.0,50.0,,,position_noise+confidence_error,,trust_weighted_fusion,move,fixed,0.5,,3,0,94.396,10.142,35.61,uav_1,10.142,False,False,False,False,False,1,"[{""id"": ""obstacle_0"", ""kind"": ""static_obstacle"", ""x"": 50.0, ""y"": 50.0, ""radius"": 5.0}]"
sudden_target_appearance,25,5.0,0,10.124,12.123,94.0,90.0,50.0,50.0,,,position_noise+confidence_error,,trust_weighted_fusion,move,fixed,0.5,,3,0,114.455,8.303,49.998,uav_1,8.303,False,False,False,False,False,1,"[{""id"": ""obstacle_0"", ""kind"": ""static_obstacle"", ""x"": 50.0, ""y"": 50.0, ""radius"": 5.0}]"
sudden_target_appearance,25,5.0,1,11.428,20.323,90.0,94.0,50.0,50.0,,,position_noise+confidence_error,,trust_weighted_fusion,move,fixed,0.5,,3,0,107.712,8.303,43.667,uav_0,8.303,False,False,False,False,False,1,"[{""id"": ""obstacle_0"", ""kind"": ""static_obstacle"", ""x"": 50.0, ""y"": 50.0, ""radius"": 5.0}]"
sudden_target_appearance,25,5.0,2,20.361,10.553,86.0,90.0,50.0,50.0,,,position_noise+confidence_error,,trust_weighted_fusion,move,fixed,0.5,,3,0,103.055,10.357,44.341,uav_0,10.357,False,False,False,False,False,1,"[{""id"": ""obstacle_0"", ""kind"": ""static_obstacle"", ""x"": 50.0, ""y"": 50.0, ""radius"": 5.0}]"
sudden_target_appearance,25,5.0,3,21.488,21.61,90.0,86.0,50.0,50.0,,,position_noise+confidence_error,,trust_weighted_fusion,move,fixed,0.5,,3,0,94.021,10.142,35.235,uav_1,10.142,False,False,False,False,False,1,"[{""id"": ""obstacle_0"", ""kind"": ""static_obstacle"", ""x"": 50.0, ""y"": 50.0, ""radius"": 5.0}]"
sudden_target_appearance,26,5.2,0,10.399,12.378,94.0,90.0,50.0,50.0,,,position_noise+confidence_error,,trust_weighted_fusion,move,fixed,0.5,,3,0,114.08,8.304,49.623,uav_1,8.304,False,False,False,False,False,1,"[{""id"": ""obstacle_0"", ""kind"": ""static_obstacle"", ""x"": 50.0, ""y"": 50.0, ""radius"": 5.0}]"
sudden_target_appearance,26,5.2,1,11.702,20.58,90.0,94.0,50.0,50.0,,,position_noise+confidence_error,,trust_weighted_fusion,move,fixed,0.5,,3,0,107.337,8.304,43.294,uav_0,8.304,False,False,False,False,False,1,"[{""id"": ""obstacle_0"", ""kind"": ""static_obstacle"", ""x"": 50.0, ""y"": 50.0, ""radius"": 5.0}]"
sudden_target_appearance,26,5.2,2,20.134,10.852,86.0,90.0,50.0,50.0,,,false_positive+position_noise+confidence_error,,trust_weighted_fusion,false_avoidance,fixed,0.5,,4,1,102.97,9.854,44.24,uav_0,9.854,False,True,False,False,False,1,"[{""id"": ""obstacle_0"", ""kind"": ""static_obstacle"", ""x"": 50.0, ""y"": 50.0, ""radius"": 5.0}]"
sudden_target_appearance,26,5.2,3,21.861,21.655,90.0,86.0,50.0,50.0,,,false_positive+position_noise+confidence_error,,trust_weighted_fusion,false_avoidance,fixed,0.5,,4,1,93.719,10.216,34.941,uav_1,10.216,False,True,False,False,False,1,"[{""id"": ""obstacle_0"", ""kind"": ""static_obstacle"", ""x"": 50.0, ""y"": 50.0, ""radius"": 5.0}]"
sudden_target_appearance,27,5.4,0,10.674,12.634,94.0,90.0,50.0,50.0,,,position_noise+confidence_error,,trust_weighted_fusion,move,fixed,0.5,,3,0,113.705,8.305,49.248,uav_1,8.305,False,False,False,False,False,1,"[{""id"": ""obstacle_0"", ""kind"": ""static_obstacle"", ""x"": 50.0, ""y"": 50.0, ""radius"": 5.0}]"
sudden_target_appearance,27,5.4,1,11.975,20.836,90.0,94.0,50.0,50.0,,,position_noise+confidence_error,,trust_weighted_fusion,move,fixed,0.5,,3,0,106.962,8.305,42.921,uav_0,8.305,False,False,False,False,False,1,"[{""id"": ""obstacle_0"", ""kind"": ""static_obstacle"", ""x"": 50.0, ""y"": 50.0, ""radius"": 5.0}]"
sudden_target_appearance,27,5.4,2,20.373,11.14,86.0,90.0,50.0,50.0,,,position_noise+confidence_error,,trust_weighted_fusion,move,fixed,0.5,,3,0,102.595,9.814,43.866,uav_0,9.814,False,False,False,False,False,1,"[{""id"": ""obstacle_0"", ""kind"": ""static_obstacle"", ""x"": 50.0, ""y"": 50.0, ""radius"": 5.0}]"
sudden_target_appearance,27,5.4,3,22.133,21.912,90.0,86.0,50.0,50.0,,,position_noise+confidence_error,,trust_weighted_fusion,move,fixed,0.5,,3,0,93.344,10.215,34.566,uav_1,10.215,False,False,False,False,False,1,"[{""id"": ""obstacle_0"", ""kind"": ""static_obstacle"", ""x"": 50.0, ""y"": 50.0, ""radius"": 5.0}]"
sudden_target_appearance,28,5.6,0,10.948,12.889,94.0,90.0,50.0,50.0,,,position_noise+confidence_error,,trust_weighted_fusion,move,fixed,0.5,,3,0,113.33,8.306,48.873,uav_1,8.306,False,False,False,False,False,1,"[{""id"": ""obstacle_0"", ""kind"": ""static_obstacle"", ""x"": 50.0, ""y"": 50.0, ""radius"": 5.0}]"
sudden_target_appearance,28,5.6,1,12.249,21.093,90.0,94.0,50.0,50.0,,,position_noise+confidence_error,,trust_weighted_fusion,move,fixed,0.5,,3,0,106.587,8.306,42.548,uav_0,8.306,False,False,False,False,False,1,"[{""id"": ""obstacle_0"", ""kind"": ""static_obstacle"", ""x"": 50.0, ""y"": 50.0, ""radius"": 5.0}]"
sudden_target_appearance,28,5.6,2,20.738,11.226,86.0,90.0,50.0,50.0,,,false_positive+position_noise+confidence_error,,trust_weighted_fusion,false_avoidance,fixed,0.5,,4,1,102.296,9.93,43.576,uav_0,9.93,False,True,False,False,False,1,"[{""id"": ""obstacle_0"", ""kind"": ""static_obstacle"", ""x"": 50.0, ""y"": 50.0, ""radius"": 5.0}]"
sudden_target_appearance,28,5.6,3,22.406,22.169,90.0,86.0,50.0,50.0,,,position_noise+confidence_error,,trust_weighted_fusion,move,fixed,0.5,,3,0,92.969,10.214,34.191,uav_1,10.214,False,False,False,False,False,1,"[{""id"": ""obstacle_0"", ""kind"": ""static_obstacle"", ""x"": 50.0, ""y"": 50.0, ""radius"": 5.0}]"
sudden_target_appearance,29,5.8,0,11.223,13.144,94.0,90.0,50.0,50.0,,,position_noise+confidence_error,,trust_weighted_fusion,move,fixed,0.5,,3,0,112.955,8.308,48.498,uav_1,8.308,False,False,False,False,False,1,"[{""id"": ""obstacle_0"", ""kind"": ""static_obstacle"", ""x"": 50.0, ""y"": 50.0, ""radius"": 5.0}]"
sudden_target_appearance,29,5.8,1,12.522,21.349,90.0,94.0,50.0,50.0,,,position_noise+confidence_error,,trust_weighted_fusion,move,fixed,0.5,,3,0,106.212,8.308,42.175,uav_0,8.308,False,False,False,False,False,1,"[{""id"": ""obstacle_0"", ""kind"": ""static_obstacle"", ""x"": 50.0, ""y"": 50.0, ""radius"": 5.0}]"
sudden_target_appearance,29,5.8,2,20.978,11.515,86.0,90.0,50.0,50.0,,,position_noise+confidence_error,,trust_weighted_fusion,move,fixed,0.5,,3,0,101.921,9.89,43.202,uav_0,9.89,False,False,False,False,False,1,"[{""id"": ""obstacle_0"", ""kind"": ""static_obstacle"", ""x"": 50.0, ""y"": 50.0, ""radius"": 5.0}]"
sudden_target_appearance,29,5.8,3,22.679,22.427,90.0,86.0,50.0,50.0,,,position_noise+confidence_error,,trust_weighted_fusion,move,fixed,0.5,,3,0,92.594,10.213,33.817,uav_1,10.213,False,False,False,False,False,1,"[{""id"": ""obstacle_0"", ""kind"": ""static_obstacle"", ""x"": 50.0, ""y"": 50.0, ""radius"": 5.0}]"
sudden_target_appearance,30,6.0,0,11.498,13.399,94.0,90.0,50.0,50.0,,,position_noise+confidence_error,,trust_weighted_fusion,move,fixed,0.5,,3,0,112.58,8.309,48.123,uav_1,8.309,False,False,False,False,False,1,"[{""id"": ""obstacle_0"", ""kind"": ""static_obstacle"", ""x"": 50.0, ""y"": 50.0, ""radius"": 5.0}]"
sudden_target_appearance,30,6.0,1,12.796,21.606,90.0,94.0,50.0,50.0,,,position_noise+confidence_error,,trust_weighted_fusion,move,fixed,0.5,,3,0,105.837,8.309,41.801,uav_0,8.309,False,False,False,False,False,1,"[{""id"": ""obstacle_0"", ""kind"": ""static_obstacle"", ""x"": 50.0, ""y"": 50.0, ""radius"": 5.0}]"
sudden_target_appearance,30,6.0,2,21.217,11.803,86.0,90.0,50.0,50.0,,,position_noise+confidence_error,,trust_weighted_fusion,move,fixed,0.5,,3,0,101.546,9.849,42.827,uav_0,9.849,False,False,False,False,False,1,"[{""id"": ""obstacle_0"", ""kind"": ""static_obstacle"", ""x"": 50.0, ""y"": 50.0, ""radius"": 5.0}]"
sudden_target_appearance,30,6.0,3,22.392,22.669,90.0,86.0,50.0,50.0,,,false_positive+position_noise+confidence_error,,trust_weighted_fusion,false_avoidance,fixed,0.5,,4,1,92.637,9.655,33.848,uav_1,9.655,False,True,False,False,False,1,"[{""id"": ""obstacle_0"", ""kind"": ""static_obstacle"", ""x"": 50.0, ""y"": 50.0, ""radius"": 5.0}]"
sudden_target_appearance,31,6.2,0,11.773,13.654,94.0,90.0,50.0,50.0,,,position_noise+confidence_error,,trust_weighted_fusion,move,fixed,0.5,,3,0,112.205,8.39,47.748,uav_1,8.39,False,False,False,False,False,1,"[{""id"": ""obstacle_0"", ""kind"": ""static_obstacle"", ""x"": 50.0, ""y"": 50.0, ""radius"": 5.0}]"
sudden_target_appearance,31,6.2,1,12.885,21.97,90.0,94.0,50.0,50.0,,,false_positive+position_noise+confidence_error,,trust_weighted_fusion,false_avoidance,fixed,0.5,,4,1,105.523,8.39,41.51,uav_0,8.39,False,True,False,False,False,1,"[{""id"": ""obstacle_0"", ""kind"": ""static_obstacle"", ""x"": 50.0, ""y"": 50.0, ""radius"": 5.0}]"
sudden_target_appearance,31,6.2,2,21.37,12.146,86.0,90.0,50.0,50.0,,,false_positive+position_noise+confidence_error,,trust_weighted_fusion,false_avoidance,fixed,0.5,,4,1,101.185,9.715,42.462,uav_0,9.715,False,True,False,False,False,1,"[{""id"": ""obstacle_0"", ""kind"": ""static_obstacle"", ""x"": 50.0, ""y"": 50.0, ""radius"": 5.0}]"
sudden_target_appearance,31,6.2,3,22.478,23.034,90.0,86.0,50.0,50.0,,,false_positive+position_noise+confidence_error,,trust_weighted_fusion,false_avoidance,fixed,0.5,,4,1,92.326,9.652,33.531,uav_1,9.652,False,True,False,False,False,1,"[{""id"": ""obstacle_0"", ""kind"": ""static_obstacle"", ""x"": 50.0, ""y"": 50.0, ""radius"": 5.0}]"
sudden_target_appearance,32,6.4,0,12.03,13.927,94.0,90.0,50.0,50.0,,,false_positive+position_noise+confidence_error,,trust_weighted_fusion,false_avoidance,fixed,0.5,,4,1,111.831,8.376,47.373,uav_1,8.376,False,True,False,False,False,1,"[{""id"": ""obstacle_0"", ""kind"": ""static_obstacle"", ""x"": 50.0, ""y"": 50.0, ""radius"": 5.0}]"
sudden_target_appearance,32,6.4,1,13.159,22.226,90.0,94.0,50.0,50.0,,,position_noise+confidence_error,,trust_weighted_fusion,move,fixed,0.5,,3,0,105.148,8.376,41.137,uav_0,8.376,False,False,False,False,False,1,"[{""id"": ""obstacle_0"", ""kind"": ""static_obstacle"", ""x"": 50.0, ""y"": 50.0, ""radius"": 5.0}]"
sudden_target_appearance,32,6.4,2,21.609,12.434,86.0,90.0,50.0,50.0,,,position_noise+confidence_error,,trust_weighted_fusion,move,fixed,0.5,,3,0,100.81,9.694,42.087,uav_0,9.694,False,False,False,False,False,1,"[{""id"": ""obstacle_0"", ""kind"": ""static_obstacle"", ""x"": 50.0, ""y"": 50.0, ""radius"": 5.0}]"
sudden_target_appearance,32,6.4,3,22.752,23.289,90.0,86.0,50.0,50.0,,,position_noise+confidence_error,,trust_weighted_fusion,move,fixed,0.5,,3,0,91.951,9.652,33.156,uav_1,9.652,False,False,False,False,False,1,"[{""id"": ""obstacle_0"", ""kind"": ""static_obstacle"", ""x"": 50.0, ""y"": 50.0, ""radius"": 5.0}]"
sudden_target_appearance,33,6.6,0,12.305,14.182,94.0,90.0,50.0,50.0,,,position_noise+confidence_error,,trust_weighted_fusion,move,fixed,0.5,,3,0,111.456,8.415,46.998,uav_1,8.415,False,False,False,False,False,1,"[{""id"": ""obstacle_0"", ""kind"": ""static_obstacle"", ""x"": 50.0, ""y"": 50.0, ""radius"": 5.0}]"
sudden_target_appearance,33,6.6,1,13.382,22.527,90.0,94.0,50.0,50.0,,,false_positive+position_noise+confidence_error,,trust_weighted_fusion,false_avoidance,fixed,0.5,,4,1,104.779,8.415,40.778,uav_0,8.415,False,True,False,False,False,1,"[{""id"": ""obstacle_0"", ""kind"": ""static_obstacle"", ""x"": 50.0, ""y"": 50.0, ""radius"": 5.0}]"
sudden_target_appearance,33,6.6,2,21.849,12.723,86.0,90.0,50.0,50.0,,,position_noise+confidence_error,,trust_weighted_fusion,move,fixed,0.5,,3,0,100.435,9.654,41.713,uav_0,9.654,False,False,False,False,False,1,"[{""id"": ""obstacle_0"", ""kind"": ""static_obstacle"", ""x"": 50.0, ""y"": 50.0, ""radius"": 5.0}]"
sudden_target_appearance,33,6.6,3,23.026,23.545,90.0,86.0,50.0,50.0,,,position_noise+confidence_error,,trust_weighted_fusion,move,fixed,0.5,,3,0,91.576,9.697,32.781,uav_1,9.697,False,False,False,False,False,1,"[{""id"": ""obstacle_0"", ""kind"": ""static_obstacle"", ""x"": 50.0, ""y"": 50.0, ""radius"": 5.0}]"
sudden_target_appearance,34,6.8,0,12.58,14.437,94.0,90.0,50.0,50.0,,,position_noise+confidence_error,,trust_weighted_fusion,move,fixed,0.5,,3,0,111.081,8.415,46.623,uav_1,8.415,False,False,False,False,False,1,"[{""id"": ""obstacle_0"", ""kind"": ""static_obstacle"", ""x"": 50.0, ""y"": 50.0, ""radius"": 5.0}]"
sudden_target_appearance,34,6.8,1,13.657,22.783,90.0,94.0,50.0,50.0,,,position_noise+confidence_error,,trust_weighted_fusion,move,fixed,0.5,,3,0,104.404,8.415,40.405,uav_0,8.415,False,False,False,False,False,1,"[{""id"": ""obstacle_0"", ""kind"": ""static_obstacle"", ""x"": 50.0, ""y"": 50.0, ""radius"": 5.0}]"
sudden_target_appearance,34,6.8,2,22.088,13.011,86.0,90.0,50.0,50.0,,,position_noise+confidence_error,,trust_weighted_fusion,move,fixed,0.5,,3,0,100.06,9.614,41.338,uav_0,9.614,False,False,False,False,False,1,"[{""id"": ""obstacle_0"", ""kind"": ""static_obstacle"", ""x"": 50.0, ""y"": 50.0, ""radius"": 5.0}]"
sudden_target_appearance,34,6.8,3,23.301,23.801,90.0,86.0,50.0,50.0,,,position_noise+confidence_error,,trust_weighted_fusion,move,fixed,0.5,,3,0,91.201,9.698,32.407,uav_1,9.698,False,False,False,False,False,1,"[{""id"": ""obstacle_0"", ""kind"": ""static_obstacle"", ""x"": 50.0, ""y"": 50.0, ""radius"": 5.0}]"
sudden_target_appearance,35,7.0,0,12.953,14.472,94.0,90.0,50.0,50.0,,,false_positive+position_noise+confidence_error,,trust_weighted_fusion,false_avoidance,fixed,0.5,,4,1,110.784,8.622,46.329,uav_1,8.622,False,True,False,False,False,1,"[{""id"": ""obstacle_0"", ""kind"": ""static_obstacle"", ""x"": 50.0, ""y"": 50.0, ""radius"": 5.0}]"
sudden_target_appearance,35,7.0,1,13.931,23.039,90.0,94.0,50.0,50.0,,,position_noise+confidence_error,,trust_weighted_fusion,move,fixed,0.5,,3,0,104.029,8.622,40.032,uav_0,8.622,False,False,False,False,False,1,"[{""id"": ""obstacle_0"", ""kind"": ""static_obstacle"", ""x"": 50.0, ""y"": 50.0, ""radius"": 5.0}]"
sudden_target_appearance,35,7.0,2,22.364,13.265,86.0,90.0,50.0,50.0,,,false_positive+position_noise+confidence_error,,trust_weighted_fusion,false_avoidance,fixed,0.5,,4,1,99.688,9.488,40.969,uav_0,9.488,False,True,False,False,False,1,"[{""id"": ""obstacle_0"", ""kind"": ""static_obstacle"", ""x"": 50.0, ""y"": 50.0, ""radius"": 5.0}]"
sudden_target_appearance,35,7.0,3,23.575,24.057,90.0,86.0,50.0,50.0,,,position_noise+confidence_error,,trust_weighted_fusion,move,fixed,0.5,,3,0,90.826,9.698,32.032,uav_1,9.698,False,False,False,False,False,1,"[{""id"": ""obstacle_0"", ""kind"": ""static_obstacle"", ""x"": 50.0, ""y"": 50.0, ""radius"": 5.0}]"
sudden_target_appearance,36,7.2,0,13.228,14.728,94.0,90.0,50.0,50.0,,,position_noise+confidence_error,,trust_weighted_fusion,move,fixed,0.5,,3,0,110.409,8.622,45.954,uav_1,8.622,False,False,False,False,False,1,"[{""id"": ""obstacle_0"", ""kind"": ""static_obstacle"", ""x"": 50.0, ""y"": 50.0, ""radius"": 5.0}]"
sudden_target_appearance,36,7.2,1,14.205,23.295,90.0,94.0,50.0,50.0,,,position_noise+confidence_error,,trust_weighted_fusion,move,fixed,0.5,,3,0,103.654,8.622,39.659,uav_0,8.622,False,False,False,False,False,1,"[{""id"": ""obstacle_0"", ""kind"": ""static_obstacle"", ""x"": 50.0, ""y"": 50.0, ""radius"": 5.0}]"
sudden_target_appearance,36,7.2,2,22.089,13.519,86.0,90.0,50.0,50.0,,,false_positive+position_noise+confidence_error,,trust_weighted_fusion,false_avoidance,fixed,0.5,,4,1,99.669,8.943,40.934,uav_0,8.943,False,True,False,False,False,1,"[{""id"": ""obstacle_0"", ""kind"": ""static_obstacle"", ""x"": 50.0, ""y"": 50.0, ""radius"": 5.0}]"
sudden_target_appearance,36,7.2,3,23.849,24.312,90.0,86.0,50.0,50.0,,,position_noise+confidence_error,,trust_weighted_fusion,move,fixed,0.5,,3,0,90.451,9.698,31.657,uav_1,9.698,False,False,False,False,False,1,"[{""id"": ""obstacle_0"", ""kind"": ""static_obstacle"", ""x"": 50.0, ""y"": 50.0, ""radius"": 5.0}]"
sudden_target_appearance,37,7.4,0,13.502,14.983,94.0,90.0,50.0,50.0,,,position_noise+confidence_error,,trust_weighted_fusion,move,fixed,0.5,,3,0,110.034,8.623,45.579,uav_1,8.623,False,False,False,False,False,1,"[{""id"": ""obstacle_0"", ""kind"": ""static_obstacle"", ""x"": 50.0, ""y"": 50.0, ""radius"": 5.0}]"
sudden_target_appearance,37,7.4,1,14.479,23.55,90.0,94.0,50.0,50.0,,,position_noise+confidence_error,,trust_weighted_fusion,move,fixed,0.5,,3,0,103.279,8.623,39.287,uav_0,8.623,False,False,False,False,False,1,"[{""id"": ""obstacle_0"", ""kind"": ""static_obstacle"", ""x"": 50.0, ""y"": 50.0, ""radius"": 5.0}]"
sudden_target_appearance,37,7.4,2,22.464,13.508,86.0,90.0,50.0,50.0,,,false_positive+position_noise+confidence_error,,trust_weighted_fusion,false_avoidance,fixed,0.5,,4,1,99.438,9.082,40.716,uav_0,9.082,False,True,False,False,False,1,"[{""id"": ""obstacle_0"", ""kind"": ""static_obstacle"", ""x"": 50.0, ""y"": 50.0, ""radius"": 5.0}]"
sudden_target_appearance,37,7.4,3,24.123,24.568,90.0,86.0,50.0,50.0,,,position_noise+confidence_error,,trust_weighted_fusion,move,fixed,0.5,,3,0,90.076,9.698,31.282,uav_1,9.698,False,False,False,False,False,1,"[{""id"": ""obstacle_0"", ""kind"": ""static_obstacle"", ""x"": 50.0, ""y"": 50.0, ""radius"": 5.0}]"
sudden_target_appearance,38,7.6,0,13.776,15.239,94.0,90.0,50.0,50.0,,,position_noise+confidence_error,,trust_weighted_fusion,move,fixed,0.5,,3,0,109.659,8.623,45.204,uav_1,8.623,False,False,False,False,False,1,"[{""id"": ""obstacle_0"", ""kind"": ""static_obstacle"", ""x"": 50.0, ""y"": 50.0, ""radius"": 5.0}]"
sudden_target_appearance,38,7.6,1,14.753,23.806,90.0,94.0,50.0,50.0,,,position_noise+confidence_error,,trust_weighted_fusion,move,fixed,0.5,,3,0,102.904,8.623,38.914,uav_0,8.623,False,False,False,False,False,1,"[{""id"": ""obstacle_0"", ""kind"": ""static_obstacle"", ""x"": 50.0, ""y"": 50.0, ""radius"": 5.0}]"
sudden_target_appearance,38,7.6,2,22.703,13.796,86.0,90.0,50.0,50.0,,,position_noise+confidence_error,,trust_weighted_fusion,move,fixed,0.5,,3,0,99.063,9.042,40.341,uav_0,9.042,False,False,False,False,False,1,"[{""id"": ""obstacle_0"", ""kind"": ""static_obstacle"", ""x"": 50.0, ""y"": 50.0, ""radius"": 5.0}]"
sudden_target_appearance,38,7.6,3,24.398,24.824,90.0,86.0,50.0,50.0,,,position_noise+confidence_error,,trust_weighted_fusion,move,fixed,0.5,,3,0,89.701,9.698,30.907,uav_1,9.698,False,False,False,False,False,1,"[{""id"": ""obstacle_0"", ""kind"": ""static_obstacle"", ""x"": 50.0, ""y"": 50.0, ""radius"": 5.0}]"
sudden_target_appearance,39,7.8,0,13.856,15.606,94.0,90.0,50.0,50.0,,,false_positive+position_noise+confidence_error,,trust_weighted_fusion,false_avoidance,fixed,0.5,,4,1,109.351,8.537,44.894,uav_1,8.537,False,True,False,False,False,1,"[{""id"": ""obstacle_0"", ""kind"": ""static_obstacle"", ""x"": 50.0, ""y"": 50.0, ""radius"": 5.0}]"
sudden_target_appearance,39,7.8,1,15.028,24.062,90.0,94.0,50.0,50.0,,,position_noise+confidence_error,,trust_weighted_fusion,move,fixed,0.5,,3,0,102.529,8.537,38.541,uav_0,8.537,False,False,False,False,False,1,"[{""id"": ""obstacle_0"", ""kind"": ""static_obstacle"", ""x"": 50.0, ""y"": 50.0, ""radius"": 5.0}]"
sudden_target_appearance,39,7.8,2,23.074,13.854,86.0,90.0,50.0,50.0,,,false_positive+position_noise+confidence_error,,trust_weighted_fusion,false_avoidance,fixed,0.5,,4,1,98.782,9.383,40.073,uav_0,9.383,False,True,False,False,False,1,"[{""id"": ""obstacle_0"", ""kind"": ""static_obstacle"", ""x"": 50.0, ""y"": 50.0, ""radius"": 5.0}]"
sudden_target_appearance,39,7.8,3,24.618,24.521,90.0,86.0,50.0,50.0,,,false_positive+position_noise+confidence_error,,trust_weighted_fusion,false_avoidance,fixed,0.5,,4,1,89.747,9.601,30.964,uav_1,9.601,False,True,False,False,False,1,"[{""id"": ""obstacle_0"", ""kind"": ""static_obstacle"", ""x"": 50.0, ""y"": 50.0, ""radius"": 5.0}]"
sudden_target_appearance,40,8.0,0,14.131,15.861,94.0,90.0,50.0,50.0,,,position_noise+confidence_error,,trust_weighted_fusion,move,fixed,0.5,,3,0,108.976,8.538,44.519,uav_1,8.538,False,False,False,False,False,1,"[{""id"": ""obstacle_0"", ""kind"": ""static_obstacle"", ""x"": 50.0, ""y"": 50.0, ""radius"": 5.0}]"
sudden_target_appearance,40,8.0,1,15.302,24.318,90.0,94.0,50.0,50.0,,,position_noise+confidence_error,,trust_weighted_fusion,move,fixed,0.5,,3,0,102.154,8.538,38.169,uav_0,8.538,False,False,False,False,False,1,"[{""id"": ""obstacle_0"", ""kind"": ""static_obstacle"", ""x"": 50.0, ""y"": 50.0, ""radius"": 5.0}]"
sudden_target_appearance,40,8.0,2,23.313,14.143,86.0,90.0,50.0,50.0,,,position_noise+confidence_error,,trust_weighted_fusion,move,fixed,0.5,,3,0,98.407,9.341,39.698,uav_0,9.341,False,False,False,False,False,1,"[{""id"": ""obstacle_0"", ""kind"": ""static_obstacle"", ""x"": 50.0, ""y"": 50.0, ""radius"": 5.0}]"
sudden_target_appearance,40,8.0,3,24.891,24.778,90.0,86.0,50.0,50.0,,,position_noise+confidence_error,,trust_weighted_fusion,move,fixed,0.5,,3,0,89.372,9.601,30.59,uav_1,9.601,False,False,False,False,False,1,"[{""id"": ""obstacle_0"", ""kind"": ""static_obstacle"", ""x"": 50.0, ""y"": 50.0, ""radius"": 5.0}]"
sudden_target_appearance,41,8.2,0,14.405,16.116,94.0,90.0,50.0,50.0,,,position_noise+confidence_error,,trust_weighted_fusion,move,fixed,0.5,,3,0,108.601,8.621,44.144,uav_1,8.621,False,False,False,False,False,1,"[{""id"": ""obstacle_0"", ""kind"": ""static_obstacle"", ""x"": 50.0, ""y"": 50.0, ""radius"": 5.0}]"
sudden_target_appearance,41,8.2,1,15.403,24.679,90.0,94.0,50.0,50.0,,,false_positive+position_noise+confidence_error,,trust_weighted_fusion,false_avoidance,fixed,0.5,,4,1,101.834,8.621,37.873,uav_0,8.621,False,True,False,False,False,1,"[{""id"": ""obstacle_0"", ""kind"": ""static_obstacle"", ""x"": 50.0, ""y"": 50.0, ""radius"": 5.0}]"
sudden_target_appearance,41,8.2,2,23.551,14.432,86.0,90.0,50.0,50.0,,,position_noise+confidence_error,,trust_weighted_fusion,move,fixed,0.5,,3,0,98.032,9.3,39.324,uav_0,9.3,False,False,False,False,False,1,"[{""id"": ""obstacle_0"", ""kind"": ""static_obstacle"", ""x"": 50.0, ""y"": 50.0, ""radius"": 5.0}]"
sudden_target_appearance,41,8.2,3,25.165,25.035,90.0,86.0,50.0,50.0,,,position_noise+confidence_error,,trust_weighted_fusion,move,fixed,0.5,,3,0,88.997,9.768,30.215,uav_1,9.768,False,False,False,False,False,1,"[{""id"": ""obstacle_0"", ""kind"": ""static_obstacle"", ""x"": 50.0, ""y"": 50.0, ""radius"": 5.0}]"
sudden_target_appearance,42,8.4,0,14.68,16.371,94.0,90.0,50.0,50.0,,,position_noise+confidence_error,,trust_weighted_fusion,move,fixed,0.5,,3,0,108.226,8.621,43.769,uav_1,8.621,False,False,False,False,False,1,"[{""id"": ""obstacle_0"", ""kind"": ""static_obstacle"", ""x"": 50.0, ""y"": 50.0, ""radius"": 5.0}]"
sudden_target_appearance,42,8.4,1,15.678,24.934,90.0,94.0,50.0,50.0,,,position_noise+confidence_error,,trust_weighted_fusion,move,fixed,0.5,,3,0,101.459,8.621,37.5,uav_0,8.621,False,False,False,False,False,1,"[{""id"": ""obstacle_0"", ""kind"": ""static_obstacle"", ""x"": 50.0, ""y"": 50.0, ""radius"": 5.0}]"
sudden_target_appearance,42,8.4,2,23.79,14.721,86.0,90.0,50.0,50.0,,,position_noise+confidence_error,,trust_weighted_fusion,move,fixed,0.5,,3,0,97.657,9.258,38.949,uav_0,9.258,False,False,False,False,False,1,"[{""id"": ""obstacle_0"", ""kind"": ""static_obstacle"", ""x"": 50.0, ""y"": 50.0, ""radius"": 5.0}]"
sudden_target_appearance,42,8.4,3,25.438,25.291,90.0,86.0,50.0,50.0,,,position_noise+confidence_error,,trust_weighted_fusion,move,fixed,0.5,,3,0,88.622,9.766,29.84,uav_1,9.766,False,False,False,False,False,1,"[{""id"": ""obstacle_0"", ""kind"": ""static_obstacle"", ""x"": 50.0, ""y"": 50.0, ""radius"": 5.0}]"
sudden_target_appearance,43,8.6,0,14.955,16.626,94.0,90.0,50.0,50.0,,,position_noise+confidence_error,,trust_weighted_fusion,move,fixed,0.5,,3,0,107.851,8.621,43.394,uav_1,8.621,False,False,False,False,False,1,"[{""id"": ""obstacle_0"", ""kind"": ""static_obstacle"", ""x"": 50.0, ""y"": 50.0, ""radius"": 5.0}]"
sudden_target_appearance,43,8.6,1,15.953,25.189,90.0,94.0,50.0,50.0,,,position_noise+confidence_error,,trust_weighted_fusion,move,fixed,0.5,,3,0,101.084,8.621,37.128,uav_0,8.621,False,False,False,False,False,1,"[{""id"": ""obstacle_0"", ""kind"": ""static_obstacle"", ""x"": 50.0, ""y"": 50.0, ""radius"": 5.0}]"
sudden_target_appearance,43,8.6,2,24.029,15.011,86.0,90.0,50.0,50.0,,,position_noise+confidence_error,,trust_weighted_fusion,move,fixed,0.5,,3,0,97.282,9.217,38.575,uav_0,9.217,False,False,False,False,False,1,"[{""id"": ""obstacle_0"", ""kind"": ""static_obstacle"", ""x"": 50.0, ""y"": 50.0, ""radius"": 5.0}]"
sudden_target_appearance,43,8.6,3,25.711,25.548,90.0,86.0,50.0,50.0,,,position_noise+confidence_error,,trust_weighted_fusion,move,fixed,0.5,,3,0,88.247,9.765,29.465,uav_1,9.765,False,False,False,False,False,1,"[{""id"": ""obstacle_0"", ""kind"": ""static_obstacle"", ""x"": 50.0, ""y"": 50.0, ""radius"": 5.0}]"
sudden_target_appearance,44,8.8,0,15.23,16.881,94.0,90.0,50.0,50.0,,,position_noise+confidence_error,,trust_weighted_fusion,move,fixed,0.5,,3,0,107.476,8.621,43.019,uav_1,8.621,False,False,False,False,False,1,"[{""id"": ""obstacle_0"", ""kind"": ""static_obstacle"", ""x"": 50.0, ""y"": 50.0, ""radius"": 5.0}]"
sudden_target_appearance,44,8.8,1,16.228,25.445,90.0,94.0,50.0,50.0,,,position_noise+confidence_error,,trust_weighted_fusion,move,fixed,0.5,,3,0,100.709,8.621,36.756,uav_0,8.621,False,False,False,False,False,1,"[{""id"": ""obstacle_0"", ""kind"": ""static_obstacle"", ""x"": 50.0, ""y"": 50.0, ""radius"": 5.0}]"
sudden_target_appearance,44,8.8,2,24.334,14.792,86.0,90.0,50.0,50.0,,,false_positive+position_noise+confidence_error,,trust_weighted_fusion,false_avoidance,fixed,0.5,,4,1,97.258,9.34,38.571,uav_0,9.34,False,True,False,False,False,1,"[{""id"": ""obstacle_0"", ""kind"": ""static_obstacle"", ""x"": 50.0, ""y"": 50.0, ""radius"": 5.0}]"
sudden_target_appearance,44,8.8,3,25.984,25.805,90.0,86.0,50.0,50.0,,,position_noise+confidence_error,,trust_weighted_fusion,move,fixed,0.5,,3,0,87.872,9.763,29.09,uav_1,9.763,False,False,False,False,False,1,"[{""id"": ""obstacle_0"", ""kind"": ""static_obstacle"", ""x"": 50.0, ""y"": 50.0, ""radius"": 5.0}]"
sudden_target_appearance,45,9.0,0,15.505,17.136,94.0,90.0,50.0,50.0,,,position_noise+confidence_error,,trust_weighted_fusion,move,fixed,0.5,,3,0,107.101,8.621,42.644,uav_1,8.621,False,False,False,False,False,1,"[{""id"": ""obstacle_0"", ""kind"": ""static_obstacle"", ""x"": 50.0, ""y"": 50.0, ""radius"": 5.0}]"
sudden_target_appearance,45,9.0,1,16.502,25.7,90.0,94.0,50.0,50.0,,,position_noise+confidence_error,,trust_weighted_fusion,move,fixed,0.5,,3,0,100.334,8.621,36.383,uav_0,8.621,False,False,False,False,False,1,"[{""id"": ""obstacle_0"", ""kind"": ""static_obstacle"", ""x"": 50.0, ""y"": 50.0, ""radius"": 5.0}]"
sudden_target_appearance,45,9.0,2,24.571,15.082,86.0,90.0,50.0,50.0,,,position_noise+confidence_error,,trust_weighted_fusion,move,fixed,0.5,,3,0,96.883,9.297,38.196,uav_0,9.297,False,False,False,False,False,1,"[{""id"": ""obstacle_0"", ""kind"": ""static_obstacle"", ""x"": 50.0, ""y"": 50.0, ""radius"": 5.0}]"
sudden_target_appearance,45,9.0,3,26.257,26.062,90.0,86.0,50.0,50.0,,,position_noise+confidence_error,,trust_weighted_fusion,move,fixed,0.5,,3,0,87.497,9.762,28.716,uav_1,9.762,False,False,False,False,False,1,"[{""id"": ""obstacle_0"", ""kind"": ""static_obstacle"", ""x"": 50.0, ""y"": 50.0, ""radius"": 5.0}]"
sudden_target_appearance,46,9.2,0,15.78,17.391,94.0,90.0,50.0,50.0,,,position_noise+confidence_error,,trust_weighted_fusion,move,fixed,0.5,,3,0,106.726,8.622,42.269,uav_1,8.622,False,False,False,False,False,1,"[{""id"": ""obstacle_0"", ""kind"": ""static_obstacle"", ""x"": 50.0, ""y"": 50.0, ""radius"": 5.0}]"
sudden_target_appearance,46,9.2,1,16.777,25.955,90.0,94.0,50.0,50.0,,,position_noise+confidence_error,,trust_weighted_fusion,move,fixed,0.5,,3,0,99.959,8.622,36.011,uav_0,8.622,False,False,False,False,False,1,"[{""id"": ""obstacle_0"", ""kind"": ""static_obstacle"", ""x"": 50.0, ""y"": 50.0, ""radius"": 5.0}]"
sudden_target_appearance,46,9.2,2,24.809,15.372,86.0,90.0,50.0,50.0,,,position_noise+confidence_error,,trust_weighted_fusion,move,fixed,0.5,,3,0,96.508,9.253,37.822,uav_0,9.253,False,False,False,False,False,1,"[{""id"": ""obstacle_0"", ""kind"": ""static_obstacle"", ""x"": 50.0, ""y"": 50.0, ""radius"": 5.0}]"
sudden_target_appearance,46,9.2,3,26.53,26.319,90.0,86.0,50.0,50.0,,,position_noise+confidence_error,,trust_weighted_fusion,move,fixed,0.5,,3,0,87.122,9.76,28.341,uav_1,9.76,False,False,False,False,False,1,"[{""id"": ""obstacle_0"", ""kind"": ""static_obstacle"", ""x"": 50.0, ""y"": 50.0, ""radius"": 5.0}]"
sudden_target_appearance,47,9.4,0,16.054,17.647,94.0,90.0,50.0,50.0,,,position_noise+confidence_error,,trust_weighted_fusion,move,fixed,0.5,,3,0,106.351,8.622,41.894,uav_1,8.622,False,False,False,False,False,1,"[{""id"": ""obstacle_0"", ""kind"": ""static_obstacle"", ""x"": 50.0, ""y"": 50.0, ""radius"": 5.0}]"
sudden_target_appearance,47,9.4,1,17.052,26.21,90.0,94.0,50.0,50.0,,,position_noise+confidence_error,,trust_weighted_fusion,move,fixed,0.5,,3,0,99.584,8.622,35.639,uav_0,8.622,False,False,False,False,False,1,"[{""id"": ""obstacle_0"", ""kind"": ""static_obstacle"", ""x"": 50.0, ""y"": 50.0, ""radius"": 5.0}]"
sudden_target_appearance,47,9.4,2,25.047,15.662,86.0,90.0,50.0,50.0,,,position_noise+confidence_error,,trust_weighted_fusion,move,fixed,0.5,,3,0,96.133,9.209,37.447,uav_0,9.209,False,False,False,False,False,1,"[{""id"": ""obstacle_0"", ""kind"": ""static_obstacle"", ""x"": 50.0, ""y"": 50.0, ""radius"": 5.0}]"
sudden_target_appearance,47,9.4,3,26.804,26.576,90.0,86.0,50.0,50.0,,,position_noise+confidence_error,,trust_weighted_fusion,move,fixed,0.5,,3,0,86.747,9.759,27.966,uav_1,9.759,False,False,False,False,False,1,"[{""id"": ""obstacle_0"", ""kind"": ""static_obstacle"", ""x"": 50.0, ""y"": 50.0, ""radius"": 5.0}]"
sudden_target_appearance,48,9.6,0,16.388,17.818,94.0,90.0,50.0,50.0,,,false_positive+position_noise+confidence_error,,trust_weighted_fusion,false_avoidance,fixed,0.5,,4,1,105.99,8.236,41.534,uav_1,8.236,False,True,False,False,False,1,"[{""id"": ""obstacle_0"", ""kind"": ""static_obstacle"", ""x"": 50.0, ""y"": 50.0, ""radius"": 5.0}]"
sudden_target_appearance,48,9.6,1,17.36,25.996,90.0,94.0,50.0,50.0,,,false_positive+position_noise+confidence_error,,trust_weighted_fusion,false_avoidance,fixed,0.5,,4,1,99.504,8.236,35.516,uav_0,8.236,False,True,False,False,False,1,"[{""id"": ""obstacle_0"", ""kind"": ""static_obstacle"", ""x"": 50.0, ""y"": 50.0, ""radius"": 5.0}]"
sudden_target_appearance,48,9.6,2,25.285,15.952,86.0,90.0,50.0,50.0,,,position_noise+confidence_error,,trust_weighted_fusion,move,fixed,0.5,,3,0,95.758,9.09,37.073,uav_0,9.09,False,False,False,False,False,1,"[{""id"": ""obstacle_0"", ""kind"": ""static_obstacle"", ""x"": 50.0, ""y"": 50.0, ""radius"": 5.0}]"
sudden_target_appearance,48,9.6,3,26.786,26.95,90.0,86.0,50.0,50.0,,,false_positive+position_noise+confidence_error,,trust_weighted_fusion,false_avoidance,fixed,0.5,,4,1,86.504,9.475,27.713,uav_1,9.475,False,True,False,False,False,1,"[{""id"": ""obstacle_0"", ""kind"": ""static_obstacle"", ""x"": 50.0, ""y"": 50.0, ""radius"": 5.0}]"
sudden_target_appearance,49,9.8,0,16.663,18.073,94.0,90.0,50.0,50.0,,,position_noise+confidence_error,,trust_weighted_fusion,move,fixed,0.5,,3,0,105.615,8.237,41.159,uav_1,8.237,False,False,False,False,False,1,"[{""id"": ""obstacle_0"", ""kind"": ""static_obstacle"", ""x"": 50.0, ""y"": 50.0, ""radius"": 5.0}]"
sudden_target_appearance,49,9.8,1,17.633,26.253,90.0,94.0,50.0,50.0,,,position_noise+confidence_error,,trust_weighted_fusion,move,fixed,0.5,,3,0,99.129,8.237,35.144,uav_0,8.237,False,False,False,False,False,1,"[{""id"": ""obstacle_0"", ""kind"": ""static_obstacle"", ""x"": 50.0, ""y"": 50.0, ""radius"": 5.0}]"
sudden_target_appearance,49,9.8,2,25.523,16.242,86.0,90.0,50.0,50.0,,,position_noise+confidence_error,,trust_weighted_fusion,move,fixed,0.5,,3,0,95.383,9.047,36.699,uav_0,9.047,False,False,False,False,False,1,"[{""id"": ""obstacle_0"", ""kind"": ""static_obstacle"", ""x"": 50.0, ""y"": 50.0, ""radius"": 5.0}]"
sudden_target_appearance,49,9.8,3,27.06,27.206,90.0,86.0,50.0,50.0,,,position_noise+confidence_error,,trust_weighted_fusion,move,fixed,0.5,,3,0,86.129,9.475,27.339,uav_1,9.475,False,False,False,False,False,1,"[{""id"": ""obstacle_0"", ""kind"": ""static_obstacle"", ""x"": 50.0, ""y"": 50.0, ""radius"": 5.0}]"
sudden_target_appearance,50,10.0,0,16.937,18.329,94.0,90.0,50.0,50.0,,,position_noise+confidence_error,,trust_weighted_fusion,move,fixed,0.5,,3,0,105.24,8.257,40.784,uav_1,8.257,False,False,False,False,False,1,"[{""id"": ""obstacle_0"", ""kind"": ""static_obstacle"", ""x"": 50.0, ""y"": 50.0, ""radius"": 5.0}]"
sudden_target_appearance,50,10.0,1,17.884,26.531,90.0,94.0,50.0,50.0,,,false_positive+position_noise+confidence_error,,trust_weighted_fusion,false_avoidance,fixed,0.5,,4,1,98.756,8.257,34.777,uav_0,8.257,False,True,False,False,False,1,"[{""id"": ""obstacle_0"", ""kind"": ""static_obstacle"", ""x"": 50.0, ""y"": 50.0, ""radius"": 5.0}]"
sudden_target_appearance,50,10.0,2,25.76,16.532,86.0,90.0,50.0,50.0,,,position_noise+confidence_error,,trust_weighted_fusion,move,fixed,0.5,,3,0,95.008,9.004,36.324,uav_0,9.004,False,False,False,False,False,1,"[{""id"": ""obstacle_0"", ""kind"": ""static_obstacle"", ""x"": 50.0, ""y"": 50.0, ""radius"": 5.0}]"
sudden_target_appearance,50,10.0,3,27.407,27.348,90.0,86.0,50.0,50.0,,,false_positive+position_noise+confidence_error,,trust_weighted_fusion,false_avoidance,fixed,0.5,,4,1,85.778,9.558,26.993,uav_1,9.558,False,True,False,False,False,1,"[{""id"": ""obstacle_0"", ""kind"": ""static_obstacle"", ""x"": 50.0, ""y"": 50.0, ""radius"": 5.0}]"
sudden_target_appearance,51,10.2,0,17.212,18.584,94.0,90.0,50.0,50.0,,,position_noise+confidence_error,,trust_weighted_fusion,move,fixed,0.5,,3,0,104.865,8.282,40.409,uav_1,8.282,False,False,False,False,False,1,"[{""id"": ""obstacle_0"", ""kind"": ""static_obstacle"", ""x"": 50.0, ""y"": 50.0, ""radius"": 5.0}]"
sudden_target_appearance,51,10.2,1,18.13,26.815,90.0,94.0,50.0,50.0,,,false_positive+position_noise+confidence_error,,trust_weighted_fusion,false_avoidance,fixed,0.5,,4,1,98.383,8.282,34.412,uav_0,8.282,False,True,False,False,False,1,"[{""id"": ""obstacle_0"", ""kind"": ""static_obstacle"", ""x"": 50.0, ""y"": 50.0, ""radius"": 5.0}]"
sudden_target_appearance,51,10.2,2,25.998,16.822,86.0,90.0,50.0,50.0,,,position_noise+confidence_error,,trust_weighted_fusion,move,fixed,0.5,,3,0,94.633,8.961,35.95,uav_0,8.961,False,False,False,False,False,1,"[{""id"": ""obstacle_0"", ""kind"": ""static_obstacle"", ""x"": 50.0, ""y"": 50.0, ""radius"": 5.0}]"
sudden_target_appearance,51,10.2,3,27.772,27.435,90.0,86.0,50.0,50.0,,,false_positive+position_noise+confidence_error,,trust_weighted_fusion,false_avoidance,fixed,0.5,,4,1,85.453,9.662,26.674,uav_1,9.662,False,True,False,False,False,1,"[{""id"": ""obstacle_0"", ""kind"": ""static_obstacle"", ""x"": 50.0, ""y"": 50.0, ""radius"": 5.0}]"
sudden_target_appearance,52,10.4,0,17.486,18.84,94.0,90.0,50.0,50.0,,,position_noise+confidence_error,,trust_weighted_fusion,move,fixed,0.5,,3,0,104.49,8.282,40.035,uav_1,8.282,False,False,False,False,False,1,"[{""id"": ""obstacle_0"", ""kind"": ""static_obstacle"", ""x"": 50.0, ""y"": 50.0, ""radius"": 5.0}]"
sudden_target_appearance,52,10.4,1,18.404,27.071,90.0,94.0,50.0,50.0,,,position_noise+confidence_error,,trust_weighted_fusion,move,fixed,0.5,,3,0,98.008,8.282,34.039,uav_0,8.282,False,False,False,False,False,1,"[{""id"": ""obstacle_0"", ""kind"": ""static_obstacle"", ""x"": 50.0, ""y"": 50.0, ""radius"": 5.0}]"
sudden_target_appearance,52,10.4,2,26.236,17.112,86.0,90.0,50.0,50.0,,,position_noise+confidence_error,,trust_weighted_fusion,move,fixed,0.5,,3,0,94.258,8.918,35.576,uav_0,8.918,False,False,False,False,False,1,"[{""id"": ""obstacle_0"", ""kind"": ""static_obstacle"", ""x"": 50.0, ""y"": 50.0, ""radius"": 5.0}]"
sudden_target_appearance,52,10.4,3,28.045,27.692,90.0,86.0,50.0,50.0,,,position_noise+confidence_error,,trust_weighted_fusion,move,fixed,0.5,,3,0,85.078,9.661,26.299,uav_1,9.661,False,False,False,False,False,1,"[{""id"": ""obstacle_0"", ""kind"": ""static_obstacle"", ""x"": 50.0, ""y"": 50.0, ""radius"": 5.0}]"
sudden_target_appearance,53,10.6,0,17.761,19.095,94.0,90.0,50.0,50.0,,,position_noise+confidence_error,,trust_weighted_fusion,move,fixed,0.5,,3,0,104.115,8.283,39.66,uav_1,8.283,False,False,False,False,False,1,"[{""id"": ""obstacle_0"", ""kind"": ""static_obstacle"", ""x"": 50.0, ""y"": 50.0, ""radius"": 5.0}]"
sudden_target_appearance,53,10.6,1,18.678,27.327,90.0,94.0,50.0,50.0,,,position_noise+confidence_error,,trust_weighted_fusion,move,fixed,0.5,,3,0,97.633,8.283,33.667,uav_0,8.283,False,False,False,False,False,1,"[{""id"": ""obstacle_0"", ""kind"": ""static_obstacle"", ""x"": 50.0, ""y"": 50.0, ""radius"": 5.0}]"
sudden_target_appearance,53,10.6,2,26.474,17.401,86.0,90.0,50.0,50.0,,,position_noise+confidence_error,,trust_weighted_fusion,move,fixed,0.5,,3,0,93.883,8.876,35.201,uav_0,8.876,False,False,False,False,False,1,"[{""id"": ""obstacle_0"", ""kind"": ""static_obstacle"", ""x"": 50.0, ""y"": 50.0, ""radius"": 5.0}]"
sudden_target_appearance,53,10.6,3,28.318,27.949,90.0,86.0,50.0,50.0,,,position_noise+confidence_error,,trust_weighted_fusion,move,fixed,0.5,,3,0,84.703,9.661,25.925,uav_1,9.661,False,False,False,False,False,1,"[{""id"": ""obstacle_0"", ""kind"": ""static_obstacle"", ""x"": 50.0, ""y"": 50.0, ""radius"": 5.0}]"
sudden_target_appearance,54,10.8,0,18.036,19.35,94.0,90.0,50.0,50.0,,,position_noise+confidence_error,,trust_weighted_fusion,move,fixed,0.5,,3,0,103.74,8.376,39.285,uav_1,8.376,False,False,False,False,False,1,"[{""id"": ""obstacle_0"", ""kind"": ""static_obstacle"", ""x"": 50.0, ""y"": 50.0, ""radius"": 5.0}]"
sudden_target_appearance,54,10.8,1,18.68,27.702,90.0,94.0,50.0,50.0,,,false_positive+position_noise+confidence_error,,trust_weighted_fusion,false_avoidance,fixed,0.5,,4,1,97.376,8.376,33.447,uav_0,8.376,False,True,False,False,False,1,"[{""id"": ""obstacle_0"", ""kind"": ""static_obstacle"", ""x"": 50.0, ""y"": 50.0, ""radius"": 5.0}]"
sudden_target_appearance,54,10.8,2,26.711,17.691,86.0,90.0,50.0,50.0,,,position_noise+confidence_error,,trust_weighted_fusion,move,fixed,0.5,,3,0,93.508,8.833,34.827,uav_0,8.833,False,False,False,False,False,1,"[{""id"": ""obstacle_0"", ""kind"": ""static_obstacle"", ""x"": 50.0, ""y"": 50.0, ""radius"": 5.0}]"
sudden_target_appearance,54,10.8,3,28.591,28.206,90.0,86.0,50.0,50.0,,,position_noise+confidence_error,,trust_weighted_fusion,move,fixed,0.5,,3,0,84.328,9.924,25.55,uav_1,9.924,False,False,False,False,False,1,"[{""id"": ""obstacle_0"", ""kind"": ""static_obstacle"", ""x"": 50.0, ""y"": 50.0, ""radius"": 5.0}]"
sudden_target_appearance,55,11.0,0,18.31,19.606,94.0,90.0,50.0,50.0,,,position_noise+confidence_error,,trust_weighted_fusion,move,fixed,0.5,,3,0,103.365,8.376,38.91,uav_1,8.376,False,False,False,False,False,1,"[{""id"": ""obstacle_0"", ""kind"": ""static_obstacle"", ""x"": 50.0, ""y"": 50.0, ""radius"": 5.0}]"
sudden_target_appearance,55,11.0,1,18.954,27.957,90.0,94.0,50.0,50.0,,,position_noise+confidence_error,,trust_weighted_fusion,move,fixed,0.5,,3,0,97.001,8.376,33.075,uav_0,8.376,False,False,False,False,False,1,"[{""id"": ""obstacle_0"", ""kind"": ""static_obstacle"", ""x"": 50.0, ""y"": 50.0, ""radius"": 5.0}]"
sudden_target_appearance,55,11.0,2,26.949,17.981,86.0,90.0,50.0,50.0,,,position_noise+confidence_error,,trust_weighted_fusion,move,fixed,0.5,,3,0,93.133,8.79,34.453,uav_0,8.79,False,False,False,False,False,1,"[{""id"": ""obstacle_0"", ""kind"": ""static_obstacle"", ""x"": 50.0, ""y"": 50.0, ""radius"": 5.0}]"
sudden_target_appearance,55,11.0,3,28.864,28.463,90.0,86.0,50.0,50.0,,,position_noise+confidence_error,,trust_weighted_fusion,move,fixed,0.5,,3,0,83.953,9.923,25.175,uav_1,9.923,False,False,False,False,False,1,"[{""id"": ""obstacle_0"", ""kind"": ""static_obstacle"", ""x"": 50.0, ""y"": 50.0, ""radius"": 5.0}]"
sudden_target_appearance,56,11.2,0,18.585,19.861,94.0,90.0,50.0,50.0,,,position_noise+confidence_error,,trust_weighted_fusion,move,fixed,0.5,,3,0,102.99,8.376,38.535,uav_1,8.376,False,False,False,False,False,1,"[{""id"": ""obstacle_0"", ""kind"": ""static_obstacle"", ""x"": 50.0, ""y"": 50.0, ""radius"": 5.0}]"
sudden_target_appearance,56,11.2,1,19.229,28.213,90.0,94.0,50.0,50.0,,,position_noise+confidence_error,,trust_weighted_fusion,move,fixed,0.5,,3,0,96.626,8.376,32.703,uav_0,8.376,False,False,False,False,False,1,"[{""id"": ""obstacle_0"", ""kind"": ""static_obstacle"", ""x"": 50.0, ""y"": 50.0, ""radius"": 5.0}]"
sudden_target_appearance,56,11.2,2,27.187,18.271,86.0,90.0,50.0,50.0,,,position_noise+confidence_error,,trust_weighted_fusion,move,fixed,0.5,,3,0,92.758,8.748,34.079,uav_0,8.748,False,False,False,False,False,1,"[{""id"": ""obstacle_0"", ""kind"": ""static_obstacle"", ""x"": 50.0, ""y"": 50.0, ""radius"": 5.0}]"
sudden_target_appearance,56,11.2,3,29.137,28.72,90.0,86.0,50.0,50.0,,,position_noise+confidence_error,,trust_weighted_fusion,move,fixed,0.5,,3,0,83.578,9.921,24.801,uav_1,9.921,False,False,False,False,False,1,"[{""id"": ""obstacle_0"", ""kind"": ""static_obstacle"", ""x"": 50.0, ""y"": 50.0, ""radius"": 5.0}]"
sudden_target_appearance,57,11.4,0,18.859,20.117,94.0,90.0,50.0,50.0,,,position_noise+confidence_error,,trust_weighted_fusion,move,fixed,0.5,,3,0,102.615,8.46,38.16,uav_1,8.46,False,False,False,False,False,1,"[{""id"": ""obstacle_0"", ""kind"": ""static_obstacle"", ""x"": 50.0, ""y"": 50.0, ""radius"": 5.0}]"
sudden_target_appearance,57,11.4,1,19.367,28.562,90.0,94.0,50.0,50.0,,,false_positive+position_noise+confidence_error,,trust_weighted_fusion,false_avoidance,fixed,0.5,,4,1,96.288,8.46,32.39,uav_0,8.46,False,True,False,False,False,1,"[{""id"": ""obstacle_0"", ""kind"": ""static_obstacle"", ""x"": 50.0, ""y"": 50.0, ""radius"": 5.0}]"
sudden_target_appearance,57,11.4,2,27.425,18.561,86.0,90.0,50.0,50.0,,,position_noise+confidence_error,,trust_weighted_fusion,move,fixed,0.5,,3,0,92.383,8.705,33.704,uav_0,8.705,False,False,False,False,False,1,"[{""id"": ""obstacle_0"", ""kind"": ""static_obstacle"", ""x"": 50.0, ""y"": 50.0, ""radius"": 5.0}]"
sudden_target_appearance,57,11.4,3,29.41,28.977,90.0,86.0,50.0,50.0,,,position_noise+confidence_error,,trust_weighted_fusion,move,fixed,0.5,,3,0,83.203,10.053,24.426,uav_1,10.053,False,False,False,False,False,1,"[{""id"": ""obstacle_0"", ""kind"": ""static_obstacle"", ""x"": 50.0, ""y"": 50.0, ""radius"": 5.0}]"
sudden_target_appearance,58,11.6,0,19.134,20.372,94.0,90.0,50.0,50.0,,,position_noise+confidence_error,,trust_weighted_fusion,move,fixed,0.5,,3,0,102.24,8.46,37.785,uav_1,8.46,False,False,False,False,False,1,"[{""id"": ""obstacle_0"", ""kind"": ""static_obstacle"", ""x"": 50.0, ""y"": 50.0, ""radius"": 5.0}]"
sudden_target_appearance,58,11.6,1,19.642,28.816,90.0,94.0,50.0,50.0,,,position_noise+confidence_error,,trust_weighted_fusion,move,fixed,0.5,,3,0,95.913,8.46,32.019,uav_0,8.46,False,False,False,False,False,1,"[{""id"": ""obstacle_0"", ""kind"": ""static_obstacle"", ""x"": 50.0, ""y"": 50.0, ""radius"": 5.0}]"
sudden_target_appearance,58,11.6,2,27.662,18.851,86.0,90.0,50.0,50.0,,,position_noise+confidence_error,,trust_weighted_fusion,move,fixed,0.5,,3,0,92.008,8.663,33.33,uav_0,8.663,False,False,False,False,False,1,"[{""id"": ""obstacle_0"", ""kind"": ""static_obstacle"", ""x"": 50.0, ""y"": 50.0, ""radius"": 5.0}]"
sudden_target_appearance,58,11.6,3,29.049,29.078,90.0,86.0,50.0,50.0,,,false_positive+position_noise+confidence_error,,trust_weighted_fusion,false_avoidance,fixed,0.5,,4,1,83.397,9.411,24.608,uav_1,9.411,False,True,False,False,False,1,"[{""id"": ""obstacle_0"", ""kind"": ""static_obstacle"", ""x"": 50.0, ""y"": 50.0, ""radius"": 5.0}]"
sudden_target_appearance,59,11.8,0,19.245,20.73,94.0,90.0,50.0,50.0,,,false_positive+position_noise+confidence_error,,trust_weighted_fusion,false_avoidance,fixed,0.5,,4,1,101.915,7.99,37.457,uav_1,7.99,False,True,False,False,False,1,"[{""id"": ""obstacle_0"", ""kind"": ""static_obstacle"", ""x"": 50.0, ""y"": 50.0, ""radius"": 5.0}]"
sudden_target_appearance,59,11.8,1,19.279,28.72,90.0,94.0,50.0,50.0,,,false_positive+position_noise+confidence_error,,trust_weighted_fusion,false_avoidance,fixed,0.5,,4,1,96.244,7.99,32.371,uav_0,7.99,False,True,False,False,False,1,"[{""id"": ""obstacle_0"", ""kind"": ""static_obstacle"", ""x"": 50.0, ""y"": 50.0, ""radius"": 5.0}]"
sudden_target_appearance,59,11.8,2,27.9,19.141,86.0,90.0,50.0,50.0,,,position_noise+confidence_error,,trust_weighted_fusion,move,fixed,0.5,,3,0,91.633,8.8,32.956,uav_0,8.8,False,False,False,False,False,1,"[{""id"": ""obstacle_0"", ""kind"": ""static_obstacle"", ""x"": 50.0, ""y"": 50.0, ""radius"": 5.0}]"
sudden_target_appearance,59,11.8,3,29.323,29.334,90.0,86.0,50.0,50.0,,,position_noise+confidence_error,,trust_weighted_fusion,move,fixed,0.5,,3,0,83.022,10.063,24.234,uav_1,10.063,False,False,False,False,False,1,"[{""id"": ""obstacle_0"", ""kind"": ""static_obstacle"", ""x"": 50.0, ""y"": 50.0, ""radius"": 5.0}]"
sudden_target_appearance,60,12.0,0,19.429,20.404,94.0,90.0,50.0,50.0,,,false_positive+position_noise+confidence_error,,trust_weighted_fusion,false_avoidance,fixed,0.5,,4,1,102.002,8.572,37.55,uav_1,8.572,False,True,False,False,False,1,"[{""id"": ""obstacle_0"", ""kind"": ""static_obstacle"", ""x"": 50.0, ""y"": 50.0, ""radius"": 5.0}]"
sudden_target_appearance,60,12.0,1,19.555,28.974,90.0,94.0,50.0,50.0,,,position_noise+confidence_error,,trust_weighted_fusion,move,fixed,0.5,,3,0,95.869,8.572,32.0,uav_0,8.572,False,False,False,False,False,1,"[{""id"": ""obstacle_0"", ""kind"": ""static_obstacle"", ""x"": 50.0, ""y"": 50.0, ""radius"": 5.0}]"
sudden_target_appearance,60,12.0,2,28.138,19.431,86.0,90.0,50.0,50.0,,,position_noise+confidence_error,,trust_weighted_fusion,move,fixed,0.5,,3,0,91.258,8.763,32.582,uav_0,8.763,False,False,False,False,False,1,"[{""id"": ""obstacle_0"", ""kind"": ""static_obstacle"", ""x"": 50.0, ""y"": 50.0, ""radius"": 5.0}]"
sudden_target_appearance,60,12.0,3,29.597,29.59,90.0,86.0,50.0,50.0,,,position_noise+confidence_error,,trust_weighted_fusion,move,fixed,0.5,,3,0,82.647,10.061,23.859,uav_1,10.061,False,False,False,False,False,1,"[{""id"": ""obstacle_0"", ""kind"": ""static_obstacle"", ""x"": 50.0, ""y"": 50.0, ""radius"": 5.0}]"
sudden_target_appearance,61,12.2,0,19.703,20.659,94.0,90.0,50.0,50.0,,,position_noise+confidence_error,,trust_weighted_fusion,move,fixed,0.5,,3,0,101.627,8.57,37.175,uav_1,8.57,False,False,False,False,False,1,"[{""id"": ""obstacle_0"", ""kind"": ""static_obstacle"", ""x"": 50.0, ""y"": 50.0, ""radius"": 5.0}]"
sudden_target_appearance,61,12.2,1,19.83,29.229,90.0,94.0,50.0,50.0,,,position_noise+confidence_error,,trust_weighted_fusion,move,fixed,0.5,,3,0,95.494,8.57,31.629,uav_0,8.57,False,False,False,False,False,1,"[{""id"": ""obstacle_0"", ""kind"": ""static_obstacle"", ""x"": 50.0, ""y"": 50.0, ""radius"": 5.0}]"
sudden_target_appearance,61,12.2,2,28.376,19.721,86.0,90.0,50.0,50.0,,,position_noise+confidence_error,,trust_weighted_fusion,move,fixed,0.5,,3,0,90.883,8.723,32.208,uav_0,8.723,False,False,False,False,False,1,"[{""id"": ""obstacle_0"", ""kind"": ""static_obstacle"", ""x"": 50.0, ""y"": 50.0, ""radius"": 5.0}]"
sudden_target_appearance,61,12.2,3,29.871,29.846,90.0,86.0,50.0,50.0,,,position_noise+confidence_error,,trust_weighted_fusion,move,fixed,0.5,,3,0,82.272,10.06,23.484,uav_1,10.06,False,False,False,False,False,1,"[{""id"": ""obstacle_0"", ""kind"": ""static_obstacle"", ""x"": 50.0, ""y"": 50.0, ""radius"": 5.0}]"
sudden_target_appearance,62,12.4,0,19.977,20.915,94.0,90.0,50.0,50.0,,,position_noise+confidence_error,,trust_weighted_fusion,move,fixed,0.5,,3,0,101.252,8.558,36.8,uav_1,8.558,False,False,False,False,False,1,"[{""id"": ""obstacle_0"", ""kind"": ""static_obstacle"", ""x"": 50.0, ""y"": 50.0, ""radius"": 5.0}]"
sudden_target_appearance,62,12.4,1,20.115,29.473,90.0,94.0,50.0,50.0,,,false_positive+position_noise+confidence_error,,trust_weighted_fusion,false_avoidance,fixed,0.5,,4,1,95.119,8.558,31.256,uav_0,8.558,False,True,False,False,False,1,"[{""id"": ""obstacle_0"", ""kind"": ""static_obstacle"", ""x"": 50.0, ""y"": 50.0, ""radius"": 5.0}]"
sudden_target_appearance,62,12.4,2,28.614,20.011,86.0,90.0,50.0,50.0,,,position_noise+confidence_error,,trust_weighted_fusion,move,fixed,0.5,,3,0,90.508,8.683,31.833,uav_0,8.683,False,False,False,False,False,1,"[{""id"": ""obstacle_0"", ""kind"": ""static_obstacle"", ""x"": 50.0, ""y"": 50.0, ""radius"": 5.0}]"
sudden_target_appearance,62,12.4,3,30.146,30.102,90.0,86.0,50.0,50.0,,,position_noise+confidence_error,,trust_weighted_fusion,move,fixed,0.5,,3,0,81.897,10.05,23.109,uav_1,10.05,False,False,False,False,False,1,"[{""id"": ""obstacle_0"", ""kind"": ""static_obstacle"", ""x"": 50.0, ""y"": 50.0, ""radius"": 5.0}]"
sudden_target_appearance,63,12.6,0,20.252,21.171,94.0,90.0,50.0,50.0,,,position_noise+confidence_error,,trust_weighted_fusion,move,fixed,0.5,,3,0,100.877,8.55,36.426,uav_1,8.55,False,False,False,False,False,1,"[{""id"": ""obstacle_0"", ""kind"": ""static_obstacle"", ""x"": 50.0, ""y"": 50.0, ""radius"": 5.0}]"
sudden_target_appearance,63,12.6,1,20.397,29.72,90.0,94.0,50.0,50.0,,,false_positive+position_noise+confidence_error,,trust_weighted_fusion,false_avoidance,fixed,0.5,,4,1,94.744,8.55,30.883,uav_0,8.55,False,True,False,False,False,1,"[{""id"": ""obstacle_0"", ""kind"": ""static_obstacle"", ""x"": 50.0, ""y"": 50.0, ""radius"": 5.0}]"
sudden_target_appearance,63,12.6,2,28.851,20.301,86.0,90.0,50.0,50.0,,,position_noise+confidence_error,,trust_weighted_fusion,move,fixed,0.5,,3,0,90.133,8.644,31.459,uav_0,8.644,False,False,False,False,False,1,"[{""id"": ""obstacle_0"", ""kind"": ""static_obstacle"", ""x"": 50.0, ""y"": 50.0, ""radius"": 5.0}]"
sudden_target_appearance,63,12.6,3,30.42,30.358,90.0,86.0,50.0,50.0,,,position_noise+confidence_error,,trust_weighted_fusion,move,fixed,0.5,,3,0,81.522,10.043,22.735,uav_1,10.043,False,False,False,False,False,1,"[{""id"": ""obstacle_0"", ""kind"": ""static_obstacle"", ""x"": 50.0, ""y"": 50.0, ""radius"": 5.0}]"
sudden_target_appearance,64,12.8,0,20.526,21.427,94.0,90.0,50.0,50.0,,,position_noise+confidence_error,,trust_weighted_fusion,move,fixed,0.5,,3,0,100.502,8.604,36.051,uav_2,8.604,False,False,False,False,False,1,"[{""id"": ""obstacle_0"", ""kind"": ""static_obstacle"", ""x"": 50.0, ""y"": 50.0, ""radius"": 5.0}]"
sudden_target_appearance,64,12.8,1,20.577,30.049,90.0,94.0,50.0,50.0,,,false_positive+position_noise+confidence_error,,trust_weighted_fusion,false_avoidance,fixed,0.5,,4,1,94.389,8.622,30.549,uav_0,8.622,False,True,False,False,False,1,"[{""id"": ""obstacle_0"", ""kind"": ""static_obstacle"", ""x"": 50.0, ""y"": 50.0, ""radius"": 5.0}]"
sudden_target_appearance,64,12.8,2,29.089,20.591,86.0,90.0,50.0,50.0,,,position_noise+confidence_error,,trust_weighted_fusion,move,fixed,0.5,,3,0,89.758,8.604,31.085,uav_0,8.604,False,False,False,False,False,1,"[{""id"": ""obstacle_0"", ""kind"": ""static_obstacle"", ""x"": 50.0, ""y"": 50.0, ""radius"": 5.0}]"
sudden_target_appearance,64,12.8,3,30.694,30.614,90.0,86.0,50.0,50.0,,,position_noise+confidence_error,,trust_weighted_fusion,move,fixed,0.5,,3,0,81.147,10.133,22.36,uav_1,10.133,False,False,False,False,False,1,"[{""id"": ""obstacle_0"", ""kind"": ""static_obstacle"", ""x"": 50.0, ""y"": 50.0, ""radius"": 5.0}]"
sudden_target_appearance,65,13.0,0,20.8,21.683,94.0,90.0,50.0,50.0,,,position_noise+confidence_error,,trust_weighted_fusion,move,fixed,0.5,,3,0,100.127,8.565,35.676,uav_2,8.565,False,False,False,False,False,1,"[{""id"": ""obstacle_0"", ""kind"": ""static_obstacle"", ""x"": 50.0, ""y"": 50.0, ""radius"": 5.0}]"
sudden_target_appearance,65,13.0,1,20.853,30.303,90.0,94.0,50.0,50.0,,,position_noise+confidence_error,,trust_weighted_fusion,move,fixed,0.5,,3,0,94.014,8.62,30.179,uav_0,8.62,False,False,False,False,False,1,"[{""id"": ""obstacle_0"", ""kind"": ""static_obstacle"", ""x"": 50.0, ""y"": 50.0, ""radius"": 5.0}]"
sudden_target_appearance,65,13.0,2,29.327,20.881,86.0,90.0,50.0,50.0,,,position_noise+confidence_error,,trust_weighted_fusion,move,fixed,0.5,,3,0,89.383,8.565,30.711,uav_0,8.565,False,False,False,False,False,1,"[{""id"": ""obstacle_0"", ""kind"": ""static_obstacle"", ""x"": 50.0, ""y"": 50.0, ""radius"": 5.0}]"
sudden_target_appearance,65,13.0,3,30.968,30.87,90.0,86.0,50.0,50.0,,,position_noise+confidence_error,,trust_weighted_fusion,move,fixed,0.5,,3,0,80.772,10.122,21.985,uav_2,10.122,False,False,False,False,False,1,"[{""id"": ""obstacle_0"", ""kind"": ""static_obstacle"", ""x"": 50.0, ""y"": 50.0, ""radius"": 5.0}]"
sudden_target_appearance,66,13.2,0,21.083,21.929,94.0,90.0,50.0,50.0,,,false_positive+position_noise+confidence_error,,trust_weighted_fusion,false_avoidance,fixed,0.5,,4,1,99.753,8.515,35.301,uav_2,8.515,False,True,False,False,False,1,"[{""id"": ""obstacle_0"", ""kind"": ""static_obstacle"", ""x"": 50.0, ""y"": 50.0, ""radius"": 5.0}]"
sudden_target_appearance,66,13.2,1,21.129,30.557,90.0,94.0,50.0,50.0,,,position_noise+confidence_error,,trust_weighted_fusion,move,fixed,0.5,,3,0,93.639,8.629,29.808,uav_0,8.629,False,False,False,False,False,1,"[{""id"": ""obstacle_0"", ""kind"": ""static_obstacle"", ""x"": 50.0, ""y"": 50.0, ""radius"": 5.0}]"
sudden_target_appearance,66,13.2,2,29.565,21.171,86.0,90.0,50.0,50.0,,,position_noise+confidence_error,,trust_weighted_fusion,move,fixed,0.5,,3,0,89.008,8.515,30.337,uav_0,8.515,False,False,False,False,False,1,"[{""id"": ""obstacle_0"", ""kind"": ""static_obstacle"", ""x"": 50.0, ""y"": 50.0, ""radius"": 5.0}]"
sudden_target_appearance,66,13.2,3,31.341,30.909,90.0,86.0,50.0,50.0,,,false_positive+position_noise+confidence_error,,trust_weighted_fusion,false_avoidance,fixed,0.5,,4,1,80.473,9.899,21.695,uav_2,9.899,False,True,False,False,False,1,"[{""id"": ""obstacle_0"", ""kind"": ""static_obstacle"", ""x"": 50.0, ""y"": 50.0, ""radius"": 5.0}]"
sudden_target_appearance,67,13.4,0,21.301,22.234,94.0,90.0,50.0,50.0,,,false_positive+position_noise+confidence_error,,trust_weighted_fusion,false_avoidance,fixed,0.5,,4,1,99.385,8.578,34.932,uav_1,8.578,False,True,False,False,False,1,"[{""id"": ""obstacle_0"", ""kind"": ""static_obstacle"", ""x"": 50.0, ""y"": 50.0, ""radius"": 5.0}]"
sudden_target_appearance,67,13.4,1,21.404,30.811,90.0,94.0,50.0,50.0,,,position_noise+confidence_error,,trust_weighted_fusion,move,fixed,0.5,,3,0,93.264,8.578,29.437,uav_0,8.578,False,False,False,False,False,1,"[{""id"": ""obstacle_0"", ""kind"": ""static_obstacle"", ""x"": 50.0, ""y"": 50.0, ""radius"": 5.0}]"
sudden_target_appearance,67,13.4,2,29.936,21.225,86.0,90.0,50.0,50.0,,,false_positive+position_noise+confidence_error,,trust_weighted_fusion,false_avoidance,fixed,0.5,,4,1,88.731,8.693,30.079,uav_0,8.693,False,True,False,False,False,1,"[{""id"": ""obstacle_0"", ""kind"": ""static_obstacle"", ""x"": 50.0, ""y"": 50.0, ""radius"": 5.0}]"
sudden_target_appearance,67,13.4,3,31.614,31.166,90.0,86.0,50.0,50.0,,,position_noise+confidence_error,,trust_weighted_fusion,move,fixed,0.5,,3,0,80.098,10.082,21.32,uav_2,10.082,False,False,False,False,False,1,"[{""id"": ""obstacle_0"", ""kind"": ""static_obstacle"", ""x"": 50.0, ""y"": 50.0, ""radius"": 5.0}]"
sudden_target_appearance,68,13.6,0,21.575,22.489,94.0,90.0,50.0,50.0,,,position_noise+confidence_error,,trust_weighted_fusion,move,fixed,0.5,,3,0,99.01,8.577,34.557,uav_1,8.577,False,False,False,False,False,1,"[{""id"": ""obstacle_0"", ""kind"": ""static_obstacle"", ""x"": 50.0, ""y"": 50.0, ""radius"": 5.0}]"
sudden_target_appearance,68,13.6,1,21.68,31.065,90.0,94.0,50.0,50.0,,,position_noise+confidence_error,,trust_weighted_fusion,move,fixed,0.5,,3,0,92.889,8.577,29.067,uav_0,8.577,False,False,False,False,False,1,"[{""id"": ""obstacle_0"", ""kind"": ""static_obstacle"", ""x"": 50.0, ""y"": 50.0, ""radius"": 5.0}]"
sudden_target_appearance,68,13.6,2,30.173,21.516,86.0,90.0,50.0,50.0,,,position_noise+confidence_error,,trust_weighted_fusion,move,fixed,0.5,,3,0,88.356,8.652,29.706,uav_0,8.652,False,False,False,False,False,1,"[{""id"": ""obstacle_0"", ""kind"": ""static_obstacle"", ""x"": 50.0, ""y"": 50.0, ""radius"": 5.0}]"
sudden_target_appearance,68,13.6,3,31.887,31.423,90.0,86.0,50.0,50.0,,,position_noise+confidence_error,,trust_weighted_fusion,move,fixed,0.5,,3,0,79.723,10.054,20.946,uav_2,10.054,False,False,False,False,False,1,"[{""id"": ""obstacle_0"", ""kind"": ""static_obstacle"", ""x"": 50.0, ""y"": 50.0, ""radius"": 5.0}]"
sudden_target_appearance,69,13.8,0,21.942,22.569,94.0,90.0,50.0,50.0,,,false_positive+position_noise+confidence_error,,trust_weighted_fusion,false_avoidance,fixed,0.5,,4,1,98.688,8.502,34.239,uav_2,8.502,False,True,False,False,False,1,"[{""id"": ""obstacle_0"", ""kind"": ""static_obstacle"", ""x"": 50.0, ""y"": 50.0, ""radius"": 5.0}]"
sudden_target_appearance,69,13.8,1,21.956,31.319,90.0,94.0,50.0,50.0,,,position_noise+confidence_error,,trust_weighted_fusion,move,fixed,0.5,,3,0,92.514,8.751,28.696,uav_0,8.751,False,False,False,False,False,1,"[{""id"": ""obstacle_0"", ""kind"": ""static_obstacle"", ""x"": 50.0, ""y"": 50.0, ""radius"": 5.0}]"
sudden_target_appearance,69,13.8,2,30.41,21.806,86.0,90.0,50.0,50.0,,,position_noise+confidence_error,,trust_weighted_fusion,move,fixed,0.5,,3,0,87.981,8.502,29.332,uav_0,8.502,False,False,False,False,False,1,"[{""id"": ""obstacle_0"", ""kind"": ""static_obstacle"", ""x"": 50.0, ""y"": 50.0, ""radius"": 5.0}]"
sudden_target_appearance,69,13.8,3,32.161,31.68,90.0,86.0,50.0,50.0,,,position_noise+confidence_error,,trust_weighted_fusion,move,fixed,0.5,,3,0,79.348,10.027,20.571,uav_2,10.027,False,False,False,False,False,1,"[{""id"": ""obstacle_0"", ""kind"": ""static_obstacle"", ""x"": 50.0, ""y"": 50.0, ""radius"": 5.0}]"
sudden_target_appearance,70,14.0,0,22.216,22.825,94.0,90.0,50.0,50.0,,,position_noise+confidence_error,,trust_weighted_fusion,move,fixed,0.5,,3,0,98.313,8.462,33.864,uav_2,8.462,False,False,False,False,False,1,"[{""id"": ""obstacle_0"", ""kind"": ""static_obstacle"", ""x"": 50.0, ""y"": 50.0, ""radius"": 5.0}]"
sudden_target_appearance,70,14.0,1,22.232,31.574,90.0,94.0,50.0,50.0,,,position_noise+confidence_error,,trust_weighted_fusion,move,fixed,0.5,,3,0,92.139,8.749,28.326,uav_0,8.749,False,False,False,False,False,1,"[{""id"": ""obstacle_0"", ""kind"": ""static_obstacle"", ""x"": 50.0, ""y"": 50.0, ""radius"": 5.0}]"
sudden_target_appearance,70,14.0,2,30.647,22.097,86.0,90.0,50.0,50.0,,,position_noise+confidence_error,,trust_weighted_fusion,move,fixed,0.5,,3,0,87.606,8.462,28.958,uav_0,8.462,False,False,False,False,False,1,"[{""id"": ""obstacle_0"", ""kind"": ""static_obstacle"", ""x"": 50.0, ""y"": 50.0, ""radius"": 5.0}]"
sudden_target_appearance,70,14.0,3,32.315,32.021,90.0,86.0,50.0,50.0,,,false_positive+position_noise+confidence_error,,trust_weighted_fusion,false_avoidance,fixed,0.5,,4,1,79.001,10.063,20.219,uav_2,10.063,False,True,False,False,False,1,"[{""id"": ""obstacle_0"", ""kind"": ""static_obstacle"", ""x"": 50.0, ""y"": 50.0, ""radius"": 5.0}]"
sudden_target_appearance,71,14.2,0,22.49,23.081,94.0,90.0,50.0,50.0,,,position_noise+confidence_error,,trust_weighted_fusion,move,fixed,0.5,,3,0,97.938,8.423,33.49,uav_2,8.423,False,False,False,False,False,1,"[{""id"": ""obstacle_0"", ""kind"": ""static_obstacle"", ""x"": 50.0, ""y"": 50.0, ""radius"": 5.0}]"
sudden_target_appearance,71,14.2,1,22.508,31.828,90.0,94.0,50.0,50.0,,,position_noise+confidence_error,,trust_weighted_fusion,move,fixed,0.5,,3,0,91.764,8.746,27.956,uav_0,8.746,False,False,False,False,False,1,"[{""id"": ""obstacle_0"", ""kind"": ""static_obstacle"", ""x"": 50.0, ""y"": 50.0, ""radius"": 5.0}]"
sudden_target_appearance,71,14.2,2,30.883,22.388,86.0,90.0,50.0,50.0,,,position_noise+confidence_error,,trust_weighted_fusion,move,fixed,0.5,,3,0,87.231,8.423,28.584,uav_0,8.423,False,False,False,False,False,1,"[{""id"": ""obstacle_0"", ""kind"": ""static_obstacle"", ""x"": 50.0, ""y"": 50.0, ""radius"": 5.0}]"
sudden_target_appearance,71,14.2,3,32.589,32.277,90.0,86.0,50.0,50.0,,,position_noise+confidence_error,,trust_weighted_fusion,move,fixed,0.5,,3,0,78.626,10.036,19.844,uav_2,10.036,False,False,False,False,False,1,"[{""id"": ""obstacle_0"", ""kind"": ""static_obstacle"", ""x"": 50.0, ""y"": 50.0, ""radius"": 5.0}]"
sudden_target_appearance,72,14.4,0,22.763,23.337,94.0,90.0,50.0,50.0,,,position_noise+confidence_error,,trust_weighted_fusion,move,fixed,0.5,,3,0,97.563,8.052,33.115,uav_2,8.052,False,False,False,False,False,1,"[{""id"": ""obstacle_0"", ""kind"": ""static_obstacle"", ""x"": 50.0, ""y"": 50.0, ""radius"": 5.0}]"
sudden_target_appearance,72,14.4,1,22.614,32.187,90.0,94.0,50.0,50.0,,,false_positive+position_noise+confidence_error,,trust_weighted_fusion,false_avoidance,fixed,0.5,,4,1,91.443,8.851,27.67,uav_0,8.851,False,True,False,False,False,1,"[{""id"": ""obstacle_0"", ""kind"": ""static_obstacle"", ""x"": 50.0, ""y"": 50.0, ""radius"": 5.0}]"
sudden_target_appearance,72,14.4,2,30.794,22.752,86.0,90.0,50.0,50.0,,,false_positive+position_noise+confidence_error,,trust_weighted_fusion,false_avoidance,fixed,0.5,,4,1,87.006,8.052,28.337,uav_0,8.052,False,True,False,False,False,1,"[{""id"": ""obstacle_0"", ""kind"": ""static_obstacle"", ""x"": 50.0, ""y"": 50.0, ""radius"": 5.0}]"
sudden_target_appearance,72,14.4,3,32.863,32.534,90.0,86.0,50.0,50.0,,,position_noise+confidence_error,,trust_weighted_fusion,move,fixed,0.5,,3,0,78.251,9.998,19.469,uav_2,9.998,False,False,False,False,False,1,"[{""id"": ""obstacle_0"", ""kind"": ""static_obstacle"", ""x"": 50.0, ""y"": 50.0, ""radius"": 5.0}]"
sudden_target_appearance,73,14.6,0,23.037,23.594,94.0,90.0,50.0,50.0,,,position_noise+confidence_error,,trust_weighted_fusion,move,fixed,0.5,,3,0,97.188,8.014,32.74,uav_2,8.014,False,False,False,False,False,1,"[{""id"": ""obstacle_0"", ""kind"": ""static_obstacle"", ""x"": 50.0, ""y"": 50.0, ""radius"": 5.0}]"
sudden_target_appearance,73,14.6,1,22.89,32.441,90.0,94.0,50.0,50.0,,,position_noise+confidence_error,,trust_weighted_fusion,move,fixed,0.5,,3,0,91.068,8.848,27.3,uav_0,8.848,False,False,False,False,False,1,"[{""id"": ""obstacle_0"", ""kind"": ""static_obstacle"", ""x"": 50.0, ""y"": 50.0, ""radius"": 5.0}]"
sudden_target_appearance,73,14.6,2,31.032,23.042,86.0,90.0,50.0,50.0,,,position_noise+confidence_error,,trust_weighted_fusion,move,fixed,0.5,,3,0,86.631,8.014,27.963,uav_0,8.014,False,False,False,False,False,1,"[{""id"": ""obstacle_0"", ""kind"": ""static_obstacle"", ""x"": 50.0, ""y"": 50.0, ""radius"": 5.0}]"
sudden_target_appearance,73,14.6,3,33.137,32.79,90.0,86.0,50.0,50.0,,,position_noise+confidence_error,,trust_weighted_fusion,move,fixed,0.5,,3,0,77.876,9.973,19.095,uav_2,9.973,False,False,False,False,False,1,"[{""id"": ""obstacle_0"", ""kind"": ""static_obstacle"", ""x"": 50.0, ""y"": 50.0, ""radius"": 5.0}]"
sudden_target_appearance,74,14.8,0,23.311,23.85,94.0,90.0,50.0,50.0,,,position_noise+confidence_error,,trust_weighted_fusion,move,fixed,0.5,,3,0,96.813,7.991,32.365,uav_2,7.991,False,False,False,False,False,1,"[{""id"": ""obstacle_0"", ""kind"": ""static_obstacle"", ""x"": 50.0, ""y"": 50.0, ""radius"": 5.0}]"
sudden_target_appearance,74,14.8,1,23.166,32.694,90.0,94.0,50.0,50.0,,,position_noise+confidence_error,,trust_weighted_fusion,move,fixed,0.5,,3,0,90.693,8.846,26.93,uav_0,8.846,False,False,False,False,False,1,"[{""id"": ""obstacle_0"", ""kind"": ""static_obstacle"", ""x"": 50.0, ""y"": 50.0, ""radius"": 5.0}]"
sudden_target_appearance,74,14.8,2,31.284,23.32,86.0,90.0,50.0,50.0,,,false_positive+position_noise+confidence_error,,trust_weighted_fusion,false_avoidance,fixed,0.5,,4,1,86.256,7.991,27.59,uav_0,7.991,False,True,False,False,False,1,"[{""id"": ""obstacle_0"", ""kind"": ""static_obstacle"", ""x"": 50.0, ""y"": 50.0, ""radius"": 5.0}]"
sudden_target_appearance,74,14.8,3,33.411,33.046,90.0,86.0,50.0,50.0,,,position_noise+confidence_error,,trust_weighted_fusion,move,fixed,0.5,,3,0,77.501,9.956,18.72,uav_2,9.956,False,False,False,False,False,1,"[{""id"": ""obstacle_0"", ""kind"": ""static_obstacle"", ""x"": 50.0, ""y"": 50.0, ""radius"": 5.0}]"
sudden_target_appearance,75,15.0,0,23.585,24.106,94.0,90.0,50.0,50.0,,,position_noise+confidence_error,,trust_weighted_fusion,move,fixed,0.5,,3,0,96.438,7.7,31.99,uav_2,7.7,False,False,False,False,False,1,"[{""id"": ""obstacle_0"", ""kind"": ""static_obstacle"", ""x"": 50.0, ""y"": 50.0, ""radius"": 5.0}]"
sudden_target_appearance,75,15.0,1,23.443,32.948,90.0,94.0,50.0,50.0,,,position_noise+confidence_error,,trust_weighted_fusion,move,fixed,0.5,,3,0,90.318,8.843,26.561,uav_0,8.843,False,False,False,False,False,1,"[{""id"": ""obstacle_0"", ""kind"": ""static_obstacle"", ""x"": 50.0, ""y"": 50.0, ""radius"": 5.0}]"
sudden_target_appearance,75,15.0,2,31.274,23.694,86.0,90.0,50.0,50.0,,,false_positive+position_noise+confidence_error,,trust_weighted_fusion,false_avoidance,fixed,0.5,,4,1,85.973,7.7,27.29,uav_0,7.7,False,True,False,False,False,1,"[{""id"": ""obstacle_0"", ""kind"": ""static_obstacle"", ""x"": 50.0, ""y"": 50.0, ""radius"": 5.0}]"
sudden_target_appearance,75,15.0,3,33.566,33.387,90.0,86.0,50.0,50.0,,,false_positive+position_noise+confidence_error,,trust_weighted_fusion,false_avoidance,fixed,0.5,,4,1,77.155,9.96,18.368,uav_2,9.96,False,True,False,False,False,1,"[{""id"": ""obstacle_0"", ""kind"": ""static_obstacle"", ""x"": 50.0, ""y"": 50.0, ""radius"": 5.0}]"
sudden_target_appearance,76,15.2,0,23.859,24.362,94.0,90.0,50.0,50.0,,,position_noise+confidence_error,,trust_weighted_fusion,move,fixed,0.5,,3,0,96.063,7.663,31.615,uav_2,7.663,False,False,False,False,False,1,"[{""id"": ""obstacle_0"", ""kind"": ""static_obstacle"", ""x"": 50.0, ""y"": 50.0, ""radius"": 5.0}]"
sudden_target_appearance,76,15.2,1,23.719,33.201,90.0,94.0,50.0,50.0,,,position_noise+confidence_error,,trust_weighted_fusion,move,fixed,0.5,,3,0,89.943,8.84,26.191,uav_0,8.84,False,False,False,False,False,1,"[{""id"": ""obstacle_0"", ""kind"": ""static_obstacle"", ""x"": 50.0, ""y"": 50.0, ""radius"": 5.0}]"
sudden_target_appearance,76,15.2,2,31.513,23.984,86.0,90.0,50.0,50.0,,,position_noise+confidence_error,,trust_weighted_fusion,move,fixed,0.5,,3,0,85.598,7.663,26.916,uav_0,7.663,False,False,False,False,False,1,"[{""id"": ""obstacle_0"", ""kind"": ""static_obstacle"", ""x"": 50.0, ""y"": 50.0, ""radius"": 5.0}]"
sudden_target_appearance,76,15.2,3,33.84,33.643,90.0,86.0,50.0,50.0,,,position_noise+confidence_error,,trust_weighted_fusion,move,fixed,0.5,,3,0,76.78,9.936,17.993,uav_2,9.936,False,False,False,False,False,1,"[{""id"": ""obstacle_0"", ""kind"": ""static_obstacle"", ""x"": 50.0, ""y"": 50.0, ""radius"": 5.0}]"
sudden_target_appearance,77,15.4,0,24.132,24.619,94.0,90.0,50.0,50.0,,,position_noise+confidence_error,,trust_weighted_fusion,move,fixed,0.5,,3,0,95.688,7.145,31.24,uav_2,7.145,False,False,False,False,False,1,"[{""id"": ""obstacle_0"", ""kind"": ""static_obstacle"", ""x"": 50.0, ""y"": 50.0, ""radius"": 5.0}]"
sudden_target_appearance,77,15.4,1,23.994,33.456,90.0,94.0,50.0,50.0,,,false_positive+position_noise+confidence_error,,trust_weighted_fusion,false_avoidance,fixed,0.5,,4,1,89.568,8.839,25.822,uav_0,8.839,False,True,False,False,False,1,"[{""id"": ""obstacle_0"", ""kind"": ""static_obstacle"", ""x"": 50.0, ""y"": 50.0, ""radius"": 5.0}]"
sudden_target_appearance,77,15.4,2,31.269,24.269,86.0,90.0,50.0,50.0,,,false_positive+position_noise+confidence_error,,trust_weighted_fusion,false_avoidance,fixed,0.5,,4,1,85.534,7.145,26.827,uav_0,7.145,False,True,False,False,False,1,"[{""id"": ""obstacle_0"", ""kind"": ""static_obstacle"", ""x"": 50.0, ""y"": 50.0, ""radius"": 5.0}]"
sudden_target_appearance,77,15.4,3,34.115,33.899,90.0,86.0,50.0,50.0,,,position_noise+confidence_error,,trust_weighted_fusion,move,fixed,0.5,,3,0,76.405,10.042,17.618,uav_2,10.042,False,False,False,False,False,1,"[{""id"": ""obstacle_0"", ""kind"": ""static_obstacle"", ""x"": 50.0, ""y"": 50.0, ""radius"": 5.0}]"
sudden_target_appearance,78,15.6,0,24.406,24.875,94.0,90.0,50.0,50.0,,,position_noise+confidence_error,,trust_weighted_fusion,move,fixed,0.5,,3,0,95.313,6.833,30.865,uav_2,6.833,False,False,False,False,False,1,"[{""id"": ""obstacle_0"", ""kind"": ""static_obstacle"", ""x"": 50.0, ""y"": 50.0, ""radius"": 5.0}]"
sudden_target_appearance,78,15.6,1,24.27,33.71,90.0,94.0,50.0,50.0,,,position_noise+confidence_error,,trust_weighted_fusion,move,fixed,0.5,,3,0,89.193,8.836,25.453,uav_0,8.836,False,False,False,False,False,1,"[{""id"": ""obstacle_0"", ""kind"": ""static_obstacle"", ""x"": 50.0, ""y"": 50.0, ""radius"": 5.0}]"
sudden_target_appearance,78,15.6,2,31.235,24.642,86.0,90.0,50.0,50.0,,,false_positive+position_noise+confidence_error,,trust_weighted_fusion,false_avoidance,fixed,0.5,,4,1,85.269,6.833,26.546,uav_0,6.833,False,True,False,False,False,1,"[{""id"": ""obstacle_0"", ""kind"": ""static_obstacle"", ""x"": 50.0, ""y"": 50.0, ""radius"": 5.0}]"
sudden_target_appearance,78,15.6,3,34.389,34.155,90.0,86.0,50.0,50.0,,,position_noise+confidence_error,,trust_weighted_fusion,move,fixed,0.5,,3,0,76.03,10.021,17.244,uav_2,10.021,False,False,False,False,False,1,"[{""id"": ""obstacle_0"", ""kind"": ""static_obstacle"", ""x"": 50.0, ""y"": 50.0, ""radius"": 5.0}]"
sudden_target_appearance,79,15.8,0,24.68,25.131,94.0,90.0,50.0,50.0,,,position_noise+confidence_error,,trust_weighted_fusion,move,fixed,0.5,,3,0,94.938,6.388,30.49,uav_2,6.388,False,False,False,False,False,1,"[{""id"": ""obstacle_0"", ""kind"": ""static_obstacle"", ""x"": 50.0, ""y"": 50.0, ""radius"": 5.0}]"
sudden_target_appearance,79,15.8,1,24.24,34.084,90.0,94.0,50.0,50.0,,,false_positive+position_noise+confidence_error,,trust_weighted_fusion,false_avoidance,fixed,0.5,,4,1,88.963,8.963,25.281,uav_0,8.963,False,True,False,False,False,1,"[{""id"": ""obstacle_0"", ""kind"": ""static_obstacle"", ""x"": 50.0, ""y"": 50.0, ""radius"": 5.0}]"
sudden_target_appearance,79,15.8,2,31.066,24.977,86.0,90.0,50.0,50.0,,,false_positive+position_noise+confidence_error,,trust_weighted_fusion,false_avoidance,fixed,0.5,,4,1,85.122,6.388,26.379,uav_0,6.388,False,True,False,False,False,1,"[{""id"": ""obstacle_0"", ""kind"": ""static_obstacle"", ""x"": 50.0, ""y"": 50.0, ""radius"": 5.0}]"
sudden_target_appearance,79,15.8,3,34.65,34.423,90.0,86.0,50.0,50.0,,,false_positive+position_noise+confidence_error,,trust_weighted_fusion,false_avoidance,fixed,0.5,,4,1,75.655,10.103,16.869,uav_2,10.103,False,True,False,False,False,1,"[{""id"": ""obstacle_0"", ""kind"": ""static_obstacle"", ""x"": 50.0, ""y"": 50.0, ""radius"": 5.0}]"
sudden_target_appearance,80,16.0,0,24.736,25.502,94.0,90.0,50.0,50.0,,,false_positive+position_noise+confidence_error,,trust_weighted_fusion,false_avoidance,fixed,0.5,,4,1,94.644,6.577,30.191,uav_2,6.577,False,True,False,False,False,1,"[{""id"": ""obstacle_0"", ""kind"": ""static_obstacle"", ""x"": 50.0, ""y"": 50.0, ""radius"": 5.0}]"
sudden_target_appearance,80,16.0,1,24.517,34.336,90.0,94.0,50.0,50.0,,,position_noise+confidence_error,,trust_weighted_fusion,move,fixed,0.5,,3,0,88.588,8.837,24.912,uav_0,8.837,False,False,False,False,False,1,"[{""id"": ""obstacle_0"", ""kind"": ""static_obstacle"", ""x"": 50.0, ""y"": 50.0, ""radius"": 5.0}]"
sudden_target_appearance,80,16.0,2,31.308,25.263,86.0,90.0,50.0,50.0,,,position_noise+confidence_error,,trust_weighted_fusion,move,fixed,0.5,,3,0,84.747,6.577,26.004,uav_0,6.577,False,False,False,False,False,1,"[{""id"": ""obstacle_0"", ""kind"": ""static_obstacle"", ""x"": 50.0, ""y"": 50.0, ""radius"": 5.0}]"
sudden_target_appearance,80,16.0,3,34.988,34.587,90.0,86.0,50.0,50.0,,,false_positive+position_noise+confidence_error,,trust_weighted_fusion,false_avoidance,fixed,0.5,,4,1,75.297,10.024,16.516,uav_2,10.024,False,True,False,False,False,1,"[{""id"": ""obstacle_0"", ""kind"": ""static_obstacle"", ""x"": 50.0, ""y"": 50.0, ""radius"": 5.0}]"
sudden_target_appearance,81,16.2,0,25.01,25.757,94.0,90.0,50.0,50.0,,,position_noise+confidence_error,,trust_weighted_fusion,move,fixed,0.5,,3,0,94.269,6.544,29.817,uav_2,6.544,False,False,False,False,False,1,"[{""id"": ""obstacle_0"", ""kind"": ""static_obstacle"", ""x"": 50.0, ""y"": 50.0, ""radius"": 5.0}]"
sudden_target_appearance,81,16.2,1,24.794,34.589,90.0,94.0,50.0,50.0,,,position_noise+confidence_error,,trust_weighted_fusion,move,fixed,0.5,,3,0,88.213,8.834,24.544,uav_0,8.834,False,False,False,False,False,1,"[{""id"": ""obstacle_0"", ""kind"": ""static_obstacle"", ""x"": 50.0, ""y"": 50.0, ""radius"": 5.0}]"
sudden_target_appearance,81,16.2,2,31.55,25.55,86.0,90.0,50.0,50.0,,,position_noise+confidence_error,,trust_weighted_fusion,move,fixed,0.5,,3,0,84.372,6.544,25.63,uav_0,6.544,False,False,False,False,False,1,"[{""id"": ""obstacle_0"", ""kind"": ""static_obstacle"", ""x"": 50.0, ""y"": 50.0, ""radius"": 5.0}]"
sudden_target_appearance,81,16.2,3,35.262,34.843,90.0,86.0,50.0,50.0,,,position_noise+confidence_error,,trust_weighted_fusion,move,fixed,0.5,,3,0,74.922,10.007,16.141,uav_2,10.007,False,False,False,False,False,1,"[{""id"": ""obstacle_0"", ""kind"": ""static_obstacle"", ""x"": 50.0, ""y"": 50.0, ""radius"": 5.0}]"
sudden_target_appearance,82,16.4,0,25.285,26.013,94.0,90.0,50.0,50.0,,,position_noise+confidence_error,,trust_weighted_fusion,move,fixed,0.5,,3,0,93.894,6.656,29.442,uav_2,6.656,False,False,False,False,False,1,"[{""id"": ""obstacle_0"", ""kind"": ""static_obstacle"", ""x"": 50.0, ""y"": 50.0, ""radius"": 5.0}]"
sudden_target_appearance,82,16.4,1,25.071,34.841,90.0,94.0,50.0,50.0,,,position_noise+confidence_error,,trust_weighted_fusion,move,fixed,0.5,,3,0,87.838,8.831,24.176,uav_0,8.831,False,False,False,False,False,1,"[{""id"": ""obstacle_0"", ""kind"": ""static_obstacle"", ""x"": 50.0, ""y"": 50.0, ""radius"": 5.0}]"
sudden_target_appearance,82,16.4,2,31.925,25.562,86.0,90.0,50.0,50.0,,,false_positive+position_noise+confidence_error,,trust_weighted_fusion,false_avoidance,fixed,0.5,,4,1,84.121,6.656,25.396,uav_0,6.656,False,True,False,False,False,1,"[{""id"": ""obstacle_0"", ""kind"": ""static_obstacle"", ""x"": 50.0, ""y"": 50.0, ""radius"": 5.0}]"
sudden_target_appearance,82,16.4,3,35.536,35.099,90.0,86.0,50.0,50.0,,,position_noise+confidence_error,,trust_weighted_fusion,move,fixed,0.5,,3,0,74.547,10.198,15.766,uav_2,10.198,False,False,False,False,False,1,"[{""id"": ""obstacle_0"", ""kind"": ""static_obstacle"", ""x"": 50.0, ""y"": 50.0, ""radius"": 5.0}]"
sudden_target_appearance,83,16.6,0,25.559,26.269,94.0,90.0,50.0,50.0,,,position_noise+confidence_error,,trust_weighted_fusion,move,fixed,0.5,,3,0,93.519,6.621,29.067,uav_2,6.621,False,False,False,False,False,1,"[{""id"": ""obstacle_0"", ""kind"": ""static_obstacle"", ""x"": 50.0, ""y"": 50.0, ""radius"": 5.0}]"
sudden_target_appearance,83,16.6,1,25.348,35.094,90.0,94.0,50.0,50.0,,,position_noise+confidence_error,,trust_weighted_fusion,move,fixed,0.5,,3,0,87.463,8.828,23.808,uav_0,8.828,False,False,False,False,False,1,"[{""id"": ""obstacle_0"", ""kind"": ""static_obstacle"", ""x"": 50.0, ""y"": 50.0, ""radius"": 5.0}]"
sudden_target_appearance,83,16.6,2,32.166,25.85,86.0,90.0,50.0,50.0,,,position_noise+confidence_error,,trust_weighted_fusion,move,fixed,0.5,,3,0,83.746,6.621,25.021,uav_0,6.621,False,False,False,False,False,1,"[{""id"": ""obstacle_0"", ""kind"": ""static_obstacle"", ""x"": 50.0, ""y"": 50.0, ""radius"": 5.0}]"
sudden_target_appearance,83,16.6,3,35.81,35.355,90.0,86.0,50.0,50.0,,,position_noise+confidence_error,,trust_weighted_fusion,move,fixed,0.5,,3,0,74.172,10.18,15.392,uav_2,10.18,False,False,False,False,False,1,"[{""id"": ""obstacle_0"", ""kind"": ""static_obstacle"", ""x"": 50.0, ""y"": 50.0, ""radius"": 5.0}]"
sudden_target_appearance,84,16.8,0,25.834,26.524,94.0,90.0,50.0,50.0,,,position_noise+confidence_error,,trust_weighted_fusion,move,fixed,0.5,,3,0,93.144,6.585,28.692,uav_2,6.585,False,False,False,False,False,1,"[{""id"": ""obstacle_0"", ""kind"": ""static_obstacle"", ""x"": 50.0, ""y"": 50.0, ""radius"": 5.0}]"
sudden_target_appearance,84,16.8,1,25.684,35.262,90.0,94.0,50.0,50.0,,,false_positive+position_noise+confidence_error,,trust_weighted_fusion,false_avoidance,fixed,0.5,,4,1,87.102,8.739,23.434,uav_0,8.739,False,True,False,False,False,1,"[{""id"": ""obstacle_0"", ""kind"": ""static_obstacle"", ""x"": 50.0, ""y"": 50.0, ""radius"": 5.0}]"
sudden_target_appearance,84,16.8,2,32.407,26.137,86.0,90.0,50.0,50.0,,,position_noise+confidence_error,,trust_weighted_fusion,move,fixed,0.5,,3,0,83.371,6.585,24.647,uav_0,6.585,False,False,False,False,False,1,"[{""id"": ""obstacle_0"", ""kind"": ""static_obstacle"", ""x"": 50.0, ""y"": 50.0, ""radius"": 5.0}]"
sudden_target_appearance,84,16.8,3,36.024,35.663,90.0,86.0,50.0,50.0,,,false_positive+position_noise+confidence_error,,trust_weighted_fusion,false_avoidance,fixed,0.5,,4,1,73.805,10.19,15.022,uav_2,10.19,False,True,False,False,False,1,"[{""id"": ""obstacle_0"", ""kind"": ""static_obstacle"", ""x"": 50.0, ""y"": 50.0, ""radius"": 5.0}]"
sudden_target_appearance,85,17.0,0,26.108,26.78,94.0,90.0,50.0,50.0,,,position_noise+confidence_error,,trust_weighted_fusion,move,fixed,0.5,,3,0,92.769,6.55,28.317,uav_2,6.55,False,False,False,False,False,1,"[{""id"": ""obstacle_0"", ""kind"": ""static_obstacle"", ""x"": 50.0, ""y"": 50.0, ""radius"": 5.0}]"
sudden_target_appearance,85,17.0,1,25.961,35.515,90.0,94.0,50.0,50.0,,,position_noise+confidence_error,,trust_weighted_fusion,move,fixed,0.5,,3,0,86.727,8.736,23.066,uav_0,8.736,False,False,False,False,False,1,"[{""id"": ""obstacle_0"", ""kind"": ""static_obstacle"", ""x"": 50.0, ""y"": 50.0, ""radius"": 5.0}]"
sudden_target_appearance,85,17.0,2,32.648,26.424,86.0,90.0,50.0,50.0,,,position_noise+confidence_error,,trust_weighted_fusion,move,fixed,0.5,,3,0,82.996,6.55,24.273,uav_0,6.55,False,False,False,False,False,1,"[{""id"": ""obstacle_0"", ""kind"": ""static_obstacle"", ""x"": 50.0, ""y"": 50.0, ""radius"": 5.0}]"
sudden_target_appearance,85,17.0,3,36.299,35.919,90.0,86.0,50.0,50.0,,,position_noise+confidence_error,,trust_weighted_fusion,move,fixed,0.5,,3,0,73.43,10.172,14.647,uav_2,10.172,False,False,False,False,False,1,"[{""id"": ""obstacle_0"", ""kind"": ""static_obstacle"", ""x"": 50.0, ""y"": 50.0, ""radius"": 5.0}]"
sudden_target_appearance,86,17.2,0,26.382,27.035,94.0,90.0,50.0,50.0,,,position_noise+confidence_error,,trust_weighted_fusion,move,fixed,0.5,,3,0,92.394,6.611,27.942,uav_2,6.611,False,False,False,False,False,1,"[{""id"": ""obstacle_0"", ""kind"": ""static_obstacle"", ""x"": 50.0, ""y"": 50.0, ""radius"": 5.0}]"
sudden_target_appearance,86,17.2,1,26.238,35.767,90.0,94.0,50.0,50.0,,,position_noise+confidence_error,,trust_weighted_fusion,move,fixed,0.5,,3,0,86.352,8.733,22.699,uav_0,8.733,False,False,False,False,False,1,"[{""id"": ""obstacle_0"", ""kind"": ""static_obstacle"", ""x"": 50.0, ""y"": 50.0, ""radius"": 5.0}]"
sudden_target_appearance,86,17.2,2,32.979,26.6,86.0,90.0,50.0,50.0,,,false_positive+position_noise+confidence_error,,trust_weighted_fusion,false_avoidance,fixed,0.5,,4,1,82.648,6.611,23.935,uav_0,6.611,False,True,False,False,False,1,"[{""id"": ""obstacle_0"", ""kind"": ""static_obstacle"", ""x"": 50.0, ""y"": 50.0, ""radius"": 5.0}]"
sudden_target_appearance,86,17.2,3,36.67,35.867,90.0,86.0,50.0,50.0,49.773,50.489,false_positive+position_noise+confidence_error,0.312,trust_weighted_fusion,avoidance,fixed,0.5,,5,1,73.194,9.975,14.427,uav_2,9.975,False,False,False,False,False,1,"[{""id"": ""obstacle_0"", ""kind"": ""static_obstacle"", ""x"": 50.0, ""y"": 50.0, ""radius"": 5.0}]"
sudden_target_appearance,87,17.4,0,26.657,27.291,94.0,90.0,50.0,50.0,,,position_noise+confidence_error,,trust_weighted_fusion,move,fixed,0.5,,3,0,92.019,6.576,27.567,uav_2,6.576,False,False,False,False,False,1,"[{""id"": ""obstacle_0"", ""kind"": ""static_obstacle"", ""x"": 50.0, ""y"": 50.0, ""radius"": 5.0}]"
sudden_target_appearance,87,17.4,1,26.514,36.02,90.0,94.0,50.0,50.0,,,position_noise+confidence_error,,trust_weighted_fusion,move,fixed,0.5,,3,0,85.977,8.731,22.331,uav_0,8.731,False,False,False,False,False,1,"[{""id"": ""obstacle_0"", ""kind"": ""static_obstacle"", ""x"": 50.0, ""y"": 50.0, ""radius"": 5.0}]"
sudden_target_appearance,87,17.4,2,33.22,26.888,86.0,90.0,50.0,50.0,,,position_noise+confidence_error,,trust_weighted_fusion,move,fixed,0.5,,3,0,82.273,6.576,23.561,uav_0,6.576,False,False,False,False,False,1,"[{""id"": ""obstacle_0"", ""kind"": ""static_obstacle"", ""x"": 50.0, ""y"": 50.0, ""radius"": 5.0}]"
sudden_target_appearance,87,17.4,3,37.033,35.961,90.0,86.0,50.0,50.0,50.077,49.323,position_noise+confidence_error,0.044,trust_weighted_fusion,avoidance,fixed,0.5,,4,0,72.866,9.842,14.111,uav_2,9.842,False,False,False,False,False,1,"[{""id"": ""obstacle_0"", ""kind"": ""static_obstacle"", ""x"": 50.0, ""y"": 50.0, ""radius"": 5.0}]"
sudden_target_appearance,88,17.6,0,26.721,27.66,94.0,90.0,50.0,50.0,,,false_positive+position_noise+confidence_error,,trust_weighted_fusion,false_avoidance,fixed,0.5,,4,1,91.721,6.757,27.264,uav_2,6.757,False,True,False,False,False,1,"[{""id"": ""obstacle_0"", ""kind"": ""static_obstacle"", ""x"": 50.0, ""y"": 50.0, ""radius"": 5.0}]"
sudden_target_appearance,88,17.6,1,26.791,36.273,90.0,94.0,50.0,50.0,,,position_noise+confidence_error,,trust_weighted_fusion,move,fixed,0.5,,3,0,85.602,8.613,21.964,uav_0,8.613,False,False,False,False,False,1,"[{""id"": ""obstacle_0"", ""kind"": ""static_obstacle"", ""x"": 50.0, ""y"": 50.0, ""radius"": 5.0}]"
sudden_target_appearance,88,17.6,2,33.461,27.176,86.0,90.0,50.0,50.0,,,position_noise+confidence_error,,trust_weighted_fusion,move,fixed,0.5,,3,0,81.898,6.757,23.187,uav_0,6.757,False,False,False,False,False,1,"[{""id"": ""obstacle_0"", ""kind"": ""static_obstacle"", ""x"": 50.0, ""y"": 50.0, ""radius"": 5.0}]"
sudden_target_appearance,88,17.6,3,37.236,36.276,90.0,86.0,50.0,50.0,50.054,50.034,false_positive+position_noise+confidence_error,0.0,trust_weighted_fusion,avoidance,fixed,0.5,,5,1,72.502,9.853,13.742,uav_2,9.853,False,False,False,False,False,1,"[{""id"": ""obstacle_0"", ""kind"": ""static_obstacle"", ""x"": 50.0, ""y"": 50.0, ""radius"": 5.0}]"
sudden_target_appearance,89,17.8,0,26.881,28.0,94.0,90.0,50.0,50.0,,,false_positive+position_noise+confidence_error,,trust_weighted_fusion,false_avoidance,fixed,0.5,,4,1,91.373,6.888,26.914,uav_2,6.888,False,True,False,False,False,1,"[{""id"": ""obstacle_0"", ""kind"": ""static_obstacle"", ""x"": 50.0, ""y"": 50.0, ""radius"": 5.0}]"
sudden_target_appearance,89,17.8,1,27.079,36.514,90.0,94.0,50.0,50.0,,,false_positive+position_noise+confidence_error,,trust_weighted_fusion,false_avoidance,fixed,0.5,,4,1,85.227,8.517,21.594,uav_0,8.517,False,True,False,False,False,1,"[{""id"": ""obstacle_0"", ""kind"": ""static_obstacle"", ""x"": 50.0, ""y"": 50.0, ""radius"": 5.0}]"
sudden_target_appearance,89,17.8,2,33.745,27.42,86.0,90.0,50.0,50.0,,,false_positive+position_noise+confidence_error,,trust_weighted_fusion,false_avoidance,fixed,0.5,,4,1,81.528,6.888,22.822,uav_0,6.888,False,True,False,False,False,1,"[{""id"": ""obstacle_0"", ""kind"": ""static_obstacle"", ""x"": 50.0, ""y"": 50.0, ""radius"": 5.0}]"
sudden_target_appearance,89,17.8,3,37.604,36.348,90.0,86.0,50.0,50.0,49.852,49.19,position_noise+confidence_error,0.268,trust_weighted_fusion,avoidance,fixed,0.5,,4,0,72.185,9.726,13.44,uav_2,9.726,False,False,False,False,False,1,"[{""id"": ""obstacle_0"", ""kind"": ""static_obstacle"", ""x"": 50.0, ""y"": 50.0, ""radius"": 5.0}]"
sudden_target_appearance,90,18.0,0,27.204,28.189,94.0,90.0,50.0,50.0,,,false_positive+position_noise+confidence_error,,trust_weighted_fusion,false_avoidance,fixed,0.5,,4,1,91.007,6.798,26.549,uav_2,6.798,False,True,False,False,False,1,"[{""id"": ""obstacle_0"", ""kind"": ""static_obstacle"", ""x"": 50.0, ""y"": 50.0, ""radius"": 5.0}]"
sudden_target_appearance,90,18.0,1,27.272,36.835,90.0,94.0,50.0,50.0,,,false_positive+position_noise+confidence_error,,trust_weighted_fusion,false_avoidance,fixed,0.5,,4,1,84.868,8.647,21.265,uav_0,8.647,False,True,False,False,False,1,"[{""id"": ""obstacle_0"", ""kind"": ""static_obstacle"", ""x"": 50.0, ""y"": 50.0, ""radius"": 5.0}]"
sudden_target_appearance,90,18.0,2,33.985,27.708,86.0,90.0,50.0,50.0,,,position_noise+confidence_error,,trust_weighted_fusion,move,fixed,0.5,,3,0,81.153,6.798,22.448,uav_0,6.798,False,False,False,False,False,1,"[{""id"": ""obstacle_0"", ""kind"": ""static_obstacle"", ""x"": 50.0, ""y"": 50.0, ""radius"": 5.0}]"
sudden_target_appearance,90,18.0,3,37.972,36.423,90.0,86.0,50.0,50.0,50.009,49.752,position_noise+confidence_error,0.169,trust_weighted_fusion,avoidance,fixed,0.5,,4,0,71.867,9.583,13.139,uav_2,9.583,False,False,False,False,False,1,"[{""id"": ""obstacle_0"", ""kind"": ""static_obstacle"", ""x"": 50.0, ""y"": 50.0, ""radius"": 5.0}]"
sudden_target_appearance,91,18.2,0,27.48,28.444,94.0,90.0,50.0,50.0,,,position_noise+confidence_error,,trust_weighted_fusion,move,fixed,0.5,,3,0,90.632,6.761,26.174,uav_2,6.761,False,False,False,False,False,1,"[{""id"": ""obstacle_0"", ""kind"": ""static_obstacle"", ""x"": 50.0, ""y"": 50.0, ""radius"": 5.0}]"
sudden_target_appearance,91,18.2,1,27.534,37.104,90.0,94.0,50.0,50.0,,,false_positive+position_noise+confidence_error,,trust_weighted_fusion,false_avoidance,fixed,0.5,,4,1,84.494,8.661,20.904,uav_0,8.661,False,True,False,False,False,1,"[{""id"": ""obstacle_0"", ""kind"": ""static_obstacle"", ""x"": 50.0, ""y"": 50.0, ""radius"": 5.0}]"
sudden_target_appearance,91,18.2,2,34.226,27.996,86.0,90.0,50.0,50.0,,,position_noise+confidence_error,,trust_weighted_fusion,move,fixed,0.5,,3,0,80.778,6.761,22.074,uav_0,6.761,False,False,False,False,False,1,"[{""id"": ""obstacle_0"", ""kind"": ""static_obstacle"", ""x"": 50.0, ""y"": 50.0, ""radius"": 5.0}]"
sudden_target_appearance,91,18.2,3,38.336,36.512,90.0,86.0,50.0,50.0,51.041,49.782,position_noise+confidence_error,0.0,trust_weighted_fusion,avoidance,fixed,0.5,,4,0,71.542,9.456,12.832,uav_2,9.456,False,False,False,False,False,1,"[{""id"": ""obstacle_0"", ""kind"": ""static_obstacle"", ""x"": 50.0, ""y"": 50.0, ""radius"": 5.0}]"
sudden_target_appearance,92,18.4,0,27.755,28.698,94.0,90.0,50.0,50.0,,,position_noise+confidence_error,,trust_weighted_fusion,move,fixed,0.5,,3,0,90.257,6.724,25.799,uav_2,6.724,False,False,False,False,False,1,"[{""id"": ""obstacle_0"", ""kind"": ""static_obstacle"", ""x"": 50.0, ""y"": 50.0, ""radius"": 5.0}]"
sudden_target_appearance,92,18.4,1,27.811,37.357,90.0,94.0,50.0,50.0,,,position_noise+confidence_error,,trust_weighted_fusion,move,fixed,0.5,,3,0,84.119,8.659,20.538,uav_0,8.659,False,False,False,False,False,1,"[{""id"": ""obstacle_0"", ""kind"": ""static_obstacle"", ""x"": 50.0, ""y"": 50.0, ""radius"": 5.0}]"
sudden_target_appearance,92,18.4,2,34.466,28.284,86.0,90.0,50.0,50.0,,,position_noise+confidence_error,,trust_weighted_fusion,move,fixed,0.5,,3,0,80.403,6.724,21.7,uav_0,6.724,False,False,False,False,False,1,"[{""id"": ""obstacle_0"", ""kind"": ""static_obstacle"", ""x"": 50.0, ""y"": 50.0, ""radius"": 5.0}]"
sudden_target_appearance,92,18.4,3,38.7,36.601,90.0,86.0,50.0,50.0,49.99,49.522,false_positive+position_noise+confidence_error,0.159,trust_weighted_fusion,avoidance,fixed,0.5,,5,1,71.217,9.333,12.527,uav_2,9.333,False,False,False,False,False,1,"[{""id"": ""obstacle_0"", ""kind"": ""static_obstacle"", ""x"": 50.0, ""y"": 50.0, ""radius"": 5.0}]"
sudden_target_appearance,93,18.6,0,28.03,28.953,94.0,90.0,50.0,50.0,,,position_noise+confidence_error,,trust_weighted_fusion,move,fixed,0.5,,3,0,89.882,6.444,25.424,uav_2,6.444,False,False,False,False,False,1,"[{""id"": ""obstacle_0"", ""kind"": ""static_obstacle"", ""x"": 50.0, ""y"": 50.0, ""radius"": 5.0}]"
sudden_target_appearance,93,18.6,1,28.088,37.609,90.0,94.0,50.0,50.0,,,position_noise+confidence_error,,trust_weighted_fusion,move,fixed,0.5,,3,0,83.744,8.656,20.173,uav_0,8.656,False,False,False,False,False,1,"[{""id"": ""obstacle_0"", ""kind"": ""static_obstacle"", ""x"": 50.0, ""y"": 50.0, ""radius"": 5.0}]"
sudden_target_appearance,93,18.6,2,34.468,28.659,86.0,90.0,50.0,50.0,,,false_positive+position_noise+confidence_error,,trust_weighted_fusion,false_avoidance,fixed,0.5,,4,1,80.115,6.444,21.395,uav_0,6.444,False,True,False,False,False,1,"[{""id"": ""obstacle_0"", ""kind"": ""static_obstacle"", ""x"": 50.0, ""y"": 50.0, ""radius"": 5.0}]"
sudden_target_appearance,93,18.6,3,39.073,36.638,90.0,86.0,50.0,50.0,49.104,50.016,position_noise+confidence_error,0.451,trust_weighted_fusion,avoidance,fixed,0.5,,4,0,70.923,9.213,12.261,uav_2,9.213,False,False,False,False,False,1,"[{""id"": ""obstacle_0"", ""kind"": ""static_obstacle"", ""x"": 50.0, ""y"": 50.0, ""radius"": 5.0}]"
sudden_target_appearance,94,18.8,0,28.305,29.208,94.0,90.0,50.0,50.0,,,position_noise+confidence_error,,trust_weighted_fusion,move,fixed,0.5,,3,0,89.507,6.409,25.049,uav_2,6.409,False,False,False,False,False,1,"[{""id"": ""obstacle_0"", ""kind"": ""static_obstacle"", ""x"": 50.0, ""y"": 50.0, ""radius"": 5.0}]"
sudden_target_appearance,94,18.8,1,28.365,37.862,90.0,94.0,50.0,50.0,,,position_noise+confidence_error,,trust_weighted_fusion,move,fixed,0.5,,3,0,83.369,8.654,19.807,uav_0,8.654,False,False,False,False,False,1,"[{""id"": ""obstacle_0"", ""kind"": ""static_obstacle"", ""x"": 50.0, ""y"": 50.0, ""radius"": 5.0}]"
sudden_target_appearance,94,18.8,2,34.709,28.946,86.0,90.0,50.0,50.0,,,position_noise+confidence_error,,trust_weighted_fusion,move,fixed,0.5,,3,0,79.74,6.409,21.021,uav_0,6.409,False,False,False,False,False,1,"[{""id"": ""obstacle_0"", ""kind"": ""static_obstacle"", ""x"": 50.0, ""y"": 50.0, ""radius"": 5.0}]"
sudden_target_appearance,94,18.8,3,39.444,36.695,90.0,86.0,50.0,50.0,50.249,50.165,position_noise+confidence_error,0.0,trust_weighted_fusion,avoidance,fixed,0.5,,4,0,70.618,9.081,11.984,uav_2,9.081,False,False,False,False,False,1,"[{""id"": ""obstacle_0"", ""kind"": ""static_obstacle"", ""x"": 50.0, ""y"": 50.0, ""radius"": 5.0}]"
sudden_target_appearance,95,19.0,0,28.581,29.463,94.0,90.0,50.0,50.0,,,position_noise+confidence_error,,trust_weighted_fusion,move,fixed,0.5,,3,0,89.132,6.124,24.674,uav_2,6.124,False,False,False,False,False,1,"[{""id"": ""obstacle_0"", ""kind"": ""static_obstacle"", ""x"": 50.0, ""y"": 50.0, ""radius"": 5.0}]"
sudden_target_appearance,95,19.0,1,28.643,38.114,90.0,94.0,50.0,50.0,,,position_noise+confidence_error,,trust_weighted_fusion,move,fixed,0.5,,3,0,82.994,8.652,19.442,uav_0,8.652,False,False,False,False,False,1,"[{""id"": ""obstacle_0"", ""kind"": ""static_obstacle"", ""x"": 50.0, ""y"": 50.0, ""radius"": 5.0}]"
sudden_target_appearance,95,19.0,2,34.703,29.321,86.0,90.0,50.0,50.0,,,false_positive+position_noise+confidence_error,,trust_weighted_fusion,false_avoidance,fixed,0.5,,4,1,79.457,6.124,20.722,uav_0,6.124,False,True,False,False,False,1,"[{""id"": ""obstacle_0"", ""kind"": ""static_obstacle"", ""x"": 50.0, ""y"": 50.0, ""radius"": 5.0}]"
sudden_target_appearance,95,19.0,3,39.817,36.733,90.0,86.0,50.0,50.0,50.079,49.767,position_noise+confidence_error,0.294,trust_weighted_fusion,avoidance,fixed,0.5,,4,0,70.325,9.005,11.725,uav_2,9.005,False,False,False,False,False,1,"[{""id"": ""obstacle_0"", ""kind"": ""static_obstacle"", ""x"": 50.0, ""y"": 50.0, ""radius"": 5.0}]"
sudden_target_appearance,96,19.2,0,28.856,29.717,94.0,90.0,50.0,50.0,,,position_noise+confidence_error,,trust_weighted_fusion,move,fixed,0.5,,3,0,88.757,6.09,24.3,uav_2,6.09,False,False,False,False,False,1,"[{""id"": ""obstacle_0"", ""kind"": ""static_obstacle"", ""x"": 50.0, ""y"": 50.0, ""radius"": 5.0}]"
sudden_target_appearance,96,19.2,1,29.013,38.174,90.0,94.0,50.0,50.0,,,false_positive+position_noise+confidence_error,,trust_weighted_fusion,false_avoidance,fixed,0.5,,4,1,82.68,8.458,19.09,uav_0,8.458,False,True,False,False,False,1,"[{""id"": ""obstacle_0"", ""kind"": ""static_obstacle"", ""x"": 50.0, ""y"": 50.0, ""radius"": 5.0}]"
sudden_target_appearance,96,19.2,2,34.945,29.607,86.0,90.0,50.0,50.0,,,position_noise+confidence_error,,trust_weighted_fusion,move,fixed,0.5,,3,0,79.082,6.09,20.348,uav_0,6.09,False,False,False,False,False,1,"[{""id"": ""obstacle_0"", ""kind"": ""static_obstacle"", ""x"": 50.0, ""y"": 50.0, ""radius"": 5.0}]"
sudden_target_appearance,96,19.2,3,40.191,36.765,90.0,86.0,50.0,50.0,49.721,50.243,position_noise+confidence_error,0.188,trust_weighted_fusion,avoidance,fixed,0.5,,4,0,70.036,8.875,11.474,uav_2,8.875,False,False,False,False,False,1,"[{""id"": ""obstacle_0"", ""kind"": ""static_obstacle"", ""x"": 50.0, ""y"": 50.0, ""radius"": 5.0}]"
sudden_target_appearance,97,19.4,0,29.131,29.972,94.0,90.0,50.0,50.0,,,position_noise+confidence_error,,trust_weighted_fusion,move,fixed,0.5,,3,0,88.382,6.185,23.925,uav_2,6.185,False,False,False,False,False,1,"[{""id"": ""obstacle_0"", ""kind"": ""static_obstacle"", ""x"": 50.0, ""y"": 50.0, ""radius"": 5.0}]"
sudden_target_appearance,97,19.4,1,29.146,38.524,90.0,94.0,50.0,50.0,,,false_positive+position_noise+confidence_error,,trust_weighted_fusion,false_avoidance,fixed,0.5,,4,1,82.345,8.552,18.803,uav_0,8.552,False,True,False,False,False,1,"[{""id"": ""obstacle_0"", ""kind"": ""static_obstacle"", ""x"": 50.0, ""y"": 50.0, ""radius"": 5.0}]"
sudden_target_appearance,97,19.4,2,35.31,29.694,86.0,90.0,50.0,50.0,,,false_positive+position_noise+confidence_error,,trust_weighted_fusion,false_avoidance,fixed,0.5,,4,1,78.78,6.185,20.063,uav_0,6.185,False,True,False,False,False,1,"[{""id"": ""obstacle_0"", ""kind"": ""static_obstacle"", ""x"": 50.0, ""y"": 50.0, ""radius"": 5.0}]"
sudden_target_appearance,97,19.4,3,40.565,36.784,90.0,86.0,50.0,50.0,49.325,50.248,position_noise+confidence_error,0.16,trust_weighted_fusion,avoidance,fixed,0.5,,4,0,69.757,8.825,11.238,uav_2,8.825,False,False,False,False,False,1,"[{""id"": ""obstacle_0"", ""kind"": ""static_obstacle"", ""x"": 50.0, ""y"": 50.0, ""radius"": 5.0}]"
sudden_target_appearance,98,19.6,0,29.406,30.227,94.0,90.0,50.0,50.0,,,position_noise+confidence_error,,trust_weighted_fusion,move,fixed,0.5,,3,0,88.007,6.149,23.55,uav_2,6.149,False,False,False,False,False,1,"[{""id"": ""obstacle_0"", ""kind"": ""static_obstacle"", ""x"": 50.0, ""y"": 50.0, ""radius"": 5.0}]"
sudden_target_appearance,98,19.6,1,29.423,38.777,90.0,94.0,50.0,50.0,,,position_noise+confidence_error,,trust_weighted_fusion,move,fixed,0.5,,3,0,81.97,8.55,18.438,uav_0,8.55,False,False,False,False,False,1,"[{""id"": ""obstacle_0"", ""kind"": ""static_obstacle"", ""x"": 50.0, ""y"": 50.0, ""radius"": 5.0}]"
sudden_target_appearance,98,19.6,2,35.551,29.981,86.0,90.0,50.0,50.0,,,position_noise+confidence_error,,trust_weighted_fusion,move,fixed,0.5,,3,0,78.405,6.149,19.689,uav_0,6.149,False,False,False,False,False,1,"[{""id"": ""obstacle_0"", ""kind"": ""static_obstacle"", ""x"": 50.0, ""y"": 50.0, ""radius"": 5.0}]"
sudden_target_appearance,98,19.6,3,40.94,36.794,90.0,86.0,50.0,50.0,50.114,49.592,position_noise+confidence_error,0.159,trust_weighted_fusion,avoidance,fixed,0.5,,4,0,69.485,8.687,11.015,uav_2,8.687,False,False,False,False,False,1,"[{""id"": ""obstacle_0"", ""kind"": ""static_obstacle"", ""x"": 50.0, ""y"": 50.0, ""radius"": 5.0}]"
sudden_target_appearance,99,19.8,0,29.682,30.481,94.0,90.0,50.0,50.0,,,position_noise+confidence_error,,trust_weighted_fusion,move,fixed,0.5,,3,0,87.632,6.114,23.175,uav_2,6.114,False,False,False,False,False,1,"[{""id"": ""obstacle_0"", ""kind"": ""static_obstacle"", ""x"": 50.0, ""y"": 50.0, ""radius"": 5.0}]"
sudden_target_appearance,99,19.8,1,29.7,39.029,90.0,94.0,50.0,50.0,,,position_noise+confidence_error,,trust_weighted_fusion,move,fixed,0.5,,3,0,81.595,8.548,18.074,uav_0,8.548,False,False,False,False,False,1,"[{""id"": ""obstacle_0"", ""kind"": ""static_obstacle"", ""x"": 50.0, ""y"": 50.0, ""radius"": 5.0}]"
sudden_target_appearance,99,19.8,2,35.792,30.268,86.0,90.0,50.0,50.0,,,position_noise+confidence_error,,trust_weighted_fusion,move,fixed,0.5,,3,0,78.03,6.114,19.315,uav_0,6.114,False,False,False,False,False,1,"[{""id"": ""obstacle_0"", ""kind"": ""static_obstacle"", ""x"": 50.0, ""y"": 50.0, ""radius"": 5.0}]"
sudden_target_appearance,99,19.8,3,41.315,36.792,90.0,86.0,50.0,50.0,49.007,50.16,position_noise+confidence_error,0.136,trust_weighted_fusion,avoidance,fixed,0.5,,4,0,69.222,8.547,10.808,uav_2,8.547,False,False,False,False,False,1,"[{""id"": ""obstacle_0"", ""kind"": ""static_obstacle"", ""x"": 50.0, ""y"": 50.0, ""radius"": 5.0}]"
sudden_target_appearance,100,20.0,0,29.325,30.366,94.0,90.0,50.0,50.0,,,false_positive+position_noise+confidence_error,,trust_weighted_fusion,false_avoidance,fixed,0.5,,4,1,87.972,6.843,23.512,uav_2,6.843,False,True,False,False,False,1,"[{""id"": ""obstacle_0"", ""kind"": ""static_obstacle"", ""x"": 50.0, ""y"": 50.0, ""radius"": 5.0}]"
sudden_target_appearance,100,20.0,1,29.977,39.282,90.0,94.0,50.0,50.0,,,position_noise+confidence_error,,trust_weighted_fusion,move,fixed,0.5,,3,0,81.22,8.94,17.711,uav_0,8.94,False,False,False,False,False,1,"[{""id"": ""obstacle_0"", ""kind"": ""static_obstacle"", ""x"": 50.0, ""y"": 50.0, ""radius"": 5.0}]"
sudden_target_appearance,100,20.0,2,36.167,30.266,86.0,90.0,50.0,50.0,,,false_positive+position_noise+confidence_error,,trust_weighted_fusion,false_avoidance,fixed,0.5,,4,1,77.791,6.843,19.099,uav_0,6.843,False,True,False,False,False,1,"[{""id"": ""obstacle_0"", ""kind"": ""static_obstacle"", ""x"": 50.0, ""y"": 50.0, ""radius"": 5.0}]"
sudden_target_appearance,100,20.0,3,41.639,36.98,90.0,86.0,50.0,50.0,50.595,50.01,false_positive+position_noise+confidence_error,0.073,trust_weighted_fusion,avoidance,fixed,0.5,,5,1,68.86,8.662,10.473,uav_2,8.662,False,False,False,False,False,1,"[{""id"": ""obstacle_0"", ""kind"": ""static_obstacle"", ""x"": 50.0, ""y"": 50.0, ""radius"": 5.0}]"
sudden_target_appearance,101,20.2,0,29.601,30.62,94.0,90.0,50.0,50.0,,,position_noise+confidence_error,,trust_weighted_fusion,move,fixed,0.5,,3,0,87.597,6.63,23.138,uav_2,6.63,False,False,False,False,False,1,"[{""id"": ""obstacle_0"", ""kind"": ""static_obstacle"", ""x"": 50.0, ""y"": 50.0, ""radius"": 5.0}]"
sudden_target_appearance,101,20.2,1,30.255,39.535,90.0,94.0,50.0,50.0,,,position_noise+confidence_error,,trust_weighted_fusion,move,fixed,0.5,,3,0,80.845,8.939,17.347,uav_0,8.939,False,False,False,False,False,1,"[{""id"": ""obstacle_0"", ""kind"": ""static_obstacle"", ""x"": 50.0, ""y"": 50.0, ""radius"": 5.0}]"
sudden_target_appearance,101,20.2,2,36.23,30.636,86.0,90.0,50.0,50.0,,,false_positive+position_noise+confidence_error,,trust_weighted_fusion,false_avoidance,fixed,0.5,,4,1,77.467,6.63,18.761,uav_0,6.63,False,True,False,False,False,1,"[{""id"": ""obstacle_0"", ""kind"": ""static_obstacle"", ""x"": 50.0, ""y"": 50.0, ""radius"": 5.0}]"
sudden_target_appearance,101,20.2,3,42.012,36.944,90.0,86.0,50.0,50.0,50.025,49.127,position_noise+confidence_error,0.669,trust_weighted_fusion,avoidance,fixed,0.5,,4,0,68.624,8.557,10.305,uav_2,8.557,False,False,False,False,False,1,"[{""id"": ""obstacle_0"", ""kind"": ""static_obstacle"", ""x"": 50.0, ""y"": 50.0, ""radius"": 5.0}]"
sudden_target_appearance,102,20.4,0,29.876,30.874,94.0,90.0,50.0,50.0,,,position_noise+confidence_error,,trust_weighted_fusion,move,fixed,0.5,,3,0,87.222,6.595,22.763,uav_2,6.595,False,False,False,False,False,1,"[{""id"": ""obstacle_0"", ""kind"": ""static_obstacle"", ""x"": 50.0, ""y"": 50.0, ""radius"": 5.0}]"
sudden_target_appearance,102,20.4,1,30.613,39.647,90.0,94.0,50.0,50.0,,,false_positive+position_noise+confidence_error,,trust_weighted_fusion,false_avoidance,fixed,0.5,,4,1,80.506,8.803,16.979,uav_0,8.803,False,True,False,False,False,1,"[{""id"": ""obstacle_0"", ""kind"": ""static_obstacle"", ""x"": 50.0, ""y"": 50.0, ""radius"": 5.0}]"
sudden_target_appearance,102,20.4,2,36.471,30.923,86.0,90.0,50.0,50.0,,,position_noise+confidence_error,,trust_weighted_fusion,move,fixed,0.5,,3,0,77.092,6.595,18.387,uav_0,6.595,False,False,False,False,False,1,"[{""id"": ""obstacle_0"", ""kind"": ""static_obstacle"", ""x"": 50.0, ""y"": 50.0, ""radius"": 5.0}]"
sudden_target_appearance,102,20.4,3,42.384,36.993,90.0,86.0,50.0,50.0,50.784,51.648,position_noise+confidence_error,0.194,trust_weighted_fusion,avoidance,fixed,0.5,,4,0,68.33,8.474,10.073,uav_2,8.474,False,False,False,False,False,1,"[{""id"": ""obstacle_0"", ""kind"": ""static_obstacle"", ""x"": 50.0, ""y"": 50.0, ""radius"": 5.0}]"
sudden_target_appearance,103,20.6,0,30.152,31.129,94.0,90.0,50.0,50.0,,,position_noise+confidence_error,,trust_weighted_fusion,move,fixed,0.5,,3,0,86.847,6.561,22.388,uav_2,6.561,False,False,False,False,False,1,"[{""id"": ""obstacle_0"", ""kind"": ""static_obstacle"", ""x"": 50.0, ""y"": 50.0, ""radius"": 5.0}]"
sudden_target_appearance,103,20.6,1,30.549,39.277,90.0,94.0,50.0,50.0,,,false_positive+position_noise+confidence_error,,trust_weighted_fusion,false_avoidance,fixed,0.5,,4,1,80.802,8.158,17.211,uav_0,8.158,False,True,False,False,False,1,"[{""id"": ""obstacle_0"", ""kind"": ""static_obstacle"", ""x"": 50.0, ""y"": 50.0, ""radius"": 5.0}]"
sudden_target_appearance,103,20.6,2,36.712,31.211,86.0,90.0,50.0,50.0,,,position_noise+confidence_error,,trust_weighted_fusion,move,fixed,0.5,,3,0,76.717,6.561,18.013,uav_0,6.561,False,False,False,False,False,1,"[{""id"": ""obstacle_0"", ""kind"": ""static_obstacle"", ""x"": 50.0, ""y"": 50.0, ""radius"": 5.0}]"
sudden_target_appearance,103,20.6,3,42.759,36.974,90.0,86.0,50.0,50.0,50.423,49.749,position_noise+confidence_error,0.27,trust_weighted_fusion,avoidance,fixed,0.5,,4,0,68.083,8.354,9.903,uav_2,8.354,False,False,False,False,False,1,"[{""id"": ""obstacle_0"", ""kind"": ""static_obstacle"", ""x"": 50.0, ""y"": 50.0, ""radius"": 5.0}]"
sudden_target_appearance,104,20.8,0,30.428,31.383,94.0,90.0,50.0,50.0,,,position_noise+confidence_error,,trust_weighted_fusion,move,fixed,0.5,,3,0,86.472,6.526,22.013,uav_2,6.526,False,False,False,False,False,1,"[{""id"": ""obstacle_0"", ""kind"": ""static_obstacle"", ""x"": 50.0, ""y"": 50.0, ""radius"": 5.0}]"
sudden_target_appearance,104,20.8,1,30.825,39.531,90.0,94.0,50.0,50.0,,,position_noise+confidence_error,,trust_weighted_fusion,move,fixed,0.5,,3,0,80.427,8.158,16.847,uav_0,8.158,False,False,False,False,False,1,"[{""id"": ""obstacle_0"", ""kind"": ""static_obstacle"", ""x"": 50.0, ""y"": 50.0, ""radius"": 5.0}]"
sudden_target_appearance,104,20.8,2,36.953,31.498,86.0,90.0,50.0,50.0,,,position_noise+confidence_error,,trust_weighted_fusion,move,fixed,0.5,,3,0,76.342,6.526,17.64,uav_0,6.526,False,False,False,False,False,1,"[{""id"": ""obstacle_0"", ""kind"": ""static_obstacle"", ""x"": 50.0, ""y"": 50.0, ""radius"": 5.0}]"
sudden_target_appearance,104,20.8,3,43.129,36.916,90.0,86.0,50.0,50.0,49.771,49.184,position_noise+confidence_error,0.213,trust_weighted_fusion,avoidance,fixed,0.5,,4,0,67.869,8.216,9.779,uav_2,8.216,False,False,False,False,False,1,"[{""id"": ""obstacle_0"", ""kind"": ""static_obstacle"", ""x"": 50.0, ""y"": 50.0, ""radius"": 5.0}]"
sudden_target_appearance,105,21.0,0,30.703,31.637,94.0,90.0,50.0,50.0,,,position_noise+confidence_error,,trust_weighted_fusion,move,fixed,0.5,,3,0,86.097,6.492,21.638,uav_2,6.492,False,False,False,False,False,1,"[{""id"": ""obstacle_0"", ""kind"": ""static_obstacle"", ""x"": 50.0, ""y"": 50.0, ""radius"": 5.0}]"
sudden_target_appearance,105,21.0,1,31.168,39.683,90.0,94.0,50.0,50.0,,,false_positive+position_noise+confidence_error,,trust_weighted_fusion,false_avoidance,fixed,0.5,,4,1,80.072,8.059,16.473,uav_0,8.059,False,True,False,False,False,1,"[{""id"": ""obstacle_0"", ""kind"": ""static_obstacle"", ""x"": 50.0, ""y"": 50.0, ""radius"": 5.0}]"
sudden_target_appearance,105,21.0,2,37.194,31.785,86.0,90.0,50.0,50.0,,,position_noise+confidence_error,,trust_weighted_fusion,move,fixed,0.5,,3,0,75.967,6.492,17.266,uav_0,6.492,False,False,False,False,False,1,"[{""id"": ""obstacle_0"", ""kind"": ""static_obstacle"", ""x"": 50.0, ""y"": 50.0, ""radius"": 5.0}]"
sudden_target_appearance,105,21.0,3,43.501,36.869,90.0,86.0,50.0,50.0,49.566,49.598,position_noise+confidence_error,0.151,trust_weighted_fusion,avoidance,fixed,0.5,,4,0,67.646,8.101,9.651,uav_2,8.101,False,False,False,False,False,1,"[{""id"": ""obstacle_0"", ""kind"": ""static_obstacle"", ""x"": 50.0, ""y"": 50.0, ""radius"": 5.0}]"
sudden_target_appearance,106,21.2,0,30.979,31.891,94.0,90.0,50.0,50.0,,,position_noise+confidence_error,,trust_weighted_fusion,move,fixed,0.5,,3,0,85.722,6.569,21.263,uav_2,6.569,False,False,False,False,False,1,"[{""id"": ""obstacle_0"", ""kind"": ""static_obstacle"", ""x"": 50.0, ""y"": 50.0, ""radius"": 5.0}]"
sudden_target_appearance,106,21.2,1,31.443,39.937,90.0,94.0,50.0,50.0,,,position_noise+confidence_error,,trust_weighted_fusion,move,fixed,0.5,,3,0,79.697,8.059,16.109,uav_0,8.059,False,False,False,False,False,1,"[{""id"": ""obstacle_0"", ""kind"": ""static_obstacle"", ""x"": 50.0, ""y"": 50.0, ""radius"": 5.0}]"
sudden_target_appearance,106,21.2,2,37.548,31.908,86.0,90.0,50.0,50.0,,,false_positive+position_noise+confidence_error,,trust_weighted_fusion,false_avoidance,fixed,0.5,,4,1,75.645,6.569,16.963,uav_0,6.569,False,True,False,False,False,1,"[{""id"": ""obstacle_0"", ""kind"": ""static_obstacle"", ""x"": 50.0, ""y"": 50.0, ""radius"": 5.0}]"
sudden_target_appearance,106,21.2,3,43.875,36.837,90.0,86.0,50.0,50.0,50.53,49.644,position_noise+confidence_error,0.477,trust_weighted_fusion,avoidance,fixed,0.5,,4,0,67.413,8.02,9.518,uav_2,8.02,False,False,False,False,False,1,"[{""id"": ""obstacle_0"", ""kind"": ""static_obstacle"", ""x"": 50.0, ""y"": 50.0, ""radius"": 5.0}]"
sudden_target_appearance,107,21.4,0,31.228,32.171,94.0,90.0,50.0,50.0,,,false_positive+position_noise+confidence_error,,trust_weighted_fusion,false_avoidance,fixed,0.5,,4,1,85.349,6.56,20.889,uav_2,6.56,False,True,False,False,False,1,"[{""id"": ""obstacle_0"", ""kind"": ""static_obstacle"", ""x"": 50.0, ""y"": 50.0, ""radius"": 5.0}]"
sudden_target_appearance,107,21.4,1,31.542,40.299,90.0,94.0,50.0,50.0,,,false_positive+position_noise+confidence_error,,trust_weighted_fusion,false_avoidance,fixed,0.5,,4,1,79.38,8.134,15.852,uav_0,8.134,False,True,False,False,False,1,"[{""id"": ""obstacle_0"", ""kind"": ""static_obstacle"", ""x"": 50.0, ""y"": 50.0, ""radius"": 5.0}]"
sudden_target_appearance,107,21.4,2,37.788,32.196,86.0,90.0,50.0,50.0,,,position_noise+confidence_error,,trust_weighted_fusion,move,fixed,0.5,,3,0,75.27,6.56,16.589,uav_0,6.56,False,False,False,False,False,1,"[{""id"": ""obstacle_0"", ""kind"": ""static_obstacle"", ""x"": 50.0, ""y"": 50.0, ""radius"": 5.0}]"
sudden_target_appearance,107,21.4,3,44.249,36.812,90.0,86.0,50.0,50.0,50.161,50.028,position_noise+confidence_error,0.409,trust_weighted_fusion,avoidance,fixed,0.5,,4,0,67.176,7.94,9.387,uav_2,7.94,False,False,False,False,False,1,"[{""id"": ""obstacle_0"", ""kind"": ""static_obstacle"", ""x"": 50.0, ""y"": 50.0, ""radius"": 5.0}]"
sudden_target_appearance,108,21.6,0,31.504,32.425,94.0,90.0,50.0,50.0,,,position_noise+confidence_error,,trust_weighted_fusion,move,fixed,0.5,,3,0,84.974,6.304,20.514,uav_2,6.304,False,False,False,False,False,1,"[{""id"": ""obstacle_0"", ""kind"": ""static_obstacle"", ""x"": 50.0, ""y"": 50.0, ""radius"": 5.0}]"
sudden_target_appearance,108,21.6,1,31.57,40.673,90.0,94.0,50.0,50.0,,,false_positive+position_noise+confidence_error,,trust_weighted_fusion,false_avoidance,fixed,0.5,,4,1,79.106,8.248,15.655,uav_0,8.248,False,True,False,False,False,1,"[{""id"": ""obstacle_0"", ""kind"": ""static_obstacle"", ""x"": 50.0, ""y"": 50.0, ""radius"": 5.0}]"
sudden_target_appearance,108,21.6,2,37.807,32.571,86.0,90.0,50.0,50.0,,,false_positive+position_noise+confidence_error,,trust_weighted_fusion,false_avoidance,fixed,0.5,,4,1,74.971,6.304,16.271,uav_0,6.304,False,True,False,False,False,1,"[{""id"": ""obstacle_0"", ""kind"": ""static_obstacle"", ""x"": 50.0, ""y"": 50.0, ""radius"": 5.0}]"
sudden_target_appearance,108,21.6,3,44.623,36.781,90.0,86.0,50.0,50.0,50.719,49.764,position_noise+confidence_error,0.503,trust_weighted_fusion,avoidance,fixed,0.5,,4,0,66.945,8.011,9.271,uav_2,8.011,False,False,False,False,False,1,"[{""id"": ""obstacle_0"", ""kind"": ""static_obstacle"", ""x"": 50.0, ""y"": 50.0, ""radius"": 5.0}]"
sudden_target_appearance,109,21.8,0,31.78,32.679,94.0,90.0,50.0,50.0,,,position_noise+confidence_error,,trust_weighted_fusion,move,fixed,0.5,,3,0,84.599,6.271,20.139,uav_2,6.271,False,False,False,False,False,1,"[{""id"": ""obstacle_0"", ""kind"": ""static_obstacle"", ""x"": 50.0, ""y"": 50.0, ""radius"": 5.0}]"
sudden_target_appearance,109,21.8,1,31.847,40.926,90.0,94.0,50.0,50.0,,,position_noise+confidence_error,,trust_weighted_fusion,move,fixed,0.5,,3,0,78.731,8.247,15.294,uav_0,8.247,False,False,False,False,False,1,"[{""id"": ""obstacle_0"", ""kind"": ""static_obstacle"", ""x"": 50.0, ""y"": 50.0, ""radius"": 5.0}]"
sudden_target_appearance,109,21.8,2,38.048,32.858,86.0,90.0,50.0,50.0,,,position_noise+confidence_error,,trust_weighted_fusion,move,fixed,0.5,,3,0,74.596,6.271,15.897,uav_0,6.271,False,False,False,False,False,1,"[{""id"": ""obstacle_0"", ""kind"": ""static_obstacle"", ""x"": 50.0, ""y"": 50.0, ""radius"": 5.0}]"
sudden_target_appearance,109,21.8,3,44.852,36.484,90.0,86.0,50.0,50.0,49.354,51.48,false_positive+position_noise+confidence_error,0.291,trust_weighted_fusion,avoidance,fixed,0.5,,5,1,67.008,7.71,9.463,uav_2,7.71,False,False,False,False,False,1,"[{""id"": ""obstacle_0"", ""kind"": ""static_obstacle"", ""x"": 50.0, ""y"": 50.0, ""radius"": 5.0}]"
sudden_target_appearance,110,22.0,0,32.07,32.917,94.0,90.0,50.0,50.0,,,false_positive+position_noise+confidence_error,,trust_weighted_fusion,false_avoidance,fixed,0.5,,4,1,84.225,6.223,19.765,uav_2,6.223,False,True,False,False,False,1,"[{""id"": ""obstacle_0"", ""kind"": ""static_obstacle"", ""x"": 50.0, ""y"": 50.0, ""radius"": 5.0}]"
sudden_target_appearance,110,22.0,1,32.188,41.082,90.0,94.0,50.0,50.0,49.191,49.925,position_noise+confidence_error,0.697,trust_weighted_fusion,avoidance,fixed,0.5,,4,0,78.374,8.166,14.92,uav_0,8.166,False,False,False,False,False,1,"[{""id"": ""obstacle_0"", ""kind"": ""static_obstacle"", ""x"": 50.0, ""y"": 50.0, ""radius"": 5.0}]"
sudden_target_appearance,110,22.0,2,38.289,33.145,86.0,90.0,50.0,50.0,,,position_noise+confidence_error,,trust_weighted_fusion,move,fixed,0.5,,3,0,74.221,6.223,15.524,uav_0,6.223,False,False,False,False,False,1,"[{""id"": ""obstacle_0"", ""kind"": ""static_obstacle"", ""x"": 50.0, ""y"": 50.0, ""radius"": 5.0}]"
sudden_target_appearance,110,22.0,3,45.226,36.457,90.0,86.0,50.0,50.0,49.191,49.925,position_noise+confidence_error,0.697,trust_weighted_fusion,avoidance,fixed,0.5,,4,0,66.777,7.687,9.36,uav_2,7.687,False,False,False,False,False,1,"[{""id"": ""obstacle_0"", ""kind"": ""static_obstacle"", ""x"": 50.0, ""y"": 50.0, ""radius"": 5.0}]"
sudden_target_appearance,111,22.2,0,32.346,33.171,94.0,90.0,50.0,50.0,,,position_noise+confidence_error,,trust_weighted_fusion,move,fixed,0.5,,3,0,83.85,6.3,19.39,uav_2,6.3,False,False,False,False,False,1,"[{""id"": ""obstacle_0"", ""kind"": ""static_obstacle"", ""x"": 50.0, ""y"": 50.0, ""radius"": 5.0}]"
sudden_target_appearance,111,22.2,1,32.237,41.454,90.0,94.0,50.0,50.0,50.037,49.088,false_positive+position_noise+confidence_error,0.0,trust_weighted_fusion,false_avoidance,fixed,0.5,,5,1,78.087,8.283,14.712,uav_0,8.283,False,True,False,False,False,1,"[{""id"": ""obstacle_0"", ""kind"": ""static_obstacle"", ""x"": 50.0, ""y"": 50.0, ""radius"": 5.0}]"
sudden_target_appearance,111,22.2,2,38.645,33.262,86.0,90.0,50.0,50.0,,,false_positive+position_noise+confidence_error,,trust_weighted_fusion,false_avoidance,fixed,0.5,,4,1,73.903,6.3,15.226,uav_0,6.3,False,True,False,False,False,1,"[{""id"": ""obstacle_0"", ""kind"": ""static_obstacle"", ""x"": 50.0, ""y"": 50.0, ""radius"": 5.0}]"
sudden_target_appearance,111,22.2,3,45.601,36.447,90.0,86.0,50.0,50.0,50.383,50.206,position_noise+confidence_error,0.276,trust_weighted_fusion,avoidance,fixed,0.5,,4,0,66.534,7.65,9.249,uav_2,7.65,False,False,False,False,False,1,"[{""id"": ""obstacle_0"", ""kind"": ""static_obstacle"", ""x"": 50.0, ""y"": 50.0, ""radius"": 5.0}]"
sudden_target_appearance,112,22.4,0,32.622,33.425,94.0,90.0,50.0,50.0,,,position_noise+confidence_error,,trust_weighted_fusion,move,fixed,0.5,,3,0,83.475,6.372,19.015,uav_2,6.372,False,False,False,False,False,1,"[{""id"": ""obstacle_0"", ""kind"": ""static_obstacle"", ""x"": 50.0, ""y"": 50.0, ""radius"": 5.0}]"
sudden_target_appearance,112,22.4,1,32.576,41.615,90.0,94.0,50.0,50.0,49.558,49.399,position_noise+confidence_error,0.369,trust_weighted_fusion,avoidance,fixed,0.5,,4,0,77.728,8.19,14.337,uav_0,8.19,False,False,False,False,False,1,"[{""id"": ""obstacle_0"", ""kind"": ""static_obstacle"", ""x"": 50.0, ""y"": 50.0, ""radius"": 5.0}]"
sudden_target_appearance,112,22.4,2,38.994,33.4,86.0,90.0,50.0,50.0,49.558,49.399,position_noise+confidence_error,0.369,trust_weighted_fusion,avoidance,fixed,0.5,,4,0,73.574,6.372,14.917,uav_0,6.372,False,False,False,False,False,1,"[{""id"": ""obstacle_0"", ""kind"": ""static_obstacle"", ""x"": 50.0, ""y"": 50.0, ""radius"": 5.0}]"
sudden_target_appearance,112,22.4,3,45.973,36.401,90.0,86.0,50.0,50.0,49.558,49.399,position_noise+confidence_error,0.369,trust_weighted_fusion,avoidance,fixed,0.5,,4,0,66.32,7.597,9.183,uav_2,7.597,False,False,False,False,False,1,"[{""id"": ""obstacle_0"", ""kind"": ""static_obstacle"", ""x"": 50.0, ""y"": 50.0, ""radius"": 5.0}]"
sudden_target_appearance,113,22.6,0,32.898,33.679,94.0,90.0,50.0,50.0,,,position_noise+confidence_error,,trust_weighted_fusion,move,fixed,0.5,,3,0,83.1,6.336,18.64,uav_2,6.336,False,False,False,False,False,1,"[{""id"": ""obstacle_0"", ""kind"": ""static_obstacle"", ""x"": 50.0, ""y"": 50.0, ""radius"": 5.0}]"
sudden_target_appearance,113,22.6,1,32.914,41.777,90.0,94.0,50.0,50.0,50.118,50.171,position_noise+confidence_error,0.437,trust_weighted_fusion,avoidance,fixed,0.5,,4,0,77.369,8.098,13.962,uav_0,8.098,False,False,False,False,False,1,"[{""id"": ""obstacle_0"", ""kind"": ""static_obstacle"", ""x"": 50.0, ""y"": 50.0, ""radius"": 5.0}]"
sudden_target_appearance,113,22.6,2,39.234,33.689,86.0,90.0,50.0,50.0,49.832,50.814,position_noise+confidence_error,0.11,trust_weighted_fusion,move,fixed,0.5,,4,0,73.199,6.336,14.544,uav_0,6.336,False,False,False,False,False,1,"[{""id"": ""obstacle_0"", ""kind"": ""static_obstacle"", ""x"": 50.0, ""y"": 50.0, ""radius"": 5.0}]"
sudden_target_appearance,113,22.6,3,46.348,36.389,90.0,86.0,50.0,50.0,50.118,50.171,position_noise+confidence_error,0.437,trust_weighted_fusion,avoidance,fixed,0.5,,4,0,66.081,7.61,9.092,uav_2,7.61,False,False,False,False,False,1,"[{""id"": ""obstacle_0"", ""kind"": ""static_obstacle"", ""x"": 50.0, ""y"": 50.0, ""radius"": 5.0}]"
sudden_target_appearance,114,22.8,0,33.173,33.933,94.0,90.0,50.0,50.0,,,position_noise+confidence_error,,trust_weighted_fusion,move,fixed,0.5,,3,0,82.725,6.411,18.265,uav_2,6.411,False,False,False,False,False,1,"[{""id"": ""obstacle_0"", ""kind"": ""static_obstacle"", ""x"": 50.0, ""y"": 50.0, ""radius"": 5.0}]"
sudden_target_appearance,114,22.8,1,33.258,41.927,90.0,94.0,50.0,50.0,49.653,49.993,position_noise+confidence_error,0.442,trust_weighted_fusion,avoidance,fixed,0.5,,4,0,77.015,7.994,13.587,uav_0,7.994,False,False,False,False,False,1,"[{""id"": ""obstacle_0"", ""kind"": ""static_obstacle"", ""x"": 50.0, ""y"": 50.0, ""radius"": 5.0}]"
sudden_target_appearance,114,22.8,2,39.584,33.823,86.0,90.0,50.0,50.0,49.653,49.993,position_noise+confidence_error,0.442,trust_weighted_fusion,avoidance,fixed,0.5,,4,0,72.872,6.411,14.241,uav_0,6.411,False,False,False,False,False,1,"[{""id"": ""obstacle_0"", ""kind"": ""static_obstacle"", ""x"": 50.0, ""y"": 50.0, ""radius"": 5.0}]"
sudden_target_appearance,114,22.8,3,46.723,36.371,90.0,86.0,50.0,50.0,49.653,49.993,position_noise+confidence_error,0.442,trust_weighted_fusion,avoidance,fixed,0.5,,4,0,65.848,7.58,9.018,uav_2,7.58,False,False,False,False,False,1,"[{""id"": ""obstacle_0"", ""kind"": ""static_obstacle"", ""x"": 50.0, ""y"": 50.0, ""radius"": 5.0}]"
sudden_target_appearance,115,23.0,0,33.449,34.187,94.0,90.0,50.0,50.0,,,position_noise+confidence_error,,trust_weighted_fusion,move,fixed,0.5,,3,0,82.35,6.17,17.89,uav_2,6.17,False,False,False,False,False,1,"[{""id"": ""obstacle_0"", ""kind"": ""static_obstacle"", ""x"": 50.0, ""y"": 50.0, ""radius"": 5.0}]"
sudden_target_appearance,115,23.0,1,33.596,42.088,90.0,94.0,50.0,50.0,50.122,49.197,position_noise+confidence_error,0.462,trust_weighted_fusion,avoidance,fixed,0.5,,4,0,76.656,7.902,13.212,uav_0,7.902,False,False,False,False,False,1,"[{""id"": ""obstacle_0"", ""kind"": ""static_obstacle"", ""x"": 50.0, ""y"": 50.0, ""radius"": 5.0}]"
sudden_target_appearance,115,23.0,2,39.575,33.448,86.0,90.0,50.0,50.0,50.122,49.197,false_positive+position_noise+confidence_error,0.462,trust_weighted_fusion,avoidance,fixed,0.5,,5,1,73.167,6.17,14.562,uav_0,6.17,False,False,False,False,False,1,"[{""id"": ""obstacle_0"", ""kind"": ""static_obstacle"", ""x"": 50.0, ""y"": 50.0, ""radius"": 5.0}]"
sudden_target_appearance,115,23.0,3,47.094,36.322,90.0,86.0,50.0,50.0,50.122,49.197,position_noise+confidence_error,0.462,trust_weighted_fusion,avoidance,fixed,0.5,,4,0,65.641,8.05,8.983,uav_2,8.05,False,False,False,False,False,1,"[{""id"": ""obstacle_0"", ""kind"": ""static_obstacle"", ""x"": 50.0, ""y"": 50.0, ""radius"": 5.0}]"
sudden_target_appearance,116,23.2,0,33.725,34.442,94.0,90.0,50.0,50.0,,,position_noise+confidence_error,,trust_weighted_fusion,move,fixed,0.5,,3,0,81.975,6.256,17.516,uav_2,6.256,False,False,False,False,False,1,"[{""id"": ""obstacle_0"", ""kind"": ""static_obstacle"", ""x"": 50.0, ""y"": 50.0, ""radius"": 5.0}]"
sudden_target_appearance,116,23.2,1,33.546,42.46,90.0,94.0,50.0,50.0,50.046,50.051,false_positive+position_noise+confidence_error,0.384,trust_weighted_fusion,avoidance,fixed,0.5,,5,1,76.442,8.02,13.099,uav_0,8.02,False,False,False,False,False,1,"[{""id"": ""obstacle_0"", ""kind"": ""static_obstacle"", ""x"": 50.0, ""y"": 50.0, ""radius"": 5.0}]"
sudden_target_appearance,116,23.2,2,39.922,33.589,86.0,90.0,50.0,50.0,50.046,50.051,position_noise+confidence_error,0.384,trust_weighted_fusion,avoidance,fixed,0.5,,4,0,72.838,6.256,14.258,uav_0,6.256,False,False,False,False,False,1,"[{""id"": ""obstacle_0"", ""kind"": ""static_obstacle"", ""x"": 50.0, ""y"": 50.0, ""radius"": 5.0}]"
sudden_target_appearance,116,23.2,3,47.469,36.311,90.0,86.0,50.0,50.0,50.046,50.051,position_noise+confidence_error,0.384,trust_weighted_fusion,avoidance,fixed,0.5,,4,0,65.405,8.023,8.921,uav_2,8.023,False,False,False,False,False,1,"[{""id"": ""obstacle_0"", ""kind"": ""static_obstacle"", ""x"": 50.0, ""y"": 50.0, ""radius"": 5.0}]"
sudden_target_appearance,117,23.4,0,34.0,34.696,94.0,90.0,50.0,50.0,,,position_noise+confidence_error,,trust_weighted_fusion,move,fixed,0.5,,3,0,81.6,6.346,17.141,uav_2,6.346,False,False,False,False,False,1,"[{""id"": ""obstacle_0"", ""kind"": ""static_obstacle"", ""x"": 50.0, ""y"": 50.0, ""radius"": 5.0}]"
sudden_target_appearance,117,23.4,1,33.889,42.611,90.0,94.0,50.0,50.0,50.122,49.892,position_noise+confidence_error,0.358,trust_weighted_fusion,avoidance,fixed,0.5,,3,0,76.087,7.917,12.724,uav_0,7.917,False,False,False,False,False,1,"[{""id"": ""obstacle_0"", ""kind"": ""static_obstacle"", ""x"": 50.0, ""y"": 50.0, ""radius"": 5.0}]"
sudden_target_appearance,117,23.4,2,40.272,33.724,86.0,90.0,50.0,50.0,50.122,49.892,position_noise+confidence_error,0.358,trust_weighted_fusion,avoidance,fixed,0.5,,4,0,72.513,6.346,13.962,uav_0,6.346,False,False,False,False,False,1,"[{""id"": ""obstacle_0"", ""kind"": ""static_obstacle"", ""x"": 50.0, ""y"": 50.0, ""radius"": 5.0}]"
sudden_target_appearance,117,23.4,3,47.844,36.297,90.0,86.0,50.0,50.0,50.122,49.892,position_noise+confidence_error,0.358,trust_weighted_fusion,avoidance,fixed,0.5,,3,0,65.173,7.997,8.872,uav_2,7.997,False,False,False,False,False,1,"[{""id"": ""obstacle_0"", ""kind"": ""static_obstacle"", ""x"": 50.0, ""y"": 50.0, ""radius"": 5.0}]"
sudden_target_appearance,118,23.6,0,34.375,34.722,94.0,90.0,50.0,50.0,,,false_positive+position_noise+confidence_error,,trust_weighted_fusion,false_avoidance,fixed,0.5,,4,1,81.307,6.315,16.853,uav_2,6.315,False,True,False,False,False,1,"[{""id"": ""obstacle_0"", ""kind"": ""static_obstacle"", ""x"": 50.0, ""y"": 50.0, ""radius"": 5.0}]"
sudden_target_appearance,118,23.6,1,34.238,42.749,90.0,94.0,50.0,50.0,49.734,49.592,position_noise+confidence_error,0.442,trust_weighted_fusion,avoidance,fixed,0.5,,3,0,75.737,8.028,12.35,uav_0,8.028,False,False,False,False,False,1,"[{""id"": ""obstacle_0"", ""kind"": ""static_obstacle"", ""x"": 50.0, ""y"": 50.0, ""radius"": 5.0}]"
sudden_target_appearance,118,23.6,2,40.628,33.843,86.0,90.0,50.0,50.0,49.734,49.592,position_noise+confidence_error,0.442,trust_weighted_fusion,avoidance,fixed,0.5,,4,0,72.196,6.315,13.679,uav_0,6.315,False,False,False,False,False,1,"[{""id"": ""obstacle_0"", ""kind"": ""static_obstacle"", ""x"": 50.0, ""y"": 50.0, ""radius"": 5.0}]"
sudden_target_appearance,118,23.6,3,48.218,36.276,90.0,86.0,50.0,50.0,49.734,49.592,position_noise+confidence_error,0.442,trust_weighted_fusion,avoidance,fixed,0.5,,3,0,64.948,7.971,8.839,uav_2,7.971,False,False,False,False,False,1,"[{""id"": ""obstacle_0"", ""kind"": ""static_obstacle"", ""x"": 50.0, ""y"": 50.0, ""radius"": 5.0}]"
sudden_target_appearance,119,23.8,0,34.65,34.977,94.0,90.0,50.0,50.0,,,position_noise+confidence_error,,trust_weighted_fusion,move,fixed,0.5,,3,0,80.932,6.409,16.478,uav_2,6.409,False,False,False,False,False,1,"[{""id"": ""obstacle_0"", ""kind"": ""static_obstacle"", ""x"": 50.0, ""y"": 50.0, ""radius"": 5.0}]"
sudden_target_appearance,119,23.8,1,34.587,42.886,90.0,94.0,50.0,50.0,50.216,50.268,position_noise+confidence_error,0.467,trust_weighted_fusion,avoidance,fixed,0.5,,3,0,75.387,7.909,11.976,uav_0,7.909,False,False,False,False,False,1,"[{""id"": ""obstacle_0"", ""kind"": ""static_obstacle"", ""x"": 50.0, ""y"": 50.0, ""radius"": 5.0}]"
sudden_target_appearance,119,23.8,2,40.979,33.974,86.0,90.0,50.0,50.0,50.216,50.268,position_noise+confidence_error,0.467,trust_weighted_fusion,avoidance,fixed,0.5,,4,0,71.874,6.409,13.391,uav_0,6.409,False,False,False,False,False,1,"[{""id"": ""obstacle_0"", ""kind"": ""static_obstacle"", ""x"": 50.0, ""y"": 50.0, ""radius"": 5.0}]"
sudden_target_appearance,119,23.8,3,48.593,36.28,90.0,86.0,50.0,50.0,50.216,50.268,position_noise+confidence_error,0.467,trust_weighted_fusion,avoidance,fixed,0.5,,3,0,64.703,7.956,8.791,uav_2,7.956,False,False,False,False,False,1,"[{""id"": ""obstacle_0"", ""kind"": ""static_obstacle"", ""x"": 50.0, ""y"": 50.0, ""radius"": 5.0}]"
sudden_target_appearance,120,24.0,0,34.925,35.232,94.0,90.0,50.0,50.0,,,position_noise+confidence_error,,trust_weighted_fusion,move,fixed,0.5,,3,0,80.557,6.506,16.104,uav_2,6.506,False,False,False,False,False,1,"[{""id"": ""obstacle_0"", ""kind"": ""static_obstacle"", ""x"": 50.0, ""y"": 50.0, ""radius"": 5.0}]"
sudden_target_appearance,120,24.0,1,34.76,43.218,90.0,94.0,50.0,50.0,50.638,50.051,false_positive+position_noise+confidence_error,0.46,trust_weighted_fusion,avoidance,fixed,0.5,,4,1,75.035,7.988,11.68,uav_0,7.988,False,False,False,False,False,1,"[{""id"": ""obstacle_0"", ""kind"": ""static_obstacle"", ""x"": 50.0, ""y"": 50.0, ""radius"": 5.0}]"
sudden_target_appearance,120,24.0,2,41.332,34.101,86.0,90.0,50.0,50.0,50.638,50.051,position_noise+confidence_error,0.46,trust_weighted_fusion,avoidance,fixed,0.5,,4,0,71.554,6.506,13.108,uav_0,6.506,False,False,False,False,False,1,"[{""id"": ""obstacle_0"", ""kind"": ""static_obstacle"", ""x"": 50.0, ""y"": 50.0, ""radius"": 5.0}]"
sudden_target_appearance,120,24.0,3,48.956,36.185,90.0,86.0,50.0,50.0,50.638,50.051,false_positive+position_noise+confidence_error,0.46,trust_weighted_fusion,avoidance,fixed,0.5,,4,1,64.546,7.904,8.855,uav_2,7.904,False,False,False,False,False,1,"[{""id"": ""obstacle_0"", ""kind"": ""static_obstacle"", ""x"": 50.0, ""y"": 50.0, ""radius"": 5.0}]"
sudden_target_appearance,121,24.2,0,35.2,35.487,94.0,90.0,50.0,50.0,,,position_noise+confidence_error,,trust_weighted_fusion,move,fixed,0.5,,3,0,80.182,6.612,15.729,uav_2,6.612,False,False,False,False,False,1,"[{""id"": ""obstacle_0"", ""kind"": ""static_obstacle"", ""x"": 50.0, ""y"": 50.0, ""radius"": 5.0}]"
sudden_target_appearance,121,24.2,1,35.118,43.332,90.0,94.0,50.0,50.0,49.904,50.242,position_noise+confidence_error,0.503,trust_weighted_fusion,avoidance,fixed,0.5,,3,0,74.695,7.845,11.308,uav_0,7.845,False,False,False,False,False,1,"[{""id"": ""obstacle_0"", ""kind"": ""static_obstacle"", ""x"": 50.0, ""y"": 50.0, ""radius"": 5.0}]"
sudden_target_appearance,121,24.2,2,41.689,34.217,86.0,90.0,50.0,50.0,49.904,50.242,position_noise+confidence_error,0.503,trust_weighted_fusion,avoidance,fixed,0.5,,4,0,71.241,6.612,12.838,uav_0,6.612,False,False,False,False,False,1,"[{""id"": ""obstacle_0"", ""kind"": ""static_obstacle"", ""x"": 50.0, ""y"": 50.0, ""radius"": 5.0}]"
sudden_target_appearance,121,24.2,3,49.331,36.2,90.0,86.0,50.0,50.0,49.904,50.242,position_noise+confidence_error,0.503,trust_weighted_fusion,avoidance,fixed,0.5,,3,0,64.296,7.895,8.816,uav_2,7.895,False,False,False,False,False,1,"[{""id"": ""obstacle_0"", ""kind"": ""static_obstacle"", ""x"": 50.0, ""y"": 50.0, ""radius"": 5.0}]"
sudden_target_appearance,122,24.4,0,35.475,35.742,94.0,90.0,50.0,50.0,,,position_noise+confidence_error,,trust_weighted_fusion,move,fixed,0.5,,3,0,79.807,6.726,15.354,uav_2,6.726,False,False,False,False,False,1,"[{""id"": ""obstacle_0"", ""kind"": ""static_obstacle"", ""x"": 50.0, ""y"": 50.0, ""radius"": 5.0}]"
sudden_target_appearance,122,24.4,1,35.477,43.438,90.0,94.0,50.0,50.0,49.965,49.97,position_noise+confidence_error,0.476,trust_weighted_fusion,avoidance,fixed,0.5,,3,0,74.359,7.696,10.936,uav_0,7.696,False,False,False,False,False,1,"[{""id"": ""obstacle_0"", ""kind"": ""static_obstacle"", ""x"": 50.0, ""y"": 50.0, ""radius"": 5.0}]"
sudden_target_appearance,122,24.4,2,42.048,34.322,86.0,90.0,50.0,50.0,49.965,49.97,position_noise+confidence_error,0.476,trust_weighted_fusion,avoidance,fixed,0.5,,4,0,70.935,6.726,12.579,uav_0,6.726,False,False,False,False,False,1,"[{""id"": ""obstacle_0"", ""kind"": ""static_obstacle"", ""x"": 50.0, ""y"": 50.0, ""radius"": 5.0}]"
sudden_target_appearance,122,24.4,3,49.705,36.21,90.0,86.0,50.0,50.0,49.965,49.97,position_noise+confidence_error,0.476,trust_weighted_fusion,avoidance,fixed,0.5,,3,0,64.052,7.886,8.793,uav_2,7.886,False,False,False,False,False,1,"[{""id"": ""obstacle_0"", ""kind"": ""static_obstacle"", ""x"": 50.0, ""y"": 50.0, ""radius"": 5.0}]"
sudden_target_appearance,123,24.6,0,35.835,35.846,94.0,90.0,50.0,50.0,49.424,49.664,position_noise+confidence_error,0.487,trust_weighted_fusion,avoidance,fixed,0.5,,4,0,79.472,6.734,15.025,uav_2,6.734,False,False,False,False,False,1,"[{""id"": ""obstacle_0"", ""kind"": ""static_obstacle"", ""x"": 50.0, ""y"": 50.0, ""radius"": 5.0}]"
sudden_target_appearance,123,24.6,1,35.847,43.499,90.0,94.0,50.0,50.0,49.424,49.664,position_noise+confidence_error,0.487,trust_weighted_fusion,avoidance,fixed,0.5,,3,0,74.046,7.653,10.574,uav_0,7.653,False,False,False,False,False,1,"[{""id"": ""obstacle_0"", ""kind"": ""static_obstacle"", ""x"": 50.0, ""y"": 50.0, ""radius"": 5.0}]"
sudden_target_appearance,123,24.6,2,42.414,34.407,86.0,90.0,50.0,50.0,49.424,49.664,position_noise+confidence_error,0.487,trust_weighted_fusion,avoidance,fixed,0.5,,4,0,70.642,6.734,12.34,uav_0,6.734,False,False,False,False,False,1,"[{""id"": ""obstacle_0"", ""kind"": ""static_obstacle"", ""x"": 50.0, ""y"": 50.0, ""radius"": 5.0}]"
sudden_target_appearance,123,24.6,3,50.08,36.221,90.0,86.0,50.0,50.0,49.424,49.664,position_noise+confidence_error,0.487,trust_weighted_fusion,avoidance,fixed,0.5,,3,0,63.808,7.878,8.779,uav_2,7.878,False,False,False,False,False,1,"[{""id"": ""obstacle_0"", ""kind"": ""static_obstacle"", ""x"": 50.0, ""y"": 50.0, ""radius"": 5.0}]"
sudden_target_appearance,124,24.8,0,36.109,36.101,94.0,90.0,50.0,50.0,,,position_noise+confidence_error,,trust_weighted_fusion,move,fixed,0.5,,3,0,79.097,6.492,14.65,uav_2,6.492,False,False,False,False,False,1,"[{""id"": ""obstacle_0"", ""kind"": ""static_obstacle"", ""x"": 50.0, ""y"": 50.0, ""radius"": 5.0}]"
sudden_target_appearance,124,24.8,1,36.198,43.633,90.0,94.0,50.0,50.0,51.192,49.959,position_noise+confidence_error,0.382,trust_weighted_fusion,avoidance,fixed,0.5,,3,0,73.699,7.532,10.2,uav_0,7.532,False,False,False,False,False,1,"[{""id"": ""obstacle_0"", ""kind"": ""static_obstacle"", ""x"": 50.0, ""y"": 50.0, ""radius"": 5.0}]"
sudden_target_appearance,124,24.8,2,42.272,34.06,86.0,90.0,50.0,50.0,51.192,49.959,false_positive+position_noise+confidence_error,0.382,trust_weighted_fusion,avoidance,fixed,0.5,,5,1,71.003,6.492,12.715,uav_0,6.492,False,False,False,False,False,1,"[{""id"": ""obstacle_0"", ""kind"": ""static_obstacle"", ""x"": 50.0, ""y"": 50.0, ""radius"": 5.0}]"
sudden_target_appearance,124,24.8,3,50.455,36.228,90.0,86.0,50.0,50.0,51.192,49.959,position_noise+confidence_error,0.382,trust_weighted_fusion,avoidance,fixed,0.5,,3,0,63.569,8.465,8.779,uav_2,8.465,False,False,False,False,False,1,"[{""id"": ""obstacle_0"", ""kind"": ""static_obstacle"", ""x"": 50.0, ""y"": 50.0, ""radius"": 5.0}]"
sudden_target_appearance,125,25.0,0,36.471,36.2,94.0,90.0,50.0,50.0,49.852,49.672,position_noise+confidence_error,0.413,trust_weighted_fusion,avoidance,fixed,0.5,,4,0,78.766,6.494,14.326,uav_2,6.494,False,False,False,False,False,1,"[{""id"": ""obstacle_0"", ""kind"": ""static_obstacle"", ""x"": 50.0, ""y"": 50.0, ""radius"": 5.0}]"
sudden_target_appearance,125,25.0,1,36.57,43.677,90.0,94.0,50.0,50.0,49.852,49.672,position_noise+confidence_error,0.413,trust_weighted_fusion,avoidance,fixed,0.5,,3,0,73.397,7.478,9.844,uav_0,7.478,False,False,False,False,False,1,"[{""id"": ""obstacle_0"", ""kind"": ""static_obstacle"", ""x"": 50.0, ""y"": 50.0, ""radius"": 5.0}]"
sudden_target_appearance,125,25.0,2,42.635,34.156,86.0,90.0,50.0,50.0,49.852,49.672,position_noise+confidence_error,0.413,trust_weighted_fusion,avoidance,fixed,0.5,,4,0,70.704,6.494,12.472,uav_0,6.494,False,False,False,False,False,1,"[{""id"": ""obstacle_0"", ""kind"": ""static_obstacle"", ""x"": 50.0, ""y"": 50.0, ""radius"": 5.0}]"
sudden_target_appearance,125,25.0,3,50.723,36.49,90.0,86.0,50.0,50.0,49.852,49.672,false_positive+position_noise+confidence_error,0.413,trust_weighted_fusion,avoidance,fixed,0.5,,4,1,63.197,8.418,8.529,uav_2,8.418,False,False,False,False,False,1,"[{""id"": ""obstacle_0"", ""kind"": ""static_obstacle"", ""x"": 50.0, ""y"": 50.0, ""radius"": 5.0}]"
sudden_target_appearance,126,25.2,0,36.745,36.456,94.0,90.0,50.0,50.0,50.467,50.874,position_noise+confidence_error,0.204,trust_weighted_fusion,move,fixed,0.5,,4,0,78.391,6.615,13.951,uav_2,6.615,False,False,False,False,False,1,"[{""id"": ""obstacle_0"", ""kind"": ""static_obstacle"", ""x"": 50.0, ""y"": 50.0, ""radius"": 5.0}]"
sudden_target_appearance,126,25.2,1,36.945,43.689,90.0,94.0,50.0,50.0,50.385,50.773,false_positive+position_noise+confidence_error,0.296,trust_weighted_fusion,avoidance,fixed,0.5,,4,1,73.117,7.236,9.501,uav_0,7.236,False,False,False,False,False,1,"[{""id"": ""obstacle_0"", ""kind"": ""static_obstacle"", ""x"": 50.0, ""y"": 50.0, ""radius"": 5.0}]"
sudden_target_appearance,126,25.2,2,42.99,34.275,86.0,90.0,50.0,50.0,50.385,50.773,position_noise+confidence_error,0.296,trust_weighted_fusion,avoidance,fixed,0.5,,4,0,70.392,6.615,12.216,uav_0,6.615,False,False,False,False,False,1,"[{""id"": ""obstacle_0"", ""kind"": ""static_obstacle"", ""x"": 50.0, ""y"": 50.0, ""radius"": 5.0}]"
sudden_target_appearance,126,25.2,3,51.087,36.58,90.0,86.0,50.0,50.0,50.385,50.773,false_positive+position_noise+confidence_error,0.296,trust_weighted_fusion,avoidance,fixed,0.5,,4,1,62.901,8.418,8.464,uav_2,8.418,False,False,False,False,False,1,"[{""id"": ""obstacle_0"", ""kind"": ""static_obstacle"", ""x"": 50.0, ""y"": 50.0, ""radius"": 5.0}]"
sudden_target_appearance,127,25.4,0,37.045,36.231,94.0,90.0,50.0,50.0,50.053,49.823,false_positive+position_noise+confidence_error,0.478,trust_weighted_fusion,avoidance,fixed,0.5,,5,1,78.326,6.579,13.906,uav_2,6.579,False,False,False,False,False,1,"[{""id"": ""obstacle_0"", ""kind"": ""static_obstacle"", ""x"": 50.0, ""y"": 50.0, ""radius"": 5.0}]"
sudden_target_appearance,127,25.4,1,36.86,44.054,90.0,94.0,50.0,50.0,50.053,49.823,false_positive+position_noise+confidence_error,0.478,trust_weighted_fusion,avoidance,fixed,0.5,,4,1,72.928,7.825,9.423,uav_0,7.825,False,False,False,False,False,1,"[{""id"": ""obstacle_0"", ""kind"": ""static_obstacle"", ""x"": 50.0, ""y"": 50.0, ""radius"": 5.0}]"
sudden_target_appearance,127,25.4,2,43.354,34.366,86.0,90.0,50.0,50.0,50.053,49.823,position_noise+confidence_error,0.478,trust_weighted_fusion,avoidance,fixed,0.5,,4,0,70.099,6.579,11.988,uav_0,6.579,False,False,False,False,False,1,"[{""id"": ""obstacle_0"", ""kind"": ""static_obstacle"", ""x"": 50.0, ""y"": 50.0, ""radius"": 5.0}]"
sudden_target_appearance,127,25.4,3,51.462,36.6,90.0,86.0,50.0,50.0,50.053,49.823,false_positive+position_noise+confidence_error,0.478,trust_weighted_fusion,avoidance,fixed,0.5,,4,1,62.654,8.41,8.479,uav_2,8.41,False,False,False,False,False,1,"[{""id"": ""obstacle_0"", ""kind"": ""static_obstacle"", ""x"": 50.0, ""y"": 50.0, ""radius"": 5.0}]"
sudden_target_appearance,128,25.6,0,37.409,36.32,94.0,90.0,50.0,50.0,49.901,50.208,position_noise+confidence_error,0.531,trust_weighted_fusion,avoidance,fixed,0.5,,4,0,78.0,6.578,13.592,uav_2,6.578,False,False,False,False,False,1,"[{""id"": ""obstacle_0"", ""kind"": ""static_obstacle"", ""x"": 50.0, ""y"": 50.0, ""radius"": 5.0}]"
sudden_target_appearance,128,25.6,1,37.235,44.044,90.0,94.0,50.0,50.0,49.901,50.208,position_noise+confidence_error,0.531,trust_weighted_fusion,avoidance,fixed,0.5,,3,0,72.662,7.726,9.086,uav_0,7.726,False,False,False,False,False,1,"[{""id"": ""obstacle_0"", ""kind"": ""static_obstacle"", ""x"": 50.0, ""y"": 50.0, ""radius"": 5.0}]"
sudden_target_appearance,128,25.6,2,43.718,34.458,86.0,90.0,50.0,50.0,49.901,50.208,position_noise+confidence_error,0.531,trust_weighted_fusion,avoidance,fixed,0.5,,4,0,69.804,6.578,11.763,uav_0,6.578,False,False,False,False,False,1,"[{""id"": ""obstacle_0"", ""kind"": ""static_obstacle"", ""x"": 50.0, ""y"": 50.0, ""radius"": 5.0}]"
sudden_target_appearance,128,25.6,3,51.835,36.637,90.0,86.0,50.0,50.0,49.901,50.208,position_noise+confidence_error,0.531,trust_weighted_fusion,avoidance,fixed,0.5,,3,0,62.396,8.405,8.488,uav_2,8.405,False,False,False,False,False,1,"[{""id"": ""obstacle_0"", ""kind"": ""static_obstacle"", ""x"": 50.0, ""y"": 50.0, ""radius"": 5.0}]"
sudden_target_appearance,129,25.8,0,37.616,36.633,94.0,90.0,50.0,50.0,49.597,49.716,false_positive+position_noise+confidence_error,0.497,trust_weighted_fusion,avoidance,fixed,0.5,,5,1,77.635,6.803,13.222,uav_2,6.803,False,False,False,False,False,1,"[{""id"": ""obstacle_0"", ""kind"": ""static_obstacle"", ""x"": 50.0, ""y"": 50.0, ""radius"": 5.0}]"
sudden_target_appearance,129,25.8,1,37.597,43.946,90.0,94.0,50.0,50.0,49.597,49.716,position_noise+confidence_error,0.497,trust_weighted_fusion,avoidance,fixed,0.5,,3,0,72.467,7.313,8.802,uav_0,7.313,False,False,False,False,False,1,"[{""id"": ""obstacle_0"", ""kind"": ""static_obstacle"", ""x"": 50.0, ""y"": 50.0, ""radius"": 5.0}]"
sudden_target_appearance,129,25.8,2,44.086,34.531,86.0,90.0,50.0,50.0,49.597,49.716,position_noise+confidence_error,0.497,trust_weighted_fusion,avoidance,fixed,0.5,,4,0,69.525,6.803,11.561,uav_0,6.803,False,False,False,False,False,1,"[{""id"": ""obstacle_0"", ""kind"": ""static_obstacle"", ""x"": 50.0, ""y"": 50.0, ""radius"": 5.0}]"
sudden_target_appearance,129,25.8,3,52.208,36.672,90.0,86.0,50.0,50.0,49.597,49.716,position_noise+confidence_error,0.497,trust_weighted_fusion,avoidance,fixed,0.5,,3,0,62.141,8.4,8.51,uav_2,8.4,False,False,False,False,False,1,"[{""id"": ""obstacle_0"", ""kind"": ""static_obstacle"", ""x"": 50.0, ""y"": 50.0, ""radius"": 5.0}]"
sudden_target_appearance,130,26.0,0,37.986,36.692,94.0,90.0,50.0,50.0,49.388,49.84,position_noise+confidence_error,0.553,trust_weighted_fusion,avoidance,fixed,0.5,,4,0,77.326,6.798,12.929,uav_2,6.798,False,False,False,False,False,1,"[{""id"": ""obstacle_0"", ""kind"": ""static_obstacle"", ""x"": 50.0, ""y"": 50.0, ""radius"": 5.0}]"
sudden_target_appearance,130,26.0,1,37.935,43.783,90.0,94.0,50.0,50.0,49.388,49.84,position_noise+confidence_error,0.553,trust_weighted_fusion,avoidance,fixed,0.5,,3,0,72.336,7.092,8.573,uav_0,7.092,False,False,False,False,False,1,"[{""id"": ""obstacle_0"", ""kind"": ""static_obstacle"", ""x"": 50.0, ""y"": 50.0, ""radius"": 5.0}]"
sudden_target_appearance,130,26.0,2,44.454,34.6,86.0,90.0,50.0,50.0,49.388,49.84,position_noise+confidence_error,0.553,trust_weighted_fusion,avoidance,fixed,0.5,,4,0,69.247,6.798,11.368,uav_0,6.798,False,False,False,False,False,1,"[{""id"": ""obstacle_0"", ""kind"": ""static_obstacle"", ""x"": 50.0, ""y"": 50.0, ""radius"": 5.0}]"
sudden_target_appearance,130,26.0,3,52.58,36.72,90.0,86.0,50.0,50.0,49.388,49.84,position_noise+confidence_error,0.553,trust_weighted_fusion,avoidance,fixed,0.5,,3,0,61.877,8.398,8.528,uav_2,8.398,False,False,False,False,False,1,"[{""id"": ""obstacle_0"", ""kind"": ""static_obstacle"", ""x"": 50.0, ""y"": 50.0, ""radius"": 5.0}]"
sudden_target_appearance,131,26.2,0,38.355,36.757,94.0,90.0,50.0,50.0,49.777,50.247,position_noise+confidence_error,0.515,trust_weighted_fusion,avoidance,fixed,0.5,,4,0,77.014,6.791,12.634,uav_2,6.791,False,False,False,False,False,1,"[{""id"": ""obstacle_0"", ""kind"": ""static_obstacle"", ""x"": 50.0, ""y"": 50.0, ""radius"": 5.0}]"
sudden_target_appearance,131,26.2,1,38.289,43.66,90.0,94.0,50.0,50.0,49.777,50.247,position_noise+confidence_error,0.515,trust_weighted_fusion,avoidance,fixed,0.5,,3,0,72.168,6.903,8.317,uav_0,6.903,False,False,False,False,False,1,"[{""id"": ""obstacle_0"", ""kind"": ""static_obstacle"", ""x"": 50.0, ""y"": 50.0, ""radius"": 5.0}]"
sudden_target_appearance,131,26.2,2,44.821,34.68,86.0,90.0,50.0,50.0,49.777,50.247,position_noise+confidence_error,0.515,trust_weighted_fusion,avoidance,fixed,0.5,,4,0,68.964,6.791,11.172,uav_0,6.791,False,False,False,False,False,1,"[{""id"": ""obstacle_0"", ""kind"": ""static_obstacle"", ""x"": 50.0, ""y"": 50.0, ""radius"": 5.0}]"
sudden_target_appearance,131,26.2,3,52.951,36.777,90.0,86.0,50.0,50.0,49.777,50.247,position_noise+confidence_error,0.515,trust_weighted_fusion,avoidance,fixed,0.5,,3,0,61.608,8.396,8.548,uav_2,8.396,False,False,False,False,False,1,"[{""id"": ""obstacle_0"", ""kind"": ""static_obstacle"", ""x"": 50.0, ""y"": 50.0, ""radius"": 5.0}]"
sudden_target_appearance,132,26.4,0,38.727,36.81,94.0,90.0,50.0,50.0,49.859,49.823,position_noise+confidence_error,0.625,trust_weighted_fusion,avoidance,fixed,0.5,,4,0,76.709,6.68,12.351,uav_1,6.68,False,False,False,False,False,1,"[{""id"": ""obstacle_0"", ""kind"": ""static_obstacle"", ""x"": 50.0, ""y"": 50.0, ""radius"": 5.0}]"
sudden_target_appearance,132,26.4,1,38.622,43.489,90.0,94.0,50.0,50.0,49.859,49.823,position_noise+confidence_error,0.625,trust_weighted_fusion,avoidance,fixed,0.5,,3,0,72.049,6.68,8.109,uav_0,6.68,False,False,False,False,False,1,"[{""id"": ""obstacle_0"", ""kind"": ""static_obstacle"", ""x"": 50.0, ""y"": 50.0, ""radius"": 5.0}]"
sudden_target_appearance,132,26.4,2,45.19,34.745,86.0,90.0,50.0,50.0,49.859,49.823,position_noise+confidence_error,0.625,trust_weighted_fusion,avoidance,fixed,0.5,,4,0,68.692,6.785,10.995,uav_0,6.785,False,False,False,False,False,1,"[{""id"": ""obstacle_0"", ""kind"": ""static_obstacle"", ""x"": 50.0, ""y"": 50.0, ""radius"": 5.0}]"
sudden_target_appearance,132,26.4,3,53.165,37.084,90.0,86.0,50.0,50.0,49.859,49.823,false_positive+position_noise+confidence_error,0.625,trust_weighted_fusion,avoidance,fixed,0.5,,4,1,61.233,8.311,8.298,obstacle_0,8.298,False,False,False,False,False,1,"[{""id"": ""obstacle_0"", ""kind"": ""static_obstacle"", ""x"": 50.0, ""y"": 50.0, ""radius"": 5.0}]"
sudden_target_appearance,133,26.6,0,39.098,36.859,94.0,90.0,50.0,50.0,49.799,50.125,position_noise+confidence_error,0.552,trust_weighted_fusion,avoidance,fixed,0.5,,4,0,76.408,6.449,12.074,uav_1,6.449,False,False,False,False,False,1,"[{""id"": ""obstacle_0"", ""kind"": ""static_obstacle"", ""x"": 50.0, ""y"": 50.0, ""radius"": 5.0}]"
sudden_target_appearance,133,26.6,1,38.95,43.306,90.0,94.0,50.0,50.0,49.799,50.125,position_noise+confidence_error,0.552,trust_weighted_fusion,avoidance,fixed,0.5,,3,0,71.944,6.449,7.92,uav_0,6.449,False,False,False,False,False,1,"[{""id"": ""obstacle_0"", ""kind"": ""static_obstacle"", ""x"": 50.0, ""y"": 50.0, ""radius"": 5.0}]"
sudden_target_appearance,133,26.6,2,45.558,34.815,86.0,90.0,50.0,50.0,49.799,50.125,position_noise+confidence_error,0.552,trust_weighted_fusion,avoidance,fixed,0.5,,4,0,68.417,6.775,10.821,uav_0,6.775,False,False,False,False,False,1,"[{""id"": ""obstacle_0"", ""kind"": ""static_obstacle"", ""x"": 50.0, ""y"": 50.0, ""radius"": 5.0}]"
sudden_target_appearance,133,26.6,3,53.536,37.141,90.0,86.0,50.0,50.0,49.799,50.125,position_noise+confidence_error,0.552,trust_weighted_fusion,avoidance,fixed,0.5,,3,0,60.966,8.31,8.336,uav_2,8.31,False,False,False,False,False,1,"[{""id"": ""obstacle_0"", ""kind"": ""static_obstacle"", ""x"": 50.0, ""y"": 50.0, ""radius"": 5.0}]"
sudden_target_appearance,134,26.8,0,39.469,36.919,94.0,90.0,50.0,50.0,50.136,50.755,position_noise+confidence_error,0.498,trust_weighted_fusion,avoidance,fixed,0.5,,4,0,76.1,6.259,11.793,uav_1,6.259,False,False,False,False,False,1,"[{""id"": ""obstacle_0"", ""kind"": ""static_obstacle"", ""x"": 50.0, ""y"": 50.0, ""radius"": 5.0}]"
sudden_target_appearance,134,26.8,1,39.301,43.175,90.0,94.0,50.0,50.0,50.136,50.755,position_noise+confidence_error,0.498,trust_weighted_fusion,avoidance,fixed,0.5,,3,0,71.788,6.259,7.69,uav_0,6.259,False,False,False,False,False,1,"[{""id"": ""obstacle_0"", ""kind"": ""static_obstacle"", ""x"": 50.0, ""y"": 50.0, ""radius"": 5.0}]"
sudden_target_appearance,134,26.8,2,45.923,34.902,86.0,90.0,50.0,50.0,50.136,50.755,position_noise+confidence_error,0.498,trust_weighted_fusion,avoidance,fixed,0.5,,4,0,68.132,6.762,10.639,uav_0,6.762,False,False,False,False,False,1,"[{""id"": ""obstacle_0"", ""kind"": ""static_obstacle"", ""x"": 50.0, ""y"": 50.0, ""radius"": 5.0}]"
sudden_target_appearance,134,26.8,3,53.904,37.211,90.0,86.0,50.0,50.0,50.136,50.755,position_noise+confidence_error,0.498,trust_weighted_fusion,avoidance,fixed,0.5,,3,0,60.69,8.309,8.371,uav_2,8.309,False,False,False,False,False,1,"[{""id"": ""obstacle_0"", ""kind"": ""static_obstacle"", ""x"": 50.0, ""y"": 50.0, ""radius"": 5.0}]"
sudden_target_appearance,135,27.0,0,39.825,37.037,94.0,90.0,50.0,50.0,50.127,50.302,false_positive+position_noise+confidence_error,0.531,trust_weighted_fusion,avoidance,fixed,0.5,,5,1,75.763,5.96,11.48,uav_1,5.96,False,False,False,False,False,1,"[{""id"": ""obstacle_0"", ""kind"": ""static_obstacle"", ""x"": 50.0, ""y"": 50.0, ""radius"": 5.0}]"
sudden_target_appearance,135,27.0,1,39.63,42.994,90.0,94.0,50.0,50.0,50.127,50.302,position_noise+confidence_error,0.531,trust_weighted_fusion,avoidance,fixed,0.5,,3,0,71.685,5.96,7.515,uav_0,5.96,False,False,False,False,False,1,"[{""id"": ""obstacle_0"", ""kind"": ""static_obstacle"", ""x"": 50.0, ""y"": 50.0, ""radius"": 5.0}]"
sudden_target_appearance,135,27.0,2,45.649,35.157,86.0,90.0,50.0,50.0,50.127,50.302,false_positive+position_noise+confidence_error,0.531,trust_weighted_fusion,avoidance,fixed,0.5,,5,1,68.088,6.12,10.467,uav_0,6.12,False,False,False,False,False,1,"[{""id"": ""obstacle_0"", ""kind"": ""static_obstacle"", ""x"": 50.0, ""y"": 50.0, ""radius"": 5.0}]"
sudden_target_appearance,135,27.0,3,54.248,37.362,90.0,86.0,50.0,50.0,50.127,50.302,false_positive+position_noise+confidence_error,0.531,trust_weighted_fusion,avoidance,fixed,0.5,,4,1,60.364,8.877,8.333,obstacle_0,8.333,False,False,False,False,False,1,"[{""id"": ""obstacle_0"", ""kind"": ""static_obstacle"", ""x"": 50.0, ""y"": 50.0, ""radius"": 5.0}]"
sudden_target_appearance,136,27.2,0,40.198,37.076,94.0,90.0,50.0,50.0,50.168,50.449,position_noise+confidence_error,0.58,trust_weighted_fusion,avoidance,fixed,0.5,,4,0,75.47,5.74,11.221,uav_1,5.74,False,False,False,False,False,1,"[{""id"": ""obstacle_0"", ""kind"": ""static_obstacle"", ""x"": 50.0, ""y"": 50.0, ""radius"": 5.0}]"
sudden_target_appearance,136,27.2,1,39.957,42.811,90.0,94.0,50.0,50.0,50.168,50.449,position_noise+confidence_error,0.58,trust_weighted_fusion,avoidance,fixed,0.5,,3,0,71.586,5.74,7.351,uav_0,5.74,False,False,False,False,False,1,"[{""id"": ""obstacle_0"", ""kind"": ""static_obstacle"", ""x"": 50.0, ""y"": 50.0, ""radius"": 5.0}]"
sudden_target_appearance,136,27.2,2,46.018,35.225,86.0,90.0,50.0,50.0,50.168,50.449,position_noise+confidence_error,0.58,trust_weighted_fusion,avoidance,fixed,0.5,,4,0,67.815,6.107,10.302,uav_0,6.107,False,False,False,False,False,1,"[{""id"": ""obstacle_0"", ""kind"": ""static_obstacle"", ""x"": 50.0, ""y"": 50.0, ""radius"": 5.0}]"
sudden_target_appearance,136,27.2,3,54.579,37.187,90.0,86.0,50.0,50.0,50.168,50.449,false_positive+position_noise+confidence_error,0.58,trust_weighted_fusion,avoidance,fixed,0.5,,4,1,60.311,8.784,8.607,obstacle_0,8.607,False,False,False,False,False,1,"[{""id"": ""obstacle_0"", ""kind"": ""static_obstacle"", ""x"": 50.0, ""y"": 50.0, ""radius"": 5.0}]"
sudden_target_appearance,137,27.4,0,40.572,37.09,94.0,90.0,50.0,50.0,49.853,50.038,position_noise+confidence_error,0.598,trust_weighted_fusion,avoidance,fixed,0.5,,4,0,75.193,5.485,10.986,uav_1,5.485,False,False,False,False,False,1,"[{""id"": ""obstacle_0"", ""kind"": ""static_obstacle"", ""x"": 50.0, ""y"": 50.0, ""radius"": 5.0}]"
sudden_target_appearance,137,27.4,1,40.24,42.566,90.0,94.0,50.0,50.0,49.853,50.038,position_noise+confidence_error,0.598,trust_weighted_fusion,avoidance,fixed,0.5,,3,0,71.565,5.485,7.269,uav_0,5.485,False,False,False,False,False,1,"[{""id"": ""obstacle_0"", ""kind"": ""static_obstacle"", ""x"": 50.0, ""y"": 50.0, ""radius"": 5.0}]"
sudden_target_appearance,137,27.4,2,46.339,35.032,86.0,90.0,50.0,50.0,49.853,50.038,false_positive+position_noise+confidence_error,0.598,trust_weighted_fusion,avoidance,fixed,0.5,,5,1,67.782,6.123,10.409,uav_0,6.123,False,False,False,False,False,1,"[{""id"": ""obstacle_0"", ""kind"": ""static_obstacle"", ""x"": 50.0, ""y"": 50.0, ""radius"": 5.0}]"
sudden_target_appearance,137,27.4,3,54.825,37.47,90.0,86.0,50.0,50.0,49.853,50.038,false_positive+position_noise+confidence_error,0.598,trust_weighted_fusion,avoidance,fixed,0.5,,4,1,59.937,8.829,8.427,obstacle_0,8.427,False,False,False,False,False,1,"[{""id"": ""obstacle_0"", ""kind"": ""static_obstacle"", ""x"": 50.0, ""y"": 50.0, ""radius"": 5.0}]"
sudden_target_appearance,138,27.6,0,40.947,37.107,94.0,90.0,50.0,50.0,49.733,50.462,position_noise+confidence_error,0.55,trust_weighted_fusion,avoidance,fixed,0.5,,4,0,74.916,5.252,10.754,uav_1,5.252,False,False,False,False,False,1,"[{""id"": ""obstacle_0"", ""kind"": ""static_obstacle"", ""x"": 50.0, ""y"": 50.0, ""radius"": 5.0}]"
sudden_target_appearance,138,27.6,1,40.542,42.343,90.0,94.0,50.0,50.0,49.733,50.462,position_noise+confidence_error,0.55,trust_weighted_fusion,avoidance,fixed,0.5,,3,0,71.515,5.252,7.168,uav_0,5.252,False,False,False,False,False,1,"[{""id"": ""obstacle_0"", ""kind"": ""static_obstacle"", ""x"": 50.0, ""y"": 50.0, ""radius"": 5.0}]"
sudden_target_appearance,138,27.6,2,46.708,35.102,86.0,90.0,50.0,50.0,49.733,50.462,position_noise+confidence_error,0.55,trust_weighted_fusion,avoidance,fixed,0.5,,4,0,67.511,6.1,10.258,uav_0,6.1,False,False,False,False,False,1,"[{""id"": ""obstacle_0"", ""kind"": ""static_obstacle"", ""x"": 50.0, ""y"": 50.0, ""radius"": 5.0}]"
sudden_target_appearance,138,27.6,3,55.189,37.561,90.0,86.0,50.0,50.0,49.733,50.462,position_noise+confidence_error,0.55,trust_weighted_fusion,avoidance,fixed,0.5,,3,0,59.65,8.83,8.478,obstacle_0,8.478,False,False,False,False,False,1,"[{""id"": ""obstacle_0"", ""kind"": ""static_obstacle"", ""x"": 50.0, ""y"": 50.0, ""radius"": 5.0}]"
sudden_target_appearance,139,27.8,0,41.319,37.151,94.0,90.0,50.0,50.0,50.266,50.403,false_positive+position_noise+confidence_error,0.74,trust_weighted_fusion,avoidance,fixed,0.5,,5,1,74.621,5.017,10.506,uav_1,5.017,False,False,False,False,False,1,"[{""id"": ""obstacle_0"", ""kind"": ""static_obstacle"", ""x"": 50.0, ""y"": 50.0, ""radius"": 5.0}]"
sudden_target_appearance,139,27.8,1,40.862,42.147,90.0,94.0,50.0,50.0,50.266,50.403,position_noise+confidence_error,0.74,trust_weighted_fusion,avoidance,fixed,0.5,,3,0,71.437,5.017,7.049,uav_0,5.017,False,False,False,False,False,1,"[{""id"": ""obstacle_0"", ""kind"": ""static_obstacle"", ""x"": 50.0, ""y"": 50.0, ""radius"": 5.0}]"
sudden_target_appearance,139,27.8,2,47.077,35.169,86.0,90.0,50.0,50.0,50.266,50.403,position_noise+confidence_error,0.74,trust_weighted_fusion,avoidance,fixed,0.5,,4,0,67.241,6.089,10.116,uav_0,6.089,False,False,False,False,False,1,"[{""id"": ""obstacle_0"", ""kind"": ""static_obstacle"", ""x"": 50.0, ""y"": 50.0, ""radius"": 5.0}]"
sudden_target_appearance,139,27.8,3,55.554,37.647,90.0,86.0,50.0,50.0,50.266,50.403,position_noise+confidence_error,0.74,trust_weighted_fusion,avoidance,fixed,0.5,,3,0,59.368,8.832,8.544,obstacle_0,8.544,False,False,False,False,False,1,"[{""id"": ""obstacle_0"", ""kind"": ""static_obstacle"", ""x"": 50.0, ""y"": 50.0, ""radius"": 5.0}]"
sudden_target_appearance,140,28.0,0,41.694,37.139,94.0,90.0,50.0,50.0,49.834,49.947,position_noise+confidence_error,0.621,trust_weighted_fusion,avoidance,fixed,0.5,,4,0,74.365,4.785,10.31,uav_1,4.785,False,False,False,False,False,1,"[{""id"": ""obstacle_0"", ""kind"": ""static_obstacle"", ""x"": 50.0, ""y"": 50.0, ""radius"": 5.0}]"
sudden_target_appearance,140,28.0,1,41.136,41.892,90.0,94.0,50.0,50.0,49.834,49.947,position_noise+confidence_error,0.621,trust_weighted_fusion,avoidance,fixed,0.5,,3,0,71.435,4.785,7.013,uav_0,4.785,False,False,False,False,False,1,"[{""id"": ""obstacle_0"", ""kind"": ""static_obstacle"", ""x"": 50.0, ""y"": 50.0, ""radius"": 5.0}]"
sudden_target_appearance,140,28.0,2,47.417,35.328,86.0,90.0,50.0,50.0,49.834,49.947,false_positive+position_noise+confidence_error,0.621,trust_weighted_fusion,avoidance,fixed,0.5,,5,1,66.916,6.003,9.898,uav_0,6.003,False,False,False,False,False,1,"[{""id"": ""obstacle_0"", ""kind"": ""static_obstacle"", ""x"": 50.0, ""y"": 50.0, ""radius"": 5.0}]"
sudden_target_appearance,140,28.0,3,55.917,37.741,90.0,86.0,50.0,50.0,49.834,49.947,position_noise+confidence_error,0.621,trust_weighted_fusion,avoidance,fixed,0.5,,3,0,59.081,8.836,8.612,obstacle_0,8.612,False,False,False,False,False,1,"[{""id"": ""obstacle_0"", ""kind"": ""static_obstacle"", ""x"": 50.0, ""y"": 50.0, ""radius"": 5.0}]"
sudden_target_appearance,141,28.2,0,42.069,37.137,94.0,90.0,50.0,50.0,50.193,50.188,position_noise+confidence_error,0.544,trust_weighted_fusion,avoidance,fixed,0.5,,4,0,74.104,4.582,10.112,uav_1,4.582,False,False,False,False,False,1,"[{""id"": ""obstacle_0"", ""kind"": ""static_obstacle"", ""x"": 50.0, ""y"": 50.0, ""radius"": 5.0}]"
sudden_target_appearance,141,28.2,1,41.443,41.676,90.0,94.0,50.0,50.0,50.193,50.188,position_noise+confidence_error,0.544,trust_weighted_fusion,avoidance,fixed,0.5,,3,0,71.384,4.582,6.938,uav_0,4.582,False,False,False,False,False,1,"[{""id"": ""obstacle_0"", ""kind"": ""static_obstacle"", ""x"": 50.0, ""y"": 50.0, ""radius"": 5.0}]"
sudden_target_appearance,141,28.2,2,47.694,35.58,86.0,90.0,50.0,50.0,50.193,50.188,false_positive+position_noise+confidence_error,0.544,trust_weighted_fusion,avoidance,fixed,0.5,,5,1,66.55,5.836,9.603,uav_0,5.836,False,False,False,False,False,1,"[{""id"": ""obstacle_0"", ""kind"": ""static_obstacle"", ""x"": 50.0, ""y"": 50.0, ""radius"": 5.0}]"
sudden_target_appearance,141,28.2,3,56.279,37.838,90.0,86.0,50.0,50.0,50.193,50.188,position_noise+confidence_error,0.544,trust_weighted_fusion,avoidance,fixed,0.5,,3,0,58.793,8.877,8.687,obstacle_0,8.687,False,False,False,False,False,1,"[{""id"": ""obstacle_0"", ""kind"": ""static_obstacle"", ""x"": 50.0, ""y"": 50.0, ""radius"": 5.0}]"
sudden_target_appearance,142,28.4,0,42.309,37.425,94.0,90.0,50.0,50.0,50.032,49.801,false_positive+position_noise+confidence_error,0.631,trust_weighted_fusion,avoidance,fixed,0.5,,5,1,73.73,4.025,9.741,uav_1,4.025,False,False,False,False,False,1,"[{""id"": ""obstacle_0"", ""kind"": ""static_obstacle"", ""x"": 50.0, ""y"": 50.0, ""radius"": 5.0}]"
sudden_target_appearance,142,28.4,1,41.702,41.405,90.0,94.0,50.0,50.0,50.032,49.801,false_positive+position_noise+confidence_error,0.631,trust_weighted_fusion,avoidance,fixed,0.5,,4,1,71.407,4.025,6.947,uav_0,4.025,False,False,False,False,False,1,"[{""id"": ""obstacle_0"", ""kind"": ""static_obstacle"", ""x"": 50.0, ""y"": 50.0, ""radius"": 5.0}]"
sudden_target_appearance,142,28.4,2,48.069,35.585,86.0,90.0,50.0,50.0,50.032,49.801,false_positive+position_noise+confidence_error,0.631,trust_weighted_fusion,avoidance,fixed,0.5,,5,1,66.331,6.047,9.544,uav_0,6.047,False,False,False,False,False,1,"[{""id"": ""obstacle_0"", ""kind"": ""static_obstacle"", ""x"": 50.0, ""y"": 50.0, ""radius"": 5.0}]"
sudden_target_appearance,142,28.4,3,56.64,37.94,90.0,86.0,50.0,50.0,50.032,49.801,position_noise+confidence_error,0.631,trust_weighted_fusion,avoidance,fixed,0.5,,3,0,58.503,8.889,8.767,obstacle_0,8.767,False,False,False,False,False,1,"[{""id"": ""obstacle_0"", ""kind"": ""static_obstacle"", ""x"": 50.0, ""y"": 50.0, ""radius"": 5.0}]"
sudden_target_appearance,143,28.6,0,42.68,37.376,94.0,90.0,50.0,50.0,49.81,49.713,position_noise+confidence_error,0.595,trust_weighted_fusion,avoidance,fixed,0.5,,4,0,73.505,4.517,9.592,uav_1,4.517,False,False,False,False,False,1,"[{""id"": ""obstacle_0"", ""kind"": ""static_obstacle"", ""x"": 50.0, ""y"": 50.0, ""radius"": 5.0}]"
sudden_target_appearance,143,28.6,1,41.559,41.751,90.0,94.0,50.0,50.0,49.81,49.713,false_positive+position_noise+confidence_error,0.595,trust_weighted_fusion,avoidance,fixed,0.5,,4,1,71.249,4.517,6.802,uav_0,4.517,False,False,False,False,False,1,"[{""id"": ""obstacle_0"", ""kind"": ""static_obstacle"", ""x"": 50.0, ""y"": 50.0, ""radius"": 5.0}]"
sudden_target_appearance,143,28.6,2,48.442,35.618,86.0,90.0,50.0,50.0,49.81,49.713,position_noise+confidence_error,0.595,trust_weighted_fusion,avoidance,fixed,0.5,,4,0,66.091,6.024,9.466,uav_0,6.024,False,False,False,False,False,1,"[{""id"": ""obstacle_0"", ""kind"": ""static_obstacle"", ""x"": 50.0, ""y"": 50.0, ""radius"": 5.0}]"
sudden_target_appearance,143,28.6,3,56.267,37.982,90.0,86.0,50.0,50.0,49.81,49.713,false_positive+position_noise+confidence_error,0.595,trust_weighted_fusion,avoidance,fixed,0.5,,4,1,58.682,8.174,8.554,uav_2,8.174,False,False,False,False,False,1,"[{""id"": ""obstacle_0"", ""kind"": ""static_obstacle"", ""x"": 50.0, ""y"": 50.0, ""radius"": 5.0}]"
sudden_target_appearance,144,28.8,0,43.052,37.325,94.0,90.0,50.0,50.0,50.287,49.537,position_noise+confidence_error,0.629,trust_weighted_fusion,avoidance,fixed,0.5,,4,0,73.283,4.337,9.454,uav_1,4.337,False,False,False,False,False,1,"[{""id"": ""obstacle_0"", ""kind"": ""static_obstacle"", ""x"": 50.0, ""y"": 50.0, ""radius"": 5.0}]"
sudden_target_appearance,144,28.8,1,41.822,41.484,90.0,94.0,50.0,50.0,50.287,49.537,position_noise+confidence_error,0.629,trust_weighted_fusion,avoidance,fixed,0.5,,3,0,71.267,4.337,6.807,uav_0,4.337,False,False,False,False,False,1,"[{""id"": ""obstacle_0"", ""kind"": ""static_obstacle"", ""x"": 50.0, ""y"": 50.0, ""radius"": 5.0}]"
sudden_target_appearance,144,28.8,2,48.777,35.787,86.0,90.0,50.0,50.0,50.287,49.537,false_positive+position_noise+confidence_error,0.629,trust_weighted_fusion,avoidance,fixed,0.5,,5,1,65.762,5.928,9.265,uav_0,5.928,False,False,False,False,False,1,"[{""id"": ""obstacle_0"", ""kind"": ""static_obstacle"", ""x"": 50.0, ""y"": 50.0, ""radius"": 5.0}]"
sudden_target_appearance,144,28.8,3,56.641,37.948,90.0,86.0,50.0,50.0,50.287,49.537,false_positive+position_noise+confidence_error,0.629,trust_weighted_fusion,avoidance,fixed,0.5,,4,1,58.496,8.156,8.76,uav_2,8.156,False,False,False,False,False,1,"[{""id"": ""obstacle_0"", ""kind"": ""static_obstacle"", ""x"": 50.0, ""y"": 50.0, ""radius"": 5.0}]"
sudden_target_appearance,145,29.0,0,43.421,37.261,94.0,90.0,50.0,50.0,49.96,49.463,position_noise+confidence_error,0.571,trust_weighted_fusion,avoidance,fixed,0.5,,4,0,73.073,4.17,9.337,uav_1,4.17,False,False,False,False,False,1,"[{""id"": ""obstacle_0"", ""kind"": ""static_obstacle"", ""x"": 50.0, ""y"": 50.0, ""radius"": 5.0}]"
sudden_target_appearance,145,29.0,1,42.076,41.209,90.0,94.0,50.0,50.0,49.96,49.463,position_noise+confidence_error,0.571,trust_weighted_fusion,avoidance,fixed,0.5,,3,0,71.299,4.17,6.835,uav_0,4.17,False,False,False,False,False,1,"[{""id"": ""obstacle_0"", ""kind"": ""static_obstacle"", ""x"": 50.0, ""y"": 50.0, ""radius"": 5.0}]"
sudden_target_appearance,145,29.0,2,49.151,35.809,86.0,90.0,50.0,50.0,49.96,49.463,position_noise+confidence_error,0.571,trust_weighted_fusion,avoidance,fixed,0.5,,4,0,65.533,5.911,9.217,uav_0,5.911,False,False,False,False,False,1,"[{""id"": ""obstacle_0"", ""kind"": ""static_obstacle"", ""x"": 50.0, ""y"": 50.0, ""radius"": 5.0}]"
sudden_target_appearance,145,29.0,3,57.016,37.955,90.0,86.0,50.0,50.0,49.96,49.463,false_positive+position_noise+confidence_error,0.571,trust_weighted_fusion,avoidance,fixed,0.5,,4,1,58.278,8.152,8.94,uav_2,8.152,False,False,False,False,False,1,"[{""id"": ""obstacle_0"", ""kind"": ""static_obstacle"", ""x"": 50.0, ""y"": 50.0, ""radius"": 5.0}]"
sudden_target_appearance,146,29.2,0,43.756,37.093,94.0,90.0,50.0,50.0,50.12,50.135,position_noise+confidence_error,0.572,trust_weighted_fusion,avoidance,fixed,0.5,,4,0,72.963,4.136,9.338,uav_1,4.136,False,False,False,False,False,1,"[{""id"": ""obstacle_0"", ""kind"": ""static_obstacle"", ""x"": 50.0, ""y"": 50.0, ""radius"": 5.0}]"
sudden_target_appearance,146,29.2,1,42.385,40.995,90.0,94.0,50.0,50.0,50.12,50.135,position_noise+confidence_error,0.572,trust_weighted_fusion,avoidance,fixed,0.5,,3,0,71.251,4.136,6.793,uav_0,4.136,False,False,False,False,False,1,"[{""id"": ""obstacle_0"", ""kind"": ""static_obstacle"", ""x"": 50.0, ""y"": 50.0, ""radius"": 5.0}]"
sudden_target_appearance,146,29.2,2,49.348,36.128,86.0,90.0,50.0,50.0,50.12,50.135,false_positive+position_noise+confidence_error,0.572,trust_weighted_fusion,avoidance,fixed,0.5,,5,1,65.158,5.674,8.888,uav_0,5.674,False,False,False,False,False,1,"[{""id"": ""obstacle_0"", ""kind"": ""static_obstacle"", ""x"": 50.0, ""y"": 50.0, ""radius"": 5.0}]"
sudden_target_appearance,146,29.2,3,57.371,38.073,90.0,86.0,50.0,50.0,50.12,50.135,position_noise+confidence_error,0.572,trust_weighted_fusion,avoidance,fixed,0.5,,3,0,57.979,8.256,9.021,uav_2,8.256,False,False,False,False,False,1,"[{""id"": ""obstacle_0"", ""kind"": ""static_obstacle"", ""x"": 50.0, ""y"": 50.0, ""radius"": 5.0}]"
sudden_target_appearance,147,29.4,0,44.088,36.917,94.0,90.0,50.0,50.0,49.74,49.642,false_positive+position_noise+confidence_error,0.658,trust_weighted_fusion,avoidance,fixed,0.5,,5,1,72.863,4.711,9.357,uav_1,4.711,False,False,False,False,False,1,"[{""id"": ""obstacle_0"", ""kind"": ""static_obstacle"", ""x"": 50.0, ""y"": 50.0, ""radius"": 5.0}]"
sudden_target_appearance,147,29.4,1,42.05,41.164,90.0,94.0,50.0,50.0,49.74,49.642,position_noise+confidence_error,0.658,trust_weighted_fusion,avoidance,fixed,0.5,,3,0,71.35,4.711,6.886,uav_0,4.711,False,False,False,False,False,1,"[{""id"": ""obstacle_0"", ""kind"": ""static_obstacle"", ""x"": 50.0, ""y"": 50.0, ""radius"": 5.0}]"
sudden_target_appearance,147,29.4,2,49.722,36.151,86.0,90.0,50.0,50.0,49.74,49.642,position_noise+confidence_error,0.658,trust_weighted_fusion,avoidance,fixed,0.5,,4,0,64.929,5.686,8.852,uav_0,5.686,False,False,False,False,False,1,"[{""id"": ""obstacle_0"", ""kind"": ""static_obstacle"", ""x"": 50.0, ""y"": 50.0, ""radius"": 5.0}]"
sudden_target_appearance,147,29.4,3,57.724,38.201,90.0,86.0,50.0,50.0,49.74,49.642,position_noise+confidence_error,0.658,trust_weighted_fusion,avoidance,fixed,0.5,,3,0,57.676,8.26,9.103,uav_2,8.26,False,False,False,False,False,1,"[{""id"": ""obstacle_0"", ""kind"": ""static_obstacle"", ""x"": 50.0, ""y"": 50.0, ""radius"": 5.0}]"
sudden_target_appearance,148,29.6,0,44.463,36.908,94.0,90.0,50.0,50.0,49.784,50.722,position_noise+confidence_error,0.742,trust_weighted_fusion,avoidance,fixed,0.5,,4,0,72.613,4.578,9.215,uav_1,4.578,False,False,False,False,False,1,"[{""id"": ""obstacle_0"", ""kind"": ""static_obstacle"", ""x"": 50.0, ""y"": 50.0, ""radius"": 5.0}]"
sudden_target_appearance,148,29.6,1,42.379,40.983,90.0,94.0,50.0,50.0,49.784,50.722,position_noise+confidence_error,0.742,trust_weighted_fusion,avoidance,fixed,0.5,,3,0,71.264,4.578,6.806,uav_0,4.578,False,False,False,False,False,1,"[{""id"": ""obstacle_0"", ""kind"": ""static_obstacle"", ""x"": 50.0, ""y"": 50.0, ""radius"": 5.0}]"
sudden_target_appearance,148,29.6,2,49.749,35.777,86.0,90.0,50.0,50.0,49.784,50.722,false_positive+position_noise+confidence_error,0.742,trust_weighted_fusion,avoidance,fixed,0.5,,5,1,65.225,5.406,9.225,uav_0,5.406,False,False,False,False,False,1,"[{""id"": ""obstacle_0"", ""kind"": ""static_obstacle"", ""x"": 50.0, ""y"": 50.0, ""radius"": 5.0}]"
sudden_target_appearance,148,29.6,3,58.071,38.342,90.0,86.0,50.0,50.0,49.784,50.722,position_noise+confidence_error,0.742,trust_weighted_fusion,avoidance,fixed,0.5,,3,0,57.365,8.709,9.179,uav_2,8.709,False,False,False,False,False,1,"[{""id"": ""obstacle_0"", ""kind"": ""static_obstacle"", ""x"": 50.0, ""y"": 50.0, ""radius"": 5.0}]"
sudden_target_appearance,149,29.8,0,44.708,36.624,94.0,90.0,50.0,50.0,49.651,49.647,false_positive+position_noise+confidence_error,0.543,trust_weighted_fusion,avoidance,fixed,0.5,,5,1,72.655,4.59,9.385,uav_1,4.59,False,False,False,False,False,1,"[{""id"": ""obstacle_0"", ""kind"": ""static_obstacle"", ""x"": 50.0, ""y"": 50.0, ""radius"": 5.0}]"
sudden_target_appearance,149,29.8,1,42.654,40.729,90.0,94.0,50.0,50.0,49.651,49.647,position_noise+confidence_error,0.543,trust_weighted_fusion,avoidance,fixed,0.5,,3,0,71.27,4.59,6.828,uav_0,4.59,False,False,False,False,False,1,"[{""id"": ""obstacle_0"", ""kind"": ""static_obstacle"", ""x"": 50.0, ""y"": 50.0, ""radius"": 5.0}]"
sudden_target_appearance,149,29.8,2,50.121,35.819,86.0,90.0,50.0,50.0,49.651,49.647,position_noise+confidence_error,0.543,trust_weighted_fusion,avoidance,fixed,0.5,,4,0,64.983,5.473,9.181,uav_0,5.473,False,False,False,False,False,1,"[{""id"": ""obstacle_0"", ""kind"": ""static_obstacle"", ""x"": 50.0, ""y"": 50.0, ""radius"": 5.0}]"
sudden_target_appearance,149,29.8,3,58.242,38.676,90.0,86.0,50.0,50.0,49.651,49.647,false_positive+position_noise+confidence_error,0.543,trust_weighted_fusion,avoidance,fixed,0.5,,4,1,56.992,8.608,9.006,uav_2,8.608,False,False,False,False,False,1,"[{""id"": ""obstacle_0"", ""kind"": ""static_obstacle"", ""x"": 50.0, ""y"": 50.0, ""radius"": 5.0}]"
sudden_target_appearance,150,30.0,0,45.081,36.585,94.0,90.0,50.0,50.0,49.819,49.707,position_noise+confidence_error,0.636,trust_weighted_fusion,avoidance,fixed,0.5,,4,0,72.431,4.762,9.289,uav_2,4.762,False,False,False,False,False,1,"[{""id"": ""obstacle_0"", ""kind"": ""static_obstacle"", ""x"": 50.0, ""y"": 50.0, ""radius"": 5.0}]"
sudden_target_appearance,150,30.0,1,42.343,40.938,90.0,94.0,50.0,50.0,49.819,49.707,position_noise+confidence_error,0.636,trust_weighted_fusion,avoidance,fixed,0.5,,3,0,71.322,5.142,6.864,uav_0,5.142,False,False,False,False,False,1,"[{""id"": ""obstacle_0"", ""kind"": ""static_obstacle"", ""x"": 50.0, ""y"": 50.0, ""radius"": 5.0}]"
sudden_target_appearance,150,30.0,2,49.81,36.028,86.0,90.0,50.0,50.0,49.819,49.707,false_positive+position_noise+confidence_error,0.636,trust_weighted_fusion,avoidance,fixed,0.5,,5,1,64.982,4.762,8.973,uav_0,4.762,False,False,False,False,False,1,"[{""id"": ""obstacle_0"", ""kind"": ""static_obstacle"", ""x"": 50.0, ""y"": 50.0, ""radius"": 5.0}]"
sudden_target_appearance,150,30.0,3,58.59,38.816,90.0,86.0,50.0,50.0,49.819,49.707,position_noise+confidence_error,0.636,trust_weighted_fusion,avoidance,fixed,0.5,,3,0,56.683,9.211,9.102,obstacle_0,9.102,False,False,False,False,False,1,"[{""id"": ""obstacle_0"", ""kind"": ""static_obstacle"", ""x"": 50.0, ""y"": 50.0, ""radius"": 5.0}]"
sudden_target_appearance,151,30.2,0,44.907,36.253,94.0,90.0,50.0,50.0,49.644,50.439,false_positive+position_noise+confidence_error,0.57,trust_weighted_fusion,avoidance,fixed,0.5,,5,1,72.794,5.018,9.66,uav_1,5.018,False,False,False,False,False,1,"[{""id"": ""obstacle_0"", ""kind"": ""static_obstacle"", ""x"": 50.0, ""y"": 50.0, ""radius"": 5.0}]"
sudden_target_appearance,151,30.2,1,42.662,40.741,90.0,94.0,50.0,50.0,49.644,50.439,position_noise+confidence_error,0.57,trust_weighted_fusion,avoidance,fixed,0.5,,3,0,71.256,5.018,6.814,uav_0,5.018,False,False,False,False,False,1,"[{""id"": ""obstacle_0"", ""kind"": ""static_obstacle"", ""x"": 50.0, ""y"": 50.0, ""radius"": 5.0}]"
sudden_target_appearance,151,30.2,2,50.18,36.088,86.0,90.0,50.0,50.0,49.644,50.439,position_noise+confidence_error,0.57,trust_weighted_fusion,avoidance,fixed,0.5,,4,0,64.727,5.276,8.913,uav_0,5.276,False,False,False,False,False,1,"[{""id"": ""obstacle_0"", ""kind"": ""static_obstacle"", ""x"": 50.0, ""y"": 50.0, ""radius"": 5.0}]"
sudden_target_appearance,151,30.2,3,58.932,38.969,90.0,86.0,50.0,50.0,49.644,50.439,position_noise+confidence_error,0.57,trust_weighted_fusion,avoidance,fixed,0.5,,3,0,56.366,9.214,9.194,obstacle_0,9.194,False,False,False,False,False,1,"[{""id"": ""obstacle_0"", ""kind"": ""static_obstacle"", ""x"": 50.0, ""y"": 50.0, ""radius"": 5.0}]"
sudden_target_appearance,152,30.4,0,45.145,35.963,94.0,90.0,50.0,50.0,50.234,50.313,false_positive+position_noise+confidence_error,0.601,trust_weighted_fusion,avoidance,fixed,0.5,,5,1,72.848,5.075,9.853,uav_1,5.075,False,False,False,False,False,1,"[{""id"": ""obstacle_0"", ""kind"": ""static_obstacle"", ""x"": 50.0, ""y"": 50.0, ""radius"": 5.0}]"
sudden_target_appearance,152,30.4,1,42.989,40.557,90.0,94.0,50.0,50.0,50.234,50.313,position_noise+confidence_error,0.601,trust_weighted_fusion,avoidance,fixed,0.5,,3,0,71.177,5.075,6.761,uav_0,5.075,False,False,False,False,False,1,"[{""id"": ""obstacle_0"", ""kind"": ""static_obstacle"", ""x"": 50.0, ""y"": 50.0, ""radius"": 5.0}]"
sudden_target_appearance,152,30.4,2,50.552,36.141,86.0,90.0,50.0,50.0,50.234,50.313,position_noise+confidence_error,0.601,trust_weighted_fusion,avoidance,fixed,0.5,,4,0,64.478,5.41,8.87,uav_0,5.41,False,False,False,False,False,1,"[{""id"": ""obstacle_0"", ""kind"": ""static_obstacle"", ""x"": 50.0, ""y"": 50.0, ""radius"": 5.0}]"
sudden_target_appearance,152,30.4,3,59.277,39.117,90.0,86.0,50.0,50.0,50.234,50.313,position_noise+confidence_error,0.601,trust_weighted_fusion,avoidance,fixed,0.5,,3,0,56.053,9.219,9.3,uav_2,9.219,False,False,False,False,False,1,"[{""id"": ""obstacle_0"", ""kind"": ""static_obstacle"", ""x"": 50.0, ""y"": 50.0, ""radius"": 5.0}]"
sudden_target_appearance,153,30.6,0,45.52,35.958,94.0,90.0,50.0,50.0,49.773,49.93,position_noise+confidence_error,0.754,trust_weighted_fusion,avoidance,fixed,0.5,,4,0,72.601,4.915,9.74,uav_1,4.915,False,False,False,False,False,1,"[{""id"": ""obstacle_0"", ""kind"": ""static_obstacle"", ""x"": 50.0, ""y"": 50.0, ""radius"": 5.0}]"
sudden_target_appearance,153,30.6,1,43.295,40.34,90.0,94.0,50.0,50.0,49.773,49.93,position_noise+confidence_error,0.754,trust_weighted_fusion,avoidance,fixed,0.5,,3,0,71.139,4.915,6.759,uav_0,4.915,False,False,False,False,False,1,"[{""id"": ""obstacle_0"", ""kind"": ""static_obstacle"", ""x"": 50.0, ""y"": 50.0, ""radius"": 5.0}]"
sudden_target_appearance,153,30.6,2,50.923,36.19,86.0,90.0,50.0,50.0,49.773,49.93,position_noise+confidence_error,0.754,trust_weighted_fusion,avoidance,fixed,0.5,,4,0,64.233,5.408,8.841,uav_0,5.408,False,False,False,False,False,1,"[{""id"": ""obstacle_0"", ""kind"": ""static_obstacle"", ""x"": 50.0, ""y"": 50.0, ""radius"": 5.0}]"
sudden_target_appearance,153,30.6,3,59.616,39.277,90.0,86.0,50.0,50.0,49.773,49.93,position_noise+confidence_error,0.754,trust_weighted_fusion,avoidance,fixed,0.5,,3,0,55.734,9.224,9.404,uav_2,9.224,False,False,False,False,False,1,"[{""id"": ""obstacle_0"", ""kind"": ""static_obstacle"", ""x"": 50.0, ""y"": 50.0, ""radius"": 5.0}]"
sudden_target_appearance,154,30.8,0,45.895,35.966,94.0,90.0,50.0,50.0,50.022,50.322,position_noise+confidence_error,0.506,trust_weighted_fusion,avoidance,fixed,0.5,,4,0,72.345,4.733,9.622,uav_1,4.733,False,False,False,False,False,1,"[{""id"": ""obstacle_0"", ""kind"": ""static_obstacle"", ""x"": 50.0, ""y"": 50.0, ""radius"": 5.0}]"
sudden_target_appearance,154,30.8,1,43.576,40.092,90.0,94.0,50.0,50.0,50.022,50.322,false_positive+position_noise+confidence_error,0.506,trust_weighted_fusion,avoidance,fixed,0.5,,4,1,71.142,4.733,6.808,uav_0,4.733,False,False,False,False,False,1,"[{""id"": ""obstacle_0"", ""kind"": ""static_obstacle"", ""x"": 50.0, ""y"": 50.0, ""radius"": 5.0}]"
sudden_target_appearance,154,30.8,2,51.293,36.252,86.0,90.0,50.0,50.0,50.022,50.322,position_noise+confidence_error,0.506,trust_weighted_fusion,avoidance,fixed,0.5,,4,0,63.98,5.406,8.809,uav_0,5.406,False,False,False,False,False,1,"[{""id"": ""obstacle_0"", ""kind"": ""static_obstacle"", ""x"": 50.0, ""y"": 50.0, ""radius"": 5.0}]"
sudden_target_appearance,154,30.8,3,59.954,39.439,90.0,86.0,50.0,50.0,50.022,50.322,position_noise+confidence_error,0.506,trust_weighted_fusion,avoidance,fixed,0.5,,3,0,55.414,9.229,9.512,uav_2,9.229,False,False,False,False,False,1,"[{""id"": ""obstacle_0"", ""kind"": ""static_obstacle"", ""x"": 50.0, ""y"": 50.0, ""radius"": 5.0}]"
sudden_target_appearance,155,31.0,0,46.27,35.965,94.0,90.0,50.0,50.0,50.023,50.049,position_noise+confidence_error,0.69,trust_weighted_fusion,avoidance,fixed,0.5,,4,0,72.097,4.636,9.522,uav_1,4.636,False,False,False,False,False,1,"[{""id"": ""obstacle_0"", ""kind"": ""static_obstacle"", ""x"": 50.0, ""y"": 50.0, ""radius"": 5.0}]"
sudden_target_appearance,155,31.0,1,43.548,39.718,90.0,94.0,50.0,50.0,50.023,50.049,false_positive+position_noise+confidence_error,0.69,trust_weighted_fusion,avoidance,fixed,0.5,,4,1,71.444,4.636,7.138,uav_0,4.636,False,False,False,False,False,1,"[{""id"": ""obstacle_0"", ""kind"": ""static_obstacle"", ""x"": 50.0, ""y"": 50.0, ""radius"": 5.0}]"
sudden_target_appearance,155,31.0,2,51.424,35.9,86.0,90.0,50.0,50.0,50.023,50.049,false_positive+position_noise+confidence_error,0.69,trust_weighted_fusion,avoidance,fixed,0.5,,5,1,64.205,5.155,9.172,uav_0,5.155,False,False,False,False,False,1,"[{""id"": ""obstacle_0"", ""kind"": ""static_obstacle"", ""x"": 50.0, ""y"": 50.0, ""radius"": 5.0}]"
sudden_target_appearance,155,31.0,3,60.29,39.607,90.0,86.0,50.0,50.0,50.023,50.049,position_noise+confidence_error,0.69,trust_weighted_fusion,avoidance,fixed,0.5,,3,0,55.091,9.609,9.625,uav_2,9.609,False,False,False,False,False,1,"[{""id"": ""obstacle_0"", ""kind"": ""static_obstacle"", ""x"": 50.0, ""y"": 50.0, ""radius"": 5.0}]"
sudden_target_appearance,156,31.2,0,45.994,35.711,94.0,90.0,50.0,50.0,49.63,49.889,position_noise+confidence_error,0.78,trust_weighted_fusion,avoidance,fixed,0.5,,4,0,72.47,4.599,9.84,uav_1,4.599,False,False,False,False,False,1,"[{""id"": ""obstacle_0"", ""kind"": ""static_obstacle"", ""x"": 50.0, ""y"": 50.0, ""radius"": 5.0}]"
sudden_target_appearance,156,31.2,1,43.912,39.812,90.0,94.0,50.0,50.0,49.63,49.889,false_positive+position_noise+confidence_error,0.78,trust_weighted_fusion,avoidance,fixed,0.5,,4,1,71.137,4.599,6.869,uav_0,4.599,False,False,False,False,False,1,"[{""id"": ""obstacle_0"", ""kind"": ""static_obstacle"", ""x"": 50.0, ""y"": 50.0, ""radius"": 5.0}]"
sudden_target_appearance,156,31.2,2,51.497,35.532,86.0,90.0,50.0,50.0,49.63,49.889,false_positive+position_noise+confidence_error,0.78,trust_weighted_fusion,avoidance,fixed,0.5,,5,1,64.476,5.506,9.545,uav_0,5.506,False,False,False,False,False,1,"[{""id"": ""obstacle_0"", ""kind"": ""static_obstacle"", ""x"": 50.0, ""y"": 50.0, ""radius"": 5.0}]"
sudden_target_appearance,156,31.2,3,60.619,39.785,90.0,86.0,50.0,50.0,49.63,49.889,position_noise+confidence_error,0.78,trust_weighted_fusion,avoidance,fixed,0.5,,3,0,54.764,10.065,9.735,obstacle_0,9.735,False,False,False,False,False,1,"[{""id"": ""obstacle_0"", ""kind"": ""static_obstacle"", ""x"": 50.0, ""y"": 50.0, ""radius"": 5.0}]"
sudden_target_appearance,157,31.4,0,46.369,35.711,94.0,90.0,50.0,50.0,50.049,49.803,position_noise+confidence_error,0.603,trust_weighted_fusion,avoidance,fixed,0.5,,3,0,72.222,4.457,9.743,uav_1,4.457,False,False,False,False,False,1,"[{""id"": ""obstacle_0"", ""kind"": ""static_obstacle"", ""x"": 50.0, ""y"": 50.0, ""radius"": 5.0}]"
sudden_target_appearance,157,31.4,1,44.237,39.626,90.0,94.0,50.0,50.0,50.049,49.803,position_noise+confidence_error,0.603,trust_weighted_fusion,avoidance,fixed,0.5,,3,0,71.069,4.457,6.868,uav_0,4.457,False,False,False,False,False,1,"[{""id"": ""obstacle_0"", ""kind"": ""static_obstacle"", ""x"": 50.0, ""y"": 50.0, ""radius"": 5.0}]"
sudden_target_appearance,157,31.4,2,51.864,35.607,86.0,90.0,50.0,50.0,50.049,49.803,position_noise+confidence_error,0.603,trust_weighted_fusion,avoidance,fixed,0.5,,4,0,64.217,5.497,9.513,uav_0,5.497,False,False,False,False,False,1,"[{""id"": ""obstacle_0"", ""kind"": ""static_obstacle"", ""x"": 50.0, ""y"": 50.0, ""radius"": 5.0}]"
sudden_target_appearance,157,31.4,3,60.95,39.962,90.0,86.0,50.0,50.0,50.049,49.803,position_noise+confidence_error,0.603,trust_weighted_fusion,avoidance,fixed,0.5,,2,0,54.437,10.075,9.854,obstacle_0,9.854,False,False,False,False,False,1,"[{""id"": ""obstacle_0"", ""kind"": ""static_obstacle"", ""x"": 50.0, ""y"": 50.0, ""radius"": 5.0}]"
sudden_target_appearance,158,31.6,0,46.744,35.711,94.0,90.0,50.0,50.0,49.585,49.825,position_noise+confidence_error,0.623,trust_weighted_fusion,avoidance,fixed,0.5,,3,0,71.975,4.322,9.655,uav_1,4.322,False,False,False,False,False,1,"[{""id"": ""obstacle_0"", ""kind"": ""static_obstacle"", ""x"": 50.0, ""y"": 50.0, ""radius"": 5.0}]"
sudden_target_appearance,158,31.6,1,44.565,39.444,90.0,94.0,50.0,50.0,49.585,49.825,position_noise+confidence_error,0.623,trust_weighted_fusion,avoidance,fixed,0.5,,3,0,70.998,4.322,6.873,uav_0,4.322,False,False,False,False,False,1,"[{""id"": ""obstacle_0"", ""kind"": ""static_obstacle"", ""x"": 50.0, ""y"": 50.0, ""radius"": 5.0}]"
sudden_target_appearance,158,31.6,2,52.23,35.693,86.0,90.0,50.0,50.0,49.585,49.825,position_noise+confidence_error,0.623,trust_weighted_fusion,avoidance,fixed,0.5,,4,0,63.951,5.486,9.48,uav_0,5.486,False,False,False,False,False,1,"[{""id"": ""obstacle_0"", ""kind"": ""static_obstacle"", ""x"": 50.0, ""y"": 50.0, ""radius"": 5.0}]"
sudden_target_appearance,158,31.6,3,61.273,40.152,90.0,86.0,50.0,50.0,49.585,49.825,position_noise+confidence_error,0.623,trust_weighted_fusion,avoidance,fixed,0.5,,2,0,54.104,10.083,9.969,obstacle_0,9.969,False,False,False,False,False,1,"[{""id"": ""obstacle_0"", ""kind"": ""static_obstacle"", ""x"": 50.0, ""y"": 50.0, ""radius"": 5.0}]"
sudden_target_appearance,159,31.8,0,47.115,35.765,94.0,90.0,50.0,50.0,49.597,49.734,false_positive+position_noise+confidence_error,0.635,trust_weighted_fusion,avoidance,fixed,0.5,,4,1,71.691,4.145,9.524,uav_1,4.145,False,False,False,False,False,1,"[{""id"": ""obstacle_0"", ""kind"": ""static_obstacle"", ""x"": 50.0, ""y"": 50.0, ""radius"": 5.0}]"
sudden_target_appearance,159,31.8,1,44.895,39.266,90.0,94.0,50.0,50.0,49.597,49.734,position_noise+confidence_error,0.635,trust_weighted_fusion,avoidance,fixed,0.5,,3,0,70.925,4.145,6.886,uav_0,4.145,False,False,False,False,False,1,"[{""id"": ""obstacle_0"", ""kind"": ""static_obstacle"", ""x"": 50.0, ""y"": 50.0, ""radius"": 5.0}]"
sudden_target_appearance,159,31.8,2,52.594,35.779,86.0,90.0,50.0,50.0,49.597,49.734,position_noise+confidence_error,0.635,trust_weighted_fusion,avoidance,fixed,0.5,,4,0,63.685,5.48,9.455,uav_0,5.48,False,False,False,False,False,1,"[{""id"": ""obstacle_0"", ""kind"": ""static_obstacle"", ""x"": 50.0, ""y"": 50.0, ""radius"": 5.0}]"
sudden_target_appearance,159,31.8,3,61.594,40.346,90.0,86.0,50.0,50.0,49.597,49.734,position_noise+confidence_error,0.635,trust_weighted_fusion,avoidance,fixed,0.5,,2,0,53.77,10.092,10.088,obstacle_0,10.088,False,False,False,False,False,1,"[{""id"": ""obstacle_0"", ""kind"": ""static_obstacle"", ""x"": 50.0, ""y"": 50.0, ""radius"": 5.0}]"
sudden_target_appearance,160,32.0,0,47.478,35.67,94.0,90.0,50.0,50.0,50.249,49.458,false_positive+position_noise+confidence_error,0.609,trust_weighted_fusion,avoidance,fixed,0.5,,4,1,71.527,4.091,9.55,uav_1,4.091,False,False,False,False,False,1,"[{""id"": ""obstacle_0"", ""kind"": ""static_obstacle"", ""x"": 50.0, ""y"": 50.0, ""radius"": 5.0}]"
sudden_target_appearance,160,32.0,1,45.223,39.084,90.0,94.0,50.0,50.0,50.249,49.458,position_noise+confidence_error,0.609,trust_weighted_fusion,avoidance,fixed,0.5,,3,0,70.857,4.091,6.915,uav_0,4.091,False,False,False,False,False,1,"[{""id"": ""obstacle_0"", ""kind"": ""static_obstacle"", ""x"": 50.0, ""y"": 50.0, ""radius"": 5.0}]"
sudden_target_appearance,160,32.0,2,52.962,35.854,86.0,90.0,50.0,50.0,50.249,49.458,position_noise+confidence_error,0.609,trust_weighted_fusion,avoidance,fixed,0.5,,4,0,63.43,5.487,9.453,uav_0,5.487,False,False,False,False,False,1,"[{""id"": ""obstacle_0"", ""kind"": ""static_obstacle"", ""x"": 50.0, ""y"": 50.0, ""radius"": 5.0}]"
sudden_target_appearance,160,32.0,3,61.917,40.536,90.0,86.0,50.0,50.0,50.249,49.458,position_noise+confidence_error,0.609,trust_weighted_fusion,avoidance,fixed,0.5,,2,0,53.438,10.106,10.218,uav_2,10.106,False,False,False,False,False,1,"[{""id"": ""obstacle_0"", ""kind"": ""static_obstacle"", ""x"": 50.0, ""y"": 50.0, ""radius"": 5.0}]"
sudden_target_appearance,161,32.2,0,47.851,35.698,94.0,90.0,50.0,50.0,50.199,50.558,position_noise+confidence_error,0.462,trust_weighted_fusion,avoidance,fixed,0.5,,3,0,71.263,3.988,9.462,uav_1,3.988,False,False,False,False,False,1,"[{""id"": ""obstacle_0"", ""kind"": ""static_obstacle"", ""x"": 50.0, ""y"": 50.0, ""radius"": 5.0}]"
sudden_target_appearance,161,32.2,1,45.583,38.979,90.0,94.0,50.0,50.0,50.199,50.558,position_noise+confidence_error,0.462,trust_weighted_fusion,avoidance,fixed,0.5,,3,0,70.712,3.988,6.873,uav_0,3.988,False,False,False,False,False,1,"[{""id"": ""obstacle_0"", ""kind"": ""static_obstacle"", ""x"": 50.0, ""y"": 50.0, ""radius"": 5.0}]"
sudden_target_appearance,161,32.2,2,53.322,35.959,86.0,90.0,50.0,50.0,50.199,50.558,position_noise+confidence_error,0.462,trust_weighted_fusion,avoidance,fixed,0.5,,4,0,63.153,5.477,9.428,uav_0,5.477,False,False,False,False,False,1,"[{""id"": ""obstacle_0"", ""kind"": ""static_obstacle"", ""x"": 50.0, ""y"": 50.0, ""radius"": 5.0}]"
sudden_target_appearance,161,32.2,3,62.237,40.732,90.0,86.0,50.0,50.0,50.199,50.558,position_noise+confidence_error,0.462,trust_weighted_fusion,avoidance,fixed,0.5,,2,0,53.103,10.113,10.351,uav_2,10.113,False,False,False,False,False,1,"[{""id"": ""obstacle_0"", ""kind"": ""static_obstacle"", ""x"": 50.0, ""y"": 50.0, ""radius"": 5.0}]"
sudden_target_appearance,162,32.4,0,48.196,35.55,94.0,90.0,50.0,50.0,49.929,49.542,false_positive+position_noise+confidence_error,0.597,trust_weighted_fusion,avoidance,fixed,0.5,,4,1,71.153,4.666,9.562,uav_1,4.666,False,False,False,False,False,1,"[{""id"": ""obstacle_0"", ""kind"": ""static_obstacle"", ""x"": 50.0, ""y"": 50.0, ""radius"": 5.0}]"
sudden_target_appearance,162,32.4,1,45.269,39.184,90.0,94.0,50.0,50.0,49.929,49.542,position_noise+confidence_error,0.597,trust_weighted_fusion,avoidance,fixed,0.5,,3,0,70.751,4.666,6.806,uav_0,4.666,False,False,False,False,False,1,"[{""id"": ""obstacle_0"", ""kind"": ""static_obstacle"", ""x"": 50.0, ""y"": 50.0, ""radius"": 5.0}]"
sudden_target_appearance,162,32.4,2,53.493,35.625,86.0,90.0,50.0,50.0,49.929,49.542,false_positive+position_noise+confidence_error,0.597,trust_weighted_fusion,avoidance,fixed,0.5,,5,1,63.351,5.297,9.793,uav_0,5.297,False,False,False,False,False,1,"[{""id"": ""obstacle_0"", ""kind"": ""static_obstacle"", ""x"": 50.0, ""y"": 50.0, ""radius"": 5.0}]"
sudden_target_appearance,162,32.4,3,62.551,40.937,90.0,86.0,50.0,50.0,49.929,49.542,position_noise+confidence_error,0.597,trust_weighted_fusion,avoidance,fixed,0.5,,2,0,52.765,10.501,10.482,obstacle_0,10.482,False,False,False,False,False,1,"[{""id"": ""obstacle_0"", ""kind"": ""static_obstacle"", ""x"": 50.0, ""y"": 50.0, ""radius"": 5.0}]"
sudden_target_appearance,163,32.6,0,48.57,35.571,94.0,90.0,50.0,50.0,50.216,50.044,position_noise+confidence_error,0.597,trust_weighted_fusion,avoidance,fixed,0.5,,3,0,70.897,4.558,9.5,uav_1,4.558,False,False,False,False,False,1,"[{""id"": ""obstacle_0"", ""kind"": ""static_obstacle"", ""x"": 50.0, ""y"": 50.0, ""radius"": 5.0}]"
sudden_target_appearance,163,32.6,1,45.616,39.042,90.0,94.0,50.0,50.0,50.216,50.044,position_noise+confidence_error,0.597,trust_weighted_fusion,avoidance,fixed,0.5,,3,0,70.642,4.558,6.803,uav_0,4.558,False,False,False,False,False,1,"[{""id"": ""obstacle_0"", ""kind"": ""static_obstacle"", ""x"": 50.0, ""y"": 50.0, ""radius"": 5.0}]"
sudden_target_appearance,163,32.6,2,53.861,35.696,86.0,90.0,50.0,50.0,50.216,50.044,false_positive+position_noise+confidence_error,0.597,trust_weighted_fusion,avoidance,fixed,0.5,,5,1,63.102,5.292,9.816,uav_0,5.292,False,False,False,False,False,1,"[{""id"": ""obstacle_0"", ""kind"": ""static_obstacle"", ""x"": 50.0, ""y"": 50.0, ""radius"": 5.0}]"
sudden_target_appearance,163,32.6,3,62.865,41.142,90.0,86.0,50.0,50.0,50.216,50.044,position_noise+confidence_error,0.597,trust_weighted_fusion,avoidance,fixed,0.5,,2,0,52.427,10.523,10.62,uav_2,10.523,False,False,False,False,False,1,"[{""id"": ""obstacle_0"", ""kind"": ""static_obstacle"", ""x"": 50.0, ""y"": 50.0, ""radius"": 5.0}]"
sudden_target_appearance,164,32.8,0,48.943,35.61,94.0,90.0,50.0,50.0,50.023,50.576,position_noise+confidence_error,0.517,trust_weighted_fusion,avoidance,fixed,0.5,,3,0,70.629,4.459,9.429,uav_1,4.459,False,False,False,False,False,1,"[{""id"": ""obstacle_0"", ""kind"": ""static_obstacle"", ""x"": 50.0, ""y"": 50.0, ""radius"": 5.0}]"
sudden_target_appearance,164,32.8,1,45.976,38.938,90.0,94.0,50.0,50.0,50.023,50.576,position_noise+confidence_error,0.517,trust_weighted_fusion,avoidance,fixed,0.5,,3,0,70.498,4.459,6.771,uav_0,4.459,False,False,False,False,False,1,"[{""id"": ""obstacle_0"", ""kind"": ""static_obstacle"", ""x"": 50.0, ""y"": 50.0, ""radius"": 5.0}]"
sudden_target_appearance,164,32.8,2,54.214,35.821,86.0,90.0,50.0,50.0,50.023,50.576,position_noise+confidence_error,0.517,trust_weighted_fusion,avoidance,fixed,0.5,,4,0,62.814,5.275,9.792,uav_0,5.275,False,False,False,False,False,1,"[{""id"": ""obstacle_0"", ""kind"": ""static_obstacle"", ""x"": 50.0, ""y"": 50.0, ""radius"": 5.0}]"
sudden_target_appearance,164,32.8,3,63.175,41.353,90.0,86.0,50.0,50.0,50.023,50.576,position_noise+confidence_error,0.517,trust_weighted_fusion,avoidance,fixed,0.5,,2,0,52.086,10.531,10.759,uav_2,10.531,False,False,False,False,False,1,"[{""id"": ""obstacle_0"", ""kind"": ""static_obstacle"", ""x"": 50.0, ""y"": 50.0, ""radius"": 5.0}]"
sudden_target_appearance,165,33.0,0,49.318,35.627,94.0,90.0,50.0,50.0,50.121,49.796,position_noise+confidence_error,0.654,trust_weighted_fusion,avoidance,fixed,0.5,,3,0,70.377,4.999,9.389,uav_1,4.999,False,False,False,False,False,1,"[{""id"": ""obstacle_0"", ""kind"": ""static_obstacle"", ""x"": 50.0, ""y"": 50.0, ""radius"": 5.0}]"
sudden_target_appearance,165,33.0,1,45.603,38.971,90.0,94.0,50.0,50.0,50.121,49.796,position_noise+confidence_error,0.654,trust_weighted_fusion,avoidance,fixed,0.5,,3,0,70.706,4.999,6.873,uav_0,4.999,False,False,False,False,False,1,"[{""id"": ""obstacle_0"", ""kind"": ""static_obstacle"", ""x"": 50.0, ""y"": 50.0, ""radius"": 5.0}]"
sudden_target_appearance,165,33.0,2,54.555,35.979,86.0,90.0,50.0,50.0,50.121,49.796,false_positive+position_noise+confidence_error,0.654,trust_weighted_fusion,avoidance,fixed,0.5,,5,1,62.506,5.248,9.742,uav_0,5.248,False,False,False,False,False,1,"[{""id"": ""obstacle_0"", ""kind"": ""static_obstacle"", ""x"": 50.0, ""y"": 50.0, ""radius"": 5.0}]"
sudden_target_appearance,165,33.0,3,63.482,41.569,90.0,86.0,50.0,50.0,50.121,49.796,position_noise+confidence_error,0.654,trust_weighted_fusion,avoidance,fixed,0.5,,2,0,51.743,10.533,10.901,uav_2,10.533,False,False,False,False,False,1,"[{""id"": ""obstacle_0"", ""kind"": ""static_obstacle"", ""x"": 50.0, ""y"": 50.0, ""radius"": 5.0}]"
sudden_target_appearance,166,33.2,0,49.692,35.654,94.0,90.0,50.0,50.0,50.085,50.016,position_noise+confidence_error,0.481,trust_weighted_fusion,avoidance,fixed,0.5,,3,0,70.119,5.06,9.349,uav_1,5.06,False,False,False,False,False,1,"[{""id"": ""obstacle_0"", ""kind"": ""static_obstacle"", ""x"": 50.0, ""y"": 50.0, ""radius"": 5.0}]"
sudden_target_appearance,166,33.2,1,45.963,39.075,90.0,94.0,50.0,50.0,50.085,50.016,false_positive+position_noise+confidence_error,0.481,trust_weighted_fusion,avoidance,fixed,0.5,,4,1,70.399,5.06,6.647,uav_0,5.06,False,False,False,False,False,1,"[{""id"": ""obstacle_0"", ""kind"": ""static_obstacle"", ""x"": 50.0, ""y"": 50.0, ""radius"": 5.0}]"
sudden_target_appearance,166,33.2,2,54.91,36.099,86.0,90.0,50.0,50.0,50.085,50.016,position_noise+confidence_error,0.481,trust_weighted_fusion,avoidance,fixed,0.5,,4,0,62.224,5.237,9.742,uav_0,5.237,False,False,False,False,False,1,"[{""id"": ""obstacle_0"", ""kind"": ""static_obstacle"", ""x"": 50.0, ""y"": 50.0, ""radius"": 5.0}]"
sudden_target_appearance,166,33.2,3,63.786,41.789,90.0,86.0,50.0,50.0,50.085,50.016,position_noise+confidence_error,0.481,trust_weighted_fusion,avoidance,fixed,0.5,,2,0,51.399,10.543,11.046,uav_2,10.543,False,False,False,False,False,1,"[{""id"": ""obstacle_0"", ""kind"": ""static_obstacle"", ""x"": 50.0, ""y"": 50.0, ""radius"": 5.0}]"
sudden_target_appearance,167,33.4,0,50.066,35.678,94.0,90.0,50.0,50.0,49.519,49.618,position_noise+confidence_error,0.499,trust_weighted_fusion,avoidance,fixed,0.5,,3,0,69.864,4.964,9.322,uav_1,4.964,False,False,False,False,False,1,"[{""id"": ""obstacle_0"", ""kind"": ""static_obstacle"", ""x"": 50.0, ""y"": 50.0, ""radius"": 5.0}]"
sudden_target_appearance,167,33.4,1,46.301,38.913,90.0,94.0,50.0,50.0,49.519,49.618,position_noise+confidence_error,0.499,trust_weighted_fusion,avoidance,fixed,0.5,,3,0,70.314,4.964,6.687,uav_0,4.964,False,False,False,False,False,1,"[{""id"": ""obstacle_0"", ""kind"": ""static_obstacle"", ""x"": 50.0, ""y"": 50.0, ""radius"": 5.0}]"
sudden_target_appearance,167,33.4,2,55.263,36.226,86.0,90.0,50.0,50.0,49.519,49.618,position_noise+confidence_error,0.499,trust_weighted_fusion,avoidance,fixed,0.5,,4,0,61.939,5.225,9.745,uav_0,5.225,False,False,False,False,False,1,"[{""id"": ""obstacle_0"", ""kind"": ""static_obstacle"", ""x"": 50.0, ""y"": 50.0, ""radius"": 5.0}]"
sudden_target_appearance,167,33.4,3,64.081,42.02,90.0,86.0,50.0,50.0,49.519,49.618,position_noise+confidence_error,0.499,trust_weighted_fusion,avoidance,fixed,0.5,,2,0,51.05,10.551,11.185,uav_2,10.551,False,False,False,False,False,1,"[{""id"": ""obstacle_0"", ""kind"": ""static_obstacle"", ""x"": 50.0, ""y"": 50.0, ""radius"": 5.0}]"
sudden_target_appearance,168,33.6,0,50.44,35.712,94.0,90.0,50.0,50.0,50.508,50.128,position_noise+confidence_error,0.49,trust_weighted_fusion,avoidance,fixed,0.5,,3,0,69.604,4.879,9.295,uav_1,4.879,False,False,False,False,False,1,"[{""id"": ""obstacle_0"", ""kind"": ""static_obstacle"", ""x"": 50.0, ""y"": 50.0, ""radius"": 5.0}]"
sudden_target_appearance,168,33.6,1,46.656,38.791,90.0,94.0,50.0,50.0,50.508,50.128,position_noise+confidence_error,0.49,trust_weighted_fusion,avoidance,fixed,0.5,,3,0,70.19,4.879,6.697,uav_0,4.879,False,False,False,False,False,1,"[{""id"": ""obstacle_0"", ""kind"": ""static_obstacle"", ""x"": 50.0, ""y"": 50.0, ""radius"": 5.0}]"
sudden_target_appearance,168,33.6,2,55.617,36.35,86.0,90.0,50.0,50.0,50.508,50.128,position_noise+confidence_error,0.49,trust_weighted_fusion,avoidance,fixed,0.5,,4,0,61.656,5.216,9.761,uav_0,5.216,False,False,False,False,False,1,"[{""id"": ""obstacle_0"", ""kind"": ""static_obstacle"", ""x"": 50.0, ""y"": 50.0, ""radius"": 5.0}]"
sudden_target_appearance,168,33.6,3,64.382,42.243,90.0,86.0,50.0,50.0,50.508,50.128,position_noise+confidence_error,0.49,trust_weighted_fusion,avoidance,fixed,0.5,,2,0,50.704,10.562,11.341,uav_2,10.562,False,False,False,False,False,1,"[{""id"": ""obstacle_0"", ""kind"": ""static_obstacle"", ""x"": 50.0, ""y"": 50.0, ""radius"": 5.0}]"
sudden_target_appearance,169,33.8,0,50.813,35.748,94.0,90.0,50.0,50.0,50.233,50.016,position_noise+confidence_error,0.6,trust_weighted_fusion,avoidance,fixed,0.5,,3,0,69.343,4.796,9.275,uav_1,4.796,False,False,False,False,False,1,"[{""id"": ""obstacle_0"", ""kind"": ""static_obstacle"", ""x"": 50.0, ""y"": 50.0, ""radius"": 5.0}]"
sudden_target_appearance,169,33.8,1,47.011,38.671,90.0,94.0,50.0,50.0,50.233,50.016,position_noise+confidence_error,0.6,trust_weighted_fusion,avoidance,fixed,0.5,,3,0,70.067,4.796,6.717,uav_0,4.796,False,False,False,False,False,1,"[{""id"": ""obstacle_0"", ""kind"": ""static_obstacle"", ""x"": 50.0, ""y"": 50.0, ""radius"": 5.0}]"
sudden_target_appearance,169,33.8,2,55.982,36.263,86.0,90.0,50.0,50.0,50.233,50.016,false_positive+position_noise+confidence_error,0.6,trust_weighted_fusion,avoidance,fixed,0.5,,5,1,61.553,5.194,9.983,uav_0,5.194,False,False,False,False,False,1,"[{""id"": ""obstacle_0"", ""kind"": ""static_obstacle"", ""x"": 50.0, ""y"": 50.0, ""radius"": 5.0}]"
sudden_target_appearance,169,33.8,3,64.678,42.474,90.0,86.0,50.0,50.0,50.233,50.016,position_noise+confidence_error,0.6,trust_weighted_fusion,avoidance,fixed,0.5,,2,0,50.356,10.686,11.495,uav_2,10.686,False,False,False,False,False,1,"[{""id"": ""obstacle_0"", ""kind"": ""static_obstacle"", ""x"": 50.0, ""y"": 50.0, ""radius"": 5.0}]"
sudden_target_appearance,170,34.0,0,51.187,35.781,94.0,90.0,50.0,50.0,50.028,49.686,position_noise+confidence_error,0.656,trust_weighted_fusion,avoidance,fixed,0.5,,3,0,69.085,4.716,9.268,uav_1,4.716,False,False,False,False,False,1,"[{""id"": ""obstacle_0"", ""kind"": ""static_obstacle"", ""x"": 50.0, ""y"": 50.0, ""radius"": 5.0}]"
sudden_target_appearance,170,34.0,1,47.363,38.542,90.0,94.0,50.0,50.0,50.028,49.686,position_noise+confidence_error,0.656,trust_weighted_fusion,avoidance,fixed,0.5,,3,0,69.954,4.716,6.758,uav_0,4.716,False,False,False,False,False,1,"[{""id"": ""obstacle_0"", ""kind"": ""static_obstacle"", ""x"": 50.0, ""y"": 50.0, ""radius"": 5.0}]"
sudden_target_appearance,170,34.0,2,56.331,36.401,86.0,90.0,50.0,50.0,50.028,49.686,position_noise+confidence_error,0.656,trust_weighted_fusion,avoidance,fixed,0.5,,4,0,61.263,5.181,10.001,uav_0,5.181,False,False,False,False,False,1,"[{""id"": ""obstacle_0"", ""kind"": ""static_obstacle"", ""x"": 50.0, ""y"": 50.0, ""radius"": 5.0}]"
sudden_target_appearance,170,34.0,3,64.968,42.711,90.0,86.0,50.0,50.0,50.028,49.686,position_noise+confidence_error,0.656,trust_weighted_fusion,avoidance,fixed,0.5,,2,0,50.005,10.697,11.649,uav_2,10.697,False,False,False,False,False,1,"[{""id"": ""obstacle_0"", ""kind"": ""static_obstacle"", ""x"": 50.0, ""y"": 50.0, ""radius"": 5.0}]"
sudden_target_appearance,171,34.2,0,51.213,36.155,94.0,90.0,50.0,50.0,49.858,50.423,false_positive+position_noise+confidence_error,0.519,trust_weighted_fusion,avoidance,fixed,0.5,,4,1,68.775,4.179,8.898,uav_1,4.179,False,False,False,False,False,1,"[{""id"": ""obstacle_0"", ""kind"": ""static_obstacle"", ""x"": 50.0, ""y"": 50.0, ""radius"": 5.0}]"
sudden_target_appearance,171,34.2,1,47.73,38.464,90.0,94.0,50.0,50.0,49.858,50.423,position_noise+confidence_error,0.519,trust_weighted_fusion,avoidance,fixed,0.5,,3,0,69.793,4.179,6.758,uav_0,4.179,False,False,False,False,False,1,"[{""id"": ""obstacle_0"", ""kind"": ""static_obstacle"", ""x"": 50.0, ""y"": 50.0, ""radius"": 5.0}]"
sudden_target_appearance,171,34.2,2,56.658,36.584,86.0,90.0,50.0,50.0,49.858,50.423,false_positive+position_noise+confidence_error,0.519,trust_weighted_fusion,avoidance,fixed,0.5,,5,1,60.944,5.461,9.977,uav_0,5.461,False,False,False,False,False,1,"[{""id"": ""obstacle_0"", ""kind"": ""static_obstacle"", ""x"": 50.0, ""y"": 50.0, ""radius"": 5.0}]"
sudden_target_appearance,171,34.2,3,65.317,42.848,90.0,86.0,50.0,50.0,49.858,50.423,false_positive+position_noise+confidence_error,0.519,trust_weighted_fusion,avoidance,fixed,0.5,,3,1,49.712,10.688,11.905,uav_2,10.688,False,False,False,False,False,1,"[{""id"": ""obstacle_0"", ""kind"": ""static_obstacle"", ""x"": 50.0, ""y"": 50.0, ""radius"": 5.0}]"
sudden_target_appearance,172,34.4,0,51.587,36.188,94.0,90.0,50.0,50.0,49.917,49.822,position_noise+confidence_error,0.553,trust_weighted_fusion,avoidance,fixed,0.5,,3,0,68.518,4.686,8.903,uav_1,4.686,False,False,False,False,False,1,"[{""id"": ""obstacle_0"", ""kind"": ""static_obstacle"", ""x"": 50.0, ""y"": 50.0, ""radius"": 5.0}]"
sudden_target_appearance,172,34.4,1,47.398,38.289,90.0,94.0,50.0,50.0,49.917,49.822,position_noise+confidence_error,0.553,trust_weighted_fusion,avoidance,fixed,0.5,,3,0,70.133,4.686,6.997,uav_0,4.686,False,False,False,False,False,1,"[{""id"": ""obstacle_0"", ""kind"": ""static_obstacle"", ""x"": 50.0, ""y"": 50.0, ""radius"": 5.0}]"
sudden_target_appearance,172,34.4,2,57.002,36.733,86.0,90.0,50.0,50.0,49.917,49.822,position_noise+confidence_error,0.553,trust_weighted_fusion,avoidance,fixed,0.5,,4,0,60.649,5.443,10.001,uav_0,5.443,False,False,False,False,False,1,"[{""id"": ""obstacle_0"", ""kind"": ""static_obstacle"", ""x"": 50.0, ""y"": 50.0, ""radius"": 5.0}]"
sudden_target_appearance,172,34.4,3,65.601,43.093,90.0,86.0,50.0,50.0,49.917,49.822,position_noise+confidence_error,0.553,trust_weighted_fusion,avoidance,fixed,0.5,,2,0,49.359,10.696,12.061,uav_2,10.696,False,False,False,False,False,1,"[{""id"": ""obstacle_0"", ""kind"": ""static_obstacle"", ""x"": 50.0, ""y"": 50.0, ""radius"": 5.0}]"
sudden_target_appearance,173,34.6,0,51.959,36.234,94.0,90.0,50.0,50.0,49.976,50.186,position_noise+confidence_error,0.468,trust_weighted_fusion,avoidance,fixed,0.5,,3,0,68.251,4.835,8.904,uav_1,4.835,False,False,False,False,False,1,"[{""id"": ""obstacle_0"", ""kind"": ""static_obstacle"", ""x"": 50.0, ""y"": 50.0, ""radius"": 5.0}]"
sudden_target_appearance,173,34.6,1,47.696,38.517,90.0,94.0,50.0,50.0,49.976,50.186,false_positive+position_noise+confidence_error,0.468,trust_weighted_fusion,avoidance,fixed,0.5,,4,1,69.771,4.835,6.712,uav_0,4.835,False,False,False,False,False,1,"[{""id"": ""obstacle_0"", ""kind"": ""static_obstacle"", ""x"": 50.0, ""y"": 50.0, ""radius"": 5.0}]"
sudden_target_appearance,173,34.6,2,57.342,36.89,86.0,90.0,50.0,50.0,49.976,50.186,position_noise+confidence_error,0.468,trust_weighted_fusion,avoidance,fixed,0.5,,4,0,60.349,5.424,10.026,uav_0,5.424,False,False,False,False,False,1,"[{""id"": ""obstacle_0"", ""kind"": ""static_obstacle"", ""x"": 50.0, ""y"": 50.0, ""radius"": 5.0}]"
sudden_target_appearance,173,34.6,3,65.883,43.341,90.0,86.0,50.0,50.0,49.976,50.186,position_noise+confidence_error,0.468,trust_weighted_fusion,avoidance,fixed,0.5,,2,0,49.005,10.703,12.222,uav_2,10.703,False,False,False,False,False,1,"[{""id"": ""obstacle_0"", ""kind"": ""static_obstacle"", ""x"": 50.0, ""y"": 50.0, ""radius"": 5.0}]"
sudden_target_appearance,174,34.8,0,51.924,36.608,94.0,90.0,50.0,50.0,49.843,49.885,false_positive+position_noise+confidence_error,0.538,trust_weighted_fusion,avoidance,fixed,0.5,,4,1,67.979,4.268,8.53,uav_1,4.268,False,False,False,False,False,1,"[{""id"": ""obstacle_0"", ""kind"": ""static_obstacle"", ""x"": 50.0, ""y"": 50.0, ""radius"": 5.0}]"
sudden_target_appearance,174,34.8,1,48.057,38.416,90.0,94.0,50.0,50.0,49.843,49.885,position_noise+confidence_error,0.538,trust_weighted_fusion,avoidance,fixed,0.5,,3,0,69.633,4.268,6.746,uav_0,4.268,False,False,False,False,False,1,"[{""id"": ""obstacle_0"", ""kind"": ""static_obstacle"", ""x"": 50.0, ""y"": 50.0, ""radius"": 5.0}]"
sudden_target_appearance,174,34.8,2,57.682,37.049,86.0,90.0,50.0,50.0,49.843,49.885,position_noise+confidence_error,0.538,trust_weighted_fusion,avoidance,fixed,0.5,,4,0,60.047,5.775,10.058,uav_0,5.775,False,False,False,False,False,1,"[{""id"": ""obstacle_0"", ""kind"": ""static_obstacle"", ""x"": 50.0, ""y"": 50.0, ""radius"": 5.0}]"
sudden_target_appearance,174,34.8,3,66.16,43.593,90.0,86.0,50.0,50.0,49.843,49.885,position_noise+confidence_error,0.538,trust_weighted_fusion,avoidance,fixed,0.5,,2,0,48.649,10.71,12.384,uav_2,10.71,False,False,False,False,False,1,"[{""id"": ""obstacle_0"", ""kind"": ""static_obstacle"", ""x"": 50.0, ""y"": 50.0, ""radius"": 5.0}]"
sudden_target_appearance,175,35.0,0,52.298,36.634,94.0,90.0,50.0,50.0,50.215,49.365,position_noise+confidence_error,0.519,trust_weighted_fusion,avoidance,fixed,0.5,,3,0,67.727,4.909,8.562,uav_1,4.909,False,False,False,False,False,1,"[{""id"": ""obstacle_0"", ""kind"": ""static_obstacle"", ""x"": 50.0, ""y"": 50.0, ""radius"": 5.0}]"
sudden_target_appearance,175,35.0,1,47.692,38.333,90.0,94.0,50.0,50.0,50.215,49.365,false_positive+position_noise+confidence_error,0.519,trust_weighted_fusion,avoidance,fixed,0.5,,4,1,69.92,4.909,6.894,uav_0,4.909,False,False,False,False,False,1,"[{""id"": ""obstacle_0"", ""kind"": ""static_obstacle"", ""x"": 50.0, ""y"": 50.0, ""radius"": 5.0}]"
sudden_target_appearance,175,35.0,2,58.024,37.202,86.0,90.0,50.0,50.0,50.215,49.365,position_noise+confidence_error,0.519,trust_weighted_fusion,avoidance,fixed,0.5,,4,0,59.751,5.754,10.105,uav_0,5.754,False,False,False,False,False,1,"[{""id"": ""obstacle_0"", ""kind"": ""static_obstacle"", ""x"": 50.0, ""y"": 50.0, ""radius"": 5.0}]"
sudden_target_appearance,175,35.0,3,66.435,43.848,90.0,86.0,50.0,50.0,50.215,49.365,position_noise+confidence_error,0.519,trust_weighted_fusion,avoidance,fixed,0.5,,2,0,48.292,10.72,12.549,uav_2,10.72,False,False,False,False,False,1,"[{""id"": ""obstacle_0"", ""kind"": ""static_obstacle"", ""x"": 50.0, ""y"": 50.0, ""radius"": 5.0}]"
sudden_target_appearance,176,35.2,0,52.67,36.679,94.0,90.0,50.0,50.0,50.444,50.389,position_noise+confidence_error,0.736,trust_weighted_fusion,avoidance,fixed,0.5,,3,0,67.463,4.875,8.586,uav_1,4.875,False,False,False,False,False,1,"[{""id"": ""obstacle_0"", ""kind"": ""static_obstacle"", ""x"": 50.0, ""y"": 50.0, ""radius"": 5.0}]"
sudden_target_appearance,176,35.2,1,48.06,38.263,90.0,94.0,50.0,50.0,50.444,50.389,position_noise+confidence_error,0.736,trust_weighted_fusion,avoidance,fixed,0.5,,3,0,69.754,4.875,6.896,uav_0,4.875,False,False,False,False,False,1,"[{""id"": ""obstacle_0"", ""kind"": ""static_obstacle"", ""x"": 50.0, ""y"": 50.0, ""radius"": 5.0}]"
sudden_target_appearance,176,35.2,2,58.398,37.228,86.0,90.0,50.0,50.0,50.444,50.389,false_positive+position_noise+confidence_error,0.736,trust_weighted_fusion,avoidance,fixed,0.5,,5,1,59.555,5.754,10.286,uav_0,5.754,False,False,False,False,False,1,"[{""id"": ""obstacle_0"", ""kind"": ""static_obstacle"", ""x"": 50.0, ""y"": 50.0, ""radius"": 5.0}]"
sudden_target_appearance,176,35.2,3,66.712,44.101,90.0,86.0,50.0,50.0,50.444,50.389,position_noise+confidence_error,0.736,trust_weighted_fusion,avoidance,fixed,0.5,,2,0,47.936,10.787,12.722,uav_2,10.787,False,False,False,False,False,1,"[{""id"": ""obstacle_0"", ""kind"": ""static_obstacle"", ""x"": 50.0, ""y"": 50.0, ""radius"": 5.0}]"
sudden_target_appearance,177,35.4,0,53.043,36.723,94.0,90.0,50.0,50.0,49.755,49.669,position_noise+confidence_error,0.564,trust_weighted_fusion,avoidance,fixed,0.5,,3,0,67.201,4.85,8.621,uav_1,4.85,False,False,False,False,False,1,"[{""id"": ""obstacle_0"", ""kind"": ""static_obstacle"", ""x"": 50.0, ""y"": 50.0, ""radius"": 5.0}]"
sudden_target_appearance,177,35.4,1,48.434,38.236,90.0,94.0,50.0,50.0,49.755,49.669,false_positive+position_noise+confidence_error,0.564,trust_weighted_fusion,avoidance,fixed,0.5,,4,1,69.551,4.85,6.868,uav_0,4.85,False,False,False,False,False,1,"[{""id"": ""obstacle_0"", ""kind"": ""static_obstacle"", ""x"": 50.0, ""y"": 50.0, ""radius"": 5.0}]"
sudden_target_appearance,177,35.4,2,58.73,37.403,86.0,90.0,50.0,50.0,49.755,49.669,position_noise+confidence_error,0.564,trust_weighted_fusion,avoidance,fixed,0.5,,4,0,59.246,5.728,10.326,uav_0,5.728,False,False,False,False,False,1,"[{""id"": ""obstacle_0"", ""kind"": ""static_obstacle"", ""x"": 50.0, ""y"": 50.0, ""radius"": 5.0}]"
sudden_target_appearance,177,35.4,3,66.979,44.364,90.0,86.0,50.0,50.0,49.755,49.669,position_noise+confidence_error,0.564,trust_weighted_fusion,avoidance,fixed,0.5,,2,0,47.576,10.794,12.89,uav_2,10.794,False,False,False,False,False,1,"[{""id"": ""obstacle_0"", ""kind"": ""static_obstacle"", ""x"": 50.0, ""y"": 50.0, ""radius"": 5.0}]"
sudden_target_appearance,178,35.6,0,53.412,36.789,94.0,90.0,50.0,50.0,49.6,50.248,position_noise+confidence_error,0.483,trust_weighted_fusion,avoidance,fixed,0.5,,3,0,66.924,4.812,8.644,uav_1,4.812,False,False,False,False,False,1,"[{""id"": ""obstacle_0"", ""kind"": ""static_obstacle"", ""x"": 50.0, ""y"": 50.0, ""radius"": 5.0}]"
sudden_target_appearance,178,35.6,1,48.805,38.181,90.0,94.0,50.0,50.0,49.6,50.248,position_noise+confidence_error,0.483,trust_weighted_fusion,avoidance,fixed,0.5,,3,0,69.374,4.812,6.879,uav_0,4.812,False,False,False,False,False,1,"[{""id"": ""obstacle_0"", ""kind"": ""static_obstacle"", ""x"": 50.0, ""y"": 50.0, ""radius"": 5.0}]"
sudden_target_appearance,178,35.6,2,59.056,37.589,86.0,90.0,50.0,50.0,49.6,50.248,position_noise+confidence_error,0.483,trust_weighted_fusion,avoidance,fixed,0.5,,4,0,58.932,5.7,10.364,uav_0,5.7,False,False,False,False,False,1,"[{""id"": ""obstacle_0"", ""kind"": ""static_obstacle"", ""x"": 50.0, ""y"": 50.0, ""radius"": 5.0}]"
sudden_target_appearance,178,35.6,3,67.245,44.628,90.0,86.0,50.0,50.0,49.6,50.248,position_noise+confidence_error,0.483,trust_weighted_fusion,avoidance,fixed,0.5,,2,0,47.216,10.799,13.062,uav_2,10.799,False,False,False,False,False,1,"[{""id"": ""obstacle_0"", ""kind"": ""static_obstacle"", ""x"": 50.0, ""y"": 50.0, ""radius"": 5.0}]"
sudden_target_appearance,179,35.8,0,53.783,36.841,94.0,90.0,50.0,50.0,50.161,49.738,position_noise+confidence_error,0.636,trust_weighted_fusion,avoidance,fixed,0.5,,3,0,66.658,4.781,8.692,uav_1,4.781,False,False,False,False,False,1,"[{""id"": ""obstacle_0"", ""kind"": ""static_obstacle"", ""x"": 50.0, ""y"": 50.0, ""radius"": 5.0}]"
sudden_target_appearance,179,35.8,1,49.172,38.102,90.0,94.0,50.0,50.0,50.161,49.738,position_noise+confidence_error,0.636,trust_weighted_fusion,avoidance,fixed,0.5,,3,0,69.221,4.781,6.927,uav_0,4.781,False,False,False,False,False,1,"[{""id"": ""obstacle_0"", ""kind"": ""static_obstacle"", ""x"": 50.0, ""y"": 50.0, ""radius"": 5.0}]"
sudden_target_appearance,179,35.8,2,59.386,37.767,86.0,90.0,50.0,50.0,50.161,49.738,position_noise+confidence_error,0.636,trust_weighted_fusion,avoidance,fixed,0.5,,4,0,58.623,5.679,10.419,uav_0,5.679,False,False,False,False,False,1,"[{""id"": ""obstacle_0"", ""kind"": ""static_obstacle"", ""x"": 50.0, ""y"": 50.0, ""radius"": 5.0}]"
sudden_target_appearance,179,35.8,3,67.51,44.894,90.0,86.0,50.0,50.0,50.161,49.738,position_noise+confidence_error,0.636,trust_weighted_fusion,avoidance,fixed,0.5,,2,0,46.856,10.807,13.239,uav_2,10.807,False,False,False,False,False,1,"[{""id"": ""obstacle_0"", ""kind"": ""static_obstacle"", ""x"": 50.0, ""y"": 50.0, ""radius"": 5.0}]"
sudden_target_appearance,180,36.0,0,54.151,36.911,94.0,90.0,50.0,50.0,50.198,50.396,position_noise+confidence_error,0.437,trust_weighted_fusion,avoidance,fixed,0.5,,3,0,66.38,5.055,8.732,uav_1,5.055,False,False,False,False,False,1,"[{""id"": ""obstacle_0"", ""kind"": ""static_obstacle"", ""x"": 50.0, ""y"": 50.0, ""radius"": 5.0}]"
sudden_target_appearance,180,36.0,1,49.163,37.727,90.0,94.0,50.0,50.0,50.198,50.396,false_positive+position_noise+confidence_error,0.437,trust_weighted_fusion,avoidance,fixed,0.5,,4,1,69.529,5.055,7.301,uav_0,5.055,False,False,False,False,False,1,"[{""id"": ""obstacle_0"", ""kind"": ""static_obstacle"", ""x"": 50.0, ""y"": 50.0, ""radius"": 5.0}]"
sudden_target_appearance,180,36.0,2,59.711,37.954,86.0,90.0,50.0,50.0,50.198,50.396,position_noise+confidence_error,0.437,trust_weighted_fusion,avoidance,fixed,0.5,,4,0,58.309,5.656,10.473,uav_0,5.656,False,False,False,False,False,1,"[{""id"": ""obstacle_0"", ""kind"": ""static_obstacle"", ""x"": 50.0, ""y"": 50.0, ""radius"": 5.0}]"
sudden_target_appearance,180,36.0,3,67.774,45.161,90.0,86.0,50.0,50.0,50.198,50.396,position_noise+confidence_error,0.437,trust_weighted_fusion,avoidance,fixed,0.5,,2,0,46.496,10.814,13.421,uav_2,10.814,False,False,False,False,False,1,"[{""id"": ""obstacle_0"", ""kind"": ""static_obstacle"", ""x"": 50.0, ""y"": 50.0, ""radius"": 5.0}]"
sudden_target_appearance,181,36.2,0,54.522,36.969,94.0,90.0,50.0,50.0,50.571,49.832,position_noise+confidence_error,0.571,trust_weighted_fusion,avoidance,fixed,0.5,,3,0,66.112,5.038,8.793,uav_1,5.038,False,False,False,False,False,1,"[{""id"": ""obstacle_0"", ""kind"": ""static_obstacle"", ""x"": 50.0, ""y"": 50.0, ""radius"": 5.0}]"
sudden_target_appearance,181,36.2,1,49.534,37.675,90.0,94.0,50.0,50.0,50.571,49.832,position_noise+confidence_error,0.571,trust_weighted_fusion,avoidance,fixed,0.5,,3,0,69.354,5.038,7.334,uav_0,5.038,False,False,False,False,False,1,"[{""id"": ""obstacle_0"", ""kind"": ""static_obstacle"", ""x"": 50.0, ""y"": 50.0, ""radius"": 5.0}]"
sudden_target_appearance,181,36.2,2,60.039,38.135,86.0,90.0,50.0,50.0,50.571,49.832,position_noise+confidence_error,0.571,trust_weighted_fusion,avoidance,fixed,0.5,,4,0,57.999,5.639,10.542,uav_0,5.639,False,False,False,False,False,1,"[{""id"": ""obstacle_0"", ""kind"": ""static_obstacle"", ""x"": 50.0, ""y"": 50.0, ""radius"": 5.0}]"
sudden_target_appearance,181,36.2,3,68.035,45.43,90.0,86.0,50.0,50.0,50.571,49.832,position_noise+confidence_error,0.571,trust_weighted_fusion,avoidance,fixed,0.5,,2,0,46.135,10.823,13.605,uav_2,10.823,False,False,False,False,False,1,"[{""id"": ""obstacle_0"", ""kind"": ""static_obstacle"", ""x"": 50.0, ""y"": 50.0, ""radius"": 5.0}]"
sudden_target_appearance,182,36.4,0,54.887,37.053,94.0,90.0,50.0,50.0,49.928,50.214,position_noise+confidence_error,0.679,trust_weighted_fusion,avoidance,fixed,0.5,,3,0,65.827,5.1,8.839,uav_1,5.1,False,False,False,False,False,1,"[{""id"": ""obstacle_0"", ""kind"": ""static_obstacle"", ""x"": 50.0, ""y"": 50.0, ""radius"": 5.0}]"
sudden_target_appearance,182,36.4,1,49.853,37.872,90.0,94.0,50.0,50.0,49.928,50.214,false_positive+position_noise+confidence_error,0.679,trust_weighted_fusion,avoidance,fixed,0.5,,4,1,69.008,5.1,7.129,uav_0,5.1,False,False,False,False,False,1,"[{""id"": ""obstacle_0"", ""kind"": ""static_obstacle"", ""x"": 50.0, ""y"": 50.0, ""radius"": 5.0}]"
sudden_target_appearance,182,36.4,2,60.358,38.333,86.0,90.0,50.0,50.0,49.928,50.214,position_noise+confidence_error,0.679,trust_weighted_fusion,avoidance,fixed,0.5,,4,0,57.68,5.618,10.601,uav_0,5.618,False,False,False,False,False,1,"[{""id"": ""obstacle_0"", ""kind"": ""static_obstacle"", ""x"": 50.0, ""y"": 50.0, ""radius"": 5.0}]"
sudden_target_appearance,182,36.4,3,68.292,45.703,90.0,86.0,50.0,50.0,49.928,50.214,position_noise+confidence_error,0.679,trust_weighted_fusion,avoidance,fixed,0.5,,2,0,45.772,10.829,13.79,uav_2,10.829,False,False,False,False,False,1,"[{""id"": ""obstacle_0"", ""kind"": ""static_obstacle"", ""x"": 50.0, ""y"": 50.0, ""radius"": 5.0}]"
sudden_target_appearance,183,36.6,0,55.256,37.124,94.0,90.0,50.0,50.0,50.497,49.741,position_noise+confidence_error,0.699,trust_weighted_fusion,avoidance,fixed,0.5,,3,0,65.552,5.079,8.907,uav_1,5.079,False,False,False,False,False,1,"[{""id"": ""obstacle_0"", ""kind"": ""static_obstacle"", ""x"": 50.0, ""y"": 50.0, ""radius"": 5.0}]"
sudden_target_appearance,183,36.6,1,50.225,37.821,90.0,94.0,50.0,50.0,50.497,49.741,position_noise+confidence_error,0.699,trust_weighted_fusion,avoidance,fixed,0.5,,3,0,68.834,5.079,7.181,uav_0,5.079,False,False,False,False,False,1,"[{""id"": ""obstacle_0"", ""kind"": ""static_obstacle"", ""x"": 50.0, ""y"": 50.0, ""radius"": 5.0}]"
sudden_target_appearance,183,36.6,2,60.68,38.525,86.0,90.0,50.0,50.0,50.497,49.741,position_noise+confidence_error,0.699,trust_weighted_fusion,avoidance,fixed,0.5,,4,0,57.366,5.602,10.676,uav_0,5.602,False,False,False,False,False,1,"[{""id"": ""obstacle_0"", ""kind"": ""static_obstacle"", ""x"": 50.0, ""y"": 50.0, ""radius"": 5.0}]"
sudden_target_appearance,183,36.6,3,68.404,46.061,90.0,86.0,50.0,50.0,50.497,49.741,false_positive+position_noise+confidence_error,0.699,trust_weighted_fusion,avoidance,fixed,0.5,,3,1,45.404,10.791,13.82,uav_2,10.791,False,False,False,False,False,1,"[{""id"": ""obstacle_0"", ""kind"": ""static_obstacle"", ""x"": 50.0, ""y"": 50.0, ""radius"": 5.0}]"
sudden_target_appearance,184,36.8,0,55.624,37.194,94.0,90.0,50.0,50.0,50.672,49.518,position_noise+confidence_error,0.618,trust_weighted_fusion,avoidance,fixed,0.5,,3,0,65.278,5.084,8.986,uav_1,5.084,False,False,False,False,False,1,"[{""id"": ""obstacle_0"", ""kind"": ""static_obstacle"", ""x"": 50.0, ""y"": 50.0, ""radius"": 5.0}]"
sudden_target_appearance,184,36.8,1,50.561,37.656,90.0,94.0,50.0,50.0,50.672,49.518,false_positive+position_noise+confidence_error,0.618,trust_weighted_fusion,avoidance,fixed,0.5,,4,1,68.775,5.084,7.357,uav_0,5.084,False,False,False,False,False,1,"[{""id"": ""obstacle_0"", ""kind"": ""static_obstacle"", ""x"": 50.0, ""y"": 50.0, ""radius"": 5.0}]"
sudden_target_appearance,184,36.8,2,61.002,38.717,86.0,90.0,50.0,50.0,50.672,49.518,position_noise+confidence_error,0.618,trust_weighted_fusion,avoidance,fixed,0.5,,4,0,57.051,5.589,10.759,uav_0,5.589,False,False,False,False,False,1,"[{""id"": ""obstacle_0"", ""kind"": ""static_obstacle"", ""x"": 50.0, ""y"": 50.0, ""radius"": 5.0}]"
sudden_target_appearance,184,36.8,3,68.656,46.338,90.0,86.0,50.0,50.0,50.672,49.518,position_noise+confidence_error,0.618,trust_weighted_fusion,avoidance,fixed,0.5,,2,0,45.04,10.801,14.013,uav_2,10.801,False,False,False,False,False,1,"[{""id"": ""obstacle_0"", ""kind"": ""static_obstacle"", ""x"": 50.0, ""y"": 50.0, ""radius"": 5.0}]"
sudden_target_appearance,185,37.0,0,55.989,37.278,94.0,90.0,50.0,50.0,50.614,49.872,position_noise+confidence_error,0.507,trust_weighted_fusion,avoidance,fixed,0.5,,3,0,64.995,5.066,9.061,uav_1,5.066,False,False,False,False,False,1,"[{""id"": ""obstacle_0"", ""kind"": ""static_obstacle"", ""x"": 50.0, ""y"": 50.0, ""radius"": 5.0}]"
sudden_target_appearance,185,37.0,1,50.936,37.631,90.0,94.0,50.0,50.0,50.614,49.872,position_noise+confidence_error,0.507,trust_weighted_fusion,avoidance,fixed,0.5,,3,0,68.582,5.066,7.404,uav_0,5.066,False,False,False,False,False,1,"[{""id"": ""obstacle_0"", ""kind"": ""static_obstacle"", ""x"": 50.0, ""y"": 50.0, ""radius"": 5.0}]"
sudden_target_appearance,185,37.0,2,61.319,38.917,86.0,90.0,50.0,50.0,50.614,49.872,position_noise+confidence_error,0.507,trust_weighted_fusion,avoidance,fixed,0.5,,4,0,56.733,5.576,10.842,uav_0,5.576,False,False,False,False,False,1,"[{""id"": ""obstacle_0"", ""kind"": ""static_obstacle"", ""x"": 50.0, ""y"": 50.0, ""radius"": 5.0}]"
sudden_target_appearance,185,37.0,3,68.792,46.688,90.0,86.0,50.0,50.0,50.614,49.872,false_positive+position_noise+confidence_error,0.507,trust_weighted_fusion,avoidance,fixed,0.5,,3,1,44.668,10.781,14.081,uav_2,10.781,False,False,False,False,False,1,"[{""id"": ""obstacle_0"", ""kind"": ""static_obstacle"", ""x"": 50.0, ""y"": 50.0, ""radius"": 5.0}]"
sudden_target_appearance,186,37.2,0,56.352,37.375,94.0,90.0,50.0,50.0,50.442,50.081,position_noise+confidence_error,0.516,trust_weighted_fusion,avoidance,fixed,0.5,,3,0,64.705,5.047,9.132,uav_1,5.047,False,False,False,False,False,1,"[{""id"": ""obstacle_0"", ""kind"": ""static_obstacle"", ""x"": 50.0, ""y"": 50.0, ""radius"": 5.0}]"
sudden_target_appearance,186,37.2,1,51.311,37.626,90.0,94.0,50.0,50.0,50.442,50.081,position_noise+confidence_error,0.516,trust_weighted_fusion,avoidance,fixed,0.5,,3,0,68.373,5.047,7.443,uav_0,5.047,False,False,False,False,False,1,"[{""id"": ""obstacle_0"", ""kind"": ""static_obstacle"", ""x"": 50.0, ""y"": 50.0, ""radius"": 5.0}]"
sudden_target_appearance,186,37.2,2,61.632,39.124,86.0,90.0,50.0,50.0,50.442,50.081,position_noise+confidence_error,0.516,trust_weighted_fusion,avoidance,fixed,0.5,,4,0,56.411,5.562,10.925,uav_0,5.562,False,False,False,False,False,1,"[{""id"": ""obstacle_0"", ""kind"": ""static_obstacle"", ""x"": 50.0, ""y"": 50.0, ""radius"": 5.0}]"
sudden_target_appearance,186,37.2,3,69.041,46.967,90.0,86.0,50.0,50.0,50.442,50.081,position_noise+confidence_error,0.516,trust_weighted_fusion,avoidance,fixed,0.5,,2,0,44.304,10.79,14.281,uav_2,10.79,False,False,False,False,False,1,"[{""id"": ""obstacle_0"", ""kind"": ""static_obstacle"", ""x"": 50.0, ""y"": 50.0, ""radius"": 5.0}]"
sudden_target_appearance,187,37.4,0,56.711,37.484,94.0,90.0,50.0,50.0,50.094,50.015,position_noise+confidence_error,0.589,trust_weighted_fusion,avoidance,fixed,0.5,,3,0,64.408,5.027,9.202,uav_1,5.027,False,False,False,False,False,1,"[{""id"": ""obstacle_0"", ""kind"": ""static_obstacle"", ""x"": 50.0, ""y"": 50.0, ""radius"": 5.0}]"
sudden_target_appearance,187,37.4,1,51.686,37.633,90.0,94.0,50.0,50.0,50.094,50.015,position_noise+confidence_error,0.589,trust_weighted_fusion,avoidance,fixed,0.5,,3,0,68.156,5.027,7.482,uav_0,5.027,False,False,False,False,False,1,"[{""id"": ""obstacle_0"", ""kind"": ""static_obstacle"", ""x"": 50.0, ""y"": 50.0, ""radius"": 5.0}]"
sudden_target_appearance,187,37.4,2,61.939,39.339,86.0,90.0,50.0,50.0,50.094,50.015,position_noise+confidence_error,0.589,trust_weighted_fusion,avoidance,fixed,0.5,,4,0,56.084,5.548,11.006,uav_0,5.548,False,False,False,False,False,1,"[{""id"": ""obstacle_0"", ""kind"": ""static_obstacle"", ""x"": 50.0, ""y"": 50.0, ""radius"": 5.0}]"
sudden_target_appearance,187,37.4,3,69.287,47.251,90.0,86.0,50.0,50.0,50.094,50.015,position_noise+confidence_error,0.589,trust_weighted_fusion,avoidance,fixed,0.5,,2,0,43.938,10.797,14.482,uav_2,10.797,False,False,False,False,False,1,"[{""id"": ""obstacle_0"", ""kind"": ""static_obstacle"", ""x"": 50.0, ""y"": 50.0, ""radius"": 5.0}]"
sudden_target_appearance,188,37.6,0,57.066,37.604,94.0,90.0,50.0,50.0,49.97,50.375,position_noise+confidence_error,0.491,trust_weighted_fusion,avoidance,fixed,0.5,,3,0,64.105,5.007,9.269,uav_1,5.007,False,False,False,False,False,1,"[{""id"": ""obstacle_0"", ""kind"": ""static_obstacle"", ""x"": 50.0, ""y"": 50.0, ""radius"": 5.0}]"
sudden_target_appearance,188,37.6,1,52.06,37.661,90.0,94.0,50.0,50.0,49.97,50.375,position_noise+confidence_error,0.491,trust_weighted_fusion,avoidance,fixed,0.5,,3,0,67.923,5.007,7.51,uav_0,5.007,False,False,False,False,False,1,"[{""id"": ""obstacle_0"", ""kind"": ""static_obstacle"", ""x"": 50.0, ""y"": 50.0, ""radius"": 5.0}]"
sudden_target_appearance,188,37.6,2,62.241,39.561,86.0,90.0,50.0,50.0,49.97,50.375,position_noise+confidence_error,0.491,trust_weighted_fusion,avoidance,fixed,0.5,,4,0,55.755,5.533,11.088,uav_0,5.533,False,False,False,False,False,1,"[{""id"": ""obstacle_0"", ""kind"": ""static_obstacle"", ""x"": 50.0, ""y"": 50.0, ""radius"": 5.0}]"
sudden_target_appearance,188,37.6,3,69.531,47.536,90.0,86.0,50.0,50.0,49.97,50.375,position_noise+confidence_error,0.491,trust_weighted_fusion,avoidance,fixed,0.5,,2,0,43.572,10.804,14.686,uav_2,10.804,False,False,False,False,False,1,"[{""id"": ""obstacle_0"", ""kind"": ""static_obstacle"", ""x"": 50.0, ""y"": 50.0, ""radius"": 5.0}]"
sudden_target_appearance,189,37.8,0,57.418,37.733,94.0,90.0,50.0,50.0,49.675,50.194,position_noise+confidence_error,0.544,trust_weighted_fusion,avoidance,fixed,0.5,,3,0,63.797,4.985,9.336,uav_1,4.985,False,False,False,False,False,1,"[{""id"": ""obstacle_0"", ""kind"": ""static_obstacle"", ""x"": 50.0, ""y"": 50.0, ""radius"": 5.0}]"
sudden_target_appearance,189,37.8,1,52.433,37.697,90.0,94.0,50.0,50.0,49.675,50.194,position_noise+confidence_error,0.544,trust_weighted_fusion,avoidance,fixed,0.5,,3,0,67.686,4.985,7.541,uav_0,4.985,False,False,False,False,False,1,"[{""id"": ""obstacle_0"", ""kind"": ""static_obstacle"", ""x"": 50.0, ""y"": 50.0, ""radius"": 5.0}]"
sudden_target_appearance,189,37.8,2,62.539,39.789,86.0,90.0,50.0,50.0,49.675,50.194,position_noise+confidence_error,0.544,trust_weighted_fusion,avoidance,fixed,0.5,,4,0,55.421,5.518,11.17,uav_0,5.518,False,False,False,False,False,1,"[{""id"": ""obstacle_0"", ""kind"": ""static_obstacle"", ""x"": 50.0, ""y"": 50.0, ""radius"": 5.0}]"
sudden_target_appearance,189,37.8,3,69.707,47.867,90.0,86.0,50.0,50.0,49.905,50.043,position_noise+confidence_error,0.273,trust_weighted_fusion,move,fixed,0.5,,2,0,43.197,10.799,14.822,uav_2,10.799,False,False,False,False,False,1,"[{""id"": ""obstacle_0"", ""kind"": ""static_obstacle"", ""x"": 50.0, ""y"": 50.0, ""radius"": 5.0}]"
sudden_target_appearance,190,38.0,0,57.771,37.86,94.0,90.0,50.0,50.0,49.951,49.91,position_noise+confidence_error,0.577,trust_weighted_fusion,avoidance,fixed,0.5,,3,0,63.491,4.98,9.414,uav_1,4.98,False,False,False,False,False,1,"[{""id"": ""obstacle_0"", ""kind"": ""static_obstacle"", ""x"": 50.0, ""y"": 50.0, ""radius"": 5.0}]"
sudden_target_appearance,190,38.0,1,52.797,37.607,90.0,94.0,50.0,50.0,49.951,49.91,false_positive+position_noise+confidence_error,0.577,trust_weighted_fusion,avoidance,fixed,0.5,,4,1,67.559,4.98,7.705,uav_0,4.98,False,False,False,False,False,1,"[{""id"": ""obstacle_0"", ""kind"": ""static_obstacle"", ""x"": 50.0, ""y"": 50.0, ""radius"": 5.0}]"
sudden_target_appearance,190,38.0,2,62.836,40.018,86.0,90.0,50.0,50.0,49.951,49.91,position_noise+confidence_error,0.577,trust_weighted_fusion,avoidance,fixed,0.5,,4,0,55.089,5.505,11.26,uav_0,5.505,False,False,False,False,False,1,"[{""id"": ""obstacle_0"", ""kind"": ""static_obstacle"", ""x"": 50.0, ""y"": 50.0, ""radius"": 5.0}]"
sudden_target_appearance,190,38.0,3,69.863,48.207,90.0,86.0,50.0,50.0,49.951,49.91,false_positive+position_noise+confidence_error,0.577,trust_weighted_fusion,avoidance,fixed,0.5,,3,1,42.822,10.791,14.944,uav_2,10.791,False,False,False,False,False,1,"[{""id"": ""obstacle_0"", ""kind"": ""static_obstacle"", ""x"": 50.0, ""y"": 50.0, ""radius"": 5.0}]"
sudden_target_appearance,191,38.2,0,58.12,37.998,94.0,90.0,50.0,50.0,49.89,50.421,position_noise+confidence_error,0.5,trust_weighted_fusion,avoidance,fixed,0.5,,3,0,63.179,5.024,9.491,uav_1,5.024,False,False,False,False,False,1,"[{""id"": ""obstacle_0"", ""kind"": ""static_obstacle"", ""x"": 50.0, ""y"": 50.0, ""radius"": 5.0}]"
sudden_target_appearance,191,38.2,1,53.099,37.829,90.0,94.0,50.0,50.0,49.89,50.421,false_positive+position_noise+confidence_error,0.5,trust_weighted_fusion,avoidance,fixed,0.5,,4,1,67.207,5.024,7.559,uav_0,5.024,False,False,False,False,False,1,"[{""id"": ""obstacle_0"", ""kind"": ""static_obstacle"", ""x"": 50.0, ""y"": 50.0, ""radius"": 5.0}]"
sudden_target_appearance,191,38.2,2,63.129,40.252,86.0,90.0,50.0,50.0,49.89,50.421,position_noise+confidence_error,0.5,trust_weighted_fusion,avoidance,fixed,0.5,,4,0,54.754,5.493,11.352,uav_0,5.493,False,False,False,False,False,1,"[{""id"": ""obstacle_0"", ""kind"": ""static_obstacle"", ""x"": 50.0, ""y"": 50.0, ""radius"": 5.0}]"
sudden_target_appearance,191,38.2,3,70.04,48.538,90.0,86.0,50.0,50.0,50.438,50.991,position_noise+confidence_error,0.148,trust_weighted_fusion,move,fixed,0.5,,2,0,42.447,10.79,15.093,uav_2,10.79,False,False,False,False,False,1,"[{""id"": ""obstacle_0"", ""kind"": ""static_obstacle"", ""x"": 50.0, ""y"": 50.0, ""radius"": 5.0}]"
sudden_target_appearance,192,38.4,0,58.415,38.228,94.0,90.0,50.0,50.0,49.974,49.891,false_positive+position_noise+confidence_error,0.511,trust_weighted_fusion,avoidance,fixed,0.5,,4,1,62.822,4.957,9.47,uav_1,4.957,False,False,False,False,False,1,"[{""id"": ""obstacle_0"", ""kind"": ""static_obstacle"", ""x"": 50.0, ""y"": 50.0, ""radius"": 5.0}]"
sudden_target_appearance,192,38.4,1,53.472,37.87,90.0,94.0,50.0,50.0,49.974,49.891,position_noise+confidence_error,0.511,trust_weighted_fusion,avoidance,fixed,0.5,,3,0,66.969,4.957,7.617,uav_0,4.957,False,False,False,False,False,1,"[{""id"": ""obstacle_0"", ""kind"": ""static_obstacle"", ""x"": 50.0, ""y"": 50.0, ""radius"": 5.0}]"
sudden_target_appearance,192,38.4,2,63.42,40.488,86.0,90.0,50.0,50.0,49.974,49.891,position_noise+confidence_error,0.511,trust_weighted_fusion,avoidance,fixed,0.5,,4,0,54.418,5.491,11.449,uav_0,5.491,False,False,False,False,False,1,"[{""id"": ""obstacle_0"", ""kind"": ""static_obstacle"", ""x"": 50.0, ""y"": 50.0, ""radius"": 5.0}]"
sudden_target_appearance,192,38.4,3,70.309,48.278,90.0,86.0,50.0,50.0,,,false_positive+position_noise+confidence_error,,trust_weighted_fusion,false_avoidance,fixed,0.5,,2,1,42.552,10.399,15.382,uav_2,10.399,False,True,False,False,False,1,"[{""id"": ""obstacle_0"", ""kind"": ""static_obstacle"", ""x"": 50.0, ""y"": 50.0, ""radius"": 5.0}]"
sudden_target_appearance,193,38.6,0,58.686,38.488,94.0,90.0,50.0,50.0,49.181,50.227,false_positive+position_noise+confidence_error,0.611,trust_weighted_fusion,avoidance,fixed,0.5,,4,1,62.454,4.877,9.421,uav_1,4.877,False,False,False,False,False,1,"[{""id"": ""obstacle_0"", ""kind"": ""static_obstacle"", ""x"": 50.0, ""y"": 50.0, ""radius"": 5.0}]"
sudden_target_appearance,193,38.6,1,53.846,37.885,90.0,94.0,50.0,50.0,49.181,50.227,false_positive+position_noise+confidence_error,0.611,trust_weighted_fusion,avoidance,fixed,0.5,,4,1,66.753,4.877,7.711,uav_0,4.877,False,False,False,False,False,1,"[{""id"": ""obstacle_0"", ""kind"": ""static_obstacle"", ""x"": 50.0, ""y"": 50.0, ""radius"": 5.0}]"
sudden_target_appearance,193,38.6,2,63.312,40.847,86.0,90.0,50.0,50.0,49.181,50.227,false_positive+position_noise+confidence_error,0.611,trust_weighted_fusion,avoidance,fixed,0.5,,5,1,54.137,5.193,11.155,uav_0,5.193,False,False,False,False,False,1,"[{""id"": ""obstacle_0"", ""kind"": ""static_obstacle"", ""x"": 50.0, ""y"": 50.0, ""radius"": 5.0}]"
sudden_target_appearance,193,38.6,3,70.483,48.61,90.0,86.0,50.0,50.0,,,position_noise+confidence_error,,trust_weighted_fusion,move,fixed,0.5,,1,0,42.177,10.569,15.53,uav_2,10.569,False,False,False,False,False,1,"[{""id"": ""obstacle_0"", ""kind"": ""static_obstacle"", ""x"": 50.0, ""y"": 50.0, ""radius"": 5.0}]"
sudden_target_appearance,194,38.8,0,59.031,38.634,94.0,90.0,50.0,50.0,49.806,49.421,position_noise+confidence_error,0.713,trust_weighted_fusion,avoidance,fixed,0.5,,3,0,62.139,4.864,9.517,uav_1,4.864,False,False,False,False,False,1,"[{""id"": ""obstacle_0"", ""kind"": ""static_obstacle"", ""x"": 50.0, ""y"": 50.0, ""radius"": 5.0}]"
sudden_target_appearance,194,38.8,1,54.218,37.936,90.0,94.0,50.0,50.0,49.806,49.421,position_noise+confidence_error,0.713,trust_weighted_fusion,avoidance,fixed,0.5,,3,0,66.509,4.864,7.78,uav_0,4.864,False,False,False,False,False,1,"[{""id"": ""obstacle_0"", ""kind"": ""static_obstacle"", ""x"": 50.0, ""y"": 50.0, ""radius"": 5.0}]"
sudden_target_appearance,194,38.8,2,63.599,41.087,86.0,90.0,50.0,50.0,49.806,49.421,position_noise+confidence_error,0.713,trust_weighted_fusion,avoidance,fixed,0.5,,4,0,53.798,5.185,11.26,uav_0,5.185,False,False,False,False,False,1,"[{""id"": ""obstacle_0"", ""kind"": ""static_obstacle"", ""x"": 50.0, ""y"": 50.0, ""radius"": 5.0}]"
sudden_target_appearance,194,38.8,3,70.656,48.943,90.0,86.0,50.0,50.0,,,position_noise+confidence_error,,trust_weighted_fusion,move,fixed,0.5,,1,0,41.802,10.56,15.683,uav_2,10.56,False,False,False,False,False,1,"[{""id"": ""obstacle_0"", ""kind"": ""static_obstacle"", ""x"": 50.0, ""y"": 50.0, ""radius"": 5.0}]"
sudden_target_appearance,195,39.0,0,59.372,38.791,94.0,90.0,50.0,50.0,49.599,49.9,position_noise+confidence_error,0.649,trust_weighted_fusion,avoidance,fixed,0.5,,3,0,61.818,4.85,9.611,uav_1,4.85,False,False,False,False,False,1,"[{""id"": ""obstacle_0"", ""kind"": ""static_obstacle"", ""x"": 50.0, ""y"": 50.0, ""radius"": 5.0}]"
sudden_target_appearance,195,39.0,1,54.585,38.012,90.0,94.0,50.0,50.0,49.599,49.9,position_noise+confidence_error,0.649,trust_weighted_fusion,avoidance,fixed,0.5,,3,0,66.249,4.85,7.835,uav_0,4.85,False,False,False,False,False,1,"[{""id"": ""obstacle_0"", ""kind"": ""static_obstacle"", ""x"": 50.0, ""y"": 50.0, ""radius"": 5.0}]"
sudden_target_appearance,195,39.0,2,63.883,41.333,86.0,90.0,50.0,50.0,49.599,49.9,position_noise+confidence_error,0.649,trust_weighted_fusion,avoidance,fixed,0.5,,4,0,53.457,5.178,11.366,uav_0,5.178,False,False,False,False,False,1,"[{""id"": ""obstacle_0"", ""kind"": ""static_obstacle"", ""x"": 50.0, ""y"": 50.0, ""radius"": 5.0}]"
sudden_target_appearance,195,39.0,3,70.902,49.226,90.0,86.0,50.0,50.0,,,false_positive+position_noise+confidence_error,,trust_weighted_fusion,false_avoidance,fixed,0.5,,2,1,41.437,10.563,15.916,uav_2,10.563,False,True,False,False,False,1,"[{""id"": ""obstacle_0"", ""kind"": ""static_obstacle"", ""x"": 50.0, ""y"": 50.0, ""radius"": 5.0}]"
sudden_target_appearance,196,39.2,0,59.713,38.947,94.0,90.0,50.0,50.0,50.013,50.028,position_noise+confidence_error,0.364,trust_weighted_fusion,avoidance,fixed,0.5,,3,0,61.498,4.837,9.714,uav_1,4.837,False,False,False,False,False,1,"[{""id"": ""obstacle_0"", ""kind"": ""static_obstacle"", ""x"": 50.0, ""y"": 50.0, ""radius"": 5.0}]"
sudden_target_appearance,196,39.2,1,54.952,38.088,90.0,94.0,50.0,50.0,50.013,50.028,position_noise+confidence_error,0.364,trust_weighted_fusion,avoidance,fixed,0.5,,3,0,65.989,4.837,7.9,uav_0,4.837,False,False,False,False,False,1,"[{""id"": ""obstacle_0"", ""kind"": ""static_obstacle"", ""x"": 50.0, ""y"": 50.0, ""radius"": 5.0}]"
sudden_target_appearance,196,39.2,2,64.167,41.578,86.0,90.0,50.0,50.0,50.013,50.028,position_noise+confidence_error,0.364,trust_weighted_fusion,avoidance,fixed,0.5,,4,0,53.117,5.173,11.481,uav_0,5.173,False,False,False,False,False,1,"[{""id"": ""obstacle_0"", ""kind"": ""static_obstacle"", ""x"": 50.0, ""y"": 50.0, ""radius"": 5.0}]"
sudden_target_appearance,196,39.2,3,71.075,49.559,90.0,86.0,50.0,50.0,,,position_noise+confidence_error,,trust_weighted_fusion,move,fixed,0.5,,1,0,41.062,10.555,16.08,uav_2,10.555,False,False,False,False,False,1,"[{""id"": ""obstacle_0"", ""kind"": ""static_obstacle"", ""x"": 50.0, ""y"": 50.0, ""radius"": 5.0}]"
sudden_target_appearance,197,39.4,0,60.052,39.107,94.0,90.0,50.0,50.0,50.069,49.746,position_noise+confidence_error,0.479,trust_weighted_fusion,avoidance,fixed,0.5,,3,0,61.177,4.826,9.823,uav_1,4.826,False,False,False,False,False,1,"[{""id"": ""obstacle_0"", ""kind"": ""static_obstacle"", ""x"": 50.0, ""y"": 50.0, ""radius"": 5.0}]"
sudden_target_appearance,197,39.4,1,55.319,38.165,90.0,94.0,50.0,50.0,50.069,49.746,position_noise+confidence_error,0.479,trust_weighted_fusion,avoidance,fixed,0.5,,3,0,65.729,4.826,7.975,uav_0,4.826,False,False,False,False,False,1,"[{""id"": ""obstacle_0"", ""kind"": ""static_obstacle"", ""x"": 50.0, ""y"": 50.0, ""radius"": 5.0}]"
sudden_target_appearance,197,39.4,2,64.448,41.826,86.0,90.0,50.0,50.0,50.069,49.746,position_noise+confidence_error,0.479,trust_weighted_fusion,avoidance,fixed,0.5,,4,0,52.775,5.169,11.6,uav_0,5.169,False,False,False,False,False,1,"[{""id"": ""obstacle_0"", ""kind"": ""static_obstacle"", ""x"": 50.0, ""y"": 50.0, ""radius"": 5.0}]"
sudden_target_appearance,197,39.4,3,71.248,49.892,90.0,86.0,50.0,50.0,,,position_noise+confidence_error,,trust_weighted_fusion,move,fixed,0.5,,1,0,40.687,10.549,16.248,uav_2,10.549,False,False,False,False,False,1,"[{""id"": ""obstacle_0"", ""kind"": ""static_obstacle"", ""x"": 50.0, ""y"": 50.0, ""radius"": 5.0}]"
sudden_target_appearance,198,39.6,0,60.384,39.282,94.0,90.0,50.0,50.0,49.443,50.017,position_noise+confidence_error,0.549,trust_weighted_fusion,avoidance,fixed,0.5,,3,0,60.847,4.812,9.923,uav_1,4.812,False,False,False,False,False,1,"[{""id"": ""obstacle_0"", ""kind"": ""static_obstacle"", ""x"": 50.0, ""y"": 50.0, ""radius"": 5.0}]"
sudden_target_appearance,198,39.6,1,55.68,38.269,90.0,94.0,50.0,50.0,49.443,50.017,position_noise+confidence_error,0.549,trust_weighted_fusion,avoidance,fixed,0.5,,3,0,65.451,4.812,8.034,uav_0,4.812,False,False,False,False,False,1,"[{""id"": ""obstacle_0"", ""kind"": ""static_obstacle"", ""x"": 50.0, ""y"": 50.0, ""radius"": 5.0}]"
sudden_target_appearance,198,39.6,2,64.613,42.163,86.0,90.0,50.0,50.0,49.443,50.017,false_positive+position_noise+confidence_error,0.549,trust_weighted_fusion,avoidance,fixed,0.5,,5,1,52.4,5.117,11.582,uav_0,5.117,False,False,False,False,False,1,"[{""id"": ""obstacle_0"", ""kind"": ""static_obstacle"", ""x"": 50.0, ""y"": 50.0, ""radius"": 5.0}]"
sudden_target_appearance,198,39.6,3,71.421,50.224,90.0,86.0,50.0,50.0,,,position_noise+confidence_error,,trust_weighted_fusion,move,fixed,0.5,,1,0,40.312,10.551,16.422,uav_2,10.551,False,False,False,False,False,1,"[{""id"": ""obstacle_0"", ""kind"": ""static_obstacle"", ""x"": 50.0, ""y"": 50.0, ""radius"": 5.0}]"
sudden_target_appearance,199,39.8,0,60.715,39.456,94.0,90.0,50.0,50.0,49.808,49.94,position_noise+confidence_error,0.421,trust_weighted_fusion,avoidance,fixed,0.5,,3,0,60.519,4.799,10.033,uav_1,4.799,False,False,False,False,False,1,"[{""id"": ""obstacle_0"", ""kind"": ""static_obstacle"", ""x"": 50.0, ""y"": 50.0, ""radius"": 5.0}]"
sudden_target_appearance,199,39.8,1,56.041,38.37,90.0,94.0,50.0,50.0,49.808,49.94,position_noise+confidence_error,0.421,trust_weighted_fusion,avoidance,fixed,0.5,,3,0,65.176,4.799,8.105,uav_0,4.799,False,False,False,False,False,1,"[{""id"": ""obstacle_0"", ""kind"": ""static_obstacle"", ""x"": 50.0, ""y"": 50.0, ""radius"": 5.0}]"
sudden_target_appearance,199,39.8,2,64.841,42.461,86.0,90.0,50.0,50.0,49.808,49.94,false_positive+position_noise+confidence_error,0.421,trust_weighted_fusion,avoidance,fixed,0.5,,5,1,52.035,5.103,11.646,uav_0,5.103,False,False,False,False,False,1,"[{""id"": ""obstacle_0"", ""kind"": ""static_obstacle"", ""x"": 50.0, ""y"": 50.0, ""radius"": 5.0}]"
sudden_target_appearance,199,39.8,3,71.593,50.557,90.0,86.0,50.0,50.0,,,position_noise+confidence_error,,trust_weighted_fusion,move,fixed,0.5,,1,0,39.937,10.543,16.601,uav_2,10.543,False,False,False,False,False,1,"[{""id"": ""obstacle_0"", ""kind"": ""static_obstacle"", ""x"": 50.0, ""y"": 50.0, ""radius"": 5.0}]"
sudden_target_appearance,200,40.0,0,61.043,39.639,94.0,90.0,50.0,50.0,49.683,50.519,position_noise+confidence_error,0.415,trust_weighted_fusion,avoidance,fixed,0.5,,3,0,60.186,4.787,10.143,uav_1,4.787,False,False,False,False,False,1,"[{""id"": ""obstacle_0"", ""kind"": ""static_obstacle"", ""x"": 50.0, ""y"": 50.0, ""radius"": 5.0}]"
sudden_target_appearance,200,40.0,1,56.396,38.489,90.0,94.0,50.0,50.0,49.683,50.519,position_noise+confidence_error,0.415,trust_weighted_fusion,avoidance,fixed,0.5,,3,0,64.89,4.787,8.169,uav_0,4.787,False,False,False,False,False,1,"[{""id"": ""obstacle_0"", ""kind"": ""static_obstacle"", ""x"": 50.0, ""y"": 50.0, ""radius"": 5.0}]"
sudden_target_appearance,200,40.0,2,65.012,42.794,86.0,90.0,50.0,50.0,49.683,50.519,false_positive+position_noise+confidence_error,0.415,trust_weighted_fusion,avoidance,fixed,0.5,,5,1,51.661,5.071,11.652,uav_0,5.071,False,False,False,False,False,1,"[{""id"": ""obstacle_0"", ""kind"": ""static_obstacle"", ""x"": 50.0, ""y"": 50.0, ""radius"": 5.0}]"
sudden_target_appearance,200,40.0,3,71.766,50.89,90.0,86.0,50.0,50.0,,,position_noise+confidence_error,,trust_weighted_fusion,move,fixed,0.5,,1,0,39.562,10.543,16.784,uav_2,10.543,False,False,False,False,False,1,"[{""id"": ""obstacle_0"", ""kind"": ""static_obstacle"", ""x"": 50.0, ""y"": 50.0, ""radius"": 5.0}]"
sudden_target_appearance,201,40.2,0,61.361,39.838,94.0,90.0,50.0,50.0,50.068,50.264,false_positive+position_noise+confidence_error,0.5,trust_weighted_fusion,avoidance,fixed,0.5,,4,1,59.846,4.77,10.243,uav_1,4.77,False,False,False,False,False,1,"[{""id"": ""obstacle_0"", ""kind"": ""static_obstacle"", ""x"": 50.0, ""y"": 50.0, ""radius"": 5.0}]"
sudden_target_appearance,201,40.2,1,56.753,38.603,90.0,94.0,50.0,50.0,50.068,50.264,position_noise+confidence_error,0.5,trust_weighted_fusion,avoidance,fixed,0.5,,3,0,64.607,4.77,8.247,uav_0,4.77,False,False,False,False,False,1,"[{""id"": ""obstacle_0"", ""kind"": ""static_obstacle"", ""x"": 50.0, ""y"": 50.0, ""radius"": 5.0}]"
sudden_target_appearance,201,40.2,2,65.284,43.053,86.0,90.0,50.0,50.0,50.068,50.264,position_noise+confidence_error,0.5,trust_weighted_fusion,avoidance,fixed,0.5,,4,0,51.315,5.072,11.789,uav_0,5.072,False,False,False,False,False,1,"[{""id"": ""obstacle_0"", ""kind"": ""static_obstacle"", ""x"": 50.0, ""y"": 50.0, ""radius"": 5.0}]"
sudden_target_appearance,201,40.2,3,71.939,51.223,90.0,86.0,50.0,50.0,,,position_noise+confidence_error,,trust_weighted_fusion,move,fixed,0.5,,1,0,39.187,10.538,16.973,uav_2,10.538,False,False,False,False,False,1,"[{""id"": ""obstacle_0"", ""kind"": ""static_obstacle"", ""x"": 50.0, ""y"": 50.0, ""radius"": 5.0}]"
sudden_target_appearance,202,40.4,0,61.686,40.026,94.0,90.0,50.0,50.0,49.928,50.361,position_noise+confidence_error,0.533,trust_weighted_fusion,avoidance,fixed,0.5,,3,0,59.512,4.759,10.364,uav_1,4.759,False,False,False,False,False,1,"[{""id"": ""obstacle_0"", ""kind"": ""static_obstacle"", ""x"": 50.0, ""y"": 50.0, ""radius"": 5.0}]"
sudden_target_appearance,202,40.4,1,57.107,38.728,90.0,94.0,50.0,50.0,49.928,50.361,position_noise+confidence_error,0.533,trust_weighted_fusion,avoidance,fixed,0.5,,3,0,64.319,4.759,8.325,uav_0,4.759,False,False,False,False,False,1,"[{""id"": ""obstacle_0"", ""kind"": ""static_obstacle"", ""x"": 50.0, ""y"": 50.0, ""radius"": 5.0}]"
sudden_target_appearance,202,40.4,2,65.476,43.375,86.0,90.0,50.0,50.0,49.928,50.361,false_positive+position_noise+confidence_error,0.533,trust_weighted_fusion,avoidance,fixed,0.5,,5,1,50.943,5.058,11.835,uav_0,5.058,False,False,False,False,False,1,"[{""id"": ""obstacle_0"", ""kind"": ""static_obstacle"", ""x"": 50.0, ""y"": 50.0, ""radius"": 5.0}]"
sudden_target_appearance,202,40.4,3,72.112,51.555,90.0,86.0,50.0,50.0,,,position_noise+confidence_error,,trust_weighted_fusion,move,fixed,0.5,,1,0,38.812,10.534,17.167,uav_2,10.534,False,False,False,False,False,1,"[{""id"": ""obstacle_0"", ""kind"": ""static_obstacle"", ""x"": 50.0, ""y"": 50.0, ""radius"": 5.0}]"
sudden_target_appearance,203,40.6,0,62.008,40.217,94.0,90.0,50.0,50.0,49.983,49.678,position_noise+confidence_error,0.457,trust_weighted_fusion,avoidance,fixed,0.5,,3,0,59.176,4.747,10.488,uav_1,4.747,False,False,False,False,False,1,"[{""id"": ""obstacle_0"", ""kind"": ""static_obstacle"", ""x"": 50.0, ""y"": 50.0, ""radius"": 5.0}]"
sudden_target_appearance,203,40.6,1,57.461,38.852,90.0,94.0,50.0,50.0,49.983,49.678,position_noise+confidence_error,0.457,trust_weighted_fusion,avoidance,fixed,0.5,,3,0,64.032,4.747,8.415,uav_0,4.747,False,False,False,False,False,1,"[{""id"": ""obstacle_0"", ""kind"": ""static_obstacle"", ""x"": 50.0, ""y"": 50.0, ""radius"": 5.0}]"
sudden_target_appearance,203,40.6,2,65.74,43.641,86.0,90.0,50.0,50.0,49.983,49.678,position_noise+confidence_error,0.457,trust_weighted_fusion,avoidance,fixed,0.5,,4,0,50.593,5.065,11.976,uav_0,5.065,False,False,False,False,False,1,"[{""id"": ""obstacle_0"", ""kind"": ""static_obstacle"", ""x"": 50.0, ""y"": 50.0, ""radius"": 5.0}]"
sudden_target_appearance,203,40.6,3,71.897,51.863,90.0,86.0,50.0,50.0,,,false_positive+position_noise+confidence_error,,trust_weighted_fusion,false_avoidance,fixed,0.5,,2,1,38.64,10.271,16.976,uav_2,10.271,False,True,False,False,False,1,"[{""id"": ""obstacle_0"", ""kind"": ""static_obstacle"", ""x"": 50.0, ""y"": 50.0, ""radius"": 5.0}]"
sudden_target_appearance,204,40.8,0,62.322,40.422,94.0,90.0,50.0,50.0,49.282,50.01,position_noise+confidence_error,0.312,trust_weighted_fusion,avoidance,fixed,0.5,,3,0,58.834,4.765,10.607,uav_1,4.765,False,False,False,False,False,1,"[{""id"": ""obstacle_0"", ""kind"": ""static_obstacle"", ""x"": 50.0, ""y"": 50.0, ""radius"": 5.0}]"
sudden_target_appearance,204,40.8,1,57.835,38.818,90.0,94.0,50.0,50.0,49.282,50.01,false_positive+position_noise+confidence_error,0.312,trust_weighted_fusion,avoidance,fixed,0.5,,4,1,63.872,4.765,8.653,uav_0,4.765,False,False,False,False,False,1,"[{""id"": ""obstacle_0"", ""kind"": ""static_obstacle"", ""x"": 50.0, ""y"": 50.0, ""radius"": 5.0}]"
sudden_target_appearance,204,40.8,2,66.115,43.655,86.0,90.0,50.0,50.0,49.282,50.01,false_positive+position_noise+confidence_error,0.312,trust_weighted_fusion,avoidance,fixed,0.5,,5,1,50.431,4.984,12.319,uav_0,4.984,False,False,False,False,False,1,"[{""id"": ""obstacle_0"", ""kind"": ""static_obstacle"", ""x"": 50.0, ""y"": 50.0, ""radius"": 5.0}]"
sudden_target_appearance,204,40.8,3,72.073,52.194,90.0,86.0,50.0,50.0,,,position_noise+confidence_error,,trust_weighted_fusion,move,fixed,0.5,,1,0,38.265,10.412,17.181,uav_2,10.412,False,False,False,False,False,1,"[{""id"": ""obstacle_0"", ""kind"": ""static_obstacle"", ""x"": 50.0, ""y"": 50.0, ""radius"": 5.0}]"
sudden_target_appearance,205,41.0,0,62.638,40.623,94.0,90.0,50.0,50.0,49.896,49.987,position_noise+confidence_error,0.571,trust_weighted_fusion,avoidance,fixed,0.5,,3,0,58.494,4.757,10.737,uav_1,4.757,False,False,False,False,False,1,"[{""id"": ""obstacle_0"", ""kind"": ""static_obstacle"", ""x"": 50.0, ""y"": 50.0, ""radius"": 5.0}]"
sudden_target_appearance,205,41.0,1,58.181,38.962,90.0,94.0,50.0,50.0,49.896,49.987,position_noise+confidence_error,0.571,trust_weighted_fusion,avoidance,fixed,0.5,,3,0,63.574,4.757,8.739,uav_0,4.757,False,False,False,False,False,1,"[{""id"": ""obstacle_0"", ""kind"": ""static_obstacle"", ""x"": 50.0, ""y"": 50.0, ""radius"": 5.0}]"
sudden_target_appearance,205,41.0,2,66.465,43.522,86.0,90.0,50.0,50.0,49.896,49.987,false_positive+position_noise+confidence_error,0.571,trust_weighted_fusion,avoidance,fixed,0.5,,5,1,50.417,4.801,12.694,uav_0,4.801,False,False,False,False,False,1,"[{""id"": ""obstacle_0"", ""kind"": ""static_obstacle"", ""x"": 50.0, ""y"": 50.0, ""radius"": 5.0}]"
sudden_target_appearance,205,41.0,3,72.372,52.421,90.0,86.0,50.0,50.0,,,false_positive+position_noise+confidence_error,,trust_weighted_fusion,false_avoidance,fixed,0.5,,2,1,37.925,10.681,17.502,uav_2,10.681,False,True,False,False,False,1,"[{""id"": ""obstacle_0"", ""kind"": ""static_obstacle"", ""x"": 50.0, ""y"": 50.0, ""radius"": 5.0}]"
sudden_target_appearance,206,41.2,0,62.955,40.825,94.0,90.0,50.0,50.0,50.314,50.189,position_noise+confidence_error,0.633,trust_weighted_fusion,avoidance,fixed,0.5,,3,0,58.155,4.797,10.875,uav_2,4.797,False,False,False,False,False,1,"[{""id"": ""obstacle_0"", ""kind"": ""static_obstacle"", ""x"": 50.0, ""y"": 50.0, ""radius"": 5.0}]"
sudden_target_appearance,206,41.2,1,58.234,39.333,90.0,94.0,50.0,50.0,50.314,50.189,false_positive+position_noise+confidence_error,0.633,trust_weighted_fusion,avoidance,fixed,0.5,,4,1,63.226,4.951,8.475,uav_0,4.951,False,False,False,False,False,1,"[{""id"": ""obstacle_0"", ""kind"": ""static_obstacle"", ""x"": 50.0, ""y"": 50.0, ""radius"": 5.0}]"
sudden_target_appearance,206,41.2,2,66.722,43.795,86.0,90.0,50.0,50.0,50.314,50.189,position_noise+confidence_error,0.633,trust_weighted_fusion,avoidance,fixed,0.5,,4,0,50.065,4.797,12.836,uav_0,4.797,False,False,False,False,False,1,"[{""id"": ""obstacle_0"", ""kind"": ""static_obstacle"", ""x"": 50.0, ""y"": 50.0, ""radius"": 5.0}]"
sudden_target_appearance,206,41.2,3,72.546,52.753,90.0,86.0,50.0,50.0,,,position_noise+confidence_error,,trust_weighted_fusion,move,fixed,0.5,,1,0,37.55,10.684,17.713,uav_2,10.684,False,False,False,False,False,1,"[{""id"": ""obstacle_0"", ""kind"": ""static_obstacle"", ""x"": 50.0, ""y"": 50.0, ""radius"": 5.0}]"
sudden_target_appearance,207,41.4,0,63.288,40.997,94.0,90.0,50.0,50.0,50.485,49.416,false_positive+position_noise+confidence_error,0.452,trust_weighted_fusion,avoidance,fixed,0.5,,4,1,57.832,4.801,11.05,uav_2,4.801,False,False,False,False,False,1,"[{""id"": ""obstacle_0"", ""kind"": ""static_obstacle"", ""x"": 50.0, ""y"": 50.0, ""radius"": 5.0}]"
sudden_target_appearance,207,41.4,1,58.585,39.465,90.0,94.0,50.0,50.0,50.485,49.416,position_noise+confidence_error,0.452,trust_weighted_fusion,avoidance,fixed,0.5,,3,0,62.936,4.946,8.59,uav_0,4.946,False,False,False,False,False,1,"[{""id"": ""obstacle_0"", ""kind"": ""static_obstacle"", ""x"": 50.0, ""y"": 50.0, ""radius"": 5.0}]"
sudden_target_appearance,207,41.4,2,66.975,44.072,86.0,90.0,50.0,50.0,50.485,49.416,position_noise+confidence_error,0.452,trust_weighted_fusion,avoidance,fixed,0.5,,4,0,49.713,4.801,12.98,uav_0,4.801,False,False,False,False,False,1,"[{""id"": ""obstacle_0"", ""kind"": ""static_obstacle"", ""x"": 50.0, ""y"": 50.0, ""radius"": 5.0}]"
sudden_target_appearance,207,41.4,3,72.72,53.085,90.0,86.0,50.0,50.0,,,position_noise+confidence_error,,trust_weighted_fusion,move,fixed,0.5,,1,0,37.175,10.688,17.929,uav_2,10.688,False,False,False,False,False,1,"[{""id"": ""obstacle_0"", ""kind"": ""static_obstacle"", ""x"": 50.0, ""y"": 50.0, ""radius"": 5.0}]"
sudden_target_appearance,208,41.6,0,63.552,41.264,94.0,90.0,50.0,50.0,50.028,49.76,false_positive+position_noise+confidence_error,0.383,trust_weighted_fusion,avoidance,fixed,0.5,,4,1,57.466,4.766,11.124,uav_2,4.766,False,False,False,False,False,1,"[{""id"": ""obstacle_0"", ""kind"": ""static_obstacle"", ""x"": 50.0, ""y"": 50.0, ""radius"": 5.0}]"
sudden_target_appearance,208,41.6,1,58.928,39.616,90.0,94.0,50.0,50.0,50.028,49.76,position_noise+confidence_error,0.383,trust_weighted_fusion,avoidance,fixed,0.5,,3,0,62.634,4.908,8.694,uav_0,4.908,False,False,False,False,False,1,"[{""id"": ""obstacle_0"", ""kind"": ""static_obstacle"", ""x"": 50.0, ""y"": 50.0, ""radius"": 5.0}]"
sudden_target_appearance,208,41.6,2,67.34,44.156,86.0,90.0,50.0,50.0,50.028,49.76,false_positive+position_noise+confidence_error,0.383,trust_weighted_fusion,avoidance,fixed,0.5,,5,1,49.496,4.766,13.299,uav_0,4.766,False,False,False,False,False,1,"[{""id"": ""obstacle_0"", ""kind"": ""static_obstacle"", ""x"": 50.0, ""y"": 50.0, ""radius"": 5.0}]"
sudden_target_appearance,208,41.6,3,72.895,53.417,90.0,86.0,50.0,50.0,,,position_noise+confidence_error,,trust_weighted_fusion,move,fixed,0.5,,1,0,36.8,10.799,18.148,uav_2,10.799,False,False,False,False,False,1,"[{""id"": ""obstacle_0"", ""kind"": ""static_obstacle"", ""x"": 50.0, ""y"": 50.0, ""radius"": 5.0}]"
sudden_target_appearance,209,41.8,0,63.18,41.212,94.0,90.0,50.0,50.0,50.152,50.421,false_positive+position_noise+confidence_error,0.502,trust_weighted_fusion,avoidance,fixed,0.5,,4,1,57.707,4.503,10.842,uav_1,4.503,False,False,False,False,False,1,"[{""id"": ""obstacle_0"", ""kind"": ""static_obstacle"", ""x"": 50.0, ""y"": 50.0, ""radius"": 5.0}]"
sudden_target_appearance,209,41.8,1,59.109,39.288,90.0,94.0,50.0,50.0,50.152,50.421,false_positive+position_noise+confidence_error,0.502,trust_weighted_fusion,avoidance,fixed,0.5,,4,1,62.831,4.503,9.061,uav_0,4.503,False,False,False,False,False,1,"[{""id"": ""obstacle_0"", ""kind"": ""static_obstacle"", ""x"": 50.0, ""y"": 50.0, ""radius"": 5.0}]"
sudden_target_appearance,209,41.8,2,67.587,44.438,86.0,90.0,50.0,50.0,50.152,50.421,position_noise+confidence_error,0.502,trust_weighted_fusion,avoidance,fixed,0.5,,4,0,49.142,5.462,13.445,uav_0,5.462,False,False,False,False,False,1,"[{""id"": ""obstacle_0"", ""kind"": ""static_obstacle"", ""x"": 50.0, ""y"": 50.0, ""radius"": 5.0}]"
sudden_target_appearance,209,41.8,3,73.217,53.608,90.0,86.0,50.0,50.0,,,false_positive+position_noise+confidence_error,,trust_weighted_fusion,false_avoidance,fixed,0.5,,2,1,36.481,10.76,18.496,uav_2,10.76,False,True,False,False,False,1,"[{""id"": ""obstacle_0"", ""kind"": ""static_obstacle"", ""x"": 50.0, ""y"": 50.0, ""radius"": 5.0}]"
sudden_target_appearance,210,42.0,0,63.49,41.423,94.0,90.0,50.0,50.0,50.052,49.953,position_noise+confidence_error,0.587,trust_weighted_fusion,avoidance,fixed,0.5,,3,0,57.363,4.499,10.985,uav_1,4.499,False,False,False,False,False,1,"[{""id"": ""obstacle_0"", ""kind"": ""static_obstacle"", ""x"": 50.0, ""y"": 50.0, ""radius"": 5.0}]"
sudden_target_appearance,210,42.0,1,59.446,39.452,90.0,94.0,50.0,50.0,50.052,49.953,position_noise+confidence_error,0.587,trust_weighted_fusion,avoidance,fixed,0.5,,3,0,62.523,4.499,9.159,uav_0,4.499,False,False,False,False,False,1,"[{""id"": ""obstacle_0"", ""kind"": ""static_obstacle"", ""x"": 50.0, ""y"": 50.0, ""radius"": 5.0}]"
sudden_target_appearance,210,42.0,2,67.828,44.725,86.0,90.0,50.0,50.0,50.052,49.953,position_noise+confidence_error,0.587,trust_weighted_fusion,avoidance,fixed,0.5,,4,0,48.785,5.452,13.592,uav_0,5.452,False,False,False,False,False,1,"[{""id"": ""obstacle_0"", ""kind"": ""static_obstacle"", ""x"": 50.0, ""y"": 50.0, ""radius"": 5.0}]"
sudden_target_appearance,210,42.0,3,73.585,53.536,90.0,86.0,50.0,50.0,,,false_positive+position_noise+confidence_error,,trust_weighted_fusion,false_avoidance,fixed,0.5,,2,1,36.378,10.524,18.848,uav_2,10.524,False,True,False,False,False,1,"[{""id"": ""obstacle_0"", ""kind"": ""static_obstacle"", ""x"": 50.0, ""y"": 50.0, ""radius"": 5.0}]"
sudden_target_appearance,211,42.2,0,63.795,41.641,94.0,90.0,50.0,50.0,49.954,49.778,position_noise+confidence_error,0.366,trust_weighted_fusion,avoidance,fixed,0.5,,3,0,57.017,4.693,11.13,uav_1,4.693,False,False,False,False,False,1,"[{""id"": ""obstacle_0"", ""kind"": ""static_obstacle"", ""x"": 50.0, ""y"": 50.0, ""radius"": 5.0}]"
sudden_target_appearance,211,42.2,1,59.76,39.246,90.0,94.0,50.0,50.0,49.954,49.778,false_positive+position_noise+confidence_error,0.366,trust_weighted_fusion,avoidance,fixed,0.5,,4,1,62.55,4.693,9.522,uav_0,4.693,False,False,False,False,False,1,"[{""id"": ""obstacle_0"", ""kind"": ""static_obstacle"", ""x"": 50.0, ""y"": 50.0, ""radius"": 5.0}]"
sudden_target_appearance,211,42.2,2,68.066,45.016,86.0,90.0,50.0,50.0,49.954,49.778,position_noise+confidence_error,0.366,trust_weighted_fusion,avoidance,fixed,0.5,,4,0,48.428,5.443,13.741,uav_0,5.443,False,False,False,False,False,1,"[{""id"": ""obstacle_0"", ""kind"": ""static_obstacle"", ""x"": 50.0, ""y"": 50.0, ""radius"": 5.0}]"
sudden_target_appearance,211,42.2,3,73.496,53.9,90.0,86.0,50.0,50.0,,,false_positive+position_noise+confidence_error,,trust_weighted_fusion,false_avoidance,fixed,0.5,,2,1,36.094,10.413,18.817,uav_2,10.413,False,True,False,False,False,1,"[{""id"": ""obstacle_0"", ""kind"": ""static_obstacle"", ""x"": 50.0, ""y"": 50.0, ""radius"": 5.0}]"
sudden_target_appearance,212,42.4,0,64.098,41.862,94.0,90.0,50.0,50.0,49.836,50.275,position_noise+confidence_error,0.392,trust_weighted_fusion,avoidance,fixed,0.5,,3,0,56.669,4.691,11.278,uav_1,4.691,False,False,False,False,False,1,"[{""id"": ""obstacle_0"", ""kind"": ""static_obstacle"", ""x"": 50.0, ""y"": 50.0, ""radius"": 5.0}]"
sudden_target_appearance,212,42.4,1,60.087,39.428,90.0,94.0,50.0,50.0,49.836,50.275,position_noise+confidence_error,0.392,trust_weighted_fusion,avoidance,fixed,0.5,,3,0,62.232,4.691,9.612,uav_0,4.691,False,False,False,False,False,1,"[{""id"": ""obstacle_0"", ""kind"": ""static_obstacle"", ""x"": 50.0, ""y"": 50.0, ""radius"": 5.0}]"
sudden_target_appearance,212,42.4,2,68.427,44.916,86.0,90.0,50.0,50.0,49.836,50.275,false_positive+position_noise+confidence_error,0.392,trust_weighted_fusion,avoidance,fixed,0.5,,5,1,48.388,5.298,14.116,uav_0,5.298,False,False,False,False,False,1,"[{""id"": ""obstacle_0"", ""kind"": ""static_obstacle"", ""x"": 50.0, ""y"": 50.0, ""radius"": 5.0}]"
sudden_target_appearance,212,42.4,3,73.667,54.234,90.0,86.0,50.0,50.0,,,position_noise+confidence_error,,trust_weighted_fusion,move,fixed,0.5,,1,0,35.719,10.69,19.043,uav_2,10.69,False,False,False,False,False,1,"[{""id"": ""obstacle_0"", ""kind"": ""static_obstacle"", ""x"": 50.0, ""y"": 50.0, ""radius"": 5.0}]"
sudden_target_appearance,213,42.6,0,64.396,42.09,94.0,90.0,50.0,50.0,49.61,49.975,position_noise+confidence_error,0.502,trust_weighted_fusion,avoidance,fixed,0.5,,3,0,56.318,4.69,11.426,uav_1,4.69,False,False,False,False,False,1,"[{""id"": ""obstacle_0"", ""kind"": ""static_obstacle"", ""x"": 50.0, ""y"": 50.0, ""radius"": 5.0}]"
sudden_target_appearance,213,42.6,1,60.411,39.618,90.0,94.0,50.0,50.0,49.61,49.975,position_noise+confidence_error,0.502,trust_weighted_fusion,avoidance,fixed,0.5,,3,0,61.911,4.69,9.703,uav_0,4.69,False,False,False,False,False,1,"[{""id"": ""obstacle_0"", ""kind"": ""static_obstacle"", ""x"": 50.0, ""y"": 50.0, ""radius"": 5.0}]"
sudden_target_appearance,213,42.6,2,68.657,45.212,86.0,90.0,50.0,50.0,49.61,49.975,position_noise+confidence_error,0.502,trust_weighted_fusion,avoidance,fixed,0.5,,4,0,48.028,5.283,14.262,uav_0,5.283,False,False,False,False,False,1,"[{""id"": ""obstacle_0"", ""kind"": ""static_obstacle"", ""x"": 50.0, ""y"": 50.0, ""radius"": 5.0}]"
sudden_target_appearance,213,42.6,3,73.839,54.567,90.0,86.0,50.0,50.0,,,position_noise+confidence_error,,trust_weighted_fusion,move,fixed,0.5,,1,0,35.344,10.694,19.272,uav_2,10.694,False,False,False,False,False,1,"[{""id"": ""obstacle_0"", ""kind"": ""static_obstacle"", ""x"": 50.0, ""y"": 50.0, ""radius"": 5.0}]"
sudden_target_appearance,214,42.8,0,64.691,42.322,94.0,90.0,50.0,50.0,49.712,49.753,position_noise+confidence_error,0.471,trust_weighted_fusion,avoidance,fixed,0.5,,3,0,55.967,4.721,11.576,uav_1,4.721,False,False,False,False,False,1,"[{""id"": ""obstacle_0"", ""kind"": ""static_obstacle"", ""x"": 50.0, ""y"": 50.0, ""radius"": 5.0}]"
sudden_target_appearance,214,42.8,1,60.621,39.928,90.0,94.0,50.0,50.0,49.712,49.753,false_positive+position_noise+confidence_error,0.471,trust_weighted_fusion,avoidance,fixed,0.5,,4,1,61.537,4.721,9.637,uav_0,4.721,False,False,False,False,False,1,"[{""id"": ""obstacle_0"", ""kind"": ""static_obstacle"", ""x"": 50.0, ""y"": 50.0, ""radius"": 5.0}]"
sudden_target_appearance,214,42.8,2,68.884,45.511,86.0,90.0,50.0,50.0,49.712,49.753,position_noise+confidence_error,0.471,trust_weighted_fusion,avoidance,fixed,0.5,,4,0,47.668,5.268,14.411,uav_0,5.268,False,False,False,False,False,1,"[{""id"": ""obstacle_0"", ""kind"": ""static_obstacle"", ""x"": 50.0, ""y"": 50.0, ""radius"": 5.0}]"
sudden_target_appearance,214,42.8,3,74.01,54.901,90.0,86.0,50.0,50.0,,,position_noise+confidence_error,,trust_weighted_fusion,move,fixed,0.5,,1,0,34.969,10.698,19.505,uav_2,10.698,False,False,False,False,False,1,"[{""id"": ""obstacle_0"", ""kind"": ""static_obstacle"", ""x"": 50.0, ""y"": 50.0, ""radius"": 5.0}]"
sudden_target_appearance,215,43.0,0,64.987,42.551,94.0,90.0,50.0,50.0,50.425,49.493,position_noise+confidence_error,0.436,trust_weighted_fusion,avoidance,fixed,0.5,,3,0,55.616,4.719,11.736,uav_1,4.719,False,False,False,False,False,1,"[{""id"": ""obstacle_0"", ""kind"": ""static_obstacle"", ""x"": 50.0, ""y"": 50.0, ""radius"": 5.0}]"
sudden_target_appearance,215,43.0,1,60.948,40.112,90.0,94.0,50.0,50.0,50.425,49.493,position_noise+confidence_error,0.436,trust_weighted_fusion,avoidance,fixed,0.5,,3,0,61.22,4.719,9.753,uav_0,4.719,False,False,False,False,False,1,"[{""id"": ""obstacle_0"", ""kind"": ""static_obstacle"", ""x"": 50.0, ""y"": 50.0, ""radius"": 5.0}]"
sudden_target_appearance,215,43.0,2,69.111,45.809,86.0,90.0,50.0,50.0,50.425,49.493,position_noise+confidence_error,0.436,trust_weighted_fusion,avoidance,fixed,0.5,,4,0,47.308,5.256,14.565,uav_0,5.256,False,False,False,False,False,1,"[{""id"": ""obstacle_0"", ""kind"": ""static_obstacle"", ""x"": 50.0, ""y"": 50.0, ""radius"": 5.0}]"
sudden_target_appearance,215,43.0,3,74.182,55.234,90.0,86.0,50.0,50.0,,,position_noise+confidence_error,,trust_weighted_fusion,move,fixed,0.5,,1,0,34.594,10.702,19.742,uav_2,10.702,False,False,False,False,False,1,"[{""id"": ""obstacle_0"", ""kind"": ""static_obstacle"", ""x"": 50.0, ""y"": 50.0, ""radius"": 5.0}]"
sudden_target_appearance,216,43.2,0,65.28,42.785,94.0,90.0,50.0,50.0,50.069,50.262,position_noise+confidence_error,0.31,trust_weighted_fusion,avoidance,fixed,0.5,,3,0,55.263,4.716,11.898,uav_1,4.716,False,False,False,False,False,1,"[{""id"": ""obstacle_0"", ""kind"": ""static_obstacle"", ""x"": 50.0, ""y"": 50.0, ""radius"": 5.0}]"
sudden_target_appearance,216,43.2,1,61.268,40.308,90.0,94.0,50.0,50.0,50.069,50.262,position_noise+confidence_error,0.31,trust_weighted_fusion,avoidance,fixed,0.5,,3,0,60.897,4.716,9.863,uav_0,4.716,False,False,False,False,False,1,"[{""id"": ""obstacle_0"", ""kind"": ""static_obstacle"", ""x"": 50.0, ""y"": 50.0, ""radius"": 5.0}]"
sudden_target_appearance,216,43.2,2,69.337,46.109,86.0,90.0,50.0,50.0,50.069,50.262,position_noise+confidence_error,0.31,trust_weighted_fusion,avoidance,fixed,0.5,,4,0,46.948,5.244,14.724,uav_0,5.244,False,False,False,False,False,1,"[{""id"": ""obstacle_0"", ""kind"": ""static_obstacle"", ""x"": 50.0, ""y"": 50.0, ""radius"": 5.0}]"
sudden_target_appearance,216,43.2,3,74.353,55.568,90.0,86.0,50.0,50.0,,,position_noise+confidence_error,,trust_weighted_fusion,move,fixed,0.5,,1,0,34.219,10.707,19.981,uav_2,10.707,False,False,False,False,False,1,"[{""id"": ""obstacle_0"", ""kind"": ""static_obstacle"", ""x"": 50.0, ""y"": 50.0, ""radius"": 5.0}]"
sudden_target_appearance,217,43.4,0,65.569,43.024,94.0,90.0,50.0,50.0,49.917,50.194,position_noise+confidence_error,0.343,trust_weighted_fusion,avoidance,fixed,0.5,,3,0,54.909,5.233,12.061,uav_2,5.233,False,False,False,False,False,1,"[{""id"": ""obstacle_0"", ""kind"": ""static_obstacle"", ""x"": 50.0, ""y"": 50.0, ""radius"": 5.0}]"
sudden_target_appearance,217,43.4,1,61.058,39.997,90.0,94.0,50.0,50.0,49.917,50.194,false_positive+position_noise+confidence_error,0.343,trust_weighted_fusion,avoidance,fixed,0.5,,4,1,61.27,5.433,9.911,uav_0,5.433,False,False,False,False,False,1,"[{""id"": ""obstacle_0"", ""kind"": ""static_obstacle"", ""x"": 50.0, ""y"": 50.0, ""radius"": 5.0}]"
sudden_target_appearance,217,43.4,2,69.558,46.411,86.0,90.0,50.0,50.0,49.917,50.194,position_noise+confidence_error,0.343,trust_weighted_fusion,avoidance,fixed,0.5,,4,0,46.586,5.233,14.885,uav_0,5.233,False,False,False,False,False,1,"[{""id"": ""obstacle_0"", ""kind"": ""static_obstacle"", ""x"": 50.0, ""y"": 50.0, ""radius"": 5.0}]"
sudden_target_appearance,217,43.4,3,74.525,55.901,90.0,86.0,50.0,50.0,,,position_noise+confidence_error,,trust_weighted_fusion,move,fixed,0.5,,1,0,33.844,10.711,20.225,uav_2,10.711,False,False,False,False,False,1,"[{""id"": ""obstacle_0"", ""kind"": ""static_obstacle"", ""x"": 50.0, ""y"": 50.0, ""radius"": 5.0}]"
sudden_target_appearance,218,43.6,0,65.86,43.261,94.0,90.0,50.0,50.0,50.417,50.71,position_noise+confidence_error,0.299,trust_weighted_fusion,avoidance,fixed,0.5,,3,0,54.556,5.224,12.232,uav_2,5.224,False,False,False,False,False,1,"[{""id"": ""obstacle_0"", ""kind"": ""static_obstacle"", ""x"": 50.0, ""y"": 50.0, ""radius"": 5.0}]"
sudden_target_appearance,218,43.6,1,61.379,40.191,90.0,94.0,50.0,50.0,50.417,50.71,position_noise+confidence_error,0.299,trust_weighted_fusion,avoidance,fixed,0.5,,3,0,60.947,5.432,10.023,uav_0,5.432,False,False,False,False,False,1,"[{""id"": ""obstacle_0"", ""kind"": ""static_obstacle"", ""x"": 50.0, ""y"": 50.0, ""radius"": 5.0}]"
sudden_target_appearance,218,43.6,2,69.782,46.713,86.0,90.0,50.0,50.0,50.417,50.71,position_noise+confidence_error,0.299,trust_weighted_fusion,avoidance,fixed,0.5,,4,0,46.226,5.224,15.053,uav_0,5.224,False,False,False,False,False,1,"[{""id"": ""obstacle_0"", ""kind"": ""static_obstacle"", ""x"": 50.0, ""y"": 50.0, ""radius"": 5.0}]"
sudden_target_appearance,218,43.6,3,74.696,56.235,90.0,86.0,50.0,50.0,,,position_noise+confidence_error,,trust_weighted_fusion,move,fixed,0.5,,1,0,33.469,10.716,20.471,uav_2,10.716,False,False,False,False,False,1,"[{""id"": ""obstacle_0"", ""kind"": ""static_obstacle"", ""x"": 50.0, ""y"": 50.0, ""radius"": 5.0}]"
sudden_target_appearance,219,43.8,0,66.141,43.51,94.0,90.0,50.0,50.0,49.502,50.133,position_noise+confidence_error,0.259,trust_weighted_fusion,avoidance,fixed,0.5,,3,0,54.199,5.183,12.397,uav_2,5.183,False,False,False,False,False,1,"[{""id"": ""obstacle_0"", ""kind"": ""static_obstacle"", ""x"": 50.0, ""y"": 50.0, ""radius"": 5.0}]"
sudden_target_appearance,219,43.8,1,61.689,40.402,90.0,94.0,50.0,50.0,49.502,50.133,position_noise+confidence_error,0.259,trust_weighted_fusion,avoidance,fixed,0.5,,3,0,60.616,5.429,10.125,uav_0,5.429,False,False,False,False,False,1,"[{""id"": ""obstacle_0"", ""kind"": ""static_obstacle"", ""x"": 50.0, ""y"": 50.0, ""radius"": 5.0}]"
sudden_target_appearance,219,43.8,2,69.913,47.064,86.0,90.0,50.0,50.0,,,position_noise+confidence_error,,trust_weighted_fusion,move,fixed,0.5,,3,0,45.851,5.183,15.129,uav_0,5.183,False,False,False,False,False,1,"[{""id"": ""obstacle_0"", ""kind"": ""static_obstacle"", ""x"": 50.0, ""y"": 50.0, ""radius"": 5.0}]"
sudden_target_appearance,219,43.8,3,74.863,56.57,90.0,86.0,50.0,50.0,,,false_positive+position_noise+confidence_error,,trust_weighted_fusion,false_avoidance,fixed,0.5,,2,1,33.094,10.718,20.717,uav_2,10.718,False,True,False,False,False,1,"[{""id"": ""obstacle_0"", ""kind"": ""static_obstacle"", ""x"": 50.0, ""y"": 50.0, ""radius"": 5.0}]"
sudden_target_appearance,220,44.0,0,66.422,43.758,94.0,90.0,50.0,50.0,50.038,50.128,position_noise+confidence_error,0.441,trust_weighted_fusion,avoidance,fixed,0.5,,3,0,53.841,5.148,12.568,uav_2,5.148,False,False,False,False,False,1,"[{""id"": ""obstacle_0"", ""kind"": ""static_obstacle"", ""x"": 50.0, ""y"": 50.0, ""radius"": 5.0}]"
sudden_target_appearance,220,44.0,1,62.001,40.609,90.0,94.0,50.0,50.0,50.038,50.128,position_noise+confidence_error,0.441,trust_weighted_fusion,avoidance,fixed,0.5,,3,0,60.287,5.427,10.239,uav_0,5.427,False,False,False,False,False,1,"[{""id"": ""obstacle_0"", ""kind"": ""static_obstacle"", ""x"": 50.0, ""y"": 50.0, ""radius"": 5.0}]"
sudden_target_appearance,220,44.0,2,70.045,47.415,86.0,90.0,50.0,50.0,,,position_noise+confidence_error,,trust_weighted_fusion,move,fixed,0.5,,3,0,45.476,5.148,15.211,uav_0,5.148,False,False,False,False,False,1,"[{""id"": ""obstacle_0"", ""kind"": ""static_obstacle"", ""x"": 50.0, ""y"": 50.0, ""radius"": 5.0}]"
sudden_target_appearance,220,44.0,3,75.035,56.904,90.0,86.0,50.0,50.0,,,position_noise+confidence_error,,trust_weighted_fusion,move,fixed,0.5,,1,0,32.719,10.721,20.969,uav_2,10.721,False,False,False,False,False,1,"[{""id"": ""obstacle_0"", ""kind"": ""static_obstacle"", ""x"": 50.0, ""y"": 50.0, ""radius"": 5.0}]"
sudden_target_appearance,221,44.2,0,66.751,43.938,94.0,90.0,50.0,50.0,49.216,49.833,false_positive+position_noise+confidence_error,0.349,trust_weighted_fusion,avoidance,fixed,0.5,,4,1,53.518,5.137,12.814,uav_2,5.137,False,False,False,False,False,1,"[{""id"": ""obstacle_0"", ""kind"": ""static_obstacle"", ""x"": 50.0, ""y"": 50.0, ""radius"": 5.0}]"
sudden_target_appearance,221,44.2,1,62.303,40.832,90.0,94.0,50.0,50.0,49.216,49.833,position_noise+confidence_error,0.349,trust_weighted_fusion,avoidance,fixed,0.5,,3,0,59.95,5.425,10.344,uav_0,5.425,False,False,False,False,False,1,"[{""id"": ""obstacle_0"", ""kind"": ""static_obstacle"", ""x"": 50.0, ""y"": 50.0, ""radius"": 5.0}]"
sudden_target_appearance,221,44.2,2,70.176,47.766,86.0,90.0,50.0,50.0,,,position_noise+confidence_error,,trust_weighted_fusion,move,fixed,0.5,,3,0,45.101,5.137,15.3,uav_0,5.137,False,False,False,False,False,1,"[{""id"": ""obstacle_0"", ""kind"": ""static_obstacle"", ""x"": 50.0, ""y"": 50.0, ""radius"": 5.0}]"
sudden_target_appearance,221,44.2,3,75.347,56.697,90.0,86.0,50.0,50.0,,,false_positive+position_noise+confidence_error,,trust_weighted_fusion,false_avoidance,fixed,0.5,,2,1,32.763,10.32,21.217,uav_2,10.32,False,True,False,False,False,1,"[{""id"": ""obstacle_0"", ""kind"": ""static_obstacle"", ""x"": 50.0, ""y"": 50.0, ""radius"": 5.0}]"
sudden_target_appearance,222,44.4,0,67.024,44.195,94.0,90.0,50.0,50.0,49.603,50.293,position_noise+confidence_error,0.501,trust_weighted_fusion,avoidance,fixed,0.5,,3,0,53.158,5.115,12.987,uav_2,5.115,False,False,False,False,False,1,"[{""id"": ""obstacle_0"", ""kind"": ""static_obstacle"", ""x"": 50.0, ""y"": 50.0, ""radius"": 5.0}]"
sudden_target_appearance,222,44.4,1,62.606,41.054,90.0,94.0,50.0,50.0,49.603,50.293,position_noise+confidence_error,0.501,trust_weighted_fusion,avoidance,fixed,0.5,,3,0,59.613,5.421,10.458,uav_0,5.421,False,False,False,False,False,1,"[{""id"": ""obstacle_0"", ""kind"": ""static_obstacle"", ""x"": 50.0, ""y"": 50.0, ""radius"": 5.0}]"
sudden_target_appearance,222,44.4,2,70.308,48.117,86.0,90.0,50.0,50.0,,,position_noise+confidence_error,,trust_weighted_fusion,move,fixed,0.5,,3,0,44.726,5.115,15.395,uav_0,5.115,False,False,False,False,False,1,"[{""id"": ""obstacle_0"", ""kind"": ""static_obstacle"", ""x"": 50.0, ""y"": 50.0, ""radius"": 5.0}]"
sudden_target_appearance,222,44.4,3,75.515,57.032,90.0,86.0,50.0,50.0,,,position_noise+confidence_error,,trust_weighted_fusion,move,fixed,0.5,,1,0,32.388,10.324,21.466,uav_2,10.324,False,False,False,False,False,1,"[{""id"": ""obstacle_0"", ""kind"": ""static_obstacle"", ""x"": 50.0, ""y"": 50.0, ""radius"": 5.0}]"
sudden_target_appearance,223,44.6,0,67.295,44.454,94.0,90.0,50.0,50.0,49.57,50.184,position_noise+confidence_error,0.407,trust_weighted_fusion,avoidance,fixed,0.5,,3,0,52.797,5.099,13.162,uav_2,5.099,False,False,False,False,False,1,"[{""id"": ""obstacle_0"", ""kind"": ""static_obstacle"", ""x"": 50.0, ""y"": 50.0, ""radius"": 5.0}]"
sudden_target_appearance,223,44.6,1,62.905,41.28,90.0,94.0,50.0,50.0,49.57,50.184,position_noise+confidence_error,0.407,trust_weighted_fusion,avoidance,fixed,0.5,,3,0,59.275,5.418,10.574,uav_0,5.418,False,False,False,False,False,1,"[{""id"": ""obstacle_0"", ""kind"": ""static_obstacle"", ""x"": 50.0, ""y"": 50.0, ""radius"": 5.0}]"
sudden_target_appearance,223,44.6,2,70.44,48.468,86.0,90.0,50.0,50.0,,,position_noise+confidence_error,,trust_weighted_fusion,move,fixed,0.5,,3,0,44.351,5.099,15.497,uav_0,5.099,False,False,False,False,False,1,"[{""id"": ""obstacle_0"", ""kind"": ""static_obstacle"", ""x"": 50.0, ""y"": 50.0, ""radius"": 5.0}]"
sudden_target_appearance,223,44.6,3,75.683,57.367,90.0,86.0,50.0,50.0,,,position_noise+confidence_error,,trust_weighted_fusion,move,fixed,0.5,,1,0,32.013,10.329,21.719,uav_2,10.329,False,False,False,False,False,1,"[{""id"": ""obstacle_0"", ""kind"": ""static_obstacle"", ""x"": 50.0, ""y"": 50.0, ""radius"": 5.0}]"
sudden_target_appearance,224,44.8,0,67.567,44.712,94.0,90.0,50.0,50.0,50.232,50.439,position_noise+confidence_error,0.344,trust_weighted_fusion,avoidance,fixed,0.5,,3,0,52.437,5.089,13.346,uav_2,5.089,False,False,False,False,False,1,"[{""id"": ""obstacle_0"", ""kind"": ""static_obstacle"", ""x"": 50.0, ""y"": 50.0, ""radius"": 5.0}]"
sudden_target_appearance,224,44.8,1,63.206,41.503,90.0,94.0,50.0,50.0,50.232,50.439,position_noise+confidence_error,0.344,trust_weighted_fusion,avoidance,fixed,0.5,,3,0,58.939,5.415,10.704,uav_0,5.415,False,False,False,False,False,1,"[{""id"": ""obstacle_0"", ""kind"": ""static_obstacle"", ""x"": 50.0, ""y"": 50.0, ""radius"": 5.0}]"
sudden_target_appearance,224,44.8,2,70.571,48.82,86.0,90.0,50.0,50.0,,,position_noise+confidence_error,,trust_weighted_fusion,move,fixed,0.5,,3,0,43.976,5.089,15.605,uav_0,5.089,False,False,False,False,False,1,"[{""id"": ""obstacle_0"", ""kind"": ""static_obstacle"", ""x"": 50.0, ""y"": 50.0, ""radius"": 5.0}]"
sudden_target_appearance,224,44.8,3,75.851,57.703,90.0,86.0,50.0,50.0,,,position_noise+confidence_error,,trust_weighted_fusion,move,fixed,0.5,,1,0,31.638,10.334,21.974,uav_2,10.334,False,False,False,False,False,1,"[{""id"": ""obstacle_0"", ""kind"": ""static_obstacle"", ""x"": 50.0, ""y"": 50.0, ""radius"": 5.0}]"
sudden_target_appearance,225,45.0,0,67.832,44.978,94.0,90.0,50.0,50.0,49.764,49.573,position_noise+confidence_error,0.484,trust_weighted_fusion,avoidance,fixed,0.5,,3,0,52.074,5.081,13.525,uav_2,5.081,False,False,False,False,False,1,"[{""id"": ""obstacle_0"", ""kind"": ""static_obstacle"", ""x"": 50.0, ""y"": 50.0, ""radius"": 5.0}]"
sudden_target_appearance,225,45.0,1,63.557,41.636,90.0,94.0,50.0,50.0,49.764,49.573,false_positive+position_noise+confidence_error,0.484,trust_weighted_fusion,avoidance,fixed,0.5,,4,1,58.662,5.426,10.929,uav_0,5.426,False,False,False,False,False,1,"[{""id"": ""obstacle_0"", ""kind"": ""static_obstacle"", ""x"": 50.0, ""y"": 50.0, ""radius"": 5.0}]"
sudden_target_appearance,225,45.0,2,70.703,49.171,86.0,90.0,50.0,50.0,,,position_noise+confidence_error,,trust_weighted_fusion,move,fixed,0.5,,3,0,43.601,5.081,15.719,uav_0,5.081,False,False,False,False,False,1,"[{""id"": ""obstacle_0"", ""kind"": ""static_obstacle"", ""x"": 50.0, ""y"": 50.0, ""radius"": 5.0}]"
sudden_target_appearance,225,45.0,3,76.018,58.038,90.0,86.0,50.0,50.0,,,position_noise+confidence_error,,trust_weighted_fusion,move,fixed,0.5,,1,0,31.263,10.339,22.232,uav_2,10.339,False,False,False,False,False,1,"[{""id"": ""obstacle_0"", ""kind"": ""static_obstacle"", ""x"": 50.0, ""y"": 50.0, ""radius"": 5.0}]"
sudden_target_appearance,226,45.2,0,68.096,45.244,94.0,90.0,50.0,50.0,50.302,49.711,position_noise+confidence_error,0.528,trust_weighted_fusion,avoidance,fixed,0.5,,3,0,51.712,4.844,13.711,uav_2,4.844,False,False,False,False,False,1,"[{""id"": ""obstacle_0"", ""kind"": ""static_obstacle"", ""x"": 50.0, ""y"": 50.0, ""radius"": 5.0}]"
sudden_target_appearance,226,45.2,1,63.851,41.868,90.0,94.0,50.0,50.0,50.302,49.711,position_noise+confidence_error,0.528,trust_weighted_fusion,avoidance,fixed,0.5,,3,0,58.322,5.424,11.062,uav_0,5.424,False,False,False,False,False,1,"[{""id"": ""obstacle_0"", ""kind"": ""static_obstacle"", ""x"": 50.0, ""y"": 50.0, ""radius"": 5.0}]"
sudden_target_appearance,226,45.2,2,70.471,49.466,86.0,90.0,50.0,50.0,,,false_positive+position_noise+confidence_error,,trust_weighted_fusion,false_avoidance,fixed,0.5,,4,1,43.407,4.844,15.478,uav_0,4.844,False,True,False,False,False,1,"[{""id"": ""obstacle_0"", ""kind"": ""static_obstacle"", ""x"": 50.0, ""y"": 50.0, ""radius"": 5.0}]"
sudden_target_appearance,226,45.2,3,76.028,58.413,90.0,86.0,50.0,50.0,,,false_positive+position_noise+confidence_error,,trust_weighted_fusion,false_avoidance,fixed,0.5,,2,1,30.923,10.533,22.354,uav_2,10.533,False,True,False,False,False,1,"[{""id"": ""obstacle_0"", ""kind"": ""static_obstacle"", ""x"": 50.0, ""y"": 50.0, ""radius"": 5.0}]"
sudden_target_appearance,227,45.4,0,67.987,45.603,94.0,90.0,50.0,50.0,49.078,50.455,false_positive+position_noise+confidence_error,0.261,trust_weighted_fusion,avoidance,fixed,0.5,,4,1,51.457,4.96,13.517,uav_2,4.96,False,False,False,False,False,1,"[{""id"": ""obstacle_0"", ""kind"": ""static_obstacle"", ""x"": 50.0, ""y"": 50.0, ""radius"": 5.0}]"
sudden_target_appearance,227,45.4,1,63.735,41.511,90.0,94.0,50.0,50.0,49.078,50.455,false_positive+position_noise+confidence_error,0.261,trust_weighted_fusion,avoidance,fixed,0.5,,4,1,58.693,5.901,11.147,uav_0,5.901,False,False,False,False,False,1,"[{""id"": ""obstacle_0"", ""kind"": ""static_obstacle"", ""x"": 50.0, ""y"": 50.0, ""radius"": 5.0}]"
sudden_target_appearance,227,45.4,2,70.605,49.816,86.0,90.0,50.0,50.0,,,position_noise+confidence_error,,trust_weighted_fusion,move,fixed,0.5,,3,0,43.032,4.96,15.606,uav_0,4.96,False,False,False,False,False,1,"[{""id"": ""obstacle_0"", ""kind"": ""static_obstacle"", ""x"": 50.0, ""y"": 50.0, ""radius"": 5.0}]"
sudden_target_appearance,227,45.4,3,76.197,58.748,90.0,86.0,50.0,50.0,,,position_noise+confidence_error,,trust_weighted_fusion,move,fixed,0.5,,1,0,30.548,10.538,22.619,uav_2,10.538,False,False,False,False,False,1,"[{""id"": ""obstacle_0"", ""kind"": ""static_obstacle"", ""x"": 50.0, ""y"": 50.0, ""radius"": 5.0}]"
sudden_target_appearance,228,45.6,0,68.249,45.871,94.0,90.0,50.0,50.0,49.861,50.106,position_noise+confidence_error,0.303,trust_weighted_fusion,avoidance,fixed,0.5,,3,0,51.093,4.875,13.71,uav_2,4.875,False,False,False,False,False,1,"[{""id"": ""obstacle_0"", ""kind"": ""static_obstacle"", ""x"": 50.0, ""y"": 50.0, ""radius"": 5.0}]"
sudden_target_appearance,228,45.6,1,64.025,41.75,90.0,94.0,50.0,50.0,49.861,50.106,position_noise+confidence_error,0.303,trust_weighted_fusion,avoidance,fixed,0.5,,3,0,58.351,5.902,11.272,uav_0,5.902,False,False,False,False,False,1,"[{""id"": ""obstacle_0"", ""kind"": ""static_obstacle"", ""x"": 50.0, ""y"": 50.0, ""radius"": 5.0}]"
sudden_target_appearance,228,45.6,2,70.526,50.182,86.0,90.0,50.0,50.0,,,false_positive+position_noise+confidence_error,,trust_weighted_fusion,false_avoidance,fixed,0.5,,4,1,42.719,4.875,15.527,uav_0,4.875,False,True,False,False,False,1,"[{""id"": ""obstacle_0"", ""kind"": ""static_obstacle"", ""x"": 50.0, ""y"": 50.0, ""radius"": 5.0}]"
sudden_target_appearance,228,45.6,3,76.367,59.082,90.0,86.0,50.0,50.0,,,position_noise+confidence_error,,trust_weighted_fusion,move,fixed,0.5,,1,0,30.173,10.645,22.887,uav_2,10.645,False,False,False,False,False,1,"[{""id"": ""obstacle_0"", ""kind"": ""static_obstacle"", ""x"": 50.0, ""y"": 50.0, ""radius"": 5.0}]"
sudden_target_appearance,229,45.8,0,68.328,46.238,94.0,90.0,50.0,50.0,49.813,50.123,false_positive+position_noise+confidence_error,0.49,trust_weighted_fusion,avoidance,fixed,0.5,,4,1,50.736,4.836,13.71,uav_2,4.836,False,False,False,False,False,1,"[{""id"": ""obstacle_0"", ""kind"": ""static_obstacle"", ""x"": 50.0, ""y"": 50.0, ""radius"": 5.0}]"
sudden_target_appearance,229,45.8,1,64.311,41.992,90.0,94.0,50.0,50.0,49.813,50.123,position_noise+confidence_error,0.49,trust_weighted_fusion,avoidance,fixed,0.5,,3,0,58.006,5.845,11.399,uav_0,5.845,False,False,False,False,False,1,"[{""id"": ""obstacle_0"", ""kind"": ""static_obstacle"", ""x"": 50.0, ""y"": 50.0, ""radius"": 5.0}]"
sudden_target_appearance,229,45.8,2,70.856,50.361,86.0,90.0,50.0,50.0,,,false_positive+position_noise+confidence_error,,trust_weighted_fusion,false_avoidance,fixed,0.5,,4,1,42.434,4.836,15.859,uav_0,4.836,False,True,False,False,False,1,"[{""id"": ""obstacle_0"", ""kind"": ""static_obstacle"", ""x"": 50.0, ""y"": 50.0, ""radius"": 5.0}]"
sudden_target_appearance,229,45.8,3,76.536,59.417,90.0,86.0,50.0,50.0,,,position_noise+confidence_error,,trust_weighted_fusion,move,fixed,0.5,,1,0,29.798,10.69,23.158,uav_2,10.69,False,False,False,False,False,1,"[{""id"": ""obstacle_0"", ""kind"": ""static_obstacle"", ""x"": 50.0, ""y"": 50.0, ""radius"": 5.0}]"
sudden_target_appearance,230,46.0,0,68.587,46.509,94.0,90.0,50.0,50.0,50.264,49.902,position_noise+confidence_error,0.394,trust_weighted_fusion,avoidance,fixed,0.5,,3,0,50.371,4.84,13.912,uav_2,4.84,False,False,False,False,False,1,"[{""id"": ""obstacle_0"", ""kind"": ""static_obstacle"", ""x"": 50.0, ""y"": 50.0, ""radius"": 5.0}]"
sudden_target_appearance,230,46.0,1,64.597,42.234,90.0,94.0,50.0,50.0,50.264,49.902,position_noise+confidence_error,0.394,trust_weighted_fusion,avoidance,fixed,0.5,,3,0,57.663,5.847,11.534,uav_0,5.847,False,False,False,False,False,1,"[{""id"": ""obstacle_0"", ""kind"": ""static_obstacle"", ""x"": 50.0, ""y"": 50.0, ""radius"": 5.0}]"
sudden_target_appearance,230,46.0,2,70.99,50.711,86.0,90.0,50.0,50.0,,,position_noise+confidence_error,,trust_weighted_fusion,move,fixed,0.5,,3,0,42.059,4.84,16.002,uav_0,4.84,False,False,False,False,False,1,"[{""id"": ""obstacle_0"", ""kind"": ""static_obstacle"", ""x"": 50.0, ""y"": 50.0, ""radius"": 5.0}]"
sudden_target_appearance,230,46.0,3,76.308,59.714,90.0,86.0,50.0,50.0,,,false_positive+position_noise+confidence_error,,trust_weighted_fusion,false_avoidance,fixed,0.5,,2,1,29.638,10.457,23.044,uav_2,10.457,False,True,False,False,False,1,"[{""id"": ""obstacle_0"", ""kind"": ""static_obstacle"", ""x"": 50.0, ""y"": 50.0, ""radius"": 5.0}]"
sudden_target_appearance,231,46.2,0,68.843,46.784,94.0,90.0,50.0,50.0,50.195,49.9,position_noise+confidence_error,0.187,trust_weighted_fusion,avoidance,fixed,0.5,,3,0,50.006,4.751,14.115,uav_2,4.751,False,False,False,False,False,1,"[{""id"": ""obstacle_0"", ""kind"": ""static_obstacle"", ""x"": 50.0, ""y"": 50.0, ""radius"": 5.0}]"
sudden_target_appearance,231,46.2,1,64.88,42.481,90.0,94.0,50.0,50.0,50.195,49.9,position_noise+confidence_error,0.187,trust_weighted_fusion,avoidance,fixed,0.5,,3,0,57.317,5.85,11.672,uav_0,5.85,False,False,False,False,False,1,"[{""id"": ""obstacle_0"", ""kind"": ""static_obstacle"", ""x"": 50.0, ""y"": 50.0, ""radius"": 5.0}]"
sudden_target_appearance,231,46.2,2,70.888,51.072,86.0,90.0,50.0,50.0,,,false_positive+position_noise+confidence_error,,trust_weighted_fusion,false_avoidance,fixed,0.5,,4,1,41.758,4.751,15.916,uav_0,4.751,False,True,False,False,False,1,"[{""id"": ""obstacle_0"", ""kind"": ""static_obstacle"", ""x"": 50.0, ""y"": 50.0, ""radius"": 5.0}]"
sudden_target_appearance,231,46.2,3,76.481,60.047,90.0,86.0,50.0,50.0,,,position_noise+confidence_error,,trust_weighted_fusion,move,fixed,0.5,,1,0,29.263,10.575,23.323,uav_2,10.575,False,False,False,False,False,1,"[{""id"": ""obstacle_0"", ""kind"": ""static_obstacle"", ""x"": 50.0, ""y"": 50.0, ""radius"": 5.0}]"
sudden_target_appearance,232,46.4,0,69.069,46.485,94.0,90.0,50.0,50.0,49.771,49.876,false_positive+position_noise+confidence_error,0.483,trust_weighted_fusion,avoidance,fixed,0.5,,4,1,50.151,5.31,14.391,uav_2,5.31,False,False,False,False,False,1,"[{""id"": ""obstacle_0"", ""kind"": ""static_obstacle"", ""x"": 50.0, ""y"": 50.0, ""radius"": 5.0}]"
sudden_target_appearance,232,46.4,1,65.156,42.735,90.0,94.0,50.0,50.0,49.771,49.876,position_noise+confidence_error,0.483,trust_weighted_fusion,avoidance,fixed,0.5,,3,0,56.968,5.42,11.807,uav_0,5.42,False,False,False,False,False,1,"[{""id"": ""obstacle_0"", ""kind"": ""static_obstacle"", ""x"": 50.0, ""y"": 50.0, ""radius"": 5.0}]"
sudden_target_appearance,232,46.4,2,71.024,51.422,86.0,90.0,50.0,50.0,,,position_noise+confidence_error,,trust_weighted_fusion,move,fixed,0.5,,3,0,41.383,5.31,16.072,uav_0,5.31,False,False,False,False,False,1,"[{""id"": ""obstacle_0"", ""kind"": ""static_obstacle"", ""x"": 50.0, ""y"": 50.0, ""radius"": 5.0}]"
sudden_target_appearance,232,46.4,3,76.806,60.235,90.0,86.0,50.0,50.0,,,false_positive+position_noise+confidence_error,,trust_weighted_fusion,false_avoidance,fixed,0.5,,2,1,28.947,10.54,23.693,uav_2,10.54,False,True,False,False,False,1,"[{""id"": ""obstacle_0"", ""kind"": ""static_obstacle"", ""x"": 50.0, ""y"": 50.0, ""radius"": 5.0}]"
sudden_target_appearance,233,46.6,0,69.392,46.676,94.0,90.0,50.0,50.0,50.224,50.159,false_positive+position_noise+confidence_error,0.276,trust_weighted_fusion,avoidance,fixed,0.5,,4,1,49.825,5.394,14.675,uav_2,5.394,False,False,False,False,False,1,"[{""id"": ""obstacle_0"", ""kind"": ""static_obstacle"", ""x"": 50.0, ""y"": 50.0, ""radius"": 5.0}]"
sudden_target_appearance,233,46.6,1,65.433,42.987,90.0,94.0,50.0,50.0,50.224,50.159,position_noise+confidence_error,0.276,trust_weighted_fusion,avoidance,fixed,0.5,,3,0,56.62,5.411,11.951,uav_0,5.411,False,False,False,False,False,1,"[{""id"": ""obstacle_0"", ""kind"": ""static_obstacle"", ""x"": 50.0, ""y"": 50.0, ""radius"": 5.0}]"
sudden_target_appearance,233,46.6,2,71.16,51.771,86.0,90.0,50.0,50.0,,,position_noise+confidence_error,,trust_weighted_fusion,move,fixed,0.5,,3,0,41.008,5.394,16.234,uav_0,5.394,False,False,False,False,False,1,"[{""id"": ""obstacle_0"", ""kind"": ""static_obstacle"", ""x"": 50.0, ""y"": 50.0, ""radius"": 5.0}]"
sudden_target_appearance,233,46.6,3,76.977,60.569,90.0,86.0,50.0,50.0,,,position_noise+confidence_error,,trust_weighted_fusion,move,fixed,0.5,,1,0,28.572,10.547,23.973,uav_2,10.547,False,False,False,False,False,1,"[{""id"": ""obstacle_0"", ""kind"": ""static_obstacle"", ""x"": 50.0, ""y"": 50.0, ""radius"": 5.0}]"
sudden_target_appearance,234,46.8,0,69.577,47.002,94.0,90.0,50.0,50.0,49.541,50.109,position_noise+confidence_error,0.15,trust_weighted_fusion,move,fixed,0.5,,3,0,49.45,5.336,14.806,uav_2,5.336,False,False,False,False,False,1,"[{""id"": ""obstacle_0"", ""kind"": ""static_obstacle"", ""x"": 50.0, ""y"": 50.0, ""radius"": 5.0}]"
sudden_target_appearance,234,46.8,1,65.701,43.249,90.0,94.0,50.0,50.0,49.458,50.14,position_noise+confidence_error,0.183,trust_weighted_fusion,avoidance,fixed,0.5,,3,0,56.268,5.395,12.091,uav_0,5.395,False,False,False,False,False,1,"[{""id"": ""obstacle_0"", ""kind"": ""static_obstacle"", ""x"": 50.0, ""y"": 50.0, ""radius"": 5.0}]"
sudden_target_appearance,234,46.8,2,71.462,51.994,86.0,90.0,50.0,50.0,,,false_positive+position_noise+confidence_error,,trust_weighted_fusion,false_avoidance,fixed,0.5,,4,1,40.692,5.336,16.554,uav_0,5.336,False,True,False,False,False,1,"[{""id"": ""obstacle_0"", ""kind"": ""static_obstacle"", ""x"": 50.0, ""y"": 50.0, ""radius"": 5.0}]"
sudden_target_appearance,234,46.8,3,77.148,60.902,90.0,86.0,50.0,50.0,,,position_noise+confidence_error,,trust_weighted_fusion,move,fixed,0.5,,1,0,28.197,10.568,24.255,uav_2,10.568,False,False,False,False,False,1,"[{""id"": ""obstacle_0"", ""kind"": ""static_obstacle"", ""x"": 50.0, ""y"": 50.0, ""radius"": 5.0}]"
sudden_target_appearance,235,47.0,0,69.825,47.284,94.0,90.0,50.0,50.0,49.832,50.097,position_noise+confidence_error,0.479,trust_weighted_fusion,avoidance,fixed,0.5,,3,0,49.083,5.361,15.01,uav_2,5.361,False,False,False,False,False,1,"[{""id"": ""obstacle_0"", ""kind"": ""static_obstacle"", ""x"": 50.0, ""y"": 50.0, ""radius"": 5.0}]"
sudden_target_appearance,235,47.0,1,65.969,43.512,90.0,94.0,50.0,50.0,49.832,50.097,position_noise+confidence_error,0.479,trust_weighted_fusion,avoidance,fixed,0.5,,3,0,55.916,5.394,12.237,uav_0,5.394,False,False,False,False,False,1,"[{""id"": ""obstacle_0"", ""kind"": ""static_obstacle"", ""x"": 50.0, ""y"": 50.0, ""radius"": 5.0}]"
sudden_target_appearance,235,47.0,2,71.596,52.344,86.0,90.0,50.0,50.0,,,position_noise+confidence_error,,trust_weighted_fusion,move,fixed,0.5,,3,0,40.317,5.361,16.722,uav_0,5.361,False,False,False,False,False,1,"[{""id"": ""obstacle_0"", ""kind"": ""static_obstacle"", ""x"": 50.0, ""y"": 50.0, ""radius"": 5.0}]"
sudden_target_appearance,235,47.0,3,77.157,61.277,90.0,86.0,50.0,50.0,,,false_positive+position_noise+confidence_error,,trust_weighted_fusion,false_avoidance,fixed,0.5,,2,1,27.86,10.523,24.405,uav_2,10.523,False,True,False,False,False,1,"[{""id"": ""obstacle_0"", ""kind"": ""static_obstacle"", ""x"": 50.0, ""y"": 50.0, ""radius"": 5.0}]"
sudden_target_appearance,236,47.2,0,70.074,47.564,94.0,90.0,50.0,50.0,50.205,50.756,position_noise+confidence_error,0.196,trust_weighted_fusion,avoidance,fixed,0.5,,3,0,48.716,5.391,15.221,uav_2,5.391,False,False,False,False,False,1,"[{""id"": ""obstacle_0"", ""kind"": ""static_obstacle"", ""x"": 50.0, ""y"": 50.0, ""radius"": 5.0}]"
sudden_target_appearance,236,47.2,1,66.239,43.772,90.0,94.0,50.0,50.0,50.205,50.756,position_noise+confidence_error,0.196,trust_weighted_fusion,avoidance,fixed,0.5,,3,0,55.564,5.393,12.392,uav_0,5.393,False,False,False,False,False,1,"[{""id"": ""obstacle_0"", ""kind"": ""static_obstacle"", ""x"": 50.0, ""y"": 50.0, ""radius"": 5.0}]"
sudden_target_appearance,236,47.2,2,71.73,52.694,86.0,90.0,50.0,50.0,,,position_noise+confidence_error,,trust_weighted_fusion,move,fixed,0.5,,3,0,39.942,5.391,16.896,uav_0,5.391,False,False,False,False,False,1,"[{""id"": ""obstacle_0"", ""kind"": ""static_obstacle"", ""x"": 50.0, ""y"": 50.0, ""radius"": 5.0}]"
sudden_target_appearance,236,47.2,3,77.271,61.634,90.0,86.0,50.0,50.0,,,false_positive+position_noise+confidence_error,,trust_weighted_fusion,false_avoidance,fixed,0.5,,2,1,27.49,10.518,24.649,uav_2,10.518,False,True,False,False,False,1,"[{""id"": ""obstacle_0"", ""kind"": ""static_obstacle"", ""x"": 50.0, ""y"": 50.0, ""radius"": 5.0}]"
sudden_target_appearance,237,47.4,0,70.258,47.891,94.0,90.0,50.0,50.0,,,position_noise+confidence_error,,trust_weighted_fusion,move,fixed,0.5,,2,0,48.341,5.379,15.367,uav_1,5.379,False,False,False,False,False,1,"[{""id"": ""obstacle_0"", ""kind"": ""static_obstacle"", ""x"": 50.0, ""y"": 50.0, ""radius"": 5.0}]"
sudden_target_appearance,237,47.4,1,66.502,44.039,90.0,94.0,50.0,50.0,49.708,50.828,position_noise+confidence_error,0.279,trust_weighted_fusion,avoidance,fixed,0.5,,3,0,55.211,5.379,12.546,uav_0,5.379,False,False,False,False,False,1,"[{""id"": ""obstacle_0"", ""kind"": ""static_obstacle"", ""x"": 50.0, ""y"": 50.0, ""radius"": 5.0}]"
sudden_target_appearance,237,47.4,2,71.863,53.045,86.0,90.0,50.0,50.0,,,position_noise+confidence_error,,trust_weighted_fusion,move,fixed,0.5,,3,0,39.567,5.398,17.074,uav_0,5.398,False,False,False,False,False,1,"[{""id"": ""obstacle_0"", ""kind"": ""static_obstacle"", ""x"": 50.0, ""y"": 50.0, ""radius"": 5.0}]"
sudden_target_appearance,237,47.4,3,77.445,61.967,90.0,86.0,50.0,50.0,,,position_noise+confidence_error,,trust_weighted_fusion,move,fixed,0.5,,1,0,27.115,10.524,24.941,uav_2,10.524,False,False,False,False,False,1,"[{""id"": ""obstacle_0"", ""kind"": ""static_obstacle"", ""x"": 50.0, ""y"": 50.0, ""radius"": 5.0}]"
sudden_target_appearance,238,47.6,0,70.442,48.217,94.0,90.0,50.0,50.0,,,position_noise+confidence_error,,trust_weighted_fusion,move,fixed,0.5,,2,0,47.966,5.368,15.52,uav_1,5.368,False,False,False,False,False,1,"[{""id"": ""obstacle_0"", ""kind"": ""static_obstacle"", ""x"": 50.0, ""y"": 50.0, ""radius"": 5.0}]"
sudden_target_appearance,238,47.6,1,66.761,44.31,90.0,94.0,50.0,50.0,49.474,50.905,position_noise+confidence_error,0.316,trust_weighted_fusion,avoidance,fixed,0.5,,3,0,54.855,5.368,12.701,uav_0,5.368,False,False,False,False,False,1,"[{""id"": ""obstacle_0"", ""kind"": ""static_obstacle"", ""x"": 50.0, ""y"": 50.0, ""radius"": 5.0}]"
sudden_target_appearance,238,47.6,2,71.997,53.395,86.0,90.0,50.0,50.0,,,position_noise+confidence_error,,trust_weighted_fusion,move,fixed,0.5,,3,0,39.192,5.406,17.258,uav_0,5.406,False,False,False,False,False,1,"[{""id"": ""obstacle_0"", ""kind"": ""static_obstacle"", ""x"": 50.0, ""y"": 50.0, ""radius"": 5.0}]"
sudden_target_appearance,238,47.6,3,77.619,62.299,90.0,86.0,50.0,50.0,,,position_noise+confidence_error,,trust_weighted_fusion,move,fixed,0.5,,1,0,26.74,10.53,25.233,uav_2,10.53,False,False,False,False,False,1,"[{""id"": ""obstacle_0"", ""kind"": ""static_obstacle"", ""x"": 50.0, ""y"": 50.0, ""radius"": 5.0}]"
sudden_target_appearance,239,47.8,0,70.804,48.315,94.0,90.0,50.0,50.0,,,false_positive+position_noise+confidence_error,,trust_weighted_fusion,false_avoidance,fixed,0.5,,3,1,47.704,5.315,15.872,uav_1,5.315,False,True,False,False,False,1,"[{""id"": ""obstacle_0"", ""kind"": ""static_obstacle"", ""x"": 50.0, ""y"": 50.0, ""radius"": 5.0}]"
sudden_target_appearance,239,47.8,1,67.026,44.576,90.0,94.0,50.0,50.0,50.609,51.098,position_noise+confidence_error,0.2,trust_weighted_fusion,avoidance,fixed,0.5,,3,0,54.502,5.315,12.869,uav_0,5.315,False,False,False,False,False,1,"[{""id"": ""obstacle_0"", ""kind"": ""static_obstacle"", ""x"": 50.0, ""y"": 50.0, ""radius"": 5.0}]"
sudden_target_appearance,239,47.8,2,72.131,53.745,86.0,90.0,50.0,50.0,,,position_noise+confidence_error,,trust_weighted_fusion,move,fixed,0.5,,3,0,38.817,5.59,17.446,uav_0,5.59,False,False,False,False,False,1,"[{""id"": ""obstacle_0"", ""kind"": ""static_obstacle"", ""x"": 50.0, ""y"": 50.0, ""radius"": 5.0}]"
sudden_target_appearance,239,47.8,3,77.792,62.631,90.0,86.0,50.0,50.0,,,position_noise+confidence_error,,trust_weighted_fusion,move,fixed,0.5,,1,0,26.365,10.536,25.528,uav_2,10.536,False,False,False,False,False,1,"[{""id"": ""obstacle_0"", ""kind"": ""static_obstacle"", ""x"": 50.0, ""y"": 50.0, ""radius"": 5.0}]"
sudden_target_appearance,240,48.0,0,70.765,48.688,94.0,90.0,50.0,50.0,,,false_positive+position_noise+confidence_error,,trust_weighted_fusion,false_avoidance,fixed,0.5,,3,1,47.398,5.205,15.807,uav_1,5.205,False,True,False,False,False,1,"[{""id"": ""obstacle_0"", ""kind"": ""static_obstacle"", ""x"": 50.0, ""y"": 50.0, ""radius"": 5.0}]"
sudden_target_appearance,240,48.0,1,67.174,44.921,90.0,94.0,50.0,50.0,49.54,49.352,false_positive+position_noise+confidence_error,0.31,trust_weighted_fusion,avoidance,fixed,0.5,,4,1,54.128,5.205,12.909,uav_0,5.205,False,False,False,False,False,1,"[{""id"": ""obstacle_0"", ""kind"": ""static_obstacle"", ""x"": 50.0, ""y"": 50.0, ""radius"": 5.0}]"
sudden_target_appearance,240,48.0,2,72.265,54.095,86.0,90.0,50.0,50.0,,,position_noise+confidence_error,,trust_weighted_fusion,move,fixed,0.5,,3,0,38.442,5.612,17.639,uav_0,5.612,False,False,False,False,False,1,"[{""id"": ""obstacle_0"", ""kind"": ""static_obstacle"", ""x"": 50.0, ""y"": 50.0, ""radius"": 5.0}]"
sudden_target_appearance,240,48.0,3,77.852,62.261,90.0,86.0,50.0,50.0,,,false_positive+position_noise+confidence_error,,trust_weighted_fusion,false_avoidance,fixed,0.5,,2,1,26.666,9.894,25.432,uav_2,9.894,False,True,False,False,False,1,"[{""id"": ""obstacle_0"", ""kind"": ""static_obstacle"", ""x"": 50.0, ""y"": 50.0, ""radius"": 5.0}]"
sudden_target_appearance,241,48.2,0,70.74,49.062,94.0,90.0,50.0,50.0,,,false_positive+position_noise+confidence_error,,trust_weighted_fusion,false_avoidance,fixed,0.5,,3,1,47.085,5.09,15.761,uav_1,5.09,False,True,False,False,False,1,"[{""id"": ""obstacle_0"", ""kind"": ""static_obstacle"", ""x"": 50.0, ""y"": 50.0, ""radius"": 5.0}]"
sudden_target_appearance,241,48.2,1,67.422,45.202,90.0,94.0,50.0,50.0,49.699,49.61,position_noise+confidence_error,0.142,trust_weighted_fusion,avoidance,fixed,0.5,,3,0,53.768,5.09,13.071,uav_0,5.09,False,False,False,False,False,1,"[{""id"": ""obstacle_0"", ""kind"": ""static_obstacle"", ""x"": 50.0, ""y"": 50.0, ""radius"": 5.0}]"
sudden_target_appearance,241,48.2,2,72.399,54.446,86.0,90.0,50.0,50.0,,,position_noise+confidence_error,,trust_weighted_fusion,move,fixed,0.5,,3,0,38.067,5.634,17.836,uav_0,5.634,False,False,False,False,False,1,"[{""id"": ""obstacle_0"", ""kind"": ""static_obstacle"", ""x"": 50.0, ""y"": 50.0, ""radius"": 5.0}]"
sudden_target_appearance,241,48.2,3,77.54,62.469,90.0,86.0,50.0,50.0,,,false_positive+position_noise+confidence_error,,trust_weighted_fusion,false_avoidance,fixed,0.5,,2,1,26.626,9.529,25.231,uav_2,9.529,False,True,False,False,False,1,"[{""id"": ""obstacle_0"", ""kind"": ""static_obstacle"", ""x"": 50.0, ""y"": 50.0, ""radius"": 5.0}]"
sudden_target_appearance,242,48.4,0,70.925,49.388,94.0,90.0,50.0,50.0,,,position_noise+confidence_error,,trust_weighted_fusion,move,fixed,0.5,,2,0,46.71,5.084,15.934,uav_1,5.084,False,False,False,False,False,1,"[{""id"": ""obstacle_0"", ""kind"": ""static_obstacle"", ""x"": 50.0, ""y"": 50.0, ""radius"": 5.0}]"
sudden_target_appearance,242,48.4,1,67.67,45.483,90.0,94.0,50.0,50.0,49.49,50.479,position_noise+confidence_error,0.031,trust_weighted_fusion,avoidance,fixed,0.5,,3,0,53.409,5.084,13.238,uav_0,5.084,False,False,False,False,False,1,"[{""id"": ""obstacle_0"", ""kind"": ""static_obstacle"", ""x"": 50.0, ""y"": 50.0, ""radius"": 5.0}]"
sudden_target_appearance,242,48.4,2,72.533,54.796,86.0,90.0,50.0,50.0,,,position_noise+confidence_error,,trust_weighted_fusion,move,fixed,0.5,,3,0,37.692,5.642,18.038,uav_0,5.642,False,False,False,False,False,1,"[{""id"": ""obstacle_0"", ""kind"": ""static_obstacle"", ""x"": 50.0, ""y"": 50.0, ""radius"": 5.0}]"
sudden_target_appearance,242,48.4,3,77.716,62.801,90.0,86.0,50.0,50.0,,,position_noise+confidence_error,,trust_weighted_fusion,move,fixed,0.5,,1,0,26.251,9.536,25.529,uav_2,9.536,False,False,False,False,False,1,"[{""id"": ""obstacle_0"", ""kind"": ""static_obstacle"", ""x"": 50.0, ""y"": 50.0, ""radius"": 5.0}]"
sudden_target_appearance,243,48.6,0,71.01,49.753,94.0,90.0,50.0,50.0,,,position_noise+confidence_error,,trust_weighted_fusion,avoidance,fixed,0.5,,2,0,46.35,5.047,16.011,uav_1,5.047,False,False,False,False,False,1,"[{""id"": ""obstacle_0"", ""kind"": ""static_obstacle"", ""x"": 50.0, ""y"": 50.0, ""radius"": 5.0}]"
sudden_target_appearance,243,48.6,1,67.915,45.767,90.0,94.0,50.0,50.0,49.52,50.419,position_noise+confidence_error,0.229,trust_weighted_fusion,avoidance,fixed,0.5,,3,0,53.049,5.047,13.408,uav_0,5.047,False,False,False,False,False,1,"[{""id"": ""obstacle_0"", ""kind"": ""static_obstacle"", ""x"": 50.0, ""y"": 50.0, ""radius"": 5.0}]"
sudden_target_appearance,243,48.6,2,72.667,55.146,86.0,90.0,50.0,50.0,,,position_noise+confidence_error,,trust_weighted_fusion,move,fixed,0.5,,3,0,37.317,5.642,18.244,uav_0,5.642,False,False,False,False,False,1,"[{""id"": ""obstacle_0"", ""kind"": ""static_obstacle"", ""x"": 50.0, ""y"": 50.0, ""radius"": 5.0}]"
sudden_target_appearance,243,48.6,3,78.064,62.662,90.0,86.0,50.0,50.0,,,false_positive+position_noise+confidence_error,,trust_weighted_fusion,false_avoidance,fixed,0.5,,2,1,26.213,9.253,25.789,uav_2,9.253,False,True,False,False,False,1,"[{""id"": ""obstacle_0"", ""kind"": ""static_obstacle"", ""x"": 50.0, ""y"": 50.0, ""radius"": 5.0}]"
sudden_target_appearance,244,48.8,0,71.376,49.834,94.0,90.0,50.0,50.0,,,false_positive+position_noise+confidence_error,,trust_weighted_fusion,false_avoidance,fixed,0.5,,4,1,46.1,4.965,16.377,uav_1,4.965,False,True,False,False,False,1,"[{""id"": ""obstacle_0"", ""kind"": ""static_obstacle"", ""x"": 50.0, ""y"": 50.0, ""radius"": 5.0}]"
sudden_target_appearance,244,48.8,1,68.153,46.057,90.0,94.0,50.0,50.0,49.564,49.289,position_noise+confidence_error,0.0,trust_weighted_fusion,avoidance,fixed,0.5,,3,0,52.686,4.965,13.576,uav_0,4.965,False,False,False,False,False,1,"[{""id"": ""obstacle_0"", ""kind"": ""static_obstacle"", ""x"": 50.0, ""y"": 50.0, ""radius"": 5.0}]"
sudden_target_appearance,244,48.8,2,72.801,55.496,86.0,90.0,50.0,50.0,,,position_noise+confidence_error,,trust_weighted_fusion,move,fixed,0.5,,3,0,36.942,5.839,18.454,uav_0,5.839,False,False,False,False,False,1,"[{""id"": ""obstacle_0"", ""kind"": ""static_obstacle"", ""x"": 50.0, ""y"": 50.0, ""radius"": 5.0}]"
sudden_target_appearance,244,48.8,3,78.235,62.996,90.0,86.0,50.0,50.0,,,position_noise+confidence_error,,trust_weighted_fusion,move,fixed,0.5,,2,0,25.838,9.261,26.082,uav_2,9.261,False,False,False,False,False,1,"[{""id"": ""obstacle_0"", ""kind"": ""static_obstacle"", ""x"": 50.0, ""y"": 50.0, ""radius"": 5.0}]"
sudden_target_appearance,245,49.0,0,71.337,50.206,94.0,90.0,50.0,50.0,,,false_positive+position_noise+confidence_error,,trust_weighted_fusion,false_avoidance,fixed,0.5,,4,1,45.795,4.856,16.338,uav_1,4.856,False,True,False,False,False,1,"[{""id"": ""obstacle_0"", ""kind"": ""static_obstacle"", ""x"": 50.0, ""y"": 50.0, ""radius"": 5.0}]"
sudden_target_appearance,245,49.0,1,68.392,46.346,90.0,94.0,50.0,50.0,49.513,50.324,position_noise+confidence_error,0.236,trust_weighted_fusion,avoidance,fixed,0.5,,3,0,52.324,4.856,13.752,uav_0,4.856,False,False,False,False,False,1,"[{""id"": ""obstacle_0"", ""kind"": ""static_obstacle"", ""x"": 50.0, ""y"": 50.0, ""radius"": 5.0}]"
sudden_target_appearance,245,49.0,2,72.935,55.847,86.0,90.0,50.0,50.0,,,position_noise+confidence_error,,trust_weighted_fusion,move,fixed,0.5,,3,0,36.567,5.862,18.669,uav_0,5.862,False,False,False,False,False,1,"[{""id"": ""obstacle_0"", ""kind"": ""static_obstacle"", ""x"": 50.0, ""y"": 50.0, ""radius"": 5.0}]"
sudden_target_appearance,245,49.0,3,78.406,63.33,90.0,86.0,50.0,50.0,,,position_noise+confidence_error,,trust_weighted_fusion,move,fixed,0.5,,2,0,25.463,9.27,26.378,uav_2,9.27,False,False,False,False,False,1,"[{""id"": ""obstacle_0"", ""kind"": ""static_obstacle"", ""x"": 50.0, ""y"": 50.0, ""radius"": 5.0}]"
sudden_target_appearance,246,49.2,0,71.522,50.532,94.0,90.0,50.0,50.0,,,position_noise+confidence_error,,trust_weighted_fusion,move,fixed,0.5,,3,0,45.42,4.853,16.529,uav_1,4.853,False,False,False,False,False,1,"[{""id"": ""obstacle_0"", ""kind"": ""static_obstacle"", ""x"": 50.0, ""y"": 50.0, ""radius"": 5.0}]"
sudden_target_appearance,246,49.2,1,68.628,46.637,90.0,94.0,50.0,50.0,49.729,49.92,position_noise+confidence_error,0.356,trust_weighted_fusion,avoidance,fixed,0.5,,3,0,51.961,4.853,13.929,uav_0,4.853,False,False,False,False,False,1,"[{""id"": ""obstacle_0"", ""kind"": ""static_obstacle"", ""x"": 50.0, ""y"": 50.0, ""radius"": 5.0}]"
sudden_target_appearance,246,49.2,2,73.069,56.197,86.0,90.0,50.0,50.0,,,position_noise+confidence_error,,trust_weighted_fusion,move,fixed,0.5,,3,0,36.192,5.872,18.887,uav_0,5.872,False,False,False,False,False,1,"[{""id"": ""obstacle_0"", ""kind"": ""static_obstacle"", ""x"": 50.0, ""y"": 50.0, ""radius"": 5.0}]"
sudden_target_appearance,246,49.2,3,78.576,63.664,90.0,86.0,50.0,50.0,,,position_noise+confidence_error,,trust_weighted_fusion,move,fixed,0.5,,2,0,25.088,9.278,26.675,uav_2,9.278,False,False,False,False,False,1,"[{""id"": ""obstacle_0"", ""kind"": ""static_obstacle"", ""x"": 50.0, ""y"": 50.0, ""radius"": 5.0}]"
sudden_target_appearance,247,49.4,0,71.708,50.858,94.0,90.0,50.0,50.0,,,position_noise+confidence_error,,trust_weighted_fusion,move,fixed,0.5,,3,0,45.045,4.85,16.725,uav_1,4.85,False,False,False,False,False,1,"[{""id"": ""obstacle_0"", ""kind"": ""static_obstacle"", ""x"": 50.0, ""y"": 50.0, ""radius"": 5.0}]"
sudden_target_appearance,247,49.4,1,68.859,46.933,90.0,94.0,50.0,50.0,50.075,50.363,false_positive+position_noise+confidence_error,0.374,trust_weighted_fusion,avoidance,fixed,0.5,,4,1,51.597,4.85,14.107,uav_0,4.85,False,False,False,False,False,1,"[{""id"": ""obstacle_0"", ""kind"": ""static_obstacle"", ""x"": 50.0, ""y"": 50.0, ""radius"": 5.0}]"
sudden_target_appearance,247,49.4,2,73.057,56.572,86.0,90.0,50.0,50.0,,,false_positive+position_noise+confidence_error,,trust_weighted_fusion,false_avoidance,fixed,0.5,,4,1,35.847,5.871,18.975,uav_0,5.871,False,True,False,False,False,1,"[{""id"": ""obstacle_0"", ""kind"": ""static_obstacle"", ""x"": 50.0, ""y"": 50.0, ""radius"": 5.0}]"
sudden_target_appearance,247,49.4,3,78.747,63.998,90.0,86.0,50.0,50.0,,,position_noise+confidence_error,,trust_weighted_fusion,move,fixed,0.5,,2,0,24.713,9.356,26.974,uav_2,9.356,False,False,False,False,False,1,"[{""id"": ""obstacle_0"", ""kind"": ""static_obstacle"", ""x"": 50.0, ""y"": 50.0, ""radius"": 5.0}]"
sudden_target_appearance,248,49.6,0,71.894,51.184,94.0,90.0,50.0,50.0,,,position_noise+confidence_error,,trust_weighted_fusion,move,fixed,0.5,,3,0,44.67,4.898,16.926,uav_1,4.898,False,False,False,False,False,1,"[{""id"": ""obstacle_0"", ""kind"": ""static_obstacle"", ""x"": 50.0, ""y"": 50.0, ""radius"": 5.0}]"
sudden_target_appearance,248,49.6,1,69.197,47.095,90.0,94.0,50.0,50.0,49.594,50.64,false_positive+position_noise+confidence_error,0.149,trust_weighted_fusion,avoidance,fixed,0.5,,4,1,51.311,4.898,14.416,uav_0,4.898,False,False,False,False,False,1,"[{""id"": ""obstacle_0"", ""kind"": ""static_obstacle"", ""x"": 50.0, ""y"": 50.0, ""radius"": 5.0}]"
sudden_target_appearance,248,49.6,2,73.192,56.921,86.0,90.0,50.0,50.0,,,position_noise+confidence_error,,trust_weighted_fusion,move,fixed,0.5,,3,0,35.472,5.882,19.203,uav_0,5.882,False,False,False,False,False,1,"[{""id"": ""obstacle_0"", ""kind"": ""static_obstacle"", ""x"": 50.0, ""y"": 50.0, ""radius"": 5.0}]"
sudden_target_appearance,248,49.6,3,78.918,64.332,90.0,86.0,50.0,50.0,,,position_noise+confidence_error,,trust_weighted_fusion,move,fixed,0.5,,2,0,24.338,9.365,27.275,uav_2,9.365,False,False,False,False,False,1,"[{""id"": ""obstacle_0"", ""kind"": ""static_obstacle"", ""x"": 50.0, ""y"": 50.0, ""radius"": 5.0}]"
sudden_target_appearance,249,49.8,0,72.079,51.51,94.0,90.0,50.0,50.0,,,position_noise+confidence_error,,trust_weighted_fusion,move,fixed,0.5,,3,0,44.295,4.899,17.131,uav_1,4.899,False,False,False,False,False,1,"[{""id"": ""obstacle_0"", ""kind"": ""static_obstacle"", ""x"": 50.0, ""y"": 50.0, ""radius"": 5.0}]"
sudden_target_appearance,249,49.8,1,69.428,47.39,90.0,94.0,50.0,50.0,50.112,50.331,position_noise+confidence_error,0.118,trust_weighted_fusion,avoidance,fixed,0.5,,3,0,50.948,4.899,14.603,uav_0,4.899,False,False,False,False,False,1,"[{""id"": ""obstacle_0"", ""kind"": ""static_obstacle"", ""x"": 50.0, ""y"": 50.0, ""radius"": 5.0}]"
sudden_target_appearance,249,49.8,2,73.492,57.146,86.0,90.0,50.0,50.0,,,false_positive+position_noise+confidence_error,,trust_weighted_fusion,false_avoidance,fixed,0.5,,4,1,35.154,5.811,19.555,uav_0,5.811,False,True,False,False,False,1,"[{""id"": ""obstacle_0"", ""kind"": ""static_obstacle"", ""x"": 50.0, ""y"": 50.0, ""radius"": 5.0}]"
sudden_target_appearance,249,49.8,3,79.089,64.665,90.0,86.0,50.0,50.0,,,position_noise+confidence_error,,trust_weighted_fusion,move,fixed,0.5,,2,0,23.963,9.373,27.577,uav_2,9.373,False,False,False,False,False,1,"[{""id"": ""obstacle_0"", ""kind"": ""static_obstacle"", ""x"": 50.0, ""y"": 50.0, ""radius"": 5.0}]"
sudden_target_appearance,250,50.0,0,72.441,51.411,94.0,90.0,50.0,50.0,,,false_positive+position_noise+confidence_error,,trust_weighted_fusion,false_avoidance,fixed,0.5,,4,1,44.203,4.66,17.485,uav_1,4.66,False,True,False,False,False,1,"[{""id"": ""obstacle_0"", ""kind"": ""static_obstacle"", ""x"": 50.0, ""y"": 50.0, ""radius"": 5.0}]"
sudden_target_appearance,250,50.0,1,69.58,47.733,90.0,94.0,50.0,50.0,49.593,50.349,position_noise+confidence_error,0.369,trust_weighted_fusion,move,fixed,0.5,,3,0,50.573,4.66,14.711,uav_0,4.66,False,False,False,False,False,1,"[{""id"": ""obstacle_0"", ""kind"": ""static_obstacle"", ""x"": 50.0, ""y"": 50.0, ""radius"": 5.0}]"
sudden_target_appearance,250,50.0,2,73.626,57.497,86.0,90.0,50.0,50.0,,,position_noise+confidence_error,,trust_weighted_fusion,move,fixed,0.5,,3,0,34.779,6.2,19.787,uav_0,6.2,False,False,False,False,False,1,"[{""id"": ""obstacle_0"", ""kind"": ""static_obstacle"", ""x"": 50.0, ""y"": 50.0, ""radius"": 5.0}]"
sudden_target_appearance,250,50.0,3,79.381,64.901,90.0,86.0,50.0,50.0,,,false_positive+position_noise+confidence_error,,trust_weighted_fusion,false_avoidance,fixed,0.5,,3,1,23.621,9.378,27.943,uav_2,9.378,False,True,False,False,False,1,"[{""id"": ""obstacle_0"", ""kind"": ""static_obstacle"", ""x"": 50.0, ""y"": 50.0, ""radius"": 5.0}]"
sudden_target_appearance,251,50.2,0,72.624,51.738,94.0,90.0,50.0,50.0,,,position_noise+confidence_error,,trust_weighted_fusion,move,fixed,0.5,,2,0,43.828,4.656,17.69,uav_1,4.656,False,False,False,False,False,1,"[{""id"": ""obstacle_0"", ""kind"": ""static_obstacle"", ""x"": 50.0, ""y"": 50.0, ""radius"": 5.0}]"
sudden_target_appearance,251,50.2,1,69.792,48.042,90.0,94.0,50.0,50.0,50.158,50.313,false_positive+position_noise+confidence_error,0.264,trust_weighted_fusion,avoidance,fixed,0.5,,4,1,50.204,4.656,14.889,uav_0,4.656,False,False,False,False,False,1,"[{""id"": ""obstacle_0"", ""kind"": ""static_obstacle"", ""x"": 50.0, ""y"": 50.0, ""radius"": 5.0}]"
sudden_target_appearance,251,50.2,2,73.759,57.847,86.0,90.0,50.0,50.0,,,position_noise+confidence_error,,trust_weighted_fusion,move,fixed,0.5,,3,0,34.404,6.213,20.022,uav_0,6.213,False,False,False,False,False,1,"[{""id"": ""obstacle_0"", ""kind"": ""static_obstacle"", ""x"": 50.0, ""y"": 50.0, ""radius"": 5.0}]"
sudden_target_appearance,251,50.2,3,79.549,65.235,90.0,86.0,50.0,50.0,,,position_noise+confidence_error,,trust_weighted_fusion,move,fixed,0.5,,1,0,23.246,9.387,28.246,uav_2,9.387,False,False,False,False,False,1,"[{""id"": ""obstacle_0"", ""kind"": ""static_obstacle"", ""x"": 50.0, ""y"": 50.0, ""radius"": 5.0}]"
sudden_target_appearance,252,50.4,0,72.807,52.066,94.0,90.0,50.0,50.0,,,position_noise+confidence_error,,trust_weighted_fusion,move,fixed,0.5,,2,0,43.453,4.653,17.9,uav_1,4.653,False,False,False,False,False,1,"[{""id"": ""obstacle_0"", ""kind"": ""static_obstacle"", ""x"": 50.0, ""y"": 50.0, ""radius"": 5.0}]"
sudden_target_appearance,252,50.4,1,70.011,48.347,90.0,94.0,50.0,50.0,49.879,49.464,position_noise+confidence_error,0.308,trust_weighted_fusion,avoidance,fixed,0.5,,3,0,49.838,4.653,15.079,uav_0,4.653,False,False,False,False,False,1,"[{""id"": ""obstacle_0"", ""kind"": ""static_obstacle"", ""x"": 50.0, ""y"": 50.0, ""radius"": 5.0}]"
sudden_target_appearance,252,50.4,2,73.893,58.198,86.0,90.0,50.0,50.0,,,position_noise+confidence_error,,trust_weighted_fusion,move,fixed,0.5,,3,0,34.029,6.227,20.26,uav_0,6.227,False,False,False,False,False,1,"[{""id"": ""obstacle_0"", ""kind"": ""static_obstacle"", ""x"": 50.0, ""y"": 50.0, ""radius"": 5.0}]"
sudden_target_appearance,252,50.4,3,79.718,65.57,90.0,86.0,50.0,50.0,,,position_noise+confidence_error,,trust_weighted_fusion,move,fixed,0.5,,1,0,22.871,9.397,28.55,uav_2,9.397,False,False,False,False,False,1,"[{""id"": ""obstacle_0"", ""kind"": ""static_obstacle"", ""x"": 50.0, ""y"": 50.0, ""radius"": 5.0}]"
sudden_target_appearance,253,50.6,0,72.863,52.437,94.0,90.0,50.0,50.0,,,position_noise+confidence_error,,trust_weighted_fusion,avoidance,fixed,0.5,,2,0,43.102,4.717,17.992,uav_1,4.717,False,False,False,False,False,1,"[{""id"": ""obstacle_0"", ""kind"": ""static_obstacle"", ""x"": 50.0, ""y"": 50.0, ""radius"": 5.0}]"
sudden_target_appearance,253,50.6,1,70.377,48.427,90.0,94.0,50.0,50.0,,,false_positive+position_noise+confidence_error,,trust_weighted_fusion,avoidance,fixed,0.5,,3,1,49.618,4.717,15.438,uav_0,4.717,False,False,False,False,False,1,"[{""id"": ""obstacle_0"", ""kind"": ""static_obstacle"", ""x"": 50.0, ""y"": 50.0, ""radius"": 5.0}]"
sudden_target_appearance,253,50.6,2,74.026,58.548,86.0,90.0,50.0,50.0,,,position_noise+confidence_error,,trust_weighted_fusion,move,fixed,0.5,,3,0,33.654,6.221,20.501,uav_0,6.221,False,False,False,False,False,1,"[{""id"": ""obstacle_0"", ""kind"": ""static_obstacle"", ""x"": 50.0, ""y"": 50.0, ""radius"": 5.0}]"
sudden_target_appearance,253,50.6,3,79.887,65.905,90.0,86.0,50.0,50.0,,,position_noise+confidence_error,,trust_weighted_fusion,move,fixed,0.5,,1,0,22.496,9.406,28.855,uav_2,9.406,False,False,False,False,False,1,"[{""id"": ""obstacle_0"", ""kind"": ""static_obstacle"", ""x"": 50.0, ""y"": 50.0, ""radius"": 5.0}]"
sudden_target_appearance,254,50.8,0,73.047,52.763,94.0,90.0,50.0,50.0,,,position_noise+confidence_error,,trust_weighted_fusion,move,fixed,0.5,,2,0,42.727,4.721,18.212,uav_1,4.721,False,False,False,False,False,1,"[{""id"": ""obstacle_0"", ""kind"": ""static_obstacle"", ""x"": 50.0, ""y"": 50.0, ""radius"": 5.0}]"
sudden_target_appearance,254,50.8,1,70.526,48.772,90.0,94.0,50.0,50.0,,,position_noise+confidence_error,,trust_weighted_fusion,move,fixed,0.5,,2,0,49.243,4.721,15.562,uav_0,4.721,False,False,False,False,False,1,"[{""id"": ""obstacle_0"", ""kind"": ""static_obstacle"", ""x"": 50.0, ""y"": 50.0, ""radius"": 5.0}]"
sudden_target_appearance,254,50.8,2,74.16,58.898,86.0,90.0,50.0,50.0,,,position_noise+confidence_error,,trust_weighted_fusion,move,fixed,0.5,,3,0,33.279,6.235,20.746,uav_0,6.235,False,False,False,False,False,1,"[{""id"": ""obstacle_0"", ""kind"": ""static_obstacle"", ""x"": 50.0, ""y"": 50.0, ""radius"": 5.0}]"
sudden_target_appearance,254,50.8,3,80.055,66.24,90.0,86.0,50.0,50.0,,,position_noise+confidence_error,,trust_weighted_fusion,move,fixed,0.5,,1,0,22.121,9.416,29.162,uav_2,9.416,False,False,False,False,False,1,"[{""id"": ""obstacle_0"", ""kind"": ""static_obstacle"", ""x"": 50.0, ""y"": 50.0, ""radius"": 5.0}]"
sudden_target_appearance,255,51.0,0,73.136,53.128,94.0,90.0,50.0,50.0,,,false_positive+position_noise+confidence_error,,trust_weighted_fusion,false_avoidance,fixed,0.5,,3,1,42.366,4.707,18.346,uav_1,4.707,False,True,False,False,False,1,"[{""id"": ""obstacle_0"", ""kind"": ""static_obstacle"", ""x"": 50.0, ""y"": 50.0, ""radius"": 5.0}]"
sudden_target_appearance,255,51.0,1,70.674,49.116,90.0,94.0,50.0,50.0,,,position_noise+confidence_error,,trust_weighted_fusion,move,fixed,0.5,,2,0,48.868,4.707,15.693,uav_0,4.707,False,False,False,False,False,1,"[{""id"": ""obstacle_0"", ""kind"": ""static_obstacle"", ""x"": 50.0, ""y"": 50.0, ""radius"": 5.0}]"
sudden_target_appearance,255,51.0,2,74.248,59.263,86.0,90.0,50.0,50.0,,,false_positive+position_noise+confidence_error,,trust_weighted_fusion,false_avoidance,fixed,0.5,,4,1,32.907,6.235,20.957,uav_0,6.235,False,True,False,False,False,1,"[{""id"": ""obstacle_0"", ""kind"": ""static_obstacle"", ""x"": 50.0, ""y"": 50.0, ""radius"": 5.0}]"
sudden_target_appearance,255,51.0,3,80.224,66.575,90.0,86.0,50.0,50.0,,,position_noise+confidence_error,,trust_weighted_fusion,move,fixed,0.5,,1,0,21.746,9.444,29.471,uav_2,9.444,False,False,False,False,False,1,"[{""id"": ""obstacle_0"", ""kind"": ""static_obstacle"", ""x"": 50.0, ""y"": 50.0, ""radius"": 5.0}]"
sudden_target_appearance,256,51.2,0,73.32,53.454,94.0,90.0,50.0,50.0,,,position_noise+confidence_error,,trust_weighted_fusion,move,fixed,0.5,,2,0,41.991,4.71,18.575,uav_1,4.71,False,False,False,False,False,1,"[{""id"": ""obstacle_0"", ""kind"": ""static_obstacle"", ""x"": 50.0, ""y"": 50.0, ""radius"": 5.0}]"
sudden_target_appearance,256,51.2,1,70.822,49.46,90.0,94.0,50.0,50.0,,,position_noise+confidence_error,,trust_weighted_fusion,move,fixed,0.5,,2,0,48.493,4.71,15.829,uav_0,4.71,False,False,False,False,False,1,"[{""id"": ""obstacle_0"", ""kind"": ""static_obstacle"", ""x"": 50.0, ""y"": 50.0, ""radius"": 5.0}]"
sudden_target_appearance,256,51.2,2,74.459,59.573,86.0,90.0,50.0,50.0,,,false_positive+position_noise+confidence_error,,trust_weighted_fusion,false_avoidance,fixed,0.5,,4,1,32.542,6.224,21.266,uav_0,6.224,False,True,False,False,False,1,"[{""id"": ""obstacle_0"", ""kind"": ""static_obstacle"", ""x"": 50.0, ""y"": 50.0, ""radius"": 5.0}]"
sudden_target_appearance,256,51.2,3,80.218,66.95,90.0,86.0,50.0,50.0,,,false_positive+position_noise+confidence_error,,trust_weighted_fusion,false_avoidance,fixed,0.5,,2,1,21.414,9.359,29.648,uav_2,9.359,False,True,False,False,False,1,"[{""id"": ""obstacle_0"", ""kind"": ""static_obstacle"", ""x"": 50.0, ""y"": 50.0, ""radius"": 5.0}]"
sudden_target_appearance,257,51.4,0,73.505,53.78,94.0,90.0,50.0,50.0,,,position_noise+confidence_error,,trust_weighted_fusion,move,fixed,0.5,,2,0,41.616,4.715,18.807,uav_1,4.715,False,False,False,False,False,1,"[{""id"": ""obstacle_0"", ""kind"": ""static_obstacle"", ""x"": 50.0, ""y"": 50.0, ""radius"": 5.0}]"
sudden_target_appearance,257,51.4,1,70.971,49.805,90.0,94.0,50.0,50.0,,,position_noise+confidence_error,,trust_weighted_fusion,move,fixed,0.5,,2,0,48.118,4.715,15.971,uav_0,4.715,False,False,False,False,False,1,"[{""id"": ""obstacle_0"", ""kind"": ""static_obstacle"", ""x"": 50.0, ""y"": 50.0, ""radius"": 5.0}]"
sudden_target_appearance,257,51.4,2,74.592,59.924,86.0,90.0,50.0,50.0,,,position_noise+confidence_error,,trust_weighted_fusion,move,fixed,0.5,,3,0,32.167,6.239,21.519,uav_0,6.239,False,False,False,False,False,1,"[{""id"": ""obstacle_0"", ""kind"": ""static_obstacle"", ""x"": 50.0, ""y"": 50.0, ""radius"": 5.0}]"
sudden_target_appearance,257,51.4,3,80.156,67.32,90.0,86.0,50.0,50.0,,,false_positive+position_noise+confidence_error,,trust_weighted_fusion,false_avoidance,fixed,0.5,,2,1,21.115,9.256,29.776,uav_2,9.256,False,True,False,False,False,1,"[{""id"": ""obstacle_0"", ""kind"": ""static_obstacle"", ""x"": 50.0, ""y"": 50.0, ""radius"": 5.0}]"
sudden_target_appearance,258,51.6,0,73.69,54.107,94.0,90.0,50.0,50.0,,,position_noise+confidence_error,,trust_weighted_fusion,move,fixed,0.5,,2,0,41.241,5.331,19.043,uav_1,5.331,False,False,False,False,False,1,"[{""id"": ""obstacle_0"", ""kind"": ""static_obstacle"", ""x"": 50.0, ""y"": 50.0, ""radius"": 5.0}]"
sudden_target_appearance,258,51.6,1,71.094,49.451,90.0,94.0,50.0,50.0,,,position_noise+confidence_error,,trust_weighted_fusion,avoidance,fixed,0.5,,2,0,48.395,5.331,16.101,uav_0,5.331,False,False,False,False,False,1,"[{""id"": ""obstacle_0"", ""kind"": ""static_obstacle"", ""x"": 50.0, ""y"": 50.0, ""radius"": 5.0}]"
sudden_target_appearance,258,51.6,2,74.725,60.274,86.0,90.0,50.0,50.0,,,position_noise+confidence_error,,trust_weighted_fusion,move,fixed,0.5,,3,0,31.792,6.254,21.775,uav_0,6.254,False,False,False,False,False,1,"[{""id"": ""obstacle_0"", ""kind"": ""static_obstacle"", ""x"": 50.0, ""y"": 50.0, ""radius"": 5.0}]"
sudden_target_appearance,258,51.6,3,80.448,67.556,90.0,86.0,50.0,50.0,,,false_positive+position_noise+confidence_error,,trust_weighted_fusion,false_avoidance,fixed,0.5,,2,1,20.771,9.262,30.147,uav_2,9.262,False,True,False,False,False,1,"[{""id"": ""obstacle_0"", ""kind"": ""static_obstacle"", ""x"": 50.0, ""y"": 50.0, ""radius"": 5.0}]"
sudden_target_appearance,259,51.8,0,73.874,54.433,94.0,90.0,50.0,50.0,,,position_noise+confidence_error,,trust_weighted_fusion,move,fixed,0.5,,2,0,40.866,5.333,19.282,uav_1,5.333,False,False,False,False,False,1,"[{""id"": ""obstacle_0"", ""kind"": ""static_obstacle"", ""x"": 50.0, ""y"": 50.0, ""radius"": 5.0}]"
sudden_target_appearance,259,51.8,1,71.24,49.796,90.0,94.0,50.0,50.0,,,position_noise+confidence_error,,trust_weighted_fusion,move,fixed,0.5,,2,0,48.02,5.333,16.241,uav_0,5.333,False,False,False,False,False,1,"[{""id"": ""obstacle_0"", ""kind"": ""static_obstacle"", ""x"": 50.0, ""y"": 50.0, ""radius"": 5.0}]"
sudden_target_appearance,259,51.8,2,74.858,60.625,86.0,90.0,50.0,50.0,,,position_noise+confidence_error,,trust_weighted_fusion,move,fixed,0.5,,3,0,31.417,6.269,22.033,uav_0,6.269,False,False,False,False,False,1,"[{""id"": ""obstacle_0"", ""kind"": ""static_obstacle"", ""x"": 50.0, ""y"": 50.0, ""radius"": 5.0}]"
sudden_target_appearance,259,51.8,3,80.814,67.477,90.0,86.0,50.0,50.0,,,false_positive+position_noise+confidence_error,,trust_weighted_fusion,false_avoidance,fixed,0.5,,2,1,20.675,9.079,30.426,uav_2,9.079,False,True,False,False,False,1,"[{""id"": ""obstacle_0"", ""kind"": ""static_obstacle"", ""x"": 50.0, ""y"": 50.0, ""radius"": 5.0}]"
sudden_target_appearance,260,52.0,0,74.059,54.76,94.0,90.0,50.0,50.0,,,position_noise+confidence_error,,trust_weighted_fusion,move,fixed,0.5,,3,0,40.491,5.336,19.525,uav_1,5.336,False,False,False,False,False,1,"[{""id"": ""obstacle_0"", ""kind"": ""static_obstacle"", ""x"": 50.0, ""y"": 50.0, ""radius"": 5.0}]"
sudden_target_appearance,260,52.0,1,71.387,50.141,90.0,94.0,50.0,50.0,,,position_noise+confidence_error,,trust_weighted_fusion,move,fixed,0.5,,2,0,47.645,5.336,16.387,uav_0,5.336,False,False,False,False,False,1,"[{""id"": ""obstacle_0"", ""kind"": ""static_obstacle"", ""x"": 50.0, ""y"": 50.0, ""radius"": 5.0}]"
sudden_target_appearance,260,52.0,2,74.991,60.976,86.0,90.0,50.0,50.0,,,position_noise+confidence_error,,trust_weighted_fusion,move,fixed,0.5,,3,0,31.042,6.285,22.295,uav_0,6.285,False,False,False,False,False,1,"[{""id"": ""obstacle_0"", ""kind"": ""static_obstacle"", ""x"": 50.0, ""y"": 50.0, ""radius"": 5.0}]"
sudden_target_appearance,260,52.0,3,80.981,67.813,90.0,86.0,50.0,50.0,,,position_noise+confidence_error,,trust_weighted_fusion,move,fixed,0.5,,2,0,20.3,9.09,30.737,uav_2,9.09,False,False,False,False,False,1,"[{""id"": ""obstacle_0"", ""kind"": ""static_obstacle"", ""x"": 50.0, ""y"": 50.0, ""radius"": 5.0}]"
sudden_target_appearance,261,52.2,0,74.244,55.086,94.0,90.0,50.0,50.0,,,position_noise+confidence_error,,trust_weighted_fusion,move,fixed,0.5,,3,0,40.116,5.339,19.771,uav_1,5.339,False,False,False,False,False,1,"[{""id"": ""obstacle_0"", ""kind"": ""static_obstacle"", ""x"": 50.0, ""y"": 50.0, ""radius"": 5.0}]"
sudden_target_appearance,261,52.2,1,71.533,50.486,90.0,94.0,50.0,50.0,,,position_noise+confidence_error,,trust_weighted_fusion,move,fixed,0.5,,2,0,47.27,5.339,16.539,uav_0,5.339,False,False,False,False,False,1,"[{""id"": ""obstacle_0"", ""kind"": ""static_obstacle"", ""x"": 50.0, ""y"": 50.0, ""radius"": 5.0}]"
sudden_target_appearance,261,52.2,2,74.903,61.34,86.0,90.0,50.0,50.0,,,false_positive+position_noise+confidence_error,,trust_weighted_fusion,false_avoidance,fixed,0.5,,4,1,30.733,6.289,22.363,uav_0,6.289,False,True,False,False,False,1,"[{""id"": ""obstacle_0"", ""kind"": ""static_obstacle"", ""x"": 50.0, ""y"": 50.0, ""radius"": 5.0}]"
sudden_target_appearance,261,52.2,3,81.148,68.149,90.0,86.0,50.0,50.0,,,position_noise+confidence_error,,trust_weighted_fusion,move,fixed,0.5,,2,0,19.925,9.239,31.049,uav_2,9.239,False,False,False,False,False,1,"[{""id"": ""obstacle_0"", ""kind"": ""static_obstacle"", ""x"": 50.0, ""y"": 50.0, ""radius"": 5.0}]"
sudden_target_appearance,262,52.4,0,74.428,55.412,94.0,90.0,50.0,50.0,,,position_noise+confidence_error,,trust_weighted_fusion,move,fixed,0.5,,3,0,39.741,5.393,20.021,uav_1,5.393,False,False,False,False,False,1,"[{""id"": ""obstacle_0"", ""kind"": ""static_obstacle"", ""x"": 50.0, ""y"": 50.0, ""radius"": 5.0}]"
sudden_target_appearance,262,52.4,1,71.535,50.861,90.0,94.0,50.0,50.0,,,false_positive+position_noise+confidence_error,,trust_weighted_fusion,false_avoidance,fixed,0.5,,3,1,46.924,5.393,16.552,uav_0,5.393,False,True,False,False,False,1,"[{""id"": ""obstacle_0"", ""kind"": ""static_obstacle"", ""x"": 50.0, ""y"": 50.0, ""radius"": 5.0}]"
sudden_target_appearance,262,52.4,2,74.99,61.705,86.0,90.0,50.0,50.0,,,false_positive+position_noise+confidence_error,,trust_weighted_fusion,false_avoidance,fixed,0.5,,4,1,30.362,6.318,22.595,uav_0,6.318,False,True,False,False,False,1,"[{""id"": ""obstacle_0"", ""kind"": ""static_obstacle"", ""x"": 50.0, ""y"": 50.0, ""radius"": 5.0}]"
sudden_target_appearance,262,52.4,3,81.314,68.485,90.0,86.0,50.0,50.0,,,position_noise+confidence_error,,trust_weighted_fusion,move,fixed,0.5,,2,0,19.55,9.272,31.363,uav_2,9.272,False,False,False,False,False,1,"[{""id"": ""obstacle_0"", ""kind"": ""static_obstacle"", ""x"": 50.0, ""y"": 50.0, ""radius"": 5.0}]"
sudden_target_appearance,263,52.6,0,74.613,55.739,94.0,90.0,50.0,50.0,,,position_noise+confidence_error,,trust_weighted_fusion,move,fixed,0.5,,3,0,39.366,5.397,20.273,uav_1,5.397,False,False,False,False,False,1,"[{""id"": ""obstacle_0"", ""kind"": ""static_obstacle"", ""x"": 50.0, ""y"": 50.0, ""radius"": 5.0}]"
sudden_target_appearance,263,52.6,1,71.683,51.206,90.0,94.0,50.0,50.0,,,position_noise+confidence_error,,trust_weighted_fusion,move,fixed,0.5,,2,0,46.549,5.397,16.716,uav_0,5.397,False,False,False,False,False,1,"[{""id"": ""obstacle_0"", ""kind"": ""static_obstacle"", ""x"": 50.0, ""y"": 50.0, ""radius"": 5.0}]"
sudden_target_appearance,263,52.6,2,75.126,62.054,86.0,90.0,50.0,50.0,,,position_noise+confidence_error,,trust_weighted_fusion,move,fixed,0.5,,3,0,29.987,6.336,22.868,uav_0,6.336,False,False,False,False,False,1,"[{""id"": ""obstacle_0"", ""kind"": ""static_obstacle"", ""x"": 50.0, ""y"": 50.0, ""radius"": 5.0}]"
sudden_target_appearance,263,52.6,3,81.631,68.686,90.0,86.0,50.0,50.0,,,false_positive+position_noise+confidence_error,,trust_weighted_fusion,false_avoidance,fixed,0.5,,3,1,19.23,9.289,31.738,uav_2,9.289,False,True,False,False,False,1,"[{""id"": ""obstacle_0"", ""kind"": ""static_obstacle"", ""x"": 50.0, ""y"": 50.0, ""radius"": 5.0}]"
sudden_target_appearance,264,52.8,0,74.798,56.065,94.0,90.0,50.0,50.0,,,position_noise+confidence_error,,trust_weighted_fusion,move,fixed,0.5,,3,0,38.991,5.398,20.529,uav_1,5.398,False,False,False,False,False,1,"[{""id"": ""obstacle_0"", ""kind"": ""static_obstacle"", ""x"": 50.0, ""y"": 50.0, ""radius"": 5.0}]"
sudden_target_appearance,264,52.8,1,71.906,51.507,90.0,94.0,50.0,50.0,,,false_positive+position_noise+confidence_error,,trust_weighted_fusion,false_avoidance,fixed,0.5,,3,1,46.185,5.398,16.958,uav_0,5.398,False,True,False,False,False,1,"[{""id"": ""obstacle_0"", ""kind"": ""static_obstacle"", ""x"": 50.0, ""y"": 50.0, ""radius"": 5.0}]"
sudden_target_appearance,264,52.8,2,75.262,62.404,86.0,90.0,50.0,50.0,,,position_noise+confidence_error,,trust_weighted_fusion,move,fixed,0.5,,3,0,29.612,6.356,23.143,uav_0,6.356,False,False,False,False,False,1,"[{""id"": ""obstacle_0"", ""kind"": ""static_obstacle"", ""x"": 50.0, ""y"": 50.0, ""radius"": 5.0}]"
sudden_target_appearance,264,52.8,3,81.99,68.792,90.0,86.0,50.0,50.0,,,false_positive+position_noise+confidence_error,,trust_weighted_fusion,false_avoidance,fixed,0.5,,3,1,18.981,9.278,32.102,uav_2,9.278,False,True,False,False,False,1,"[{""id"": ""obstacle_0"", ""kind"": ""static_obstacle"", ""x"": 50.0, ""y"": 50.0, ""radius"": 5.0}]"
sudden_target_appearance,265,53.0,0,74.982,56.391,94.0,90.0,50.0,50.0,,,position_noise+confidence_error,,trust_weighted_fusion,move,fixed,0.5,,3,0,38.616,5.507,20.787,uav_1,5.507,False,False,False,False,False,1,"[{""id"": ""obstacle_0"", ""kind"": ""static_obstacle"", ""x"": 50.0, ""y"": 50.0, ""radius"": 5.0}]"
sudden_target_appearance,265,53.0,1,72.27,51.599,90.0,94.0,50.0,50.0,,,false_positive+position_noise+confidence_error,,trust_weighted_fusion,false_avoidance,fixed,0.5,,3,1,45.959,5.507,17.327,uav_0,5.507,False,True,False,False,False,1,"[{""id"": ""obstacle_0"", ""kind"": ""static_obstacle"", ""x"": 50.0, ""y"": 50.0, ""radius"": 5.0}]"
sudden_target_appearance,265,53.0,2,75.637,62.412,86.0,90.0,50.0,50.0,,,false_positive+position_noise+confidence_error,,trust_weighted_fusion,false_avoidance,fixed,0.5,,4,1,29.47,6.057,23.484,uav_0,6.057,False,True,False,False,False,1,"[{""id"": ""obstacle_0"", ""kind"": ""static_obstacle"", ""x"": 50.0, ""y"": 50.0, ""radius"": 5.0}]"
sudden_target_appearance,265,53.0,3,82.149,69.132,90.0,86.0,50.0,50.0,,,position_noise+confidence_error,,trust_weighted_fusion,move,fixed,0.5,,2,0,18.606,9.357,32.411,uav_2,9.357,False,False,False,False,False,1,"[{""id"": ""obstacle_0"", ""kind"": ""static_obstacle"", ""x"": 50.0, ""y"": 50.0, ""radius"": 5.0}]"
sudden_target_appearance,266,53.2,0,75.167,56.718,94.0,90.0,50.0,50.0,,,position_noise+confidence_error,,trust_weighted_fusion,move,fixed,0.5,,3,0,38.241,5.57,21.048,uav_1,5.57,False,False,False,False,False,1,"[{""id"": ""obstacle_0"", ""kind"": ""static_obstacle"", ""x"": 50.0, ""y"": 50.0, ""radius"": 5.0}]"
sudden_target_appearance,266,53.2,1,72.602,51.774,90.0,94.0,50.0,50.0,,,false_positive+position_noise+confidence_error,,trust_weighted_fusion,false_avoidance,fixed,0.5,,3,1,45.67,5.57,17.671,uav_0,5.57,False,True,False,False,False,1,"[{""id"": ""obstacle_0"", ""kind"": ""static_obstacle"", ""x"": 50.0, ""y"": 50.0, ""radius"": 5.0}]"
sudden_target_appearance,266,53.2,2,75.769,62.763,86.0,90.0,50.0,50.0,,,position_noise+confidence_error,,trust_weighted_fusion,move,fixed,0.5,,3,0,29.095,6.076,23.757,uav_0,6.076,False,False,False,False,False,1,"[{""id"": ""obstacle_0"", ""kind"": ""static_obstacle"", ""x"": 50.0, ""y"": 50.0, ""radius"": 5.0}]"
sudden_target_appearance,266,53.2,3,82.353,69.447,90.0,86.0,50.0,50.0,,,false_positive+position_noise+confidence_error,,trust_weighted_fusion,false_avoidance,fixed,0.5,,3,1,18.234,9.381,32.747,uav_2,9.381,False,True,False,False,False,1,"[{""id"": ""obstacle_0"", ""kind"": ""static_obstacle"", ""x"": 50.0, ""y"": 50.0, ""radius"": 5.0}]"
sudden_target_appearance,267,53.4,0,75.035,57.069,94.0,90.0,50.0,50.0,,,false_positive+position_noise+confidence_error,,trust_weighted_fusion,false_avoidance,fixed,0.5,,4,1,38.002,5.453,21.014,uav_1,5.453,False,True,False,False,False,1,"[{""id"": ""obstacle_0"", ""kind"": ""static_obstacle"", ""x"": 50.0, ""y"": 50.0, ""radius"": 5.0}]"
sudden_target_appearance,267,53.4,1,72.744,52.12,90.0,94.0,50.0,50.0,,,position_noise+confidence_error,,trust_weighted_fusion,move,fixed,0.5,,2,0,45.295,5.453,17.843,uav_0,5.453,False,False,False,False,False,1,"[{""id"": ""obstacle_0"", ""kind"": ""static_obstacle"", ""x"": 50.0, ""y"": 50.0, ""radius"": 5.0}]"
sudden_target_appearance,267,53.4,2,75.901,63.115,86.0,90.0,50.0,50.0,,,position_noise+confidence_error,,trust_weighted_fusion,move,fixed,0.5,,3,0,28.72,6.107,24.032,uav_0,6.107,False,False,False,False,False,1,"[{""id"": ""obstacle_0"", ""kind"": ""static_obstacle"", ""x"": 50.0, ""y"": 50.0, ""radius"": 5.0}]"
sudden_target_appearance,267,53.4,3,82.51,69.787,90.0,86.0,50.0,50.0,,,position_noise+confidence_error,,trust_weighted_fusion,move,fixed,0.5,,2,0,17.859,9.392,33.058,uav_2,9.392,False,False,False,False,False,1,"[{""id"": ""obstacle_0"", ""kind"": ""static_obstacle"", ""x"": 50.0, ""y"": 50.0, ""radius"": 5.0}]"
sudden_target_appearance,268,53.6,0,75.222,57.394,94.0,90.0,50.0,50.0,,,position_noise+confidence_error,,trust_weighted_fusion,move,fixed,0.5,,3,0,37.627,5.452,21.284,uav_1,5.452,False,False,False,False,False,1,"[{""id"": ""obstacle_0"", ""kind"": ""static_obstacle"", ""x"": 50.0, ""y"": 50.0, ""radius"": 5.0}]"
sudden_target_appearance,268,53.6,1,72.887,52.467,90.0,94.0,50.0,50.0,,,position_noise+confidence_error,,trust_weighted_fusion,move,fixed,0.5,,2,0,44.92,5.452,18.02,uav_0,5.452,False,False,False,False,False,1,"[{""id"": ""obstacle_0"", ""kind"": ""static_obstacle"", ""x"": 50.0, ""y"": 50.0, ""radius"": 5.0}]"
sudden_target_appearance,268,53.6,2,75.666,63.407,86.0,90.0,50.0,50.0,,,false_positive+position_noise+confidence_error,,trust_weighted_fusion,false_avoidance,fixed,0.5,,4,1,28.53,6.029,23.957,uav_0,6.029,False,True,False,False,False,1,"[{""id"": ""obstacle_0"", ""kind"": ""static_obstacle"", ""x"": 50.0, ""y"": 50.0, ""radius"": 5.0}]"
sudden_target_appearance,268,53.6,3,82.87,69.893,90.0,86.0,50.0,50.0,,,false_positive+position_noise+confidence_error,,trust_weighted_fusion,false_avoidance,fixed,0.5,,3,1,17.615,9.693,33.421,uav_2,9.693,False,True,False,False,False,1,"[{""id"": ""obstacle_0"", ""kind"": ""static_obstacle"", ""x"": 50.0, ""y"": 50.0, ""radius"": 5.0}]"
sudden_target_appearance,269,53.8,0,74.948,57.138,94.0,90.0,50.0,50.0,,,false_positive+position_noise+confidence_error,,trust_weighted_fusion,false_avoidance,fixed,0.5,,4,1,37.985,5.279,20.949,uav_1,5.279,False,True,False,False,False,1,"[{""id"": ""obstacle_0"", ""kind"": ""static_obstacle"", ""x"": 50.0, ""y"": 50.0, ""radius"": 5.0}]"
sudden_target_appearance,269,53.8,1,73.131,52.182,90.0,94.0,50.0,50.0,,,false_positive+position_noise+confidence_error,,trust_weighted_fusion,false_avoidance,fixed,0.5,,3,1,45.092,5.279,18.234,uav_0,5.279,False,True,False,False,False,1,"[{""id"": ""obstacle_0"", ""kind"": ""static_obstacle"", ""x"": 50.0, ""y"": 50.0, ""radius"": 5.0}]"
sudden_target_appearance,269,53.8,2,75.802,63.756,86.0,90.0,50.0,50.0,,,position_noise+confidence_error,,trust_weighted_fusion,move,fixed,0.5,,3,0,28.155,6.673,24.24,uav_0,6.673,False,False,False,False,False,1,"[{""id"": ""obstacle_0"", ""kind"": ""static_obstacle"", ""x"": 50.0, ""y"": 50.0, ""radius"": 5.0}]"
sudden_target_appearance,269,53.8,3,83.022,70.236,90.0,86.0,50.0,50.0,,,position_noise+confidence_error,,trust_weighted_fusion,move,fixed,0.5,,2,0,17.24,9.701,33.729,uav_2,9.701,False,False,False,False,False,1,"[{""id"": ""obstacle_0"", ""kind"": ""static_obstacle"", ""x"": 50.0, ""y"": 50.0, ""radius"": 5.0}]"
sudden_target_appearance,270,54.0,0,75.136,57.462,94.0,90.0,50.0,50.0,,,position_noise+confidence_error,,trust_weighted_fusion,move,fixed,0.5,,2,0,37.61,5.273,21.221,uav_1,5.273,False,False,False,False,False,1,"[{""id"": ""obstacle_0"", ""kind"": ""static_obstacle"", ""x"": 50.0, ""y"": 50.0, ""radius"": 5.0}]"
sudden_target_appearance,270,54.0,1,73.271,52.53,90.0,94.0,50.0,50.0,,,position_noise+confidence_error,,trust_weighted_fusion,move,fixed,0.5,,2,0,44.717,5.273,18.408,uav_0,5.273,False,False,False,False,False,1,"[{""id"": ""obstacle_0"", ""kind"": ""static_obstacle"", ""x"": 50.0, ""y"": 50.0, ""radius"": 5.0}]"
sudden_target_appearance,270,54.0,2,75.427,63.762,86.0,90.0,50.0,50.0,,,false_positive+position_noise+confidence_error,,trust_weighted_fusion,false_avoidance,fixed,0.5,,4,1,28.289,6.306,23.912,uav_0,6.306,False,True,False,False,False,1,"[{""id"": ""obstacle_0"", ""kind"": ""static_obstacle"", ""x"": 50.0, ""y"": 50.0, ""radius"": 5.0}]"
sudden_target_appearance,270,54.0,3,82.959,70.605,90.0,86.0,50.0,50.0,,,false_positive+position_noise+confidence_error,,trust_weighted_fusion,false_avoidance,fixed,0.5,,2,1,16.929,10.177,33.87,uav_2,10.177,False,True,False,False,False,1,"[{""id"": ""obstacle_0"", ""kind"": ""static_obstacle"", ""x"": 50.0, ""y"": 50.0, ""radius"": 5.0}]"
sudden_target_appearance,271,54.2,0,75.282,57.808,94.0,90.0,50.0,50.0,,,false_positive+position_noise+confidence_error,,trust_weighted_fusion,false_avoidance,fixed,0.5,,3,1,37.238,5.273,21.461,uav_1,5.273,False,True,False,False,False,1,"[{""id"": ""obstacle_0"", ""kind"": ""static_obstacle"", ""x"": 50.0, ""y"": 50.0, ""radius"": 5.0}]"
sudden_target_appearance,271,54.2,1,73.412,52.878,90.0,94.0,50.0,50.0,,,position_noise+confidence_error,,trust_weighted_fusion,move,fixed,0.5,,2,0,44.342,5.273,18.588,uav_0,5.273,False,False,False,False,False,1,"[{""id"": ""obstacle_0"", ""kind"": ""static_obstacle"", ""x"": 50.0, ""y"": 50.0, ""radius"": 5.0}]"
sudden_target_appearance,271,54.2,2,75.567,64.109,86.0,90.0,50.0,50.0,,,position_noise+confidence_error,,trust_weighted_fusion,move,fixed,0.5,,3,0,27.914,6.308,24.202,uav_0,6.308,False,False,False,False,False,1,"[{""id"": ""obstacle_0"", ""kind"": ""static_obstacle"", ""x"": 50.0, ""y"": 50.0, ""radius"": 5.0}]"
sudden_target_appearance,271,54.2,3,83.115,70.946,90.0,86.0,50.0,50.0,,,position_noise+confidence_error,,trust_weighted_fusion,move,fixed,0.5,,1,0,16.554,10.184,34.183,uav_2,10.184,False,False,False,False,False,1,"[{""id"": ""obstacle_0"", ""kind"": ""static_obstacle"", ""x"": 50.0, ""y"": 50.0, ""radius"": 5.0}]"
sudden_target_appearance,272,54.4,0,75.471,58.132,94.0,90.0,50.0,50.0,,,position_noise+confidence_error,,trust_weighted_fusion,move,fixed,0.5,,2,0,36.863,5.269,21.738,uav_1,5.269,False,False,False,False,False,1,"[{""id"": ""obstacle_0"", ""kind"": ""static_obstacle"", ""x"": 50.0, ""y"": 50.0, ""radius"": 5.0}]"
sudden_target_appearance,272,54.4,1,73.552,53.225,90.0,94.0,50.0,50.0,,,position_noise+confidence_error,,trust_weighted_fusion,move,fixed,0.5,,2,0,43.967,5.269,18.772,uav_0,5.269,False,False,False,False,False,1,"[{""id"": ""obstacle_0"", ""kind"": ""static_obstacle"", ""x"": 50.0, ""y"": 50.0, ""radius"": 5.0}]"
sudden_target_appearance,272,54.4,2,75.488,64.476,86.0,90.0,50.0,50.0,,,false_positive+position_noise+confidence_error,,trust_weighted_fusion,false_avoidance,fixed,0.5,,4,1,27.604,6.344,24.312,uav_0,6.344,False,True,False,False,False,1,"[{""id"": ""obstacle_0"", ""kind"": ""static_obstacle"", ""x"": 50.0, ""y"": 50.0, ""radius"": 5.0}]"
sudden_target_appearance,272,54.4,3,82.934,70.618,90.0,86.0,50.0,50.0,,,false_positive+position_noise+confidence_error,,trust_weighted_fusion,false_avoidance,fixed,0.5,,2,1,16.927,9.652,33.855,uav_2,9.652,False,True,False,False,False,1,"[{""id"": ""obstacle_0"", ""kind"": ""static_obstacle"", ""x"": 50.0, ""y"": 50.0, ""radius"": 5.0}]"
sudden_target_appearance,273,54.6,0,75.659,58.456,94.0,90.0,50.0,50.0,,,position_noise+confidence_error,,trust_weighted_fusion,move,fixed,0.5,,3,0,36.488,5.264,22.017,uav_1,5.264,False,False,False,False,False,1,"[{""id"": ""obstacle_0"", ""kind"": ""static_obstacle"", ""x"": 50.0, ""y"": 50.0, ""radius"": 5.0}]"
sudden_target_appearance,273,54.6,1,73.692,53.573,90.0,94.0,50.0,50.0,,,position_noise+confidence_error,,trust_weighted_fusion,move,fixed,0.5,,2,0,43.592,5.264,18.96,uav_0,5.264,False,False,False,False,False,1,"[{""id"": ""obstacle_0"", ""kind"": ""static_obstacle"", ""x"": 50.0, ""y"": 50.0, ""radius"": 5.0}]"
sudden_target_appearance,273,54.6,2,75.631,64.823,86.0,90.0,50.0,50.0,,,position_noise+confidence_error,,trust_weighted_fusion,move,fixed,0.5,,3,0,27.229,6.367,24.609,uav_0,6.367,False,False,False,False,False,1,"[{""id"": ""obstacle_0"", ""kind"": ""static_obstacle"", ""x"": 50.0, ""y"": 50.0, ""radius"": 5.0}]"
sudden_target_appearance,273,54.6,3,83.09,70.959,90.0,86.0,50.0,50.0,,,false_positive+position_noise+confidence_error,,trust_weighted_fusion,false_avoidance,fixed,0.5,,3,1,16.552,9.658,34.169,uav_2,9.658,False,True,False,False,False,1,"[{""id"": ""obstacle_0"", ""kind"": ""static_obstacle"", ""x"": 50.0, ""y"": 50.0, ""radius"": 5.0}]"
sudden_target_appearance,274,54.8,0,75.848,58.78,94.0,90.0,50.0,50.0,,,position_noise+confidence_error,,trust_weighted_fusion,move,fixed,0.5,,3,0,36.113,5.261,22.299,uav_1,5.261,False,False,False,False,False,1,"[{""id"": ""obstacle_0"", ""kind"": ""static_obstacle"", ""x"": 50.0, ""y"": 50.0, ""radius"": 5.0}]"
sudden_target_appearance,274,54.8,1,73.832,53.921,90.0,94.0,50.0,50.0,,,position_noise+confidence_error,,trust_weighted_fusion,move,fixed,0.5,,2,0,43.217,5.261,19.153,uav_0,5.261,False,False,False,False,False,1,"[{""id"": ""obstacle_0"", ""kind"": ""static_obstacle"", ""x"": 50.0, ""y"": 50.0, ""radius"": 5.0}]"
sudden_target_appearance,274,54.8,2,75.774,65.17,86.0,90.0,50.0,50.0,,,position_noise+confidence_error,,trust_weighted_fusion,move,fixed,0.5,,3,0,26.854,6.39,24.907,uav_0,6.39,False,False,False,False,False,1,"[{""id"": ""obstacle_0"", ""kind"": ""static_obstacle"", ""x"": 50.0, ""y"": 50.0, ""radius"": 5.0}]"
sudden_target_appearance,274,54.8,3,83.465,70.954,90.0,86.0,50.0,50.0,,,false_positive+position_noise+confidence_error,,trust_weighted_fusion,false_avoidance,fixed,0.5,,3,1,16.404,9.623,34.483,uav_2,9.623,False,True,False,False,False,1,"[{""id"": ""obstacle_0"", ""kind"": ""static_obstacle"", ""x"": 50.0, ""y"": 50.0, ""radius"": 5.0}]"
sudden_target_appearance,275,55.0,0,76.036,59.104,94.0,90.0,50.0,50.0,,,position_noise+confidence_error,,trust_weighted_fusion,move,fixed,0.5,,3,0,35.738,5.258,22.582,uav_1,5.258,False,False,False,False,False,1,"[{""id"": ""obstacle_0"", ""kind"": ""static_obstacle"", ""x"": 50.0, ""y"": 50.0, ""radius"": 5.0}]"
sudden_target_appearance,275,55.0,1,73.973,54.269,90.0,94.0,50.0,50.0,,,position_noise+confidence_error,,trust_weighted_fusion,move,fixed,0.5,,2,0,42.842,5.258,19.35,uav_0,5.258,False,False,False,False,False,1,"[{""id"": ""obstacle_0"", ""kind"": ""static_obstacle"", ""x"": 50.0, ""y"": 50.0, ""radius"": 5.0}]"
sudden_target_appearance,275,55.0,2,75.917,65.516,86.0,90.0,50.0,50.0,,,position_noise+confidence_error,,trust_weighted_fusion,move,fixed,0.5,,3,0,26.479,6.413,25.207,uav_0,6.413,False,False,False,False,False,1,"[{""id"": ""obstacle_0"", ""kind"": ""static_obstacle"", ""x"": 50.0, ""y"": 50.0, ""radius"": 5.0}]"
sudden_target_appearance,275,55.0,3,83.614,71.298,90.0,86.0,50.0,50.0,,,position_noise+confidence_error,,trust_weighted_fusion,move,fixed,0.5,,2,0,16.029,9.627,34.793,uav_2,9.627,False,False,False,False,False,1,"[{""id"": ""obstacle_0"", ""kind"": ""static_obstacle"", ""x"": 50.0, ""y"": 50.0, ""radius"": 5.0}]"
sudden_target_appearance,276,55.2,0,76.225,59.429,94.0,90.0,50.0,50.0,,,position_noise+confidence_error,,trust_weighted_fusion,move,fixed,0.5,,3,0,35.363,5.278,22.868,uav_1,5.278,False,False,False,False,False,1,"[{""id"": ""obstacle_0"", ""kind"": ""static_obstacle"", ""x"": 50.0, ""y"": 50.0, ""radius"": 5.0}]"
sudden_target_appearance,276,55.2,1,74.229,54.542,90.0,94.0,50.0,50.0,,,false_positive+position_noise+confidence_error,,trust_weighted_fusion,false_avoidance,fixed,0.5,,3,1,42.493,5.278,19.651,uav_0,5.278,False,True,False,False,False,1,"[{""id"": ""obstacle_0"", ""kind"": ""static_obstacle"", ""x"": 50.0, ""y"": 50.0, ""radius"": 5.0}]"
sudden_target_appearance,276,55.2,2,76.06,65.863,86.0,90.0,50.0,50.0,,,position_noise+confidence_error,,trust_weighted_fusion,move,fixed,0.5,,3,0,26.104,6.437,25.508,uav_0,6.437,False,False,False,False,False,1,"[{""id"": ""obstacle_0"", ""kind"": ""static_obstacle"", ""x"": 50.0, ""y"": 50.0, ""radius"": 5.0}]"
sudden_target_appearance,276,55.2,3,83.24,71.321,90.0,86.0,50.0,50.0,,,false_positive+position_noise+confidence_error,,trust_weighted_fusion,false_avoidance,fixed,0.5,,3,1,16.161,9.019,34.49,uav_2,9.019,False,True,False,False,False,1,"[{""id"": ""obstacle_0"", ""kind"": ""static_obstacle"", ""x"": 50.0, ""y"": 50.0, ""radius"": 5.0}]"
sudden_target_appearance,277,55.4,0,76.413,59.753,94.0,90.0,50.0,50.0,,,position_noise+confidence_error,,trust_weighted_fusion,move,fixed,0.5,,3,0,34.988,5.275,23.156,uav_1,5.275,False,False,False,False,False,1,"[{""id"": ""obstacle_0"", ""kind"": ""static_obstacle"", ""x"": 50.0, ""y"": 50.0, ""radius"": 5.0}]"
sudden_target_appearance,277,55.4,1,74.368,54.891,90.0,94.0,50.0,50.0,,,position_noise+confidence_error,,trust_weighted_fusion,move,fixed,0.5,,2,0,42.118,5.275,19.854,uav_0,5.275,False,False,False,False,False,1,"[{""id"": ""obstacle_0"", ""kind"": ""static_obstacle"", ""x"": 50.0, ""y"": 50.0, ""radius"": 5.0}]"
sudden_target_appearance,277,55.4,2,76.253,66.185,86.0,90.0,50.0,50.0,,,false_positive+position_noise+confidence_error,,trust_weighted_fusion,false_avoidance,fixed,0.5,,4,1,25.733,6.434,25.841,uav_0,6.434,False,True,False,False,False,1,"[{""id"": ""obstacle_0"", ""kind"": ""static_obstacle"", ""x"": 50.0, ""y"": 50.0, ""radius"": 5.0}]"
sudden_target_appearance,277,55.4,3,83.447,71.634,90.0,86.0,50.0,50.0,,,false_positive+position_noise+confidence_error,,trust_weighted_fusion,false_avoidance,fixed,0.5,,3,1,15.79,9.025,34.834,uav_2,9.025,False,True,False,False,False,1,"[{""id"": ""obstacle_0"", ""kind"": ""static_obstacle"", ""x"": 50.0, ""y"": 50.0, ""radius"": 5.0}]"
sudden_target_appearance,278,55.6,0,76.354,60.123,94.0,90.0,50.0,50.0,,,false_positive+position_noise+confidence_error,,trust_weighted_fusion,false_avoidance,fixed,0.5,,4,1,34.699,5.222,23.231,uav_1,5.222,False,True,False,False,False,1,"[{""id"": ""obstacle_0"", ""kind"": ""static_obstacle"", ""x"": 50.0, ""y"": 50.0, ""radius"": 5.0}]"
sudden_target_appearance,278,55.6,1,74.507,55.239,90.0,94.0,50.0,50.0,,,position_noise+confidence_error,,trust_weighted_fusion,move,fixed,0.5,,2,0,41.743,5.222,20.061,uav_0,5.222,False,False,False,False,False,1,"[{""id"": ""obstacle_0"", ""kind"": ""static_obstacle"", ""x"": 50.0, ""y"": 50.0, ""radius"": 5.0}]"
sudden_target_appearance,278,55.6,2,76.395,66.532,86.0,90.0,50.0,50.0,,,position_noise+confidence_error,,trust_weighted_fusion,move,fixed,0.5,,3,0,25.358,6.409,26.145,uav_0,6.409,False,False,False,False,False,1,"[{""id"": ""obstacle_0"", ""kind"": ""static_obstacle"", ""x"": 50.0, ""y"": 50.0, ""radius"": 5.0}]"
sudden_target_appearance,278,55.6,3,83.603,71.975,90.0,86.0,50.0,50.0,,,position_noise+confidence_error,,trust_weighted_fusion,move,fixed,0.5,,2,0,15.415,9.032,35.15,uav_2,9.032,False,False,False,False,False,1,"[{""id"": ""obstacle_0"", ""kind"": ""static_obstacle"", ""x"": 50.0, ""y"": 50.0, ""radius"": 5.0}]"
sudden_target_appearance,279,55.8,0,76.545,60.446,94.0,90.0,50.0,50.0,,,position_noise+confidence_error,,trust_weighted_fusion,move,fixed,0.5,,3,0,34.324,5.216,23.526,uav_1,5.216,False,False,False,False,False,1,"[{""id"": ""obstacle_0"", ""kind"": ""static_obstacle"", ""x"": 50.0, ""y"": 50.0, ""radius"": 5.0}]"
sudden_target_appearance,279,55.8,1,74.646,55.587,90.0,94.0,50.0,50.0,,,position_noise+confidence_error,,trust_weighted_fusion,move,fixed,0.5,,2,0,41.368,5.216,20.272,uav_0,5.216,False,False,False,False,False,1,"[{""id"": ""obstacle_0"", ""kind"": ""static_obstacle"", ""x"": 50.0, ""y"": 50.0, ""radius"": 5.0}]"
sudden_target_appearance,279,55.8,2,76.537,66.879,86.0,90.0,50.0,50.0,,,position_noise+confidence_error,,trust_weighted_fusion,move,fixed,0.5,,3,0,24.983,6.433,26.45,uav_0,6.433,False,False,False,False,False,1,"[{""id"": ""obstacle_0"", ""kind"": ""static_obstacle"", ""x"": 50.0, ""y"": 50.0, ""radius"": 5.0}]"
sudden_target_appearance,279,55.8,3,83.736,72.325,90.0,86.0,50.0,50.0,,,false_positive+position_noise+confidence_error,,trust_weighted_fusion,false_avoidance,fixed,0.5,,3,1,15.041,9.028,35.455,uav_2,9.028,False,True,False,False,False,1,"[{""id"": ""obstacle_0"", ""kind"": ""static_obstacle"", ""x"": 50.0, ""y"": 50.0, ""radius"": 5.0}]"
sudden_target_appearance,280,56.0,0,76.735,60.769,94.0,90.0,50.0,50.0,,,position_noise+confidence_error,,trust_weighted_fusion,move,fixed,0.5,,3,0,33.949,5.212,23.823,uav_1,5.212,False,False,False,False,False,1,"[{""id"": ""obstacle_0"", ""kind"": ""static_obstacle"", ""x"": 50.0, ""y"": 50.0, ""radius"": 5.0}]"
sudden_target_appearance,280,56.0,1,74.786,55.935,90.0,94.0,50.0,50.0,,,position_noise+confidence_error,,trust_weighted_fusion,move,fixed,0.5,,2,0,40.993,5.212,20.486,uav_0,5.212,False,False,False,False,False,1,"[{""id"": ""obstacle_0"", ""kind"": ""static_obstacle"", ""x"": 50.0, ""y"": 50.0, ""radius"": 5.0}]"
sudden_target_appearance,280,56.0,2,76.679,67.226,86.0,90.0,50.0,50.0,,,position_noise+confidence_error,,trust_weighted_fusion,move,fixed,0.5,,3,0,24.608,6.457,26.757,uav_0,6.457,False,False,False,False,False,1,"[{""id"": ""obstacle_0"", ""kind"": ""static_obstacle"", ""x"": 50.0, ""y"": 50.0, ""radius"": 5.0}]"
sudden_target_appearance,280,56.0,3,83.893,72.666,90.0,86.0,50.0,50.0,,,position_noise+confidence_error,,trust_weighted_fusion,move,fixed,0.5,,2,0,14.666,9.035,35.773,uav_2,9.035,False,False,False,False,False,1,"[{""id"": ""obstacle_0"", ""kind"": ""static_obstacle"", ""x"": 50.0, ""y"": 50.0, ""radius"": 5.0}]"
sudden_target_appearance,281,56.2,0,77.041,60.987,94.0,90.0,50.0,50.0,,,false_positive+position_noise+confidence_error,,trust_weighted_fusion,false_avoidance,fixed,0.5,,4,1,33.606,5.157,24.187,uav_1,5.157,False,True,False,False,False,1,"[{""id"": ""obstacle_0"", ""kind"": ""static_obstacle"", ""x"": 50.0, ""y"": 50.0, ""radius"": 5.0}]"
sudden_target_appearance,281,56.2,1,74.925,56.284,90.0,94.0,50.0,50.0,,,position_noise+confidence_error,,trust_weighted_fusion,move,fixed,0.5,,2,0,40.618,5.157,20.705,uav_0,5.157,False,False,False,False,False,1,"[{""id"": ""obstacle_0"", ""kind"": ""static_obstacle"", ""x"": 50.0, ""y"": 50.0, ""radius"": 5.0}]"
sudden_target_appearance,281,56.2,2,76.821,67.573,86.0,90.0,50.0,50.0,,,position_noise+confidence_error,,trust_weighted_fusion,move,fixed,0.5,,3,0,24.233,6.59,27.065,uav_0,6.59,False,False,False,False,False,1,"[{""id"": ""obstacle_0"", ""kind"": ""static_obstacle"", ""x"": 50.0, ""y"": 50.0, ""radius"": 5.0}]"
sudden_target_appearance,281,56.2,3,84.049,73.007,90.0,86.0,50.0,50.0,,,position_noise+confidence_error,,trust_weighted_fusion,move,fixed,0.5,,2,0,14.291,9.043,36.093,uav_2,9.043,False,False,False,False,False,1,"[{""id"": ""obstacle_0"", ""kind"": ""static_obstacle"", ""x"": 50.0, ""y"": 50.0, ""radius"": 5.0}]"
sudden_target_appearance,282,56.4,0,77.23,61.31,94.0,90.0,50.0,50.0,,,position_noise+confidence_error,,trust_weighted_fusion,move,fixed,0.5,,3,0,33.231,5.156,24.485,uav_1,5.156,False,False,False,False,False,1,"[{""id"": ""obstacle_0"", ""kind"": ""static_obstacle"", ""x"": 50.0, ""y"": 50.0, ""radius"": 5.0}]"
sudden_target_appearance,282,56.4,1,75.064,56.632,90.0,94.0,50.0,50.0,,,position_noise+confidence_error,,trust_weighted_fusion,move,fixed,0.5,,2,0,40.243,5.156,20.927,uav_0,5.156,False,False,False,False,False,1,"[{""id"": ""obstacle_0"", ""kind"": ""static_obstacle"", ""x"": 50.0, ""y"": 50.0, ""radius"": 5.0}]"
sudden_target_appearance,282,56.4,2,76.963,67.92,86.0,90.0,50.0,50.0,,,position_noise+confidence_error,,trust_weighted_fusion,move,fixed,0.5,,3,0,23.858,6.615,27.375,uav_0,6.615,False,False,False,False,False,1,"[{""id"": ""obstacle_0"", ""kind"": ""static_obstacle"", ""x"": 50.0, ""y"": 50.0, ""radius"": 5.0}]"
sudden_target_appearance,282,56.4,3,84.205,73.348,90.0,86.0,50.0,50.0,,,position_noise+confidence_error,,trust_weighted_fusion,move,fixed,0.5,,2,0,13.916,9.05,36.414,uav_2,9.05,False,False,False,False,False,1,"[{""id"": ""obstacle_0"", ""kind"": ""static_obstacle"", ""x"": 50.0, ""y"": 50.0, ""radius"": 5.0}]"
sudden_target_appearance,283,56.6,0,77.419,61.634,94.0,90.0,50.0,50.0,,,position_noise+confidence_error,,trust_weighted_fusion,move,fixed,0.5,,3,0,32.856,5.155,24.785,uav_1,5.155,False,False,False,False,False,1,"[{""id"": ""obstacle_0"", ""kind"": ""static_obstacle"", ""x"": 50.0, ""y"": 50.0, ""radius"": 5.0}]"
sudden_target_appearance,283,56.6,1,75.203,56.98,90.0,94.0,50.0,50.0,,,position_noise+confidence_error,,trust_weighted_fusion,move,fixed,0.5,,2,0,39.868,5.155,21.152,uav_0,5.155,False,False,False,False,False,1,"[{""id"": ""obstacle_0"", ""kind"": ""static_obstacle"", ""x"": 50.0, ""y"": 50.0, ""radius"": 5.0}]"
sudden_target_appearance,283,56.6,2,77.301,68.082,86.0,90.0,50.0,50.0,,,false_positive+position_noise+confidence_error,,trust_weighted_fusion,false_avoidance,fixed,0.5,,4,1,23.581,6.449,27.746,uav_0,6.449,False,True,False,False,False,1,"[{""id"": ""obstacle_0"", ""kind"": ""static_obstacle"", ""x"": 50.0, ""y"": 50.0, ""radius"": 5.0}]"
sudden_target_appearance,283,56.6,3,84.114,73.712,90.0,86.0,50.0,50.0,,,false_positive+position_noise+confidence_error,,trust_weighted_fusion,false_avoidance,fixed,0.5,,3,1,13.625,8.838,36.545,uav_2,8.838,False,True,False,False,False,1,"[{""id"": ""obstacle_0"", ""kind"": ""static_obstacle"", ""x"": 50.0, ""y"": 50.0, ""radius"": 5.0}]"
sudden_target_appearance,284,56.8,0,77.608,61.958,94.0,90.0,50.0,50.0,,,position_noise+confidence_error,,trust_weighted_fusion,move,fixed,0.5,,3,0,32.481,5.155,25.087,uav_1,5.155,False,False,False,False,False,1,"[{""id"": ""obstacle_0"", ""kind"": ""static_obstacle"", ""x"": 50.0, ""y"": 50.0, ""radius"": 5.0}]"
sudden_target_appearance,284,56.8,1,75.342,57.328,90.0,94.0,50.0,50.0,,,position_noise+confidence_error,,trust_weighted_fusion,move,fixed,0.5,,2,0,39.493,5.155,21.381,uav_0,5.155,False,False,False,False,False,1,"[{""id"": ""obstacle_0"", ""kind"": ""static_obstacle"", ""x"": 50.0, ""y"": 50.0, ""radius"": 5.0}]"
sudden_target_appearance,284,56.8,2,77.44,68.43,86.0,90.0,50.0,50.0,,,position_noise+confidence_error,,trust_weighted_fusion,move,fixed,0.5,,3,0,23.206,6.475,28.055,uav_0,6.475,False,False,False,False,False,1,"[{""id"": ""obstacle_0"", ""kind"": ""static_obstacle"", ""x"": 50.0, ""y"": 50.0, ""radius"": 5.0}]"
sudden_target_appearance,284,56.8,3,84.276,74.05,90.0,86.0,50.0,50.0,,,position_noise+confidence_error,,trust_weighted_fusion,move,fixed,0.5,,2,0,13.25,8.849,36.872,uav_2,8.849,False,False,False,False,False,1,"[{""id"": ""obstacle_0"", ""kind"": ""static_obstacle"", ""x"": 50.0, ""y"": 50.0, ""radius"": 5.0}]"
sudden_target_appearance,285,57.0,0,77.798,62.282,94.0,90.0,50.0,50.0,,,position_noise+confidence_error,,trust_weighted_fusion,move,fixed,0.5,,3,0,32.106,5.155,25.39,uav_1,5.155,False,False,False,False,False,1,"[{""id"": ""obstacle_0"", ""kind"": ""static_obstacle"", ""x"": 50.0, ""y"": 50.0, ""radius"": 5.0}]"
sudden_target_appearance,285,57.0,1,75.482,57.676,90.0,94.0,50.0,50.0,,,position_noise+confidence_error,,trust_weighted_fusion,move,fixed,0.5,,2,0,39.118,5.155,21.613,uav_0,5.155,False,False,False,False,False,1,"[{""id"": ""obstacle_0"", ""kind"": ""static_obstacle"", ""x"": 50.0, ""y"": 50.0, ""radius"": 5.0}]"
sudden_target_appearance,285,57.0,2,77.578,68.779,86.0,90.0,50.0,50.0,,,position_noise+confidence_error,,trust_weighted_fusion,move,fixed,0.5,,3,0,22.831,6.501,28.365,uav_0,6.501,False,False,False,False,False,1,"[{""id"": ""obstacle_0"", ""kind"": ""static_obstacle"", ""x"": 50.0, ""y"": 50.0, ""radius"": 5.0}]"
sudden_target_appearance,285,57.0,3,84.438,74.388,90.0,86.0,50.0,50.0,,,position_noise+confidence_error,,trust_weighted_fusion,move,fixed,0.5,,2,0,12.875,8.861,37.199,uav_2,8.861,False,False,False,False,False,1,"[{""id"": ""obstacle_0"", ""kind"": ""static_obstacle"", ""x"": 50.0, ""y"": 50.0, ""radius"": 5.0}]"
sudden_target_appearance,286,57.2,0,78.134,62.447,94.0,90.0,50.0,50.0,,,false_positive+position_noise+confidence_error,,trust_weighted_fusion,false_avoidance,fixed,0.5,,4,1,31.794,5.087,25.765,uav_1,5.087,False,True,False,False,False,1,"[{""id"": ""obstacle_0"", ""kind"": ""static_obstacle"", ""x"": 50.0, ""y"": 50.0, ""radius"": 5.0}]"
sudden_target_appearance,286,57.2,1,75.621,58.025,90.0,94.0,50.0,50.0,,,position_noise+confidence_error,,trust_weighted_fusion,move,fixed,0.5,,2,0,38.743,5.087,21.848,uav_0,5.087,False,False,False,False,False,1,"[{""id"": ""obstacle_0"", ""kind"": ""static_obstacle"", ""x"": 50.0, ""y"": 50.0, ""radius"": 5.0}]"
sudden_target_appearance,286,57.2,2,77.716,69.128,86.0,90.0,50.0,50.0,,,position_noise+confidence_error,,trust_weighted_fusion,move,fixed,0.5,,3,0,22.456,6.694,28.676,uav_0,6.694,False,False,False,False,False,1,"[{""id"": ""obstacle_0"", ""kind"": ""static_obstacle"", ""x"": 50.0, ""y"": 50.0, ""radius"": 5.0}]"
sudden_target_appearance,286,57.2,3,84.6,74.727,90.0,86.0,50.0,50.0,,,position_noise+confidence_error,,trust_weighted_fusion,move,fixed,0.5,,2,0,12.5,8.873,37.527,uav_2,8.873,False,False,False,False,False,1,"[{""id"": ""obstacle_0"", ""kind"": ""static_obstacle"", ""x"": 50.0, ""y"": 50.0, ""radius"": 5.0}]"
sudden_target_appearance,287,57.4,0,78.321,62.772,94.0,90.0,50.0,50.0,,,position_noise+confidence_error,,trust_weighted_fusion,move,fixed,0.5,,3,0,31.419,5.241,26.068,uav_1,5.241,False,False,False,False,False,1,"[{""id"": ""obstacle_0"", ""kind"": ""static_obstacle"", ""x"": 50.0, ""y"": 50.0, ""radius"": 5.0}]"
sudden_target_appearance,287,57.4,1,75.476,58.371,90.0,94.0,50.0,50.0,,,false_positive+position_noise+confidence_error,,trust_weighted_fusion,false_avoidance,fixed,0.5,,3,1,38.476,5.241,21.816,uav_0,5.241,False,True,False,False,False,1,"[{""id"": ""obstacle_0"", ""kind"": ""static_obstacle"", ""x"": 50.0, ""y"": 50.0, ""radius"": 5.0}]"
sudden_target_appearance,287,57.4,2,77.855,69.476,86.0,90.0,50.0,50.0,,,position_noise+confidence_error,,trust_weighted_fusion,move,fixed,0.5,,3,0,22.081,6.72,28.988,uav_0,6.72,False,False,False,False,False,1,"[{""id"": ""obstacle_0"", ""kind"": ""static_obstacle"", ""x"": 50.0, ""y"": 50.0, ""radius"": 5.0}]"
sudden_target_appearance,287,57.4,3,84.762,75.065,90.0,86.0,50.0,50.0,,,position_noise+confidence_error,,trust_weighted_fusion,move,fixed,0.5,,2,0,12.125,8.885,37.856,uav_2,8.885,False,False,False,False,False,1,"[{""id"": ""obstacle_0"", ""kind"": ""static_obstacle"", ""x"": 50.0, ""y"": 50.0, ""radius"": 5.0}]"
sudden_target_appearance,288,57.6,0,78.508,63.097,94.0,90.0,50.0,50.0,,,position_noise+confidence_error,,trust_weighted_fusion,move,fixed,0.5,,3,0,31.044,5.247,26.373,uav_1,5.247,False,False,False,False,False,1,"[{""id"": ""obstacle_0"", ""kind"": ""static_obstacle"", ""x"": 50.0, ""y"": 50.0, ""radius"": 5.0}]"
sudden_target_appearance,288,57.6,1,75.618,58.718,90.0,94.0,50.0,50.0,,,position_noise+confidence_error,,trust_weighted_fusion,move,fixed,0.5,,2,0,38.101,5.247,22.061,uav_0,5.247,False,False,False,False,False,1,"[{""id"": ""obstacle_0"", ""kind"": ""static_obstacle"", ""x"": 50.0, ""y"": 50.0, ""radius"": 5.0}]"
sudden_target_appearance,288,57.6,2,77.993,69.825,86.0,90.0,50.0,50.0,,,position_noise+confidence_error,,trust_weighted_fusion,move,fixed,0.5,,3,0,21.706,6.747,29.302,uav_0,6.747,False,False,False,False,False,1,"[{""id"": ""obstacle_0"", ""kind"": ""static_obstacle"", ""x"": 50.0, ""y"": 50.0, ""radius"": 5.0}]"
sudden_target_appearance,288,57.6,3,84.924,75.403,90.0,86.0,50.0,50.0,,,position_noise+confidence_error,,trust_weighted_fusion,move,fixed,0.5,,2,0,11.75,8.897,38.185,uav_2,8.897,False,False,False,False,False,1,"[{""id"": ""obstacle_0"", ""kind"": ""static_obstacle"", ""x"": 50.0, ""y"": 50.0, ""radius"": 5.0}]"
sudden_target_appearance,289,57.8,0,78.696,63.422,94.0,90.0,50.0,50.0,,,position_noise+confidence_error,,trust_weighted_fusion,move,fixed,0.5,,3,0,30.669,5.254,26.679,uav_1,5.254,False,False,False,False,False,1,"[{""id"": ""obstacle_0"", ""kind"": ""static_obstacle"", ""x"": 50.0, ""y"": 50.0, ""radius"": 5.0}]"
sudden_target_appearance,289,57.8,1,75.759,59.065,90.0,94.0,50.0,50.0,,,position_noise+confidence_error,,trust_weighted_fusion,move,fixed,0.5,,2,0,37.726,5.254,22.308,uav_0,5.254,False,False,False,False,False,1,"[{""id"": ""obstacle_0"", ""kind"": ""static_obstacle"", ""x"": 50.0, ""y"": 50.0, ""radius"": 5.0}]"
sudden_target_appearance,289,57.8,2,78.131,70.173,86.0,90.0,50.0,50.0,,,position_noise+confidence_error,,trust_weighted_fusion,move,fixed,0.5,,3,0,21.331,6.775,29.617,uav_0,6.775,False,False,False,False,False,1,"[{""id"": ""obstacle_0"", ""kind"": ""static_obstacle"", ""x"": 50.0, ""y"": 50.0, ""radius"": 5.0}]"
sudden_target_appearance,289,57.8,3,85.201,75.655,90.0,86.0,50.0,50.0,,,false_positive+position_noise+confidence_error,,trust_weighted_fusion,false_avoidance,fixed,0.5,,3,1,11.404,8.946,38.558,uav_2,8.946,False,True,False,False,False,1,"[{""id"": ""obstacle_0"", ""kind"": ""static_obstacle"", ""x"": 50.0, ""y"": 50.0, ""radius"": 5.0}]"
sudden_target_appearance,290,58.0,0,79.03,63.592,94.0,90.0,50.0,50.0,,,false_positive+position_noise+confidence_error,,trust_weighted_fusion,false_avoidance,fixed,0.5,,4,1,30.356,5.221,27.054,uav_1,5.221,False,True,False,False,False,1,"[{""id"": ""obstacle_0"", ""kind"": ""static_obstacle"", ""x"": 50.0, ""y"": 50.0, ""radius"": 5.0}]"
sudden_target_appearance,290,58.0,1,75.901,59.413,90.0,94.0,50.0,50.0,,,position_noise+confidence_error,,trust_weighted_fusion,move,fixed,0.5,,2,0,37.351,5.221,22.558,uav_0,5.221,False,False,False,False,False,1,"[{""id"": ""obstacle_0"", ""kind"": ""static_obstacle"", ""x"": 50.0, ""y"": 50.0, ""radius"": 5.0}]"
sudden_target_appearance,290,58.0,2,78.27,70.522,86.0,90.0,50.0,50.0,,,position_noise+confidence_error,,trust_weighted_fusion,move,fixed,0.5,,3,0,20.956,6.972,29.933,uav_0,6.972,False,False,False,False,False,1,"[{""id"": ""obstacle_0"", ""kind"": ""static_obstacle"", ""x"": 50.0, ""y"": 50.0, ""radius"": 5.0}]"
sudden_target_appearance,290,58.0,3,85.359,75.996,90.0,86.0,50.0,50.0,,,position_noise+confidence_error,,trust_weighted_fusion,move,fixed,0.5,,2,0,11.029,8.957,38.886,uav_2,8.957,False,False,False,False,False,1,"[{""id"": ""obstacle_0"", ""kind"": ""static_obstacle"", ""x"": 50.0, ""y"": 50.0, ""radius"": 5.0}]"
sudden_target_appearance,291,58.2,0,79.267,63.883,94.0,90.0,50.0,50.0,,,false_positive+position_noise+confidence_error,,trust_weighted_fusion,false_avoidance,fixed,0.5,,4,1,29.987,5.237,27.392,uav_1,5.237,False,True,False,False,False,1,"[{""id"": ""obstacle_0"", ""kind"": ""static_obstacle"", ""x"": 50.0, ""y"": 50.0, ""radius"": 5.0}]"
sudden_target_appearance,291,58.2,1,76.202,59.636,90.0,94.0,50.0,50.0,,,false_positive+position_noise+confidence_error,,trust_weighted_fusion,false_avoidance,fixed,0.5,,3,1,37.03,5.237,22.918,uav_0,5.237,False,True,False,False,False,1,"[{""id"": ""obstacle_0"", ""kind"": ""static_obstacle"", ""x"": 50.0, ""y"": 50.0, ""radius"": 5.0}]"
sudden_target_appearance,291,58.2,2,78.408,70.87,86.0,90.0,50.0,50.0,,,position_noise+confidence_error,,trust_weighted_fusion,move,fixed,0.5,,3,0,20.581,7.04,30.25,uav_0,7.04,False,False,False,False,False,1,"[{""id"": ""obstacle_0"", ""kind"": ""static_obstacle"", ""x"": 50.0, ""y"": 50.0, ""radius"": 5.0}]"
sudden_target_appearance,291,58.2,3,85.517,76.336,90.0,86.0,50.0,50.0,,,position_noise+confidence_error,,trust_weighted_fusion,move,fixed,0.5,,2,0,10.654,8.967,39.215,uav_2,8.967,False,False,False,False,False,1,"[{""id"": ""obstacle_0"", ""kind"": ""static_obstacle"", ""x"": 50.0, ""y"": 50.0, ""radius"": 5.0}]"
sudden_target_appearance,292,58.4,0,79.451,64.209,94.0,90.0,50.0,50.0,,,position_noise+confidence_error,,trust_weighted_fusion,move,fixed,0.5,,3,0,29.612,5.246,27.699,uav_1,5.246,False,False,False,False,False,1,"[{""id"": ""obstacle_0"", ""kind"": ""static_obstacle"", ""x"": 50.0, ""y"": 50.0, ""radius"": 5.0}]"
sudden_target_appearance,292,58.4,1,76.342,59.984,90.0,94.0,50.0,50.0,,,position_noise+confidence_error,,trust_weighted_fusion,move,fixed,0.5,,2,0,36.655,5.246,23.17,uav_0,5.246,False,False,False,False,False,1,"[{""id"": ""obstacle_0"", ""kind"": ""static_obstacle"", ""x"": 50.0, ""y"": 50.0, ""radius"": 5.0}]"
sudden_target_appearance,292,58.4,2,78.546,71.219,86.0,90.0,50.0,50.0,,,position_noise+confidence_error,,trust_weighted_fusion,move,fixed,0.5,,3,0,20.206,7.068,30.569,uav_0,7.068,False,False,False,False,False,1,"[{""id"": ""obstacle_0"", ""kind"": ""static_obstacle"", ""x"": 50.0, ""y"": 50.0, ""radius"": 5.0}]"
sudden_target_appearance,292,58.4,3,85.674,76.676,90.0,86.0,50.0,50.0,,,position_noise+confidence_error,,trust_weighted_fusion,move,fixed,0.5,,2,0,10.279,8.977,39.545,uav_2,8.977,False,False,False,False,False,1,"[{""id"": ""obstacle_0"", ""kind"": ""static_obstacle"", ""x"": 50.0, ""y"": 50.0, ""radius"": 5.0}]"
sudden_target_appearance,293,58.6,0,79.098,64.083,94.0,90.0,50.0,50.0,,,false_positive+position_noise+confidence_error,,trust_weighted_fusion,false_avoidance,fixed,0.5,,4,1,29.896,4.573,27.327,uav_1,4.573,False,True,False,False,False,1,"[{""id"": ""obstacle_0"", ""kind"": ""static_obstacle"", ""x"": 50.0, ""y"": 50.0, ""radius"": 5.0}]"
sudden_target_appearance,293,58.6,1,76.481,60.332,90.0,94.0,50.0,50.0,,,position_noise+confidence_error,,trust_weighted_fusion,move,fixed,0.5,,2,0,36.28,4.573,23.426,uav_0,4.573,False,False,False,False,False,1,"[{""id"": ""obstacle_0"", ""kind"": ""static_obstacle"", ""x"": 50.0, ""y"": 50.0, ""radius"": 5.0}]"
sudden_target_appearance,293,58.6,2,78.906,71.113,86.0,90.0,50.0,50.0,,,false_positive+position_noise+confidence_error,,trust_weighted_fusion,false_avoidance,fixed,0.5,,4,1,20.175,7.033,30.796,uav_0,7.033,False,True,False,False,False,1,"[{""id"": ""obstacle_0"", ""kind"": ""static_obstacle"", ""x"": 50.0, ""y"": 50.0, ""radius"": 5.0}]"
sudden_target_appearance,293,58.6,3,85.832,77.016,90.0,86.0,50.0,50.0,,,position_noise+confidence_error,,trust_weighted_fusion,move,fixed,0.5,,2,0,9.904,9.1,39.876,uav_2,9.1,False,False,False,False,False,1,"[{""id"": ""obstacle_0"", ""kind"": ""static_obstacle"", ""x"": 50.0, ""y"": 50.0, ""radius"": 5.0}]"
sudden_target_appearance,294,58.8,0,79.285,64.408,94.0,90.0,50.0,50.0,,,position_noise+confidence_error,,trust_weighted_fusion,move,fixed,0.5,,3,0,29.521,5.263,27.637,uav_1,5.263,False,False,False,False,False,1,"[{""id"": ""obstacle_0"", ""kind"": ""static_obstacle"", ""x"": 50.0, ""y"": 50.0, ""radius"": 5.0}]"
sudden_target_appearance,294,58.8,1,76.477,59.957,90.0,94.0,50.0,50.0,,,position_noise+confidence_error,,trust_weighted_fusion,avoidance,fixed,0.5,,2,0,36.63,5.263,23.287,uav_0,5.263,False,False,False,False,False,1,"[{""id"": ""obstacle_0"", ""kind"": ""static_obstacle"", ""x"": 50.0, ""y"": 50.0, ""radius"": 5.0}]"
sudden_target_appearance,294,58.8,2,79.038,71.464,86.0,90.0,50.0,50.0,,,position_noise+confidence_error,,trust_weighted_fusion,move,fixed,0.5,,3,0,19.8,7.06,31.11,uav_0,7.06,False,False,False,False,False,1,"[{""id"": ""obstacle_0"", ""kind"": ""static_obstacle"", ""x"": 50.0, ""y"": 50.0, ""radius"": 5.0}]"
sudden_target_appearance,294,58.8,3,85.99,77.356,90.0,86.0,50.0,50.0,,,position_noise+confidence_error,,trust_weighted_fusion,move,fixed,0.5,,2,0,9.529,9.113,40.207,uav_2,9.113,False,False,False,False,False,1,"[{""id"": ""obstacle_0"", ""kind"": ""static_obstacle"", ""x"": 50.0, ""y"": 50.0, ""radius"": 5.0}]"
sudden_target_appearance,295,59.0,0,79.471,64.733,94.0,90.0,50.0,50.0,,,position_noise+confidence_error,,trust_weighted_fusion,move,fixed,0.5,,3,0,29.146,5.269,27.949,uav_1,5.269,False,False,False,False,False,1,"[{""id"": ""obstacle_0"", ""kind"": ""static_obstacle"", ""x"": 50.0, ""y"": 50.0, ""radius"": 5.0}]"
sudden_target_appearance,295,59.0,1,76.615,60.306,90.0,94.0,50.0,50.0,,,position_noise+confidence_error,,trust_weighted_fusion,move,fixed,0.5,,2,0,36.255,5.269,23.541,uav_0,5.269,False,False,False,False,False,1,"[{""id"": ""obstacle_0"", ""kind"": ""static_obstacle"", ""x"": 50.0, ""y"": 50.0, ""radius"": 5.0}]"
sudden_target_appearance,295,59.0,2,79.17,71.815,86.0,90.0,50.0,50.0,,,position_noise+confidence_error,,trust_weighted_fusion,move,fixed,0.5,,3,0,19.425,7.088,31.425,uav_0,7.088,False,False,False,False,False,1,"[{""id"": ""obstacle_0"", ""kind"": ""static_obstacle"", ""x"": 50.0, ""y"": 50.0, ""radius"": 5.0}]"
sudden_target_appearance,295,59.0,3,86.148,77.696,90.0,86.0,50.0,50.0,,,position_noise+confidence_error,,trust_weighted_fusion,move,fixed,0.5,,2,0,9.154,9.126,40.539,uav_2,9.126,False,False,False,False,False,1,"[{""id"": ""obstacle_0"", ""kind"": ""static_obstacle"", ""x"": 50.0, ""y"": 50.0, ""radius"": 5.0}]"
sudden_target_appearance,296,59.2,0,79.357,65.091,94.0,90.0,50.0,50.0,,,false_positive+position_noise+confidence_error,,trust_weighted_fusion,false_avoidance,fixed,0.5,,4,1,28.895,5.573,28.008,uav_1,5.573,False,True,False,False,False,1,"[{""id"": ""obstacle_0"", ""kind"": ""static_obstacle"", ""x"": 50.0, ""y"": 50.0, ""radius"": 5.0}]"
sudden_target_appearance,296,59.2,1,76.27,60.451,90.0,94.0,50.0,50.0,,,false_positive+position_noise+confidence_error,,trust_weighted_fusion,false_avoidance,fixed,0.5,,3,1,36.25,5.573,23.272,uav_0,5.573,False,True,False,False,False,1,"[{""id"": ""obstacle_0"", ""kind"": ""static_obstacle"", ""x"": 50.0, ""y"": 50.0, ""radius"": 5.0}]"
sudden_target_appearance,296,59.2,2,79.302,72.166,86.0,90.0,50.0,50.0,,,position_noise+confidence_error,,trust_weighted_fusion,move,fixed,0.5,,3,0,19.05,7.076,31.742,uav_0,7.076,False,False,False,False,False,1,"[{""id"": ""obstacle_0"", ""kind"": ""static_obstacle"", ""x"": 50.0, ""y"": 50.0, ""radius"": 5.0}]"
sudden_target_appearance,296,59.2,3,86.306,78.037,90.0,86.0,50.0,50.0,,,position_noise+confidence_error,,trust_weighted_fusion,move,fixed,0.5,,2,0,8.779,9.139,40.871,uav_2,9.139,False,False,False,False,False,1,"[{""id"": ""obstacle_0"", ""kind"": ""static_obstacle"", ""x"": 50.0, ""y"": 50.0, ""radius"": 5.0}]"
sudden_target_appearance,297,59.4,0,79.547,65.414,94.0,90.0,50.0,50.0,,,position_noise+confidence_error,,trust_weighted_fusion,move,fixed,0.5,,3,0,28.52,5.589,28.326,uav_1,5.589,False,False,False,False,False,1,"[{""id"": ""obstacle_0"", ""kind"": ""static_obstacle"", ""x"": 50.0, ""y"": 50.0, ""radius"": 5.0}]"
sudden_target_appearance,297,59.4,1,76.557,60.693,90.0,94.0,50.0,50.0,,,false_positive+position_noise+confidence_error,,trust_weighted_fusion,false_avoidance,fixed,0.5,,3,1,35.918,5.589,23.629,uav_0,5.589,False,True,False,False,False,1,"[{""id"": ""obstacle_0"", ""kind"": ""static_obstacle"", ""x"": 50.0, ""y"": 50.0, ""radius"": 5.0}]"
sudden_target_appearance,297,59.4,2,79.447,72.512,86.0,90.0,50.0,50.0,,,false_positive+position_noise+confidence_error,,trust_weighted_fusion,false_avoidance,fixed,0.5,,4,1,18.675,7.099,32.066,uav_0,7.099,False,True,False,False,False,1,"[{""id"": ""obstacle_0"", ""kind"": ""static_obstacle"", ""x"": 50.0, ""y"": 50.0, ""radius"": 5.0}]"
sudden_target_appearance,297,59.4,3,86.464,78.377,90.0,86.0,50.0,50.0,,,position_noise+confidence_error,,trust_weighted_fusion,move,fixed,0.5,,2,0,8.404,9.145,41.204,uav_2,9.145,False,False,False,False,False,1,"[{""id"": ""obstacle_0"", ""kind"": ""static_obstacle"", ""x"": 50.0, ""y"": 50.0, ""radius"": 5.0}]"
sudden_target_appearance,298,59.6,0,79.737,65.737,94.0,90.0,50.0,50.0,,,position_noise+confidence_error,,trust_weighted_fusion,move,fixed,0.5,,3,0,28.145,5.595,28.645,uav_1,5.595,False,False,False,False,False,1,"[{""id"": ""obstacle_0"", ""kind"": ""static_obstacle"", ""x"": 50.0, ""y"": 50.0, ""radius"": 5.0}]"
sudden_target_appearance,298,59.6,1,76.697,61.04,90.0,94.0,50.0,50.0,,,position_noise+confidence_error,,trust_weighted_fusion,move,fixed,0.5,,2,0,35.543,5.595,23.89,uav_0,5.595,False,False,False,False,False,1,"[{""id"": ""obstacle_0"", ""kind"": ""static_obstacle"", ""x"": 50.0, ""y"": 50.0, ""radius"": 5.0}]"
sudden_target_appearance,298,59.6,2,79.578,72.863,86.0,90.0,50.0,50.0,,,position_noise+confidence_error,,trust_weighted_fusion,move,fixed,0.5,,3,0,18.3,7.128,32.385,uav_0,7.128,False,False,False,False,False,1,"[{""id"": ""obstacle_0"", ""kind"": ""static_obstacle"", ""x"": 50.0, ""y"": 50.0, ""radius"": 5.0}]"
sudden_target_appearance,298,59.6,3,86.535,78.745,90.0,86.0,50.0,50.0,,,false_positive+position_noise+confidence_error,,trust_weighted_fusion,false_avoidance,fixed,0.5,,3,1,8.04,9.11,41.488,uav_2,9.11,False,True,False,False,False,1,"[{""id"": ""obstacle_0"", ""kind"": ""static_obstacle"", ""x"": 50.0, ""y"": 50.0, ""radius"": 5.0}]"
sudden_target_appearance,299,59.8,0,79.927,66.06,94.0,90.0,50.0,50.0,,,position_noise+confidence_error,,trust_weighted_fusion,move,fixed,0.5,,3,0,27.77,5.602,28.964,uav_1,5.602,False,False,False,False,False,1,"[{""id"": ""obstacle_0"", ""kind"": ""static_obstacle"", ""x"": 50.0, ""y"": 50.0, ""radius"": 5.0}]"
sudden_target_appearance,299,59.8,1,76.838,61.388,90.0,94.0,50.0,50.0,,,position_noise+confidence_error,,trust_weighted_fusion,move,fixed,0.5,,2,0,35.168,5.602,24.154,uav_0,5.602,False,False,False,False,False,1,"[{""id"": ""obstacle_0"", ""kind"": ""static_obstacle"", ""x"": 50.0, ""y"": 50.0, ""radius"": 5.0}]"
sudden_target_appearance,299,59.8,2,79.71,73.215,86.0,90.0,50.0,50.0,,,position_noise+confidence_error,,trust_weighted_fusion,move,fixed,0.5,,3,0,17.925,7.157,32.704,uav_0,7.157,False,False,False,False,False,1,"[{""id"": ""obstacle_0"", ""kind"": ""static_obstacle"", ""x"": 50.0, ""y"": 50.0, ""radius"": 5.0}]"
sudden_target_appearance,299,59.8,3,86.697,79.083,90.0,86.0,50.0,50.0,,,position_noise+confidence_error,,trust_weighted_fusion,move,fixed,0.5,,2,0,7.665,9.125,41.824,uav_2,9.125,False,False,False,False,False,1,"[{""id"": ""obstacle_0"", ""kind"": ""static_obstacle"", ""x"": 50.0, ""y"": 50.0, ""radius"": 5.0}]"
sudden_target_appearance,300,60.0,0,80.117,66.384,94.0,90.0,50.0,50.0,,,position_noise+confidence_error,,trust_weighted_fusion,move,fixed,0.5,,3,0,27.395,5.602,29.285,uav_1,5.602,False,False,False,False,False,1,"[{""id"": ""obstacle_0"", ""kind"": ""static_obstacle"", ""x"": 50.0, ""y"": 50.0, ""radius"": 5.0}]"
sudden_target_appearance,300,60.0,1,77.066,61.685,90.0,94.0,50.0,50.0,,,false_positive+position_noise+confidence_error,,trust_weighted_fusion,false_avoidance,fixed,0.5,,3,1,34.807,5.602,24.481,uav_0,5.602,False,True,False,False,False,1,"[{""id"": ""obstacle_0"", ""kind"": ""static_obstacle"", ""x"": 50.0, ""y"": 50.0, ""radius"": 5.0}]"
sudden_target_appearance,300,60.0,2,79.784,73.582,86.0,90.0,50.0,50.0,,,false_positive+position_noise+confidence_error,,trust_weighted_fusion,false_avoidance,fixed,0.5,,4,1,17.555,7.206,32.99,uav_0,7.206,False,True,False,False,False,1,"[{""id"": ""obstacle_0"", ""kind"": ""static_obstacle"", ""x"": 50.0, ""y"": 50.0, ""radius"": 5.0}]"
sudden_target_appearance,300,60.0,3,86.858,79.422,90.0,86.0,50.0,50.0,,,position_noise+confidence_error,,trust_weighted_fusion,move,fixed,0.5,,2,0,7.29,9.173,42.161,uav_2,9.173,False,False,False,False,False,1,"[{""id"": ""obstacle_0"", ""kind"": ""static_obstacle"", ""x"": 50.0, ""y"": 50.0, ""radius"": 5.0}]"
sudden_target_appearance,301,60.2,0,80.307,66.707,94.0,90.0,50.0,50.0,,,position_noise+confidence_error,,trust_weighted_fusion,move,fixed,0.5,,3,0,27.02,5.609,29.607,uav_1,5.609,False,False,False,False,False,1,"[{""id"": ""obstacle_0"", ""kind"": ""static_obstacle"", ""x"": 50.0, ""y"": 50.0, ""radius"": 5.0}]"
sudden_target_appearance,301,60.2,1,77.206,62.033,90.0,94.0,50.0,50.0,,,position_noise+confidence_error,,trust_weighted_fusion,move,fixed,0.5,,2,0,34.432,5.609,24.748,uav_0,5.609,False,False,False,False,False,1,"[{""id"": ""obstacle_0"", ""kind"": ""static_obstacle"", ""x"": 50.0, ""y"": 50.0, ""radius"": 5.0}]"
sudden_target_appearance,301,60.2,2,79.917,73.933,86.0,90.0,50.0,50.0,,,position_noise+confidence_error,,trust_weighted_fusion,move,fixed,0.5,,3,0,17.18,7.236,33.312,uav_0,7.236,False,False,False,False,False,1,"[{""id"": ""obstacle_0"", ""kind"": ""static_obstacle"", ""x"": 50.0, ""y"": 50.0, ""radius"": 5.0}]"
sudden_target_appearance,301,60.2,3,87.02,79.76,90.0,86.0,50.0,50.0,,,position_noise+confidence_error,,trust_weighted_fusion,move,fixed,0.5,,2,0,6.915,9.188,42.499,uav_2,9.188,False,False,False,False,False,1,"[{""id"": ""obstacle_0"", ""kind"": ""static_obstacle"", ""x"": 50.0, ""y"": 50.0, ""radius"": 5.0}]"
sudden_target_appearance,302,60.4,0,80.497,67.03,94.0,90.0,50.0,50.0,,,position_noise+confidence_error,,trust_weighted_fusion,move,fixed,0.5,,3,0,26.645,5.617,29.93,uav_1,5.617,False,False,False,False,False,1,"[{""id"": ""obstacle_0"", ""kind"": ""static_obstacle"", ""x"": 50.0, ""y"": 50.0, ""radius"": 5.0}]"
sudden_target_appearance,302,60.4,1,77.345,62.381,90.0,94.0,50.0,50.0,,,position_noise+confidence_error,,trust_weighted_fusion,move,fixed,0.5,,2,0,34.057,5.617,25.018,uav_0,5.617,False,False,False,False,False,1,"[{""id"": ""obstacle_0"", ""kind"": ""static_obstacle"", ""x"": 50.0, ""y"": 50.0, ""radius"": 5.0}]"
sudden_target_appearance,302,60.4,2,80.05,74.284,86.0,90.0,50.0,50.0,,,position_noise+confidence_error,,trust_weighted_fusion,move,fixed,0.5,,3,0,16.805,7.267,33.635,uav_0,7.267,False,False,False,False,False,1,"[{""id"": ""obstacle_0"", ""kind"": ""static_obstacle"", ""x"": 50.0, ""y"": 50.0, ""radius"": 5.0}]"
sudden_target_appearance,302,60.4,3,87.182,80.098,90.0,86.0,50.0,50.0,,,position_noise+confidence_error,,trust_weighted_fusion,move,fixed,0.5,,2,0,6.54,9.202,42.837,uav_2,9.202,False,False,False,False,False,1,"[{""id"": ""obstacle_0"", ""kind"": ""static_obstacle"", ""x"": 50.0, ""y"": 50.0, ""radius"": 5.0}]"
sudden_target_appearance,303,60.6,0,80.687,67.354,94.0,90.0,50.0,50.0,,,position_noise+confidence_error,,trust_weighted_fusion,move,fixed,0.5,,3,0,26.27,5.625,30.254,uav_1,5.625,False,False,False,False,False,1,"[{""id"": ""obstacle_0"", ""kind"": ""static_obstacle"", ""x"": 50.0, ""y"": 50.0, ""radius"": 5.0}]"
sudden_target_appearance,303,60.6,1,77.485,62.729,90.0,94.0,50.0,50.0,,,position_noise+confidence_error,,trust_weighted_fusion,move,fixed,0.5,,2,0,33.682,5.625,25.289,uav_0,5.625,False,False,False,False,False,1,"[{""id"": ""obstacle_0"", ""kind"": ""static_obstacle"", ""x"": 50.0, ""y"": 50.0, ""radius"": 5.0}]"
sudden_target_appearance,303,60.6,2,80.182,74.634,86.0,90.0,50.0,50.0,,,position_noise+confidence_error,,trust_weighted_fusion,move,fixed,0.5,,3,0,16.43,7.298,33.959,uav_0,7.298,False,False,False,False,False,1,"[{""id"": ""obstacle_0"", ""kind"": ""static_obstacle"", ""x"": 50.0, ""y"": 50.0, ""radius"": 5.0}]"
sudden_target_appearance,303,60.6,3,87.471,80.338,90.0,86.0,50.0,50.0,,,false_positive+position_noise+confidence_error,,trust_weighted_fusion,false_avoidance,fixed,0.5,,3,1,6.202,9.254,43.212,uav_2,9.254,False,True,False,False,False,1,"[{""id"": ""obstacle_0"", ""kind"": ""static_obstacle"", ""x"": 50.0, ""y"": 50.0, ""radius"": 5.0}]"
sudden_target_appearance,304,60.8,0,80.817,67.705,94.0,90.0,50.0,50.0,,,false_positive+position_noise+confidence_error,,trust_weighted_fusion,false_avoidance,fixed,0.5,,4,1,25.901,5.641,30.541,uav_1,5.641,False,True,False,False,False,1,"[{""id"": ""obstacle_0"", ""kind"": ""static_obstacle"", ""x"": 50.0, ""y"": 50.0, ""radius"": 5.0}]"
sudden_target_appearance,304,60.8,1,77.791,62.945,90.0,94.0,50.0,50.0,,,false_positive+position_noise+confidence_error,,trust_weighted_fusion,false_avoidance,fixed,0.5,,3,1,33.369,5.641,25.658,uav_0,5.641,False,True,False,False,False,1,"[{""id"": ""obstacle_0"", ""kind"": ""static_obstacle"", ""x"": 50.0, ""y"": 50.0, ""radius"": 5.0}]"
sudden_target_appearance,304,60.8,2,80.437,74.909,86.0,90.0,50.0,50.0,,,false_positive+position_noise+confidence_error,,trust_weighted_fusion,false_avoidance,fixed,0.5,,4,1,16.083,7.214,34.331,uav_0,7.214,False,True,False,False,False,1,"[{""id"": ""obstacle_0"", ""kind"": ""static_obstacle"", ""x"": 50.0, ""y"": 50.0, ""radius"": 5.0}]"
sudden_target_appearance,304,60.8,3,87.377,80.701,90.0,86.0,50.0,50.0,,,false_positive+position_noise+confidence_error,,trust_weighted_fusion,false_avoidance,fixed,0.5,,3,1,5.913,9.039,43.37,uav_2,9.039,False,True,False,False,False,1,"[{""id"": ""obstacle_0"", ""kind"": ""static_obstacle"", ""x"": 50.0, ""y"": 50.0, ""radius"": 5.0}]"
sudden_target_appearance,305,61.0,0,81.008,68.028,94.0,90.0,50.0,50.0,,,position_noise+confidence_error,,trust_weighted_fusion,move,fixed,0.5,,3,0,25.526,6.022,30.868,uav_1,6.022,False,False,False,False,False,1,"[{""id"": ""obstacle_0"", ""kind"": ""static_obstacle"", ""x"": 50.0, ""y"": 50.0, ""radius"": 5.0}]"
sudden_target_appearance,305,61.0,1,78.111,62.749,90.0,94.0,50.0,50.0,,,false_positive+position_noise+confidence_error,,trust_weighted_fusion,false_avoidance,fixed,0.5,,3,1,33.436,6.022,25.867,uav_0,6.022,False,True,False,False,False,1,"[{""id"": ""obstacle_0"", ""kind"": ""static_obstacle"", ""x"": 50.0, ""y"": 50.0, ""radius"": 5.0}]"
sudden_target_appearance,305,61.0,2,80.567,75.261,86.0,90.0,50.0,50.0,,,position_noise+confidence_error,,trust_weighted_fusion,move,fixed,0.5,,3,0,15.708,7.246,34.654,uav_0,7.246,False,False,False,False,False,1,"[{""id"": ""obstacle_0"", ""kind"": ""static_obstacle"", ""x"": 50.0, ""y"": 50.0, ""radius"": 5.0}]"
sudden_target_appearance,305,61.0,3,87.524,81.046,90.0,86.0,50.0,50.0,,,false_positive+position_noise+confidence_error,,trust_weighted_fusion,false_avoidance,fixed,0.5,,3,1,5.538,9.048,43.702,uav_2,9.048,False,True,False,False,False,1,"[{""id"": ""obstacle_0"", ""kind"": ""static_obstacle"", ""x"": 50.0, ""y"": 50.0, ""radius"": 5.0}]"
sudden_target_appearance,306,61.2,0,80.921,68.393,94.0,90.0,50.0,50.0,,,false_positive+position_noise+confidence_error,,trust_weighted_fusion,false_avoidance,fixed,0.5,,4,1,25.257,5.932,30.978,uav_1,5.932,False,True,False,False,False,1,"[{""id"": ""obstacle_0"", ""kind"": ""static_obstacle"", ""x"": 50.0, ""y"": 50.0, ""radius"": 5.0}]"
sudden_target_appearance,306,61.2,1,78.244,63.099,90.0,94.0,50.0,50.0,,,position_noise+confidence_error,,trust_weighted_fusion,move,fixed,0.5,,2,0,33.061,5.932,26.134,uav_0,5.932,False,False,False,False,False,1,"[{""id"": ""obstacle_0"", ""kind"": ""static_obstacle"", ""x"": 50.0, ""y"": 50.0, ""radius"": 5.0}]"
sudden_target_appearance,306,61.2,2,80.697,75.613,86.0,90.0,50.0,50.0,,,position_noise+confidence_error,,trust_weighted_fusion,move,fixed,0.5,,3,0,15.333,7.223,34.979,uav_0,7.223,False,False,False,False,False,1,"[{""id"": ""obstacle_0"", ""kind"": ""static_obstacle"", ""x"": 50.0, ""y"": 50.0, ""radius"": 5.0}]"
sudden_target_appearance,306,61.2,3,87.692,81.381,90.0,86.0,50.0,50.0,,,position_noise+confidence_error,,trust_weighted_fusion,move,fixed,0.5,,2,0,5.163,9.067,44.046,uav_2,9.067,False,False,False,False,False,1,"[{""id"": ""obstacle_0"", ""kind"": ""static_obstacle"", ""x"": 50.0, ""y"": 50.0, ""radius"": 5.0}]"
sudden_target_appearance,307,61.4,0,81.115,68.714,94.0,90.0,50.0,50.0,,,position_noise+confidence_error,,trust_weighted_fusion,move,fixed,0.5,,3,0,24.882,5.933,31.309,uav_1,5.933,False,False,False,False,False,1,"[{""id"": ""obstacle_0"", ""kind"": ""static_obstacle"", ""x"": 50.0, ""y"": 50.0, ""radius"": 5.0}]"
sudden_target_appearance,307,61.4,1,78.378,63.45,90.0,94.0,50.0,50.0,,,position_noise+confidence_error,,trust_weighted_fusion,move,fixed,0.5,,2,0,32.686,5.933,26.404,uav_0,5.933,False,False,False,False,False,1,"[{""id"": ""obstacle_0"", ""kind"": ""static_obstacle"", ""x"": 50.0, ""y"": 50.0, ""radius"": 5.0}]"
sudden_target_appearance,307,61.4,2,80.827,75.965,86.0,90.0,50.0,50.0,,,position_noise+confidence_error,,trust_weighted_fusion,move,fixed,0.5,,3,0,14.958,7.257,35.304,uav_0,7.257,False,False,False,False,False,1,"[{""id"": ""obstacle_0"", ""kind"": ""static_obstacle"", ""x"": 50.0, ""y"": 50.0, ""radius"": 5.0}]"
sudden_target_appearance,307,61.4,3,87.86,81.717,90.0,86.0,50.0,50.0,,,position_noise+confidence_error,,trust_weighted_fusion,move,fixed,0.5,,2,0,4.788,9.086,44.389,uav_2,9.086,False,False,False,False,False,1,"[{""id"": ""obstacle_0"", ""kind"": ""static_obstacle"", ""x"": 50.0, ""y"": 50.0, ""radius"": 5.0}]"
sudden_target_appearance,308,61.6,0,81.31,69.035,94.0,90.0,50.0,50.0,,,position_noise+confidence_error,,trust_weighted_fusion,move,fixed,0.5,,3,0,24.507,5.935,31.642,uav_1,5.935,False,False,False,False,False,1,"[{""id"": ""obstacle_0"", ""kind"": ""static_obstacle"", ""x"": 50.0, ""y"": 50.0, ""radius"": 5.0}]"
sudden_target_appearance,308,61.6,1,78.511,63.8,90.0,94.0,50.0,50.0,,,position_noise+confidence_error,,trust_weighted_fusion,move,fixed,0.5,,2,0,32.311,5.935,26.675,uav_0,5.935,False,False,False,False,False,1,"[{""id"": ""obstacle_0"", ""kind"": ""static_obstacle"", ""x"": 50.0, ""y"": 50.0, ""radius"": 5.0}]"
sudden_target_appearance,308,61.6,2,80.956,76.317,86.0,90.0,50.0,50.0,,,position_noise+confidence_error,,trust_weighted_fusion,move,fixed,0.5,,3,0,14.583,7.291,35.631,uav_0,7.291,False,False,False,False,False,1,"[{""id"": ""obstacle_0"", ""kind"": ""static_obstacle"", ""x"": 50.0, ""y"": 50.0, ""radius"": 5.0}]"
sudden_target_appearance,308,61.6,3,88.011,82.06,90.0,86.0,50.0,50.0,,,false_positive+position_noise+confidence_error,,trust_weighted_fusion,false_avoidance,fixed,0.5,,3,1,4.414,9.097,44.726,uav_2,9.097,False,True,False,False,False,1,"[{""id"": ""obstacle_0"", ""kind"": ""static_obstacle"", ""x"": 50.0, ""y"": 50.0, ""radius"": 5.0}]"
sudden_target_appearance,309,61.8,0,81.504,69.355,94.0,90.0,50.0,50.0,,,position_noise+confidence_error,,trust_weighted_fusion,move,fixed,0.5,,3,0,24.132,5.938,31.975,uav_1,5.938,False,False,False,False,False,1,"[{""id"": ""obstacle_0"", ""kind"": ""static_obstacle"", ""x"": 50.0, ""y"": 50.0, ""radius"": 5.0}]"
sudden_target_appearance,309,61.8,1,78.644,64.151,90.0,94.0,50.0,50.0,,,position_noise+confidence_error,,trust_weighted_fusion,move,fixed,0.5,,2,0,31.936,5.938,26.949,uav_0,5.938,False,False,False,False,False,1,"[{""id"": ""obstacle_0"", ""kind"": ""static_obstacle"", ""x"": 50.0, ""y"": 50.0, ""radius"": 5.0}]"
sudden_target_appearance,309,61.8,2,81.086,76.669,86.0,90.0,50.0,50.0,,,position_noise+confidence_error,,trust_weighted_fusion,move,fixed,0.5,,3,0,14.208,7.325,35.958,uav_0,7.325,False,False,False,False,False,1,"[{""id"": ""obstacle_0"", ""kind"": ""static_obstacle"", ""x"": 50.0, ""y"": 50.0, ""radius"": 5.0}]"
sudden_target_appearance,309,61.8,3,88.18,82.394,90.0,86.0,50.0,50.0,,,position_noise+confidence_error,,trust_weighted_fusion,move,fixed,0.5,,2,0,4.039,9.117,45.071,uav_2,9.117,False,False,False,False,False,1,"[{""id"": ""obstacle_0"", ""kind"": ""static_obstacle"", ""x"": 50.0, ""y"": 50.0, ""radius"": 5.0}]"
sudden_target_appearance,310,62.0,0,81.698,69.676,94.0,90.0,50.0,50.0,,,position_noise+confidence_error,,trust_weighted_fusion,move,fixed,0.5,,3,0,23.757,5.942,32.308,uav_1,5.942,False,False,False,False,False,1,"[{""id"": ""obstacle_0"", ""kind"": ""static_obstacle"", ""x"": 50.0, ""y"": 50.0, ""radius"": 5.0}]"
sudden_target_appearance,310,62.0,1,78.778,64.501,90.0,94.0,50.0,50.0,,,position_noise+confidence_error,,trust_weighted_fusion,move,fixed,0.5,,2,0,31.561,5.942,27.225,uav_0,5.942,False,False,False,False,False,1,"[{""id"": ""obstacle_0"", ""kind"": ""static_obstacle"", ""x"": 50.0, ""y"": 50.0, ""radius"": 5.0}]"
sudden_target_appearance,310,62.0,2,81.446,76.563,86.0,90.0,50.0,50.0,,,false_positive+position_noise+confidence_error,,trust_weighted_fusion,false_avoidance,fixed,0.5,,4,1,14.187,6.892,36.164,uav_0,6.892,False,True,False,False,False,1,"[{""id"": ""obstacle_0"", ""kind"": ""static_obstacle"", ""x"": 50.0, ""y"": 50.0, ""radius"": 5.0}]"
sudden_target_appearance,310,62.0,3,88.349,82.729,90.0,86.0,50.0,50.0,,,position_noise+confidence_error,,trust_weighted_fusion,move,fixed,0.5,,2,0,3.664,9.256,45.417,uav_2,9.256,False,False,False,False,False,1,"[{""id"": ""obstacle_0"", ""kind"": ""static_obstacle"", ""x"": 50.0, ""y"": 50.0, ""radius"": 5.0}]"
sudden_target_appearance,311,62.2,0,81.892,69.997,94.0,90.0,50.0,50.0,,,position_noise+confidence_error,,trust_weighted_fusion,move,fixed,0.5,,3,0,23.382,6.036,32.643,uav_1,6.036,False,False,False,False,False,1,"[{""id"": ""obstacle_0"", ""kind"": ""static_obstacle"", ""x"": 50.0, ""y"": 50.0, ""radius"": 5.0}]"
sudden_target_appearance,311,62.2,1,78.707,64.87,90.0,94.0,50.0,50.0,,,false_positive+position_noise+confidence_error,,trust_weighted_fusion,false_avoidance,fixed,0.5,,3,1,31.243,6.036,27.33,uav_0,6.036,False,True,False,False,False,1,"[{""id"": ""obstacle_0"", ""kind"": ""static_obstacle"", ""x"": 50.0, ""y"": 50.0, ""radius"": 5.0}]"
sudden_target_appearance,311,62.2,2,81.566,76.919,86.0,90.0,50.0,50.0,,,position_noise+confidence_error,,trust_weighted_fusion,move,fixed,0.5,,3,0,13.812,6.929,36.485,uav_0,6.929,False,False,False,False,False,1,"[{""id"": ""obstacle_0"", ""kind"": ""static_obstacle"", ""x"": 50.0, ""y"": 50.0, ""radius"": 5.0}]"
sudden_target_appearance,311,62.2,3,88.341,83.104,90.0,86.0,50.0,50.0,,,false_positive+position_noise+confidence_error,,trust_weighted_fusion,false_avoidance,fixed,0.5,,3,1,3.337,9.174,45.655,uav_2,9.174,False,True,False,False,False,1,"[{""id"": ""obstacle_0"", ""kind"": ""static_obstacle"", ""x"": 50.0, ""y"": 50.0, ""radius"": 5.0}]"
sudden_target_appearance,312,62.4,0,82.265,70.035,94.0,90.0,50.0,50.0,,,false_positive+position_noise+confidence_error,,trust_weighted_fusion,false_avoidance,fixed,0.5,,4,1,23.158,5.908,32.98,uav_1,5.908,False,True,False,False,False,1,"[{""id"": ""obstacle_0"", ""kind"": ""static_obstacle"", ""x"": 50.0, ""y"": 50.0, ""radius"": 5.0}]"
sudden_target_appearance,312,62.4,1,78.843,65.219,90.0,94.0,50.0,50.0,,,position_noise+confidence_error,,trust_weighted_fusion,move,fixed,0.5,,2,0,30.868,5.908,27.612,uav_0,5.908,False,False,False,False,False,1,"[{""id"": ""obstacle_0"", ""kind"": ""static_obstacle"", ""x"": 50.0, ""y"": 50.0, ""radius"": 5.0}]"
sudden_target_appearance,312,62.4,2,81.687,77.274,86.0,90.0,50.0,50.0,,,position_noise+confidence_error,,trust_weighted_fusion,move,fixed,0.5,,3,0,13.437,7.261,36.808,uav_0,7.261,False,False,False,False,False,1,"[{""id"": ""obstacle_0"", ""kind"": ""static_obstacle"", ""x"": 50.0, ""y"": 50.0, ""radius"": 5.0}]"
sudden_target_appearance,312,62.4,3,88.714,83.147,90.0,86.0,50.0,50.0,,,false_positive+position_noise+confidence_error,,trust_weighted_fusion,false_avoidance,fixed,0.5,,3,1,3.13,9.158,45.965,uav_2,9.158,False,True,False,False,False,1,"[{""id"": ""obstacle_0"", ""kind"": ""static_obstacle"", ""x"": 50.0, ""y"": 50.0, ""radius"": 5.0}]"
sudden_target_appearance,313,62.6,0,82.64,70.032,94.0,90.0,50.0,50.0,,,false_positive+position_noise+confidence_error,,trust_weighted_fusion,false_avoidance,fixed,0.5,,4,1,22.973,5.773,33.297,uav_1,5.773,False,True,False,False,False,1,"[{""id"": ""obstacle_0"", ""kind"": ""static_obstacle"", ""x"": 50.0, ""y"": 50.0, ""radius"": 5.0}]"
sudden_target_appearance,313,62.6,1,78.978,65.569,90.0,94.0,50.0,50.0,,,position_noise+confidence_error,,trust_weighted_fusion,move,fixed,0.5,,2,0,30.493,5.773,27.896,uav_0,5.773,False,False,False,False,False,1,"[{""id"": ""obstacle_0"", ""kind"": ""static_obstacle"", ""x"": 50.0, ""y"": 50.0, ""radius"": 5.0}]"
sudden_target_appearance,313,62.6,2,81.807,77.629,86.0,90.0,50.0,50.0,,,position_noise+confidence_error,,trust_weighted_fusion,move,fixed,0.5,,3,0,13.062,7.643,37.131,uav_0,7.643,False,False,False,False,False,1,"[{""id"": ""obstacle_0"", ""kind"": ""static_obstacle"", ""x"": 50.0, ""y"": 50.0, ""radius"": 5.0}]"
sudden_target_appearance,313,62.6,3,88.868,83.489,90.0,86.0,50.0,50.0,,,position_noise+confidence_error,,trust_weighted_fusion,move,fixed,0.5,,2,0,2.755,9.176,46.305,uav_2,9.176,False,False,False,False,False,1,"[{""id"": ""obstacle_0"", ""kind"": ""static_obstacle"", ""x"": 50.0, ""y"": 50.0, ""radius"": 5.0}]"
sudden_target_appearance,314,62.8,0,82.7,69.662,94.0,90.0,50.0,50.0,,,false_positive+position_noise+confidence_error,,trust_weighted_fusion,false_avoidance,fixed,0.5,,4,1,23.267,5.183,33.156,uav_1,5.183,False,True,False,False,False,1,"[{""id"": ""obstacle_0"", ""kind"": ""static_obstacle"", ""x"": 50.0, ""y"": 50.0, ""radius"": 5.0}]"
sudden_target_appearance,314,62.8,1,79.114,65.919,90.0,94.0,50.0,50.0,,,position_noise+confidence_error,,trust_weighted_fusion,move,fixed,0.5,,2,0,30.118,5.183,28.182,uav_0,5.183,False,False,False,False,False,1,"[{""id"": ""obstacle_0"", ""kind"": ""static_obstacle"", ""x"": 50.0, ""y"": 50.0, ""radius"": 5.0}]"
sudden_target_appearance,314,62.8,2,81.927,77.984,86.0,90.0,50.0,50.0,,,position_noise+confidence_error,,trust_weighted_fusion,move,fixed,0.5,,3,0,12.687,8.358,37.455,uav_0,8.358,False,False,False,False,False,1,"[{""id"": ""obstacle_0"", ""kind"": ""static_obstacle"", ""x"": 50.0, ""y"": 50.0, ""radius"": 5.0}]"
sudden_target_appearance,314,62.8,3,89.022,83.831,90.0,86.0,50.0,50.0,,,position_noise+confidence_error,,trust_weighted_fusion,move,fixed,0.5,,2,0,2.38,9.193,46.645,uav_2,9.193,False,False,False,False,False,1,"[{""id"": ""obstacle_0"", ""kind"": ""static_obstacle"", ""x"": 50.0, ""y"": 50.0, ""radius"": 5.0}]"
sudden_target_appearance,315,63.0,0,82.882,69.989,94.0,90.0,50.0,50.0,,,position_noise+confidence_error,,trust_weighted_fusion,move,fixed,0.5,,2,0,22.892,5.2,33.481,uav_1,5.2,False,False,False,False,False,1,"[{""id"": ""obstacle_0"", ""kind"": ""static_obstacle"", ""x"": 50.0, ""y"": 50.0, ""radius"": 5.0}]"
sudden_target_appearance,315,63.0,1,79.249,66.268,90.0,94.0,50.0,50.0,,,position_noise+confidence_error,,trust_weighted_fusion,move,fixed,0.5,,2,0,29.743,5.2,28.469,uav_0,5.2,False,False,False,False,False,1,"[{""id"": ""obstacle_0"", ""kind"": ""static_obstacle"", ""x"": 50.0, ""y"": 50.0, ""radius"": 5.0}]"
sudden_target_appearance,315,63.0,2,82.048,78.339,86.0,90.0,50.0,50.0,,,position_noise+confidence_error,,trust_weighted_fusion,move,fixed,0.5,,3,0,12.312,8.391,37.78,uav_0,8.391,False,False,False,False,False,1,"[{""id"": ""obstacle_0"", ""kind"": ""static_obstacle"", ""x"": 50.0, ""y"": 50.0, ""radius"": 5.0}]"
sudden_target_appearance,315,63.0,3,89.091,84.199,90.0,86.0,50.0,50.0,,,false_positive+position_noise+confidence_error,,trust_weighted_fusion,false_avoidance,fixed,0.5,,2,1,2.017,9.163,46.94,uav_2,9.163,False,True,False,False,False,1,"[{""id"": ""obstacle_0"", ""kind"": ""static_obstacle"", ""x"": 50.0, ""y"": 50.0, ""radius"": 5.0}]"
sudden_target_appearance,316,63.2,0,83.064,70.317,94.0,90.0,50.0,50.0,,,position_noise+confidence_error,,trust_weighted_fusion,move,fixed,0.5,,2,0,22.517,5.674,33.807,uav_1,5.674,False,False,False,False,False,1,"[{""id"": ""obstacle_0"", ""kind"": ""static_obstacle"", ""x"": 50.0, ""y"": 50.0, ""radius"": 5.0}]"
sudden_target_appearance,316,63.2,1,79.444,65.948,90.0,94.0,50.0,50.0,,,false_positive+position_noise+confidence_error,,trust_weighted_fusion,false_avoidance,fixed,0.5,,3,1,29.972,5.674,28.486,uav_0,5.674,False,True,False,False,False,1,"[{""id"": ""obstacle_0"", ""kind"": ""static_obstacle"", ""x"": 50.0, ""y"": 50.0, ""radius"": 5.0}]"
sudden_target_appearance,316,63.2,2,82.168,78.694,86.0,90.0,50.0,50.0,,,position_noise+confidence_error,,trust_weighted_fusion,move,fixed,0.5,,3,0,11.937,8.425,38.106,uav_0,8.425,False,False,False,False,False,1,"[{""id"": ""obstacle_0"", ""kind"": ""static_obstacle"", ""x"": 50.0, ""y"": 50.0, ""radius"": 5.0}]"
sudden_target_appearance,316,63.2,3,89.26,84.534,90.0,86.0,50.0,50.0,,,position_noise+confidence_error,,trust_weighted_fusion,move,fixed,0.5,,1,0,1.642,9.187,47.287,uav_2,9.187,False,False,False,False,True,1,"[{""id"": ""obstacle_0"", ""kind"": ""static_obstacle"", ""x"": 50.0, ""y"": 50.0, ""radius"": 5.0}]"
sudden_target_appearance,317,63.4,0,83.048,70.692,94.0,90.0,50.0,50.0,,,false_positive+position_noise+confidence_error,,trust_weighted_fusion,false_avoidance,fixed,0.5,,3,1,22.198,5.599,33.991,uav_1,5.599,False,True,False,False,False,1,"[{""id"": ""obstacle_0"", ""kind"": ""static_obstacle"", ""x"": 50.0, ""y"": 50.0, ""radius"": 5.0}]"
sudden_target_appearance,317,63.4,1,79.576,66.299,90.0,94.0,50.0,50.0,,,position_noise+confidence_error,,trust_weighted_fusion,move,fixed,0.5,,2,0,29.597,5.599,28.77,uav_0,5.599,False,False,False,False,False,1,"[{""id"": ""obstacle_0"", ""kind"": ""static_obstacle"", ""x"": 50.0, ""y"": 50.0, ""radius"": 5.0}]"
sudden_target_appearance,317,63.4,2,82.289,79.049,86.0,90.0,50.0,50.0,,,position_noise+confidence_error,,trust_weighted_fusion,move,fixed,0.5,,3,0,11.562,8.392,38.433,uav_0,8.392,False,False,False,False,False,1,"[{""id"": ""obstacle_0"", ""kind"": ""static_obstacle"", ""x"": 50.0, ""y"": 50.0, ""radius"": 5.0}]"
sudden_target_appearance,317,63.4,3,89.26,84.534,90.0,86.0,50.0,50.0,,,none,,trust_weighted_fusion,at_goal,fixed,0.0,,0,0,1.642,8.87,47.287,uav_2,8.87,False,False,False,False,True,1,"[{""id"": ""obstacle_0"", ""kind"": ""static_obstacle"", ""x"": 50.0, ""y"": 50.0, ""radius"": 5.0}]"
sudden_target_appearance,318,63.6,0,83.233,71.018,94.0,90.0,50.0,50.0,,,position_noise+confidence_error,,trust_weighted_fusion,move,fixed,0.5,,2,0,21.823,5.613,34.322,uav_1,5.613,False,False,False,False,False,1,"[{""id"": ""obstacle_0"", ""kind"": ""static_obstacle"", ""x"": 50.0, ""y"": 50.0, ""radius"": 5.0}]"
sudden_target_appearance,318,63.6,1,79.708,66.65,90.0,94.0,50.0,50.0,,,position_noise+confidence_error,,trust_weighted_fusion,move,fixed,0.5,,2,0,29.222,5.613,29.056,uav_0,5.613,False,False,False,False,False,1,"[{""id"": ""obstacle_0"", ""kind"": ""static_obstacle"", ""x"": 50.0, ""y"": 50.0, ""radius"": 5.0}]"
sudden_target_appearance,318,63.6,2,82.409,79.405,86.0,90.0,50.0,50.0,,,position_noise+confidence_error,,trust_weighted_fusion,move,fixed,0.5,,3,0,11.187,8.427,38.76,uav_0,8.427,False,False,False,False,False,1,"[{""id"": ""obstacle_0"", ""kind"": ""static_obstacle"", ""x"": 50.0, ""y"": 50.0, ""radius"": 5.0}]"
sudden_target_appearance,318,63.6,3,89.26,84.534,90.0,86.0,50.0,50.0,,,none,,trust_weighted_fusion,at_goal,fixed,0.0,,0,0,1.642,8.559,47.287,uav_2,8.559,False,False,False,False,True,1,"[{""id"": ""obstacle_0"", ""kind"": ""static_obstacle"", ""x"": 50.0, ""y"": 50.0, ""radius"": 5.0}]"
sudden_target_appearance,319,63.8,0,83.223,71.393,94.0,90.0,50.0,50.0,,,false_positive+position_noise+confidence_error,,trust_weighted_fusion,false_avoidance,fixed,0.5,,4,1,21.503,5.544,34.515,uav_1,5.544,False,True,False,False,False,1,"[{""id"": ""obstacle_0"", ""kind"": ""static_obstacle"", ""x"": 50.0, ""y"": 50.0, ""radius"": 5.0}]"
sudden_target_appearance,319,63.8,1,79.84,67.001,90.0,94.0,50.0,50.0,,,position_noise+confidence_error,,trust_weighted_fusion,move,fixed,0.5,,2,0,28.847,5.544,29.343,uav_0,5.544,False,False,False,False,False,1,"[{""id"": ""obstacle_0"", ""kind"": ""static_obstacle"", ""x"": 50.0, ""y"": 50.0, ""radius"": 5.0}]"
sudden_target_appearance,319,63.8,2,82.544,79.754,86.0,90.0,50.0,50.0,,,false_positive+position_noise+confidence_error,,trust_weighted_fusion,false_avoidance,fixed,0.5,,4,1,10.813,8.243,39.096,uav_3,8.243,False,True,False,False,False,1,"[{""id"": ""obstacle_0"", ""kind"": ""static_obstacle"", ""x"": 50.0, ""y"": 50.0, ""radius"": 5.0}]"
sudden_target_appearance,319,63.8,3,89.26,84.534,90.0,86.0,50.0,50.0,,,none,,trust_weighted_fusion,at_goal,fixed,0.0,,0,0,1.642,8.243,47.287,uav_2,8.243,False,False,False,False,True,1,"[{""id"": ""obstacle_0"", ""kind"": ""static_obstacle"", ""x"": 50.0, ""y"": 50.0, ""radius"": 5.0}]"
sudden_target_appearance,320,64.0,0,83.411,71.717,94.0,90.0,50.0,50.0,,,position_noise+confidence_error,,trust_weighted_fusion,move,fixed,0.5,,3,0,21.128,5.582,34.849,uav_1,5.582,False,False,False,False,False,1,"[{""id"": ""obstacle_0"", ""kind"": ""static_obstacle"", ""x"": 50.0, ""y"": 50.0, ""radius"": 5.0}]"
sudden_target_appearance,320,64.0,1,80.176,67.169,90.0,94.0,50.0,50.0,,,false_positive+position_noise+confidence_error,,trust_weighted_fusion,false_avoidance,fixed,0.5,,3,1,28.573,5.582,29.718,uav_0,5.582,False,True,False,False,False,1,"[{""id"": ""obstacle_0"", ""kind"": ""static_obstacle"", ""x"": 50.0, ""y"": 50.0, ""radius"": 5.0}]"
sudden_target_appearance,320,64.0,2,82.664,80.11,86.0,90.0,50.0,50.0,,,position_noise+confidence_error,,trust_weighted_fusion,move,fixed,0.5,,3,0,10.438,7.943,39.424,uav_3,7.943,False,False,False,False,False,1,"[{""id"": ""obstacle_0"", ""kind"": ""static_obstacle"", ""x"": 50.0, ""y"": 50.0, ""radius"": 5.0}]"
sudden_target_appearance,320,64.0,3,89.26,84.534,90.0,86.0,50.0,50.0,,,none,,trust_weighted_fusion,at_goal,fixed,0.0,,0,0,1.642,7.943,47.287,uav_2,7.943,False,False,False,False,True,1,"[{""id"": ""obstacle_0"", ""kind"": ""static_obstacle"", ""x"": 50.0, ""y"": 50.0, ""radius"": 5.0}]"
sudden_target_appearance,321,64.2,0,83.599,72.042,94.0,90.0,50.0,50.0,,,position_noise+confidence_error,,trust_weighted_fusion,move,fixed,0.5,,3,0,20.753,5.594,35.184,uav_1,5.594,False,False,False,False,False,1,"[{""id"": ""obstacle_0"", ""kind"": ""static_obstacle"", ""x"": 50.0, ""y"": 50.0, ""radius"": 5.0}]"
sudden_target_appearance,321,64.2,1,80.305,67.521,90.0,94.0,50.0,50.0,,,position_noise+confidence_error,,trust_weighted_fusion,move,fixed,0.5,,2,0,28.198,5.594,30.005,uav_0,5.594,False,False,False,False,False,1,"[{""id"": ""obstacle_0"", ""kind"": ""static_obstacle"", ""x"": 50.0, ""y"": 50.0, ""radius"": 5.0}]"
sudden_target_appearance,321,64.2,2,82.784,80.465,86.0,90.0,50.0,50.0,,,position_noise+confidence_error,,trust_weighted_fusion,move,fixed,0.5,,3,0,10.063,7.649,39.754,uav_3,7.649,False,False,False,False,False,1,"[{""id"": ""obstacle_0"", ""kind"": ""static_obstacle"", ""x"": 50.0, ""y"": 50.0, ""radius"": 5.0}]"
sudden_target_appearance,321,64.2,3,89.26,84.534,90.0,86.0,50.0,50.0,,,none,,trust_weighted_fusion,at_goal,fixed,0.0,,0,0,1.642,7.649,47.287,uav_2,7.649,False,False,False,False,True,1,"[{""id"": ""obstacle_0"", ""kind"": ""static_obstacle"", ""x"": 50.0, ""y"": 50.0, ""radius"": 5.0}]"
sudden_target_appearance,322,64.4,0,83.267,71.867,94.0,90.0,50.0,50.0,,,false_positive+position_noise+confidence_error,,trust_weighted_fusion,false_avoidance,fixed,0.5,,4,1,21.071,4.897,34.811,uav_1,4.897,False,True,False,False,False,1,"[{""id"": ""obstacle_0"", ""kind"": ""static_obstacle"", ""x"": 50.0, ""y"": 50.0, ""radius"": 5.0}]"
sudden_target_appearance,322,64.4,1,80.434,67.873,90.0,94.0,50.0,50.0,,,position_noise+confidence_error,,trust_weighted_fusion,move,fixed,0.5,,2,0,27.823,4.897,30.294,uav_0,4.897,False,False,False,False,False,1,"[{""id"": ""obstacle_0"", ""kind"": ""static_obstacle"", ""x"": 50.0, ""y"": 50.0, ""radius"": 5.0}]"
sudden_target_appearance,322,64.4,2,82.903,80.82,86.0,90.0,50.0,50.0,,,position_noise+confidence_error,,trust_weighted_fusion,move,fixed,0.5,,3,0,9.688,7.362,40.084,uav_3,7.362,False,False,False,False,False,1,"[{""id"": ""obstacle_0"", ""kind"": ""static_obstacle"", ""x"": 50.0, ""y"": 50.0, ""radius"": 5.0}]"
sudden_target_appearance,322,64.4,3,89.26,84.534,90.0,86.0,50.0,50.0,,,none,,trust_weighted_fusion,at_goal,fixed,0.0,,0,0,1.642,7.362,47.287,uav_2,7.362,False,False,False,False,True,1,"[{""id"": ""obstacle_0"", ""kind"": ""static_obstacle"", ""x"": 50.0, ""y"": 50.0, ""radius"": 5.0}]"
sudden_target_appearance,323,64.6,0,83.458,72.19,94.0,90.0,50.0,50.0,,,position_noise+confidence_error,,trust_weighted_fusion,move,fixed,0.5,,3,0,20.696,4.914,35.148,uav_1,4.914,False,False,False,False,False,1,"[{""id"": ""obstacle_0"", ""kind"": ""static_obstacle"", ""x"": 50.0, ""y"": 50.0, ""radius"": 5.0}]"
sudden_target_appearance,323,64.6,1,80.73,68.103,90.0,94.0,50.0,50.0,,,false_positive+position_noise+confidence_error,,trust_weighted_fusion,false_avoidance,fixed,0.5,,3,1,27.506,4.914,30.666,uav_0,4.914,False,True,False,False,False,1,"[{""id"": ""obstacle_0"", ""kind"": ""static_obstacle"", ""x"": 50.0, ""y"": 50.0, ""radius"": 5.0}]"
sudden_target_appearance,323,64.6,2,83.023,81.176,86.0,90.0,50.0,50.0,,,position_noise+confidence_error,,trust_weighted_fusion,move,fixed,0.5,,3,0,9.313,7.084,40.414,uav_3,7.084,False,False,False,False,False,1,"[{""id"": ""obstacle_0"", ""kind"": ""static_obstacle"", ""x"": 50.0, ""y"": 50.0, ""radius"": 5.0}]"
sudden_target_appearance,323,64.6,3,89.26,84.534,90.0,86.0,50.0,50.0,,,none,,trust_weighted_fusion,at_goal,fixed,0.0,,0,0,1.642,7.084,47.287,uav_2,7.084,False,False,False,False,True,1,"[{""id"": ""obstacle_0"", ""kind"": ""static_obstacle"", ""x"": 50.0, ""y"": 50.0, ""radius"": 5.0}]"
sudden_target_appearance,324,64.8,0,83.649,72.512,94.0,90.0,50.0,50.0,,,position_noise+confidence_error,,trust_weighted_fusion,move,fixed,0.5,,3,0,20.321,4.925,35.486,uav_1,4.925,False,False,False,False,False,1,"[{""id"": ""obstacle_0"", ""kind"": ""static_obstacle"", ""x"": 50.0, ""y"": 50.0, ""radius"": 5.0}]"
sudden_target_appearance,324,64.8,1,80.856,68.456,90.0,94.0,50.0,50.0,,,position_noise+confidence_error,,trust_weighted_fusion,move,fixed,0.5,,2,0,27.131,4.925,30.955,uav_0,4.925,False,False,False,False,False,1,"[{""id"": ""obstacle_0"", ""kind"": ""static_obstacle"", ""x"": 50.0, ""y"": 50.0, ""radius"": 5.0}]"
sudden_target_appearance,324,64.8,2,83.143,81.531,86.0,90.0,50.0,50.0,,,position_noise+confidence_error,,trust_weighted_fusion,move,fixed,0.5,,3,0,8.938,6.814,40.746,uav_3,6.814,False,False,False,False,False,1,"[{""id"": ""obstacle_0"", ""kind"": ""static_obstacle"", ""x"": 50.0, ""y"": 50.0, ""radius"": 5.0}]"
sudden_target_appearance,324,64.8,3,89.26,84.534,90.0,86.0,50.0,50.0,,,none,,trust_weighted_fusion,at_goal,fixed,0.0,,0,0,1.642,6.814,47.287,uav_2,6.814,False,False,False,False,True,1,"[{""id"": ""obstacle_0"", ""kind"": ""static_obstacle"", ""x"": 50.0, ""y"": 50.0, ""radius"": 5.0}]"
sudden_target_appearance,325,65.0,0,83.84,72.835,94.0,90.0,50.0,50.0,,,position_noise+confidence_error,,trust_weighted_fusion,move,fixed,0.5,,3,0,19.946,4.937,35.824,uav_1,4.937,False,False,False,False,False,1,"[{""id"": ""obstacle_0"", ""kind"": ""static_obstacle"", ""x"": 50.0, ""y"": 50.0, ""radius"": 5.0}]"
sudden_target_appearance,325,65.0,1,80.983,68.809,90.0,94.0,50.0,50.0,,,position_noise+confidence_error,,trust_weighted_fusion,move,fixed,0.5,,2,0,26.756,4.937,31.245,uav_0,4.937,False,False,False,False,False,1,"[{""id"": ""obstacle_0"", ""kind"": ""static_obstacle"", ""x"": 50.0, ""y"": 50.0, ""radius"": 5.0}]"
sudden_target_appearance,325,65.0,2,83.263,81.886,86.0,90.0,50.0,50.0,,,position_noise+confidence_error,,trust_weighted_fusion,move,fixed,0.5,,3,0,8.563,6.556,41.078,uav_3,6.556,False,False,False,False,False,1,"[{""id"": ""obstacle_0"", ""kind"": ""static_obstacle"", ""x"": 50.0, ""y"": 50.0, ""radius"": 5.0}]"
sudden_target_appearance,325,65.0,3,89.26,84.534,90.0,86.0,50.0,50.0,,,none,,trust_weighted_fusion,at_goal,fixed,0.0,,0,0,1.642,6.556,47.287,uav_2,6.556,False,False,False,False,True,1,"[{""id"": ""obstacle_0"", ""kind"": ""static_obstacle"", ""x"": 50.0, ""y"": 50.0, ""radius"": 5.0}]"
sudden_target_appearance,326,65.2,0,84.077,73.126,94.0,90.0,50.0,50.0,,,false_positive+position_noise+confidence_error,,trust_weighted_fusion,false_avoidance,fixed,0.5,,4,1,19.575,4.947,36.183,uav_1,4.947,False,True,False,False,False,1,"[{""id"": ""obstacle_0"", ""kind"": ""static_obstacle"", ""x"": 50.0, ""y"": 50.0, ""radius"": 5.0}]"
sudden_target_appearance,326,65.2,1,81.263,69.058,90.0,94.0,50.0,50.0,,,false_positive+position_noise+confidence_error,,trust_weighted_fusion,false_avoidance,fixed,0.5,,3,1,26.428,4.947,31.614,uav_0,4.947,False,True,False,False,False,1,"[{""id"": ""obstacle_0"", ""kind"": ""static_obstacle"", ""x"": 50.0, ""y"": 50.0, ""radius"": 5.0}]"
sudden_target_appearance,326,65.2,2,83.637,81.864,86.0,90.0,50.0,50.0,,,false_positive+position_noise+confidence_error,,trust_weighted_fusion,false_avoidance,fixed,0.5,,4,1,8.473,6.225,41.333,uav_3,6.225,False,True,False,False,False,1,"[{""id"": ""obstacle_0"", ""kind"": ""static_obstacle"", ""x"": 50.0, ""y"": 50.0, ""radius"": 5.0}]"
sudden_target_appearance,326,65.2,3,89.26,84.534,90.0,86.0,50.0,50.0,,,none,,trust_weighted_fusion,at_goal,fixed,0.0,,0,0,1.642,6.225,47.287,uav_2,6.225,False,False,False,False,True,1,"[{""id"": ""obstacle_0"", ""kind"": ""static_obstacle"", ""x"": 50.0, ""y"": 50.0, ""radius"": 5.0}]"
sudden_target_appearance,327,65.4,0,84.267,73.45,94.0,90.0,50.0,50.0,,,position_noise+confidence_error,,trust_weighted_fusion,move,fixed,0.5,,3,0,19.2,4.959,36.522,uav_1,4.959,False,False,False,False,False,1,"[{""id"": ""obstacle_0"", ""kind"": ""static_obstacle"", ""x"": 50.0, ""y"": 50.0, ""radius"": 5.0}]"
sudden_target_appearance,327,65.4,1,81.387,69.412,90.0,94.0,50.0,50.0,,,position_noise+confidence_error,,trust_weighted_fusion,move,fixed,0.5,,2,0,26.053,4.959,31.905,uav_0,4.959,False,False,False,False,False,1,"[{""id"": ""obstacle_0"", ""kind"": ""static_obstacle"", ""x"": 50.0, ""y"": 50.0, ""radius"": 5.0}]"
sudden_target_appearance,327,65.4,2,83.742,82.224,86.0,90.0,50.0,50.0,,,position_noise+confidence_error,,trust_weighted_fusion,move,fixed,0.5,,3,0,8.098,5.983,41.657,uav_3,5.983,False,False,False,False,False,1,"[{""id"": ""obstacle_0"", ""kind"": ""static_obstacle"", ""x"": 50.0, ""y"": 50.0, ""radius"": 5.0}]"
sudden_target_appearance,327,65.4,3,89.26,84.534,90.0,86.0,50.0,50.0,,,none,,trust_weighted_fusion,at_goal,fixed,0.0,,0,0,1.642,5.983,47.287,uav_2,5.983,False,False,False,False,True,1,"[{""id"": ""obstacle_0"", ""kind"": ""static_obstacle"", ""x"": 50.0, ""y"": 50.0, ""radius"": 5.0}]"
sudden_target_appearance,328,65.6,0,84.457,73.773,94.0,90.0,50.0,50.0,,,position_noise+confidence_error,,trust_weighted_fusion,move,fixed,0.5,,3,0,18.825,5.064,36.862,uav_1,5.064,False,False,False,False,False,1,"[{""id"": ""obstacle_0"", ""kind"": ""static_obstacle"", ""x"": 50.0, ""y"": 50.0, ""radius"": 5.0}]"
sudden_target_appearance,328,65.6,1,81.338,69.783,90.0,94.0,50.0,50.0,,,false_positive+position_noise+confidence_error,,trust_weighted_fusion,false_avoidance,fixed,0.5,,3,1,25.719,5.064,32.06,uav_0,5.064,False,True,False,False,False,1,"[{""id"": ""obstacle_0"", ""kind"": ""static_obstacle"", ""x"": 50.0, ""y"": 50.0, ""radius"": 5.0}]"
sudden_target_appearance,328,65.6,2,83.846,82.584,86.0,90.0,50.0,50.0,,,position_noise+confidence_error,,trust_weighted_fusion,move,fixed,0.5,,3,0,7.723,5.754,41.982,uav_3,5.754,False,False,False,False,False,1,"[{""id"": ""obstacle_0"", ""kind"": ""static_obstacle"", ""x"": 50.0, ""y"": 50.0, ""radius"": 5.0}]"
sudden_target_appearance,328,65.6,3,89.26,84.534,90.0,86.0,50.0,50.0,,,none,,trust_weighted_fusion,at_goal,fixed,0.0,,0,0,1.642,5.754,47.287,uav_2,5.754,False,False,False,False,True,1,"[{""id"": ""obstacle_0"", ""kind"": ""static_obstacle"", ""x"": 50.0, ""y"": 50.0, ""radius"": 5.0}]"
sudden_target_appearance,329,65.8,0,84.104,73.901,94.0,90.0,50.0,50.0,,,false_positive+position_noise+confidence_error,,trust_weighted_fusion,false_avoidance,fixed,0.5,,4,1,18.897,4.598,36.646,uav_1,4.598,False,True,False,False,False,1,"[{""id"": ""obstacle_0"", ""kind"": ""static_obstacle"", ""x"": 50.0, ""y"": 50.0, ""radius"": 5.0}]"
sudden_target_appearance,329,65.8,1,81.465,70.136,90.0,94.0,50.0,50.0,,,position_noise+confidence_error,,trust_weighted_fusion,move,fixed,0.5,,2,0,25.344,4.598,32.356,uav_0,4.598,False,False,False,False,False,1,"[{""id"": ""obstacle_0"", ""kind"": ""static_obstacle"", ""x"": 50.0, ""y"": 50.0, ""radius"": 5.0}]"
sudden_target_appearance,329,65.8,2,83.951,82.944,86.0,90.0,50.0,50.0,,,position_noise+confidence_error,,trust_weighted_fusion,move,fixed,0.5,,3,0,7.348,5.542,42.307,uav_3,5.542,False,False,False,False,False,1,"[{""id"": ""obstacle_0"", ""kind"": ""static_obstacle"", ""x"": 50.0, ""y"": 50.0, ""radius"": 5.0}]"
sudden_target_appearance,329,65.8,3,89.26,84.534,90.0,86.0,50.0,50.0,,,none,,trust_weighted_fusion,at_goal,fixed,0.0,,0,0,1.642,5.542,47.287,uav_2,5.542,False,False,False,False,True,1,"[{""id"": ""obstacle_0"", ""kind"": ""static_obstacle"", ""x"": 50.0, ""y"": 50.0, ""radius"": 5.0}]"
sudden_target_appearance,330,66.0,0,84.301,74.22,94.0,90.0,50.0,50.0,,,position_noise+confidence_error,,trust_weighted_fusion,move,fixed,0.5,,3,0,18.522,4.611,36.99,uav_1,4.611,False,False,False,False,False,1,"[{""id"": ""obstacle_0"", ""kind"": ""static_obstacle"", ""x"": 50.0, ""y"": 50.0, ""radius"": 5.0}]"
sudden_target_appearance,330,66.0,1,81.591,70.489,90.0,94.0,50.0,50.0,,,position_noise+confidence_error,,trust_weighted_fusion,move,fixed,0.5,,2,0,24.969,4.611,32.654,uav_0,4.611,False,False,False,False,False,1,"[{""id"": ""obstacle_0"", ""kind"": ""static_obstacle"", ""x"": 50.0, ""y"": 50.0, ""radius"": 5.0}]"
sudden_target_appearance,330,66.0,2,83.584,82.868,86.0,90.0,50.0,50.0,,,false_positive+position_noise+confidence_error,,trust_weighted_fusion,false_avoidance,fixed,0.5,,4,1,7.53,5.916,41.991,uav_3,5.916,False,True,False,False,False,1,"[{""id"": ""obstacle_0"", ""kind"": ""static_obstacle"", ""x"": 50.0, ""y"": 50.0, ""radius"": 5.0}]"
sudden_target_appearance,330,66.0,3,89.26,84.534,90.0,86.0,50.0,50.0,,,none,,trust_weighted_fusion,at_goal,fixed,0.0,,0,0,1.642,5.916,47.287,uav_2,5.916,False,False,False,False,True,1,"[{""id"": ""obstacle_0"", ""kind"": ""static_obstacle"", ""x"": 50.0, ""y"": 50.0, ""radius"": 5.0}]"
sudden_target_appearance,331,66.2,0,84.497,74.54,94.0,90.0,50.0,50.0,,,position_noise+confidence_error,,trust_weighted_fusion,move,fixed,0.5,,3,0,18.147,4.626,37.335,uav_1,4.626,False,False,False,False,False,1,"[{""id"": ""obstacle_0"", ""kind"": ""static_obstacle"", ""x"": 50.0, ""y"": 50.0, ""radius"": 5.0}]"
sudden_target_appearance,331,66.2,1,81.717,70.843,90.0,94.0,50.0,50.0,,,position_noise+confidence_error,,trust_weighted_fusion,move,fixed,0.5,,2,0,24.594,4.626,32.952,uav_0,4.626,False,False,False,False,False,1,"[{""id"": ""obstacle_0"", ""kind"": ""static_obstacle"", ""x"": 50.0, ""y"": 50.0, ""radius"": 5.0}]"
sudden_target_appearance,331,66.2,2,83.704,83.224,86.0,90.0,50.0,50.0,,,position_noise+confidence_error,,trust_weighted_fusion,move,fixed,0.5,,3,0,7.155,5.709,42.326,uav_3,5.709,False,False,False,False,False,1,"[{""id"": ""obstacle_0"", ""kind"": ""static_obstacle"", ""x"": 50.0, ""y"": 50.0, ""radius"": 5.0}]"
sudden_target_appearance,331,66.2,3,89.26,84.534,90.0,86.0,50.0,50.0,,,none,,trust_weighted_fusion,at_goal,fixed,0.0,,0,0,1.642,5.709,47.287,uav_2,5.709,False,False,False,False,True,1,"[{""id"": ""obstacle_0"", ""kind"": ""static_obstacle"", ""x"": 50.0, ""y"": 50.0, ""radius"": 5.0}]"
sudden_target_appearance,332,66.4,0,84.605,74.899,94.0,90.0,50.0,50.0,,,position_noise+confidence_error,,trust_weighted_fusion,avoidance,fixed,0.5,,3,0,17.785,4.619,37.631,uav_1,4.619,False,False,False,False,False,1,"[{""id"": ""obstacle_0"", ""kind"": ""static_obstacle"", ""x"": 50.0, ""y"": 50.0, ""radius"": 5.0}]"
sudden_target_appearance,332,66.4,1,81.843,71.196,90.0,94.0,50.0,50.0,,,position_noise+confidence_error,,trust_weighted_fusion,move,fixed,0.5,,2,0,24.219,4.619,33.253,uav_0,4.619,False,False,False,False,False,1,"[{""id"": ""obstacle_0"", ""kind"": ""static_obstacle"", ""x"": 50.0, ""y"": 50.0, ""radius"": 5.0}]"
sudden_target_appearance,332,66.4,2,83.824,83.579,86.0,90.0,50.0,50.0,,,position_noise+confidence_error,,trust_weighted_fusion,move,fixed,0.5,,3,0,6.78,5.519,42.662,uav_3,5.519,False,False,False,False,False,1,"[{""id"": ""obstacle_0"", ""kind"": ""static_obstacle"", ""x"": 50.0, ""y"": 50.0, ""radius"": 5.0}]"
sudden_target_appearance,332,66.4,3,89.26,84.534,90.0,86.0,50.0,50.0,,,none,,trust_weighted_fusion,at_goal,fixed,0.0,,0,0,1.642,5.519,47.287,uav_2,5.519,False,False,False,False,True,1,"[{""id"": ""obstacle_0"", ""kind"": ""static_obstacle"", ""x"": 50.0, ""y"": 50.0, ""radius"": 5.0}]"
sudden_target_appearance,333,66.6,0,84.803,75.217,94.0,90.0,50.0,50.0,,,position_noise+confidence_error,,trust_weighted_fusion,move,fixed,0.5,,3,0,17.41,4.803,37.978,uav_1,4.803,False,False,False,False,False,1,"[{""id"": ""obstacle_0"", ""kind"": ""static_obstacle"", ""x"": 50.0, ""y"": 50.0, ""radius"": 5.0}]"
sudden_target_appearance,333,66.6,1,81.707,71.545,90.0,94.0,50.0,50.0,,,false_positive+position_noise+confidence_error,,trust_weighted_fusion,false_avoidance,fixed,0.5,,3,1,23.938,4.803,33.334,uav_0,4.803,False,True,False,False,False,1,"[{""id"": ""obstacle_0"", ""kind"": ""static_obstacle"", ""x"": 50.0, ""y"": 50.0, ""radius"": 5.0}]"
sudden_target_appearance,333,66.6,2,83.945,83.934,86.0,90.0,50.0,50.0,,,position_noise+confidence_error,,trust_weighted_fusion,move,fixed,0.5,,3,0,6.405,5.349,42.997,uav_3,5.349,False,False,False,False,False,1,"[{""id"": ""obstacle_0"", ""kind"": ""static_obstacle"", ""x"": 50.0, ""y"": 50.0, ""radius"": 5.0}]"
sudden_target_appearance,333,66.6,3,89.26,84.534,90.0,86.0,50.0,50.0,,,none,,trust_weighted_fusion,at_goal,fixed,0.0,,0,0,1.642,5.349,47.287,uav_2,5.349,False,False,False,False,True,1,"[{""id"": ""obstacle_0"", ""kind"": ""static_obstacle"", ""x"": 50.0, ""y"": 50.0, ""radius"": 5.0}]"
sudden_target_appearance,334,66.8,0,85.001,75.536,94.0,90.0,50.0,50.0,,,position_noise+confidence_error,,trust_weighted_fusion,move,fixed,0.5,,3,0,17.035,4.822,38.326,uav_1,4.822,False,False,False,False,False,1,"[{""id"": ""obstacle_0"", ""kind"": ""static_obstacle"", ""x"": 50.0, ""y"": 50.0, ""radius"": 5.0}]"
sudden_target_appearance,334,66.8,1,81.837,71.897,90.0,94.0,50.0,50.0,,,position_noise+confidence_error,,trust_weighted_fusion,move,fixed,0.5,,2,0,23.563,4.822,33.64,uav_0,4.822,False,False,False,False,False,1,"[{""id"": ""obstacle_0"", ""kind"": ""static_obstacle"", ""x"": 50.0, ""y"": 50.0, ""radius"": 5.0}]"
sudden_target_appearance,334,66.8,2,84.065,84.289,86.0,90.0,50.0,50.0,,,position_noise+confidence_error,,trust_weighted_fusion,move,fixed,0.5,,3,0,6.03,5.201,43.334,uav_3,5.201,False,False,False,False,False,1,"[{""id"": ""obstacle_0"", ""kind"": ""static_obstacle"", ""x"": 50.0, ""y"": 50.0, ""radius"": 5.0}]"
sudden_target_appearance,334,66.8,3,89.26,84.534,90.0,86.0,50.0,50.0,,,none,,trust_weighted_fusion,at_goal,fixed,0.0,,0,0,1.642,5.201,47.287,uav_2,5.201,False,False,False,False,True,1,"[{""id"": ""obstacle_0"", ""kind"": ""static_obstacle"", ""x"": 50.0, ""y"": 50.0, ""radius"": 5.0}]"
sudden_target_appearance,335,67.0,0,85.199,75.854,94.0,90.0,50.0,50.0,,,position_noise+confidence_error,,trust_weighted_fusion,move,fixed,0.5,,3,0,16.66,4.843,38.674,uav_1,4.843,False,False,False,False,False,1,"[{""id"": ""obstacle_0"", ""kind"": ""static_obstacle"", ""x"": 50.0, ""y"": 50.0, ""radius"": 5.0}]"
sudden_target_appearance,335,67.0,1,81.967,72.248,90.0,94.0,50.0,50.0,,,position_noise+confidence_error,,trust_weighted_fusion,move,fixed,0.5,,3,0,23.188,4.843,33.947,uav_0,4.843,False,False,False,False,False,1,"[{""id"": ""obstacle_0"", ""kind"": ""static_obstacle"", ""x"": 50.0, ""y"": 50.0, ""radius"": 5.0}]"
sudden_target_appearance,335,67.0,2,84.185,84.644,86.0,90.0,50.0,50.0,,,position_noise+confidence_error,,trust_weighted_fusion,move,fixed,0.5,,3,0,5.655,5.076,43.671,uav_3,5.076,False,False,False,False,False,1,"[{""id"": ""obstacle_0"", ""kind"": ""static_obstacle"", ""x"": 50.0, ""y"": 50.0, ""radius"": 5.0}]"
sudden_target_appearance,335,67.0,3,89.26,84.534,90.0,86.0,50.0,50.0,,,none,,trust_weighted_fusion,at_goal,fixed,0.0,,0,0,1.642,5.076,47.287,uav_2,5.076,False,False,False,False,True,1,"[{""id"": ""obstacle_0"", ""kind"": ""static_obstacle"", ""x"": 50.0, ""y"": 50.0, ""radius"": 5.0}]"
sudden_target_appearance,336,67.2,0,85.568,75.92,94.0,90.0,50.0,50.0,,,false_positive+position_noise+confidence_error,,trust_weighted_fusion,false_avoidance,fixed,0.5,,4,1,16.412,4.804,39.011,uav_1,4.804,False,True,False,False,False,1,"[{""id"": ""obstacle_0"", ""kind"": ""static_obstacle"", ""x"": 50.0, ""y"": 50.0, ""radius"": 5.0}]"
sudden_target_appearance,336,67.2,1,82.096,72.6,90.0,94.0,50.0,50.0,,,position_noise+confidence_error,,trust_weighted_fusion,move,fixed,0.5,,3,0,22.813,4.804,34.255,uav_0,4.804,False,False,False,False,False,1,"[{""id"": ""obstacle_0"", ""kind"": ""static_obstacle"", ""x"": 50.0, ""y"": 50.0, ""radius"": 5.0}]"
sudden_target_appearance,336,67.2,2,84.306,84.999,86.0,90.0,50.0,50.0,,,position_noise+confidence_error,,trust_weighted_fusion,move,fixed,0.5,,3,0,5.28,4.976,44.009,uav_3,4.976,False,False,False,False,False,1,"[{""id"": ""obstacle_0"", ""kind"": ""static_obstacle"", ""x"": 50.0, ""y"": 50.0, ""radius"": 5.0}]"
sudden_target_appearance,336,67.2,3,89.26,84.534,90.0,86.0,50.0,50.0,,,none,,trust_weighted_fusion,at_goal,fixed,0.0,,0,0,1.642,4.976,47.287,uav_2,4.976,False,False,False,False,True,1,"[{""id"": ""obstacle_0"", ""kind"": ""static_obstacle"", ""x"": 50.0, ""y"": 50.0, ""radius"": 5.0}]"
sudden_target_appearance,337,67.4,0,85.761,76.242,94.0,90.0,50.0,50.0,,,position_noise+confidence_error,,trust_weighted_fusion,move,fixed,0.5,,3,0,16.037,4.792,39.356,uav_1,4.792,False,False,False,False,False,1,"[{""id"": ""obstacle_0"", ""kind"": ""static_obstacle"", ""x"": 50.0, ""y"": 50.0, ""radius"": 5.0}]"
sudden_target_appearance,337,67.4,1,82.383,72.842,90.0,94.0,50.0,50.0,,,false_positive+position_noise+confidence_error,,trust_weighted_fusion,false_avoidance,fixed,0.5,,4,1,22.487,4.792,34.628,uav_0,4.792,False,True,False,False,False,1,"[{""id"": ""obstacle_0"", ""kind"": ""static_obstacle"", ""x"": 50.0, ""y"": 50.0, ""radius"": 5.0}]"
sudden_target_appearance,337,67.4,2,84.426,85.355,86.0,90.0,50.0,50.0,,,position_noise+confidence_error,,trust_weighted_fusion,move,fixed,0.5,,3,0,4.905,4.903,44.347,uav_3,4.903,False,False,False,False,False,1,"[{""id"": ""obstacle_0"", ""kind"": ""static_obstacle"", ""x"": 50.0, ""y"": 50.0, ""radius"": 5.0}]"
sudden_target_appearance,337,67.4,3,89.26,84.534,90.0,86.0,50.0,50.0,,,none,,trust_weighted_fusion,at_goal,fixed,0.0,,0,0,1.642,4.903,47.287,uav_2,4.903,False,False,False,False,True,1,"[{""id"": ""obstacle_0"", ""kind"": ""static_obstacle"", ""x"": 50.0, ""y"": 50.0, ""radius"": 5.0}]"
sudden_target_appearance,338,67.6,0,85.953,76.564,94.0,90.0,50.0,50.0,,,position_noise+confidence_error,,trust_weighted_fusion,move,fixed,0.5,,3,0,15.662,4.817,39.702,uav_1,4.817,False,False,False,False,False,1,"[{""id"": ""obstacle_0"", ""kind"": ""static_obstacle"", ""x"": 50.0, ""y"": 50.0, ""radius"": 5.0}]"
sudden_target_appearance,338,67.6,1,82.51,73.195,90.0,94.0,50.0,50.0,,,position_noise+confidence_error,,trust_weighted_fusion,move,fixed,0.5,,3,0,22.112,4.817,34.936,uav_0,4.817,False,False,False,False,False,1,"[{""id"": ""obstacle_0"", ""kind"": ""static_obstacle"", ""x"": 50.0, ""y"": 50.0, ""radius"": 5.0}]"
sudden_target_appearance,338,67.6,2,84.546,85.71,86.0,90.0,50.0,50.0,,,position_noise+confidence_error,,trust_weighted_fusion,move,fixed,0.5,,3,0,4.53,4.858,44.685,uav_3,4.858,False,False,False,False,False,1,"[{""id"": ""obstacle_0"", ""kind"": ""static_obstacle"", ""x"": 50.0, ""y"": 50.0, ""radius"": 5.0}]"
sudden_target_appearance,338,67.6,3,89.26,84.534,90.0,86.0,50.0,50.0,,,none,,trust_weighted_fusion,at_goal,fixed,0.0,,0,0,1.642,4.858,47.287,uav_2,4.858,False,False,False,False,True,1,"[{""id"": ""obstacle_0"", ""kind"": ""static_obstacle"", ""x"": 50.0, ""y"": 50.0, ""radius"": 5.0}]"
sudden_target_appearance,339,67.8,0,86.146,76.885,94.0,90.0,50.0,50.0,,,position_noise+confidence_error,,trust_weighted_fusion,move,fixed,0.5,,3,0,15.287,4.843,40.048,uav_1,4.843,False,False,False,False,False,1,"[{""id"": ""obstacle_0"", ""kind"": ""static_obstacle"", ""x"": 50.0, ""y"": 50.0, ""radius"": 5.0}]"
sudden_target_appearance,339,67.8,1,82.637,73.548,90.0,94.0,50.0,50.0,,,position_noise+confidence_error,,trust_weighted_fusion,move,fixed,0.5,,3,0,21.737,4.843,35.245,uav_0,4.843,False,False,False,False,False,1,"[{""id"": ""obstacle_0"", ""kind"": ""static_obstacle"", ""x"": 50.0, ""y"": 50.0, ""radius"": 5.0}]"
sudden_target_appearance,339,67.8,2,84.667,86.065,86.0,90.0,50.0,50.0,,,position_noise+confidence_error,,trust_weighted_fusion,move,fixed,0.5,,3,0,4.155,4.842,45.025,uav_3,4.842,False,False,False,False,False,1,"[{""id"": ""obstacle_0"", ""kind"": ""static_obstacle"", ""x"": 50.0, ""y"": 50.0, ""radius"": 5.0}]"
sudden_target_appearance,339,67.8,3,89.26,84.534,90.0,86.0,50.0,50.0,,,none,,trust_weighted_fusion,at_goal,fixed,0.0,,0,0,1.642,4.842,47.287,uav_2,4.842,False,False,False,False,True,1,"[{""id"": ""obstacle_0"", ""kind"": ""static_obstacle"", ""x"": 50.0, ""y"": 50.0, ""radius"": 5.0}]"
sudden_target_appearance,340,68.0,0,86.339,77.207,94.0,90.0,50.0,50.0,,,position_noise+confidence_error,,trust_weighted_fusion,move,fixed,0.5,,3,0,14.912,5.487,40.395,uav_1,5.487,False,False,False,False,False,1,"[{""id"": ""obstacle_0"", ""kind"": ""static_obstacle"", ""x"": 50.0, ""y"": 50.0, ""radius"": 5.0}]"
sudden_target_appearance,340,68.0,1,82.618,73.174,90.0,94.0,50.0,50.0,,,false_positive+position_noise+confidence_error,,trust_weighted_fusion,false_avoidance,fixed,0.5,,4,1,22.096,5.487,35.012,uav_0,5.487,False,True,False,False,False,1,"[{""id"": ""obstacle_0"", ""kind"": ""static_obstacle"", ""x"": 50.0, ""y"": 50.0, ""radius"": 5.0}]"
sudden_target_appearance,340,68.0,2,84.588,86.432,86.0,90.0,50.0,50.0,,,false_positive+position_noise+confidence_error,,trust_weighted_fusion,false_avoidance,fixed,0.5,,4,1,3.837,5.043,45.236,uav_3,5.043,False,True,False,False,False,1,"[{""id"": ""obstacle_0"", ""kind"": ""static_obstacle"", ""x"": 50.0, ""y"": 50.0, ""radius"": 5.0}]"
sudden_target_appearance,340,68.0,3,89.26,84.534,90.0,86.0,50.0,50.0,,,none,,trust_weighted_fusion,at_goal,fixed,0.0,,0,0,1.642,5.043,47.287,uav_2,5.043,False,False,False,False,True,1,"[{""id"": ""obstacle_0"", ""kind"": ""static_obstacle"", ""x"": 50.0, ""y"": 50.0, ""radius"": 5.0}]"
sudden_target_appearance,341,68.2,0,86.349,77.582,94.0,90.0,50.0,50.0,,,false_positive+position_noise+confidence_error,,trust_weighted_fusion,false_avoidance,fixed,0.5,,4,1,14.586,5.426,40.629,uav_1,5.426,False,True,False,False,False,1,"[{""id"": ""obstacle_0"", ""kind"": ""static_obstacle"", ""x"": 50.0, ""y"": 50.0, ""radius"": 5.0}]"
sudden_target_appearance,341,68.2,1,82.744,73.527,90.0,94.0,50.0,50.0,,,position_noise+confidence_error,,trust_weighted_fusion,move,fixed,0.5,,3,0,21.721,5.426,35.32,uav_0,5.426,False,False,False,False,False,1,"[{""id"": ""obstacle_0"", ""kind"": ""static_obstacle"", ""x"": 50.0, ""y"": 50.0, ""radius"": 5.0}]"
sudden_target_appearance,341,68.2,2,84.873,86.675,86.0,90.0,50.0,50.0,,,false_positive+position_noise+confidence_error,,trust_weighted_fusion,false_avoidance,fixed,0.5,,4,1,3.51,4.882,45.609,uav_3,4.882,False,True,False,False,False,1,"[{""id"": ""obstacle_0"", ""kind"": ""static_obstacle"", ""x"": 50.0, ""y"": 50.0, ""radius"": 5.0}]"
sudden_target_appearance,341,68.2,3,89.26,84.534,90.0,86.0,50.0,50.0,,,none,,trust_weighted_fusion,at_goal,fixed,0.0,,0,0,1.642,4.882,47.287,uav_2,4.882,False,False,False,False,True,1,"[{""id"": ""obstacle_0"", ""kind"": ""static_obstacle"", ""x"": 50.0, ""y"": 50.0, ""radius"": 5.0}]"
sudden_target_appearance,342,68.4,0,86.627,77.834,94.0,90.0,50.0,50.0,,,false_positive+position_noise+confidence_error,,trust_weighted_fusion,false_avoidance,fixed,0.5,,4,1,14.226,5.431,41.003,uav_1,5.431,False,True,False,False,False,1,"[{""id"": ""obstacle_0"", ""kind"": ""static_obstacle"", ""x"": 50.0, ""y"": 50.0, ""radius"": 5.0}]"
sudden_target_appearance,342,68.4,1,82.938,73.848,90.0,94.0,50.0,50.0,,,false_positive+position_noise+confidence_error,,trust_weighted_fusion,false_avoidance,fixed,0.5,,4,1,21.354,5.431,35.665,uav_0,5.431,False,True,False,False,False,1,"[{""id"": ""obstacle_0"", ""kind"": ""static_obstacle"", ""x"": 50.0, ""y"": 50.0, ""radius"": 5.0}]"
sudden_target_appearance,342,68.4,2,85.144,86.935,86.0,90.0,50.0,50.0,,,false_positive+position_noise+confidence_error,,trust_weighted_fusion,false_avoidance,fixed,0.5,,4,1,3.182,4.766,45.983,uav_3,4.766,False,True,False,False,False,1,"[{""id"": ""obstacle_0"", ""kind"": ""static_obstacle"", ""x"": 50.0, ""y"": 50.0, ""radius"": 5.0}]"
sudden_target_appearance,342,68.4,3,89.26,84.534,90.0,86.0,50.0,50.0,,,none,,trust_weighted_fusion,at_goal,fixed,0.0,,0,0,1.642,4.766,47.287,uav_2,4.766,False,False,False,False,True,1,"[{""id"": ""obstacle_0"", ""kind"": ""static_obstacle"", ""x"": 50.0, ""y"": 50.0, ""radius"": 5.0}]"
sudden_target_appearance,343,68.6,0,86.822,78.155,94.0,90.0,50.0,50.0,,,position_noise+confidence_error,,trust_weighted_fusion,move,fixed,0.5,,3,0,13.851,5.455,41.352,uav_1,5.455,False,False,False,False,False,1,"[{""id"": ""obstacle_0"", ""kind"": ""static_obstacle"", ""x"": 50.0, ""y"": 50.0, ""radius"": 5.0}]"
sudden_target_appearance,343,68.6,1,83.062,74.202,90.0,94.0,50.0,50.0,,,position_noise+confidence_error,,trust_weighted_fusion,move,fixed,0.5,,3,0,20.979,5.455,35.973,uav_0,5.455,False,False,False,False,False,1,"[{""id"": ""obstacle_0"", ""kind"": ""static_obstacle"", ""x"": 50.0, ""y"": 50.0, ""radius"": 5.0}]"
sudden_target_appearance,343,68.6,2,84.769,86.954,86.0,90.0,50.0,50.0,,,false_positive+position_noise+confidence_error,,trust_weighted_fusion,false_avoidance,fixed,0.5,,4,1,3.285,5.102,45.74,uav_3,5.102,False,True,False,False,False,1,"[{""id"": ""obstacle_0"", ""kind"": ""static_obstacle"", ""x"": 50.0, ""y"": 50.0, ""radius"": 5.0}]"
sudden_target_appearance,343,68.6,3,89.26,84.534,90.0,86.0,50.0,50.0,,,none,,trust_weighted_fusion,at_goal,fixed,0.0,,0,0,1.642,5.102,47.287,uav_2,5.102,False,False,False,False,True,1,"[{""id"": ""obstacle_0"", ""kind"": ""static_obstacle"", ""x"": 50.0, ""y"": 50.0, ""radius"": 5.0}]"
sudden_target_appearance,344,68.8,0,87.016,78.475,94.0,90.0,50.0,50.0,,,position_noise+confidence_error,,trust_weighted_fusion,move,fixed,0.5,,3,0,13.476,5.48,41.701,uav_1,5.48,False,False,False,False,False,1,"[{""id"": ""obstacle_0"", ""kind"": ""static_obstacle"", ""x"": 50.0, ""y"": 50.0, ""radius"": 5.0}]"
sudden_target_appearance,344,68.8,1,83.186,74.555,90.0,94.0,50.0,50.0,,,position_noise+confidence_error,,trust_weighted_fusion,move,fixed,0.5,,3,0,20.604,5.48,36.283,uav_0,5.48,False,False,False,False,False,1,"[{""id"": ""obstacle_0"", ""kind"": ""static_obstacle"", ""x"": 50.0, ""y"": 50.0, ""radius"": 5.0}]"
sudden_target_appearance,344,68.8,2,84.91,87.302,86.0,90.0,50.0,50.0,,,position_noise+confidence_error,,trust_weighted_fusion,move,fixed,0.5,,3,0,2.91,5.156,46.089,uav_3,5.156,False,False,False,False,False,1,"[{""id"": ""obstacle_0"", ""kind"": ""static_obstacle"", ""x"": 50.0, ""y"": 50.0, ""radius"": 5.0}]"
sudden_target_appearance,344,68.8,3,89.26,84.534,90.0,86.0,50.0,50.0,,,none,,trust_weighted_fusion,at_goal,fixed,0.0,,0,0,1.642,5.156,47.287,uav_2,5.156,False,False,False,False,True,1,"[{""id"": ""obstacle_0"", ""kind"": ""static_obstacle"", ""x"": 50.0, ""y"": 50.0, ""radius"": 5.0}]"
sudden_target_appearance,345,69.0,0,87.36,78.327,94.0,90.0,50.0,50.0,,,false_positive+position_noise+confidence_error,,trust_weighted_fusion,false_avoidance,fixed,0.5,,4,1,13.429,5.252,41.885,uav_1,5.252,False,True,False,False,False,1,"[{""id"": ""obstacle_0"", ""kind"": ""static_obstacle"", ""x"": 50.0, ""y"": 50.0, ""radius"": 5.0}]"
sudden_target_appearance,345,69.0,1,83.478,74.791,90.0,94.0,50.0,50.0,,,false_positive+position_noise+confidence_error,,trust_weighted_fusion,false_avoidance,fixed,0.5,,4,1,20.286,5.252,36.658,uav_0,5.252,False,True,False,False,False,1,"[{""id"": ""obstacle_0"", ""kind"": ""static_obstacle"", ""x"": 50.0, ""y"": 50.0, ""radius"": 5.0}]"
sudden_target_appearance,345,69.0,2,85.05,87.649,86.0,90.0,50.0,50.0,,,position_noise+confidence_error,,trust_weighted_fusion,move,fixed,0.5,,3,0,2.535,5.238,46.439,uav_3,5.238,False,False,False,False,False,1,"[{""id"": ""obstacle_0"", ""kind"": ""static_obstacle"", ""x"": 50.0, ""y"": 50.0, ""radius"": 5.0}]"
sudden_target_appearance,345,69.0,3,89.26,84.534,90.0,86.0,50.0,50.0,,,none,,trust_weighted_fusion,at_goal,fixed,0.0,,0,0,1.642,5.238,47.287,uav_2,5.238,False,False,False,False,True,1,"[{""id"": ""obstacle_0"", ""kind"": ""static_obstacle"", ""x"": 50.0, ""y"": 50.0, ""radius"": 5.0}]"
sudden_target_appearance,346,69.2,0,87.546,78.653,94.0,90.0,50.0,50.0,,,position_noise+confidence_error,,trust_weighted_fusion,move,fixed,0.5,,3,0,13.054,5.28,42.23,uav_1,5.28,False,False,False,False,False,1,"[{""id"": ""obstacle_0"", ""kind"": ""static_obstacle"", ""x"": 50.0, ""y"": 50.0, ""radius"": 5.0}]"
sudden_target_appearance,346,69.2,1,83.599,75.146,90.0,94.0,50.0,50.0,,,position_noise+confidence_error,,trust_weighted_fusion,move,fixed,0.5,,3,0,19.911,5.28,36.967,uav_0,5.28,False,False,False,False,False,1,"[{""id"": ""obstacle_0"", ""kind"": ""static_obstacle"", ""x"": 50.0, ""y"": 50.0, ""radius"": 5.0}]"
sudden_target_appearance,346,69.2,2,85.191,87.997,86.0,90.0,50.0,50.0,,,position_noise+confidence_error,,trust_weighted_fusion,move,fixed,0.5,,3,0,2.16,5.344,46.79,uav_3,5.344,False,False,False,False,False,1,"[{""id"": ""obstacle_0"", ""kind"": ""static_obstacle"", ""x"": 50.0, ""y"": 50.0, ""radius"": 5.0}]"
sudden_target_appearance,346,69.2,3,89.26,84.534,90.0,86.0,50.0,50.0,,,none,,trust_weighted_fusion,at_goal,fixed,0.0,,0,0,1.642,5.344,47.287,uav_2,5.344,False,False,False,False,True,1,"[{""id"": ""obstacle_0"", ""kind"": ""static_obstacle"", ""x"": 50.0, ""y"": 50.0, ""radius"": 5.0}]"
sudden_target_appearance,347,69.4,0,87.731,78.979,94.0,90.0,50.0,50.0,,,position_noise+confidence_error,,trust_weighted_fusion,move,fixed,0.5,,3,0,12.679,5.31,42.576,uav_1,5.31,False,False,False,False,False,1,"[{""id"": ""obstacle_0"", ""kind"": ""static_obstacle"", ""x"": 50.0, ""y"": 50.0, ""radius"": 5.0}]"
sudden_target_appearance,347,69.4,1,83.719,75.501,90.0,94.0,50.0,50.0,,,position_noise+confidence_error,,trust_weighted_fusion,move,fixed,0.5,,3,0,19.536,5.31,37.276,uav_0,5.31,False,False,False,False,False,1,"[{""id"": ""obstacle_0"", ""kind"": ""static_obstacle"", ""x"": 50.0, ""y"": 50.0, ""radius"": 5.0}]"
sudden_target_appearance,347,69.4,2,85.092,88.359,86.0,90.0,50.0,50.0,,,false_positive+position_noise+confidence_error,,trust_weighted_fusion,false_avoidance,fixed,0.5,,4,1,1.875,5.657,46.989,uav_3,5.657,False,True,False,False,True,1,"[{""id"": ""obstacle_0"", ""kind"": ""static_obstacle"", ""x"": 50.0, ""y"": 50.0, ""radius"": 5.0}]"
sudden_target_appearance,347,69.4,3,89.26,84.534,90.0,86.0,50.0,50.0,,,none,,trust_weighted_fusion,at_goal,fixed,0.0,,0,0,1.642,5.657,47.287,uav_2,5.657,False,False,False,False,True,1,"[{""id"": ""obstacle_0"", ""kind"": ""static_obstacle"", ""x"": 50.0, ""y"": 50.0, ""radius"": 5.0}]"
sudden_target_appearance,348,69.6,0,87.917,79.305,94.0,90.0,50.0,50.0,,,position_noise+confidence_error,,trust_weighted_fusion,move,fixed,0.5,,3,0,12.304,5.34,42.921,uav_1,5.34,False,False,False,False,False,1,"[{""id"": ""obstacle_0"", ""kind"": ""static_obstacle"", ""x"": 50.0, ""y"": 50.0, ""radius"": 5.0}]"
sudden_target_appearance,348,69.6,1,83.84,75.856,90.0,94.0,50.0,50.0,,,position_noise+confidence_error,,trust_weighted_fusion,move,fixed,0.5,,3,0,19.161,5.34,37.587,uav_0,5.34,False,False,False,False,False,1,"[{""id"": ""obstacle_0"", ""kind"": ""static_obstacle"", ""x"": 50.0, ""y"": 50.0, ""radius"": 5.0}]"
sudden_target_appearance,348,69.6,2,85.092,88.359,86.0,90.0,50.0,50.0,,,none,,trust_weighted_fusion,at_goal,fixed,0.0,,0,0,1.875,5.657,46.989,uav_3,5.657,False,False,False,False,True,1,"[{""id"": ""obstacle_0"", ""kind"": ""static_obstacle"", ""x"": 50.0, ""y"": 50.0, ""radius"": 5.0}]"
sudden_target_appearance,348,69.6,3,89.26,84.534,90.0,86.0,50.0,50.0,,,none,,trust_weighted_fusion,at_goal,fixed,0.0,,0,0,1.642,5.399,47.287,uav_0,5.399,False,False,False,False,True,1,"[{""id"": ""obstacle_0"", ""kind"": ""static_obstacle"", ""x"": 50.0, ""y"": 50.0, ""radius"": 5.0}]"
sudden_target_appearance,349,69.8,0,88.102,79.631,94.0,90.0,50.0,50.0,,,position_noise+confidence_error,,trust_weighted_fusion,move,fixed,0.5,,3,0,11.929,5.038,43.268,uav_3,5.038,False,False,False,False,False,1,"[{""id"": ""obstacle_0"", ""kind"": ""static_obstacle"", ""x"": 50.0, ""y"": 50.0, ""radius"": 5.0}]"
sudden_target_appearance,349,69.8,1,83.854,76.231,90.0,94.0,50.0,50.0,,,false_positive+position_noise+confidence_error,,trust_weighted_fusion,false_avoidance,fixed,0.5,,4,1,18.802,5.441,37.827,uav_0,5.441,False,True,False,False,False,1,"[{""id"": ""obstacle_0"", ""kind"": ""static_obstacle"", ""x"": 50.0, ""y"": 50.0, ""radius"": 5.0}]"
sudden_target_appearance,349,69.8,2,85.092,88.359,86.0,90.0,50.0,50.0,,,none,,trust_weighted_fusion,at_goal,fixed,0.0,,0,0,1.875,5.657,46.989,uav_3,5.657,False,False,False,False,True,1,"[{""id"": ""obstacle_0"", ""kind"": ""static_obstacle"", ""x"": 50.0, ""y"": 50.0, ""radius"": 5.0}]"
sudden_target_appearance,349,69.8,3,89.26,84.534,90.0,86.0,50.0,50.0,,,none,,trust_weighted_fusion,at_goal,fixed,0.0,,0,0,1.642,5.038,47.287,uav_0,5.038,False,False,False,False,True,1,"[{""id"": ""obstacle_0"", ""kind"": ""static_obstacle"", ""x"": 50.0, ""y"": 50.0, ""radius"": 5.0}]"
sudden_target_appearance,350,70.0,0,88.287,79.957,94.0,90.0,50.0,50.0,,,position_noise+confidence_error,,trust_weighted_fusion,move,fixed,0.5,,3,0,11.554,4.679,43.614,uav_3,4.679,False,False,False,False,False,1,"[{""id"": ""obstacle_0"", ""kind"": ""static_obstacle"", ""x"": 50.0, ""y"": 50.0, ""radius"": 5.0}]"
sudden_target_appearance,350,70.0,1,83.977,76.585,90.0,94.0,50.0,50.0,,,position_noise+confidence_error,,trust_weighted_fusion,move,fixed,0.5,,3,0,18.427,5.473,38.141,uav_0,5.473,False,False,False,False,False,1,"[{""id"": ""obstacle_0"", ""kind"": ""static_obstacle"", ""x"": 50.0, ""y"": 50.0, ""radius"": 5.0}]"
sudden_target_appearance,350,70.0,2,85.092,88.359,86.0,90.0,50.0,50.0,,,none,,trust_weighted_fusion,at_goal,fixed,0.0,,0,0,1.875,5.657,46.989,uav_3,5.657,False,False,False,False,True,1,"[{""id"": ""obstacle_0"", ""kind"": ""static_obstacle"", ""x"": 50.0, ""y"": 50.0, ""radius"": 5.0}]"
sudden_target_appearance,350,70.0,3,89.26,84.534,90.0,86.0,50.0,50.0,,,none,,trust_weighted_fusion,at_goal,fixed,0.0,,0,0,1.642,4.679,47.287,uav_0,4.679,False,False,False,False,True,1,"[{""id"": ""obstacle_0"", ""kind"": ""static_obstacle"", ""x"": 50.0, ""y"": 50.0, ""radius"": 5.0}]"
sudden_target_appearance,351,70.2,0,88.489,80.273,94.0,90.0,50.0,50.0,,,false_positive+position_noise+confidence_error,,trust_weighted_fusion,false_avoidance,fixed,0.5,,4,1,11.179,4.33,43.968,uav_3,4.33,False,True,False,False,False,1,"[{""id"": ""obstacle_0"", ""kind"": ""static_obstacle"", ""x"": 50.0, ""y"": 50.0, ""radius"": 5.0}]"
sudden_target_appearance,351,70.2,1,84.099,76.939,90.0,94.0,50.0,50.0,,,position_noise+confidence_error,,trust_weighted_fusion,move,fixed,0.5,,3,0,18.052,5.512,38.457,uav_0,5.512,False,False,False,False,False,1,"[{""id"": ""obstacle_0"", ""kind"": ""static_obstacle"", ""x"": 50.0, ""y"": 50.0, ""radius"": 5.0}]"
sudden_target_appearance,351,70.2,2,85.092,88.359,86.0,90.0,50.0,50.0,,,none,,trust_weighted_fusion,at_goal,fixed,0.0,,0,0,1.875,5.657,46.989,uav_3,5.657,False,False,False,False,True,1,"[{""id"": ""obstacle_0"", ""kind"": ""static_obstacle"", ""x"": 50.0, ""y"": 50.0, ""radius"": 5.0}]"
sudden_target_appearance,351,70.2,3,89.26,84.534,90.0,86.0,50.0,50.0,,,none,,trust_weighted_fusion,at_goal,fixed,0.0,,0,0,1.642,4.33,47.287,uav_0,4.33,False,False,False,False,True,1,"[{""id"": ""obstacle_0"", ""kind"": ""static_obstacle"", ""x"": 50.0, ""y"": 50.0, ""radius"": 5.0}]"
sudden_target_appearance,352,70.4,0,88.674,80.599,94.0,90.0,50.0,50.0,,,position_noise+confidence_error,,trust_weighted_fusion,move,fixed,0.5,,3,0,10.804,3.978,44.315,uav_3,3.978,False,False,False,False,False,1,"[{""id"": ""obstacle_0"", ""kind"": ""static_obstacle"", ""x"": 50.0, ""y"": 50.0, ""radius"": 5.0}]"
sudden_target_appearance,352,70.4,1,84.222,77.294,90.0,94.0,50.0,50.0,,,position_noise+confidence_error,,trust_weighted_fusion,move,fixed,0.5,,3,0,17.677,5.545,38.773,uav_0,5.545,False,False,False,False,False,1,"[{""id"": ""obstacle_0"", ""kind"": ""static_obstacle"", ""x"": 50.0, ""y"": 50.0, ""radius"": 5.0}]"
sudden_target_appearance,352,70.4,2,85.092,88.359,86.0,90.0,50.0,50.0,,,none,,trust_weighted_fusion,at_goal,fixed,0.0,,0,0,1.875,5.657,46.989,uav_3,5.657,False,False,False,False,True,1,"[{""id"": ""obstacle_0"", ""kind"": ""static_obstacle"", ""x"": 50.0, ""y"": 50.0, ""radius"": 5.0}]"
sudden_target_appearance,352,70.4,3,89.26,84.534,90.0,86.0,50.0,50.0,,,none,,trust_weighted_fusion,at_goal,fixed,0.0,,0,0,1.642,3.978,47.287,uav_0,3.978,False,False,False,False,True,1,"[{""id"": ""obstacle_0"", ""kind"": ""static_obstacle"", ""x"": 50.0, ""y"": 50.0, ""radius"": 5.0}]"
sudden_target_appearance,353,70.6,0,88.859,80.926,94.0,90.0,50.0,50.0,,,position_noise+confidence_error,,trust_weighted_fusion,move,fixed,0.5,,3,0,10.429,3.63,44.663,uav_3,3.63,False,False,False,False,False,1,"[{""id"": ""obstacle_0"", ""kind"": ""static_obstacle"", ""x"": 50.0, ""y"": 50.0, ""radius"": 5.0}]"
sudden_target_appearance,353,70.6,1,84.344,77.648,90.0,94.0,50.0,50.0,,,position_noise+confidence_error,,trust_weighted_fusion,move,fixed,0.5,,3,0,17.302,5.579,39.09,uav_0,5.579,False,False,False,False,False,1,"[{""id"": ""obstacle_0"", ""kind"": ""static_obstacle"", ""x"": 50.0, ""y"": 50.0, ""radius"": 5.0}]"
sudden_target_appearance,353,70.6,2,85.092,88.359,86.0,90.0,50.0,50.0,,,none,,trust_weighted_fusion,at_goal,fixed,0.0,,0,0,1.875,5.657,46.989,uav_3,5.657,False,False,False,False,True,1,"[{""id"": ""obstacle_0"", ""kind"": ""static_obstacle"", ""x"": 50.0, ""y"": 50.0, ""radius"": 5.0}]"
sudden_target_appearance,353,70.6,3,89.26,84.534,90.0,86.0,50.0,50.0,,,none,,trust_weighted_fusion,at_goal,fixed,0.0,,0,0,1.642,3.63,47.287,uav_0,3.63,False,False,False,False,True,1,"[{""id"": ""obstacle_0"", ""kind"": ""static_obstacle"", ""x"": 50.0, ""y"": 50.0, ""radius"": 5.0}]"
sudden_target_appearance,354,70.8,0,89.044,81.252,94.0,90.0,50.0,50.0,,,position_noise+confidence_error,,trust_weighted_fusion,move,fixed,0.5,,3,0,10.054,3.289,45.011,uav_3,3.289,True,False,False,False,False,1,"[{""id"": ""obstacle_0"", ""kind"": ""static_obstacle"", ""x"": 50.0, ""y"": 50.0, ""radius"": 5.0}]"
sudden_target_appearance,354,70.8,1,84.108,77.939,90.0,94.0,50.0,50.0,,,false_positive+position_noise+confidence_error,,trust_weighted_fusion,false_avoidance,fixed,0.5,,4,1,17.107,5.944,39.091,uav_0,5.944,False,True,False,False,False,1,"[{""id"": ""obstacle_0"", ""kind"": ""static_obstacle"", ""x"": 50.0, ""y"": 50.0, ""radius"": 5.0}]"
sudden_target_appearance,354,70.8,2,85.092,88.359,86.0,90.0,50.0,50.0,,,none,,trust_weighted_fusion,at_goal,fixed,0.0,,0,0,1.875,5.657,46.989,uav_3,5.657,False,False,False,False,True,1,"[{""id"": ""obstacle_0"", ""kind"": ""static_obstacle"", ""x"": 50.0, ""y"": 50.0, ""radius"": 5.0}]"
sudden_target_appearance,354,70.8,3,89.26,84.534,90.0,86.0,50.0,50.0,,,none,,trust_weighted_fusion,at_goal,fixed,0.0,,0,0,1.642,3.289,47.287,uav_0,3.289,True,False,False,False,True,1,"[{""id"": ""obstacle_0"", ""kind"": ""static_obstacle"", ""x"": 50.0, ""y"": 50.0, ""radius"": 5.0}]"
sudden_target_appearance,355,71.0,0,89.228,81.578,94.0,90.0,50.0,50.0,,,position_noise+confidence_error,,trust_weighted_fusion,move,fixed,0.5,,3,0,9.679,2.956,45.359,uav_3,2.956,True,False,False,False,False,1,"[{""id"": ""obstacle_0"", ""kind"": ""static_obstacle"", ""x"": 50.0, ""y"": 50.0, ""radius"": 5.0}]"
sudden_target_appearance,355,71.0,1,84.403,78.171,90.0,94.0,50.0,50.0,,,false_positive+position_noise+confidence_error,,trust_weighted_fusion,false_avoidance,fixed,0.5,,4,1,16.789,5.907,39.465,uav_0,5.907,False,True,False,False,False,1,"[{""id"": ""obstacle_0"", ""kind"": ""static_obstacle"", ""x"": 50.0, ""y"": 50.0, ""radius"": 5.0}]"
sudden_target_appearance,355,71.0,2,85.092,88.359,86.0,90.0,50.0,50.0,,,none,,trust_weighted_fusion,at_goal,fixed,0.0,,0,0,1.875,5.657,46.989,uav_3,5.657,False,False,False,False,True,1,"[{""id"": ""obstacle_0"", ""kind"": ""static_obstacle"", ""x"": 50.0, ""y"": 50.0, ""radius"": 5.0}]"
sudden_target_appearance,355,71.0,3,89.26,84.534,90.0,86.0,50.0,50.0,,,none,,trust_weighted_fusion,at_goal,fixed,0.0,,0,0,1.642,2.956,47.287,uav_0,2.956,True,False,False,False,True,1,"[{""id"": ""obstacle_0"", ""kind"": ""static_obstacle"", ""x"": 50.0, ""y"": 50.0, ""radius"": 5.0}]"
sudden_target_appearance,356,71.2,0,89.413,81.905,94.0,90.0,50.0,50.0,,,position_noise+confidence_error,,trust_weighted_fusion,move,fixed,0.5,,3,0,9.304,2.634,45.708,uav_3,2.634,True,False,False,False,False,1,"[{""id"": ""obstacle_0"", ""kind"": ""static_obstacle"", ""x"": 50.0, ""y"": 50.0, ""radius"": 5.0}]"
sudden_target_appearance,356,71.2,1,84.528,78.525,90.0,94.0,50.0,50.0,,,position_noise+confidence_error,,trust_weighted_fusion,move,fixed,0.5,,3,0,16.414,5.941,39.787,uav_0,5.941,False,False,False,False,False,1,"[{""id"": ""obstacle_0"", ""kind"": ""static_obstacle"", ""x"": 50.0, ""y"": 50.0, ""radius"": 5.0}]"
sudden_target_appearance,356,71.2,2,85.092,88.359,86.0,90.0,50.0,50.0,,,none,,trust_weighted_fusion,at_goal,fixed,0.0,,0,0,1.875,5.657,46.989,uav_3,5.657,False,False,False,False,True,1,"[{""id"": ""obstacle_0"", ""kind"": ""static_obstacle"", ""x"": 50.0, ""y"": 50.0, ""radius"": 5.0}]"
sudden_target_appearance,356,71.2,3,89.26,84.534,90.0,86.0,50.0,50.0,,,none,,trust_weighted_fusion,at_goal,fixed,0.0,,0,0,1.642,2.634,47.287,uav_0,2.634,True,False,False,False,True,1,"[{""id"": ""obstacle_0"", ""kind"": ""static_obstacle"", ""x"": 50.0, ""y"": 50.0, ""radius"": 5.0}]"
sudden_target_appearance,357,71.4,0,89.747,81.733,94.0,90.0,50.0,50.0,,,position_noise+confidence_error,,trust_weighted_fusion,avoidance,fixed,0.5,,3,0,9.297,2.843,45.86,uav_3,2.843,True,False,False,False,False,1,"[{""id"": ""obstacle_0"", ""kind"": ""static_obstacle"", ""x"": 50.0, ""y"": 50.0, ""radius"": 5.0}]"
sudden_target_appearance,357,71.4,1,84.653,78.878,90.0,94.0,50.0,50.0,,,position_noise+confidence_error,,trust_weighted_fusion,move,fixed,0.5,,3,0,16.039,5.839,40.109,uav_0,5.839,False,False,False,False,False,1,"[{""id"": ""obstacle_0"", ""kind"": ""static_obstacle"", ""x"": 50.0, ""y"": 50.0, ""radius"": 5.0}]"
sudden_target_appearance,357,71.4,2,85.092,88.359,86.0,90.0,50.0,50.0,,,none,,trust_weighted_fusion,at_goal,fixed,0.0,,0,0,1.875,5.657,46.989,uav_3,5.657,False,False,False,False,True,1,"[{""id"": ""obstacle_0"", ""kind"": ""static_obstacle"", ""x"": 50.0, ""y"": 50.0, ""radius"": 5.0}]"
sudden_target_appearance,357,71.4,3,89.26,84.534,90.0,86.0,50.0,50.0,,,none,,trust_weighted_fusion,at_goal,fixed,0.0,,0,0,1.642,2.843,47.287,uav_0,2.843,True,False,False,False,True,1,"[{""id"": ""obstacle_0"", ""kind"": ""static_obstacle"", ""x"": 50.0, ""y"": 50.0, ""radius"": 5.0}]"
sudden_target_appearance,358,71.6,0,89.918,82.066,94.0,90.0,50.0,50.0,,,position_noise+confidence_error,,trust_weighted_fusion,move,fixed,0.5,,3,0,8.922,2.554,46.202,uav_3,2.554,True,False,False,False,False,1,"[{""id"": ""obstacle_0"", ""kind"": ""static_obstacle"", ""x"": 50.0, ""y"": 50.0, ""radius"": 5.0}]"
sudden_target_appearance,358,71.6,1,84.778,79.232,90.0,94.0,50.0,50.0,,,position_noise+confidence_error,,trust_weighted_fusion,move,fixed,0.5,,3,0,15.664,5.87,40.431,uav_0,5.87,False,False,False,False,False,1,"[{""id"": ""obstacle_0"", ""kind"": ""static_obstacle"", ""x"": 50.0, ""y"": 50.0, ""radius"": 5.0}]"
sudden_target_appearance,358,71.6,2,85.092,88.359,86.0,90.0,50.0,50.0,,,none,,trust_weighted_fusion,at_goal,fixed,0.0,,0,0,1.875,5.657,46.989,uav_3,5.657,False,False,False,False,True,1,"[{""id"": ""obstacle_0"", ""kind"": ""static_obstacle"", ""x"": 50.0, ""y"": 50.0, ""radius"": 5.0}]"
sudden_target_appearance,358,71.6,3,89.26,84.534,90.0,86.0,50.0,50.0,,,none,,trust_weighted_fusion,at_goal,fixed,0.0,,0,0,1.642,2.554,47.287,uav_0,2.554,True,False,False,False,True,1,"[{""id"": ""obstacle_0"", ""kind"": ""static_obstacle"", ""x"": 50.0, ""y"": 50.0, ""radius"": 5.0}]"
sudden_target_appearance,359,71.8,0,90.292,82.039,94.0,90.0,50.0,50.0,,,position_noise+confidence_error,,trust_weighted_fusion,avoidance,fixed,0.5,,3,0,8.782,2.7,46.478,uav_3,2.7,True,False,False,False,False,1,"[{""id"": ""obstacle_0"", ""kind"": ""static_obstacle"", ""x"": 50.0, ""y"": 50.0, ""radius"": 5.0}]"
sudden_target_appearance,359,71.8,1,84.903,79.586,90.0,94.0,50.0,50.0,,,position_noise+confidence_error,,trust_weighted_fusion,move,fixed,0.5,,3,0,15.289,5.922,40.755,uav_0,5.922,False,False,False,False,False,1,"[{""id"": ""obstacle_0"", ""kind"": ""static_obstacle"", ""x"": 50.0, ""y"": 50.0, ""radius"": 5.0}]"
sudden_target_appearance,359,71.8,2,85.092,88.359,86.0,90.0,50.0,50.0,,,none,,trust_weighted_fusion,at_goal,fixed,0.0,,0,0,1.875,5.657,46.989,uav_3,5.657,False,False,False,False,True,1,"[{""id"": ""obstacle_0"", ""kind"": ""static_obstacle"", ""x"": 50.0, ""y"": 50.0, ""radius"": 5.0}]"
sudden_target_appearance,359,71.8,3,89.26,84.534,90.0,86.0,50.0,50.0,,,none,,trust_weighted_fusion,at_goal,fixed,0.0,,0,0,1.642,2.7,47.287,uav_0,2.7,True,False,False,False,True,1,"[{""id"": ""obstacle_0"", ""kind"": ""static_obstacle"", ""x"": 50.0, ""y"": 50.0, ""radius"": 5.0}]"
sudden_target_appearance,360,72.0,0,90.605,81.832,94.0,90.0,50.0,50.0,,,position_noise+confidence_error,,trust_weighted_fusion,avoidance,fixed,0.5,,3,0,8.845,3.018,46.595,uav_3,3.018,True,False,False,False,False,1,"[{""id"": ""obstacle_0"", ""kind"": ""static_obstacle"", ""x"": 50.0, ""y"": 50.0, ""radius"": 5.0}]"
sudden_target_appearance,360,72.0,1,85.028,79.939,90.0,94.0,50.0,50.0,,,position_noise+confidence_error,,trust_weighted_fusion,move,fixed,0.5,,3,0,14.914,5.89,41.079,uav_0,5.89,False,False,False,False,False,1,"[{""id"": ""obstacle_0"", ""kind"": ""static_obstacle"", ""x"": 50.0, ""y"": 50.0, ""radius"": 5.0}]"
sudden_target_appearance,360,72.0,2,85.092,88.359,86.0,90.0,50.0,50.0,,,none,,trust_weighted_fusion,at_goal,fixed,0.0,,0,0,1.875,5.657,46.989,uav_3,5.657,False,False,False,False,True,1,"[{""id"": ""obstacle_0"", ""kind"": ""static_obstacle"", ""x"": 50.0, ""y"": 50.0, ""radius"": 5.0}]"
sudden_target_appearance,360,72.0,3,89.26,84.534,90.0,86.0,50.0,50.0,,,none,,trust_weighted_fusion,at_goal,fixed,0.0,,0,0,1.642,3.018,47.287,uav_0,3.018,True,False,False,False,True,1,"[{""id"": ""obstacle_0"", ""kind"": ""static_obstacle"", ""x"": 50.0, ""y"": 50.0, ""radius"": 5.0}]"
sudden_target_appearance,361,72.2,0,90.97,81.746,94.0,90.0,50.0,50.0,,,position_noise+confidence_error,,trust_weighted_fusion,avoidance,fixed,0.5,,3,0,8.793,3.27,46.83,uav_3,3.27,True,False,False,False,False,1,"[{""id"": ""obstacle_0"", ""kind"": ""static_obstacle"", ""x"": 50.0, ""y"": 50.0, ""radius"": 5.0}]"
sudden_target_appearance,361,72.2,1,85.153,80.293,90.0,94.0,50.0,50.0,,,position_noise+confidence_error,,trust_weighted_fusion,move,fixed,0.5,,3,0,14.539,5.904,41.404,uav_3,5.904,False,False,False,False,False,1,"[{""id"": ""obstacle_0"", ""kind"": ""static_obstacle"", ""x"": 50.0, ""y"": 50.0, ""radius"": 5.0}]"
sudden_target_appearance,361,72.2,2,85.092,88.359,86.0,90.0,50.0,50.0,,,none,,trust_weighted_fusion,at_goal,fixed,0.0,,0,0,1.875,5.657,46.989,uav_3,5.657,False,False,False,False,True,1,"[{""id"": ""obstacle_0"", ""kind"": ""static_obstacle"", ""x"": 50.0, ""y"": 50.0, ""radius"": 5.0}]"
sudden_target_appearance,361,72.2,3,89.26,84.534,90.0,86.0,50.0,50.0,,,none,,trust_weighted_fusion,at_goal,fixed,0.0,,0,0,1.642,3.27,47.287,uav_0,3.27,True,False,False,False,True,1,"[{""id"": ""obstacle_0"", ""kind"": ""static_obstacle"", ""x"": 50.0, ""y"": 50.0, ""radius"": 5.0}]"
sudden_target_appearance,362,72.4,0,91.099,82.098,94.0,90.0,50.0,50.0,,,position_noise+confidence_error,,trust_weighted_fusion,move,fixed,0.5,,3,0,8.418,3.052,47.148,uav_3,3.052,True,False,False,False,False,1,"[{""id"": ""obstacle_0"", ""kind"": ""static_obstacle"", ""x"": 50.0, ""y"": 50.0, ""radius"": 5.0}]"
sudden_target_appearance,362,72.4,1,85.278,80.646,90.0,94.0,50.0,50.0,,,position_noise+confidence_error,,trust_weighted_fusion,move,fixed,0.5,,3,0,14.164,5.565,41.73,uav_3,5.565,False,False,False,False,False,1,"[{""id"": ""obstacle_0"", ""kind"": ""static_obstacle"", ""x"": 50.0, ""y"": 50.0, ""radius"": 5.0}]"
sudden_target_appearance,362,72.4,2,85.092,88.359,86.0,90.0,50.0,50.0,,,none,,trust_weighted_fusion,at_goal,fixed,0.0,,0,0,1.875,5.657,46.989,uav_3,5.657,False,False,False,False,True,1,"[{""id"": ""obstacle_0"", ""kind"": ""static_obstacle"", ""x"": 50.0, ""y"": 50.0, ""radius"": 5.0}]"
sudden_target_appearance,362,72.4,3,89.26,84.534,90.0,86.0,50.0,50.0,,,none,,trust_weighted_fusion,at_goal,fixed,0.0,,0,0,1.642,3.052,47.287,uav_0,3.052,True,False,False,False,True,1,"[{""id"": ""obstacle_0"", ""kind"": ""static_obstacle"", ""x"": 50.0, ""y"": 50.0, ""radius"": 5.0}]"
sudden_target_appearance,363,72.6,0,91.228,82.45,94.0,90.0,50.0,50.0,,,position_noise+confidence_error,,trust_weighted_fusion,move,fixed,0.5,,3,0,8.043,2.866,47.467,uav_3,2.866,True,False,False,False,False,1,"[{""id"": ""obstacle_0"", ""kind"": ""static_obstacle"", ""x"": 50.0, ""y"": 50.0, ""radius"": 5.0}]"
sudden_target_appearance,363,72.6,1,85.403,81.0,90.0,94.0,50.0,50.0,,,position_noise+confidence_error,,trust_weighted_fusion,move,fixed,0.5,,3,0,13.789,5.232,42.057,uav_3,5.232,False,False,False,False,False,1,"[{""id"": ""obstacle_0"", ""kind"": ""static_obstacle"", ""x"": 50.0, ""y"": 50.0, ""radius"": 5.0}]"
sudden_target_appearance,363,72.6,2,85.092,88.359,86.0,90.0,50.0,50.0,,,none,,trust_weighted_fusion,at_goal,fixed,0.0,,0,0,1.875,5.657,46.989,uav_3,5.657,False,False,False,False,True,1,"[{""id"": ""obstacle_0"", ""kind"": ""static_obstacle"", ""x"": 50.0, ""y"": 50.0, ""radius"": 5.0}]"
sudden_target_appearance,363,72.6,3,89.26,84.534,90.0,86.0,50.0,50.0,,,none,,trust_weighted_fusion,at_goal,fixed,0.0,,0,0,1.642,2.866,47.287,uav_0,2.866,True,False,False,False,True,1,"[{""id"": ""obstacle_0"", ""kind"": ""static_obstacle"", ""x"": 50.0, ""y"": 50.0, ""radius"": 5.0}]"
sudden_target_appearance,364,72.8,0,91.357,82.802,94.0,90.0,50.0,50.0,,,position_noise+confidence_error,,trust_weighted_fusion,move,fixed,0.5,,3,0,7.668,2.72,47.786,uav_3,2.72,True,False,False,False,False,1,"[{""id"": ""obstacle_0"", ""kind"": ""static_obstacle"", ""x"": 50.0, ""y"": 50.0, ""radius"": 5.0}]"
sudden_target_appearance,364,72.8,1,85.528,81.353,90.0,94.0,50.0,50.0,,,position_noise+confidence_error,,trust_weighted_fusion,move,fixed,0.5,,3,0,13.414,4.904,42.384,uav_3,4.904,False,False,False,False,False,1,"[{""id"": ""obstacle_0"", ""kind"": ""static_obstacle"", ""x"": 50.0, ""y"": 50.0, ""radius"": 5.0}]"
sudden_target_appearance,364,72.8,2,85.092,88.359,86.0,90.0,50.0,50.0,,,none,,trust_weighted_fusion,at_goal,fixed,0.0,,0,0,1.875,5.657,46.989,uav_3,5.657,False,False,False,False,True,1,"[{""id"": ""obstacle_0"", ""kind"": ""static_obstacle"", ""x"": 50.0, ""y"": 50.0, ""radius"": 5.0}]"
sudden_target_appearance,364,72.8,3,89.26,84.534,90.0,86.0,50.0,50.0,,,none,,trust_weighted_fusion,at_goal,fixed,0.0,,0,0,1.642,2.72,47.287,uav_0,2.72,True,False,False,False,True,1,"[{""id"": ""obstacle_0"", ""kind"": ""static_obstacle"", ""x"": 50.0, ""y"": 50.0, ""radius"": 5.0}]"
sudden_target_appearance,365,73.0,0,91.547,83.125,94.0,90.0,50.0,50.0,,,false_positive+position_noise+confidence_error,,trust_weighted_fusion,false_avoidance,fixed,0.5,,4,1,7.299,2.686,48.136,uav_3,2.686,True,True,False,False,False,1,"[{""id"": ""obstacle_0"", ""kind"": ""static_obstacle"", ""x"": 50.0, ""y"": 50.0, ""radius"": 5.0}]"
sudden_target_appearance,365,73.0,1,85.653,81.707,90.0,94.0,50.0,50.0,,,position_noise+confidence_error,,trust_weighted_fusion,move,fixed,0.5,,3,0,13.039,4.583,42.712,uav_3,4.583,False,False,False,False,False,1,"[{""id"": ""obstacle_0"", ""kind"": ""static_obstacle"", ""x"": 50.0, ""y"": 50.0, ""radius"": 5.0}]"
sudden_target_appearance,365,73.0,2,85.092,88.359,86.0,90.0,50.0,50.0,,,none,,trust_weighted_fusion,at_goal,fixed,0.0,,0,0,1.875,5.657,46.989,uav_3,5.657,False,False,False,False,True,1,"[{""id"": ""obstacle_0"", ""kind"": ""static_obstacle"", ""x"": 50.0, ""y"": 50.0, ""radius"": 5.0}]"
sudden_target_appearance,365,73.0,3,89.26,84.534,90.0,86.0,50.0,50.0,,,none,,trust_weighted_fusion,at_goal,fixed,0.0,,0,0,1.642,2.686,47.287,uav_0,2.686,True,False,False,False,True,1,"[{""id"": ""obstacle_0"", ""kind"": ""static_obstacle"", ""x"": 50.0, ""y"": 50.0, ""radius"": 5.0}]"
sudden_target_appearance,366,73.2,0,91.604,83.496,94.0,90.0,50.0,50.0,,,false_positive+position_noise+confidence_error,,trust_weighted_fusion,false_avoidance,fixed,0.5,,4,1,6.931,2.563,48.412,uav_3,2.563,True,True,False,False,False,1,"[{""id"": ""obstacle_0"", ""kind"": ""static_obstacle"", ""x"": 50.0, ""y"": 50.0, ""radius"": 5.0}]"
sudden_target_appearance,366,73.2,1,86.026,81.67,90.0,94.0,50.0,50.0,,,false_positive+position_noise+confidence_error,,trust_weighted_fusion,false_avoidance,fixed,0.5,,4,1,12.955,4.32,42.967,uav_3,4.32,False,True,False,False,False,1,"[{""id"": ""obstacle_0"", ""kind"": ""static_obstacle"", ""x"": 50.0, ""y"": 50.0, ""radius"": 5.0}]"
sudden_target_appearance,366,73.2,2,85.092,88.359,86.0,90.0,50.0,50.0,,,none,,trust_weighted_fusion,at_goal,fixed,0.0,,0,0,1.875,5.657,46.989,uav_3,5.657,False,False,False,False,True,1,"[{""id"": ""obstacle_0"", ""kind"": ""static_obstacle"", ""x"": 50.0, ""y"": 50.0, ""radius"": 5.0}]"
sudden_target_appearance,366,73.2,3,89.26,84.534,90.0,86.0,50.0,50.0,,,none,,trust_weighted_fusion,at_goal,fixed,0.0,,0,0,1.642,2.563,47.287,uav_0,2.563,True,False,False,False,True,1,"[{""id"": ""obstacle_0"", ""kind"": ""static_obstacle"", ""x"": 50.0, ""y"": 50.0, ""radius"": 5.0}]"
sudden_target_appearance,367,73.4,0,91.733,83.848,94.0,90.0,50.0,50.0,,,position_noise+confidence_error,,trust_weighted_fusion,move,fixed,0.5,,3,0,6.556,2.566,48.734,uav_3,2.566,True,False,False,False,False,1,"[{""id"": ""obstacle_0"", ""kind"": ""static_obstacle"", ""x"": 50.0, ""y"": 50.0, ""radius"": 5.0}]"
sudden_target_appearance,367,73.4,1,86.298,81.928,90.0,94.0,50.0,50.0,,,false_positive+position_noise+confidence_error,,trust_weighted_fusion,false_avoidance,fixed,0.5,,4,1,12.627,3.945,43.342,uav_3,3.945,False,True,False,False,False,1,"[{""id"": ""obstacle_0"", ""kind"": ""static_obstacle"", ""x"": 50.0, ""y"": 50.0, ""radius"": 5.0}]"
sudden_target_appearance,367,73.4,2,85.092,88.359,86.0,90.0,50.0,50.0,,,none,,trust_weighted_fusion,at_goal,fixed,0.0,,0,0,1.875,5.657,46.989,uav_3,5.657,False,False,False,False,True,1,"[{""id"": ""obstacle_0"", ""kind"": ""static_obstacle"", ""x"": 50.0, ""y"": 50.0, ""radius"": 5.0}]"
sudden_target_appearance,367,73.4,3,89.26,84.534,90.0,86.0,50.0,50.0,,,none,,trust_weighted_fusion,at_goal,fixed,0.0,,0,0,1.642,2.566,47.287,uav_0,2.566,True,False,False,False,True,1,"[{""id"": ""obstacle_0"", ""kind"": ""static_obstacle"", ""x"": 50.0, ""y"": 50.0, ""radius"": 5.0}]"
sudden_target_appearance,368,73.6,0,92.036,84.069,94.0,90.0,50.0,50.0,,,position_noise+confidence_error,,trust_weighted_fusion,avoidance,fixed,0.5,,3,0,6.248,2.814,49.109,uav_3,2.814,True,False,False,False,False,1,"[{""id"": ""obstacle_0"", ""kind"": ""static_obstacle"", ""x"": 50.0, ""y"": 50.0, ""radius"": 5.0}]"
sudden_target_appearance,368,73.6,1,86.408,82.286,90.0,94.0,50.0,50.0,,,position_noise+confidence_error,,trust_weighted_fusion,move,fixed,0.5,,3,0,12.252,3.631,43.662,uav_3,3.631,False,False,False,False,False,1,"[{""id"": ""obstacle_0"", ""kind"": ""static_obstacle"", ""x"": 50.0, ""y"": 50.0, ""radius"": 5.0}]"
sudden_target_appearance,368,73.6,2,85.092,88.359,86.0,90.0,50.0,50.0,,,none,,trust_weighted_fusion,at_goal,fixed,0.0,,0,0,1.875,5.657,46.989,uav_3,5.657,False,False,False,False,True,1,"[{""id"": ""obstacle_0"", ""kind"": ""static_obstacle"", ""x"": 50.0, ""y"": 50.0, ""radius"": 5.0}]"
sudden_target_appearance,368,73.6,3,89.26,84.534,90.0,86.0,50.0,50.0,,,none,,trust_weighted_fusion,at_goal,fixed,0.0,,0,0,1.642,2.814,47.287,uav_0,2.814,True,False,False,False,True,1,"[{""id"": ""obstacle_0"", ""kind"": ""static_obstacle"", ""x"": 50.0, ""y"": 50.0, ""radius"": 5.0}]"
sudden_target_appearance,369,73.8,0,92.366,84.247,94.0,90.0,50.0,50.0,,,position_noise+confidence_error,,trust_weighted_fusion,avoidance,fixed,0.5,,3,0,5.981,3.119,49.477,uav_3,3.119,True,False,False,False,False,1,"[{""id"": ""obstacle_0"", ""kind"": ""static_obstacle"", ""x"": 50.0, ""y"": 50.0, ""radius"": 5.0}]"
sudden_target_appearance,369,73.8,1,86.518,82.645,90.0,94.0,50.0,50.0,,,position_noise+confidence_error,,trust_weighted_fusion,move,fixed,0.5,,3,0,11.877,3.33,43.982,uav_3,3.33,True,False,False,False,False,1,"[{""id"": ""obstacle_0"", ""kind"": ""static_obstacle"", ""x"": 50.0, ""y"": 50.0, ""radius"": 5.0}]"
sudden_target_appearance,369,73.8,2,85.092,88.359,86.0,90.0,50.0,50.0,,,none,,trust_weighted_fusion,at_goal,fixed,0.0,,0,0,1.875,5.657,46.989,uav_3,5.657,False,False,False,False,True,1,"[{""id"": ""obstacle_0"", ""kind"": ""static_obstacle"", ""x"": 50.0, ""y"": 50.0, ""radius"": 5.0}]"
sudden_target_appearance,369,73.8,3,89.26,84.534,90.0,86.0,50.0,50.0,,,none,,trust_weighted_fusion,at_goal,fixed,0.0,,0,0,1.642,3.119,47.287,uav_0,3.119,True,False,False,False,True,1,"[{""id"": ""obstacle_0"", ""kind"": ""static_obstacle"", ""x"": 50.0, ""y"": 50.0, ""radius"": 5.0}]"
sudden_target_appearance,370,74.0,0,92.14,84.546,94.0,90.0,50.0,50.0,,,false_positive+position_noise+confidence_error,,trust_weighted_fusion,false_avoidance,fixed,0.5,,4,1,5.763,2.88,49.49,uav_3,2.88,True,True,False,False,False,1,"[{""id"": ""obstacle_0"", ""kind"": ""static_obstacle"", ""x"": 50.0, ""y"": 50.0, ""radius"": 5.0}]"
sudden_target_appearance,370,74.0,1,86.628,83.003,90.0,94.0,50.0,50.0,,,position_noise+confidence_error,,trust_weighted_fusion,move,fixed,0.5,,3,0,11.502,3.045,44.304,uav_3,3.045,True,False,False,False,False,1,"[{""id"": ""obstacle_0"", ""kind"": ""static_obstacle"", ""x"": 50.0, ""y"": 50.0, ""radius"": 5.0}]"
sudden_target_appearance,370,74.0,2,85.092,88.359,86.0,90.0,50.0,50.0,,,none,,trust_weighted_fusion,at_goal,fixed,0.0,,0,0,1.875,5.571,46.989,uav_1,5.571,False,False,False,False,True,1,"[{""id"": ""obstacle_0"", ""kind"": ""static_obstacle"", ""x"": 50.0, ""y"": 50.0, ""radius"": 5.0}]"
sudden_target_appearance,370,74.0,3,89.26,84.534,90.0,86.0,50.0,50.0,,,none,,trust_weighted_fusion,at_goal,fixed,0.0,,0,0,1.642,2.88,47.287,uav_0,2.88,True,False,False,False,True,1,"[{""id"": ""obstacle_0"", ""kind"": ""static_obstacle"", ""x"": 50.0, ""y"": 50.0, ""radius"": 5.0}]"
sudden_target_appearance,371,74.2,0,92.034,84.905,94.0,90.0,50.0,50.0,,,false_positive+position_noise+confidence_error,,trust_weighted_fusion,false_avoidance,fixed,0.5,,4,1,5.461,2.798,49.637,uav_3,2.798,True,True,False,False,False,1,"[{""id"": ""obstacle_0"", ""kind"": ""static_obstacle"", ""x"": 50.0, ""y"": 50.0, ""radius"": 5.0}]"
sudden_target_appearance,371,74.2,1,86.738,83.362,90.0,94.0,50.0,50.0,,,position_noise+confidence_error,,trust_weighted_fusion,move,fixed,0.5,,3,0,11.127,2.781,44.626,uav_3,2.781,True,False,False,False,False,1,"[{""id"": ""obstacle_0"", ""kind"": ""static_obstacle"", ""x"": 50.0, ""y"": 50.0, ""radius"": 5.0}]"
sudden_target_appearance,371,74.2,2,85.092,88.359,86.0,90.0,50.0,50.0,,,none,,trust_weighted_fusion,at_goal,fixed,0.0,,0,0,1.875,5.261,46.989,uav_1,5.261,False,False,False,False,True,1,"[{""id"": ""obstacle_0"", ""kind"": ""static_obstacle"", ""x"": 50.0, ""y"": 50.0, ""radius"": 5.0}]"
sudden_target_appearance,371,74.2,3,89.26,84.534,90.0,86.0,50.0,50.0,,,none,,trust_weighted_fusion,at_goal,fixed,0.0,,0,0,1.642,2.781,47.287,uav_1,2.781,True,False,False,False,True,1,"[{""id"": ""obstacle_0"", ""kind"": ""static_obstacle"", ""x"": 50.0, ""y"": 50.0, ""radius"": 5.0}]"
sudden_target_appearance,372,74.4,0,92.282,85.187,94.0,90.0,50.0,50.0,,,position_noise+confidence_error,,trust_weighted_fusion,avoidance,fixed,0.5,,3,0,5.111,3.091,50.008,uav_3,3.091,True,False,False,False,False,1,"[{""id"": ""obstacle_0"", ""kind"": ""static_obstacle"", ""x"": 50.0, ""y"": 50.0, ""radius"": 5.0}]"
sudden_target_appearance,372,74.4,1,86.612,83.009,90.0,94.0,50.0,50.0,,,false_positive+position_noise+confidence_error,,trust_weighted_fusion,avoidance,fixed,0.5,,4,1,11.502,3.056,44.295,uav_3,3.056,True,False,False,False,False,1,"[{""id"": ""obstacle_0"", ""kind"": ""static_obstacle"", ""x"": 50.0, ""y"": 50.0, ""radius"": 5.0}]"
sudden_target_appearance,372,74.4,2,85.092,88.359,86.0,90.0,50.0,50.0,,,none,,trust_weighted_fusion,at_goal,fixed,0.0,,0,0,1.875,5.562,46.989,uav_1,5.562,False,False,False,False,True,1,"[{""id"": ""obstacle_0"", ""kind"": ""static_obstacle"", ""x"": 50.0, ""y"": 50.0, ""radius"": 5.0}]"
sudden_target_appearance,372,74.4,3,89.26,84.534,90.0,86.0,50.0,50.0,,,none,,trust_weighted_fusion,at_goal,fixed,0.0,,0,0,1.642,3.056,47.287,uav_1,3.056,True,False,False,False,True,1,"[{""id"": ""obstacle_0"", ""kind"": ""static_obstacle"", ""x"": 50.0, ""y"": 50.0, ""radius"": 5.0}]"
sudden_target_appearance,373,74.6,0,92.408,85.54,94.0,90.0,50.0,50.0,,,position_noise+confidence_error,,trust_weighted_fusion,move,fixed,0.5,,3,0,4.736,3.304,50.331,uav_3,3.304,True,False,False,False,False,1,"[{""id"": ""obstacle_0"", ""kind"": ""static_obstacle"", ""x"": 50.0, ""y"": 50.0, ""radius"": 5.0}]"
sudden_target_appearance,373,74.6,1,86.722,83.367,90.0,94.0,50.0,50.0,,,position_noise+confidence_error,,trust_weighted_fusion,move,fixed,0.5,,3,0,11.127,2.794,44.617,uav_3,2.794,True,False,False,False,False,1,"[{""id"": ""obstacle_0"", ""kind"": ""static_obstacle"", ""x"": 50.0, ""y"": 50.0, ""radius"": 5.0}]"
sudden_target_appearance,373,74.6,2,85.092,88.359,86.0,90.0,50.0,50.0,,,none,,trust_weighted_fusion,at_goal,fixed,0.0,,0,0,1.875,5.251,46.989,uav_1,5.251,False,False,False,False,True,1,"[{""id"": ""obstacle_0"", ""kind"": ""static_obstacle"", ""x"": 50.0, ""y"": 50.0, ""radius"": 5.0}]"
sudden_target_appearance,373,74.6,3,89.26,84.534,90.0,86.0,50.0,50.0,,,none,,trust_weighted_fusion,at_goal,fixed,0.0,,0,0,1.642,2.794,47.287,uav_1,2.794,True,False,False,False,True,1,"[{""id"": ""obstacle_0"", ""kind"": ""static_obstacle"", ""x"": 50.0, ""y"": 50.0, ""radius"": 5.0}]"
sudden_target_appearance,374,74.8,0,92.604,85.86,94.0,90.0,50.0,50.0,,,position_noise+confidence_error,,trust_weighted_fusion,avoidance,fixed,0.5,,3,0,4.369,3.597,50.687,uav_3,3.597,False,False,False,False,False,1,"[{""id"": ""obstacle_0"", ""kind"": ""static_obstacle"", ""x"": 50.0, ""y"": 50.0, ""radius"": 5.0}]"
sudden_target_appearance,374,74.8,1,86.602,83.012,90.0,94.0,50.0,50.0,,,position_noise+confidence_error,,trust_weighted_fusion,avoidance,fixed,0.5,,3,0,11.501,3.063,44.29,uav_3,3.063,True,False,False,False,False,1,"[{""id"": ""obstacle_0"", ""kind"": ""static_obstacle"", ""x"": 50.0, ""y"": 50.0, ""radius"": 5.0}]"
sudden_target_appearance,374,74.8,2,85.092,88.359,86.0,90.0,50.0,50.0,,,none,,trust_weighted_fusion,at_goal,fixed,0.0,,0,0,1.875,5.556,46.989,uav_1,5.556,False,False,False,False,True,1,"[{""id"": ""obstacle_0"", ""kind"": ""static_obstacle"", ""x"": 50.0, ""y"": 50.0, ""radius"": 5.0}]"
sudden_target_appearance,374,74.8,3,89.26,84.534,90.0,86.0,50.0,50.0,,,none,,trust_weighted_fusion,at_goal,fixed,0.0,,0,0,1.642,3.063,47.287,uav_1,3.063,True,False,False,False,True,1,"[{""id"": ""obstacle_0"", ""kind"": ""static_obstacle"", ""x"": 50.0, ""y"": 50.0, ""radius"": 5.0}]"
sudden_target_appearance,375,75.0,0,92.724,86.215,94.0,90.0,50.0,50.0,,,position_noise+confidence_error,,trust_weighted_fusion,move,fixed,0.5,,3,0,3.994,3.85,51.007,uav_3,3.85,False,False,False,False,False,1,"[{""id"": ""obstacle_0"", ""kind"": ""static_obstacle"", ""x"": 50.0, ""y"": 50.0, ""radius"": 5.0}]"
sudden_target_appearance,375,75.0,1,86.465,83.362,90.0,94.0,50.0,50.0,,,false_positive+position_noise+confidence_error,,trust_weighted_fusion,false_avoidance,fixed,0.5,,4,1,11.21,3.031,44.424,uav_3,3.031,True,True,False,False,False,1,"[{""id"": ""obstacle_0"", ""kind"": ""static_obstacle"", ""x"": 50.0, ""y"": 50.0, ""radius"": 5.0}]"
sudden_target_appearance,375,75.0,2,85.092,88.359,86.0,90.0,50.0,50.0,,,none,,trust_weighted_fusion,at_goal,fixed,0.0,,0,0,1.875,5.183,46.989,uav_1,5.183,False,False,False,False,True,1,"[{""id"": ""obstacle_0"", ""kind"": ""static_obstacle"", ""x"": 50.0, ""y"": 50.0, ""radius"": 5.0}]"
sudden_target_appearance,375,75.0,3,89.26,84.534,90.0,86.0,50.0,50.0,,,none,,trust_weighted_fusion,at_goal,fixed,0.0,,0,0,1.642,3.031,47.287,uav_1,3.031,True,False,False,False,True,1,"[{""id"": ""obstacle_0"", ""kind"": ""static_obstacle"", ""x"": 50.0, ""y"": 50.0, ""radius"": 5.0}]"
sudden_target_appearance,376,75.2,0,92.843,86.57,94.0,90.0,50.0,50.0,,,position_noise+confidence_error,,trust_weighted_fusion,move,fixed,0.5,,3,0,3.619,4.121,51.329,uav_3,4.121,False,False,False,False,False,1,"[{""id"": ""obstacle_0"", ""kind"": ""static_obstacle"", ""x"": 50.0, ""y"": 50.0, ""radius"": 5.0}]"
sudden_target_appearance,376,75.2,1,86.336,83.009,90.0,94.0,50.0,50.0,,,false_positive+position_noise+confidence_error,,trust_weighted_fusion,avoidance,fixed,0.5,,4,1,11.585,3.298,44.091,uav_3,3.298,True,False,False,False,False,1,"[{""id"": ""obstacle_0"", ""kind"": ""static_obstacle"", ""x"": 50.0, ""y"": 50.0, ""radius"": 5.0}]"
sudden_target_appearance,376,75.2,2,85.092,88.359,86.0,90.0,50.0,50.0,,,none,,trust_weighted_fusion,at_goal,fixed,0.0,,0,0,1.875,5.492,46.989,uav_1,5.492,False,False,False,False,True,1,"[{""id"": ""obstacle_0"", ""kind"": ""static_obstacle"", ""x"": 50.0, ""y"": 50.0, ""radius"": 5.0}]"
sudden_target_appearance,376,75.2,3,89.26,84.534,90.0,86.0,50.0,50.0,,,none,,trust_weighted_fusion,at_goal,fixed,0.0,,0,0,1.642,3.298,47.287,uav_1,3.298,True,False,False,False,True,1,"[{""id"": ""obstacle_0"", ""kind"": ""static_obstacle"", ""x"": 50.0, ""y"": 50.0, ""radius"": 5.0}]"
sudden_target_appearance,377,75.4,0,92.963,86.926,94.0,90.0,50.0,50.0,,,position_noise+confidence_error,,trust_weighted_fusion,move,fixed,0.5,,3,0,3.244,4.408,51.651,uav_3,4.408,False,False,False,False,False,1,"[{""id"": ""obstacle_0"", ""kind"": ""static_obstacle"", ""x"": 50.0, ""y"": 50.0, ""radius"": 5.0}]"
sudden_target_appearance,377,75.4,1,86.485,83.354,90.0,94.0,50.0,50.0,,,false_positive+position_noise+confidence_error,,trust_weighted_fusion,false_avoidance,fixed,0.5,,4,1,11.212,3.016,44.433,uav_3,3.016,True,True,False,False,False,1,"[{""id"": ""obstacle_0"", ""kind"": ""static_obstacle"", ""x"": 50.0, ""y"": 50.0, ""radius"": 5.0}]"
sudden_target_appearance,377,75.4,2,85.092,88.359,86.0,90.0,50.0,50.0,,,none,,trust_weighted_fusion,at_goal,fixed,0.0,,0,0,1.875,5.195,46.989,uav_1,5.195,False,False,False,False,True,1,"[{""id"": ""obstacle_0"", ""kind"": ""static_obstacle"", ""x"": 50.0, ""y"": 50.0, ""radius"": 5.0}]"
sudden_target_appearance,377,75.4,3,89.26,84.534,90.0,86.0,50.0,50.0,,,none,,trust_weighted_fusion,at_goal,fixed,0.0,,0,0,1.642,3.016,47.287,uav_1,3.016,True,False,False,False,True,1,"[{""id"": ""obstacle_0"", ""kind"": ""static_obstacle"", ""x"": 50.0, ""y"": 50.0, ""radius"": 5.0}]"
sudden_target_appearance,378,75.6,0,93.083,87.281,94.0,90.0,50.0,50.0,,,position_noise+confidence_error,,trust_weighted_fusion,move,fixed,0.5,,3,0,2.869,4.707,51.974,uav_3,4.707,False,False,False,False,False,1,"[{""id"": ""obstacle_0"", ""kind"": ""static_obstacle"", ""x"": 50.0, ""y"": 50.0, ""radius"": 5.0}]"
sudden_target_appearance,378,75.6,1,86.603,83.71,90.0,94.0,50.0,50.0,,,position_noise+confidence_error,,trust_weighted_fusion,move,fixed,0.5,,3,0,10.837,2.783,44.76,uav_3,2.783,True,False,False,False,False,1,"[{""id"": ""obstacle_0"", ""kind"": ""static_obstacle"", ""x"": 50.0, ""y"": 50.0, ""radius"": 5.0}]"
sudden_target_appearance,378,75.6,2,85.092,88.359,86.0,90.0,50.0,50.0,,,none,,trust_weighted_fusion,at_goal,fixed,0.0,,0,0,1.875,4.888,46.989,uav_1,4.888,False,False,False,False,True,1,"[{""id"": ""obstacle_0"", ""kind"": ""static_obstacle"", ""x"": 50.0, ""y"": 50.0, ""radius"": 5.0}]"
sudden_target_appearance,378,75.6,3,89.26,84.534,90.0,86.0,50.0,50.0,,,none,,trust_weighted_fusion,at_goal,fixed,0.0,,0,0,1.642,2.783,47.287,uav_1,2.783,True,False,False,False,True,1,"[{""id"": ""obstacle_0"", ""kind"": ""static_obstacle"", ""x"": 50.0, ""y"": 50.0, ""radius"": 5.0}]"
sudden_target_appearance,379,75.8,0,93.203,87.636,94.0,90.0,50.0,50.0,,,position_noise+confidence_error,,trust_weighted_fusion,move,fixed,0.5,,3,0,2.494,5.017,52.297,uav_3,5.017,False,False,False,False,False,1,"[{""id"": ""obstacle_0"", ""kind"": ""static_obstacle"", ""x"": 50.0, ""y"": 50.0, ""radius"": 5.0}]"
sudden_target_appearance,379,75.8,1,86.72,84.066,90.0,94.0,50.0,50.0,,,position_noise+confidence_error,,trust_weighted_fusion,move,fixed,0.5,,3,0,10.462,2.583,45.088,uav_3,2.583,True,False,False,False,False,1,"[{""id"": ""obstacle_0"", ""kind"": ""static_obstacle"", ""x"": 50.0, ""y"": 50.0, ""radius"": 5.0}]"
sudden_target_appearance,379,75.8,2,85.092,88.359,86.0,90.0,50.0,50.0,,,none,,trust_weighted_fusion,at_goal,fixed,0.0,,0,0,1.875,4.591,46.989,uav_1,4.591,False,False,False,False,True,1,"[{""id"": ""obstacle_0"", ""kind"": ""static_obstacle"", ""x"": 50.0, ""y"": 50.0, ""radius"": 5.0}]"
sudden_target_appearance,379,75.8,3,89.26,84.534,90.0,86.0,50.0,50.0,,,none,,trust_weighted_fusion,at_goal,fixed,0.0,,0,0,1.642,2.583,47.287,uav_1,2.583,True,False,False,False,True,1,"[{""id"": ""obstacle_0"", ""kind"": ""static_obstacle"", ""x"": 50.0, ""y"": 50.0, ""radius"": 5.0}]"
sudden_target_appearance,380,76.0,0,93.501,87.864,94.0,90.0,50.0,50.0,,,false_positive+position_noise+confidence_error,,trust_weighted_fusion,false_avoidance,fixed,0.5,,4,1,2.193,5.392,52.672,uav_3,5.392,False,True,False,False,False,1,"[{""id"": ""obstacle_0"", ""kind"": ""static_obstacle"", ""x"": 50.0, ""y"": 50.0, ""radius"": 5.0}]"
sudden_target_appearance,380,76.0,1,86.983,83.798,90.0,94.0,50.0,50.0,,,false_positive+position_noise+confidence_error,,trust_weighted_fusion,false_avoidance,fixed,0.5,,4,1,10.639,2.394,45.1,uav_3,2.394,True,True,False,False,False,1,"[{""id"": ""obstacle_0"", ""kind"": ""static_obstacle"", ""x"": 50.0, ""y"": 50.0, ""radius"": 5.0}]"
sudden_target_appearance,380,76.0,2,85.092,88.359,86.0,90.0,50.0,50.0,,,none,,trust_weighted_fusion,at_goal,fixed,0.0,,0,0,1.875,4.937,46.989,uav_1,4.937,False,False,False,False,True,1,"[{""id"": ""obstacle_0"", ""kind"": ""static_obstacle"", ""x"": 50.0, ""y"": 50.0, ""radius"": 5.0}]"
sudden_target_appearance,380,76.0,3,89.26,84.534,90.0,86.0,50.0,50.0,,,none,,trust_weighted_fusion,at_goal,fixed,0.0,,0,0,1.642,2.394,47.287,uav_1,2.394,True,False,False,False,True,1,"[{""id"": ""obstacle_0"", ""kind"": ""static_obstacle"", ""x"": 50.0, ""y"": 50.0, ""radius"": 5.0}]"
sudden_target_appearance,381,76.2,0,93.586,88.23,94.0,90.0,50.0,50.0,,,position_noise+confidence_error,,trust_weighted_fusion,move,fixed,0.5,,3,0,1.818,5.689,52.976,uav_3,5.689,False,False,False,False,True,1,"[{""id"": ""obstacle_0"", ""kind"": ""static_obstacle"", ""x"": 50.0, ""y"": 50.0, ""radius"": 5.0}]"
sudden_target_appearance,381,76.2,1,86.668,83.594,90.0,94.0,50.0,50.0,,,position_noise+confidence_error,,trust_weighted_fusion,avoidance,fixed,0.5,,3,0,10.926,2.758,44.73,uav_3,2.758,True,False,False,False,False,1,"[{""id"": ""obstacle_0"", ""kind"": ""static_obstacle"", ""x"": 50.0, ""y"": 50.0, ""radius"": 5.0}]"
sudden_target_appearance,381,76.2,2,85.092,88.359,86.0,90.0,50.0,50.0,,,none,,trust_weighted_fusion,at_goal,fixed,0.0,,0,0,1.875,5.018,46.989,uav_1,5.018,False,False,False,False,True,1,"[{""id"": ""obstacle_0"", ""kind"": ""static_obstacle"", ""x"": 50.0, ""y"": 50.0, ""radius"": 5.0}]"
sudden_target_appearance,381,76.2,3,89.26,84.534,90.0,86.0,50.0,50.0,,,none,,trust_weighted_fusion,at_goal,fixed,0.0,,0,0,1.642,2.758,47.287,uav_1,2.758,True,False,False,False,True,1,"[{""id"": ""obstacle_0"", ""kind"": ""static_obstacle"", ""x"": 50.0, ""y"": 50.0, ""radius"": 5.0}]"
sudden_target_appearance,382,76.4,0,93.586,88.23,94.0,90.0,50.0,50.0,,,none,,trust_weighted_fusion,at_goal,fixed,0.0,,0,0,1.818,5.689,52.976,uav_3,5.689,False,False,False,False,True,1,"[{""id"": ""obstacle_0"", ""kind"": ""static_obstacle"", ""x"": 50.0, ""y"": 50.0, ""radius"": 5.0}]"
sudden_target_appearance,382,76.4,1,86.475,83.272,90.0,94.0,50.0,50.0,,,position_noise+confidence_error,,trust_weighted_fusion,avoidance,fixed,0.5,,3,0,11.292,3.058,44.371,uav_3,3.058,True,False,False,False,False,1,"[{""id"": ""obstacle_0"", ""kind"": ""static_obstacle"", ""x"": 50.0, ""y"": 50.0, ""radius"": 5.0}]"
sudden_target_appearance,382,76.4,2,85.092,88.359,86.0,90.0,50.0,50.0,,,none,,trust_weighted_fusion,at_goal,fixed,0.0,,0,0,1.875,5.271,46.989,uav_1,5.271,False,False,False,False,True,1,"[{""id"": ""obstacle_0"", ""kind"": ""static_obstacle"", ""x"": 50.0, ""y"": 50.0, ""radius"": 5.0}]"
sudden_target_appearance,382,76.4,3,89.26,84.534,90.0,86.0,50.0,50.0,,,none,,trust_weighted_fusion,at_goal,fixed,0.0,,0,0,1.642,3.058,47.287,uav_1,3.058,True,False,False,False,True,1,"[{""id"": ""obstacle_0"", ""kind"": ""static_obstacle"", ""x"": 50.0, ""y"": 50.0, ""radius"": 5.0}]"
sudden_target_appearance,383,76.6,0,93.586,88.23,94.0,90.0,50.0,50.0,,,none,,trust_weighted_fusion,at_goal,fixed,0.0,,0,0,1.818,5.689,52.976,uav_3,5.689,False,False,False,False,True,1,"[{""id"": ""obstacle_0"", ""kind"": ""static_obstacle"", ""x"": 50.0, ""y"": 50.0, ""radius"": 5.0}]"
sudden_target_appearance,383,76.6,1,86.592,83.629,90.0,94.0,50.0,50.0,,,position_noise+confidence_error,,trust_weighted_fusion,move,fixed,0.5,,3,0,10.917,2.817,44.698,uav_3,2.817,True,False,False,False,False,1,"[{""id"": ""obstacle_0"", ""kind"": ""static_obstacle"", ""x"": 50.0, ""y"": 50.0, ""radius"": 5.0}]"
sudden_target_appearance,383,76.6,2,85.092,88.359,86.0,90.0,50.0,50.0,,,none,,trust_weighted_fusion,at_goal,fixed,0.0,,0,0,1.875,4.962,46.989,uav_1,4.962,False,False,False,False,True,1,"[{""id"": ""obstacle_0"", ""kind"": ""static_obstacle"", ""x"": 50.0, ""y"": 50.0, ""radius"": 5.0}]"
sudden_target_appearance,383,76.6,3,89.26,84.534,90.0,86.0,50.0,50.0,,,none,,trust_weighted_fusion,at_goal,fixed,0.0,,0,0,1.642,2.817,47.287,uav_1,2.817,True,False,False,False,True,1,"[{""id"": ""obstacle_0"", ""kind"": ""static_obstacle"", ""x"": 50.0, ""y"": 50.0, ""radius"": 5.0}]"
sudden_target_appearance,384,76.8,0,93.586,88.23,94.0,90.0,50.0,50.0,,,none,,trust_weighted_fusion,at_goal,fixed,0.0,,0,0,1.818,5.689,52.976,uav_3,5.689,False,False,False,False,True,1,"[{""id"": ""obstacle_0"", ""kind"": ""static_obstacle"", ""x"": 50.0, ""y"": 50.0, ""radius"": 5.0}]"
sudden_target_appearance,384,76.8,1,86.709,83.985,90.0,94.0,50.0,50.0,,,position_noise+confidence_error,,trust_weighted_fusion,move,fixed,0.5,,3,0,10.542,2.609,45.026,uav_3,2.609,True,False,False,False,False,1,"[{""id"": ""obstacle_0"", ""kind"": ""static_obstacle"", ""x"": 50.0, ""y"": 50.0, ""radius"": 5.0}]"
sudden_target_appearance,384,76.8,2,85.092,88.359,86.0,90.0,50.0,50.0,,,none,,trust_weighted_fusion,at_goal,fixed,0.0,,0,0,1.875,4.663,46.989,uav_1,4.663,False,False,False,False,True,1,"[{""id"": ""obstacle_0"", ""kind"": ""static_obstacle"", ""x"": 50.0, ""y"": 50.0, ""radius"": 5.0}]"
sudden_target_appearance,384,76.8,3,89.26,84.534,90.0,86.0,50.0,50.0,,,none,,trust_weighted_fusion,at_goal,fixed,0.0,,0,0,1.642,2.609,47.287,uav_1,2.609,True,False,False,False,True,1,"[{""id"": ""obstacle_0"", ""kind"": ""static_obstacle"", ""x"": 50.0, ""y"": 50.0, ""radius"": 5.0}]"
sudden_target_appearance,385,77.0,0,93.586,88.23,94.0,90.0,50.0,50.0,,,none,,trust_weighted_fusion,at_goal,fixed,0.0,,0,0,1.818,5.689,52.976,uav_3,5.689,False,False,False,False,True,1,"[{""id"": ""obstacle_0"", ""kind"": ""static_obstacle"", ""x"": 50.0, ""y"": 50.0, ""radius"": 5.0}]"
sudden_target_appearance,385,77.0,1,86.572,83.636,90.0,94.0,50.0,50.0,,,position_noise+confidence_error,,trust_weighted_fusion,avoidance,fixed,0.5,,3,0,10.916,2.834,44.688,uav_3,2.834,True,False,False,False,False,1,"[{""id"": ""obstacle_0"", ""kind"": ""static_obstacle"", ""x"": 50.0, ""y"": 50.0, ""radius"": 5.0}]"
sudden_target_appearance,385,77.0,2,85.092,88.359,86.0,90.0,50.0,50.0,,,none,,trust_weighted_fusion,at_goal,fixed,0.0,,0,0,1.875,4.95,46.989,uav_1,4.95,False,False,False,False,True,1,"[{""id"": ""obstacle_0"", ""kind"": ""static_obstacle"", ""x"": 50.0, ""y"": 50.0, ""radius"": 5.0}]"
sudden_target_appearance,385,77.0,3,89.26,84.534,90.0,86.0,50.0,50.0,,,none,,trust_weighted_fusion,at_goal,fixed,0.0,,0,0,1.642,2.834,47.287,uav_1,2.834,True,False,False,False,True,1,"[{""id"": ""obstacle_0"", ""kind"": ""static_obstacle"", ""x"": 50.0, ""y"": 50.0, ""radius"": 5.0}]"
sudden_target_appearance,386,77.2,0,93.586,88.23,94.0,90.0,50.0,50.0,,,none,,trust_weighted_fusion,at_goal,fixed,0.0,,0,0,1.818,5.689,52.976,uav_3,5.689,False,False,False,False,True,1,"[{""id"": ""obstacle_0"", ""kind"": ""static_obstacle"", ""x"": 50.0, ""y"": 50.0, ""radius"": 5.0}]"
sudden_target_appearance,386,77.2,1,86.781,83.948,90.0,94.0,50.0,50.0,,,false_positive+position_noise+confidence_error,,trust_weighted_fusion,false_avoidance,fixed,0.5,,4,1,10.555,2.548,45.053,uav_3,2.548,True,True,False,False,False,1,"[{""id"": ""obstacle_0"", ""kind"": ""static_obstacle"", ""x"": 50.0, ""y"": 50.0, ""radius"": 5.0}]"
sudden_target_appearance,386,77.2,2,85.092,88.359,86.0,90.0,50.0,50.0,,,none,,trust_weighted_fusion,at_goal,fixed,0.0,,0,0,1.875,4.723,46.989,uav_1,4.723,False,False,False,False,True,1,"[{""id"": ""obstacle_0"", ""kind"": ""static_obstacle"", ""x"": 50.0, ""y"": 50.0, ""radius"": 5.0}]"
sudden_target_appearance,386,77.2,3,89.26,84.534,90.0,86.0,50.0,50.0,,,none,,trust_weighted_fusion,at_goal,fixed,0.0,,0,0,1.642,2.548,47.287,uav_1,2.548,True,False,False,False,True,1,"[{""id"": ""obstacle_0"", ""kind"": ""static_obstacle"", ""x"": 50.0, ""y"": 50.0, ""radius"": 5.0}]"
sudden_target_appearance,387,77.4,0,93.586,88.23,94.0,90.0,50.0,50.0,,,none,,trust_weighted_fusion,at_goal,fixed,0.0,,0,0,1.818,5.689,52.976,uav_3,5.689,False,False,False,False,True,1,"[{""id"": ""obstacle_0"", ""kind"": ""static_obstacle"", ""x"": 50.0, ""y"": 50.0, ""radius"": 5.0}]"
sudden_target_appearance,387,77.4,1,86.575,83.634,90.0,94.0,50.0,50.0,,,position_noise+confidence_error,,trust_weighted_fusion,avoidance,fixed,0.5,,3,0,10.917,2.832,44.689,uav_3,2.832,True,False,False,False,False,1,"[{""id"": ""obstacle_0"", ""kind"": ""static_obstacle"", ""x"": 50.0, ""y"": 50.0, ""radius"": 5.0}]"
sudden_target_appearance,387,77.4,2,85.092,88.359,86.0,90.0,50.0,50.0,,,none,,trust_weighted_fusion,at_goal,fixed,0.0,,0,0,1.875,4.952,46.989,uav_1,4.952,False,False,False,False,True,1,"[{""id"": ""obstacle_0"", ""kind"": ""static_obstacle"", ""x"": 50.0, ""y"": 50.0, ""radius"": 5.0}]"
sudden_target_appearance,387,77.4,3,89.26,84.534,90.0,86.0,50.0,50.0,,,none,,trust_weighted_fusion,at_goal,fixed,0.0,,0,0,1.642,2.832,47.287,uav_1,2.832,True,False,False,False,True,1,"[{""id"": ""obstacle_0"", ""kind"": ""static_obstacle"", ""x"": 50.0, ""y"": 50.0, ""radius"": 5.0}]"
sudden_target_appearance,388,77.6,0,93.586,88.23,94.0,90.0,50.0,50.0,,,none,,trust_weighted_fusion,at_goal,fixed,0.0,,0,0,1.818,5.689,52.976,uav_3,5.689,False,False,False,False,True,1,"[{""id"": ""obstacle_0"", ""kind"": ""static_obstacle"", ""x"": 50.0, ""y"": 50.0, ""radius"": 5.0}]"
sudden_target_appearance,388,77.6,1,86.528,83.262,90.0,94.0,50.0,50.0,,,position_noise+confidence_error,,trust_weighted_fusion,avoidance,fixed,0.5,,3,0,11.285,3.014,44.403,uav_3,3.014,True,False,False,False,False,1,"[{""id"": ""obstacle_0"", ""kind"": ""static_obstacle"", ""x"": 50.0, ""y"": 50.0, ""radius"": 5.0}]"
sudden_target_appearance,388,77.6,2,85.092,88.359,86.0,90.0,50.0,50.0,,,none,,trust_weighted_fusion,at_goal,fixed,0.0,,0,0,1.875,5.295,46.989,uav_1,5.295,False,False,False,False,True,1,"[{""id"": ""obstacle_0"", ""kind"": ""static_obstacle"", ""x"": 50.0, ""y"": 50.0, ""radius"": 5.0}]"
sudden_target_appearance,388,77.6,3,89.26,84.534,90.0,86.0,50.0,50.0,,,none,,trust_weighted_fusion,at_goal,fixed,0.0,,0,0,1.642,3.014,47.287,uav_1,3.014,True,False,False,False,True,1,"[{""id"": ""obstacle_0"", ""kind"": ""static_obstacle"", ""x"": 50.0, ""y"": 50.0, ""radius"": 5.0}]"
sudden_target_appearance,389,77.8,0,93.586,88.23,94.0,90.0,50.0,50.0,,,none,,trust_weighted_fusion,at_goal,fixed,0.0,,0,0,1.818,5.689,52.976,uav_3,5.689,False,False,False,False,True,1,"[{""id"": ""obstacle_0"", ""kind"": ""static_obstacle"", ""x"": 50.0, ""y"": 50.0, ""radius"": 5.0}]"
sudden_target_appearance,389,77.8,1,86.644,83.619,90.0,94.0,50.0,50.0,,,position_noise+confidence_error,,trust_weighted_fusion,move,fixed,0.5,,3,0,10.91,2.772,44.729,uav_3,2.772,True,False,False,False,False,1,"[{""id"": ""obstacle_0"", ""kind"": ""static_obstacle"", ""x"": 50.0, ""y"": 50.0, ""radius"": 5.0}]"
sudden_target_appearance,389,77.8,2,85.092,88.359,86.0,90.0,50.0,50.0,,,none,,trust_weighted_fusion,at_goal,fixed,0.0,,0,0,1.875,4.987,46.989,uav_1,4.987,False,False,False,False,True,1,"[{""id"": ""obstacle_0"", ""kind"": ""static_obstacle"", ""x"": 50.0, ""y"": 50.0, ""radius"": 5.0}]"
sudden_target_appearance,389,77.8,3,89.26,84.534,90.0,86.0,50.0,50.0,,,none,,trust_weighted_fusion,at_goal,fixed,0.0,,0,0,1.642,2.772,47.287,uav_1,2.772,True,False,False,False,True,1,"[{""id"": ""obstacle_0"", ""kind"": ""static_obstacle"", ""x"": 50.0, ""y"": 50.0, ""radius"": 5.0}]"
sudden_target_appearance,390,78.0,0,93.586,88.23,94.0,90.0,50.0,50.0,,,none,,trust_weighted_fusion,at_goal,fixed,0.0,,0,0,1.818,5.689,52.976,uav_3,5.689,False,False,False,False,True,1,"[{""id"": ""obstacle_0"", ""kind"": ""static_obstacle"", ""x"": 50.0, ""y"": 50.0, ""radius"": 5.0}]"
sudden_target_appearance,390,78.0,1,86.759,83.976,90.0,94.0,50.0,50.0,,,position_noise+confidence_error,,trust_weighted_fusion,move,fixed,0.5,,3,0,10.535,2.563,45.056,uav_3,2.563,True,False,False,False,False,1,"[{""id"": ""obstacle_0"", ""kind"": ""static_obstacle"", ""x"": 50.0, ""y"": 50.0, ""radius"": 5.0}]"
sudden_target_appearance,390,78.0,2,85.092,88.359,86.0,90.0,50.0,50.0,,,none,,trust_weighted_fusion,at_goal,fixed,0.0,,0,0,1.875,4.689,46.989,uav_1,4.689,False,False,False,False,True,1,"[{""id"": ""obstacle_0"", ""kind"": ""static_obstacle"", ""x"": 50.0, ""y"": 50.0, ""radius"": 5.0}]"
sudden_target_appearance,390,78.0,3,89.26,84.534,90.0,86.0,50.0,50.0,,,none,,trust_weighted_fusion,at_goal,fixed,0.0,,0,0,1.642,2.563,47.287,uav_1,2.563,True,False,False,False,True,1,"[{""id"": ""obstacle_0"", ""kind"": ""static_obstacle"", ""x"": 50.0, ""y"": 50.0, ""radius"": 5.0}]"
sudden_target_appearance,391,78.2,0,93.586,88.23,94.0,90.0,50.0,50.0,,,none,,trust_weighted_fusion,at_goal,fixed,0.0,,0,0,1.818,5.689,52.976,uav_3,5.689,False,False,False,False,True,1,"[{""id"": ""obstacle_0"", ""kind"": ""static_obstacle"", ""x"": 50.0, ""y"": 50.0, ""radius"": 5.0}]"
sudden_target_appearance,391,78.2,1,86.874,84.333,90.0,94.0,50.0,50.0,,,position_noise+confidence_error,,trust_weighted_fusion,move,fixed,0.5,,3,0,10.16,2.395,45.383,uav_3,2.395,True,False,False,False,False,1,"[{""id"": ""obstacle_0"", ""kind"": ""static_obstacle"", ""x"": 50.0, ""y"": 50.0, ""radius"": 5.0}]"
sudden_target_appearance,391,78.2,2,85.092,88.359,86.0,90.0,50.0,50.0,,,none,,trust_weighted_fusion,at_goal,fixed,0.0,,0,0,1.875,4.403,46.989,uav_1,4.403,False,False,False,False,True,1,"[{""id"": ""obstacle_0"", ""kind"": ""static_obstacle"", ""x"": 50.0, ""y"": 50.0, ""radius"": 5.0}]"
sudden_target_appearance,391,78.2,3,89.26,84.534,90.0,86.0,50.0,50.0,,,none,,trust_weighted_fusion,at_goal,fixed,0.0,,0,0,1.642,2.395,47.287,uav_1,2.395,True,False,False,False,True,1,"[{""id"": ""obstacle_0"", ""kind"": ""static_obstacle"", ""x"": 50.0, ""y"": 50.0, ""radius"": 5.0}]"
sudden_target_appearance,392,78.4,0,93.586,88.23,94.0,90.0,50.0,50.0,,,none,,trust_weighted_fusion,at_goal,fixed,0.0,,0,0,1.818,5.689,52.976,uav_3,5.689,False,False,False,False,True,1,"[{""id"": ""obstacle_0"", ""kind"": ""static_obstacle"", ""x"": 50.0, ""y"": 50.0, ""radius"": 5.0}]"
sudden_target_appearance,392,78.4,1,86.576,84.105,90.0,94.0,50.0,50.0,,,position_noise+confidence_error,,trust_weighted_fusion,avoidance,fixed,0.5,,3,0,10.47,2.718,45.01,uav_3,2.718,True,False,False,False,False,1,"[{""id"": ""obstacle_0"", ""kind"": ""static_obstacle"", ""x"": 50.0, ""y"": 50.0, ""radius"": 5.0}]"
sudden_target_appearance,392,78.4,2,85.092,88.359,86.0,90.0,50.0,50.0,,,none,,trust_weighted_fusion,at_goal,fixed,0.0,,0,0,1.875,4.505,46.989,uav_1,4.505,False,False,False,False,True,1,"[{""id"": ""obstacle_0"", ""kind"": ""static_obstacle"", ""x"": 50.0, ""y"": 50.0, ""radius"": 5.0}]"
sudden_target_appearance,392,78.4,3,89.26,84.534,90.0,86.0,50.0,50.0,,,none,,trust_weighted_fusion,at_goal,fixed,0.0,,0,0,1.642,2.718,47.287,uav_1,2.718,True,False,False,False,True,1,"[{""id"": ""obstacle_0"", ""kind"": ""static_obstacle"", ""x"": 50.0, ""y"": 50.0, ""radius"": 5.0}]"
sudden_target_appearance,393,78.6,0,93.586,88.23,94.0,90.0,50.0,50.0,,,none,,trust_weighted_fusion,at_goal,fixed,0.0,,0,0,1.818,5.689,52.976,uav_3,5.689,False,False,False,False,True,1,"[{""id"": ""obstacle_0"", ""kind"": ""static_obstacle"", ""x"": 50.0, ""y"": 50.0, ""radius"": 5.0}]"
sudden_target_appearance,393,78.6,1,86.224,83.976,90.0,94.0,50.0,50.0,,,position_noise+confidence_error,,trust_weighted_fusion,avoidance,fixed,0.5,,3,0,10.712,3.087,44.664,uav_3,3.087,True,False,False,False,False,1,"[{""id"": ""obstacle_0"", ""kind"": ""static_obstacle"", ""x"": 50.0, ""y"": 50.0, ""radius"": 5.0}]"
sudden_target_appearance,393,78.6,2,85.092,88.359,86.0,90.0,50.0,50.0,,,none,,trust_weighted_fusion,at_goal,fixed,0.0,,0,0,1.875,4.527,46.989,uav_1,4.527,False,False,False,False,True,1,"[{""id"": ""obstacle_0"", ""kind"": ""static_obstacle"", ""x"": 50.0, ""y"": 50.0, ""radius"": 5.0}]"
sudden_target_appearance,393,78.6,3,89.26,84.534,90.0,86.0,50.0,50.0,,,none,,trust_weighted_fusion,at_goal,fixed,0.0,,0,0,1.642,3.087,47.287,uav_1,3.087,True,False,False,False,True,1,"[{""id"": ""obstacle_0"", ""kind"": ""static_obstacle"", ""x"": 50.0, ""y"": 50.0, ""radius"": 5.0}]"
sudden_target_appearance,394,78.8,0,93.586,88.23,94.0,90.0,50.0,50.0,,,none,,trust_weighted_fusion,at_goal,fixed,0.0,,0,0,1.818,5.689,52.976,uav_3,5.689,False,False,False,False,True,1,"[{""id"": ""obstacle_0"", ""kind"": ""static_obstacle"", ""x"": 50.0, ""y"": 50.0, ""radius"": 5.0}]"
sudden_target_appearance,394,78.8,1,85.888,83.81,90.0,94.0,50.0,50.0,,,position_noise+confidence_error,,trust_weighted_fusion,avoidance,fixed,0.5,,3,0,10.989,3.449,44.306,uav_3,3.449,True,False,False,False,False,1,"[{""id"": ""obstacle_0"", ""kind"": ""static_obstacle"", ""x"": 50.0, ""y"": 50.0, ""radius"": 5.0}]"
sudden_target_appearance,394,78.8,2,85.092,88.359,86.0,90.0,50.0,50.0,,,none,,trust_weighted_fusion,at_goal,fixed,0.0,,0,0,1.875,4.618,46.989,uav_1,4.618,False,False,False,False,True,1,"[{""id"": ""obstacle_0"", ""kind"": ""static_obstacle"", ""x"": 50.0, ""y"": 50.0, ""radius"": 5.0}]"
sudden_target_appearance,394,78.8,3,89.26,84.534,90.0,86.0,50.0,50.0,,,none,,trust_weighted_fusion,at_goal,fixed,0.0,,0,0,1.642,3.449,47.287,uav_1,3.449,True,False,False,False,True,1,"[{""id"": ""obstacle_0"", ""kind"": ""static_obstacle"", ""x"": 50.0, ""y"": 50.0, ""radius"": 5.0}]"
sudden_target_appearance,395,79.0,0,93.586,88.23,94.0,90.0,50.0,50.0,,,none,,trust_weighted_fusion,at_goal,fixed,0.0,,0,0,1.818,5.689,52.976,uav_3,5.689,False,False,False,False,True,1,"[{""id"": ""obstacle_0"", ""kind"": ""static_obstacle"", ""x"": 50.0, ""y"": 50.0, ""radius"": 5.0}]"
sudden_target_appearance,395,79.0,1,86.028,84.157,90.0,94.0,50.0,50.0,,,position_noise+confidence_error,,trust_weighted_fusion,move,fixed,0.5,,3,0,10.614,3.254,44.646,uav_3,3.254,True,False,False,False,False,1,"[{""id"": ""obstacle_0"", ""kind"": ""static_obstacle"", ""x"": 50.0, ""y"": 50.0, ""radius"": 5.0}]"
sudden_target_appearance,395,79.0,2,85.092,88.359,86.0,90.0,50.0,50.0,,,none,,trust_weighted_fusion,at_goal,fixed,0.0,,0,0,1.875,4.305,46.989,uav_1,4.305,False,False,False,False,True,1,"[{""id"": ""obstacle_0"", ""kind"": ""static_obstacle"", ""x"": 50.0, ""y"": 50.0, ""radius"": 5.0}]"
sudden_target_appearance,395,79.0,3,89.26,84.534,90.0,86.0,50.0,50.0,,,none,,trust_weighted_fusion,at_goal,fixed,0.0,,0,0,1.642,3.254,47.287,uav_1,3.254,True,False,False,False,True,1,"[{""id"": ""obstacle_0"", ""kind"": ""static_obstacle"", ""x"": 50.0, ""y"": 50.0, ""radius"": 5.0}]"
sudden_target_appearance,396,79.2,0,93.586,88.23,94.0,90.0,50.0,50.0,,,none,,trust_weighted_fusion,at_goal,fixed,0.0,,0,0,1.818,5.689,52.976,uav_3,5.689,False,False,False,False,True,1,"[{""id"": ""obstacle_0"", ""kind"": ""static_obstacle"", ""x"": 50.0, ""y"": 50.0, ""radius"": 5.0}]"
sudden_target_appearance,396,79.2,1,86.059,84.531,90.0,94.0,50.0,50.0,,,false_positive+position_noise+confidence_error,,trust_weighted_fusion,false_avoidance,fixed,0.5,,4,1,10.256,3.202,44.926,uav_3,3.202,True,True,False,False,False,1,"[{""id"": ""obstacle_0"", ""kind"": ""static_obstacle"", ""x"": 50.0, ""y"": 50.0, ""radius"": 5.0}]"
sudden_target_appearance,396,79.2,2,85.092,88.359,86.0,90.0,50.0,50.0,,,none,,trust_weighted_fusion,at_goal,fixed,0.0,,0,0,1.875,3.948,46.989,uav_1,3.948,False,False,False,False,True,1,"[{""id"": ""obstacle_0"", ""kind"": ""static_obstacle"", ""x"": 50.0, ""y"": 50.0, ""radius"": 5.0}]"
sudden_target_appearance,396,79.2,3,89.26,84.534,90.0,86.0,50.0,50.0,,,none,,trust_weighted_fusion,at_goal,fixed,0.0,,0,0,1.642,3.202,47.287,uav_1,3.202,True,False,False,False,True,1,"[{""id"": ""obstacle_0"", ""kind"": ""static_obstacle"", ""x"": 50.0, ""y"": 50.0, ""radius"": 5.0}]"
sudden_target_appearance,397,79.4,0,93.586,88.23,94.0,90.0,50.0,50.0,,,none,,trust_weighted_fusion,at_goal,fixed,0.0,,0,0,1.818,5.689,52.976,uav_3,5.689,False,False,False,False,True,1,"[{""id"": ""obstacle_0"", ""kind"": ""static_obstacle"", ""x"": 50.0, ""y"": 50.0, ""radius"": 5.0}]"
sudden_target_appearance,397,79.4,1,85.814,84.247,90.0,94.0,50.0,50.0,,,position_noise+confidence_error,,trust_weighted_fusion,avoidance,fixed,0.5,,3,0,10.613,3.458,44.553,uav_3,3.458,True,False,False,False,False,1,"[{""id"": ""obstacle_0"", ""kind"": ""static_obstacle"", ""x"": 50.0, ""y"": 50.0, ""radius"": 5.0}]"
sudden_target_appearance,397,79.4,2,85.092,88.359,86.0,90.0,50.0,50.0,,,none,,trust_weighted_fusion,at_goal,fixed,0.0,,0,0,1.875,4.175,46.989,uav_1,4.175,False,False,False,False,True,1,"[{""id"": ""obstacle_0"", ""kind"": ""static_obstacle"", ""x"": 50.0, ""y"": 50.0, ""radius"": 5.0}]"
sudden_target_appearance,397,79.4,3,89.26,84.534,90.0,86.0,50.0,50.0,,,none,,trust_weighted_fusion,at_goal,fixed,0.0,,0,0,1.642,3.458,47.287,uav_1,3.458,True,False,False,False,True,1,"[{""id"": ""obstacle_0"", ""kind"": ""static_obstacle"", ""x"": 50.0, ""y"": 50.0, ""radius"": 5.0}]"
sudden_target_appearance,398,79.6,0,93.586,88.23,94.0,90.0,50.0,50.0,,,none,,trust_weighted_fusion,at_goal,fixed,0.0,,0,0,1.818,5.689,52.976,uav_3,5.689,False,False,False,False,True,1,"[{""id"": ""obstacle_0"", ""kind"": ""static_obstacle"", ""x"": 50.0, ""y"": 50.0, ""radius"": 5.0}]"
sudden_target_appearance,398,79.6,1,85.962,84.591,90.0,94.0,50.0,50.0,,,position_noise+confidence_error,,trust_weighted_fusion,move,fixed,0.5,,3,0,10.238,3.299,44.898,uav_3,3.299,True,False,False,False,False,1,"[{""id"": ""obstacle_0"", ""kind"": ""static_obstacle"", ""x"": 50.0, ""y"": 50.0, ""radius"": 5.0}]"
sudden_target_appearance,398,79.6,2,85.092,88.359,86.0,90.0,50.0,50.0,,,none,,trust_weighted_fusion,at_goal,fixed,0.0,,0,0,1.875,3.867,46.989,uav_1,3.867,False,False,False,False,True,1,"[{""id"": ""obstacle_0"", ""kind"": ""static_obstacle"", ""x"": 50.0, ""y"": 50.0, ""radius"": 5.0}]"
sudden_target_appearance,398,79.6,3,89.26,84.534,90.0,86.0,50.0,50.0,,,none,,trust_weighted_fusion,at_goal,fixed,0.0,,0,0,1.642,3.299,47.287,uav_1,3.299,True,False,False,False,True,1,"[{""id"": ""obstacle_0"", ""kind"": ""static_obstacle"", ""x"": 50.0, ""y"": 50.0, ""radius"": 5.0}]"
sudden_target_appearance,399,79.8,0,93.586,88.23,94.0,90.0,50.0,50.0,,,none,,trust_weighted_fusion,at_goal,fixed,0.0,,0,0,1.818,5.689,52.976,uav_3,5.689,False,False,False,False,True,1,"[{""id"": ""obstacle_0"", ""kind"": ""static_obstacle"", ""x"": 50.0, ""y"": 50.0, ""radius"": 5.0}]"
sudden_target_appearance,399,79.8,1,85.597,84.506,90.0,94.0,50.0,50.0,,,position_noise+confidence_error,,trust_weighted_fusion,avoidance,fixed,0.5,,3,0,10.465,3.663,44.576,uav_3,3.663,False,False,False,False,False,1,"[{""id"": ""obstacle_0"", ""kind"": ""static_obstacle"", ""x"": 50.0, ""y"": 50.0, ""radius"": 5.0}]"
sudden_target_appearance,399,79.8,2,85.092,88.359,86.0,90.0,50.0,50.0,,,none,,trust_weighted_fusion,at_goal,fixed,0.0,,0,0,1.875,3.886,46.989,uav_1,3.886,False,False,False,False,True,1,"[{""id"": ""obstacle_0"", ""kind"": ""static_obstacle"", ""x"": 50.0, ""y"": 50.0, ""radius"": 5.0}]"
sudden_target_appearance,399,79.8,3,89.26,84.534,90.0,86.0,50.0,50.0,,,none,,trust_weighted_fusion,at_goal,fixed,0.0,,0,0,1.642,3.663,47.287,uav_1,3.663,False,False,False,False,True,1,"[{""id"": ""obstacle_0"", ""kind"": ""static_obstacle"", ""x"": 50.0, ""y"": 50.0, ""radius"": 5.0}]"
sudden_target_appearance,400,80.0,0,93.586,88.23,94.0,90.0,50.0,50.0,,,none,,trust_weighted_fusion,at_goal,fixed,0.0,,0,0,1.818,5.689,52.976,uav_3,5.689,False,False,False,False,True,1,"[{""id"": ""obstacle_0"", ""kind"": ""static_obstacle"", ""x"": 50.0, ""y"": 50.0, ""radius"": 5.0}]"
sudden_target_appearance,400,80.0,1,85.755,84.846,90.0,94.0,50.0,50.0,,,position_noise+confidence_error,,trust_weighted_fusion,move,fixed,0.5,,3,0,10.09,3.519,44.927,uav_3,3.519,False,False,False,False,False,1,"[{""id"": ""obstacle_0"", ""kind"": ""static_obstacle"", ""x"": 50.0, ""y"": 50.0, ""radius"": 5.0}]"
sudden_target_appearance,400,80.0,2,85.092,88.359,86.0,90.0,50.0,50.0,,,none,,trust_weighted_fusion,at_goal,fixed,0.0,,0,0,1.875,3.575,46.989,uav_1,3.575,False,False,False,False,True,1,"[{""id"": ""obstacle_0"", ""kind"": ""static_obstacle"", ""x"": 50.0, ""y"": 50.0, ""radius"": 5.0}]"
sudden_target_appearance,400,80.0,3,89.26,84.534,90.0,86.0,50.0,50.0,,,none,,trust_weighted_fusion,at_goal,fixed,0.0,,0,0,1.642,3.519,47.287,uav_1,3.519,False,False,False,False,True,1,"[{""id"": ""obstacle_0"", ""kind"": ""static_obstacle"", ""x"": 50.0, ""y"": 50.0, ""radius"": 5.0}]"
sudden_target_appearance,401,80.2,0,93.586,88.23,94.0,90.0,50.0,50.0,,,none,,trust_weighted_fusion,at_goal,fixed,0.0,,0,0,1.818,5.689,52.976,uav_3,5.689,False,False,False,False,True,1,"[{""id"": ""obstacle_0"", ""kind"": ""static_obstacle"", ""x"": 50.0, ""y"": 50.0, ""radius"": 5.0}]"
sudden_target_appearance,401,80.2,1,85.913,85.186,90.0,94.0,50.0,50.0,,,position_noise+confidence_error,,trust_weighted_fusion,move,fixed,0.5,,3,0,9.715,3.277,45.277,uav_2,3.277,True,False,False,False,False,1,"[{""id"": ""obstacle_0"", ""kind"": ""static_obstacle"", ""x"": 50.0, ""y"": 50.0, ""radius"": 5.0}]"
sudden_target_appearance,401,80.2,2,85.092,88.359,86.0,90.0,50.0,50.0,,,none,,trust_weighted_fusion,at_goal,fixed,0.0,,0,0,1.875,3.277,46.989,uav_1,3.277,True,False,False,False,True,1,"[{""id"": ""obstacle_0"", ""kind"": ""static_obstacle"", ""x"": 50.0, ""y"": 50.0, ""radius"": 5.0}]"
sudden_target_appearance,401,80.2,3,89.26,84.534,90.0,86.0,50.0,50.0,,,none,,trust_weighted_fusion,at_goal,fixed,0.0,,0,0,1.642,3.411,47.287,uav_1,3.411,True,False,False,False,True,1,"[{""id"": ""obstacle_0"", ""kind"": ""static_obstacle"", ""x"": 50.0, ""y"": 50.0, ""radius"": 5.0}]"
sudden_target_appearance,402,80.4,0,93.586,88.23,94.0,90.0,50.0,50.0,,,none,,trust_weighted_fusion,at_goal,fixed,0.0,,0,0,1.818,5.689,52.976,uav_3,5.689,False,False,False,False,True,1,"[{""id"": ""obstacle_0"", ""kind"": ""static_obstacle"", ""x"": 50.0, ""y"": 50.0, ""radius"": 5.0}]"
sudden_target_appearance,402,80.4,1,86.07,85.526,90.0,94.0,50.0,50.0,,,position_noise+confidence_error,,trust_weighted_fusion,move,fixed,0.5,,3,0,9.34,2.997,45.628,uav_2,2.997,True,False,False,False,False,1,"[{""id"": ""obstacle_0"", ""kind"": ""static_obstacle"", ""x"": 50.0, ""y"": 50.0, ""radius"": 5.0}]"
sudden_target_appearance,402,80.4,2,85.092,88.359,86.0,90.0,50.0,50.0,,,none,,trust_weighted_fusion,at_goal,fixed,0.0,,0,0,1.875,2.997,46.989,uav_1,2.997,True,False,False,False,True,1,"[{""id"": ""obstacle_0"", ""kind"": ""static_obstacle"", ""x"": 50.0, ""y"": 50.0, ""radius"": 5.0}]"
sudden_target_appearance,402,80.4,3,89.26,84.534,90.0,86.0,50.0,50.0,,,none,,trust_weighted_fusion,at_goal,fixed,0.0,,0,0,1.642,3.341,47.287,uav_1,3.341,True,False,False,False,True,1,"[{""id"": ""obstacle_0"", ""kind"": ""static_obstacle"", ""x"": 50.0, ""y"": 50.0, ""radius"": 5.0}]"
sudden_target_appearance,403,80.6,0,93.586,88.23,94.0,90.0,50.0,50.0,,,none,,trust_weighted_fusion,at_goal,fixed,0.0,,0,0,1.818,5.689,52.976,uav_3,5.689,False,False,False,False,True,1,"[{""id"": ""obstacle_0"", ""kind"": ""static_obstacle"", ""x"": 50.0, ""y"": 50.0, ""radius"": 5.0}]"
sudden_target_appearance,403,80.6,1,86.445,85.545,90.0,94.0,50.0,50.0,,,false_positive+position_noise+confidence_error,,trust_weighted_fusion,false_avoidance,fixed,0.5,,4,1,9.172,2.991,45.909,uav_3,2.991,True,True,False,False,False,1,"[{""id"": ""obstacle_0"", ""kind"": ""static_obstacle"", ""x"": 50.0, ""y"": 50.0, ""radius"": 5.0}]"
sudden_target_appearance,403,80.6,2,85.092,88.359,86.0,90.0,50.0,50.0,,,none,,trust_weighted_fusion,at_goal,fixed,0.0,,0,0,1.875,3.122,46.989,uav_1,3.122,True,False,False,False,True,1,"[{""id"": ""obstacle_0"", ""kind"": ""static_obstacle"", ""x"": 50.0, ""y"": 50.0, ""radius"": 5.0}]"
sudden_target_appearance,403,80.6,3,89.26,84.534,90.0,86.0,50.0,50.0,,,none,,trust_weighted_fusion,at_goal,fixed,0.0,,0,0,1.642,2.991,47.287,uav_1,2.991,True,False,False,False,True,1,"[{""id"": ""obstacle_0"", ""kind"": ""static_obstacle"", ""x"": 50.0, ""y"": 50.0, ""radius"": 5.0}]"
sudden_target_appearance,404,80.8,0,93.586,88.23,94.0,90.0,50.0,50.0,,,none,,trust_weighted_fusion,at_goal,fixed,0.0,,0,0,1.818,5.689,52.976,uav_3,5.689,False,False,False,False,True,1,"[{""id"": ""obstacle_0"", ""kind"": ""static_obstacle"", ""x"": 50.0, ""y"": 50.0, ""radius"": 5.0}]"
sudden_target_appearance,404,80.8,1,86.713,85.808,90.0,94.0,50.0,50.0,,,false_positive+position_noise+confidence_error,,trust_weighted_fusion,false_avoidance,fixed,0.5,,4,1,8.827,2.848,46.284,uav_3,2.848,True,True,False,False,False,1,"[{""id"": ""obstacle_0"", ""kind"": ""static_obstacle"", ""x"": 50.0, ""y"": 50.0, ""radius"": 5.0}]"
sudden_target_appearance,404,80.8,2,85.092,88.359,86.0,90.0,50.0,50.0,,,none,,trust_weighted_fusion,at_goal,fixed,0.0,,0,0,1.875,3.022,46.989,uav_1,3.022,True,False,False,False,True,1,"[{""id"": ""obstacle_0"", ""kind"": ""static_obstacle"", ""x"": 50.0, ""y"": 50.0, ""radius"": 5.0}]"
sudden_target_appearance,404,80.8,3,89.26,84.534,90.0,86.0,50.0,50.0,,,none,,trust_weighted_fusion,at_goal,fixed,0.0,,0,0,1.642,2.848,47.287,uav_1,2.848,True,False,False,False,True,1,"[{""id"": ""obstacle_0"", ""kind"": ""static_obstacle"", ""x"": 50.0, ""y"": 50.0, ""radius"": 5.0}]"
sudden_target_appearance,405,81.0,0,93.586,88.23,94.0,90.0,50.0,50.0,,,none,,trust_weighted_fusion,at_goal,fixed,0.0,,0,0,1.818,5.689,52.976,uav_3,5.689,False,False,False,False,True,1,"[{""id"": ""obstacle_0"", ""kind"": ""static_obstacle"", ""x"": 50.0, ""y"": 50.0, ""radius"": 5.0}]"
sudden_target_appearance,405,81.0,1,86.363,85.943,90.0,94.0,50.0,50.0,,,position_noise+confidence_error,,trust_weighted_fusion,avoidance,fixed,0.5,,3,0,8.84,2.73,46.129,uav_2,2.73,True,False,False,False,False,1,"[{""id"": ""obstacle_0"", ""kind"": ""static_obstacle"", ""x"": 50.0, ""y"": 50.0, ""radius"": 5.0}]"
sudden_target_appearance,405,81.0,2,85.092,88.359,86.0,90.0,50.0,50.0,,,none,,trust_weighted_fusion,at_goal,fixed,0.0,,0,0,1.875,2.73,46.989,uav_1,2.73,True,False,False,False,True,1,"[{""id"": ""obstacle_0"", ""kind"": ""static_obstacle"", ""x"": 50.0, ""y"": 50.0, ""radius"": 5.0}]"
sudden_target_appearance,405,81.0,3,89.26,84.534,90.0,86.0,50.0,50.0,,,none,,trust_weighted_fusion,at_goal,fixed,0.0,,0,0,1.642,3.222,47.287,uav_1,3.222,True,False,False,False,True,1,"[{""id"": ""obstacle_0"", ""kind"": ""static_obstacle"", ""x"": 50.0, ""y"": 50.0, ""radius"": 5.0}]"
sudden_target_appearance,406,81.2,0,93.586,88.23,94.0,90.0,50.0,50.0,,,none,,trust_weighted_fusion,at_goal,fixed,0.0,,0,0,1.818,5.689,52.976,uav_3,5.689,False,False,False,False,True,1,"[{""id"": ""obstacle_0"", ""kind"": ""static_obstacle"", ""x"": 50.0, ""y"": 50.0, ""radius"": 5.0}]"
sudden_target_appearance,406,81.2,1,86.517,86.284,90.0,94.0,50.0,50.0,,,position_noise+confidence_error,,trust_weighted_fusion,move,fixed,0.5,,3,0,8.465,2.517,46.479,uav_2,2.517,True,False,False,False,False,1,"[{""id"": ""obstacle_0"", ""kind"": ""static_obstacle"", ""x"": 50.0, ""y"": 50.0, ""radius"": 5.0}]"
sudden_target_appearance,406,81.2,2,85.092,88.359,86.0,90.0,50.0,50.0,,,none,,trust_weighted_fusion,at_goal,fixed,0.0,,0,0,1.875,2.517,46.989,uav_1,2.517,True,False,False,False,True,1,"[{""id"": ""obstacle_0"", ""kind"": ""static_obstacle"", ""x"": 50.0, ""y"": 50.0, ""radius"": 5.0}]"
sudden_target_appearance,406,81.2,3,89.26,84.534,90.0,86.0,50.0,50.0,,,none,,trust_weighted_fusion,at_goal,fixed,0.0,,0,0,1.642,3.254,47.287,uav_1,3.254,True,False,False,False,True,1,"[{""id"": ""obstacle_0"", ""kind"": ""static_obstacle"", ""x"": 50.0, ""y"": 50.0, ""radius"": 5.0}]"
sudden_target_appearance,407,81.4,0,93.586,88.23,94.0,90.0,50.0,50.0,,,none,,trust_weighted_fusion,at_goal,fixed,0.0,,0,0,1.818,5.689,52.976,uav_3,5.689,False,False,False,False,True,1,"[{""id"": ""obstacle_0"", ""kind"": ""static_obstacle"", ""x"": 50.0, ""y"": 50.0, ""radius"": 5.0}]"
sudden_target_appearance,407,81.4,1,86.672,86.626,90.0,94.0,50.0,50.0,,,position_noise+confidence_error,,trust_weighted_fusion,move,fixed,0.5,,3,0,8.09,2.344,46.829,uav_2,2.344,True,False,False,False,False,1,"[{""id"": ""obstacle_0"", ""kind"": ""static_obstacle"", ""x"": 50.0, ""y"": 50.0, ""radius"": 5.0}]"
sudden_target_appearance,407,81.4,2,85.092,88.359,86.0,90.0,50.0,50.0,,,none,,trust_weighted_fusion,at_goal,fixed,0.0,,0,0,1.875,2.344,46.989,uav_1,2.344,True,False,False,False,True,1,"[{""id"": ""obstacle_0"", ""kind"": ""static_obstacle"", ""x"": 50.0, ""y"": 50.0, ""radius"": 5.0}]"
sudden_target_appearance,407,81.4,3,89.26,84.534,90.0,86.0,50.0,50.0,,,none,,trust_weighted_fusion,at_goal,fixed,0.0,,0,0,1.642,3.329,47.287,uav_1,3.329,True,False,False,False,True,1,"[{""id"": ""obstacle_0"", ""kind"": ""static_obstacle"", ""x"": 50.0, ""y"": 50.0, ""radius"": 5.0}]"
sudden_target_appearance,408,81.6,0,93.586,88.23,94.0,90.0,50.0,50.0,,,none,,trust_weighted_fusion,at_goal,fixed,0.0,,0,0,1.818,5.689,52.976,uav_3,5.689,False,False,False,False,True,1,"[{""id"": ""obstacle_0"", ""kind"": ""static_obstacle"", ""x"": 50.0, ""y"": 50.0, ""radius"": 5.0}]"
sudden_target_appearance,408,81.6,1,87.031,86.519,90.0,94.0,50.0,50.0,,,position_noise+confidence_error,,trust_weighted_fusion,avoidance,fixed,0.5,,3,0,8.049,2.673,47.008,uav_2,2.673,True,False,False,False,False,1,"[{""id"": ""obstacle_0"", ""kind"": ""static_obstacle"", ""x"": 50.0, ""y"": 50.0, ""radius"": 5.0}]"
sudden_target_appearance,408,81.6,2,85.092,88.359,86.0,90.0,50.0,50.0,,,none,,trust_weighted_fusion,at_goal,fixed,0.0,,0,0,1.875,2.673,46.989,uav_1,2.673,True,False,False,False,True,1,"[{""id"": ""obstacle_0"", ""kind"": ""static_obstacle"", ""x"": 50.0, ""y"": 50.0, ""radius"": 5.0}]"
sudden_target_appearance,408,81.6,3,89.26,84.534,90.0,86.0,50.0,50.0,,,none,,trust_weighted_fusion,at_goal,fixed,0.0,,0,0,1.642,2.985,47.287,uav_1,2.985,True,False,False,False,True,1,"[{""id"": ""obstacle_0"", ""kind"": ""static_obstacle"", ""x"": 50.0, ""y"": 50.0, ""radius"": 5.0}]"
sudden_target_appearance,409,81.8,0,93.586,88.23,94.0,90.0,50.0,50.0,,,none,,trust_weighted_fusion,at_goal,fixed,0.0,,0,0,1.818,5.689,52.976,uav_3,5.689,False,False,False,False,True,1,"[{""id"": ""obstacle_0"", ""kind"": ""static_obstacle"", ""x"": 50.0, ""y"": 50.0, ""radius"": 5.0}]"
sudden_target_appearance,409,81.8,1,86.73,86.742,90.0,94.0,50.0,50.0,,,position_noise+confidence_error,,trust_weighted_fusion,avoidance,fixed,0.5,,3,0,7.96,2.301,46.953,uav_2,2.301,True,False,False,False,False,1,"[{""id"": ""obstacle_0"", ""kind"": ""static_obstacle"", ""x"": 50.0, ""y"": 50.0, ""radius"": 5.0}]"
sudden_target_appearance,409,81.8,2,85.092,88.359,86.0,90.0,50.0,50.0,,,none,,trust_weighted_fusion,at_goal,fixed,0.0,,0,0,1.875,2.301,46.989,uav_1,2.301,True,False,False,False,True,1,"[{""id"": ""obstacle_0"", ""kind"": ""static_obstacle"", ""x"": 50.0, ""y"": 50.0, ""radius"": 5.0}]"
sudden_target_appearance,409,81.8,3,89.26,84.534,90.0,86.0,50.0,50.0,,,none,,trust_weighted_fusion,at_goal,fixed,0.0,,0,0,1.642,3.359,47.287,uav_1,3.359,True,False,False,False,True,1,"[{""id"": ""obstacle_0"", ""kind"": ""static_obstacle"", ""x"": 50.0, ""y"": 50.0, ""radius"": 5.0}]"
sudden_target_appearance,410,82.0,0,93.586,88.23,94.0,90.0,50.0,50.0,,,none,,trust_weighted_fusion,at_goal,fixed,0.0,,0,0,1.818,5.689,52.976,uav_3,5.689,False,False,False,False,True,1,"[{""id"": ""obstacle_0"", ""kind"": ""static_obstacle"", ""x"": 50.0, ""y"": 50.0, ""radius"": 5.0}]"
sudden_target_appearance,410,82.0,1,87.044,86.947,90.0,94.0,50.0,50.0,,,false_positive+position_noise+confidence_error,,trust_weighted_fusion,false_avoidance,fixed,0.5,,4,1,7.647,2.409,47.32,uav_2,2.409,True,True,False,False,False,1,"[{""id"": ""obstacle_0"", ""kind"": ""static_obstacle"", ""x"": 50.0, ""y"": 50.0, ""radius"": 5.0}]"
sudden_target_appearance,410,82.0,2,85.092,88.359,86.0,90.0,50.0,50.0,,,none,,trust_weighted_fusion,at_goal,fixed,0.0,,0,0,1.875,2.409,46.989,uav_1,2.409,True,False,False,False,True,1,"[{""id"": ""obstacle_0"", ""kind"": ""static_obstacle"", ""x"": 50.0, ""y"": 50.0, ""radius"": 5.0}]"
sudden_target_appearance,410,82.0,3,89.26,84.534,90.0,86.0,50.0,50.0,,,none,,trust_weighted_fusion,at_goal,fixed,0.0,,0,0,1.642,3.277,47.287,uav_1,3.277,True,False,False,False,True,1,"[{""id"": ""obstacle_0"", ""kind"": ""static_obstacle"", ""x"": 50.0, ""y"": 50.0, ""radius"": 5.0}]"
sudden_target_appearance,411,82.2,0,93.586,88.23,94.0,90.0,50.0,50.0,,,none,,trust_weighted_fusion,at_goal,fixed,0.0,,0,0,1.818,5.689,52.976,uav_3,5.689,False,False,False,False,True,1,"[{""id"": ""obstacle_0"", ""kind"": ""static_obstacle"", ""x"": 50.0, ""y"": 50.0, ""radius"": 5.0}]"
sudden_target_appearance,411,82.2,1,87.415,87.004,90.0,94.0,50.0,50.0,,,position_noise+confidence_error,,trust_weighted_fusion,avoidance,fixed,0.5,,3,0,7.458,2.688,47.623,uav_2,2.688,True,False,False,False,False,1,"[{""id"": ""obstacle_0"", ""kind"": ""static_obstacle"", ""x"": 50.0, ""y"": 50.0, ""radius"": 5.0}]"
sudden_target_appearance,411,82.2,2,85.092,88.359,86.0,90.0,50.0,50.0,,,none,,trust_weighted_fusion,at_goal,fixed,0.0,,0,0,1.875,2.688,46.989,uav_1,2.688,True,False,False,False,True,1,"[{""id"": ""obstacle_0"", ""kind"": ""static_obstacle"", ""x"": 50.0, ""y"": 50.0, ""radius"": 5.0}]"
sudden_target_appearance,411,82.2,3,89.26,84.534,90.0,86.0,50.0,50.0,,,none,,trust_weighted_fusion,at_goal,fixed,0.0,,0,0,1.642,3.084,47.287,uav_1,3.084,True,False,False,False,True,1,"[{""id"": ""obstacle_0"", ""kind"": ""static_obstacle"", ""x"": 50.0, ""y"": 50.0, ""radius"": 5.0}]"
sudden_target_appearance,412,82.4,0,93.586,88.23,94.0,90.0,50.0,50.0,,,none,,trust_weighted_fusion,at_goal,fixed,0.0,,0,0,1.818,5.689,52.976,uav_3,5.689,False,False,False,False,True,1,"[{""id"": ""obstacle_0"", ""kind"": ""static_obstacle"", ""x"": 50.0, ""y"": 50.0, ""radius"": 5.0}]"
sudden_target_appearance,412,82.4,1,87.545,87.356,90.0,94.0,50.0,50.0,,,position_noise+confidence_error,,trust_weighted_fusion,move,fixed,0.5,,3,0,7.083,2.649,47.963,uav_2,2.649,True,False,False,False,False,1,"[{""id"": ""obstacle_0"", ""kind"": ""static_obstacle"", ""x"": 50.0, ""y"": 50.0, ""radius"": 5.0}]"
sudden_target_appearance,412,82.4,2,85.092,88.359,86.0,90.0,50.0,50.0,,,none,,trust_weighted_fusion,at_goal,fixed,0.0,,0,0,1.875,2.649,46.989,uav_1,2.649,True,False,False,False,True,1,"[{""id"": ""obstacle_0"", ""kind"": ""static_obstacle"", ""x"": 50.0, ""y"": 50.0, ""radius"": 5.0}]"
sudden_target_appearance,412,82.4,3,89.26,84.534,90.0,86.0,50.0,50.0,,,none,,trust_weighted_fusion,at_goal,fixed,0.0,,0,0,1.642,3.303,47.287,uav_1,3.303,True,False,False,False,True,1,"[{""id"": ""obstacle_0"", ""kind"": ""static_obstacle"", ""x"": 50.0, ""y"": 50.0, ""radius"": 5.0}]"
sudden_target_appearance,413,82.6,0,93.586,88.23,94.0,90.0,50.0,50.0,,,none,,trust_weighted_fusion,at_goal,fixed,0.0,,0,0,1.818,5.689,52.976,uav_3,5.689,False,False,False,False,True,1,"[{""id"": ""obstacle_0"", ""kind"": ""static_obstacle"", ""x"": 50.0, ""y"": 50.0, ""radius"": 5.0}]"
sudden_target_appearance,413,82.6,1,87.842,87.585,90.0,94.0,50.0,50.0,,,position_noise+confidence_error,,trust_weighted_fusion,avoidance,fixed,0.5,,3,0,6.769,2.856,48.335,uav_2,2.856,True,False,False,False,False,1,"[{""id"": ""obstacle_0"", ""kind"": ""static_obstacle"", ""x"": 50.0, ""y"": 50.0, ""radius"": 5.0}]"
sudden_target_appearance,413,82.6,2,85.092,88.359,86.0,90.0,50.0,50.0,,,none,,trust_weighted_fusion,at_goal,fixed,0.0,,0,0,1.875,2.856,46.989,uav_1,2.856,True,False,False,False,True,1,"[{""id"": ""obstacle_0"", ""kind"": ""static_obstacle"", ""x"": 50.0, ""y"": 50.0, ""radius"": 5.0}]"
sudden_target_appearance,413,82.6,3,89.26,84.534,90.0,86.0,50.0,50.0,,,none,,trust_weighted_fusion,at_goal,fixed,0.0,,0,0,1.642,3.365,47.287,uav_1,3.365,True,False,False,False,True,1,"[{""id"": ""obstacle_0"", ""kind"": ""static_obstacle"", ""x"": 50.0, ""y"": 50.0, ""radius"": 5.0}]"
sudden_target_appearance,414,82.8,0,93.586,88.23,94.0,90.0,50.0,50.0,,,none,,trust_weighted_fusion,at_goal,fixed,0.0,,0,0,1.818,5.434,52.976,uav_1,5.434,False,False,False,False,True,1,"[{""id"": ""obstacle_0"", ""kind"": ""static_obstacle"", ""x"": 50.0, ""y"": 50.0, ""radius"": 5.0}]"
sudden_target_appearance,414,82.8,1,88.172,87.762,90.0,94.0,50.0,50.0,,,false_positive+position_noise+confidence_error,,trust_weighted_fusion,avoidance,fixed,0.5,,4,1,6.5,3.137,48.695,uav_2,3.137,True,False,False,False,False,1,"[{""id"": ""obstacle_0"", ""kind"": ""static_obstacle"", ""x"": 50.0, ""y"": 50.0, ""radius"": 5.0}]"
sudden_target_appearance,414,82.8,2,85.092,88.359,86.0,90.0,50.0,50.0,,,none,,trust_weighted_fusion,at_goal,fixed,0.0,,0,0,1.875,3.137,46.989,uav_1,3.137,True,False,False,False,True,1,"[{""id"": ""obstacle_0"", ""kind"": ""static_obstacle"", ""x"": 50.0, ""y"": 50.0, ""radius"": 5.0}]"
sudden_target_appearance,414,82.8,3,89.26,84.534,90.0,86.0,50.0,50.0,,,none,,trust_weighted_fusion,at_goal,fixed,0.0,,0,0,1.642,3.407,47.287,uav_1,3.407,True,False,False,False,True,1,"[{""id"": ""obstacle_0"", ""kind"": ""static_obstacle"", ""x"": 50.0, ""y"": 50.0, ""radius"": 5.0}]"
sudden_target_appearance,415,83.0,0,93.586,88.23,94.0,90.0,50.0,50.0,,,none,,trust_weighted_fusion,at_goal,fixed,0.0,,0,0,1.818,5.47,52.976,uav_1,5.47,False,False,False,False,True,1,"[{""id"": ""obstacle_0"", ""kind"": ""static_obstacle"", ""x"": 50.0, ""y"": 50.0, ""radius"": 5.0}]"
sudden_target_appearance,415,83.0,1,88.117,88.133,90.0,94.0,50.0,50.0,,,false_positive+position_noise+confidence_error,,trust_weighted_fusion,false_avoidance,fixed,0.5,,4,1,6.162,3.033,48.917,uav_2,3.033,True,True,False,False,False,1,"[{""id"": ""obstacle_0"", ""kind"": ""static_obstacle"", ""x"": 50.0, ""y"": 50.0, ""radius"": 5.0}]"
sudden_target_appearance,415,83.0,2,85.092,88.359,86.0,90.0,50.0,50.0,,,none,,trust_weighted_fusion,at_goal,fixed,0.0,,0,0,1.875,3.033,46.989,uav_1,3.033,True,False,False,False,True,1,"[{""id"": ""obstacle_0"", ""kind"": ""static_obstacle"", ""x"": 50.0, ""y"": 50.0, ""radius"": 5.0}]"
sudden_target_appearance,415,83.0,3,89.26,84.534,90.0,86.0,50.0,50.0,,,none,,trust_weighted_fusion,at_goal,fixed,0.0,,0,0,1.642,3.777,47.287,uav_1,3.777,False,False,False,False,True,1,"[{""id"": ""obstacle_0"", ""kind"": ""static_obstacle"", ""x"": 50.0, ""y"": 50.0, ""radius"": 5.0}]"
sudden_target_appearance,416,83.2,0,93.586,88.23,94.0,90.0,50.0,50.0,,,none,,trust_weighted_fusion,at_goal,fixed,0.0,,0,0,1.818,5.361,52.976,uav_1,5.361,False,False,False,False,True,1,"[{""id"": ""obstacle_0"", ""kind"": ""static_obstacle"", ""x"": 50.0, ""y"": 50.0, ""radius"": 5.0}]"
sudden_target_appearance,416,83.2,1,88.231,88.49,90.0,94.0,50.0,50.0,,,position_noise+confidence_error,,trust_weighted_fusion,move,fixed,0.5,,3,0,5.787,3.142,49.251,uav_2,3.142,True,False,False,False,False,1,"[{""id"": ""obstacle_0"", ""kind"": ""static_obstacle"", ""x"": 50.0, ""y"": 50.0, ""radius"": 5.0}]"
sudden_target_appearance,416,83.2,2,85.092,88.359,86.0,90.0,50.0,50.0,,,none,,trust_weighted_fusion,at_goal,fixed,0.0,,0,0,1.875,3.142,46.989,uav_1,3.142,True,False,False,False,True,1,"[{""id"": ""obstacle_0"", ""kind"": ""static_obstacle"", ""x"": 50.0, ""y"": 50.0, ""radius"": 5.0}]"
sudden_target_appearance,416,83.2,3,89.26,84.534,90.0,86.0,50.0,50.0,,,none,,trust_weighted_fusion,at_goal,fixed,0.0,,0,0,1.642,4.088,47.287,uav_1,4.088,False,False,False,False,True,1,"[{""id"": ""obstacle_0"", ""kind"": ""static_obstacle"", ""x"": 50.0, ""y"": 50.0, ""radius"": 5.0}]"
sudden_target_appearance,417,83.4,0,93.586,88.23,94.0,90.0,50.0,50.0,,,none,,trust_weighted_fusion,at_goal,fixed,0.0,,0,0,1.818,5.021,52.976,uav_1,5.021,False,False,False,False,True,1,"[{""id"": ""obstacle_0"", ""kind"": ""static_obstacle"", ""x"": 50.0, ""y"": 50.0, ""radius"": 5.0}]"
sudden_target_appearance,417,83.4,1,88.565,88.32,90.0,94.0,50.0,50.0,,,false_positive+position_noise+confidence_error,,trust_weighted_fusion,false_avoidance,fixed,0.5,,4,1,5.858,3.473,49.367,uav_2,3.473,True,True,False,False,False,1,"[{""id"": ""obstacle_0"", ""kind"": ""static_obstacle"", ""x"": 50.0, ""y"": 50.0, ""radius"": 5.0}]"
sudden_target_appearance,417,83.4,2,85.092,88.359,86.0,90.0,50.0,50.0,,,none,,trust_weighted_fusion,at_goal,fixed,0.0,,0,0,1.875,3.473,46.989,uav_1,3.473,True,False,False,False,True,1,"[{""id"": ""obstacle_0"", ""kind"": ""static_obstacle"", ""x"": 50.0, ""y"": 50.0, ""radius"": 5.0}]"
sudden_target_appearance,417,83.4,3,89.26,84.534,90.0,86.0,50.0,50.0,,,none,,trust_weighted_fusion,at_goal,fixed,0.0,,0,0,1.642,3.85,47.287,uav_1,3.85,False,False,False,False,True,1,"[{""id"": ""obstacle_0"", ""kind"": ""static_obstacle"", ""x"": 50.0, ""y"": 50.0, ""radius"": 5.0}]"
sudden_target_appearance,418,83.6,0,93.586,88.23,94.0,90.0,50.0,50.0,,,none,,trust_weighted_fusion,at_goal,fixed,0.0,,0,0,1.818,4.95,52.976,uav_1,4.95,False,False,False,False,True,1,"[{""id"": ""obstacle_0"", ""kind"": ""static_obstacle"", ""x"": 50.0, ""y"": 50.0, ""radius"": 5.0}]"
sudden_target_appearance,418,83.6,1,88.657,88.684,90.0,94.0,50.0,50.0,,,position_noise+confidence_error,,trust_weighted_fusion,move,fixed,0.5,,3,0,5.483,3.58,49.688,uav_2,3.58,False,False,False,False,False,1,"[{""id"": ""obstacle_0"", ""kind"": ""static_obstacle"", ""x"": 50.0, ""y"": 50.0, ""radius"": 5.0}]"
sudden_target_appearance,418,83.6,2,85.092,88.359,86.0,90.0,50.0,50.0,,,none,,trust_weighted_fusion,at_goal,fixed,0.0,,0,0,1.875,3.58,46.989,uav_1,3.58,False,False,False,False,True,1,"[{""id"": ""obstacle_0"", ""kind"": ""static_obstacle"", ""x"": 50.0, ""y"": 50.0, ""radius"": 5.0}]"
sudden_target_appearance,418,83.6,3,89.26,84.534,90.0,86.0,50.0,50.0,,,none,,trust_weighted_fusion,at_goal,fixed,0.0,,0,0,1.642,4.194,47.287,uav_1,4.194,False,False,False,False,True,1,"[{""id"": ""obstacle_0"", ""kind"": ""static_obstacle"", ""x"": 50.0, ""y"": 50.0, ""radius"": 5.0}]"
sudden_target_appearance,419,83.8,0,93.586,88.23,94.0,90.0,50.0,50.0,,,none,,trust_weighted_fusion,at_goal,fixed,0.0,,0,0,1.818,4.79,52.976,uav_1,4.79,False,False,False,False,True,1,"[{""id"": ""obstacle_0"", ""kind"": ""static_obstacle"", ""x"": 50.0, ""y"": 50.0, ""radius"": 5.0}]"
sudden_target_appearance,419,83.8,1,88.859,89.0,90.0,94.0,50.0,50.0,,,position_noise+confidence_error,,trust_weighted_fusion,avoidance,fixed,0.5,,3,0,5.128,3.821,50.055,uav_2,3.821,False,False,False,False,False,1,"[{""id"": ""obstacle_0"", ""kind"": ""static_obstacle"", ""x"": 50.0, ""y"": 50.0, ""radius"": 5.0}]"
sudden_target_appearance,419,83.8,2,85.092,88.359,86.0,90.0,50.0,50.0,,,none,,trust_weighted_fusion,at_goal,fixed,0.0,,0,0,1.875,3.821,46.989,uav_1,3.821,False,False,False,False,True,1,"[{""id"": ""obstacle_0"", ""kind"": ""static_obstacle"", ""x"": 50.0, ""y"": 50.0, ""radius"": 5.0}]"
sudden_target_appearance,419,83.8,3,89.26,84.534,90.0,86.0,50.0,50.0,,,none,,trust_weighted_fusion,at_goal,fixed,0.0,,0,0,1.642,4.484,47.287,uav_1,4.484,False,False,False,False,True,1,"[{""id"": ""obstacle_0"", ""kind"": ""static_obstacle"", ""x"": 50.0, ""y"": 50.0, ""radius"": 5.0}]"
sudden_target_appearance,420,84.0,0,93.586,88.23,94.0,90.0,50.0,50.0,,,none,,trust_weighted_fusion,at_goal,fixed,0.0,,0,0,1.818,4.509,52.976,uav_1,4.509,False,False,False,False,True,1,"[{""id"": ""obstacle_0"", ""kind"": ""static_obstacle"", ""x"": 50.0, ""y"": 50.0, ""radius"": 5.0}]"
sudden_target_appearance,420,84.0,1,89.103,88.716,90.0,94.0,50.0,50.0,,,false_positive+position_noise+confidence_error,,trust_weighted_fusion,false_avoidance,fixed,0.5,,4,1,5.36,4.027,50.027,uav_2,4.027,False,True,False,False,False,1,"[{""id"": ""obstacle_0"", ""kind"": ""static_obstacle"", ""x"": 50.0, ""y"": 50.0, ""radius"": 5.0}]"
sudden_target_appearance,420,84.0,2,85.092,88.359,86.0,90.0,50.0,50.0,,,none,,trust_weighted_fusion,at_goal,fixed,0.0,,0,0,1.875,4.027,46.989,uav_1,4.027,False,False,False,False,True,1,"[{""id"": ""obstacle_0"", ""kind"": ""static_obstacle"", ""x"": 50.0, ""y"": 50.0, ""radius"": 5.0}]"
sudden_target_appearance,420,84.0,3,89.26,84.534,90.0,86.0,50.0,50.0,,,none,,trust_weighted_fusion,at_goal,fixed,0.0,,0,0,1.642,4.185,47.287,uav_1,4.185,False,False,False,False,True,1,"[{""id"": ""obstacle_0"", ""kind"": ""static_obstacle"", ""x"": 50.0, ""y"": 50.0, ""radius"": 5.0}]"
sudden_target_appearance,421,84.2,0,93.586,88.23,94.0,90.0,50.0,50.0,,,none,,trust_weighted_fusion,at_goal,fixed,0.0,,0,0,1.818,4.502,52.976,uav_1,4.502,False,False,False,False,True,1,"[{""id"": ""obstacle_0"", ""kind"": ""static_obstacle"", ""x"": 50.0, ""y"": 50.0, ""radius"": 5.0}]"
sudden_target_appearance,421,84.2,1,89.166,89.086,90.0,94.0,50.0,50.0,,,position_noise+confidence_error,,trust_weighted_fusion,move,fixed,0.5,,3,0,4.985,4.138,50.332,uav_2,4.138,False,False,False,False,False,1,"[{""id"": ""obstacle_0"", ""kind"": ""static_obstacle"", ""x"": 50.0, ""y"": 50.0, ""radius"": 5.0}]"
sudden_target_appearance,421,84.2,2,85.092,88.359,86.0,90.0,50.0,50.0,,,none,,trust_weighted_fusion,at_goal,fixed,0.0,,0,0,1.875,4.138,46.989,uav_1,4.138,False,False,False,False,True,1,"[{""id"": ""obstacle_0"", ""kind"": ""static_obstacle"", ""x"": 50.0, ""y"": 50.0, ""radius"": 5.0}]"
sudden_target_appearance,421,84.2,3,89.26,84.534,90.0,86.0,50.0,50.0,,,none,,trust_weighted_fusion,at_goal,fixed,0.0,,0,0,1.642,4.553,47.287,uav_1,4.553,False,False,False,False,True,1,"[{""id"": ""obstacle_0"", ""kind"": ""static_obstacle"", ""x"": 50.0, ""y"": 50.0, ""radius"": 5.0}]"
sudden_target_appearance,422,84.4,0,93.586,88.23,94.0,90.0,50.0,50.0,,,none,,trust_weighted_fusion,at_goal,fixed,0.0,,0,0,1.818,4.526,52.976,uav_1,4.526,False,False,False,False,True,1,"[{""id"": ""obstacle_0"", ""kind"": ""static_obstacle"", ""x"": 50.0, ""y"": 50.0, ""radius"": 5.0}]"
sudden_target_appearance,422,84.4,1,89.229,89.455,90.0,94.0,50.0,50.0,,,position_noise+confidence_error,,trust_weighted_fusion,move,fixed,0.5,,3,0,4.61,4.279,50.638,uav_2,4.279,False,False,False,False,False,1,"[{""id"": ""obstacle_0"", ""kind"": ""static_obstacle"", ""x"": 50.0, ""y"": 50.0, ""radius"": 5.0}]"
sudden_target_appearance,422,84.4,2,85.092,88.359,86.0,90.0,50.0,50.0,,,none,,trust_weighted_fusion,at_goal,fixed,0.0,,0,0,1.875,4.279,46.989,uav_1,4.279,False,False,False,False,True,1,"[{""id"": ""obstacle_0"", ""kind"": ""static_obstacle"", ""x"": 50.0, ""y"": 50.0, ""radius"": 5.0}]"
sudden_target_appearance,422,84.4,3,89.26,84.534,90.0,86.0,50.0,50.0,,,none,,trust_weighted_fusion,at_goal,fixed,0.0,,0,0,1.642,4.921,47.287,uav_1,4.921,False,False,False,False,True,1,"[{""id"": ""obstacle_0"", ""kind"": ""static_obstacle"", ""x"": 50.0, ""y"": 50.0, ""radius"": 5.0}]"
sudden_target_appearance,423,84.6,0,93.586,88.23,94.0,90.0,50.0,50.0,,,none,,trust_weighted_fusion,at_goal,fixed,0.0,,0,0,1.818,4.581,52.976,uav_1,4.581,False,False,False,False,True,1,"[{""id"": ""obstacle_0"", ""kind"": ""static_obstacle"", ""x"": 50.0, ""y"": 50.0, ""radius"": 5.0}]"
sudden_target_appearance,423,84.6,1,89.292,89.825,90.0,94.0,50.0,50.0,,,position_noise+confidence_error,,trust_weighted_fusion,move,fixed,0.5,,3,0,4.235,4.448,50.945,uav_2,4.448,False,False,False,False,False,1,"[{""id"": ""obstacle_0"", ""kind"": ""static_obstacle"", ""x"": 50.0, ""y"": 50.0, ""radius"": 5.0}]"
sudden_target_appearance,423,84.6,2,85.092,88.359,86.0,90.0,50.0,50.0,,,none,,trust_weighted_fusion,at_goal,fixed,0.0,,0,0,1.875,4.448,46.989,uav_1,4.448,False,False,False,False,True,1,"[{""id"": ""obstacle_0"", ""kind"": ""static_obstacle"", ""x"": 50.0, ""y"": 50.0, ""radius"": 5.0}]"
sudden_target_appearance,423,84.6,3,89.26,84.534,90.0,86.0,50.0,50.0,,,none,,trust_weighted_fusion,at_goal,fixed,0.0,,0,0,1.642,5.291,47.287,uav_1,5.291,False,False,False,False,True,1,"[{""id"": ""obstacle_0"", ""kind"": ""static_obstacle"", ""x"": 50.0, ""y"": 50.0, ""radius"": 5.0}]"
sudden_target_appearance,424,84.8,0,93.586,88.23,94.0,90.0,50.0,50.0,,,none,,trust_weighted_fusion,at_goal,fixed,0.0,,0,0,1.818,4.666,52.976,uav_1,4.666,False,False,False,False,True,1,"[{""id"": ""obstacle_0"", ""kind"": ""static_obstacle"", ""x"": 50.0, ""y"": 50.0, ""radius"": 5.0}]"
sudden_target_appearance,424,84.8,1,89.354,90.195,90.0,94.0,50.0,50.0,,,position_noise+confidence_error,,trust_weighted_fusion,move,fixed,0.5,,3,0,3.86,4.641,51.253,uav_2,4.641,False,False,False,False,False,1,"[{""id"": ""obstacle_0"", ""kind"": ""static_obstacle"", ""x"": 50.0, ""y"": 50.0, ""radius"": 5.0}]"
sudden_target_appearance,424,84.8,2,85.092,88.359,86.0,90.0,50.0,50.0,,,none,,trust_weighted_fusion,at_goal,fixed,0.0,,0,0,1.875,4.641,46.989,uav_1,4.641,False,False,False,False,True,1,"[{""id"": ""obstacle_0"", ""kind"": ""static_obstacle"", ""x"": 50.0, ""y"": 50.0, ""radius"": 5.0}]"
sudden_target_appearance,424,84.8,3,89.26,84.534,90.0,86.0,50.0,50.0,,,none,,trust_weighted_fusion,at_goal,fixed,0.0,,0,0,1.642,5.657,47.287,uav_2,5.657,False,False,False,False,True,1,"[{""id"": ""obstacle_0"", ""kind"": ""static_obstacle"", ""x"": 50.0, ""y"": 50.0, ""radius"": 5.0}]"
sudden_target_appearance,425,85.0,0,93.586,88.23,94.0,90.0,50.0,50.0,,,none,,trust_weighted_fusion,at_goal,fixed,0.0,,0,0,1.818,4.778,52.976,uav_1,4.778,False,False,False,False,True,1,"[{""id"": ""obstacle_0"", ""kind"": ""static_obstacle"", ""x"": 50.0, ""y"": 50.0, ""radius"": 5.0}]"
sudden_target_appearance,425,85.0,1,89.417,90.564,90.0,94.0,50.0,50.0,,,position_noise+confidence_error,,trust_weighted_fusion,move,fixed,0.5,,3,0,3.485,4.778,51.561,uav_0,4.778,False,False,False,False,False,1,"[{""id"": ""obstacle_0"", ""kind"": ""static_obstacle"", ""x"": 50.0, ""y"": 50.0, ""radius"": 5.0}]"
sudden_target_appearance,425,85.0,2,85.092,88.359,86.0,90.0,50.0,50.0,,,none,,trust_weighted_fusion,at_goal,fixed,0.0,,0,0,1.875,4.855,46.989,uav_1,4.855,False,False,False,False,True,1,"[{""id"": ""obstacle_0"", ""kind"": ""static_obstacle"", ""x"": 50.0, ""y"": 50.0, ""radius"": 5.0}]"
sudden_target_appearance,425,85.0,3,89.26,84.534,90.0,86.0,50.0,50.0,,,none,,trust_weighted_fusion,at_goal,fixed,0.0,,0,0,1.642,5.657,47.287,uav_2,5.657,False,False,False,False,True,1,"[{""id"": ""obstacle_0"", ""kind"": ""static_obstacle"", ""x"": 50.0, ""y"": 50.0, ""radius"": 5.0}]"
sudden_target_appearance,426,85.2,0,93.586,88.23,94.0,90.0,50.0,50.0,,,none,,trust_weighted_fusion,at_goal,fixed,0.0,,0,0,1.818,5.116,52.976,uav_1,5.116,False,False,False,False,True,1,"[{""id"": ""obstacle_0"", ""kind"": ""static_obstacle"", ""x"": 50.0, ""y"": 50.0, ""radius"": 5.0}]"
sudden_target_appearance,426,85.2,1,89.042,90.581,90.0,94.0,50.0,50.0,,,false_positive+position_noise+confidence_error,,trust_weighted_fusion,false_avoidance,fixed,0.5,,4,1,3.551,4.532,51.313,uav_2,4.532,False,True,False,False,False,1,"[{""id"": ""obstacle_0"", ""kind"": ""static_obstacle"", ""x"": 50.0, ""y"": 50.0, ""radius"": 5.0}]"
sudden_target_appearance,426,85.2,2,85.092,88.359,86.0,90.0,50.0,50.0,,,none,,trust_weighted_fusion,at_goal,fixed,0.0,,0,0,1.875,4.532,46.989,uav_1,4.532,False,False,False,False,True,1,"[{""id"": ""obstacle_0"", ""kind"": ""static_obstacle"", ""x"": 50.0, ""y"": 50.0, ""radius"": 5.0}]"
sudden_target_appearance,426,85.2,3,89.26,84.534,90.0,86.0,50.0,50.0,,,none,,trust_weighted_fusion,at_goal,fixed,0.0,,0,0,1.642,5.657,47.287,uav_2,5.657,False,False,False,False,True,1,"[{""id"": ""obstacle_0"", ""kind"": ""static_obstacle"", ""x"": 50.0, ""y"": 50.0, ""radius"": 5.0}]"
sudden_target_appearance,427,85.4,0,93.586,88.23,94.0,90.0,50.0,50.0,,,none,,trust_weighted_fusion,at_goal,fixed,0.0,,0,0,1.818,5.011,52.976,uav_1,5.011,False,False,False,False,True,1,"[{""id"": ""obstacle_0"", ""kind"": ""static_obstacle"", ""x"": 50.0, ""y"": 50.0, ""radius"": 5.0}]"
sudden_target_appearance,427,85.4,1,89.311,90.843,90.0,94.0,50.0,50.0,,,false_positive+position_noise+confidence_error,,trust_weighted_fusion,false_avoidance,fixed,0.5,,4,1,3.232,4.895,51.687,uav_2,4.895,False,True,False,False,False,1,"[{""id"": ""obstacle_0"", ""kind"": ""static_obstacle"", ""x"": 50.0, ""y"": 50.0, ""radius"": 5.0}]"
sudden_target_appearance,427,85.4,2,85.092,88.359,86.0,90.0,50.0,50.0,,,none,,trust_weighted_fusion,at_goal,fixed,0.0,,0,0,1.875,4.895,46.989,uav_1,4.895,False,False,False,False,True,1,"[{""id"": ""obstacle_0"", ""kind"": ""static_obstacle"", ""x"": 50.0, ""y"": 50.0, ""radius"": 5.0}]"
sudden_target_appearance,427,85.4,3,89.26,84.534,90.0,86.0,50.0,50.0,,,none,,trust_weighted_fusion,at_goal,fixed,0.0,,0,0,1.642,5.657,47.287,uav_2,5.657,False,False,False,False,True,1,"[{""id"": ""obstacle_0"", ""kind"": ""static_obstacle"", ""x"": 50.0, ""y"": 50.0, ""radius"": 5.0}]"
sudden_target_appearance,428,85.6,0,93.586,88.23,94.0,90.0,50.0,50.0,,,none,,trust_weighted_fusion,at_goal,fixed,0.0,,0,0,1.818,5.146,52.976,uav_1,5.146,False,False,False,False,True,1,"[{""id"": ""obstacle_0"", ""kind"": ""static_obstacle"", ""x"": 50.0, ""y"": 50.0, ""radius"": 5.0}]"
sudden_target_appearance,428,85.6,1,89.391,91.209,90.0,94.0,50.0,50.0,,,position_noise+confidence_error,,trust_weighted_fusion,move,fixed,0.5,,3,0,2.857,5.146,52.007,uav_0,5.146,False,False,False,False,False,1,"[{""id"": ""obstacle_0"", ""kind"": ""static_obstacle"", ""x"": 50.0, ""y"": 50.0, ""radius"": 5.0}]"
sudden_target_appearance,428,85.6,2,85.092,88.359,86.0,90.0,50.0,50.0,,,none,,trust_weighted_fusion,at_goal,fixed,0.0,,0,0,1.875,5.157,46.989,uav_1,5.157,False,False,False,False,True,1,"[{""id"": ""obstacle_0"", ""kind"": ""static_obstacle"", ""x"": 50.0, ""y"": 50.0, ""radius"": 5.0}]"
sudden_target_appearance,428,85.6,3,89.26,84.534,90.0,86.0,50.0,50.0,,,none,,trust_weighted_fusion,at_goal,fixed,0.0,,0,0,1.642,5.657,47.287,uav_2,5.657,False,False,False,False,True,1,"[{""id"": ""obstacle_0"", ""kind"": ""static_obstacle"", ""x"": 50.0, ""y"": 50.0, ""radius"": 5.0}]"
sudden_target_appearance,429,85.8,0,93.586,88.23,94.0,90.0,50.0,50.0,,,none,,trust_weighted_fusion,at_goal,fixed,0.0,,0,0,1.818,5.507,52.976,uav_1,5.507,False,False,False,False,True,1,"[{""id"": ""obstacle_0"", ""kind"": ""static_obstacle"", ""x"": 50.0, ""y"": 50.0, ""radius"": 5.0}]"
sudden_target_appearance,429,85.8,1,89.037,91.334,90.0,94.0,50.0,50.0,,,false_positive+position_noise+confidence_error,,trust_weighted_fusion,false_avoidance,fixed,0.5,,4,1,2.834,4.941,51.855,uav_2,4.941,False,True,False,False,False,1,"[{""id"": ""obstacle_0"", ""kind"": ""static_obstacle"", ""x"": 50.0, ""y"": 50.0, ""radius"": 5.0}]"
sudden_target_appearance,429,85.8,2,85.092,88.359,86.0,90.0,50.0,50.0,,,none,,trust_weighted_fusion,at_goal,fixed,0.0,,0,0,1.875,4.941,46.989,uav_1,4.941,False,False,False,False,True,1,"[{""id"": ""obstacle_0"", ""kind"": ""static_obstacle"", ""x"": 50.0, ""y"": 50.0, ""radius"": 5.0}]"
sudden_target_appearance,429,85.8,3,89.26,84.534,90.0,86.0,50.0,50.0,,,none,,trust_weighted_fusion,at_goal,fixed,0.0,,0,0,1.642,5.657,47.287,uav_2,5.657,False,False,False,False,True,1,"[{""id"": ""obstacle_0"", ""kind"": ""static_obstacle"", ""x"": 50.0, ""y"": 50.0, ""radius"": 5.0}]"
sudden_target_appearance,430,86.0,0,93.586,88.23,94.0,90.0,50.0,50.0,,,none,,trust_weighted_fusion,at_goal,fixed,0.0,,0,0,1.818,5.689,52.976,uav_3,5.689,False,False,False,False,True,1,"[{""id"": ""obstacle_0"", ""kind"": ""static_obstacle"", ""x"": 50.0, ""y"": 50.0, ""radius"": 5.0}]"
sudden_target_appearance,430,86.0,1,88.998,91.707,90.0,94.0,50.0,50.0,,,false_positive+position_noise+confidence_error,,trust_weighted_fusion,false_avoidance,fixed,0.5,,4,1,2.502,5.144,52.099,uav_2,5.144,False,True,False,False,False,1,"[{""id"": ""obstacle_0"", ""kind"": ""static_obstacle"", ""x"": 50.0, ""y"": 50.0, ""radius"": 5.0}]"
sudden_target_appearance,430,86.0,2,85.092,88.359,86.0,90.0,50.0,50.0,,,none,,trust_weighted_fusion,at_goal,fixed,0.0,,0,0,1.875,5.144,46.989,uav_1,5.144,False,False,False,False,True,1,"[{""id"": ""obstacle_0"", ""kind"": ""static_obstacle"", ""x"": 50.0, ""y"": 50.0, ""radius"": 5.0}]"
sudden_target_appearance,430,86.0,3,89.26,84.534,90.0,86.0,50.0,50.0,,,none,,trust_weighted_fusion,at_goal,fixed,0.0,,0,0,1.642,5.657,47.287,uav_2,5.657,False,False,False,False,True,1,"[{""id"": ""obstacle_0"", ""kind"": ""static_obstacle"", ""x"": 50.0, ""y"": 50.0, ""radius"": 5.0}]"
sudden_target_appearance,431,86.2,0,93.586,88.23,94.0,90.0,50.0,50.0,,,none,,trust_weighted_fusion,at_goal,fixed,0.0,,0,0,1.818,5.4,52.976,uav_1,5.4,False,False,False,False,True,1,"[{""id"": ""obstacle_0"", ""kind"": ""static_obstacle"", ""x"": 50.0, ""y"": 50.0, ""radius"": 5.0}]"
sudden_target_appearance,431,86.2,1,89.351,91.58,90.0,94.0,50.0,50.0,,,false_positive+position_noise+confidence_error,,trust_weighted_fusion,false_avoidance,fixed,0.5,,4,1,2.505,5.339,52.249,uav_2,5.339,False,True,False,False,False,1,"[{""id"": ""obstacle_0"", ""kind"": ""static_obstacle"", ""x"": 50.0, ""y"": 50.0, ""radius"": 5.0}]"
sudden_target_appearance,431,86.2,2,85.092,88.359,86.0,90.0,50.0,50.0,,,none,,trust_weighted_fusion,at_goal,fixed,0.0,,0,0,1.875,5.339,46.989,uav_1,5.339,False,False,False,False,True,1,"[{""id"": ""obstacle_0"", ""kind"": ""static_obstacle"", ""x"": 50.0, ""y"": 50.0, ""radius"": 5.0}]"
sudden_target_appearance,431,86.2,3,89.26,84.534,90.0,86.0,50.0,50.0,,,none,,trust_weighted_fusion,at_goal,fixed,0.0,,0,0,1.642,5.657,47.287,uav_2,5.657,False,False,False,False,True,1,"[{""id"": ""obstacle_0"", ""kind"": ""static_obstacle"", ""x"": 50.0, ""y"": 50.0, ""radius"": 5.0}]"
sudden_target_appearance,432,86.4,0,93.586,88.23,94.0,90.0,50.0,50.0,,,none,,trust_weighted_fusion,at_goal,fixed,0.0,,0,0,1.818,5.56,52.976,uav_1,5.56,False,False,False,False,True,1,"[{""id"": ""obstacle_0"", ""kind"": ""static_obstacle"", ""x"": 50.0, ""y"": 50.0, ""radius"": 5.0}]"
sudden_target_appearance,432,86.4,1,89.448,91.942,90.0,94.0,50.0,50.0,,,position_noise+confidence_error,,trust_weighted_fusion,move,fixed,0.5,,3,0,2.13,5.56,52.579,uav_0,5.56,False,False,False,False,False,1,"[{""id"": ""obstacle_0"", ""kind"": ""static_obstacle"", ""x"": 50.0, ""y"": 50.0, ""radius"": 5.0}]"
sudden_target_appearance,432,86.4,2,85.092,88.359,86.0,90.0,50.0,50.0,,,none,,trust_weighted_fusion,at_goal,fixed,0.0,,0,0,1.875,5.64,46.989,uav_1,5.64,False,False,False,False,True,1,"[{""id"": ""obstacle_0"", ""kind"": ""static_obstacle"", ""x"": 50.0, ""y"": 50.0, ""radius"": 5.0}]"
sudden_target_appearance,432,86.4,3,89.26,84.534,90.0,86.0,50.0,50.0,,,none,,trust_weighted_fusion,at_goal,fixed,0.0,,0,0,1.642,5.657,47.287,uav_2,5.657,False,False,False,False,True,1,"[{""id"": ""obstacle_0"", ""kind"": ""static_obstacle"", ""x"": 50.0, ""y"": 50.0, ""radius"": 5.0}]"
sudden_target_appearance,433,86.6,0,93.586,88.23,94.0,90.0,50.0,50.0,,,none,,trust_weighted_fusion,at_goal,fixed,0.0,,0,0,1.818,5.689,52.976,uav_3,5.689,False,False,False,True,True,1,"[{""id"": ""obstacle_0"", ""kind"": ""static_obstacle"", ""x"": 50.0, ""y"": 50.0, ""radius"": 5.0}]"
sudden_target_appearance,433,86.6,1,89.545,92.305,90.0,94.0,50.0,50.0,,,position_noise+confidence_error,,trust_weighted_fusion,move,fixed,0.5,,3,0,1.755,5.739,52.909,uav_0,5.739,False,False,False,True,True,1,"[{""id"": ""obstacle_0"", ""kind"": ""static_obstacle"", ""x"": 50.0, ""y"": 50.0, ""radius"": 5.0}]"
sudden_target_appearance,433,86.6,2,85.092,88.359,86.0,90.0,50.0,50.0,,,none,,trust_weighted_fusion,at_goal,fixed,0.0,,0,0,1.875,5.657,46.989,uav_3,5.657,False,False,False,True,True,1,"[{""id"": ""obstacle_0"", ""kind"": ""static_obstacle"", ""x"": 50.0, ""y"": 50.0, ""radius"": 5.0}]"
sudden_target_appearance,433,86.6,3,89.26,84.534,90.0,86.0,50.0,50.0,,,none,,trust_weighted_fusion,at_goal,fixed,0.0,,0,0,1.642,5.657,47.287,uav_2,5.657,False,False,False,True,True,1,"[{""id"": ""obstacle_0"", ""kind"": ""static_obstacle"", ""x"": 50.0, ""y"": 50.0, ""radius"": 5.0}]"
