scenario,step,time_s,uav_id,uav_pos_x,uav_pos_y,goal_pos_x,goal_pos_y,actual_obstacle_x,actual_obstacle_y,perceived_obstacle_x,perceived_obstacle_y,perception_error_type,confidence_value,fusion_mode,action_taken,num_perceived_detections,num_phantom_detections,dist_to_goal,distance_to_nearest_uav,distance_to_obstacle,nearest_entity_type,nearest_entity_distance,collision_risk_flag,unnecessary_avoidance_flag,missed_response_flag,mission_completed_flag,reached_goal,num_active_entities,active_entities_json
delayed_track_sharing,0,0.0,0,5.289,5.276,94.0,90.0,50.0,50.0,,,false_negative+position_noise+confidence_error,,trust_weighted_fusion,move,2,0,122.669,9.967,58.24,uav_2,9.967,False,False,False,False,False,1,"[{""id"": ""obstacle_0"", ""kind"": ""static_obstacle"", ""x"": 50.0, ""y"": 50.0, ""radius"": 5.0}]"
delayed_track_sharing,0,0.0,1,5.293,15.272,90.0,94.0,50.0,50.0,,,false_negative+position_noise+confidence_error,,trust_weighted_fusion,move,2,0,115.643,9.996,51.61,uav_0,9.996,False,False,False,False,False,1,"[{""id"": ""obstacle_0"", ""kind"": ""static_obstacle"", ""x"": 50.0, ""y"": 50.0, ""radius"": 5.0}]"
delayed_track_sharing,0,0.0,2,15.256,5.307,86.0,90.0,50.0,50.0,,,position_noise+confidence_error,,trust_weighted_fusion,move,3,0,110.352,9.967,51.609,uav_0,9.967,False,False,False,False,False,1,"[{""id"": ""obstacle_0"", ""kind"": ""static_obstacle"", ""x"": 50.0, ""y"": 50.0, ""radius"": 5.0}]"
delayed_track_sharing,0,0.0,3,15.29,15.275,90.0,86.0,50.0,50.0,,,false_negative+position_noise+confidence_error,,trust_weighted_fusion,move,2,0,102.876,9.968,44.098,uav_2,9.968,False,False,False,False,False,1,"[{""id"": ""obstacle_0"", ""kind"": ""static_obstacle"", ""x"": 50.0, ""y"": 50.0, ""radius"": 5.0}]"
delayed_track_sharing,1,0.2,0,5.579,5.553,94.0,90.0,50.0,50.0,,,position_noise+confidence_error,,trust_weighted_fusion,move,3,0,122.269,9.935,57.84,uav_2,9.935,False,False,False,False,False,1,"[{""id"": ""obstacle_0"", ""kind"": ""static_obstacle"", ""x"": 50.0, ""y"": 50.0, ""radius"": 5.0}]"
delayed_track_sharing,1,0.2,1,5.586,15.545,90.0,94.0,50.0,50.0,,,position_noise+confidence_error,,trust_weighted_fusion,move,3,0,115.243,9.992,51.212,uav_0,9.992,False,False,False,False,False,1,"[{""id"": ""obstacle_0"", ""kind"": ""static_obstacle"", ""x"": 50.0, ""y"": 50.0, ""radius"": 5.0}]"
delayed_track_sharing,1,0.2,2,15.513,5.614,86.0,90.0,50.0,50.0,,,false_negative+position_noise+confidence_error,,trust_weighted_fusion,move,1,0,109.952,9.935,51.209,uav_0,9.935,False,False,False,False,False,1,"[{""id"": ""obstacle_0"", ""kind"": ""static_obstacle"", ""x"": 50.0, ""y"": 50.0, ""radius"": 5.0}]"
delayed_track_sharing,1,0.2,3,15.581,15.55,90.0,86.0,50.0,50.0,,,false_negative+position_noise+confidence_error,,trust_weighted_fusion,move,1,0,102.476,9.936,43.698,uav_2,9.936,False,False,False,False,False,1,"[{""id"": ""obstacle_0"", ""kind"": ""static_obstacle"", ""x"": 50.0, ""y"": 50.0, ""radius"": 5.0}]"
delayed_track_sharing,2,0.4,0,5.868,5.829,94.0,90.0,50.0,50.0,,,position_noise+confidence_error,,trust_weighted_fusion,move,3,0,121.869,9.902,57.44,uav_2,9.902,False,False,False,False,False,1,"[{""id"": ""obstacle_0"", ""kind"": ""static_obstacle"", ""x"": 50.0, ""y"": 50.0, ""radius"": 5.0}]"
delayed_track_sharing,2,0.4,1,5.879,15.817,90.0,94.0,50.0,50.0,,,false_negative+position_noise+confidence_error,,trust_weighted_fusion,move,2,0,114.843,9.988,50.813,uav_0,9.988,False,False,False,False,False,1,"[{""id"": ""obstacle_0"", ""kind"": ""static_obstacle"", ""x"": 50.0, ""y"": 50.0, ""radius"": 5.0}]"
delayed_track_sharing,2,0.4,2,15.769,5.921,86.0,90.0,50.0,50.0,,,position_noise+confidence_error,,trust_weighted_fusion,move,3,0,109.552,9.902,50.81,uav_0,9.902,False,False,False,False,False,1,"[{""id"": ""obstacle_0"", ""kind"": ""static_obstacle"", ""x"": 50.0, ""y"": 50.0, ""radius"": 5.0}]"
delayed_track_sharing,2,0.4,3,15.871,15.825,90.0,86.0,50.0,50.0,,,false_negative+position_noise+confidence_error,,trust_weighted_fusion,move,2,0,102.076,9.905,43.298,uav_2,9.905,False,False,False,False,False,1,"[{""id"": ""obstacle_0"", ""kind"": ""static_obstacle"", ""x"": 50.0, ""y"": 50.0, ""radius"": 5.0}]"
delayed_track_sharing,3,0.6,0,6.157,6.105,94.0,90.0,50.0,50.0,,,false_negative+position_noise+confidence_error,,trust_weighted_fusion,move,2,0,121.469,9.869,57.04,uav_2,9.869,False,False,False,False,False,1,"[{""id"": ""obstacle_0"", ""kind"": ""static_obstacle"", ""x"": 50.0, ""y"": 50.0, ""radius"": 5.0}]"
delayed_track_sharing,3,0.6,1,6.172,16.089,90.0,94.0,50.0,50.0,,,position_noise+confidence_error,,trust_weighted_fusion,move,3,0,114.443,9.984,50.415,uav_0,9.984,False,False,False,False,False,1,"[{""id"": ""obstacle_0"", ""kind"": ""static_obstacle"", ""x"": 50.0, ""y"": 50.0, ""radius"": 5.0}]"
delayed_track_sharing,3,0.6,2,16.026,6.228,86.0,90.0,50.0,50.0,,,false_negative+position_noise+confidence_error,,trust_weighted_fusion,move,2,0,109.152,9.869,50.41,uav_0,9.869,False,False,False,False,False,1,"[{""id"": ""obstacle_0"", ""kind"": ""static_obstacle"", ""x"": 50.0, ""y"": 50.0, ""radius"": 5.0}]"
delayed_track_sharing,3,0.6,3,16.162,16.1,90.0,86.0,50.0,50.0,,,position_noise+confidence_error,,trust_weighted_fusion,move,3,0,101.676,9.873,42.898,uav_2,9.873,False,False,False,False,False,1,"[{""id"": ""obstacle_0"", ""kind"": ""static_obstacle"", ""x"": 50.0, ""y"": 50.0, ""radius"": 5.0}]"
delayed_track_sharing,4,0.8,0,6.446,6.381,94.0,90.0,50.0,50.0,,,position_noise+confidence_error,,trust_weighted_fusion,move,3,0,121.069,9.837,56.64,uav_2,9.837,False,False,False,False,False,1,"[{""id"": ""obstacle_0"", ""kind"": ""static_obstacle"", ""x"": 50.0, ""y"": 50.0, ""radius"": 5.0}]"
delayed_track_sharing,4,0.8,1,6.465,16.362,90.0,94.0,50.0,50.0,,,position_noise+confidence_error,,trust_weighted_fusion,move,3,0,114.043,9.98,50.017,uav_0,9.98,False,False,False,False,False,1,"[{""id"": ""obstacle_0"", ""kind"": ""static_obstacle"", ""x"": 50.0, ""y"": 50.0, ""radius"": 5.0}]"
delayed_track_sharing,4,0.8,2,16.282,6.535,86.0,90.0,50.0,50.0,,,false_negative+position_noise+confidence_error,,trust_weighted_fusion,move,1,0,108.752,9.837,50.01,uav_0,9.837,False,False,False,False,False,1,"[{""id"": ""obstacle_0"", ""kind"": ""static_obstacle"", ""x"": 50.0, ""y"": 50.0, ""radius"": 5.0}]"
delayed_track_sharing,4,0.8,3,16.452,16.375,90.0,86.0,50.0,50.0,,,position_noise+confidence_error,,trust_weighted_fusion,move,3,0,101.276,9.841,42.498,uav_2,9.841,False,False,False,False,False,1,"[{""id"": ""obstacle_0"", ""kind"": ""static_obstacle"", ""x"": 50.0, ""y"": 50.0, ""radius"": 5.0}]"
delayed_track_sharing,5,1.0,0,6.736,6.658,94.0,90.0,50.0,50.0,,,position_noise+confidence_error,,trust_weighted_fusion,move,3,0,120.669,9.805,56.24,uav_2,9.805,False,False,False,False,False,1,"[{""id"": ""obstacle_0"", ""kind"": ""static_obstacle"", ""x"": 50.0, ""y"": 50.0, ""radius"": 5.0}]"
delayed_track_sharing,5,1.0,1,6.758,16.634,90.0,94.0,50.0,50.0,,,false_negative+position_noise+confidence_error,,trust_weighted_fusion,move,2,0,113.643,9.976,49.618,uav_0,9.976,False,False,False,False,False,1,"[{""id"": ""obstacle_0"", ""kind"": ""static_obstacle"", ""x"": 50.0, ""y"": 50.0, ""radius"": 5.0}]"
delayed_track_sharing,5,1.0,2,16.539,6.842,86.0,90.0,50.0,50.0,,,position_noise+confidence_error,,trust_weighted_fusion,move,3,0,108.352,9.805,49.61,uav_0,9.805,False,False,False,False,False,1,"[{""id"": ""obstacle_0"", ""kind"": ""static_obstacle"", ""x"": 50.0, ""y"": 50.0, ""radius"": 5.0}]"
delayed_track_sharing,5,1.0,3,16.743,16.65,90.0,86.0,50.0,50.0,,,position_noise+confidence_error,,trust_weighted_fusion,move,3,0,100.876,9.81,42.098,uav_2,9.81,False,False,False,False,False,1,"[{""id"": ""obstacle_0"", ""kind"": ""static_obstacle"", ""x"": 50.0, ""y"": 50.0, ""radius"": 5.0}]"
delayed_track_sharing,6,1.2,0,7.025,6.934,94.0,90.0,50.0,50.0,,,position_noise+confidence_error,,trust_weighted_fusion,move,3,0,120.269,9.772,55.84,uav_2,9.772,False,False,False,False,False,1,"[{""id"": ""obstacle_0"", ""kind"": ""static_obstacle"", ""x"": 50.0, ""y"": 50.0, ""radius"": 5.0}]"
delayed_track_sharing,6,1.2,1,7.051,16.906,90.0,94.0,50.0,50.0,,,position_noise+confidence_error,,trust_weighted_fusion,move,3,0,113.243,9.972,49.22,uav_0,9.972,False,False,False,False,False,1,"[{""id"": ""obstacle_0"", ""kind"": ""static_obstacle"", ""x"": 50.0, ""y"": 50.0, ""radius"": 5.0}]"
delayed_track_sharing,6,1.2,2,16.795,7.149,86.0,90.0,50.0,50.0,,,false_negative+position_noise+confidence_error,,trust_weighted_fusion,move,2,0,107.952,9.772,49.211,uav_0,9.772,False,False,False,False,False,1,"[{""id"": ""obstacle_0"", ""kind"": ""static_obstacle"", ""x"": 50.0, ""y"": 50.0, ""radius"": 5.0}]"
delayed_track_sharing,6,1.2,3,17.033,16.925,90.0,86.0,50.0,50.0,,,position_noise+confidence_error,,trust_weighted_fusion,move,3,0,100.476,9.779,41.699,uav_2,9.779,False,False,False,False,False,1,"[{""id"": ""obstacle_0"", ""kind"": ""static_obstacle"", ""x"": 50.0, ""y"": 50.0, ""radius"": 5.0}]"
delayed_track_sharing,7,1.4,0,7.314,7.21,94.0,90.0,50.0,50.0,,,false_negative+position_noise+confidence_error,,trust_weighted_fusion,move,2,0,119.869,9.74,55.441,uav_2,9.74,False,False,False,False,False,1,"[{""id"": ""obstacle_0"", ""kind"": ""static_obstacle"", ""x"": 50.0, ""y"": 50.0, ""radius"": 5.0}]"
delayed_track_sharing,7,1.4,1,7.344,17.179,90.0,94.0,50.0,50.0,,,false_negative+position_noise+confidence_error,,trust_weighted_fusion,move,2,0,112.843,9.968,48.822,uav_0,9.968,False,False,False,False,False,1,"[{""id"": ""obstacle_0"", ""kind"": ""static_obstacle"", ""x"": 50.0, ""y"": 50.0, ""radius"": 5.0}]"
delayed_track_sharing,7,1.4,2,17.051,7.456,86.0,90.0,50.0,50.0,,,position_noise+confidence_error,,trust_weighted_fusion,move,3,0,107.552,9.74,48.811,uav_0,9.74,False,False,False,False,False,1,"[{""id"": ""obstacle_0"", ""kind"": ""static_obstacle"", ""x"": 50.0, ""y"": 50.0, ""radius"": 5.0}]"
delayed_track_sharing,7,1.4,3,17.324,17.2,90.0,86.0,50.0,50.0,,,position_noise+confidence_error,,trust_weighted_fusion,move,3,0,100.076,9.748,41.299,uav_2,9.748,False,False,False,False,False,1,"[{""id"": ""obstacle_0"", ""kind"": ""static_obstacle"", ""x"": 50.0, ""y"": 50.0, ""radius"": 5.0}]"
delayed_track_sharing,8,1.6,0,7.603,7.486,94.0,90.0,50.0,50.0,,,false_negative+position_noise+confidence_error,,trust_weighted_fusion,move,2,0,119.469,9.708,55.041,uav_2,9.708,False,False,False,False,False,1,"[{""id"": ""obstacle_0"", ""kind"": ""static_obstacle"", ""x"": 50.0, ""y"": 50.0, ""radius"": 5.0}]"
delayed_track_sharing,8,1.6,1,7.637,17.451,90.0,94.0,50.0,50.0,,,position_noise+confidence_error,,trust_weighted_fusion,move,3,0,112.443,9.964,48.424,uav_0,9.964,False,False,False,False,False,1,"[{""id"": ""obstacle_0"", ""kind"": ""static_obstacle"", ""x"": 50.0, ""y"": 50.0, ""radius"": 5.0}]"
delayed_track_sharing,8,1.6,2,17.308,7.763,86.0,90.0,50.0,50.0,,,position_noise+confidence_error,,trust_weighted_fusion,move,3,0,107.152,9.708,48.411,uav_0,9.708,False,False,False,False,False,1,"[{""id"": ""obstacle_0"", ""kind"": ""static_obstacle"", ""x"": 50.0, ""y"": 50.0, ""radius"": 5.0}]"
delayed_track_sharing,8,1.6,3,17.614,17.475,90.0,86.0,50.0,50.0,,,position_noise+confidence_error,,trust_weighted_fusion,move,3,0,99.676,9.717,40.899,uav_2,9.717,False,False,False,False,False,1,"[{""id"": ""obstacle_0"", ""kind"": ""static_obstacle"", ""x"": 50.0, ""y"": 50.0, ""radius"": 5.0}]"
delayed_track_sharing,9,1.8,0,7.893,7.763,94.0,90.0,50.0,50.0,,,false_negative+position_noise+confidence_error,,trust_weighted_fusion,move,2,0,119.069,9.676,54.641,uav_2,9.676,False,False,False,False,False,1,"[{""id"": ""obstacle_0"", ""kind"": ""static_obstacle"", ""x"": 50.0, ""y"": 50.0, ""radius"": 5.0}]"
delayed_track_sharing,9,1.8,1,7.93,17.723,90.0,94.0,50.0,50.0,,,false_negative+position_noise+confidence_error,,trust_weighted_fusion,move,2,0,112.043,9.961,48.025,uav_0,9.961,False,False,False,False,False,1,"[{""id"": ""obstacle_0"", ""kind"": ""static_obstacle"", ""x"": 50.0, ""y"": 50.0, ""radius"": 5.0}]"
delayed_track_sharing,9,1.8,2,17.564,8.07,86.0,90.0,50.0,50.0,,,false_negative+position_noise+confidence_error,,trust_weighted_fusion,move,2,0,106.752,9.676,48.011,uav_0,9.676,False,False,False,False,False,1,"[{""id"": ""obstacle_0"", ""kind"": ""static_obstacle"", ""x"": 50.0, ""y"": 50.0, ""radius"": 5.0}]"
delayed_track_sharing,9,1.8,3,17.905,17.75,90.0,86.0,50.0,50.0,,,false_negative+position_noise+confidence_error,,trust_weighted_fusion,move,1,0,99.276,9.686,40.499,uav_2,9.686,False,False,False,False,False,1,"[{""id"": ""obstacle_0"", ""kind"": ""static_obstacle"", ""x"": 50.0, ""y"": 50.0, ""radius"": 5.0}]"
delayed_track_sharing,10,2.0,0,8.182,8.039,94.0,90.0,50.0,50.0,,,false_negative+position_noise+confidence_error,,trust_weighted_fusion,move,2,0,118.669,9.645,54.241,uav_2,9.645,False,False,False,False,False,1,"[{""id"": ""obstacle_0"", ""kind"": ""static_obstacle"", ""x"": 50.0, ""y"": 50.0, ""radius"": 5.0}]"
delayed_track_sharing,10,2.0,1,8.223,17.995,90.0,94.0,50.0,50.0,,,position_noise+confidence_error,,trust_weighted_fusion,move,3,0,111.643,9.957,47.627,uav_0,9.957,False,False,False,False,False,1,"[{""id"": ""obstacle_0"", ""kind"": ""static_obstacle"", ""x"": 50.0, ""y"": 50.0, ""radius"": 5.0}]"
delayed_track_sharing,10,2.0,2,17.821,8.377,86.0,90.0,50.0,50.0,,,position_noise+confidence_error,,trust_weighted_fusion,move,3,0,106.352,9.645,47.612,uav_0,9.645,False,False,False,False,False,1,"[{""id"": ""obstacle_0"", ""kind"": ""static_obstacle"", ""x"": 50.0, ""y"": 50.0, ""radius"": 5.0}]"
delayed_track_sharing,10,2.0,3,18.195,18.025,90.0,86.0,50.0,50.0,,,position_noise+confidence_error,,trust_weighted_fusion,move,3,0,98.876,9.655,40.099,uav_2,9.655,False,False,False,False,False,1,"[{""id"": ""obstacle_0"", ""kind"": ""static_obstacle"", ""x"": 50.0, ""y"": 50.0, ""radius"": 5.0}]"
delayed_track_sharing,11,2.2,0,8.471,8.315,94.0,90.0,50.0,50.0,,,position_noise+confidence_error,,trust_weighted_fusion,move,3,0,118.269,9.613,53.841,uav_2,9.613,False,False,False,False,False,1,"[{""id"": ""obstacle_0"", ""kind"": ""static_obstacle"", ""x"": 50.0, ""y"": 50.0, ""radius"": 5.0}]"
delayed_track_sharing,11,2.2,1,8.516,18.268,90.0,94.0,50.0,50.0,,,false_negative+position_noise+confidence_error,,trust_weighted_fusion,move,2,0,111.243,9.953,47.229,uav_0,9.953,False,False,False,False,False,1,"[{""id"": ""obstacle_0"", ""kind"": ""static_obstacle"", ""x"": 50.0, ""y"": 50.0, ""radius"": 5.0}]"
delayed_track_sharing,11,2.2,2,18.077,8.684,86.0,90.0,50.0,50.0,,,false_negative+position_noise+confidence_error,,trust_weighted_fusion,move,2,0,105.952,9.613,47.212,uav_0,9.613,False,False,False,False,False,1,"[{""id"": ""obstacle_0"", ""kind"": ""static_obstacle"", ""x"": 50.0, ""y"": 50.0, ""radius"": 5.0}]"
delayed_track_sharing,11,2.2,3,18.486,18.3,90.0,86.0,50.0,50.0,,,position_noise+confidence_error,,trust_weighted_fusion,move,3,0,98.476,9.625,39.699,uav_2,9.625,False,False,False,False,False,1,"[{""id"": ""obstacle_0"", ""kind"": ""static_obstacle"", ""x"": 50.0, ""y"": 50.0, ""radius"": 5.0}]"
delayed_track_sharing,12,2.4,0,8.76,8.591,94.0,90.0,50.0,50.0,,,false_negative+position_noise+confidence_error,,trust_weighted_fusion,move,2,0,117.869,9.581,53.441,uav_2,9.581,False,False,False,False,False,1,"[{""id"": ""obstacle_0"", ""kind"": ""static_obstacle"", ""x"": 50.0, ""y"": 50.0, ""radius"": 5.0}]"
delayed_track_sharing,12,2.4,1,8.809,18.54,90.0,94.0,50.0,50.0,,,position_noise+confidence_error,,trust_weighted_fusion,move,3,0,110.843,9.949,46.831,uav_0,9.949,False,False,False,False,False,1,"[{""id"": ""obstacle_0"", ""kind"": ""static_obstacle"", ""x"": 50.0, ""y"": 50.0, ""radius"": 5.0}]"
delayed_track_sharing,12,2.4,2,18.334,8.991,86.0,90.0,50.0,50.0,,,false_negative+position_noise+confidence_error,,trust_weighted_fusion,move,2,0,105.552,9.581,46.812,uav_0,9.581,False,False,False,False,False,1,"[{""id"": ""obstacle_0"", ""kind"": ""static_obstacle"", ""x"": 50.0, ""y"": 50.0, ""radius"": 5.0}]"
delayed_track_sharing,12,2.4,3,18.776,18.575,90.0,86.0,50.0,50.0,,,position_noise+confidence_error,,trust_weighted_fusion,move,3,0,98.076,9.594,39.3,uav_2,9.594,False,False,False,False,False,1,"[{""id"": ""obstacle_0"", ""kind"": ""static_obstacle"", ""x"": 50.0, ""y"": 50.0, ""radius"": 5.0}]"
delayed_track_sharing,13,2.6,0,9.05,8.868,94.0,90.0,50.0,50.0,,,false_negative+position_noise+confidence_error,,trust_weighted_fusion,move,2,0,117.469,9.55,53.041,uav_2,9.55,False,False,False,False,False,1,"[{""id"": ""obstacle_0"", ""kind"": ""static_obstacle"", ""x"": 50.0, ""y"": 50.0, ""radius"": 5.0}]"
delayed_track_sharing,13,2.6,1,9.102,18.812,90.0,94.0,50.0,50.0,,,false_negative+position_noise+confidence_error,,trust_weighted_fusion,move,2,0,110.443,9.945,46.433,uav_0,9.945,False,False,False,False,False,1,"[{""id"": ""obstacle_0"", ""kind"": ""static_obstacle"", ""x"": 50.0, ""y"": 50.0, ""radius"": 5.0}]"
delayed_track_sharing,13,2.6,2,18.59,9.298,86.0,90.0,50.0,50.0,,,false_negative+position_noise+confidence_error,,trust_weighted_fusion,move,2,0,105.152,9.55,46.413,uav_0,9.55,False,False,False,False,False,1,"[{""id"": ""obstacle_0"", ""kind"": ""static_obstacle"", ""x"": 50.0, ""y"": 50.0, ""radius"": 5.0}]"
delayed_track_sharing,13,2.6,3,19.067,18.85,90.0,86.0,50.0,50.0,,,position_noise+confidence_error,,trust_weighted_fusion,move,3,0,97.676,9.564,38.9,uav_2,9.564,False,False,False,False,False,1,"[{""id"": ""obstacle_0"", ""kind"": ""static_obstacle"", ""x"": 50.0, ""y"": 50.0, ""radius"": 5.0}]"
delayed_track_sharing,14,2.8,0,9.339,9.144,94.0,90.0,50.0,50.0,,,position_noise+confidence_error,,trust_weighted_fusion,move,3,0,117.069,9.519,52.641,uav_2,9.519,False,False,False,False,False,1,"[{""id"": ""obstacle_0"", ""kind"": ""static_obstacle"", ""x"": 50.0, ""y"": 50.0, ""radius"": 5.0}]"
delayed_track_sharing,14,2.8,1,9.395,19.085,90.0,94.0,50.0,50.0,,,false_negative+position_noise+confidence_error,,trust_weighted_fusion,move,2,0,110.043,9.941,46.035,uav_0,9.941,False,False,False,False,False,1,"[{""id"": ""obstacle_0"", ""kind"": ""static_obstacle"", ""x"": 50.0, ""y"": 50.0, ""radius"": 5.0}]"
delayed_track_sharing,14,2.8,2,18.846,9.605,86.0,90.0,50.0,50.0,,,position_noise+confidence_error,,trust_weighted_fusion,move,3,0,104.752,9.519,46.013,uav_0,9.519,False,False,False,False,False,1,"[{""id"": ""obstacle_0"", ""kind"": ""static_obstacle"", ""x"": 50.0, ""y"": 50.0, ""radius"": 5.0}]"
delayed_track_sharing,14,2.8,3,19.357,19.125,90.0,86.0,50.0,50.0,,,false_negative+position_noise+confidence_error,,trust_weighted_fusion,move,2,0,97.276,9.534,38.5,uav_2,9.534,False,False,False,False,False,1,"[{""id"": ""obstacle_0"", ""kind"": ""static_obstacle"", ""x"": 50.0, ""y"": 50.0, ""radius"": 5.0}]"
delayed_track_sharing,15,3.0,0,9.628,9.42,94.0,90.0,50.0,50.0,,,position_noise+confidence_error,,trust_weighted_fusion,move,3,0,116.669,9.487,52.241,uav_2,9.487,False,False,False,False,False,1,"[{""id"": ""obstacle_0"", ""kind"": ""static_obstacle"", ""x"": 50.0, ""y"": 50.0, ""radius"": 5.0}]"
delayed_track_sharing,15,3.0,1,9.688,19.357,90.0,94.0,50.0,50.0,,,position_noise+confidence_error,,trust_weighted_fusion,move,3,0,109.643,9.937,45.637,uav_0,9.937,False,False,False,False,False,1,"[{""id"": ""obstacle_0"", ""kind"": ""static_obstacle"", ""x"": 50.0, ""y"": 50.0, ""radius"": 5.0}]"
delayed_track_sharing,15,3.0,2,19.103,9.912,86.0,90.0,50.0,50.0,,,position_noise+confidence_error,,trust_weighted_fusion,move,3,0,104.352,9.487,45.613,uav_0,9.487,False,False,False,False,False,1,"[{""id"": ""obstacle_0"", ""kind"": ""static_obstacle"", ""x"": 50.0, ""y"": 50.0, ""radius"": 5.0}]"
delayed_track_sharing,15,3.0,3,19.648,19.4,90.0,86.0,50.0,50.0,,,false_negative+position_noise+confidence_error,,trust_weighted_fusion,move,2,0,96.876,9.504,38.1,uav_2,9.504,False,False,False,False,False,1,"[{""id"": ""obstacle_0"", ""kind"": ""static_obstacle"", ""x"": 50.0, ""y"": 50.0, ""radius"": 5.0}]"
delayed_track_sharing,16,3.2,0,9.918,9.697,94.0,90.0,50.0,50.0,,,position_noise+confidence_error,,trust_weighted_fusion,move,3,0,116.269,9.456,51.842,uav_2,9.456,False,False,False,False,False,1,"[{""id"": ""obstacle_0"", ""kind"": ""static_obstacle"", ""x"": 50.0, ""y"": 50.0, ""radius"": 5.0}]"
delayed_track_sharing,16,3.2,1,9.981,19.629,90.0,94.0,50.0,50.0,,,position_noise+confidence_error,,trust_weighted_fusion,move,3,0,109.243,9.933,45.238,uav_0,9.933,False,False,False,False,False,1,"[{""id"": ""obstacle_0"", ""kind"": ""static_obstacle"", ""x"": 50.0, ""y"": 50.0, ""radius"": 5.0}]"
delayed_track_sharing,16,3.2,2,19.359,10.219,86.0,90.0,50.0,50.0,,,position_noise+confidence_error,,trust_weighted_fusion,move,3,0,103.952,9.456,45.213,uav_0,9.456,False,False,False,False,False,1,"[{""id"": ""obstacle_0"", ""kind"": ""static_obstacle"", ""x"": 50.0, ""y"": 50.0, ""radius"": 5.0}]"
delayed_track_sharing,16,3.2,3,19.938,19.675,90.0,86.0,50.0,50.0,,,false_negative+position_noise+confidence_error,,trust_weighted_fusion,move,2,0,96.476,9.474,37.7,uav_2,9.474,False,False,False,False,False,1,"[{""id"": ""obstacle_0"", ""kind"": ""static_obstacle"", ""x"": 50.0, ""y"": 50.0, ""radius"": 5.0}]"
delayed_track_sharing,17,3.4,0,10.207,9.973,94.0,90.0,50.0,50.0,,,position_noise+confidence_error,,trust_weighted_fusion,move,3,0,115.869,9.425,51.442,uav_2,9.425,False,False,False,False,False,1,"[{""id"": ""obstacle_0"", ""kind"": ""static_obstacle"", ""x"": 50.0, ""y"": 50.0, ""radius"": 5.0}]"
delayed_track_sharing,17,3.4,1,10.274,19.902,90.0,94.0,50.0,50.0,,,position_noise+confidence_error,,trust_weighted_fusion,move,3,0,108.843,9.929,44.84,uav_0,9.929,False,False,False,False,False,1,"[{""id"": ""obstacle_0"", ""kind"": ""static_obstacle"", ""x"": 50.0, ""y"": 50.0, ""radius"": 5.0}]"
delayed_track_sharing,17,3.4,2,19.616,10.526,86.0,90.0,50.0,50.0,,,false_negative+position_noise+confidence_error,,trust_weighted_fusion,move,1,0,103.552,9.425,44.814,uav_0,9.425,False,False,False,False,False,1,"[{""id"": ""obstacle_0"", ""kind"": ""static_obstacle"", ""x"": 50.0, ""y"": 50.0, ""radius"": 5.0}]"
delayed_track_sharing,17,3.4,3,20.229,19.95,90.0,86.0,50.0,50.0,,,position_noise+confidence_error,,trust_weighted_fusion,move,3,0,96.076,9.444,37.301,uav_2,9.444,False,False,False,False,False,1,"[{""id"": ""obstacle_0"", ""kind"": ""static_obstacle"", ""x"": 50.0, ""y"": 50.0, ""radius"": 5.0}]"
delayed_track_sharing,18,3.6,0,10.496,10.249,94.0,90.0,50.0,50.0,,,position_noise+confidence_error,,trust_weighted_fusion,move,3,0,115.469,9.394,51.042,uav_2,9.394,False,False,False,False,False,1,"[{""id"": ""obstacle_0"", ""kind"": ""static_obstacle"", ""x"": 50.0, ""y"": 50.0, ""radius"": 5.0}]"
delayed_track_sharing,18,3.6,1,10.567,20.174,90.0,94.0,50.0,50.0,,,position_noise+confidence_error,,trust_weighted_fusion,move,3,0,108.443,9.925,44.443,uav_0,9.925,False,False,False,False,False,1,"[{""id"": ""obstacle_0"", ""kind"": ""static_obstacle"", ""x"": 50.0, ""y"": 50.0, ""radius"": 5.0}]"
delayed_track_sharing,18,3.6,2,19.872,10.833,86.0,90.0,50.0,50.0,,,position_noise+confidence_error,,trust_weighted_fusion,move,3,0,103.152,9.394,44.414,uav_0,9.394,False,False,False,False,False,1,"[{""id"": ""obstacle_0"", ""kind"": ""static_obstacle"", ""x"": 50.0, ""y"": 50.0, ""radius"": 5.0}]"
delayed_track_sharing,18,3.6,3,20.519,20.225,90.0,86.0,50.0,50.0,,,false_negative+position_noise+confidence_error,,trust_weighted_fusion,move,2,0,95.676,9.414,36.901,uav_2,9.414,False,False,False,False,False,1,"[{""id"": ""obstacle_0"", ""kind"": ""static_obstacle"", ""x"": 50.0, ""y"": 50.0, ""radius"": 5.0}]"
delayed_track_sharing,19,3.8,0,10.785,10.525,94.0,90.0,50.0,50.0,,,position_noise+confidence_error,,trust_weighted_fusion,move,3,0,115.069,9.363,50.642,uav_2,9.363,False,False,False,False,False,1,"[{""id"": ""obstacle_0"", ""kind"": ""static_obstacle"", ""x"": 50.0, ""y"": 50.0, ""radius"": 5.0}]"
delayed_track_sharing,19,3.8,1,10.86,20.446,90.0,94.0,50.0,50.0,,,position_noise+confidence_error,,trust_weighted_fusion,move,3,0,108.043,9.921,44.045,uav_0,9.921,False,False,False,False,False,1,"[{""id"": ""obstacle_0"", ""kind"": ""static_obstacle"", ""x"": 50.0, ""y"": 50.0, ""radius"": 5.0}]"
delayed_track_sharing,19,3.8,2,20.129,11.14,86.0,90.0,50.0,50.0,,,false_negative+position_noise+confidence_error,,trust_weighted_fusion,move,2,0,102.752,9.363,44.014,uav_0,9.363,False,False,False,False,False,1,"[{""id"": ""obstacle_0"", ""kind"": ""static_obstacle"", ""x"": 50.0, ""y"": 50.0, ""radius"": 5.0}]"
delayed_track_sharing,19,3.8,3,20.81,20.5,90.0,86.0,50.0,50.0,,,position_noise+confidence_error,,trust_weighted_fusion,move,3,0,95.276,9.385,36.501,uav_2,9.385,False,False,False,False,False,1,"[{""id"": ""obstacle_0"", ""kind"": ""static_obstacle"", ""x"": 50.0, ""y"": 50.0, ""radius"": 5.0}]"
delayed_track_sharing,20,4.0,0,11.075,10.802,94.0,90.0,50.0,50.0,,,false_negative+position_noise+confidence_error,,trust_weighted_fusion,move,2,0,114.669,9.333,50.242,uav_2,9.333,False,False,False,False,False,1,"[{""id"": ""obstacle_0"", ""kind"": ""static_obstacle"", ""x"": 50.0, ""y"": 50.0, ""radius"": 5.0}]"
delayed_track_sharing,20,4.0,1,11.153,20.719,90.0,94.0,50.0,50.0,,,false_negative+position_noise+confidence_error,,trust_weighted_fusion,move,2,0,107.643,9.917,43.647,uav_0,9.917,False,False,False,False,False,1,"[{""id"": ""obstacle_0"", ""kind"": ""static_obstacle"", ""x"": 50.0, ""y"": 50.0, ""radius"": 5.0}]"
delayed_track_sharing,20,4.0,2,20.385,11.447,86.0,90.0,50.0,50.0,,,position_noise+confidence_error,,trust_weighted_fusion,move,3,0,102.352,9.333,43.615,uav_0,9.333,False,False,False,False,False,1,"[{""id"": ""obstacle_0"", ""kind"": ""static_obstacle"", ""x"": 50.0, ""y"": 50.0, ""radius"": 5.0}]"
delayed_track_sharing,20,4.0,3,21.1,20.775,90.0,86.0,50.0,50.0,,,false_negative+position_noise+confidence_error,,trust_weighted_fusion,move,1,0,94.876,9.355,36.101,uav_2,9.355,False,False,False,False,False,1,"[{""id"": ""obstacle_0"", ""kind"": ""static_obstacle"", ""x"": 50.0, ""y"": 50.0, ""radius"": 5.0}]"
delayed_track_sharing,21,4.2,0,11.364,11.078,94.0,90.0,50.0,50.0,,,position_noise+confidence_error,,trust_weighted_fusion,move,3,0,114.269,9.302,49.842,uav_2,9.302,False,False,False,False,False,1,"[{""id"": ""obstacle_0"", ""kind"": ""static_obstacle"", ""x"": 50.0, ""y"": 50.0, ""radius"": 5.0}]"
delayed_track_sharing,21,4.2,1,11.446,20.991,90.0,94.0,50.0,50.0,,,position_noise+confidence_error,,trust_weighted_fusion,move,3,0,107.243,9.913,43.249,uav_0,9.913,False,False,False,False,False,1,"[{""id"": ""obstacle_0"", ""kind"": ""static_obstacle"", ""x"": 50.0, ""y"": 50.0, ""radius"": 5.0}]"
delayed_track_sharing,21,4.2,2,20.641,11.754,86.0,90.0,50.0,50.0,,,position_noise+confidence_error,,trust_weighted_fusion,move,3,0,101.952,9.302,43.215,uav_0,9.302,False,False,False,False,False,1,"[{""id"": ""obstacle_0"", ""kind"": ""static_obstacle"", ""x"": 50.0, ""y"": 50.0, ""radius"": 5.0}]"
delayed_track_sharing,21,4.2,3,21.391,21.05,90.0,86.0,50.0,50.0,,,false_negative+position_noise+confidence_error,,trust_weighted_fusion,move,2,0,94.476,9.326,35.701,uav_2,9.326,False,False,False,False,False,1,"[{""id"": ""obstacle_0"", ""kind"": ""static_obstacle"", ""x"": 50.0, ""y"": 50.0, ""radius"": 5.0}]"
delayed_track_sharing,22,4.4,0,11.653,11.354,94.0,90.0,50.0,50.0,,,false_negative+position_noise+confidence_error,,trust_weighted_fusion,move,1,0,113.869,9.272,49.442,uav_2,9.272,False,False,False,False,False,1,"[{""id"": ""obstacle_0"", ""kind"": ""static_obstacle"", ""x"": 50.0, ""y"": 50.0, ""radius"": 5.0}]"
delayed_track_sharing,22,4.4,1,11.739,21.263,90.0,94.0,50.0,50.0,,,position_noise+confidence_error,,trust_weighted_fusion,move,3,0,106.843,9.909,42.851,uav_0,9.909,False,False,False,False,False,1,"[{""id"": ""obstacle_0"", ""kind"": ""static_obstacle"", ""x"": 50.0, ""y"": 50.0, ""radius"": 5.0}]"
delayed_track_sharing,22,4.4,2,20.898,12.061,86.0,90.0,50.0,50.0,,,position_noise+confidence_error,,trust_weighted_fusion,move,3,0,101.552,9.272,42.815,uav_0,9.272,False,False,False,False,False,1,"[{""id"": ""obstacle_0"", ""kind"": ""static_obstacle"", ""x"": 50.0, ""y"": 50.0, ""radius"": 5.0}]"
delayed_track_sharing,22,4.4,3,21.681,21.325,90.0,86.0,50.0,50.0,,,false_negative+position_noise+confidence_error,,trust_weighted_fusion,move,1,0,94.076,9.297,35.302,uav_2,9.297,False,False,False,False,False,1,"[{""id"": ""obstacle_0"", ""kind"": ""static_obstacle"", ""x"": 50.0, ""y"": 50.0, ""radius"": 5.0}]"
delayed_track_sharing,23,4.6,0,11.942,11.63,94.0,90.0,50.0,50.0,,,position_noise+confidence_error,,trust_weighted_fusion,move,3,0,113.469,9.241,49.043,uav_2,9.241,False,False,False,False,False,1,"[{""id"": ""obstacle_0"", ""kind"": ""static_obstacle"", ""x"": 50.0, ""y"": 50.0, ""radius"": 5.0}]"
delayed_track_sharing,23,4.6,1,12.032,21.536,90.0,94.0,50.0,50.0,,,false_negative+position_noise+confidence_error,,trust_weighted_fusion,move,2,0,106.443,9.905,42.453,uav_0,9.905,False,False,False,False,False,1,"[{""id"": ""obstacle_0"", ""kind"": ""static_obstacle"", ""x"": 50.0, ""y"": 50.0, ""radius"": 5.0}]"
delayed_track_sharing,23,4.6,2,21.154,12.368,86.0,90.0,50.0,50.0,,,position_noise+confidence_error,,trust_weighted_fusion,move,3,0,101.152,9.241,42.416,uav_0,9.241,False,False,False,False,False,1,"[{""id"": ""obstacle_0"", ""kind"": ""static_obstacle"", ""x"": 50.0, ""y"": 50.0, ""radius"": 5.0}]"
delayed_track_sharing,23,4.6,3,21.972,21.6,90.0,86.0,50.0,50.0,,,false_negative+position_noise+confidence_error,,trust_weighted_fusion,move,2,0,93.676,9.268,34.902,uav_2,9.268,False,False,False,False,False,1,"[{""id"": ""obstacle_0"", ""kind"": ""static_obstacle"", ""x"": 50.0, ""y"": 50.0, ""radius"": 5.0}]"
delayed_track_sharing,24,4.8,0,12.232,11.907,94.0,90.0,50.0,50.0,,,false_negative+position_noise+confidence_error,,trust_weighted_fusion,move,2,0,113.069,9.211,48.643,uav_2,9.211,False,False,False,False,False,1,"[{""id"": ""obstacle_0"", ""kind"": ""static_obstacle"", ""x"": 50.0, ""y"": 50.0, ""radius"": 5.0}]"
delayed_track_sharing,24,4.8,1,12.325,21.808,90.0,94.0,50.0,50.0,,,position_noise+confidence_error,,trust_weighted_fusion,move,3,0,106.043,9.902,42.055,uav_0,9.902,False,False,False,False,False,1,"[{""id"": ""obstacle_0"", ""kind"": ""static_obstacle"", ""x"": 50.0, ""y"": 50.0, ""radius"": 5.0}]"
delayed_track_sharing,24,4.8,2,21.411,12.675,86.0,90.0,50.0,50.0,,,false_negative+position_noise+confidence_error,,trust_weighted_fusion,move,2,0,100.752,9.211,42.016,uav_0,9.211,False,False,False,False,False,1,"[{""id"": ""obstacle_0"", ""kind"": ""static_obstacle"", ""x"": 50.0, ""y"": 50.0, ""radius"": 5.0}]"
delayed_track_sharing,24,4.8,3,22.262,21.875,90.0,86.0,50.0,50.0,,,false_negative+position_noise+confidence_error,,trust_weighted_fusion,move,2,0,93.276,9.239,34.502,uav_2,9.239,False,False,False,False,False,1,"[{""id"": ""obstacle_0"", ""kind"": ""static_obstacle"", ""x"": 50.0, ""y"": 50.0, ""radius"": 5.0}]"
delayed_track_sharing,25,5.0,0,12.521,12.183,94.0,90.0,50.0,50.0,,,false_negative+position_noise+confidence_error,,trust_weighted_fusion,move,2,0,112.669,9.181,48.243,uav_2,9.181,False,False,False,False,False,1,"[{""id"": ""obstacle_0"", ""kind"": ""static_obstacle"", ""x"": 50.0, ""y"": 50.0, ""radius"": 5.0}]"
delayed_track_sharing,25,5.0,1,12.618,22.08,90.0,94.0,50.0,50.0,,,false_negative+position_noise+confidence_error,,trust_weighted_fusion,move,2,0,105.643,9.898,41.658,uav_0,9.898,False,False,False,False,False,1,"[{""id"": ""obstacle_0"", ""kind"": ""static_obstacle"", ""x"": 50.0, ""y"": 50.0, ""radius"": 5.0}]"
delayed_track_sharing,25,5.0,2,21.667,12.982,86.0,90.0,50.0,50.0,,,position_noise+confidence_error,,trust_weighted_fusion,move,3,0,100.352,9.181,41.616,uav_0,9.181,False,False,False,False,False,1,"[{""id"": ""obstacle_0"", ""kind"": ""static_obstacle"", ""x"": 50.0, ""y"": 50.0, ""radius"": 5.0}]"
delayed_track_sharing,25,5.0,3,22.553,22.15,90.0,86.0,50.0,50.0,,,position_noise+confidence_error,,trust_weighted_fusion,move,3,0,92.876,9.211,34.102,uav_2,9.211,False,False,False,False,False,1,"[{""id"": ""obstacle_0"", ""kind"": ""static_obstacle"", ""x"": 50.0, ""y"": 50.0, ""radius"": 5.0}]"
delayed_track_sharing,26,5.2,0,12.81,12.459,94.0,90.0,50.0,50.0,,,false_negative+position_noise+confidence_error,,trust_weighted_fusion,move,1,0,112.269,9.151,47.843,uav_2,9.151,False,False,False,False,False,1,"[{""id"": ""obstacle_0"", ""kind"": ""static_obstacle"", ""x"": 50.0, ""y"": 50.0, ""radius"": 5.0}]"
delayed_track_sharing,26,5.2,1,12.911,22.352,90.0,94.0,50.0,50.0,,,position_noise+confidence_error,,trust_weighted_fusion,move,3,0,105.243,9.894,41.26,uav_0,9.894,False,False,False,False,False,1,"[{""id"": ""obstacle_0"", ""kind"": ""static_obstacle"", ""x"": 50.0, ""y"": 50.0, ""radius"": 5.0}]"
delayed_track_sharing,26,5.2,2,21.924,13.289,86.0,90.0,50.0,50.0,,,false_negative+position_noise+confidence_error,,trust_weighted_fusion,move,2,0,99.952,9.151,41.217,uav_0,9.151,False,False,False,False,False,1,"[{""id"": ""obstacle_0"", ""kind"": ""static_obstacle"", ""x"": 50.0, ""y"": 50.0, ""radius"": 5.0}]"
delayed_track_sharing,26,5.2,3,22.843,22.425,90.0,86.0,50.0,50.0,,,false_negative+position_noise+confidence_error,,trust_weighted_fusion,move,2,0,92.476,9.182,33.703,uav_2,9.182,False,False,False,False,False,1,"[{""id"": ""obstacle_0"", ""kind"": ""static_obstacle"", ""x"": 50.0, ""y"": 50.0, ""radius"": 5.0}]"
delayed_track_sharing,27,5.4,0,13.1,12.735,94.0,90.0,50.0,50.0,,,position_noise+confidence_error,,trust_weighted_fusion,move,3,0,111.869,9.121,47.443,uav_2,9.121,False,False,False,False,False,1,"[{""id"": ""obstacle_0"", ""kind"": ""static_obstacle"", ""x"": 50.0, ""y"": 50.0, ""radius"": 5.0}]"
delayed_track_sharing,27,5.4,1,13.204,22.625,90.0,94.0,50.0,50.0,,,false_negative+position_noise+confidence_error,,trust_weighted_fusion,move,2,0,104.843,9.89,40.862,uav_0,9.89,False,False,False,False,False,1,"[{""id"": ""obstacle_0"", ""kind"": ""static_obstacle"", ""x"": 50.0, ""y"": 50.0, ""radius"": 5.0}]"
delayed_track_sharing,27,5.4,2,22.18,13.596,86.0,90.0,50.0,50.0,,,position_noise+confidence_error,,trust_weighted_fusion,move,3,0,99.552,9.121,40.817,uav_0,9.121,False,False,False,False,False,1,"[{""id"": ""obstacle_0"", ""kind"": ""static_obstacle"", ""x"": 50.0, ""y"": 50.0, ""radius"": 5.0}]"
delayed_track_sharing,27,5.4,3,23.134,22.7,90.0,86.0,50.0,50.0,,,position_noise+confidence_error,,trust_weighted_fusion,move,3,0,92.076,9.154,33.303,uav_2,9.154,False,False,False,False,False,1,"[{""id"": ""obstacle_0"", ""kind"": ""static_obstacle"", ""x"": 50.0, ""y"": 50.0, ""radius"": 5.0}]"
delayed_track_sharing,28,5.6,0,13.389,13.012,94.0,90.0,50.0,50.0,,,position_noise+confidence_error,,trust_weighted_fusion,move,3,0,111.469,9.091,47.043,uav_2,9.091,False,False,False,False,False,1,"[{""id"": ""obstacle_0"", ""kind"": ""static_obstacle"", ""x"": 50.0, ""y"": 50.0, ""radius"": 5.0}]"
delayed_track_sharing,28,5.6,1,13.497,22.897,90.0,94.0,50.0,50.0,,,position_noise+confidence_error,,trust_weighted_fusion,move,3,0,104.443,9.886,40.465,uav_0,9.886,False,False,False,False,False,1,"[{""id"": ""obstacle_0"", ""kind"": ""static_obstacle"", ""x"": 50.0, ""y"": 50.0, ""radius"": 5.0}]"
delayed_track_sharing,28,5.6,2,22.436,13.903,86.0,90.0,50.0,50.0,,,false_negative+position_noise+confidence_error,,trust_weighted_fusion,move,2,0,99.152,9.091,40.418,uav_0,9.091,False,False,False,False,False,1,"[{""id"": ""obstacle_0"", ""kind"": ""static_obstacle"", ""x"": 50.0, ""y"": 50.0, ""radius"": 5.0}]"
delayed_track_sharing,28,5.6,3,23.424,22.975,90.0,86.0,50.0,50.0,,,position_noise+confidence_error,,trust_weighted_fusion,move,3,0,91.676,9.126,32.903,uav_2,9.126,False,False,False,False,False,1,"[{""id"": ""obstacle_0"", ""kind"": ""static_obstacle"", ""x"": 50.0, ""y"": 50.0, ""radius"": 5.0}]"
delayed_track_sharing,29,5.8,0,13.678,13.288,94.0,90.0,50.0,50.0,,,false_negative+position_noise+confidence_error,,trust_weighted_fusion,move,2,0,111.069,9.062,46.644,uav_2,9.062,False,False,False,False,False,1,"[{""id"": ""obstacle_0"", ""kind"": ""static_obstacle"", ""x"": 50.0, ""y"": 50.0, ""radius"": 5.0}]"
delayed_track_sharing,29,5.8,1,13.79,23.169,90.0,94.0,50.0,50.0,,,false_negative+position_noise+confidence_error,,trust_weighted_fusion,move,2,0,104.043,9.882,40.067,uav_0,9.882,False,False,False,False,False,1,"[{""id"": ""obstacle_0"", ""kind"": ""static_obstacle"", ""x"": 50.0, ""y"": 50.0, ""radius"": 5.0}]"
delayed_track_sharing,29,5.8,2,22.693,14.21,86.0,90.0,50.0,50.0,,,false_negative+position_noise+confidence_error,,trust_weighted_fusion,move,2,0,98.752,9.062,40.018,uav_0,9.062,False,False,False,False,False,1,"[{""id"": ""obstacle_0"", ""kind"": ""static_obstacle"", ""x"": 50.0, ""y"": 50.0, ""radius"": 5.0}]"
delayed_track_sharing,29,5.8,3,23.714,23.25,90.0,86.0,50.0,50.0,,,position_noise+confidence_error,,trust_weighted_fusion,move,3,0,91.276,9.097,32.503,uav_2,9.097,False,False,False,False,False,1,"[{""id"": ""obstacle_0"", ""kind"": ""static_obstacle"", ""x"": 50.0, ""y"": 50.0, ""radius"": 5.0}]"
delayed_track_sharing,30,6.0,0,13.967,13.564,94.0,90.0,50.0,50.0,,,position_noise+confidence_error,,trust_weighted_fusion,move,3,0,110.669,9.032,46.244,uav_2,9.032,False,False,False,False,False,1,"[{""id"": ""obstacle_0"", ""kind"": ""static_obstacle"", ""x"": 50.0, ""y"": 50.0, ""radius"": 5.0}]"
delayed_track_sharing,30,6.0,1,14.083,23.442,90.0,94.0,50.0,50.0,,,false_negative+position_noise+confidence_error,,trust_weighted_fusion,move,2,0,103.643,9.878,39.67,uav_0,9.878,False,False,False,False,False,1,"[{""id"": ""obstacle_0"", ""kind"": ""static_obstacle"", ""x"": 50.0, ""y"": 50.0, ""radius"": 5.0}]"
delayed_track_sharing,30,6.0,2,22.949,14.517,86.0,90.0,50.0,50.0,,,false_negative+position_noise+confidence_error,,trust_weighted_fusion,move,2,0,98.352,9.032,39.618,uav_0,9.032,False,False,False,False,False,1,"[{""id"": ""obstacle_0"", ""kind"": ""static_obstacle"", ""x"": 50.0, ""y"": 50.0, ""radius"": 5.0}]"
delayed_track_sharing,30,6.0,3,24.005,23.525,90.0,86.0,50.0,50.0,,,false_negative+position_noise+confidence_error,,trust_weighted_fusion,move,2,0,90.876,9.07,32.104,uav_2,9.07,False,False,False,False,False,1,"[{""id"": ""obstacle_0"", ""kind"": ""static_obstacle"", ""x"": 50.0, ""y"": 50.0, ""radius"": 5.0}]"
delayed_track_sharing,31,6.2,0,14.257,13.841,94.0,90.0,50.0,50.0,,,position_noise+confidence_error,,trust_weighted_fusion,move,3,0,110.269,9.003,45.844,uav_2,9.003,False,False,False,False,False,1,"[{""id"": ""obstacle_0"", ""kind"": ""static_obstacle"", ""x"": 50.0, ""y"": 50.0, ""radius"": 5.0}]"
delayed_track_sharing,31,6.2,1,14.376,23.714,90.0,94.0,50.0,50.0,,,position_noise+confidence_error,,trust_weighted_fusion,move,3,0,103.243,9.874,39.272,uav_0,9.874,False,False,False,False,False,1,"[{""id"": ""obstacle_0"", ""kind"": ""static_obstacle"", ""x"": 50.0, ""y"": 50.0, ""radius"": 5.0}]"
delayed_track_sharing,31,6.2,2,23.206,14.824,86.0,90.0,50.0,50.0,,,false_negative+position_noise+confidence_error,,trust_weighted_fusion,move,1,0,97.952,9.003,39.219,uav_0,9.003,False,False,False,False,False,1,"[{""id"": ""obstacle_0"", ""kind"": ""static_obstacle"", ""x"": 50.0, ""y"": 50.0, ""radius"": 5.0}]"
delayed_track_sharing,31,6.2,3,24.295,23.8,90.0,86.0,50.0,50.0,,,false_negative+position_noise+confidence_error,,trust_weighted_fusion,move,2,0,90.476,9.042,31.704,uav_2,9.042,False,False,False,False,False,1,"[{""id"": ""obstacle_0"", ""kind"": ""static_obstacle"", ""x"": 50.0, ""y"": 50.0, ""radius"": 5.0}]"
delayed_track_sharing,32,6.4,0,14.546,14.117,94.0,90.0,50.0,50.0,,,false_negative+position_noise+confidence_error,,trust_weighted_fusion,move,1,0,109.869,8.974,45.444,uav_2,8.974,False,False,False,False,False,1,"[{""id"": ""obstacle_0"", ""kind"": ""static_obstacle"", ""x"": 50.0, ""y"": 50.0, ""radius"": 5.0}]"
delayed_track_sharing,32,6.4,1,14.669,23.986,90.0,94.0,50.0,50.0,,,position_noise+confidence_error,,trust_weighted_fusion,move,3,0,102.843,9.87,38.875,uav_0,9.87,False,False,False,False,False,1,"[{""id"": ""obstacle_0"", ""kind"": ""static_obstacle"", ""x"": 50.0, ""y"": 50.0, ""radius"": 5.0}]"
delayed_track_sharing,32,6.4,2,23.462,15.131,86.0,90.0,50.0,50.0,,,position_noise+confidence_error,,trust_weighted_fusion,move,3,0,97.552,8.974,38.819,uav_0,8.974,False,False,False,False,False,1,"[{""id"": ""obstacle_0"", ""kind"": ""static_obstacle"", ""x"": 50.0, ""y"": 50.0, ""radius"": 5.0}]"
delayed_track_sharing,32,6.4,3,24.586,24.075,90.0,86.0,50.0,50.0,,,position_noise+confidence_error,,trust_weighted_fusion,move,3,0,90.076,9.014,31.304,uav_2,9.014,False,False,False,False,False,1,"[{""id"": ""obstacle_0"", ""kind"": ""static_obstacle"", ""x"": 50.0, ""y"": 50.0, ""radius"": 5.0}]"
delayed_track_sharing,33,6.6,0,14.835,14.393,94.0,90.0,50.0,50.0,,,position_noise+confidence_error,,trust_weighted_fusion,move,3,0,109.469,8.945,45.044,uav_2,8.945,False,False,False,False,False,1,"[{""id"": ""obstacle_0"", ""kind"": ""static_obstacle"", ""x"": 50.0, ""y"": 50.0, ""radius"": 5.0}]"
delayed_track_sharing,33,6.6,1,14.962,24.259,90.0,94.0,50.0,50.0,,,false_negative+position_noise+confidence_error,,trust_weighted_fusion,move,2,0,102.443,9.866,38.477,uav_0,9.866,False,False,False,False,False,1,"[{""id"": ""obstacle_0"", ""kind"": ""static_obstacle"", ""x"": 50.0, ""y"": 50.0, ""radius"": 5.0}]"
delayed_track_sharing,33,6.6,2,23.719,15.438,86.0,90.0,50.0,50.0,,,false_negative+position_noise+confidence_error,,trust_weighted_fusion,move,2,0,97.152,8.945,38.42,uav_0,8.945,False,False,False,False,False,1,"[{""id"": ""obstacle_0"", ""kind"": ""static_obstacle"", ""x"": 50.0, ""y"": 50.0, ""radius"": 5.0}]"
delayed_track_sharing,33,6.6,3,24.876,24.35,90.0,86.0,50.0,50.0,,,position_noise+confidence_error,,trust_weighted_fusion,move,3,0,89.676,8.987,30.905,uav_2,8.987,False,False,False,False,False,1,"[{""id"": ""obstacle_0"", ""kind"": ""static_obstacle"", ""x"": 50.0, ""y"": 50.0, ""radius"": 5.0}]"
delayed_track_sharing,34,6.8,0,15.124,14.669,94.0,90.0,50.0,50.0,,,position_noise+confidence_error,,trust_weighted_fusion,move,3,0,109.069,8.916,44.644,uav_2,8.916,False,False,False,False,False,1,"[{""id"": ""obstacle_0"", ""kind"": ""static_obstacle"", ""x"": 50.0, ""y"": 50.0, ""radius"": 5.0}]"
delayed_track_sharing,34,6.8,1,15.255,24.531,90.0,94.0,50.0,50.0,,,position_noise+confidence_error,,trust_weighted_fusion,move,3,0,102.043,9.862,38.08,uav_0,9.862,False,False,False,False,False,1,"[{""id"": ""obstacle_0"", ""kind"": ""static_obstacle"", ""x"": 50.0, ""y"": 50.0, ""radius"": 5.0}]"
delayed_track_sharing,34,6.8,2,23.975,15.745,86.0,90.0,50.0,50.0,,,false_negative+position_noise+confidence_error,,trust_weighted_fusion,move,2,0,96.752,8.916,38.02,uav_0,8.916,False,False,False,False,False,1,"[{""id"": ""obstacle_0"", ""kind"": ""static_obstacle"", ""x"": 50.0, ""y"": 50.0, ""radius"": 5.0}]"
delayed_track_sharing,34,6.8,3,25.167,24.625,90.0,86.0,50.0,50.0,,,position_noise+confidence_error,,trust_weighted_fusion,move,3,0,89.276,8.96,30.505,uav_2,8.96,False,False,False,False,False,1,"[{""id"": ""obstacle_0"", ""kind"": ""static_obstacle"", ""x"": 50.0, ""y"": 50.0, ""radius"": 5.0}]"
delayed_track_sharing,35,7.0,0,15.414,14.946,94.0,90.0,50.0,50.0,,,false_negative+position_noise+confidence_error,,trust_weighted_fusion,move,2,0,108.669,8.887,44.245,uav_2,8.887,False,False,False,False,False,1,"[{""id"": ""obstacle_0"", ""kind"": ""static_obstacle"", ""x"": 50.0, ""y"": 50.0, ""radius"": 5.0}]"
delayed_track_sharing,35,7.0,1,15.548,24.803,90.0,94.0,50.0,50.0,,,false_negative+position_noise+confidence_error,,trust_weighted_fusion,move,1,0,101.643,9.859,37.683,uav_0,9.859,False,False,False,False,False,1,"[{""id"": ""obstacle_0"", ""kind"": ""static_obstacle"", ""x"": 50.0, ""y"": 50.0, ""radius"": 5.0}]"
delayed_track_sharing,35,7.0,2,24.231,16.052,86.0,90.0,50.0,50.0,,,false_negative+position_noise+confidence_error,,trust_weighted_fusion,move,2,0,96.352,8.887,37.62,uav_0,8.887,False,False,False,False,False,1,"[{""id"": ""obstacle_0"", ""kind"": ""static_obstacle"", ""x"": 50.0, ""y"": 50.0, ""radius"": 5.0}]"
delayed_track_sharing,35,7.0,3,25.457,24.9,90.0,86.0,50.0,50.0,,,position_noise+confidence_error,,trust_weighted_fusion,move,3,0,88.876,8.932,30.105,uav_2,8.932,False,False,False,False,False,1,"[{""id"": ""obstacle_0"", ""kind"": ""static_obstacle"", ""x"": 50.0, ""y"": 50.0, ""radius"": 5.0}]"
delayed_track_sharing,36,7.2,0,15.703,15.222,94.0,90.0,50.0,50.0,,,position_noise+confidence_error,,trust_weighted_fusion,move,3,0,108.269,8.858,43.845,uav_2,8.858,False,False,False,False,False,1,"[{""id"": ""obstacle_0"", ""kind"": ""static_obstacle"", ""x"": 50.0, ""y"": 50.0, ""radius"": 5.0}]"
delayed_track_sharing,36,7.2,1,15.841,25.076,90.0,94.0,50.0,50.0,,,false_negative+position_noise+confidence_error,,trust_weighted_fusion,move,2,0,101.243,9.855,37.286,uav_0,9.855,False,False,False,False,False,1,"[{""id"": ""obstacle_0"", ""kind"": ""static_obstacle"", ""x"": 50.0, ""y"": 50.0, ""radius"": 5.0}]"
delayed_track_sharing,36,7.2,2,24.488,16.359,86.0,90.0,50.0,50.0,,,position_noise+confidence_error,,trust_weighted_fusion,move,3,0,95.952,8.858,37.221,uav_0,8.858,False,False,False,False,False,1,"[{""id"": ""obstacle_0"", ""kind"": ""static_obstacle"", ""x"": 50.0, ""y"": 50.0, ""radius"": 5.0}]"
delayed_track_sharing,36,7.2,3,25.748,25.175,90.0,86.0,50.0,50.0,,,position_noise+confidence_error,,trust_weighted_fusion,move,3,0,88.476,8.906,29.705,uav_2,8.906,False,False,False,False,False,1,"[{""id"": ""obstacle_0"", ""kind"": ""static_obstacle"", ""x"": 50.0, ""y"": 50.0, ""radius"": 5.0}]"
delayed_track_sharing,37,7.4,0,15.992,15.498,94.0,90.0,50.0,50.0,,,false_negative+position_noise+confidence_error,,trust_weighted_fusion,move,2,0,107.869,8.83,43.445,uav_2,8.83,False,False,False,False,False,1,"[{""id"": ""obstacle_0"", ""kind"": ""static_obstacle"", ""x"": 50.0, ""y"": 50.0, ""radius"": 5.0}]"
delayed_track_sharing,37,7.4,1,16.134,25.348,90.0,94.0,50.0,50.0,,,position_noise+confidence_error,,trust_weighted_fusion,move,3,0,100.843,9.851,36.889,uav_0,9.851,False,False,False,False,False,1,"[{""id"": ""obstacle_0"", ""kind"": ""static_obstacle"", ""x"": 50.0, ""y"": 50.0, ""radius"": 5.0}]"
delayed_track_sharing,37,7.4,2,24.744,16.666,86.0,90.0,50.0,50.0,,,false_negative+position_noise+confidence_error,,trust_weighted_fusion,move,2,0,95.552,8.83,36.821,uav_0,8.83,False,False,False,False,False,1,"[{""id"": ""obstacle_0"", ""kind"": ""static_obstacle"", ""x"": 50.0, ""y"": 50.0, ""radius"": 5.0}]"
delayed_track_sharing,37,7.4,3,26.038,25.45,90.0,86.0,50.0,50.0,,,position_noise+confidence_error,,trust_weighted_fusion,move,3,0,88.076,8.879,29.306,uav_2,8.879,False,False,False,False,False,1,"[{""id"": ""obstacle_0"", ""kind"": ""static_obstacle"", ""x"": 50.0, ""y"": 50.0, ""radius"": 5.0}]"
delayed_track_sharing,38,7.6,0,16.281,15.774,94.0,90.0,50.0,50.0,,,false_negative+position_noise+confidence_error,,trust_weighted_fusion,move,2,0,107.469,8.801,43.045,uav_2,8.801,False,False,False,False,False,1,"[{""id"": ""obstacle_0"", ""kind"": ""static_obstacle"", ""x"": 50.0, ""y"": 50.0, ""radius"": 5.0}]"
delayed_track_sharing,38,7.6,1,16.427,25.62,90.0,94.0,50.0,50.0,,,position_noise+confidence_error,,trust_weighted_fusion,move,3,0,100.443,9.847,36.491,uav_0,9.847,False,False,False,False,False,1,"[{""id"": ""obstacle_0"", ""kind"": ""static_obstacle"", ""x"": 50.0, ""y"": 50.0, ""radius"": 5.0}]"
delayed_track_sharing,38,7.6,2,25.001,16.973,86.0,90.0,50.0,50.0,,,false_negative+position_noise+confidence_error,,trust_weighted_fusion,move,1,0,95.152,8.801,36.422,uav_0,8.801,False,False,False,False,False,1,"[{""id"": ""obstacle_0"", ""kind"": ""static_obstacle"", ""x"": 50.0, ""y"": 50.0, ""radius"": 5.0}]"
delayed_track_sharing,38,7.6,3,26.329,25.725,90.0,86.0,50.0,50.0,,,position_noise+confidence_error,,trust_weighted_fusion,move,3,0,87.676,8.852,28.906,uav_2,8.852,False,False,False,False,False,1,"[{""id"": ""obstacle_0"", ""kind"": ""static_obstacle"", ""x"": 50.0, ""y"": 50.0, ""radius"": 5.0}]"
delayed_track_sharing,39,7.8,0,16.571,16.051,94.0,90.0,50.0,50.0,,,false_negative+position_noise+confidence_error,,trust_weighted_fusion,move,2,0,107.069,8.773,42.645,uav_2,8.773,False,False,False,False,False,1,"[{""id"": ""obstacle_0"", ""kind"": ""static_obstacle"", ""x"": 50.0, ""y"": 50.0, ""radius"": 5.0}]"
delayed_track_sharing,39,7.8,1,16.72,25.893,90.0,94.0,50.0,50.0,,,position_noise+confidence_error,,trust_weighted_fusion,move,3,0,100.043,9.843,36.094,uav_0,9.843,False,False,False,False,False,1,"[{""id"": ""obstacle_0"", ""kind"": ""static_obstacle"", ""x"": 50.0, ""y"": 50.0, ""radius"": 5.0}]"
delayed_track_sharing,39,7.8,2,25.257,17.28,86.0,90.0,50.0,50.0,,,false_negative+position_noise+confidence_error,,trust_weighted_fusion,move,2,0,94.752,8.773,36.022,uav_0,8.773,False,False,False,False,False,1,"[{""id"": ""obstacle_0"", ""kind"": ""static_obstacle"", ""x"": 50.0, ""y"": 50.0, ""radius"": 5.0}]"
delayed_track_sharing,39,7.8,3,26.619,26.0,90.0,86.0,50.0,50.0,,,position_noise+confidence_error,,trust_weighted_fusion,move,3,0,87.276,8.826,28.506,uav_2,8.826,False,False,False,False,False,1,"[{""id"": ""obstacle_0"", ""kind"": ""static_obstacle"", ""x"": 50.0, ""y"": 50.0, ""radius"": 5.0}]"
delayed_track_sharing,40,8.0,0,16.86,16.327,94.0,90.0,50.0,50.0,,,false_negative+position_noise+confidence_error,,trust_weighted_fusion,move,2,0,106.669,8.745,42.245,uav_2,8.745,False,False,False,False,False,1,"[{""id"": ""obstacle_0"", ""kind"": ""static_obstacle"", ""x"": 50.0, ""y"": 50.0, ""radius"": 5.0}]"
delayed_track_sharing,40,8.0,1,17.013,26.165,90.0,94.0,50.0,50.0,,,position_noise+confidence_error,,trust_weighted_fusion,move,3,0,99.643,9.839,35.697,uav_0,9.839,False,False,False,False,False,1,"[{""id"": ""obstacle_0"", ""kind"": ""static_obstacle"", ""x"": 50.0, ""y"": 50.0, ""radius"": 5.0}]"
delayed_track_sharing,40,8.0,2,25.514,17.587,86.0,90.0,50.0,50.0,,,position_noise+confidence_error,,trust_weighted_fusion,move,3,0,94.352,8.745,35.623,uav_0,8.745,False,False,False,False,False,1,"[{""id"": ""obstacle_0"", ""kind"": ""static_obstacle"", ""x"": 50.0, ""y"": 50.0, ""radius"": 5.0}]"
delayed_track_sharing,40,8.0,3,26.91,26.275,90.0,86.0,50.0,50.0,,,false_negative+position_noise+confidence_error,,trust_weighted_fusion,move,2,0,86.876,8.799,28.107,uav_2,8.799,False,False,False,False,False,1,"[{""id"": ""obstacle_0"", ""kind"": ""static_obstacle"", ""x"": 50.0, ""y"": 50.0, ""radius"": 5.0}]"
delayed_track_sharing,41,8.2,0,17.149,16.603,94.0,90.0,50.0,50.0,,,position_noise+confidence_error,,trust_weighted_fusion,move,3,0,106.269,8.717,41.846,uav_2,8.717,False,False,False,False,False,1,"[{""id"": ""obstacle_0"", ""kind"": ""static_obstacle"", ""x"": 50.0, ""y"": 50.0, ""radius"": 5.0}]"
delayed_track_sharing,41,8.2,1,17.306,26.437,90.0,94.0,50.0,50.0,,,position_noise+confidence_error,,trust_weighted_fusion,move,3,0,99.243,9.835,35.3,uav_0,9.835,False,False,False,False,False,1,"[{""id"": ""obstacle_0"", ""kind"": ""static_obstacle"", ""x"": 50.0, ""y"": 50.0, ""radius"": 5.0}]"
delayed_track_sharing,41,8.2,2,25.77,17.894,86.0,90.0,50.0,50.0,,,position_noise+confidence_error,,trust_weighted_fusion,move,3,0,93.952,8.717,35.223,uav_0,8.717,False,False,False,False,False,1,"[{""id"": ""obstacle_0"", ""kind"": ""static_obstacle"", ""x"": 50.0, ""y"": 50.0, ""radius"": 5.0}]"
delayed_track_sharing,41,8.2,3,27.2,26.55,90.0,86.0,50.0,50.0,,,false_negative+position_noise+confidence_error,,trust_weighted_fusion,move,2,0,86.476,8.773,27.707,uav_2,8.773,False,False,False,False,False,1,"[{""id"": ""obstacle_0"", ""kind"": ""static_obstacle"", ""x"": 50.0, ""y"": 50.0, ""radius"": 5.0}]"
delayed_track_sharing,42,8.4,0,17.439,16.88,94.0,90.0,50.0,50.0,,,false_negative+position_noise+confidence_error,,trust_weighted_fusion,move,2,0,105.869,8.689,41.446,uav_2,8.689,False,False,False,False,False,1,"[{""id"": ""obstacle_0"", ""kind"": ""static_obstacle"", ""x"": 50.0, ""y"": 50.0, ""radius"": 5.0}]"
delayed_track_sharing,42,8.4,1,17.599,26.709,90.0,94.0,50.0,50.0,,,position_noise+confidence_error,,trust_weighted_fusion,move,3,0,98.843,9.831,34.904,uav_0,9.831,False,False,False,False,False,1,"[{""id"": ""obstacle_0"", ""kind"": ""static_obstacle"", ""x"": 50.0, ""y"": 50.0, ""radius"": 5.0}]"
delayed_track_sharing,42,8.4,2,26.026,18.201,86.0,90.0,50.0,50.0,,,false_negative+position_noise+confidence_error,,trust_weighted_fusion,move,2,0,93.552,8.689,34.824,uav_0,8.689,False,False,False,False,False,1,"[{""id"": ""obstacle_0"", ""kind"": ""static_obstacle"", ""x"": 50.0, ""y"": 50.0, ""radius"": 5.0}]"
delayed_track_sharing,42,8.4,3,27.491,26.825,90.0,86.0,50.0,50.0,,,false_negative+position_noise+confidence_error,,trust_weighted_fusion,move,2,0,86.076,8.747,27.307,uav_2,8.747,False,False,False,False,False,1,"[{""id"": ""obstacle_0"", ""kind"": ""static_obstacle"", ""x"": 50.0, ""y"": 50.0, ""radius"": 5.0}]"
delayed_track_sharing,43,8.6,0,17.728,17.156,94.0,90.0,50.0,50.0,,,position_noise+confidence_error,,trust_weighted_fusion,move,3,0,105.469,8.661,41.046,uav_2,8.661,False,False,False,False,False,1,"[{""id"": ""obstacle_0"", ""kind"": ""static_obstacle"", ""x"": 50.0, ""y"": 50.0, ""radius"": 5.0}]"
delayed_track_sharing,43,8.6,1,17.892,26.982,90.0,94.0,50.0,50.0,,,false_negative+position_noise+confidence_error,,trust_weighted_fusion,move,2,0,98.443,9.827,34.507,uav_0,9.827,False,False,False,False,False,1,"[{""id"": ""obstacle_0"", ""kind"": ""static_obstacle"", ""x"": 50.0, ""y"": 50.0, ""radius"": 5.0}]"
delayed_track_sharing,43,8.6,2,26.283,18.508,86.0,90.0,50.0,50.0,,,false_negative+position_noise+confidence_error,,trust_weighted_fusion,move,2,0,93.152,8.661,34.424,uav_0,8.661,False,False,False,False,False,1,"[{""id"": ""obstacle_0"", ""kind"": ""static_obstacle"", ""x"": 50.0, ""y"": 50.0, ""radius"": 5.0}]"
delayed_track_sharing,43,8.6,3,27.781,27.1,90.0,86.0,50.0,50.0,,,position_noise+confidence_error,,trust_weighted_fusion,move,3,0,85.676,8.722,26.908,uav_2,8.722,False,False,False,False,False,1,"[{""id"": ""obstacle_0"", ""kind"": ""static_obstacle"", ""x"": 50.0, ""y"": 50.0, ""radius"": 5.0}]"
delayed_track_sharing,44,8.8,0,18.017,17.432,94.0,90.0,50.0,50.0,,,position_noise+confidence_error,,trust_weighted_fusion,move,3,0,105.069,8.634,40.646,uav_2,8.634,False,False,False,False,False,1,"[{""id"": ""obstacle_0"", ""kind"": ""static_obstacle"", ""x"": 50.0, ""y"": 50.0, ""radius"": 5.0}]"
delayed_track_sharing,44,8.8,1,18.185,27.254,90.0,94.0,50.0,50.0,,,position_noise+confidence_error,,trust_weighted_fusion,move,3,0,98.043,9.823,34.11,uav_0,9.823,False,False,False,False,False,1,"[{""id"": ""obstacle_0"", ""kind"": ""static_obstacle"", ""x"": 50.0, ""y"": 50.0, ""radius"": 5.0}]"
delayed_track_sharing,44,8.8,2,26.539,18.815,86.0,90.0,50.0,50.0,,,false_negative+position_noise+confidence_error,,trust_weighted_fusion,move,2,0,92.752,8.634,34.025,uav_0,8.634,False,False,False,False,False,1,"[{""id"": ""obstacle_0"", ""kind"": ""static_obstacle"", ""x"": 50.0, ""y"": 50.0, ""radius"": 5.0}]"
delayed_track_sharing,44,8.8,3,28.072,27.375,90.0,86.0,50.0,50.0,,,false_negative+position_noise+confidence_error,,trust_weighted_fusion,move,2,0,85.276,8.696,26.508,uav_2,8.696,False,False,False,False,False,1,"[{""id"": ""obstacle_0"", ""kind"": ""static_obstacle"", ""x"": 50.0, ""y"": 50.0, ""radius"": 5.0}]"
delayed_track_sharing,45,9.0,0,18.306,17.708,94.0,90.0,50.0,50.0,,,position_noise+confidence_error,,trust_weighted_fusion,move,3,0,104.669,8.606,40.246,uav_2,8.606,False,False,False,False,False,1,"[{""id"": ""obstacle_0"", ""kind"": ""static_obstacle"", ""x"": 50.0, ""y"": 50.0, ""radius"": 5.0}]"
delayed_track_sharing,45,9.0,1,18.478,27.526,90.0,94.0,50.0,50.0,,,false_negative+position_noise+confidence_error,,trust_weighted_fusion,move,2,0,97.643,9.82,33.713,uav_0,9.82,False,False,False,False,False,1,"[{""id"": ""obstacle_0"", ""kind"": ""static_obstacle"", ""x"": 50.0, ""y"": 50.0, ""radius"": 5.0}]"
delayed_track_sharing,45,9.0,2,26.796,19.122,86.0,90.0,50.0,50.0,,,false_negative+position_noise+confidence_error,,trust_weighted_fusion,move,2,0,92.352,8.606,33.625,uav_0,8.606,False,False,False,False,False,1,"[{""id"": ""obstacle_0"", ""kind"": ""static_obstacle"", ""x"": 50.0, ""y"": 50.0, ""radius"": 5.0}]"
delayed_track_sharing,45,9.0,3,28.362,27.65,90.0,86.0,50.0,50.0,,,position_noise+confidence_error,,trust_weighted_fusion,move,3,0,84.876,8.671,26.108,uav_2,8.671,False,False,False,False,False,1,"[{""id"": ""obstacle_0"", ""kind"": ""static_obstacle"", ""x"": 50.0, ""y"": 50.0, ""radius"": 5.0}]"
delayed_track_sharing,46,9.2,0,18.596,17.985,94.0,90.0,50.0,50.0,,,false_negative+position_noise+confidence_error,,trust_weighted_fusion,move,2,0,104.269,8.579,39.847,uav_2,8.579,False,False,False,False,False,1,"[{""id"": ""obstacle_0"", ""kind"": ""static_obstacle"", ""x"": 50.0, ""y"": 50.0, ""radius"": 5.0}]"
delayed_track_sharing,46,9.2,1,18.771,27.799,90.0,94.0,50.0,50.0,,,false_negative+position_noise+confidence_error,,trust_weighted_fusion,move,1,0,97.243,9.816,33.317,uav_0,9.816,False,False,False,False,False,1,"[{""id"": ""obstacle_0"", ""kind"": ""static_obstacle"", ""x"": 50.0, ""y"": 50.0, ""radius"": 5.0}]"
delayed_track_sharing,46,9.2,2,27.052,19.429,86.0,90.0,50.0,50.0,,,position_noise+confidence_error,,trust_weighted_fusion,move,3,0,91.952,8.579,33.226,uav_0,8.579,False,False,False,False,False,1,"[{""id"": ""obstacle_0"", ""kind"": ""static_obstacle"", ""x"": 50.0, ""y"": 50.0, ""radius"": 5.0}]"
delayed_track_sharing,46,9.2,3,28.653,27.925,90.0,86.0,50.0,50.0,,,false_negative+position_noise+confidence_error,,trust_weighted_fusion,move,2,0,84.476,8.645,25.709,uav_2,8.645,False,False,False,False,False,1,"[{""id"": ""obstacle_0"", ""kind"": ""static_obstacle"", ""x"": 50.0, ""y"": 50.0, ""radius"": 5.0}]"
delayed_track_sharing,47,9.4,0,18.885,18.261,94.0,90.0,50.0,50.0,,,false_negative+position_noise+confidence_error,,trust_weighted_fusion,move,2,0,103.869,8.552,39.447,uav_2,8.552,False,False,False,False,False,1,"[{""id"": ""obstacle_0"", ""kind"": ""static_obstacle"", ""x"": 50.0, ""y"": 50.0, ""radius"": 5.0}]"
delayed_track_sharing,47,9.4,1,19.064,28.071,90.0,94.0,50.0,50.0,,,position_noise+confidence_error,,trust_weighted_fusion,move,3,0,96.843,9.812,32.92,uav_0,9.812,False,False,False,False,False,1,"[{""id"": ""obstacle_0"", ""kind"": ""static_obstacle"", ""x"": 50.0, ""y"": 50.0, ""radius"": 5.0}]"
delayed_track_sharing,47,9.4,2,27.309,19.736,86.0,90.0,50.0,50.0,,,position_noise+confidence_error,,trust_weighted_fusion,move,3,0,91.552,8.552,32.826,uav_0,8.552,False,False,False,False,False,1,"[{""id"": ""obstacle_0"", ""kind"": ""static_obstacle"", ""x"": 50.0, ""y"": 50.0, ""radius"": 5.0}]"
delayed_track_sharing,47,9.4,3,28.943,28.2,90.0,86.0,50.0,50.0,,,position_noise+confidence_error,,trust_weighted_fusion,move,3,0,84.076,8.62,25.309,uav_2,8.62,False,False,False,False,False,1,"[{""id"": ""obstacle_0"", ""kind"": ""static_obstacle"", ""x"": 50.0, ""y"": 50.0, ""radius"": 5.0}]"
delayed_track_sharing,48,9.6,0,19.174,18.537,94.0,90.0,50.0,50.0,,,position_noise+confidence_error,,trust_weighted_fusion,move,3,0,103.469,8.525,39.047,uav_2,8.525,False,False,False,False,False,1,"[{""id"": ""obstacle_0"", ""kind"": ""static_obstacle"", ""x"": 50.0, ""y"": 50.0, ""radius"": 5.0}]"
delayed_track_sharing,48,9.6,1,19.357,28.343,90.0,94.0,50.0,50.0,,,position_noise+confidence_error,,trust_weighted_fusion,move,3,0,96.443,9.808,32.524,uav_0,9.808,False,False,False,False,False,1,"[{""id"": ""obstacle_0"", ""kind"": ""static_obstacle"", ""x"": 50.0, ""y"": 50.0, ""radius"": 5.0}]"
delayed_track_sharing,48,9.6,2,27.565,20.043,86.0,90.0,50.0,50.0,,,position_noise+confidence_error,,trust_weighted_fusion,move,3,0,91.152,8.525,32.427,uav_0,8.525,False,False,False,False,False,1,"[{""id"": ""obstacle_0"", ""kind"": ""static_obstacle"", ""x"": 50.0, ""y"": 50.0, ""radius"": 5.0}]"
delayed_track_sharing,48,9.6,3,29.234,28.475,90.0,86.0,50.0,50.0,,,position_noise+confidence_error,,trust_weighted_fusion,move,3,0,83.676,8.595,24.91,uav_2,8.595,False,False,False,False,False,1,"[{""id"": ""obstacle_0"", ""kind"": ""static_obstacle"", ""x"": 50.0, ""y"": 50.0, ""radius"": 5.0}]"
delayed_track_sharing,49,9.8,0,19.463,18.813,94.0,90.0,50.0,50.0,,,position_noise+confidence_error,,trust_weighted_fusion,move,3,0,103.069,8.498,38.647,uav_2,8.498,False,False,False,False,False,1,"[{""id"": ""obstacle_0"", ""kind"": ""static_obstacle"", ""x"": 50.0, ""y"": 50.0, ""radius"": 5.0}]"
delayed_track_sharing,49,9.8,1,19.65,28.616,90.0,94.0,50.0,50.0,,,position_noise+confidence_error,,trust_weighted_fusion,move,3,0,96.043,9.804,32.127,uav_0,9.804,False,False,False,False,False,1,"[{""id"": ""obstacle_0"", ""kind"": ""static_obstacle"", ""x"": 50.0, ""y"": 50.0, ""radius"": 5.0}]"
delayed_track_sharing,49,9.8,2,27.821,20.35,86.0,90.0,50.0,50.0,,,position_noise+confidence_error,,trust_weighted_fusion,move,3,0,90.752,8.498,32.027,uav_0,8.498,False,False,False,False,False,1,"[{""id"": ""obstacle_0"", ""kind"": ""static_obstacle"", ""x"": 50.0, ""y"": 50.0, ""radius"": 5.0}]"
delayed_track_sharing,49,9.8,3,29.524,28.75,90.0,86.0,50.0,50.0,,,false_negative+position_noise+confidence_error,,trust_weighted_fusion,move,2,0,83.276,8.571,24.51,uav_2,8.571,False,False,False,False,False,1,"[{""id"": ""obstacle_0"", ""kind"": ""static_obstacle"", ""x"": 50.0, ""y"": 50.0, ""radius"": 5.0}]"
delayed_track_sharing,50,10.0,0,19.753,19.09,94.0,90.0,50.0,50.0,,,false_negative+position_noise+confidence_error,,trust_weighted_fusion,move,1,0,102.669,8.471,38.248,uav_2,8.471,False,False,False,False,False,1,"[{""id"": ""obstacle_0"", ""kind"": ""static_obstacle"", ""x"": 50.0, ""y"": 50.0, ""radius"": 5.0}]"
delayed_track_sharing,50,10.0,1,19.943,28.888,90.0,94.0,50.0,50.0,,,position_noise+confidence_error,,trust_weighted_fusion,move,3,0,95.643,9.8,31.731,uav_0,9.8,False,False,False,False,False,1,"[{""id"": ""obstacle_0"", ""kind"": ""static_obstacle"", ""x"": 50.0, ""y"": 50.0, ""radius"": 5.0}]"
delayed_track_sharing,50,10.0,2,28.078,20.657,86.0,90.0,50.0,50.0,,,false_negative+position_noise+confidence_error,,trust_weighted_fusion,move,1,0,90.352,8.471,31.628,uav_0,8.471,False,False,False,False,False,1,"[{""id"": ""obstacle_0"", ""kind"": ""static_obstacle"", ""x"": 50.0, ""y"": 50.0, ""radius"": 5.0}]"
delayed_track_sharing,50,10.0,3,29.815,29.025,90.0,86.0,50.0,50.0,,,position_noise+confidence_error,,trust_weighted_fusion,move,3,0,82.876,8.546,24.11,uav_2,8.546,False,False,False,False,False,1,"[{""id"": ""obstacle_0"", ""kind"": ""static_obstacle"", ""x"": 50.0, ""y"": 50.0, ""radius"": 5.0}]"
delayed_track_sharing,51,10.2,0,20.042,19.366,94.0,90.0,50.0,50.0,,,position_noise+confidence_error,,trust_weighted_fusion,move,3,0,102.269,8.445,37.848,uav_2,8.445,False,False,False,False,False,1,"[{""id"": ""obstacle_0"", ""kind"": ""static_obstacle"", ""x"": 50.0, ""y"": 50.0, ""radius"": 5.0}]"
delayed_track_sharing,51,10.2,1,20.236,29.16,90.0,94.0,50.0,50.0,,,false_negative+position_noise+confidence_error,,trust_weighted_fusion,move,2,0,95.243,9.796,31.335,uav_0,9.796,False,False,False,False,False,1,"[{""id"": ""obstacle_0"", ""kind"": ""static_obstacle"", ""x"": 50.0, ""y"": 50.0, ""radius"": 5.0}]"
delayed_track_sharing,51,10.2,2,28.334,20.964,86.0,90.0,50.0,50.0,,,false_negative+position_noise+confidence_error,,trust_weighted_fusion,move,1,0,89.952,8.445,31.229,uav_0,8.445,False,False,False,False,False,1,"[{""id"": ""obstacle_0"", ""kind"": ""static_obstacle"", ""x"": 50.0, ""y"": 50.0, ""radius"": 5.0}]"
delayed_track_sharing,51,10.2,3,30.105,29.3,90.0,86.0,50.0,50.0,,,position_noise+confidence_error,,trust_weighted_fusion,move,3,0,82.476,8.522,23.711,uav_2,8.522,False,False,False,False,False,1,"[{""id"": ""obstacle_0"", ""kind"": ""static_obstacle"", ""x"": 50.0, ""y"": 50.0, ""radius"": 5.0}]"
delayed_track_sharing,52,10.4,0,20.331,19.642,94.0,90.0,50.0,50.0,,,false_negative+position_noise+confidence_error,,trust_weighted_fusion,move,2,0,101.869,8.418,37.448,uav_2,8.418,False,False,False,False,False,1,"[{""id"": ""obstacle_0"", ""kind"": ""static_obstacle"", ""x"": 50.0, ""y"": 50.0, ""radius"": 5.0}]"
delayed_track_sharing,52,10.4,1,20.529,29.433,90.0,94.0,50.0,50.0,,,position_noise+confidence_error,,trust_weighted_fusion,move,3,0,94.843,9.792,30.939,uav_0,9.792,False,False,False,False,False,1,"[{""id"": ""obstacle_0"", ""kind"": ""static_obstacle"", ""x"": 50.0, ""y"": 50.0, ""radius"": 5.0}]"
delayed_track_sharing,52,10.4,2,28.591,21.271,86.0,90.0,50.0,50.0,,,false_negative+position_noise+confidence_error,,trust_weighted_fusion,move,1,0,89.552,8.418,30.829,uav_0,8.418,False,False,False,False,False,1,"[{""id"": ""obstacle_0"", ""kind"": ""static_obstacle"", ""x"": 50.0, ""y"": 50.0, ""radius"": 5.0}]"
delayed_track_sharing,52,10.4,3,30.396,29.574,90.0,86.0,50.0,50.0,,,position_noise+confidence_error,,trust_weighted_fusion,move,3,0,82.076,8.498,23.311,uav_2,8.498,False,False,False,False,False,1,"[{""id"": ""obstacle_0"", ""kind"": ""static_obstacle"", ""x"": 50.0, ""y"": 50.0, ""radius"": 5.0}]"
delayed_track_sharing,53,10.6,0,20.62,19.918,94.0,90.0,50.0,50.0,,,false_negative+position_noise+confidence_error,,trust_weighted_fusion,move,2,0,101.469,8.392,37.048,uav_2,8.392,False,False,False,False,False,1,"[{""id"": ""obstacle_0"", ""kind"": ""static_obstacle"", ""x"": 50.0, ""y"": 50.0, ""radius"": 5.0}]"
delayed_track_sharing,53,10.6,1,20.822,29.705,90.0,94.0,50.0,50.0,,,position_noise+confidence_error,,trust_weighted_fusion,move,3,0,94.443,9.789,30.542,uav_0,9.789,False,False,False,False,False,1,"[{""id"": ""obstacle_0"", ""kind"": ""static_obstacle"", ""x"": 50.0, ""y"": 50.0, ""radius"": 5.0}]"
delayed_track_sharing,53,10.6,2,28.847,21.578,86.0,90.0,50.0,50.0,,,position_noise+confidence_error,,trust_weighted_fusion,move,3,0,89.152,8.392,30.43,uav_0,8.392,False,False,False,False,False,1,"[{""id"": ""obstacle_0"", ""kind"": ""static_obstacle"", ""x"": 50.0, ""y"": 50.0, ""radius"": 5.0}]"
delayed_track_sharing,53,10.6,3,30.686,29.849,90.0,86.0,50.0,50.0,,,false_negative+position_noise+confidence_error,,trust_weighted_fusion,move,2,0,81.676,8.474,22.912,uav_2,8.474,False,False,False,False,False,1,"[{""id"": ""obstacle_0"", ""kind"": ""static_obstacle"", ""x"": 50.0, ""y"": 50.0, ""radius"": 5.0}]"
delayed_track_sharing,54,10.8,0,20.91,20.195,94.0,90.0,50.0,50.0,,,position_noise+confidence_error,,trust_weighted_fusion,move,3,0,101.069,8.366,36.648,uav_2,8.366,False,False,False,False,False,1,"[{""id"": ""obstacle_0"", ""kind"": ""static_obstacle"", ""x"": 50.0, ""y"": 50.0, ""radius"": 5.0}]"
delayed_track_sharing,54,10.8,1,21.115,29.977,90.0,94.0,50.0,50.0,,,position_noise+confidence_error,,trust_weighted_fusion,move,3,0,94.043,9.785,30.146,uav_0,9.785,False,False,False,False,False,1,"[{""id"": ""obstacle_0"", ""kind"": ""static_obstacle"", ""x"": 50.0, ""y"": 50.0, ""radius"": 5.0}]"
delayed_track_sharing,54,10.8,2,29.104,21.885,86.0,90.0,50.0,50.0,,,position_noise+confidence_error,,trust_weighted_fusion,move,3,0,88.752,8.366,30.031,uav_0,8.366,False,False,False,False,False,1,"[{""id"": ""obstacle_0"", ""kind"": ""static_obstacle"", ""x"": 50.0, ""y"": 50.0, ""radius"": 5.0}]"
delayed_track_sharing,54,10.8,3,30.977,30.124,90.0,86.0,50.0,50.0,,,false_negative+position_noise+confidence_error,,trust_weighted_fusion,move,1,0,81.276,8.45,22.512,uav_2,8.45,False,False,False,False,False,1,"[{""id"": ""obstacle_0"", ""kind"": ""static_obstacle"", ""x"": 50.0, ""y"": 50.0, ""radius"": 5.0}]"
delayed_track_sharing,55,11.0,0,21.199,20.471,94.0,90.0,50.0,50.0,,,position_noise+confidence_error,,trust_weighted_fusion,move,3,0,100.669,8.34,36.249,uav_2,8.34,False,False,False,False,False,1,"[{""id"": ""obstacle_0"", ""kind"": ""static_obstacle"", ""x"": 50.0, ""y"": 50.0, ""radius"": 5.0}]"
delayed_track_sharing,55,11.0,1,21.408,30.25,90.0,94.0,50.0,50.0,,,false_negative+position_noise+confidence_error,,trust_weighted_fusion,move,2,0,93.643,9.781,29.751,uav_0,9.781,False,False,False,False,False,1,"[{""id"": ""obstacle_0"", ""kind"": ""static_obstacle"", ""x"": 50.0, ""y"": 50.0, ""radius"": 5.0}]"
delayed_track_sharing,55,11.0,2,29.36,22.192,86.0,90.0,50.0,50.0,,,position_noise+confidence_error,,trust_weighted_fusion,move,3,0,88.352,8.34,29.631,uav_0,8.34,False,False,False,False,False,1,"[{""id"": ""obstacle_0"", ""kind"": ""static_obstacle"", ""x"": 50.0, ""y"": 50.0, ""radius"": 5.0}]"
delayed_track_sharing,55,11.0,3,31.267,30.399,90.0,86.0,50.0,50.0,,,false_negative+position_noise+confidence_error,,trust_weighted_fusion,move,2,0,80.876,8.427,22.113,uav_2,8.427,False,False,False,False,False,1,"[{""id"": ""obstacle_0"", ""kind"": ""static_obstacle"", ""x"": 50.0, ""y"": 50.0, ""radius"": 5.0}]"
delayed_track_sharing,56,11.2,0,21.488,20.747,94.0,90.0,50.0,50.0,,,false_negative+position_noise+confidence_error,,trust_weighted_fusion,move,2,0,100.269,8.315,35.849,uav_2,8.315,False,False,False,False,False,1,"[{""id"": ""obstacle_0"", ""kind"": ""static_obstacle"", ""x"": 50.0, ""y"": 50.0, ""radius"": 5.0}]"
delayed_track_sharing,56,11.2,1,21.701,30.522,90.0,94.0,50.0,50.0,,,false_negative+position_noise+confidence_error,,trust_weighted_fusion,move,2,0,93.243,9.777,29.355,uav_0,9.777,False,False,False,False,False,1,"[{""id"": ""obstacle_0"", ""kind"": ""static_obstacle"", ""x"": 50.0, ""y"": 50.0, ""radius"": 5.0}]"
delayed_track_sharing,56,11.2,2,29.616,22.499,86.0,90.0,50.0,50.0,,,false_negative+position_noise+confidence_error,,trust_weighted_fusion,move,2,0,87.952,8.315,29.232,uav_0,8.315,False,False,False,False,False,1,"[{""id"": ""obstacle_0"", ""kind"": ""static_obstacle"", ""x"": 50.0, ""y"": 50.0, ""radius"": 5.0}]"
delayed_track_sharing,56,11.2,3,31.558,30.674,90.0,86.0,50.0,50.0,,,false_negative+position_noise+confidence_error,,trust_weighted_fusion,move,2,0,80.476,8.403,21.713,uav_2,8.403,False,False,False,False,False,1,"[{""id"": ""obstacle_0"", ""kind"": ""static_obstacle"", ""x"": 50.0, ""y"": 50.0, ""radius"": 5.0}]"
delayed_track_sharing,57,11.4,0,21.778,21.024,94.0,90.0,50.0,50.0,,,false_negative+position_noise+confidence_error,,trust_weighted_fusion,move,2,0,99.869,8.289,35.449,uav_2,8.289,False,False,False,False,False,1,"[{""id"": ""obstacle_0"", ""kind"": ""static_obstacle"", ""x"": 50.0, ""y"": 50.0, ""radius"": 5.0}]"
delayed_track_sharing,57,11.4,1,21.994,30.794,90.0,94.0,50.0,50.0,,,false_negative+position_noise+confidence_error,,trust_weighted_fusion,move,2,0,92.843,9.773,28.959,uav_0,9.773,False,False,False,False,False,1,"[{""id"": ""obstacle_0"", ""kind"": ""static_obstacle"", ""x"": 50.0, ""y"": 50.0, ""radius"": 5.0}]"
delayed_track_sharing,57,11.4,2,29.873,22.806,86.0,90.0,50.0,50.0,,,false_negative+confidence_error,,trust_weighted_fusion,move,0,0,87.552,8.289,28.833,uav_0,8.289,False,False,False,False,False,1,"[{""id"": ""obstacle_0"", ""kind"": ""static_obstacle"", ""x"": 50.0, ""y"": 50.0, ""radius"": 5.0}]"
delayed_track_sharing,57,11.4,3,31.848,30.949,90.0,86.0,50.0,50.0,,,false_negative+position_noise+confidence_error,,trust_weighted_fusion,move,2,0,80.076,8.38,21.314,uav_2,8.38,False,False,False,False,False,1,"[{""id"": ""obstacle_0"", ""kind"": ""static_obstacle"", ""x"": 50.0, ""y"": 50.0, ""radius"": 5.0}]"
delayed_track_sharing,58,11.6,0,22.067,21.3,94.0,90.0,50.0,50.0,,,false_negative+position_noise+confidence_error,,trust_weighted_fusion,move,2,0,99.469,8.264,35.05,uav_2,8.264,False,False,False,False,False,1,"[{""id"": ""obstacle_0"", ""kind"": ""static_obstacle"", ""x"": 50.0, ""y"": 50.0, ""radius"": 5.0}]"
delayed_track_sharing,58,11.6,1,22.287,31.066,90.0,94.0,50.0,50.0,,,false_negative+position_noise+confidence_error,,trust_weighted_fusion,move,2,0,92.443,9.769,28.563,uav_0,9.769,False,False,False,False,False,1,"[{""id"": ""obstacle_0"", ""kind"": ""static_obstacle"", ""x"": 50.0, ""y"": 50.0, ""radius"": 5.0}]"
delayed_track_sharing,58,11.6,2,30.129,23.113,86.0,90.0,50.0,50.0,,,position_noise+confidence_error,,trust_weighted_fusion,move,3,0,87.152,8.264,28.433,uav_0,8.264,False,False,False,False,False,1,"[{""id"": ""obstacle_0"", ""kind"": ""static_obstacle"", ""x"": 50.0, ""y"": 50.0, ""radius"": 5.0}]"
delayed_track_sharing,58,11.6,3,32.138,31.224,90.0,86.0,50.0,50.0,,,position_noise+confidence_error,,trust_weighted_fusion,move,3,0,79.676,8.357,20.914,uav_2,8.357,False,False,False,False,False,1,"[{""id"": ""obstacle_0"", ""kind"": ""static_obstacle"", ""x"": 50.0, ""y"": 50.0, ""radius"": 5.0}]"
delayed_track_sharing,59,11.8,0,22.356,21.576,94.0,90.0,50.0,50.0,,,position_noise+confidence_error,,trust_weighted_fusion,move,3,0,99.069,8.239,34.65,uav_2,8.239,False,False,False,False,False,1,"[{""id"": ""obstacle_0"", ""kind"": ""static_obstacle"", ""x"": 50.0, ""y"": 50.0, ""radius"": 5.0}]"
delayed_track_sharing,59,11.8,1,22.58,31.339,90.0,94.0,50.0,50.0,,,false_negative+position_noise+confidence_error,,trust_weighted_fusion,move,2,0,92.043,9.765,28.168,uav_0,9.765,False,False,False,False,False,1,"[{""id"": ""obstacle_0"", ""kind"": ""static_obstacle"", ""x"": 50.0, ""y"": 50.0, ""radius"": 5.0}]"
delayed_track_sharing,59,11.8,2,30.386,23.42,86.0,90.0,50.0,50.0,,,false_negative+position_noise+confidence_error,,trust_weighted_fusion,move,2,0,86.752,8.239,28.034,uav_0,8.239,False,False,False,False,False,1,"[{""id"": ""obstacle_0"", ""kind"": ""static_obstacle"", ""x"": 50.0, ""y"": 50.0, ""radius"": 5.0}]"
delayed_track_sharing,59,11.8,3,32.429,31.499,90.0,86.0,50.0,50.0,,,position_noise+confidence_error,,trust_weighted_fusion,move,3,0,79.276,8.334,20.515,uav_2,8.334,False,False,False,False,False,1,"[{""id"": ""obstacle_0"", ""kind"": ""static_obstacle"", ""x"": 50.0, ""y"": 50.0, ""radius"": 5.0}]"
delayed_track_sharing,60,12.0,0,22.645,21.852,94.0,90.0,50.0,50.0,,,position_noise+confidence_error,,trust_weighted_fusion,move,3,0,98.669,8.213,34.25,uav_2,8.213,False,False,False,False,False,1,"[{""id"": ""obstacle_0"", ""kind"": ""static_obstacle"", ""x"": 50.0, ""y"": 50.0, ""radius"": 5.0}]"
delayed_track_sharing,60,12.0,1,22.873,31.611,90.0,94.0,50.0,50.0,,,false_negative+position_noise+confidence_error,,trust_weighted_fusion,move,2,0,91.643,9.761,27.773,uav_0,9.761,False,False,False,False,False,1,"[{""id"": ""obstacle_0"", ""kind"": ""static_obstacle"", ""x"": 50.0, ""y"": 50.0, ""radius"": 5.0}]"
delayed_track_sharing,60,12.0,2,30.642,23.727,86.0,90.0,50.0,50.0,,,false_negative+position_noise+confidence_error,,trust_weighted_fusion,move,1,0,86.352,8.213,27.635,uav_0,8.213,False,False,False,False,False,1,"[{""id"": ""obstacle_0"", ""kind"": ""static_obstacle"", ""x"": 50.0, ""y"": 50.0, ""radius"": 5.0}]"
delayed_track_sharing,60,12.0,3,32.719,31.774,90.0,86.0,50.0,50.0,,,false_negative+position_noise+confidence_error,,trust_weighted_fusion,move,2,0,78.876,8.312,20.116,uav_2,8.312,False,False,False,False,False,1,"[{""id"": ""obstacle_0"", ""kind"": ""static_obstacle"", ""x"": 50.0, ""y"": 50.0, ""radius"": 5.0}]"
delayed_track_sharing,61,12.2,0,22.935,22.129,94.0,90.0,50.0,50.0,,,false_negative+position_noise+confidence_error,,trust_weighted_fusion,move,2,0,98.269,8.189,33.85,uav_2,8.189,False,False,False,False,False,1,"[{""id"": ""obstacle_0"", ""kind"": ""static_obstacle"", ""x"": 50.0, ""y"": 50.0, ""radius"": 5.0}]"
delayed_track_sharing,61,12.2,1,23.166,31.883,90.0,94.0,50.0,50.0,,,position_noise+confidence_error,,trust_weighted_fusion,move,3,0,91.243,9.758,27.377,uav_0,9.758,False,False,False,False,False,1,"[{""id"": ""obstacle_0"", ""kind"": ""static_obstacle"", ""x"": 50.0, ""y"": 50.0, ""radius"": 5.0}]"
delayed_track_sharing,61,12.2,2,30.899,24.034,86.0,90.0,50.0,50.0,,,false_negative+position_noise+confidence_error,,trust_weighted_fusion,move,2,0,85.952,8.189,27.235,uav_0,8.189,False,False,False,False,False,1,"[{""id"": ""obstacle_0"", ""kind"": ""static_obstacle"", ""x"": 50.0, ""y"": 50.0, ""radius"": 5.0}]"
delayed_track_sharing,61,12.2,3,33.01,32.049,90.0,86.0,50.0,50.0,,,position_noise+confidence_error,,trust_weighted_fusion,move,3,0,78.476,8.289,19.716,uav_2,8.289,False,False,False,False,False,1,"[{""id"": ""obstacle_0"", ""kind"": ""static_obstacle"", ""x"": 50.0, ""y"": 50.0, ""radius"": 5.0}]"
delayed_track_sharing,62,12.4,0,23.224,22.405,94.0,90.0,50.0,50.0,,,position_noise+confidence_error,,trust_weighted_fusion,move,3,0,97.869,8.164,33.451,uav_2,8.164,False,False,False,False,False,1,"[{""id"": ""obstacle_0"", ""kind"": ""static_obstacle"", ""x"": 50.0, ""y"": 50.0, ""radius"": 5.0}]"
delayed_track_sharing,62,12.4,1,23.459,32.156,90.0,94.0,50.0,50.0,,,position_noise+confidence_error,,trust_weighted_fusion,move,3,0,90.843,9.754,26.982,uav_0,9.754,False,False,False,False,False,1,"[{""id"": ""obstacle_0"", ""kind"": ""static_obstacle"", ""x"": 50.0, ""y"": 50.0, ""radius"": 5.0}]"
delayed_track_sharing,62,12.4,2,31.155,24.341,86.0,90.0,50.0,50.0,,,position_noise+confidence_error,,trust_weighted_fusion,move,3,0,85.552,8.164,26.836,uav_0,8.164,False,False,False,False,False,1,"[{""id"": ""obstacle_0"", ""kind"": ""static_obstacle"", ""x"": 50.0, ""y"": 50.0, ""radius"": 5.0}]"
delayed_track_sharing,62,12.4,3,33.3,32.324,90.0,86.0,50.0,50.0,,,false_negative+position_noise+confidence_error,,trust_weighted_fusion,move,2,0,78.076,8.267,19.317,uav_2,8.267,False,False,False,False,False,1,"[{""id"": ""obstacle_0"", ""kind"": ""static_obstacle"", ""x"": 50.0, ""y"": 50.0, ""radius"": 5.0}]"
delayed_track_sharing,63,12.6,0,23.513,22.681,94.0,90.0,50.0,50.0,,,false_negative+position_noise+confidence_error,,trust_weighted_fusion,move,2,0,97.469,8.139,33.051,uav_2,8.139,False,False,False,False,False,1,"[{""id"": ""obstacle_0"", ""kind"": ""static_obstacle"", ""x"": 50.0, ""y"": 50.0, ""radius"": 5.0}]"
delayed_track_sharing,63,12.6,1,23.752,32.428,90.0,94.0,50.0,50.0,,,position_noise+confidence_error,,trust_weighted_fusion,move,3,0,90.443,9.75,26.587,uav_0,9.75,False,False,False,False,False,1,"[{""id"": ""obstacle_0"", ""kind"": ""static_obstacle"", ""x"": 50.0, ""y"": 50.0, ""radius"": 5.0}]"
delayed_track_sharing,63,12.6,2,31.411,24.648,86.0,90.0,50.0,50.0,,,position_noise+confidence_error,,trust_weighted_fusion,move,3,0,85.152,8.139,26.437,uav_0,8.139,False,False,False,False,False,1,"[{""id"": ""obstacle_0"", ""kind"": ""static_obstacle"", ""x"": 50.0, ""y"": 50.0, ""radius"": 5.0}]"
delayed_track_sharing,63,12.6,3,33.591,32.599,90.0,86.0,50.0,50.0,,,false_negative+position_noise+confidence_error,,trust_weighted_fusion,move,2,0,77.676,8.245,18.917,uav_2,8.245,False,False,False,False,False,1,"[{""id"": ""obstacle_0"", ""kind"": ""static_obstacle"", ""x"": 50.0, ""y"": 50.0, ""radius"": 5.0}]"
delayed_track_sharing,64,12.8,0,23.802,22.957,94.0,90.0,50.0,50.0,,,false_negative+position_noise+confidence_error,,trust_weighted_fusion,move,2,0,97.069,8.115,32.651,uav_2,8.115,False,False,False,False,False,1,"[{""id"": ""obstacle_0"", ""kind"": ""static_obstacle"", ""x"": 50.0, ""y"": 50.0, ""radius"": 5.0}]"
delayed_track_sharing,64,12.8,1,24.045,32.7,90.0,94.0,50.0,50.0,,,false_negative+position_noise+confidence_error,,trust_weighted_fusion,move,2,0,90.043,9.746,26.192,uav_0,9.746,False,False,False,False,False,1,"[{""id"": ""obstacle_0"", ""kind"": ""static_obstacle"", ""x"": 50.0, ""y"": 50.0, ""radius"": 5.0}]"
delayed_track_sharing,64,12.8,2,31.668,24.954,86.0,90.0,50.0,50.0,,,position_noise+confidence_error,,trust_weighted_fusion,move,3,0,84.752,8.115,26.038,uav_0,8.115,False,False,False,False,False,1,"[{""id"": ""obstacle_0"", ""kind"": ""static_obstacle"", ""x"": 50.0, ""y"": 50.0, ""radius"": 5.0}]"
delayed_track_sharing,64,12.8,3,33.881,32.874,90.0,86.0,50.0,50.0,,,false_negative+position_noise+confidence_error,,trust_weighted_fusion,move,1,0,77.276,8.223,18.518,uav_2,8.223,False,False,False,False,False,1,"[{""id"": ""obstacle_0"", ""kind"": ""static_obstacle"", ""x"": 50.0, ""y"": 50.0, ""radius"": 5.0}]"
delayed_track_sharing,65,13.0,0,24.092,23.234,94.0,90.0,50.0,50.0,,,position_noise+confidence_error,,trust_weighted_fusion,move,3,0,96.669,8.091,32.252,uav_2,8.091,False,False,False,False,False,1,"[{""id"": ""obstacle_0"", ""kind"": ""static_obstacle"", ""x"": 50.0, ""y"": 50.0, ""radius"": 5.0}]"
delayed_track_sharing,65,13.0,1,24.338,32.973,90.0,94.0,50.0,50.0,,,position_noise+confidence_error,,trust_weighted_fusion,move,3,0,89.643,9.742,25.798,uav_0,9.742,False,False,False,False,False,1,"[{""id"": ""obstacle_0"", ""kind"": ""static_obstacle"", ""x"": 50.0, ""y"": 50.0, ""radius"": 5.0}]"
delayed_track_sharing,65,13.0,2,31.924,25.261,86.0,90.0,50.0,50.0,,,position_noise+confidence_error,,trust_weighted_fusion,move,3,0,84.352,8.091,25.639,uav_0,8.091,False,False,False,False,False,1,"[{""id"": ""obstacle_0"", ""kind"": ""static_obstacle"", ""x"": 50.0, ""y"": 50.0, ""radius"": 5.0}]"
delayed_track_sharing,65,13.0,3,34.172,33.149,90.0,86.0,50.0,50.0,,,false_negative+position_noise+confidence_error,,trust_weighted_fusion,move,2,0,76.876,8.202,18.119,uav_2,8.202,False,False,False,False,False,1,"[{""id"": ""obstacle_0"", ""kind"": ""static_obstacle"", ""x"": 50.0, ""y"": 50.0, ""radius"": 5.0}]"
delayed_track_sharing,66,13.2,0,24.381,23.51,94.0,90.0,50.0,50.0,,,position_noise+confidence_error,,trust_weighted_fusion,move,3,0,96.269,8.067,31.852,uav_2,8.067,False,False,False,False,False,1,"[{""id"": ""obstacle_0"", ""kind"": ""static_obstacle"", ""x"": 50.0, ""y"": 50.0, ""radius"": 5.0}]"
delayed_track_sharing,66,13.2,1,24.631,33.245,90.0,94.0,50.0,50.0,,,position_noise+confidence_error,,trust_weighted_fusion,move,3,0,89.243,9.738,25.403,uav_0,9.738,False,False,False,False,False,1,"[{""id"": ""obstacle_0"", ""kind"": ""static_obstacle"", ""x"": 50.0, ""y"": 50.0, ""radius"": 5.0}]"
delayed_track_sharing,66,13.2,2,32.181,25.568,86.0,90.0,50.0,50.0,,,position_noise+confidence_error,,trust_weighted_fusion,move,3,0,83.952,8.067,25.239,uav_0,8.067,False,False,False,False,False,1,"[{""id"": ""obstacle_0"", ""kind"": ""static_obstacle"", ""x"": 50.0, ""y"": 50.0, ""radius"": 5.0}]"
delayed_track_sharing,66,13.2,3,34.462,33.424,90.0,86.0,50.0,50.0,,,false_negative+position_noise+confidence_error,,trust_weighted_fusion,move,2,0,76.476,8.18,17.719,uav_2,8.18,False,False,False,False,False,1,"[{""id"": ""obstacle_0"", ""kind"": ""static_obstacle"", ""x"": 50.0, ""y"": 50.0, ""radius"": 5.0}]"
delayed_track_sharing,67,13.4,0,24.67,23.786,94.0,90.0,50.0,50.0,,,position_noise+confidence_error,,trust_weighted_fusion,move,3,0,95.869,8.043,31.452,uav_2,8.043,False,False,False,False,False,1,"[{""id"": ""obstacle_0"", ""kind"": ""static_obstacle"", ""x"": 50.0, ""y"": 50.0, ""radius"": 5.0}]"
delayed_track_sharing,67,13.4,1,24.924,33.517,90.0,94.0,50.0,50.0,,,position_noise+confidence_error,,trust_weighted_fusion,move,3,0,88.843,9.734,25.008,uav_0,9.734,False,False,False,False,False,1,"[{""id"": ""obstacle_0"", ""kind"": ""static_obstacle"", ""x"": 50.0, ""y"": 50.0, ""radius"": 5.0}]"
delayed_track_sharing,67,13.4,2,32.437,25.875,86.0,90.0,50.0,50.0,,,position_noise+confidence_error,,trust_weighted_fusion,move,3,0,83.552,8.043,24.84,uav_0,8.043,False,False,False,False,False,1,"[{""id"": ""obstacle_0"", ""kind"": ""static_obstacle"", ""x"": 50.0, ""y"": 50.0, ""radius"": 5.0}]"
delayed_track_sharing,67,13.4,3,34.753,33.699,90.0,86.0,50.0,50.0,,,false_negative+position_noise+confidence_error,,trust_weighted_fusion,move,2,0,76.076,8.159,17.32,uav_2,8.159,False,False,False,False,False,1,"[{""id"": ""obstacle_0"", ""kind"": ""static_obstacle"", ""x"": 50.0, ""y"": 50.0, ""radius"": 5.0}]"
delayed_track_sharing,68,13.6,0,24.96,24.062,94.0,90.0,50.0,50.0,,,position_noise+confidence_error,,trust_weighted_fusion,move,3,0,95.469,8.019,31.052,uav_2,8.019,False,False,False,False,False,1,"[{""id"": ""obstacle_0"", ""kind"": ""static_obstacle"", ""x"": 50.0, ""y"": 50.0, ""radius"": 5.0}]"
delayed_track_sharing,68,13.6,1,25.217,33.79,90.0,94.0,50.0,50.0,,,position_noise+confidence_error,,trust_weighted_fusion,move,3,0,88.443,9.731,24.614,uav_0,9.731,False,False,False,False,False,1,"[{""id"": ""obstacle_0"", ""kind"": ""static_obstacle"", ""x"": 50.0, ""y"": 50.0, ""radius"": 5.0}]"
delayed_track_sharing,68,13.6,2,32.694,26.182,86.0,90.0,50.0,50.0,,,position_noise+confidence_error,,trust_weighted_fusion,move,3,0,83.152,8.019,24.441,uav_0,8.019,False,False,False,False,False,1,"[{""id"": ""obstacle_0"", ""kind"": ""static_obstacle"", ""x"": 50.0, ""y"": 50.0, ""radius"": 5.0}]"
delayed_track_sharing,68,13.6,3,35.043,33.974,90.0,86.0,50.0,50.0,,,position_noise+confidence_error,,trust_weighted_fusion,move,3,0,75.676,8.138,16.921,uav_2,8.138,False,False,False,False,False,1,"[{""id"": ""obstacle_0"", ""kind"": ""static_obstacle"", ""x"": 50.0, ""y"": 50.0, ""radius"": 5.0}]"
delayed_track_sharing,69,13.8,0,25.249,24.339,94.0,90.0,50.0,50.0,,,position_noise+confidence_error,,trust_weighted_fusion,move,3,0,95.069,7.996,30.653,uav_2,7.996,False,False,False,False,False,1,"[{""id"": ""obstacle_0"", ""kind"": ""static_obstacle"", ""x"": 50.0, ""y"": 50.0, ""radius"": 5.0}]"
delayed_track_sharing,69,13.8,1,25.51,34.062,90.0,94.0,50.0,50.0,,,false_negative+position_noise+confidence_error,,trust_weighted_fusion,move,2,0,88.043,9.727,24.22,uav_0,9.727,False,False,False,False,False,1,"[{""id"": ""obstacle_0"", ""kind"": ""static_obstacle"", ""x"": 50.0, ""y"": 50.0, ""radius"": 5.0}]"
delayed_track_sharing,69,13.8,2,32.95,26.489,86.0,90.0,50.0,50.0,,,position_noise+confidence_error,,trust_weighted_fusion,move,3,0,82.752,7.996,24.042,uav_0,7.996,False,False,False,False,False,1,"[{""id"": ""obstacle_0"", ""kind"": ""static_obstacle"", ""x"": 50.0, ""y"": 50.0, ""radius"": 5.0}]"
delayed_track_sharing,69,13.8,3,35.334,34.249,90.0,86.0,50.0,50.0,,,false_negative+position_noise+confidence_error,,trust_weighted_fusion,move,2,0,75.276,8.118,16.522,uav_2,8.118,False,False,False,False,False,1,"[{""id"": ""obstacle_0"", ""kind"": ""static_obstacle"", ""x"": 50.0, ""y"": 50.0, ""radius"": 5.0}]"
delayed_track_sharing,70,14.0,0,25.538,24.615,94.0,90.0,50.0,50.0,,,false_negative+position_noise+confidence_error,,trust_weighted_fusion,move,1,0,94.669,7.973,30.253,uav_2,7.973,False,False,False,False,False,1,"[{""id"": ""obstacle_0"", ""kind"": ""static_obstacle"", ""x"": 50.0, ""y"": 50.0, ""radius"": 5.0}]"
delayed_track_sharing,70,14.0,1,25.803,34.334,90.0,94.0,50.0,50.0,,,false_negative+position_noise+confidence_error,,trust_weighted_fusion,move,2,0,87.643,9.723,23.826,uav_0,9.723,False,False,False,False,False,1,"[{""id"": ""obstacle_0"", ""kind"": ""static_obstacle"", ""x"": 50.0, ""y"": 50.0, ""radius"": 5.0}]"
delayed_track_sharing,70,14.0,2,33.206,26.796,86.0,90.0,50.0,50.0,,,false_negative+position_noise+confidence_error,,trust_weighted_fusion,move,2,0,82.352,7.973,23.643,uav_0,7.973,False,False,False,False,False,1,"[{""id"": ""obstacle_0"", ""kind"": ""static_obstacle"", ""x"": 50.0, ""y"": 50.0, ""radius"": 5.0}]"
delayed_track_sharing,70,14.0,3,35.624,34.524,90.0,86.0,50.0,50.0,,,position_noise+confidence_error,,trust_weighted_fusion,move,3,0,74.876,8.097,16.122,uav_2,8.097,False,False,False,False,False,1,"[{""id"": ""obstacle_0"", ""kind"": ""static_obstacle"", ""x"": 50.0, ""y"": 50.0, ""radius"": 5.0}]"
delayed_track_sharing,71,14.2,0,25.827,24.891,94.0,90.0,50.0,50.0,,,false_negative+position_noise+confidence_error,,trust_weighted_fusion,move,1,0,94.269,7.95,29.854,uav_2,7.95,False,False,False,False,False,1,"[{""id"": ""obstacle_0"", ""kind"": ""static_obstacle"", ""x"": 50.0, ""y"": 50.0, ""radius"": 5.0}]"
delayed_track_sharing,71,14.2,1,26.096,34.607,90.0,94.0,50.0,50.0,,,position_noise+confidence_error,,trust_weighted_fusion,move,3,0,87.243,9.719,23.432,uav_0,9.719,False,False,False,False,False,1,"[{""id"": ""obstacle_0"", ""kind"": ""static_obstacle"", ""x"": 50.0, ""y"": 50.0, ""radius"": 5.0}]"
delayed_track_sharing,71,14.2,2,33.463,27.103,86.0,90.0,50.0,50.0,,,position_noise+confidence_error,,trust_weighted_fusion,move,3,0,81.952,7.95,23.244,uav_0,7.95,False,False,False,False,False,1,"[{""id"": ""obstacle_0"", ""kind"": ""static_obstacle"", ""x"": 50.0, ""y"": 50.0, ""radius"": 5.0}]"
delayed_track_sharing,71,14.2,3,35.915,34.799,90.0,86.0,50.0,50.0,,,false_negative+position_noise+confidence_error,,trust_weighted_fusion,move,2,0,74.476,8.077,15.723,uav_2,8.077,False,False,False,False,False,1,"[{""id"": ""obstacle_0"", ""kind"": ""static_obstacle"", ""x"": 50.0, ""y"": 50.0, ""radius"": 5.0}]"
delayed_track_sharing,72,14.4,0,26.117,25.168,94.0,90.0,50.0,50.0,,,position_noise+confidence_error,,trust_weighted_fusion,move,3,0,93.869,7.927,29.454,uav_2,7.927,False,False,False,False,False,1,"[{""id"": ""obstacle_0"", ""kind"": ""static_obstacle"", ""x"": 50.0, ""y"": 50.0, ""radius"": 5.0}]"
delayed_track_sharing,72,14.4,1,26.389,34.879,90.0,94.0,50.0,50.0,,,false_negative+position_noise+confidence_error,,trust_weighted_fusion,move,2,0,86.843,9.715,23.038,uav_0,9.715,False,False,False,False,False,1,"[{""id"": ""obstacle_0"", ""kind"": ""static_obstacle"", ""x"": 50.0, ""y"": 50.0, ""radius"": 5.0}]"
delayed_track_sharing,72,14.4,2,33.719,27.41,86.0,90.0,50.0,50.0,,,position_noise+confidence_error,,trust_weighted_fusion,move,3,0,81.552,7.927,22.845,uav_0,7.927,False,False,False,False,False,1,"[{""id"": ""obstacle_0"", ""kind"": ""static_obstacle"", ""x"": 50.0, ""y"": 50.0, ""radius"": 5.0}]"
delayed_track_sharing,72,14.4,3,36.205,35.074,90.0,86.0,50.0,50.0,,,position_noise+confidence_error,,trust_weighted_fusion,move,3,0,74.076,8.057,15.324,uav_2,8.057,False,False,False,False,False,1,"[{""id"": ""obstacle_0"", ""kind"": ""static_obstacle"", ""x"": 50.0, ""y"": 50.0, ""radius"": 5.0}]"
delayed_track_sharing,73,14.6,0,26.406,25.444,94.0,90.0,50.0,50.0,,,false_negative+position_noise+confidence_error,,trust_weighted_fusion,move,2,0,93.469,7.904,29.054,uav_2,7.904,False,False,False,False,False,1,"[{""id"": ""obstacle_0"", ""kind"": ""static_obstacle"", ""x"": 50.0, ""y"": 50.0, ""radius"": 5.0}]"
delayed_track_sharing,73,14.6,1,26.682,35.151,90.0,94.0,50.0,50.0,,,false_negative+position_noise+confidence_error,,trust_weighted_fusion,move,2,0,86.443,9.711,22.645,uav_0,9.711,False,False,False,False,False,1,"[{""id"": ""obstacle_0"", ""kind"": ""static_obstacle"", ""x"": 50.0, ""y"": 50.0, ""radius"": 5.0}]"
delayed_track_sharing,73,14.6,2,33.976,27.717,86.0,90.0,50.0,50.0,,,false_negative+position_noise+confidence_error,,trust_weighted_fusion,move,2,0,81.152,7.904,22.446,uav_0,7.904,False,False,False,False,False,1,"[{""id"": ""obstacle_0"", ""kind"": ""static_obstacle"", ""x"": 50.0, ""y"": 50.0, ""radius"": 5.0}]"
delayed_track_sharing,73,14.6,3,36.496,35.349,90.0,86.0,50.0,50.0,,,position_noise+confidence_error,,trust_weighted_fusion,move,3,0,73.676,8.037,14.925,uav_2,8.037,False,False,False,False,False,1,"[{""id"": ""obstacle_0"", ""kind"": ""static_obstacle"", ""x"": 50.0, ""y"": 50.0, ""radius"": 5.0}]"
delayed_track_sharing,74,14.8,0,26.695,25.72,94.0,90.0,50.0,50.0,,,false_negative+position_noise+confidence_error,,trust_weighted_fusion,move,2,0,93.069,7.881,28.655,uav_2,7.881,False,False,False,False,False,1,"[{""id"": ""obstacle_0"", ""kind"": ""static_obstacle"", ""x"": 50.0, ""y"": 50.0, ""radius"": 5.0}]"
delayed_track_sharing,74,14.8,1,26.975,35.423,90.0,94.0,50.0,50.0,,,false_negative+position_noise+confidence_error,,trust_weighted_fusion,move,2,0,86.043,9.707,22.252,uav_0,9.707,False,False,False,False,False,1,"[{""id"": ""obstacle_0"", ""kind"": ""static_obstacle"", ""x"": 50.0, ""y"": 50.0, ""radius"": 5.0}]"
delayed_track_sharing,74,14.8,2,34.232,28.024,86.0,90.0,50.0,50.0,,,position_noise+confidence_error,,trust_weighted_fusion,move,3,0,80.752,7.881,22.047,uav_0,7.881,False,False,False,False,False,1,"[{""id"": ""obstacle_0"", ""kind"": ""static_obstacle"", ""x"": 50.0, ""y"": 50.0, ""radius"": 5.0}]"
delayed_track_sharing,74,14.8,3,36.786,35.624,90.0,86.0,50.0,50.0,,,false_negative+position_noise+confidence_error,,trust_weighted_fusion,move,3,0,73.276,8.018,14.526,uav_2,8.018,False,False,False,False,False,1,"[{""id"": ""obstacle_0"", ""kind"": ""static_obstacle"", ""x"": 50.0, ""y"": 50.0, ""radius"": 5.0}]"
delayed_track_sharing,75,15.0,0,26.984,25.996,94.0,90.0,50.0,50.0,,,false_negative+position_noise+confidence_error,,trust_weighted_fusion,move,2,0,92.669,7.859,28.255,uav_2,7.859,False,False,False,False,False,1,"[{""id"": ""obstacle_0"", ""kind"": ""static_obstacle"", ""x"": 50.0, ""y"": 50.0, ""radius"": 5.0}]"
delayed_track_sharing,75,15.0,1,27.268,35.696,90.0,94.0,50.0,50.0,,,false_negative+position_noise+confidence_error,,trust_weighted_fusion,move,2,0,85.643,9.704,21.858,uav_0,9.704,False,False,False,False,False,1,"[{""id"": ""obstacle_0"", ""kind"": ""static_obstacle"", ""x"": 50.0, ""y"": 50.0, ""radius"": 5.0}]"
delayed_track_sharing,75,15.0,2,34.489,28.331,86.0,90.0,50.0,50.0,,,false_negative+position_noise+confidence_error,,trust_weighted_fusion,move,1,0,80.352,7.859,21.648,uav_0,7.859,False,False,False,False,False,1,"[{""id"": ""obstacle_0"", ""kind"": ""static_obstacle"", ""x"": 50.0, ""y"": 50.0, ""radius"": 5.0}]"
delayed_track_sharing,75,15.0,3,37.077,35.899,90.0,86.0,50.0,50.0,52.453,52.92,false_negative+position_noise+confidence_error,0.056,trust_weighted_fusion,move,3,0,72.876,7.998,14.127,uav_2,7.998,False,False,False,False,False,1,"[{""id"": ""obstacle_0"", ""kind"": ""static_obstacle"", ""x"": 50.0, ""y"": 50.0, ""radius"": 5.0}]"
delayed_track_sharing,76,15.2,0,27.274,26.273,94.0,90.0,50.0,50.0,,,false_negative+position_noise+confidence_error,,trust_weighted_fusion,move,2,0,92.269,7.837,27.855,uav_2,7.837,False,False,False,False,False,1,"[{""id"": ""obstacle_0"", ""kind"": ""static_obstacle"", ""x"": 50.0, ""y"": 50.0, ""radius"": 5.0}]"
delayed_track_sharing,76,15.2,1,27.561,35.968,90.0,94.0,50.0,50.0,,,false_negative+position_noise+confidence_error,,trust_weighted_fusion,move,2,0,85.243,9.7,21.465,uav_0,9.7,False,False,False,False,False,1,"[{""id"": ""obstacle_0"", ""kind"": ""static_obstacle"", ""x"": 50.0, ""y"": 50.0, ""radius"": 5.0}]"
delayed_track_sharing,76,15.2,2,34.745,28.638,86.0,90.0,50.0,50.0,,,false_negative+position_noise+confidence_error,,trust_weighted_fusion,move,2,0,79.952,7.837,21.249,uav_0,7.837,False,False,False,False,False,1,"[{""id"": ""obstacle_0"", ""kind"": ""static_obstacle"", ""x"": 50.0, ""y"": 50.0, ""radius"": 5.0}]"
delayed_track_sharing,76,15.2,3,37.456,36.025,90.0,86.0,50.0,50.0,51.075,49.864,position_noise+confidence_error,0.466,trust_weighted_fusion,avoidance,4,0,72.514,7.869,13.779,uav_2,7.869,False,False,False,False,False,1,"[{""id"": ""obstacle_0"", ""kind"": ""static_obstacle"", ""x"": 50.0, ""y"": 50.0, ""radius"": 5.0}]"
delayed_track_sharing,77,15.4,0,27.563,26.549,94.0,90.0,50.0,50.0,,,false_negative+position_noise+confidence_error,,trust_weighted_fusion,move,2,0,91.869,7.815,27.456,uav_2,7.815,False,False,False,False,False,1,"[{""id"": ""obstacle_0"", ""kind"": ""static_obstacle"", ""x"": 50.0, ""y"": 50.0, ""radius"": 5.0}]"
delayed_track_sharing,77,15.4,1,27.854,36.24,90.0,94.0,50.0,50.0,,,position_noise+confidence_error,,trust_weighted_fusion,move,3,0,84.843,9.696,21.073,uav_0,9.696,False,False,False,False,False,1,"[{""id"": ""obstacle_0"", ""kind"": ""static_obstacle"", ""x"": 50.0, ""y"": 50.0, ""radius"": 5.0}]"
delayed_track_sharing,77,15.4,2,35.001,28.945,86.0,90.0,50.0,50.0,,,false_negative+position_noise+confidence_error,,trust_weighted_fusion,move,2,0,79.552,7.815,20.851,uav_0,7.815,False,False,False,False,False,1,"[{""id"": ""obstacle_0"", ""kind"": ""static_obstacle"", ""x"": 50.0, ""y"": 50.0, ""radius"": 5.0}]"
delayed_track_sharing,77,15.4,3,37.746,36.301,90.0,86.0,50.0,50.0,,,false_negative+position_noise+confidence_error,,trust_weighted_fusion,move,2,0,72.114,7.851,13.38,uav_2,7.851,False,False,False,False,False,1,"[{""id"": ""obstacle_0"", ""kind"": ""static_obstacle"", ""x"": 50.0, ""y"": 50.0, ""radius"": 5.0}]"
delayed_track_sharing,78,15.6,0,27.852,26.825,94.0,90.0,50.0,50.0,,,position_noise+confidence_error,,trust_weighted_fusion,move,3,0,91.469,7.793,27.056,uav_2,7.793,False,False,False,False,False,1,"[{""id"": ""obstacle_0"", ""kind"": ""static_obstacle"", ""x"": 50.0, ""y"": 50.0, ""radius"": 5.0}]"
delayed_track_sharing,78,15.6,1,28.147,36.513,90.0,94.0,50.0,50.0,,,position_noise+confidence_error,,trust_weighted_fusion,move,3,0,84.443,9.692,20.68,uav_0,9.692,False,False,False,False,False,1,"[{""id"": ""obstacle_0"", ""kind"": ""static_obstacle"", ""x"": 50.0, ""y"": 50.0, ""radius"": 5.0}]"
delayed_track_sharing,78,15.6,2,35.258,29.252,86.0,90.0,50.0,50.0,,,false_negative+position_noise+confidence_error,,trust_weighted_fusion,move,2,0,79.152,7.647,20.452,uav_3,7.647,False,False,False,False,False,1,"[{""id"": ""obstacle_0"", ""kind"": ""static_obstacle"", ""x"": 50.0, ""y"": 50.0, ""radius"": 5.0}]"
delayed_track_sharing,78,15.6,3,38.145,36.334,90.0,86.0,50.0,50.0,47.461,49.509,false_negative+position_noise+confidence_error,0.146,trust_weighted_fusion,avoidance,2,0,71.803,7.647,13.092,uav_2,7.647,False,False,False,False,False,1,"[{""id"": ""obstacle_0"", ""kind"": ""static_obstacle"", ""x"": 50.0, ""y"": 50.0, ""radius"": 5.0}]"
delayed_track_sharing,79,15.8,0,28.141,27.101,94.0,90.0,50.0,50.0,,,false_negative+position_noise+confidence_error,,trust_weighted_fusion,move,2,0,91.069,7.772,26.657,uav_2,7.772,False,False,False,False,False,1,"[{""id"": ""obstacle_0"", ""kind"": ""static_obstacle"", ""x"": 50.0, ""y"": 50.0, ""radius"": 5.0}]"
delayed_track_sharing,79,15.8,1,28.44,36.785,90.0,94.0,50.0,50.0,,,false_negative+position_noise+confidence_error,,trust_weighted_fusion,move,2,0,84.043,9.688,20.288,uav_0,9.688,False,False,False,False,False,1,"[{""id"": ""obstacle_0"", ""kind"": ""static_obstacle"", ""x"": 50.0, ""y"": 50.0, ""radius"": 5.0}]"
delayed_track_sharing,79,15.8,2,35.514,29.559,86.0,90.0,50.0,50.0,,,position_noise+confidence_error,,trust_weighted_fusion,move,3,0,78.752,7.451,20.053,uav_3,7.451,False,False,False,False,False,1,"[{""id"": ""obstacle_0"", ""kind"": ""static_obstacle"", ""x"": 50.0, ""y"": 50.0, ""radius"": 5.0}]"
delayed_track_sharing,79,15.8,3,38.543,36.367,90.0,86.0,50.0,50.0,48.33,49.058,false_negative+position_noise+confidence_error,0.395,trust_weighted_fusion,avoidance,3,0,71.493,7.451,12.808,uav_2,7.451,False,False,False,False,False,1,"[{""id"": ""obstacle_0"", ""kind"": ""static_obstacle"", ""x"": 50.0, ""y"": 50.0, ""radius"": 5.0}]"
delayed_track_sharing,80,16.0,0,28.431,27.378,94.0,90.0,50.0,50.0,,,false_negative+position_noise+confidence_error,,trust_weighted_fusion,move,2,0,90.669,7.75,26.257,uav_2,7.75,False,False,False,False,False,1,"[{""id"": ""obstacle_0"", ""kind"": ""static_obstacle"", ""x"": 50.0, ""y"": 50.0, ""radius"": 5.0}]"
delayed_track_sharing,80,16.0,1,28.733,37.057,90.0,94.0,50.0,50.0,,,false_negative+position_noise+confidence_error,,trust_weighted_fusion,move,1,0,83.643,9.684,19.896,uav_0,9.684,False,False,False,False,False,1,"[{""id"": ""obstacle_0"", ""kind"": ""static_obstacle"", ""x"": 50.0, ""y"": 50.0, ""radius"": 5.0}]"
delayed_track_sharing,80,16.0,2,35.771,29.866,86.0,90.0,50.0,50.0,,,position_noise+confidence_error,,trust_weighted_fusion,move,3,0,78.352,7.307,19.654,uav_3,7.307,False,False,False,False,False,1,"[{""id"": ""obstacle_0"", ""kind"": ""static_obstacle"", ""x"": 50.0, ""y"": 50.0, ""radius"": 5.0}]"
delayed_track_sharing,80,16.0,3,38.934,36.454,90.0,86.0,50.0,50.0,49.168,51.39,false_negative+position_noise+confidence_error,0.177,trust_weighted_fusion,avoidance,3,0,71.152,7.307,12.492,uav_2,7.307,False,False,False,False,False,1,"[{""id"": ""obstacle_0"", ""kind"": ""static_obstacle"", ""x"": 50.0, ""y"": 50.0, ""radius"": 5.0}]"
delayed_track_sharing,81,16.2,0,28.72,27.654,94.0,90.0,50.0,50.0,,,false_negative+position_noise+confidence_error,,trust_weighted_fusion,move,2,0,90.269,7.729,25.857,uav_2,7.729,False,False,False,False,False,1,"[{""id"": ""obstacle_0"", ""kind"": ""static_obstacle"", ""x"": 50.0, ""y"": 50.0, ""radius"": 5.0}]"
delayed_track_sharing,81,16.2,1,29.026,37.33,90.0,94.0,50.0,50.0,,,false_negative+position_noise+confidence_error,,trust_weighted_fusion,move,2,0,83.243,9.681,19.504,uav_0,9.681,False,False,False,False,False,1,"[{""id"": ""obstacle_0"", ""kind"": ""static_obstacle"", ""x"": 50.0, ""y"": 50.0, ""radius"": 5.0}]"
delayed_track_sharing,81,16.2,2,36.027,30.173,86.0,90.0,50.0,50.0,,,false_negative+position_noise+confidence_error,,trust_weighted_fusion,move,2,0,77.952,7.295,19.256,uav_3,7.295,False,False,False,False,False,1,"[{""id"": ""obstacle_0"", ""kind"": ""static_obstacle"", ""x"": 50.0, ""y"": 50.0, ""radius"": 5.0}]"
delayed_track_sharing,81,16.2,3,39.221,36.732,90.0,86.0,50.0,50.0,,,false_negative+position_noise+confidence_error,,trust_weighted_fusion,move,3,0,70.752,7.295,12.095,uav_2,7.295,False,False,False,False,False,1,"[{""id"": ""obstacle_0"", ""kind"": ""static_obstacle"", ""x"": 50.0, ""y"": 50.0, ""radius"": 5.0}]"
delayed_track_sharing,82,16.4,0,29.009,27.93,94.0,90.0,50.0,50.0,,,false_negative+position_noise+confidence_error,,trust_weighted_fusion,move,2,0,89.869,7.708,25.458,uav_2,7.708,False,False,False,False,False,1,"[{""id"": ""obstacle_0"", ""kind"": ""static_obstacle"", ""x"": 50.0, ""y"": 50.0, ""radius"": 5.0}]"
delayed_track_sharing,82,16.4,1,29.319,37.602,90.0,94.0,50.0,50.0,,,false_negative+position_noise+confidence_error,,trust_weighted_fusion,move,2,0,82.843,9.677,19.113,uav_0,9.677,False,False,False,False,False,1,"[{""id"": ""obstacle_0"", ""kind"": ""static_obstacle"", ""x"": 50.0, ""y"": 50.0, ""radius"": 5.0}]"
delayed_track_sharing,82,16.4,2,36.284,30.48,86.0,90.0,50.0,50.0,,,false_negative+position_noise+confidence_error,,trust_weighted_fusion,move,2,0,77.552,7.153,18.857,uav_3,7.153,False,False,False,False,False,1,"[{""id"": ""obstacle_0"", ""kind"": ""static_obstacle"", ""x"": 50.0, ""y"": 50.0, ""radius"": 5.0}]"
delayed_track_sharing,82,16.4,3,39.613,36.811,90.0,86.0,50.0,50.0,51.251,49.338,false_negative+position_noise+confidence_error,0.267,trust_weighted_fusion,avoidance,3,0,70.416,7.153,11.788,uav_2,7.153,False,False,False,False,False,1,"[{""id"": ""obstacle_0"", ""kind"": ""static_obstacle"", ""x"": 50.0, ""y"": 50.0, ""radius"": 5.0}]"
delayed_track_sharing,83,16.6,0,29.299,28.206,94.0,90.0,50.0,50.0,,,false_negative+position_noise+confidence_error,,trust_weighted_fusion,move,2,0,89.469,7.688,25.058,uav_2,7.688,False,False,False,False,False,1,"[{""id"": ""obstacle_0"", ""kind"": ""static_obstacle"", ""x"": 50.0, ""y"": 50.0, ""radius"": 5.0}]"
delayed_track_sharing,83,16.6,1,29.612,37.874,90.0,94.0,50.0,50.0,,,false_negative+position_noise+confidence_error,,trust_weighted_fusion,move,2,0,82.443,9.673,18.722,uav_0,9.673,False,False,False,False,False,1,"[{""id"": ""obstacle_0"", ""kind"": ""static_obstacle"", ""x"": 50.0, ""y"": 50.0, ""radius"": 5.0}]"
delayed_track_sharing,83,16.6,2,36.54,30.787,86.0,90.0,50.0,50.0,,,position_noise+confidence_error,,trust_weighted_fusion,move,3,0,77.152,6.956,18.458,uav_3,6.956,False,False,False,False,False,1,"[{""id"": ""obstacle_0"", ""kind"": ""static_obstacle"", ""x"": 50.0, ""y"": 50.0, ""radius"": 5.0}]"
delayed_track_sharing,83,16.6,3,40.013,36.814,90.0,86.0,50.0,50.0,50.006,47.963,position_noise+confidence_error,0.362,trust_weighted_fusion,avoidance,4,0,70.128,6.956,11.541,uav_2,6.956,False,False,False,False,False,1,"[{""id"": ""obstacle_0"", ""kind"": ""static_obstacle"", ""x"": 50.0, ""y"": 50.0, ""radius"": 5.0}]"
delayed_track_sharing,84,16.8,0,29.588,28.483,94.0,90.0,50.0,50.0,,,false_negative+position_noise+confidence_error,,trust_weighted_fusion,move,1,0,89.069,7.667,24.659,uav_2,7.667,False,False,False,False,False,1,"[{""id"": ""obstacle_0"", ""kind"": ""static_obstacle"", ""x"": 50.0, ""y"": 50.0, ""radius"": 5.0}]"
delayed_track_sharing,84,16.8,1,29.905,38.147,90.0,94.0,50.0,50.0,,,position_noise+confidence_error,,trust_weighted_fusion,move,3,0,82.043,9.669,18.331,uav_0,9.669,False,False,False,False,False,1,"[{""id"": ""obstacle_0"", ""kind"": ""static_obstacle"", ""x"": 50.0, ""y"": 50.0, ""radius"": 5.0}]"
delayed_track_sharing,84,16.8,2,36.796,31.094,86.0,90.0,50.0,50.0,,,false_negative+position_noise+confidence_error,,trust_weighted_fusion,move,2,0,76.752,6.778,18.06,uav_3,6.778,False,False,False,False,False,1,"[{""id"": ""obstacle_0"", ""kind"": ""static_obstacle"", ""x"": 50.0, ""y"": 50.0, ""radius"": 5.0}]"
delayed_track_sharing,84,16.8,3,40.413,36.827,90.0,86.0,50.0,50.0,49.797,48.901,false_negative+position_noise+confidence_error,0.518,trust_weighted_fusion,avoidance,3,0,69.835,6.778,11.293,uav_2,6.778,False,False,False,False,False,1,"[{""id"": ""obstacle_0"", ""kind"": ""static_obstacle"", ""x"": 50.0, ""y"": 50.0, ""radius"": 5.0}]"
delayed_track_sharing,85,17.0,0,29.877,28.759,94.0,90.0,50.0,50.0,,,position_noise+confidence_error,,trust_weighted_fusion,move,3,0,88.669,7.647,24.259,uav_2,7.647,False,False,False,False,False,1,"[{""id"": ""obstacle_0"", ""kind"": ""static_obstacle"", ""x"": 50.0, ""y"": 50.0, ""radius"": 5.0}]"
delayed_track_sharing,85,17.0,1,30.198,38.419,90.0,94.0,50.0,50.0,,,false_negative+position_noise+confidence_error,,trust_weighted_fusion,move,2,0,81.643,9.665,17.94,uav_0,9.665,False,False,False,False,False,1,"[{""id"": ""obstacle_0"", ""kind"": ""static_obstacle"", ""x"": 50.0, ""y"": 50.0, ""radius"": 5.0}]"
delayed_track_sharing,85,17.0,2,37.053,31.401,86.0,90.0,50.0,50.0,,,position_noise+confidence_error,,trust_weighted_fusion,move,3,0,76.352,6.628,17.661,uav_3,6.628,False,False,False,False,False,1,"[{""id"": ""obstacle_0"", ""kind"": ""static_obstacle"", ""x"": 50.0, ""y"": 50.0, ""radius"": 5.0}]"
delayed_track_sharing,85,17.0,3,40.811,36.861,90.0,86.0,50.0,50.0,48.244,51.063,position_noise+confidence_error,0.566,trust_weighted_fusion,avoidance,4,0,69.528,6.628,11.033,uav_2,6.628,False,False,False,False,False,1,"[{""id"": ""obstacle_0"", ""kind"": ""static_obstacle"", ""x"": 50.0, ""y"": 50.0, ""radius"": 5.0}]"
delayed_track_sharing,86,17.2,0,30.166,29.035,94.0,90.0,50.0,50.0,,,false_negative+position_noise+confidence_error,,trust_weighted_fusion,move,1,0,88.269,7.627,23.86,uav_2,7.627,False,False,False,False,False,1,"[{""id"": ""obstacle_0"", ""kind"": ""static_obstacle"", ""x"": 50.0, ""y"": 50.0, ""radius"": 5.0}]"
delayed_track_sharing,86,17.2,1,30.491,38.691,90.0,94.0,50.0,50.0,,,position_noise+confidence_error,,trust_weighted_fusion,move,3,0,81.243,9.661,17.55,uav_0,9.661,False,False,False,False,False,1,"[{""id"": ""obstacle_0"", ""kind"": ""static_obstacle"", ""x"": 50.0, ""y"": 50.0, ""radius"": 5.0}]"
delayed_track_sharing,86,17.2,2,37.309,31.708,86.0,90.0,50.0,50.0,,,position_noise+confidence_error,,trust_weighted_fusion,move,3,0,75.952,6.623,17.263,uav_3,6.623,False,False,False,False,False,1,"[{""id"": ""obstacle_0"", ""kind"": ""static_obstacle"", ""x"": 50.0, ""y"": 50.0, ""radius"": 5.0}]"
delayed_track_sharing,86,17.2,3,41.094,37.144,90.0,86.0,50.0,50.0,,,false_negative+position_noise+confidence_error,,trust_weighted_fusion,move,3,0,69.128,6.623,10.64,uav_2,6.623,False,False,False,False,False,1,"[{""id"": ""obstacle_0"", ""kind"": ""static_obstacle"", ""x"": 50.0, ""y"": 50.0, ""radius"": 5.0}]"
delayed_track_sharing,87,17.4,0,30.456,29.312,94.0,90.0,50.0,50.0,,,false_negative+position_noise+confidence_error,,trust_weighted_fusion,move,2,0,87.869,7.607,23.46,uav_2,7.607,False,False,False,False,False,1,"[{""id"": ""obstacle_0"", ""kind"": ""static_obstacle"", ""x"": 50.0, ""y"": 50.0, ""radius"": 5.0}]"
delayed_track_sharing,87,17.4,1,30.784,38.964,90.0,94.0,50.0,50.0,,,false_negative+position_noise+confidence_error,,trust_weighted_fusion,move,2,0,80.843,9.658,17.16,uav_0,9.658,False,False,False,False,False,1,"[{""id"": ""obstacle_0"", ""kind"": ""static_obstacle"", ""x"": 50.0, ""y"": 50.0, ""radius"": 5.0}]"
delayed_track_sharing,87,17.4,2,37.566,32.015,86.0,90.0,50.0,50.0,,,position_noise+confidence_error,,trust_weighted_fusion,move,3,0,75.552,6.5,16.865,uav_3,6.5,False,False,False,False,False,1,"[{""id"": ""obstacle_0"", ""kind"": ""static_obstacle"", ""x"": 50.0, ""y"": 50.0, ""radius"": 5.0}]"
delayed_track_sharing,87,17.4,3,41.491,37.196,90.0,86.0,50.0,50.0,51.096,50.459,false_negative+position_noise+confidence_error,0.162,trust_weighted_fusion,avoidance,3,0,68.811,6.5,10.374,uav_2,6.5,False,False,False,False,False,1,"[{""id"": ""obstacle_0"", ""kind"": ""static_obstacle"", ""x"": 50.0, ""y"": 50.0, ""radius"": 5.0}]"
delayed_track_sharing,88,17.6,0,30.745,29.588,94.0,90.0,50.0,50.0,,,position_noise+confidence_error,,trust_weighted_fusion,move,3,0,87.469,7.587,23.061,uav_2,7.587,False,False,False,False,False,1,"[{""id"": ""obstacle_0"", ""kind"": ""static_obstacle"", ""x"": 50.0, ""y"": 50.0, ""radius"": 5.0}]"
delayed_track_sharing,88,17.6,1,31.077,39.236,90.0,94.0,50.0,50.0,,,position_noise+confidence_error,,trust_weighted_fusion,move,3,0,80.443,9.654,16.771,uav_0,9.654,False,False,False,False,False,1,"[{""id"": ""obstacle_0"", ""kind"": ""static_obstacle"", ""x"": 50.0, ""y"": 50.0, ""radius"": 5.0}]"
delayed_track_sharing,88,17.6,2,37.822,32.322,86.0,90.0,50.0,50.0,,,false_negative+position_noise+confidence_error,,trust_weighted_fusion,move,2,0,75.152,6.497,16.466,uav_3,6.497,False,False,False,False,False,1,"[{""id"": ""obstacle_0"", ""kind"": ""static_obstacle"", ""x"": 50.0, ""y"": 50.0, ""radius"": 5.0}]"
delayed_track_sharing,88,17.6,3,41.773,37.48,90.0,86.0,50.0,50.0,,,false_negative+position_noise+confidence_error,,trust_weighted_fusion,move,2,0,68.411,6.497,9.981,uav_2,6.497,False,False,False,False,False,1,"[{""id"": ""obstacle_0"", ""kind"": ""static_obstacle"", ""x"": 50.0, ""y"": 50.0, ""radius"": 5.0}]"
delayed_track_sharing,89,17.8,0,31.034,29.864,94.0,90.0,50.0,50.0,,,position_noise+confidence_error,,trust_weighted_fusion,move,3,0,87.069,7.618,22.661,uav_2,7.618,False,False,False,False,False,1,"[{""id"": ""obstacle_0"", ""kind"": ""static_obstacle"", ""x"": 50.0, ""y"": 50.0, ""radius"": 5.0}]"
delayed_track_sharing,89,17.8,1,31.37,39.508,90.0,94.0,50.0,50.0,,,position_noise+confidence_error,,trust_weighted_fusion,move,3,0,80.043,9.65,16.382,uav_0,9.65,False,False,False,False,False,1,"[{""id"": ""obstacle_0"", ""kind"": ""static_obstacle"", ""x"": 50.0, ""y"": 50.0, ""radius"": 5.0}]"
delayed_track_sharing,89,17.8,2,38.186,32.488,86.0,90.0,50.0,50.0,49.435,48.463,position_noise+confidence_error,0.193,trust_weighted_fusion,avoidance,4,0,74.792,6.316,16.124,uav_3,6.316,False,False,False,False,False,1,"[{""id"": ""obstacle_0"", ""kind"": ""static_obstacle"", ""x"": 50.0, ""y"": 50.0, ""radius"": 5.0}]"
delayed_track_sharing,89,17.8,3,42.164,37.394,90.0,86.0,50.0,50.0,49.435,48.463,false_negative+position_noise+confidence_error,0.193,trust_weighted_fusion,avoidance,3,0,68.197,6.316,9.843,uav_2,6.316,False,False,False,False,False,1,"[{""id"": ""obstacle_0"", ""kind"": ""static_obstacle"", ""x"": 50.0, ""y"": 50.0, ""radius"": 5.0}]"
delayed_track_sharing,90,18.0,0,31.323,30.14,94.0,90.0,50.0,50.0,,,position_noise+confidence_error,,trust_weighted_fusion,move,3,0,86.669,7.598,22.262,uav_2,7.598,False,False,False,False,False,1,"[{""id"": ""obstacle_0"", ""kind"": ""static_obstacle"", ""x"": 50.0, ""y"": 50.0, ""radius"": 5.0}]"
delayed_track_sharing,90,18.0,1,31.663,39.78,90.0,94.0,50.0,50.0,,,position_noise+confidence_error,,trust_weighted_fusion,move,3,0,79.643,9.646,15.993,uav_0,9.646,False,False,False,False,False,1,"[{""id"": ""obstacle_0"", ""kind"": ""static_obstacle"", ""x"": 50.0, ""y"": 50.0, ""radius"": 5.0}]"
delayed_track_sharing,90,18.0,2,38.442,32.795,86.0,90.0,50.0,50.0,,,false_negative+position_noise+confidence_error,,trust_weighted_fusion,move,2,0,74.392,6.157,15.726,uav_3,6.157,False,False,False,False,False,1,"[{""id"": ""obstacle_0"", ""kind"": ""static_obstacle"", ""x"": 50.0, ""y"": 50.0, ""radius"": 5.0}]"
delayed_track_sharing,90,18.0,3,42.563,37.369,90.0,86.0,50.0,50.0,50.603,49.243,position_noise+confidence_error,0.388,trust_weighted_fusion,avoidance,4,0,67.935,6.157,9.657,uav_2,6.157,False,False,False,False,False,1,"[{""id"": ""obstacle_0"", ""kind"": ""static_obstacle"", ""x"": 50.0, ""y"": 50.0, ""radius"": 5.0}]"
delayed_track_sharing,91,18.2,0,31.613,30.417,94.0,90.0,50.0,50.0,,,position_noise+confidence_error,,trust_weighted_fusion,move,3,0,86.269,7.577,21.863,uav_2,7.577,False,False,False,False,False,1,"[{""id"": ""obstacle_0"", ""kind"": ""static_obstacle"", ""x"": 50.0, ""y"": 50.0, ""radius"": 5.0}]"
delayed_track_sharing,91,18.2,1,31.956,40.053,90.0,94.0,50.0,50.0,,,false_negative+position_noise+confidence_error,,trust_weighted_fusion,move,2,0,79.243,9.642,15.605,uav_0,9.642,False,False,False,False,False,1,"[{""id"": ""obstacle_0"", ""kind"": ""static_obstacle"", ""x"": 50.0, ""y"": 50.0, ""radius"": 5.0}]"
delayed_track_sharing,91,18.2,2,38.698,33.103,86.0,90.0,50.0,50.0,,,position_noise+confidence_error,,trust_weighted_fusion,move,3,0,73.992,6.011,15.329,uav_3,6.011,False,False,False,False,False,1,"[{""id"": ""obstacle_0"", ""kind"": ""static_obstacle"", ""x"": 50.0, ""y"": 50.0, ""radius"": 5.0}]"
delayed_track_sharing,91,18.2,3,42.962,37.34,90.0,86.0,50.0,50.0,49.489,49.889,false_negative+position_noise+confidence_error,0.511,trust_weighted_fusion,avoidance,3,0,67.678,6.011,9.485,uav_2,6.011,False,False,False,False,False,1,"[{""id"": ""obstacle_0"", ""kind"": ""static_obstacle"", ""x"": 50.0, ""y"": 50.0, ""radius"": 5.0}]"
delayed_track_sharing,92,18.4,0,31.902,30.693,94.0,90.0,50.0,50.0,,,false_negative+position_noise+confidence_error,,trust_weighted_fusion,move,2,0,85.869,7.557,21.463,uav_2,7.557,False,False,False,False,False,1,"[{""id"": ""obstacle_0"", ""kind"": ""static_obstacle"", ""x"": 50.0, ""y"": 50.0, ""radius"": 5.0}]"
delayed_track_sharing,92,18.4,1,32.248,40.325,90.0,94.0,50.0,50.0,,,position_noise+confidence_error,,trust_weighted_fusion,move,3,0,78.843,9.632,15.217,uav_2,9.632,False,False,False,False,False,1,"[{""id"": ""obstacle_0"", ""kind"": ""static_obstacle"", ""x"": 50.0, ""y"": 50.0, ""radius"": 5.0}]"
delayed_track_sharing,92,18.4,2,38.954,33.41,86.0,90.0,50.0,50.0,,,false_negative+position_noise+confidence_error,,trust_weighted_fusion,move,2,0,73.592,5.931,14.931,uav_3,5.931,False,False,False,False,False,1,"[{""id"": ""obstacle_0"", ""kind"": ""static_obstacle"", ""x"": 50.0, ""y"": 50.0, ""radius"": 5.0}]"
delayed_track_sharing,92,18.4,3,43.36,37.38,90.0,86.0,50.0,50.0,51.69,50.905,false_negative+position_noise+confidence_error,0.432,trust_weighted_fusion,avoidance,3,0,67.373,5.931,9.26,uav_2,5.931,False,False,False,False,False,1,"[{""id"": ""obstacle_0"", ""kind"": ""static_obstacle"", ""x"": 50.0, ""y"": 50.0, ""radius"": 5.0}]"
delayed_track_sharing,93,18.6,0,32.191,30.969,94.0,90.0,50.0,50.0,,,false_negative+position_noise+confidence_error,,trust_weighted_fusion,move,2,0,85.469,7.589,21.064,uav_2,7.589,False,False,False,False,False,1,"[{""id"": ""obstacle_0"", ""kind"": ""static_obstacle"", ""x"": 50.0, ""y"": 50.0, ""radius"": 5.0}]"
delayed_track_sharing,93,18.6,1,32.607,40.503,90.0,94.0,50.0,50.0,48.989,47.988,false_negative+position_noise+confidence_error,0.529,trust_weighted_fusion,avoidance,3,0,78.46,9.543,14.817,uav_0,9.543,False,False,False,False,False,1,"[{""id"": ""obstacle_0"", ""kind"": ""static_obstacle"", ""x"": 50.0, ""y"": 50.0, ""radius"": 5.0}]"
delayed_track_sharing,93,18.6,2,39.335,33.532,86.0,90.0,50.0,50.0,48.989,47.988,false_negative+position_noise+confidence_error,0.529,trust_weighted_fusion,avoidance,3,0,73.255,5.752,14.62,uav_3,5.752,False,False,False,False,False,1,"[{""id"": ""obstacle_0"", ""kind"": ""static_obstacle"", ""x"": 50.0, ""y"": 50.0, ""radius"": 5.0}]"
delayed_track_sharing,93,18.6,3,43.734,37.238,90.0,86.0,50.0,50.0,48.989,47.988,position_noise+confidence_error,0.529,trust_weighted_fusion,avoidance,4,0,67.218,5.752,9.217,uav_2,5.752,False,False,False,False,False,1,"[{""id"": ""obstacle_0"", ""kind"": ""static_obstacle"", ""x"": 50.0, ""y"": 50.0, ""radius"": 5.0}]"
delayed_track_sharing,94,18.8,0,32.48,31.245,94.0,90.0,50.0,50.0,,,false_negative+position_noise+confidence_error,,trust_weighted_fusion,move,2,0,85.069,7.568,20.665,uav_2,7.568,False,False,False,False,False,1,"[{""id"": ""obstacle_0"", ""kind"": ""static_obstacle"", ""x"": 50.0, ""y"": 50.0, ""radius"": 5.0}]"
delayed_track_sharing,94,18.8,1,32.899,40.776,90.0,94.0,50.0,50.0,50.436,50.816,false_negative+position_noise+confidence_error,0.174,trust_weighted_fusion,move,3,0,78.06,9.539,14.43,uav_0,9.539,False,False,False,False,False,1,"[{""id"": ""obstacle_0"", ""kind"": ""static_obstacle"", ""x"": 50.0, ""y"": 50.0, ""radius"": 5.0}]"
delayed_track_sharing,94,18.8,2,39.589,33.84,86.0,90.0,50.0,50.0,51.999,49.68,position_noise+confidence_error,0.225,trust_weighted_fusion,move,4,0,72.855,5.676,14.223,uav_3,5.676,False,False,False,False,False,1,"[{""id"": ""obstacle_0"", ""kind"": ""static_obstacle"", ""x"": 50.0, ""y"": 50.0, ""radius"": 5.0}]"
delayed_track_sharing,94,18.8,3,44.134,37.241,90.0,86.0,50.0,50.0,51.317,50.175,false_negative+position_noise+confidence_error,0.28,trust_weighted_fusion,avoidance,3,0,66.941,5.676,9.043,uav_2,5.676,False,False,False,False,False,1,"[{""id"": ""obstacle_0"", ""kind"": ""static_obstacle"", ""x"": 50.0, ""y"": 50.0, ""radius"": 5.0}]"
delayed_track_sharing,95,19.0,0,32.77,31.522,94.0,90.0,50.0,50.0,,,position_noise+confidence_error,,trust_weighted_fusion,move,3,0,84.669,7.603,20.265,uav_2,7.603,False,False,False,False,False,1,"[{""id"": ""obstacle_0"", ""kind"": ""static_obstacle"", ""x"": 50.0, ""y"": 50.0, ""radius"": 5.0}]"
delayed_track_sharing,95,19.0,1,33.266,40.936,90.0,94.0,50.0,50.0,49.331,50.173,false_negative+position_noise+confidence_error,0.368,trust_weighted_fusion,avoidance,3,0,77.682,9.427,14.031,uav_0,9.427,False,False,False,False,False,1,"[{""id"": ""obstacle_0"", ""kind"": ""static_obstacle"", ""x"": 50.0, ""y"": 50.0, ""radius"": 5.0}]"
delayed_track_sharing,95,19.0,2,39.962,33.985,86.0,90.0,50.0,50.0,49.331,50.173,position_noise+confidence_error,0.368,trust_weighted_fusion,avoidance,4,0,72.506,5.595,13.901,uav_3,5.595,False,False,False,False,False,1,"[{""id"": ""obstacle_0"", ""kind"": ""static_obstacle"", ""x"": 50.0, ""y"": 50.0, ""radius"": 5.0}]"
delayed_track_sharing,95,19.0,3,44.533,37.212,90.0,86.0,50.0,50.0,49.331,50.173,false_negative+position_noise+confidence_error,0.368,trust_weighted_fusion,avoidance,2,0,66.69,5.595,8.907,uav_2,5.595,False,False,False,False,False,1,"[{""id"": ""obstacle_0"", ""kind"": ""static_obstacle"", ""x"": 50.0, ""y"": 50.0, ""radius"": 5.0}]"
delayed_track_sharing,96,19.2,0,33.059,31.798,94.0,90.0,50.0,50.0,,,false_negative+position_noise+confidence_error,,trust_weighted_fusion,move,1,0,84.269,7.641,19.866,uav_2,7.641,False,False,False,False,False,1,"[{""id"": ""obstacle_0"", ""kind"": ""static_obstacle"", ""x"": 50.0, ""y"": 50.0, ""radius"": 5.0}]"
delayed_track_sharing,96,19.2,1,33.63,41.102,90.0,94.0,50.0,50.0,49.551,49.063,position_noise+confidence_error,0.37,trust_weighted_fusion,avoidance,4,0,77.303,9.321,13.632,uav_0,9.321,False,False,False,False,False,1,"[{""id"": ""obstacle_0"", ""kind"": ""static_obstacle"", ""x"": 50.0, ""y"": 50.0, ""radius"": 5.0}]"
delayed_track_sharing,96,19.2,2,40.342,34.11,86.0,90.0,50.0,50.0,49.551,49.063,false_negative+position_noise+confidence_error,0.37,trust_weighted_fusion,avoidance,3,0,72.169,5.491,13.595,uav_3,5.491,False,False,False,False,False,1,"[{""id"": ""obstacle_0"", ""kind"": ""static_obstacle"", ""x"": 50.0, ""y"": 50.0, ""radius"": 5.0}]"
delayed_track_sharing,96,19.2,3,44.925,37.135,90.0,86.0,50.0,50.0,49.551,49.063,false_negative+position_noise+confidence_error,0.37,trust_weighted_fusion,avoidance,3,0,66.48,5.491,8.83,uav_2,5.491,False,False,False,False,False,1,"[{""id"": ""obstacle_0"", ""kind"": ""static_obstacle"", ""x"": 50.0, ""y"": 50.0, ""radius"": 5.0}]"
delayed_track_sharing,97,19.4,0,33.348,32.074,94.0,90.0,50.0,50.0,,,position_noise+confidence_error,,trust_weighted_fusion,move,3,0,83.869,7.684,19.467,uav_2,7.684,False,False,False,False,False,1,"[{""id"": ""obstacle_0"", ""kind"": ""static_obstacle"", ""x"": 50.0, ""y"": 50.0, ""radius"": 5.0}]"
delayed_track_sharing,97,19.4,1,33.999,41.257,90.0,94.0,50.0,50.0,49.495,49.404,position_noise+confidence_error,0.467,trust_weighted_fusion,avoidance,4,0,76.928,9.206,13.234,uav_0,9.206,False,False,False,False,False,1,"[{""id"": ""obstacle_0"", ""kind"": ""static_obstacle"", ""x"": 50.0, ""y"": 50.0, ""radius"": 5.0}]"
delayed_track_sharing,97,19.4,2,40.723,34.232,86.0,90.0,50.0,50.0,49.495,49.404,position_noise+confidence_error,0.467,trust_weighted_fusion,avoidance,4,0,71.833,5.406,13.294,uav_3,5.406,False,False,False,False,False,1,"[{""id"": ""obstacle_0"", ""kind"": ""static_obstacle"", ""x"": 50.0, ""y"": 50.0, ""radius"": 5.0}]"
delayed_track_sharing,97,19.4,3,45.321,37.075,90.0,86.0,50.0,50.0,49.495,49.404,false_negative+position_noise+confidence_error,0.467,trust_weighted_fusion,avoidance,3,0,66.256,5.406,8.746,uav_2,5.406,False,False,False,False,False,1,"[{""id"": ""obstacle_0"", ""kind"": ""static_obstacle"", ""x"": 50.0, ""y"": 50.0, ""radius"": 5.0}]"
delayed_track_sharing,98,19.6,0,33.638,32.35,94.0,90.0,50.0,50.0,,,position_noise+confidence_error,,trust_weighted_fusion,move,3,0,83.469,7.728,19.067,uav_2,7.728,False,False,False,False,False,1,"[{""id"": ""obstacle_0"", ""kind"": ""static_obstacle"", ""x"": 50.0, ""y"": 50.0, ""radius"": 5.0}]"
delayed_track_sharing,98,19.6,1,34.358,41.433,90.0,94.0,50.0,50.0,51.013,50.498,false_negative+position_noise+confidence_error,0.459,trust_weighted_fusion,avoidance,3,0,76.547,9.111,12.835,uav_0,9.111,False,False,False,False,False,1,"[{""id"": ""obstacle_0"", ""kind"": ""static_obstacle"", ""x"": 50.0, ""y"": 50.0, ""radius"": 5.0}]"
delayed_track_sharing,98,19.6,2,41.092,34.388,86.0,90.0,50.0,50.0,51.013,50.498,position_noise+confidence_error,0.459,trust_weighted_fusion,avoidance,4,0,71.481,5.352,12.975,uav_3,5.352,False,False,False,False,False,1,"[{""id"": ""obstacle_0"", ""kind"": ""static_obstacle"", ""x"": 50.0, ""y"": 50.0, ""radius"": 5.0}]"
delayed_track_sharing,98,19.6,3,45.721,37.075,90.0,86.0,50.0,50.0,51.013,50.498,false_negative+position_noise+confidence_error,0.459,trust_weighted_fusion,avoidance,3,0,65.987,5.352,8.615,uav_2,5.352,False,False,False,False,False,1,"[{""id"": ""obstacle_0"", ""kind"": ""static_obstacle"", ""x"": 50.0, ""y"": 50.0, ""radius"": 5.0}]"
delayed_track_sharing,99,19.8,0,33.927,32.627,94.0,90.0,50.0,50.0,,,false_negative+position_noise+confidence_error,,trust_weighted_fusion,move,2,0,83.069,7.777,18.668,uav_2,7.777,False,False,False,False,False,1,"[{""id"": ""obstacle_0"", ""kind"": ""static_obstacle"", ""x"": 50.0, ""y"": 50.0, ""radius"": 5.0}]"
delayed_track_sharing,99,19.8,1,34.722,41.598,90.0,94.0,50.0,50.0,50.478,49.549,false_negative+position_noise+confidence_error,0.499,trust_weighted_fusion,avoidance,3,0,76.168,9.006,12.436,uav_0,9.006,False,False,False,False,False,1,"[{""id"": ""obstacle_0"", ""kind"": ""static_obstacle"", ""x"": 50.0, ""y"": 50.0, ""radius"": 5.0}]"
delayed_track_sharing,99,19.8,2,41.471,34.514,86.0,90.0,50.0,50.0,50.478,49.549,false_negative+position_noise+confidence_error,0.499,trust_weighted_fusion,avoidance,4,0,71.144,5.283,12.679,uav_3,5.283,False,False,False,False,False,1,"[{""id"": ""obstacle_0"", ""kind"": ""static_obstacle"", ""x"": 50.0, ""y"": 50.0, ""radius"": 5.0}]"
delayed_track_sharing,99,19.8,3,46.118,37.028,90.0,86.0,50.0,50.0,50.478,49.549,position_noise+confidence_error,0.499,trust_weighted_fusion,avoidance,4,0,65.756,5.283,8.54,uav_2,5.283,False,False,False,False,False,1,"[{""id"": ""obstacle_0"", ""kind"": ""static_obstacle"", ""x"": 50.0, ""y"": 50.0, ""radius"": 5.0}]"
delayed_track_sharing,100,20.0,0,34.216,32.903,94.0,90.0,50.0,50.0,,,position_noise+confidence_error,,trust_weighted_fusion,move,3,0,82.669,7.831,18.269,uav_2,7.831,False,False,False,False,False,1,"[{""id"": ""obstacle_0"", ""kind"": ""static_obstacle"", ""x"": 50.0, ""y"": 50.0, ""radius"": 5.0}]"
delayed_track_sharing,100,20.0,1,35.113,41.683,90.0,94.0,50.0,50.0,48.428,50.202,position_noise+confidence_error,0.492,trust_weighted_fusion,avoidance,4,0,75.827,8.825,12.053,uav_0,8.825,False,False,False,False,False,1,"[{""id"": ""obstacle_0"", ""kind"": ""static_obstacle"", ""x"": 50.0, ""y"": 50.0, ""radius"": 5.0}]"
delayed_track_sharing,100,20.0,2,41.857,34.618,86.0,90.0,50.0,50.0,48.428,50.202,false_negative+position_noise+confidence_error,0.492,trust_weighted_fusion,avoidance,2,0,70.822,5.239,12.404,uav_3,5.239,False,False,False,False,False,1,"[{""id"": ""obstacle_0"", ""kind"": ""static_obstacle"", ""x"": 50.0, ""y"": 50.0, ""radius"": 5.0}]"
delayed_track_sharing,100,20.0,3,46.518,37.011,90.0,86.0,50.0,50.0,48.428,50.202,false_negative+position_noise+confidence_error,0.492,trust_weighted_fusion,avoidance,3,0,65.503,5.239,8.447,uav_2,5.239,False,False,False,False,False,1,"[{""id"": ""obstacle_0"", ""kind"": ""static_obstacle"", ""x"": 50.0, ""y"": 50.0, ""radius"": 5.0}]"
delayed_track_sharing,101,20.2,0,33.857,32.726,94.0,90.0,50.0,50.0,,,position_noise+confidence_error,,trust_weighted_fusion,avoidance,3,0,83.051,8.621,18.643,uav_2,8.621,False,False,False,False,False,1,"[{""id"": ""obstacle_0"", ""kind"": ""static_obstacle"", ""x"": 50.0, ""y"": 50.0, ""radius"": 5.0}]"
delayed_track_sharing,101,20.2,1,35.497,41.794,90.0,94.0,50.0,50.0,49.431,49.821,false_negative+position_noise+confidence_error,0.335,trust_weighted_fusion,avoidance,3,0,75.472,9.215,11.663,uav_0,9.215,False,False,False,False,False,1,"[{""id"": ""obstacle_0"", ""kind"": ""static_obstacle"", ""x"": 50.0, ""y"": 50.0, ""radius"": 5.0}]"
delayed_track_sharing,101,20.2,2,42.244,34.721,86.0,90.0,50.0,50.0,49.431,49.821,false_negative+position_noise+confidence_error,0.335,trust_weighted_fusion,avoidance,4,0,70.501,5.189,12.135,uav_3,5.189,False,False,False,False,False,1,"[{""id"": ""obstacle_0"", ""kind"": ""static_obstacle"", ""x"": 50.0, ""y"": 50.0, ""radius"": 5.0}]"
delayed_track_sharing,101,20.2,3,46.916,36.979,90.0,86.0,50.0,50.0,49.431,49.821,position_noise+confidence_error,0.335,trust_weighted_fusion,avoidance,4,0,65.263,5.189,8.382,uav_2,5.189,False,False,False,False,False,1,"[{""id"": ""obstacle_0"", ""kind"": ""static_obstacle"", ""x"": 50.0, ""y"": 50.0, ""radius"": 5.0}]"
delayed_track_sharing,102,20.4,0,34.147,33.002,94.0,90.0,50.0,50.0,,,false_negative+position_noise+confidence_error,,trust_weighted_fusion,move,2,0,82.651,8.675,18.243,uav_2,8.675,False,False,False,False,False,1,"[{""id"": ""obstacle_0"", ""kind"": ""static_obstacle"", ""x"": 50.0, ""y"": 50.0, ""radius"": 5.0}]"
delayed_track_sharing,102,20.4,1,35.851,41.98,90.0,94.0,50.0,50.0,51.934,49.073,false_negative+position_noise+confidence_error,0.467,trust_weighted_fusion,avoidance,4,0,75.088,9.139,11.264,uav_0,9.139,False,False,False,False,False,1,"[{""id"": ""obstacle_0"", ""kind"": ""static_obstacle"", ""x"": 50.0, ""y"": 50.0, ""radius"": 5.0}]"
delayed_track_sharing,102,20.4,2,42.625,34.843,86.0,90.0,50.0,50.0,51.934,49.073,false_negative+position_noise+confidence_error,0.467,trust_weighted_fusion,avoidance,3,0,70.169,5.127,11.856,uav_3,5.127,False,False,False,False,False,1,"[{""id"": ""obstacle_0"", ""kind"": ""static_obstacle"", ""x"": 50.0, ""y"": 50.0, ""radius"": 5.0}]"
delayed_track_sharing,102,20.4,3,47.312,36.92,90.0,86.0,50.0,50.0,51.934,49.073,false_negative+position_noise+confidence_error,0.467,trust_weighted_fusion,avoidance,4,0,65.047,5.127,8.353,uav_2,5.127,False,False,False,False,False,1,"[{""id"": ""obstacle_0"", ""kind"": ""static_obstacle"", ""x"": 50.0, ""y"": 50.0, ""radius"": 5.0}]"
delayed_track_sharing,103,20.6,0,34.437,33.278,94.0,90.0,50.0,50.0,,,false_negative+position_noise+confidence_error,,trust_weighted_fusion,move,2,0,82.251,8.736,17.844,uav_2,8.736,False,False,False,False,False,1,"[{""id"": ""obstacle_0"", ""kind"": ""static_obstacle"", ""x"": 50.0, ""y"": 50.0, ""radius"": 5.0}]"
delayed_track_sharing,103,20.6,1,36.24,42.077,90.0,94.0,50.0,50.0,49.727,49.452,false_negative+position_noise+confidence_error,0.414,trust_weighted_fusion,avoidance,4,0,74.741,8.982,10.879,uav_0,8.982,False,False,False,False,False,1,"[{""id"": ""obstacle_0"", ""kind"": ""static_obstacle"", ""x"": 50.0, ""y"": 50.0, ""radius"": 5.0}]"
delayed_track_sharing,103,20.6,2,43.016,34.927,86.0,90.0,50.0,50.0,49.727,49.452,false_negative+position_noise+confidence_error,0.414,trust_weighted_fusion,avoidance,3,0,69.862,5.084,11.613,uav_3,5.084,False,False,False,False,False,1,"[{""id"": ""obstacle_0"", ""kind"": ""static_obstacle"", ""x"": 50.0, ""y"": 50.0, ""radius"": 5.0}]"
delayed_track_sharing,103,20.6,3,47.71,36.88,90.0,86.0,50.0,50.0,49.727,49.452,false_negative+position_noise+confidence_error,0.414,trust_weighted_fusion,avoidance,3,0,64.817,5.084,8.318,uav_2,5.084,False,False,False,False,False,1,"[{""id"": ""obstacle_0"", ""kind"": ""static_obstacle"", ""x"": 50.0, ""y"": 50.0, ""radius"": 5.0}]"
delayed_track_sharing,104,20.8,0,34.726,33.554,94.0,90.0,50.0,50.0,,,false_negative+position_noise+confidence_error,,trust_weighted_fusion,move,2,0,81.851,8.799,17.445,uav_2,8.799,False,False,False,False,False,1,"[{""id"": ""obstacle_0"", ""kind"": ""static_obstacle"", ""x"": 50.0, ""y"": 50.0, ""radius"": 5.0}]"
delayed_track_sharing,104,20.8,1,36.622,42.195,90.0,94.0,50.0,50.0,50.644,50.766,position_noise+confidence_error,0.346,trust_weighted_fusion,avoidance,4,0,74.384,8.847,10.489,uav_0,8.847,False,False,False,False,False,1,"[{""id"": ""obstacle_0"", ""kind"": ""static_obstacle"", ""x"": 50.0, ""y"": 50.0, ""radius"": 5.0}]"
delayed_track_sharing,104,20.8,2,43.397,35.048,86.0,90.0,50.0,50.0,50.644,50.766,false_negative+position_noise+confidence_error,0.346,trust_weighted_fusion,avoidance,2,0,69.532,5.061,11.345,uav_3,5.061,False,False,False,False,False,1,"[{""id"": ""obstacle_0"", ""kind"": ""static_obstacle"", ""x"": 50.0, ""y"": 50.0, ""radius"": 5.0}]"
delayed_track_sharing,104,20.8,3,48.11,36.893,90.0,86.0,50.0,50.0,50.644,50.766,false_negative+position_noise+confidence_error,0.346,trust_weighted_fusion,avoidance,4,0,64.547,5.061,8.243,uav_2,5.061,False,False,False,False,False,1,"[{""id"": ""obstacle_0"", ""kind"": ""static_obstacle"", ""x"": 50.0, ""y"": 50.0, ""radius"": 5.0}]"
delayed_track_sharing,105,21.0,0,35.016,33.829,94.0,90.0,50.0,50.0,,,position_noise+confidence_error,,trust_weighted_fusion,move,3,0,81.451,8.753,17.046,uav_1,8.753,False,False,False,False,False,1,"[{""id"": ""obstacle_0"", ""kind"": ""static_obstacle"", ""x"": 50.0, ""y"": 50.0, ""radius"": 5.0}]"
delayed_track_sharing,105,21.0,1,36.987,42.357,90.0,94.0,50.0,50.0,51.808,49.019,false_negative+position_noise+confidence_error,0.363,trust_weighted_fusion,avoidance,1,0,74.009,8.753,10.091,uav_0,8.753,False,False,False,False,False,1,"[{""id"": ""obstacle_0"", ""kind"": ""static_obstacle"", ""x"": 50.0, ""y"": 50.0, ""radius"": 5.0}]"
delayed_track_sharing,105,21.0,2,43.786,35.141,86.0,90.0,50.0,50.0,51.808,49.019,false_negative+position_noise+confidence_error,0.363,trust_weighted_fusion,avoidance,4,0,69.221,5.013,11.106,uav_3,5.013,False,False,False,False,False,1,"[{""id"": ""obstacle_0"", ""kind"": ""static_obstacle"", ""x"": 50.0, ""y"": 50.0, ""radius"": 5.0}]"
delayed_track_sharing,105,21.0,3,48.505,36.833,90.0,86.0,50.0,50.0,51.808,49.019,false_negative+position_noise+confidence_error,0.363,trust_weighted_fusion,avoidance,1,0,64.337,5.013,8.252,uav_2,5.013,False,False,False,False,False,1,"[{""id"": ""obstacle_0"", ""kind"": ""static_obstacle"", ""x"": 50.0, ""y"": 50.0, ""radius"": 5.0}]"
delayed_track_sharing,106,21.2,0,35.306,34.105,94.0,90.0,50.0,50.0,,,position_noise+confidence_error,,trust_weighted_fusion,move,3,0,81.051,8.471,16.646,uav_1,8.471,False,False,False,False,False,1,"[{""id"": ""obstacle_0"", ""kind"": ""static_obstacle"", ""x"": 50.0, ""y"": 50.0, ""radius"": 5.0}]"
delayed_track_sharing,106,21.2,1,37.385,42.317,90.0,94.0,50.0,50.0,48.681,50.036,false_negative+position_noise+confidence_error,0.527,trust_weighted_fusion,avoidance,3,0,73.752,8.471,9.77,uav_0,8.471,False,False,False,False,False,1,"[{""id"": ""obstacle_0"", ""kind"": ""static_obstacle"", ""x"": 50.0, ""y"": 50.0, ""radius"": 5.0}]"
delayed_track_sharing,106,21.2,2,44.18,35.211,86.0,90.0,50.0,50.0,48.681,50.036,position_noise+confidence_error,0.527,trust_weighted_fusion,avoidance,4,0,68.925,4.999,10.893,uav_3,4.999,False,False,False,False,False,1,"[{""id"": ""obstacle_0"", ""kind"": ""static_obstacle"", ""x"": 50.0, ""y"": 50.0, ""radius"": 5.0}]"
delayed_track_sharing,106,21.2,3,48.905,36.842,90.0,86.0,50.0,50.0,48.681,50.036,position_noise+confidence_error,0.527,trust_weighted_fusion,avoidance,4,0,64.072,4.999,8.203,uav_2,4.999,False,False,False,False,False,1,"[{""id"": ""obstacle_0"", ""kind"": ""static_obstacle"", ""x"": 50.0, ""y"": 50.0, ""radius"": 5.0}]"
delayed_track_sharing,107,21.4,0,35.682,34.241,94.0,90.0,50.0,50.0,49.941,47.69,false_negative+position_noise+confidence_error,0.537,trust_weighted_fusion,avoidance,3,0,80.685,8.351,16.292,uav_1,8.351,False,False,False,False,False,1,"[{""id"": ""obstacle_0"", ""kind"": ""static_obstacle"", ""x"": 50.0, ""y"": 50.0, ""radius"": 5.0}]"
delayed_track_sharing,107,21.4,1,37.785,42.323,90.0,94.0,50.0,50.0,49.941,47.69,false_negative+position_noise+confidence_error,0.537,trust_weighted_fusion,avoidance,2,0,73.464,8.351,9.427,uav_0,8.351,False,False,False,False,False,1,"[{""id"": ""obstacle_0"", ""kind"": ""static_obstacle"", ""x"": 50.0, ""y"": 50.0, ""radius"": 5.0}]"
delayed_track_sharing,107,21.4,2,44.58,35.201,86.0,90.0,50.0,50.0,49.941,47.69,false_negative+position_noise+confidence_error,0.537,trust_weighted_fusion,avoidance,3,0,68.692,4.959,10.761,uav_3,4.959,False,False,False,False,False,1,"[{""id"": ""obstacle_0"", ""kind"": ""static_obstacle"", ""x"": 50.0, ""y"": 50.0, ""radius"": 5.0}]"
delayed_track_sharing,107,21.4,3,49.293,36.744,90.0,86.0,50.0,50.0,49.941,47.69,false_negative+position_noise+confidence_error,0.537,trust_weighted_fusion,avoidance,3,0,63.9,4.959,8.275,uav_2,4.959,False,False,False,False,False,1,"[{""id"": ""obstacle_0"", ""kind"": ""static_obstacle"", ""x"": 50.0, ""y"": 50.0, ""radius"": 5.0}]"
delayed_track_sharing,108,21.6,0,35.971,34.518,94.0,90.0,50.0,50.0,,,position_noise+confidence_error,,trust_weighted_fusion,move,3,0,80.285,8.161,15.893,uav_1,8.161,False,False,False,False,False,1,"[{""id"": ""obstacle_0"", ""kind"": ""static_obstacle"", ""x"": 50.0, ""y"": 50.0, ""radius"": 5.0}]"
delayed_track_sharing,108,21.6,1,38.182,42.373,90.0,94.0,50.0,50.0,50.713,49.359,false_negative+position_noise+confidence_error,0.515,trust_weighted_fusion,avoidance,4,0,73.147,8.161,9.065,uav_0,8.161,False,False,False,False,False,1,"[{""id"": ""obstacle_0"", ""kind"": ""static_obstacle"", ""x"": 50.0, ""y"": 50.0, ""radius"": 5.0}]"
delayed_track_sharing,108,21.6,2,44.975,35.264,86.0,90.0,50.0,50.0,50.713,49.359,false_negative+position_noise+confidence_error,0.515,trust_weighted_fusion,avoidance,3,0,68.404,4.937,10.569,uav_3,4.937,False,False,False,False,False,1,"[{""id"": ""obstacle_0"", ""kind"": ""static_obstacle"", ""x"": 50.0, ""y"": 50.0, ""radius"": 5.0}]"
delayed_track_sharing,108,21.6,3,49.692,36.721,90.0,86.0,50.0,50.0,50.713,49.359,false_negative+position_noise+confidence_error,0.515,trust_weighted_fusion,avoidance,3,0,63.665,4.937,8.283,uav_2,4.937,False,False,False,False,False,1,"[{""id"": ""obstacle_0"", ""kind"": ""static_obstacle"", ""x"": 50.0, ""y"": 50.0, ""radius"": 5.0}]"
delayed_track_sharing,109,21.8,0,36.26,34.794,94.0,90.0,50.0,50.0,,,false_negative+position_noise+confidence_error,,trust_weighted_fusion,move,2,0,79.885,8.011,15.494,uav_1,8.011,False,False,False,False,False,1,"[{""id"": ""obstacle_0"", ""kind"": ""static_obstacle"", ""x"": 50.0, ""y"": 50.0, ""radius"": 5.0}]"
delayed_track_sharing,109,21.8,1,38.571,42.465,90.0,94.0,50.0,50.0,51.679,50.332,false_negative+position_noise+confidence_error,0.431,trust_weighted_fusion,avoidance,3,0,72.807,8.011,8.689,uav_0,8.011,False,False,False,False,False,1,"[{""id"": ""obstacle_0"", ""kind"": ""static_obstacle"", ""x"": 50.0, ""y"": 50.0, ""radius"": 5.0}]"
delayed_track_sharing,109,21.8,2,45.362,35.364,86.0,90.0,50.0,50.0,51.679,50.332,false_negative+position_noise+confidence_error,0.431,trust_weighted_fusion,avoidance,2,0,68.092,4.924,10.353,uav_3,4.924,False,False,False,False,False,1,"[{""id"": ""obstacle_0"", ""kind"": ""static_obstacle"", ""x"": 50.0, ""y"": 50.0, ""radius"": 5.0}]"
delayed_track_sharing,109,21.8,3,50.092,36.733,90.0,86.0,50.0,50.0,51.679,50.332,false_negative+position_noise+confidence_error,0.431,trust_weighted_fusion,avoidance,3,0,63.403,4.924,8.268,uav_2,4.924,False,False,False,False,False,1,"[{""id"": ""obstacle_0"", ""kind"": ""static_obstacle"", ""x"": 50.0, ""y"": 50.0, ""radius"": 5.0}]"
delayed_track_sharing,110,22.0,0,36.641,34.918,94.0,90.0,50.0,50.0,49.647,49.48,false_negative+position_noise+confidence_error,0.507,trust_weighted_fusion,avoidance,2,0,79.525,7.783,15.148,uav_1,7.783,False,False,False,False,False,1,"[{""id"": ""obstacle_0"", ""kind"": ""static_obstacle"", ""x"": 50.0, ""y"": 50.0, ""radius"": 5.0}]"
delayed_track_sharing,110,22.0,1,38.954,42.349,90.0,94.0,50.0,50.0,49.647,49.48,false_negative+position_noise+confidence_error,0.507,trust_weighted_fusion,avoidance,3,0,72.619,7.783,8.437,uav_0,7.783,False,False,False,False,False,1,"[{""id"": ""obstacle_0"", ""kind"": ""static_obstacle"", ""x"": 50.0, ""y"": 50.0, ""radius"": 5.0}]"
delayed_track_sharing,110,22.0,2,45.759,35.411,86.0,90.0,50.0,50.0,49.647,49.48,false_negative+position_noise+confidence_error,0.507,trust_weighted_fusion,avoidance,4,0,67.818,4.916,10.193,uav_3,4.916,False,False,False,False,False,1,"[{""id"": ""obstacle_0"", ""kind"": ""static_obstacle"", ""x"": 50.0, ""y"": 50.0, ""radius"": 5.0}]"
delayed_track_sharing,110,22.0,3,50.492,36.74,90.0,86.0,50.0,50.0,49.647,49.48,position_noise+confidence_error,0.507,trust_weighted_fusion,avoidance,4,0,63.146,4.916,8.269,uav_2,4.916,False,False,False,False,False,1,"[{""id"": ""obstacle_0"", ""kind"": ""static_obstacle"", ""x"": 50.0, ""y"": 50.0, ""radius"": 5.0}]"
delayed_track_sharing,111,22.2,0,36.929,35.195,94.0,90.0,50.0,50.0,,,false_negative+position_noise+confidence_error,,trust_weighted_fusion,move,2,0,79.125,7.468,14.749,uav_1,7.468,False,False,False,False,False,1,"[{""id"": ""obstacle_0"", ""kind"": ""static_obstacle"", ""x"": 50.0, ""y"": 50.0, ""radius"": 5.0}]"
delayed_track_sharing,111,22.2,1,39.345,42.262,90.0,94.0,50.0,50.0,49.672,50.492,false_negative+position_noise+confidence_error,0.374,trust_weighted_fusion,avoidance,4,0,72.407,7.468,8.169,uav_0,7.468,False,False,False,False,False,1,"[{""id"": ""obstacle_0"", ""kind"": ""static_obstacle"", ""x"": 50.0, ""y"": 50.0, ""radius"": 5.0}]"
delayed_track_sharing,111,22.2,2,46.152,35.488,86.0,90.0,50.0,50.0,49.672,50.492,false_negative+position_noise+confidence_error,0.374,trust_weighted_fusion,avoidance,3,0,67.524,4.912,10.014,uav_3,4.912,False,False,False,False,False,1,"[{""id"": ""obstacle_0"", ""kind"": ""static_obstacle"", ""x"": 50.0, ""y"": 50.0, ""radius"": 5.0}]"
delayed_track_sharing,111,22.2,3,50.89,36.784,90.0,86.0,50.0,50.0,49.672,50.492,false_negative+position_noise+confidence_error,0.374,trust_weighted_fusion,avoidance,3,0,62.863,4.912,8.246,uav_2,4.912,False,False,False,False,False,1,"[{""id"": ""obstacle_0"", ""kind"": ""static_obstacle"", ""x"": 50.0, ""y"": 50.0, ""radius"": 5.0}]"
delayed_track_sharing,112,22.4,0,37.218,35.472,94.0,90.0,50.0,50.0,,,false_negative+position_noise+confidence_error,,trust_weighted_fusion,move,3,0,78.725,7.263,14.351,uav_1,7.263,False,False,False,False,False,1,"[{""id"": ""obstacle_0"", ""kind"": ""static_obstacle"", ""x"": 50.0, ""y"": 50.0, ""radius"": 5.0}]"
delayed_track_sharing,112,22.4,1,39.744,42.281,90.0,94.0,50.0,50.0,51.089,51.407,position_noise+confidence_error,0.36,trust_weighted_fusion,avoidance,4,0,72.115,7.263,7.836,uav_0,7.263,False,False,False,False,False,1,"[{""id"": ""obstacle_0"", ""kind"": ""static_obstacle"", ""x"": 50.0, ""y"": 50.0, ""radius"": 5.0}]"
delayed_track_sharing,112,22.4,2,46.537,35.596,86.0,90.0,50.0,50.0,51.089,51.407,false_negative+position_noise+confidence_error,0.36,trust_weighted_fusion,avoidance,3,0,67.21,4.909,9.815,uav_3,4.909,False,False,False,False,False,1,"[{""id"": ""obstacle_0"", ""kind"": ""static_obstacle"", ""x"": 50.0, ""y"": 50.0, ""radius"": 5.0}]"
delayed_track_sharing,112,22.4,3,51.285,36.844,90.0,86.0,50.0,50.0,51.089,51.407,position_noise+confidence_error,0.36,trust_weighted_fusion,avoidance,4,0,62.572,4.909,8.219,uav_2,4.909,False,False,False,False,False,1,"[{""id"": ""obstacle_0"", ""kind"": ""static_obstacle"", ""x"": 50.0, ""y"": 50.0, ""radius"": 5.0}]"
delayed_track_sharing,113,22.6,0,37.599,35.593,94.0,90.0,50.0,50.0,50.207,50.446,false_negative+position_noise+confidence_error,0.342,trust_weighted_fusion,avoidance,3,0,78.366,7.057,14.009,uav_1,7.057,False,False,False,False,False,1,"[{""id"": ""obstacle_0"", ""kind"": ""static_obstacle"", ""x"": 50.0, ""y"": 50.0, ""radius"": 5.0}]"
delayed_track_sharing,113,22.6,1,40.131,42.18,90.0,94.0,50.0,50.0,50.207,50.446,false_negative+position_noise+confidence_error,0.342,trust_weighted_fusion,avoidance,4,0,71.918,7.057,7.592,uav_0,7.057,False,False,False,False,False,1,"[{""id"": ""obstacle_0"", ""kind"": ""static_obstacle"", ""x"": 50.0, ""y"": 50.0, ""radius"": 5.0}]"
delayed_track_sharing,113,22.6,2,46.931,35.668,86.0,90.0,50.0,50.0,50.207,50.446,false_negative+position_noise+confidence_error,0.342,trust_weighted_fusion,avoidance,3,0,66.921,4.849,9.657,uav_3,4.849,False,False,False,False,False,1,"[{""id"": ""obstacle_0"", ""kind"": ""static_obstacle"", ""x"": 50.0, ""y"": 50.0, ""radius"": 5.0}]"
delayed_track_sharing,113,22.6,3,51.549,37.144,90.0,86.0,50.0,50.0,50.207,50.446,false_negative+position_noise+confidence_error,0.342,trust_weighted_fusion,avoidance,3,0,62.172,4.849,7.949,uav_2,4.849,False,False,False,False,False,1,"[{""id"": ""obstacle_0"", ""kind"": ""static_obstacle"", ""x"": 50.0, ""y"": 50.0, ""radius"": 5.0}]"
delayed_track_sharing,114,22.8,0,37.979,35.717,94.0,90.0,50.0,50.0,50.986,49.985,false_negative+position_noise+confidence_error,0.641,trust_weighted_fusion,avoidance,3,0,78.006,6.865,13.668,uav_1,6.865,False,False,False,False,False,1,"[{""id"": ""obstacle_0"", ""kind"": ""static_obstacle"", ""x"": 50.0, ""y"": 50.0, ""radius"": 5.0}]"
delayed_track_sharing,114,22.8,1,40.522,42.094,90.0,94.0,50.0,50.0,50.986,49.985,false_negative+position_noise+confidence_error,0.641,trust_weighted_fusion,avoidance,3,0,71.71,6.865,7.343,uav_0,6.865,False,False,False,False,False,1,"[{""id"": ""obstacle_0"", ""kind"": ""static_obstacle"", ""x"": 50.0, ""y"": 50.0, ""radius"": 5.0}]"
delayed_track_sharing,114,22.8,2,46.742,35.315,86.0,90.0,50.0,50.0,50.986,49.985,false_negative+position_noise+confidence_error,0.641,trust_weighted_fusion,avoidance,3,0,67.318,5.524,10.042,uav_3,5.524,False,False,False,False,False,1,"[{""id"": ""obstacle_0"", ""kind"": ""static_obstacle"", ""x"": 50.0, ""y"": 50.0, ""radius"": 5.0}]"
delayed_track_sharing,114,22.8,3,51.949,37.159,90.0,86.0,50.0,50.0,50.986,49.985,false_negative+position_noise+confidence_error,0.641,trust_weighted_fusion,avoidance,1,0,61.914,5.524,7.988,uav_2,5.524,False,False,False,False,False,1,"[{""id"": ""obstacle_0"", ""kind"": ""static_obstacle"", ""x"": 50.0, ""y"": 50.0, ""radius"": 5.0}]"
delayed_track_sharing,115,23.0,0,38.362,35.833,94.0,90.0,50.0,50.0,50.586,50.537,false_negative+position_noise+confidence_error,0.42,trust_weighted_fusion,avoidance,3,0,77.651,6.656,13.334,uav_1,6.656,False,False,False,False,False,1,"[{""id"": ""obstacle_0"", ""kind"": ""static_obstacle"", ""x"": 50.0, ""y"": 50.0, ""radius"": 5.0}]"
delayed_track_sharing,115,23.0,1,40.906,41.983,90.0,94.0,50.0,50.0,50.586,50.537,false_negative+position_noise+confidence_error,0.42,trust_weighted_fusion,avoidance,2,0,71.526,6.656,7.123,uav_0,6.656,False,False,False,False,False,1,"[{""id"": ""obstacle_0"", ""kind"": ""static_obstacle"", ""x"": 50.0, ""y"": 50.0, ""radius"": 5.0}]"
delayed_track_sharing,115,23.0,2,47.132,35.401,86.0,90.0,50.0,50.0,50.586,50.537,position_noise+confidence_error,0.42,trust_weighted_fusion,avoidance,4,0,67.021,5.517,9.878,uav_3,5.517,False,False,False,False,False,1,"[{""id"": ""obstacle_0"", ""kind"": ""static_obstacle"", ""x"": 50.0, ""y"": 50.0, ""radius"": 5.0}]"
delayed_track_sharing,115,23.0,3,52.346,37.204,90.0,86.0,50.0,50.0,50.586,50.537,position_noise+confidence_error,0.42,trust_weighted_fusion,avoidance,4,0,61.635,5.517,8.009,uav_2,5.517,False,False,False,False,False,1,"[{""id"": ""obstacle_0"", ""kind"": ""static_obstacle"", ""x"": 50.0, ""y"": 50.0, ""radius"": 5.0}]"
delayed_track_sharing,116,23.2,0,38.748,35.936,94.0,90.0,50.0,50.0,50.299,50.32,position_noise+confidence_error,0.46,trust_weighted_fusion,avoidance,4,0,77.302,6.404,13.011,uav_1,6.404,False,False,False,False,False,1,"[{""id"": ""obstacle_0"", ""kind"": ""static_obstacle"", ""x"": 50.0, ""y"": 50.0, ""radius"": 5.0}]"
delayed_track_sharing,116,23.2,1,41.272,41.822,90.0,94.0,50.0,50.0,50.299,50.32,false_negative+position_noise+confidence_error,0.46,trust_weighted_fusion,avoidance,3,0,71.393,6.404,6.96,uav_0,6.404,False,False,False,False,False,1,"[{""id"": ""obstacle_0"", ""kind"": ""static_obstacle"", ""x"": 50.0, ""y"": 50.0, ""radius"": 5.0}]"
delayed_track_sharing,116,23.2,2,47.525,35.476,86.0,90.0,50.0,50.0,50.299,50.32,false_negative+position_noise+confidence_error,0.46,trust_weighted_fusion,avoidance,3,0,66.732,5.513,9.733,uav_3,5.513,False,False,False,False,False,1,"[{""id"": ""obstacle_0"", ""kind"": ""static_obstacle"", ""x"": 50.0, ""y"": 50.0, ""radius"": 5.0}]"
delayed_track_sharing,116,23.2,3,52.743,37.254,90.0,86.0,50.0,50.0,50.299,50.32,position_noise+confidence_error,0.46,trust_weighted_fusion,avoidance,4,0,61.354,5.513,8.038,uav_2,5.513,False,False,False,False,False,1,"[{""id"": ""obstacle_0"", ""kind"": ""static_obstacle"", ""x"": 50.0, ""y"": 50.0, ""radius"": 5.0}]"
delayed_track_sharing,117,23.4,0,39.034,36.216,94.0,90.0,50.0,50.0,,,false_negative+position_noise+confidence_error,,trust_weighted_fusion,move,3,0,76.902,6.238,12.614,uav_1,6.238,False,False,False,False,False,1,"[{""id"": ""obstacle_0"", ""kind"": ""static_obstacle"", ""x"": 50.0, ""y"": 50.0, ""radius"": 5.0}]"
delayed_track_sharing,117,23.4,1,41.67,41.87,90.0,94.0,50.0,50.0,52.618,52.386,false_negative+position_noise+confidence_error,0.357,trust_weighted_fusion,avoidance,2,0,71.087,6.238,6.64,uav_0,6.238,False,False,False,False,False,1,"[{""id"": ""obstacle_0"", ""kind"": ""static_obstacle"", ""x"": 50.0, ""y"": 50.0, ""radius"": 5.0}]"
delayed_track_sharing,117,23.4,2,47.901,35.614,86.0,90.0,50.0,50.0,52.618,52.386,false_negative+position_noise+confidence_error,0.357,trust_weighted_fusion,avoidance,3,0,66.403,5.51,9.539,uav_3,5.51,False,False,False,False,False,1,"[{""id"": ""obstacle_0"", ""kind"": ""static_obstacle"", ""x"": 50.0, ""y"": 50.0, ""radius"": 5.0}]"
delayed_track_sharing,117,23.4,3,53.135,37.334,90.0,86.0,50.0,50.0,52.618,52.386,position_noise+confidence_error,0.357,trust_weighted_fusion,avoidance,4,0,61.053,5.51,8.049,uav_2,5.51,False,False,False,False,False,1,"[{""id"": ""obstacle_0"", ""kind"": ""static_obstacle"", ""x"": 50.0, ""y"": 50.0, ""radius"": 5.0}]"
delayed_track_sharing,118,23.6,0,39.425,36.302,94.0,90.0,50.0,50.0,50.07,50.537,false_negative+position_noise+confidence_error,0.342,trust_weighted_fusion,avoidance,3,0,76.563,5.97,12.305,uav_1,5.97,False,False,False,False,False,1,"[{""id"": ""obstacle_0"", ""kind"": ""static_obstacle"", ""x"": 50.0, ""y"": 50.0, ""radius"": 5.0}]"
delayed_track_sharing,118,23.6,1,42.021,41.678,90.0,94.0,50.0,50.0,50.07,50.537,false_negative+position_noise+confidence_error,0.342,trust_weighted_fusion,avoidance,2,0,70.99,5.97,6.529,uav_0,5.97,False,False,False,False,False,1,"[{""id"": ""obstacle_0"", ""kind"": ""static_obstacle"", ""x"": 50.0, ""y"": 50.0, ""radius"": 5.0}]"
delayed_track_sharing,118,23.6,2,48.293,35.691,86.0,90.0,50.0,50.0,50.07,50.537,false_negative+position_noise+confidence_error,0.342,trust_weighted_fusion,avoidance,3,0,66.116,5.509,9.411,uav_3,5.509,False,False,False,False,False,1,"[{""id"": ""obstacle_0"", ""kind"": ""static_obstacle"", ""x"": 50.0, ""y"": 50.0, ""radius"": 5.0}]"
delayed_track_sharing,118,23.6,3,53.529,37.405,90.0,86.0,50.0,50.0,50.07,50.537,position_noise+confidence_error,0.342,trust_weighted_fusion,avoidance,4,0,60.759,5.509,8.08,uav_2,5.509,False,False,False,False,False,1,"[{""id"": ""obstacle_0"", ""kind"": ""static_obstacle"", ""x"": 50.0, ""y"": 50.0, ""radius"": 5.0}]"
delayed_track_sharing,119,23.8,0,39.818,36.376,94.0,90.0,50.0,50.0,49.54,50.74,position_noise+confidence_error,0.562,trust_weighted_fusion,avoidance,4,0,76.232,5.707,12.009,uav_1,5.707,False,False,False,False,False,1,"[{""id"": ""obstacle_0"", ""kind"": ""static_obstacle"", ""x"": 50.0, ""y"": 50.0, ""radius"": 5.0}]"
delayed_track_sharing,119,23.8,1,42.368,41.481,90.0,94.0,50.0,50.0,49.54,50.74,false_negative+position_noise+confidence_error,0.562,trust_weighted_fusion,avoidance,3,0,70.902,5.707,6.438,uav_0,5.707,False,False,False,False,False,1,"[{""id"": ""obstacle_0"", ""kind"": ""static_obstacle"", ""x"": 50.0, ""y"": 50.0, ""radius"": 5.0}]"
delayed_track_sharing,119,23.8,2,48.684,35.775,86.0,90.0,50.0,50.0,49.54,50.74,false_negative+position_noise+confidence_error,0.562,trust_weighted_fusion,avoidance,2,0,65.824,5.51,9.286,uav_3,5.51,False,False,False,False,False,1,"[{""id"": ""obstacle_0"", ""kind"": ""static_obstacle"", ""x"": 50.0, ""y"": 50.0, ""radius"": 5.0}]"
delayed_track_sharing,119,23.8,3,53.919,37.495,90.0,86.0,50.0,50.0,49.54,50.74,false_negative+position_noise+confidence_error,0.562,trust_weighted_fusion,avoidance,3,0,60.453,5.51,8.104,uav_2,5.51,False,False,False,False,False,1,"[{""id"": ""obstacle_0"", ""kind"": ""static_obstacle"", ""x"": 50.0, ""y"": 50.0, ""radius"": 5.0}]"
delayed_track_sharing,120,24.0,0,40.212,36.445,94.0,90.0,50.0,50.0,50.039,50.422,false_negative+position_noise+confidence_error,0.58,trust_weighted_fusion,avoidance,3,0,75.903,5.444,11.72,uav_1,5.444,False,False,False,False,False,1,"[{""id"": ""obstacle_0"", ""kind"": ""static_obstacle"", ""x"": 50.0, ""y"": 50.0, ""radius"": 5.0}]"
delayed_track_sharing,120,24.0,1,42.715,41.28,90.0,94.0,50.0,50.0,50.039,50.422,false_negative+position_noise+confidence_error,0.58,trust_weighted_fusion,avoidance,3,0,70.819,5.444,6.363,uav_0,5.444,False,False,False,False,False,1,"[{""id"": ""obstacle_0"", ""kind"": ""static_obstacle"", ""x"": 50.0, ""y"": 50.0, ""radius"": 5.0}]"
delayed_track_sharing,120,24.0,2,49.078,35.848,86.0,90.0,50.0,50.0,50.039,50.422,position_noise+confidence_error,0.58,trust_weighted_fusion,avoidance,4,0,65.542,5.511,9.182,uav_3,5.511,False,False,False,False,False,1,"[{""id"": ""obstacle_0"", ""kind"": ""static_obstacle"", ""x"": 50.0, ""y"": 50.0, ""radius"": 5.0}]"
delayed_track_sharing,120,24.0,3,54.31,37.577,90.0,86.0,50.0,50.0,50.039,50.422,false_negative+position_noise+confidence_error,0.58,trust_weighted_fusion,avoidance,3,0,60.154,5.511,8.15,uav_2,5.511,False,False,False,False,False,1,"[{""id"": ""obstacle_0"", ""kind"": ""static_obstacle"", ""x"": 50.0, ""y"": 50.0, ""radius"": 5.0}]"
delayed_track_sharing,121,24.2,0,40.329,36.063,94.0,90.0,50.0,50.0,49.76,51.122,position_noise+confidence_error,0.542,trust_weighted_fusion,avoidance,4,0,76.091,5.761,11.964,uav_1,5.761,False,False,False,False,False,1,"[{""id"": ""obstacle_0"", ""kind"": ""static_obstacle"", ""x"": 50.0, ""y"": 50.0, ""radius"": 5.0}]"
delayed_track_sharing,121,24.2,1,43.083,41.123,90.0,94.0,50.0,50.0,49.76,51.122,false_negative+position_noise+confidence_error,0.542,trust_weighted_fusion,avoidance,2,0,70.691,5.761,6.254,uav_0,5.761,False,False,False,False,False,1,"[{""id"": ""obstacle_0"", ""kind"": ""static_obstacle"", ""x"": 50.0, ""y"": 50.0, ""radius"": 5.0}]"
delayed_track_sharing,121,24.2,2,49.466,35.943,86.0,90.0,50.0,50.0,49.76,51.122,false_negative+position_noise+confidence_error,0.542,trust_weighted_fusion,avoidance,3,0,65.245,5.512,9.067,uav_3,5.512,False,False,False,False,False,1,"[{""id"": ""obstacle_0"", ""kind"": ""static_obstacle"", ""x"": 50.0, ""y"": 50.0, ""radius"": 5.0}]"
delayed_track_sharing,121,24.2,3,54.696,37.682,90.0,86.0,50.0,50.0,49.76,51.122,false_negative+position_noise+confidence_error,0.542,trust_weighted_fusion,avoidance,2,0,59.841,5.512,8.182,uav_2,5.512,False,False,False,False,False,1,"[{""id"": ""obstacle_0"", ""kind"": ""static_obstacle"", ""x"": 50.0, ""y"": 50.0, ""radius"": 5.0}]"
delayed_track_sharing,122,24.4,0,40.719,36.154,94.0,90.0,50.0,50.0,51.459,50.16,false_negative+position_noise+confidence_error,0.43,trust_weighted_fusion,avoidance,2,0,75.752,5.528,11.669,uav_1,5.528,False,False,False,False,False,1,"[{""id"": ""obstacle_0"", ""kind"": ""static_obstacle"", ""x"": 50.0, ""y"": 50.0, ""radius"": 5.0}]"
delayed_track_sharing,122,24.4,1,43.448,40.961,90.0,94.0,50.0,50.0,51.459,50.16,false_negative+position_noise+confidence_error,0.43,trust_weighted_fusion,avoidance,3,0,70.57,5.528,6.163,uav_0,5.528,False,False,False,False,False,1,"[{""id"": ""obstacle_0"", ""kind"": ""static_obstacle"", ""x"": 50.0, ""y"": 50.0, ""radius"": 5.0}]"
delayed_track_sharing,122,24.4,2,49.862,36.002,86.0,90.0,50.0,50.0,51.459,50.16,false_negative+position_noise+confidence_error,0.43,trust_weighted_fusion,avoidance,3,0,64.975,5.512,8.999,uav_3,5.512,False,False,False,False,False,1,"[{""id"": ""obstacle_0"", ""kind"": ""static_obstacle"", ""x"": 50.0, ""y"": 50.0, ""radius"": 5.0}]"
delayed_track_sharing,122,24.4,3,55.091,37.744,90.0,86.0,50.0,50.0,51.459,50.16,false_negative+position_noise+confidence_error,0.43,trust_weighted_fusion,avoidance,3,0,59.559,5.512,8.271,uav_2,5.512,False,False,False,False,False,1,"[{""id"": ""obstacle_0"", ""kind"": ""static_obstacle"", ""x"": 50.0, ""y"": 50.0, ""radius"": 5.0}]"
delayed_track_sharing,123,24.6,0,41.117,36.197,94.0,90.0,50.0,50.0,50.614,49.045,false_negative+position_noise+confidence_error,0.527,trust_weighted_fusion,avoidance,3,0,75.442,5.193,11.415,uav_1,5.193,False,False,False,False,False,1,"[{""id"": ""obstacle_0"", ""kind"": ""static_obstacle"", ""x"": 50.0, ""y"": 50.0, ""radius"": 5.0}]"
delayed_track_sharing,123,24.6,1,43.734,40.681,90.0,94.0,50.0,50.0,50.614,49.045,position_noise+confidence_error,0.527,trust_weighted_fusion,avoidance,4,0,70.593,5.193,6.229,uav_0,5.193,False,False,False,False,False,1,"[{""id"": ""obstacle_0"", ""kind"": ""static_obstacle"", ""x"": 50.0, ""y"": 50.0, ""radius"": 5.0}]"
delayed_track_sharing,123,24.6,2,50.261,36.026,86.0,90.0,50.0,50.0,50.614,49.045,false_negative+position_noise+confidence_error,0.527,trust_weighted_fusion,avoidance,4,0,64.734,5.521,8.977,uav_3,5.521,False,False,False,False,False,1,"[{""id"": ""obstacle_0"", ""kind"": ""static_obstacle"", ""x"": 50.0, ""y"": 50.0, ""radius"": 5.0}]"
delayed_track_sharing,123,24.6,3,55.486,37.81,90.0,86.0,50.0,50.0,50.614,49.045,false_negative+position_noise+confidence_error,0.527,trust_weighted_fusion,avoidance,4,0,59.275,5.521,8.367,uav_2,5.521,False,False,False,False,False,1,"[{""id"": ""obstacle_0"", ""kind"": ""static_obstacle"", ""x"": 50.0, ""y"": 50.0, ""radius"": 5.0}]"
delayed_track_sharing,124,24.8,0,41.516,36.226,94.0,90.0,50.0,50.0,50.023,49.37,false_negative+position_noise+confidence_error,0.846,trust_weighted_fusion,avoidance,4,0,75.142,4.901,11.177,uav_1,4.901,False,False,False,False,False,1,"[{""id"": ""obstacle_0"", ""kind"": ""static_obstacle"", ""x"": 50.0, ""y"": 50.0, ""radius"": 5.0}]"
delayed_track_sharing,124,24.8,1,44.042,40.426,90.0,94.0,50.0,50.0,50.023,49.37,position_noise+confidence_error,0.846,trust_weighted_fusion,avoidance,4,0,70.585,4.901,6.276,uav_0,4.901,False,False,False,False,False,1,"[{""id"": ""obstacle_0"", ""kind"": ""static_obstacle"", ""x"": 50.0, ""y"": 50.0, ""radius"": 5.0}]"
delayed_track_sharing,124,24.8,2,50.658,36.073,86.0,90.0,50.0,50.0,50.023,49.37,false_negative+position_noise+confidence_error,0.846,trust_weighted_fusion,avoidance,2,0,64.476,5.528,8.943,uav_3,5.528,False,False,False,False,False,1,"[{""id"": ""obstacle_0"", ""kind"": ""static_obstacle"", ""x"": 50.0, ""y"": 50.0, ""radius"": 5.0}]"
delayed_track_sharing,124,24.8,3,55.874,37.905,90.0,86.0,50.0,50.0,50.023,49.37,false_negative+position_noise+confidence_error,0.846,trust_weighted_fusion,avoidance,2,0,58.972,5.528,8.446,uav_2,5.528,False,False,False,False,False,1,"[{""id"": ""obstacle_0"", ""kind"": ""static_obstacle"", ""x"": 50.0, ""y"": 50.0, ""radius"": 5.0}]"
delayed_track_sharing,125,25.0,0,41.914,36.26,94.0,90.0,50.0,50.0,48.659,50.552,position_noise+confidence_error,0.314,trust_weighted_fusion,avoidance,4,0,74.84,4.705,10.943,uav_1,4.705,False,False,False,False,False,1,"[{""id"": ""obstacle_0"", ""kind"": ""static_obstacle"", ""x"": 50.0, ""y"": 50.0, ""radius"": 5.0}]"
delayed_track_sharing,125,25.0,1,44.403,40.253,90.0,94.0,50.0,50.0,48.659,50.552,false_negative+position_noise+confidence_error,0.314,trust_weighted_fusion,avoidance,2,0,70.483,4.705,6.24,uav_0,4.705,False,False,False,False,False,1,"[{""id"": ""obstacle_0"", ""kind"": ""static_obstacle"", ""x"": 50.0, ""y"": 50.0, ""radius"": 5.0}]"
delayed_track_sharing,125,25.0,2,51.045,36.175,86.0,90.0,50.0,50.0,48.659,50.552,false_negative+position_noise+confidence_error,0.314,trust_weighted_fusion,avoidance,2,0,64.18,5.453,8.865,uav_3,5.453,False,False,False,False,False,1,"[{""id"": ""obstacle_0"", ""kind"": ""static_obstacle"", ""x"": 50.0, ""y"": 50.0, ""radius"": 5.0}]"
delayed_track_sharing,125,25.0,3,56.092,38.241,90.0,86.0,50.0,50.0,48.659,50.552,position_noise+confidence_error,0.314,trust_weighted_fusion,avoidance,4,0,58.572,5.453,8.244,uav_2,5.453,False,False,False,False,False,1,"[{""id"": ""obstacle_0"", ""kind"": ""static_obstacle"", ""x"": 50.0, ""y"": 50.0, ""radius"": 5.0}]"
delayed_track_sharing,126,25.2,0,42.314,36.268,94.0,90.0,50.0,50.0,50.218,49.036,position_noise+confidence_error,0.726,trust_weighted_fusion,avoidance,4,0,74.556,4.433,10.737,uav_1,4.433,False,False,False,False,False,1,"[{""id"": ""obstacle_0"", ""kind"": ""static_obstacle"", ""x"": 50.0, ""y"": 50.0, ""radius"": 5.0}]"
delayed_track_sharing,126,25.2,1,44.71,39.998,90.0,94.0,50.0,50.0,50.218,49.036,false_negative+position_noise+confidence_error,0.726,trust_weighted_fusion,avoidance,3,0,70.48,4.433,6.315,uav_0,4.433,False,False,False,False,False,1,"[{""id"": ""obstacle_0"", ""kind"": ""static_obstacle"", ""x"": 50.0, ""y"": 50.0, ""radius"": 5.0}]"
delayed_track_sharing,126,25.2,2,51.443,36.215,86.0,90.0,50.0,50.0,50.218,49.036,position_noise+confidence_error,0.726,trust_weighted_fusion,avoidance,4,0,63.93,5.465,8.86,uav_3,5.465,False,False,False,False,False,1,"[{""id"": ""obstacle_0"", ""kind"": ""static_obstacle"", ""x"": 50.0, ""y"": 50.0, ""radius"": 5.0}]"
delayed_track_sharing,126,25.2,3,56.48,38.335,90.0,86.0,50.0,50.0,50.218,49.036,false_negative+position_noise+confidence_error,0.726,trust_weighted_fusion,avoidance,3,0,58.271,5.465,8.344,uav_2,5.465,False,False,False,False,False,1,"[{""id"": ""obstacle_0"", ""kind"": ""static_obstacle"", ""x"": 50.0, ""y"": 50.0, ""radius"": 5.0}]"
delayed_track_sharing,127,25.4,0,42.714,36.268,94.0,90.0,50.0,50.0,49.383,49.468,false_negative+position_noise+confidence_error,0.606,trust_weighted_fusion,avoidance,3,0,74.279,4.218,10.545,uav_1,4.218,False,False,False,False,False,1,"[{""id"": ""obstacle_0"", ""kind"": ""static_obstacle"", ""x"": 50.0, ""y"": 50.0, ""radius"": 5.0}]"
delayed_track_sharing,127,25.4,1,45.047,39.782,90.0,94.0,50.0,50.0,49.383,49.468,false_negative+position_noise+confidence_error,0.606,trust_weighted_fusion,avoidance,3,0,70.43,4.218,6.355,uav_0,4.218,False,False,False,False,False,1,"[{""id"": ""obstacle_0"", ""kind"": ""static_obstacle"", ""x"": 50.0, ""y"": 50.0, ""radius"": 5.0}]"
delayed_track_sharing,127,25.4,2,51.836,36.289,86.0,90.0,50.0,50.0,49.383,49.468,false_negative+position_noise+confidence_error,0.606,trust_weighted_fusion,avoidance,2,0,63.656,5.474,8.834,uav_3,5.474,False,False,False,False,False,1,"[{""id"": ""obstacle_0"", ""kind"": ""static_obstacle"", ""x"": 50.0, ""y"": 50.0, ""radius"": 5.0}]"
delayed_track_sharing,127,25.4,3,56.86,38.463,90.0,86.0,50.0,50.0,49.383,49.468,false_negative+position_noise+confidence_error,0.606,trust_weighted_fusion,avoidance,2,0,57.949,5.474,8.422,uav_2,5.474,False,False,False,False,False,1,"[{""id"": ""obstacle_0"", ""kind"": ""static_obstacle"", ""x"": 50.0, ""y"": 50.0, ""radius"": 5.0}]"
delayed_track_sharing,128,25.6,0,43.113,36.29,94.0,90.0,50.0,50.0,50.045,49.967,position_noise+confidence_error,0.484,trust_weighted_fusion,avoidance,4,0,73.988,4.043,10.342,uav_1,4.043,False,False,False,False,False,1,"[{""id"": ""obstacle_0"", ""kind"": ""static_obstacle"", ""x"": 50.0, ""y"": 50.0, ""radius"": 5.0}]"
delayed_track_sharing,128,25.6,1,45.411,39.617,90.0,94.0,50.0,50.0,50.045,49.967,position_noise+confidence_error,0.484,trust_weighted_fusion,avoidance,4,0,70.326,4.043,6.352,uav_0,4.043,False,False,False,False,False,1,"[{""id"": ""obstacle_0"", ""kind"": ""static_obstacle"", ""x"": 50.0, ""y"": 50.0, ""radius"": 5.0}]"
delayed_track_sharing,128,25.6,2,52.228,36.371,86.0,90.0,50.0,50.0,50.045,49.967,false_negative+position_noise+confidence_error,0.484,trust_weighted_fusion,avoidance,3,0,63.377,5.48,8.81,uav_3,5.48,False,False,False,False,False,1,"[{""id"": ""obstacle_0"", ""kind"": ""static_obstacle"", ""x"": 50.0, ""y"": 50.0, ""radius"": 5.0}]"
delayed_track_sharing,128,25.6,3,57.239,38.589,90.0,86.0,50.0,50.0,50.045,49.967,false_negative+position_noise+confidence_error,0.484,trust_weighted_fusion,avoidance,3,0,57.629,5.48,8.514,uav_2,5.48,False,False,False,False,False,1,"[{""id"": ""obstacle_0"", ""kind"": ""static_obstacle"", ""x"": 50.0, ""y"": 50.0, ""radius"": 5.0}]"
delayed_track_sharing,129,25.8,0,43.51,36.345,94.0,90.0,50.0,50.0,49.606,51.501,false_negative+position_noise+confidence_error,0.562,trust_weighted_fusion,avoidance,3,0,73.676,3.943,10.119,uav_1,3.943,False,False,False,False,False,1,"[{""id"": ""obstacle_0"", ""kind"": ""static_obstacle"", ""x"": 50.0, ""y"": 50.0, ""radius"": 5.0}]"
delayed_track_sharing,129,25.8,1,45.806,39.55,90.0,94.0,50.0,50.0,49.606,51.501,false_negative+position_noise+confidence_error,0.562,trust_weighted_fusion,avoidance,3,0,70.128,3.943,6.26,uav_0,3.943,False,False,False,False,False,1,"[{""id"": ""obstacle_0"", ""kind"": ""static_obstacle"", ""x"": 50.0, ""y"": 50.0, ""radius"": 5.0}]"
delayed_track_sharing,129,25.8,2,52.607,36.499,86.0,90.0,50.0,50.0,49.606,51.501,position_noise+confidence_error,0.562,trust_weighted_fusion,avoidance,4,0,63.067,5.482,8.75,uav_3,5.482,False,False,False,False,False,1,"[{""id"": ""obstacle_0"", ""kind"": ""static_obstacle"", ""x"": 50.0, ""y"": 50.0, ""radius"": 5.0}]"
delayed_track_sharing,129,25.8,3,57.608,38.743,90.0,86.0,50.0,50.0,49.606,51.501,position_noise+confidence_error,0.562,trust_weighted_fusion,avoidance,4,0,57.293,5.482,8.587,uav_2,5.482,False,False,False,False,False,1,"[{""id"": ""obstacle_0"", ""kind"": ""static_obstacle"", ""x"": 50.0, ""y"": 50.0, ""radius"": 5.0}]"
delayed_track_sharing,130,26.0,0,43.423,35.955,94.0,90.0,50.0,50.0,51.317,51.379,false_negative+position_noise+confidence_error,0.462,trust_weighted_fusion,avoidance,3,0,74.02,4.5,10.509,uav_1,4.5,False,False,False,False,False,1,"[{""id"": ""obstacle_0"", ""kind"": ""static_obstacle"", ""x"": 50.0, ""y"": 50.0, ""radius"": 5.0}]"
delayed_track_sharing,130,26.0,1,46.202,39.494,90.0,94.0,50.0,50.0,51.317,51.379,position_noise+confidence_error,0.462,trust_weighted_fusion,avoidance,4,0,69.923,4.5,6.172,uav_0,4.5,False,False,False,False,False,1,"[{""id"": ""obstacle_0"", ""kind"": ""static_obstacle"", ""x"": 50.0, ""y"": 50.0, ""radius"": 5.0}]"
delayed_track_sharing,130,26.0,2,52.991,36.609,86.0,90.0,50.0,50.0,51.317,51.379,position_noise+confidence_error,0.462,trust_weighted_fusion,avoidance,4,0,62.771,5.484,8.721,uav_3,5.484,False,False,False,False,False,1,"[{""id"": ""obstacle_0"", ""kind"": ""static_obstacle"", ""x"": 50.0, ""y"": 50.0, ""radius"": 5.0}]"
delayed_track_sharing,130,26.0,3,57.986,38.873,90.0,86.0,50.0,50.0,51.317,51.379,false_negative+position_noise+confidence_error,0.462,trust_weighted_fusion,avoidance,3,0,56.972,5.484,8.696,uav_2,5.484,False,False,False,False,False,1,"[{""id"": ""obstacle_0"", ""kind"": ""static_obstacle"", ""x"": 50.0, ""y"": 50.0, ""radius"": 5.0}]"
delayed_track_sharing,131,26.2,0,43.821,35.922,94.0,90.0,50.0,50.0,49.423,48.568,false_negative+position_noise+confidence_error,0.499,trust_weighted_fusion,avoidance,3,0,73.772,4.63,10.374,uav_1,4.63,False,False,False,False,False,1,"[{""id"": ""obstacle_0"", ""kind"": ""static_obstacle"", ""x"": 50.0, ""y"": 50.0, ""radius"": 5.0}]"
delayed_track_sharing,131,26.2,1,46.201,39.894,90.0,94.0,50.0,50.0,49.423,48.568,false_negative+position_noise+confidence_error,0.499,trust_weighted_fusion,avoidance,3,0,69.612,4.63,5.797,uav_0,4.63,False,False,False,False,False,1,"[{""id"": ""obstacle_0"", ""kind"": ""static_obstacle"", ""x"": 50.0, ""y"": 50.0, ""radius"": 5.0}]"
delayed_track_sharing,131,26.2,2,52.998,36.209,86.0,90.0,50.0,50.0,49.423,48.568,false_negative+position_noise+confidence_error,0.499,trust_weighted_fusion,avoidance,3,0,63.108,6.054,9.113,uav_3,6.054,False,False,False,False,False,1,"[{""id"": ""obstacle_0"", ""kind"": ""static_obstacle"", ""x"": 50.0, ""y"": 50.0, ""radius"": 5.0}]"
delayed_track_sharing,131,26.2,3,58.356,39.026,90.0,86.0,50.0,50.0,49.423,48.568,false_negative+position_noise+confidence_error,0.499,trust_weighted_fusion,avoidance,4,0,56.638,6.054,8.793,uav_2,6.054,False,False,False,False,False,1,"[{""id"": ""obstacle_0"", ""kind"": ""static_obstacle"", ""x"": 50.0, ""y"": 50.0, ""radius"": 5.0}]"
delayed_track_sharing,132,26.4,0,44.221,35.928,94.0,90.0,50.0,50.0,50.31,49.325,false_negative+position_noise+confidence_error,0.668,trust_weighted_fusion,avoidance,3,0,73.496,4.405,10.213,uav_1,4.405,False,False,False,False,False,1,"[{""id"": ""obstacle_0"", ""kind"": ""static_obstacle"", ""x"": 50.0, ""y"": 50.0, ""radius"": 5.0}]"
delayed_track_sharing,132,26.4,1,46.536,39.676,90.0,94.0,50.0,50.0,50.31,49.325,false_negative+position_noise+confidence_error,0.668,trust_weighted_fusion,avoidance,3,0,69.572,4.405,5.89,uav_0,4.405,False,False,False,False,False,1,"[{""id"": ""obstacle_0"", ""kind"": ""static_obstacle"", ""x"": 50.0, ""y"": 50.0, ""radius"": 5.0}]"
delayed_track_sharing,132,26.4,2,53.388,36.294,86.0,90.0,50.0,50.0,50.31,49.325,false_negative+position_noise+confidence_error,0.668,trust_weighted_fusion,avoidance,3,0,62.832,6.066,9.118,uav_3,6.066,False,False,False,False,False,1,"[{""id"": ""obstacle_0"", ""kind"": ""static_obstacle"", ""x"": 50.0, ""y"": 50.0, ""radius"": 5.0}]"
delayed_track_sharing,132,26.4,3,58.729,39.171,90.0,86.0,50.0,50.0,50.31,49.325,false_negative+position_noise+confidence_error,0.668,trust_weighted_fusion,avoidance,3,0,56.31,6.066,8.909,uav_2,6.066,False,False,False,False,False,1,"[{""id"": ""obstacle_0"", ""kind"": ""static_obstacle"", ""x"": 50.0, ""y"": 50.0, ""radius"": 5.0}]"
delayed_track_sharing,133,26.6,0,44.616,35.992,94.0,90.0,50.0,50.0,49.527,51.694,position_noise+confidence_error,0.37,trust_weighted_fusion,avoidance,4,0,73.182,4.303,10.007,uav_1,4.303,False,False,False,False,False,1,"[{""id"": ""obstacle_0"", ""kind"": ""static_obstacle"", ""x"": 50.0, ""y"": 50.0, ""radius"": 5.0}]"
delayed_track_sharing,133,26.6,1,46.932,39.618,90.0,94.0,50.0,50.0,49.527,51.694,false_negative+position_noise+confidence_error,0.37,trust_weighted_fusion,avoidance,4,0,69.37,4.303,5.825,uav_0,4.303,False,False,False,False,False,1,"[{""id"": ""obstacle_0"", ""kind"": ""static_obstacle"", ""x"": 50.0, ""y"": 50.0, ""radius"": 5.0}]"
delayed_track_sharing,133,26.6,2,53.759,36.445,86.0,90.0,50.0,50.0,49.527,51.694,position_noise+confidence_error,0.37,trust_weighted_fusion,avoidance,4,0,62.511,6.068,9.067,uav_3,6.068,False,False,False,False,False,1,"[{""id"": ""obstacle_0"", ""kind"": ""static_obstacle"", ""x"": 50.0, ""y"": 50.0, ""radius"": 5.0}]"
delayed_track_sharing,133,26.6,3,59.087,39.35,90.0,86.0,50.0,50.0,49.527,51.694,position_noise+confidence_error,0.37,trust_weighted_fusion,avoidance,4,0,55.963,6.068,9.0,uav_2,6.068,False,False,False,False,False,1,"[{""id"": ""obstacle_0"", ""kind"": ""static_obstacle"", ""x"": 50.0, ""y"": 50.0, ""radius"": 5.0}]"
delayed_track_sharing,134,26.8,0,45.016,36.004,94.0,90.0,50.0,50.0,48.989,50.033,false_negative+position_noise+confidence_error,0.679,trust_weighted_fusion,avoidance,3,0,72.904,4.491,9.857,uav_1,4.491,False,False,False,False,False,1,"[{""id"": ""obstacle_0"", ""kind"": ""static_obstacle"", ""x"": 50.0, ""y"": 50.0, ""radius"": 5.0}]"
delayed_track_sharing,134,26.8,1,47.118,39.972,90.0,94.0,50.0,50.0,48.989,50.033,false_negative+position_noise+confidence_error,0.679,trust_weighted_fusion,avoidance,2,0,68.977,4.491,5.433,uav_0,4.491,False,False,False,False,False,1,"[{""id"": ""obstacle_0"", ""kind"": ""static_obstacle"", ""x"": 50.0, ""y"": 50.0, ""radius"": 5.0}]"
delayed_track_sharing,134,26.8,2,54.137,36.577,86.0,90.0,50.0,50.0,48.989,50.033,false_negative+position_noise+confidence_error,0.679,trust_weighted_fusion,avoidance,3,0,62.204,6.074,9.046,uav_3,6.074,False,False,False,False,False,1,"[{""id"": ""obstacle_0"", ""kind"": ""static_obstacle"", ""x"": 50.0, ""y"": 50.0, ""radius"": 5.0}]"
delayed_track_sharing,134,26.8,3,59.441,39.535,90.0,86.0,50.0,50.0,48.989,50.033,false_negative+position_noise+confidence_error,0.679,trust_weighted_fusion,avoidance,3,0,55.613,6.074,9.094,uav_2,6.074,False,False,False,False,False,1,"[{""id"": ""obstacle_0"", ""kind"": ""static_obstacle"", ""x"": 50.0, ""y"": 50.0, ""radius"": 5.0}]"
delayed_track_sharing,135,27.0,0,45.415,35.984,94.0,90.0,50.0,50.0,51.103,48.78,false_negative+position_noise+confidence_error,0.56,trust_weighted_fusion,avoidance,3,0,72.651,4.236,9.747,uav_1,4.236,False,False,False,False,False,1,"[{""id"": ""obstacle_0"", ""kind"": ""static_obstacle"", ""x"": 50.0, ""y"": 50.0, ""radius"": 5.0}]"
delayed_track_sharing,135,27.0,1,47.423,39.714,90.0,94.0,50.0,50.0,51.103,48.78,false_negative+position_noise+confidence_error,0.56,trust_weighted_fusion,avoidance,3,0,68.991,4.236,5.604,uav_0,4.236,False,False,False,False,False,1,"[{""id"": ""obstacle_0"", ""kind"": ""static_obstacle"", ""x"": 50.0, ""y"": 50.0, ""radius"": 5.0}]"
delayed_track_sharing,135,27.0,2,54.53,36.647,86.0,90.0,50.0,50.0,51.103,48.78,false_negative+position_noise+confidence_error,0.56,trust_weighted_fusion,avoidance,4,0,61.942,6.093,9.1,uav_3,6.093,False,False,False,False,False,1,"[{""id"": ""obstacle_0"", ""kind"": ""static_obstacle"", ""x"": 50.0, ""y"": 50.0, ""radius"": 5.0}]"
delayed_track_sharing,135,27.0,3,59.813,39.684,90.0,86.0,50.0,50.0,51.103,48.78,position_noise+confidence_error,0.56,trust_weighted_fusion,avoidance,4,0,55.285,6.093,9.237,uav_2,6.093,False,False,False,False,False,1,"[{""id"": ""obstacle_0"", ""kind"": ""static_obstacle"", ""x"": 50.0, ""y"": 50.0, ""radius"": 5.0}]"
delayed_track_sharing,136,27.2,0,45.815,36.001,94.0,90.0,50.0,50.0,50.881,49.896,false_negative+position_noise+confidence_error,0.494,trust_weighted_fusion,avoidance,3,0,72.372,4.434,9.611,uav_1,4.434,False,False,False,False,False,1,"[{""id"": ""obstacle_0"", ""kind"": ""static_obstacle"", ""x"": 50.0, ""y"": 50.0, ""radius"": 5.0}]"
delayed_track_sharing,136,27.2,1,47.485,40.109,90.0,94.0,50.0,50.0,50.881,49.896,false_negative+position_noise+confidence_error,0.494,trust_weighted_fusion,avoidance,4,0,68.642,4.434,5.206,uav_0,4.434,False,False,False,False,False,1,"[{""id"": ""obstacle_0"", ""kind"": ""static_obstacle"", ""x"": 50.0, ""y"": 50.0, ""radius"": 5.0}]"
delayed_track_sharing,136,27.2,2,54.675,36.274,86.0,90.0,50.0,50.0,50.881,49.896,false_negative+position_noise+confidence_error,0.494,trust_weighted_fusion,avoidance,2,0,62.191,6.562,9.5,uav_3,6.562,False,False,False,False,False,1,"[{""id"": ""obstacle_0"", ""kind"": ""static_obstacle"", ""x"": 50.0, ""y"": 50.0, ""radius"": 5.0}]"
delayed_track_sharing,136,27.2,3,60.177,39.85,90.0,86.0,50.0,50.0,50.881,49.896,false_negative+position_noise+confidence_error,0.494,trust_weighted_fusion,avoidance,3,0,54.948,6.562,9.373,uav_2,6.562,False,False,False,False,False,1,"[{""id"": ""obstacle_0"", ""kind"": ""static_obstacle"", ""x"": 50.0, ""y"": 50.0, ""radius"": 5.0}]"
delayed_track_sharing,137,27.4,0,46.215,36.011,94.0,90.0,50.0,50.0,50.929,49.762,false_negative+position_noise+confidence_error,0.542,trust_weighted_fusion,avoidance,4,0,72.099,4.221,9.492,uav_1,4.221,False,False,False,False,False,1,"[{""id"": ""obstacle_0"", ""kind"": ""static_obstacle"", ""x"": 50.0, ""y"": 50.0, ""radius"": 5.0}]"
delayed_track_sharing,137,27.4,1,47.832,39.909,90.0,94.0,50.0,50.0,50.929,49.762,position_noise+confidence_error,0.542,trust_weighted_fusion,avoidance,4,0,68.585,4.221,5.321,uav_0,4.221,False,False,False,False,False,1,"[{""id"": ""obstacle_0"", ""kind"": ""static_obstacle"", ""x"": 50.0, ""y"": 50.0, ""radius"": 5.0}]"
delayed_track_sharing,137,27.4,2,55.057,36.391,86.0,90.0,50.0,50.0,50.929,49.762,false_negative+position_noise+confidence_error,0.542,trust_weighted_fusion,avoidance,3,0,61.898,6.574,9.518,uav_3,6.574,False,False,False,False,False,1,"[{""id"": ""obstacle_0"", ""kind"": ""static_obstacle"", ""x"": 50.0, ""y"": 50.0, ""radius"": 5.0}]"
delayed_track_sharing,137,27.4,3,60.538,40.021,90.0,86.0,50.0,50.0,50.929,49.762,position_noise+confidence_error,0.542,trust_weighted_fusion,avoidance,4,0,54.608,6.574,9.513,uav_2,6.574,False,False,False,False,False,1,"[{""id"": ""obstacle_0"", ""kind"": ""static_obstacle"", ""x"": 50.0, ""y"": 50.0, ""radius"": 5.0}]"
delayed_track_sharing,138,27.6,0,46.18,35.613,94.0,90.0,50.0,50.0,50.228,50.463,false_negative+position_noise+confidence_error,0.613,trust_weighted_fusion,avoidance,3,0,72.421,4.633,9.886,uav_1,4.633,False,False,False,False,False,1,"[{""id"": ""obstacle_0"", ""kind"": ""static_obstacle"", ""x"": 50.0, ""y"": 50.0, ""radius"": 5.0}]"
delayed_track_sharing,138,27.6,1,48.21,39.778,90.0,94.0,50.0,50.0,50.228,50.463,position_noise+confidence_error,0.613,trust_weighted_fusion,avoidance,4,0,68.458,4.633,5.378,uav_0,4.633,False,False,False,False,False,1,"[{""id"": ""obstacle_0"", ""kind"": ""static_obstacle"", ""x"": 50.0, ""y"": 50.0, ""radius"": 5.0}]"
delayed_track_sharing,138,27.6,2,55.429,36.537,86.0,90.0,50.0,50.0,50.228,50.463,position_noise+confidence_error,0.613,trust_weighted_fusion,avoidance,4,0,61.586,6.582,9.516,uav_3,6.582,False,False,False,False,False,1,"[{""id"": ""obstacle_0"", ""kind"": ""static_obstacle"", ""x"": 50.0, ""y"": 50.0, ""radius"": 5.0}]"
delayed_track_sharing,138,27.6,3,60.889,40.212,90.0,86.0,50.0,50.0,50.228,50.463,position_noise+confidence_error,0.613,trust_weighted_fusion,avoidance,4,0,54.258,6.582,9.642,uav_2,6.582,False,False,False,False,False,1,"[{""id"": ""obstacle_0"", ""kind"": ""static_obstacle"", ""x"": 50.0, ""y"": 50.0, ""radius"": 5.0}]"
delayed_track_sharing,139,27.8,0,46.579,35.648,94.0,90.0,50.0,50.0,49.684,50.279,false_negative+position_noise+confidence_error,0.668,trust_weighted_fusion,avoidance,3,0,72.132,4.487,9.755,uav_1,4.487,False,False,False,False,False,1,"[{""id"": ""obstacle_0"", ""kind"": ""static_obstacle"", ""x"": 50.0, ""y"": 50.0, ""radius"": 5.0}]"
delayed_track_sharing,139,27.8,1,48.592,39.658,90.0,94.0,50.0,50.0,49.684,50.279,false_negative+position_noise+confidence_error,0.668,trust_weighted_fusion,avoidance,2,0,68.321,4.487,5.438,uav_0,4.487,False,False,False,False,False,1,"[{""id"": ""obstacle_0"", ""kind"": ""static_obstacle"", ""x"": 50.0, ""y"": 50.0, ""radius"": 5.0}]"
delayed_track_sharing,139,27.8,2,55.798,36.692,86.0,90.0,50.0,50.0,49.684,50.279,false_negative+position_noise+confidence_error,0.668,trust_weighted_fusion,avoidance,4,0,61.269,6.589,9.516,uav_3,6.589,False,False,False,False,False,1,"[{""id"": ""obstacle_0"", ""kind"": ""static_obstacle"", ""x"": 50.0, ""y"": 50.0, ""radius"": 5.0}]"
delayed_track_sharing,139,27.8,3,61.233,40.417,90.0,86.0,50.0,50.0,49.684,50.279,position_noise+confidence_error,0.668,trust_weighted_fusion,avoidance,3,0,53.901,6.589,9.766,uav_2,6.589,False,False,False,False,False,1,"[{""id"": ""obstacle_0"", ""kind"": ""static_obstacle"", ""x"": 50.0, ""y"": 50.0, ""radius"": 5.0}]"
delayed_track_sharing,140,28.0,0,46.977,35.684,94.0,90.0,50.0,50.0,50.946,50.22,false_negative+position_noise+confidence_error,0.48,trust_weighted_fusion,avoidance,2,0,71.843,4.33,9.632,uav_1,4.33,False,False,False,False,False,1,"[{""id"": ""obstacle_0"", ""kind"": ""static_obstacle"", ""x"": 50.0, ""y"": 50.0, ""radius"": 5.0}]"
delayed_track_sharing,140,28.0,1,48.97,39.528,90.0,94.0,50.0,50.0,50.946,50.22,false_negative+position_noise+confidence_error,0.48,trust_weighted_fusion,avoidance,4,0,68.196,4.33,5.522,uav_0,4.33,False,False,False,False,False,1,"[{""id"": ""obstacle_0"", ""kind"": ""static_obstacle"", ""x"": 50.0, ""y"": 50.0, ""radius"": 5.0}]"
delayed_track_sharing,140,28.0,2,56.173,36.831,86.0,90.0,50.0,50.0,50.946,50.22,false_negative+position_noise+confidence_error,0.48,trust_weighted_fusion,avoidance,4,0,60.963,6.599,9.544,uav_3,6.599,False,False,False,False,False,1,"[{""id"": ""obstacle_0"", ""kind"": ""static_obstacle"", ""x"": 50.0, ""y"": 50.0, ""radius"": 5.0}]"
delayed_track_sharing,140,28.0,3,61.584,40.608,90.0,86.0,50.0,50.0,50.946,50.22,position_noise+confidence_error,0.48,trust_weighted_fusion,avoidance,3,0,53.553,6.599,9.913,uav_2,6.599,False,False,False,False,False,1,"[{""id"": ""obstacle_0"", ""kind"": ""static_obstacle"", ""x"": 50.0, ""y"": 50.0, ""radius"": 5.0}]"
delayed_track_sharing,141,28.2,0,47.376,35.659,94.0,90.0,50.0,50.0,51.168,48.584,false_negative+position_noise+confidence_error,0.589,trust_weighted_fusion,avoidance,3,0,71.601,4.128,9.579,uav_1,4.128,False,False,False,False,False,1,"[{""id"": ""obstacle_0"", ""kind"": ""static_obstacle"", ""x"": 50.0, ""y"": 50.0, ""radius"": 5.0}]"
delayed_track_sharing,141,28.2,1,49.304,39.309,90.0,94.0,50.0,50.0,51.168,48.584,position_noise+confidence_error,0.589,trust_weighted_fusion,avoidance,4,0,68.171,4.128,5.714,uav_0,4.128,False,False,False,False,False,1,"[{""id"": ""obstacle_0"", ""kind"": ""static_obstacle"", ""x"": 50.0, ""y"": 50.0, ""radius"": 5.0}]"
delayed_track_sharing,141,28.2,2,56.558,36.942,86.0,90.0,50.0,50.0,51.168,48.584,false_negative+position_noise+confidence_error,0.589,trust_weighted_fusion,avoidance,3,0,60.68,6.619,9.612,uav_3,6.619,False,False,False,False,False,1,"[{""id"": ""obstacle_0"", ""kind"": ""static_obstacle"", ""x"": 50.0, ""y"": 50.0, ""radius"": 5.0}]"
delayed_track_sharing,141,28.2,3,61.934,40.803,90.0,86.0,50.0,50.0,51.168,48.584,false_negative+position_noise+confidence_error,0.589,trust_weighted_fusion,avoidance,2,0,53.202,6.619,10.067,uav_2,6.619,False,False,False,False,False,1,"[{""id"": ""obstacle_0"", ""kind"": ""static_obstacle"", ""x"": 50.0, ""y"": 50.0, ""radius"": 5.0}]"
delayed_track_sharing,142,28.4,0,47.776,35.668,94.0,90.0,50.0,50.0,49.707,49.391,false_negative+position_noise+confidence_error,0.616,trust_weighted_fusion,avoidance,2,0,71.335,4.009,9.504,uav_1,4.009,False,False,False,False,False,1,"[{""id"": ""obstacle_0"", ""kind"": ""static_obstacle"", ""x"": 50.0, ""y"": 50.0, ""radius"": 5.0}]"
delayed_track_sharing,142,28.4,1,49.687,39.192,90.0,94.0,50.0,50.0,49.707,49.391,position_noise+confidence_error,0.616,trust_weighted_fusion,avoidance,4,0,68.037,4.009,5.812,uav_0,4.009,False,False,False,False,False,1,"[{""id"": ""obstacle_0"", ""kind"": ""static_obstacle"", ""x"": 50.0, ""y"": 50.0, ""radius"": 5.0}]"
delayed_track_sharing,142,28.4,2,56.924,37.101,86.0,90.0,50.0,50.0,49.707,49.391,false_negative+position_noise+confidence_error,0.616,trust_weighted_fusion,avoidance,3,0,60.363,6.628,9.64,uav_3,6.628,False,False,False,False,False,1,"[{""id"": ""obstacle_0"", ""kind"": ""static_obstacle"", ""x"": 50.0, ""y"": 50.0, ""radius"": 5.0}]"
delayed_track_sharing,142,28.4,3,62.267,41.024,90.0,86.0,50.0,50.0,49.707,49.391,position_noise+confidence_error,0.616,trust_weighted_fusion,avoidance,3,0,52.839,6.628,10.2,uav_2,6.628,False,False,False,False,False,1,"[{""id"": ""obstacle_0"", ""kind"": ""static_obstacle"", ""x"": 50.0, ""y"": 50.0, ""radius"": 5.0}]"
delayed_track_sharing,143,28.6,0,48.17,35.739,94.0,90.0,50.0,50.0,50.189,51.496,false_negative+confidence_error,0.612,trust_weighted_fusion,avoidance,1,0,71.026,3.938,9.378,uav_1,3.938,False,False,False,False,False,1,"[{""id"": ""obstacle_0"", ""kind"": ""static_obstacle"", ""x"": 50.0, ""y"": 50.0, ""radius"": 5.0}]"
delayed_track_sharing,143,28.6,1,50.087,39.179,90.0,94.0,50.0,50.0,50.189,51.496,position_noise+confidence_error,0.612,trust_weighted_fusion,avoidance,4,0,67.811,3.938,5.821,uav_0,3.938,False,False,False,False,False,1,"[{""id"": ""obstacle_0"", ""kind"": ""static_obstacle"", ""x"": 50.0, ""y"": 50.0, ""radius"": 5.0}]"
delayed_track_sharing,143,28.6,2,57.281,37.283,86.0,90.0,50.0,50.0,50.189,51.496,false_negative+position_noise+confidence_error,0.612,trust_weighted_fusion,avoidance,4,0,60.032,6.633,9.654,uav_3,6.633,False,False,False,False,False,1,"[{""id"": ""obstacle_0"", ""kind"": ""static_obstacle"", ""x"": 50.0, ""y"": 50.0, ""radius"": 5.0}]"
delayed_track_sharing,143,28.6,3,62.602,41.243,90.0,86.0,50.0,50.0,50.189,51.496,position_noise+confidence_error,0.612,trust_weighted_fusion,avoidance,3,0,52.477,6.633,10.346,uav_2,6.633,False,False,False,False,False,1,"[{""id"": ""obstacle_0"", ""kind"": ""static_obstacle"", ""x"": 50.0, ""y"": 50.0, ""radius"": 5.0}]"
delayed_track_sharing,144,28.8,0,48.57,35.742,94.0,90.0,50.0,50.0,50.536,49.253,position_noise+confidence_error,0.584,trust_weighted_fusion,avoidance,3,0,70.766,4.155,9.329,uav_1,4.155,False,False,False,False,False,1,"[{""id"": ""obstacle_0"", ""kind"": ""static_obstacle"", ""x"": 50.0, ""y"": 50.0, ""radius"": 5.0}]"
delayed_track_sharing,144,28.8,1,50.288,39.525,90.0,94.0,50.0,50.0,50.536,49.253,position_noise+confidence_error,0.584,trust_weighted_fusion,avoidance,4,0,67.413,4.155,5.479,uav_0,4.155,False,False,False,False,False,1,"[{""id"": ""obstacle_0"", ""kind"": ""static_obstacle"", ""x"": 50.0, ""y"": 50.0, ""radius"": 5.0}]"
delayed_track_sharing,144,28.8,2,57.65,37.436,86.0,90.0,50.0,50.0,50.536,49.253,false_negative+position_noise+confidence_error,0.584,trust_weighted_fusion,avoidance,3,0,59.721,6.645,9.71,uav_3,6.645,False,False,False,False,False,1,"[{""id"": ""obstacle_0"", ""kind"": ""static_obstacle"", ""x"": 50.0, ""y"": 50.0, ""radius"": 5.0}]"
delayed_track_sharing,144,28.8,3,62.935,41.465,90.0,86.0,50.0,50.0,50.536,49.253,position_noise+confidence_error,0.584,trust_weighted_fusion,avoidance,3,0,52.115,6.645,10.497,uav_2,6.645,False,False,False,False,False,1,"[{""id"": ""obstacle_0"", ""kind"": ""static_obstacle"", ""x"": 50.0, ""y"": 50.0, ""radius"": 5.0}]"
delayed_track_sharing,145,29.0,0,48.959,35.651,94.0,90.0,50.0,50.0,50.637,50.684,position_noise+confidence_error,0.548,trust_weighted_fusion,avoidance,3,0,70.587,4.185,9.387,uav_1,4.185,False,False,False,False,False,1,"[{""id"": ""obstacle_0"", ""kind"": ""static_obstacle"", ""x"": 50.0, ""y"": 50.0, ""radius"": 5.0}]"
delayed_track_sharing,145,29.0,1,50.684,39.464,90.0,94.0,50.0,50.0,50.637,50.684,position_noise+confidence_error,0.548,trust_weighted_fusion,avoidance,4,0,67.23,4.185,5.558,uav_0,4.185,False,False,False,False,False,1,"[{""id"": ""obstacle_0"", ""kind"": ""static_obstacle"", ""x"": 50.0, ""y"": 50.0, ""radius"": 5.0}]"
delayed_track_sharing,145,29.0,2,58.01,37.611,86.0,90.0,50.0,50.0,50.637,50.684,false_negative+position_noise+confidence_error,0.548,trust_weighted_fusion,avoidance,4,0,59.398,6.652,9.754,uav_3,6.652,False,False,False,False,False,1,"[{""id"": ""obstacle_0"", ""kind"": ""static_obstacle"", ""x"": 50.0, ""y"": 50.0, ""radius"": 5.0}]"
delayed_track_sharing,145,29.0,3,63.267,41.688,90.0,86.0,50.0,50.0,50.637,50.684,position_noise+confidence_error,0.548,trust_weighted_fusion,avoidance,3,0,51.752,6.652,10.656,uav_2,6.652,False,False,False,False,False,1,"[{""id"": ""obstacle_0"", ""kind"": ""static_obstacle"", ""x"": 50.0, ""y"": 50.0, ""radius"": 5.0}]"
delayed_track_sharing,146,29.2,0,49.151,35.3,94.0,90.0,50.0,50.0,49.727,50.295,false_negative+position_noise+confidence_error,0.509,trust_weighted_fusion,avoidance,3,0,70.735,4.55,9.724,uav_1,4.55,False,False,False,False,False,1,"[{""id"": ""obstacle_0"", ""kind"": ""static_obstacle"", ""x"": 50.0, ""y"": 50.0, ""radius"": 5.0}]"
delayed_track_sharing,146,29.2,1,51.081,39.421,90.0,94.0,50.0,50.0,49.727,50.295,false_negative+position_noise+confidence_error,0.509,trust_weighted_fusion,avoidance,3,0,67.034,4.55,5.634,uav_0,4.55,False,False,False,False,False,1,"[{""id"": ""obstacle_0"", ""kind"": ""static_obstacle"", ""x"": 50.0, ""y"": 50.0, ""radius"": 5.0}]"
delayed_track_sharing,146,29.2,2,58.363,37.799,86.0,90.0,50.0,50.0,49.727,50.295,position_noise+confidence_error,0.509,trust_weighted_fusion,avoidance,4,0,59.065,6.658,9.792,uav_3,6.658,False,False,False,False,False,1,"[{""id"": ""obstacle_0"", ""kind"": ""static_obstacle"", ""x"": 50.0, ""y"": 50.0, ""radius"": 5.0}]"
delayed_track_sharing,146,29.2,3,63.588,41.927,90.0,86.0,50.0,50.0,49.727,50.295,position_noise+confidence_error,0.509,trust_weighted_fusion,avoidance,3,0,51.382,6.658,10.805,uav_2,6.658,False,False,False,False,False,1,"[{""id"": ""obstacle_0"", ""kind"": ""static_obstacle"", ""x"": 50.0, ""y"": 50.0, ""radius"": 5.0}]"
delayed_track_sharing,147,29.4,0,49.538,35.403,94.0,90.0,50.0,50.0,48.431,51.797,false_negative+position_noise+confidence_error,0.398,trust_weighted_fusion,avoidance,3,0,70.411,4.507,9.604,uav_1,4.507,False,False,False,False,False,1,"[{""id"": ""obstacle_0"", ""kind"": ""static_obstacle"", ""x"": 50.0, ""y"": 50.0, ""radius"": 5.0}]"
delayed_track_sharing,147,29.4,1,51.478,39.471,90.0,94.0,50.0,50.0,48.431,51.797,position_noise+confidence_error,0.398,trust_weighted_fusion,avoidance,4,0,66.763,4.507,5.633,uav_0,4.507,False,False,False,False,False,1,"[{""id"": ""obstacle_0"", ""kind"": ""static_obstacle"", ""x"": 50.0, ""y"": 50.0, ""radius"": 5.0}]"
delayed_track_sharing,147,29.4,2,58.697,38.019,86.0,90.0,50.0,50.0,48.431,51.797,false_negative+position_noise+confidence_error,0.398,trust_weighted_fusion,avoidance,3,0,58.715,6.66,9.805,uav_3,6.66,False,False,False,False,False,1,"[{""id"": ""obstacle_0"", ""kind"": ""static_obstacle"", ""x"": 50.0, ""y"": 50.0, ""radius"": 5.0}]"
delayed_track_sharing,147,29.4,3,63.898,42.179,90.0,86.0,50.0,50.0,48.431,51.797,false_negative+position_noise+confidence_error,0.398,trust_weighted_fusion,avoidance,2,0,51.006,6.66,10.948,uav_2,6.66,False,False,False,False,False,1,"[{""id"": ""obstacle_0"", ""kind"": ""static_obstacle"", ""x"": 50.0, ""y"": 50.0, ""radius"": 5.0}]"
delayed_track_sharing,148,29.6,0,49.155,35.52,94.0,90.0,50.0,50.0,49.882,49.618,false_negative+position_noise+confidence_error,0.549,trust_weighted_fusion,avoidance,2,0,70.563,4.755,9.504,uav_1,4.755,False,False,False,False,False,1,"[{""id"": ""obstacle_0"", ""kind"": ""static_obstacle"", ""x"": 50.0, ""y"": 50.0, ""radius"": 5.0}]"
delayed_track_sharing,148,29.6,1,51.875,39.421,90.0,94.0,50.0,50.0,49.882,49.618,false_negative+position_noise+confidence_error,0.549,trust_weighted_fusion,avoidance,2,0,66.576,4.755,5.744,uav_0,4.755,False,False,False,False,False,1,"[{""id"": ""obstacle_0"", ""kind"": ""static_obstacle"", ""x"": 50.0, ""y"": 50.0, ""radius"": 5.0}]"
delayed_track_sharing,148,29.6,2,59.049,38.21,86.0,90.0,50.0,50.0,49.882,49.618,position_noise+confidence_error,0.549,trust_weighted_fusion,avoidance,4,0,58.383,6.666,9.862,uav_3,6.666,False,False,False,False,False,1,"[{""id"": ""obstacle_0"", ""kind"": ""static_obstacle"", ""x"": 50.0, ""y"": 50.0, ""radius"": 5.0}]"
delayed_track_sharing,148,29.6,3,64.212,42.427,90.0,86.0,50.0,50.0,49.882,49.618,position_noise+confidence_error,0.549,trust_weighted_fusion,avoidance,3,0,50.633,6.666,11.104,uav_2,6.666,False,False,False,False,False,1,"[{""id"": ""obstacle_0"", ""kind"": ""static_obstacle"", ""x"": 50.0, ""y"": 50.0, ""radius"": 5.0}]"
delayed_track_sharing,149,29.8,0,49.316,35.154,94.0,90.0,50.0,50.0,49.645,48.784,position_noise+confidence_error,0.729,trust_weighted_fusion,avoidance,3,0,70.745,5.145,9.862,uav_1,5.145,False,False,False,False,False,1,"[{""id"": ""obstacle_0"", ""kind"": ""static_obstacle"", ""x"": 50.0, ""y"": 50.0, ""radius"": 5.0}]"
delayed_track_sharing,149,29.8,1,52.271,39.365,90.0,94.0,50.0,50.0,49.645,48.784,position_noise+confidence_error,0.729,trust_weighted_fusion,avoidance,4,0,66.396,5.145,5.875,uav_0,5.145,False,False,False,False,False,1,"[{""id"": ""obstacle_0"", ""kind"": ""static_obstacle"", ""x"": 50.0, ""y"": 50.0, ""radius"": 5.0}]"
delayed_track_sharing,149,29.8,2,59.397,38.406,86.0,90.0,50.0,50.0,49.645,48.784,false_negative+position_noise+confidence_error,0.729,trust_weighted_fusion,avoidance,4,0,58.049,6.673,9.924,uav_3,6.673,False,False,False,False,False,1,"[{""id"": ""obstacle_0"", ""kind"": ""static_obstacle"", ""x"": 50.0, ""y"": 50.0, ""radius"": 5.0}]"
delayed_track_sharing,149,29.8,3,64.518,42.684,90.0,86.0,50.0,50.0,49.645,48.784,position_noise+confidence_error,0.729,trust_weighted_fusion,avoidance,3,0,50.255,6.673,11.257,uav_2,6.673,False,False,False,False,False,1,"[{""id"": ""obstacle_0"", ""kind"": ""static_obstacle"", ""x"": 50.0, ""y"": 50.0, ""radius"": 5.0}]"
delayed_track_sharing,150,30.0,0,49.715,35.183,94.0,90.0,50.0,50.0,49.937,48.995,position_noise+confidence_error,0.694,trust_weighted_fusion,avoidance,3,0,70.47,5.086,9.819,uav_1,5.086,False,False,False,False,False,1,"[{""id"": ""obstacle_0"", ""kind"": ""static_obstacle"", ""x"": 50.0, ""y"": 50.0, ""radius"": 5.0}]"
delayed_track_sharing,150,30.0,1,52.669,39.323,90.0,94.0,50.0,50.0,49.937,48.995,position_noise+confidence_error,0.694,trust_weighted_fusion,avoidance,4,0,66.205,5.086,6.005,uav_0,5.086,False,False,False,False,False,1,"[{""id"": ""obstacle_0"", ""kind"": ""static_obstacle"", ""x"": 50.0, ""y"": 50.0, ""radius"": 5.0}]"
delayed_track_sharing,150,30.0,2,59.745,38.604,86.0,90.0,50.0,50.0,49.937,48.995,false_negative+position_noise+confidence_error,0.694,trust_weighted_fusion,avoidance,1,0,57.714,6.679,9.995,uav_3,6.679,False,False,False,False,False,1,"[{""id"": ""obstacle_0"", ""kind"": ""static_obstacle"", ""x"": 50.0, ""y"": 50.0, ""radius"": 5.0}]"
delayed_track_sharing,150,30.0,3,64.824,42.942,90.0,86.0,50.0,50.0,49.937,48.995,false_negative+position_noise+confidence_error,0.694,trust_weighted_fusion,avoidance,2,0,49.878,6.679,11.418,uav_2,6.679,False,False,False,False,False,1,"[{""id"": ""obstacle_0"", ""kind"": ""static_obstacle"", ""x"": 50.0, ""y"": 50.0, ""radius"": 5.0}]"
delayed_track_sharing,151,30.2,0,50.107,35.259,94.0,90.0,50.0,50.0,50.417,50.669,position_noise+confidence_error,0.559,trust_weighted_fusion,avoidance,3,0,70.165,5.04,9.741,uav_1,5.04,False,False,False,False,False,1,"[{""id"": ""obstacle_0"", ""kind"": ""static_obstacle"", ""x"": 50.0, ""y"": 50.0, ""radius"": 5.0}]"
delayed_track_sharing,151,30.2,1,53.069,39.338,90.0,94.0,50.0,50.0,50.417,50.669,position_noise+confidence_error,0.559,trust_weighted_fusion,avoidance,4,0,65.969,5.04,6.095,uav_0,5.04,False,False,False,False,False,1,"[{""id"": ""obstacle_0"", ""kind"": ""static_obstacle"", ""x"": 50.0, ""y"": 50.0, ""radius"": 5.0}]"
delayed_track_sharing,151,30.2,2,60.089,38.808,86.0,90.0,50.0,50.0,50.417,50.669,false_negative+position_noise+confidence_error,0.559,trust_weighted_fusion,avoidance,3,0,57.376,6.685,10.068,uav_3,6.685,False,False,False,False,False,1,"[{""id"": ""obstacle_0"", ""kind"": ""static_obstacle"", ""x"": 50.0, ""y"": 50.0, ""radius"": 5.0}]"
delayed_track_sharing,151,30.2,3,65.134,43.195,90.0,86.0,50.0,50.0,50.417,50.669,position_noise+confidence_error,0.559,trust_weighted_fusion,avoidance,3,0,49.504,6.685,11.594,uav_2,6.685,False,False,False,False,False,1,"[{""id"": ""obstacle_0"", ""kind"": ""static_obstacle"", ""x"": 50.0, ""y"": 50.0, ""radius"": 5.0}]"
delayed_track_sharing,152,30.4,0,50.503,35.318,94.0,90.0,50.0,50.0,49.249,49.529,position_noise+confidence_error,0.527,trust_weighted_fusion,avoidance,3,0,69.872,5.018,9.691,uav_1,5.018,False,False,False,False,False,1,"[{""id"": ""obstacle_0"", ""kind"": ""static_obstacle"", ""x"": 50.0, ""y"": 50.0, ""radius"": 5.0}]"
delayed_track_sharing,152,30.4,1,53.468,39.366,90.0,94.0,50.0,50.0,49.249,49.529,false_negative+position_noise+confidence_error,0.527,trust_weighted_fusion,avoidance,3,0,65.722,5.018,6.185,uav_0,5.018,False,False,False,False,False,1,"[{""id"": ""obstacle_0"", ""kind"": ""static_obstacle"", ""x"": 50.0, ""y"": 50.0, ""radius"": 5.0}]"
delayed_track_sharing,152,30.4,2,60.422,39.029,86.0,90.0,50.0,50.0,49.249,49.529,position_noise+confidence_error,0.527,trust_weighted_fusion,avoidance,4,0,57.028,6.689,10.132,uav_3,6.689,False,False,False,False,False,1,"[{""id"": ""obstacle_0"", ""kind"": ""static_obstacle"", ""x"": 50.0, ""y"": 50.0, ""radius"": 5.0}]"
delayed_track_sharing,152,30.4,3,65.43,43.464,90.0,86.0,50.0,50.0,49.249,49.529,position_noise+confidence_error,0.527,trust_weighted_fusion,avoidance,3,0,49.122,6.689,11.757,uav_2,6.689,False,False,False,False,False,1,"[{""id"": ""obstacle_0"", ""kind"": ""static_obstacle"", ""x"": 50.0, ""y"": 50.0, ""radius"": 5.0}]"
delayed_track_sharing,153,30.6,0,50.899,35.371,94.0,90.0,50.0,50.0,49.835,49.417,position_noise+confidence_error,0.568,trust_weighted_fusion,avoidance,3,0,69.585,4.993,9.657,uav_1,4.993,False,False,False,False,False,1,"[{""id"": ""obstacle_0"", ""kind"": ""static_obstacle"", ""x"": 50.0, ""y"": 50.0, ""radius"": 5.0}]"
delayed_track_sharing,153,30.6,1,53.867,39.386,90.0,94.0,50.0,50.0,49.835,49.417,false_negative+position_noise+confidence_error,0.568,trust_weighted_fusion,avoidance,3,0,65.485,4.993,6.296,uav_0,4.993,False,False,False,False,False,1,"[{""id"": ""obstacle_0"", ""kind"": ""static_obstacle"", ""x"": 50.0, ""y"": 50.0, ""radius"": 5.0}]"
delayed_track_sharing,153,30.6,2,60.758,39.246,86.0,90.0,50.0,50.0,49.835,49.417,false_negative+position_noise+confidence_error,0.568,trust_weighted_fusion,avoidance,3,0,56.684,6.694,10.211,uav_3,6.694,False,False,False,False,False,1,"[{""id"": ""obstacle_0"", ""kind"": ""static_obstacle"", ""x"": 50.0, ""y"": 50.0, ""radius"": 5.0}]"
delayed_track_sharing,153,30.6,3,65.726,43.733,90.0,86.0,50.0,50.0,49.835,49.417,false_negative+position_noise+confidence_error,0.568,trust_weighted_fusion,avoidance,3,0,48.741,6.694,11.928,uav_2,6.694,False,False,False,False,False,1,"[{""id"": ""obstacle_0"", ""kind"": ""static_obstacle"", ""x"": 50.0, ""y"": 50.0, ""radius"": 5.0}]"
delayed_track_sharing,154,30.8,0,51.296,35.42,94.0,90.0,50.0,50.0,49.902,49.141,position_noise+confidence_error,0.505,trust_weighted_fusion,avoidance,3,0,69.301,4.975,9.638,uav_1,4.975,False,False,False,False,False,1,"[{""id"": ""obstacle_0"", ""kind"": ""static_obstacle"", ""x"": 50.0, ""y"": 50.0, ""radius"": 5.0}]"
delayed_track_sharing,154,30.8,1,54.267,39.411,90.0,94.0,50.0,50.0,49.902,49.141,false_negative+position_noise+confidence_error,0.505,trust_weighted_fusion,avoidance,3,0,65.244,4.975,6.416,uav_0,4.975,False,False,False,False,False,1,"[{""id"": ""obstacle_0"", ""kind"": ""static_obstacle"", ""x"": 50.0, ""y"": 50.0, ""radius"": 5.0}]"
delayed_track_sharing,154,30.8,2,61.092,39.468,86.0,90.0,50.0,50.0,49.902,49.141,false_negative+position_noise+confidence_error,0.505,trust_weighted_fusion,avoidance,3,0,56.338,6.698,10.296,uav_3,6.698,False,False,False,False,False,1,"[{""id"": ""obstacle_0"", ""kind"": ""static_obstacle"", ""x"": 50.0, ""y"": 50.0, ""radius"": 5.0}]"
delayed_track_sharing,154,30.8,3,66.018,44.007,90.0,86.0,50.0,50.0,49.902,49.141,position_noise+confidence_error,0.505,trust_weighted_fusion,avoidance,3,0,48.359,6.698,12.102,uav_2,6.698,False,False,False,False,False,1,"[{""id"": ""obstacle_0"", ""kind"": ""static_obstacle"", ""x"": 50.0, ""y"": 50.0, ""radius"": 5.0}]"
delayed_track_sharing,155,31.0,0,51.694,35.464,94.0,90.0,50.0,50.0,50.171,48.927,false_negative+position_noise+confidence_error,0.51,trust_weighted_fusion,avoidance,2,0,69.021,4.96,9.634,uav_1,4.96,False,False,False,False,False,1,"[{""id"": ""obstacle_0"", ""kind"": ""static_obstacle"", ""x"": 50.0, ""y"": 50.0, ""radius"": 5.0}]"
delayed_track_sharing,155,31.0,1,54.666,39.436,90.0,94.0,50.0,50.0,50.171,48.927,position_noise+confidence_error,0.51,trust_weighted_fusion,avoidance,4,0,65.006,4.96,6.549,uav_0,4.96,False,False,False,False,False,1,"[{""id"": ""obstacle_0"", ""kind"": ""static_obstacle"", ""x"": 50.0, ""y"": 50.0, ""radius"": 5.0}]"
delayed_track_sharing,155,31.0,2,61.424,39.69,86.0,90.0,50.0,50.0,50.171,48.927,false_negative+position_noise+confidence_error,0.51,trust_weighted_fusion,avoidance,3,0,55.992,6.704,10.389,uav_3,6.704,False,False,False,False,False,1,"[{""id"": ""obstacle_0"", ""kind"": ""static_obstacle"", ""x"": 50.0, ""y"": 50.0, ""radius"": 5.0}]"
delayed_track_sharing,155,31.0,3,66.307,44.283,90.0,86.0,50.0,50.0,50.171,48.927,position_noise+confidence_error,0.51,trust_weighted_fusion,avoidance,3,0,47.976,6.704,12.28,uav_2,6.704,False,False,False,False,False,1,"[{""id"": ""obstacle_0"", ""kind"": ""static_obstacle"", ""x"": 50.0, ""y"": 50.0, ""radius"": 5.0}]"
delayed_track_sharing,156,31.2,0,52.079,35.572,94.0,90.0,50.0,50.0,50.299,51.576,position_noise+confidence_error,0.417,trust_weighted_fusion,avoidance,3,0,68.7,4.949,9.577,uav_1,4.949,False,False,False,False,False,1,"[{""id"": ""obstacle_0"", ""kind"": ""static_obstacle"", ""x"": 50.0, ""y"": 50.0, ""radius"": 5.0}]"
delayed_track_sharing,156,31.2,1,55.055,39.526,90.0,94.0,50.0,50.0,50.299,51.576,position_noise+confidence_error,0.417,trust_weighted_fusion,avoidance,4,0,64.719,4.949,6.63,uav_0,4.949,False,False,False,False,False,1,"[{""id"": ""obstacle_0"", ""kind"": ""static_obstacle"", ""x"": 50.0, ""y"": 50.0, ""radius"": 5.0}]"
delayed_track_sharing,156,31.2,2,61.75,39.921,86.0,90.0,50.0,50.0,50.299,51.576,false_negative+position_noise+confidence_error,0.417,trust_weighted_fusion,avoidance,3,0,55.641,6.707,10.481,uav_1,6.707,False,False,False,False,False,1,"[{""id"": ""obstacle_0"", ""kind"": ""static_obstacle"", ""x"": 50.0, ""y"": 50.0, ""radius"": 5.0}]"
delayed_track_sharing,156,31.2,3,66.603,44.552,90.0,86.0,50.0,50.0,50.299,51.576,false_negative+position_noise+confidence_error,0.417,trust_weighted_fusion,avoidance,2,0,47.596,6.708,12.474,uav_2,6.708,False,False,False,False,False,1,"[{""id"": ""obstacle_0"", ""kind"": ""static_obstacle"", ""x"": 50.0, ""y"": 50.0, ""radius"": 5.0}]"
delayed_track_sharing,157,31.4,0,52.472,35.645,94.0,90.0,50.0,50.0,49.557,49.322,position_noise+confidence_error,0.602,trust_weighted_fusion,avoidance,3,0,68.403,4.953,9.566,uav_1,4.953,False,False,False,False,False,1,"[{""id"": ""obstacle_0"", ""kind"": ""static_obstacle"", ""x"": 50.0, ""y"": 50.0, ""radius"": 5.0}]"
delayed_track_sharing,157,31.4,1,55.448,39.605,90.0,94.0,50.0,50.0,49.557,49.322,false_negative+position_noise+confidence_error,0.602,trust_weighted_fusion,avoidance,3,0,64.441,4.953,6.736,uav_0,4.953,False,False,False,False,False,1,"[{""id"": ""obstacle_0"", ""kind"": ""static_obstacle"", ""x"": 50.0, ""y"": 50.0, ""radius"": 5.0}]"
delayed_track_sharing,157,31.4,2,62.07,40.162,86.0,90.0,50.0,50.0,49.557,49.322,false_negative+position_noise+confidence_error,0.602,trust_weighted_fusion,avoidance,3,0,55.285,6.645,10.571,uav_1,6.645,False,False,False,False,False,1,"[{""id"": ""obstacle_0"", ""kind"": ""static_obstacle"", ""x"": 50.0, ""y"": 50.0, ""radius"": 5.0}]"
delayed_track_sharing,157,31.4,3,66.884,44.837,90.0,86.0,50.0,50.0,49.557,49.322,position_noise+confidence_error,0.602,trust_weighted_fusion,avoidance,3,0,47.21,6.71,12.655,uav_2,6.71,False,False,False,False,False,1,"[{""id"": ""obstacle_0"", ""kind"": ""static_obstacle"", ""x"": 50.0, ""y"": 50.0, ""radius"": 5.0}]"
delayed_track_sharing,158,31.6,0,52.612,35.27,94.0,90.0,50.0,50.0,50.43,50.416,position_noise+confidence_error,0.52,trust_weighted_fusion,avoidance,3,0,68.617,5.471,9.96,uav_1,5.471,False,False,False,False,False,1,"[{""id"": ""obstacle_0"", ""kind"": ""static_obstacle"", ""x"": 50.0, ""y"": 50.0, ""radius"": 5.0}]"
delayed_track_sharing,158,31.6,1,55.839,39.688,90.0,94.0,50.0,50.0,50.43,50.416,position_noise+confidence_error,0.52,trust_weighted_fusion,avoidance,4,0,64.162,5.471,6.851,uav_0,5.471,False,False,False,False,False,1,"[{""id"": ""obstacle_0"", ""kind"": ""static_obstacle"", ""x"": 50.0, ""y"": 50.0, ""radius"": 5.0}]"
delayed_track_sharing,158,31.6,2,62.393,40.398,86.0,90.0,50.0,50.0,50.43,50.416,false_negative+position_noise+confidence_error,0.52,trust_weighted_fusion,avoidance,2,0,54.933,6.592,10.678,uav_1,6.592,False,False,False,False,False,1,"[{""id"": ""obstacle_0"", ""kind"": ""static_obstacle"", ""x"": 50.0, ""y"": 50.0, ""radius"": 5.0}]"
delayed_track_sharing,158,31.6,3,67.171,45.116,90.0,86.0,50.0,50.0,50.43,50.416,position_noise+confidence_error,0.52,trust_weighted_fusion,avoidance,3,0,46.827,6.714,12.852,uav_2,6.714,False,False,False,False,False,1,"[{""id"": ""obstacle_0"", ""kind"": ""static_obstacle"", ""x"": 50.0, ""y"": 50.0, ""radius"": 5.0}]"
delayed_track_sharing,159,31.8,0,52.992,35.394,94.0,90.0,50.0,50.0,50.575,51.797,position_noise+confidence_error,0.484,trust_weighted_fusion,avoidance,3,0,68.289,5.463,9.909,uav_1,5.463,False,False,False,False,False,1,"[{""id"": ""obstacle_0"", ""kind"": ""static_obstacle"", ""x"": 50.0, ""y"": 50.0, ""radius"": 5.0}]"
delayed_track_sharing,159,31.8,1,56.223,39.799,90.0,94.0,50.0,50.0,50.575,51.797,position_noise+confidence_error,0.484,trust_weighted_fusion,avoidance,4,0,63.864,5.463,6.949,uav_0,5.463,False,False,False,False,False,1,"[{""id"": ""obstacle_0"", ""kind"": ""static_obstacle"", ""x"": 50.0, ""y"": 50.0, ""radius"": 5.0}]"
delayed_track_sharing,159,31.8,2,62.713,40.638,86.0,90.0,50.0,50.0,50.575,51.797,position_noise+confidence_error,0.484,trust_weighted_fusion,avoidance,4,0,54.579,6.544,10.788,uav_1,6.544,False,False,False,False,False,1,"[{""id"": ""obstacle_0"", ""kind"": ""static_obstacle"", ""x"": 50.0, ""y"": 50.0, ""radius"": 5.0}]"
delayed_track_sharing,159,31.8,3,67.46,45.392,90.0,86.0,50.0,50.0,50.575,51.797,false_negative+position_noise+confidence_error,0.484,trust_weighted_fusion,avoidance,3,0,46.445,6.718,13.058,uav_2,6.718,False,False,False,False,False,1,"[{""id"": ""obstacle_0"", ""kind"": ""static_obstacle"", ""x"": 50.0, ""y"": 50.0, ""radius"": 5.0}]"
delayed_track_sharing,160,32.0,0,53.374,35.513,94.0,90.0,50.0,50.0,49.499,50.742,position_noise+confidence_error,0.472,trust_weighted_fusion,avoidance,3,0,67.965,5.469,9.875,uav_1,5.469,False,False,False,False,False,1,"[{""id"": ""obstacle_0"", ""kind"": ""static_obstacle"", ""x"": 50.0, ""y"": 50.0, ""radius"": 5.0}]"
delayed_track_sharing,160,32.0,1,56.602,39.928,90.0,94.0,50.0,50.0,49.499,50.742,position_noise+confidence_error,0.472,trust_weighted_fusion,avoidance,4,0,63.555,5.469,7.043,uav_0,5.469,False,False,False,False,False,1,"[{""id"": ""obstacle_0"", ""kind"": ""static_obstacle"", ""x"": 50.0, ""y"": 50.0, ""radius"": 5.0}]"
delayed_track_sharing,160,32.0,2,63.021,40.893,86.0,90.0,50.0,50.0,49.499,50.742,position_noise+confidence_error,0.472,trust_weighted_fusion,avoidance,4,0,54.218,6.491,10.89,uav_1,6.491,False,False,False,False,False,1,"[{""id"": ""obstacle_0"", ""kind"": ""static_obstacle"", ""x"": 50.0, ""y"": 50.0, ""radius"": 5.0}]"
delayed_track_sharing,160,32.0,3,67.737,45.68,90.0,86.0,50.0,50.0,49.499,50.742,false_negative+position_noise+confidence_error,0.472,trust_weighted_fusion,avoidance,2,0,46.058,6.72,13.255,uav_2,6.72,False,False,False,False,False,1,"[{""id"": ""obstacle_0"", ""kind"": ""static_obstacle"", ""x"": 50.0, ""y"": 50.0, ""radius"": 5.0}]"
delayed_track_sharing,161,32.2,0,53.762,35.613,94.0,90.0,50.0,50.0,49.606,49.516,position_noise+confidence_error,0.594,trust_weighted_fusion,avoidance,3,0,67.654,5.556,9.871,uav_1,5.556,False,False,False,False,False,1,"[{""id"": ""obstacle_0"", ""kind"": ""static_obstacle"", ""x"": 50.0, ""y"": 50.0, ""radius"": 5.0}]"
delayed_track_sharing,161,32.2,1,56.738,40.304,90.0,94.0,50.0,50.0,49.606,49.516,false_negative+position_noise+confidence_error,0.594,trust_weighted_fusion,avoidance,3,0,63.163,5.556,6.807,uav_0,5.556,False,False,False,False,False,1,"[{""id"": ""obstacle_0"", ""kind"": ""static_obstacle"", ""x"": 50.0, ""y"": 50.0, ""radius"": 5.0}]"
delayed_track_sharing,161,32.2,2,63.326,41.151,86.0,90.0,50.0,50.0,49.606,49.516,position_noise+confidence_error,0.594,trust_weighted_fusion,avoidance,4,0,53.854,6.643,10.996,uav_1,6.643,False,False,False,False,False,1,"[{""id"": ""obstacle_0"", ""kind"": ""static_obstacle"", ""x"": 50.0, ""y"": 50.0, ""radius"": 5.0}]"
delayed_track_sharing,161,32.2,3,68.007,45.976,90.0,86.0,50.0,50.0,49.606,49.516,position_noise+confidence_error,0.594,trust_weighted_fusion,avoidance,3,0,45.669,6.722,13.451,uav_2,6.722,False,False,False,False,False,1,"[{""id"": ""obstacle_0"", ""kind"": ""static_obstacle"", ""x"": 50.0, ""y"": 50.0, ""radius"": 5.0}]"
delayed_track_sharing,162,32.4,0,54.142,35.738,94.0,90.0,50.0,50.0,50.206,51.214,false_negative+position_noise+confidence_error,0.567,trust_weighted_fusion,avoidance,2,0,67.328,5.556,9.851,uav_1,5.556,False,False,False,False,False,1,"[{""id"": ""obstacle_0"", ""kind"": ""static_obstacle"", ""x"": 50.0, ""y"": 50.0, ""radius"": 5.0}]"
delayed_track_sharing,162,32.4,1,57.118,40.429,90.0,94.0,50.0,50.0,50.206,51.214,false_negative+position_noise+confidence_error,0.567,trust_weighted_fusion,avoidance,3,0,62.858,5.556,6.928,uav_0,5.556,False,False,False,False,False,1,"[{""id"": ""obstacle_0"", ""kind"": ""static_obstacle"", ""x"": 50.0, ""y"": 50.0, ""radius"": 5.0}]"
delayed_track_sharing,162,32.4,2,63.634,41.407,86.0,90.0,50.0,50.0,50.206,51.214,false_negative+position_noise+confidence_error,0.567,trust_weighted_fusion,avoidance,3,0,53.493,6.589,11.116,uav_1,6.589,False,False,False,False,False,1,"[{""id"": ""obstacle_0"", ""kind"": ""static_obstacle"", ""x"": 50.0, ""y"": 50.0, ""radius"": 5.0}]"
delayed_track_sharing,162,32.4,3,68.283,46.265,90.0,86.0,50.0,50.0,50.206,51.214,position_noise+confidence_error,0.567,trust_weighted_fusion,avoidance,3,0,45.283,6.724,13.661,uav_2,6.724,False,False,False,False,False,1,"[{""id"": ""obstacle_0"", ""kind"": ""static_obstacle"", ""x"": 50.0, ""y"": 50.0, ""radius"": 5.0}]"
delayed_track_sharing,163,32.6,0,54.521,35.864,94.0,90.0,50.0,50.0,49.104,50.128,position_noise+confidence_error,0.407,trust_weighted_fusion,avoidance,3,0,67.002,5.571,9.842,uav_1,5.571,False,False,False,False,False,1,"[{""id"": ""obstacle_0"", ""kind"": ""static_obstacle"", ""x"": 50.0, ""y"": 50.0, ""radius"": 5.0}]"
delayed_track_sharing,163,32.6,1,57.489,40.578,90.0,94.0,50.0,50.0,49.104,50.128,false_negative+position_noise+confidence_error,0.407,trust_weighted_fusion,avoidance,4,0,62.537,5.571,7.035,uav_0,5.571,False,False,False,False,False,1,"[{""id"": ""obstacle_0"", ""kind"": ""static_obstacle"", ""x"": 50.0, ""y"": 50.0, ""radius"": 5.0}]"
delayed_track_sharing,163,32.6,2,63.929,41.677,86.0,90.0,50.0,50.0,49.104,50.128,position_noise+confidence_error,0.407,trust_weighted_fusion,avoidance,4,0,53.125,6.533,11.226,uav_1,6.533,False,False,False,False,False,1,"[{""id"": ""obstacle_0"", ""kind"": ""static_obstacle"", ""x"": 50.0, ""y"": 50.0, ""radius"": 5.0}]"
delayed_track_sharing,163,32.6,3,68.524,46.584,90.0,86.0,50.0,50.0,49.104,50.128,position_noise+confidence_error,0.407,trust_weighted_fusion,avoidance,3,0,44.887,6.723,13.836,uav_2,6.723,False,False,False,False,False,1,"[{""id"": ""obstacle_0"", ""kind"": ""static_obstacle"", ""x"": 50.0, ""y"": 50.0, ""radius"": 5.0}]"
delayed_track_sharing,164,32.8,0,54.907,35.971,94.0,90.0,50.0,50.0,49.922,49.38,false_negative+position_noise+confidence_error,0.655,trust_weighted_fusion,avoidance,3,0,66.689,5.59,9.863,uav_1,5.59,False,False,False,False,False,1,"[{""id"": ""obstacle_0"", ""kind"": ""static_obstacle"", ""x"": 50.0, ""y"": 50.0, ""radius"": 5.0}]"
delayed_track_sharing,164,32.8,1,57.866,40.713,90.0,94.0,50.0,50.0,49.922,49.38,false_negative+position_noise+confidence_error,0.655,trust_weighted_fusion,avoidance,3,0,62.226,5.59,7.17,uav_0,5.59,False,False,False,False,False,1,"[{""id"": ""obstacle_0"", ""kind"": ""static_obstacle"", ""x"": 50.0, ""y"": 50.0, ""radius"": 5.0}]"
delayed_track_sharing,164,32.8,2,64.226,41.945,86.0,90.0,50.0,50.0,49.922,49.38,false_negative+position_noise+confidence_error,0.655,trust_weighted_fusion,avoidance,3,0,52.758,6.478,11.348,uav_1,6.478,False,False,False,False,False,1,"[{""id"": ""obstacle_0"", ""kind"": ""static_obstacle"", ""x"": 50.0, ""y"": 50.0, ""radius"": 5.0}]"
delayed_track_sharing,164,32.8,3,68.785,46.887,90.0,86.0,50.0,50.0,49.922,49.38,position_noise+confidence_error,0.655,trust_weighted_fusion,avoidance,3,0,44.496,6.724,14.041,uav_2,6.724,False,False,False,False,False,1,"[{""id"": ""obstacle_0"", ""kind"": ""static_obstacle"", ""x"": 50.0, ""y"": 50.0, ""radius"": 5.0}]"
delayed_track_sharing,165,33.0,0,55.289,36.09,94.0,90.0,50.0,50.0,50.86,50.656,false_negative+position_noise+confidence_error,0.521,trust_weighted_fusion,avoidance,3,0,66.369,5.596,9.882,uav_1,5.596,False,False,False,False,False,1,"[{""id"": ""obstacle_0"", ""kind"": ""static_obstacle"", ""x"": 50.0, ""y"": 50.0, ""radius"": 5.0}]"
delayed_track_sharing,165,33.0,1,58.245,40.841,90.0,94.0,50.0,50.0,50.86,50.656,false_negative+position_noise+confidence_error,0.521,trust_weighted_fusion,avoidance,3,0,61.921,5.596,7.323,uav_0,5.596,False,False,False,False,False,1,"[{""id"": ""obstacle_0"", ""kind"": ""static_obstacle"", ""x"": 50.0, ""y"": 50.0, ""radius"": 5.0}]"
delayed_track_sharing,165,33.0,2,64.53,42.205,86.0,90.0,50.0,50.0,50.86,50.656,position_noise+confidence_error,0.521,trust_weighted_fusion,avoidance,4,0,52.396,6.431,11.488,uav_1,6.431,False,False,False,False,False,1,"[{""id"": ""obstacle_0"", ""kind"": ""static_obstacle"", ""x"": 50.0, ""y"": 50.0, ""radius"": 5.0}]"
delayed_track_sharing,165,33.0,3,69.054,47.183,90.0,86.0,50.0,50.0,50.86,50.656,false_negative+position_noise+confidence_error,0.521,trust_weighted_fusion,avoidance,2,0,44.108,6.727,14.261,uav_2,6.727,False,False,False,False,False,1,"[{""id"": ""obstacle_0"", ""kind"": ""static_obstacle"", ""x"": 50.0, ""y"": 50.0, ""radius"": 5.0}]"
delayed_track_sharing,166,33.2,0,55.658,36.242,94.0,90.0,50.0,50.0,48.977,51.144,position_noise+confidence_error,0.388,trust_weighted_fusion,avoidance,3,0,66.03,5.613,9.876,uav_1,5.613,False,False,False,False,False,1,"[{""id"": ""obstacle_0"", ""kind"": ""static_obstacle"", ""x"": 50.0, ""y"": 50.0, ""radius"": 5.0}]"
delayed_track_sharing,166,33.2,1,58.602,41.022,90.0,94.0,50.0,50.0,48.977,51.144,false_negative+position_noise+confidence_error,0.388,trust_weighted_fusion,avoidance,3,0,61.584,5.613,7.434,uav_0,5.613,False,False,False,False,False,1,"[{""id"": ""obstacle_0"", ""kind"": ""static_obstacle"", ""x"": 50.0, ""y"": 50.0, ""radius"": 5.0}]"
delayed_track_sharing,166,33.2,2,64.815,42.486,86.0,90.0,50.0,50.0,48.977,51.144,false_negative+position_noise+confidence_error,0.388,trust_weighted_fusion,avoidance,3,0,52.023,6.383,11.612,uav_1,6.383,False,False,False,False,False,1,"[{""id"": ""obstacle_0"", ""kind"": ""static_obstacle"", ""x"": 50.0, ""y"": 50.0, ""radius"": 5.0}]"
delayed_track_sharing,166,33.2,3,69.244,47.535,90.0,86.0,50.0,50.0,50.075,52.943,position_noise+confidence_error,0.177,trust_weighted_fusion,move,3,0,43.708,6.717,14.401,uav_2,6.717,False,False,False,False,False,1,"[{""id"": ""obstacle_0"", ""kind"": ""static_obstacle"", ""x"": 50.0, ""y"": 50.0, ""radius"": 5.0}]"
delayed_track_sharing,167,33.4,0,56.043,36.351,94.0,90.0,50.0,50.0,50.162,48.674,position_noise+confidence_error,0.554,trust_weighted_fusion,avoidance,3,0,65.719,5.645,9.927,uav_1,5.645,False,False,False,False,False,1,"[{""id"": ""obstacle_0"", ""kind"": ""static_obstacle"", ""x"": 50.0, ""y"": 50.0, ""radius"": 5.0}]"
delayed_track_sharing,167,33.4,1,58.97,41.178,90.0,94.0,50.0,50.0,50.162,48.674,false_negative+position_noise+confidence_error,0.554,trust_weighted_fusion,avoidance,2,0,61.262,5.645,7.581,uav_0,5.645,False,False,False,False,False,1,"[{""id"": ""obstacle_0"", ""kind"": ""static_obstacle"", ""x"": 50.0, ""y"": 50.0, ""radius"": 5.0}]"
delayed_track_sharing,167,33.4,2,65.1,42.766,86.0,90.0,50.0,50.0,50.162,48.674,false_negative+position_noise+confidence_error,0.554,trust_weighted_fusion,avoidance,3,0,51.651,6.333,11.744,uav_1,6.333,False,False,False,False,False,1,"[{""id"": ""obstacle_0"", ""kind"": ""static_obstacle"", ""x"": 50.0, ""y"": 50.0, ""radius"": 5.0}]"
delayed_track_sharing,167,33.4,3,69.495,47.847,90.0,86.0,50.0,50.0,50.162,48.674,false_negative+position_noise+confidence_error,0.554,trust_weighted_fusion,avoidance,1,0,43.314,6.718,14.613,uav_2,6.718,False,False,False,False,False,1,"[{""id"": ""obstacle_0"", ""kind"": ""static_obstacle"", ""x"": 50.0, ""y"": 50.0, ""radius"": 5.0}]"
delayed_track_sharing,168,33.6,0,56.417,36.494,94.0,90.0,50.0,50.0,49.489,50.008,false_negative+position_noise+confidence_error,0.623,trust_weighted_fusion,avoidance,2,0,65.387,5.67,9.953,uav_1,5.67,False,False,False,False,False,1,"[{""id"": ""obstacle_0"", ""kind"": ""static_obstacle"", ""x"": 50.0, ""y"": 50.0, ""radius"": 5.0}]"
delayed_track_sharing,168,33.6,1,59.326,41.36,90.0,94.0,50.0,50.0,49.489,50.008,position_noise+confidence_error,0.623,trust_weighted_fusion,avoidance,4,0,60.925,5.67,7.713,uav_0,5.67,False,False,False,False,False,1,"[{""id"": ""obstacle_0"", ""kind"": ""static_obstacle"", ""x"": 50.0, ""y"": 50.0, ""radius"": 5.0}]"
delayed_track_sharing,168,33.6,2,65.381,43.051,86.0,90.0,50.0,50.0,49.489,50.008,position_noise+confidence_error,0.623,trust_weighted_fusion,avoidance,4,0,51.277,6.287,11.878,uav_1,6.287,False,False,False,False,False,1,"[{""id"": ""obstacle_0"", ""kind"": ""static_obstacle"", ""x"": 50.0, ""y"": 50.0, ""radius"": 5.0}]"
delayed_track_sharing,168,33.6,3,69.684,48.199,90.0,86.0,50.0,50.0,49.886,49.735,position_noise+confidence_error,0.458,trust_weighted_fusion,move,3,0,42.914,6.71,14.766,uav_2,6.71,False,False,False,False,False,1,"[{""id"": ""obstacle_0"", ""kind"": ""static_obstacle"", ""x"": 50.0, ""y"": 50.0, ""radius"": 5.0}]"
delayed_track_sharing,169,33.8,0,56.791,36.635,94.0,90.0,50.0,50.0,51.004,51.268,false_negative+position_noise+confidence_error,0.538,trust_weighted_fusion,avoidance,2,0,65.056,5.683,9.991,uav_1,5.683,False,False,False,False,False,1,"[{""id"": ""obstacle_0"", ""kind"": ""static_obstacle"", ""x"": 50.0, ""y"": 50.0, ""radius"": 5.0}]"
delayed_track_sharing,169,33.8,1,59.691,41.523,90.0,94.0,50.0,50.0,51.004,51.268,false_negative+position_noise+confidence_error,0.538,trust_weighted_fusion,avoidance,3,0,60.601,5.683,7.876,uav_0,5.683,False,False,False,False,False,1,"[{""id"": ""obstacle_0"", ""kind"": ""static_obstacle"", ""x"": 50.0, ""y"": 50.0, ""radius"": 5.0}]"
delayed_track_sharing,169,33.8,2,65.673,43.324,86.0,90.0,50.0,50.0,51.004,51.268,position_noise+confidence_error,0.538,trust_weighted_fusion,avoidance,4,0,50.91,6.247,12.035,uav_1,6.247,False,False,False,False,False,1,"[{""id"": ""obstacle_0"", ""kind"": ""static_obstacle"", ""x"": 50.0, ""y"": 50.0, ""radius"": 5.0}]"
delayed_track_sharing,169,33.8,3,69.946,48.502,90.0,86.0,50.0,50.0,51.004,51.268,false_negative+position_noise+confidence_error,0.538,trust_weighted_fusion,avoidance,2,0,42.524,6.713,15.002,uav_2,6.713,False,False,False,False,False,1,"[{""id"": ""obstacle_0"", ""kind"": ""static_obstacle"", ""x"": 50.0, ""y"": 50.0, ""radius"": 5.0}]"
delayed_track_sharing,170,34.0,0,57.158,36.794,94.0,90.0,50.0,50.0,48.995,49.986,position_noise+confidence_error,0.337,trust_weighted_fusion,avoidance,3,0,64.716,5.711,10.021,uav_1,5.711,False,False,False,False,False,1,"[{""id"": ""obstacle_0"", ""kind"": ""static_obstacle"", ""x"": 50.0, ""y"": 50.0, ""radius"": 5.0}]"
delayed_track_sharing,170,34.0,1,60.035,41.728,90.0,94.0,50.0,50.0,48.995,49.986,false_negative+position_noise+confidence_error,0.337,trust_weighted_fusion,avoidance,4,0,60.252,5.711,8.005,uav_0,5.711,False,False,False,False,False,1,"[{""id"": ""obstacle_0"", ""kind"": ""static_obstacle"", ""x"": 50.0, ""y"": 50.0, ""radius"": 5.0}]"
delayed_track_sharing,170,34.0,2,65.943,43.62,86.0,90.0,50.0,50.0,48.995,49.986,position_noise+confidence_error,0.337,trust_weighted_fusion,avoidance,4,0,50.531,6.204,12.172,uav_1,6.204,False,False,False,False,False,1,"[{""id"": ""obstacle_0"", ""kind"": ""static_obstacle"", ""x"": 50.0, ""y"": 50.0, ""radius"": 5.0}]"
delayed_track_sharing,170,34.0,3,70.134,48.855,90.0,86.0,50.0,50.0,,,false_negative+position_noise+confidence_error,,trust_weighted_fusion,move,1,0,42.124,6.706,15.167,uav_2,6.706,False,False,False,False,False,1,"[{""id"": ""obstacle_0"", ""kind"": ""static_obstacle"", ""x"": 50.0, ""y"": 50.0, ""radius"": 5.0}]"
delayed_track_sharing,171,34.2,0,57.526,36.952,94.0,90.0,50.0,50.0,49.259,49.609,false_negative+position_noise+confidence_error,0.533,trust_weighted_fusion,avoidance,2,0,64.378,5.742,10.063,uav_1,5.742,False,False,False,False,False,1,"[{""id"": ""obstacle_0"", ""kind"": ""static_obstacle"", ""x"": 50.0, ""y"": 50.0, ""radius"": 5.0}]"
delayed_track_sharing,171,34.2,1,60.376,41.936,90.0,94.0,50.0,50.0,49.259,49.609,false_negative+position_noise+confidence_error,0.533,trust_weighted_fusion,avoidance,3,0,59.902,5.742,8.141,uav_0,5.742,False,False,False,False,False,1,"[{""id"": ""obstacle_0"", ""kind"": ""static_obstacle"", ""x"": 50.0, ""y"": 50.0, ""radius"": 5.0}]"
delayed_track_sharing,171,34.2,2,66.21,43.917,86.0,90.0,50.0,50.0,49.259,49.609,position_noise+confidence_error,0.533,trust_weighted_fusion,avoidance,4,0,50.152,6.161,12.314,uav_1,6.161,False,False,False,False,False,1,"[{""id"": ""obstacle_0"", ""kind"": ""static_obstacle"", ""x"": 50.0, ""y"": 50.0, ""radius"": 5.0}]"
delayed_track_sharing,171,34.2,3,70.323,49.207,90.0,86.0,50.0,50.0,,,position_noise+confidence_error,,trust_weighted_fusion,move,2,0,41.724,6.701,15.338,uav_2,6.701,False,False,False,False,False,1,"[{""id"": ""obstacle_0"", ""kind"": ""static_obstacle"", ""x"": 50.0, ""y"": 50.0, ""radius"": 5.0}]"
delayed_track_sharing,172,34.4,0,57.893,37.111,94.0,90.0,50.0,50.0,49.578,49.744,position_noise+confidence_error,0.46,trust_weighted_fusion,avoidance,3,0,64.039,5.773,10.114,uav_1,5.773,False,False,False,False,False,1,"[{""id"": ""obstacle_0"", ""kind"": ""static_obstacle"", ""x"": 50.0, ""y"": 50.0, ""radius"": 5.0}]"
delayed_track_sharing,172,34.4,1,60.717,42.146,90.0,94.0,50.0,50.0,49.578,49.744,false_negative+position_noise+confidence_error,0.46,trust_weighted_fusion,avoidance,3,0,59.551,5.773,8.287,uav_0,5.773,False,False,False,False,False,1,"[{""id"": ""obstacle_0"", ""kind"": ""static_obstacle"", ""x"": 50.0, ""y"": 50.0, ""radius"": 5.0}]"
delayed_track_sharing,172,34.4,2,66.477,44.215,86.0,90.0,50.0,50.0,49.578,49.744,position_noise+confidence_error,0.46,trust_weighted_fusion,avoidance,4,0,49.773,6.12,12.463,uav_1,6.12,False,False,False,False,False,1,"[{""id"": ""obstacle_0"", ""kind"": ""static_obstacle"", ""x"": 50.0, ""y"": 50.0, ""radius"": 5.0}]"
delayed_track_sharing,172,34.4,3,70.511,49.56,90.0,86.0,50.0,50.0,,,false_negative+position_noise+confidence_error,,trust_weighted_fusion,move,1,0,41.324,6.697,15.516,uav_2,6.697,False,False,False,False,False,1,"[{""id"": ""obstacle_0"", ""kind"": ""static_obstacle"", ""x"": 50.0, ""y"": 50.0, ""radius"": 5.0}]"
delayed_track_sharing,173,34.6,0,58.269,37.246,94.0,90.0,50.0,50.0,51.905,50.528,false_negative+position_noise+confidence_error,0.462,trust_weighted_fusion,avoidance,3,0,63.716,5.797,10.2,uav_1,5.797,False,False,False,False,False,1,"[{""id"": ""obstacle_0"", ""kind"": ""static_obstacle"", ""x"": 50.0, ""y"": 50.0, ""radius"": 5.0}]"
delayed_track_sharing,173,34.6,1,61.079,42.316,90.0,94.0,50.0,50.0,51.905,50.528,false_negative+position_noise+confidence_error,0.462,trust_weighted_fusion,avoidance,3,0,59.225,5.797,8.483,uav_0,5.797,False,False,False,False,False,1,"[{""id"": ""obstacle_0"", ""kind"": ""static_obstacle"", ""x"": 50.0, ""y"": 50.0, ""radius"": 5.0}]"
delayed_track_sharing,173,34.6,2,66.76,44.497,86.0,90.0,50.0,50.0,51.905,50.528,false_negative+position_noise+confidence_error,0.462,trust_weighted_fusion,avoidance,3,0,49.403,6.086,12.641,uav_1,6.086,False,False,False,False,False,1,"[{""id"": ""obstacle_0"", ""kind"": ""static_obstacle"", ""x"": 50.0, ""y"": 50.0, ""radius"": 5.0}]"
delayed_track_sharing,173,34.6,3,70.762,49.872,90.0,86.0,50.0,50.0,51.905,50.528,position_noise+confidence_error,0.462,trust_weighted_fusion,avoidance,3,0,40.931,6.701,15.763,uav_2,6.701,False,False,False,False,False,1,"[{""id"": ""obstacle_0"", ""kind"": ""static_obstacle"", ""x"": 50.0, ""y"": 50.0, ""radius"": 5.0}]"
delayed_track_sharing,174,34.8,0,58.638,37.401,94.0,90.0,50.0,50.0,49.976,48.47,position_noise+confidence_error,0.488,trust_weighted_fusion,avoidance,3,0,63.381,5.838,10.276,uav_1,5.838,False,False,False,False,False,1,"[{""id"": ""obstacle_0"", ""kind"": ""static_obstacle"", ""x"": 50.0, ""y"": 50.0, ""radius"": 5.0}]"
delayed_track_sharing,174,34.8,1,61.411,42.538,90.0,94.0,50.0,50.0,49.976,48.47,false_negative+position_noise+confidence_error,0.488,trust_weighted_fusion,avoidance,2,0,58.869,5.838,8.634,uav_0,5.838,False,False,False,False,False,1,"[{""id"": ""obstacle_0"", ""kind"": ""static_obstacle"", ""x"": 50.0, ""y"": 50.0, ""radius"": 5.0}]"
delayed_track_sharing,174,34.8,2,67.017,44.804,86.0,90.0,50.0,50.0,49.976,48.47,position_noise+confidence_error,0.488,trust_weighted_fusion,avoidance,4,0,49.02,6.046,12.793,uav_1,6.046,False,False,False,False,False,1,"[{""id"": ""obstacle_0"", ""kind"": ""static_obstacle"", ""x"": 50.0, ""y"": 50.0, ""radius"": 5.0}]"
delayed_track_sharing,174,34.8,3,70.95,50.225,90.0,86.0,50.0,50.0,,,false_negative+position_noise+confidence_error,,trust_weighted_fusion,move,1,0,40.531,6.697,15.951,uav_2,6.697,False,False,False,False,False,1,"[{""id"": ""obstacle_0"", ""kind"": ""static_obstacle"", ""x"": 50.0, ""y"": 50.0, ""radius"": 5.0}]"
delayed_track_sharing,175,35.0,0,58.995,37.581,94.0,90.0,50.0,50.0,49.616,50.683,position_noise+confidence_error,0.467,trust_weighted_fusion,avoidance,3,0,63.033,5.866,10.335,uav_1,5.866,False,False,False,False,False,1,"[{""id"": ""obstacle_0"", ""kind"": ""static_obstacle"", ""x"": 50.0, ""y"": 50.0, ""radius"": 5.0}]"
delayed_track_sharing,175,35.0,1,61.741,42.764,90.0,94.0,50.0,50.0,49.616,50.683,position_noise+confidence_error,0.467,trust_weighted_fusion,avoidance,4,0,58.512,5.866,8.792,uav_0,5.866,False,False,False,False,False,1,"[{""id"": ""obstacle_0"", ""kind"": ""static_obstacle"", ""x"": 50.0, ""y"": 50.0, ""radius"": 5.0}]"
delayed_track_sharing,175,35.0,2,67.277,45.108,86.0,90.0,50.0,50.0,49.616,50.683,false_negative+position_noise+confidence_error,0.467,trust_weighted_fusion,avoidance,2,0,48.64,6.011,12.956,uav_1,6.011,False,False,False,False,False,1,"[{""id"": ""obstacle_0"", ""kind"": ""static_obstacle"", ""x"": 50.0, ""y"": 50.0, ""radius"": 5.0}]"
delayed_track_sharing,175,35.0,3,71.138,50.578,90.0,86.0,50.0,50.0,,,position_noise+confidence_error,,trust_weighted_fusion,move,2,0,40.131,6.695,16.146,uav_2,6.695,False,False,False,False,False,1,"[{""id"": ""obstacle_0"", ""kind"": ""static_obstacle"", ""x"": 50.0, ""y"": 50.0, ""radius"": 5.0}]"
delayed_track_sharing,176,35.2,0,59.358,37.75,94.0,90.0,50.0,50.0,50.683,50.654,false_negative+position_noise+confidence_error,0.15,trust_weighted_fusion,avoidance,3,0,62.691,5.298,10.415,uav_1,5.298,False,False,False,False,False,1,"[{""id"": ""obstacle_0"", ""kind"": ""static_obstacle"", ""x"": 50.0, ""y"": 50.0, ""radius"": 5.0}]"
delayed_track_sharing,176,35.2,1,61.902,42.398,90.0,94.0,50.0,50.0,50.683,50.654,position_noise+confidence_error,0.15,trust_weighted_fusion,avoidance,4,0,58.756,5.298,9.122,uav_0,5.298,False,False,False,False,False,1,"[{""id"": ""obstacle_0"", ""kind"": ""static_obstacle"", ""x"": 50.0, ""y"": 50.0, ""radius"": 5.0}]"
delayed_track_sharing,176,35.2,2,67.541,45.409,86.0,90.0,50.0,50.0,50.683,50.654,false_negative+position_noise+confidence_error,0.15,trust_weighted_fusion,avoidance,4,0,48.261,6.393,13.132,uav_1,6.393,False,False,False,False,False,1,"[{""id"": ""obstacle_0"", ""kind"": ""static_obstacle"", ""x"": 50.0, ""y"": 50.0, ""radius"": 5.0}]"
delayed_track_sharing,176,35.2,3,71.239,50.965,90.0,86.0,50.0,50.0,,,position_noise+confidence_error,,trust_weighted_fusion,avoidance,2,0,39.742,6.674,16.261,uav_2,6.674,False,False,False,False,False,1,"[{""id"": ""obstacle_0"", ""kind"": ""static_obstacle"", ""x"": 50.0, ""y"": 50.0, ""radius"": 5.0}]"
delayed_track_sharing,177,35.4,0,59.721,37.917,94.0,90.0,50.0,50.0,51.024,50.286,position_noise+confidence_error,0.458,trust_weighted_fusion,avoidance,3,0,62.351,5.328,10.508,uav_1,5.328,False,False,False,False,False,1,"[{""id"": ""obstacle_0"", ""kind"": ""static_obstacle"", ""x"": 50.0, ""y"": 50.0, ""radius"": 5.0}]"
delayed_track_sharing,177,35.4,1,62.239,42.612,90.0,94.0,50.0,50.0,51.024,50.286,position_noise+confidence_error,0.458,trust_weighted_fusion,avoidance,4,0,58.407,5.328,9.296,uav_0,5.328,False,False,False,False,False,1,"[{""id"": ""obstacle_0"", ""kind"": ""static_obstacle"", ""x"": 50.0, ""y"": 50.0, ""radius"": 5.0}]"
delayed_track_sharing,177,35.4,2,67.802,45.712,86.0,90.0,50.0,50.0,51.024,50.286,false_negative+position_noise+confidence_error,0.458,trust_weighted_fusion,avoidance,2,0,47.881,6.368,13.311,uav_1,6.368,False,False,False,False,False,1,"[{""id"": ""obstacle_0"", ""kind"": ""static_obstacle"", ""x"": 50.0, ""y"": 50.0, ""radius"": 5.0}]"
delayed_track_sharing,177,35.4,3,71.428,51.318,90.0,86.0,50.0,50.0,,,position_noise+confidence_error,,trust_weighted_fusion,move,2,0,39.342,6.676,16.469,uav_2,6.676,False,False,False,False,False,1,"[{""id"": ""obstacle_0"", ""kind"": ""static_obstacle"", ""x"": 50.0, ""y"": 50.0, ""radius"": 5.0}]"
delayed_track_sharing,178,35.6,0,60.091,38.07,94.0,90.0,50.0,50.0,52.247,50.388,false_negative+position_noise+confidence_error,0.334,trust_weighted_fusion,avoidance,3,0,62.021,5.358,10.625,uav_1,5.358,False,False,False,False,False,1,"[{""id"": ""obstacle_0"", ""kind"": ""static_obstacle"", ""x"": 50.0, ""y"": 50.0, ""radius"": 5.0}]"
delayed_track_sharing,178,35.6,1,62.586,42.811,90.0,94.0,50.0,50.0,52.247,50.388,false_negative+position_noise+confidence_error,0.334,trust_weighted_fusion,avoidance,3,0,58.067,5.358,9.495,uav_0,5.358,False,False,False,False,False,1,"[{""id"": ""obstacle_0"", ""kind"": ""static_obstacle"", ""x"": 50.0, ""y"": 50.0, ""radius"": 5.0}]"
delayed_track_sharing,178,35.6,2,68.068,46.01,86.0,90.0,50.0,50.0,52.247,50.388,false_negative+position_noise+confidence_error,0.334,trust_weighted_fusion,avoidance,3,0,47.504,6.347,13.503,uav_1,6.347,False,False,False,False,False,1,"[{""id"": ""obstacle_0"", ""kind"": ""static_obstacle"", ""x"": 50.0, ""y"": 50.0, ""radius"": 5.0}]"
delayed_track_sharing,178,35.6,3,71.667,51.639,90.0,86.0,50.0,50.0,52.247,50.388,position_noise+confidence_error,0.334,trust_weighted_fusion,avoidance,3,0,38.946,6.68,16.729,uav_2,6.68,False,False,False,False,False,1,"[{""id"": ""obstacle_0"", ""kind"": ""static_obstacle"", ""x"": 50.0, ""y"": 50.0, ""radius"": 5.0}]"
delayed_track_sharing,179,35.8,0,60.283,37.719,94.0,90.0,50.0,50.0,49.889,52.427,position_noise+confidence_error,0.245,trust_weighted_fusion,avoidance,3,0,62.21,5.291,11.017,uav_1,5.291,False,False,False,False,False,1,"[{""id"": ""obstacle_0"", ""kind"": ""static_obstacle"", ""x"": 50.0, ""y"": 50.0, ""radius"": 5.0}]"
delayed_track_sharing,179,35.8,1,62.699,42.427,90.0,94.0,50.0,50.0,49.889,52.427,false_negative+position_noise+confidence_error,0.245,trust_weighted_fusion,avoidance,3,0,58.353,5.291,9.786,uav_0,5.291,False,False,False,False,False,1,"[{""id"": ""obstacle_0"", ""kind"": ""static_obstacle"", ""x"": 50.0, ""y"": 50.0, ""radius"": 5.0}]"
delayed_track_sharing,179,35.8,2,68.323,46.319,86.0,90.0,50.0,50.0,49.889,52.427,false_negative+position_noise+confidence_error,0.245,trust_weighted_fusion,avoidance,3,0,47.122,6.682,13.689,uav_3,6.682,False,False,False,False,False,1,"[{""id"": ""obstacle_0"", ""kind"": ""static_obstacle"", ""x"": 50.0, ""y"": 50.0, ""radius"": 5.0}]"
delayed_track_sharing,179,35.8,3,71.855,51.991,90.0,86.0,50.0,50.0,,,position_noise+confidence_error,,trust_weighted_fusion,move,2,0,38.546,6.682,16.946,uav_2,6.682,False,False,False,False,False,1,"[{""id"": ""obstacle_0"", ""kind"": ""static_obstacle"", ""x"": 50.0, ""y"": 50.0, ""radius"": 5.0}]"
delayed_track_sharing,180,36.0,0,60.643,37.893,94.0,90.0,50.0,50.0,51.327,49.323,position_noise+confidence_error,0.436,trust_weighted_fusion,avoidance,3,0,61.869,5.325,11.12,uav_1,5.325,False,False,False,False,False,1,"[{""id"": ""obstacle_0"", ""kind"": ""static_obstacle"", ""x"": 50.0, ""y"": 50.0, ""radius"": 5.0}]"
delayed_track_sharing,180,36.0,1,63.028,42.654,90.0,94.0,50.0,50.0,51.327,49.323,position_noise+confidence_error,0.436,trust_weighted_fusion,avoidance,4,0,57.999,5.325,9.957,uav_0,5.325,False,False,False,False,False,1,"[{""id"": ""obstacle_0"", ""kind"": ""static_obstacle"", ""x"": 50.0, ""y"": 50.0, ""radius"": 5.0}]"
delayed_track_sharing,180,36.0,2,68.57,46.633,86.0,90.0,50.0,50.0,51.327,49.323,position_noise+confidence_error,0.436,trust_weighted_fusion,avoidance,4,0,46.738,6.684,13.873,uav_3,6.684,False,False,False,False,False,1,"[{""id"": ""obstacle_0"", ""kind"": ""static_obstacle"", ""x"": 50.0, ""y"": 50.0, ""radius"": 5.0}]"
delayed_track_sharing,180,36.0,3,72.043,52.344,90.0,86.0,50.0,50.0,,,false_negative+position_noise+confidence_error,,trust_weighted_fusion,move,1,0,38.146,6.684,17.168,uav_2,6.684,False,False,False,False,False,1,"[{""id"": ""obstacle_0"", ""kind"": ""static_obstacle"", ""x"": 50.0, ""y"": 50.0, ""radius"": 5.0}]"
delayed_track_sharing,181,36.2,0,60.992,38.089,94.0,90.0,50.0,50.0,50.485,50.371,position_noise+confidence_error,0.698,trust_weighted_fusion,avoidance,3,0,61.517,5.353,11.209,uav_1,5.353,False,False,False,False,False,1,"[{""id"": ""obstacle_0"", ""kind"": ""static_obstacle"", ""x"": 50.0, ""y"": 50.0, ""radius"": 5.0}]"
delayed_track_sharing,181,36.2,1,63.347,42.895,90.0,94.0,50.0,50.0,50.485,50.371,position_noise+confidence_error,0.698,trust_weighted_fusion,avoidance,4,0,57.637,5.353,10.12,uav_0,5.353,False,False,False,False,False,1,"[{""id"": ""obstacle_0"", ""kind"": ""static_obstacle"", ""x"": 50.0, ""y"": 50.0, ""radius"": 5.0}]"
delayed_track_sharing,181,36.2,2,68.814,46.95,86.0,90.0,50.0,50.0,50.485,50.371,position_noise+confidence_error,0.698,trust_weighted_fusion,avoidance,4,0,46.353,6.686,14.06,uav_3,6.686,False,False,False,False,False,1,"[{""id"": ""obstacle_0"", ""kind"": ""static_obstacle"", ""x"": 50.0, ""y"": 50.0, ""radius"": 5.0}]"
delayed_track_sharing,181,36.2,3,72.232,52.697,90.0,86.0,50.0,50.0,,,position_noise+confidence_error,,trust_weighted_fusion,move,2,0,37.746,6.686,17.395,uav_2,6.686,False,False,False,False,False,1,"[{""id"": ""obstacle_0"", ""kind"": ""static_obstacle"", ""x"": 50.0, ""y"": 50.0, ""radius"": 5.0}]"
delayed_track_sharing,182,36.4,0,61.346,38.275,94.0,90.0,50.0,50.0,51.101,49.041,position_noise+confidence_error,0.541,trust_weighted_fusion,avoidance,3,0,61.17,5.388,11.316,uav_1,5.388,False,False,False,False,False,1,"[{""id"": ""obstacle_0"", ""kind"": ""static_obstacle"", ""x"": 50.0, ""y"": 50.0, ""radius"": 5.0}]"
delayed_track_sharing,182,36.4,1,63.664,43.139,90.0,94.0,50.0,50.0,51.101,49.041,false_negative+position_noise+confidence_error,0.541,trust_weighted_fusion,avoidance,3,0,57.275,5.388,10.29,uav_0,5.388,False,False,False,False,False,1,"[{""id"": ""obstacle_0"", ""kind"": ""static_obstacle"", ""x"": 50.0, ""y"": 50.0, ""radius"": 5.0}]"
delayed_track_sharing,182,36.4,2,69.051,47.272,86.0,90.0,50.0,50.0,51.101,49.041,position_noise+confidence_error,0.541,trust_weighted_fusion,avoidance,4,0,45.966,6.688,14.246,uav_3,6.688,False,False,False,False,False,1,"[{""id"": ""obstacle_0"", ""kind"": ""static_obstacle"", ""x"": 50.0, ""y"": 50.0, ""radius"": 5.0}]"
delayed_track_sharing,182,36.4,3,72.42,53.05,90.0,86.0,50.0,50.0,,,position_noise+confidence_error,,trust_weighted_fusion,move,2,0,37.346,6.688,17.627,uav_2,6.688,False,False,False,False,False,1,"[{""id"": ""obstacle_0"", ""kind"": ""static_obstacle"", ""x"": 50.0, ""y"": 50.0, ""radius"": 5.0}]"
delayed_track_sharing,183,36.6,0,61.695,38.471,94.0,90.0,50.0,50.0,51.203,50.522,false_negative+position_noise+confidence_error,0.501,trust_weighted_fusion,avoidance,2,0,60.818,5.417,11.422,uav_1,5.417,False,False,False,False,False,1,"[{""id"": ""obstacle_0"", ""kind"": ""static_obstacle"", ""x"": 50.0, ""y"": 50.0, ""radius"": 5.0}]"
delayed_track_sharing,183,36.6,1,63.983,43.382,90.0,94.0,50.0,50.0,51.203,50.522,false_negative+position_noise+confidence_error,0.501,trust_weighted_fusion,avoidance,3,0,56.913,5.417,10.47,uav_0,5.417,False,False,False,False,False,1,"[{""id"": ""obstacle_0"", ""kind"": ""static_obstacle"", ""x"": 50.0, ""y"": 50.0, ""radius"": 5.0}]"
delayed_track_sharing,183,36.6,2,69.293,47.591,86.0,90.0,50.0,50.0,51.203,50.522,position_noise+confidence_error,0.501,trust_weighted_fusion,avoidance,4,0,45.581,6.691,14.443,uav_3,6.691,False,False,False,False,False,1,"[{""id"": ""obstacle_0"", ""kind"": ""static_obstacle"", ""x"": 50.0, ""y"": 50.0, ""radius"": 5.0}]"
delayed_track_sharing,183,36.6,3,72.608,53.403,90.0,86.0,50.0,50.0,,,position_noise+confidence_error,,trust_weighted_fusion,move,2,0,36.946,6.691,17.863,uav_2,6.691,False,False,False,False,False,1,"[{""id"": ""obstacle_0"", ""kind"": ""static_obstacle"", ""x"": 50.0, ""y"": 50.0, ""radius"": 5.0}]"
delayed_track_sharing,184,36.8,0,62.03,38.69,94.0,90.0,50.0,50.0,49.533,49.131,position_noise+confidence_error,0.34,trust_weighted_fusion,avoidance,3,0,60.455,5.447,11.512,uav_1,5.447,False,False,False,False,False,1,"[{""id"": ""obstacle_0"", ""kind"": ""static_obstacle"", ""x"": 50.0, ""y"": 50.0, ""radius"": 5.0}]"
delayed_track_sharing,184,36.8,1,64.277,43.652,90.0,94.0,50.0,50.0,49.533,49.131,false_negative+position_noise+confidence_error,0.34,trust_weighted_fusion,avoidance,3,0,56.538,5.447,10.625,uav_0,5.447,False,False,False,False,False,1,"[{""id"": ""obstacle_0"", ""kind"": ""static_obstacle"", ""x"": 50.0, ""y"": 50.0, ""radius"": 5.0}]"
delayed_track_sharing,184,36.8,2,69.518,47.922,86.0,90.0,50.0,50.0,49.533,49.131,position_noise+confidence_error,0.34,trust_weighted_fusion,avoidance,4,0,45.191,6.692,14.628,uav_3,6.692,False,False,False,False,False,1,"[{""id"": ""obstacle_0"", ""kind"": ""static_obstacle"", ""x"": 50.0, ""y"": 50.0, ""radius"": 5.0}]"
delayed_track_sharing,184,36.8,3,72.797,53.756,90.0,86.0,50.0,50.0,,,false_negative+position_noise+confidence_error,,trust_weighted_fusion,move,1,0,36.546,6.692,18.104,uav_2,6.692,False,False,False,False,False,1,"[{""id"": ""obstacle_0"", ""kind"": ""static_obstacle"", ""x"": 50.0, ""y"": 50.0, ""radius"": 5.0}]"
delayed_track_sharing,185,37.0,0,62.377,38.889,94.0,90.0,50.0,50.0,51.405,49.277,position_noise+confidence_error,0.515,trust_weighted_fusion,avoidance,3,0,60.103,5.517,11.633,uav_1,5.517,False,False,False,False,False,1,"[{""id"": ""obstacle_0"", ""kind"": ""static_obstacle"", ""x"": 50.0, ""y"": 50.0, ""radius"": 5.0}]"
delayed_track_sharing,185,37.0,1,64.331,44.048,90.0,94.0,50.0,50.0,51.405,49.277,position_noise+confidence_error,0.515,trust_weighted_fusion,avoidance,4,0,56.161,5.517,10.518,uav_0,5.517,False,False,False,False,False,1,"[{""id"": ""obstacle_0"", ""kind"": ""static_obstacle"", ""x"": 50.0, ""y"": 50.0, ""radius"": 5.0}]"
delayed_track_sharing,185,37.0,2,69.747,48.249,86.0,90.0,50.0,50.0,51.405,49.277,position_noise+confidence_error,0.515,trust_weighted_fusion,avoidance,4,0,44.802,6.694,14.825,uav_3,6.694,False,False,False,False,False,1,"[{""id"": ""obstacle_0"", ""kind"": ""static_obstacle"", ""x"": 50.0, ""y"": 50.0, ""radius"": 5.0}]"
delayed_track_sharing,185,37.0,3,72.985,54.109,90.0,86.0,50.0,50.0,,,position_noise+confidence_error,,trust_weighted_fusion,move,2,0,36.146,6.694,18.349,uav_2,6.694,False,False,False,False,False,1,"[{""id"": ""obstacle_0"", ""kind"": ""static_obstacle"", ""x"": 50.0, ""y"": 50.0, ""radius"": 5.0}]"
delayed_track_sharing,186,37.2,0,62.706,39.116,94.0,90.0,50.0,50.0,49.688,51.833,false_negative+position_noise+confidence_error,0.341,trust_weighted_fusion,avoidance,3,0,59.737,5.542,11.73,uav_1,5.542,False,False,False,False,False,1,"[{""id"": ""obstacle_0"", ""kind"": ""static_obstacle"", ""x"": 50.0, ""y"": 50.0, ""radius"": 5.0}]"
delayed_track_sharing,186,37.2,1,64.631,44.313,90.0,94.0,50.0,50.0,49.688,51.833,false_negative+position_noise+confidence_error,0.341,trust_weighted_fusion,avoidance,2,0,55.789,5.542,10.698,uav_0,5.542,False,False,False,False,False,1,"[{""id"": ""obstacle_0"", ""kind"": ""static_obstacle"", ""x"": 50.0, ""y"": 50.0, ""radius"": 5.0}]"
delayed_track_sharing,186,37.2,2,69.893,48.622,86.0,90.0,50.0,50.0,49.818,52.457,position_noise+confidence_error,0.396,trust_weighted_fusion,move,4,0,44.402,6.698,14.94,uav_3,6.698,False,False,False,False,False,1,"[{""id"": ""obstacle_0"", ""kind"": ""static_obstacle"", ""x"": 50.0, ""y"": 50.0, ""radius"": 5.0}]"
delayed_track_sharing,186,37.2,3,73.173,54.462,90.0,86.0,50.0,50.0,,,position_noise+confidence_error,,trust_weighted_fusion,move,2,0,35.746,6.698,18.599,uav_2,6.698,False,False,False,False,False,1,"[{""id"": ""obstacle_0"", ""kind"": ""static_obstacle"", ""x"": 50.0, ""y"": 50.0, ""radius"": 5.0}]"
delayed_track_sharing,187,37.4,0,63.037,39.341,94.0,90.0,50.0,50.0,50.164,49.601,false_negative+position_noise+confidence_error,0.3,trust_weighted_fusion,avoidance,2,0,59.372,5.615,11.84,uav_1,5.615,False,False,False,False,False,1,"[{""id"": ""obstacle_0"", ""kind"": ""static_obstacle"", ""x"": 50.0, ""y"": 50.0, ""radius"": 5.0}]"
delayed_track_sharing,187,37.4,1,64.68,44.71,90.0,94.0,50.0,50.0,50.164,49.601,position_noise+confidence_error,0.3,trust_weighted_fusion,avoidance,4,0,55.413,5.615,10.604,uav_0,5.615,False,False,False,False,False,1,"[{""id"": ""obstacle_0"", ""kind"": ""static_obstacle"", ""x"": 50.0, ""y"": 50.0, ""radius"": 5.0}]"
delayed_track_sharing,187,37.4,2,70.113,48.956,86.0,90.0,50.0,50.0,50.164,49.601,false_negative+position_noise+confidence_error,0.3,trust_weighted_fusion,avoidance,2,0,44.012,6.699,15.14,uav_3,6.699,False,False,False,False,False,1,"[{""id"": ""obstacle_0"", ""kind"": ""static_obstacle"", ""x"": 50.0, ""y"": 50.0, ""radius"": 5.0}]"
delayed_track_sharing,187,37.4,3,73.361,54.815,90.0,86.0,50.0,50.0,,,false_negative+position_noise+confidence_error,,trust_weighted_fusion,move,1,0,35.346,6.699,18.852,uav_2,6.699,False,False,False,False,False,1,"[{""id"": ""obstacle_0"", ""kind"": ""static_obstacle"", ""x"": 50.0, ""y"": 50.0, ""radius"": 5.0}]"
delayed_track_sharing,188,37.6,0,63.358,39.58,94.0,90.0,50.0,50.0,49.222,48.725,position_noise+confidence_error,0.361,trust_weighted_fusion,avoidance,3,0,59.001,5.648,11.941,uav_1,5.648,False,False,False,False,False,1,"[{""id"": ""obstacle_0"", ""kind"": ""static_obstacle"", ""x"": 50.0, ""y"": 50.0, ""radius"": 5.0}]"
delayed_track_sharing,188,37.6,1,64.959,44.996,90.0,94.0,50.0,50.0,49.222,48.725,false_negative+position_noise+confidence_error,0.361,trust_weighted_fusion,avoidance,3,0,55.031,5.648,10.774,uav_0,5.648,False,False,False,False,False,1,"[{""id"": ""obstacle_0"", ""kind"": ""static_obstacle"", ""x"": 50.0, ""y"": 50.0, ""radius"": 5.0}]"
delayed_track_sharing,188,37.6,2,70.258,49.329,86.0,90.0,50.0,50.0,,,false_negative+position_noise+confidence_error,,trust_weighted_fusion,move,2,0,43.612,6.703,15.269,uav_3,6.703,False,False,False,False,False,1,"[{""id"": ""obstacle_0"", ""kind"": ""static_obstacle"", ""x"": 50.0, ""y"": 50.0, ""radius"": 5.0}]"
delayed_track_sharing,188,37.6,3,73.55,55.168,90.0,86.0,50.0,50.0,,,position_noise+confidence_error,,trust_weighted_fusion,move,2,0,34.946,6.703,19.11,uav_2,6.703,False,False,False,False,False,1,"[{""id"": ""obstacle_0"", ""kind"": ""static_obstacle"", ""x"": 50.0, ""y"": 50.0, ""radius"": 5.0}]"
delayed_track_sharing,189,37.8,0,63.691,39.801,94.0,90.0,50.0,50.0,51.16,49.559,position_noise+confidence_error,0.429,trust_weighted_fusion,avoidance,3,0,58.639,5.685,12.072,uav_1,5.685,False,False,False,False,False,1,"[{""id"": ""obstacle_0"", ""kind"": ""static_obstacle"", ""x"": 50.0, ""y"": 50.0, ""radius"": 5.0}]"
delayed_track_sharing,189,37.8,1,65.253,45.267,90.0,94.0,50.0,50.0,51.16,49.559,position_noise+confidence_error,0.429,trust_weighted_fusion,avoidance,4,0,54.656,5.685,10.971,uav_0,5.685,False,False,False,False,False,1,"[{""id"": ""obstacle_0"", ""kind"": ""static_obstacle"", ""x"": 50.0, ""y"": 50.0, ""radius"": 5.0}]"
delayed_track_sharing,189,37.8,2,70.476,49.664,86.0,90.0,50.0,50.0,51.16,49.559,false_negative+position_noise+confidence_error,0.429,trust_weighted_fusion,avoidance,3,0,43.22,6.704,15.479,uav_3,6.704,False,False,False,False,False,1,"[{""id"": ""obstacle_0"", ""kind"": ""static_obstacle"", ""x"": 50.0, ""y"": 50.0, ""radius"": 5.0}]"
delayed_track_sharing,189,37.8,3,73.738,55.521,90.0,86.0,50.0,50.0,,,false_negative+position_noise+confidence_error,,trust_weighted_fusion,move,1,0,34.546,6.704,19.372,uav_2,6.704,False,False,False,False,False,1,"[{""id"": ""obstacle_0"", ""kind"": ""static_obstacle"", ""x"": 50.0, ""y"": 50.0, ""radius"": 5.0}]"
delayed_track_sharing,190,38.0,0,64.032,40.01,94.0,90.0,50.0,50.0,52.682,50.924,false_negative+position_noise+confidence_error,0.561,trust_weighted_fusion,avoidance,2,0,58.285,5.719,12.225,uav_1,5.719,False,False,False,False,False,1,"[{""id"": ""obstacle_0"", ""kind"": ""static_obstacle"", ""x"": 50.0, ""y"": 50.0, ""radius"": 5.0}]"
delayed_track_sharing,190,38.0,1,65.564,45.52,90.0,94.0,50.0,50.0,52.682,50.924,false_negative+position_noise+confidence_error,0.561,trust_weighted_fusion,avoidance,3,0,54.291,5.719,11.196,uav_0,5.719,False,False,False,False,False,1,"[{""id"": ""obstacle_0"", ""kind"": ""static_obstacle"", ""x"": 50.0, ""y"": 50.0, ""radius"": 5.0}]"
delayed_track_sharing,190,38.0,2,70.705,49.992,86.0,90.0,50.0,50.0,52.682,50.924,position_noise+confidence_error,0.561,trust_weighted_fusion,avoidance,4,0,42.832,6.706,15.705,uav_3,6.706,False,False,False,False,False,1,"[{""id"": ""obstacle_0"", ""kind"": ""static_obstacle"", ""x"": 50.0, ""y"": 50.0, ""radius"": 5.0}]"
delayed_track_sharing,190,38.0,3,73.926,55.873,90.0,86.0,50.0,50.0,,,position_noise+confidence_error,,trust_weighted_fusion,move,2,0,34.146,6.706,19.637,uav_2,6.706,False,False,False,False,False,1,"[{""id"": ""obstacle_0"", ""kind"": ""static_obstacle"", ""x"": 50.0, ""y"": 50.0, ""radius"": 5.0}]"
delayed_track_sharing,191,38.2,0,64.35,40.253,94.0,90.0,50.0,50.0,49.873,49.83,false_negative+position_noise+confidence_error,0.365,trust_weighted_fusion,avoidance,2,0,57.913,5.751,12.347,uav_1,5.751,False,False,False,False,False,1,"[{""id"": ""obstacle_0"", ""kind"": ""static_obstacle"", ""x"": 50.0, ""y"": 50.0, ""radius"": 5.0}]"
delayed_track_sharing,191,38.2,1,65.842,45.807,90.0,94.0,50.0,50.0,49.873,49.83,false_negative+position_noise+confidence_error,0.365,trust_weighted_fusion,avoidance,2,0,53.909,5.751,11.387,uav_0,5.751,False,False,False,False,False,1,"[{""id"": ""obstacle_0"", ""kind"": ""static_obstacle"", ""x"": 50.0, ""y"": 50.0, ""radius"": 5.0}]"
delayed_track_sharing,191,38.2,2,70.848,50.365,86.0,90.0,50.0,50.0,,,false_negative+position_noise+confidence_error,,trust_weighted_fusion,move,2,0,42.432,6.71,15.851,uav_3,6.71,False,False,False,False,False,1,"[{""id"": ""obstacle_0"", ""kind"": ""static_obstacle"", ""x"": 50.0, ""y"": 50.0, ""radius"": 5.0}]"
delayed_track_sharing,191,38.2,3,74.115,56.226,90.0,86.0,50.0,50.0,,,position_noise+confidence_error,,trust_weighted_fusion,move,2,0,33.746,6.71,19.905,uav_2,6.71,False,False,False,False,False,1,"[{""id"": ""obstacle_0"", ""kind"": ""static_obstacle"", ""x"": 50.0, ""y"": 50.0, ""radius"": 5.0}]"
delayed_track_sharing,192,38.4,0,64.669,40.494,94.0,90.0,50.0,50.0,50.496,51.072,false_negative+position_noise+confidence_error,0.244,trust_weighted_fusion,avoidance,2,0,57.543,5.782,12.48,uav_1,5.782,False,False,False,False,False,1,"[{""id"": ""obstacle_0"", ""kind"": ""static_obstacle"", ""x"": 50.0, ""y"": 50.0, ""radius"": 5.0}]"
delayed_track_sharing,192,38.4,1,66.126,46.089,90.0,94.0,50.0,50.0,50.496,51.072,position_noise+confidence_error,0.244,trust_weighted_fusion,avoidance,4,0,53.53,5.782,11.593,uav_0,5.782,False,False,False,False,False,1,"[{""id"": ""obstacle_0"", ""kind"": ""static_obstacle"", ""x"": 50.0, ""y"": 50.0, ""radius"": 5.0}]"
delayed_track_sharing,192,38.4,2,70.991,50.739,86.0,90.0,50.0,50.0,,,position_noise+confidence_error,,trust_weighted_fusion,move,3,0,42.032,6.714,16.004,uav_3,6.714,False,False,False,False,False,1,"[{""id"": ""obstacle_0"", ""kind"": ""static_obstacle"", ""x"": 50.0, ""y"": 50.0, ""radius"": 5.0}]"
delayed_track_sharing,192,38.4,3,74.303,56.579,90.0,86.0,50.0,50.0,,,false_negative+position_noise+confidence_error,,trust_weighted_fusion,move,1,0,33.346,6.714,20.178,uav_2,6.714,False,False,False,False,False,1,"[{""id"": ""obstacle_0"", ""kind"": ""static_obstacle"", ""x"": 50.0, ""y"": 50.0, ""radius"": 5.0}]"
delayed_track_sharing,193,38.6,0,64.997,40.723,94.0,90.0,50.0,50.0,51.985,51.012,position_noise+confidence_error,0.396,trust_weighted_fusion,avoidance,3,0,57.179,5.816,12.634,uav_1,5.816,False,False,False,False,False,1,"[{""id"": ""obstacle_0"", ""kind"": ""static_obstacle"", ""x"": 50.0, ""y"": 50.0, ""radius"": 5.0}]"
delayed_track_sharing,193,38.6,1,66.418,46.363,90.0,94.0,50.0,50.0,51.985,51.012,false_negative+position_noise+confidence_error,0.396,trust_weighted_fusion,avoidance,3,0,53.155,5.816,11.816,uav_0,5.816,False,False,False,False,False,1,"[{""id"": ""obstacle_0"", ""kind"": ""static_obstacle"", ""x"": 50.0, ""y"": 50.0, ""radius"": 5.0}]"
delayed_track_sharing,193,38.6,2,71.209,51.074,86.0,90.0,50.0,50.0,51.985,51.012,false_negative+position_noise+confidence_error,0.396,trust_weighted_fusion,avoidance,2,0,41.641,6.715,16.236,uav_3,6.715,False,False,False,False,False,1,"[{""id"": ""obstacle_0"", ""kind"": ""static_obstacle"", ""x"": 50.0, ""y"": 50.0, ""radius"": 5.0}]"
delayed_track_sharing,193,38.6,3,74.491,56.932,90.0,86.0,50.0,50.0,,,position_noise+confidence_error,,trust_weighted_fusion,move,2,0,32.946,6.715,20.453,uav_2,6.715,False,False,False,False,False,1,"[{""id"": ""obstacle_0"", ""kind"": ""static_obstacle"", ""x"": 50.0, ""y"": 50.0, ""radius"": 5.0}]"
delayed_track_sharing,194,38.8,0,65.303,40.981,94.0,90.0,50.0,50.0,49.419,50.24,position_noise+confidence_error,0.293,trust_weighted_fusion,avoidance,3,0,56.802,5.846,12.763,uav_1,5.846,False,False,False,False,False,1,"[{""id"": ""obstacle_0"", ""kind"": ""static_obstacle"", ""x"": 50.0, ""y"": 50.0, ""radius"": 5.0}]"
delayed_track_sharing,194,38.8,1,66.684,46.661,90.0,94.0,50.0,50.0,49.419,50.24,false_negative+confidence_error,0.293,trust_weighted_fusion,avoidance,1,0,52.77,5.846,12.015,uav_0,5.846,False,False,False,False,False,1,"[{""id"": ""obstacle_0"", ""kind"": ""static_obstacle"", ""x"": 50.0, ""y"": 50.0, ""radius"": 5.0}]"
delayed_track_sharing,194,38.8,2,71.351,51.448,86.0,90.0,50.0,50.0,,,false_negative+position_noise+confidence_error,,trust_weighted_fusion,move,1,0,41.241,6.686,16.4,uav_1,6.686,False,False,False,False,False,1,"[{""id"": ""obstacle_0"", ""kind"": ""static_obstacle"", ""x"": 50.0, ""y"": 50.0, ""radius"": 5.0}]"
delayed_track_sharing,194,38.8,3,74.68,57.285,90.0,86.0,50.0,50.0,,,false_negative+position_noise+confidence_error,,trust_weighted_fusion,move,1,0,32.546,6.719,20.732,uav_2,6.719,False,False,False,False,False,1,"[{""id"": ""obstacle_0"", ""kind"": ""static_obstacle"", ""x"": 50.0, ""y"": 50.0, ""radius"": 5.0}]"
delayed_track_sharing,195,39.0,0,65.61,41.237,94.0,90.0,50.0,50.0,50.315,48.852,position_noise+confidence_error,0.325,trust_weighted_fusion,avoidance,3,0,56.425,5.881,12.901,uav_1,5.881,False,False,False,False,False,1,"[{""id"": ""obstacle_0"", ""kind"": ""static_obstacle"", ""x"": 50.0, ""y"": 50.0, ""radius"": 5.0}]"
delayed_track_sharing,195,39.0,1,66.944,46.965,90.0,94.0,50.0,50.0,50.315,48.852,position_noise+confidence_error,0.325,trust_weighted_fusion,avoidance,4,0,52.382,5.881,12.214,uav_0,5.881,False,False,False,False,False,1,"[{""id"": ""obstacle_0"", ""kind"": ""static_obstacle"", ""x"": 50.0, ""y"": 50.0, ""radius"": 5.0}]"
delayed_track_sharing,195,39.0,2,71.405,51.844,86.0,90.0,50.0,50.0,,,false_negative+position_noise+confidence_error,,trust_weighted_fusion,avoidance,2,0,40.852,6.612,16.485,uav_1,6.612,False,False,False,False,False,1,"[{""id"": ""obstacle_0"", ""kind"": ""static_obstacle"", ""x"": 50.0, ""y"": 50.0, ""radius"": 5.0}]"
delayed_track_sharing,195,39.0,3,74.868,57.638,90.0,86.0,50.0,50.0,,,position_noise+confidence_error,,trust_weighted_fusion,move,2,0,32.146,6.749,21.014,uav_2,6.749,False,False,False,False,False,1,"[{""id"": ""obstacle_0"", ""kind"": ""static_obstacle"", ""x"": 50.0, ""y"": 50.0, ""radius"": 5.0}]"
delayed_track_sharing,196,39.2,0,65.811,41.583,94.0,90.0,50.0,50.0,49.957,53.782,false_negative+position_noise+confidence_error,0.112,trust_weighted_fusion,move,2,0,56.025,5.843,12.912,uav_1,5.843,False,False,False,False,False,1,"[{""id"": ""obstacle_0"", ""kind"": ""static_obstacle"", ""x"": 50.0, ""y"": 50.0, ""radius"": 5.0}]"
delayed_track_sharing,196,39.2,1,67.222,47.253,90.0,94.0,50.0,50.0,49.957,53.782,false_negative+position_noise+confidence_error,0.112,trust_weighted_fusion,avoidance,4,0,52.001,5.843,12.439,uav_0,5.843,False,False,False,False,False,1,"[{""id"": ""obstacle_0"", ""kind"": ""static_obstacle"", ""x"": 50.0, ""y"": 50.0, ""radius"": 5.0}]"
delayed_track_sharing,196,39.2,2,71.548,52.218,86.0,90.0,50.0,50.0,,,false_negative+position_noise+confidence_error,,trust_weighted_fusion,move,2,0,40.452,6.586,16.662,uav_1,6.586,False,False,False,False,False,1,"[{""id"": ""obstacle_0"", ""kind"": ""static_obstacle"", ""x"": 50.0, ""y"": 50.0, ""radius"": 5.0}]"
delayed_track_sharing,196,39.2,3,75.056,57.991,90.0,86.0,50.0,50.0,,,position_noise+confidence_error,,trust_weighted_fusion,move,2,0,31.746,6.755,21.299,uav_2,6.755,False,False,False,False,False,1,"[{""id"": ""obstacle_0"", ""kind"": ""static_obstacle"", ""x"": 50.0, ""y"": 50.0, ""radius"": 5.0}]"
delayed_track_sharing,197,39.4,0,66.107,41.852,94.0,90.0,50.0,50.0,49.582,48.727,position_noise+confidence_error,0.357,trust_weighted_fusion,avoidance,3,0,55.644,5.874,13.051,uav_1,5.874,False,False,False,False,False,1,"[{""id"": ""obstacle_0"", ""kind"": ""static_obstacle"", ""x"": 50.0, ""y"": 50.0, ""radius"": 5.0}]"
delayed_track_sharing,197,39.4,1,67.471,47.566,90.0,94.0,50.0,50.0,49.582,48.727,false_negative+position_noise+confidence_error,0.357,trust_weighted_fusion,avoidance,2,0,51.611,5.874,12.64,uav_0,5.874,False,False,False,False,False,1,"[{""id"": ""obstacle_0"", ""kind"": ""static_obstacle"", ""x"": 50.0, ""y"": 50.0, ""radius"": 5.0}]"
delayed_track_sharing,197,39.4,2,71.691,52.592,86.0,90.0,50.0,50.0,,,false_negative+confidence_error,,trust_weighted_fusion,move,0,0,40.052,6.563,16.845,uav_1,6.563,False,False,False,False,False,1,"[{""id"": ""obstacle_0"", ""kind"": ""static_obstacle"", ""x"": 50.0, ""y"": 50.0, ""radius"": 5.0}]"
delayed_track_sharing,197,39.4,3,75.244,58.344,90.0,86.0,50.0,50.0,,,position_noise+confidence_error,,trust_weighted_fusion,move,2,0,31.346,6.761,21.588,uav_2,6.761,False,False,False,False,False,1,"[{""id"": ""obstacle_0"", ""kind"": ""static_obstacle"", ""x"": 50.0, ""y"": 50.0, ""radius"": 5.0}]"
delayed_track_sharing,198,39.6,0,66.409,42.115,94.0,90.0,50.0,50.0,50.236,50.323,false_negative+position_noise+confidence_error,0.517,trust_weighted_fusion,avoidance,2,0,55.266,5.906,13.205,uav_1,5.906,False,False,False,False,False,1,"[{""id"": ""obstacle_0"", ""kind"": ""static_obstacle"", ""x"": 50.0, ""y"": 50.0, ""radius"": 5.0}]"
delayed_track_sharing,198,39.6,1,67.729,47.871,90.0,94.0,50.0,50.0,50.236,50.323,position_noise+confidence_error,0.517,trust_weighted_fusion,avoidance,4,0,51.224,5.906,12.856,uav_0,5.906,False,False,False,False,False,1,"[{""id"": ""obstacle_0"", ""kind"": ""static_obstacle"", ""x"": 50.0, ""y"": 50.0, ""radius"": 5.0}]"
delayed_track_sharing,198,39.6,2,71.834,52.965,86.0,90.0,50.0,50.0,,,false_negative+position_noise+confidence_error,,trust_weighted_fusion,move,2,0,39.652,6.542,17.035,uav_1,6.542,False,False,False,False,False,1,"[{""id"": ""obstacle_0"", ""kind"": ""static_obstacle"", ""x"": 50.0, ""y"": 50.0, ""radius"": 5.0}]"
delayed_track_sharing,198,39.6,3,75.433,58.697,90.0,86.0,50.0,50.0,,,position_noise+confidence_error,,trust_weighted_fusion,move,2,0,30.946,6.768,21.879,uav_2,6.768,False,False,False,False,False,1,"[{""id"": ""obstacle_0"", ""kind"": ""static_obstacle"", ""x"": 50.0, ""y"": 50.0, ""radius"": 5.0}]"
delayed_track_sharing,199,39.8,0,66.704,42.385,94.0,90.0,50.0,50.0,50.097,49.311,false_negative+position_noise+confidence_error,0.404,trust_weighted_fusion,avoidance,2,0,54.884,5.938,13.358,uav_1,5.938,False,False,False,False,False,1,"[{""id"": ""obstacle_0"", ""kind"": ""static_obstacle"", ""x"": 50.0, ""y"": 50.0, ""radius"": 5.0}]"
delayed_track_sharing,199,39.8,1,67.977,48.185,90.0,94.0,50.0,50.0,50.097,49.311,false_negative+position_noise+confidence_error,0.404,trust_weighted_fusion,avoidance,3,0,50.833,5.938,13.069,uav_0,5.938,False,False,False,False,False,1,"[{""id"": ""obstacle_0"", ""kind"": ""static_obstacle"", ""x"": 50.0, ""y"": 50.0, ""radius"": 5.0}]"
delayed_track_sharing,199,39.8,2,71.977,53.339,86.0,90.0,50.0,50.0,,,false_negative+position_noise+confidence_error,,trust_weighted_fusion,move,1,0,39.252,6.524,17.229,uav_1,6.524,False,False,False,False,False,1,"[{""id"": ""obstacle_0"", ""kind"": ""static_obstacle"", ""x"": 50.0, ""y"": 50.0, ""radius"": 5.0}]"
delayed_track_sharing,199,39.8,3,75.621,59.05,90.0,86.0,50.0,50.0,,,position_noise+confidence_error,,trust_weighted_fusion,move,2,0,30.546,6.774,22.172,uav_2,6.774,False,False,False,False,False,1,"[{""id"": ""obstacle_0"", ""kind"": ""static_obstacle"", ""x"": 50.0, ""y"": 50.0, ""radius"": 5.0}]"
delayed_track_sharing,200,40.0,0,67.005,42.648,94.0,90.0,50.0,50.0,51.184,50.196,position_noise+confidence_error,0.568,trust_weighted_fusion,avoidance,3,0,54.507,5.973,13.527,uav_1,5.973,False,False,False,False,False,1,"[{""id"": ""obstacle_0"", ""kind"": ""static_obstacle"", ""x"": 50.0, ""y"": 50.0, ""radius"": 5.0}]"
delayed_track_sharing,200,40.0,1,68.233,48.493,90.0,94.0,50.0,50.0,51.184,50.196,false_negative+position_noise+confidence_error,0.568,trust_weighted_fusion,avoidance,2,0,50.445,5.973,13.295,uav_0,5.973,False,False,False,False,False,1,"[{""id"": ""obstacle_0"", ""kind"": ""static_obstacle"", ""x"": 50.0, ""y"": 50.0, ""radius"": 5.0}]"
delayed_track_sharing,200,40.0,2,72.12,53.712,86.0,90.0,50.0,50.0,,,false_negative+position_noise+confidence_error,,trust_weighted_fusion,move,2,0,38.852,6.508,17.429,uav_1,6.508,False,False,False,False,False,1,"[{""id"": ""obstacle_0"", ""kind"": ""static_obstacle"", ""x"": 50.0, ""y"": 50.0, ""radius"": 5.0}]"
delayed_track_sharing,200,40.0,3,75.809,59.403,90.0,86.0,50.0,50.0,,,position_noise+confidence_error,,trust_weighted_fusion,move,2,0,30.146,6.782,22.469,uav_2,6.782,False,False,False,False,False,1,"[{""id"": ""obstacle_0"", ""kind"": ""static_obstacle"", ""x"": 50.0, ""y"": 50.0, ""radius"": 5.0}]"
delayed_track_sharing,201,40.2,0,67.302,42.915,94.0,90.0,50.0,50.0,51.414,49.249,false_negative+position_noise+confidence_error,0.149,trust_weighted_fusion,avoidance,3,0,54.127,6.009,13.697,uav_1,6.009,False,False,False,False,False,1,"[{""id"": ""obstacle_0"", ""kind"": ""static_obstacle"", ""x"": 50.0, ""y"": 50.0, ""radius"": 5.0}]"
delayed_track_sharing,201,40.2,1,68.479,48.808,90.0,94.0,50.0,50.0,51.414,49.249,position_noise+confidence_error,0.149,trust_weighted_fusion,avoidance,4,0,50.055,6.009,13.518,uav_0,6.009,False,False,False,False,False,1,"[{""id"": ""obstacle_0"", ""kind"": ""static_obstacle"", ""x"": 50.0, ""y"": 50.0, ""radius"": 5.0}]"
delayed_track_sharing,201,40.2,2,72.263,54.086,86.0,90.0,50.0,50.0,,,position_noise+confidence_error,,trust_weighted_fusion,move,3,0,38.452,6.494,17.635,uav_1,6.494,False,False,False,False,False,1,"[{""id"": ""obstacle_0"", ""kind"": ""static_obstacle"", ""x"": 50.0, ""y"": 50.0, ""radius"": 5.0}]"
delayed_track_sharing,201,40.2,3,75.998,59.755,90.0,86.0,50.0,50.0,,,false_negative+position_noise+confidence_error,,trust_weighted_fusion,move,1,0,29.746,6.789,22.768,uav_2,6.789,False,False,False,False,False,1,"[{""id"": ""obstacle_0"", ""kind"": ""static_obstacle"", ""x"": 50.0, ""y"": 50.0, ""radius"": 5.0}]"
delayed_track_sharing,202,40.4,0,67.59,43.194,94.0,90.0,50.0,50.0,50.328,49.236,position_noise+confidence_error,0.378,trust_weighted_fusion,avoidance,3,0,53.743,6.041,13.861,uav_1,6.041,False,False,False,False,False,1,"[{""id"": ""obstacle_0"", ""kind"": ""static_obstacle"", ""x"": 50.0, ""y"": 50.0, ""radius"": 5.0}]"
delayed_track_sharing,202,40.4,1,68.719,49.128,90.0,94.0,50.0,50.0,50.328,49.236,false_negative+position_noise+confidence_error,0.378,trust_weighted_fusion,avoidance,4,0,49.663,6.041,13.739,uav_0,6.041,False,False,False,False,False,1,"[{""id"": ""obstacle_0"", ""kind"": ""static_obstacle"", ""x"": 50.0, ""y"": 50.0, ""radius"": 5.0}]"
delayed_track_sharing,202,40.4,2,72.406,54.46,86.0,90.0,50.0,50.0,,,position_noise+confidence_error,,trust_weighted_fusion,move,3,0,38.052,6.482,17.845,uav_1,6.482,False,False,False,False,False,1,"[{""id"": ""obstacle_0"", ""kind"": ""static_obstacle"", ""x"": 50.0, ""y"": 50.0, ""radius"": 5.0}]"
delayed_track_sharing,202,40.4,3,76.186,60.108,90.0,86.0,50.0,50.0,,,false_negative+position_noise+confidence_error,,trust_weighted_fusion,move,1,0,29.346,6.797,23.069,uav_2,6.797,False,False,False,False,False,1,"[{""id"": ""obstacle_0"", ""kind"": ""static_obstacle"", ""x"": 50.0, ""y"": 50.0, ""radius"": 5.0}]"
delayed_track_sharing,203,40.6,0,67.872,43.477,94.0,90.0,50.0,50.0,49.436,50.205,false_negative+position_noise+confidence_error,0.22,trust_weighted_fusion,avoidance,2,0,53.358,6.07,14.026,uav_1,6.07,False,False,False,False,False,1,"[{""id"": ""obstacle_0"", ""kind"": ""static_obstacle"", ""x"": 50.0, ""y"": 50.0, ""radius"": 5.0}]"
delayed_track_sharing,203,40.6,1,68.957,49.449,90.0,94.0,50.0,50.0,49.436,50.205,false_negative+position_noise+confidence_error,0.22,trust_weighted_fusion,avoidance,4,0,49.27,6.07,13.965,uav_0,6.07,False,False,False,False,False,1,"[{""id"": ""obstacle_0"", ""kind"": ""static_obstacle"", ""x"": 50.0, ""y"": 50.0, ""radius"": 5.0}]"
delayed_track_sharing,203,40.6,2,72.549,54.833,86.0,90.0,50.0,50.0,,,position_noise+confidence_error,,trust_weighted_fusion,move,3,0,37.652,6.472,18.061,uav_1,6.472,False,False,False,False,False,1,"[{""id"": ""obstacle_0"", ""kind"": ""static_obstacle"", ""x"": 50.0, ""y"": 50.0, ""radius"": 5.0}]"
delayed_track_sharing,203,40.6,3,76.374,60.461,90.0,86.0,50.0,50.0,,,false_negative+confidence_error,,trust_weighted_fusion,move,0,0,28.946,6.805,23.373,uav_2,6.805,False,False,False,False,False,1,"[{""id"": ""obstacle_0"", ""kind"": ""static_obstacle"", ""x"": 50.0, ""y"": 50.0, ""radius"": 5.0}]"
delayed_track_sharing,204,40.8,0,68.141,43.773,94.0,90.0,50.0,50.0,49.509,46.997,false_negative+position_noise+confidence_error,0.123,trust_weighted_fusion,avoidance,2,0,52.968,6.1,14.18,uav_1,6.1,False,False,False,False,False,1,"[{""id"": ""obstacle_0"", ""kind"": ""static_obstacle"", ""x"": 50.0, ""y"": 50.0, ""radius"": 5.0}]"
delayed_track_sharing,204,40.8,1,69.176,49.784,90.0,94.0,50.0,50.0,49.509,46.997,false_negative+position_noise+confidence_error,0.123,trust_weighted_fusion,avoidance,2,0,48.874,6.1,14.177,uav_0,6.1,False,False,False,False,False,1,"[{""id"": ""obstacle_0"", ""kind"": ""static_obstacle"", ""x"": 50.0, ""y"": 50.0, ""radius"": 5.0}]"
delayed_track_sharing,204,40.8,2,72.692,55.207,86.0,90.0,50.0,50.0,,,position_noise+confidence_error,,trust_weighted_fusion,move,3,0,37.252,6.463,18.281,uav_1,6.463,False,False,False,False,False,1,"[{""id"": ""obstacle_0"", ""kind"": ""static_obstacle"", ""x"": 50.0, ""y"": 50.0, ""radius"": 5.0}]"
delayed_track_sharing,204,40.8,3,76.562,60.814,90.0,86.0,50.0,50.0,,,position_noise+confidence_error,,trust_weighted_fusion,move,2,0,28.546,6.814,23.679,uav_2,6.814,False,False,False,False,False,1,"[{""id"": ""obstacle_0"", ""kind"": ""static_obstacle"", ""x"": 50.0, ""y"": 50.0, ""radius"": 5.0}]"
delayed_track_sharing,205,41.0,0,68.424,44.056,94.0,90.0,50.0,50.0,49.924,51.19,position_noise+confidence_error,0.21,trust_weighted_fusion,avoidance,3,0,52.583,6.129,14.359,uav_1,6.129,False,False,False,False,False,1,"[{""id"": ""obstacle_0"", ""kind"": ""static_obstacle"", ""x"": 50.0, ""y"": 50.0, ""radius"": 5.0}]"
delayed_track_sharing,205,41.0,1,69.416,50.104,90.0,94.0,50.0,50.0,49.924,51.19,position_noise+confidence_error,0.21,trust_weighted_fusion,avoidance,4,0,48.482,6.129,14.416,uav_0,6.129,False,False,False,False,False,1,"[{""id"": ""obstacle_0"", ""kind"": ""static_obstacle"", ""x"": 50.0, ""y"": 50.0, ""radius"": 5.0}]"
delayed_track_sharing,205,41.0,2,72.834,55.58,86.0,90.0,50.0,50.0,,,position_noise+confidence_error,,trust_weighted_fusion,move,3,0,36.852,6.456,18.506,uav_1,6.456,False,False,False,False,False,1,"[{""id"": ""obstacle_0"", ""kind"": ""static_obstacle"", ""x"": 50.0, ""y"": 50.0, ""radius"": 5.0}]"
delayed_track_sharing,205,41.0,3,76.751,61.167,90.0,86.0,50.0,50.0,,,false_negative+position_noise+confidence_error,,trust_weighted_fusion,move,1,0,28.146,6.823,23.988,uav_2,6.823,False,False,False,False,False,1,"[{""id"": ""obstacle_0"", ""kind"": ""static_obstacle"", ""x"": 50.0, ""y"": 50.0, ""radius"": 5.0}]"
delayed_track_sharing,206,41.2,0,68.714,44.332,94.0,90.0,50.0,50.0,51.298,52.221,false_negative+position_noise+confidence_error,0.231,trust_weighted_fusion,avoidance,2,0,52.202,6.16,14.553,uav_1,6.16,False,False,False,False,False,1,"[{""id"": ""obstacle_0"", ""kind"": ""static_obstacle"", ""x"": 50.0, ""y"": 50.0, ""radius"": 5.0}]"
delayed_track_sharing,206,41.2,1,69.664,50.418,90.0,94.0,50.0,50.0,51.298,52.221,false_negative+position_noise+confidence_error,0.231,trust_weighted_fusion,avoidance,3,0,48.093,6.16,14.668,uav_0,6.16,False,False,False,False,False,1,"[{""id"": ""obstacle_0"", ""kind"": ""static_obstacle"", ""x"": 50.0, ""y"": 50.0, ""radius"": 5.0}]"
delayed_track_sharing,206,41.2,2,72.977,55.954,86.0,90.0,50.0,50.0,,,position_noise+confidence_error,,trust_weighted_fusion,move,3,0,36.452,6.452,18.736,uav_1,6.452,False,False,False,False,False,1,"[{""id"": ""obstacle_0"", ""kind"": ""static_obstacle"", ""x"": 50.0, ""y"": 50.0, ""radius"": 5.0}]"
delayed_track_sharing,206,41.2,3,76.939,61.52,90.0,86.0,50.0,50.0,,,false_negative+confidence_error,,trust_weighted_fusion,move,0,0,27.746,6.832,24.299,uav_2,6.832,False,False,False,False,False,1,"[{""id"": ""obstacle_0"", ""kind"": ""static_obstacle"", ""x"": 50.0, ""y"": 50.0, ""radius"": 5.0}]"
delayed_track_sharing,207,41.4,0,68.983,44.627,94.0,90.0,50.0,50.0,49.674,49.06,position_noise+confidence_error,0.266,trust_weighted_fusion,avoidance,3,0,51.812,6.212,14.729,uav_1,6.212,False,False,False,False,False,1,"[{""id"": ""obstacle_0"", ""kind"": ""static_obstacle"", ""x"": 50.0, ""y"": 50.0, ""radius"": 5.0}]"
delayed_track_sharing,207,41.4,1,69.833,50.781,90.0,94.0,50.0,50.0,49.84,48.743,false_negative+position_noise+confidence_error,0.279,trust_weighted_fusion,move,3,0,47.693,6.212,14.848,uav_0,6.212,False,False,False,False,False,1,"[{""id"": ""obstacle_0"", ""kind"": ""static_obstacle"", ""x"": 50.0, ""y"": 50.0, ""radius"": 5.0}]"
delayed_track_sharing,207,41.4,2,73.12,56.328,86.0,90.0,50.0,50.0,,,false_negative+position_noise+confidence_error,,trust_weighted_fusion,move,1,0,36.052,6.448,18.97,uav_1,6.448,False,False,False,False,False,1,"[{""id"": ""obstacle_0"", ""kind"": ""static_obstacle"", ""x"": 50.0, ""y"": 50.0, ""radius"": 5.0}]"
delayed_track_sharing,207,41.4,3,77.127,61.873,90.0,86.0,50.0,50.0,,,false_negative+position_noise+confidence_error,,trust_weighted_fusion,move,1,0,27.346,6.842,24.612,uav_2,6.842,False,False,False,False,False,1,"[{""id"": ""obstacle_0"", ""kind"": ""static_obstacle"", ""x"": 50.0, ""y"": 50.0, ""radius"": 5.0}]"
delayed_track_sharing,208,41.6,0,69.176,44.978,94.0,90.0,50.0,50.0,47.682,52.329,position_noise+confidence_error,0.227,trust_weighted_fusion,move,3,0,51.412,6.221,14.823,uav_1,6.221,False,False,False,False,False,1,"[{""id"": ""obstacle_0"", ""kind"": ""static_obstacle"", ""x"": 50.0, ""y"": 50.0, ""radius"": 5.0}]"
delayed_track_sharing,208,41.6,1,70.002,51.143,90.0,94.0,50.0,50.0,46.764,52.146,position_noise+confidence_error,0.004,trust_weighted_fusion,move,4,0,47.293,6.221,15.035,uav_0,6.221,False,False,False,False,False,1,"[{""id"": ""obstacle_0"", ""kind"": ""static_obstacle"", ""x"": 50.0, ""y"": 50.0, ""radius"": 5.0}]"
delayed_track_sharing,208,41.6,2,73.263,56.701,86.0,90.0,50.0,50.0,,,position_noise+confidence_error,,trust_weighted_fusion,move,3,0,35.652,6.444,19.209,uav_1,6.444,False,False,False,False,False,1,"[{""id"": ""obstacle_0"", ""kind"": ""static_obstacle"", ""x"": 50.0, ""y"": 50.0, ""radius"": 5.0}]"
delayed_track_sharing,208,41.6,3,77.316,62.226,90.0,86.0,50.0,50.0,,,false_negative+position_noise+confidence_error,,trust_weighted_fusion,move,1,0,26.946,6.852,24.927,uav_2,6.852,False,False,False,False,False,1,"[{""id"": ""obstacle_0"", ""kind"": ""static_obstacle"", ""x"": 50.0, ""y"": 50.0, ""radius"": 5.0}]"
delayed_track_sharing,209,41.8,0,69.369,45.328,94.0,90.0,50.0,50.0,47.703,48.016,position_noise+confidence_error,0.315,trust_weighted_fusion,move,3,0,51.012,6.23,14.925,uav_1,6.23,False,False,False,False,False,1,"[{""id"": ""obstacle_0"", ""kind"": ""static_obstacle"", ""x"": 50.0, ""y"": 50.0, ""radius"": 5.0}]"
delayed_track_sharing,209,41.8,1,70.171,51.506,90.0,94.0,50.0,50.0,,,false_negative+position_noise+confidence_error,,trust_weighted_fusion,move,2,0,46.893,6.23,15.227,uav_0,6.23,False,False,False,False,False,1,"[{""id"": ""obstacle_0"", ""kind"": ""static_obstacle"", ""x"": 50.0, ""y"": 50.0, ""radius"": 5.0}]"
delayed_track_sharing,209,41.8,2,73.406,57.075,86.0,90.0,50.0,50.0,,,position_noise+confidence_error,,trust_weighted_fusion,move,3,0,35.252,6.441,19.452,uav_1,6.441,False,False,False,False,False,1,"[{""id"": ""obstacle_0"", ""kind"": ""static_obstacle"", ""x"": 50.0, ""y"": 50.0, ""radius"": 5.0}]"
delayed_track_sharing,209,41.8,3,77.504,62.579,90.0,86.0,50.0,50.0,,,false_negative+position_noise+confidence_error,,trust_weighted_fusion,move,1,0,26.546,6.862,25.244,uav_2,6.862,False,False,False,False,False,1,"[{""id"": ""obstacle_0"", ""kind"": ""static_obstacle"", ""x"": 50.0, ""y"": 50.0, ""radius"": 5.0}]"
delayed_track_sharing,210,42.0,0,69.651,45.612,94.0,90.0,50.0,50.0,52.57,50.486,false_negative+position_noise+confidence_error,0.141,trust_weighted_fusion,avoidance,2,0,50.628,6.266,15.135,uav_1,6.266,False,False,False,False,False,1,"[{""id"": ""obstacle_0"", ""kind"": ""static_obstacle"", ""x"": 50.0, ""y"": 50.0, ""radius"": 5.0}]"
delayed_track_sharing,210,42.0,1,70.401,51.833,90.0,94.0,50.0,50.0,52.57,50.486,position_noise+confidence_error,0.141,trust_weighted_fusion,avoidance,4,0,46.499,6.266,15.483,uav_0,6.266,False,False,False,False,False,1,"[{""id"": ""obstacle_0"", ""kind"": ""static_obstacle"", ""x"": 50.0, ""y"": 50.0, ""radius"": 5.0}]"
delayed_track_sharing,210,42.0,2,73.549,57.448,86.0,90.0,50.0,50.0,,,false_negative+position_noise+confidence_error,,trust_weighted_fusion,move,2,0,34.852,6.438,19.699,uav_1,6.438,False,False,False,False,False,1,"[{""id"": ""obstacle_0"", ""kind"": ""static_obstacle"", ""x"": 50.0, ""y"": 50.0, ""radius"": 5.0}]"
delayed_track_sharing,210,42.0,3,77.692,62.932,90.0,86.0,50.0,50.0,,,false_negative+position_noise+confidence_error,,trust_weighted_fusion,move,1,0,26.146,6.873,25.563,uav_2,6.873,False,False,False,False,False,1,"[{""id"": ""obstacle_0"", ""kind"": ""static_obstacle"", ""x"": 50.0, ""y"": 50.0, ""radius"": 5.0}]"
delayed_track_sharing,211,42.2,0,69.843,45.962,94.0,90.0,50.0,50.0,,,false_negative+position_noise+confidence_error,,trust_weighted_fusion,move,1,0,50.228,6.275,15.25,uav_1,6.275,False,False,False,False,False,1,"[{""id"": ""obstacle_0"", ""kind"": ""static_obstacle"", ""x"": 50.0, ""y"": 50.0, ""radius"": 5.0}]"
delayed_track_sharing,211,42.2,1,70.57,52.196,90.0,94.0,50.0,50.0,,,position_noise+confidence_error,,trust_weighted_fusion,move,3,0,46.099,6.275,15.687,uav_0,6.275,False,False,False,False,False,1,"[{""id"": ""obstacle_0"", ""kind"": ""static_obstacle"", ""x"": 50.0, ""y"": 50.0, ""radius"": 5.0}]"
delayed_track_sharing,211,42.2,2,73.692,57.822,86.0,90.0,50.0,50.0,,,false_negative+position_noise+confidence_error,,trust_weighted_fusion,move,1,0,34.452,6.435,19.95,uav_1,6.435,False,False,False,False,False,1,"[{""id"": ""obstacle_0"", ""kind"": ""static_obstacle"", ""x"": 50.0, ""y"": 50.0, ""radius"": 5.0}]"
delayed_track_sharing,211,42.2,3,77.88,63.285,90.0,86.0,50.0,50.0,,,position_noise+confidence_error,,trust_weighted_fusion,move,2,0,25.746,6.884,25.884,uav_2,6.884,False,False,False,False,False,1,"[{""id"": ""obstacle_0"", ""kind"": ""static_obstacle"", ""x"": 50.0, ""y"": 50.0, ""radius"": 5.0}]"
delayed_track_sharing,212,42.4,0,70.036,46.313,94.0,90.0,50.0,50.0,,,position_noise+confidence_error,,trust_weighted_fusion,move,2,0,49.828,6.285,15.372,uav_1,6.285,False,False,False,False,False,1,"[{""id"": ""obstacle_0"", ""kind"": ""static_obstacle"", ""x"": 50.0, ""y"": 50.0, ""radius"": 5.0}]"
delayed_track_sharing,212,42.4,1,70.738,52.558,90.0,94.0,50.0,50.0,,,false_negative+position_noise+confidence_error,,trust_weighted_fusion,move,2,0,45.699,6.285,15.895,uav_0,6.285,False,False,False,False,False,1,"[{""id"": ""obstacle_0"", ""kind"": ""static_obstacle"", ""x"": 50.0, ""y"": 50.0, ""radius"": 5.0}]"
delayed_track_sharing,212,42.4,2,73.835,58.196,86.0,90.0,50.0,50.0,,,false_negative+position_noise+confidence_error,,trust_weighted_fusion,move,2,0,34.052,6.432,20.204,uav_1,6.432,False,False,False,False,False,1,"[{""id"": ""obstacle_0"", ""kind"": ""static_obstacle"", ""x"": 50.0, ""y"": 50.0, ""radius"": 5.0}]"
delayed_track_sharing,212,42.4,3,78.069,63.637,90.0,86.0,50.0,50.0,,,position_noise+confidence_error,,trust_weighted_fusion,move,2,0,25.346,6.895,26.206,uav_2,6.895,False,False,False,False,False,1,"[{""id"": ""obstacle_0"", ""kind"": ""static_obstacle"", ""x"": 50.0, ""y"": 50.0, ""radius"": 5.0}]"
delayed_track_sharing,213,42.6,0,70.228,46.664,94.0,90.0,50.0,50.0,,,position_noise+confidence_error,,trust_weighted_fusion,move,2,0,49.428,6.294,15.501,uav_1,6.294,False,False,False,False,False,1,"[{""id"": ""obstacle_0"", ""kind"": ""static_obstacle"", ""x"": 50.0, ""y"": 50.0, ""radius"": 5.0}]"
delayed_track_sharing,213,42.6,1,70.907,52.921,90.0,94.0,50.0,50.0,,,false_negative+position_noise+confidence_error,,trust_weighted_fusion,move,1,0,45.299,6.294,16.11,uav_0,6.294,False,False,False,False,False,1,"[{""id"": ""obstacle_0"", ""kind"": ""static_obstacle"", ""x"": 50.0, ""y"": 50.0, ""radius"": 5.0}]"
delayed_track_sharing,213,42.6,2,73.978,58.569,86.0,90.0,50.0,50.0,,,position_noise+confidence_error,,trust_weighted_fusion,move,3,0,33.652,6.429,20.463,uav_1,6.429,False,False,False,False,False,1,"[{""id"": ""obstacle_0"", ""kind"": ""static_obstacle"", ""x"": 50.0, ""y"": 50.0, ""radius"": 5.0}]"
delayed_track_sharing,213,42.6,3,78.257,63.99,90.0,86.0,50.0,50.0,,,position_noise+confidence_error,,trust_weighted_fusion,move,2,0,24.946,6.907,26.531,uav_2,6.907,False,False,False,False,False,1,"[{""id"": ""obstacle_0"", ""kind"": ""static_obstacle"", ""x"": 50.0, ""y"": 50.0, ""radius"": 5.0}]"
delayed_track_sharing,214,42.8,0,70.421,47.015,94.0,90.0,50.0,50.0,,,position_noise+confidence_error,,trust_weighted_fusion,move,2,0,49.028,6.303,15.638,uav_1,6.303,False,False,False,False,False,1,"[{""id"": ""obstacle_0"", ""kind"": ""static_obstacle"", ""x"": 50.0, ""y"": 50.0, ""radius"": 5.0}]"
delayed_track_sharing,214,42.8,1,71.075,53.284,90.0,94.0,50.0,50.0,,,false_negative+position_noise+confidence_error,,trust_weighted_fusion,move,1,0,44.899,6.303,16.33,uav_0,6.303,False,False,False,False,False,1,"[{""id"": ""obstacle_0"", ""kind"": ""static_obstacle"", ""x"": 50.0, ""y"": 50.0, ""radius"": 5.0}]"
delayed_track_sharing,214,42.8,2,74.121,58.943,86.0,90.0,50.0,50.0,,,false_negative+position_noise+confidence_error,,trust_weighted_fusion,move,2,0,33.252,6.426,20.725,uav_1,6.426,False,False,False,False,False,1,"[{""id"": ""obstacle_0"", ""kind"": ""static_obstacle"", ""x"": 50.0, ""y"": 50.0, ""radius"": 5.0}]"
delayed_track_sharing,214,42.8,3,78.445,64.343,90.0,86.0,50.0,50.0,,,false_negative+position_noise+confidence_error,,trust_weighted_fusion,move,1,0,24.546,6.919,26.857,uav_2,6.919,False,False,False,False,False,1,"[{""id"": ""obstacle_0"", ""kind"": ""static_obstacle"", ""x"": 50.0, ""y"": 50.0, ""radius"": 5.0}]"
delayed_track_sharing,215,43.0,0,70.613,47.365,94.0,90.0,50.0,50.0,,,position_noise+confidence_error,,trust_weighted_fusion,move,2,0,48.628,6.313,15.781,uav_1,6.313,False,False,False,False,False,1,"[{""id"": ""obstacle_0"", ""kind"": ""static_obstacle"", ""x"": 50.0, ""y"": 50.0, ""radius"": 5.0}]"
delayed_track_sharing,215,43.0,1,71.244,53.647,90.0,94.0,50.0,50.0,,,false_negative+confidence_error,,trust_weighted_fusion,move,0,0,44.499,6.313,16.555,uav_0,6.313,False,False,False,False,False,1,"[{""id"": ""obstacle_0"", ""kind"": ""static_obstacle"", ""x"": 50.0, ""y"": 50.0, ""radius"": 5.0}]"
delayed_track_sharing,215,43.0,2,74.263,59.316,86.0,90.0,50.0,50.0,,,position_noise+confidence_error,,trust_weighted_fusion,move,3,0,32.852,6.424,20.991,uav_1,6.424,False,False,False,False,False,1,"[{""id"": ""obstacle_0"", ""kind"": ""static_obstacle"", ""x"": 50.0, ""y"": 50.0, ""radius"": 5.0}]"
delayed_track_sharing,215,43.0,3,78.634,64.696,90.0,86.0,50.0,50.0,,,false_negative+position_noise+confidence_error,,trust_weighted_fusion,move,1,0,24.146,6.931,27.185,uav_2,6.931,False,False,False,False,False,1,"[{""id"": ""obstacle_0"", ""kind"": ""static_obstacle"", ""x"": 50.0, ""y"": 50.0, ""radius"": 5.0}]"
delayed_track_sharing,216,43.2,0,70.805,47.716,94.0,90.0,50.0,50.0,,,position_noise+confidence_error,,trust_weighted_fusion,move,2,0,48.228,6.323,15.93,uav_1,6.323,False,False,False,False,False,1,"[{""id"": ""obstacle_0"", ""kind"": ""static_obstacle"", ""x"": 50.0, ""y"": 50.0, ""radius"": 5.0}]"
delayed_track_sharing,216,43.2,1,71.413,54.009,90.0,94.0,50.0,50.0,,,position_noise+confidence_error,,trust_weighted_fusion,move,3,0,44.099,6.323,16.785,uav_0,6.323,False,False,False,False,False,1,"[{""id"": ""obstacle_0"", ""kind"": ""static_obstacle"", ""x"": 50.0, ""y"": 50.0, ""radius"": 5.0}]"
delayed_track_sharing,216,43.2,2,74.406,59.69,86.0,90.0,50.0,50.0,,,position_noise+confidence_error,,trust_weighted_fusion,move,3,0,32.452,6.421,21.26,uav_1,6.421,False,False,False,False,False,1,"[{""id"": ""obstacle_0"", ""kind"": ""static_obstacle"", ""x"": 50.0, ""y"": 50.0, ""radius"": 5.0}]"
delayed_track_sharing,216,43.2,3,78.822,65.049,90.0,86.0,50.0,50.0,,,false_negative+position_noise+confidence_error,,trust_weighted_fusion,move,1,0,23.746,6.944,27.514,uav_2,6.944,False,False,False,False,False,1,"[{""id"": ""obstacle_0"", ""kind"": ""static_obstacle"", ""x"": 50.0, ""y"": 50.0, ""radius"": 5.0}]"
delayed_track_sharing,217,43.4,0,70.998,48.067,94.0,90.0,50.0,50.0,,,position_noise+confidence_error,,trust_weighted_fusion,move,2,0,47.828,6.332,16.086,uav_1,6.332,False,False,False,False,False,1,"[{""id"": ""obstacle_0"", ""kind"": ""static_obstacle"", ""x"": 50.0, ""y"": 50.0, ""radius"": 5.0}]"
delayed_track_sharing,217,43.4,1,71.581,54.372,90.0,94.0,50.0,50.0,,,position_noise+confidence_error,,trust_weighted_fusion,move,3,0,43.699,6.332,17.02,uav_0,6.332,False,False,False,False,False,1,"[{""id"": ""obstacle_0"", ""kind"": ""static_obstacle"", ""x"": 50.0, ""y"": 50.0, ""radius"": 5.0}]"
delayed_track_sharing,217,43.4,2,74.549,60.064,86.0,90.0,50.0,50.0,,,false_negative+position_noise+confidence_error,,trust_weighted_fusion,move,1,0,32.052,6.419,21.532,uav_1,6.419,False,False,False,False,False,1,"[{""id"": ""obstacle_0"", ""kind"": ""static_obstacle"", ""x"": 50.0, ""y"": 50.0, ""radius"": 5.0}]"
delayed_track_sharing,217,43.4,3,79.01,65.402,90.0,86.0,50.0,50.0,,,position_noise+confidence_error,,trust_weighted_fusion,move,2,0,23.346,6.957,27.845,uav_2,6.957,False,False,False,False,False,1,"[{""id"": ""obstacle_0"", ""kind"": ""static_obstacle"", ""x"": 50.0, ""y"": 50.0, ""radius"": 5.0}]"
delayed_track_sharing,218,43.6,0,71.19,48.417,94.0,90.0,50.0,50.0,,,false_negative+confidence_error,,trust_weighted_fusion,move,0,0,47.428,6.342,16.249,uav_1,6.342,False,False,False,False,False,1,"[{""id"": ""obstacle_0"", ""kind"": ""static_obstacle"", ""x"": 50.0, ""y"": 50.0, ""radius"": 5.0}]"
delayed_track_sharing,218,43.6,1,71.75,54.735,90.0,94.0,50.0,50.0,,,position_noise+confidence_error,,trust_weighted_fusion,move,3,0,43.299,6.342,17.259,uav_0,6.342,False,False,False,False,False,1,"[{""id"": ""obstacle_0"", ""kind"": ""static_obstacle"", ""x"": 50.0, ""y"": 50.0, ""radius"": 5.0}]"
delayed_track_sharing,218,43.6,2,74.692,60.437,86.0,90.0,50.0,50.0,,,false_negative+position_noise+confidence_error,,trust_weighted_fusion,move,2,0,31.652,6.417,21.807,uav_1,6.417,False,False,False,False,False,1,"[{""id"": ""obstacle_0"", ""kind"": ""static_obstacle"", ""x"": 50.0, ""y"": 50.0, ""radius"": 5.0}]"
delayed_track_sharing,218,43.6,3,79.199,65.755,90.0,86.0,50.0,50.0,,,false_negative+position_noise+confidence_error,,trust_weighted_fusion,move,1,0,22.946,6.97,28.178,uav_2,6.97,False,False,False,False,False,1,"[{""id"": ""obstacle_0"", ""kind"": ""static_obstacle"", ""x"": 50.0, ""y"": 50.0, ""radius"": 5.0}]"
delayed_track_sharing,219,43.8,0,71.382,48.768,94.0,90.0,50.0,50.0,,,position_noise+confidence_error,,trust_weighted_fusion,move,2,0,47.028,6.352,16.418,uav_1,6.352,False,False,False,False,False,1,"[{""id"": ""obstacle_0"", ""kind"": ""static_obstacle"", ""x"": 50.0, ""y"": 50.0, ""radius"": 5.0}]"
delayed_track_sharing,219,43.8,1,71.918,55.097,90.0,94.0,50.0,50.0,,,position_noise+confidence_error,,trust_weighted_fusion,move,3,0,42.899,6.352,17.503,uav_0,6.352,False,False,False,False,False,1,"[{""id"": ""obstacle_0"", ""kind"": ""static_obstacle"", ""x"": 50.0, ""y"": 50.0, ""radius"": 5.0}]"
delayed_track_sharing,219,43.8,2,74.835,60.811,86.0,90.0,50.0,50.0,,,position_noise+confidence_error,,trust_weighted_fusion,move,3,0,31.252,6.415,22.086,uav_1,6.415,False,False,False,False,False,1,"[{""id"": ""obstacle_0"", ""kind"": ""static_obstacle"", ""x"": 50.0, ""y"": 50.0, ""radius"": 5.0}]"
delayed_track_sharing,219,43.8,3,79.387,66.108,90.0,86.0,50.0,50.0,,,false_negative+position_noise+confidence_error,,trust_weighted_fusion,move,1,0,22.546,6.984,28.512,uav_2,6.984,False,False,False,False,False,1,"[{""id"": ""obstacle_0"", ""kind"": ""static_obstacle"", ""x"": 50.0, ""y"": 50.0, ""radius"": 5.0}]"
delayed_track_sharing,220,44.0,0,71.575,49.119,94.0,90.0,50.0,50.0,,,position_noise+confidence_error,,trust_weighted_fusion,move,2,0,46.628,6.362,16.593,uav_1,6.362,False,False,False,False,False,1,"[{""id"": ""obstacle_0"", ""kind"": ""static_obstacle"", ""x"": 50.0, ""y"": 50.0, ""radius"": 5.0}]"
delayed_track_sharing,220,44.0,1,72.087,55.46,90.0,94.0,50.0,50.0,,,position_noise+confidence_error,,trust_weighted_fusion,move,3,0,42.499,6.362,17.752,uav_0,6.362,False,False,False,False,False,1,"[{""id"": ""obstacle_0"", ""kind"": ""static_obstacle"", ""x"": 50.0, ""y"": 50.0, ""radius"": 5.0}]"
delayed_track_sharing,220,44.0,2,74.978,61.184,86.0,90.0,50.0,50.0,,,false_negative+position_noise+confidence_error,,trust_weighted_fusion,move,2,0,30.852,6.413,22.368,uav_1,6.413,False,False,False,False,False,1,"[{""id"": ""obstacle_0"", ""kind"": ""static_obstacle"", ""x"": 50.0, ""y"": 50.0, ""radius"": 5.0}]"
delayed_track_sharing,220,44.0,3,79.575,66.461,90.0,86.0,50.0,50.0,,,position_noise+confidence_error,,trust_weighted_fusion,move,2,0,22.146,6.998,28.847,uav_2,6.998,False,False,False,False,False,1,"[{""id"": ""obstacle_0"", ""kind"": ""static_obstacle"", ""x"": 50.0, ""y"": 50.0, ""radius"": 5.0}]"
delayed_track_sharing,221,44.2,0,71.767,49.469,94.0,90.0,50.0,50.0,,,false_negative+position_noise+confidence_error,,trust_weighted_fusion,move,1,0,46.228,6.372,16.774,uav_1,6.372,False,False,False,False,False,1,"[{""id"": ""obstacle_0"", ""kind"": ""static_obstacle"", ""x"": 50.0, ""y"": 50.0, ""radius"": 5.0}]"
delayed_track_sharing,221,44.2,1,72.256,55.823,90.0,94.0,50.0,50.0,,,false_negative+position_noise+confidence_error,,trust_weighted_fusion,move,2,0,42.099,6.372,18.005,uav_0,6.372,False,False,False,False,False,1,"[{""id"": ""obstacle_0"", ""kind"": ""static_obstacle"", ""x"": 50.0, ""y"": 50.0, ""radius"": 5.0}]"
delayed_track_sharing,221,44.2,2,75.121,61.558,86.0,90.0,50.0,50.0,,,false_negative+position_noise+confidence_error,,trust_weighted_fusion,move,2,0,30.452,6.411,22.652,uav_1,6.411,False,False,False,False,False,1,"[{""id"": ""obstacle_0"", ""kind"": ""static_obstacle"", ""x"": 50.0, ""y"": 50.0, ""radius"": 5.0}]"
delayed_track_sharing,221,44.2,3,79.763,66.814,90.0,86.0,50.0,50.0,,,position_noise+confidence_error,,trust_weighted_fusion,move,2,0,21.746,7.012,29.184,uav_2,7.012,False,False,False,False,False,1,"[{""id"": ""obstacle_0"", ""kind"": ""static_obstacle"", ""x"": 50.0, ""y"": 50.0, ""radius"": 5.0}]"
delayed_track_sharing,222,44.4,0,71.96,49.82,94.0,90.0,50.0,50.0,,,position_noise+confidence_error,,trust_weighted_fusion,move,2,0,45.828,6.382,16.96,uav_1,6.382,False,False,False,False,False,1,"[{""id"": ""obstacle_0"", ""kind"": ""static_obstacle"", ""x"": 50.0, ""y"": 50.0, ""radius"": 5.0}]"
delayed_track_sharing,222,44.4,1,72.424,56.186,90.0,94.0,50.0,50.0,,,false_negative+position_noise+confidence_error,,trust_weighted_fusion,move,1,0,41.699,6.382,18.262,uav_0,6.382,False,False,False,False,False,1,"[{""id"": ""obstacle_0"", ""kind"": ""static_obstacle"", ""x"": 50.0, ""y"": 50.0, ""radius"": 5.0}]"
delayed_track_sharing,222,44.4,2,75.264,61.932,86.0,90.0,50.0,50.0,,,false_negative+position_noise+confidence_error,,trust_weighted_fusion,move,2,0,30.052,6.409,22.94,uav_1,6.409,False,False,False,False,False,1,"[{""id"": ""obstacle_0"", ""kind"": ""static_obstacle"", ""x"": 50.0, ""y"": 50.0, ""radius"": 5.0}]"
delayed_track_sharing,222,44.4,3,79.952,67.167,90.0,86.0,50.0,50.0,,,false_negative+position_noise+confidence_error,,trust_weighted_fusion,move,1,0,21.346,7.027,29.522,uav_2,7.027,False,False,False,False,False,1,"[{""id"": ""obstacle_0"", ""kind"": ""static_obstacle"", ""x"": 50.0, ""y"": 50.0, ""radius"": 5.0}]"
delayed_track_sharing,223,44.6,0,72.152,50.171,94.0,90.0,50.0,50.0,,,position_noise+confidence_error,,trust_weighted_fusion,move,2,0,45.428,6.393,17.153,uav_1,6.393,False,False,False,False,False,1,"[{""id"": ""obstacle_0"", ""kind"": ""static_obstacle"", ""x"": 50.0, ""y"": 50.0, ""radius"": 5.0}]"
delayed_track_sharing,223,44.6,1,72.593,56.548,90.0,94.0,50.0,50.0,,,false_negative+position_noise+confidence_error,,trust_weighted_fusion,move,1,0,41.299,6.393,18.523,uav_0,6.393,False,False,False,False,False,1,"[{""id"": ""obstacle_0"", ""kind"": ""static_obstacle"", ""x"": 50.0, ""y"": 50.0, ""radius"": 5.0}]"
delayed_track_sharing,223,44.6,2,75.407,62.305,86.0,90.0,50.0,50.0,,,position_noise+confidence_error,,trust_weighted_fusion,move,3,0,29.652,6.408,23.23,uav_1,6.408,False,False,False,False,False,1,"[{""id"": ""obstacle_0"", ""kind"": ""static_obstacle"", ""x"": 50.0, ""y"": 50.0, ""radius"": 5.0}]"
delayed_track_sharing,223,44.6,3,80.14,67.52,90.0,86.0,50.0,50.0,,,position_noise+confidence_error,,trust_weighted_fusion,move,2,0,20.946,7.042,29.862,uav_2,7.042,False,False,False,False,False,1,"[{""id"": ""obstacle_0"", ""kind"": ""static_obstacle"", ""x"": 50.0, ""y"": 50.0, ""radius"": 5.0}]"
delayed_track_sharing,224,44.8,0,72.344,50.522,94.0,90.0,50.0,50.0,,,position_noise+confidence_error,,trust_weighted_fusion,move,2,0,45.028,6.403,17.35,uav_1,6.403,False,False,False,False,False,1,"[{""id"": ""obstacle_0"", ""kind"": ""static_obstacle"", ""x"": 50.0, ""y"": 50.0, ""radius"": 5.0}]"
delayed_track_sharing,224,44.8,1,72.761,56.911,90.0,94.0,50.0,50.0,,,false_negative+position_noise+confidence_error,,trust_weighted_fusion,move,2,0,40.899,6.403,18.788,uav_0,6.403,False,False,False,False,False,1,"[{""id"": ""obstacle_0"", ""kind"": ""static_obstacle"", ""x"": 50.0, ""y"": 50.0, ""radius"": 5.0}]"
delayed_track_sharing,224,44.8,2,75.55,62.679,86.0,90.0,50.0,50.0,,,position_noise+confidence_error,,trust_weighted_fusion,move,3,0,29.252,6.406,23.523,uav_1,6.406,False,False,False,False,False,1,"[{""id"": ""obstacle_0"", ""kind"": ""static_obstacle"", ""x"": 50.0, ""y"": 50.0, ""radius"": 5.0}]"
delayed_track_sharing,224,44.8,3,80.328,67.872,90.0,86.0,50.0,50.0,,,position_noise+confidence_error,,trust_weighted_fusion,move,2,0,20.546,7.058,30.203,uav_2,7.058,False,False,False,False,False,1,"[{""id"": ""obstacle_0"", ""kind"": ""static_obstacle"", ""x"": 50.0, ""y"": 50.0, ""radius"": 5.0}]"
delayed_track_sharing,225,45.0,0,72.537,50.872,94.0,90.0,50.0,50.0,,,position_noise+confidence_error,,trust_weighted_fusion,move,2,0,44.628,6.414,17.554,uav_1,6.414,False,False,False,False,False,1,"[{""id"": ""obstacle_0"", ""kind"": ""static_obstacle"", ""x"": 50.0, ""y"": 50.0, ""radius"": 5.0}]"
delayed_track_sharing,225,45.0,1,72.93,57.274,90.0,94.0,50.0,50.0,,,position_noise+confidence_error,,trust_weighted_fusion,move,3,0,40.499,6.405,19.056,uav_2,6.405,False,False,False,False,False,1,"[{""id"": ""obstacle_0"", ""kind"": ""static_obstacle"", ""x"": 50.0, ""y"": 50.0, ""radius"": 5.0}]"
delayed_track_sharing,225,45.0,2,75.693,63.052,86.0,90.0,50.0,50.0,,,position_noise+confidence_error,,trust_weighted_fusion,move,3,0,28.852,6.405,23.818,uav_1,6.405,False,False,False,False,False,1,"[{""id"": ""obstacle_0"", ""kind"": ""static_obstacle"", ""x"": 50.0, ""y"": 50.0, ""radius"": 5.0}]"
delayed_track_sharing,225,45.0,3,80.517,68.225,90.0,86.0,50.0,50.0,,,position_noise+confidence_error,,trust_weighted_fusion,move,2,0,20.146,7.073,30.545,uav_2,7.073,False,False,False,False,False,1,"[{""id"": ""obstacle_0"", ""kind"": ""static_obstacle"", ""x"": 50.0, ""y"": 50.0, ""radius"": 5.0}]"
delayed_track_sharing,226,45.2,0,72.729,51.223,94.0,90.0,50.0,50.0,,,position_noise+confidence_error,,trust_weighted_fusion,move,2,0,44.228,6.424,17.762,uav_1,6.424,False,False,False,False,False,1,"[{""id"": ""obstacle_0"", ""kind"": ""static_obstacle"", ""x"": 50.0, ""y"": 50.0, ""radius"": 5.0}]"
delayed_track_sharing,226,45.2,1,73.099,57.637,90.0,94.0,50.0,50.0,,,false_negative+position_noise+confidence_error,,trust_weighted_fusion,move,2,0,40.099,6.404,19.328,uav_2,6.404,False,False,False,False,False,1,"[{""id"": ""obstacle_0"", ""kind"": ""static_obstacle"", ""x"": 50.0, ""y"": 50.0, ""radius"": 5.0}]"
delayed_track_sharing,226,45.2,2,75.835,63.426,86.0,90.0,50.0,50.0,,,position_noise+confidence_error,,trust_weighted_fusion,move,3,0,28.452,6.404,24.116,uav_1,6.404,False,False,False,False,False,1,"[{""id"": ""obstacle_0"", ""kind"": ""static_obstacle"", ""x"": 50.0, ""y"": 50.0, ""radius"": 5.0}]"
delayed_track_sharing,226,45.2,3,80.705,68.578,90.0,86.0,50.0,50.0,,,position_noise+confidence_error,,trust_weighted_fusion,move,2,0,19.746,7.089,30.888,uav_2,7.089,False,False,False,False,False,1,"[{""id"": ""obstacle_0"", ""kind"": ""static_obstacle"", ""x"": 50.0, ""y"": 50.0, ""radius"": 5.0}]"
delayed_track_sharing,227,45.4,0,72.921,51.574,94.0,90.0,50.0,50.0,,,position_noise+confidence_error,,trust_weighted_fusion,move,2,0,43.828,6.435,17.975,uav_1,6.435,False,False,False,False,False,1,"[{""id"": ""obstacle_0"", ""kind"": ""static_obstacle"", ""x"": 50.0, ""y"": 50.0, ""radius"": 5.0}]"
delayed_track_sharing,227,45.4,1,73.267,57.999,90.0,94.0,50.0,50.0,,,false_negative+position_noise+confidence_error,,trust_weighted_fusion,move,1,0,39.699,6.403,19.604,uav_2,6.403,False,False,False,False,False,1,"[{""id"": ""obstacle_0"", ""kind"": ""static_obstacle"", ""x"": 50.0, ""y"": 50.0, ""radius"": 5.0}]"
delayed_track_sharing,227,45.4,2,75.978,63.8,86.0,90.0,50.0,50.0,,,position_noise+confidence_error,,trust_weighted_fusion,move,3,0,28.052,6.403,24.416,uav_1,6.403,False,False,False,False,False,1,"[{""id"": ""obstacle_0"", ""kind"": ""static_obstacle"", ""x"": 50.0, ""y"": 50.0, ""radius"": 5.0}]"
delayed_track_sharing,227,45.4,3,80.893,68.931,90.0,86.0,50.0,50.0,,,false_negative+position_noise+confidence_error,,trust_weighted_fusion,move,1,0,19.346,7.105,31.232,uav_2,7.105,False,False,False,False,False,1,"[{""id"": ""obstacle_0"", ""kind"": ""static_obstacle"", ""x"": 50.0, ""y"": 50.0, ""radius"": 5.0}]"
delayed_track_sharing,228,45.6,0,73.114,51.924,94.0,90.0,50.0,50.0,,,position_noise+confidence_error,,trust_weighted_fusion,move,2,0,43.428,6.446,18.194,uav_1,6.446,False,False,False,False,False,1,"[{""id"": ""obstacle_0"", ""kind"": ""static_obstacle"", ""x"": 50.0, ""y"": 50.0, ""radius"": 5.0}]"
delayed_track_sharing,228,45.6,1,73.436,58.362,90.0,94.0,50.0,50.0,,,false_negative+position_noise+confidence_error,,trust_weighted_fusion,move,2,0,39.299,6.402,19.883,uav_2,6.402,False,False,False,False,False,1,"[{""id"": ""obstacle_0"", ""kind"": ""static_obstacle"", ""x"": 50.0, ""y"": 50.0, ""radius"": 5.0}]"
delayed_track_sharing,228,45.6,2,76.121,64.173,86.0,90.0,50.0,50.0,,,false_negative+position_noise+confidence_error,,trust_weighted_fusion,move,2,0,27.652,6.402,24.719,uav_1,6.402,False,False,False,False,False,1,"[{""id"": ""obstacle_0"", ""kind"": ""static_obstacle"", ""x"": 50.0, ""y"": 50.0, ""radius"": 5.0}]"
delayed_track_sharing,228,45.6,3,81.081,69.284,90.0,86.0,50.0,50.0,,,position_noise+confidence_error,,trust_weighted_fusion,move,2,0,18.946,7.122,31.578,uav_2,7.122,False,False,False,False,False,1,"[{""id"": ""obstacle_0"", ""kind"": ""static_obstacle"", ""x"": 50.0, ""y"": 50.0, ""radius"": 5.0}]"
delayed_track_sharing,229,45.8,0,73.497,51.81,94.0,90.0,50.0,50.0,,,position_noise+confidence_error,,trust_weighted_fusion,avoidance,2,0,43.346,6.916,18.567,uav_1,6.916,False,False,False,False,False,1,"[{""id"": ""obstacle_0"", ""kind"": ""static_obstacle"", ""x"": 50.0, ""y"": 50.0, ""radius"": 5.0}]"
delayed_track_sharing,229,45.8,1,73.604,58.725,90.0,94.0,50.0,50.0,,,position_noise+confidence_error,,trust_weighted_fusion,move,3,0,38.899,6.401,20.165,uav_2,6.401,False,False,False,False,False,1,"[{""id"": ""obstacle_0"", ""kind"": ""static_obstacle"", ""x"": 50.0, ""y"": 50.0, ""radius"": 5.0}]"
delayed_track_sharing,229,45.8,2,76.264,64.547,86.0,90.0,50.0,50.0,,,false_negative+position_noise+confidence_error,,trust_weighted_fusion,move,2,0,27.252,6.401,25.024,uav_1,6.401,False,False,False,False,False,1,"[{""id"": ""obstacle_0"", ""kind"": ""static_obstacle"", ""x"": 50.0, ""y"": 50.0, ""radius"": 5.0}]"
delayed_track_sharing,229,45.8,3,81.27,69.637,90.0,86.0,50.0,50.0,,,position_noise+confidence_error,,trust_weighted_fusion,move,2,0,18.546,7.139,31.924,uav_2,7.139,False,False,False,False,False,1,"[{""id"": ""obstacle_0"", ""kind"": ""static_obstacle"", ""x"": 50.0, ""y"": 50.0, ""radius"": 5.0}]"
delayed_track_sharing,230,46.0,0,73.686,52.163,94.0,90.0,50.0,50.0,,,position_noise+confidence_error,,trust_weighted_fusion,move,2,0,42.946,6.926,18.785,uav_1,6.926,False,False,False,False,False,1,"[{""id"": ""obstacle_0"", ""kind"": ""static_obstacle"", ""x"": 50.0, ""y"": 50.0, ""radius"": 5.0}]"
delayed_track_sharing,230,46.0,1,73.773,59.088,90.0,94.0,50.0,50.0,,,false_negative+position_noise+confidence_error,,trust_weighted_fusion,move,2,0,38.499,6.4,20.451,uav_2,6.4,False,False,False,False,False,1,"[{""id"": ""obstacle_0"", ""kind"": ""static_obstacle"", ""x"": 50.0, ""y"": 50.0, ""radius"": 5.0}]"
delayed_track_sharing,230,46.0,2,76.407,64.92,86.0,90.0,50.0,50.0,,,false_negative+position_noise+confidence_error,,trust_weighted_fusion,move,2,0,26.852,6.4,25.331,uav_1,6.4,False,False,False,False,False,1,"[{""id"": ""obstacle_0"", ""kind"": ""static_obstacle"", ""x"": 50.0, ""y"": 50.0, ""radius"": 5.0}]"
delayed_track_sharing,230,46.0,3,81.458,69.99,90.0,86.0,50.0,50.0,,,position_noise+confidence_error,,trust_weighted_fusion,move,2,0,18.146,7.156,32.272,uav_2,7.156,False,False,False,False,False,1,"[{""id"": ""obstacle_0"", ""kind"": ""static_obstacle"", ""x"": 50.0, ""y"": 50.0, ""radius"": 5.0}]"
delayed_track_sharing,231,46.2,0,73.876,52.515,94.0,90.0,50.0,50.0,,,position_noise+confidence_error,,trust_weighted_fusion,move,2,0,42.546,6.936,19.008,uav_1,6.936,False,False,False,False,False,1,"[{""id"": ""obstacle_0"", ""kind"": ""static_obstacle"", ""x"": 50.0, ""y"": 50.0, ""radius"": 5.0}]"
delayed_track_sharing,231,46.2,1,73.942,59.45,90.0,94.0,50.0,50.0,,,position_noise+confidence_error,,trust_weighted_fusion,move,3,0,38.099,6.399,20.739,uav_2,6.399,False,False,False,False,False,1,"[{""id"": ""obstacle_0"", ""kind"": ""static_obstacle"", ""x"": 50.0, ""y"": 50.0, ""radius"": 5.0}]"
delayed_track_sharing,231,46.2,2,76.55,65.294,86.0,90.0,50.0,50.0,,,false_negative+position_noise+confidence_error,,trust_weighted_fusion,move,2,0,26.452,6.399,25.64,uav_1,6.399,False,False,False,False,False,1,"[{""id"": ""obstacle_0"", ""kind"": ""static_obstacle"", ""x"": 50.0, ""y"": 50.0, ""radius"": 5.0}]"
delayed_track_sharing,231,46.2,3,81.646,70.343,90.0,86.0,50.0,50.0,,,position_noise+confidence_error,,trust_weighted_fusion,move,2,0,17.746,7.174,32.621,uav_2,7.174,False,False,False,False,False,1,"[{""id"": ""obstacle_0"", ""kind"": ""static_obstacle"", ""x"": 50.0, ""y"": 50.0, ""radius"": 5.0}]"
delayed_track_sharing,232,46.4,0,74.065,52.867,94.0,90.0,50.0,50.0,,,position_noise+confidence_error,,trust_weighted_fusion,move,2,0,42.146,6.946,19.235,uav_1,6.946,False,False,False,False,False,1,"[{""id"": ""obstacle_0"", ""kind"": ""static_obstacle"", ""x"": 50.0, ""y"": 50.0, ""radius"": 5.0}]"
delayed_track_sharing,232,46.4,1,74.11,59.813,90.0,94.0,50.0,50.0,,,position_noise+confidence_error,,trust_weighted_fusion,move,3,0,37.699,6.399,21.031,uav_2,6.399,False,False,False,False,False,1,"[{""id"": ""obstacle_0"", ""kind"": ""static_obstacle"", ""x"": 50.0, ""y"": 50.0, ""radius"": 5.0}]"
delayed_track_sharing,232,46.4,2,76.693,65.668,86.0,90.0,50.0,50.0,,,position_noise+confidence_error,,trust_weighted_fusion,move,3,0,26.052,6.399,25.951,uav_1,6.399,False,False,False,False,False,1,"[{""id"": ""obstacle_0"", ""kind"": ""static_obstacle"", ""x"": 50.0, ""y"": 50.0, ""radius"": 5.0}]"
delayed_track_sharing,232,46.4,3,81.835,70.696,90.0,86.0,50.0,50.0,,,position_noise+confidence_error,,trust_weighted_fusion,move,2,0,17.346,7.192,32.97,uav_2,7.192,False,False,False,False,False,1,"[{""id"": ""obstacle_0"", ""kind"": ""static_obstacle"", ""x"": 50.0, ""y"": 50.0, ""radius"": 5.0}]"
delayed_track_sharing,233,46.6,0,74.254,53.22,94.0,90.0,50.0,50.0,,,false_negative+position_noise+confidence_error,,trust_weighted_fusion,move,1,0,41.746,6.956,19.467,uav_1,6.956,False,False,False,False,False,1,"[{""id"": ""obstacle_0"", ""kind"": ""static_obstacle"", ""x"": 50.0, ""y"": 50.0, ""radius"": 5.0}]"
delayed_track_sharing,233,46.6,1,74.279,60.176,90.0,94.0,50.0,50.0,,,false_negative+position_noise+confidence_error,,trust_weighted_fusion,move,2,0,37.299,6.399,21.325,uav_2,6.399,False,False,False,False,False,1,"[{""id"": ""obstacle_0"", ""kind"": ""static_obstacle"", ""x"": 50.0, ""y"": 50.0, ""radius"": 5.0}]"
delayed_track_sharing,233,46.6,2,76.836,66.041,86.0,90.0,50.0,50.0,,,false_negative+confidence_error,,trust_weighted_fusion,move,0,0,25.652,6.399,26.265,uav_1,6.399,False,False,False,False,False,1,"[{""id"": ""obstacle_0"", ""kind"": ""static_obstacle"", ""x"": 50.0, ""y"": 50.0, ""radius"": 5.0}]"
delayed_track_sharing,233,46.6,3,82.023,71.049,90.0,86.0,50.0,50.0,,,position_noise+confidence_error,,trust_weighted_fusion,move,2,0,16.946,7.21,33.321,uav_2,7.21,False,False,False,False,False,1,"[{""id"": ""obstacle_0"", ""kind"": ""static_obstacle"", ""x"": 50.0, ""y"": 50.0, ""radius"": 5.0}]"
delayed_track_sharing,234,46.8,0,74.443,53.572,94.0,90.0,50.0,50.0,,,position_noise+confidence_error,,trust_weighted_fusion,move,2,0,41.346,6.966,19.703,uav_1,6.966,False,False,False,False,False,1,"[{""id"": ""obstacle_0"", ""kind"": ""static_obstacle"", ""x"": 50.0, ""y"": 50.0, ""radius"": 5.0}]"
delayed_track_sharing,234,46.8,1,74.447,60.538,90.0,94.0,50.0,50.0,,,position_noise+confidence_error,,trust_weighted_fusion,move,3,0,36.899,6.398,21.622,uav_2,6.398,False,False,False,False,False,1,"[{""id"": ""obstacle_0"", ""kind"": ""static_obstacle"", ""x"": 50.0, ""y"": 50.0, ""radius"": 5.0}]"
delayed_track_sharing,234,46.8,2,76.979,66.415,86.0,90.0,50.0,50.0,,,false_negative+position_noise+confidence_error,,trust_weighted_fusion,move,2,0,25.252,6.398,26.58,uav_1,6.398,False,False,False,False,False,1,"[{""id"": ""obstacle_0"", ""kind"": ""static_obstacle"", ""x"": 50.0, ""y"": 50.0, ""radius"": 5.0}]"
delayed_track_sharing,234,46.8,3,82.211,71.402,90.0,86.0,50.0,50.0,,,position_noise+confidence_error,,trust_weighted_fusion,move,2,0,16.546,7.228,33.673,uav_2,7.228,False,False,False,False,False,1,"[{""id"": ""obstacle_0"", ""kind"": ""static_obstacle"", ""x"": 50.0, ""y"": 50.0, ""radius"": 5.0}]"
delayed_track_sharing,235,47.0,0,74.632,53.925,94.0,90.0,50.0,50.0,,,position_noise+confidence_error,,trust_weighted_fusion,move,2,0,40.946,6.977,19.943,uav_1,6.977,False,False,False,False,False,1,"[{""id"": ""obstacle_0"", ""kind"": ""static_obstacle"", ""x"": 50.0, ""y"": 50.0, ""radius"": 5.0}]"
delayed_track_sharing,235,47.0,1,74.616,60.901,90.0,94.0,50.0,50.0,,,position_noise+confidence_error,,trust_weighted_fusion,move,3,0,36.499,6.398,21.922,uav_2,6.398,False,False,False,False,False,1,"[{""id"": ""obstacle_0"", ""kind"": ""static_obstacle"", ""x"": 50.0, ""y"": 50.0, ""radius"": 5.0}]"
delayed_track_sharing,235,47.0,2,77.122,66.788,86.0,90.0,50.0,50.0,,,false_negative+confidence_error,,trust_weighted_fusion,move,0,0,24.852,6.398,26.897,uav_1,6.398,False,False,False,False,False,1,"[{""id"": ""obstacle_0"", ""kind"": ""static_obstacle"", ""x"": 50.0, ""y"": 50.0, ""radius"": 5.0}]"
delayed_track_sharing,235,47.0,3,82.399,71.754,90.0,86.0,50.0,50.0,,,position_noise+confidence_error,,trust_weighted_fusion,move,2,0,16.146,7.247,34.025,uav_2,7.247,False,False,False,False,False,1,"[{""id"": ""obstacle_0"", ""kind"": ""static_obstacle"", ""x"": 50.0, ""y"": 50.0, ""radius"": 5.0}]"
delayed_track_sharing,236,47.2,0,74.822,54.277,94.0,90.0,50.0,50.0,,,position_noise+confidence_error,,trust_weighted_fusion,move,2,0,40.546,6.987,20.187,uav_1,6.987,False,False,False,False,False,1,"[{""id"": ""obstacle_0"", ""kind"": ""static_obstacle"", ""x"": 50.0, ""y"": 50.0, ""radius"": 5.0}]"
delayed_track_sharing,236,47.2,1,74.785,61.264,90.0,94.0,50.0,50.0,,,position_noise+confidence_error,,trust_weighted_fusion,move,3,0,36.099,6.398,22.224,uav_2,6.398,False,False,False,False,False,1,"[{""id"": ""obstacle_0"", ""kind"": ""static_obstacle"", ""x"": 50.0, ""y"": 50.0, ""radius"": 5.0}]"
delayed_track_sharing,236,47.2,2,77.264,67.162,86.0,90.0,50.0,50.0,,,position_noise+confidence_error,,trust_weighted_fusion,move,3,0,24.452,6.398,27.216,uav_1,6.398,False,False,False,False,False,1,"[{""id"": ""obstacle_0"", ""kind"": ""static_obstacle"", ""x"": 50.0, ""y"": 50.0, ""radius"": 5.0}]"
delayed_track_sharing,236,47.2,3,82.588,72.107,90.0,86.0,50.0,50.0,,,position_noise+confidence_error,,trust_weighted_fusion,move,2,0,15.746,7.266,34.379,uav_2,7.266,False,False,False,False,False,1,"[{""id"": ""obstacle_0"", ""kind"": ""static_obstacle"", ""x"": 50.0, ""y"": 50.0, ""radius"": 5.0}]"
delayed_track_sharing,237,47.4,0,75.011,54.63,94.0,90.0,50.0,50.0,,,position_noise+confidence_error,,trust_weighted_fusion,move,2,0,40.146,6.997,20.436,uav_1,6.997,False,False,False,False,False,1,"[{""id"": ""obstacle_0"", ""kind"": ""static_obstacle"", ""x"": 50.0, ""y"": 50.0, ""radius"": 5.0}]"
delayed_track_sharing,237,47.4,1,74.953,61.627,90.0,94.0,50.0,50.0,,,position_noise+confidence_error,,trust_weighted_fusion,move,3,0,35.699,6.398,22.529,uav_2,6.398,False,False,False,False,False,1,"[{""id"": ""obstacle_0"", ""kind"": ""static_obstacle"", ""x"": 50.0, ""y"": 50.0, ""radius"": 5.0}]"
delayed_track_sharing,237,47.4,2,77.407,67.536,86.0,90.0,50.0,50.0,,,position_noise+confidence_error,,trust_weighted_fusion,move,3,0,24.052,6.398,27.537,uav_1,6.398,False,False,False,False,False,1,"[{""id"": ""obstacle_0"", ""kind"": ""static_obstacle"", ""x"": 50.0, ""y"": 50.0, ""radius"": 5.0}]"
delayed_track_sharing,237,47.4,3,82.776,72.46,90.0,86.0,50.0,50.0,,,false_negative+confidence_error,,trust_weighted_fusion,move,0,0,15.346,7.285,34.733,uav_2,7.285,False,False,False,False,False,1,"[{""id"": ""obstacle_0"", ""kind"": ""static_obstacle"", ""x"": 50.0, ""y"": 50.0, ""radius"": 5.0}]"
delayed_track_sharing,238,47.6,0,75.2,54.982,94.0,90.0,50.0,50.0,,,false_negative+position_noise+confidence_error,,trust_weighted_fusion,move,1,0,39.746,7.008,20.688,uav_1,7.008,False,False,False,False,False,1,"[{""id"": ""obstacle_0"", ""kind"": ""static_obstacle"", ""x"": 50.0, ""y"": 50.0, ""radius"": 5.0}]"
delayed_track_sharing,238,47.6,1,75.122,61.989,90.0,94.0,50.0,50.0,,,position_noise+confidence_error,,trust_weighted_fusion,move,3,0,35.299,6.399,22.836,uav_2,6.399,False,False,False,False,False,1,"[{""id"": ""obstacle_0"", ""kind"": ""static_obstacle"", ""x"": 50.0, ""y"": 50.0, ""radius"": 5.0}]"
delayed_track_sharing,238,47.6,2,77.55,67.909,86.0,90.0,50.0,50.0,,,false_negative+position_noise+confidence_error,,trust_weighted_fusion,move,2,0,23.652,6.399,27.86,uav_1,6.399,False,False,False,False,False,1,"[{""id"": ""obstacle_0"", ""kind"": ""static_obstacle"", ""x"": 50.0, ""y"": 50.0, ""radius"": 5.0}]"
delayed_track_sharing,238,47.6,3,82.964,72.813,90.0,86.0,50.0,50.0,,,position_noise+confidence_error,,trust_weighted_fusion,move,2,0,14.946,7.305,35.089,uav_2,7.305,False,False,False,False,False,1,"[{""id"": ""obstacle_0"", ""kind"": ""static_obstacle"", ""x"": 50.0, ""y"": 50.0, ""radius"": 5.0}]"
delayed_track_sharing,239,47.8,0,75.389,55.334,94.0,90.0,50.0,50.0,,,false_negative+confidence_error,,trust_weighted_fusion,move,0,0,39.346,7.018,20.944,uav_1,7.018,False,False,False,False,False,1,"[{""id"": ""obstacle_0"", ""kind"": ""static_obstacle"", ""x"": 50.0, ""y"": 50.0, ""radius"": 5.0}]"
delayed_track_sharing,239,47.8,1,75.29,62.352,90.0,94.0,50.0,50.0,,,false_negative+position_noise+confidence_error,,trust_weighted_fusion,move,2,0,34.899,6.399,23.146,uav_2,6.399,False,False,False,False,False,1,"[{""id"": ""obstacle_0"", ""kind"": ""static_obstacle"", ""x"": 50.0, ""y"": 50.0, ""radius"": 5.0}]"
delayed_track_sharing,239,47.8,2,77.693,68.283,86.0,90.0,50.0,50.0,,,false_negative+position_noise+confidence_error,,trust_weighted_fusion,move,1,0,23.252,6.399,28.184,uav_1,6.399,False,False,False,False,False,1,"[{""id"": ""obstacle_0"", ""kind"": ""static_obstacle"", ""x"": 50.0, ""y"": 50.0, ""radius"": 5.0}]"
delayed_track_sharing,239,47.8,3,83.153,73.166,90.0,86.0,50.0,50.0,,,position_noise+confidence_error,,trust_weighted_fusion,move,2,0,14.546,7.325,35.445,uav_2,7.325,False,False,False,False,False,1,"[{""id"": ""obstacle_0"", ""kind"": ""static_obstacle"", ""x"": 50.0, ""y"": 50.0, ""radius"": 5.0}]"
delayed_track_sharing,240,48.0,0,75.578,55.687,94.0,90.0,50.0,50.0,,,position_noise+confidence_error,,trust_weighted_fusion,move,2,0,38.946,7.029,21.203,uav_1,7.029,False,False,False,False,False,1,"[{""id"": ""obstacle_0"", ""kind"": ""static_obstacle"", ""x"": 50.0, ""y"": 50.0, ""radius"": 5.0}]"
delayed_track_sharing,240,48.0,1,75.459,62.715,90.0,94.0,50.0,50.0,,,false_negative+position_noise+confidence_error,,trust_weighted_fusion,move,2,0,34.499,6.399,23.457,uav_2,6.399,False,False,False,False,False,1,"[{""id"": ""obstacle_0"", ""kind"": ""static_obstacle"", ""x"": 50.0, ""y"": 50.0, ""radius"": 5.0}]"
delayed_track_sharing,240,48.0,2,77.836,68.656,86.0,90.0,50.0,50.0,,,false_negative+position_noise+confidence_error,,trust_weighted_fusion,move,2,0,22.852,6.399,28.51,uav_1,6.399,False,False,False,False,False,1,"[{""id"": ""obstacle_0"", ""kind"": ""static_obstacle"", ""x"": 50.0, ""y"": 50.0, ""radius"": 5.0}]"
delayed_track_sharing,240,48.0,3,83.341,73.519,90.0,86.0,50.0,50.0,,,position_noise+confidence_error,,trust_weighted_fusion,move,2,0,14.146,7.345,35.801,uav_2,7.345,False,False,False,False,False,1,"[{""id"": ""obstacle_0"", ""kind"": ""static_obstacle"", ""x"": 50.0, ""y"": 50.0, ""radius"": 5.0}]"
delayed_track_sharing,241,48.2,0,75.768,56.039,94.0,90.0,50.0,50.0,,,position_noise+confidence_error,,trust_weighted_fusion,move,2,0,38.546,7.04,21.466,uav_1,7.04,False,False,False,False,False,1,"[{""id"": ""obstacle_0"", ""kind"": ""static_obstacle"", ""x"": 50.0, ""y"": 50.0, ""radius"": 5.0}]"
delayed_track_sharing,241,48.2,1,75.628,63.078,90.0,94.0,50.0,50.0,,,position_noise+confidence_error,,trust_weighted_fusion,move,3,0,34.099,6.4,23.771,uav_2,6.4,False,False,False,False,False,1,"[{""id"": ""obstacle_0"", ""kind"": ""static_obstacle"", ""x"": 50.0, ""y"": 50.0, ""radius"": 5.0}]"
delayed_track_sharing,241,48.2,2,77.979,69.03,86.0,90.0,50.0,50.0,,,position_noise+confidence_error,,trust_weighted_fusion,move,3,0,22.452,6.4,28.837,uav_1,6.4,False,False,False,False,False,1,"[{""id"": ""obstacle_0"", ""kind"": ""static_obstacle"", ""x"": 50.0, ""y"": 50.0, ""radius"": 5.0}]"
delayed_track_sharing,241,48.2,3,83.529,73.872,90.0,86.0,50.0,50.0,,,false_negative+position_noise+confidence_error,,trust_weighted_fusion,move,1,0,13.746,7.365,36.159,uav_2,7.365,False,False,False,False,False,1,"[{""id"": ""obstacle_0"", ""kind"": ""static_obstacle"", ""x"": 50.0, ""y"": 50.0, ""radius"": 5.0}]"
delayed_track_sharing,242,48.4,0,75.957,56.392,94.0,90.0,50.0,50.0,,,position_noise+confidence_error,,trust_weighted_fusion,move,2,0,38.146,7.051,21.732,uav_1,7.051,False,False,False,False,False,1,"[{""id"": ""obstacle_0"", ""kind"": ""static_obstacle"", ""x"": 50.0, ""y"": 50.0, ""radius"": 5.0}]"
delayed_track_sharing,242,48.4,1,75.796,63.44,90.0,94.0,50.0,50.0,,,false_negative+position_noise+confidence_error,,trust_weighted_fusion,move,2,0,33.699,6.401,24.088,uav_2,6.401,False,False,False,False,False,1,"[{""id"": ""obstacle_0"", ""kind"": ""static_obstacle"", ""x"": 50.0, ""y"": 50.0, ""radius"": 5.0}]"
delayed_track_sharing,242,48.4,2,78.122,69.404,86.0,90.0,50.0,50.0,,,false_negative+position_noise+confidence_error,,trust_weighted_fusion,move,1,0,22.052,6.401,29.166,uav_1,6.401,False,False,False,False,False,1,"[{""id"": ""obstacle_0"", ""kind"": ""static_obstacle"", ""x"": 50.0, ""y"": 50.0, ""radius"": 5.0}]"
delayed_track_sharing,242,48.4,3,83.718,74.225,90.0,86.0,50.0,50.0,,,false_negative+confidence_error,,trust_weighted_fusion,move,0,0,13.346,7.386,36.518,uav_2,7.386,False,False,False,False,False,1,"[{""id"": ""obstacle_0"", ""kind"": ""static_obstacle"", ""x"": 50.0, ""y"": 50.0, ""radius"": 5.0}]"
delayed_track_sharing,243,48.6,0,76.146,56.744,94.0,90.0,50.0,50.0,,,false_negative+position_noise+confidence_error,,trust_weighted_fusion,move,1,0,37.746,7.061,22.002,uav_1,7.061,False,False,False,False,False,1,"[{""id"": ""obstacle_0"", ""kind"": ""static_obstacle"", ""x"": 50.0, ""y"": 50.0, ""radius"": 5.0}]"
delayed_track_sharing,243,48.6,1,75.965,63.803,90.0,94.0,50.0,50.0,,,false_negative+position_noise+confidence_error,,trust_weighted_fusion,move,1,0,33.299,6.402,24.406,uav_2,6.402,False,False,False,False,False,1,"[{""id"": ""obstacle_0"", ""kind"": ""static_obstacle"", ""x"": 50.0, ""y"": 50.0, ""radius"": 5.0}]"
delayed_track_sharing,243,48.6,2,78.265,69.777,86.0,90.0,50.0,50.0,,,false_negative+position_noise+confidence_error,,trust_weighted_fusion,move,1,0,21.652,6.402,29.497,uav_1,6.402,False,False,False,False,False,1,"[{""id"": ""obstacle_0"", ""kind"": ""static_obstacle"", ""x"": 50.0, ""y"": 50.0, ""radius"": 5.0}]"
delayed_track_sharing,243,48.6,3,83.906,74.578,90.0,86.0,50.0,50.0,,,position_noise+confidence_error,,trust_weighted_fusion,move,2,0,12.946,7.407,36.877,uav_2,7.407,False,False,False,False,False,1,"[{""id"": ""obstacle_0"", ""kind"": ""static_obstacle"", ""x"": 50.0, ""y"": 50.0, ""radius"": 5.0}]"
delayed_track_sharing,244,48.8,0,76.335,57.096,94.0,90.0,50.0,50.0,,,false_negative+position_noise+confidence_error,,trust_weighted_fusion,move,1,0,37.346,7.072,22.275,uav_1,7.072,False,False,False,False,False,1,"[{""id"": ""obstacle_0"", ""kind"": ""static_obstacle"", ""x"": 50.0, ""y"": 50.0, ""radius"": 5.0}]"
delayed_track_sharing,244,48.8,1,76.133,64.166,90.0,94.0,50.0,50.0,,,false_negative+position_noise+confidence_error,,trust_weighted_fusion,move,1,0,32.899,6.403,24.726,uav_2,6.403,False,False,False,False,False,1,"[{""id"": ""obstacle_0"", ""kind"": ""static_obstacle"", ""x"": 50.0, ""y"": 50.0, ""radius"": 5.0}]"
delayed_track_sharing,244,48.8,2,78.408,70.151,86.0,90.0,50.0,50.0,,,false_negative+position_noise+confidence_error,,trust_weighted_fusion,move,2,0,21.252,6.403,29.829,uav_1,6.403,False,False,False,False,False,1,"[{""id"": ""obstacle_0"", ""kind"": ""static_obstacle"", ""x"": 50.0, ""y"": 50.0, ""radius"": 5.0}]"
delayed_track_sharing,244,48.8,3,84.094,74.931,90.0,86.0,50.0,50.0,,,false_negative+position_noise+confidence_error,,trust_weighted_fusion,move,1,0,12.546,7.428,37.237,uav_2,7.428,False,False,False,False,False,1,"[{""id"": ""obstacle_0"", ""kind"": ""static_obstacle"", ""x"": 50.0, ""y"": 50.0, ""radius"": 5.0}]"
delayed_track_sharing,245,49.0,0,76.524,57.449,94.0,90.0,50.0,50.0,,,false_negative+position_noise+confidence_error,,trust_weighted_fusion,move,1,0,36.946,7.083,22.551,uav_1,7.083,False,False,False,False,False,1,"[{""id"": ""obstacle_0"", ""kind"": ""static_obstacle"", ""x"": 50.0, ""y"": 50.0, ""radius"": 5.0}]"
delayed_track_sharing,245,49.0,1,76.302,64.529,90.0,94.0,50.0,50.0,,,false_negative+position_noise+confidence_error,,trust_weighted_fusion,move,2,0,32.499,6.404,25.048,uav_2,6.404,False,False,False,False,False,1,"[{""id"": ""obstacle_0"", ""kind"": ""static_obstacle"", ""x"": 50.0, ""y"": 50.0, ""radius"": 5.0}]"
delayed_track_sharing,245,49.0,2,78.551,70.525,86.0,90.0,50.0,50.0,,,false_negative+position_noise+confidence_error,,trust_weighted_fusion,move,2,0,20.852,6.404,30.162,uav_1,6.404,False,False,False,False,False,1,"[{""id"": ""obstacle_0"", ""kind"": ""static_obstacle"", ""x"": 50.0, ""y"": 50.0, ""radius"": 5.0}]"
delayed_track_sharing,245,49.0,3,84.282,75.284,90.0,86.0,50.0,50.0,,,position_noise+confidence_error,,trust_weighted_fusion,move,2,0,12.146,7.45,37.597,uav_2,7.45,False,False,False,False,False,1,"[{""id"": ""obstacle_0"", ""kind"": ""static_obstacle"", ""x"": 50.0, ""y"": 50.0, ""radius"": 5.0}]"
delayed_track_sharing,246,49.2,0,76.714,57.801,94.0,90.0,50.0,50.0,,,false_negative+position_noise+confidence_error,,trust_weighted_fusion,move,1,0,36.546,7.094,22.829,uav_1,7.094,False,False,False,False,False,1,"[{""id"": ""obstacle_0"", ""kind"": ""static_obstacle"", ""x"": 50.0, ""y"": 50.0, ""radius"": 5.0}]"
delayed_track_sharing,246,49.2,1,76.471,64.891,90.0,94.0,50.0,50.0,,,position_noise+confidence_error,,trust_weighted_fusion,move,3,0,32.099,6.405,25.372,uav_2,6.405,False,False,False,False,False,1,"[{""id"": ""obstacle_0"", ""kind"": ""static_obstacle"", ""x"": 50.0, ""y"": 50.0, ""radius"": 5.0}]"
delayed_track_sharing,246,49.2,2,78.693,70.898,86.0,90.0,50.0,50.0,,,false_negative+position_noise+confidence_error,,trust_weighted_fusion,move,2,0,20.452,6.405,30.497,uav_1,6.405,False,False,False,False,False,1,"[{""id"": ""obstacle_0"", ""kind"": ""static_obstacle"", ""x"": 50.0, ""y"": 50.0, ""radius"": 5.0}]"
delayed_track_sharing,246,49.2,3,84.471,75.636,90.0,86.0,50.0,50.0,,,position_noise+confidence_error,,trust_weighted_fusion,move,2,0,11.746,7.472,37.959,uav_2,7.472,False,False,False,False,False,1,"[{""id"": ""obstacle_0"", ""kind"": ""static_obstacle"", ""x"": 50.0, ""y"": 50.0, ""radius"": 5.0}]"
delayed_track_sharing,247,49.4,0,76.903,58.154,94.0,90.0,50.0,50.0,,,position_noise+confidence_error,,trust_weighted_fusion,move,2,0,36.146,7.105,23.111,uav_1,7.105,False,False,False,False,False,1,"[{""id"": ""obstacle_0"", ""kind"": ""static_obstacle"", ""x"": 50.0, ""y"": 50.0, ""radius"": 5.0}]"
delayed_track_sharing,247,49.4,1,76.639,65.254,90.0,94.0,50.0,50.0,,,position_noise+confidence_error,,trust_weighted_fusion,move,3,0,31.699,6.406,25.697,uav_2,6.406,False,False,False,False,False,1,"[{""id"": ""obstacle_0"", ""kind"": ""static_obstacle"", ""x"": 50.0, ""y"": 50.0, ""radius"": 5.0}]"
delayed_track_sharing,247,49.4,2,78.836,71.272,86.0,90.0,50.0,50.0,,,position_noise+confidence_error,,trust_weighted_fusion,move,3,0,20.052,6.406,30.833,uav_1,6.406,False,False,False,False,False,1,"[{""id"": ""obstacle_0"", ""kind"": ""static_obstacle"", ""x"": 50.0, ""y"": 50.0, ""radius"": 5.0}]"
delayed_track_sharing,247,49.4,3,84.659,75.989,90.0,86.0,50.0,50.0,,,position_noise+confidence_error,,trust_weighted_fusion,move,2,0,11.346,7.494,38.321,uav_2,7.494,False,False,False,False,False,1,"[{""id"": ""obstacle_0"", ""kind"": ""static_obstacle"", ""x"": 50.0, ""y"": 50.0, ""radius"": 5.0}]"
delayed_track_sharing,248,49.6,0,77.092,58.506,94.0,90.0,50.0,50.0,,,false_negative+position_noise+confidence_error,,trust_weighted_fusion,move,1,0,35.746,7.116,23.396,uav_1,7.116,False,False,False,False,False,1,"[{""id"": ""obstacle_0"", ""kind"": ""static_obstacle"", ""x"": 50.0, ""y"": 50.0, ""radius"": 5.0}]"
delayed_track_sharing,248,49.6,1,76.808,65.617,90.0,94.0,50.0,50.0,,,position_noise+confidence_error,,trust_weighted_fusion,move,3,0,31.299,6.408,26.025,uav_2,6.408,False,False,False,False,False,1,"[{""id"": ""obstacle_0"", ""kind"": ""static_obstacle"", ""x"": 50.0, ""y"": 50.0, ""radius"": 5.0}]"
delayed_track_sharing,248,49.6,2,78.979,71.645,86.0,90.0,50.0,50.0,,,position_noise+confidence_error,,trust_weighted_fusion,move,3,0,19.652,6.408,31.171,uav_1,6.408,False,False,False,False,False,1,"[{""id"": ""obstacle_0"", ""kind"": ""static_obstacle"", ""x"": 50.0, ""y"": 50.0, ""radius"": 5.0}]"
delayed_track_sharing,248,49.6,3,84.847,76.342,90.0,86.0,50.0,50.0,,,position_noise+confidence_error,,trust_weighted_fusion,move,2,0,10.946,7.516,38.683,uav_2,7.516,False,False,False,False,False,1,"[{""id"": ""obstacle_0"", ""kind"": ""static_obstacle"", ""x"": 50.0, ""y"": 50.0, ""radius"": 5.0}]"
delayed_track_sharing,249,49.8,0,77.281,58.859,94.0,90.0,50.0,50.0,,,false_negative+position_noise+confidence_error,,trust_weighted_fusion,move,1,0,35.346,7.08,23.683,uav_1,7.08,False,False,False,False,False,1,"[{""id"": ""obstacle_0"", ""kind"": ""static_obstacle"", ""x"": 50.0, ""y"": 50.0, ""radius"": 5.0}]"
delayed_track_sharing,249,49.8,1,76.523,65.898,90.0,94.0,50.0,50.0,,,false_negative+position_noise+confidence_error,,trust_weighted_fusion,avoidance,2,0,31.167,6.65,25.923,uav_2,6.65,False,False,False,False,False,1,"[{""id"": ""obstacle_0"", ""kind"": ""static_obstacle"", ""x"": 50.0, ""y"": 50.0, ""radius"": 5.0}]"
delayed_track_sharing,249,49.8,2,79.122,72.019,86.0,90.0,50.0,50.0,,,false_negative+position_noise+confidence_error,,trust_weighted_fusion,move,2,0,19.252,6.65,31.509,uav_1,6.65,False,False,False,False,False,1,"[{""id"": ""obstacle_0"", ""kind"": ""static_obstacle"", ""x"": 50.0, ""y"": 50.0, ""radius"": 5.0}]"
delayed_track_sharing,249,49.8,3,85.036,76.695,90.0,86.0,50.0,50.0,,,position_noise+confidence_error,,trust_weighted_fusion,move,2,0,10.546,7.539,39.047,uav_2,7.539,False,False,False,False,False,1,"[{""id"": ""obstacle_0"", ""kind"": ""static_obstacle"", ""x"": 50.0, ""y"": 50.0, ""radius"": 5.0}]"
delayed_track_sharing,250,50.0,0,77.47,59.211,94.0,90.0,50.0,50.0,,,false_negative+position_noise+confidence_error,,trust_weighted_fusion,move,1,0,34.946,6.498,23.974,uav_1,6.498,False,False,False,False,False,1,"[{""id"": ""obstacle_0"", ""kind"": ""static_obstacle"", ""x"": 50.0, ""y"": 50.0, ""radius"": 5.0}]"
delayed_track_sharing,250,50.0,1,76.859,65.68,90.0,94.0,50.0,50.0,,,false_negative+position_noise+confidence_error,,trust_weighted_fusion,avoidance,1,0,31.22,6.498,26.101,uav_0,6.498,False,False,False,False,False,1,"[{""id"": ""obstacle_0"", ""kind"": ""static_obstacle"", ""x"": 50.0, ""y"": 50.0, ""radius"": 5.0}]"
delayed_track_sharing,250,50.0,2,79.265,72.393,86.0,90.0,50.0,50.0,,,false_negative+position_noise+confidence_error,,trust_weighted_fusion,move,2,0,18.852,7.131,31.849,uav_1,7.131,False,False,False,False,False,1,"[{""id"": ""obstacle_0"", ""kind"": ""static_obstacle"", ""x"": 50.0, ""y"": 50.0, ""radius"": 5.0}]"
delayed_track_sharing,250,50.0,3,85.224,77.048,90.0,86.0,50.0,50.0,,,false_negative+position_noise+confidence_error,,trust_weighted_fusion,move,1,0,10.146,7.562,39.411,uav_2,7.562,False,False,False,False,False,1,"[{""id"": ""obstacle_0"", ""kind"": ""static_obstacle"", ""x"": 50.0, ""y"": 50.0, ""radius"": 5.0}]"
delayed_track_sharing,251,50.2,0,77.66,59.563,94.0,90.0,50.0,50.0,,,position_noise+confidence_error,,trust_weighted_fusion,move,2,0,34.546,6.51,24.266,uav_1,6.51,False,False,False,False,False,1,"[{""id"": ""obstacle_0"", ""kind"": ""static_obstacle"", ""x"": 50.0, ""y"": 50.0, ""radius"": 5.0}]"
delayed_track_sharing,251,50.2,1,77.027,66.043,90.0,94.0,50.0,50.0,,,false_negative+position_noise+confidence_error,,trust_weighted_fusion,move,2,0,30.82,6.51,26.43,uav_0,6.51,False,False,False,False,False,1,"[{""id"": ""obstacle_0"", ""kind"": ""static_obstacle"", ""x"": 50.0, ""y"": 50.0, ""radius"": 5.0}]"
delayed_track_sharing,251,50.2,2,79.408,72.766,86.0,90.0,50.0,50.0,,,position_noise+confidence_error,,trust_weighted_fusion,move,3,0,18.452,7.132,32.19,uav_1,7.132,False,False,False,False,False,1,"[{""id"": ""obstacle_0"", ""kind"": ""static_obstacle"", ""x"": 50.0, ""y"": 50.0, ""radius"": 5.0}]"
delayed_track_sharing,251,50.2,3,85.412,77.401,90.0,86.0,50.0,50.0,,,false_negative+position_noise+confidence_error,,trust_weighted_fusion,move,1,0,9.746,7.585,39.775,uav_2,7.585,False,False,False,False,False,1,"[{""id"": ""obstacle_0"", ""kind"": ""static_obstacle"", ""x"": 50.0, ""y"": 50.0, ""radius"": 5.0}]"
delayed_track_sharing,252,50.4,0,77.849,59.916,94.0,90.0,50.0,50.0,,,false_negative+position_noise+confidence_error,,trust_weighted_fusion,move,1,0,34.146,6.523,24.561,uav_1,6.523,False,False,False,False,False,1,"[{""id"": ""obstacle_0"", ""kind"": ""static_obstacle"", ""x"": 50.0, ""y"": 50.0, ""radius"": 5.0}]"
delayed_track_sharing,252,50.4,1,77.195,66.406,90.0,94.0,50.0,50.0,,,false_negative+position_noise+confidence_error,,trust_weighted_fusion,move,1,0,30.42,6.523,26.761,uav_0,6.523,False,False,False,False,False,1,"[{""id"": ""obstacle_0"", ""kind"": ""static_obstacle"", ""x"": 50.0, ""y"": 50.0, ""radius"": 5.0}]"
delayed_track_sharing,252,50.4,2,79.551,73.14,86.0,90.0,50.0,50.0,,,false_negative+position_noise+confidence_error,,trust_weighted_fusion,move,2,0,18.052,7.134,32.533,uav_1,7.134,False,False,False,False,False,1,"[{""id"": ""obstacle_0"", ""kind"": ""static_obstacle"", ""x"": 50.0, ""y"": 50.0, ""radius"": 5.0}]"
delayed_track_sharing,252,50.4,3,85.6,77.754,90.0,86.0,50.0,50.0,,,false_negative+position_noise+confidence_error,,trust_weighted_fusion,move,1,0,9.346,7.608,40.141,uav_2,7.608,False,False,False,False,False,1,"[{""id"": ""obstacle_0"", ""kind"": ""static_obstacle"", ""x"": 50.0, ""y"": 50.0, ""radius"": 5.0}]"
delayed_track_sharing,253,50.6,0,78.038,60.268,94.0,90.0,50.0,50.0,,,false_negative+position_noise+confidence_error,,trust_weighted_fusion,move,1,0,33.746,6.535,24.859,uav_1,6.535,False,False,False,False,False,1,"[{""id"": ""obstacle_0"", ""kind"": ""static_obstacle"", ""x"": 50.0, ""y"": 50.0, ""radius"": 5.0}]"
delayed_track_sharing,253,50.6,1,77.364,66.769,90.0,94.0,50.0,50.0,,,position_noise+confidence_error,,trust_weighted_fusion,move,3,0,30.02,6.535,27.093,uav_0,6.535,False,False,False,False,False,1,"[{""id"": ""obstacle_0"", ""kind"": ""static_obstacle"", ""x"": 50.0, ""y"": 50.0, ""radius"": 5.0}]"
delayed_track_sharing,253,50.6,2,79.694,73.513,86.0,90.0,50.0,50.0,,,false_negative+position_noise+confidence_error,,trust_weighted_fusion,move,2,0,17.652,7.136,32.876,uav_1,7.136,False,False,False,False,False,1,"[{""id"": ""obstacle_0"", ""kind"": ""static_obstacle"", ""x"": 50.0, ""y"": 50.0, ""radius"": 5.0}]"
delayed_track_sharing,253,50.6,3,85.789,78.107,90.0,86.0,50.0,50.0,,,false_negative+position_noise+confidence_error,,trust_weighted_fusion,move,1,0,8.946,7.632,40.506,uav_2,7.632,False,False,False,False,False,1,"[{""id"": ""obstacle_0"", ""kind"": ""static_obstacle"", ""x"": 50.0, ""y"": 50.0, ""radius"": 5.0}]"
delayed_track_sharing,254,50.8,0,78.227,60.621,94.0,90.0,50.0,50.0,,,false_negative+confidence_error,,trust_weighted_fusion,move,0,0,33.346,6.548,25.159,uav_1,6.548,False,False,False,False,False,1,"[{""id"": ""obstacle_0"", ""kind"": ""static_obstacle"", ""x"": 50.0, ""y"": 50.0, ""radius"": 5.0}]"
delayed_track_sharing,254,50.8,1,77.532,67.131,90.0,94.0,50.0,50.0,,,false_negative+position_noise+confidence_error,,trust_weighted_fusion,move,2,0,29.62,6.548,27.427,uav_0,6.548,False,False,False,False,False,1,"[{""id"": ""obstacle_0"", ""kind"": ""static_obstacle"", ""x"": 50.0, ""y"": 50.0, ""radius"": 5.0}]"
delayed_track_sharing,254,50.8,2,79.837,73.887,86.0,90.0,50.0,50.0,,,false_negative+position_noise+confidence_error,,trust_weighted_fusion,move,2,0,17.252,7.138,33.221,uav_1,7.138,False,False,False,False,False,1,"[{""id"": ""obstacle_0"", ""kind"": ""static_obstacle"", ""x"": 50.0, ""y"": 50.0, ""radius"": 5.0}]"
delayed_track_sharing,254,50.8,3,85.977,78.46,90.0,86.0,50.0,50.0,,,position_noise+confidence_error,,trust_weighted_fusion,move,2,0,8.546,7.656,40.873,uav_2,7.656,False,False,False,False,False,1,"[{""id"": ""obstacle_0"", ""kind"": ""static_obstacle"", ""x"": 50.0, ""y"": 50.0, ""radius"": 5.0}]"
delayed_track_sharing,255,51.0,0,78.416,60.973,94.0,90.0,50.0,50.0,,,position_noise+confidence_error,,trust_weighted_fusion,move,2,0,32.946,6.56,25.462,uav_1,6.56,False,False,False,False,False,1,"[{""id"": ""obstacle_0"", ""kind"": ""static_obstacle"", ""x"": 50.0, ""y"": 50.0, ""radius"": 5.0}]"
delayed_track_sharing,255,51.0,1,77.7,67.494,90.0,94.0,50.0,50.0,,,false_negative+position_noise+confidence_error,,trust_weighted_fusion,move,2,0,29.22,6.56,27.762,uav_0,6.56,False,False,False,False,False,1,"[{""id"": ""obstacle_0"", ""kind"": ""static_obstacle"", ""x"": 50.0, ""y"": 50.0, ""radius"": 5.0}]"
delayed_track_sharing,255,51.0,2,79.98,74.261,86.0,90.0,50.0,50.0,,,position_noise+confidence_error,,trust_weighted_fusion,move,3,0,16.852,7.14,33.566,uav_1,7.14,False,False,False,False,False,1,"[{""id"": ""obstacle_0"", ""kind"": ""static_obstacle"", ""x"": 50.0, ""y"": 50.0, ""radius"": 5.0}]"
delayed_track_sharing,255,51.0,3,86.165,78.813,90.0,86.0,50.0,50.0,,,false_negative+position_noise+confidence_error,,trust_weighted_fusion,move,1,0,8.146,7.68,41.24,uav_2,7.68,False,False,False,False,False,1,"[{""id"": ""obstacle_0"", ""kind"": ""static_obstacle"", ""x"": 50.0, ""y"": 50.0, ""radius"": 5.0}]"
delayed_track_sharing,256,51.2,0,78.606,61.326,94.0,90.0,50.0,50.0,,,false_negative+position_noise+confidence_error,,trust_weighted_fusion,move,1,0,32.546,6.573,25.766,uav_1,6.573,False,False,False,False,False,1,"[{""id"": ""obstacle_0"", ""kind"": ""static_obstacle"", ""x"": 50.0, ""y"": 50.0, ""radius"": 5.0}]"
delayed_track_sharing,256,51.2,1,77.869,67.857,90.0,94.0,50.0,50.0,,,position_noise+confidence_error,,trust_weighted_fusion,move,3,0,28.82,6.573,28.099,uav_0,6.573,False,False,False,False,False,1,"[{""id"": ""obstacle_0"", ""kind"": ""static_obstacle"", ""x"": 50.0, ""y"": 50.0, ""radius"": 5.0}]"
delayed_track_sharing,256,51.2,2,80.123,74.634,86.0,90.0,50.0,50.0,,,false_negative+position_noise+confidence_error,,trust_weighted_fusion,move,2,0,16.452,7.142,33.913,uav_1,7.142,False,False,False,False,False,1,"[{""id"": ""obstacle_0"", ""kind"": ""static_obstacle"", ""x"": 50.0, ""y"": 50.0, ""radius"": 5.0}]"
delayed_track_sharing,256,51.2,3,86.354,79.166,90.0,86.0,50.0,50.0,,,false_negative+position_noise+confidence_error,,trust_weighted_fusion,move,1,0,7.746,7.705,41.607,uav_2,7.705,False,False,False,False,False,1,"[{""id"": ""obstacle_0"", ""kind"": ""static_obstacle"", ""x"": 50.0, ""y"": 50.0, ""radius"": 5.0}]"
delayed_track_sharing,257,51.4,0,78.795,61.678,94.0,90.0,50.0,50.0,,,position_noise+confidence_error,,trust_weighted_fusion,move,2,0,32.146,6.586,26.073,uav_1,6.586,False,False,False,False,False,1,"[{""id"": ""obstacle_0"", ""kind"": ""static_obstacle"", ""x"": 50.0, ""y"": 50.0, ""radius"": 5.0}]"
delayed_track_sharing,257,51.4,1,78.037,68.22,90.0,94.0,50.0,50.0,,,false_negative+position_noise+confidence_error,,trust_weighted_fusion,move,2,0,28.42,6.586,28.437,uav_0,6.586,False,False,False,False,False,1,"[{""id"": ""obstacle_0"", ""kind"": ""static_obstacle"", ""x"": 50.0, ""y"": 50.0, ""radius"": 5.0}]"
delayed_track_sharing,257,51.4,2,80.265,75.008,86.0,90.0,50.0,50.0,,,position_noise+confidence_error,,trust_weighted_fusion,move,3,0,16.052,7.144,34.26,uav_1,7.144,False,False,False,False,False,1,"[{""id"": ""obstacle_0"", ""kind"": ""static_obstacle"", ""x"": 50.0, ""y"": 50.0, ""radius"": 5.0}]"
delayed_track_sharing,257,51.4,3,86.542,79.518,90.0,86.0,50.0,50.0,,,position_noise+confidence_error,,trust_weighted_fusion,move,2,0,7.346,7.729,41.975,uav_2,7.729,False,False,False,False,False,1,"[{""id"": ""obstacle_0"", ""kind"": ""static_obstacle"", ""x"": 50.0, ""y"": 50.0, ""radius"": 5.0}]"
delayed_track_sharing,258,51.6,0,78.984,62.03,94.0,90.0,50.0,50.0,,,false_negative+position_noise+confidence_error,,trust_weighted_fusion,move,1,0,31.746,6.598,26.382,uav_1,6.598,False,False,False,False,False,1,"[{""id"": ""obstacle_0"", ""kind"": ""static_obstacle"", ""x"": 50.0, ""y"": 50.0, ""radius"": 5.0}]"
delayed_track_sharing,258,51.6,1,78.206,68.583,90.0,94.0,50.0,50.0,,,false_negative+position_noise+confidence_error,,trust_weighted_fusion,move,2,0,28.02,6.598,28.777,uav_0,6.598,False,False,False,False,False,1,"[{""id"": ""obstacle_0"", ""kind"": ""static_obstacle"", ""x"": 50.0, ""y"": 50.0, ""radius"": 5.0}]"
delayed_track_sharing,258,51.6,2,80.408,75.381,86.0,90.0,50.0,50.0,,,false_negative+position_noise+confidence_error,,trust_weighted_fusion,move,2,0,15.652,7.147,34.609,uav_1,7.147,False,False,False,False,False,1,"[{""id"": ""obstacle_0"", ""kind"": ""static_obstacle"", ""x"": 50.0, ""y"": 50.0, ""radius"": 5.0}]"
delayed_track_sharing,258,51.6,3,86.73,79.871,90.0,86.0,50.0,50.0,,,position_noise+confidence_error,,trust_weighted_fusion,move,2,0,6.946,7.754,42.343,uav_2,7.754,False,False,False,False,False,1,"[{""id"": ""obstacle_0"", ""kind"": ""static_obstacle"", ""x"": 50.0, ""y"": 50.0, ""radius"": 5.0}]"
delayed_track_sharing,259,51.8,0,79.173,62.383,94.0,90.0,50.0,50.0,,,position_noise+confidence_error,,trust_weighted_fusion,move,2,0,31.346,6.611,26.692,uav_1,6.611,False,False,False,False,False,1,"[{""id"": ""obstacle_0"", ""kind"": ""static_obstacle"", ""x"": 50.0, ""y"": 50.0, ""radius"": 5.0}]"
delayed_track_sharing,259,51.8,1,78.374,68.946,90.0,94.0,50.0,50.0,,,position_noise+confidence_error,,trust_weighted_fusion,move,3,0,27.62,6.611,29.118,uav_0,6.611,False,False,False,False,False,1,"[{""id"": ""obstacle_0"", ""kind"": ""static_obstacle"", ""x"": 50.0, ""y"": 50.0, ""radius"": 5.0}]"
delayed_track_sharing,259,51.8,2,80.551,75.755,86.0,90.0,50.0,50.0,,,false_negative+position_noise+confidence_error,,trust_weighted_fusion,move,1,0,15.252,7.149,34.959,uav_1,7.149,False,False,False,False,False,1,"[{""id"": ""obstacle_0"", ""kind"": ""static_obstacle"", ""x"": 50.0, ""y"": 50.0, ""radius"": 5.0}]"
delayed_track_sharing,259,51.8,3,86.918,80.224,90.0,86.0,50.0,50.0,,,position_noise+confidence_error,,trust_weighted_fusion,move,2,0,6.546,7.779,42.712,uav_2,7.779,False,False,False,False,False,1,"[{""id"": ""obstacle_0"", ""kind"": ""static_obstacle"", ""x"": 50.0, ""y"": 50.0, ""radius"": 5.0}]"
delayed_track_sharing,260,52.0,0,79.362,62.735,94.0,90.0,50.0,50.0,,,position_noise+confidence_error,,trust_weighted_fusion,move,2,0,30.946,6.624,27.005,uav_1,6.624,False,False,False,False,False,1,"[{""id"": ""obstacle_0"", ""kind"": ""static_obstacle"", ""x"": 50.0, ""y"": 50.0, ""radius"": 5.0}]"
delayed_track_sharing,260,52.0,1,78.542,69.308,90.0,94.0,50.0,50.0,,,position_noise+confidence_error,,trust_weighted_fusion,move,3,0,27.22,6.624,29.46,uav_0,6.624,False,False,False,False,False,1,"[{""id"": ""obstacle_0"", ""kind"": ""static_obstacle"", ""x"": 50.0, ""y"": 50.0, ""radius"": 5.0}]"
delayed_track_sharing,260,52.0,2,80.694,76.129,86.0,90.0,50.0,50.0,,,position_noise+confidence_error,,trust_weighted_fusion,move,3,0,14.852,7.152,35.309,uav_1,7.152,False,False,False,False,False,1,"[{""id"": ""obstacle_0"", ""kind"": ""static_obstacle"", ""x"": 50.0, ""y"": 50.0, ""radius"": 5.0}]"
delayed_track_sharing,260,52.0,3,87.107,80.577,90.0,86.0,50.0,50.0,,,position_noise+confidence_error,,trust_weighted_fusion,move,2,0,6.146,7.805,43.082,uav_2,7.805,False,False,False,False,False,1,"[{""id"": ""obstacle_0"", ""kind"": ""static_obstacle"", ""x"": 50.0, ""y"": 50.0, ""radius"": 5.0}]"
delayed_track_sharing,261,52.2,0,79.552,63.088,94.0,90.0,50.0,50.0,,,position_noise+confidence_error,,trust_weighted_fusion,move,2,0,30.546,6.637,27.32,uav_1,6.637,False,False,False,False,False,1,"[{""id"": ""obstacle_0"", ""kind"": ""static_obstacle"", ""x"": 50.0, ""y"": 50.0, ""radius"": 5.0}]"
delayed_track_sharing,261,52.2,1,78.711,69.671,90.0,94.0,50.0,50.0,,,position_noise+confidence_error,,trust_weighted_fusion,move,3,0,26.82,6.637,29.803,uav_0,6.637,False,False,False,False,False,1,"[{""id"": ""obstacle_0"", ""kind"": ""static_obstacle"", ""x"": 50.0, ""y"": 50.0, ""radius"": 5.0}]"
delayed_track_sharing,261,52.2,2,80.837,76.502,86.0,90.0,50.0,50.0,,,position_noise+confidence_error,,trust_weighted_fusion,move,3,0,14.452,7.154,35.661,uav_1,7.154,False,False,False,False,False,1,"[{""id"": ""obstacle_0"", ""kind"": ""static_obstacle"", ""x"": 50.0, ""y"": 50.0, ""radius"": 5.0}]"
delayed_track_sharing,261,52.2,3,87.295,80.93,90.0,86.0,50.0,50.0,,,false_negative+position_noise+confidence_error,,trust_weighted_fusion,move,1,0,5.746,7.83,43.452,uav_2,7.83,False,False,False,False,False,1,"[{""id"": ""obstacle_0"", ""kind"": ""static_obstacle"", ""x"": 50.0, ""y"": 50.0, ""radius"": 5.0}]"
delayed_track_sharing,262,52.4,0,79.741,63.44,94.0,90.0,50.0,50.0,,,position_noise+confidence_error,,trust_weighted_fusion,move,2,0,30.146,6.65,27.637,uav_1,6.65,False,False,False,False,False,1,"[{""id"": ""obstacle_0"", ""kind"": ""static_obstacle"", ""x"": 50.0, ""y"": 50.0, ""radius"": 5.0}]"
delayed_track_sharing,262,52.4,1,78.879,70.034,90.0,94.0,50.0,50.0,,,false_negative+position_noise+confidence_error,,trust_weighted_fusion,move,1,0,26.42,6.65,30.148,uav_0,6.65,False,False,False,False,False,1,"[{""id"": ""obstacle_0"", ""kind"": ""static_obstacle"", ""x"": 50.0, ""y"": 50.0, ""radius"": 5.0}]"
delayed_track_sharing,262,52.4,2,80.98,76.876,86.0,90.0,50.0,50.0,,,false_negative+position_noise+confidence_error,,trust_weighted_fusion,move,2,0,14.052,7.157,36.013,uav_1,7.157,False,False,False,False,False,1,"[{""id"": ""obstacle_0"", ""kind"": ""static_obstacle"", ""x"": 50.0, ""y"": 50.0, ""radius"": 5.0}]"
delayed_track_sharing,262,52.4,3,87.483,81.283,90.0,86.0,50.0,50.0,,,false_negative+position_noise+confidence_error,,trust_weighted_fusion,move,1,0,5.346,7.856,43.822,uav_2,7.856,False,False,False,False,False,1,"[{""id"": ""obstacle_0"", ""kind"": ""static_obstacle"", ""x"": 50.0, ""y"": 50.0, ""radius"": 5.0}]"
delayed_track_sharing,263,52.6,0,79.93,63.793,94.0,90.0,50.0,50.0,,,false_negative+position_noise+confidence_error,,trust_weighted_fusion,move,1,0,29.746,6.663,27.955,uav_1,6.663,False,False,False,False,False,1,"[{""id"": ""obstacle_0"", ""kind"": ""static_obstacle"", ""x"": 50.0, ""y"": 50.0, ""radius"": 5.0}]"
delayed_track_sharing,263,52.6,1,79.047,70.397,90.0,94.0,50.0,50.0,,,false_negative+position_noise+confidence_error,,trust_weighted_fusion,move,2,0,26.02,6.663,30.493,uav_0,6.663,False,False,False,False,False,1,"[{""id"": ""obstacle_0"", ""kind"": ""static_obstacle"", ""x"": 50.0, ""y"": 50.0, ""radius"": 5.0}]"
delayed_track_sharing,263,52.6,2,81.123,77.249,86.0,90.0,50.0,50.0,,,false_negative+position_noise+confidence_error,,trust_weighted_fusion,move,2,0,13.652,7.16,36.366,uav_1,7.16,False,False,False,False,False,1,"[{""id"": ""obstacle_0"", ""kind"": ""static_obstacle"", ""x"": 50.0, ""y"": 50.0, ""radius"": 5.0}]"
delayed_track_sharing,263,52.6,3,87.672,81.636,90.0,86.0,50.0,50.0,,,false_negative+position_noise+confidence_error,,trust_weighted_fusion,move,1,0,4.946,7.882,44.193,uav_2,7.882,False,False,False,False,False,1,"[{""id"": ""obstacle_0"", ""kind"": ""static_obstacle"", ""x"": 50.0, ""y"": 50.0, ""radius"": 5.0}]"
delayed_track_sharing,264,52.8,0,80.119,64.145,94.0,90.0,50.0,50.0,,,position_noise+confidence_error,,trust_weighted_fusion,move,2,0,29.346,6.676,28.275,uav_1,6.676,False,False,False,False,False,1,"[{""id"": ""obstacle_0"", ""kind"": ""static_obstacle"", ""x"": 50.0, ""y"": 50.0, ""radius"": 5.0}]"
delayed_track_sharing,264,52.8,1,79.216,70.76,90.0,94.0,50.0,50.0,,,position_noise+confidence_error,,trust_weighted_fusion,move,3,0,25.62,6.676,30.84,uav_0,6.676,False,False,False,False,False,1,"[{""id"": ""obstacle_0"", ""kind"": ""static_obstacle"", ""x"": 50.0, ""y"": 50.0, ""radius"": 5.0}]"
delayed_track_sharing,264,52.8,2,81.266,77.623,86.0,90.0,50.0,50.0,,,position_noise+confidence_error,,trust_weighted_fusion,move,3,0,13.252,7.163,36.72,uav_1,7.163,False,False,False,False,False,1,"[{""id"": ""obstacle_0"", ""kind"": ""static_obstacle"", ""x"": 50.0, ""y"": 50.0, ""radius"": 5.0}]"
delayed_track_sharing,264,52.8,3,87.86,81.989,90.0,86.0,50.0,50.0,,,false_negative+position_noise+confidence_error,,trust_weighted_fusion,move,1,0,4.546,7.908,44.565,uav_2,7.908,False,False,False,False,False,1,"[{""id"": ""obstacle_0"", ""kind"": ""static_obstacle"", ""x"": 50.0, ""y"": 50.0, ""radius"": 5.0}]"
delayed_track_sharing,265,53.0,0,80.308,64.497,94.0,90.0,50.0,50.0,,,false_negative+position_noise+confidence_error,,trust_weighted_fusion,move,1,0,28.946,6.689,28.597,uav_1,6.689,False,False,False,False,False,1,"[{""id"": ""obstacle_0"", ""kind"": ""static_obstacle"", ""x"": 50.0, ""y"": 50.0, ""radius"": 5.0}]"
delayed_track_sharing,265,53.0,1,79.384,71.123,90.0,94.0,50.0,50.0,,,position_noise+confidence_error,,trust_weighted_fusion,move,3,0,25.22,6.689,31.188,uav_0,6.689,False,False,False,False,False,1,"[{""id"": ""obstacle_0"", ""kind"": ""static_obstacle"", ""x"": 50.0, ""y"": 50.0, ""radius"": 5.0}]"
delayed_track_sharing,265,53.0,2,81.409,77.997,86.0,90.0,50.0,50.0,,,position_noise+confidence_error,,trust_weighted_fusion,move,3,0,12.852,7.166,37.075,uav_1,7.166,False,False,False,False,False,1,"[{""id"": ""obstacle_0"", ""kind"": ""static_obstacle"", ""x"": 50.0, ""y"": 50.0, ""radius"": 5.0}]"
delayed_track_sharing,265,53.0,3,88.048,82.342,90.0,86.0,50.0,50.0,,,false_negative+position_noise+confidence_error,,trust_weighted_fusion,move,1,0,4.146,7.935,44.937,uav_2,7.935,False,False,False,False,False,1,"[{""id"": ""obstacle_0"", ""kind"": ""static_obstacle"", ""x"": 50.0, ""y"": 50.0, ""radius"": 5.0}]"
delayed_track_sharing,266,53.2,0,80.498,64.85,94.0,90.0,50.0,50.0,,,false_negative+position_noise+confidence_error,,trust_weighted_fusion,move,1,0,28.546,6.703,28.921,uav_1,6.703,False,False,False,False,False,1,"[{""id"": ""obstacle_0"", ""kind"": ""static_obstacle"", ""x"": 50.0, ""y"": 50.0, ""radius"": 5.0}]"
delayed_track_sharing,266,53.2,1,79.552,71.485,90.0,94.0,50.0,50.0,,,position_noise+confidence_error,,trust_weighted_fusion,move,3,0,24.82,6.703,31.537,uav_0,6.703,False,False,False,False,False,1,"[{""id"": ""obstacle_0"", ""kind"": ""static_obstacle"", ""x"": 50.0, ""y"": 50.0, ""radius"": 5.0}]"
delayed_track_sharing,266,53.2,2,81.552,78.37,86.0,90.0,50.0,50.0,,,position_noise+confidence_error,,trust_weighted_fusion,move,3,0,12.452,7.169,37.431,uav_1,7.169,False,False,False,False,False,1,"[{""id"": ""obstacle_0"", ""kind"": ""static_obstacle"", ""x"": 50.0, ""y"": 50.0, ""radius"": 5.0}]"
delayed_track_sharing,266,53.2,3,88.236,82.695,90.0,86.0,50.0,50.0,,,false_negative+position_noise+confidence_error,,trust_weighted_fusion,move,1,0,3.746,7.962,45.309,uav_2,7.962,False,False,False,False,False,1,"[{""id"": ""obstacle_0"", ""kind"": ""static_obstacle"", ""x"": 50.0, ""y"": 50.0, ""radius"": 5.0}]"
delayed_track_sharing,267,53.4,0,80.687,65.202,94.0,90.0,50.0,50.0,,,position_noise+confidence_error,,trust_weighted_fusion,move,2,0,28.146,6.716,29.246,uav_1,6.716,False,False,False,False,False,1,"[{""id"": ""obstacle_0"", ""kind"": ""static_obstacle"", ""x"": 50.0, ""y"": 50.0, ""radius"": 5.0}]"
delayed_track_sharing,267,53.4,1,79.721,71.848,90.0,94.0,50.0,50.0,,,position_noise+confidence_error,,trust_weighted_fusion,move,3,0,24.42,6.716,31.887,uav_0,6.716,False,False,False,False,False,1,"[{""id"": ""obstacle_0"", ""kind"": ""static_obstacle"", ""x"": 50.0, ""y"": 50.0, ""radius"": 5.0}]"
delayed_track_sharing,267,53.4,2,81.694,78.744,86.0,90.0,50.0,50.0,,,position_noise+confidence_error,,trust_weighted_fusion,move,3,0,12.052,7.172,37.787,uav_1,7.172,False,False,False,False,False,1,"[{""id"": ""obstacle_0"", ""kind"": ""static_obstacle"", ""x"": 50.0, ""y"": 50.0, ""radius"": 5.0}]"
delayed_track_sharing,267,53.4,3,88.425,83.048,90.0,86.0,50.0,50.0,,,position_noise+confidence_error,,trust_weighted_fusion,move,2,0,3.346,7.989,45.681,uav_2,7.989,False,False,False,False,False,1,"[{""id"": ""obstacle_0"", ""kind"": ""static_obstacle"", ""x"": 50.0, ""y"": 50.0, ""radius"": 5.0}]"
delayed_track_sharing,268,53.6,0,80.876,65.555,94.0,90.0,50.0,50.0,,,false_negative+position_noise+confidence_error,,trust_weighted_fusion,move,1,0,27.746,6.729,29.573,uav_1,6.729,False,False,False,False,False,1,"[{""id"": ""obstacle_0"", ""kind"": ""static_obstacle"", ""x"": 50.0, ""y"": 50.0, ""radius"": 5.0}]"
delayed_track_sharing,268,53.6,1,79.889,72.211,90.0,94.0,50.0,50.0,,,false_negative+position_noise+confidence_error,,trust_weighted_fusion,move,2,0,24.02,6.729,32.238,uav_0,6.729,False,False,False,False,False,1,"[{""id"": ""obstacle_0"", ""kind"": ""static_obstacle"", ""x"": 50.0, ""y"": 50.0, ""radius"": 5.0}]"
delayed_track_sharing,268,53.6,2,81.837,79.117,86.0,90.0,50.0,50.0,,,false_negative+position_noise+confidence_error,,trust_weighted_fusion,move,2,0,11.652,7.176,38.144,uav_1,7.176,False,False,False,False,False,1,"[{""id"": ""obstacle_0"", ""kind"": ""static_obstacle"", ""x"": 50.0, ""y"": 50.0, ""radius"": 5.0}]"
delayed_track_sharing,268,53.6,3,88.613,83.401,90.0,86.0,50.0,50.0,,,false_negative+position_noise+confidence_error,,trust_weighted_fusion,move,1,0,2.946,8.016,46.055,uav_2,8.016,False,False,False,False,False,1,"[{""id"": ""obstacle_0"", ""kind"": ""static_obstacle"", ""x"": 50.0, ""y"": 50.0, ""radius"": 5.0}]"
delayed_track_sharing,269,53.8,0,81.065,65.907,94.0,90.0,50.0,50.0,,,position_noise+confidence_error,,trust_weighted_fusion,move,2,0,27.346,6.743,29.901,uav_1,6.743,False,False,False,False,False,1,"[{""id"": ""obstacle_0"", ""kind"": ""static_obstacle"", ""x"": 50.0, ""y"": 50.0, ""radius"": 5.0}]"
delayed_track_sharing,269,53.8,1,80.058,72.574,90.0,94.0,50.0,50.0,,,position_noise+confidence_error,,trust_weighted_fusion,move,3,0,23.62,6.743,32.59,uav_0,6.743,False,False,False,False,False,1,"[{""id"": ""obstacle_0"", ""kind"": ""static_obstacle"", ""x"": 50.0, ""y"": 50.0, ""radius"": 5.0}]"
delayed_track_sharing,269,53.8,2,81.98,79.491,86.0,90.0,50.0,50.0,,,position_noise+confidence_error,,trust_weighted_fusion,move,3,0,11.252,7.179,38.502,uav_1,7.179,False,False,False,False,False,1,"[{""id"": ""obstacle_0"", ""kind"": ""static_obstacle"", ""x"": 50.0, ""y"": 50.0, ""radius"": 5.0}]"
delayed_track_sharing,269,53.8,3,88.801,83.753,90.0,86.0,50.0,50.0,,,false_negative+position_noise+confidence_error,,trust_weighted_fusion,move,1,0,2.546,8.043,46.428,uav_2,8.043,False,False,False,False,False,1,"[{""id"": ""obstacle_0"", ""kind"": ""static_obstacle"", ""x"": 50.0, ""y"": 50.0, ""radius"": 5.0}]"
delayed_track_sharing,270,54.0,0,81.255,66.259,94.0,90.0,50.0,50.0,,,position_noise+confidence_error,,trust_weighted_fusion,move,2,0,26.946,6.756,30.231,uav_1,6.756,False,False,False,False,False,1,"[{""id"": ""obstacle_0"", ""kind"": ""static_obstacle"", ""x"": 50.0, ""y"": 50.0, ""radius"": 5.0}]"
delayed_track_sharing,270,54.0,1,80.226,72.937,90.0,94.0,50.0,50.0,,,false_negative+position_noise+confidence_error,,trust_weighted_fusion,move,2,0,23.22,6.756,32.943,uav_0,6.756,False,False,False,False,False,1,"[{""id"": ""obstacle_0"", ""kind"": ""static_obstacle"", ""x"": 50.0, ""y"": 50.0, ""radius"": 5.0}]"
delayed_track_sharing,270,54.0,2,82.123,79.865,86.0,90.0,50.0,50.0,,,false_negative+position_noise+confidence_error,,trust_weighted_fusion,move,2,0,10.852,7.183,38.861,uav_1,7.183,False,False,False,False,False,1,"[{""id"": ""obstacle_0"", ""kind"": ""static_obstacle"", ""x"": 50.0, ""y"": 50.0, ""radius"": 5.0}]"
delayed_track_sharing,270,54.0,3,88.99,84.106,90.0,86.0,50.0,50.0,,,position_noise+confidence_error,,trust_weighted_fusion,move,2,0,2.146,8.071,46.802,uav_2,8.071,False,False,False,False,False,1,"[{""id"": ""obstacle_0"", ""kind"": ""static_obstacle"", ""x"": 50.0, ""y"": 50.0, ""radius"": 5.0}]"
delayed_track_sharing,271,54.2,0,81.444,66.612,94.0,90.0,50.0,50.0,,,position_noise+confidence_error,,trust_weighted_fusion,move,2,0,26.546,6.77,30.562,uav_1,6.77,False,False,False,False,False,1,"[{""id"": ""obstacle_0"", ""kind"": ""static_obstacle"", ""x"": 50.0, ""y"": 50.0, ""radius"": 5.0}]"
delayed_track_sharing,271,54.2,1,80.394,73.3,90.0,94.0,50.0,50.0,,,false_negative+position_noise+confidence_error,,trust_weighted_fusion,move,2,0,22.82,6.77,33.297,uav_0,6.77,False,False,False,False,False,1,"[{""id"": ""obstacle_0"", ""kind"": ""static_obstacle"", ""x"": 50.0, ""y"": 50.0, ""radius"": 5.0}]"
delayed_track_sharing,271,54.2,2,82.266,80.238,86.0,90.0,50.0,50.0,,,false_negative+position_noise+confidence_error,,trust_weighted_fusion,move,2,0,10.452,7.187,39.22,uav_1,7.187,False,False,False,False,False,1,"[{""id"": ""obstacle_0"", ""kind"": ""static_obstacle"", ""x"": 50.0, ""y"": 50.0, ""radius"": 5.0}]"
delayed_track_sharing,271,54.2,3,89.178,84.459,90.0,86.0,50.0,50.0,,,false_negative+position_noise+confidence_error,,trust_weighted_fusion,move,1,0,1.746,8.099,47.176,uav_2,8.099,False,False,False,False,True,1,"[{""id"": ""obstacle_0"", ""kind"": ""static_obstacle"", ""x"": 50.0, ""y"": 50.0, ""radius"": 5.0}]"
delayed_track_sharing,272,54.4,0,81.633,66.964,94.0,90.0,50.0,50.0,,,position_noise+confidence_error,,trust_weighted_fusion,move,2,0,26.146,6.783,30.895,uav_1,6.783,False,False,False,False,False,1,"[{""id"": ""obstacle_0"", ""kind"": ""static_obstacle"", ""x"": 50.0, ""y"": 50.0, ""radius"": 5.0}]"
delayed_track_sharing,272,54.4,1,80.563,73.662,90.0,94.0,50.0,50.0,,,position_noise+confidence_error,,trust_weighted_fusion,move,3,0,22.42,6.783,33.652,uav_0,6.783,False,False,False,False,False,1,"[{""id"": ""obstacle_0"", ""kind"": ""static_obstacle"", ""x"": 50.0, ""y"": 50.0, ""radius"": 5.0}]"
delayed_track_sharing,272,54.4,2,82.409,80.612,86.0,90.0,50.0,50.0,,,position_noise+confidence_error,,trust_weighted_fusion,move,3,0,10.052,7.19,39.581,uav_1,7.19,False,False,False,False,False,1,"[{""id"": ""obstacle_0"", ""kind"": ""static_obstacle"", ""x"": 50.0, ""y"": 50.0, ""radius"": 5.0}]"
delayed_track_sharing,272,54.4,3,89.178,84.459,90.0,86.0,50.0,50.0,,,none,,trust_weighted_fusion,at_goal,0,0,1.746,7.786,47.176,uav_2,7.786,False,False,False,False,True,1,"[{""id"": ""obstacle_0"", ""kind"": ""static_obstacle"", ""x"": 50.0, ""y"": 50.0, ""radius"": 5.0}]"
delayed_track_sharing,273,54.6,0,81.822,67.317,94.0,90.0,50.0,50.0,,,position_noise+confidence_error,,trust_weighted_fusion,move,2,0,25.746,6.797,31.229,uav_1,6.797,False,False,False,False,False,1,"[{""id"": ""obstacle_0"", ""kind"": ""static_obstacle"", ""x"": 50.0, ""y"": 50.0, ""radius"": 5.0}]"
delayed_track_sharing,273,54.6,1,80.731,74.025,90.0,94.0,50.0,50.0,,,false_negative+position_noise+confidence_error,,trust_weighted_fusion,move,2,0,22.02,6.797,34.008,uav_0,6.797,False,False,False,False,False,1,"[{""id"": ""obstacle_0"", ""kind"": ""static_obstacle"", ""x"": 50.0, ""y"": 50.0, ""radius"": 5.0}]"
delayed_track_sharing,273,54.6,2,82.552,80.985,86.0,90.0,50.0,50.0,,,position_noise+confidence_error,,trust_weighted_fusion,move,3,0,9.652,7.194,39.941,uav_1,7.194,False,False,False,False,False,1,"[{""id"": ""obstacle_0"", ""kind"": ""static_obstacle"", ""x"": 50.0, ""y"": 50.0, ""radius"": 5.0}]"
delayed_track_sharing,273,54.6,3,89.178,84.459,90.0,86.0,50.0,50.0,,,none,,trust_weighted_fusion,at_goal,0,0,1.746,7.481,47.176,uav_2,7.481,False,False,False,False,True,1,"[{""id"": ""obstacle_0"", ""kind"": ""static_obstacle"", ""x"": 50.0, ""y"": 50.0, ""radius"": 5.0}]"
delayed_track_sharing,274,54.8,0,82.011,67.669,94.0,90.0,50.0,50.0,,,position_noise+confidence_error,,trust_weighted_fusion,move,2,0,25.346,6.81,31.564,uav_1,6.81,False,False,False,False,False,1,"[{""id"": ""obstacle_0"", ""kind"": ""static_obstacle"", ""x"": 50.0, ""y"": 50.0, ""radius"": 5.0}]"
delayed_track_sharing,274,54.8,1,80.899,74.388,90.0,94.0,50.0,50.0,,,position_noise+confidence_error,,trust_weighted_fusion,move,3,0,21.62,6.81,34.364,uav_0,6.81,False,False,False,False,False,1,"[{""id"": ""obstacle_0"", ""kind"": ""static_obstacle"", ""x"": 50.0, ""y"": 50.0, ""radius"": 5.0}]"
delayed_track_sharing,274,54.8,2,82.695,81.359,86.0,90.0,50.0,50.0,,,false_negative+position_noise+confidence_error,,trust_weighted_fusion,move,2,0,9.252,7.186,40.303,uav_3,7.186,False,False,False,False,False,1,"[{""id"": ""obstacle_0"", ""kind"": ""static_obstacle"", ""x"": 50.0, ""y"": 50.0, ""radius"": 5.0}]"
delayed_track_sharing,274,54.8,3,89.178,84.459,90.0,86.0,50.0,50.0,,,none,,trust_weighted_fusion,at_goal,0,0,1.746,7.186,47.176,uav_2,7.186,False,False,False,False,True,1,"[{""id"": ""obstacle_0"", ""kind"": ""static_obstacle"", ""x"": 50.0, ""y"": 50.0, ""radius"": 5.0}]"
delayed_track_sharing,275,55.0,0,82.201,68.022,94.0,90.0,50.0,50.0,,,false_negative+position_noise+confidence_error,,trust_weighted_fusion,move,1,0,24.946,6.824,31.901,uav_1,6.824,False,False,False,False,False,1,"[{""id"": ""obstacle_0"", ""kind"": ""static_obstacle"", ""x"": 50.0, ""y"": 50.0, ""radius"": 5.0}]"
delayed_track_sharing,275,55.0,1,81.068,74.751,90.0,94.0,50.0,50.0,,,position_noise+confidence_error,,trust_weighted_fusion,move,3,0,21.22,6.824,34.722,uav_0,6.824,False,False,False,False,False,1,"[{""id"": ""obstacle_0"", ""kind"": ""static_obstacle"", ""x"": 50.0, ""y"": 50.0, ""radius"": 5.0}]"
delayed_track_sharing,275,55.0,2,82.838,81.733,86.0,90.0,50.0,50.0,,,false_negative+position_noise+confidence_error,,trust_weighted_fusion,move,2,0,8.852,6.902,40.665,uav_3,6.902,False,False,False,False,False,1,"[{""id"": ""obstacle_0"", ""kind"": ""static_obstacle"", ""x"": 50.0, ""y"": 50.0, ""radius"": 5.0}]"
delayed_track_sharing,275,55.0,3,89.178,84.459,90.0,86.0,50.0,50.0,,,none,,trust_weighted_fusion,at_goal,0,0,1.746,6.902,47.176,uav_2,6.902,False,False,False,False,True,1,"[{""id"": ""obstacle_0"", ""kind"": ""static_obstacle"", ""x"": 50.0, ""y"": 50.0, ""radius"": 5.0}]"
delayed_track_sharing,276,55.2,0,82.39,68.374,94.0,90.0,50.0,50.0,,,position_noise+confidence_error,,trust_weighted_fusion,move,2,0,24.546,6.838,32.238,uav_1,6.838,False,False,False,False,False,1,"[{""id"": ""obstacle_0"", ""kind"": ""static_obstacle"", ""x"": 50.0, ""y"": 50.0, ""radius"": 5.0}]"
delayed_track_sharing,276,55.2,1,81.236,75.114,90.0,94.0,50.0,50.0,,,false_negative+position_noise+confidence_error,,trust_weighted_fusion,move,1,0,20.82,6.838,35.08,uav_0,6.838,False,False,False,False,False,1,"[{""id"": ""obstacle_0"", ""kind"": ""static_obstacle"", ""x"": 50.0, ""y"": 50.0, ""radius"": 5.0}]"
delayed_track_sharing,276,55.2,2,82.981,82.106,86.0,90.0,50.0,50.0,,,false_negative+position_noise+confidence_error,,trust_weighted_fusion,move,2,0,8.452,6.629,41.027,uav_3,6.629,False,False,False,False,False,1,"[{""id"": ""obstacle_0"", ""kind"": ""static_obstacle"", ""x"": 50.0, ""y"": 50.0, ""radius"": 5.0}]"
delayed_track_sharing,276,55.2,3,89.178,84.459,90.0,86.0,50.0,50.0,,,none,,trust_weighted_fusion,at_goal,0,0,1.746,6.629,47.176,uav_2,6.629,False,False,False,False,True,1,"[{""id"": ""obstacle_0"", ""kind"": ""static_obstacle"", ""x"": 50.0, ""y"": 50.0, ""radius"": 5.0}]"
delayed_track_sharing,277,55.4,0,82.579,68.726,94.0,90.0,50.0,50.0,,,false_negative+position_noise+confidence_error,,trust_weighted_fusion,move,1,0,24.146,6.852,32.577,uav_1,6.852,False,False,False,False,False,1,"[{""id"": ""obstacle_0"", ""kind"": ""static_obstacle"", ""x"": 50.0, ""y"": 50.0, ""radius"": 5.0}]"
delayed_track_sharing,277,55.4,1,81.405,75.477,90.0,94.0,50.0,50.0,,,position_noise+confidence_error,,trust_weighted_fusion,move,3,0,20.42,6.852,35.439,uav_0,6.852,False,False,False,False,False,1,"[{""id"": ""obstacle_0"", ""kind"": ""static_obstacle"", ""x"": 50.0, ""y"": 50.0, ""radius"": 5.0}]"
delayed_track_sharing,277,55.4,2,83.123,82.48,86.0,90.0,50.0,50.0,,,false_negative+position_noise+confidence_error,,trust_weighted_fusion,move,2,0,8.052,6.37,41.391,uav_3,6.37,False,False,False,False,False,1,"[{""id"": ""obstacle_0"", ""kind"": ""static_obstacle"", ""x"": 50.0, ""y"": 50.0, ""radius"": 5.0}]"
delayed_track_sharing,277,55.4,3,89.178,84.459,90.0,86.0,50.0,50.0,,,none,,trust_weighted_fusion,at_goal,0,0,1.746,6.37,47.176,uav_2,6.37,False,False,False,False,True,1,"[{""id"": ""obstacle_0"", ""kind"": ""static_obstacle"", ""x"": 50.0, ""y"": 50.0, ""radius"": 5.0}]"
delayed_track_sharing,278,55.6,0,82.768,69.079,94.0,90.0,50.0,50.0,,,position_noise+confidence_error,,trust_weighted_fusion,move,2,0,23.746,6.865,32.918,uav_1,6.865,False,False,False,False,False,1,"[{""id"": ""obstacle_0"", ""kind"": ""static_obstacle"", ""x"": 50.0, ""y"": 50.0, ""radius"": 5.0}]"
delayed_track_sharing,278,55.6,1,81.573,75.839,90.0,94.0,50.0,50.0,,,position_noise+confidence_error,,trust_weighted_fusion,move,3,0,20.02,6.865,35.799,uav_0,6.865,False,False,False,False,False,1,"[{""id"": ""obstacle_0"", ""kind"": ""static_obstacle"", ""x"": 50.0, ""y"": 50.0, ""radius"": 5.0}]"
delayed_track_sharing,278,55.6,2,83.266,82.853,86.0,90.0,50.0,50.0,,,false_negative+position_noise+confidence_error,,trust_weighted_fusion,move,2,0,7.652,6.126,41.755,uav_3,6.126,False,False,False,False,False,1,"[{""id"": ""obstacle_0"", ""kind"": ""static_obstacle"", ""x"": 50.0, ""y"": 50.0, ""radius"": 5.0}]"
delayed_track_sharing,278,55.6,3,89.178,84.459,90.0,86.0,50.0,50.0,,,none,,trust_weighted_fusion,at_goal,0,0,1.746,6.126,47.176,uav_2,6.126,False,False,False,False,True,1,"[{""id"": ""obstacle_0"", ""kind"": ""static_obstacle"", ""x"": 50.0, ""y"": 50.0, ""radius"": 5.0}]"
delayed_track_sharing,279,55.8,0,82.957,69.431,94.0,90.0,50.0,50.0,,,false_negative+position_noise+confidence_error,,trust_weighted_fusion,move,1,0,23.346,6.879,33.259,uav_1,6.879,False,False,False,False,False,1,"[{""id"": ""obstacle_0"", ""kind"": ""static_obstacle"", ""x"": 50.0, ""y"": 50.0, ""radius"": 5.0}]"
delayed_track_sharing,279,55.8,1,81.741,76.202,90.0,94.0,50.0,50.0,,,position_noise+confidence_error,,trust_weighted_fusion,move,3,0,19.62,6.879,36.159,uav_0,6.879,False,False,False,False,False,1,"[{""id"": ""obstacle_0"", ""kind"": ""static_obstacle"", ""x"": 50.0, ""y"": 50.0, ""radius"": 5.0}]"
delayed_track_sharing,279,55.8,2,83.409,83.227,86.0,90.0,50.0,50.0,,,position_noise+confidence_error,,trust_weighted_fusion,move,3,0,7.252,5.899,42.119,uav_3,5.899,False,False,False,False,False,1,"[{""id"": ""obstacle_0"", ""kind"": ""static_obstacle"", ""x"": 50.0, ""y"": 50.0, ""radius"": 5.0}]"
delayed_track_sharing,279,55.8,3,89.178,84.459,90.0,86.0,50.0,50.0,,,none,,trust_weighted_fusion,at_goal,0,0,1.746,5.899,47.176,uav_2,5.899,False,False,False,False,True,1,"[{""id"": ""obstacle_0"", ""kind"": ""static_obstacle"", ""x"": 50.0, ""y"": 50.0, ""radius"": 5.0}]"
delayed_track_sharing,280,56.0,0,83.147,69.784,94.0,90.0,50.0,50.0,,,position_noise+confidence_error,,trust_weighted_fusion,move,2,0,22.946,6.893,33.602,uav_1,6.893,False,False,False,False,False,1,"[{""id"": ""obstacle_0"", ""kind"": ""static_obstacle"", ""x"": 50.0, ""y"": 50.0, ""radius"": 5.0}]"
delayed_track_sharing,280,56.0,1,81.91,76.565,90.0,94.0,50.0,50.0,,,false_negative+position_noise+confidence_error,,trust_weighted_fusion,move,2,0,19.22,6.893,36.52,uav_0,6.893,False,False,False,False,False,1,"[{""id"": ""obstacle_0"", ""kind"": ""static_obstacle"", ""x"": 50.0, ""y"": 50.0, ""radius"": 5.0}]"
delayed_track_sharing,280,56.0,2,83.552,83.601,86.0,90.0,50.0,50.0,,,position_noise+confidence_error,,trust_weighted_fusion,move,3,0,6.852,5.691,42.484,uav_3,5.691,False,False,False,False,False,1,"[{""id"": ""obstacle_0"", ""kind"": ""static_obstacle"", ""x"": 50.0, ""y"": 50.0, ""radius"": 5.0}]"
delayed_track_sharing,280,56.0,3,89.178,84.459,90.0,86.0,50.0,50.0,,,none,,trust_weighted_fusion,at_goal,0,0,1.746,5.691,47.176,uav_2,5.691,False,False,False,False,True,1,"[{""id"": ""obstacle_0"", ""kind"": ""static_obstacle"", ""x"": 50.0, ""y"": 50.0, ""radius"": 5.0}]"
delayed_track_sharing,281,56.2,0,83.336,70.136,94.0,90.0,50.0,50.0,,,false_negative+position_noise+confidence_error,,trust_weighted_fusion,move,1,0,22.546,6.907,33.945,uav_1,6.907,False,False,False,False,False,1,"[{""id"": ""obstacle_0"", ""kind"": ""static_obstacle"", ""x"": 50.0, ""y"": 50.0, ""radius"": 5.0}]"
delayed_track_sharing,281,56.2,1,82.078,76.928,90.0,94.0,50.0,50.0,,,position_noise+confidence_error,,trust_weighted_fusion,move,3,0,18.82,6.907,36.882,uav_0,6.907,False,False,False,False,False,1,"[{""id"": ""obstacle_0"", ""kind"": ""static_obstacle"", ""x"": 50.0, ""y"": 50.0, ""radius"": 5.0}]"
delayed_track_sharing,281,56.2,2,83.695,83.974,86.0,90.0,50.0,50.0,,,position_noise+confidence_error,,trust_weighted_fusion,move,3,0,6.452,5.504,42.85,uav_3,5.504,False,False,False,False,False,1,"[{""id"": ""obstacle_0"", ""kind"": ""static_obstacle"", ""x"": 50.0, ""y"": 50.0, ""radius"": 5.0}]"
delayed_track_sharing,281,56.2,3,89.178,84.459,90.0,86.0,50.0,50.0,,,none,,trust_weighted_fusion,at_goal,0,0,1.746,5.504,47.176,uav_2,5.504,False,False,False,False,True,1,"[{""id"": ""obstacle_0"", ""kind"": ""static_obstacle"", ""x"": 50.0, ""y"": 50.0, ""radius"": 5.0}]"
delayed_track_sharing,282,56.4,0,83.525,70.489,94.0,90.0,50.0,50.0,,,false_negative+position_noise+confidence_error,,trust_weighted_fusion,move,1,0,22.146,6.921,34.29,uav_1,6.921,False,False,False,False,False,1,"[{""id"": ""obstacle_0"", ""kind"": ""static_obstacle"", ""x"": 50.0, ""y"": 50.0, ""radius"": 5.0}]"
delayed_track_sharing,282,56.4,1,82.246,77.291,90.0,94.0,50.0,50.0,,,false_negative+position_noise+confidence_error,,trust_weighted_fusion,move,2,0,18.42,6.921,37.245,uav_0,6.921,False,False,False,False,False,1,"[{""id"": ""obstacle_0"", ""kind"": ""static_obstacle"", ""x"": 50.0, ""y"": 50.0, ""radius"": 5.0}]"
delayed_track_sharing,282,56.4,2,83.838,84.348,86.0,90.0,50.0,50.0,,,position_noise+confidence_error,,trust_weighted_fusion,move,3,0,6.052,5.341,43.216,uav_3,5.341,False,False,False,False,False,1,"[{""id"": ""obstacle_0"", ""kind"": ""static_obstacle"", ""x"": 50.0, ""y"": 50.0, ""radius"": 5.0}]"
delayed_track_sharing,282,56.4,3,89.178,84.459,90.0,86.0,50.0,50.0,,,none,,trust_weighted_fusion,at_goal,0,0,1.746,5.341,47.176,uav_2,5.341,False,False,False,False,True,1,"[{""id"": ""obstacle_0"", ""kind"": ""static_obstacle"", ""x"": 50.0, ""y"": 50.0, ""radius"": 5.0}]"
delayed_track_sharing,283,56.6,0,83.714,70.841,94.0,90.0,50.0,50.0,,,position_noise+confidence_error,,trust_weighted_fusion,move,2,0,21.746,6.936,34.636,uav_1,6.936,False,False,False,False,False,1,"[{""id"": ""obstacle_0"", ""kind"": ""static_obstacle"", ""x"": 50.0, ""y"": 50.0, ""radius"": 5.0}]"
delayed_track_sharing,283,56.6,1,82.415,77.654,90.0,94.0,50.0,50.0,,,false_negative+position_noise+confidence_error,,trust_weighted_fusion,move,2,0,18.02,6.936,37.608,uav_0,6.936,False,False,False,False,False,1,"[{""id"": ""obstacle_0"", ""kind"": ""static_obstacle"", ""x"": 50.0, ""y"": 50.0, ""radius"": 5.0}]"
delayed_track_sharing,283,56.6,2,83.981,84.721,86.0,90.0,50.0,50.0,,,position_noise+confidence_error,,trust_weighted_fusion,move,3,0,5.652,5.204,43.583,uav_3,5.204,False,False,False,False,False,1,"[{""id"": ""obstacle_0"", ""kind"": ""static_obstacle"", ""x"": 50.0, ""y"": 50.0, ""radius"": 5.0}]"
delayed_track_sharing,283,56.6,3,89.178,84.459,90.0,86.0,50.0,50.0,,,none,,trust_weighted_fusion,at_goal,0,0,1.746,5.204,47.176,uav_2,5.204,False,False,False,False,True,1,"[{""id"": ""obstacle_0"", ""kind"": ""static_obstacle"", ""x"": 50.0, ""y"": 50.0, ""radius"": 5.0}]"
delayed_track_sharing,284,56.8,0,83.903,71.193,94.0,90.0,50.0,50.0,,,false_negative+position_noise+confidence_error,,trust_weighted_fusion,move,2,0,21.346,6.95,34.982,uav_1,6.95,False,False,False,False,False,1,"[{""id"": ""obstacle_0"", ""kind"": ""static_obstacle"", ""x"": 50.0, ""y"": 50.0, ""radius"": 5.0}]"
delayed_track_sharing,284,56.8,1,82.583,78.017,90.0,94.0,50.0,50.0,,,false_negative+position_noise+confidence_error,,trust_weighted_fusion,move,2,0,17.62,6.95,37.972,uav_0,6.95,False,False,False,False,False,1,"[{""id"": ""obstacle_0"", ""kind"": ""static_obstacle"", ""x"": 50.0, ""y"": 50.0, ""radius"": 5.0}]"
delayed_track_sharing,284,56.8,2,84.124,85.095,86.0,90.0,50.0,50.0,,,position_noise+confidence_error,,trust_weighted_fusion,move,3,0,5.252,5.094,43.95,uav_3,5.094,False,False,False,False,False,1,"[{""id"": ""obstacle_0"", ""kind"": ""static_obstacle"", ""x"": 50.0, ""y"": 50.0, ""radius"": 5.0}]"
delayed_track_sharing,284,56.8,3,89.178,84.459,90.0,86.0,50.0,50.0,,,none,,trust_weighted_fusion,at_goal,0,0,1.746,5.094,47.176,uav_2,5.094,False,False,False,False,True,1,"[{""id"": ""obstacle_0"", ""kind"": ""static_obstacle"", ""x"": 50.0, ""y"": 50.0, ""radius"": 5.0}]"
delayed_track_sharing,285,57.0,0,84.093,71.546,94.0,90.0,50.0,50.0,,,false_negative+position_noise+confidence_error,,trust_weighted_fusion,move,2,0,20.946,6.964,35.33,uav_1,6.964,False,False,False,False,False,1,"[{""id"": ""obstacle_0"", ""kind"": ""static_obstacle"", ""x"": 50.0, ""y"": 50.0, ""radius"": 5.0}]"
delayed_track_sharing,285,57.0,1,82.751,78.379,90.0,94.0,50.0,50.0,,,false_negative+position_noise+confidence_error,,trust_weighted_fusion,move,2,0,17.22,6.964,38.336,uav_0,6.964,False,False,False,False,False,1,"[{""id"": ""obstacle_0"", ""kind"": ""static_obstacle"", ""x"": 50.0, ""y"": 50.0, ""radius"": 5.0}]"
delayed_track_sharing,285,57.0,2,84.267,85.469,86.0,90.0,50.0,50.0,,,position_noise+confidence_error,,trust_weighted_fusion,move,3,0,4.852,5.014,44.318,uav_3,5.014,False,False,False,False,False,1,"[{""id"": ""obstacle_0"", ""kind"": ""static_obstacle"", ""x"": 50.0, ""y"": 50.0, ""radius"": 5.0}]"
delayed_track_sharing,285,57.0,3,89.178,84.459,90.0,86.0,50.0,50.0,,,none,,trust_weighted_fusion,at_goal,0,0,1.746,5.014,47.176,uav_2,5.014,False,False,False,False,True,1,"[{""id"": ""obstacle_0"", ""kind"": ""static_obstacle"", ""x"": 50.0, ""y"": 50.0, ""radius"": 5.0}]"
delayed_track_sharing,286,57.2,0,84.282,71.898,94.0,90.0,50.0,50.0,,,position_noise+confidence_error,,trust_weighted_fusion,move,3,0,20.546,6.978,35.679,uav_1,6.978,False,False,False,False,False,1,"[{""id"": ""obstacle_0"", ""kind"": ""static_obstacle"", ""x"": 50.0, ""y"": 50.0, ""radius"": 5.0}]"
delayed_track_sharing,286,57.2,1,82.92,78.742,90.0,94.0,50.0,50.0,,,position_noise+confidence_error,,trust_weighted_fusion,move,3,0,16.82,6.978,38.702,uav_0,6.978,False,False,False,False,False,1,"[{""id"": ""obstacle_0"", ""kind"": ""static_obstacle"", ""x"": 50.0, ""y"": 50.0, ""radius"": 5.0}]"
delayed_track_sharing,286,57.2,2,84.41,85.842,86.0,90.0,50.0,50.0,,,false_negative+position_noise+confidence_error,,trust_weighted_fusion,move,2,0,4.452,4.965,44.686,uav_3,4.965,False,False,False,False,False,1,"[{""id"": ""obstacle_0"", ""kind"": ""static_obstacle"", ""x"": 50.0, ""y"": 50.0, ""radius"": 5.0}]"
delayed_track_sharing,286,57.2,3,89.178,84.459,90.0,86.0,50.0,50.0,,,none,,trust_weighted_fusion,at_goal,0,0,1.746,4.965,47.176,uav_2,4.965,False,False,False,False,True,1,"[{""id"": ""obstacle_0"", ""kind"": ""static_obstacle"", ""x"": 50.0, ""y"": 50.0, ""radius"": 5.0}]"
delayed_track_sharing,287,57.4,0,84.471,72.251,94.0,90.0,50.0,50.0,,,position_noise+confidence_error,,trust_weighted_fusion,move,3,0,20.146,6.992,36.029,uav_1,6.992,False,False,False,False,False,1,"[{""id"": ""obstacle_0"", ""kind"": ""static_obstacle"", ""x"": 50.0, ""y"": 50.0, ""radius"": 5.0}]"
delayed_track_sharing,287,57.4,1,83.088,79.105,90.0,94.0,50.0,50.0,,,position_noise+confidence_error,,trust_weighted_fusion,move,3,0,16.42,6.992,39.067,uav_0,6.992,False,False,False,False,False,1,"[{""id"": ""obstacle_0"", ""kind"": ""static_obstacle"", ""x"": 50.0, ""y"": 50.0, ""radius"": 5.0}]"
delayed_track_sharing,287,57.4,2,84.553,86.216,86.0,90.0,50.0,50.0,,,false_negative+position_noise+confidence_error,,trust_weighted_fusion,move,1,0,4.052,4.948,45.055,uav_3,4.948,False,False,False,False,False,1,"[{""id"": ""obstacle_0"", ""kind"": ""static_obstacle"", ""x"": 50.0, ""y"": 50.0, ""radius"": 5.0}]"
delayed_track_sharing,287,57.4,3,89.178,84.459,90.0,86.0,50.0,50.0,,,none,,trust_weighted_fusion,at_goal,0,0,1.746,4.948,47.176,uav_2,4.948,False,False,False,False,True,1,"[{""id"": ""obstacle_0"", ""kind"": ""static_obstacle"", ""x"": 50.0, ""y"": 50.0, ""radius"": 5.0}]"
delayed_track_sharing,288,57.6,0,84.66,72.603,94.0,90.0,50.0,50.0,,,false_negative+position_noise+confidence_error,,trust_weighted_fusion,move,2,0,19.746,7.007,36.379,uav_1,7.007,False,False,False,False,False,1,"[{""id"": ""obstacle_0"", ""kind"": ""static_obstacle"", ""x"": 50.0, ""y"": 50.0, ""radius"": 5.0}]"
delayed_track_sharing,288,57.6,1,83.257,79.468,90.0,94.0,50.0,50.0,,,position_noise+confidence_error,,trust_weighted_fusion,move,3,0,16.02,7.007,39.434,uav_0,7.007,False,False,False,False,False,1,"[{""id"": ""obstacle_0"", ""kind"": ""static_obstacle"", ""x"": 50.0, ""y"": 50.0, ""radius"": 5.0}]"
delayed_track_sharing,288,57.6,2,84.695,86.589,86.0,90.0,50.0,50.0,,,false_negative+position_noise+confidence_error,,trust_weighted_fusion,move,2,0,3.652,4.963,45.424,uav_3,4.963,False,False,False,False,False,1,"[{""id"": ""obstacle_0"", ""kind"": ""static_obstacle"", ""x"": 50.0, ""y"": 50.0, ""radius"": 5.0}]"
delayed_track_sharing,288,57.6,3,89.178,84.459,90.0,86.0,50.0,50.0,,,none,,trust_weighted_fusion,at_goal,0,0,1.746,4.963,47.176,uav_2,4.963,False,False,False,False,True,1,"[{""id"": ""obstacle_0"", ""kind"": ""static_obstacle"", ""x"": 50.0, ""y"": 50.0, ""radius"": 5.0}]"
delayed_track_sharing,289,57.8,0,84.849,72.956,94.0,90.0,50.0,50.0,,,false_negative+position_noise+confidence_error,,trust_weighted_fusion,move,2,0,19.346,6.356,36.73,uav_1,6.356,False,False,False,False,False,1,"[{""id"": ""obstacle_0"", ""kind"": ""static_obstacle"", ""x"": 50.0, ""y"": 50.0, ""radius"": 5.0}]"
delayed_track_sharing,289,57.8,1,83.527,79.173,90.0,94.0,50.0,50.0,,,false_negative+position_noise+confidence_error,,trust_weighted_fusion,avoidance,2,0,16.179,6.356,39.442,uav_0,6.356,False,False,False,False,False,1,"[{""id"": ""obstacle_0"", ""kind"": ""static_obstacle"", ""x"": 50.0, ""y"": 50.0, ""radius"": 5.0}]"
delayed_track_sharing,289,57.8,2,84.838,86.963,86.0,90.0,50.0,50.0,,,false_negative+position_noise+confidence_error,,trust_weighted_fusion,move,2,0,3.252,5.01,45.793,uav_3,5.01,False,False,False,False,False,1,"[{""id"": ""obstacle_0"", ""kind"": ""static_obstacle"", ""x"": 50.0, ""y"": 50.0, ""radius"": 5.0}]"
delayed_track_sharing,289,57.8,3,89.178,84.459,90.0,86.0,50.0,50.0,,,none,,trust_weighted_fusion,at_goal,0,0,1.746,5.01,47.176,uav_2,5.01,False,False,False,False,True,1,"[{""id"": ""obstacle_0"", ""kind"": ""static_obstacle"", ""x"": 50.0, ""y"": 50.0, ""radius"": 5.0}]"
delayed_track_sharing,290,58.0,0,85.039,73.308,94.0,90.0,50.0,50.0,,,false_negative+position_noise+confidence_error,,trust_weighted_fusion,move,1,0,18.946,6.376,37.083,uav_1,6.376,False,False,False,False,False,1,"[{""id"": ""obstacle_0"", ""kind"": ""static_obstacle"", ""x"": 50.0, ""y"": 50.0, ""radius"": 5.0}]"
delayed_track_sharing,290,58.0,1,83.687,79.539,90.0,94.0,50.0,50.0,,,position_noise+confidence_error,,trust_weighted_fusion,move,3,0,15.779,6.376,39.804,uav_0,6.376,False,False,False,False,False,1,"[{""id"": ""obstacle_0"", ""kind"": ""static_obstacle"", ""x"": 50.0, ""y"": 50.0, ""radius"": 5.0}]"
delayed_track_sharing,290,58.0,2,84.981,87.337,86.0,90.0,50.0,50.0,,,position_noise+confidence_error,,trust_weighted_fusion,move,3,0,2.852,5.088,46.164,uav_3,5.088,False,False,False,False,False,1,"[{""id"": ""obstacle_0"", ""kind"": ""static_obstacle"", ""x"": 50.0, ""y"": 50.0, ""radius"": 5.0}]"
delayed_track_sharing,290,58.0,3,89.178,84.459,90.0,86.0,50.0,50.0,,,none,,trust_weighted_fusion,at_goal,0,0,1.746,5.088,47.176,uav_2,5.088,False,False,False,False,True,1,"[{""id"": ""obstacle_0"", ""kind"": ""static_obstacle"", ""x"": 50.0, ""y"": 50.0, ""radius"": 5.0}]"
delayed_track_sharing,291,58.2,0,85.228,73.66,94.0,90.0,50.0,50.0,,,false_negative+position_noise+confidence_error,,trust_weighted_fusion,move,2,0,18.546,6.397,37.436,uav_1,6.397,False,False,False,False,False,1,"[{""id"": ""obstacle_0"", ""kind"": ""static_obstacle"", ""x"": 50.0, ""y"": 50.0, ""radius"": 5.0}]"
delayed_track_sharing,291,58.2,1,83.847,79.906,90.0,94.0,50.0,50.0,,,position_noise+confidence_error,,trust_weighted_fusion,move,3,0,15.379,6.397,40.166,uav_0,6.397,False,False,False,False,False,1,"[{""id"": ""obstacle_0"", ""kind"": ""static_obstacle"", ""x"": 50.0, ""y"": 50.0, ""radius"": 5.0}]"
delayed_track_sharing,291,58.2,2,85.124,87.71,86.0,90.0,50.0,50.0,,,position_noise+confidence_error,,trust_weighted_fusion,move,3,0,2.452,5.196,46.534,uav_3,5.196,False,False,False,False,False,1,"[{""id"": ""obstacle_0"", ""kind"": ""static_obstacle"", ""x"": 50.0, ""y"": 50.0, ""radius"": 5.0}]"
delayed_track_sharing,291,58.2,3,89.178,84.459,90.0,86.0,50.0,50.0,,,none,,trust_weighted_fusion,at_goal,0,0,1.746,5.196,47.176,uav_2,5.196,False,False,False,False,True,1,"[{""id"": ""obstacle_0"", ""kind"": ""static_obstacle"", ""x"": 50.0, ""y"": 50.0, ""radius"": 5.0}]"
delayed_track_sharing,292,58.4,0,85.417,74.013,94.0,90.0,50.0,50.0,,,false_negative+position_noise+confidence_error,,trust_weighted_fusion,move,1,0,18.146,6.417,37.79,uav_1,6.417,False,False,False,False,False,1,"[{""id"": ""obstacle_0"", ""kind"": ""static_obstacle"", ""x"": 50.0, ""y"": 50.0, ""radius"": 5.0}]"
delayed_track_sharing,292,58.4,1,84.007,80.273,90.0,94.0,50.0,50.0,,,false_negative+position_noise+confidence_error,,trust_weighted_fusion,move,1,0,14.979,6.417,40.529,uav_0,6.417,False,False,False,False,False,1,"[{""id"": ""obstacle_0"", ""kind"": ""static_obstacle"", ""x"": 50.0, ""y"": 50.0, ""radius"": 5.0}]"
delayed_track_sharing,292,58.4,2,85.267,88.084,86.0,90.0,50.0,50.0,,,false_negative+position_noise+confidence_error,,trust_weighted_fusion,move,2,0,2.052,5.332,46.905,uav_3,5.332,False,False,False,False,False,1,"[{""id"": ""obstacle_0"", ""kind"": ""static_obstacle"", ""x"": 50.0, ""y"": 50.0, ""radius"": 5.0}]"
delayed_track_sharing,292,58.4,3,89.178,84.459,90.0,86.0,50.0,50.0,,,none,,trust_weighted_fusion,at_goal,0,0,1.746,5.332,47.176,uav_2,5.332,False,False,False,False,True,1,"[{""id"": ""obstacle_0"", ""kind"": ""static_obstacle"", ""x"": 50.0, ""y"": 50.0, ""radius"": 5.0}]"
delayed_track_sharing,293,58.6,0,85.606,74.365,94.0,90.0,50.0,50.0,,,position_noise+confidence_error,,trust_weighted_fusion,move,3,0,17.746,6.437,38.145,uav_1,6.437,False,False,False,False,False,1,"[{""id"": ""obstacle_0"", ""kind"": ""static_obstacle"", ""x"": 50.0, ""y"": 50.0, ""radius"": 5.0}]"
delayed_track_sharing,293,58.6,1,84.167,80.639,90.0,94.0,50.0,50.0,,,position_noise+confidence_error,,trust_weighted_fusion,move,3,0,14.579,6.301,40.893,uav_3,6.301,False,False,False,False,False,1,"[{""id"": ""obstacle_0"", ""kind"": ""static_obstacle"", ""x"": 50.0, ""y"": 50.0, ""radius"": 5.0}]"
delayed_track_sharing,293,58.6,2,85.41,88.457,86.0,90.0,50.0,50.0,,,false_negative+position_noise+confidence_error,,trust_weighted_fusion,move,2,0,1.652,5.494,47.277,uav_3,5.494,False,False,False,False,True,1,"[{""id"": ""obstacle_0"", ""kind"": ""static_obstacle"", ""x"": 50.0, ""y"": 50.0, ""radius"": 5.0}]"
delayed_track_sharing,293,58.6,3,89.178,84.459,90.0,86.0,50.0,50.0,,,none,,trust_weighted_fusion,at_goal,0,0,1.746,5.494,47.176,uav_2,5.494,False,False,False,False,True,1,"[{""id"": ""obstacle_0"", ""kind"": ""static_obstacle"", ""x"": 50.0, ""y"": 50.0, ""radius"": 5.0}]"
delayed_track_sharing,294,58.8,0,85.795,74.718,94.0,90.0,50.0,50.0,,,position_noise+confidence_error,,trust_weighted_fusion,move,3,0,17.346,6.457,38.5,uav_1,6.457,False,False,False,False,False,1,"[{""id"": ""obstacle_0"", ""kind"": ""static_obstacle"", ""x"": 50.0, ""y"": 50.0, ""radius"": 5.0}]"
delayed_track_sharing,294,58.8,1,84.327,81.006,90.0,94.0,50.0,50.0,,,false_negative+position_noise+confidence_error,,trust_weighted_fusion,move,2,0,14.179,5.955,41.257,uav_3,5.955,False,False,False,False,False,1,"[{""id"": ""obstacle_0"", ""kind"": ""static_obstacle"", ""x"": 50.0, ""y"": 50.0, ""radius"": 5.0}]"
delayed_track_sharing,294,58.8,2,85.41,88.457,86.0,90.0,50.0,50.0,,,none,,trust_weighted_fusion,at_goal,0,0,1.652,5.494,47.277,uav_3,5.494,False,False,False,False,True,1,"[{""id"": ""obstacle_0"", ""kind"": ""static_obstacle"", ""x"": 50.0, ""y"": 50.0, ""radius"": 5.0}]"
delayed_track_sharing,294,58.8,3,89.178,84.459,90.0,86.0,50.0,50.0,,,none,,trust_weighted_fusion,at_goal,0,0,1.746,5.494,47.176,uav_2,5.494,False,False,False,False,True,1,"[{""id"": ""obstacle_0"", ""kind"": ""static_obstacle"", ""x"": 50.0, ""y"": 50.0, ""radius"": 5.0}]"
delayed_track_sharing,295,59.0,0,85.985,75.07,94.0,90.0,50.0,50.0,,,position_noise+confidence_error,,trust_weighted_fusion,move,3,0,16.946,6.478,38.857,uav_1,6.478,False,False,False,False,False,1,"[{""id"": ""obstacle_0"", ""kind"": ""static_obstacle"", ""x"": 50.0, ""y"": 50.0, ""radius"": 5.0}]"
delayed_track_sharing,295,59.0,1,84.487,81.372,90.0,94.0,50.0,50.0,,,false_negative+position_noise+confidence_error,,trust_weighted_fusion,move,2,0,13.779,5.615,41.622,uav_3,5.615,False,False,False,False,False,1,"[{""id"": ""obstacle_0"", ""kind"": ""static_obstacle"", ""x"": 50.0, ""y"": 50.0, ""radius"": 5.0}]"
delayed_track_sharing,295,59.0,2,85.41,88.457,86.0,90.0,50.0,50.0,,,none,,trust_weighted_fusion,at_goal,0,0,1.652,5.494,47.277,uav_3,5.494,False,False,False,False,True,1,"[{""id"": ""obstacle_0"", ""kind"": ""static_obstacle"", ""x"": 50.0, ""y"": 50.0, ""radius"": 5.0}]"
delayed_track_sharing,295,59.0,3,89.178,84.459,90.0,86.0,50.0,50.0,,,none,,trust_weighted_fusion,at_goal,0,0,1.746,5.494,47.176,uav_2,5.494,False,False,False,False,True,1,"[{""id"": ""obstacle_0"", ""kind"": ""static_obstacle"", ""x"": 50.0, ""y"": 50.0, ""radius"": 5.0}]"
delayed_track_sharing,296,59.2,0,86.174,75.422,94.0,90.0,50.0,50.0,,,position_noise+confidence_error,,trust_weighted_fusion,move,3,0,16.546,6.498,39.214,uav_1,6.498,False,False,False,False,False,1,"[{""id"": ""obstacle_0"", ""kind"": ""static_obstacle"", ""x"": 50.0, ""y"": 50.0, ""radius"": 5.0}]"
delayed_track_sharing,296,59.2,1,84.647,81.739,90.0,94.0,50.0,50.0,,,false_negative+position_noise+confidence_error,,trust_weighted_fusion,move,2,0,13.379,5.285,41.987,uav_3,5.285,False,False,False,False,False,1,"[{""id"": ""obstacle_0"", ""kind"": ""static_obstacle"", ""x"": 50.0, ""y"": 50.0, ""radius"": 5.0}]"
delayed_track_sharing,296,59.2,2,85.41,88.457,86.0,90.0,50.0,50.0,,,none,,trust_weighted_fusion,at_goal,0,0,1.652,5.494,47.277,uav_3,5.494,False,False,False,False,True,1,"[{""id"": ""obstacle_0"", ""kind"": ""static_obstacle"", ""x"": 50.0, ""y"": 50.0, ""radius"": 5.0}]"
delayed_track_sharing,296,59.2,3,89.178,84.459,90.0,86.0,50.0,50.0,,,none,,trust_weighted_fusion,at_goal,0,0,1.746,5.285,47.176,uav_1,5.285,False,False,False,False,True,1,"[{""id"": ""obstacle_0"", ""kind"": ""static_obstacle"", ""x"": 50.0, ""y"": 50.0, ""radius"": 5.0}]"
delayed_track_sharing,297,59.4,0,86.363,75.775,94.0,90.0,50.0,50.0,,,false_negative+position_noise+confidence_error,,trust_weighted_fusion,move,2,0,16.146,6.519,39.571,uav_1,6.519,False,False,False,False,False,1,"[{""id"": ""obstacle_0"", ""kind"": ""static_obstacle"", ""x"": 50.0, ""y"": 50.0, ""radius"": 5.0}]"
delayed_track_sharing,297,59.4,1,84.807,82.106,90.0,94.0,50.0,50.0,,,position_noise+confidence_error,,trust_weighted_fusion,move,3,0,12.979,4.964,42.353,uav_3,4.964,False,False,False,False,False,1,"[{""id"": ""obstacle_0"", ""kind"": ""static_obstacle"", ""x"": 50.0, ""y"": 50.0, ""radius"": 5.0}]"
delayed_track_sharing,297,59.4,2,85.41,88.457,86.0,90.0,50.0,50.0,,,none,,trust_weighted_fusion,at_goal,0,0,1.652,5.494,47.277,uav_3,5.494,False,False,False,False,True,1,"[{""id"": ""obstacle_0"", ""kind"": ""static_obstacle"", ""x"": 50.0, ""y"": 50.0, ""radius"": 5.0}]"
delayed_track_sharing,297,59.4,3,89.178,84.459,90.0,86.0,50.0,50.0,,,none,,trust_weighted_fusion,at_goal,0,0,1.746,4.964,47.176,uav_1,4.964,False,False,False,False,True,1,"[{""id"": ""obstacle_0"", ""kind"": ""static_obstacle"", ""x"": 50.0, ""y"": 50.0, ""radius"": 5.0}]"
delayed_track_sharing,298,59.6,0,86.552,76.127,94.0,90.0,50.0,50.0,,,false_negative+position_noise+confidence_error,,trust_weighted_fusion,move,2,0,15.746,6.54,39.93,uav_1,6.54,False,False,False,False,False,1,"[{""id"": ""obstacle_0"", ""kind"": ""static_obstacle"", ""x"": 50.0, ""y"": 50.0, ""radius"": 5.0}]"
delayed_track_sharing,298,59.6,1,84.967,82.472,90.0,94.0,50.0,50.0,,,position_noise+confidence_error,,trust_weighted_fusion,move,3,0,12.579,4.656,42.719,uav_3,4.656,False,False,False,False,False,1,"[{""id"": ""obstacle_0"", ""kind"": ""static_obstacle"", ""x"": 50.0, ""y"": 50.0, ""radius"": 5.0}]"
delayed_track_sharing,298,59.6,2,85.41,88.457,86.0,90.0,50.0,50.0,,,none,,trust_weighted_fusion,at_goal,0,0,1.652,5.494,47.277,uav_3,5.494,False,False,False,False,True,1,"[{""id"": ""obstacle_0"", ""kind"": ""static_obstacle"", ""x"": 50.0, ""y"": 50.0, ""radius"": 5.0}]"
delayed_track_sharing,298,59.6,3,89.178,84.459,90.0,86.0,50.0,50.0,,,none,,trust_weighted_fusion,at_goal,0,0,1.746,4.656,47.176,uav_1,4.656,False,False,False,False,True,1,"[{""id"": ""obstacle_0"", ""kind"": ""static_obstacle"", ""x"": 50.0, ""y"": 50.0, ""radius"": 5.0}]"
delayed_track_sharing,299,59.8,0,86.741,76.48,94.0,90.0,50.0,50.0,,,position_noise+confidence_error,,trust_weighted_fusion,move,3,0,15.346,6.561,40.289,uav_1,6.561,False,False,False,False,False,1,"[{""id"": ""obstacle_0"", ""kind"": ""static_obstacle"", ""x"": 50.0, ""y"": 50.0, ""radius"": 5.0}]"
delayed_track_sharing,299,59.8,1,85.127,82.839,90.0,94.0,50.0,50.0,,,false_negative+position_noise+confidence_error,,trust_weighted_fusion,move,2,0,12.179,4.363,43.086,uav_3,4.363,False,False,False,False,False,1,"[{""id"": ""obstacle_0"", ""kind"": ""static_obstacle"", ""x"": 50.0, ""y"": 50.0, ""radius"": 5.0}]"
delayed_track_sharing,299,59.8,2,85.41,88.457,86.0,90.0,50.0,50.0,,,none,,trust_weighted_fusion,at_goal,0,0,1.652,5.494,47.277,uav_3,5.494,False,False,False,False,True,1,"[{""id"": ""obstacle_0"", ""kind"": ""static_obstacle"", ""x"": 50.0, ""y"": 50.0, ""radius"": 5.0}]"
delayed_track_sharing,299,59.8,3,89.178,84.459,90.0,86.0,50.0,50.0,,,none,,trust_weighted_fusion,at_goal,0,0,1.746,4.363,47.176,uav_1,4.363,False,False,False,False,True,1,"[{""id"": ""obstacle_0"", ""kind"": ""static_obstacle"", ""x"": 50.0, ""y"": 50.0, ""radius"": 5.0}]"
delayed_track_sharing,300,60.0,0,86.931,76.832,94.0,90.0,50.0,50.0,,,false_negative+position_noise+confidence_error,,trust_weighted_fusion,move,1,0,14.946,6.582,40.649,uav_1,6.582,False,False,False,False,False,1,"[{""id"": ""obstacle_0"", ""kind"": ""static_obstacle"", ""x"": 50.0, ""y"": 50.0, ""radius"": 5.0}]"
delayed_track_sharing,300,60.0,1,85.287,83.205,90.0,94.0,50.0,50.0,,,false_negative+position_noise+confidence_error,,trust_weighted_fusion,move,1,0,11.779,4.088,43.454,uav_3,4.088,False,False,False,False,False,1,"[{""id"": ""obstacle_0"", ""kind"": ""static_obstacle"", ""x"": 50.0, ""y"": 50.0, ""radius"": 5.0}]"
delayed_track_sharing,300,60.0,2,85.41,88.457,86.0,90.0,50.0,50.0,,,none,,trust_weighted_fusion,at_goal,0,0,1.652,5.254,47.277,uav_1,5.254,False,False,False,False,True,1,"[{""id"": ""obstacle_0"", ""kind"": ""static_obstacle"", ""x"": 50.0, ""y"": 50.0, ""radius"": 5.0}]"
delayed_track_sharing,300,60.0,3,89.178,84.459,90.0,86.0,50.0,50.0,,,none,,trust_weighted_fusion,at_goal,0,0,1.746,4.088,47.176,uav_1,4.088,False,False,False,False,True,1,"[{""id"": ""obstacle_0"", ""kind"": ""static_obstacle"", ""x"": 50.0, ""y"": 50.0, ""radius"": 5.0}]"
delayed_track_sharing,301,60.2,0,87.12,77.185,94.0,90.0,50.0,50.0,,,position_noise+confidence_error,,trust_weighted_fusion,move,3,0,14.546,6.603,41.01,uav_1,6.603,False,False,False,False,False,1,"[{""id"": ""obstacle_0"", ""kind"": ""static_obstacle"", ""x"": 50.0, ""y"": 50.0, ""radius"": 5.0}]"
delayed_track_sharing,301,60.2,1,85.447,83.572,90.0,94.0,50.0,50.0,,,position_noise+confidence_error,,trust_weighted_fusion,move,3,0,11.379,3.835,43.822,uav_3,3.835,False,False,False,False,False,1,"[{""id"": ""obstacle_0"", ""kind"": ""static_obstacle"", ""x"": 50.0, ""y"": 50.0, ""radius"": 5.0}]"
delayed_track_sharing,301,60.2,2,85.41,88.457,86.0,90.0,50.0,50.0,,,none,,trust_weighted_fusion,at_goal,0,0,1.652,4.886,47.277,uav_1,4.886,False,False,False,False,True,1,"[{""id"": ""obstacle_0"", ""kind"": ""static_obstacle"", ""x"": 50.0, ""y"": 50.0, ""radius"": 5.0}]"
delayed_track_sharing,301,60.2,3,89.178,84.459,90.0,86.0,50.0,50.0,,,none,,trust_weighted_fusion,at_goal,0,0,1.746,3.835,47.176,uav_1,3.835,False,False,False,False,True,1,"[{""id"": ""obstacle_0"", ""kind"": ""static_obstacle"", ""x"": 50.0, ""y"": 50.0, ""radius"": 5.0}]"
delayed_track_sharing,302,60.4,0,87.309,77.537,94.0,90.0,50.0,50.0,,,false_negative+position_noise+confidence_error,,trust_weighted_fusion,move,2,0,14.146,6.624,41.371,uav_1,6.624,False,False,False,False,False,1,"[{""id"": ""obstacle_0"", ""kind"": ""static_obstacle"", ""x"": 50.0, ""y"": 50.0, ""radius"": 5.0}]"
delayed_track_sharing,302,60.4,1,85.607,83.938,90.0,94.0,50.0,50.0,,,position_noise+confidence_error,,trust_weighted_fusion,move,3,0,10.979,3.608,44.19,uav_3,3.608,False,False,False,False,False,1,"[{""id"": ""obstacle_0"", ""kind"": ""static_obstacle"", ""x"": 50.0, ""y"": 50.0, ""radius"": 5.0}]"
delayed_track_sharing,302,60.4,2,85.41,88.457,86.0,90.0,50.0,50.0,,,none,,trust_weighted_fusion,at_goal,0,0,1.652,4.523,47.277,uav_1,4.523,False,False,False,False,True,1,"[{""id"": ""obstacle_0"", ""kind"": ""static_obstacle"", ""x"": 50.0, ""y"": 50.0, ""radius"": 5.0}]"
delayed_track_sharing,302,60.4,3,89.178,84.459,90.0,86.0,50.0,50.0,,,none,,trust_weighted_fusion,at_goal,0,0,1.746,3.608,47.176,uav_1,3.608,False,False,False,False,True,1,"[{""id"": ""obstacle_0"", ""kind"": ""static_obstacle"", ""x"": 50.0, ""y"": 50.0, ""radius"": 5.0}]"
delayed_track_sharing,303,60.6,0,87.498,77.889,94.0,90.0,50.0,50.0,,,position_noise+confidence_error,,trust_weighted_fusion,move,3,0,13.746,6.645,41.733,uav_1,6.645,False,False,False,False,False,1,"[{""id"": ""obstacle_0"", ""kind"": ""static_obstacle"", ""x"": 50.0, ""y"": 50.0, ""radius"": 5.0}]"
delayed_track_sharing,303,60.6,1,85.767,84.305,90.0,94.0,50.0,50.0,,,position_noise+confidence_error,,trust_weighted_fusion,move,3,0,10.579,3.414,44.559,uav_3,3.414,True,False,False,False,False,1,"[{""id"": ""obstacle_0"", ""kind"": ""static_obstacle"", ""x"": 50.0, ""y"": 50.0, ""radius"": 5.0}]"
delayed_track_sharing,303,60.6,2,85.41,88.457,86.0,90.0,50.0,50.0,,,none,,trust_weighted_fusion,at_goal,0,0,1.652,4.168,47.277,uav_1,4.168,False,False,False,False,True,1,"[{""id"": ""obstacle_0"", ""kind"": ""static_obstacle"", ""x"": 50.0, ""y"": 50.0, ""radius"": 5.0}]"
delayed_track_sharing,303,60.6,3,89.178,84.459,90.0,86.0,50.0,50.0,,,none,,trust_weighted_fusion,at_goal,0,0,1.746,3.414,47.176,uav_1,3.414,True,False,False,False,True,1,"[{""id"": ""obstacle_0"", ""kind"": ""static_obstacle"", ""x"": 50.0, ""y"": 50.0, ""radius"": 5.0}]"
delayed_track_sharing,304,60.8,0,87.687,78.242,94.0,90.0,50.0,50.0,,,position_noise+confidence_error,,trust_weighted_fusion,move,3,0,13.346,6.394,42.095,uav_3,6.394,False,False,False,False,False,1,"[{""id"": ""obstacle_0"", ""kind"": ""static_obstacle"", ""x"": 50.0, ""y"": 50.0, ""radius"": 5.0}]"
delayed_track_sharing,304,60.8,1,85.927,84.672,90.0,94.0,50.0,50.0,,,false_negative+position_noise+confidence_error,,trust_weighted_fusion,move,2,0,10.179,3.257,44.929,uav_3,3.257,True,False,False,False,False,1,"[{""id"": ""obstacle_0"", ""kind"": ""static_obstacle"", ""x"": 50.0, ""y"": 50.0, ""radius"": 5.0}]"
delayed_track_sharing,304,60.8,2,85.41,88.457,86.0,90.0,50.0,50.0,,,none,,trust_weighted_fusion,at_goal,0,0,1.652,3.821,47.277,uav_1,3.821,False,False,False,False,True,1,"[{""id"": ""obstacle_0"", ""kind"": ""static_obstacle"", ""x"": 50.0, ""y"": 50.0, ""radius"": 5.0}]"
delayed_track_sharing,304,60.8,3,89.178,84.459,90.0,86.0,50.0,50.0,,,none,,trust_weighted_fusion,at_goal,0,0,1.746,3.257,47.176,uav_1,3.257,True,False,False,False,True,1,"[{""id"": ""obstacle_0"", ""kind"": ""static_obstacle"", ""x"": 50.0, ""y"": 50.0, ""radius"": 5.0}]"
delayed_track_sharing,305,61.0,0,87.877,78.594,94.0,90.0,50.0,50.0,,,false_negative+position_noise+confidence_error,,trust_weighted_fusion,move,2,0,12.946,6.008,42.458,uav_3,6.008,False,False,False,False,False,1,"[{""id"": ""obstacle_0"", ""kind"": ""static_obstacle"", ""x"": 50.0, ""y"": 50.0, ""radius"": 5.0}]"
delayed_track_sharing,305,61.0,1,86.087,85.038,90.0,94.0,50.0,50.0,,,false_negative+position_noise+confidence_error,,trust_weighted_fusion,move,2,0,9.779,3.144,45.299,uav_3,3.144,True,False,False,False,False,1,"[{""id"": ""obstacle_0"", ""kind"": ""static_obstacle"", ""x"": 50.0, ""y"": 50.0, ""radius"": 5.0}]"
delayed_track_sharing,305,61.0,2,85.41,88.457,86.0,90.0,50.0,50.0,,,none,,trust_weighted_fusion,at_goal,0,0,1.652,3.486,47.277,uav_1,3.486,True,False,False,False,True,1,"[{""id"": ""obstacle_0"", ""kind"": ""static_obstacle"", ""x"": 50.0, ""y"": 50.0, ""radius"": 5.0}]"
delayed_track_sharing,305,61.0,3,89.178,84.459,90.0,86.0,50.0,50.0,,,none,,trust_weighted_fusion,at_goal,0,0,1.746,3.144,47.176,uav_1,3.144,True,False,False,False,True,1,"[{""id"": ""obstacle_0"", ""kind"": ""static_obstacle"", ""x"": 50.0, ""y"": 50.0, ""radius"": 5.0}]"
delayed_track_sharing,306,61.2,0,88.066,78.947,94.0,90.0,50.0,50.0,,,position_noise+confidence_error,,trust_weighted_fusion,move,3,0,12.546,5.624,42.822,uav_3,5.624,False,False,False,False,False,1,"[{""id"": ""obstacle_0"", ""kind"": ""static_obstacle"", ""x"": 50.0, ""y"": 50.0, ""radius"": 5.0}]"
delayed_track_sharing,306,61.2,1,86.248,85.405,90.0,94.0,50.0,50.0,,,false_negative+position_noise+confidence_error,,trust_weighted_fusion,move,2,0,9.379,3.079,45.669,uav_3,3.079,True,False,True,False,False,1,"[{""id"": ""obstacle_0"", ""kind"": ""static_obstacle"", ""x"": 50.0, ""y"": 50.0, ""radius"": 5.0}]"
delayed_track_sharing,306,61.2,2,85.41,88.457,86.0,90.0,50.0,50.0,,,none,,trust_weighted_fusion,at_goal,0,0,1.652,3.165,47.277,uav_1,3.165,True,False,False,False,True,1,"[{""id"": ""obstacle_0"", ""kind"": ""static_obstacle"", ""x"": 50.0, ""y"": 50.0, ""radius"": 5.0}]"
delayed_track_sharing,306,61.2,3,89.178,84.459,90.0,86.0,50.0,50.0,,,none,,trust_weighted_fusion,at_goal,0,0,1.746,3.079,47.176,uav_1,3.079,True,False,False,False,True,1,"[{""id"": ""obstacle_0"", ""kind"": ""static_obstacle"", ""x"": 50.0, ""y"": 50.0, ""radius"": 5.0}]"
delayed_track_sharing,307,61.4,0,88.255,79.299,94.0,90.0,50.0,50.0,,,false_negative+position_noise+confidence_error,,trust_weighted_fusion,move,2,0,12.146,5.242,43.186,uav_3,5.242,False,False,False,False,False,1,"[{""id"": ""obstacle_0"", ""kind"": ""static_obstacle"", ""x"": 50.0, ""y"": 50.0, ""radius"": 5.0}]"
delayed_track_sharing,307,61.4,1,86.408,85.771,90.0,94.0,50.0,50.0,,,position_noise+confidence_error,,trust_weighted_fusion,move,3,0,8.979,2.865,46.04,uav_2,2.865,True,False,False,False,False,1,"[{""id"": ""obstacle_0"", ""kind"": ""static_obstacle"", ""x"": 50.0, ""y"": 50.0, ""radius"": 5.0}]"
delayed_track_sharing,307,61.4,2,85.41,88.457,86.0,90.0,50.0,50.0,,,none,,trust_weighted_fusion,at_goal,0,0,1.652,2.865,47.277,uav_1,2.865,True,False,False,False,True,1,"[{""id"": ""obstacle_0"", ""kind"": ""static_obstacle"", ""x"": 50.0, ""y"": 50.0, ""radius"": 5.0}]"
delayed_track_sharing,307,61.4,3,89.178,84.459,90.0,86.0,50.0,50.0,,,none,,trust_weighted_fusion,at_goal,0,0,1.746,3.065,47.176,uav_1,3.065,True,False,False,False,True,1,"[{""id"": ""obstacle_0"", ""kind"": ""static_obstacle"", ""x"": 50.0, ""y"": 50.0, ""radius"": 5.0}]"
delayed_track_sharing,308,61.6,0,88.444,79.652,94.0,90.0,50.0,50.0,,,position_noise+confidence_error,,trust_weighted_fusion,move,3,0,11.746,4.863,43.551,uav_3,4.863,False,False,False,False,False,1,"[{""id"": ""obstacle_0"", ""kind"": ""static_obstacle"", ""x"": 50.0, ""y"": 50.0, ""radius"": 5.0}]"
delayed_track_sharing,308,61.6,1,86.568,86.138,90.0,94.0,50.0,50.0,,,position_noise+confidence_error,,trust_weighted_fusion,move,3,0,8.579,2.592,46.412,uav_2,2.592,True,False,False,False,False,1,"[{""id"": ""obstacle_0"", ""kind"": ""static_obstacle"", ""x"": 50.0, ""y"": 50.0, ""radius"": 5.0}]"
delayed_track_sharing,308,61.6,2,85.41,88.457,86.0,90.0,50.0,50.0,,,none,,trust_weighted_fusion,at_goal,0,0,1.652,2.592,47.277,uav_1,2.592,True,False,False,False,True,1,"[{""id"": ""obstacle_0"", ""kind"": ""static_obstacle"", ""x"": 50.0, ""y"": 50.0, ""radius"": 5.0}]"
delayed_track_sharing,308,61.6,3,89.178,84.459,90.0,86.0,50.0,50.0,,,none,,trust_weighted_fusion,at_goal,0,0,1.746,3.104,47.176,uav_1,3.104,True,False,False,False,True,1,"[{""id"": ""obstacle_0"", ""kind"": ""static_obstacle"", ""x"": 50.0, ""y"": 50.0, ""radius"": 5.0}]"
delayed_track_sharing,309,61.8,0,88.633,80.004,94.0,90.0,50.0,50.0,,,false_negative+position_noise+confidence_error,,trust_weighted_fusion,move,2,0,11.346,4.488,43.916,uav_3,4.488,False,False,False,False,False,1,"[{""id"": ""obstacle_0"", ""kind"": ""static_obstacle"", ""x"": 50.0, ""y"": 50.0, ""radius"": 5.0}]"
delayed_track_sharing,309,61.8,1,86.353,86.475,90.0,94.0,50.0,50.0,,,false_negative+position_noise+confidence_error,,trust_weighted_fusion,avoidance,2,0,8.362,2.195,46.497,uav_2,2.195,True,False,False,False,False,1,"[{""id"": ""obstacle_0"", ""kind"": ""static_obstacle"", ""x"": 50.0, ""y"": 50.0, ""radius"": 5.0}]"
delayed_track_sharing,309,61.8,2,85.41,88.457,86.0,90.0,50.0,50.0,,,none,,trust_weighted_fusion,at_goal,0,0,1.652,2.195,47.277,uav_1,2.195,True,False,False,False,True,1,"[{""id"": ""obstacle_0"", ""kind"": ""static_obstacle"", ""x"": 50.0, ""y"": 50.0, ""radius"": 5.0}]"
delayed_track_sharing,309,61.8,3,89.178,84.459,90.0,86.0,50.0,50.0,,,none,,trust_weighted_fusion,at_goal,0,0,1.746,3.471,47.176,uav_1,3.471,True,False,False,False,True,1,"[{""id"": ""obstacle_0"", ""kind"": ""static_obstacle"", ""x"": 50.0, ""y"": 50.0, ""radius"": 5.0}]"
delayed_track_sharing,310,62.0,0,88.823,80.356,94.0,90.0,50.0,50.0,,,position_noise+confidence_error,,trust_weighted_fusion,move,3,0,10.946,4.118,44.282,uav_3,4.118,False,False,False,False,False,1,"[{""id"": ""obstacle_0"", ""kind"": ""static_obstacle"", ""x"": 50.0, ""y"": 50.0, ""radius"": 5.0}]"
delayed_track_sharing,310,62.0,1,86.527,86.835,90.0,94.0,50.0,50.0,,,false_negative+position_noise+confidence_error,,trust_weighted_fusion,move,2,0,7.962,1.97,46.875,uav_2,1.97,True,False,True,False,False,1,"[{""id"": ""obstacle_0"", ""kind"": ""static_obstacle"", ""x"": 50.0, ""y"": 50.0, ""radius"": 5.0}]"
delayed_track_sharing,310,62.0,2,85.41,88.457,86.0,90.0,50.0,50.0,,,none,,trust_weighted_fusion,at_goal,0,0,1.652,1.97,47.277,uav_1,1.97,True,False,False,False,True,1,"[{""id"": ""obstacle_0"", ""kind"": ""static_obstacle"", ""x"": 50.0, ""y"": 50.0, ""radius"": 5.0}]"
delayed_track_sharing,310,62.0,3,89.178,84.459,90.0,86.0,50.0,50.0,,,none,,trust_weighted_fusion,at_goal,0,0,1.746,3.56,47.176,uav_1,3.56,False,False,False,False,True,1,"[{""id"": ""obstacle_0"", ""kind"": ""static_obstacle"", ""x"": 50.0, ""y"": 50.0, ""radius"": 5.0}]"
delayed_track_sharing,311,62.2,0,88.686,79.981,94.0,90.0,50.0,50.0,,,position_noise+confidence_error,,trust_weighted_fusion,avoidance,3,0,11.342,4.506,43.943,uav_3,4.506,False,False,False,False,False,1,"[{""id"": ""obstacle_0"", ""kind"": ""static_obstacle"", ""x"": 50.0, ""y"": 50.0, ""radius"": 5.0}]"
delayed_track_sharing,311,62.2,1,86.7,86.475,90.0,94.0,50.0,50.0,,,position_noise+confidence_error,,trust_weighted_fusion,avoidance,3,0,8.217,2.366,46.743,uav_2,2.366,True,False,False,False,False,1,"[{""id"": ""obstacle_0"", ""kind"": ""static_obstacle"", ""x"": 50.0, ""y"": 50.0, ""radius"": 5.0}]"
delayed_track_sharing,311,62.2,2,85.41,88.457,86.0,90.0,50.0,50.0,,,none,,trust_weighted_fusion,at_goal,0,0,1.652,2.366,47.277,uav_1,2.366,True,False,False,False,True,1,"[{""id"": ""obstacle_0"", ""kind"": ""static_obstacle"", ""x"": 50.0, ""y"": 50.0, ""radius"": 5.0}]"
delayed_track_sharing,311,62.2,3,89.178,84.459,90.0,86.0,50.0,50.0,,,none,,trust_weighted_fusion,at_goal,0,0,1.746,3.194,47.176,uav_1,3.194,True,False,False,False,True,1,"[{""id"": ""obstacle_0"", ""kind"": ""static_obstacle"", ""x"": 50.0, ""y"": 50.0, ""radius"": 5.0}]"
delayed_track_sharing,312,62.4,0,89.077,80.063,94.0,90.0,50.0,50.0,,,position_noise+confidence_error,,trust_weighted_fusion,avoidance,3,0,11.089,4.397,44.303,uav_3,4.397,False,False,False,False,False,1,"[{""id"": ""obstacle_0"", ""kind"": ""static_obstacle"", ""x"": 50.0, ""y"": 50.0, ""radius"": 5.0}]"
delayed_track_sharing,312,62.4,1,86.861,86.841,90.0,94.0,50.0,50.0,,,position_noise+confidence_error,,trust_weighted_fusion,move,3,0,7.817,2.172,47.115,uav_2,2.172,True,False,False,False,False,1,"[{""id"": ""obstacle_0"", ""kind"": ""static_obstacle"", ""x"": 50.0, ""y"": 50.0, ""radius"": 5.0}]"
delayed_track_sharing,312,62.4,2,85.41,88.457,86.0,90.0,50.0,50.0,,,none,,trust_weighted_fusion,at_goal,0,0,1.652,2.172,47.277,uav_1,2.172,True,False,False,False,True,1,"[{""id"": ""obstacle_0"", ""kind"": ""static_obstacle"", ""x"": 50.0, ""y"": 50.0, ""radius"": 5.0}]"
delayed_track_sharing,312,62.4,3,89.178,84.459,90.0,86.0,50.0,50.0,,,none,,trust_weighted_fusion,at_goal,0,0,1.746,3.323,47.176,uav_1,3.323,True,False,False,False,True,1,"[{""id"": ""obstacle_0"", ""kind"": ""static_obstacle"", ""x"": 50.0, ""y"": 50.0, ""radius"": 5.0}]"
delayed_track_sharing,313,62.6,0,89.255,80.422,94.0,90.0,50.0,50.0,,,false_negative+position_noise+confidence_error,,trust_weighted_fusion,move,2,0,10.689,4.038,44.663,uav_3,4.038,False,False,False,False,False,1,"[{""id"": ""obstacle_0"", ""kind"": ""static_obstacle"", ""x"": 50.0, ""y"": 50.0, ""radius"": 5.0}]"
delayed_track_sharing,313,62.6,1,87.021,87.207,90.0,94.0,50.0,50.0,,,position_noise+confidence_error,,trust_weighted_fusion,move,3,0,7.417,2.04,47.488,uav_2,2.04,True,False,False,False,False,1,"[{""id"": ""obstacle_0"", ""kind"": ""static_obstacle"", ""x"": 50.0, ""y"": 50.0, ""radius"": 5.0}]"
delayed_track_sharing,313,62.6,2,85.41,88.457,86.0,90.0,50.0,50.0,,,none,,trust_weighted_fusion,at_goal,0,0,1.652,2.04,47.277,uav_1,2.04,True,False,False,False,True,1,"[{""id"": ""obstacle_0"", ""kind"": ""static_obstacle"", ""x"": 50.0, ""y"": 50.0, ""radius"": 5.0}]"
delayed_track_sharing,313,62.6,3,89.178,84.459,90.0,86.0,50.0,50.0,,,none,,trust_weighted_fusion,at_goal,0,0,1.746,3.493,47.176,uav_1,3.493,True,False,False,False,True,1,"[{""id"": ""obstacle_0"", ""kind"": ""static_obstacle"", ""x"": 50.0, ""y"": 50.0, ""radius"": 5.0}]"
delayed_track_sharing,314,62.8,0,89.432,80.78,94.0,90.0,50.0,50.0,,,false_negative+position_noise+confidence_error,,trust_weighted_fusion,move,1,0,10.289,3.688,45.023,uav_3,3.688,False,False,False,False,False,1,"[{""id"": ""obstacle_0"", ""kind"": ""static_obstacle"", ""x"": 50.0, ""y"": 50.0, ""radius"": 5.0}]"
delayed_track_sharing,314,62.8,1,87.182,87.574,90.0,94.0,50.0,50.0,,,position_noise+confidence_error,,trust_weighted_fusion,move,3,0,7.017,1.98,47.861,uav_2,1.98,True,False,False,False,False,1,"[{""id"": ""obstacle_0"", ""kind"": ""static_obstacle"", ""x"": 50.0, ""y"": 50.0, ""radius"": 5.0}]"
delayed_track_sharing,314,62.8,2,85.41,88.457,86.0,90.0,50.0,50.0,,,none,,trust_weighted_fusion,at_goal,0,0,1.652,1.98,47.277,uav_1,1.98,True,False,False,False,True,1,"[{""id"": ""obstacle_0"", ""kind"": ""static_obstacle"", ""x"": 50.0, ""y"": 50.0, ""radius"": 5.0}]"
delayed_track_sharing,314,62.8,3,89.178,84.459,90.0,86.0,50.0,50.0,,,none,,trust_weighted_fusion,at_goal,0,0,1.746,3.688,47.176,uav_0,3.688,False,False,False,False,True,1,"[{""id"": ""obstacle_0"", ""kind"": ""static_obstacle"", ""x"": 50.0, ""y"": 50.0, ""radius"": 5.0}]"
delayed_track_sharing,315,63.0,0,89.61,81.139,94.0,90.0,50.0,50.0,,,false_negative+position_noise+confidence_error,,trust_weighted_fusion,move,2,0,9.889,3.349,45.384,uav_3,3.349,True,False,False,False,False,1,"[{""id"": ""obstacle_0"", ""kind"": ""static_obstacle"", ""x"": 50.0, ""y"": 50.0, ""radius"": 5.0}]"
delayed_track_sharing,315,63.0,1,87.184,87.174,90.0,94.0,50.0,50.0,,,position_noise+confidence_error,,trust_weighted_fusion,avoidance,3,0,7.384,2.19,47.579,uav_2,2.19,True,False,False,False,False,1,"[{""id"": ""obstacle_0"", ""kind"": ""static_obstacle"", ""x"": 50.0, ""y"": 50.0, ""radius"": 5.0}]"
delayed_track_sharing,315,63.0,2,85.41,88.457,86.0,90.0,50.0,50.0,,,none,,trust_weighted_fusion,at_goal,0,0,1.652,2.19,47.277,uav_1,2.19,True,False,False,False,True,1,"[{""id"": ""obstacle_0"", ""kind"": ""static_obstacle"", ""x"": 50.0, ""y"": 50.0, ""radius"": 5.0}]"
delayed_track_sharing,315,63.0,3,89.178,84.459,90.0,86.0,50.0,50.0,,,none,,trust_weighted_fusion,at_goal,0,0,1.746,3.349,47.176,uav_0,3.349,True,False,False,False,True,1,"[{""id"": ""obstacle_0"", ""kind"": ""static_obstacle"", ""x"": 50.0, ""y"": 50.0, ""radius"": 5.0}]"
delayed_track_sharing,316,63.2,0,89.787,81.497,94.0,90.0,50.0,50.0,,,position_noise+confidence_error,,trust_weighted_fusion,move,3,0,9.489,3.024,45.745,uav_3,3.024,True,False,False,False,False,1,"[{""id"": ""obstacle_0"", ""kind"": ""static_obstacle"", ""x"": 50.0, ""y"": 50.0, ""radius"": 5.0}]"
delayed_track_sharing,316,63.2,1,87.528,87.378,90.0,94.0,50.0,50.0,,,false_negative+position_noise+confidence_error,,trust_weighted_fusion,avoidance,2,0,7.069,2.378,47.966,uav_2,2.378,True,False,True,False,False,1,"[{""id"": ""obstacle_0"", ""kind"": ""static_obstacle"", ""x"": 50.0, ""y"": 50.0, ""radius"": 5.0}]"
delayed_track_sharing,316,63.2,2,85.41,88.457,86.0,90.0,50.0,50.0,,,none,,trust_weighted_fusion,at_goal,0,0,1.652,2.378,47.277,uav_1,2.378,True,False,False,False,True,1,"[{""id"": ""obstacle_0"", ""kind"": ""static_obstacle"", ""x"": 50.0, ""y"": 50.0, ""radius"": 5.0}]"
delayed_track_sharing,316,63.2,3,89.178,84.459,90.0,86.0,50.0,50.0,,,none,,trust_weighted_fusion,at_goal,0,0,1.746,3.024,47.176,uav_0,3.024,True,False,False,False,True,1,"[{""id"": ""obstacle_0"", ""kind"": ""static_obstacle"", ""x"": 50.0, ""y"": 50.0, ""radius"": 5.0}]"
delayed_track_sharing,317,63.4,0,89.965,81.855,94.0,90.0,50.0,50.0,,,false_negative+position_noise+confidence_error,,trust_weighted_fusion,move,2,0,9.089,2.72,46.107,uav_3,2.72,True,False,True,False,False,1,"[{""id"": ""obstacle_0"", ""kind"": ""static_obstacle"", ""x"": 50.0, ""y"": 50.0, ""radius"": 5.0}]"
delayed_track_sharing,317,63.4,1,87.668,87.752,90.0,94.0,50.0,50.0,,,false_negative+position_noise+confidence_error,,trust_weighted_fusion,move,2,0,6.669,2.366,48.33,uav_2,2.366,True,False,True,False,False,1,"[{""id"": ""obstacle_0"", ""kind"": ""static_obstacle"", ""x"": 50.0, ""y"": 50.0, ""radius"": 5.0}]"
delayed_track_sharing,317,63.4,2,85.41,88.457,86.0,90.0,50.0,50.0,,,none,,trust_weighted_fusion,at_goal,0,0,1.652,2.366,47.277,uav_1,2.366,True,False,False,False,True,1,"[{""id"": ""obstacle_0"", ""kind"": ""static_obstacle"", ""x"": 50.0, ""y"": 50.0, ""radius"": 5.0}]"
delayed_track_sharing,317,63.4,3,89.178,84.459,90.0,86.0,50.0,50.0,,,none,,trust_weighted_fusion,at_goal,0,0,1.746,2.72,47.176,uav_0,2.72,True,False,False,False,True,1,"[{""id"": ""obstacle_0"", ""kind"": ""static_obstacle"", ""x"": 50.0, ""y"": 50.0, ""radius"": 5.0}]"
delayed_track_sharing,318,63.6,0,90.143,82.214,94.0,90.0,50.0,50.0,,,false_negative+position_noise+confidence_error,,trust_weighted_fusion,move,1,0,8.689,2.444,46.47,uav_3,2.444,True,False,False,False,False,1,"[{""id"": ""obstacle_0"", ""kind"": ""static_obstacle"", ""x"": 50.0, ""y"": 50.0, ""radius"": 5.0}]"
delayed_track_sharing,318,63.6,1,87.808,88.127,90.0,94.0,50.0,50.0,,,false_negative+position_noise+confidence_error,,trust_weighted_fusion,move,1,0,6.269,2.421,48.695,uav_2,2.421,True,False,True,False,False,1,"[{""id"": ""obstacle_0"", ""kind"": ""static_obstacle"", ""x"": 50.0, ""y"": 50.0, ""radius"": 5.0}]"
delayed_track_sharing,318,63.6,2,85.41,88.457,86.0,90.0,50.0,50.0,,,none,,trust_weighted_fusion,at_goal,0,0,1.652,2.421,47.277,uav_1,2.421,True,False,False,False,True,1,"[{""id"": ""obstacle_0"", ""kind"": ""static_obstacle"", ""x"": 50.0, ""y"": 50.0, ""radius"": 5.0}]"
delayed_track_sharing,318,63.6,3,89.178,84.459,90.0,86.0,50.0,50.0,,,none,,trust_weighted_fusion,at_goal,0,0,1.746,2.444,47.176,uav_0,2.444,True,False,False,False,True,1,"[{""id"": ""obstacle_0"", ""kind"": ""static_obstacle"", ""x"": 50.0, ""y"": 50.0, ""radius"": 5.0}]"
delayed_track_sharing,319,63.8,0,90.32,82.572,94.0,90.0,50.0,50.0,,,position_noise+confidence_error,,trust_weighted_fusion,move,3,0,8.289,2.206,46.833,uav_3,2.206,True,False,False,False,False,1,"[{""id"": ""obstacle_0"", ""kind"": ""static_obstacle"", ""x"": 50.0, ""y"": 50.0, ""radius"": 5.0}]"
delayed_track_sharing,319,63.8,1,88.206,88.085,90.0,94.0,50.0,50.0,,,position_noise+confidence_error,,trust_weighted_fusion,avoidance,3,0,6.181,2.82,48.946,uav_2,2.82,True,False,False,False,False,1,"[{""id"": ""obstacle_0"", ""kind"": ""static_obstacle"", ""x"": 50.0, ""y"": 50.0, ""radius"": 5.0}]"
delayed_track_sharing,319,63.8,2,85.41,88.457,86.0,90.0,50.0,50.0,,,none,,trust_weighted_fusion,at_goal,0,0,1.652,2.82,47.277,uav_1,2.82,True,False,False,False,True,1,"[{""id"": ""obstacle_0"", ""kind"": ""static_obstacle"", ""x"": 50.0, ""y"": 50.0, ""radius"": 5.0}]"
delayed_track_sharing,319,63.8,3,89.178,84.459,90.0,86.0,50.0,50.0,,,none,,trust_weighted_fusion,at_goal,0,0,1.746,2.206,47.176,uav_0,2.206,True,False,False,False,True,1,"[{""id"": ""obstacle_0"", ""kind"": ""static_obstacle"", ""x"": 50.0, ""y"": 50.0, ""radius"": 5.0}]"
delayed_track_sharing,320,64.0,0,90.498,82.931,94.0,90.0,50.0,50.0,,,false_negative+position_noise+confidence_error,,trust_weighted_fusion,move,2,0,7.889,2.019,47.197,uav_3,2.019,True,False,True,False,False,1,"[{""id"": ""obstacle_0"", ""kind"": ""static_obstacle"", ""x"": 50.0, ""y"": 50.0, ""radius"": 5.0}]"
delayed_track_sharing,320,64.0,1,88.322,88.468,90.0,94.0,50.0,50.0,,,position_noise+confidence_error,,trust_weighted_fusion,move,3,0,5.781,2.912,49.299,uav_2,2.912,True,False,False,False,False,1,"[{""id"": ""obstacle_0"", ""kind"": ""static_obstacle"", ""x"": 50.0, ""y"": 50.0, ""radius"": 5.0}]"
delayed_track_sharing,320,64.0,2,85.41,88.457,86.0,90.0,50.0,50.0,,,none,,trust_weighted_fusion,at_goal,0,0,1.652,2.912,47.277,uav_1,2.912,True,False,False,False,True,1,"[{""id"": ""obstacle_0"", ""kind"": ""static_obstacle"", ""x"": 50.0, ""y"": 50.0, ""radius"": 5.0}]"
delayed_track_sharing,320,64.0,3,89.178,84.459,90.0,86.0,50.0,50.0,,,none,,trust_weighted_fusion,at_goal,0,0,1.746,2.019,47.176,uav_0,2.019,True,False,False,False,True,1,"[{""id"": ""obstacle_0"", ""kind"": ""static_obstacle"", ""x"": 50.0, ""y"": 50.0, ""radius"": 5.0}]"
delayed_track_sharing,321,64.2,0,90.675,83.289,94.0,90.0,50.0,50.0,,,false_negative+position_noise+confidence_error,,trust_weighted_fusion,move,2,0,7.489,1.9,47.561,uav_3,1.9,True,False,False,False,False,1,"[{""id"": ""obstacle_0"", ""kind"": ""static_obstacle"", ""x"": 50.0, ""y"": 50.0, ""radius"": 5.0}]"
delayed_track_sharing,321,64.2,1,88.438,88.851,90.0,94.0,50.0,50.0,,,false_negative+position_noise+confidence_error,,trust_weighted_fusion,move,2,0,5.381,3.053,49.652,uav_2,3.053,True,False,False,False,False,1,"[{""id"": ""obstacle_0"", ""kind"": ""static_obstacle"", ""x"": 50.0, ""y"": 50.0, ""radius"": 5.0}]"
delayed_track_sharing,321,64.2,2,85.41,88.457,86.0,90.0,50.0,50.0,,,none,,trust_weighted_fusion,at_goal,0,0,1.652,3.053,47.277,uav_1,3.053,True,False,False,False,True,1,"[{""id"": ""obstacle_0"", ""kind"": ""static_obstacle"", ""x"": 50.0, ""y"": 50.0, ""radius"": 5.0}]"
delayed_track_sharing,321,64.2,3,89.178,84.459,90.0,86.0,50.0,50.0,,,none,,trust_weighted_fusion,at_goal,0,0,1.746,1.9,47.176,uav_0,1.9,True,False,False,False,True,1,"[{""id"": ""obstacle_0"", ""kind"": ""static_obstacle"", ""x"": 50.0, ""y"": 50.0, ""radius"": 5.0}]"
delayed_track_sharing,322,64.4,0,91.072,83.236,94.0,90.0,50.0,50.0,,,position_noise+confidence_error,,trust_weighted_fusion,avoidance,3,0,7.37,2.254,47.835,uav_3,2.254,True,False,False,False,False,1,"[{""id"": ""obstacle_0"", ""kind"": ""static_obstacle"", ""x"": 50.0, ""y"": 50.0, ""radius"": 5.0}]"
delayed_track_sharing,322,64.4,1,88.554,89.233,90.0,94.0,50.0,50.0,,,position_noise+confidence_error,,trust_weighted_fusion,move,3,0,4.981,3.239,50.006,uav_2,3.239,True,False,False,False,False,1,"[{""id"": ""obstacle_0"", ""kind"": ""static_obstacle"", ""x"": 50.0, ""y"": 50.0, ""radius"": 5.0}]"
delayed_track_sharing,322,64.4,2,85.41,88.457,86.0,90.0,50.0,50.0,,,none,,trust_weighted_fusion,at_goal,0,0,1.652,3.239,47.277,uav_1,3.239,True,False,False,False,True,1,"[{""id"": ""obstacle_0"", ""kind"": ""static_obstacle"", ""x"": 50.0, ""y"": 50.0, ""radius"": 5.0}]"
delayed_track_sharing,322,64.4,3,89.178,84.459,90.0,86.0,50.0,50.0,,,none,,trust_weighted_fusion,at_goal,0,0,1.746,2.254,47.176,uav_0,2.254,True,False,False,False,True,1,"[{""id"": ""obstacle_0"", ""kind"": ""static_obstacle"", ""x"": 50.0, ""y"": 50.0, ""radius"": 5.0}]"
delayed_track_sharing,323,64.6,0,91.231,83.603,94.0,90.0,50.0,50.0,,,false_negative+position_noise+confidence_error,,trust_weighted_fusion,move,2,0,6.97,2.224,48.19,uav_3,2.224,True,False,True,False,False,1,"[{""id"": ""obstacle_0"", ""kind"": ""static_obstacle"", ""x"": 50.0, ""y"": 50.0, ""radius"": 5.0}]"
delayed_track_sharing,323,64.6,1,88.67,89.616,90.0,94.0,50.0,50.0,,,position_noise+confidence_error,,trust_weighted_fusion,move,3,0,4.581,3.46,50.361,uav_2,3.46,True,False,False,False,False,1,"[{""id"": ""obstacle_0"", ""kind"": ""static_obstacle"", ""x"": 50.0, ""y"": 50.0, ""radius"": 5.0}]"
delayed_track_sharing,323,64.6,2,85.41,88.457,86.0,90.0,50.0,50.0,,,none,,trust_weighted_fusion,at_goal,0,0,1.652,3.46,47.277,uav_1,3.46,True,False,False,False,True,1,"[{""id"": ""obstacle_0"", ""kind"": ""static_obstacle"", ""x"": 50.0, ""y"": 50.0, ""radius"": 5.0}]"
delayed_track_sharing,323,64.6,3,89.178,84.459,90.0,86.0,50.0,50.0,,,none,,trust_weighted_fusion,at_goal,0,0,1.746,2.224,47.176,uav_0,2.224,True,False,False,False,True,1,"[{""id"": ""obstacle_0"", ""kind"": ""static_obstacle"", ""x"": 50.0, ""y"": 50.0, ""radius"": 5.0}]"
delayed_track_sharing,324,64.8,0,91.44,83.944,94.0,90.0,50.0,50.0,,,position_noise+confidence_error,,trust_weighted_fusion,avoidance,3,0,6.575,2.32,48.568,uav_3,2.32,True,False,False,False,False,1,"[{""id"": ""obstacle_0"", ""kind"": ""static_obstacle"", ""x"": 50.0, ""y"": 50.0, ""radius"": 5.0}]"
delayed_track_sharing,324,64.8,1,88.786,89.999,90.0,94.0,50.0,50.0,,,position_noise+confidence_error,,trust_weighted_fusion,move,3,0,4.181,3.712,50.716,uav_2,3.712,False,False,False,False,False,1,"[{""id"": ""obstacle_0"", ""kind"": ""static_obstacle"", ""x"": 50.0, ""y"": 50.0, ""radius"": 5.0}]"
delayed_track_sharing,324,64.8,2,85.41,88.457,86.0,90.0,50.0,50.0,,,none,,trust_weighted_fusion,at_goal,0,0,1.652,3.712,47.277,uav_1,3.712,False,False,False,False,True,1,"[{""id"": ""obstacle_0"", ""kind"": ""static_obstacle"", ""x"": 50.0, ""y"": 50.0, ""radius"": 5.0}]"
delayed_track_sharing,324,64.8,3,89.178,84.459,90.0,86.0,50.0,50.0,,,none,,trust_weighted_fusion,at_goal,0,0,1.746,2.32,47.176,uav_0,2.32,True,False,False,False,True,1,"[{""id"": ""obstacle_0"", ""kind"": ""static_obstacle"", ""x"": 50.0, ""y"": 50.0, ""radius"": 5.0}]"
delayed_track_sharing,325,65.0,0,91.824,84.056,94.0,90.0,50.0,50.0,,,position_noise+confidence_error,,trust_weighted_fusion,avoidance,3,0,6.33,2.677,48.936,uav_3,2.677,True,False,False,False,False,1,"[{""id"": ""obstacle_0"", ""kind"": ""static_obstacle"", ""x"": 50.0, ""y"": 50.0, ""radius"": 5.0}]"
delayed_track_sharing,325,65.0,1,88.902,90.382,90.0,94.0,50.0,50.0,,,false_negative+position_noise+confidence_error,,trust_weighted_fusion,move,2,0,3.781,3.988,51.072,uav_2,3.988,False,False,False,False,False,1,"[{""id"": ""obstacle_0"", ""kind"": ""static_obstacle"", ""x"": 50.0, ""y"": 50.0, ""radius"": 5.0}]"
delayed_track_sharing,325,65.0,2,85.41,88.457,86.0,90.0,50.0,50.0,,,none,,trust_weighted_fusion,at_goal,0,0,1.652,3.988,47.277,uav_1,3.988,False,False,False,False,True,1,"[{""id"": ""obstacle_0"", ""kind"": ""static_obstacle"", ""x"": 50.0, ""y"": 50.0, ""radius"": 5.0}]"
delayed_track_sharing,325,65.0,3,89.178,84.459,90.0,86.0,50.0,50.0,,,none,,trust_weighted_fusion,at_goal,0,0,1.746,2.677,47.176,uav_0,2.677,True,False,False,False,True,1,"[{""id"": ""obstacle_0"", ""kind"": ""static_obstacle"", ""x"": 50.0, ""y"": 50.0, ""radius"": 5.0}]"
delayed_track_sharing,326,65.2,0,91.962,84.431,94.0,90.0,50.0,50.0,,,position_noise+confidence_error,,trust_weighted_fusion,move,3,0,5.93,2.784,49.28,uav_3,2.784,True,False,False,False,False,1,"[{""id"": ""obstacle_0"", ""kind"": ""static_obstacle"", ""x"": 50.0, ""y"": 50.0, ""radius"": 5.0}]"
delayed_track_sharing,326,65.2,1,89.019,90.765,90.0,94.0,50.0,50.0,,,false_negative+position_noise+confidence_error,,trust_weighted_fusion,move,2,0,3.381,4.283,51.429,uav_2,4.283,False,False,False,False,False,1,"[{""id"": ""obstacle_0"", ""kind"": ""static_obstacle"", ""x"": 50.0, ""y"": 50.0, ""radius"": 5.0}]"
delayed_track_sharing,326,65.2,2,85.41,88.457,86.0,90.0,50.0,50.0,,,none,,trust_weighted_fusion,at_goal,0,0,1.652,4.283,47.277,uav_1,4.283,False,False,False,False,True,1,"[{""id"": ""obstacle_0"", ""kind"": ""static_obstacle"", ""x"": 50.0, ""y"": 50.0, ""radius"": 5.0}]"
delayed_track_sharing,326,65.2,3,89.178,84.459,90.0,86.0,50.0,50.0,,,none,,trust_weighted_fusion,at_goal,0,0,1.746,2.784,47.176,uav_0,2.784,True,False,False,False,True,1,"[{""id"": ""obstacle_0"", ""kind"": ""static_obstacle"", ""x"": 50.0, ""y"": 50.0, ""radius"": 5.0}]"
delayed_track_sharing,327,65.4,0,92.299,84.646,94.0,90.0,50.0,50.0,,,false_negative+position_noise+confidence_error,,trust_weighted_fusion,avoidance,2,0,5.618,3.127,49.677,uav_3,3.127,True,False,False,False,False,1,"[{""id"": ""obstacle_0"", ""kind"": ""static_obstacle"", ""x"": 50.0, ""y"": 50.0, ""radius"": 5.0}]"
delayed_track_sharing,327,65.4,1,89.135,91.147,90.0,94.0,50.0,50.0,,,position_noise+confidence_error,,trust_weighted_fusion,move,3,0,2.981,4.594,51.786,uav_2,4.594,False,False,False,False,False,1,"[{""id"": ""obstacle_0"", ""kind"": ""static_obstacle"", ""x"": 50.0, ""y"": 50.0, ""radius"": 5.0}]"
delayed_track_sharing,327,65.4,2,85.41,88.457,86.0,90.0,50.0,50.0,,,none,,trust_weighted_fusion,at_goal,0,0,1.652,4.594,47.277,uav_1,4.594,False,False,False,False,True,1,"[{""id"": ""obstacle_0"", ""kind"": ""static_obstacle"", ""x"": 50.0, ""y"": 50.0, ""radius"": 5.0}]"
delayed_track_sharing,327,65.4,3,89.178,84.459,90.0,86.0,50.0,50.0,,,none,,trust_weighted_fusion,at_goal,0,0,1.746,3.127,47.176,uav_0,3.127,True,False,False,False,True,1,"[{""id"": ""obstacle_0"", ""kind"": ""static_obstacle"", ""x"": 50.0, ""y"": 50.0, ""radius"": 5.0}]"
delayed_track_sharing,328,65.6,0,92.421,85.027,94.0,90.0,50.0,50.0,,,position_noise+confidence_error,,trust_weighted_fusion,move,3,0,5.218,3.292,50.013,uav_3,3.292,True,False,False,False,False,1,"[{""id"": ""obstacle_0"", ""kind"": ""static_obstacle"", ""x"": 50.0, ""y"": 50.0, ""radius"": 5.0}]"
delayed_track_sharing,328,65.6,1,89.251,91.53,90.0,94.0,50.0,50.0,,,position_noise+confidence_error,,trust_weighted_fusion,move,3,0,2.581,4.919,52.143,uav_2,4.919,False,False,False,False,False,1,"[{""id"": ""obstacle_0"", ""kind"": ""static_obstacle"", ""x"": 50.0, ""y"": 50.0, ""radius"": 5.0}]"
delayed_track_sharing,328,65.6,2,85.41,88.457,86.0,90.0,50.0,50.0,,,none,,trust_weighted_fusion,at_goal,0,0,1.652,4.919,47.277,uav_1,4.919,False,False,False,False,True,1,"[{""id"": ""obstacle_0"", ""kind"": ""static_obstacle"", ""x"": 50.0, ""y"": 50.0, ""radius"": 5.0}]"
delayed_track_sharing,328,65.6,3,89.178,84.459,90.0,86.0,50.0,50.0,,,none,,trust_weighted_fusion,at_goal,0,0,1.746,3.292,47.176,uav_0,3.292,True,False,False,False,True,1,"[{""id"": ""obstacle_0"", ""kind"": ""static_obstacle"", ""x"": 50.0, ""y"": 50.0, ""radius"": 5.0}]"
delayed_track_sharing,329,65.8,0,92.542,85.408,94.0,90.0,50.0,50.0,,,position_noise+confidence_error,,trust_weighted_fusion,move,3,0,4.818,3.495,50.349,uav_3,3.495,True,False,False,False,False,1,"[{""id"": ""obstacle_0"", ""kind"": ""static_obstacle"", ""x"": 50.0, ""y"": 50.0, ""radius"": 5.0}]"
delayed_track_sharing,329,65.8,1,89.367,91.913,90.0,94.0,50.0,50.0,,,position_noise+confidence_error,,trust_weighted_fusion,move,3,0,2.181,5.253,52.502,uav_2,5.253,False,False,False,False,False,1,"[{""id"": ""obstacle_0"", ""kind"": ""static_obstacle"", ""x"": 50.0, ""y"": 50.0, ""radius"": 5.0}]"
delayed_track_sharing,329,65.8,2,85.41,88.457,86.0,90.0,50.0,50.0,,,none,,trust_weighted_fusion,at_goal,0,0,1.652,5.253,47.277,uav_1,5.253,False,False,False,False,True,1,"[{""id"": ""obstacle_0"", ""kind"": ""static_obstacle"", ""x"": 50.0, ""y"": 50.0, ""radius"": 5.0}]"
delayed_track_sharing,329,65.8,3,89.178,84.459,90.0,86.0,50.0,50.0,,,none,,trust_weighted_fusion,at_goal,0,0,1.746,3.495,47.176,uav_0,3.495,True,False,False,False,True,1,"[{""id"": ""obstacle_0"", ""kind"": ""static_obstacle"", ""x"": 50.0, ""y"": 50.0, ""radius"": 5.0}]"
delayed_track_sharing,330,66.0,0,92.663,85.789,94.0,90.0,50.0,50.0,,,position_noise+confidence_error,,trust_weighted_fusion,move,3,0,4.418,3.73,50.687,uav_3,3.73,False,False,False,False,False,1,"[{""id"": ""obstacle_0"", ""kind"": ""static_obstacle"", ""x"": 50.0, ""y"": 50.0, ""radius"": 5.0}]"
delayed_track_sharing,330,66.0,1,89.483,92.296,90.0,94.0,50.0,50.0,,,position_noise+confidence_error,,trust_weighted_fusion,move,3,0,1.781,5.597,52.86,uav_2,5.597,False,False,False,False,True,1,"[{""id"": ""obstacle_0"", ""kind"": ""static_obstacle"", ""x"": 50.0, ""y"": 50.0, ""radius"": 5.0}]"
delayed_track_sharing,330,66.0,2,85.41,88.457,86.0,90.0,50.0,50.0,,,none,,trust_weighted_fusion,at_goal,0,0,1.652,5.494,47.277,uav_3,5.494,False,False,False,False,True,1,"[{""id"": ""obstacle_0"", ""kind"": ""static_obstacle"", ""x"": 50.0, ""y"": 50.0, ""radius"": 5.0}]"
delayed_track_sharing,330,66.0,3,89.178,84.459,90.0,86.0,50.0,50.0,,,none,,trust_weighted_fusion,at_goal,0,0,1.746,3.73,47.176,uav_0,3.73,False,False,False,False,True,1,"[{""id"": ""obstacle_0"", ""kind"": ""static_obstacle"", ""x"": 50.0, ""y"": 50.0, ""radius"": 5.0}]"
delayed_track_sharing,331,66.2,0,92.784,86.171,94.0,90.0,50.0,50.0,,,position_noise+confidence_error,,trust_weighted_fusion,move,3,0,4.018,3.991,51.025,uav_3,3.991,False,False,False,False,False,1,"[{""id"": ""obstacle_0"", ""kind"": ""static_obstacle"", ""x"": 50.0, ""y"": 50.0, ""radius"": 5.0}]"
delayed_track_sharing,331,66.2,1,89.483,92.296,90.0,94.0,50.0,50.0,,,none,,trust_weighted_fusion,at_goal,0,0,1.781,5.597,52.86,uav_2,5.597,False,False,False,False,True,1,"[{""id"": ""obstacle_0"", ""kind"": ""static_obstacle"", ""x"": 50.0, ""y"": 50.0, ""radius"": 5.0}]"
delayed_track_sharing,331,66.2,2,85.41,88.457,86.0,90.0,50.0,50.0,,,none,,trust_weighted_fusion,at_goal,0,0,1.652,5.494,47.277,uav_3,5.494,False,False,False,False,True,1,"[{""id"": ""obstacle_0"", ""kind"": ""static_obstacle"", ""x"": 50.0, ""y"": 50.0, ""radius"": 5.0}]"
delayed_track_sharing,331,66.2,3,89.178,84.459,90.0,86.0,50.0,50.0,,,none,,trust_weighted_fusion,at_goal,0,0,1.746,3.991,47.176,uav_0,3.991,False,False,False,False,True,1,"[{""id"": ""obstacle_0"", ""kind"": ""static_obstacle"", ""x"": 50.0, ""y"": 50.0, ""radius"": 5.0}]"
delayed_track_sharing,332,66.4,0,92.905,86.552,94.0,90.0,50.0,50.0,,,false_negative+position_noise+confidence_error,,trust_weighted_fusion,move,2,0,3.618,4.274,51.364,uav_3,4.274,False,False,False,False,False,1,"[{""id"": ""obstacle_0"", ""kind"": ""static_obstacle"", ""x"": 50.0, ""y"": 50.0, ""radius"": 5.0}]"
delayed_track_sharing,332,66.4,1,89.483,92.296,90.0,94.0,50.0,50.0,,,none,,trust_weighted_fusion,at_goal,0,0,1.781,5.597,52.86,uav_2,5.597,False,False,False,False,True,1,"[{""id"": ""obstacle_0"", ""kind"": ""static_obstacle"", ""x"": 50.0, ""y"": 50.0, ""radius"": 5.0}]"
delayed_track_sharing,332,66.4,2,85.41,88.457,86.0,90.0,50.0,50.0,,,none,,trust_weighted_fusion,at_goal,0,0,1.652,5.494,47.277,uav_3,5.494,False,False,False,False,True,1,"[{""id"": ""obstacle_0"", ""kind"": ""static_obstacle"", ""x"": 50.0, ""y"": 50.0, ""radius"": 5.0}]"
delayed_track_sharing,332,66.4,3,89.178,84.459,90.0,86.0,50.0,50.0,,,none,,trust_weighted_fusion,at_goal,0,0,1.746,4.274,47.176,uav_0,4.274,False,False,False,False,True,1,"[{""id"": ""obstacle_0"", ""kind"": ""static_obstacle"", ""x"": 50.0, ""y"": 50.0, ""radius"": 5.0}]"
delayed_track_sharing,333,66.6,0,93.026,86.933,94.0,90.0,50.0,50.0,,,position_noise+confidence_error,,trust_weighted_fusion,move,3,0,3.218,4.575,51.703,uav_3,4.575,False,False,False,False,False,1,"[{""id"": ""obstacle_0"", ""kind"": ""static_obstacle"", ""x"": 50.0, ""y"": 50.0, ""radius"": 5.0}]"
delayed_track_sharing,333,66.6,1,89.483,92.296,90.0,94.0,50.0,50.0,,,none,,trust_weighted_fusion,at_goal,0,0,1.781,5.597,52.86,uav_2,5.597,False,False,False,False,True,1,"[{""id"": ""obstacle_0"", ""kind"": ""static_obstacle"", ""x"": 50.0, ""y"": 50.0, ""radius"": 5.0}]"
delayed_track_sharing,333,66.6,2,85.41,88.457,86.0,90.0,50.0,50.0,,,none,,trust_weighted_fusion,at_goal,0,0,1.652,5.494,47.277,uav_3,5.494,False,False,False,False,True,1,"[{""id"": ""obstacle_0"", ""kind"": ""static_obstacle"", ""x"": 50.0, ""y"": 50.0, ""radius"": 5.0}]"
delayed_track_sharing,333,66.6,3,89.178,84.459,90.0,86.0,50.0,50.0,,,none,,trust_weighted_fusion,at_goal,0,0,1.746,4.575,47.176,uav_0,4.575,False,False,False,False,True,1,"[{""id"": ""obstacle_0"", ""kind"": ""static_obstacle"", ""x"": 50.0, ""y"": 50.0, ""radius"": 5.0}]"
delayed_track_sharing,334,66.8,0,93.147,87.314,94.0,90.0,50.0,50.0,,,position_noise+confidence_error,,trust_weighted_fusion,move,3,0,2.818,4.889,52.044,uav_3,4.889,False,False,False,False,False,1,"[{""id"": ""obstacle_0"", ""kind"": ""static_obstacle"", ""x"": 50.0, ""y"": 50.0, ""radius"": 5.0}]"
delayed_track_sharing,334,66.8,1,89.483,92.296,90.0,94.0,50.0,50.0,,,none,,trust_weighted_fusion,at_goal,0,0,1.781,5.597,52.86,uav_2,5.597,False,False,False,False,True,1,"[{""id"": ""obstacle_0"", ""kind"": ""static_obstacle"", ""x"": 50.0, ""y"": 50.0, ""radius"": 5.0}]"
delayed_track_sharing,334,66.8,2,85.41,88.457,86.0,90.0,50.0,50.0,,,none,,trust_weighted_fusion,at_goal,0,0,1.652,5.494,47.277,uav_3,5.494,False,False,False,False,True,1,"[{""id"": ""obstacle_0"", ""kind"": ""static_obstacle"", ""x"": 50.0, ""y"": 50.0, ""radius"": 5.0}]"
delayed_track_sharing,334,66.8,3,89.178,84.459,90.0,86.0,50.0,50.0,,,none,,trust_weighted_fusion,at_goal,0,0,1.746,4.889,47.176,uav_0,4.889,False,False,False,False,True,1,"[{""id"": ""obstacle_0"", ""kind"": ""static_obstacle"", ""x"": 50.0, ""y"": 50.0, ""radius"": 5.0}]"
delayed_track_sharing,335,67.0,0,93.268,87.696,94.0,90.0,50.0,50.0,,,position_noise+confidence_error,,trust_weighted_fusion,move,3,0,2.418,5.216,52.385,uav_3,5.216,False,False,False,False,False,1,"[{""id"": ""obstacle_0"", ""kind"": ""static_obstacle"", ""x"": 50.0, ""y"": 50.0, ""radius"": 5.0}]"
delayed_track_sharing,335,67.0,1,89.483,92.296,90.0,94.0,50.0,50.0,,,none,,trust_weighted_fusion,at_goal,0,0,1.781,5.597,52.86,uav_2,5.597,False,False,False,False,True,1,"[{""id"": ""obstacle_0"", ""kind"": ""static_obstacle"", ""x"": 50.0, ""y"": 50.0, ""radius"": 5.0}]"
delayed_track_sharing,335,67.0,2,85.41,88.457,86.0,90.0,50.0,50.0,,,none,,trust_weighted_fusion,at_goal,0,0,1.652,5.494,47.277,uav_3,5.494,False,False,False,False,True,1,"[{""id"": ""obstacle_0"", ""kind"": ""static_obstacle"", ""x"": 50.0, ""y"": 50.0, ""radius"": 5.0}]"
delayed_track_sharing,335,67.0,3,89.178,84.459,90.0,86.0,50.0,50.0,,,none,,trust_weighted_fusion,at_goal,0,0,1.746,5.216,47.176,uav_0,5.216,False,False,False,False,True,1,"[{""id"": ""obstacle_0"", ""kind"": ""static_obstacle"", ""x"": 50.0, ""y"": 50.0, ""radius"": 5.0}]"
delayed_track_sharing,336,67.2,0,93.389,88.077,94.0,90.0,50.0,50.0,,,position_noise+confidence_error,,trust_weighted_fusion,move,3,0,2.018,5.552,52.727,uav_3,5.552,False,False,False,False,False,1,"[{""id"": ""obstacle_0"", ""kind"": ""static_obstacle"", ""x"": 50.0, ""y"": 50.0, ""radius"": 5.0}]"
delayed_track_sharing,336,67.2,1,89.483,92.296,90.0,94.0,50.0,50.0,,,none,,trust_weighted_fusion,at_goal,0,0,1.781,5.597,52.86,uav_2,5.597,False,False,False,False,True,1,"[{""id"": ""obstacle_0"", ""kind"": ""static_obstacle"", ""x"": 50.0, ""y"": 50.0, ""radius"": 5.0}]"
delayed_track_sharing,336,67.2,2,85.41,88.457,86.0,90.0,50.0,50.0,,,none,,trust_weighted_fusion,at_goal,0,0,1.652,5.494,47.277,uav_3,5.494,False,False,False,False,True,1,"[{""id"": ""obstacle_0"", ""kind"": ""static_obstacle"", ""x"": 50.0, ""y"": 50.0, ""radius"": 5.0}]"
delayed_track_sharing,336,67.2,3,89.178,84.459,90.0,86.0,50.0,50.0,,,none,,trust_weighted_fusion,at_goal,0,0,1.746,5.494,47.176,uav_2,5.494,False,False,False,False,True,1,"[{""id"": ""obstacle_0"", ""kind"": ""static_obstacle"", ""x"": 50.0, ""y"": 50.0, ""radius"": 5.0}]"
delayed_track_sharing,337,67.4,0,93.51,88.458,94.0,90.0,50.0,50.0,,,position_noise+confidence_error,,trust_weighted_fusion,move,3,0,1.618,5.563,53.07,uav_1,5.563,False,False,False,True,True,1,"[{""id"": ""obstacle_0"", ""kind"": ""static_obstacle"", ""x"": 50.0, ""y"": 50.0, ""radius"": 5.0}]"
delayed_track_sharing,337,67.4,1,89.483,92.296,90.0,94.0,50.0,50.0,,,none,,trust_weighted_fusion,at_goal,0,0,1.781,5.563,52.86,uav_0,5.563,False,False,False,True,True,1,"[{""id"": ""obstacle_0"", ""kind"": ""static_obstacle"", ""x"": 50.0, ""y"": 50.0, ""radius"": 5.0}]"
delayed_track_sharing,337,67.4,2,85.41,88.457,86.0,90.0,50.0,50.0,,,none,,trust_weighted_fusion,at_goal,0,0,1.652,5.494,47.277,uav_3,5.494,False,False,False,True,True,1,"[{""id"": ""obstacle_0"", ""kind"": ""static_obstacle"", ""x"": 50.0, ""y"": 50.0, ""radius"": 5.0}]"
delayed_track_sharing,337,67.4,3,89.178,84.459,90.0,86.0,50.0,50.0,,,none,,trust_weighted_fusion,at_goal,0,0,1.746,5.494,47.176,uav_2,5.494,False,False,False,True,True,1,"[{""id"": ""obstacle_0"", ""kind"": ""static_obstacle"", ""x"": 50.0, ""y"": 50.0, ""radius"": 5.0}]"
