scenario,step,time_s,uav_id,uav_pos_x,uav_pos_y,goal_pos_x,goal_pos_y,actual_obstacle_x,actual_obstacle_y,perceived_obstacle_x,perceived_obstacle_y,perception_error_type,confidence_value,fusion_mode,action_taken,num_perceived_detections,num_phantom_detections,dist_to_goal,distance_to_nearest_uav,distance_to_obstacle,nearest_entity_type,nearest_entity_distance,collision_risk_flag,unnecessary_avoidance_flag,missed_response_flag,mission_completed_flag,reached_goal,num_active_entities,active_entities_json
overconfident_faulty_sensor,0,0.0,0,5.289,5.276,94.0,90.0,50.0,50.0,,,position_noise+latency+confidence_error,,confidence_weighted_fusion,move,0,0,122.669,9.967,58.24,uav_2,9.967,False,False,False,False,False,1,"[{""id"": ""obstacle_0"", ""kind"": ""static_obstacle"", ""x"": 50.0, ""y"": 50.0, ""radius"": 5.0}]"
overconfident_faulty_sensor,0,0.0,1,5.293,15.272,90.0,94.0,50.0,50.0,,,false_positive+false_negative+position_noise+latency+confidence_error,,confidence_weighted_fusion,move,0,0,115.643,9.996,51.61,uav_0,9.996,False,False,False,False,False,1,"[{""id"": ""obstacle_0"", ""kind"": ""static_obstacle"", ""x"": 50.0, ""y"": 50.0, ""radius"": 5.0}]"
overconfident_faulty_sensor,0,0.0,2,15.256,5.307,86.0,90.0,50.0,50.0,,,position_noise+latency+confidence_error,,confidence_weighted_fusion,move,0,0,110.352,9.967,51.609,uav_0,9.967,False,False,False,False,False,1,"[{""id"": ""obstacle_0"", ""kind"": ""static_obstacle"", ""x"": 50.0, ""y"": 50.0, ""radius"": 5.0}]"
overconfident_faulty_sensor,0,0.0,3,15.29,15.275,90.0,86.0,50.0,50.0,,,position_noise+latency+confidence_error,,confidence_weighted_fusion,move,0,0,102.876,9.968,44.098,uav_2,9.968,False,False,False,False,False,1,"[{""id"": ""obstacle_0"", ""kind"": ""static_obstacle"", ""x"": 50.0, ""y"": 50.0, ""radius"": 5.0}]"
overconfident_faulty_sensor,1,0.2,0,5.579,5.553,94.0,90.0,50.0,50.0,,,false_positive+false_negative+position_noise+latency+confidence_error,,confidence_weighted_fusion,move,0,0,122.269,9.935,57.84,uav_2,9.935,False,False,False,False,False,1,"[{""id"": ""obstacle_0"", ""kind"": ""static_obstacle"", ""x"": 50.0, ""y"": 50.0, ""radius"": 5.0}]"
overconfident_faulty_sensor,1,0.2,1,5.586,15.545,90.0,94.0,50.0,50.0,,,position_noise+latency+confidence_error,,confidence_weighted_fusion,move,0,0,115.243,9.992,51.212,uav_0,9.992,False,False,False,False,False,1,"[{""id"": ""obstacle_0"", ""kind"": ""static_obstacle"", ""x"": 50.0, ""y"": 50.0, ""radius"": 5.0}]"
overconfident_faulty_sensor,1,0.2,2,15.513,5.614,86.0,90.0,50.0,50.0,,,position_noise+latency+confidence_error,,confidence_weighted_fusion,move,0,0,109.952,9.935,51.209,uav_0,9.935,False,False,False,False,False,1,"[{""id"": ""obstacle_0"", ""kind"": ""static_obstacle"", ""x"": 50.0, ""y"": 50.0, ""radius"": 5.0}]"
overconfident_faulty_sensor,1,0.2,3,15.581,15.55,90.0,86.0,50.0,50.0,,,false_negative+position_noise+latency+confidence_error,,confidence_weighted_fusion,move,0,0,102.476,9.936,43.698,uav_2,9.936,False,False,False,False,False,1,"[{""id"": ""obstacle_0"", ""kind"": ""static_obstacle"", ""x"": 50.0, ""y"": 50.0, ""radius"": 5.0}]"
overconfident_faulty_sensor,2,0.4,0,5.868,5.829,94.0,90.0,50.0,50.0,,,false_negative+position_noise+latency+confidence_error,,confidence_weighted_fusion,move,0,0,121.869,9.902,57.44,uav_2,9.902,False,False,False,False,False,1,"[{""id"": ""obstacle_0"", ""kind"": ""static_obstacle"", ""x"": 50.0, ""y"": 50.0, ""radius"": 5.0}]"
overconfident_faulty_sensor,2,0.4,1,5.879,15.817,90.0,94.0,50.0,50.0,,,position_noise+latency+confidence_error,,confidence_weighted_fusion,move,0,0,114.843,9.988,50.813,uav_0,9.988,False,False,False,False,False,1,"[{""id"": ""obstacle_0"", ""kind"": ""static_obstacle"", ""x"": 50.0, ""y"": 50.0, ""radius"": 5.0}]"
overconfident_faulty_sensor,2,0.4,2,15.769,5.921,86.0,90.0,50.0,50.0,,,dropout+latency+confidence_error,,confidence_weighted_fusion,move,0,0,109.552,9.902,50.81,uav_0,9.902,False,False,False,False,False,1,"[{""id"": ""obstacle_0"", ""kind"": ""static_obstacle"", ""x"": 50.0, ""y"": 50.0, ""radius"": 5.0}]"
overconfident_faulty_sensor,2,0.4,3,15.871,15.825,90.0,86.0,50.0,50.0,,,position_noise+latency+confidence_error,,confidence_weighted_fusion,move,0,0,102.076,9.905,43.298,uav_2,9.905,False,False,False,False,False,1,"[{""id"": ""obstacle_0"", ""kind"": ""static_obstacle"", ""x"": 50.0, ""y"": 50.0, ""radius"": 5.0}]"
overconfident_faulty_sensor,3,0.6,0,6.157,6.105,94.0,90.0,50.0,50.0,,,false_negative+position_noise+latency+confidence_error,,confidence_weighted_fusion,move,3,0,121.469,9.869,57.04,uav_2,9.869,False,False,False,False,False,1,"[{""id"": ""obstacle_0"", ""kind"": ""static_obstacle"", ""x"": 50.0, ""y"": 50.0, ""radius"": 5.0}]"
overconfident_faulty_sensor,3,0.6,1,5.766,16.201,90.0,94.0,50.0,50.0,,,position_noise+latency+confidence_error,,confidence_weighted_fusion,false_avoidance,3,1,114.666,10.103,50.669,uav_0,10.103,False,True,False,False,False,1,"[{""id"": ""obstacle_0"", ""kind"": ""static_obstacle"", ""x"": 50.0, ""y"": 50.0, ""radius"": 5.0}]"
overconfident_faulty_sensor,3,0.6,2,16.026,6.228,86.0,90.0,50.0,50.0,,,dropout+latency+confidence_error,,confidence_weighted_fusion,move,3,0,109.152,9.869,50.41,uav_0,9.869,False,False,False,False,False,1,"[{""id"": ""obstacle_0"", ""kind"": ""static_obstacle"", ""x"": 50.0, ""y"": 50.0, ""radius"": 5.0}]"
overconfident_faulty_sensor,3,0.6,3,16.162,16.1,90.0,86.0,50.0,50.0,,,false_negative+position_noise+latency+confidence_error,,confidence_weighted_fusion,move,3,0,101.676,9.873,42.898,uav_2,9.873,False,False,False,False,False,1,"[{""id"": ""obstacle_0"", ""kind"": ""static_obstacle"", ""x"": 50.0, ""y"": 50.0, ""radius"": 5.0}]"
overconfident_faulty_sensor,4,0.8,0,6.5,5.9,94.0,90.0,50.0,50.0,,,false_positive+position_noise+latency+confidence_error,,confidence_weighted_fusion,false_avoidance,3,1,121.363,9.802,56.944,uav_2,9.802,False,True,False,False,False,1,"[{""id"": ""obstacle_0"", ""kind"": ""static_obstacle"", ""x"": 50.0, ""y"": 50.0, ""radius"": 5.0}]"
overconfident_faulty_sensor,4,0.8,1,6.059,16.472,90.0,94.0,50.0,50.0,,,position_noise+latency+confidence_error,,confidence_weighted_fusion,move,3,0,114.266,10.393,50.271,uav_3,10.393,False,False,False,False,False,1,"[{""id"": ""obstacle_0"", ""kind"": ""static_obstacle"", ""x"": 50.0, ""y"": 50.0, ""radius"": 5.0}]"
overconfident_faulty_sensor,4,0.8,2,16.282,6.535,86.0,90.0,50.0,50.0,,,dropout+latency+confidence_error,,confidence_weighted_fusion,move,3,0,108.752,9.802,50.01,uav_0,9.802,False,False,False,False,False,1,"[{""id"": ""obstacle_0"", ""kind"": ""static_obstacle"", ""x"": 50.0, ""y"": 50.0, ""radius"": 5.0}]"
overconfident_faulty_sensor,4,0.8,3,16.452,16.375,90.0,86.0,50.0,50.0,,,position_noise+latency+confidence_error,,confidence_weighted_fusion,move,2,0,101.276,9.841,42.498,uav_2,9.841,False,False,False,False,False,1,"[{""id"": ""obstacle_0"", ""kind"": ""static_obstacle"", ""x"": 50.0, ""y"": 50.0, ""radius"": 5.0}]"
overconfident_faulty_sensor,5,1.0,0,6.789,6.177,94.0,90.0,50.0,50.0,,,position_noise+latency+confidence_error,,confidence_weighted_fusion,move,2,0,120.963,9.772,56.544,uav_2,9.772,False,False,False,False,False,1,"[{""id"": ""obstacle_0"", ""kind"": ""static_obstacle"", ""x"": 50.0, ""y"": 50.0, ""radius"": 5.0}]"
overconfident_faulty_sensor,5,1.0,1,6.353,16.743,90.0,94.0,50.0,50.0,,,false_negative+position_noise+latency+confidence_error,,confidence_weighted_fusion,move,3,0,113.866,10.39,49.873,uav_3,10.39,False,False,False,False,False,1,"[{""id"": ""obstacle_0"", ""kind"": ""static_obstacle"", ""x"": 50.0, ""y"": 50.0, ""radius"": 5.0}]"
overconfident_faulty_sensor,5,1.0,2,16.539,6.842,86.0,90.0,50.0,50.0,,,dropout+latency+confidence_error,,confidence_weighted_fusion,move,0,0,108.352,9.772,49.61,uav_0,9.772,False,False,False,False,False,1,"[{""id"": ""obstacle_0"", ""kind"": ""static_obstacle"", ""x"": 50.0, ""y"": 50.0, ""radius"": 5.0}]"
overconfident_faulty_sensor,5,1.0,3,16.743,16.65,90.0,86.0,50.0,50.0,,,false_negative+position_noise+latency+confidence_error,,confidence_weighted_fusion,move,3,0,100.876,9.81,42.098,uav_2,9.81,False,False,False,False,False,1,"[{""id"": ""obstacle_0"", ""kind"": ""static_obstacle"", ""x"": 50.0, ""y"": 50.0, ""radius"": 5.0}]"
overconfident_faulty_sensor,6,1.2,0,7.077,6.454,94.0,90.0,50.0,50.0,,,position_noise+latency+confidence_error,,confidence_weighted_fusion,move,2,0,120.563,9.743,56.144,uav_2,9.743,False,False,False,False,False,1,"[{""id"": ""obstacle_0"", ""kind"": ""static_obstacle"", ""x"": 50.0, ""y"": 50.0, ""radius"": 5.0}]"
overconfident_faulty_sensor,6,1.2,1,6.647,17.015,90.0,94.0,50.0,50.0,,,false_negative+position_noise+latency+confidence_error,,confidence_weighted_fusion,move,3,0,113.466,10.387,49.475,uav_3,10.387,False,False,False,False,False,1,"[{""id"": ""obstacle_0"", ""kind"": ""static_obstacle"", ""x"": 50.0, ""y"": 50.0, ""radius"": 5.0}]"
overconfident_faulty_sensor,6,1.2,2,16.795,7.149,86.0,90.0,50.0,50.0,,,dropout+latency+confidence_error,,confidence_weighted_fusion,move,0,0,107.952,9.743,49.211,uav_0,9.743,False,False,False,False,False,1,"[{""id"": ""obstacle_0"", ""kind"": ""static_obstacle"", ""x"": 50.0, ""y"": 50.0, ""radius"": 5.0}]"
overconfident_faulty_sensor,6,1.2,3,17.033,16.925,90.0,86.0,50.0,50.0,,,false_negative+position_noise+latency+confidence_error,,confidence_weighted_fusion,move,2,0,100.476,9.779,41.699,uav_2,9.779,False,False,False,False,False,1,"[{""id"": ""obstacle_0"", ""kind"": ""static_obstacle"", ""x"": 50.0, ""y"": 50.0, ""radius"": 5.0}]"
overconfident_faulty_sensor,7,1.4,0,7.211,6.831,94.0,90.0,50.0,50.0,,,position_noise+latency+confidence_error,,confidence_weighted_fusion,false_avoidance,4,1,120.205,9.86,55.782,uav_2,9.86,False,True,False,False,False,1,"[{""id"": ""obstacle_0"", ""kind"": ""static_obstacle"", ""x"": 50.0, ""y"": 50.0, ""radius"": 5.0}]"
overconfident_faulty_sensor,7,1.4,1,6.941,17.286,90.0,94.0,50.0,50.0,,,position_noise+latency+confidence_error,,confidence_weighted_fusion,move,3,0,113.066,10.383,49.077,uav_3,10.383,False,False,False,False,False,1,"[{""id"": ""obstacle_0"", ""kind"": ""static_obstacle"", ""x"": 50.0, ""y"": 50.0, ""radius"": 5.0}]"
overconfident_faulty_sensor,7,1.4,2,17.051,7.456,86.0,90.0,50.0,50.0,,,position_noise+latency+confidence_error,,confidence_weighted_fusion,move,0,0,107.552,9.748,48.811,uav_3,9.748,False,False,False,False,False,1,"[{""id"": ""obstacle_0"", ""kind"": ""static_obstacle"", ""x"": 50.0, ""y"": 50.0, ""radius"": 5.0}]"
overconfident_faulty_sensor,7,1.4,3,17.324,17.2,90.0,86.0,50.0,50.0,,,position_noise+latency+confidence_error,,confidence_weighted_fusion,move,3,0,100.076,9.748,41.299,uav_2,9.748,False,False,False,False,False,1,"[{""id"": ""obstacle_0"", ""kind"": ""static_obstacle"", ""x"": 50.0, ""y"": 50.0, ""radius"": 5.0}]"
overconfident_faulty_sensor,8,1.6,0,7.5,7.108,94.0,90.0,50.0,50.0,,,position_noise+latency+confidence_error,,confidence_weighted_fusion,move,3,0,119.805,9.83,55.382,uav_2,9.83,False,False,False,False,False,1,"[{""id"": ""obstacle_0"", ""kind"": ""static_obstacle"", ""x"": 50.0, ""y"": 50.0, ""radius"": 5.0}]"
overconfident_faulty_sensor,8,1.6,1,7.235,17.558,90.0,94.0,50.0,50.0,,,dropout+latency+confidence_error,,confidence_weighted_fusion,move,2,0,112.666,10.38,48.678,uav_3,10.38,False,False,False,False,False,1,"[{""id"": ""obstacle_0"", ""kind"": ""static_obstacle"", ""x"": 50.0, ""y"": 50.0, ""radius"": 5.0}]"
overconfident_faulty_sensor,8,1.6,2,17.308,7.763,86.0,90.0,50.0,50.0,,,position_noise+latency+confidence_error,,confidence_weighted_fusion,move,0,0,107.152,9.717,48.411,uav_3,9.717,False,False,False,False,False,1,"[{""id"": ""obstacle_0"", ""kind"": ""static_obstacle"", ""x"": 50.0, ""y"": 50.0, ""radius"": 5.0}]"
overconfident_faulty_sensor,8,1.6,3,17.614,17.475,90.0,86.0,50.0,50.0,,,position_noise+latency+confidence_error,,confidence_weighted_fusion,move,2,0,99.676,9.717,40.899,uav_2,9.717,False,False,False,False,False,1,"[{""id"": ""obstacle_0"", ""kind"": ""static_obstacle"", ""x"": 50.0, ""y"": 50.0, ""radius"": 5.0}]"
overconfident_faulty_sensor,9,1.8,0,7.789,7.384,94.0,90.0,50.0,50.0,,,position_noise+latency+confidence_error,,confidence_weighted_fusion,move,3,0,119.405,9.799,54.982,uav_2,9.799,False,False,False,False,False,1,"[{""id"": ""obstacle_0"", ""kind"": ""static_obstacle"", ""x"": 50.0, ""y"": 50.0, ""radius"": 5.0}]"
overconfident_faulty_sensor,9,1.8,1,7.529,17.829,90.0,94.0,50.0,50.0,,,dropout+latency+confidence_error,,confidence_weighted_fusion,move,2,0,112.266,10.376,48.28,uav_3,10.376,False,False,False,False,False,1,"[{""id"": ""obstacle_0"", ""kind"": ""static_obstacle"", ""x"": 50.0, ""y"": 50.0, ""radius"": 5.0}]"
overconfident_faulty_sensor,9,1.8,2,17.564,8.07,86.0,90.0,50.0,50.0,,,false_negative+position_noise+latency+confidence_error,,confidence_weighted_fusion,move,0,0,106.752,9.686,48.011,uav_3,9.686,False,False,False,False,False,1,"[{""id"": ""obstacle_0"", ""kind"": ""static_obstacle"", ""x"": 50.0, ""y"": 50.0, ""radius"": 5.0}]"
overconfident_faulty_sensor,9,1.8,3,17.905,17.75,90.0,86.0,50.0,50.0,,,false_negative+position_noise+latency+confidence_error,,confidence_weighted_fusion,move,2,0,99.276,9.686,40.499,uav_2,9.686,False,False,False,False,False,1,"[{""id"": ""obstacle_0"", ""kind"": ""static_obstacle"", ""x"": 50.0, ""y"": 50.0, ""radius"": 5.0}]"
overconfident_faulty_sensor,10,2.0,0,8.078,7.661,94.0,90.0,50.0,50.0,,,position_noise+latency+confidence_error,,confidence_weighted_fusion,move,3,0,119.005,9.769,54.582,uav_2,9.769,False,False,False,False,False,1,"[{""id"": ""obstacle_0"", ""kind"": ""static_obstacle"", ""x"": 50.0, ""y"": 50.0, ""radius"": 5.0}]"
overconfident_faulty_sensor,10,2.0,1,7.823,18.1,90.0,94.0,50.0,50.0,,,dropout+latency+confidence_error,,confidence_weighted_fusion,move,3,0,111.866,10.373,47.882,uav_3,10.373,False,False,False,False,False,1,"[{""id"": ""obstacle_0"", ""kind"": ""static_obstacle"", ""x"": 50.0, ""y"": 50.0, ""radius"": 5.0}]"
overconfident_faulty_sensor,10,2.0,2,17.821,8.377,86.0,90.0,50.0,50.0,,,position_noise+latency+confidence_error,,confidence_weighted_fusion,move,3,0,106.352,9.655,47.612,uav_3,9.655,False,False,False,False,False,1,"[{""id"": ""obstacle_0"", ""kind"": ""static_obstacle"", ""x"": 50.0, ""y"": 50.0, ""radius"": 5.0}]"
overconfident_faulty_sensor,10,2.0,3,18.195,18.025,90.0,86.0,50.0,50.0,,,position_noise+latency+confidence_error,,confidence_weighted_fusion,move,3,0,98.876,9.655,40.099,uav_2,9.655,False,False,False,False,False,1,"[{""id"": ""obstacle_0"", ""kind"": ""static_obstacle"", ""x"": 50.0, ""y"": 50.0, ""radius"": 5.0}]"
overconfident_faulty_sensor,11,2.2,0,8.367,7.938,94.0,90.0,50.0,50.0,,,position_noise+latency+confidence_error,,confidence_weighted_fusion,move,3,0,118.605,9.739,54.182,uav_2,9.739,False,False,False,False,False,1,"[{""id"": ""obstacle_0"", ""kind"": ""static_obstacle"", ""x"": 50.0, ""y"": 50.0, ""radius"": 5.0}]"
overconfident_faulty_sensor,11,2.2,1,8.116,18.372,90.0,94.0,50.0,50.0,,,dropout+latency+confidence_error,,confidence_weighted_fusion,move,0,0,111.466,10.37,47.484,uav_3,10.37,False,False,False,False,False,1,"[{""id"": ""obstacle_0"", ""kind"": ""static_obstacle"", ""x"": 50.0, ""y"": 50.0, ""radius"": 5.0}]"
overconfident_faulty_sensor,11,2.2,2,18.077,8.684,86.0,90.0,50.0,50.0,,,false_negative+position_noise+latency+confidence_error,,confidence_weighted_fusion,move,3,0,105.952,9.625,47.212,uav_3,9.625,False,False,False,False,False,1,"[{""id"": ""obstacle_0"", ""kind"": ""static_obstacle"", ""x"": 50.0, ""y"": 50.0, ""radius"": 5.0}]"
overconfident_faulty_sensor,11,2.2,3,18.486,18.3,90.0,86.0,50.0,50.0,,,position_noise+latency+confidence_error,,confidence_weighted_fusion,move,3,0,98.476,9.625,39.699,uav_2,9.625,False,False,False,False,False,1,"[{""id"": ""obstacle_0"", ""kind"": ""static_obstacle"", ""x"": 50.0, ""y"": 50.0, ""radius"": 5.0}]"
overconfident_faulty_sensor,12,2.4,0,8.655,8.215,94.0,90.0,50.0,50.0,,,position_noise+latency+confidence_error,,confidence_weighted_fusion,move,3,0,118.205,9.709,53.783,uav_2,9.709,False,False,False,False,False,1,"[{""id"": ""obstacle_0"", ""kind"": ""static_obstacle"", ""x"": 50.0, ""y"": 50.0, ""radius"": 5.0}]"
overconfident_faulty_sensor,12,2.4,1,8.41,18.643,90.0,94.0,50.0,50.0,,,dropout+latency+confidence_error,,confidence_weighted_fusion,move,0,0,111.066,10.366,47.086,uav_3,10.366,False,False,False,False,False,1,"[{""id"": ""obstacle_0"", ""kind"": ""static_obstacle"", ""x"": 50.0, ""y"": 50.0, ""radius"": 5.0}]"
overconfident_faulty_sensor,12,2.4,2,18.334,8.991,86.0,90.0,50.0,50.0,,,position_noise+latency+confidence_error,,confidence_weighted_fusion,move,2,0,105.552,9.594,46.812,uav_3,9.594,False,False,False,False,False,1,"[{""id"": ""obstacle_0"", ""kind"": ""static_obstacle"", ""x"": 50.0, ""y"": 50.0, ""radius"": 5.0}]"
overconfident_faulty_sensor,12,2.4,3,18.776,18.575,90.0,86.0,50.0,50.0,,,false_positive+false_negative+position_noise+latency+confidence_error,,confidence_weighted_fusion,move,2,0,98.076,9.594,39.3,uav_2,9.594,False,False,False,False,False,1,"[{""id"": ""obstacle_0"", ""kind"": ""static_obstacle"", ""x"": 50.0, ""y"": 50.0, ""radius"": 5.0}]"
overconfident_faulty_sensor,13,2.6,0,8.944,8.492,94.0,90.0,50.0,50.0,,,dropout+latency+confidence_error,,confidence_weighted_fusion,move,3,0,117.805,9.679,53.383,uav_2,9.679,False,False,False,False,False,1,"[{""id"": ""obstacle_0"", ""kind"": ""static_obstacle"", ""x"": 50.0, ""y"": 50.0, ""radius"": 5.0}]"
overconfident_faulty_sensor,13,2.6,1,8.704,18.915,90.0,94.0,50.0,50.0,,,false_negative+position_noise+latency+confidence_error,,confidence_weighted_fusion,move,0,0,110.666,10.363,46.688,uav_3,10.363,False,False,False,False,False,1,"[{""id"": ""obstacle_0"", ""kind"": ""static_obstacle"", ""x"": 50.0, ""y"": 50.0, ""radius"": 5.0}]"
overconfident_faulty_sensor,13,2.6,2,18.59,9.298,86.0,90.0,50.0,50.0,,,position_noise+latency+confidence_error,,confidence_weighted_fusion,move,3,0,105.152,9.564,46.413,uav_3,9.564,False,False,False,False,False,1,"[{""id"": ""obstacle_0"", ""kind"": ""static_obstacle"", ""x"": 50.0, ""y"": 50.0, ""radius"": 5.0}]"
overconfident_faulty_sensor,13,2.6,3,19.067,18.85,90.0,86.0,50.0,50.0,,,position_noise+latency+confidence_error,,confidence_weighted_fusion,move,3,0,97.676,9.564,38.9,uav_2,9.564,False,False,False,False,False,1,"[{""id"": ""obstacle_0"", ""kind"": ""static_obstacle"", ""x"": 50.0, ""y"": 50.0, ""radius"": 5.0}]"
overconfident_faulty_sensor,14,2.8,0,9.233,8.768,94.0,90.0,50.0,50.0,,,dropout+latency+confidence_error,,confidence_weighted_fusion,move,3,0,117.405,9.65,52.983,uav_2,9.65,False,False,False,False,False,1,"[{""id"": ""obstacle_0"", ""kind"": ""static_obstacle"", ""x"": 50.0, ""y"": 50.0, ""radius"": 5.0}]"
overconfident_faulty_sensor,14,2.8,1,8.998,19.186,90.0,94.0,50.0,50.0,,,false_negative+position_noise+latency+confidence_error,,confidence_weighted_fusion,move,0,0,110.266,10.359,46.29,uav_3,10.359,False,False,False,False,False,1,"[{""id"": ""obstacle_0"", ""kind"": ""static_obstacle"", ""x"": 50.0, ""y"": 50.0, ""radius"": 5.0}]"
overconfident_faulty_sensor,14,2.8,2,18.846,9.605,86.0,90.0,50.0,50.0,,,position_noise+latency+confidence_error,,confidence_weighted_fusion,move,1,0,104.752,9.534,46.013,uav_3,9.534,False,False,False,False,False,1,"[{""id"": ""obstacle_0"", ""kind"": ""static_obstacle"", ""x"": 50.0, ""y"": 50.0, ""radius"": 5.0}]"
overconfident_faulty_sensor,14,2.8,3,19.357,19.125,90.0,86.0,50.0,50.0,,,position_noise+latency+confidence_error,,confidence_weighted_fusion,move,3,0,97.276,9.534,38.5,uav_2,9.534,False,False,False,False,False,1,"[{""id"": ""obstacle_0"", ""kind"": ""static_obstacle"", ""x"": 50.0, ""y"": 50.0, ""radius"": 5.0}]"
overconfident_faulty_sensor,15,3.0,0,9.522,9.045,94.0,90.0,50.0,50.0,,,dropout+latency+confidence_error,,confidence_weighted_fusion,move,3,0,117.005,9.62,52.583,uav_2,9.62,False,False,False,False,False,1,"[{""id"": ""obstacle_0"", ""kind"": ""static_obstacle"", ""x"": 50.0, ""y"": 50.0, ""radius"": 5.0}]"
overconfident_faulty_sensor,15,3.0,1,9.292,19.457,90.0,94.0,50.0,50.0,,,false_negative+position_noise+latency+confidence_error,,confidence_weighted_fusion,move,0,0,109.866,9.895,45.892,uav_3,9.895,False,False,False,False,False,1,"[{""id"": ""obstacle_0"", ""kind"": ""static_obstacle"", ""x"": 50.0, ""y"": 50.0, ""radius"": 5.0}]"
overconfident_faulty_sensor,15,3.0,2,19.103,9.912,86.0,90.0,50.0,50.0,,,position_noise+latency+confidence_error,,confidence_weighted_fusion,move,3,0,104.352,9.575,45.613,uav_3,9.575,False,False,False,False,False,1,"[{""id"": ""obstacle_0"", ""kind"": ""static_obstacle"", ""x"": 50.0, ""y"": 50.0, ""radius"": 5.0}]"
overconfident_faulty_sensor,15,3.0,3,19.187,19.487,90.0,86.0,50.0,50.0,,,false_negative+position_noise+latency+confidence_error,,confidence_weighted_fusion,false_avoidance,3,1,97.152,9.575,38.365,uav_2,9.575,False,True,False,False,False,1,"[{""id"": ""obstacle_0"", ""kind"": ""static_obstacle"", ""x"": 50.0, ""y"": 50.0, ""radius"": 5.0}]"
overconfident_faulty_sensor,16,3.2,0,9.811,9.322,94.0,90.0,50.0,50.0,,,dropout+latency+confidence_error,,confidence_weighted_fusion,move,0,0,116.605,9.591,52.183,uav_2,9.591,False,False,False,False,False,1,"[{""id"": ""obstacle_0"", ""kind"": ""static_obstacle"", ""x"": 50.0, ""y"": 50.0, ""radius"": 5.0}]"
overconfident_faulty_sensor,16,3.2,1,9.586,19.729,90.0,94.0,50.0,50.0,,,position_noise+latency+confidence_error,,confidence_weighted_fusion,move,2,0,109.466,9.893,45.494,uav_3,9.893,False,False,False,False,False,1,"[{""id"": ""obstacle_0"", ""kind"": ""static_obstacle"", ""x"": 50.0, ""y"": 50.0, ""radius"": 5.0}]"
overconfident_faulty_sensor,16,3.2,2,19.359,10.219,86.0,90.0,50.0,50.0,,,false_positive+position_noise+latency+confidence_error,,confidence_weighted_fusion,move,3,0,103.952,9.542,45.213,uav_3,9.542,False,False,False,False,False,1,"[{""id"": ""obstacle_0"", ""kind"": ""static_obstacle"", ""x"": 50.0, ""y"": 50.0, ""radius"": 5.0}]"
overconfident_faulty_sensor,16,3.2,3,19.478,19.761,90.0,86.0,50.0,50.0,,,position_noise+latency+confidence_error,,confidence_weighted_fusion,move,3,0,96.752,9.542,37.965,uav_2,9.542,False,False,False,False,False,1,"[{""id"": ""obstacle_0"", ""kind"": ""static_obstacle"", ""x"": 50.0, ""y"": 50.0, ""radius"": 5.0}]"
overconfident_faulty_sensor,17,3.4,0,10.099,9.599,94.0,90.0,50.0,50.0,,,dropout+latency+confidence_error,,confidence_weighted_fusion,move,0,0,116.205,9.561,51.783,uav_2,9.561,False,False,False,False,False,1,"[{""id"": ""obstacle_0"", ""kind"": ""static_obstacle"", ""x"": 50.0, ""y"": 50.0, ""radius"": 5.0}]"
overconfident_faulty_sensor,17,3.4,1,9.879,20.0,90.0,94.0,50.0,50.0,,,false_positive+position_noise+latency+confidence_error,,confidence_weighted_fusion,move,2,0,109.066,9.891,45.096,uav_3,9.891,False,False,False,False,False,1,"[{""id"": ""obstacle_0"", ""kind"": ""static_obstacle"", ""x"": 50.0, ""y"": 50.0, ""radius"": 5.0}]"
overconfident_faulty_sensor,17,3.4,2,19.616,10.526,86.0,90.0,50.0,50.0,,,false_negative+position_noise+latency+confidence_error,,confidence_weighted_fusion,move,3,0,103.552,9.51,44.814,uav_3,9.51,False,False,False,False,False,1,"[{""id"": ""obstacle_0"", ""kind"": ""static_obstacle"", ""x"": 50.0, ""y"": 50.0, ""radius"": 5.0}]"
overconfident_faulty_sensor,17,3.4,3,19.77,20.034,90.0,86.0,50.0,50.0,,,position_noise+latency+confidence_error,,confidence_weighted_fusion,move,3,0,96.352,9.51,37.565,uav_2,9.51,False,False,False,False,False,1,"[{""id"": ""obstacle_0"", ""kind"": ""static_obstacle"", ""x"": 50.0, ""y"": 50.0, ""radius"": 5.0}]"
overconfident_faulty_sensor,18,3.6,0,10.388,9.875,94.0,90.0,50.0,50.0,,,position_noise+latency+confidence_error,,confidence_weighted_fusion,move,0,0,115.805,9.532,51.383,uav_2,9.532,False,False,False,False,False,1,"[{""id"": ""obstacle_0"", ""kind"": ""static_obstacle"", ""x"": 50.0, ""y"": 50.0, ""radius"": 5.0}]"
overconfident_faulty_sensor,18,3.6,1,10.173,20.271,90.0,94.0,50.0,50.0,,,false_negative+position_noise+latency+confidence_error,,confidence_weighted_fusion,move,2,0,108.666,9.888,44.699,uav_3,9.888,False,False,False,False,False,1,"[{""id"": ""obstacle_0"", ""kind"": ""static_obstacle"", ""x"": 50.0, ""y"": 50.0, ""radius"": 5.0}]"
overconfident_faulty_sensor,18,3.6,2,19.872,10.833,86.0,90.0,50.0,50.0,,,false_positive+position_noise+latency+confidence_error,,confidence_weighted_fusion,move,3,0,103.152,9.477,44.414,uav_3,9.477,False,False,False,False,False,1,"[{""id"": ""obstacle_0"", ""kind"": ""static_obstacle"", ""x"": 50.0, ""y"": 50.0, ""radius"": 5.0}]"
overconfident_faulty_sensor,18,3.6,3,20.062,20.308,90.0,86.0,50.0,50.0,,,position_noise+latency+confidence_error,,confidence_weighted_fusion,move,1,0,95.952,9.477,37.165,uav_2,9.477,False,False,False,False,False,1,"[{""id"": ""obstacle_0"", ""kind"": ""static_obstacle"", ""x"": 50.0, ""y"": 50.0, ""radius"": 5.0}]"
overconfident_faulty_sensor,19,3.8,0,10.677,10.152,94.0,90.0,50.0,50.0,,,position_noise+latency+confidence_error,,confidence_weighted_fusion,move,0,0,115.405,9.225,50.984,uav_2,9.225,False,False,False,False,False,1,"[{""id"": ""obstacle_0"", ""kind"": ""static_obstacle"", ""x"": 50.0, ""y"": 50.0, ""radius"": 5.0}]"
overconfident_faulty_sensor,19,3.8,1,10.467,20.543,90.0,94.0,50.0,50.0,,,position_noise+latency+confidence_error,,confidence_weighted_fusion,move,3,0,108.266,9.886,44.301,uav_3,9.886,False,False,False,False,False,1,"[{""id"": ""obstacle_0"", ""kind"": ""static_obstacle"", ""x"": 50.0, ""y"": 50.0, ""radius"": 5.0}]"
overconfident_faulty_sensor,19,3.8,2,19.839,11.231,86.0,90.0,50.0,50.0,,,position_noise+latency+confidence_error,,confidence_weighted_fusion,false_avoidance,4,1,102.868,9.225,44.119,uav_0,9.225,False,True,False,False,False,1,"[{""id"": ""obstacle_0"", ""kind"": ""static_obstacle"", ""x"": 50.0, ""y"": 50.0, ""radius"": 5.0}]"
overconfident_faulty_sensor,19,3.8,3,20.353,20.582,90.0,86.0,50.0,50.0,,,position_noise+latency+confidence_error,,confidence_weighted_fusion,move,3,0,95.552,9.365,36.765,uav_2,9.365,False,False,False,False,False,1,"[{""id"": ""obstacle_0"", ""kind"": ""static_obstacle"", ""x"": 50.0, ""y"": 50.0, ""radius"": 5.0}]"
overconfident_faulty_sensor,20,4.0,0,10.966,10.429,94.0,90.0,50.0,50.0,,,position_noise+latency+confidence_error,,confidence_weighted_fusion,move,0,0,115.005,9.197,50.584,uav_2,9.197,False,False,False,False,False,1,"[{""id"": ""obstacle_0"", ""kind"": ""static_obstacle"", ""x"": 50.0, ""y"": 50.0, ""radius"": 5.0}]"
overconfident_faulty_sensor,20,4.0,1,10.763,20.812,90.0,94.0,50.0,50.0,,,position_noise+latency+confidence_error,,confidence_weighted_fusion,false_avoidance,4,1,107.866,9.882,43.903,uav_3,9.882,False,True,False,False,False,1,"[{""id"": ""obstacle_0"", ""kind"": ""static_obstacle"", ""x"": 50.0, ""y"": 50.0, ""radius"": 5.0}]"
overconfident_faulty_sensor,20,4.0,2,20.096,11.538,86.0,90.0,50.0,50.0,,,false_positive+position_noise+latency+confidence_error,,confidence_weighted_fusion,move,1,0,102.468,9.197,43.72,uav_0,9.197,False,False,False,False,False,1,"[{""id"": ""obstacle_0"", ""kind"": ""static_obstacle"", ""x"": 50.0, ""y"": 50.0, ""radius"": 5.0}]"
overconfident_faulty_sensor,20,4.0,3,20.645,20.856,90.0,86.0,50.0,50.0,,,position_noise+latency+confidence_error,,confidence_weighted_fusion,move,3,0,95.152,9.334,36.366,uav_2,9.334,False,False,False,False,False,1,"[{""id"": ""obstacle_0"", ""kind"": ""static_obstacle"", ""x"": 50.0, ""y"": 50.0, ""radius"": 5.0}]"
overconfident_faulty_sensor,21,4.2,0,11.255,10.706,94.0,90.0,50.0,50.0,,,position_noise+latency+confidence_error,,confidence_weighted_fusion,move,3,0,114.605,9.158,50.184,uav_2,9.158,False,False,False,False,False,1,"[{""id"": ""obstacle_0"", ""kind"": ""static_obstacle"", ""x"": 50.0, ""y"": 50.0, ""radius"": 5.0}]"
overconfident_faulty_sensor,21,4.2,1,11.057,21.084,90.0,94.0,50.0,50.0,,,false_negative+position_noise+latency+confidence_error,,confidence_weighted_fusion,move,2,0,107.466,9.88,43.505,uav_3,9.88,False,False,False,False,False,1,"[{""id"": ""obstacle_0"", ""kind"": ""static_obstacle"", ""x"": 50.0, ""y"": 50.0, ""radius"": 5.0}]"
overconfident_faulty_sensor,21,4.2,2,20.34,11.855,86.0,90.0,50.0,50.0,,,position_noise+latency+confidence_error,,confidence_weighted_fusion,false_avoidance,4,1,102.068,9.158,43.32,uav_0,9.158,False,True,False,False,False,1,"[{""id"": ""obstacle_0"", ""kind"": ""static_obstacle"", ""x"": 50.0, ""y"": 50.0, ""radius"": 5.0}]"
overconfident_faulty_sensor,21,4.2,3,20.936,21.13,90.0,86.0,50.0,50.0,,,false_negative+position_noise+latency+confidence_error,,confidence_weighted_fusion,move,3,0,94.752,9.294,35.966,uav_2,9.294,False,False,False,False,False,1,"[{""id"": ""obstacle_0"", ""kind"": ""static_obstacle"", ""x"": 50.0, ""y"": 50.0, ""radius"": 5.0}]"
overconfident_faulty_sensor,22,4.4,0,11.543,10.982,94.0,90.0,50.0,50.0,,,position_noise+latency+confidence_error,,confidence_weighted_fusion,move,3,0,114.205,9.13,49.784,uav_2,9.13,False,False,False,False,False,1,"[{""id"": ""obstacle_0"", ""kind"": ""static_obstacle"", ""x"": 50.0, ""y"": 50.0, ""radius"": 5.0}]"
overconfident_faulty_sensor,22,4.4,1,11.351,21.355,90.0,94.0,50.0,50.0,,,position_noise+latency+confidence_error,,confidence_weighted_fusion,move,3,0,107.066,9.877,43.107,uav_3,9.877,False,False,False,False,False,1,"[{""id"": ""obstacle_0"", ""kind"": ""static_obstacle"", ""x"": 50.0, ""y"": 50.0, ""radius"": 5.0}]"
overconfident_faulty_sensor,22,4.4,2,20.597,12.161,86.0,90.0,50.0,50.0,,,false_positive+false_negative+position_noise+latency+confidence_error,,confidence_weighted_fusion,move,3,0,101.668,9.13,42.92,uav_0,9.13,False,False,False,False,False,1,"[{""id"": ""obstacle_0"", ""kind"": ""static_obstacle"", ""x"": 50.0, ""y"": 50.0, ""radius"": 5.0}]"
overconfident_faulty_sensor,22,4.4,3,21.228,21.404,90.0,86.0,50.0,50.0,,,position_noise+latency+confidence_error,,confidence_weighted_fusion,move,3,0,94.352,9.264,35.566,uav_2,9.264,False,False,False,False,False,1,"[{""id"": ""obstacle_0"", ""kind"": ""static_obstacle"", ""x"": 50.0, ""y"": 50.0, ""radius"": 5.0}]"
overconfident_faulty_sensor,23,4.6,0,11.832,11.259,94.0,90.0,50.0,50.0,,,position_noise+latency+confidence_error,,confidence_weighted_fusion,move,3,0,113.805,8.784,49.384,uav_2,8.784,False,False,False,False,False,1,"[{""id"": ""obstacle_0"", ""kind"": ""static_obstacle"", ""x"": 50.0, ""y"": 50.0, ""radius"": 5.0}]"
overconfident_faulty_sensor,23,4.6,1,11.644,21.626,90.0,94.0,50.0,50.0,,,position_noise+latency+confidence_error,,confidence_weighted_fusion,move,3,0,106.666,9.875,42.71,uav_3,9.875,False,False,False,False,False,1,"[{""id"": ""obstacle_0"", ""kind"": ""static_obstacle"", ""x"": 50.0, ""y"": 50.0, ""radius"": 5.0}]"
overconfident_faulty_sensor,23,4.6,2,20.52,12.554,86.0,90.0,50.0,50.0,,,position_noise+latency+confidence_error,,confidence_weighted_fusion,false_avoidance,4,1,101.418,8.784,42.658,uav_0,8.784,False,True,False,False,False,1,"[{""id"": ""obstacle_0"", ""kind"": ""static_obstacle"", ""x"": 50.0, ""y"": 50.0, ""radius"": 5.0}]"
overconfident_faulty_sensor,23,4.6,3,21.519,21.678,90.0,86.0,50.0,50.0,,,position_noise+latency+confidence_error,,confidence_weighted_fusion,move,3,0,93.952,9.178,35.166,uav_2,9.178,False,False,False,False,False,1,"[{""id"": ""obstacle_0"", ""kind"": ""static_obstacle"", ""x"": 50.0, ""y"": 50.0, ""radius"": 5.0}]"
overconfident_faulty_sensor,24,4.8,0,12.121,11.536,94.0,90.0,50.0,50.0,,,position_noise+latency+confidence_error,,confidence_weighted_fusion,move,3,0,113.405,8.758,48.984,uav_2,8.758,False,False,False,False,False,1,"[{""id"": ""obstacle_0"", ""kind"": ""static_obstacle"", ""x"": 50.0, ""y"": 50.0, ""radius"": 5.0}]"
overconfident_faulty_sensor,24,4.8,1,11.938,21.898,90.0,94.0,50.0,50.0,,,false_positive+position_noise+latency+confidence_error,,confidence_weighted_fusion,move,2,0,106.266,9.873,42.312,uav_3,9.873,False,False,False,False,False,1,"[{""id"": ""obstacle_0"", ""kind"": ""static_obstacle"", ""x"": 50.0, ""y"": 50.0, ""radius"": 5.0}]"
overconfident_faulty_sensor,24,4.8,2,20.778,12.859,86.0,90.0,50.0,50.0,,,false_negative+position_noise+latency+confidence_error,,confidence_weighted_fusion,move,3,0,101.018,8.758,42.258,uav_0,8.758,False,False,False,False,False,1,"[{""id"": ""obstacle_0"", ""kind"": ""static_obstacle"", ""x"": 50.0, ""y"": 50.0, ""radius"": 5.0}]"
overconfident_faulty_sensor,24,4.8,3,21.811,21.951,90.0,86.0,50.0,50.0,,,position_noise+latency+confidence_error,,confidence_weighted_fusion,move,2,0,93.552,9.151,34.766,uav_2,9.151,False,False,False,False,False,1,"[{""id"": ""obstacle_0"", ""kind"": ""static_obstacle"", ""x"": 50.0, ""y"": 50.0, ""radius"": 5.0}]"
overconfident_faulty_sensor,25,5.0,0,12.41,11.813,94.0,90.0,50.0,50.0,,,position_noise+latency+confidence_error,,confidence_weighted_fusion,move,3,0,113.005,8.518,48.585,uav_2,8.518,False,False,False,False,False,1,"[{""id"": ""obstacle_0"", ""kind"": ""static_obstacle"", ""x"": 50.0, ""y"": 50.0, ""radius"": 5.0}]"
overconfident_faulty_sensor,25,5.0,1,12.232,22.169,90.0,94.0,50.0,50.0,,,false_negative+position_noise+latency+confidence_error,,confidence_weighted_fusion,move,3,0,105.866,9.871,41.914,uav_3,9.871,False,False,False,False,False,1,"[{""id"": ""obstacle_0"", ""kind"": ""static_obstacle"", ""x"": 50.0, ""y"": 50.0, ""radius"": 5.0}]"
overconfident_faulty_sensor,25,5.0,2,20.804,13.258,86.0,90.0,50.0,50.0,,,false_negative+position_noise+latency+confidence_error,,confidence_weighted_fusion,false_avoidance,2,1,100.696,8.518,41.929,uav_0,8.518,False,True,False,False,False,1,"[{""id"": ""obstacle_0"", ""kind"": ""static_obstacle"", ""x"": 50.0, ""y"": 50.0, ""radius"": 5.0}]"
overconfident_faulty_sensor,25,5.0,3,22.102,22.225,90.0,86.0,50.0,50.0,,,dropout+latency+confidence_error,,confidence_weighted_fusion,move,3,0,93.152,9.06,34.366,uav_2,9.06,False,False,False,False,False,1,"[{""id"": ""obstacle_0"", ""kind"": ""static_obstacle"", ""x"": 50.0, ""y"": 50.0, ""radius"": 5.0}]"
overconfident_faulty_sensor,26,5.2,0,12.699,12.089,94.0,90.0,50.0,50.0,,,position_noise+latency+confidence_error,,confidence_weighted_fusion,move,3,0,112.605,8.494,48.185,uav_2,8.494,False,False,False,False,False,1,"[{""id"": ""obstacle_0"", ""kind"": ""static_obstacle"", ""x"": 50.0, ""y"": 50.0, ""radius"": 5.0}]"
overconfident_faulty_sensor,26,5.2,1,12.526,22.441,90.0,94.0,50.0,50.0,,,false_negative+position_noise+latency+confidence_error,,confidence_weighted_fusion,move,3,0,105.466,9.868,41.517,uav_3,9.868,False,False,False,False,False,1,"[{""id"": ""obstacle_0"", ""kind"": ""static_obstacle"", ""x"": 50.0, ""y"": 50.0, ""radius"": 5.0}]"
overconfident_faulty_sensor,26,5.2,2,21.063,13.563,86.0,90.0,50.0,50.0,,,position_noise+latency+confidence_error,,confidence_weighted_fusion,move,3,0,100.296,8.494,41.529,uav_0,8.494,False,False,False,False,False,1,"[{""id"": ""obstacle_0"", ""kind"": ""static_obstacle"", ""x"": 50.0, ""y"": 50.0, ""radius"": 5.0}]"
overconfident_faulty_sensor,26,5.2,3,22.394,22.499,90.0,86.0,50.0,50.0,,,dropout+latency+confidence_error,,confidence_weighted_fusion,move,3,0,92.752,9.035,33.966,uav_2,9.035,False,False,False,False,False,1,"[{""id"": ""obstacle_0"", ""kind"": ""static_obstacle"", ""x"": 50.0, ""y"": 50.0, ""radius"": 5.0}]"
overconfident_faulty_sensor,27,5.4,0,12.987,12.366,94.0,90.0,50.0,50.0,,,position_noise+latency+confidence_error,,confidence_weighted_fusion,move,3,0,112.205,8.469,47.785,uav_2,8.469,False,False,False,False,False,1,"[{""id"": ""obstacle_0"", ""kind"": ""static_obstacle"", ""x"": 50.0, ""y"": 50.0, ""radius"": 5.0}]"
overconfident_faulty_sensor,27,5.4,1,12.785,22.745,90.0,94.0,50.0,50.0,,,position_noise+latency+confidence_error,,confidence_weighted_fusion,false_avoidance,4,1,105.068,9.901,41.128,uav_3,9.901,False,True,False,False,False,1,"[{""id"": ""obstacle_0"", ""kind"": ""static_obstacle"", ""x"": 50.0, ""y"": 50.0, ""radius"": 5.0}]"
overconfident_faulty_sensor,27,5.4,2,21.322,13.868,86.0,90.0,50.0,50.0,,,position_noise+latency+confidence_error,,confidence_weighted_fusion,move,2,0,99.896,8.469,41.13,uav_0,8.469,False,False,False,False,False,1,"[{""id"": ""obstacle_0"", ""kind"": ""static_obstacle"", ""x"": 50.0, ""y"": 50.0, ""radius"": 5.0}]"
overconfident_faulty_sensor,27,5.4,3,22.686,22.773,90.0,86.0,50.0,50.0,,,dropout+latency+confidence_error,,confidence_weighted_fusion,move,3,0,92.352,9.009,33.567,uav_2,9.009,False,False,False,False,False,1,"[{""id"": ""obstacle_0"", ""kind"": ""static_obstacle"", ""x"": 50.0, ""y"": 50.0, ""radius"": 5.0}]"
overconfident_faulty_sensor,28,5.6,0,13.276,12.643,94.0,90.0,50.0,50.0,,,position_noise+latency+confidence_error,,confidence_weighted_fusion,move,3,0,111.805,8.445,47.385,uav_2,8.445,False,False,False,False,False,1,"[{""id"": ""obstacle_0"", ""kind"": ""static_obstacle"", ""x"": 50.0, ""y"": 50.0, ""radius"": 5.0}]"
overconfident_faulty_sensor,28,5.6,1,13.079,23.017,90.0,94.0,50.0,50.0,,,false_negative+position_noise+latency+confidence_error,,confidence_weighted_fusion,move,2,0,104.668,9.898,40.73,uav_3,9.898,False,False,False,False,False,1,"[{""id"": ""obstacle_0"", ""kind"": ""static_obstacle"", ""x"": 50.0, ""y"": 50.0, ""radius"": 5.0}]"
overconfident_faulty_sensor,28,5.6,2,21.581,14.173,86.0,90.0,50.0,50.0,,,false_negative+position_noise+latency+confidence_error,,confidence_weighted_fusion,move,1,0,99.496,8.445,40.73,uav_0,8.445,False,False,False,False,False,1,"[{""id"": ""obstacle_0"", ""kind"": ""static_obstacle"", ""x"": 50.0, ""y"": 50.0, ""radius"": 5.0}]"
overconfident_faulty_sensor,28,5.6,3,22.977,23.047,90.0,86.0,50.0,50.0,,,dropout+latency+confidence_error,,confidence_weighted_fusion,move,0,0,91.952,8.983,33.167,uav_2,8.983,False,False,False,False,False,1,"[{""id"": ""obstacle_0"", ""kind"": ""static_obstacle"", ""x"": 50.0, ""y"": 50.0, ""radius"": 5.0}]"
overconfident_faulty_sensor,29,5.8,0,13.565,12.92,94.0,90.0,50.0,50.0,,,position_noise+latency+confidence_error,,confidence_weighted_fusion,move,3,0,111.405,8.421,46.985,uav_2,8.421,False,False,False,False,False,1,"[{""id"": ""obstacle_0"", ""kind"": ""static_obstacle"", ""x"": 50.0, ""y"": 50.0, ""radius"": 5.0}]"
overconfident_faulty_sensor,29,5.8,1,13.373,23.288,90.0,94.0,50.0,50.0,,,dropout+latency+confidence_error,,confidence_weighted_fusion,move,2,0,104.268,9.896,40.333,uav_3,9.896,False,False,False,False,False,1,"[{""id"": ""obstacle_0"", ""kind"": ""static_obstacle"", ""x"": 50.0, ""y"": 50.0, ""radius"": 5.0}]"
overconfident_faulty_sensor,29,5.8,2,21.84,14.478,86.0,90.0,50.0,50.0,,,position_noise+latency+confidence_error,,confidence_weighted_fusion,move,3,0,99.096,8.421,40.33,uav_0,8.421,False,False,False,False,False,1,"[{""id"": ""obstacle_0"", ""kind"": ""static_obstacle"", ""x"": 50.0, ""y"": 50.0, ""radius"": 5.0}]"
overconfident_faulty_sensor,29,5.8,3,23.269,23.321,90.0,86.0,50.0,50.0,,,dropout+latency+confidence_error,,confidence_weighted_fusion,move,0,0,91.552,8.958,32.767,uav_2,8.958,False,False,False,False,False,1,"[{""id"": ""obstacle_0"", ""kind"": ""static_obstacle"", ""x"": 50.0, ""y"": 50.0, ""radius"": 5.0}]"
overconfident_faulty_sensor,30,6.0,0,13.854,13.196,94.0,90.0,50.0,50.0,,,position_noise+latency+confidence_error,,confidence_weighted_fusion,move,3,0,111.005,8.397,46.585,uav_2,8.397,False,False,False,False,False,1,"[{""id"": ""obstacle_0"", ""kind"": ""static_obstacle"", ""x"": 50.0, ""y"": 50.0, ""radius"": 5.0}]"
overconfident_faulty_sensor,30,6.0,1,13.667,23.559,90.0,94.0,50.0,50.0,,,dropout+latency+confidence_error,,confidence_weighted_fusion,move,3,0,103.868,9.893,39.936,uav_3,9.893,False,False,False,False,False,1,"[{""id"": ""obstacle_0"", ""kind"": ""static_obstacle"", ""x"": 50.0, ""y"": 50.0, ""radius"": 5.0}]"
overconfident_faulty_sensor,30,6.0,2,22.099,14.783,86.0,90.0,50.0,50.0,,,false_positive+false_negative+position_noise+latency+confidence_error,,confidence_weighted_fusion,move,3,0,98.696,8.397,39.93,uav_0,8.397,False,False,False,False,False,1,"[{""id"": ""obstacle_0"", ""kind"": ""static_obstacle"", ""x"": 50.0, ""y"": 50.0, ""radius"": 5.0}]"
overconfident_faulty_sensor,30,6.0,3,23.56,23.595,90.0,86.0,50.0,50.0,,,position_noise+latency+confidence_error,,confidence_weighted_fusion,move,0,0,91.152,8.932,32.367,uav_2,8.932,False,False,False,False,False,1,"[{""id"": ""obstacle_0"", ""kind"": ""static_obstacle"", ""x"": 50.0, ""y"": 50.0, ""radius"": 5.0}]"
overconfident_faulty_sensor,31,6.2,0,14.143,13.473,94.0,90.0,50.0,50.0,,,position_noise+latency+confidence_error,,confidence_weighted_fusion,move,3,0,110.605,8.373,46.186,uav_2,8.373,False,False,False,False,False,1,"[{""id"": ""obstacle_0"", ""kind"": ""static_obstacle"", ""x"": 50.0, ""y"": 50.0, ""radius"": 5.0}]"
overconfident_faulty_sensor,31,6.2,1,13.961,23.83,90.0,94.0,50.0,50.0,,,dropout+latency+confidence_error,,confidence_weighted_fusion,move,2,0,103.468,9.891,39.538,uav_3,9.891,False,False,False,False,False,1,"[{""id"": ""obstacle_0"", ""kind"": ""static_obstacle"", ""x"": 50.0, ""y"": 50.0, ""radius"": 5.0}]"
overconfident_faulty_sensor,31,6.2,2,22.358,15.087,86.0,90.0,50.0,50.0,,,position_noise+latency+confidence_error,,confidence_weighted_fusion,move,1,0,98.296,8.373,39.53,uav_0,8.373,False,False,False,False,False,1,"[{""id"": ""obstacle_0"", ""kind"": ""static_obstacle"", ""x"": 50.0, ""y"": 50.0, ""radius"": 5.0}]"
overconfident_faulty_sensor,31,6.2,3,23.852,23.868,90.0,86.0,50.0,50.0,,,position_noise+latency+confidence_error,,confidence_weighted_fusion,move,0,0,90.752,8.907,31.967,uav_2,8.907,False,False,False,False,False,1,"[{""id"": ""obstacle_0"", ""kind"": ""static_obstacle"", ""x"": 50.0, ""y"": 50.0, ""radius"": 5.0}]"
overconfident_faulty_sensor,32,6.4,0,14.431,13.75,94.0,90.0,50.0,50.0,,,position_noise+latency+confidence_error,,confidence_weighted_fusion,move,3,0,110.205,8.349,45.786,uav_2,8.349,False,False,False,False,False,1,"[{""id"": ""obstacle_0"", ""kind"": ""static_obstacle"", ""x"": 50.0, ""y"": 50.0, ""radius"": 5.0}]"
overconfident_faulty_sensor,32,6.4,1,14.255,24.102,90.0,94.0,50.0,50.0,,,dropout+latency+confidence_error,,confidence_weighted_fusion,move,0,0,103.068,9.889,39.141,uav_3,9.889,False,False,False,False,False,1,"[{""id"": ""obstacle_0"", ""kind"": ""static_obstacle"", ""x"": 50.0, ""y"": 50.0, ""radius"": 5.0}]"
overconfident_faulty_sensor,32,6.4,2,22.617,15.392,86.0,90.0,50.0,50.0,,,false_negative+position_noise+latency+confidence_error,,confidence_weighted_fusion,move,3,0,97.896,8.349,39.131,uav_0,8.349,False,False,False,False,False,1,"[{""id"": ""obstacle_0"", ""kind"": ""static_obstacle"", ""x"": 50.0, ""y"": 50.0, ""radius"": 5.0}]"
overconfident_faulty_sensor,32,6.4,3,24.143,24.142,90.0,86.0,50.0,50.0,,,position_noise+latency+confidence_error,,confidence_weighted_fusion,move,0,0,90.352,8.882,31.568,uav_2,8.882,False,False,False,False,False,1,"[{""id"": ""obstacle_0"", ""kind"": ""static_obstacle"", ""x"": 50.0, ""y"": 50.0, ""radius"": 5.0}]"
overconfident_faulty_sensor,33,6.6,0,14.72,14.027,94.0,90.0,50.0,50.0,,,position_noise+latency+confidence_error,,confidence_weighted_fusion,move,3,0,109.805,8.227,45.386,uav_2,8.227,False,False,False,False,False,1,"[{""id"": ""obstacle_0"", ""kind"": ""static_obstacle"", ""x"": 50.0, ""y"": 50.0, ""radius"": 5.0}]"
overconfident_faulty_sensor,33,6.6,1,14.549,24.373,90.0,94.0,50.0,50.0,,,dropout+latency+confidence_error,,confidence_weighted_fusion,move,0,0,102.668,9.886,38.744,uav_3,9.886,False,False,False,False,False,1,"[{""id"": ""obstacle_0"", ""kind"": ""static_obstacle"", ""x"": 50.0, ""y"": 50.0, ""radius"": 5.0}]"
overconfident_faulty_sensor,33,6.6,2,22.761,15.765,86.0,90.0,50.0,50.0,,,position_noise+latency+confidence_error,,confidence_weighted_fusion,false_avoidance,3,1,97.519,8.227,38.749,uav_0,8.227,False,True,False,False,False,1,"[{""id"": ""obstacle_0"", ""kind"": ""static_obstacle"", ""x"": 50.0, ""y"": 50.0, ""radius"": 5.0}]"
overconfident_faulty_sensor,33,6.6,3,24.435,24.416,90.0,86.0,50.0,50.0,,,position_noise+latency+confidence_error,,confidence_weighted_fusion,move,3,0,89.952,8.811,31.168,uav_2,8.811,False,False,False,False,False,1,"[{""id"": ""obstacle_0"", ""kind"": ""static_obstacle"", ""x"": 50.0, ""y"": 50.0, ""radius"": 5.0}]"
overconfident_faulty_sensor,34,6.8,0,15.009,14.303,94.0,90.0,50.0,50.0,,,position_noise+latency+confidence_error,,confidence_weighted_fusion,move,3,0,109.405,8.204,44.986,uav_2,8.204,False,False,False,False,False,1,"[{""id"": ""obstacle_0"", ""kind"": ""static_obstacle"", ""x"": 50.0, ""y"": 50.0, ""radius"": 5.0}]"
overconfident_faulty_sensor,34,6.8,1,14.843,24.644,90.0,94.0,50.0,50.0,,,position_noise+latency+confidence_error,,confidence_weighted_fusion,move,0,0,102.268,9.884,38.347,uav_3,9.884,False,False,False,False,False,1,"[{""id"": ""obstacle_0"", ""kind"": ""static_obstacle"", ""x"": 50.0, ""y"": 50.0, ""radius"": 5.0}]"
overconfident_faulty_sensor,34,6.8,2,23.02,16.07,86.0,90.0,50.0,50.0,,,position_noise+latency+confidence_error,,confidence_weighted_fusion,move,3,0,97.119,8.204,38.349,uav_0,8.204,False,False,False,False,False,1,"[{""id"": ""obstacle_0"", ""kind"": ""static_obstacle"", ""x"": 50.0, ""y"": 50.0, ""radius"": 5.0}]"
overconfident_faulty_sensor,34,6.8,3,24.726,24.69,90.0,86.0,50.0,50.0,,,false_negative+position_noise+latency+confidence_error,,confidence_weighted_fusion,move,3,0,89.552,8.787,30.768,uav_2,8.787,False,False,False,False,False,1,"[{""id"": ""obstacle_0"", ""kind"": ""static_obstacle"", ""x"": 50.0, ""y"": 50.0, ""radius"": 5.0}]"
overconfident_faulty_sensor,35,7.0,0,15.298,14.58,94.0,90.0,50.0,50.0,,,false_negative+position_noise+latency+confidence_error,,confidence_weighted_fusion,move,3,0,109.005,8.181,44.586,uav_2,8.181,False,False,False,False,False,1,"[{""id"": ""obstacle_0"", ""kind"": ""static_obstacle"", ""x"": 50.0, ""y"": 50.0, ""radius"": 5.0}]"
overconfident_faulty_sensor,35,7.0,1,15.137,24.916,90.0,94.0,50.0,50.0,,,position_noise+latency+confidence_error,,confidence_weighted_fusion,move,0,0,101.868,9.881,37.95,uav_3,9.881,False,False,False,False,False,1,"[{""id"": ""obstacle_0"", ""kind"": ""static_obstacle"", ""x"": 50.0, ""y"": 50.0, ""radius"": 5.0}]"
overconfident_faulty_sensor,35,7.0,2,23.28,16.374,86.0,90.0,50.0,50.0,,,false_positive+false_negative+position_noise+latency+confidence_error,,confidence_weighted_fusion,move,2,0,96.719,8.181,37.949,uav_0,8.181,False,False,False,False,False,1,"[{""id"": ""obstacle_0"", ""kind"": ""static_obstacle"", ""x"": 50.0, ""y"": 50.0, ""radius"": 5.0}]"
overconfident_faulty_sensor,35,7.0,3,25.018,24.964,90.0,86.0,50.0,50.0,,,position_noise+latency+confidence_error,,confidence_weighted_fusion,move,3,0,89.152,8.763,30.368,uav_2,8.763,False,False,False,False,False,1,"[{""id"": ""obstacle_0"", ""kind"": ""static_obstacle"", ""x"": 50.0, ""y"": 50.0, ""radius"": 5.0}]"
overconfident_faulty_sensor,36,7.2,0,15.587,14.857,94.0,90.0,50.0,50.0,,,position_noise+latency+confidence_error,,confidence_weighted_fusion,move,3,0,108.605,8.159,44.187,uav_2,8.159,False,False,False,False,False,1,"[{""id"": ""obstacle_0"", ""kind"": ""static_obstacle"", ""x"": 50.0, ""y"": 50.0, ""radius"": 5.0}]"
overconfident_faulty_sensor,36,7.2,1,15.431,25.187,90.0,94.0,50.0,50.0,,,position_noise+latency+confidence_error,,confidence_weighted_fusion,move,0,0,101.468,9.879,37.553,uav_3,9.879,False,False,False,False,False,1,"[{""id"": ""obstacle_0"", ""kind"": ""static_obstacle"", ""x"": 50.0, ""y"": 50.0, ""radius"": 5.0}]"
overconfident_faulty_sensor,36,7.2,2,23.539,16.679,86.0,90.0,50.0,50.0,,,position_noise+latency+confidence_error,,confidence_weighted_fusion,move,3,0,96.319,8.159,37.55,uav_0,8.159,False,False,False,False,False,1,"[{""id"": ""obstacle_0"", ""kind"": ""static_obstacle"", ""x"": 50.0, ""y"": 50.0, ""radius"": 5.0}]"
overconfident_faulty_sensor,36,7.2,3,25.31,25.238,90.0,86.0,50.0,50.0,,,position_noise+latency+confidence_error,,confidence_weighted_fusion,move,3,0,88.752,8.74,29.968,uav_2,8.74,False,False,False,False,False,1,"[{""id"": ""obstacle_0"", ""kind"": ""static_obstacle"", ""x"": 50.0, ""y"": 50.0, ""radius"": 5.0}]"
overconfident_faulty_sensor,37,7.4,0,15.875,15.134,94.0,90.0,50.0,50.0,,,position_noise+latency+confidence_error,,confidence_weighted_fusion,move,3,0,108.205,8.136,43.787,uav_2,8.136,False,False,False,False,False,1,"[{""id"": ""obstacle_0"", ""kind"": ""static_obstacle"", ""x"": 50.0, ""y"": 50.0, ""radius"": 5.0}]"
overconfident_faulty_sensor,37,7.4,1,15.725,25.458,90.0,94.0,50.0,50.0,,,false_positive+position_noise+latency+confidence_error,,confidence_weighted_fusion,move,3,0,101.068,9.877,37.156,uav_3,9.877,False,False,False,False,False,1,"[{""id"": ""obstacle_0"", ""kind"": ""static_obstacle"", ""x"": 50.0, ""y"": 50.0, ""radius"": 5.0}]"
overconfident_faulty_sensor,37,7.4,2,23.799,16.983,86.0,90.0,50.0,50.0,,,position_noise+latency+confidence_error,,confidence_weighted_fusion,move,3,0,95.919,8.136,37.15,uav_0,8.136,False,False,False,False,False,1,"[{""id"": ""obstacle_0"", ""kind"": ""static_obstacle"", ""x"": 50.0, ""y"": 50.0, ""radius"": 5.0}]"
overconfident_faulty_sensor,37,7.4,3,25.601,25.512,90.0,86.0,50.0,50.0,,,position_noise+latency+confidence_error,,confidence_weighted_fusion,move,2,0,88.352,8.717,29.569,uav_2,8.717,False,False,False,False,False,1,"[{""id"": ""obstacle_0"", ""kind"": ""static_obstacle"", ""x"": 50.0, ""y"": 50.0, ""radius"": 5.0}]"
overconfident_faulty_sensor,38,7.6,0,16.164,15.41,94.0,90.0,50.0,50.0,,,false_negative+latency+confidence_error,,confidence_weighted_fusion,move,1,0,107.805,8.112,43.387,uav_2,8.112,False,False,False,False,False,1,"[{""id"": ""obstacle_0"", ""kind"": ""static_obstacle"", ""x"": 50.0, ""y"": 50.0, ""radius"": 5.0}]"
overconfident_faulty_sensor,38,7.6,1,16.019,25.729,90.0,94.0,50.0,50.0,,,position_noise+latency+confidence_error,,confidence_weighted_fusion,move,3,0,100.668,9.874,36.759,uav_3,9.874,False,False,False,False,False,1,"[{""id"": ""obstacle_0"", ""kind"": ""static_obstacle"", ""x"": 50.0, ""y"": 50.0, ""radius"": 5.0}]"
overconfident_faulty_sensor,38,7.6,2,24.055,17.29,86.0,90.0,50.0,50.0,,,position_noise+latency+confidence_error,,confidence_weighted_fusion,false_avoidance,3,1,95.519,8.112,36.75,uav_0,8.112,False,True,False,False,False,1,"[{""id"": ""obstacle_0"", ""kind"": ""static_obstacle"", ""x"": 50.0, ""y"": 50.0, ""radius"": 5.0}]"
overconfident_faulty_sensor,38,7.6,3,25.893,25.785,90.0,86.0,50.0,50.0,,,false_negative+position_noise+latency+confidence_error,,confidence_weighted_fusion,move,3,0,87.952,8.691,29.169,uav_2,8.691,False,False,False,False,False,1,"[{""id"": ""obstacle_0"", ""kind"": ""static_obstacle"", ""x"": 50.0, ""y"": 50.0, ""radius"": 5.0}]"
overconfident_faulty_sensor,39,7.8,0,16.453,15.687,94.0,90.0,50.0,50.0,,,false_negative+position_noise+latency+confidence_error,,confidence_weighted_fusion,move,3,0,107.405,8.09,42.987,uav_2,8.09,False,False,False,False,False,1,"[{""id"": ""obstacle_0"", ""kind"": ""static_obstacle"", ""x"": 50.0, ""y"": 50.0, ""radius"": 5.0}]"
overconfident_faulty_sensor,39,7.8,1,16.313,26.001,90.0,94.0,50.0,50.0,,,false_negative+position_noise+latency+confidence_error,,confidence_weighted_fusion,move,3,0,100.268,9.872,36.362,uav_3,9.872,False,False,False,False,False,1,"[{""id"": ""obstacle_0"", ""kind"": ""static_obstacle"", ""x"": 50.0, ""y"": 50.0, ""radius"": 5.0}]"
overconfident_faulty_sensor,39,7.8,2,24.314,17.595,86.0,90.0,50.0,50.0,,,false_negative+position_noise+latency+confidence_error,,confidence_weighted_fusion,move,3,0,95.119,8.09,36.35,uav_0,8.09,False,False,False,False,False,1,"[{""id"": ""obstacle_0"", ""kind"": ""static_obstacle"", ""x"": 50.0, ""y"": 50.0, ""radius"": 5.0}]"
overconfident_faulty_sensor,39,7.8,3,26.184,26.059,90.0,86.0,50.0,50.0,,,false_negative+position_noise+latency+confidence_error,,confidence_weighted_fusion,move,3,0,87.552,8.668,28.769,uav_2,8.668,False,False,False,False,False,1,"[{""id"": ""obstacle_0"", ""kind"": ""static_obstacle"", ""x"": 50.0, ""y"": 50.0, ""radius"": 5.0}]"
overconfident_faulty_sensor,40,8.0,0,16.742,15.964,94.0,90.0,50.0,50.0,,,false_positive+position_noise+latency+confidence_error,,confidence_weighted_fusion,move,3,0,107.005,8.068,42.587,uav_2,8.068,False,False,False,False,False,1,"[{""id"": ""obstacle_0"", ""kind"": ""static_obstacle"", ""x"": 50.0, ""y"": 50.0, ""radius"": 5.0}]"
overconfident_faulty_sensor,40,8.0,1,16.426,26.384,90.0,94.0,50.0,50.0,,,false_negative+position_noise+latency+confidence_error,,confidence_weighted_fusion,false_avoidance,4,1,99.925,10.05,36.048,uav_3,10.05,False,True,False,False,False,1,"[{""id"": ""obstacle_0"", ""kind"": ""static_obstacle"", ""x"": 50.0, ""y"": 50.0, ""radius"": 5.0}]"
overconfident_faulty_sensor,40,8.0,2,24.574,17.899,86.0,90.0,50.0,50.0,,,position_noise+latency+confidence_error,,confidence_weighted_fusion,move,3,0,94.719,8.068,35.95,uav_0,8.068,False,False,False,False,False,1,"[{""id"": ""obstacle_0"", ""kind"": ""static_obstacle"", ""x"": 50.0, ""y"": 50.0, ""radius"": 5.0}]"
overconfident_faulty_sensor,40,8.0,3,26.476,26.333,90.0,86.0,50.0,50.0,,,position_noise+latency+confidence_error,,confidence_weighted_fusion,move,3,0,87.152,8.646,28.369,uav_2,8.646,False,False,False,False,False,1,"[{""id"": ""obstacle_0"", ""kind"": ""static_obstacle"", ""x"": 50.0, ""y"": 50.0, ""radius"": 5.0}]"
overconfident_faulty_sensor,41,8.2,0,17.031,16.241,94.0,90.0,50.0,50.0,,,false_negative+position_noise+latency+confidence_error,,confidence_weighted_fusion,move,0,0,106.605,8.046,42.188,uav_2,8.046,False,False,False,False,False,1,"[{""id"": ""obstacle_0"", ""kind"": ""static_obstacle"", ""x"": 50.0, ""y"": 50.0, ""radius"": 5.0}]"
overconfident_faulty_sensor,41,8.2,1,16.72,26.655,90.0,94.0,50.0,50.0,,,position_noise+latency+confidence_error,,confidence_weighted_fusion,move,3,0,99.525,10.047,35.651,uav_3,10.047,False,False,False,False,False,1,"[{""id"": ""obstacle_0"", ""kind"": ""static_obstacle"", ""x"": 50.0, ""y"": 50.0, ""radius"": 5.0}]"
overconfident_faulty_sensor,41,8.2,2,24.833,18.204,86.0,90.0,50.0,50.0,,,false_positive+position_noise+latency+confidence_error,,confidence_weighted_fusion,move,3,0,94.319,8.046,35.551,uav_0,8.046,False,False,False,False,False,1,"[{""id"": ""obstacle_0"", ""kind"": ""static_obstacle"", ""x"": 50.0, ""y"": 50.0, ""radius"": 5.0}]"
overconfident_faulty_sensor,41,8.2,3,26.767,26.607,90.0,86.0,50.0,50.0,,,false_negative+position_noise+latency+confidence_error,,confidence_weighted_fusion,move,2,0,86.752,8.623,27.97,uav_2,8.623,False,False,False,False,False,1,"[{""id"": ""obstacle_0"", ""kind"": ""static_obstacle"", ""x"": 50.0, ""y"": 50.0, ""radius"": 5.0}]"
overconfident_faulty_sensor,42,8.4,0,17.319,16.517,94.0,90.0,50.0,50.0,,,false_negative+position_noise+latency+confidence_error,,confidence_weighted_fusion,move,2,0,106.205,8.024,41.788,uav_2,8.024,False,False,False,False,False,1,"[{""id"": ""obstacle_0"", ""kind"": ""static_obstacle"", ""x"": 50.0, ""y"": 50.0, ""radius"": 5.0}]"
overconfident_faulty_sensor,42,8.4,1,17.015,26.926,90.0,94.0,50.0,50.0,,,false_negative+position_noise+latency+confidence_error,,confidence_weighted_fusion,move,2,0,99.125,10.044,35.255,uav_3,10.044,False,False,False,False,False,1,"[{""id"": ""obstacle_0"", ""kind"": ""static_obstacle"", ""x"": 50.0, ""y"": 50.0, ""radius"": 5.0}]"
overconfident_faulty_sensor,42,8.4,2,25.093,18.508,86.0,90.0,50.0,50.0,,,false_negative+position_noise+latency+confidence_error,,confidence_weighted_fusion,move,2,0,93.919,8.024,35.151,uav_0,8.024,False,False,False,False,False,1,"[{""id"": ""obstacle_0"", ""kind"": ""static_obstacle"", ""x"": 50.0, ""y"": 50.0, ""radius"": 5.0}]"
overconfident_faulty_sensor,42,8.4,3,27.059,26.881,90.0,86.0,50.0,50.0,,,position_noise+latency+confidence_error,,confidence_weighted_fusion,move,1,0,86.352,8.6,27.57,uav_2,8.6,False,False,False,False,False,1,"[{""id"": ""obstacle_0"", ""kind"": ""static_obstacle"", ""x"": 50.0, ""y"": 50.0, ""radius"": 5.0}]"
overconfident_faulty_sensor,43,8.6,0,17.635,16.763,94.0,90.0,50.0,50.0,,,position_noise+latency+confidence_error,,confidence_weighted_fusion,false_avoidance,4,1,105.808,7.984,41.392,uav_2,7.984,False,True,False,False,False,1,"[{""id"": ""obstacle_0"", ""kind"": ""static_obstacle"", ""x"": 50.0, ""y"": 50.0, ""radius"": 5.0}]"
overconfident_faulty_sensor,43,8.6,1,17.309,27.196,90.0,94.0,50.0,50.0,,,false_negative+position_noise+latency+confidence_error,,confidence_weighted_fusion,move,2,0,98.725,10.041,34.858,uav_3,10.041,False,False,False,False,False,1,"[{""id"": ""obstacle_0"", ""kind"": ""static_obstacle"", ""x"": 50.0, ""y"": 50.0, ""radius"": 5.0}]"
overconfident_faulty_sensor,43,8.6,2,25.352,18.813,86.0,90.0,50.0,50.0,,,false_positive+position_noise+latency+confidence_error,,confidence_weighted_fusion,move,3,0,93.519,7.984,34.751,uav_0,7.984,False,False,False,False,False,1,"[{""id"": ""obstacle_0"", ""kind"": ""static_obstacle"", ""x"": 50.0, ""y"": 50.0, ""radius"": 5.0}]"
overconfident_faulty_sensor,43,8.6,3,27.35,27.155,90.0,86.0,50.0,50.0,,,false_negative+position_noise+latency+confidence_error,,confidence_weighted_fusion,move,3,0,85.952,8.578,27.17,uav_2,8.578,False,False,False,False,False,1,"[{""id"": ""obstacle_0"", ""kind"": ""static_obstacle"", ""x"": 50.0, ""y"": 50.0, ""radius"": 5.0}]"
overconfident_faulty_sensor,44,8.8,0,17.924,17.04,94.0,90.0,50.0,50.0,,,position_noise+latency+confidence_error,,confidence_weighted_fusion,move,1,0,105.408,7.972,40.992,uav_2,7.972,False,False,False,False,False,1,"[{""id"": ""obstacle_0"", ""kind"": ""static_obstacle"", ""x"": 50.0, ""y"": 50.0, ""radius"": 5.0}]"
overconfident_faulty_sensor,44,8.8,1,17.604,27.467,90.0,94.0,50.0,50.0,,,position_noise+latency+confidence_error,,confidence_weighted_fusion,move,3,0,98.325,10.038,34.462,uav_3,10.038,False,False,False,False,False,1,"[{""id"": ""obstacle_0"", ""kind"": ""static_obstacle"", ""x"": 50.0, ""y"": 50.0, ""radius"": 5.0}]"
overconfident_faulty_sensor,44,8.8,2,25.727,18.674,86.0,90.0,50.0,50.0,,,false_negative+position_noise+latency+confidence_error,,confidence_weighted_fusion,false_avoidance,4,1,93.382,7.972,34.63,uav_0,7.972,False,True,False,False,False,1,"[{""id"": ""obstacle_0"", ""kind"": ""static_obstacle"", ""x"": 50.0, ""y"": 50.0, ""radius"": 5.0}]"
overconfident_faulty_sensor,44,8.8,3,27.642,27.428,90.0,86.0,50.0,50.0,,,position_noise+latency+confidence_error,,confidence_weighted_fusion,move,2,0,85.552,8.962,26.77,uav_2,8.962,False,False,False,False,False,1,"[{""id"": ""obstacle_0"", ""kind"": ""static_obstacle"", ""x"": 50.0, ""y"": 50.0, ""radius"": 5.0}]"
overconfident_faulty_sensor,45,9.0,0,18.213,17.316,94.0,90.0,50.0,50.0,,,false_negative+position_noise+latency+confidence_error,,confidence_weighted_fusion,move,2,0,105.008,7.948,40.592,uav_2,7.948,False,False,False,False,False,1,"[{""id"": ""obstacle_0"", ""kind"": ""static_obstacle"", ""x"": 50.0, ""y"": 50.0, ""radius"": 5.0}]"
overconfident_faulty_sensor,45,9.0,1,17.898,27.738,90.0,94.0,50.0,50.0,,,position_noise+latency+confidence_error,,confidence_weighted_fusion,move,2,0,97.925,10.035,34.066,uav_3,10.035,False,False,False,False,False,1,"[{""id"": ""obstacle_0"", ""kind"": ""static_obstacle"", ""x"": 50.0, ""y"": 50.0, ""radius"": 5.0}]"
overconfident_faulty_sensor,45,9.0,2,25.985,18.979,86.0,90.0,50.0,50.0,,,position_noise+latency+confidence_error,,confidence_weighted_fusion,move,2,0,92.982,7.948,34.23,uav_0,7.948,False,False,False,False,False,1,"[{""id"": ""obstacle_0"", ""kind"": ""static_obstacle"", ""x"": 50.0, ""y"": 50.0, ""radius"": 5.0}]"
overconfident_faulty_sensor,45,9.0,3,27.934,27.702,90.0,86.0,50.0,50.0,,,position_noise+latency+confidence_error,,confidence_weighted_fusion,move,3,0,85.152,8.938,26.371,uav_2,8.938,False,False,False,False,False,1,"[{""id"": ""obstacle_0"", ""kind"": ""static_obstacle"", ""x"": 50.0, ""y"": 50.0, ""radius"": 5.0}]"
overconfident_faulty_sensor,46,9.2,0,18.501,17.593,94.0,90.0,50.0,50.0,,,position_noise+latency+confidence_error,,confidence_weighted_fusion,move,3,0,104.608,7.701,40.192,uav_2,7.701,False,False,False,False,False,1,"[{""id"": ""obstacle_0"", ""kind"": ""static_obstacle"", ""x"": 50.0, ""y"": 50.0, ""radius"": 5.0}]"
overconfident_faulty_sensor,46,9.2,1,18.193,28.008,90.0,94.0,50.0,50.0,,,position_noise+latency+confidence_error,,confidence_weighted_fusion,move,2,0,97.525,10.032,33.67,uav_3,10.032,False,False,False,False,False,1,"[{""id"": ""obstacle_0"", ""kind"": ""static_obstacle"", ""x"": 50.0, ""y"": 50.0, ""radius"": 5.0}]"
overconfident_faulty_sensor,46,9.2,2,25.993,19.379,86.0,90.0,50.0,50.0,,,false_negative+position_noise+latency+confidence_error,,confidence_weighted_fusion,false_avoidance,4,1,92.673,7.701,33.91,uav_0,7.701,False,True,False,False,False,1,"[{""id"": ""obstacle_0"", ""kind"": ""static_obstacle"", ""x"": 50.0, ""y"": 50.0, ""radius"": 5.0}]"
overconfident_faulty_sensor,46,9.2,3,28.225,27.976,90.0,86.0,50.0,50.0,,,false_negative+position_noise+latency+confidence_error,,confidence_weighted_fusion,move,2,0,84.752,8.882,25.971,uav_2,8.882,False,False,False,False,False,1,"[{""id"": ""obstacle_0"", ""kind"": ""static_obstacle"", ""x"": 50.0, ""y"": 50.0, ""radius"": 5.0}]"
overconfident_faulty_sensor,47,9.4,0,18.79,17.87,94.0,90.0,50.0,50.0,,,position_noise+latency+confidence_error,,confidence_weighted_fusion,move,3,0,104.208,7.679,39.793,uav_2,7.679,False,False,False,False,False,1,"[{""id"": ""obstacle_0"", ""kind"": ""static_obstacle"", ""x"": 50.0, ""y"": 50.0, ""radius"": 5.0}]"
overconfident_faulty_sensor,47,9.4,1,18.487,28.279,90.0,94.0,50.0,50.0,,,false_negative+position_noise+latency+confidence_error,,confidence_weighted_fusion,move,3,0,97.125,10.029,33.273,uav_3,10.029,False,False,False,False,False,1,"[{""id"": ""obstacle_0"", ""kind"": ""static_obstacle"", ""x"": 50.0, ""y"": 50.0, ""radius"": 5.0}]"
overconfident_faulty_sensor,47,9.4,2,26.252,19.684,86.0,90.0,50.0,50.0,,,position_noise+latency+confidence_error,,confidence_weighted_fusion,move,2,0,92.273,7.679,33.51,uav_0,7.679,False,False,False,False,False,1,"[{""id"": ""obstacle_0"", ""kind"": ""static_obstacle"", ""x"": 50.0, ""y"": 50.0, ""radius"": 5.0}]"
overconfident_faulty_sensor,47,9.4,3,28.517,28.25,90.0,86.0,50.0,50.0,,,position_noise+latency+confidence_error,,confidence_weighted_fusion,move,3,0,84.352,8.86,25.571,uav_2,8.86,False,False,False,False,False,1,"[{""id"": ""obstacle_0"", ""kind"": ""static_obstacle"", ""x"": 50.0, ""y"": 50.0, ""radius"": 5.0}]"
overconfident_faulty_sensor,48,9.6,0,19.079,18.147,94.0,90.0,50.0,50.0,,,position_noise+latency+confidence_error,,confidence_weighted_fusion,move,2,0,103.808,7.657,39.393,uav_2,7.657,False,False,False,False,False,1,"[{""id"": ""obstacle_0"", ""kind"": ""static_obstacle"", ""x"": 50.0, ""y"": 50.0, ""radius"": 5.0}]"
overconfident_faulty_sensor,48,9.6,1,18.782,28.55,90.0,94.0,50.0,50.0,,,false_negative+position_noise+latency+confidence_error,,confidence_weighted_fusion,move,3,0,96.725,10.026,32.877,uav_3,10.026,False,False,False,False,False,1,"[{""id"": ""obstacle_0"", ""kind"": ""static_obstacle"", ""x"": 50.0, ""y"": 50.0, ""radius"": 5.0}]"
overconfident_faulty_sensor,48,9.6,2,26.511,19.989,86.0,90.0,50.0,50.0,,,false_negative+position_noise+latency+confidence_error,,confidence_weighted_fusion,move,3,0,91.873,7.657,33.111,uav_0,7.657,False,False,False,False,False,1,"[{""id"": ""obstacle_0"", ""kind"": ""static_obstacle"", ""x"": 50.0, ""y"": 50.0, ""radius"": 5.0}]"
overconfident_faulty_sensor,48,9.6,3,28.808,28.524,90.0,86.0,50.0,50.0,,,position_noise+latency+confidence_error,,confidence_weighted_fusion,move,3,0,83.952,8.839,25.171,uav_2,8.839,False,False,False,False,False,1,"[{""id"": ""obstacle_0"", ""kind"": ""static_obstacle"", ""x"": 50.0, ""y"": 50.0, ""radius"": 5.0}]"
overconfident_faulty_sensor,49,9.8,0,19.368,18.424,94.0,90.0,50.0,50.0,,,false_negative+position_noise+latency+confidence_error,,confidence_weighted_fusion,move,3,0,103.408,7.635,38.993,uav_2,7.635,False,False,False,False,False,1,"[{""id"": ""obstacle_0"", ""kind"": ""static_obstacle"", ""x"": 50.0, ""y"": 50.0, ""radius"": 5.0}]"
overconfident_faulty_sensor,49,9.8,1,19.076,28.82,90.0,94.0,50.0,50.0,,,position_noise+latency+confidence_error,,confidence_weighted_fusion,move,3,0,96.325,10.024,32.481,uav_3,10.024,False,False,False,False,False,1,"[{""id"": ""obstacle_0"", ""kind"": ""static_obstacle"", ""x"": 50.0, ""y"": 50.0, ""radius"": 5.0}]"
overconfident_faulty_sensor,49,9.8,2,26.77,20.294,86.0,90.0,50.0,50.0,,,false_negative+position_noise+latency+confidence_error,,confidence_weighted_fusion,move,1,0,91.473,7.635,32.711,uav_0,7.635,False,False,False,False,False,1,"[{""id"": ""obstacle_0"", ""kind"": ""static_obstacle"", ""x"": 50.0, ""y"": 50.0, ""radius"": 5.0}]"
overconfident_faulty_sensor,49,9.8,3,29.1,28.798,90.0,86.0,50.0,50.0,,,position_noise+latency+confidence_error,,confidence_weighted_fusion,move,2,0,83.552,8.818,24.772,uav_2,8.818,False,False,False,False,False,1,"[{""id"": ""obstacle_0"", ""kind"": ""static_obstacle"", ""x"": 50.0, ""y"": 50.0, ""radius"": 5.0}]"
overconfident_faulty_sensor,50,10.0,0,19.656,18.701,94.0,90.0,50.0,50.0,,,dropout+latency+confidence_error,,confidence_weighted_fusion,move,3,0,103.008,7.613,38.593,uav_2,7.613,False,False,False,False,False,1,"[{""id"": ""obstacle_0"", ""kind"": ""static_obstacle"", ""x"": 50.0, ""y"": 50.0, ""radius"": 5.0}]"
overconfident_faulty_sensor,50,10.0,1,19.371,29.091,90.0,94.0,50.0,50.0,,,false_positive+false_negative+position_noise+latency+confidence_error,,confidence_weighted_fusion,move,1,0,95.925,10.021,32.086,uav_3,10.021,False,False,False,False,False,1,"[{""id"": ""obstacle_0"", ""kind"": ""static_obstacle"", ""x"": 50.0, ""y"": 50.0, ""radius"": 5.0}]"
overconfident_faulty_sensor,50,10.0,2,27.029,20.598,86.0,90.0,50.0,50.0,,,position_noise+latency+confidence_error,,confidence_weighted_fusion,move,3,0,91.073,7.613,32.311,uav_0,7.613,False,False,False,False,False,1,"[{""id"": ""obstacle_0"", ""kind"": ""static_obstacle"", ""x"": 50.0, ""y"": 50.0, ""radius"": 5.0}]"
overconfident_faulty_sensor,50,10.0,3,29.391,29.072,90.0,86.0,50.0,50.0,,,false_negative+position_noise+latency+confidence_error,,confidence_weighted_fusion,move,3,0,83.152,8.796,24.372,uav_2,8.796,False,False,False,False,False,1,"[{""id"": ""obstacle_0"", ""kind"": ""static_obstacle"", ""x"": 50.0, ""y"": 50.0, ""radius"": 5.0}]"
overconfident_faulty_sensor,51,10.2,0,19.945,18.978,94.0,90.0,50.0,50.0,,,dropout+latency+confidence_error,,confidence_weighted_fusion,move,3,0,102.608,7.591,38.194,uav_2,7.591,False,False,False,False,False,1,"[{""id"": ""obstacle_0"", ""kind"": ""static_obstacle"", ""x"": 50.0, ""y"": 50.0, ""radius"": 5.0}]"
overconfident_faulty_sensor,51,10.2,1,19.665,29.362,90.0,94.0,50.0,50.0,,,position_noise+latency+confidence_error,,confidence_weighted_fusion,move,1,0,95.525,10.018,31.69,uav_3,10.018,False,False,False,False,False,1,"[{""id"": ""obstacle_0"", ""kind"": ""static_obstacle"", ""x"": 50.0, ""y"": 50.0, ""radius"": 5.0}]"
overconfident_faulty_sensor,51,10.2,2,27.288,20.903,86.0,90.0,50.0,50.0,,,false_negative+position_noise+latency+confidence_error,,confidence_weighted_fusion,move,2,0,90.673,7.591,31.912,uav_0,7.591,False,False,False,False,False,1,"[{""id"": ""obstacle_0"", ""kind"": ""static_obstacle"", ""x"": 50.0, ""y"": 50.0, ""radius"": 5.0}]"
overconfident_faulty_sensor,51,10.2,3,29.683,29.345,90.0,86.0,50.0,50.0,,,false_negative+position_noise+latency+confidence_error,,confidence_weighted_fusion,move,3,0,82.752,8.775,23.972,uav_2,8.775,False,False,False,False,False,1,"[{""id"": ""obstacle_0"", ""kind"": ""static_obstacle"", ""x"": 50.0, ""y"": 50.0, ""radius"": 5.0}]"
overconfident_faulty_sensor,52,10.4,0,20.234,19.255,94.0,90.0,50.0,50.0,,,dropout+latency+confidence_error,,confidence_weighted_fusion,move,2,0,102.208,7.569,37.794,uav_2,7.569,False,False,False,False,False,1,"[{""id"": ""obstacle_0"", ""kind"": ""static_obstacle"", ""x"": 50.0, ""y"": 50.0, ""radius"": 5.0}]"
overconfident_faulty_sensor,52,10.4,1,19.96,29.632,90.0,94.0,50.0,50.0,,,false_negative+latency+confidence_error,,confidence_weighted_fusion,move,3,0,95.125,10.015,31.294,uav_3,10.015,False,False,False,False,False,1,"[{""id"": ""obstacle_0"", ""kind"": ""static_obstacle"", ""x"": 50.0, ""y"": 50.0, ""radius"": 5.0}]"
overconfident_faulty_sensor,52,10.4,2,27.547,21.208,86.0,90.0,50.0,50.0,,,false_negative+position_noise+latency+confidence_error,,confidence_weighted_fusion,move,2,0,90.273,7.569,31.512,uav_0,7.569,False,False,False,False,False,1,"[{""id"": ""obstacle_0"", ""kind"": ""static_obstacle"", ""x"": 50.0, ""y"": 50.0, ""radius"": 5.0}]"
overconfident_faulty_sensor,52,10.4,3,29.974,29.619,90.0,86.0,50.0,50.0,,,dropout+latency+confidence_error,,confidence_weighted_fusion,move,3,0,82.352,8.755,23.573,uav_2,8.755,False,False,False,False,False,1,"[{""id"": ""obstacle_0"", ""kind"": ""static_obstacle"", ""x"": 50.0, ""y"": 50.0, ""radius"": 5.0}]"
overconfident_faulty_sensor,53,10.6,0,20.522,19.531,94.0,90.0,50.0,50.0,,,dropout+latency+confidence_error,,confidence_weighted_fusion,move,0,0,101.808,7.548,37.394,uav_2,7.548,False,False,False,False,False,1,"[{""id"": ""obstacle_0"", ""kind"": ""static_obstacle"", ""x"": 50.0, ""y"": 50.0, ""radius"": 5.0}]"
overconfident_faulty_sensor,53,10.6,1,20.296,29.849,90.0,94.0,50.0,50.0,,,dropout+latency+confidence_error,,confidence_weighted_fusion,false_avoidance,3,1,94.731,9.97,30.894,uav_3,9.97,False,True,False,False,False,1,"[{""id"": ""obstacle_0"", ""kind"": ""static_obstacle"", ""x"": 50.0, ""y"": 50.0, ""radius"": 5.0}]"
overconfident_faulty_sensor,53,10.6,2,27.806,21.513,86.0,90.0,50.0,50.0,,,false_negative+position_noise+latency+confidence_error,,confidence_weighted_fusion,move,3,0,89.873,7.548,31.112,uav_0,7.548,False,False,False,False,False,1,"[{""id"": ""obstacle_0"", ""kind"": ""static_obstacle"", ""x"": 50.0, ""y"": 50.0, ""radius"": 5.0}]"
overconfident_faulty_sensor,53,10.6,3,30.266,29.893,90.0,86.0,50.0,50.0,,,dropout+latency+confidence_error,,confidence_weighted_fusion,move,2,0,81.952,8.734,23.173,uav_2,8.734,False,False,False,False,False,1,"[{""id"": ""obstacle_0"", ""kind"": ""static_obstacle"", ""x"": 50.0, ""y"": 50.0, ""radius"": 5.0}]"
overconfident_faulty_sensor,54,10.8,0,20.811,19.808,94.0,90.0,50.0,50.0,,,dropout+latency+confidence_error,,confidence_weighted_fusion,move,0,0,101.408,7.527,36.995,uav_2,7.527,False,False,False,False,False,1,"[{""id"": ""obstacle_0"", ""kind"": ""static_obstacle"", ""x"": 50.0, ""y"": 50.0, ""radius"": 5.0}]"
overconfident_faulty_sensor,54,10.8,1,20.591,30.12,90.0,94.0,50.0,50.0,,,dropout+latency+confidence_error,,confidence_weighted_fusion,move,3,0,94.331,9.967,30.499,uav_3,9.967,False,False,False,False,False,1,"[{""id"": ""obstacle_0"", ""kind"": ""static_obstacle"", ""x"": 50.0, ""y"": 50.0, ""radius"": 5.0}]"
overconfident_faulty_sensor,54,10.8,2,28.065,21.818,86.0,90.0,50.0,50.0,,,position_noise+latency+confidence_error,,confidence_weighted_fusion,move,2,0,89.473,7.527,30.713,uav_0,7.527,False,False,False,False,False,1,"[{""id"": ""obstacle_0"", ""kind"": ""static_obstacle"", ""x"": 50.0, ""y"": 50.0, ""radius"": 5.0}]"
overconfident_faulty_sensor,54,10.8,3,30.558,30.167,90.0,86.0,50.0,50.0,,,dropout+latency+confidence_error,,confidence_weighted_fusion,move,2,0,81.552,8.714,22.773,uav_2,8.714,False,False,False,False,False,1,"[{""id"": ""obstacle_0"", ""kind"": ""static_obstacle"", ""x"": 50.0, ""y"": 50.0, ""radius"": 5.0}]"
overconfident_faulty_sensor,55,11.0,0,21.1,20.085,94.0,90.0,50.0,50.0,,,position_noise+latency+confidence_error,,confidence_weighted_fusion,move,0,0,101.008,7.506,36.595,uav_2,7.506,False,False,False,False,False,1,"[{""id"": ""obstacle_0"", ""kind"": ""static_obstacle"", ""x"": 50.0, ""y"": 50.0, ""radius"": 5.0}]"
overconfident_faulty_sensor,55,11.0,1,20.885,30.39,90.0,94.0,50.0,50.0,,,dropout+latency+confidence_error,,confidence_weighted_fusion,move,0,0,93.931,9.964,30.103,uav_3,9.964,False,False,False,False,False,1,"[{""id"": ""obstacle_0"", ""kind"": ""static_obstacle"", ""x"": 50.0, ""y"": 50.0, ""radius"": 5.0}]"
overconfident_faulty_sensor,55,11.0,2,28.324,22.123,86.0,90.0,50.0,50.0,,,dropout+latency+confidence_error,,confidence_weighted_fusion,move,2,0,89.073,7.506,30.313,uav_0,7.506,False,False,False,False,False,1,"[{""id"": ""obstacle_0"", ""kind"": ""static_obstacle"", ""x"": 50.0, ""y"": 50.0, ""radius"": 5.0}]"
overconfident_faulty_sensor,55,11.0,3,30.849,30.441,90.0,86.0,50.0,50.0,,,dropout+latency+confidence_error,,confidence_weighted_fusion,move,0,0,81.152,8.693,22.374,uav_2,8.693,False,False,False,False,False,1,"[{""id"": ""obstacle_0"", ""kind"": ""static_obstacle"", ""x"": 50.0, ""y"": 50.0, ""radius"": 5.0}]"
overconfident_faulty_sensor,56,11.2,0,21.388,20.362,94.0,90.0,50.0,50.0,,,position_noise+latency+confidence_error,,confidence_weighted_fusion,move,0,0,100.608,7.485,36.195,uav_2,7.485,False,False,False,False,False,1,"[{""id"": ""obstacle_0"", ""kind"": ""static_obstacle"", ""x"": 50.0, ""y"": 50.0, ""radius"": 5.0}]"
overconfident_faulty_sensor,56,11.2,1,21.179,30.661,90.0,94.0,50.0,50.0,,,dropout+latency+confidence_error,,confidence_weighted_fusion,move,0,0,93.531,9.962,29.708,uav_3,9.962,False,False,False,False,False,1,"[{""id"": ""obstacle_0"", ""kind"": ""static_obstacle"", ""x"": 50.0, ""y"": 50.0, ""radius"": 5.0}]"
overconfident_faulty_sensor,56,11.2,2,28.583,22.427,86.0,90.0,50.0,50.0,,,dropout+latency+confidence_error,,confidence_weighted_fusion,move,2,0,88.673,7.485,29.914,uav_0,7.485,False,False,False,False,False,1,"[{""id"": ""obstacle_0"", ""kind"": ""static_obstacle"", ""x"": 50.0, ""y"": 50.0, ""radius"": 5.0}]"
overconfident_faulty_sensor,56,11.2,3,31.141,30.715,90.0,86.0,50.0,50.0,,,dropout+latency+confidence_error,,confidence_weighted_fusion,move,0,0,80.752,8.673,21.974,uav_2,8.673,False,False,False,False,False,1,"[{""id"": ""obstacle_0"", ""kind"": ""static_obstacle"", ""x"": 50.0, ""y"": 50.0, ""radius"": 5.0}]"
overconfident_faulty_sensor,57,11.4,0,21.677,20.639,94.0,90.0,50.0,50.0,,,false_negative+position_noise+latency+confidence_error,,confidence_weighted_fusion,move,0,0,100.208,7.464,35.795,uav_2,7.464,False,False,False,False,False,1,"[{""id"": ""obstacle_0"", ""kind"": ""static_obstacle"", ""x"": 50.0, ""y"": 50.0, ""radius"": 5.0}]"
overconfident_faulty_sensor,57,11.4,1,21.474,30.932,90.0,94.0,50.0,50.0,,,dropout+latency+confidence_error,,confidence_weighted_fusion,move,0,0,93.131,9.959,29.312,uav_3,9.959,False,False,False,False,False,1,"[{""id"": ""obstacle_0"", ""kind"": ""static_obstacle"", ""x"": 50.0, ""y"": 50.0, ""radius"": 5.0}]"
overconfident_faulty_sensor,57,11.4,2,28.842,22.732,86.0,90.0,50.0,50.0,,,dropout+latency+confidence_error,,confidence_weighted_fusion,move,3,0,88.273,7.464,29.514,uav_0,7.464,False,False,False,False,False,1,"[{""id"": ""obstacle_0"", ""kind"": ""static_obstacle"", ""x"": 50.0, ""y"": 50.0, ""radius"": 5.0}]"
overconfident_faulty_sensor,57,11.4,3,31.432,30.989,90.0,86.0,50.0,50.0,,,position_noise+latency+confidence_error,,confidence_weighted_fusion,move,0,0,80.352,8.653,21.574,uav_2,8.653,False,False,False,False,False,1,"[{""id"": ""obstacle_0"", ""kind"": ""static_obstacle"", ""x"": 50.0, ""y"": 50.0, ""radius"": 5.0}]"
overconfident_faulty_sensor,58,11.6,0,21.966,20.916,94.0,90.0,50.0,50.0,,,false_negative+position_noise+latency+confidence_error,,confidence_weighted_fusion,move,3,0,99.808,7.444,35.396,uav_2,7.444,False,False,False,False,False,1,"[{""id"": ""obstacle_0"", ""kind"": ""static_obstacle"", ""x"": 50.0, ""y"": 50.0, ""radius"": 5.0}]"
overconfident_faulty_sensor,58,11.6,1,21.768,31.203,90.0,94.0,50.0,50.0,,,false_positive+position_noise+latency+confidence_error,,confidence_weighted_fusion,move,0,0,92.731,9.956,28.917,uav_3,9.956,False,False,False,False,False,1,"[{""id"": ""obstacle_0"", ""kind"": ""static_obstacle"", ""x"": 50.0, ""y"": 50.0, ""radius"": 5.0}]"
overconfident_faulty_sensor,58,11.6,2,29.101,23.037,86.0,90.0,50.0,50.0,,,dropout+latency+confidence_error,,confidence_weighted_fusion,move,0,0,87.873,7.444,29.114,uav_0,7.444,False,False,False,False,False,1,"[{""id"": ""obstacle_0"", ""kind"": ""static_obstacle"", ""x"": 50.0, ""y"": 50.0, ""radius"": 5.0}]"
overconfident_faulty_sensor,58,11.6,3,31.724,31.262,90.0,86.0,50.0,50.0,,,dropout+latency+confidence_error,,confidence_weighted_fusion,move,0,0,79.952,8.634,21.175,uav_2,8.634,False,False,False,False,False,1,"[{""id"": ""obstacle_0"", ""kind"": ""static_obstacle"", ""x"": 50.0, ""y"": 50.0, ""radius"": 5.0}]"
overconfident_faulty_sensor,59,11.8,0,22.254,21.193,94.0,90.0,50.0,50.0,,,false_positive+position_noise+latency+confidence_error,,confidence_weighted_fusion,move,3,0,99.408,7.423,34.996,uav_2,7.423,False,False,False,False,False,1,"[{""id"": ""obstacle_0"", ""kind"": ""static_obstacle"", ""x"": 50.0, ""y"": 50.0, ""radius"": 5.0}]"
overconfident_faulty_sensor,59,11.8,1,22.062,31.474,90.0,94.0,50.0,50.0,,,position_noise+latency+confidence_error,,confidence_weighted_fusion,move,0,0,92.331,9.953,28.522,uav_3,9.953,False,False,False,False,False,1,"[{""id"": ""obstacle_0"", ""kind"": ""static_obstacle"", ""x"": 50.0, ""y"": 50.0, ""radius"": 5.0}]"
overconfident_faulty_sensor,59,11.8,2,29.36,23.342,86.0,90.0,50.0,50.0,,,dropout+latency+confidence_error,,confidence_weighted_fusion,move,0,0,87.473,7.423,28.715,uav_0,7.423,False,False,False,False,False,1,"[{""id"": ""obstacle_0"", ""kind"": ""static_obstacle"", ""x"": 50.0, ""y"": 50.0, ""radius"": 5.0}]"
overconfident_faulty_sensor,59,11.8,3,32.015,31.536,90.0,86.0,50.0,50.0,,,dropout+latency+confidence_error,,confidence_weighted_fusion,move,0,0,79.552,8.614,20.775,uav_2,8.614,False,False,False,False,False,1,"[{""id"": ""obstacle_0"", ""kind"": ""static_obstacle"", ""x"": 50.0, ""y"": 50.0, ""radius"": 5.0}]"
overconfident_faulty_sensor,60,12.0,0,22.543,21.469,94.0,90.0,50.0,50.0,,,false_positive+position_noise+latency+confidence_error,,confidence_weighted_fusion,move,2,0,99.008,7.403,34.596,uav_2,7.403,False,False,False,False,False,1,"[{""id"": ""obstacle_0"", ""kind"": ""static_obstacle"", ""x"": 50.0, ""y"": 50.0, ""radius"": 5.0}]"
overconfident_faulty_sensor,60,12.0,1,22.357,31.745,90.0,94.0,50.0,50.0,,,false_positive+position_noise+latency+confidence_error,,confidence_weighted_fusion,move,0,0,91.931,9.951,28.127,uav_3,9.951,False,False,False,False,False,1,"[{""id"": ""obstacle_0"", ""kind"": ""static_obstacle"", ""x"": 50.0, ""y"": 50.0, ""radius"": 5.0}]"
overconfident_faulty_sensor,60,12.0,2,29.619,23.647,86.0,90.0,50.0,50.0,,,false_negative+position_noise+latency+confidence_error,,confidence_weighted_fusion,move,0,0,87.073,7.403,28.315,uav_0,7.403,False,False,False,False,False,1,"[{""id"": ""obstacle_0"", ""kind"": ""static_obstacle"", ""x"": 50.0, ""y"": 50.0, ""radius"": 5.0}]"
overconfident_faulty_sensor,60,12.0,3,32.307,31.81,90.0,86.0,50.0,50.0,,,dropout+latency+confidence_error,,confidence_weighted_fusion,move,3,0,79.152,8.595,20.376,uav_2,8.595,False,False,False,False,False,1,"[{""id"": ""obstacle_0"", ""kind"": ""static_obstacle"", ""x"": 50.0, ""y"": 50.0, ""radius"": 5.0}]"
overconfident_faulty_sensor,61,12.2,0,22.832,21.746,94.0,90.0,50.0,50.0,,,position_noise+latency+confidence_error,,confidence_weighted_fusion,move,2,0,98.608,7.383,34.197,uav_2,7.383,False,False,False,False,False,1,"[{""id"": ""obstacle_0"", ""kind"": ""static_obstacle"", ""x"": 50.0, ""y"": 50.0, ""radius"": 5.0}]"
overconfident_faulty_sensor,61,12.2,1,22.468,32.129,90.0,94.0,50.0,50.0,,,false_positive+false_negative+position_noise+latency+confidence_error,,confidence_weighted_fusion,false_avoidance,4,1,91.589,10.131,27.824,uav_3,10.131,False,True,False,False,False,1,"[{""id"": ""obstacle_0"", ""kind"": ""static_obstacle"", ""x"": 50.0, ""y"": 50.0, ""radius"": 5.0}]"
overconfident_faulty_sensor,61,12.2,2,29.878,23.951,86.0,90.0,50.0,50.0,,,position_noise+latency+confidence_error,,confidence_weighted_fusion,move,0,0,86.673,7.383,27.916,uav_0,7.383,False,False,False,False,False,1,"[{""id"": ""obstacle_0"", ""kind"": ""static_obstacle"", ""x"": 50.0, ""y"": 50.0, ""radius"": 5.0}]"
overconfident_faulty_sensor,61,12.2,3,32.598,32.084,90.0,86.0,50.0,50.0,,,dropout+latency+confidence_error,,confidence_weighted_fusion,move,0,0,78.752,8.576,19.976,uav_2,8.576,False,False,False,False,False,1,"[{""id"": ""obstacle_0"", ""kind"": ""static_obstacle"", ""x"": 50.0, ""y"": 50.0, ""radius"": 5.0}]"
overconfident_faulty_sensor,62,12.4,0,23.214,21.629,94.0,90.0,50.0,50.0,,,position_noise+latency+confidence_error,,confidence_weighted_fusion,false_avoidance,4,1,98.414,7.405,34.018,uav_2,7.405,False,True,False,False,False,1,"[{""id"": ""obstacle_0"", ""kind"": ""static_obstacle"", ""x"": 50.0, ""y"": 50.0, ""radius"": 5.0}]"
overconfident_faulty_sensor,62,12.4,1,22.763,32.399,90.0,94.0,50.0,50.0,,,position_noise+latency+confidence_error,,confidence_weighted_fusion,move,3,0,91.189,10.127,27.429,uav_3,10.127,False,False,False,False,False,1,"[{""id"": ""obstacle_0"", ""kind"": ""static_obstacle"", ""x"": 50.0, ""y"": 50.0, ""radius"": 5.0}]"
overconfident_faulty_sensor,62,12.4,2,30.137,24.256,86.0,90.0,50.0,50.0,,,false_negative+position_noise+latency+confidence_error,,confidence_weighted_fusion,move,0,0,86.273,7.405,27.516,uav_0,7.405,False,False,False,False,False,1,"[{""id"": ""obstacle_0"", ""kind"": ""static_obstacle"", ""x"": 50.0, ""y"": 50.0, ""radius"": 5.0}]"
overconfident_faulty_sensor,62,12.4,3,32.89,32.358,90.0,86.0,50.0,50.0,,,dropout+latency+confidence_error,,confidence_weighted_fusion,move,0,0,78.352,8.557,19.576,uav_2,8.557,False,False,False,False,False,1,"[{""id"": ""obstacle_0"", ""kind"": ""static_obstacle"", ""x"": 50.0, ""y"": 50.0, ""radius"": 5.0}]"
overconfident_faulty_sensor,63,12.6,0,23.605,21.541,94.0,90.0,50.0,50.0,,,position_noise+latency+confidence_error,,confidence_weighted_fusion,false_avoidance,4,1,98.194,7.432,33.815,uav_2,7.432,False,True,False,False,False,1,"[{""id"": ""obstacle_0"", ""kind"": ""static_obstacle"", ""x"": 50.0, ""y"": 50.0, ""radius"": 5.0}]"
overconfident_faulty_sensor,63,12.6,1,23.132,32.552,90.0,94.0,50.0,50.0,,,position_noise+latency+confidence_error,,confidence_weighted_fusion,false_avoidance,4,1,90.814,10.049,27.036,uav_3,10.049,False,True,False,False,False,1,"[{""id"": ""obstacle_0"", ""kind"": ""static_obstacle"", ""x"": 50.0, ""y"": 50.0, ""radius"": 5.0}]"
overconfident_faulty_sensor,63,12.6,2,30.396,24.561,86.0,90.0,50.0,50.0,,,false_negative+position_noise+latency+confidence_error,,confidence_weighted_fusion,move,1,0,85.873,7.432,27.116,uav_0,7.432,False,False,False,False,False,1,"[{""id"": ""obstacle_0"", ""kind"": ""static_obstacle"", ""x"": 50.0, ""y"": 50.0, ""radius"": 5.0}]"
overconfident_faulty_sensor,63,12.6,3,33.182,32.632,90.0,86.0,50.0,50.0,,,position_noise+latency+confidence_error,,confidence_weighted_fusion,move,0,0,77.952,8.538,19.177,uav_2,8.538,False,False,False,False,False,1,"[{""id"": ""obstacle_0"", ""kind"": ""static_obstacle"", ""x"": 50.0, ""y"": 50.0, ""radius"": 5.0}]"
overconfident_faulty_sensor,64,12.8,0,23.891,21.82,94.0,90.0,50.0,50.0,,,false_negative+position_noise+latency+confidence_error,,confidence_weighted_fusion,move,3,0,97.794,7.418,33.416,uav_2,7.418,False,False,False,False,False,1,"[{""id"": ""obstacle_0"", ""kind"": ""static_obstacle"", ""x"": 50.0, ""y"": 50.0, ""radius"": 5.0}]"
overconfident_faulty_sensor,64,12.8,1,23.532,32.53,90.0,94.0,50.0,50.0,,,position_noise+latency+confidence_error,,confidence_weighted_fusion,false_avoidance,3,1,90.535,9.948,26.714,uav_3,9.948,False,True,False,False,False,1,"[{""id"": ""obstacle_0"", ""kind"": ""static_obstacle"", ""x"": 50.0, ""y"": 50.0, ""radius"": 5.0}]"
overconfident_faulty_sensor,64,12.8,2,30.655,24.866,86.0,90.0,50.0,50.0,,,false_negative+position_noise+latency+confidence_error,,confidence_weighted_fusion,move,3,0,85.473,7.418,26.717,uav_0,7.418,False,False,False,False,False,1,"[{""id"": ""obstacle_0"", ""kind"": ""static_obstacle"", ""x"": 50.0, ""y"": 50.0, ""radius"": 5.0}]"
overconfident_faulty_sensor,64,12.8,3,33.473,32.906,90.0,86.0,50.0,50.0,,,dropout+latency+confidence_error,,confidence_weighted_fusion,move,0,0,77.552,8.519,18.777,uav_2,8.519,False,False,False,False,False,1,"[{""id"": ""obstacle_0"", ""kind"": ""static_obstacle"", ""x"": 50.0, ""y"": 50.0, ""radius"": 5.0}]"
overconfident_faulty_sensor,65,13.0,0,24.178,22.099,94.0,90.0,50.0,50.0,,,position_noise+latency+confidence_error,,confidence_weighted_fusion,move,3,0,97.394,7.403,33.016,uav_2,7.403,False,False,False,False,False,1,"[{""id"": ""obstacle_0"", ""kind"": ""static_obstacle"", ""x"": 50.0, ""y"": 50.0, ""radius"": 5.0}]"
overconfident_faulty_sensor,65,13.0,1,23.826,32.802,90.0,94.0,50.0,50.0,,,position_noise+latency+confidence_error,,confidence_weighted_fusion,move,3,0,90.135,9.946,26.319,uav_3,9.946,False,False,False,False,False,1,"[{""id"": ""obstacle_0"", ""kind"": ""static_obstacle"", ""x"": 50.0, ""y"": 50.0, ""radius"": 5.0}]"
overconfident_faulty_sensor,65,13.0,2,30.914,25.171,86.0,90.0,50.0,50.0,,,false_negative+position_noise+latency+confidence_error,,confidence_weighted_fusion,move,2,0,85.073,7.403,26.317,uav_0,7.403,False,False,False,False,False,1,"[{""id"": ""obstacle_0"", ""kind"": ""static_obstacle"", ""x"": 50.0, ""y"": 50.0, ""radius"": 5.0}]"
overconfident_faulty_sensor,65,13.0,3,33.765,33.179,90.0,86.0,50.0,50.0,,,dropout+latency+confidence_error,,confidence_weighted_fusion,move,0,0,77.152,8.501,18.378,uav_2,8.501,False,False,False,False,False,1,"[{""id"": ""obstacle_0"", ""kind"": ""static_obstacle"", ""x"": 50.0, ""y"": 50.0, ""radius"": 5.0}]"
overconfident_faulty_sensor,66,13.2,0,24.465,22.378,94.0,90.0,50.0,50.0,,,false_positive+position_noise+latency+confidence_error,,confidence_weighted_fusion,move,3,0,96.994,7.389,32.617,uav_2,7.389,False,False,False,False,False,1,"[{""id"": ""obstacle_0"", ""kind"": ""static_obstacle"", ""x"": 50.0, ""y"": 50.0, ""radius"": 5.0}]"
overconfident_faulty_sensor,66,13.2,1,24.119,33.073,90.0,94.0,50.0,50.0,,,position_noise+latency+confidence_error,,confidence_weighted_fusion,move,3,0,89.735,9.944,25.925,uav_3,9.944,False,False,False,False,False,1,"[{""id"": ""obstacle_0"", ""kind"": ""static_obstacle"", ""x"": 50.0, ""y"": 50.0, ""radius"": 5.0}]"
overconfident_faulty_sensor,66,13.2,2,31.173,25.476,86.0,90.0,50.0,50.0,,,position_noise+latency+confidence_error,,confidence_weighted_fusion,move,1,0,84.673,7.389,25.918,uav_0,7.389,False,False,False,False,False,1,"[{""id"": ""obstacle_0"", ""kind"": ""static_obstacle"", ""x"": 50.0, ""y"": 50.0, ""radius"": 5.0}]"
overconfident_faulty_sensor,66,13.2,3,34.056,33.453,90.0,86.0,50.0,50.0,,,dropout+latency+confidence_error,,confidence_weighted_fusion,move,3,0,76.752,8.483,17.978,uav_2,8.483,False,False,False,False,False,1,"[{""id"": ""obstacle_0"", ""kind"": ""static_obstacle"", ""x"": 50.0, ""y"": 50.0, ""radius"": 5.0}]"
overconfident_faulty_sensor,67,13.4,0,24.752,22.657,94.0,90.0,50.0,50.0,,,false_negative+position_noise+latency+confidence_error,,confidence_weighted_fusion,move,2,0,96.594,7.374,32.217,uav_2,7.374,False,False,False,False,False,1,"[{""id"": ""obstacle_0"", ""kind"": ""static_obstacle"", ""x"": 50.0, ""y"": 50.0, ""radius"": 5.0}]"
overconfident_faulty_sensor,67,13.4,1,24.413,33.345,90.0,94.0,50.0,50.0,,,position_noise+latency+confidence_error,,confidence_weighted_fusion,move,3,0,89.335,9.942,25.53,uav_3,9.942,False,False,False,False,False,1,"[{""id"": ""obstacle_0"", ""kind"": ""static_obstacle"", ""x"": 50.0, ""y"": 50.0, ""radius"": 5.0}]"
overconfident_faulty_sensor,67,13.4,2,31.432,25.78,86.0,90.0,50.0,50.0,,,position_noise+latency+confidence_error,,confidence_weighted_fusion,move,2,0,84.273,7.374,25.518,uav_0,7.374,False,False,False,False,False,1,"[{""id"": ""obstacle_0"", ""kind"": ""static_obstacle"", ""x"": 50.0, ""y"": 50.0, ""radius"": 5.0}]"
overconfident_faulty_sensor,67,13.4,3,34.348,33.727,90.0,86.0,50.0,50.0,,,dropout+latency+confidence_error,,confidence_weighted_fusion,move,0,0,76.352,8.465,17.579,uav_2,8.465,False,False,False,False,False,1,"[{""id"": ""obstacle_0"", ""kind"": ""static_obstacle"", ""x"": 50.0, ""y"": 50.0, ""radius"": 5.0}]"
overconfident_faulty_sensor,68,13.6,0,25.038,22.936,94.0,90.0,50.0,50.0,,,position_noise+latency+confidence_error,,confidence_weighted_fusion,move,3,0,96.194,7.36,31.818,uav_2,7.36,False,False,False,False,False,1,"[{""id"": ""obstacle_0"", ""kind"": ""static_obstacle"", ""x"": 50.0, ""y"": 50.0, ""radius"": 5.0}]"
overconfident_faulty_sensor,68,13.6,1,24.707,33.616,90.0,94.0,50.0,50.0,,,false_negative+position_noise+latency+confidence_error,,confidence_weighted_fusion,move,3,0,88.935,9.94,25.136,uav_3,9.94,False,False,False,False,False,1,"[{""id"": ""obstacle_0"", ""kind"": ""static_obstacle"", ""x"": 50.0, ""y"": 50.0, ""radius"": 5.0}]"
overconfident_faulty_sensor,68,13.6,2,31.691,26.085,86.0,90.0,50.0,50.0,,,false_negative+position_noise+latency+confidence_error,,confidence_weighted_fusion,move,2,0,83.873,7.36,25.119,uav_0,7.36,False,False,False,False,False,1,"[{""id"": ""obstacle_0"", ""kind"": ""static_obstacle"", ""x"": 50.0, ""y"": 50.0, ""radius"": 5.0}]"
overconfident_faulty_sensor,68,13.6,3,34.639,34.001,90.0,86.0,50.0,50.0,,,dropout+latency+confidence_error,,confidence_weighted_fusion,move,0,0,75.952,8.447,17.179,uav_2,8.447,False,False,False,False,False,1,"[{""id"": ""obstacle_0"", ""kind"": ""static_obstacle"", ""x"": 50.0, ""y"": 50.0, ""radius"": 5.0}]"
overconfident_faulty_sensor,69,13.8,0,25.438,22.945,94.0,90.0,50.0,50.0,,,false_positive+position_noise+latency+confidence_error,,confidence_weighted_fusion,false_avoidance,4,1,95.901,7.367,31.541,uav_2,7.367,False,True,False,False,False,1,"[{""id"": ""obstacle_0"", ""kind"": ""static_obstacle"", ""x"": 50.0, ""y"": 50.0, ""radius"": 5.0}]"
overconfident_faulty_sensor,69,13.8,1,25.0,33.888,90.0,94.0,50.0,50.0,,,false_negative+position_noise+latency+confidence_error,,confidence_weighted_fusion,move,3,0,88.535,9.938,24.742,uav_3,9.938,False,False,False,False,False,1,"[{""id"": ""obstacle_0"", ""kind"": ""static_obstacle"", ""x"": 50.0, ""y"": 50.0, ""radius"": 5.0}]"
overconfident_faulty_sensor,69,13.8,2,31.95,26.39,86.0,90.0,50.0,50.0,,,position_noise+latency+confidence_error,,confidence_weighted_fusion,move,3,0,83.473,7.367,24.719,uav_0,7.367,False,False,False,False,False,1,"[{""id"": ""obstacle_0"", ""kind"": ""static_obstacle"", ""x"": 50.0, ""y"": 50.0, ""radius"": 5.0}]"
overconfident_faulty_sensor,69,13.8,3,34.931,34.275,90.0,86.0,50.0,50.0,,,position_noise+latency+confidence_error,,confidence_weighted_fusion,move,0,0,75.552,8.43,16.78,uav_2,8.43,False,False,False,False,False,1,"[{""id"": ""obstacle_0"", ""kind"": ""static_obstacle"", ""x"": 50.0, ""y"": 50.0, ""radius"": 5.0}]"
overconfident_faulty_sensor,70,14.0,0,25.724,23.225,94.0,90.0,50.0,50.0,,,position_noise+latency+confidence_error,,confidence_weighted_fusion,move,2,0,95.501,7.355,31.142,uav_2,7.355,False,False,False,False,False,1,"[{""id"": ""obstacle_0"", ""kind"": ""static_obstacle"", ""x"": 50.0, ""y"": 50.0, ""radius"": 5.0}]"
overconfident_faulty_sensor,70,14.0,1,25.294,34.16,90.0,94.0,50.0,50.0,,,position_noise+latency+confidence_error,,confidence_weighted_fusion,move,3,0,88.135,9.936,24.348,uav_3,9.936,False,False,False,False,False,1,"[{""id"": ""obstacle_0"", ""kind"": ""static_obstacle"", ""x"": 50.0, ""y"": 50.0, ""radius"": 5.0}]"
overconfident_faulty_sensor,70,14.0,2,32.209,26.695,86.0,90.0,50.0,50.0,,,position_noise+latency+confidence_error,,confidence_weighted_fusion,move,3,0,83.073,7.355,24.32,uav_0,7.355,False,False,False,False,False,1,"[{""id"": ""obstacle_0"", ""kind"": ""static_obstacle"", ""x"": 50.0, ""y"": 50.0, ""radius"": 5.0}]"
overconfident_faulty_sensor,70,14.0,3,35.222,34.549,90.0,86.0,50.0,50.0,,,dropout+latency+confidence_error,,confidence_weighted_fusion,move,0,0,75.152,8.412,16.38,uav_2,8.412,False,False,False,False,False,1,"[{""id"": ""obstacle_0"", ""kind"": ""static_obstacle"", ""x"": 50.0, ""y"": 50.0, ""radius"": 5.0}]"
overconfident_faulty_sensor,71,14.2,0,26.01,23.505,94.0,90.0,50.0,50.0,,,position_noise+latency+confidence_error,,confidence_weighted_fusion,move,3,0,95.101,7.343,30.742,uav_2,7.343,False,False,False,False,False,1,"[{""id"": ""obstacle_0"", ""kind"": ""static_obstacle"", ""x"": 50.0, ""y"": 50.0, ""radius"": 5.0}]"
overconfident_faulty_sensor,71,14.2,1,25.588,34.431,90.0,94.0,50.0,50.0,,,dropout+latency+confidence_error,,confidence_weighted_fusion,move,2,0,87.735,9.934,23.954,uav_3,9.934,False,False,False,False,False,1,"[{""id"": ""obstacle_0"", ""kind"": ""static_obstacle"", ""x"": 50.0, ""y"": 50.0, ""radius"": 5.0}]"
overconfident_faulty_sensor,71,14.2,2,32.468,27.0,86.0,90.0,50.0,50.0,,,false_negative+position_noise+latency+confidence_error,,confidence_weighted_fusion,move,2,0,82.673,7.343,23.92,uav_0,7.343,False,False,False,False,False,1,"[{""id"": ""obstacle_0"", ""kind"": ""static_obstacle"", ""x"": 50.0, ""y"": 50.0, ""radius"": 5.0}]"
overconfident_faulty_sensor,71,14.2,3,35.514,34.822,90.0,86.0,50.0,50.0,,,dropout+latency+confidence_error,,confidence_weighted_fusion,move,0,0,74.752,8.395,15.981,uav_2,8.395,False,False,False,False,False,1,"[{""id"": ""obstacle_0"", ""kind"": ""static_obstacle"", ""x"": 50.0, ""y"": 50.0, ""radius"": 5.0}]"
overconfident_faulty_sensor,72,14.4,0,26.392,23.385,94.0,90.0,50.0,50.0,,,position_noise+latency+confidence_error,,confidence_weighted_fusion,false_avoidance,4,1,94.913,7.449,30.577,uav_2,7.449,False,True,False,False,False,1,"[{""id"": ""obstacle_0"", ""kind"": ""static_obstacle"", ""x"": 50.0, ""y"": 50.0, ""radius"": 5.0}]"
overconfident_faulty_sensor,72,14.4,1,25.881,34.703,90.0,94.0,50.0,50.0,,,dropout+latency+confidence_error,,confidence_weighted_fusion,move,2,0,87.335,9.932,23.561,uav_3,9.932,False,False,False,False,False,1,"[{""id"": ""obstacle_0"", ""kind"": ""static_obstacle"", ""x"": 50.0, ""y"": 50.0, ""radius"": 5.0}]"
overconfident_faulty_sensor,72,14.4,2,32.727,27.304,86.0,90.0,50.0,50.0,,,position_noise+latency+confidence_error,,confidence_weighted_fusion,move,3,0,82.273,7.449,23.521,uav_0,7.449,False,False,False,False,False,1,"[{""id"": ""obstacle_0"", ""kind"": ""static_obstacle"", ""x"": 50.0, ""y"": 50.0, ""radius"": 5.0}]"
overconfident_faulty_sensor,72,14.4,3,35.806,35.096,90.0,86.0,50.0,50.0,,,dropout+latency+confidence_error,,confidence_weighted_fusion,move,3,0,74.352,8.378,15.582,uav_2,8.378,False,False,False,False,False,1,"[{""id"": ""obstacle_0"", ""kind"": ""static_obstacle"", ""x"": 50.0, ""y"": 50.0, ""radius"": 5.0}]"
overconfident_faulty_sensor,73,14.6,0,26.677,23.666,94.0,90.0,50.0,50.0,,,position_noise+latency+confidence_error,,confidence_weighted_fusion,move,3,0,94.513,7.44,30.178,uav_2,7.44,False,False,False,False,False,1,"[{""id"": ""obstacle_0"", ""kind"": ""static_obstacle"", ""x"": 50.0, ""y"": 50.0, ""radius"": 5.0}]"
overconfident_faulty_sensor,73,14.6,1,26.175,34.974,90.0,94.0,50.0,50.0,,,dropout+latency+confidence_error,,confidence_weighted_fusion,move,3,0,86.935,9.93,23.168,uav_3,9.93,False,False,False,False,False,1,"[{""id"": ""obstacle_0"", ""kind"": ""static_obstacle"", ""x"": 50.0, ""y"": 50.0, ""radius"": 5.0}]"
overconfident_faulty_sensor,73,14.6,2,32.986,27.609,86.0,90.0,50.0,50.0,,,false_negative+position_noise+latency+confidence_error,,confidence_weighted_fusion,move,3,0,81.873,7.44,23.122,uav_0,7.44,False,False,False,False,False,1,"[{""id"": ""obstacle_0"", ""kind"": ""static_obstacle"", ""x"": 50.0, ""y"": 50.0, ""radius"": 5.0}]"
overconfident_faulty_sensor,73,14.6,3,36.097,35.37,90.0,86.0,50.0,50.0,,,dropout+latency+confidence_error,,confidence_weighted_fusion,move,0,0,73.952,8.361,15.182,uav_2,8.361,False,False,False,False,False,1,"[{""id"": ""obstacle_0"", ""kind"": ""static_obstacle"", ""x"": 50.0, ""y"": 50.0, ""radius"": 5.0}]"
overconfident_faulty_sensor,74,14.8,0,26.962,23.946,94.0,90.0,50.0,50.0,,,false_positive+false_negative+latency+confidence_error,,confidence_weighted_fusion,move,3,0,94.113,7.431,29.779,uav_2,7.431,False,False,False,False,False,1,"[{""id"": ""obstacle_0"", ""kind"": ""static_obstacle"", ""x"": 50.0, ""y"": 50.0, ""radius"": 5.0}]"
overconfident_faulty_sensor,74,14.8,1,26.469,35.246,90.0,94.0,50.0,50.0,,,dropout+latency+confidence_error,,confidence_weighted_fusion,move,0,0,86.535,9.928,22.774,uav_3,9.928,False,False,False,False,False,1,"[{""id"": ""obstacle_0"", ""kind"": ""static_obstacle"", ""x"": 50.0, ""y"": 50.0, ""radius"": 5.0}]"
overconfident_faulty_sensor,74,14.8,2,33.245,27.914,86.0,90.0,50.0,50.0,,,position_noise+latency+confidence_error,,confidence_weighted_fusion,move,2,0,81.473,7.431,22.722,uav_0,7.431,False,False,False,False,False,1,"[{""id"": ""obstacle_0"", ""kind"": ""static_obstacle"", ""x"": 50.0, ""y"": 50.0, ""radius"": 5.0}]"
overconfident_faulty_sensor,74,14.8,3,36.389,35.644,90.0,86.0,50.0,50.0,,,dropout+latency+confidence_error,,confidence_weighted_fusion,move,0,0,73.552,8.345,14.783,uav_2,8.345,False,False,False,False,False,1,"[{""id"": ""obstacle_0"", ""kind"": ""static_obstacle"", ""x"": 50.0, ""y"": 50.0, ""radius"": 5.0}]"
overconfident_faulty_sensor,75,15.0,0,27.247,24.227,94.0,90.0,50.0,50.0,,,position_noise+latency+confidence_error,,confidence_weighted_fusion,move,3,0,93.713,7.422,29.38,uav_2,7.422,False,False,False,False,False,1,"[{""id"": ""obstacle_0"", ""kind"": ""static_obstacle"", ""x"": 50.0, ""y"": 50.0, ""radius"": 5.0}]"
overconfident_faulty_sensor,75,15.0,1,26.762,35.517,90.0,94.0,50.0,50.0,,,dropout+latency+confidence_error,,confidence_weighted_fusion,move,0,0,86.135,9.926,22.381,uav_3,9.926,False,False,False,False,False,1,"[{""id"": ""obstacle_0"", ""kind"": ""static_obstacle"", ""x"": 50.0, ""y"": 50.0, ""radius"": 5.0}]"
overconfident_faulty_sensor,75,15.0,2,33.504,28.219,86.0,90.0,50.0,50.0,,,position_noise+latency+confidence_error,,confidence_weighted_fusion,move,3,0,81.073,7.422,22.323,uav_0,7.422,False,False,False,False,False,1,"[{""id"": ""obstacle_0"", ""kind"": ""static_obstacle"", ""x"": 50.0, ""y"": 50.0, ""radius"": 5.0}]"
overconfident_faulty_sensor,75,15.0,3,36.68,35.918,90.0,86.0,50.0,50.0,,,position_noise+latency+confidence_error,,confidence_weighted_fusion,move,0,0,73.152,8.329,14.384,uav_2,8.329,False,False,False,False,False,1,"[{""id"": ""obstacle_0"", ""kind"": ""static_obstacle"", ""x"": 50.0, ""y"": 50.0, ""radius"": 5.0}]"
overconfident_faulty_sensor,76,15.2,0,27.532,24.508,94.0,90.0,50.0,50.0,,,position_noise+latency+confidence_error,,confidence_weighted_fusion,move,2,0,93.313,7.413,28.981,uav_2,7.413,False,False,False,False,False,1,"[{""id"": ""obstacle_0"", ""kind"": ""static_obstacle"", ""x"": 50.0, ""y"": 50.0, ""radius"": 5.0}]"
overconfident_faulty_sensor,76,15.2,1,27.056,35.789,90.0,94.0,50.0,50.0,,,position_noise+latency+confidence_error,,confidence_weighted_fusion,move,0,0,85.735,9.888,21.989,uav_2,9.888,False,False,False,False,False,1,"[{""id"": ""obstacle_0"", ""kind"": ""static_obstacle"", ""x"": 50.0, ""y"": 50.0, ""radius"": 5.0}]"
overconfident_faulty_sensor,76,15.2,2,33.763,28.524,86.0,90.0,50.0,50.0,,,position_noise+latency+confidence_error,,confidence_weighted_fusion,move,1,0,80.673,7.413,21.924,uav_0,7.413,False,False,False,False,False,1,"[{""id"": ""obstacle_0"", ""kind"": ""static_obstacle"", ""x"": 50.0, ""y"": 50.0, ""radius"": 5.0}]"
overconfident_faulty_sensor,76,15.2,3,36.972,36.192,90.0,86.0,50.0,50.0,,,false_positive+position_noise+latency+confidence_error,,confidence_weighted_fusion,move,0,0,72.752,8.312,13.984,uav_2,8.312,False,False,False,False,False,1,"[{""id"": ""obstacle_0"", ""kind"": ""static_obstacle"", ""x"": 50.0, ""y"": 50.0, ""radius"": 5.0}]"
overconfident_faulty_sensor,77,15.4,0,27.648,24.891,94.0,90.0,50.0,50.0,,,false_negative+position_noise+latency+confidence_error,,confidence_weighted_fusion,false_avoidance,1,1,92.962,7.492,28.617,uav_2,7.492,False,True,False,False,False,1,"[{""id"": ""obstacle_0"", ""kind"": ""static_obstacle"", ""x"": 50.0, ""y"": 50.0, ""radius"": 5.0}]"
overconfident_faulty_sensor,77,15.4,1,27.35,36.061,90.0,94.0,50.0,50.0,,,false_negative+position_noise+latency+confidence_error,,confidence_weighted_fusion,move,0,0,85.335,9.84,21.596,uav_2,9.84,False,False,False,False,False,1,"[{""id"": ""obstacle_0"", ""kind"": ""static_obstacle"", ""x"": 50.0, ""y"": 50.0, ""radius"": 5.0}]"
overconfident_faulty_sensor,77,15.4,2,34.022,28.829,86.0,90.0,50.0,50.0,,,position_noise+latency+confidence_error,,confidence_weighted_fusion,move,3,0,80.273,7.492,21.524,uav_0,7.492,False,False,False,False,False,1,"[{""id"": ""obstacle_0"", ""kind"": ""static_obstacle"", ""x"": 50.0, ""y"": 50.0, ""radius"": 5.0}]"
overconfident_faulty_sensor,77,15.4,3,37.263,36.466,90.0,86.0,50.0,50.0,,,false_negative+position_noise+latency+confidence_error,,confidence_weighted_fusion,move,0,0,72.352,8.297,13.585,uav_2,8.297,False,False,False,False,False,1,"[{""id"": ""obstacle_0"", ""kind"": ""static_obstacle"", ""x"": 50.0, ""y"": 50.0, ""radius"": 5.0}]"
overconfident_faulty_sensor,78,15.6,0,27.933,25.171,94.0,90.0,50.0,50.0,,,false_positive+position_noise+latency+confidence_error,,confidence_weighted_fusion,move,2,0,92.562,7.483,28.218,uav_2,7.483,False,False,False,False,False,1,"[{""id"": ""obstacle_0"", ""kind"": ""static_obstacle"", ""x"": 50.0, ""y"": 50.0, ""radius"": 5.0}]"
overconfident_faulty_sensor,78,15.6,1,27.643,36.332,90.0,94.0,50.0,50.0,,,position_noise+latency+confidence_error,,confidence_weighted_fusion,move,0,0,84.935,9.792,21.204,uav_2,9.792,False,False,False,False,False,1,"[{""id"": ""obstacle_0"", ""kind"": ""static_obstacle"", ""x"": 50.0, ""y"": 50.0, ""radius"": 5.0}]"
overconfident_faulty_sensor,78,15.6,2,34.281,29.133,86.0,90.0,50.0,50.0,,,position_noise+latency+confidence_error,,confidence_weighted_fusion,move,3,0,79.873,7.483,21.125,uav_0,7.483,False,False,False,False,False,1,"[{""id"": ""obstacle_0"", ""kind"": ""static_obstacle"", ""x"": 50.0, ""y"": 50.0, ""radius"": 5.0}]"
overconfident_faulty_sensor,78,15.6,3,37.555,36.739,90.0,86.0,50.0,50.0,52.16,50.231,position_noise+latency+confidence_error,0.114,confidence_weighted_fusion,move,3,0,71.952,8.281,13.186,uav_2,8.281,False,False,False,False,False,1,"[{""id"": ""obstacle_0"", ""kind"": ""static_obstacle"", ""x"": 50.0, ""y"": 50.0, ""radius"": 5.0}]"
overconfident_faulty_sensor,79,15.8,0,28.219,25.451,94.0,90.0,50.0,50.0,,,position_noise+latency+confidence_error,,confidence_weighted_fusion,move,2,0,92.162,7.474,27.819,uav_2,7.474,False,False,False,False,False,1,"[{""id"": ""obstacle_0"", ""kind"": ""static_obstacle"", ""x"": 50.0, ""y"": 50.0, ""radius"": 5.0}]"
overconfident_faulty_sensor,79,15.8,1,27.937,36.604,90.0,94.0,50.0,50.0,,,position_noise+latency+confidence_error,,confidence_weighted_fusion,move,3,0,84.535,9.609,20.812,uav_3,9.609,False,False,False,False,False,1,"[{""id"": ""obstacle_0"", ""kind"": ""static_obstacle"", ""x"": 50.0, ""y"": 50.0, ""radius"": 5.0}]"
overconfident_faulty_sensor,79,15.8,2,34.54,29.438,86.0,90.0,50.0,50.0,,,false_positive+false_negative+position_noise+latency+confidence_error,,confidence_weighted_fusion,move,3,0,79.473,7.474,20.726,uav_0,7.474,False,False,False,False,False,1,"[{""id"": ""obstacle_0"", ""kind"": ""static_obstacle"", ""x"": 50.0, ""y"": 50.0, ""radius"": 5.0}]"
overconfident_faulty_sensor,79,15.8,3,37.531,37.139,90.0,86.0,50.0,50.0,51.453,50.381,position_noise+latency+confidence_error,0.699,confidence_weighted_fusion,false_avoidance,4,1,71.697,8.261,12.914,uav_2,8.261,False,True,False,False,False,1,"[{""id"": ""obstacle_0"", ""kind"": ""static_obstacle"", ""x"": 50.0, ""y"": 50.0, ""radius"": 5.0}]"
overconfident_faulty_sensor,80,16.0,0,28.504,25.731,94.0,90.0,50.0,50.0,,,false_negative+position_noise+latency+confidence_error,,confidence_weighted_fusion,move,1,0,91.762,7.464,27.42,uav_2,7.464,False,False,False,False,False,1,"[{""id"": ""obstacle_0"", ""kind"": ""static_obstacle"", ""x"": 50.0, ""y"": 50.0, ""radius"": 5.0}]"
overconfident_faulty_sensor,80,16.0,1,28.231,36.875,90.0,94.0,50.0,50.0,,,dropout+latency+confidence_error,,confidence_weighted_fusion,move,1,0,84.135,9.69,20.42,uav_3,9.69,False,False,False,False,False,1,"[{""id"": ""obstacle_0"", ""kind"": ""static_obstacle"", ""x"": 50.0, ""y"": 50.0, ""radius"": 5.0}]"
overconfident_faulty_sensor,80,16.0,2,34.799,29.743,86.0,90.0,50.0,50.0,,,position_noise+latency+confidence_error,,confidence_weighted_fusion,move,3,0,79.073,7.464,20.326,uav_0,7.464,False,False,False,False,False,1,"[{""id"": ""obstacle_0"", ""kind"": ""static_obstacle"", ""x"": 50.0, ""y"": 50.0, ""radius"": 5.0}]"
overconfident_faulty_sensor,80,16.0,3,37.913,37.256,90.0,86.0,50.0,50.0,50.528,50.314,false_negative+position_noise+latency+confidence_error,0.352,confidence_weighted_fusion,avoidance,2,0,71.337,8.133,12.564,uav_2,8.133,False,False,False,False,False,1,"[{""id"": ""obstacle_0"", ""kind"": ""static_obstacle"", ""x"": 50.0, ""y"": 50.0, ""radius"": 5.0}]"
overconfident_faulty_sensor,81,16.2,0,28.793,26.008,94.0,90.0,50.0,50.0,,,position_noise+latency+confidence_error,,confidence_weighted_fusion,false_avoidance,3,1,91.362,7.455,27.021,uav_2,7.455,False,True,False,False,False,1,"[{""id"": ""obstacle_0"", ""kind"": ""static_obstacle"", ""x"": 50.0, ""y"": 50.0, ""radius"": 5.0}]"
overconfident_faulty_sensor,81,16.2,1,28.524,37.147,90.0,94.0,50.0,50.0,,,dropout+latency+confidence_error,,confidence_weighted_fusion,move,3,0,83.735,9.648,20.028,uav_2,9.648,False,False,False,False,False,1,"[{""id"": ""obstacle_0"", ""kind"": ""static_obstacle"", ""x"": 50.0, ""y"": 50.0, ""radius"": 5.0}]"
overconfident_faulty_sensor,81,16.2,2,35.058,30.048,86.0,90.0,50.0,50.0,,,position_noise+latency+confidence_error,,confidence_weighted_fusion,move,3,0,78.673,7.455,19.927,uav_0,7.455,False,False,False,False,False,1,"[{""id"": ""obstacle_0"", ""kind"": ""static_obstacle"", ""x"": 50.0, ""y"": 50.0, ""radius"": 5.0}]"
overconfident_faulty_sensor,81,16.2,3,38.292,37.383,90.0,86.0,50.0,50.0,51.871,49.038,false_negative+position_noise+latency+confidence_error,0.662,confidence_weighted_fusion,avoidance,3,0,70.974,8.017,12.212,uav_2,8.017,False,False,False,False,False,1,"[{""id"": ""obstacle_0"", ""kind"": ""static_obstacle"", ""x"": 50.0, ""y"": 50.0, ""radius"": 5.0}]"
overconfident_faulty_sensor,82,16.4,0,29.078,26.288,94.0,90.0,50.0,50.0,,,position_noise+latency+confidence_error,,confidence_weighted_fusion,move,2,0,90.962,7.241,26.622,uav_2,7.241,False,False,False,False,False,1,"[{""id"": ""obstacle_0"", ""kind"": ""static_obstacle"", ""x"": 50.0, ""y"": 50.0, ""radius"": 5.0}]"
overconfident_faulty_sensor,82,16.4,1,28.818,37.419,90.0,94.0,50.0,50.0,,,dropout+latency+confidence_error,,confidence_weighted_fusion,move,3,0,83.335,9.325,19.637,uav_2,9.325,False,False,False,False,False,1,"[{""id"": ""obstacle_0"", ""kind"": ""static_obstacle"", ""x"": 50.0, ""y"": 50.0, ""radius"": 5.0}]"
overconfident_faulty_sensor,82,16.4,2,35.008,30.445,86.0,90.0,50.0,50.0,,,false_negative+position_noise+latency+confidence_error,,confidence_weighted_fusion,false_avoidance,3,1,78.403,7.241,19.641,uav_0,7.241,False,True,False,False,False,1,"[{""id"": ""obstacle_0"", ""kind"": ""static_obstacle"", ""x"": 50.0, ""y"": 50.0, ""radius"": 5.0}]"
overconfident_faulty_sensor,82,16.4,3,38.685,37.459,90.0,86.0,50.0,50.0,48.281,51.359,position_noise+latency+confidence_error,0.134,confidence_weighted_fusion,avoidance,3,0,70.636,7.92,11.891,uav_2,7.92,False,False,False,False,False,1,"[{""id"": ""obstacle_0"", ""kind"": ""static_obstacle"", ""x"": 50.0, ""y"": 50.0, ""radius"": 5.0}]"
overconfident_faulty_sensor,83,16.6,0,29.364,26.569,94.0,90.0,50.0,50.0,,,position_noise+latency+confidence_error,,confidence_weighted_fusion,move,2,0,90.562,7.234,26.223,uav_2,7.234,False,False,False,False,False,1,"[{""id"": ""obstacle_0"", ""kind"": ""static_obstacle"", ""x"": 50.0, ""y"": 50.0, ""radius"": 5.0}]"
overconfident_faulty_sensor,83,16.6,1,29.112,37.69,90.0,94.0,50.0,50.0,,,dropout+latency+confidence_error,,confidence_weighted_fusion,move,0,0,82.935,9.278,19.246,uav_2,9.278,False,False,False,False,False,1,"[{""id"": ""obstacle_0"", ""kind"": ""static_obstacle"", ""x"": 50.0, ""y"": 50.0, ""radius"": 5.0}]"
overconfident_faulty_sensor,83,16.6,2,35.268,30.748,86.0,90.0,50.0,50.0,,,false_negative+position_noise+latency+confidence_error,,confidence_weighted_fusion,move,3,0,78.003,7.234,19.242,uav_0,7.234,False,False,False,False,False,1,"[{""id"": ""obstacle_0"", ""kind"": ""static_obstacle"", ""x"": 50.0, ""y"": 50.0, ""radius"": 5.0}]"
overconfident_faulty_sensor,83,16.6,3,39.07,37.566,90.0,86.0,50.0,50.0,50.509,51.439,false_negative+position_noise+latency+confidence_error,0.434,confidence_weighted_fusion,avoidance,3,0,70.283,7.806,11.555,uav_2,7.806,False,False,False,False,False,1,"[{""id"": ""obstacle_0"", ""kind"": ""static_obstacle"", ""x"": 50.0, ""y"": 50.0, ""radius"": 5.0}]"
overconfident_faulty_sensor,84,16.8,0,29.649,26.849,94.0,90.0,50.0,50.0,,,false_negative+position_noise+latency+confidence_error,,confidence_weighted_fusion,move,3,0,90.162,7.227,25.824,uav_2,7.227,False,False,False,False,False,1,"[{""id"": ""obstacle_0"", ""kind"": ""static_obstacle"", ""x"": 50.0, ""y"": 50.0, ""radius"": 5.0}]"
overconfident_faulty_sensor,84,16.8,1,29.405,37.962,90.0,94.0,50.0,50.0,,,dropout+latency+confidence_error,,confidence_weighted_fusion,move,0,0,82.535,9.232,18.855,uav_2,9.232,False,False,False,False,False,1,"[{""id"": ""obstacle_0"", ""kind"": ""static_obstacle"", ""x"": 50.0, ""y"": 50.0, ""radius"": 5.0}]"
overconfident_faulty_sensor,84,16.8,2,35.528,31.052,86.0,90.0,50.0,50.0,,,position_noise+latency+confidence_error,,confidence_weighted_fusion,move,3,0,77.603,7.227,18.842,uav_0,7.227,False,False,False,False,False,1,"[{""id"": ""obstacle_0"", ""kind"": ""static_obstacle"", ""x"": 50.0, ""y"": 50.0, ""radius"": 5.0}]"
overconfident_faulty_sensor,84,16.8,3,39.36,37.842,90.0,86.0,50.0,50.0,,,position_noise+latency+confidence_error,,confidence_weighted_fusion,move,2,0,69.883,7.796,11.156,uav_2,7.796,False,False,False,False,False,1,"[{""id"": ""obstacle_0"", ""kind"": ""static_obstacle"", ""x"": 50.0, ""y"": 50.0, ""radius"": 5.0}]"
overconfident_faulty_sensor,85,17.0,0,29.935,27.129,94.0,90.0,50.0,50.0,,,position_noise+latency+confidence_error,,confidence_weighted_fusion,move,3,0,89.762,7.22,25.425,uav_2,7.22,False,False,False,False,False,1,"[{""id"": ""obstacle_0"", ""kind"": ""static_obstacle"", ""x"": 50.0, ""y"": 50.0, ""radius"": 5.0}]"
overconfident_faulty_sensor,85,17.0,1,29.699,38.233,90.0,94.0,50.0,50.0,,,false_negative+position_noise+latency+confidence_error,,confidence_weighted_fusion,move,0,0,82.135,9.185,18.465,uav_2,9.185,False,False,False,False,False,1,"[{""id"": ""obstacle_0"", ""kind"": ""static_obstacle"", ""x"": 50.0, ""y"": 50.0, ""radius"": 5.0}]"
overconfident_faulty_sensor,85,17.0,2,35.788,31.356,86.0,90.0,50.0,50.0,,,position_noise+latency+confidence_error,,confidence_weighted_fusion,move,2,0,77.203,7.22,18.443,uav_0,7.22,False,False,False,False,False,1,"[{""id"": ""obstacle_0"", ""kind"": ""static_obstacle"", ""x"": 50.0, ""y"": 50.0, ""radius"": 5.0}]"
overconfident_faulty_sensor,85,17.0,3,39.75,37.934,90.0,86.0,50.0,50.0,50.573,51.195,false_positive+false_negative+position_noise+latency+confidence_error,0.0,confidence_weighted_fusion,avoidance,4,0,69.537,7.679,10.832,uav_2,7.679,False,False,False,False,False,1,"[{""id"": ""obstacle_0"", ""kind"": ""static_obstacle"", ""x"": 50.0, ""y"": 50.0, ""radius"": 5.0}]"
overconfident_faulty_sensor,86,17.2,0,30.22,27.409,94.0,90.0,50.0,50.0,,,position_noise+latency+confidence_error,,confidence_weighted_fusion,move,3,0,89.362,7.214,25.027,uav_2,7.214,False,False,False,False,False,1,"[{""id"": ""obstacle_0"", ""kind"": ""static_obstacle"", ""x"": 50.0, ""y"": 50.0, ""radius"": 5.0}]"
overconfident_faulty_sensor,86,17.2,1,29.993,38.505,90.0,94.0,50.0,50.0,,,position_noise+latency+confidence_error,,confidence_weighted_fusion,move,0,0,81.735,9.139,18.075,uav_2,9.139,False,False,False,False,False,1,"[{""id"": ""obstacle_0"", ""kind"": ""static_obstacle"", ""x"": 50.0, ""y"": 50.0, ""radius"": 5.0}]"
overconfident_faulty_sensor,86,17.2,2,36.048,31.66,86.0,90.0,50.0,50.0,,,false_negative+position_noise+latency+confidence_error,,confidence_weighted_fusion,move,2,0,76.803,7.214,18.044,uav_0,7.214,False,False,False,False,False,1,"[{""id"": ""obstacle_0"", ""kind"": ""static_obstacle"", ""x"": 50.0, ""y"": 50.0, ""radius"": 5.0}]"
overconfident_faulty_sensor,86,17.2,3,40.147,37.982,90.0,86.0,50.0,50.0,50.476,48.994,position_noise+latency+confidence_error,0.877,confidence_weighted_fusion,avoidance,3,0,69.218,7.534,10.541,uav_2,7.534,False,False,False,False,False,1,"[{""id"": ""obstacle_0"", ""kind"": ""static_obstacle"", ""x"": 50.0, ""y"": 50.0, ""radius"": 5.0}]"
overconfident_faulty_sensor,87,17.4,0,30.506,27.689,94.0,90.0,50.0,50.0,,,false_negative+position_noise+latency+confidence_error,,confidence_weighted_fusion,move,2,0,88.962,7.207,24.628,uav_2,7.207,False,False,False,False,False,1,"[{""id"": ""obstacle_0"", ""kind"": ""static_obstacle"", ""x"": 50.0, ""y"": 50.0, ""radius"": 5.0}]"
overconfident_faulty_sensor,87,17.4,1,30.286,38.776,90.0,94.0,50.0,50.0,,,position_noise+latency+confidence_error,,confidence_weighted_fusion,move,0,0,81.335,9.093,17.685,uav_2,9.093,False,False,False,False,False,1,"[{""id"": ""obstacle_0"", ""kind"": ""static_obstacle"", ""x"": 50.0, ""y"": 50.0, ""radius"": 5.0}]"
overconfident_faulty_sensor,87,17.4,2,36.308,31.964,86.0,90.0,50.0,50.0,,,position_noise+latency+confidence_error,,confidence_weighted_fusion,move,3,0,76.403,7.207,17.644,uav_0,7.207,False,False,False,False,False,1,"[{""id"": ""obstacle_0"", ""kind"": ""static_obstacle"", ""x"": 50.0, ""y"": 50.0, ""radius"": 5.0}]"
overconfident_faulty_sensor,87,17.4,3,40.544,38.024,90.0,86.0,50.0,50.0,48.175,51.602,false_negative+position_noise+latency+confidence_error,0.541,confidence_weighted_fusion,avoidance,4,0,68.902,7.394,10.259,uav_2,7.394,False,False,False,False,False,1,"[{""id"": ""obstacle_0"", ""kind"": ""static_obstacle"", ""x"": 50.0, ""y"": 50.0, ""radius"": 5.0}]"
overconfident_faulty_sensor,88,17.6,0,30.791,27.969,94.0,90.0,50.0,50.0,,,position_noise+latency+confidence_error,,confidence_weighted_fusion,move,3,0,88.562,7.201,24.229,uav_2,7.201,False,False,False,False,False,1,"[{""id"": ""obstacle_0"", ""kind"": ""static_obstacle"", ""x"": 50.0, ""y"": 50.0, ""radius"": 5.0}]"
overconfident_faulty_sensor,88,17.6,1,30.58,39.048,90.0,94.0,50.0,50.0,,,position_noise+latency+confidence_error,,confidence_weighted_fusion,move,2,0,80.935,9.046,17.295,uav_2,9.046,False,False,False,False,False,1,"[{""id"": ""obstacle_0"", ""kind"": ""static_obstacle"", ""x"": 50.0, ""y"": 50.0, ""radius"": 5.0}]"
overconfident_faulty_sensor,88,17.6,2,36.569,32.268,86.0,90.0,50.0,50.0,,,position_noise+latency+confidence_error,,confidence_weighted_fusion,move,3,0,76.003,7.201,17.245,uav_0,7.201,False,False,False,False,False,1,"[{""id"": ""obstacle_0"", ""kind"": ""static_obstacle"", ""x"": 50.0, ""y"": 50.0, ""radius"": 5.0}]"
overconfident_faulty_sensor,88,17.6,3,40.873,38.253,90.0,86.0,50.0,50.0,51.743,51.737,false_negative+position_noise+latency+confidence_error,0.384,confidence_weighted_fusion,avoidance,4,1,68.508,7.372,9.876,uav_2,7.372,False,False,False,False,False,1,"[{""id"": ""obstacle_0"", ""kind"": ""static_obstacle"", ""x"": 50.0, ""y"": 50.0, ""radius"": 5.0}]"
overconfident_faulty_sensor,89,17.8,0,31.077,28.25,94.0,90.0,50.0,50.0,,,false_negative+position_noise+latency+confidence_error,,confidence_weighted_fusion,move,3,0,88.162,7.195,23.83,uav_2,7.195,False,False,False,False,False,1,"[{""id"": ""obstacle_0"", ""kind"": ""static_obstacle"", ""x"": 50.0, ""y"": 50.0, ""radius"": 5.0}]"
overconfident_faulty_sensor,89,17.8,1,30.874,39.32,90.0,94.0,50.0,50.0,,,false_negative+position_noise+latency+confidence_error,,confidence_weighted_fusion,move,3,0,80.535,9.0,16.906,uav_2,9.0,False,False,False,False,False,1,"[{""id"": ""obstacle_0"", ""kind"": ""static_obstacle"", ""x"": 50.0, ""y"": 50.0, ""radius"": 5.0}]"
overconfident_faulty_sensor,89,17.8,2,36.829,32.572,86.0,90.0,50.0,50.0,,,position_noise+latency+confidence_error,,confidence_weighted_fusion,move,2,0,75.603,7.195,16.846,uav_0,7.195,False,False,False,False,False,1,"[{""id"": ""obstacle_0"", ""kind"": ""static_obstacle"", ""x"": 50.0, ""y"": 50.0, ""radius"": 5.0}]"
overconfident_faulty_sensor,89,17.8,3,41.273,38.251,90.0,86.0,50.0,50.0,49.468,49.742,position_noise+latency+confidence_error,0.0,confidence_weighted_fusion,avoidance,4,0,68.222,7.212,9.636,uav_2,7.212,False,False,False,False,False,1,"[{""id"": ""obstacle_0"", ""kind"": ""static_obstacle"", ""x"": 50.0, ""y"": 50.0, ""radius"": 5.0}]"
overconfident_faulty_sensor,90,18.0,0,31.362,28.53,94.0,90.0,50.0,50.0,,,position_noise+latency+confidence_error,,confidence_weighted_fusion,move,2,0,87.762,7.189,23.431,uav_2,7.189,False,False,False,False,False,1,"[{""id"": ""obstacle_0"", ""kind"": ""static_obstacle"", ""x"": 50.0, ""y"": 50.0, ""radius"": 5.0}]"
overconfident_faulty_sensor,90,18.0,1,31.167,39.591,90.0,94.0,50.0,50.0,,,false_negative+position_noise+latency+confidence_error,,confidence_weighted_fusion,move,3,0,80.135,8.954,16.518,uav_2,8.954,False,False,False,False,False,1,"[{""id"": ""obstacle_0"", ""kind"": ""static_obstacle"", ""x"": 50.0, ""y"": 50.0, ""radius"": 5.0}]"
overconfident_faulty_sensor,90,18.0,2,37.089,32.875,86.0,90.0,50.0,50.0,,,false_negative+position_noise+latency+confidence_error,,confidence_weighted_fusion,move,3,0,75.203,7.089,16.446,uav_3,7.089,False,False,False,False,False,1,"[{""id"": ""obstacle_0"", ""kind"": ""static_obstacle"", ""x"": 50.0, ""y"": 50.0, ""radius"": 5.0}]"
overconfident_faulty_sensor,90,18.0,3,41.671,38.284,90.0,86.0,50.0,50.0,50.7,50.212,position_noise+latency+confidence_error,0.0,confidence_weighted_fusion,avoidance,3,0,67.915,7.089,9.374,uav_2,7.089,False,False,False,False,False,1,"[{""id"": ""obstacle_0"", ""kind"": ""static_obstacle"", ""x"": 50.0, ""y"": 50.0, ""radius"": 5.0}]"
overconfident_faulty_sensor,91,18.2,0,31.648,28.81,94.0,90.0,50.0,50.0,,,position_noise+latency+confidence_error,,confidence_weighted_fusion,move,3,0,87.362,7.183,23.033,uav_2,7.183,False,False,False,False,False,1,"[{""id"": ""obstacle_0"", ""kind"": ""static_obstacle"", ""x"": 50.0, ""y"": 50.0, ""radius"": 5.0}]"
overconfident_faulty_sensor,91,18.2,1,31.461,39.863,90.0,94.0,50.0,50.0,,,false_negative+position_noise+latency+confidence_error,,confidence_weighted_fusion,move,3,0,79.735,8.907,16.13,uav_2,8.907,False,False,False,False,False,1,"[{""id"": ""obstacle_0"", ""kind"": ""static_obstacle"", ""x"": 50.0, ""y"": 50.0, ""radius"": 5.0}]"
overconfident_faulty_sensor,91,18.2,2,37.349,33.179,86.0,90.0,50.0,50.0,,,false_positive+position_noise+latency+confidence_error,,confidence_weighted_fusion,move,3,0,74.803,7.088,16.047,uav_3,7.088,False,False,False,False,False,1,"[{""id"": ""obstacle_0"", ""kind"": ""static_obstacle"", ""x"": 50.0, ""y"": 50.0, ""radius"": 5.0}]"
overconfident_faulty_sensor,91,18.2,3,41.956,38.566,90.0,86.0,50.0,50.0,,,position_noise+latency+confidence_error,,confidence_weighted_fusion,move,3,0,67.515,7.088,8.98,uav_2,7.088,False,False,False,False,False,1,"[{""id"": ""obstacle_0"", ""kind"": ""static_obstacle"", ""x"": 50.0, ""y"": 50.0, ""radius"": 5.0}]"
overconfident_faulty_sensor,92,18.4,0,31.933,29.09,94.0,90.0,50.0,50.0,,,false_negative+position_noise+latency+confidence_error,,confidence_weighted_fusion,move,1,0,86.962,7.177,22.634,uav_2,7.177,False,False,False,False,False,1,"[{""id"": ""obstacle_0"", ""kind"": ""static_obstacle"", ""x"": 50.0, ""y"": 50.0, ""radius"": 5.0}]"
overconfident_faulty_sensor,92,18.4,1,31.755,40.134,90.0,94.0,50.0,50.0,,,position_noise+latency+confidence_error,,confidence_weighted_fusion,move,1,0,79.335,8.861,15.742,uav_2,8.861,False,False,False,False,False,1,"[{""id"": ""obstacle_0"", ""kind"": ""static_obstacle"", ""x"": 50.0, ""y"": 50.0, ""radius"": 5.0}]"
overconfident_faulty_sensor,92,18.4,2,37.609,33.483,86.0,90.0,50.0,50.0,,,position_noise+latency+confidence_error,,confidence_weighted_fusion,move,3,0,74.403,6.902,15.648,uav_3,6.902,False,False,False,False,False,1,"[{""id"": ""obstacle_0"", ""kind"": ""static_obstacle"", ""x"": 50.0, ""y"": 50.0, ""radius"": 5.0}]"
overconfident_faulty_sensor,92,18.4,3,42.351,38.499,90.0,86.0,50.0,50.0,49.917,48.74,false_negative+position_noise+latency+confidence_error,0.522,confidence_weighted_fusion,avoidance,4,0,67.282,6.902,8.813,uav_2,6.902,False,False,False,False,False,1,"[{""id"": ""obstacle_0"", ""kind"": ""static_obstacle"", ""x"": 50.0, ""y"": 50.0, ""radius"": 5.0}]"
overconfident_faulty_sensor,93,18.6,0,32.218,29.37,94.0,90.0,50.0,50.0,,,false_negative+position_noise+latency+confidence_error,,confidence_weighted_fusion,move,3,0,86.562,7.172,22.235,uav_2,7.172,False,False,False,False,False,1,"[{""id"": ""obstacle_0"", ""kind"": ""static_obstacle"", ""x"": 50.0, ""y"": 50.0, ""radius"": 5.0}]"
overconfident_faulty_sensor,93,18.6,1,32.048,40.406,90.0,94.0,50.0,50.0,,,position_noise+latency+confidence_error,,confidence_weighted_fusion,move,2,0,78.935,8.815,15.355,uav_2,8.815,False,False,False,False,False,1,"[{""id"": ""obstacle_0"", ""kind"": ""static_obstacle"", ""x"": 50.0, ""y"": 50.0, ""radius"": 5.0}]"
overconfident_faulty_sensor,93,18.6,2,37.869,33.787,86.0,90.0,50.0,50.0,,,false_negative+position_noise+latency+confidence_error,,confidence_weighted_fusion,move,2,0,74.003,6.769,15.249,uav_3,6.769,False,False,False,False,False,1,"[{""id"": ""obstacle_0"", ""kind"": ""static_obstacle"", ""x"": 50.0, ""y"": 50.0, ""radius"": 5.0}]"
overconfident_faulty_sensor,93,18.6,3,42.75,38.477,90.0,86.0,50.0,50.0,50.013,50.055,dropout+latency+confidence_error,0.504,confidence_weighted_fusion,avoidance,4,0,67.015,6.769,8.614,uav_2,6.769,False,False,False,False,False,1,"[{""id"": ""obstacle_0"", ""kind"": ""static_obstacle"", ""x"": 50.0, ""y"": 50.0, ""radius"": 5.0}]"
overconfident_faulty_sensor,94,18.8,0,32.504,29.651,94.0,90.0,50.0,50.0,,,false_negative+position_noise+latency+confidence_error,,confidence_weighted_fusion,move,3,0,86.162,7.059,21.837,uav_2,7.059,False,False,False,False,False,1,"[{""id"": ""obstacle_0"", ""kind"": ""static_obstacle"", ""x"": 50.0, ""y"": 50.0, ""radius"": 5.0}]"
overconfident_faulty_sensor,94,18.8,1,32.342,40.678,90.0,94.0,50.0,50.0,,,position_noise+latency+confidence_error,,confidence_weighted_fusion,move,2,0,78.535,8.557,14.968,uav_2,8.557,False,False,False,False,False,1,"[{""id"": ""obstacle_0"", ""kind"": ""static_obstacle"", ""x"": 50.0, ""y"": 50.0, ""radius"": 5.0}]"
overconfident_faulty_sensor,94,18.8,2,37.915,34.184,86.0,90.0,50.0,50.0,,,position_noise+latency+confidence_error,,confidence_weighted_fusion,false_avoidance,4,1,73.672,6.761,14.905,uav_3,6.761,False,True,False,False,False,1,"[{""id"": ""obstacle_0"", ""kind"": ""static_obstacle"", ""x"": 50.0, ""y"": 50.0, ""radius"": 5.0}]"
overconfident_faulty_sensor,94,18.8,3,43.15,38.462,90.0,86.0,50.0,50.0,49.902,50.558,dropout+latency+confidence_error,0.022,confidence_weighted_fusion,avoidance,4,0,66.744,6.761,8.418,uav_2,6.761,False,False,False,False,False,1,"[{""id"": ""obstacle_0"", ""kind"": ""static_obstacle"", ""x"": 50.0, ""y"": 50.0, ""radius"": 5.0}]"
overconfident_faulty_sensor,95,19.0,0,32.789,29.931,94.0,90.0,50.0,50.0,,,false_negative+position_noise+latency+confidence_error,,confidence_weighted_fusion,move,2,0,85.762,7.055,21.438,uav_2,7.055,False,False,False,False,False,1,"[{""id"": ""obstacle_0"", ""kind"": ""static_obstacle"", ""x"": 50.0, ""y"": 50.0, ""radius"": 5.0}]"
overconfident_faulty_sensor,95,19.0,1,32.636,40.949,90.0,94.0,50.0,50.0,,,position_noise+latency+confidence_error,,confidence_weighted_fusion,move,3,0,78.135,8.512,14.582,uav_2,8.512,False,False,False,False,False,1,"[{""id"": ""obstacle_0"", ""kind"": ""static_obstacle"", ""x"": 50.0, ""y"": 50.0, ""radius"": 5.0}]"
overconfident_faulty_sensor,95,19.0,2,38.176,34.487,86.0,90.0,50.0,50.0,,,position_noise+latency+confidence_error,,confidence_weighted_fusion,move,3,0,73.272,6.765,14.505,uav_3,6.765,False,False,False,False,False,1,"[{""id"": ""obstacle_0"", ""kind"": ""static_obstacle"", ""x"": 50.0, ""y"": 50.0, ""radius"": 5.0}]"
overconfident_faulty_sensor,95,19.0,3,43.43,38.747,90.0,86.0,50.0,50.0,,,dropout+latency+confidence_error,,confidence_weighted_fusion,move,3,0,66.344,6.765,8.03,uav_2,6.765,False,False,False,False,False,1,"[{""id"": ""obstacle_0"", ""kind"": ""static_obstacle"", ""x"": 50.0, ""y"": 50.0, ""radius"": 5.0}]"
overconfident_faulty_sensor,96,19.2,0,33.075,30.211,94.0,90.0,50.0,50.0,,,false_negative+position_noise+latency+confidence_error,,confidence_weighted_fusion,move,2,0,85.362,7.051,21.04,uav_2,7.051,False,False,False,False,False,1,"[{""id"": ""obstacle_0"", ""kind"": ""static_obstacle"", ""x"": 50.0, ""y"": 50.0, ""radius"": 5.0}]"
overconfident_faulty_sensor,96,19.2,1,32.929,41.221,90.0,94.0,50.0,50.0,,,dropout+latency+confidence_error,,confidence_weighted_fusion,move,3,0,77.735,8.466,14.196,uav_2,8.466,False,False,False,False,False,1,"[{""id"": ""obstacle_0"", ""kind"": ""static_obstacle"", ""x"": 50.0, ""y"": 50.0, ""radius"": 5.0}]"
overconfident_faulty_sensor,96,19.2,2,38.437,34.79,86.0,90.0,50.0,50.0,,,false_negative+position_noise+latency+confidence_error,,confidence_weighted_fusion,move,2,0,72.872,6.769,14.106,uav_3,6.769,False,False,False,False,False,1,"[{""id"": ""obstacle_0"", ""kind"": ""static_obstacle"", ""x"": 50.0, ""y"": 50.0, ""radius"": 5.0}]"
overconfident_faulty_sensor,96,19.2,3,43.711,39.032,90.0,86.0,50.0,50.0,,,dropout+latency+confidence_error,,confidence_weighted_fusion,move,0,0,65.944,6.769,7.643,uav_2,6.769,False,False,False,False,False,1,"[{""id"": ""obstacle_0"", ""kind"": ""static_obstacle"", ""x"": 50.0, ""y"": 50.0, ""radius"": 5.0}]"
overconfident_faulty_sensor,97,19.4,0,33.36,30.491,94.0,90.0,50.0,50.0,,,false_positive+position_noise+latency+confidence_error,,confidence_weighted_fusion,move,2,0,84.962,7.048,20.641,uav_2,7.048,False,False,False,False,False,1,"[{""id"": ""obstacle_0"", ""kind"": ""static_obstacle"", ""x"": 50.0, ""y"": 50.0, ""radius"": 5.0}]"
overconfident_faulty_sensor,97,19.4,1,33.223,41.492,90.0,94.0,50.0,50.0,,,dropout+latency+confidence_error,,confidence_weighted_fusion,move,3,0,77.335,8.421,13.811,uav_2,8.421,False,False,False,False,False,1,"[{""id"": ""obstacle_0"", ""kind"": ""static_obstacle"", ""x"": 50.0, ""y"": 50.0, ""radius"": 5.0}]"
overconfident_faulty_sensor,97,19.4,2,38.698,35.093,86.0,90.0,50.0,50.0,,,position_noise+latency+confidence_error,,confidence_weighted_fusion,move,3,0,72.472,6.773,13.707,uav_3,6.773,False,False,False,False,False,1,"[{""id"": ""obstacle_0"", ""kind"": ""static_obstacle"", ""x"": 50.0, ""y"": 50.0, ""radius"": 5.0}]"
overconfident_faulty_sensor,97,19.4,3,43.992,39.317,90.0,86.0,50.0,50.0,,,dropout+latency+confidence_error,,confidence_weighted_fusion,move,0,0,65.544,6.773,7.256,uav_2,6.773,False,False,False,False,False,1,"[{""id"": ""obstacle_0"", ""kind"": ""static_obstacle"", ""x"": 50.0, ""y"": 50.0, ""radius"": 5.0}]"
overconfident_faulty_sensor,98,19.6,0,33.646,30.771,94.0,90.0,50.0,50.0,,,false_negative+position_noise+latency+confidence_error,,confidence_weighted_fusion,move,2,0,84.562,7.044,20.243,uav_2,7.044,False,False,False,False,False,1,"[{""id"": ""obstacle_0"", ""kind"": ""static_obstacle"", ""x"": 50.0, ""y"": 50.0, ""radius"": 5.0}]"
overconfident_faulty_sensor,98,19.6,1,33.517,41.764,90.0,94.0,50.0,50.0,51.168,50.288,dropout+latency+confidence_error,0.664,confidence_weighted_fusion,move,4,0,76.935,8.376,13.427,uav_2,8.376,False,False,False,False,False,1,"[{""id"": ""obstacle_0"", ""kind"": ""static_obstacle"", ""x"": 50.0, ""y"": 50.0, ""radius"": 5.0}]"
overconfident_faulty_sensor,98,19.6,2,38.959,35.397,86.0,90.0,50.0,50.0,51.573,48.765,false_negative+position_noise+latency+confidence_error,0.337,confidence_weighted_fusion,move,4,0,72.072,6.659,13.308,uav_3,6.659,False,False,False,False,False,1,"[{""id"": ""obstacle_0"", ""kind"": ""static_obstacle"", ""x"": 50.0, ""y"": 50.0, ""radius"": 5.0}]"
overconfident_faulty_sensor,98,19.6,3,44.387,39.254,90.0,86.0,50.0,50.0,51.371,49.527,position_noise+latency+confidence_error,0.581,confidence_weighted_fusion,avoidance,1,0,65.313,6.659,7.124,uav_2,6.659,False,False,False,False,False,1,"[{""id"": ""obstacle_0"", ""kind"": ""static_obstacle"", ""x"": 50.0, ""y"": 50.0, ""radius"": 5.0}]"
overconfident_faulty_sensor,99,19.8,0,33.931,31.051,94.0,90.0,50.0,50.0,,,position_noise+latency+confidence_error,,confidence_weighted_fusion,move,2,0,84.162,7.041,19.845,uav_2,7.041,False,False,False,False,False,1,"[{""id"": ""obstacle_0"", ""kind"": ""static_obstacle"", ""x"": 50.0, ""y"": 50.0, ""radius"": 5.0}]"
overconfident_faulty_sensor,99,19.8,1,33.81,42.036,90.0,94.0,50.0,50.0,,,dropout+latency+confidence_error,,confidence_weighted_fusion,move,0,0,76.535,8.331,13.043,uav_2,8.331,False,False,False,False,False,1,"[{""id"": ""obstacle_0"", ""kind"": ""static_obstacle"", ""x"": 50.0, ""y"": 50.0, ""radius"": 5.0}]"
overconfident_faulty_sensor,99,19.8,2,39.22,35.7,86.0,90.0,50.0,50.0,52.165,49.551,false_negative+position_noise+latency+confidence_error,0.0,confidence_weighted_fusion,move,3,0,71.672,6.571,12.908,uav_3,6.571,False,False,False,False,False,1,"[{""id"": ""obstacle_0"", ""kind"": ""static_obstacle"", ""x"": 50.0, ""y"": 50.0, ""radius"": 5.0}]"
overconfident_faulty_sensor,99,19.8,3,44.783,39.196,90.0,86.0,50.0,50.0,52.165,49.551,position_noise+latency+confidence_error,0.0,confidence_weighted_fusion,avoidance,1,0,65.078,6.571,6.997,uav_2,6.571,False,False,False,False,False,1,"[{""id"": ""obstacle_0"", ""kind"": ""static_obstacle"", ""x"": 50.0, ""y"": 50.0, ""radius"": 5.0}]"
overconfident_faulty_sensor,100,20.0,0,34.302,30.9,94.0,90.0,50.0,50.0,,,position_noise+latency+confidence_error,,confidence_weighted_fusion,false_avoidance,4,1,84.004,7.27,19.723,uav_2,7.27,False,True,False,False,False,1,"[{""id"": ""obstacle_0"", ""kind"": ""static_obstacle"", ""x"": 50.0, ""y"": 50.0, ""radius"": 5.0}]"
overconfident_faulty_sensor,100,20.0,1,34.181,42.186,90.0,94.0,50.0,50.0,49.052,52.315,dropout+latency+confidence_error,1.0,confidence_weighted_fusion,avoidance,1,0,76.161,8.144,12.644,uav_2,8.144,False,False,False,False,False,1,"[{""id"": ""obstacle_0"", ""kind"": ""static_obstacle"", ""x"": 50.0, ""y"": 50.0, ""radius"": 5.0}]"
overconfident_faulty_sensor,100,20.0,2,39.481,36.003,86.0,90.0,50.0,50.0,49.052,52.315,position_noise+latency+confidence_error,1.0,confidence_weighted_fusion,move,4,0,71.272,6.53,12.509,uav_3,6.53,False,False,False,False,False,1,"[{""id"": ""obstacle_0"", ""kind"": ""static_obstacle"", ""x"": 50.0, ""y"": 50.0, ""radius"": 5.0}]"
overconfident_faulty_sensor,100,20.0,3,45.183,39.185,90.0,86.0,50.0,50.0,49.052,52.315,position_noise+latency+confidence_error,1.0,confidence_weighted_fusion,avoidance,1,0,64.809,6.53,6.839,uav_2,6.53,False,False,False,False,False,1,"[{""id"": ""obstacle_0"", ""kind"": ""static_obstacle"", ""x"": 50.0, ""y"": 50.0, ""radius"": 5.0}]"
overconfident_faulty_sensor,101,20.2,0,34.586,31.182,94.0,90.0,50.0,50.0,,,false_negative+position_noise+latency+confidence_error,,confidence_weighted_fusion,move,2,0,83.604,7.24,19.325,uav_2,7.24,False,False,False,False,False,1,"[{""id"": ""obstacle_0"", ""kind"": ""static_obstacle"", ""x"": 50.0, ""y"": 50.0, ""radius"": 5.0}]"
overconfident_faulty_sensor,101,20.2,1,34.54,42.363,90.0,94.0,50.0,50.0,50.242,50.226,false_negative+position_noise+latency+confidence_error,0.393,confidence_weighted_fusion,avoidance,1,0,75.778,8.176,12.244,uav_2,8.176,False,False,False,False,False,1,"[{""id"": ""obstacle_0"", ""kind"": ""static_obstacle"", ""x"": 50.0, ""y"": 50.0, ""radius"": 5.0}]"
overconfident_faulty_sensor,101,20.2,2,39.853,36.149,86.0,90.0,50.0,50.0,50.242,50.226,false_positive+false_negative+position_noise+latency+confidence_error,0.393,confidence_weighted_fusion,avoidance,3,0,70.919,6.426,12.17,uav_3,6.426,False,False,False,False,False,1,"[{""id"": ""obstacle_0"", ""kind"": ""static_obstacle"", ""x"": 50.0, ""y"": 50.0, ""radius"": 5.0}]"
overconfident_faulty_sensor,101,20.2,3,45.57,39.085,90.0,86.0,50.0,50.0,50.242,50.226,position_noise+latency+confidence_error,0.393,confidence_weighted_fusion,avoidance,4,0,64.615,6.426,6.78,uav_2,6.426,False,False,False,False,False,1,"[{""id"": ""obstacle_0"", ""kind"": ""static_obstacle"", ""x"": 50.0, ""y"": 50.0, ""radius"": 5.0}]"
overconfident_faulty_sensor,102,20.4,0,34.87,31.463,94.0,90.0,50.0,50.0,,,false_negative+position_noise+latency+confidence_error,,confidence_weighted_fusion,move,3,0,83.204,7.226,18.927,uav_2,7.226,False,False,False,False,False,1,"[{""id"": ""obstacle_0"", ""kind"": ""static_obstacle"", ""x"": 50.0, ""y"": 50.0, ""radius"": 5.0}]"
overconfident_faulty_sensor,102,20.4,1,34.832,42.635,90.0,94.0,50.0,50.0,,,false_negative+position_noise+latency+confidence_error,,confidence_weighted_fusion,move,0,0,75.378,8.065,11.861,uav_2,8.065,False,False,False,False,False,1,"[{""id"": ""obstacle_0"", ""kind"": ""static_obstacle"", ""x"": 50.0, ""y"": 50.0, ""radius"": 5.0}]"
overconfident_faulty_sensor,102,20.4,2,40.059,36.492,86.0,90.0,50.0,50.0,,,false_positive+position_noise+latency+confidence_error,,confidence_weighted_fusion,avoidance,3,0,70.524,6.44,11.772,uav_3,6.44,False,False,False,False,False,1,"[{""id"": ""obstacle_0"", ""kind"": ""static_obstacle"", ""x"": 50.0, ""y"": 50.0, ""radius"": 5.0}]"
overconfident_faulty_sensor,102,20.4,3,45.969,39.052,90.0,86.0,50.0,50.0,50.996,51.527,false_positive+position_noise+latency+confidence_error,0.601,confidence_weighted_fusion,avoidance,4,0,64.365,6.44,6.667,uav_2,6.44,False,False,False,False,False,1,"[{""id"": ""obstacle_0"", ""kind"": ""static_obstacle"", ""x"": 50.0, ""y"": 50.0, ""radius"": 5.0}]"
overconfident_faulty_sensor,103,20.6,0,35.155,31.745,94.0,90.0,50.0,50.0,,,position_noise+latency+confidence_error,,confidence_weighted_fusion,move,3,0,82.804,7.195,18.53,uav_2,7.195,False,False,False,False,False,1,"[{""id"": ""obstacle_0"", ""kind"": ""static_obstacle"", ""x"": 50.0, ""y"": 50.0, ""radius"": 5.0}]"
overconfident_faulty_sensor,103,20.6,1,35.191,42.812,90.0,94.0,50.0,50.0,50.744,50.489,false_negative+position_noise+latency+confidence_error,0.703,confidence_weighted_fusion,avoidance,1,0,74.995,8.102,11.461,uav_2,8.102,False,False,False,False,False,1,"[{""id"": ""obstacle_0"", ""kind"": ""static_obstacle"", ""x"": 50.0, ""y"": 50.0, ""radius"": 5.0}]"
overconfident_faulty_sensor,103,20.6,2,40.432,36.635,86.0,90.0,50.0,50.0,50.744,50.489,false_negative+position_noise+latency+confidence_error,0.703,confidence_weighted_fusion,avoidance,4,0,70.173,6.371,11.437,uav_3,6.371,False,False,False,False,False,1,"[{""id"": ""obstacle_0"", ""kind"": ""static_obstacle"", ""x"": 50.0, ""y"": 50.0, ""radius"": 5.0}]"
overconfident_faulty_sensor,103,20.6,3,46.36,38.969,90.0,86.0,50.0,50.0,50.744,50.489,position_noise+latency+confidence_error,0.703,confidence_weighted_fusion,avoidance,4,0,64.159,6.371,6.616,uav_2,6.371,False,False,False,False,False,1,"[{""id"": ""obstacle_0"", ""kind"": ""static_obstacle"", ""x"": 50.0, ""y"": 50.0, ""radius"": 5.0}]"
overconfident_faulty_sensor,104,20.8,0,35.439,32.026,94.0,90.0,50.0,50.0,,,false_positive+false_negative+position_noise+latency+confidence_error,,confidence_weighted_fusion,move,2,0,82.404,7.19,18.132,uav_2,7.19,False,False,False,False,False,1,"[{""id"": ""obstacle_0"", ""kind"": ""static_obstacle"", ""x"": 50.0, ""y"": 50.0, ""radius"": 5.0}]"
overconfident_faulty_sensor,104,20.8,1,35.558,42.973,90.0,94.0,50.0,50.0,49.864,49.485,position_noise+latency+confidence_error,0.739,confidence_weighted_fusion,avoidance,3,0,74.617,8.037,11.061,uav_2,8.037,False,False,False,False,False,1,"[{""id"": ""obstacle_0"", ""kind"": ""static_obstacle"", ""x"": 50.0, ""y"": 50.0, ""radius"": 5.0}]"
overconfident_faulty_sensor,104,20.8,2,40.768,36.853,86.0,90.0,50.0,50.0,49.864,49.485,false_positive+position_noise+latency+confidence_error,0.739,confidence_weighted_fusion,avoidance,4,1,69.79,6.285,11.065,uav_3,6.285,False,False,False,False,False,1,"[{""id"": ""obstacle_0"", ""kind"": ""static_obstacle"", ""x"": 50.0, ""y"": 50.0, ""radius"": 5.0}]"
overconfident_faulty_sensor,104,20.8,3,46.734,38.829,90.0,86.0,50.0,50.0,49.864,49.485,false_positive+false_negative+position_noise+latency+confidence_error,0.739,confidence_weighted_fusion,avoidance,4,0,64.008,6.285,6.639,uav_2,6.285,False,False,False,False,False,1,"[{""id"": ""obstacle_0"", ""kind"": ""static_obstacle"", ""x"": 50.0, ""y"": 50.0, ""radius"": 5.0}]"
overconfident_faulty_sensor,105,21.0,0,35.723,32.308,94.0,90.0,50.0,50.0,,,position_noise+latency+confidence_error,,confidence_weighted_fusion,move,2,0,82.004,7.184,17.734,uav_2,7.184,False,False,False,False,False,1,"[{""id"": ""obstacle_0"", ""kind"": ""static_obstacle"", ""x"": 50.0, ""y"": 50.0, ""radius"": 5.0}]"
overconfident_faulty_sensor,105,21.0,1,35.935,43.104,90.0,94.0,50.0,50.0,49.338,49.648,dropout+latency+confidence_error,0.396,confidence_weighted_fusion,avoidance,3,0,74.252,7.809,10.664,uav_2,7.809,False,False,False,False,False,1,"[{""id"": ""obstacle_0"", ""kind"": ""static_obstacle"", ""x"": 50.0, ""y"": 50.0, ""radius"": 5.0}]"
overconfident_faulty_sensor,105,21.0,2,41.011,37.17,86.0,90.0,50.0,50.0,49.338,49.648,dropout+latency+confidence_error,0.396,confidence_weighted_fusion,avoidance,5,1,69.39,5.906,10.665,uav_3,5.906,False,False,False,False,False,1,"[{""id"": ""obstacle_0"", ""kind"": ""static_obstacle"", ""x"": 50.0, ""y"": 50.0, ""radius"": 5.0}]"
overconfident_faulty_sensor,105,21.0,3,46.78,38.431,90.0,86.0,50.0,50.0,49.338,49.648,dropout+latency+confidence_error,0.396,confidence_weighted_fusion,avoidance,5,1,64.271,5.906,7.008,uav_2,5.906,False,False,False,False,False,1,"[{""id"": ""obstacle_0"", ""kind"": ""static_obstacle"", ""x"": 50.0, ""y"": 50.0, ""radius"": 5.0}]"
overconfident_faulty_sensor,106,21.2,0,36.007,32.589,94.0,90.0,50.0,50.0,,,position_noise+latency+confidence_error,,confidence_weighted_fusion,move,3,0,81.604,7.13,17.337,uav_2,7.13,False,False,False,False,False,1,"[{""id"": ""obstacle_0"", ""kind"": ""static_obstacle"", ""x"": 50.0, ""y"": 50.0, ""radius"": 5.0}]"
overconfident_faulty_sensor,106,21.2,1,36.303,43.262,90.0,94.0,50.0,50.0,50.163,49.246,dropout+latency+confidence_error,0.532,confidence_weighted_fusion,avoidance,3,0,73.877,7.884,10.265,uav_2,7.884,False,False,False,False,False,1,"[{""id"": ""obstacle_0"", ""kind"": ""static_obstacle"", ""x"": 50.0, ""y"": 50.0, ""radius"": 5.0}]"
overconfident_faulty_sensor,106,21.2,2,41.403,37.249,86.0,90.0,50.0,50.0,50.163,49.246,dropout+latency+confidence_error,0.532,confidence_weighted_fusion,avoidance,4,0,69.076,5.84,10.378,uav_3,5.84,False,False,False,False,False,1,"[{""id"": ""obstacle_0"", ""kind"": ""static_obstacle"", ""x"": 50.0, ""y"": 50.0, ""radius"": 5.0}]"
overconfident_faulty_sensor,106,21.2,3,47.151,38.281,90.0,86.0,50.0,50.0,50.163,49.246,dropout+latency+confidence_error,0.532,confidence_weighted_fusion,avoidance,4,0,64.134,5.84,7.06,uav_2,5.84,False,False,False,False,False,1,"[{""id"": ""obstacle_0"", ""kind"": ""static_obstacle"", ""x"": 50.0, ""y"": 50.0, ""radius"": 5.0}]"
overconfident_faulty_sensor,107,21.4,0,36.331,32.825,94.0,90.0,50.0,50.0,,,position_noise+latency+confidence_error,,confidence_weighted_fusion,false_avoidance,3,1,81.208,7.054,16.951,uav_2,7.054,False,True,False,False,False,1,"[{""id"": ""obstacle_0"", ""kind"": ""static_obstacle"", ""x"": 50.0, ""y"": 50.0, ""radius"": 5.0}]"
overconfident_faulty_sensor,107,21.4,1,36.677,43.404,90.0,94.0,50.0,50.0,50.236,49.802,dropout+latency+confidence_error,0.867,confidence_weighted_fusion,avoidance,4,0,73.507,7.505,9.867,uav_2,7.505,False,False,False,False,False,1,"[{""id"": ""obstacle_0"", ""kind"": ""static_obstacle"", ""x"": 50.0, ""y"": 50.0, ""radius"": 5.0}]"
overconfident_faulty_sensor,107,21.4,2,41.484,37.641,86.0,90.0,50.0,50.0,50.236,49.802,dropout+latency+confidence_error,0.867,confidence_weighted_fusion,avoidance,5,1,68.725,6.036,10.009,uav_3,6.036,False,False,False,False,False,1,"[{""id"": ""obstacle_0"", ""kind"": ""static_obstacle"", ""x"": 50.0, ""y"": 50.0, ""radius"": 5.0}]"
overconfident_faulty_sensor,107,21.4,3,47.503,38.092,90.0,86.0,50.0,50.0,50.236,49.802,dropout+latency+confidence_error,0.867,confidence_weighted_fusion,avoidance,4,1,64.04,6.036,7.167,uav_2,6.036,False,False,False,False,False,1,"[{""id"": ""obstacle_0"", ""kind"": ""static_obstacle"", ""x"": 50.0, ""y"": 50.0, ""radius"": 5.0}]"
overconfident_faulty_sensor,108,21.6,0,36.615,33.106,94.0,90.0,50.0,50.0,,,position_noise+latency+confidence_error,,confidence_weighted_fusion,move,3,0,80.808,7.051,16.554,uav_2,7.051,False,False,False,False,False,1,"[{""id"": ""obstacle_0"", ""kind"": ""static_obstacle"", ""x"": 50.0, ""y"": 50.0, ""radius"": 5.0}]"
overconfident_faulty_sensor,108,21.6,1,36.967,43.679,90.0,94.0,50.0,50.0,,,dropout+latency+confidence_error,,confidence_weighted_fusion,move,0,0,73.107,7.462,9.485,uav_2,7.462,False,False,False,False,False,1,"[{""id"": ""obstacle_0"", ""kind"": ""static_obstacle"", ""x"": 50.0, ""y"": 50.0, ""radius"": 5.0}]"
overconfident_faulty_sensor,108,21.6,2,41.743,37.946,86.0,90.0,50.0,50.0,,,dropout+latency+confidence_error,,confidence_weighted_fusion,move,0,0,68.325,6.042,9.611,uav_3,6.042,False,False,False,False,False,1,"[{""id"": ""obstacle_0"", ""kind"": ""static_obstacle"", ""x"": 50.0, ""y"": 50.0, ""radius"": 5.0}]"
overconfident_faulty_sensor,108,21.6,3,47.769,38.391,90.0,86.0,50.0,50.0,,,dropout+latency+confidence_error,,confidence_weighted_fusion,move,0,0,63.64,6.042,6.822,uav_2,6.042,False,False,False,False,False,1,"[{""id"": ""obstacle_0"", ""kind"": ""static_obstacle"", ""x"": 50.0, ""y"": 50.0, ""radius"": 5.0}]"
overconfident_faulty_sensor,109,21.8,0,36.899,33.388,94.0,90.0,50.0,50.0,,,position_noise+latency+confidence_error,,confidence_weighted_fusion,move,3,0,80.408,7.049,16.157,uav_2,7.049,False,False,False,False,False,1,"[{""id"": ""obstacle_0"", ""kind"": ""static_obstacle"", ""x"": 50.0, ""y"": 50.0, ""radius"": 5.0}]"
overconfident_faulty_sensor,109,21.8,1,37.257,43.955,90.0,94.0,50.0,50.0,,,dropout+latency+confidence_error,,confidence_weighted_fusion,move,0,0,72.707,7.42,9.104,uav_2,7.42,False,False,False,False,False,1,"[{""id"": ""obstacle_0"", ""kind"": ""static_obstacle"", ""x"": 50.0, ""y"": 50.0, ""radius"": 5.0}]"
overconfident_faulty_sensor,109,21.8,2,42.002,38.25,86.0,90.0,50.0,50.0,,,dropout+latency+confidence_error,,confidence_weighted_fusion,move,0,0,67.925,6.048,9.213,uav_3,6.048,False,False,False,False,False,1,"[{""id"": ""obstacle_0"", ""kind"": ""static_obstacle"", ""x"": 50.0, ""y"": 50.0, ""radius"": 5.0}]"
overconfident_faulty_sensor,109,21.8,3,48.034,38.69,90.0,86.0,50.0,50.0,,,dropout+latency+confidence_error,,confidence_weighted_fusion,move,0,0,63.24,6.048,6.48,uav_2,6.048,False,False,False,False,False,1,"[{""id"": ""obstacle_0"", ""kind"": ""static_obstacle"", ""x"": 50.0, ""y"": 50.0, ""radius"": 5.0}]"
overconfident_faulty_sensor,110,22.0,0,37.183,33.67,94.0,90.0,50.0,50.0,,,position_noise+latency+confidence_error,,confidence_weighted_fusion,move,3,0,80.008,7.047,15.76,uav_2,7.047,False,False,False,False,False,1,"[{""id"": ""obstacle_0"", ""kind"": ""static_obstacle"", ""x"": 50.0, ""y"": 50.0, ""radius"": 5.0}]"
overconfident_faulty_sensor,110,22.0,1,37.547,44.23,90.0,94.0,50.0,50.0,,,false_negative+position_noise+latency+confidence_error,,confidence_weighted_fusion,move,0,0,72.307,7.377,8.724,uav_2,7.377,False,False,False,False,False,1,"[{""id"": ""obstacle_0"", ""kind"": ""static_obstacle"", ""x"": 50.0, ""y"": 50.0, ""radius"": 5.0}]"
overconfident_faulty_sensor,110,22.0,2,42.261,38.555,86.0,90.0,50.0,50.0,,,position_noise+latency+confidence_error,,confidence_weighted_fusion,move,0,0,67.525,6.054,8.816,uav_3,6.054,False,False,False,False,False,1,"[{""id"": ""obstacle_0"", ""kind"": ""static_obstacle"", ""x"": 50.0, ""y"": 50.0, ""radius"": 5.0}]"
overconfident_faulty_sensor,110,22.0,3,48.3,38.989,90.0,86.0,50.0,50.0,,,position_noise+latency+confidence_error,,confidence_weighted_fusion,move,0,0,62.84,6.054,6.141,uav_2,6.054,False,False,False,False,False,1,"[{""id"": ""obstacle_0"", ""kind"": ""static_obstacle"", ""x"": 50.0, ""y"": 50.0, ""radius"": 5.0}]"
overconfident_faulty_sensor,111,22.2,0,37.467,33.951,94.0,90.0,50.0,50.0,,,position_noise+latency+confidence_error,,confidence_weighted_fusion,move,3,0,79.608,7.045,15.363,uav_2,7.045,False,False,False,False,False,1,"[{""id"": ""obstacle_0"", ""kind"": ""static_obstacle"", ""x"": 50.0, ""y"": 50.0, ""radius"": 5.0}]"
overconfident_faulty_sensor,111,22.2,1,37.837,44.505,90.0,94.0,50.0,50.0,,,position_noise+latency+confidence_error,,confidence_weighted_fusion,move,0,0,71.907,7.335,8.346,uav_2,7.335,False,False,False,False,False,1,"[{""id"": ""obstacle_0"", ""kind"": ""static_obstacle"", ""x"": 50.0, ""y"": 50.0, ""radius"": 5.0}]"
overconfident_faulty_sensor,111,22.2,2,42.52,38.86,86.0,90.0,50.0,50.0,,,false_negative+position_noise+latency+confidence_error,,confidence_weighted_fusion,move,0,0,67.125,6.06,8.418,uav_3,6.06,False,False,False,False,False,1,"[{""id"": ""obstacle_0"", ""kind"": ""static_obstacle"", ""x"": 50.0, ""y"": 50.0, ""radius"": 5.0}]"
overconfident_faulty_sensor,111,22.2,3,48.565,39.288,90.0,86.0,50.0,50.0,,,false_negative+position_noise+latency+confidence_error,,confidence_weighted_fusion,move,0,0,62.44,6.06,5.807,obstacle_0,5.807,False,False,False,False,False,1,"[{""id"": ""obstacle_0"", ""kind"": ""static_obstacle"", ""x"": 50.0, ""y"": 50.0, ""radius"": 5.0}]"
overconfident_faulty_sensor,112,22.4,0,37.751,34.233,94.0,90.0,50.0,50.0,,,position_noise+latency+confidence_error,,confidence_weighted_fusion,move,3,0,79.208,7.043,14.966,uav_2,7.043,False,False,False,False,False,1,"[{""id"": ""obstacle_0"", ""kind"": ""static_obstacle"", ""x"": 50.0, ""y"": 50.0, ""radius"": 5.0}]"
overconfident_faulty_sensor,112,22.4,1,38.128,44.781,90.0,94.0,50.0,50.0,,,position_noise+latency+confidence_error,,confidence_weighted_fusion,move,0,0,71.507,7.292,7.969,uav_2,7.292,False,False,False,False,False,1,"[{""id"": ""obstacle_0"", ""kind"": ""static_obstacle"", ""x"": 50.0, ""y"": 50.0, ""radius"": 5.0}]"
overconfident_faulty_sensor,112,22.4,2,42.779,39.165,86.0,90.0,50.0,50.0,,,position_noise+latency+confidence_error,,confidence_weighted_fusion,move,0,0,66.725,6.066,8.021,uav_3,6.066,False,False,False,False,False,1,"[{""id"": ""obstacle_0"", ""kind"": ""static_obstacle"", ""x"": 50.0, ""y"": 50.0, ""radius"": 5.0}]"
overconfident_faulty_sensor,112,22.4,3,48.831,39.588,90.0,86.0,50.0,50.0,,,dropout+latency+confidence_error,,confidence_weighted_fusion,move,0,0,62.04,6.066,5.478,obstacle_0,5.478,False,False,False,False,False,1,"[{""id"": ""obstacle_0"", ""kind"": ""static_obstacle"", ""x"": 50.0, ""y"": 50.0, ""radius"": 5.0}]"
overconfident_faulty_sensor,113,22.6,0,38.035,34.515,94.0,90.0,50.0,50.0,,,false_negative+position_noise+latency+confidence_error,,confidence_weighted_fusion,move,3,0,78.808,6.923,14.569,uav_2,6.923,False,False,False,False,False,1,"[{""id"": ""obstacle_0"", ""kind"": ""static_obstacle"", ""x"": 50.0, ""y"": 50.0, ""radius"": 5.0}]"
overconfident_faulty_sensor,113,22.6,1,38.527,44.801,90.0,94.0,50.0,50.0,49.929,49.951,position_noise+latency+confidence_error,0.462,confidence_weighted_fusion,avoidance,3,0,71.204,7.321,7.596,uav_2,7.321,False,False,False,False,False,1,"[{""id"": ""obstacle_0"", ""kind"": ""static_obstacle"", ""x"": 50.0, ""y"": 50.0, ""radius"": 5.0}]"
overconfident_faulty_sensor,113,22.6,2,43.179,39.148,86.0,90.0,50.0,50.0,49.929,49.951,false_negative+position_noise+latency+confidence_error,0.462,confidence_weighted_fusion,avoidance,4,0,66.48,6.054,7.818,uav_3,6.054,False,False,False,False,False,1,"[{""id"": ""obstacle_0"", ""kind"": ""static_obstacle"", ""x"": 50.0, ""y"": 50.0, ""radius"": 5.0}]"
overconfident_faulty_sensor,113,22.6,3,49.222,39.506,90.0,86.0,50.0,50.0,49.929,49.951,dropout+latency+confidence_error,0.462,confidence_weighted_fusion,avoidance,4,0,61.843,6.054,5.523,obstacle_0,5.523,False,False,False,False,False,1,"[{""id"": ""obstacle_0"", ""kind"": ""static_obstacle"", ""x"": 50.0, ""y"": 50.0, ""radius"": 5.0}]"
overconfident_faulty_sensor,114,22.8,0,38.319,34.796,94.0,90.0,50.0,50.0,,,false_positive+position_noise+latency+confidence_error,,confidence_weighted_fusion,move,3,0,78.408,6.797,14.173,uav_2,6.797,False,False,False,False,False,1,"[{""id"": ""obstacle_0"", ""kind"": ""static_obstacle"", ""x"": 50.0, ""y"": 50.0, ""radius"": 5.0}]"
overconfident_faulty_sensor,114,22.8,1,38.927,44.793,90.0,94.0,50.0,50.0,50.058,49.731,false_negative+position_noise+latency+confidence_error,0.546,confidence_weighted_fusion,avoidance,4,0,70.921,7.347,7.236,obstacle_0,7.236,False,False,False,False,False,1,"[{""id"": ""obstacle_0"", ""kind"": ""static_obstacle"", ""x"": 50.0, ""y"": 50.0, ""radius"": 5.0}]"
overconfident_faulty_sensor,114,22.8,2,43.577,39.104,86.0,90.0,50.0,50.0,50.058,49.731,position_noise+latency+confidence_error,0.546,confidence_weighted_fusion,avoidance,3,0,66.258,6.041,7.648,uav_3,6.041,False,False,False,False,False,1,"[{""id"": ""obstacle_0"", ""kind"": ""static_obstacle"", ""x"": 50.0, ""y"": 50.0, ""radius"": 5.0}]"
overconfident_faulty_sensor,114,22.8,3,49.61,39.407,90.0,86.0,50.0,50.0,50.058,49.731,dropout+latency+confidence_error,0.546,confidence_weighted_fusion,avoidance,3,0,61.662,6.041,5.6,obstacle_0,5.6,False,False,False,False,False,1,"[{""id"": ""obstacle_0"", ""kind"": ""static_obstacle"", ""x"": 50.0, ""y"": 50.0, ""radius"": 5.0}]"
overconfident_faulty_sensor,115,23.0,0,38.603,35.078,94.0,90.0,50.0,50.0,,,position_noise+latency+confidence_error,,confidence_weighted_fusion,move,3,0,78.008,6.715,13.777,uav_2,6.715,False,False,False,False,False,1,"[{""id"": ""obstacle_0"", ""kind"": ""static_obstacle"", ""x"": 50.0, ""y"": 50.0, ""radius"": 5.0}]"
overconfident_faulty_sensor,115,23.0,1,39.326,44.825,90.0,94.0,50.0,50.0,50.816,50.609,false_negative+position_noise+latency+confidence_error,1.0,confidence_weighted_fusion,avoidance,4,0,70.612,7.373,6.862,obstacle_0,6.862,False,False,False,False,False,1,"[{""id"": ""obstacle_0"", ""kind"": ""static_obstacle"", ""x"": 50.0, ""y"": 50.0, ""radius"": 5.0}]"
overconfident_faulty_sensor,115,23.0,2,43.977,39.104,86.0,90.0,50.0,50.0,50.816,50.609,false_negative+position_noise+latency+confidence_error,1.0,confidence_weighted_fusion,avoidance,4,0,66.002,6.03,7.45,uav_3,6.03,False,False,False,False,False,1,"[{""id"": ""obstacle_0"", ""kind"": ""static_obstacle"", ""x"": 50.0, ""y"": 50.0, ""radius"": 5.0}]"
overconfident_faulty_sensor,115,23.0,3,50.003,39.332,90.0,86.0,50.0,50.0,50.816,50.609,dropout+latency+confidence_error,1.0,confidence_weighted_fusion,avoidance,1,0,61.463,6.03,5.668,obstacle_0,5.668,False,False,False,False,False,1,"[{""id"": ""obstacle_0"", ""kind"": ""static_obstacle"", ""x"": 50.0, ""y"": 50.0, ""radius"": 5.0}]"
overconfident_faulty_sensor,116,23.2,0,38.986,35.192,94.0,90.0,50.0,50.0,50.287,48.397,position_noise+latency+confidence_error,0.925,confidence_weighted_fusion,avoidance,4,0,77.656,6.541,13.455,uav_2,6.541,False,False,False,False,False,1,"[{""id"": ""obstacle_0"", ""kind"": ""static_obstacle"", ""x"": 50.0, ""y"": 50.0, ""radius"": 5.0}]"
overconfident_faulty_sensor,116,23.2,1,39.709,44.712,90.0,94.0,50.0,50.0,50.287,48.397,false_negative+position_noise+latency+confidence_error,0.925,confidence_weighted_fusion,avoidance,4,0,70.416,7.399,6.57,obstacle_0,6.57,False,False,False,False,False,1,"[{""id"": ""obstacle_0"", ""kind"": ""static_obstacle"", ""x"": 50.0, ""y"": 50.0, ""radius"": 5.0}]"
overconfident_faulty_sensor,116,23.2,2,44.343,38.944,86.0,90.0,50.0,50.0,50.287,48.397,false_positive+false_negative+position_noise+latency+confidence_error,0.925,confidence_weighted_fusion,avoidance,4,0,65.893,6.022,7.419,uav_3,6.022,False,False,False,False,False,1,"[{""id"": ""obstacle_0"", ""kind"": ""static_obstacle"", ""x"": 50.0, ""y"": 50.0, ""radius"": 5.0}]"
overconfident_faulty_sensor,116,23.2,3,50.361,39.156,90.0,86.0,50.0,50.0,50.287,48.397,dropout+latency+confidence_error,0.925,confidence_weighted_fusion,avoidance,1,0,61.365,6.022,5.85,obstacle_0,5.85,False,False,False,False,False,1,"[{""id"": ""obstacle_0"", ""kind"": ""static_obstacle"", ""x"": 50.0, ""y"": 50.0, ""radius"": 5.0}]"
overconfident_faulty_sensor,117,23.4,0,39.385,35.161,94.0,90.0,50.0,50.0,48.574,51.067,position_noise+latency+confidence_error,0.383,confidence_weighted_fusion,avoidance,5,1,77.396,6.534,13.245,uav_2,6.534,False,False,False,False,False,1,"[{""id"": ""obstacle_0"", ""kind"": ""static_obstacle"", ""x"": 50.0, ""y"": 50.0, ""radius"": 5.0}]"
overconfident_faulty_sensor,117,23.4,1,40.016,44.455,90.0,94.0,50.0,50.0,48.574,51.067,false_positive+false_negative+position_noise+latency+confidence_error,0.383,confidence_weighted_fusion,avoidance,3,0,70.378,7.291,6.42,obstacle_0,6.42,False,False,False,False,False,1,"[{""id"": ""obstacle_0"", ""kind"": ""static_obstacle"", ""x"": 50.0, ""y"": 50.0, ""radius"": 5.0}]"
overconfident_faulty_sensor,117,23.4,2,44.741,38.903,86.0,90.0,50.0,50.0,48.574,51.067,position_noise+latency+confidence_error,0.383,confidence_weighted_fusion,avoidance,4,0,65.675,6.025,7.28,uav_3,6.025,False,False,False,False,False,1,"[{""id"": ""obstacle_0"", ""kind"": ""static_obstacle"", ""x"": 50.0, ""y"": 50.0, ""radius"": 5.0}]"
overconfident_faulty_sensor,117,23.4,3,50.761,39.142,90.0,86.0,50.0,50.0,48.574,51.067,position_noise+latency+confidence_error,0.383,confidence_weighted_fusion,avoidance,1,0,61.118,6.025,5.885,obstacle_0,5.885,False,False,False,False,False,1,"[{""id"": ""obstacle_0"", ""kind"": ""static_obstacle"", ""x"": 50.0, ""y"": 50.0, ""radius"": 5.0}]"
overconfident_faulty_sensor,118,23.6,0,39.77,35.272,94.0,90.0,50.0,50.0,48.728,51.286,position_noise+latency+confidence_error,1.0,confidence_weighted_fusion,avoidance,4,0,77.046,6.466,12.933,uav_2,6.466,False,False,False,False,False,1,"[{""id"": ""obstacle_0"", ""kind"": ""static_obstacle"", ""x"": 50.0, ""y"": 50.0, ""radius"": 5.0}]"
overconfident_faulty_sensor,118,23.6,1,40.325,44.201,90.0,94.0,50.0,50.0,48.728,51.286,position_noise+latency+confidence_error,1.0,confidence_weighted_fusion,avoidance,2,0,70.339,7.182,6.28,obstacle_0,6.28,False,False,False,False,False,1,"[{""id"": ""obstacle_0"", ""kind"": ""static_obstacle"", ""x"": 50.0, ""y"": 50.0, ""radius"": 5.0}]"
overconfident_faulty_sensor,118,23.6,2,45.14,38.873,86.0,90.0,50.0,50.0,48.728,51.286,false_negative+position_noise+latency+confidence_error,1.0,confidence_weighted_fusion,avoidance,3,0,65.449,6.027,7.142,uav_3,6.027,False,False,False,False,False,1,"[{""id"": ""obstacle_0"", ""kind"": ""static_obstacle"", ""x"": 50.0, ""y"": 50.0, ""radius"": 5.0}]"
overconfident_faulty_sensor,118,23.6,3,51.161,39.143,90.0,86.0,50.0,50.0,48.728,51.286,position_noise+latency+confidence_error,1.0,confidence_weighted_fusion,avoidance,1,0,60.86,6.027,5.919,obstacle_0,5.919,False,False,False,False,False,1,"[{""id"": ""obstacle_0"", ""kind"": ""static_obstacle"", ""x"": 50.0, ""y"": 50.0, ""radius"": 5.0}]"
overconfident_faulty_sensor,119,23.8,0,40.147,35.403,94.0,90.0,50.0,50.0,51.729,50.122,false_positive+false_negative+position_noise+latency+confidence_error,0.361,confidence_weighted_fusion,avoidance,4,0,76.687,6.459,12.611,uav_2,6.459,False,False,False,False,False,1,"[{""id"": ""obstacle_0"", ""kind"": ""static_obstacle"", ""x"": 50.0, ""y"": 50.0, ""radius"": 5.0}]"
overconfident_faulty_sensor,119,23.8,1,40.722,44.153,90.0,94.0,50.0,50.0,51.729,50.122,position_noise+latency+confidence_error,0.361,confidence_weighted_fusion,avoidance,3,0,70.093,7.06,5.967,obstacle_0,5.967,False,False,False,False,False,1,"[{""id"": ""obstacle_0"", ""kind"": ""static_obstacle"", ""x"": 50.0, ""y"": 50.0, ""radius"": 5.0}]"
overconfident_faulty_sensor,119,23.8,2,45.526,38.979,86.0,90.0,50.0,50.0,51.729,50.122,dropout+latency+confidence_error,0.361,confidence_weighted_fusion,avoidance,4,1,65.125,6.027,6.894,uav_3,6.027,False,False,False,False,False,1,"[{""id"": ""obstacle_0"", ""kind"": ""static_obstacle"", ""x"": 50.0, ""y"": 50.0, ""radius"": 5.0}]"
overconfident_faulty_sensor,119,23.8,3,51.552,39.058,90.0,86.0,50.0,50.0,51.729,50.122,false_negative+position_noise+latency+confidence_error,0.361,confidence_weighted_fusion,avoidance,1,0,60.678,6.027,6.052,uav_2,6.027,False,False,False,False,False,1,"[{""id"": ""obstacle_0"", ""kind"": ""static_obstacle"", ""x"": 50.0, ""y"": 50.0, ""radius"": 5.0}]"
overconfident_faulty_sensor,120,24.0,0,40.536,35.499,94.0,90.0,50.0,50.0,50.12,49.703,false_negative+position_noise+latency+confidence_error,0.918,confidence_weighted_fusion,avoidance,4,0,76.347,6.354,12.316,uav_2,6.354,False,False,False,False,False,1,"[{""id"": ""obstacle_0"", ""kind"": ""static_obstacle"", ""x"": 50.0, ""y"": 50.0, ""radius"": 5.0}]"
overconfident_faulty_sensor,120,24.0,1,40.985,43.851,90.0,94.0,50.0,50.0,50.12,49.703,position_noise+latency+confidence_error,0.918,confidence_weighted_fusion,avoidance,4,1,70.124,6.999,5.912,obstacle_0,5.912,False,False,False,False,False,1,"[{""id"": ""obstacle_0"", ""kind"": ""static_obstacle"", ""x"": 50.0, ""y"": 50.0, ""radius"": 5.0}]"
overconfident_faulty_sensor,120,24.0,2,45.914,38.883,86.0,90.0,50.0,50.0,50.12,49.703,dropout+latency+confidence_error,0.918,confidence_weighted_fusion,avoidance,4,0,64.96,6.036,6.844,uav_3,6.036,False,False,False,False,False,1,"[{""id"": ""obstacle_0"", ""kind"": ""static_obstacle"", ""x"": 50.0, ""y"": 50.0, ""radius"": 5.0}]"
overconfident_faulty_sensor,120,24.0,3,51.948,39.004,90.0,86.0,50.0,50.0,50.12,49.703,false_negative+position_noise+latency+confidence_error,0.918,confidence_weighted_fusion,avoidance,4,0,60.469,6.036,6.167,uav_2,6.036,False,False,False,False,False,1,"[{""id"": ""obstacle_0"", ""kind"": ""static_obstacle"", ""x"": 50.0, ""y"": 50.0, ""radius"": 5.0}]"
overconfident_faulty_sensor,121,24.2,0,40.92,35.61,94.0,90.0,50.0,50.0,50.336,50.912,false_positive+position_noise+latency+confidence_error,0.469,confidence_weighted_fusion,avoidance,4,0,75.998,6.292,12.015,uav_2,6.292,False,False,False,False,False,1,"[{""id"": ""obstacle_0"", ""kind"": ""static_obstacle"", ""x"": 50.0, ""y"": 50.0, ""radius"": 5.0}]"
overconfident_faulty_sensor,121,24.2,1,41.323,43.637,90.0,94.0,50.0,50.0,50.336,50.912,position_noise+latency+confidence_error,0.469,confidence_weighted_fusion,avoidance,4,0,70.043,6.913,5.761,obstacle_0,5.761,False,False,False,False,False,1,"[{""id"": ""obstacle_0"", ""kind"": ""static_obstacle"", ""x"": 50.0, ""y"": 50.0, ""radius"": 5.0}]"
overconfident_faulty_sensor,121,24.2,2,46.313,38.852,86.0,90.0,50.0,50.0,50.336,50.912,dropout+latency+confidence_error,0.469,confidence_weighted_fusion,avoidance,3,0,64.739,6.037,6.742,uav_3,6.037,False,False,False,False,False,1,"[{""id"": ""obstacle_0"", ""kind"": ""static_obstacle"", ""x"": 50.0, ""y"": 50.0, ""radius"": 5.0}]"
overconfident_faulty_sensor,121,24.2,3,52.348,38.998,90.0,86.0,50.0,50.0,50.336,50.912,false_negative+position_noise+latency+confidence_error,0.469,confidence_weighted_fusion,avoidance,4,0,60.223,6.037,6.25,uav_2,6.037,False,False,False,False,False,1,"[{""id"": ""obstacle_0"", ""kind"": ""static_obstacle"", ""x"": 50.0, ""y"": 50.0, ""radius"": 5.0}]"
overconfident_faulty_sensor,122,24.4,0,41.0,36.002,94.0,90.0,50.0,50.0,50.096,49.179,position_noise+latency+confidence_error,0.583,confidence_weighted_fusion,avoidance,5,1,75.662,6.308,11.642,uav_2,6.308,False,False,False,False,False,1,"[{""id"": ""obstacle_0"", ""kind"": ""static_obstacle"", ""x"": 50.0, ""y"": 50.0, ""radius"": 5.0}]"
overconfident_faulty_sensor,122,24.4,1,41.509,43.283,90.0,94.0,50.0,50.0,50.096,49.179,false_negative+position_noise+latency+confidence_error,0.583,confidence_weighted_fusion,avoidance,4,0,70.168,6.903,5.827,obstacle_0,5.827,False,False,False,False,False,1,"[{""id"": ""obstacle_0"", ""kind"": ""static_obstacle"", ""x"": 50.0, ""y"": 50.0, ""radius"": 5.0}]"
overconfident_faulty_sensor,122,24.4,2,46.691,38.723,86.0,90.0,50.0,50.0,50.096,49.179,dropout+latency+confidence_error,0.583,confidence_weighted_fusion,avoidance,1,0,64.611,6.058,6.752,uav_3,6.058,False,False,False,False,False,1,"[{""id"": ""obstacle_0"", ""kind"": ""static_obstacle"", ""x"": 50.0, ""y"": 50.0, ""radius"": 5.0}]"
overconfident_faulty_sensor,122,24.4,3,52.745,38.95,90.0,86.0,50.0,50.0,50.096,49.179,position_noise+latency+confidence_error,0.583,confidence_weighted_fusion,avoidance,1,0,60.014,6.058,6.386,uav_2,6.058,False,False,False,False,False,1,"[{""id"": ""obstacle_0"", ""kind"": ""static_obstacle"", ""x"": 50.0, ""y"": 50.0, ""radius"": 5.0}]"
overconfident_faulty_sensor,123,24.6,0,41.39,36.091,94.0,90.0,50.0,50.0,49.15,51.285,false_positive+false_negative+position_noise+latency+confidence_error,0.309,confidence_weighted_fusion,avoidance,3,0,75.326,6.269,11.358,uav_2,6.269,False,False,False,False,False,1,"[{""id"": ""obstacle_0"", ""kind"": ""static_obstacle"", ""x"": 50.0, ""y"": 50.0, ""radius"": 5.0}]"
overconfident_faulty_sensor,123,24.6,1,41.801,43.009,90.0,94.0,50.0,50.0,49.15,51.285,position_noise+latency+confidence_error,0.309,confidence_weighted_fusion,avoidance,4,0,70.165,6.823,5.774,obstacle_0,5.774,False,False,False,False,False,1,"[{""id"": ""obstacle_0"", ""kind"": ""static_obstacle"", ""x"": 50.0, ""y"": 50.0, ""radius"": 5.0}]"
overconfident_faulty_sensor,123,24.6,2,47.091,38.699,86.0,90.0,50.0,50.0,49.15,51.285,dropout+latency+confidence_error,0.309,confidence_weighted_fusion,avoidance,1,0,64.387,6.014,6.669,uav_3,6.014,False,False,False,False,False,1,"[{""id"": ""obstacle_0"", ""kind"": ""static_obstacle"", ""x"": 50.0, ""y"": 50.0, ""radius"": 5.0}]"
overconfident_faulty_sensor,123,24.6,3,53.087,39.158,90.0,86.0,50.0,50.0,49.15,51.285,false_negative+position_noise+latency+confidence_error,0.309,confidence_weighted_fusion,avoidance,3,0,59.639,6.014,6.273,uav_2,6.014,False,False,False,False,False,1,"[{""id"": ""obstacle_0"", ""kind"": ""static_obstacle"", ""x"": 50.0, ""y"": 50.0, ""radius"": 5.0}]"
overconfident_faulty_sensor,124,24.8,0,41.2,36.442,94.0,90.0,50.0,50.0,50.324,52.281,false_positive+false_negative+position_noise+latency+confidence_error,0.477,confidence_weighted_fusion,avoidance,5,1,75.208,6.494,11.163,uav_1,6.494,False,False,False,False,False,1,"[{""id"": ""obstacle_0"", ""kind"": ""static_obstacle"", ""x"": 50.0, ""y"": 50.0, ""radius"": 5.0}]"
overconfident_faulty_sensor,124,24.8,1,42.173,42.863,90.0,94.0,50.0,50.0,50.324,52.281,position_noise+latency+confidence_error,0.477,confidence_weighted_fusion,avoidance,4,0,70.017,6.494,5.593,obstacle_0,5.593,False,False,False,False,False,1,"[{""id"": ""obstacle_0"", ""kind"": ""static_obstacle"", ""x"": 50.0, ""y"": 50.0, ""radius"": 5.0}]"
overconfident_faulty_sensor,124,24.8,2,47.49,38.724,86.0,90.0,50.0,50.0,50.324,52.281,position_noise+latency+confidence_error,0.477,confidence_weighted_fusion,avoidance,1,0,64.127,6.013,6.552,uav_3,6.013,False,False,False,False,False,1,"[{""id"": ""obstacle_0"", ""kind"": ""static_obstacle"", ""x"": 50.0, ""y"": 50.0, ""radius"": 5.0}]"
overconfident_faulty_sensor,124,24.8,3,53.482,39.217,90.0,86.0,50.0,50.0,50.324,52.281,false_negative+position_noise+latency+confidence_error,0.477,confidence_weighted_fusion,avoidance,3,0,59.348,6.013,6.332,uav_2,6.013,False,False,False,False,False,1,"[{""id"": ""obstacle_0"", ""kind"": ""static_obstacle"", ""x"": 50.0, ""y"": 50.0, ""radius"": 5.0}]"
overconfident_faulty_sensor,125,25.0,0,41.595,36.501,94.0,90.0,50.0,50.0,50.884,49.019,false_positive+false_negative+position_noise+latency+confidence_error,0.907,confidence_weighted_fusion,avoidance,4,0,74.889,6.075,10.902,uav_1,6.075,False,False,False,False,False,1,"[{""id"": ""obstacle_0"", ""kind"": ""static_obstacle"", ""x"": 50.0, ""y"": 50.0, ""radius"": 5.0}]"
overconfident_faulty_sensor,125,25.0,1,42.386,42.524,90.0,94.0,50.0,50.0,50.884,49.019,position_noise+latency+confidence_error,0.907,confidence_weighted_fusion,avoidance,4,0,70.12,6.075,5.671,obstacle_0,5.671,False,False,False,False,False,1,"[{""id"": ""obstacle_0"", ""kind"": ""static_obstacle"", ""x"": 50.0, ""y"": 50.0, ""radius"": 5.0}]"
overconfident_faulty_sensor,125,25.0,2,47.866,38.588,86.0,90.0,50.0,50.0,50.884,49.019,false_negative+position_noise+latency+confidence_error,0.907,confidence_weighted_fusion,avoidance,1,0,64.011,6.045,6.61,uav_3,6.045,False,False,False,False,False,1,"[{""id"": ""obstacle_0"", ""kind"": ""static_obstacle"", ""x"": 50.0, ""y"": 50.0, ""radius"": 5.0}]"
overconfident_faulty_sensor,125,25.0,3,53.881,39.183,90.0,86.0,50.0,50.0,50.884,49.019,position_noise+latency+confidence_error,0.907,confidence_weighted_fusion,avoidance,4,0,59.131,6.045,6.493,uav_2,6.045,False,False,False,False,False,1,"[{""id"": ""obstacle_0"", ""kind"": ""static_obstacle"", ""x"": 50.0, ""y"": 50.0, ""radius"": 5.0}]"
overconfident_faulty_sensor,126,25.2,0,41.788,36.151,94.0,90.0,50.0,50.0,51.248,49.822,position_noise+latency+confidence_error,0.758,confidence_weighted_fusion,avoidance,5,1,75.005,6.193,11.101,uav_1,6.193,False,False,False,False,False,1,"[{""id"": ""obstacle_0"", ""kind"": ""static_obstacle"", ""x"": 50.0, ""y"": 50.0, ""radius"": 5.0}]"
overconfident_faulty_sensor,126,25.2,1,42.7,42.276,90.0,94.0,50.0,50.0,51.248,49.822,false_negative+position_noise+latency+confidence_error,0.758,confidence_weighted_fusion,avoidance,4,0,70.091,6.193,5.628,obstacle_0,5.628,False,False,False,False,False,1,"[{""id"": ""obstacle_0"", ""kind"": ""static_obstacle"", ""x"": 50.0, ""y"": 50.0, ""radius"": 5.0}]"
overconfident_faulty_sensor,126,25.2,2,48.258,38.508,86.0,90.0,50.0,50.0,51.248,49.822,position_noise+latency+confidence_error,0.758,confidence_weighted_fusion,avoidance,1,0,63.843,6.06,6.624,uav_3,6.06,False,False,False,False,False,1,"[{""id"": ""obstacle_0"", ""kind"": ""static_obstacle"", ""x"": 50.0, ""y"": 50.0, ""radius"": 5.0}]"
overconfident_faulty_sensor,126,25.2,3,54.281,39.177,90.0,86.0,50.0,50.0,51.248,49.822,position_noise+latency+confidence_error,0.758,confidence_weighted_fusion,avoidance,2,0,58.892,6.06,6.639,uav_2,6.06,False,False,False,False,False,1,"[{""id"": ""obstacle_0"", ""kind"": ""static_obstacle"", ""x"": 50.0, ""y"": 50.0, ""radius"": 5.0}]"
overconfident_faulty_sensor,127,25.4,0,42.039,35.839,94.0,90.0,50.0,50.0,50.665,49.965,false_negative+position_noise+latency+confidence_error,0.864,confidence_weighted_fusion,avoidance,4,1,75.056,6.244,11.246,uav_1,6.244,False,False,False,False,False,1,"[{""id"": ""obstacle_0"", ""kind"": ""static_obstacle"", ""x"": 50.0, ""y"": 50.0, ""radius"": 5.0}]"
overconfident_faulty_sensor,127,25.4,1,42.997,42.008,90.0,94.0,50.0,50.0,50.665,49.965,position_noise+latency+confidence_error,0.864,confidence_weighted_fusion,avoidance,4,0,70.088,6.244,5.626,obstacle_0,5.626,False,False,False,False,False,1,"[{""id"": ""obstacle_0"", ""kind"": ""static_obstacle"", ""x"": 50.0, ""y"": 50.0, ""radius"": 5.0}]"
overconfident_faulty_sensor,127,25.4,2,48.652,38.438,86.0,90.0,50.0,50.0,50.665,49.965,false_negative+position_noise+latency+confidence_error,0.864,confidence_weighted_fusion,avoidance,4,0,63.668,6.076,6.641,uav_3,6.076,False,False,False,False,False,1,"[{""id"": ""obstacle_0"", ""kind"": ""static_obstacle"", ""x"": 50.0, ""y"": 50.0, ""radius"": 5.0}]"
overconfident_faulty_sensor,127,25.4,3,54.681,39.194,90.0,86.0,50.0,50.0,50.665,49.965,position_noise+latency+confidence_error,0.864,confidence_weighted_fusion,avoidance,3,0,58.637,6.076,6.776,uav_2,6.076,False,False,False,False,False,1,"[{""id"": ""obstacle_0"", ""kind"": ""static_obstacle"", ""x"": 50.0, ""y"": 50.0, ""radius"": 5.0}]"
overconfident_faulty_sensor,128,25.6,0,42.422,35.951,94.0,90.0,50.0,50.0,49.88,49.707,position_noise+latency+confidence_error,0.734,confidence_weighted_fusion,avoidance,4,1,74.71,5.803,10.962,uav_1,5.803,False,False,False,False,False,1,"[{""id"": ""obstacle_0"", ""kind"": ""static_obstacle"", ""x"": 50.0, ""y"": 50.0, ""radius"": 5.0}]"
overconfident_faulty_sensor,128,25.6,1,43.246,41.695,90.0,94.0,50.0,50.0,49.88,49.707,position_noise+latency+confidence_error,0.734,confidence_weighted_fusion,avoidance,4,0,70.155,5.803,5.705,obstacle_0,5.705,False,False,False,False,False,1,"[{""id"": ""obstacle_0"", ""kind"": ""static_obstacle"", ""x"": 50.0, ""y"": 50.0, ""radius"": 5.0}]"
overconfident_faulty_sensor,128,25.6,2,49.044,38.362,86.0,90.0,50.0,50.0,49.88,49.707,position_noise+latency+confidence_error,0.734,confidence_weighted_fusion,avoidance,3,0,63.5,6.097,6.677,uav_3,6.097,False,False,False,False,False,1,"[{""id"": ""obstacle_0"", ""kind"": ""static_obstacle"", ""x"": 50.0, ""y"": 50.0, ""radius"": 5.0}]"
overconfident_faulty_sensor,128,25.6,3,55.078,39.237,90.0,86.0,50.0,50.0,49.88,49.707,position_noise+latency+confidence_error,0.734,confidence_weighted_fusion,avoidance,4,0,58.363,6.097,6.9,uav_2,6.097,False,False,False,False,False,1,"[{""id"": ""obstacle_0"", ""kind"": ""static_obstacle"", ""x"": 50.0, ""y"": 50.0, ""radius"": 5.0}]"
overconfident_faulty_sensor,129,25.8,0,42.822,35.964,94.0,90.0,50.0,50.0,49.545,49.517,position_noise+latency+confidence_error,0.941,confidence_weighted_fusion,avoidance,4,0,74.425,5.457,10.765,uav_1,5.457,False,False,False,False,False,1,"[{""id"": ""obstacle_0"", ""kind"": ""static_obstacle"", ""x"": 50.0, ""y"": 50.0, ""radius"": 5.0}]"
overconfident_faulty_sensor,129,25.8,1,43.492,41.38,90.0,94.0,50.0,50.0,49.545,49.517,false_negative+position_noise+latency+confidence_error,0.941,confidence_weighted_fusion,avoidance,3,0,70.227,5.457,5.801,uav_0,5.457,False,False,False,False,False,1,"[{""id"": ""obstacle_0"", ""kind"": ""static_obstacle"", ""x"": 50.0, ""y"": 50.0, ""radius"": 5.0}]"
overconfident_faulty_sensor,129,25.8,2,49.439,38.294,86.0,90.0,50.0,50.0,49.545,49.517,position_noise+latency+confidence_error,0.941,confidence_weighted_fusion,avoidance,4,0,63.326,6.118,6.719,uav_3,6.118,False,False,False,False,False,1,"[{""id"": ""obstacle_0"", ""kind"": ""static_obstacle"", ""x"": 50.0, ""y"": 50.0, ""radius"": 5.0}]"
overconfident_faulty_sensor,129,25.8,3,55.473,39.3,90.0,86.0,50.0,50.0,49.545,49.517,dropout+latency+confidence_error,0.941,confidence_weighted_fusion,avoidance,4,0,58.078,6.118,7.019,uav_2,6.118,False,False,False,False,False,1,"[{""id"": ""obstacle_0"", ""kind"": ""static_obstacle"", ""x"": 50.0, ""y"": 50.0, ""radius"": 5.0}]"
overconfident_faulty_sensor,130,26.0,0,43.22,36.006,94.0,90.0,50.0,50.0,50.012,50.015,position_noise+latency+confidence_error,0.42,confidence_weighted_fusion,avoidance,3,0,74.121,5.138,10.55,uav_1,5.138,False,False,False,False,False,1,"[{""id"": ""obstacle_0"", ""kind"": ""static_obstacle"", ""x"": 50.0, ""y"": 50.0, ""radius"": 5.0}]"
overconfident_faulty_sensor,130,26.0,1,43.79,41.113,90.0,94.0,50.0,50.0,50.012,50.015,false_negative+position_noise+latency+confidence_error,0.42,confidence_weighted_fusion,avoidance,4,0,70.231,5.138,5.842,uav_0,5.138,False,False,False,False,False,1,"[{""id"": ""obstacle_0"", ""kind"": ""static_obstacle"", ""x"": 50.0, ""y"": 50.0, ""radius"": 5.0}]"
overconfident_faulty_sensor,130,26.0,2,49.836,38.254,86.0,90.0,50.0,50.0,50.012,50.015,position_noise+latency+confidence_error,0.42,confidence_weighted_fusion,avoidance,3,0,63.131,6.117,6.747,uav_3,6.117,False,False,False,False,False,1,"[{""id"": ""obstacle_0"", ""kind"": ""static_obstacle"", ""x"": 50.0, ""y"": 50.0, ""radius"": 5.0}]"
overconfident_faulty_sensor,130,26.0,3,55.828,39.485,90.0,86.0,50.0,50.0,50.012,50.015,dropout+latency+confidence_error,0.42,confidence_weighted_fusion,avoidance,4,0,57.718,6.117,7.022,uav_2,6.117,False,False,False,False,False,1,"[{""id"": ""obstacle_0"", ""kind"": ""static_obstacle"", ""x"": 50.0, ""y"": 50.0, ""radius"": 5.0}]"
overconfident_faulty_sensor,131,26.2,0,43.617,36.053,94.0,90.0,50.0,50.0,50.05,49.921,position_noise+latency+confidence_error,0.791,confidence_weighted_fusion,avoidance,4,0,73.815,4.822,10.338,uav_1,4.822,False,False,False,False,False,1,"[{""id"": ""obstacle_0"", ""kind"": ""static_obstacle"", ""x"": 50.0, ""y"": 50.0, ""radius"": 5.0}]"
overconfident_faulty_sensor,131,26.2,1,44.093,40.852,90.0,94.0,50.0,50.0,50.05,49.921,false_negative+position_noise+latency+confidence_error,0.791,confidence_weighted_fusion,avoidance,4,0,70.23,4.822,5.89,uav_0,4.822,False,False,False,False,False,1,"[{""id"": ""obstacle_0"", ""kind"": ""static_obstacle"", ""x"": 50.0, ""y"": 50.0, ""radius"": 5.0}]"
overconfident_faulty_sensor,131,26.2,2,50.235,38.218,86.0,90.0,50.0,50.0,50.05,49.921,false_positive+position_noise+latency+confidence_error,0.791,confidence_weighted_fusion,avoidance,4,0,62.933,6.135,6.785,uav_3,6.135,False,False,False,False,False,1,"[{""id"": ""obstacle_0"", ""kind"": ""static_obstacle"", ""x"": 50.0, ""y"": 50.0, ""radius"": 5.0}]"
overconfident_faulty_sensor,131,26.2,3,56.22,39.564,90.0,86.0,50.0,50.0,50.05,49.921,dropout+latency+confidence_error,0.791,confidence_weighted_fusion,avoidance,4,0,57.423,6.135,7.149,uav_2,6.135,False,False,False,False,False,1,"[{""id"": ""obstacle_0"", ""kind"": ""static_obstacle"", ""x"": 50.0, ""y"": 50.0, ""radius"": 5.0}]"
overconfident_faulty_sensor,132,26.4,0,44.014,36.102,94.0,90.0,50.0,50.0,49.27,50.635,position_noise+latency+confidence_error,0.975,confidence_weighted_fusion,avoidance,4,0,73.509,4.558,10.132,uav_1,4.558,False,False,False,False,False,1,"[{""id"": ""obstacle_0"", ""kind"": ""static_obstacle"", ""x"": 50.0, ""y"": 50.0, ""radius"": 5.0}]"
overconfident_faulty_sensor,132,26.4,1,44.433,40.641,90.0,94.0,50.0,50.0,49.27,50.635,position_noise+latency+confidence_error,0.975,confidence_weighted_fusion,avoidance,3,0,70.168,4.558,5.89,uav_0,4.558,False,False,False,False,False,1,"[{""id"": ""obstacle_0"", ""kind"": ""static_obstacle"", ""x"": 50.0, ""y"": 50.0, ""radius"": 5.0}]"
overconfident_faulty_sensor,132,26.4,2,50.635,38.232,86.0,90.0,50.0,50.0,49.27,50.635,position_noise+latency+confidence_error,0.975,confidence_weighted_fusion,avoidance,4,0,62.694,6.141,6.785,uav_3,6.141,False,False,False,False,False,1,"[{""id"": ""obstacle_0"", ""kind"": ""static_obstacle"", ""x"": 50.0, ""y"": 50.0, ""radius"": 5.0}]"
overconfident_faulty_sensor,132,26.4,3,56.603,39.678,90.0,86.0,50.0,50.0,49.27,50.635,dropout+latency+confidence_error,0.975,confidence_weighted_fusion,avoidance,1,0,57.105,6.141,7.253,uav_2,6.141,False,False,False,False,False,1,"[{""id"": ""obstacle_0"", ""kind"": ""static_obstacle"", ""x"": 50.0, ""y"": 50.0, ""radius"": 5.0}]"
overconfident_faulty_sensor,133,26.6,0,44.41,36.158,94.0,90.0,50.0,50.0,49.485,50.912,false_positive+false_negative+position_noise+latency+confidence_error,0.534,confidence_weighted_fusion,avoidance,4,0,73.199,4.328,9.928,uav_1,4.328,False,False,False,False,False,1,"[{""id"": ""obstacle_0"", ""kind"": ""static_obstacle"", ""x"": 50.0, ""y"": 50.0, ""radius"": 5.0}]"
overconfident_faulty_sensor,133,26.6,1,44.794,40.468,90.0,94.0,50.0,50.0,49.485,50.912,position_noise+latency+confidence_error,0.534,confidence_weighted_fusion,avoidance,3,0,70.066,4.328,5.861,uav_0,4.328,False,False,False,False,False,1,"[{""id"": ""obstacle_0"", ""kind"": ""static_obstacle"", ""x"": 50.0, ""y"": 50.0, ""radius"": 5.0}]"
overconfident_faulty_sensor,133,26.6,2,51.033,38.263,86.0,90.0,50.0,50.0,49.485,50.912,false_negative+position_noise+latency+confidence_error,0.534,confidence_weighted_fusion,avoidance,4,0,62.445,6.146,6.782,uav_3,6.146,False,False,False,False,False,1,"[{""id"": ""obstacle_0"", ""kind"": ""static_obstacle"", ""x"": 50.0, ""y"": 50.0, ""radius"": 5.0}]"
overconfident_faulty_sensor,133,26.6,3,56.984,39.8,90.0,86.0,50.0,50.0,49.485,50.912,dropout+latency+confidence_error,0.534,confidence_weighted_fusion,avoidance,1,0,56.784,6.146,7.362,uav_2,6.146,False,False,False,False,False,1,"[{""id"": ""obstacle_0"", ""kind"": ""static_obstacle"", ""x"": 50.0, ""y"": 50.0, ""radius"": 5.0}]"
overconfident_faulty_sensor,134,26.8,0,44.81,36.179,94.0,90.0,50.0,50.0,49.608,49.753,position_noise+latency+confidence_error,0.636,confidence_weighted_fusion,avoidance,4,0,72.914,4.071,9.764,uav_1,4.071,False,False,False,False,False,1,"[{""id"": ""obstacle_0"", ""kind"": ""static_obstacle"", ""x"": 50.0, ""y"": 50.0, ""radius"": 5.0}]"
overconfident_faulty_sensor,134,26.8,1,45.12,40.237,90.0,94.0,50.0,50.0,49.608,49.753,false_negative+position_noise+latency+confidence_error,0.636,confidence_weighted_fusion,avoidance,3,0,70.033,4.071,5.914,uav_0,4.071,False,False,False,False,False,1,"[{""id"": ""obstacle_0"", ""kind"": ""static_obstacle"", ""x"": 50.0, ""y"": 50.0, ""radius"": 5.0}]"
overconfident_faulty_sensor,134,26.8,2,51.426,38.185,86.0,90.0,50.0,50.0,49.608,49.753,dropout+latency+confidence_error,0.636,confidence_weighted_fusion,avoidance,5,1,62.291,6.188,6.901,uav_3,6.188,False,False,False,False,False,1,"[{""id"": ""obstacle_0"", ""kind"": ""static_obstacle"", ""x"": 50.0, ""y"": 50.0, ""radius"": 5.0}]"
overconfident_faulty_sensor,134,26.8,3,57.367,39.915,90.0,86.0,50.0,50.0,49.608,49.753,false_negative+position_noise+latency+confidence_error,0.636,confidence_weighted_fusion,avoidance,1,0,56.469,6.188,7.489,uav_2,6.188,False,False,False,False,False,1,"[{""id"": ""obstacle_0"", ""kind"": ""static_obstacle"", ""x"": 50.0, ""y"": 50.0, ""radius"": 5.0}]"
overconfident_faulty_sensor,135,27.0,0,45.209,36.194,94.0,90.0,50.0,50.0,49.594,49.715,false_negative+position_noise+latency+confidence_error,0.348,confidence_weighted_fusion,avoidance,4,0,72.633,3.833,9.613,uav_1,3.833,False,False,False,False,False,1,"[{""id"": ""obstacle_0"", ""kind"": ""static_obstacle"", ""x"": 50.0, ""y"": 50.0, ""radius"": 5.0}]"
overconfident_faulty_sensor,135,27.0,1,45.455,40.019,90.0,94.0,50.0,50.0,49.594,49.715,position_noise+latency+confidence_error,0.348,confidence_weighted_fusion,avoidance,4,0,69.987,3.833,5.967,uav_0,3.833,False,False,False,False,False,1,"[{""id"": ""obstacle_0"", ""kind"": ""static_obstacle"", ""x"": 50.0, ""y"": 50.0, ""radius"": 5.0}]"
overconfident_faulty_sensor,135,27.0,2,51.826,38.191,86.0,90.0,50.0,50.0,49.594,49.715,dropout+latency+confidence_error,0.348,confidence_weighted_fusion,avoidance,4,0,62.065,6.204,6.95,uav_3,6.204,False,False,False,False,False,1,"[{""id"": ""obstacle_0"", ""kind"": ""static_obstacle"", ""x"": 50.0, ""y"": 50.0, ""radius"": 5.0}]"
overconfident_faulty_sensor,135,27.0,3,57.747,40.04,90.0,86.0,50.0,50.0,49.594,49.715,false_positive+false_negative+position_noise+latency+confidence_error,0.348,confidence_weighted_fusion,avoidance,1,0,56.148,6.204,7.618,uav_2,6.204,False,False,False,False,False,1,"[{""id"": ""obstacle_0"", ""kind"": ""static_obstacle"", ""x"": 50.0, ""y"": 50.0, ""radius"": 5.0}]"
overconfident_faulty_sensor,136,27.2,0,45.581,36.046,94.0,90.0,50.0,50.0,49.774,48.145,position_noise+latency+confidence_error,0.27,confidence_weighted_fusion,avoidance,4,1,72.495,4.165,9.637,uav_1,4.165,False,False,False,False,False,1,"[{""id"": ""obstacle_0"", ""kind"": ""static_obstacle"", ""x"": 50.0, ""y"": 50.0, ""radius"": 5.0}]"
overconfident_faulty_sensor,136,27.2,1,45.81,40.204,90.0,94.0,50.0,50.0,49.774,48.145,false_negative+position_noise+latency+confidence_error,0.27,confidence_weighted_fusion,avoidance,4,0,69.619,4.165,5.654,uav_0,4.165,False,False,False,False,False,1,"[{""id"": ""obstacle_0"", ""kind"": ""static_obstacle"", ""x"": 50.0, ""y"": 50.0, ""radius"": 5.0}]"
overconfident_faulty_sensor,136,27.2,2,52.223,38.143,86.0,90.0,50.0,50.0,49.774,48.145,dropout+latency+confidence_error,0.27,confidence_weighted_fusion,avoidance,3,0,61.887,6.241,7.063,uav_3,6.241,False,False,False,False,False,1,"[{""id"": ""obstacle_0"", ""kind"": ""static_obstacle"", ""x"": 50.0, ""y"": 50.0, ""radius"": 5.0}]"
overconfident_faulty_sensor,136,27.2,3,58.128,40.162,90.0,86.0,50.0,50.0,49.774,48.145,false_positive+false_negative+position_noise+latency+confidence_error,0.27,confidence_weighted_fusion,avoidance,1,0,55.83,6.241,7.762,uav_2,6.241,False,False,False,False,False,1,"[{""id"": ""obstacle_0"", ""kind"": ""static_obstacle"", ""x"": 50.0, ""y"": 50.0, ""radius"": 5.0}]"
overconfident_faulty_sensor,137,27.4,0,45.979,36.083,94.0,90.0,50.0,50.0,50.517,50.374,position_noise+latency+confidence_error,0.341,confidence_weighted_fusion,avoidance,4,0,72.202,3.974,9.486,uav_1,3.974,False,False,False,False,False,1,"[{""id"": ""obstacle_0"", ""kind"": ""static_obstacle"", ""x"": 50.0, ""y"": 50.0, ""radius"": 5.0}]"
overconfident_faulty_sensor,137,27.4,1,46.179,40.052,90.0,94.0,50.0,50.0,50.517,50.374,false_negative+position_noise+latency+confidence_error,0.341,confidence_weighted_fusion,avoidance,2,0,69.503,3.974,5.657,uav_0,3.974,False,False,False,False,False,1,"[{""id"": ""obstacle_0"", ""kind"": ""static_obstacle"", ""x"": 50.0, ""y"": 50.0, ""radius"": 5.0}]"
overconfident_faulty_sensor,137,27.4,2,52.622,38.17,86.0,90.0,50.0,50.0,50.517,50.374,dropout+latency+confidence_error,0.341,confidence_weighted_fusion,avoidance,1,0,61.648,6.255,7.117,uav_3,6.255,False,False,False,False,False,1,"[{""id"": ""obstacle_0"", ""kind"": ""static_obstacle"", ""x"": 50.0, ""y"": 50.0, ""radius"": 5.0}]"
overconfident_faulty_sensor,137,27.4,3,58.508,40.288,90.0,86.0,50.0,50.0,50.517,50.374,false_negative+position_noise+latency+confidence_error,0.341,confidence_weighted_fusion,avoidance,3,0,55.51,6.255,7.912,uav_2,6.255,False,False,False,False,False,1,"[{""id"": ""obstacle_0"", ""kind"": ""static_obstacle"", ""x"": 50.0, ""y"": 50.0, ""radius"": 5.0}]"
overconfident_faulty_sensor,138,27.6,0,46.378,36.12,94.0,90.0,50.0,50.0,49.369,50.68,false_negative+position_noise+latency+confidence_error,0.553,confidence_weighted_fusion,avoidance,3,0,71.91,4.337,9.345,uav_1,4.337,False,False,False,False,False,1,"[{""id"": ""obstacle_0"", ""kind"": ""static_obstacle"", ""x"": 50.0, ""y"": 50.0, ""radius"": 5.0}]"
overconfident_faulty_sensor,138,27.6,1,46.147,40.45,90.0,94.0,50.0,50.0,49.369,50.68,false_negative+position_noise+latency+confidence_error,0.553,confidence_weighted_fusion,avoidance,4,0,69.215,4.337,5.298,uav_0,4.337,False,False,False,False,False,1,"[{""id"": ""obstacle_0"", ""kind"": ""static_obstacle"", ""x"": 50.0, ""y"": 50.0, ""radius"": 5.0}]"
overconfident_faulty_sensor,138,27.6,2,53.016,38.238,86.0,90.0,50.0,50.0,49.369,50.68,dropout+latency+confidence_error,0.553,confidence_weighted_fusion,avoidance,1,0,61.378,6.149,7.143,uav_3,6.149,False,False,False,False,False,1,"[{""id"": ""obstacle_0"", ""kind"": ""static_obstacle"", ""x"": 50.0, ""y"": 50.0, ""radius"": 5.0}]"
overconfident_faulty_sensor,138,27.6,3,58.87,40.118,90.0,86.0,50.0,50.0,49.369,50.68,false_negative+position_noise+latency+confidence_error,0.553,confidence_weighted_fusion,avoidance,4,1,55.445,6.149,8.279,uav_2,6.149,False,False,False,False,False,1,"[{""id"": ""obstacle_0"", ""kind"": ""static_obstacle"", ""x"": 50.0, ""y"": 50.0, ""radius"": 5.0}]"
overconfident_faulty_sensor,139,27.8,0,46.746,35.964,94.0,90.0,50.0,50.0,49.788,48.974,false_positive+position_noise+latency+confidence_error,0.468,confidence_weighted_fusion,avoidance,4,0,71.783,4.259,9.408,uav_1,4.259,False,False,False,False,False,1,"[{""id"": ""obstacle_0"", ""kind"": ""static_obstacle"", ""x"": 50.0, ""y"": 50.0, ""radius"": 5.0}]"
overconfident_faulty_sensor,139,27.8,1,46.469,40.214,90.0,94.0,50.0,50.0,49.788,48.974,false_negative+position_noise+latency+confidence_error,0.468,confidence_weighted_fusion,avoidance,2,0,69.194,4.259,5.403,uav_0,4.259,False,False,False,False,False,1,"[{""id"": ""obstacle_0"", ""kind"": ""static_obstacle"", ""x"": 50.0, ""y"": 50.0, ""radius"": 5.0}]"
overconfident_faulty_sensor,139,27.8,2,53.416,38.258,86.0,90.0,50.0,50.0,49.788,48.974,false_negative+position_noise+latency+confidence_error,0.468,confidence_weighted_fusion,avoidance,1,0,61.147,6.053,7.229,uav_3,6.053,False,False,False,False,False,1,"[{""id"": ""obstacle_0"", ""kind"": ""static_obstacle"", ""x"": 50.0, ""y"": 50.0, ""radius"": 5.0}]"
overconfident_faulty_sensor,139,27.8,3,59.23,39.943,90.0,86.0,50.0,50.0,49.788,48.974,false_negative+position_noise+latency+confidence_error,0.468,confidence_weighted_fusion,avoidance,4,1,55.39,6.053,8.651,uav_2,6.053,False,False,False,False,False,1,"[{""id"": ""obstacle_0"", ""kind"": ""static_obstacle"", ""x"": 50.0, ""y"": 50.0, ""radius"": 5.0}]"
overconfident_faulty_sensor,140,28.0,0,47.146,35.981,94.0,90.0,50.0,50.0,49.825,49.856,dropout+latency+confidence_error,0.291,confidence_weighted_fusion,avoidance,4,0,71.508,4.06,9.306,uav_1,4.06,False,False,False,False,False,1,"[{""id"": ""obstacle_0"", ""kind"": ""static_obstacle"", ""x"": 50.0, ""y"": 50.0, ""radius"": 5.0}]"
overconfident_faulty_sensor,140,28.0,1,46.824,40.028,90.0,94.0,50.0,50.0,49.825,49.856,false_negative+position_noise+latency+confidence_error,0.291,confidence_weighted_fusion,avoidance,3,0,69.117,4.06,5.465,uav_0,4.06,False,False,False,False,False,1,"[{""id"": ""obstacle_0"", ""kind"": ""static_obstacle"", ""x"": 50.0, ""y"": 50.0, ""radius"": 5.0}]"
overconfident_faulty_sensor,140,28.0,2,53.812,38.315,86.0,90.0,50.0,50.0,49.825,49.856,position_noise+latency+confidence_error,0.291,confidence_weighted_fusion,avoidance,1,0,60.889,6.055,7.291,uav_3,6.055,False,False,False,False,False,1,"[{""id"": ""obstacle_0"", ""kind"": ""static_obstacle"", ""x"": 50.0, ""y"": 50.0, ""radius"": 5.0}]"
overconfident_faulty_sensor,140,28.0,3,59.597,40.1,90.0,86.0,50.0,50.0,49.825,49.856,false_negative+position_noise+latency+confidence_error,0.291,confidence_weighted_fusion,avoidance,3,0,55.056,6.055,8.788,uav_2,6.055,False,False,False,False,False,1,"[{""id"": ""obstacle_0"", ""kind"": ""static_obstacle"", ""x"": 50.0, ""y"": 50.0, ""radius"": 5.0}]"
overconfident_faulty_sensor,141,28.2,0,47.542,36.032,94.0,90.0,50.0,50.0,51.653,50.676,dropout+latency+confidence_error,0.947,confidence_weighted_fusion,avoidance,3,0,71.21,3.894,9.183,uav_1,3.894,False,False,False,False,False,1,"[{""id"": ""obstacle_0"", ""kind"": ""static_obstacle"", ""x"": 50.0, ""y"": 50.0, ""radius"": 5.0}]"
overconfident_faulty_sensor,141,28.2,1,47.206,39.911,90.0,94.0,50.0,50.0,51.653,50.676,position_noise+latency+confidence_error,0.947,confidence_weighted_fusion,avoidance,4,0,68.97,3.894,5.468,uav_0,3.894,False,False,False,False,False,1,"[{""id"": ""obstacle_0"", ""kind"": ""static_obstacle"", ""x"": 50.0, ""y"": 50.0, ""radius"": 5.0}]"
overconfident_faulty_sensor,141,28.2,2,54.208,38.367,86.0,90.0,50.0,50.0,51.653,50.676,false_negative+position_noise+latency+confidence_error,0.947,confidence_weighted_fusion,avoidance,1,0,60.636,6.061,7.371,uav_3,6.061,False,False,False,False,False,1,"[{""id"": ""obstacle_0"", ""kind"": ""static_obstacle"", ""x"": 50.0, ""y"": 50.0, ""radius"": 5.0}]"
overconfident_faulty_sensor,141,28.2,3,59.975,40.232,90.0,86.0,50.0,50.0,51.653,50.676,position_noise+latency+confidence_error,0.947,confidence_weighted_fusion,avoidance,3,0,54.738,6.061,8.961,uav_2,6.061,False,False,False,False,False,1,"[{""id"": ""obstacle_0"", ""kind"": ""static_obstacle"", ""x"": 50.0, ""y"": 50.0, ""radius"": 5.0}]"
overconfident_faulty_sensor,142,28.4,0,47.325,36.367,94.0,90.0,50.0,50.0,50.739,50.145,dropout+latency+confidence_error,0.588,confidence_weighted_fusion,avoidance,5,1,71.099,3.904,8.893,uav_1,3.904,False,False,False,False,False,1,"[{""id"": ""obstacle_0"", ""kind"": ""static_obstacle"", ""x"": 50.0, ""y"": 50.0, ""radius"": 5.0}]"
overconfident_faulty_sensor,142,28.4,1,47.381,40.271,90.0,94.0,50.0,50.0,50.739,50.145,false_negative+position_noise+latency+confidence_error,0.588,confidence_weighted_fusion,avoidance,3,0,68.58,3.904,5.075,uav_0,3.904,False,False,False,False,False,1,"[{""id"": ""obstacle_0"", ""kind"": ""static_obstacle"", ""x"": 50.0, ""y"": 50.0, ""radius"": 5.0}]"
overconfident_faulty_sensor,142,28.4,2,54.603,38.429,86.0,90.0,50.0,50.0,50.739,50.145,position_noise+latency+confidence_error,0.588,confidence_weighted_fusion,avoidance,3,0,60.377,6.065,7.454,uav_3,6.065,False,False,False,False,False,1,"[{""id"": ""obstacle_0"", ""kind"": ""static_obstacle"", ""x"": 50.0, ""y"": 50.0, ""radius"": 5.0}]"
overconfident_faulty_sensor,142,28.4,3,60.342,40.392,90.0,86.0,50.0,50.0,50.739,50.145,position_noise+latency+confidence_error,0.588,confidence_weighted_fusion,avoidance,3,0,54.403,6.065,9.116,uav_2,6.065,False,False,False,False,False,1,"[{""id"": ""obstacle_0"", ""kind"": ""static_obstacle"", ""x"": 50.0, ""y"": 50.0, ""radius"": 5.0}]"
overconfident_faulty_sensor,143,28.6,0,47.725,36.363,94.0,90.0,50.0,50.0,50.808,49.304,dropout+latency+confidence_error,0.478,confidence_weighted_fusion,avoidance,1,0,70.84,3.692,8.826,uav_1,3.692,False,False,False,False,False,1,"[{""id"": ""obstacle_0"", ""kind"": ""static_obstacle"", ""x"": 50.0, ""y"": 50.0, ""radius"": 5.0}]"
overconfident_faulty_sensor,143,28.6,1,47.717,40.055,90.0,94.0,50.0,50.0,50.808,49.304,false_positive+position_noise+latency+confidence_error,0.478,confidence_weighted_fusion,avoidance,3,0,68.541,3.692,5.203,uav_0,3.692,False,False,False,False,False,1,"[{""id"": ""obstacle_0"", ""kind"": ""static_obstacle"", ""x"": 50.0, ""y"": 50.0, ""radius"": 5.0}]"
overconfident_faulty_sensor,143,28.6,2,55.001,38.476,86.0,90.0,50.0,50.0,50.808,49.304,false_negative+position_noise+latency+confidence_error,0.478,confidence_weighted_fusion,avoidance,4,0,60.131,6.073,7.562,uav_3,6.073,False,False,False,False,False,1,"[{""id"": ""obstacle_0"", ""kind"": ""static_obstacle"", ""x"": 50.0, ""y"": 50.0, ""radius"": 5.0}]"
overconfident_faulty_sensor,143,28.6,3,60.705,40.559,90.0,86.0,50.0,50.0,50.808,49.304,position_noise+latency+confidence_error,0.478,confidence_weighted_fusion,avoidance,3,0,54.065,6.073,9.273,uav_2,6.073,False,False,False,False,False,1,"[{""id"": ""obstacle_0"", ""kind"": ""static_obstacle"", ""x"": 50.0, ""y"": 50.0, ""radius"": 5.0}]"
overconfident_faulty_sensor,144,28.8,0,48.124,36.382,94.0,90.0,50.0,50.0,49.874,49.935,dropout+latency+confidence_error,1.0,confidence_weighted_fusion,avoidance,1,0,70.566,3.519,8.747,uav_1,3.519,False,False,False,False,False,1,"[{""id"": ""obstacle_0"", ""kind"": ""static_obstacle"", ""x"": 50.0, ""y"": 50.0, ""radius"": 5.0}]"
overconfident_faulty_sensor,144,28.8,1,48.086,39.9,90.0,94.0,50.0,50.0,49.874,49.935,false_negative+position_noise+latency+confidence_error,1.0,confidence_weighted_fusion,avoidance,4,0,68.436,3.519,5.279,uav_0,3.519,False,False,False,False,False,1,"[{""id"": ""obstacle_0"", ""kind"": ""static_obstacle"", ""x"": 50.0, ""y"": 50.0, ""radius"": 5.0}]"
overconfident_faulty_sensor,144,28.8,2,55.389,38.57,86.0,90.0,50.0,50.0,49.874,49.935,position_noise+latency+confidence_error,1.0,confidence_weighted_fusion,avoidance,3,0,59.85,6.072,7.637,uav_3,6.072,False,False,False,False,False,1,"[{""id"": ""obstacle_0"", ""kind"": ""static_obstacle"", ""x"": 50.0, ""y"": 50.0, ""radius"": 5.0}]"
overconfident_faulty_sensor,144,28.8,3,61.056,40.751,90.0,86.0,50.0,50.0,49.874,49.935,false_positive+false_negative+position_noise+latency+confidence_error,1.0,confidence_weighted_fusion,avoidance,4,0,53.714,6.072,9.415,uav_2,6.072,False,False,False,False,False,1,"[{""id"": ""obstacle_0"", ""kind"": ""static_obstacle"", ""x"": 50.0, ""y"": 50.0, ""radius"": 5.0}]"
overconfident_faulty_sensor,145,29.0,0,48.524,36.36,94.0,90.0,50.0,50.0,49.087,48.605,position_noise+latency+confidence_error,0.619,confidence_weighted_fusion,avoidance,1,0,70.323,3.339,8.72,uav_1,3.339,True,False,False,False,False,1,"[{""id"": ""obstacle_0"", ""kind"": ""static_obstacle"", ""x"": 50.0, ""y"": 50.0, ""radius"": 5.0}]"
overconfident_faulty_sensor,145,29.0,1,48.431,39.698,90.0,94.0,50.0,50.0,49.087,48.605,position_noise+latency+confidence_error,0.619,confidence_weighted_fusion,avoidance,3,0,68.387,3.339,5.421,uav_0,3.339,True,False,False,False,False,1,"[{""id"": ""obstacle_0"", ""kind"": ""static_obstacle"", ""x"": 50.0, ""y"": 50.0, ""radius"": 5.0}]"
overconfident_faulty_sensor,145,29.0,2,55.776,38.671,86.0,90.0,50.0,50.0,49.087,48.605,position_noise+latency+confidence_error,0.619,confidence_weighted_fusion,avoidance,4,0,59.566,6.068,7.716,uav_3,6.068,False,False,False,False,False,1,"[{""id"": ""obstacle_0"", ""kind"": ""static_obstacle"", ""x"": 50.0, ""y"": 50.0, ""radius"": 5.0}]"
overconfident_faulty_sensor,145,29.0,3,61.396,40.962,90.0,86.0,50.0,50.0,49.087,48.605,false_negative+position_noise+latency+confidence_error,0.619,confidence_weighted_fusion,avoidance,4,0,53.354,6.068,9.545,uav_2,6.068,False,False,False,False,False,1,"[{""id"": ""obstacle_0"", ""kind"": ""static_obstacle"", ""x"": 50.0, ""y"": 50.0, ""radius"": 5.0}]"
overconfident_faulty_sensor,146,29.2,0,48.921,36.402,94.0,90.0,50.0,50.0,50.342,50.835,false_negative+position_noise+latency+confidence_error,0.424,confidence_weighted_fusion,avoidance,1,0,70.035,3.318,8.641,uav_1,3.318,True,False,True,False,False,1,"[{""id"": ""obstacle_0"", ""kind"": ""static_obstacle"", ""x"": 50.0, ""y"": 50.0, ""radius"": 5.0}]"
overconfident_faulty_sensor,146,29.2,1,48.83,39.718,90.0,94.0,50.0,50.0,50.342,50.835,false_positive+position_noise+latency+confidence_error,0.424,confidence_weighted_fusion,avoidance,5,1,68.128,3.318,5.348,uav_0,3.318,True,False,False,False,False,1,"[{""id"": ""obstacle_0"", ""kind"": ""static_obstacle"", ""x"": 50.0, ""y"": 50.0, ""radius"": 5.0}]"
overconfident_faulty_sensor,146,29.2,2,56.159,38.789,86.0,90.0,50.0,50.0,50.342,50.835,false_negative+position_noise+latency+confidence_error,0.424,confidence_weighted_fusion,avoidance,3,0,59.271,6.067,7.791,uav_3,6.067,False,False,False,False,False,1,"[{""id"": ""obstacle_0"", ""kind"": ""static_obstacle"", ""x"": 50.0, ""y"": 50.0, ""radius"": 5.0}]"
overconfident_faulty_sensor,146,29.2,3,61.743,41.16,90.0,86.0,50.0,50.0,50.342,50.835,position_noise+latency+confidence_error,0.424,confidence_weighted_fusion,avoidance,4,0,53.0,6.067,9.698,uav_2,6.067,False,False,False,False,False,1,"[{""id"": ""obstacle_0"", ""kind"": ""static_obstacle"", ""x"": 50.0, ""y"": 50.0, ""radius"": 5.0}]"
overconfident_faulty_sensor,147,29.4,0,49.321,36.423,94.0,90.0,50.0,50.0,49.247,49.888,false_negative+position_noise+latency+confidence_error,0.414,confidence_weighted_fusion,avoidance,1,0,69.762,3.627,8.594,uav_1,3.627,False,False,True,False,False,1,"[{""id"": ""obstacle_0"", ""kind"": ""static_obstacle"", ""x"": 50.0, ""y"": 50.0, ""radius"": 5.0}]"
overconfident_faulty_sensor,147,29.4,1,49.066,40.041,90.0,94.0,50.0,50.0,49.247,49.888,false_negative+position_noise+latency+confidence_error,0.414,confidence_weighted_fusion,avoidance,3,0,67.728,3.627,5.003,uav_0,3.627,False,False,False,False,False,1,"[{""id"": ""obstacle_0"", ""kind"": ""static_obstacle"", ""x"": 50.0, ""y"": 50.0, ""radius"": 5.0}]"
overconfident_faulty_sensor,147,29.4,2,56.535,38.924,86.0,90.0,50.0,50.0,49.247,49.888,position_noise+latency+confidence_error,0.414,confidence_weighted_fusion,avoidance,4,0,58.966,6.06,7.861,uav_3,6.06,False,False,False,False,False,1,"[{""id"": ""obstacle_0"", ""kind"": ""static_obstacle"", ""x"": 50.0, ""y"": 50.0, ""radius"": 5.0}]"
overconfident_faulty_sensor,147,29.4,3,62.135,41.24,90.0,86.0,50.0,50.0,49.247,49.888,position_noise+latency+confidence_error,0.414,confidence_weighted_fusion,avoidance,4,1,52.725,6.06,9.966,uav_2,6.06,False,False,False,False,False,1,"[{""id"": ""obstacle_0"", ""kind"": ""static_obstacle"", ""x"": 50.0, ""y"": 50.0, ""radius"": 5.0}]"
overconfident_faulty_sensor,148,29.6,0,49.72,36.454,94.0,90.0,50.0,50.0,50.467,50.343,false_negative+position_noise+latency+confidence_error,0.752,confidence_weighted_fusion,avoidance,4,0,69.484,3.485,8.549,uav_1,3.485,True,False,False,False,False,1,"[{""id"": ""obstacle_0"", ""kind"": ""static_obstacle"", ""x"": 50.0, ""y"": 50.0, ""radius"": 5.0}]"
overconfident_faulty_sensor,148,29.6,1,49.45,39.929,90.0,94.0,50.0,50.0,50.467,50.343,false_negative+position_noise+latency+confidence_error,0.752,confidence_weighted_fusion,avoidance,4,0,67.587,3.485,5.086,uav_0,3.485,True,False,False,False,False,1,"[{""id"": ""obstacle_0"", ""kind"": ""static_obstacle"", ""x"": 50.0, ""y"": 50.0, ""radius"": 5.0}]"
overconfident_faulty_sensor,148,29.6,2,56.916,39.046,86.0,90.0,50.0,50.0,50.467,50.343,false_negative+position_noise+latency+confidence_error,0.752,confidence_weighted_fusion,avoidance,4,0,58.67,6.057,7.954,uav_3,6.057,False,False,False,False,False,1,"[{""id"": ""obstacle_0"", ""kind"": ""static_obstacle"", ""x"": 50.0, ""y"": 50.0, ""radius"": 5.0}]"
overconfident_faulty_sensor,148,29.6,3,62.477,41.448,90.0,86.0,50.0,50.0,50.467,50.343,false_negative+position_noise+latency+confidence_error,0.752,confidence_weighted_fusion,avoidance,3,0,52.368,6.057,10.127,uav_2,6.057,False,False,False,False,False,1,"[{""id"": ""obstacle_0"", ""kind"": ""static_obstacle"", ""x"": 50.0, ""y"": 50.0, ""radius"": 5.0}]"
overconfident_faulty_sensor,149,29.8,0,50.092,36.308,94.0,90.0,50.0,50.0,49.464,48.462,false_negative+position_noise+latency+confidence_error,0.16,confidence_weighted_fusion,avoidance,4,0,69.359,3.982,8.692,uav_1,3.982,False,False,False,False,False,1,"[{""id"": ""obstacle_0"", ""kind"": ""static_obstacle"", ""x"": 50.0, ""y"": 50.0, ""radius"": 5.0}]"
overconfident_faulty_sensor,149,29.8,1,49.664,40.267,90.0,94.0,50.0,50.0,49.464,48.462,false_negative+position_noise+latency+confidence_error,0.16,confidence_weighted_fusion,avoidance,5,1,67.188,3.982,4.739,uav_0,3.982,False,False,False,False,False,1,"[{""id"": ""obstacle_0"", ""kind"": ""static_obstacle"", ""x"": 50.0, ""y"": 50.0, ""radius"": 5.0}]"
overconfident_faulty_sensor,149,29.8,2,57.122,38.703,86.0,90.0,50.0,50.0,49.464,48.462,position_noise+latency+confidence_error,0.16,confidence_weighted_fusion,avoidance,3,0,58.867,6.414,8.354,uav_3,6.414,False,False,False,False,False,1,"[{""id"": ""obstacle_0"", ""kind"": ""static_obstacle"", ""x"": 50.0, ""y"": 50.0, ""radius"": 5.0}]"
overconfident_faulty_sensor,149,29.8,3,62.804,41.678,90.0,86.0,50.0,50.0,49.464,48.462,position_noise+latency+confidence_error,0.16,confidence_weighted_fusion,avoidance,4,0,52.0,6.414,10.271,uav_2,6.414,False,False,False,False,False,1,"[{""id"": ""obstacle_0"", ""kind"": ""static_obstacle"", ""x"": 50.0, ""y"": 50.0, ""radius"": 5.0}]"
overconfident_faulty_sensor,150,30.0,0,50.415,36.071,94.0,90.0,50.0,50.0,49.514,49.678,position_noise+latency+confidence_error,0.668,confidence_weighted_fusion,avoidance,3,0,69.34,4.106,8.935,uav_1,4.106,False,False,False,False,False,1,"[{""id"": ""obstacle_0"", ""kind"": ""static_obstacle"", ""x"": 50.0, ""y"": 50.0, ""radius"": 5.0}]"
overconfident_faulty_sensor,150,30.0,1,50.049,40.161,90.0,94.0,50.0,50.0,49.514,49.678,position_noise+latency+confidence_error,0.668,confidence_weighted_fusion,avoidance,3,0,67.043,4.106,4.839,uav_0,4.106,False,False,False,False,False,1,"[{""id"": ""obstacle_0"", ""kind"": ""static_obstacle"", ""x"": 50.0, ""y"": 50.0, ""radius"": 5.0}]"
overconfident_faulty_sensor,150,30.0,2,57.494,38.849,86.0,90.0,50.0,50.0,49.514,49.678,false_positive+false_negative+position_noise+latency+confidence_error,0.668,confidence_weighted_fusion,avoidance,4,0,58.558,6.414,8.435,uav_3,6.414,False,False,False,False,False,1,"[{""id"": ""obstacle_0"", ""kind"": ""static_obstacle"", ""x"": 50.0, ""y"": 50.0, ""radius"": 5.0}]"
overconfident_faulty_sensor,150,30.0,3,63.131,41.909,90.0,86.0,50.0,50.0,49.514,49.678,position_noise+latency+confidence_error,0.668,confidence_weighted_fusion,avoidance,4,0,51.633,6.414,10.423,uav_2,6.414,False,False,False,False,False,1,"[{""id"": ""obstacle_0"", ""kind"": ""static_obstacle"", ""x"": 50.0, ""y"": 50.0, ""radius"": 5.0}]"
overconfident_faulty_sensor,151,30.2,0,50.812,36.113,94.0,90.0,50.0,50.0,49.702,50.183,false_positive+false_negative+position_noise+latency+confidence_error,0.655,confidence_weighted_fusion,avoidance,3,0,69.058,3.974,8.911,uav_1,3.974,False,False,False,False,False,1,"[{""id"": ""obstacle_0"", ""kind"": ""static_obstacle"", ""x"": 50.0, ""y"": 50.0, ""radius"": 5.0}]"
overconfident_faulty_sensor,151,30.2,1,50.439,40.069,90.0,94.0,50.0,50.0,49.702,50.183,false_negative+position_noise+latency+confidence_error,0.655,confidence_weighted_fusion,avoidance,3,0,66.885,3.974,4.94,uav_0,3.974,False,False,False,False,False,1,"[{""id"": ""obstacle_0"", ""kind"": ""static_obstacle"", ""x"": 50.0, ""y"": 50.0, ""radius"": 5.0}]"
overconfident_faulty_sensor,151,30.2,2,57.863,39.003,86.0,90.0,50.0,50.0,49.702,50.183,position_noise+latency+confidence_error,0.655,confidence_weighted_fusion,avoidance,4,0,58.244,6.413,8.519,uav_3,6.413,False,False,False,False,False,1,"[{""id"": ""obstacle_0"", ""kind"": ""static_obstacle"", ""x"": 50.0, ""y"": 50.0, ""radius"": 5.0}]"
overconfident_faulty_sensor,151,30.2,3,63.455,42.143,90.0,86.0,50.0,50.0,49.702,50.183,false_negative+position_noise+latency+confidence_error,0.655,confidence_weighted_fusion,avoidance,3,0,51.265,6.413,10.581,uav_2,6.413,False,False,False,False,False,1,"[{""id"": ""obstacle_0"", ""kind"": ""static_obstacle"", ""x"": 50.0, ""y"": 50.0, ""radius"": 5.0}]"
overconfident_faulty_sensor,152,30.4,0,51.19,35.981,94.0,90.0,50.0,50.0,49.452,50.478,false_negative+position_noise+latency+confidence_error,0.628,confidence_weighted_fusion,avoidance,3,0,68.925,4.48,9.069,uav_1,4.48,False,False,False,False,False,1,"[{""id"": ""obstacle_0"", ""kind"": ""static_obstacle"", ""x"": 50.0, ""y"": 50.0, ""radius"": 5.0}]"
overconfident_faulty_sensor,152,30.4,1,50.621,40.425,90.0,94.0,50.0,50.0,49.452,50.478,position_noise+latency+confidence_error,0.628,confidence_weighted_fusion,avoidance,3,0,66.49,4.48,4.595,uav_0,4.48,False,False,False,False,False,1,"[{""id"": ""obstacle_0"", ""kind"": ""static_obstacle"", ""x"": 50.0, ""y"": 50.0, ""radius"": 5.0}]"
overconfident_faulty_sensor,152,30.4,2,58.226,39.172,86.0,90.0,50.0,50.0,49.452,50.478,false_negative+position_noise+latency+confidence_error,0.628,confidence_weighted_fusion,avoidance,4,0,57.921,6.411,8.598,uav_3,6.411,False,False,False,False,False,1,"[{""id"": ""obstacle_0"", ""kind"": ""static_obstacle"", ""x"": 50.0, ""y"": 50.0, ""radius"": 5.0}]"
overconfident_faulty_sensor,152,30.4,3,63.775,42.384,90.0,86.0,50.0,50.0,49.452,50.478,position_noise+latency+confidence_error,0.628,confidence_weighted_fusion,avoidance,4,0,50.893,6.411,10.74,uav_2,6.411,False,False,False,False,False,1,"[{""id"": ""obstacle_0"", ""kind"": ""static_obstacle"", ""x"": 50.0, ""y"": 50.0, ""radius"": 5.0}]"
overconfident_faulty_sensor,153,30.6,0,51.587,36.032,94.0,90.0,50.0,50.0,49.777,50.029,false_negative+position_noise+latency+confidence_error,0.659,confidence_weighted_fusion,avoidance,4,0,68.64,4.337,9.058,uav_1,4.337,False,False,False,False,False,1,"[{""id"": ""obstacle_0"", ""kind"": ""static_obstacle"", ""x"": 50.0, ""y"": 50.0, ""radius"": 5.0}]"
overconfident_faulty_sensor,153,30.6,1,51.01,40.33,90.0,94.0,50.0,50.0,49.777,50.029,false_negative+position_noise+latency+confidence_error,0.659,confidence_weighted_fusion,avoidance,4,0,66.338,4.337,4.722,uav_0,4.337,False,False,False,False,False,1,"[{""id"": ""obstacle_0"", ""kind"": ""static_obstacle"", ""x"": 50.0, ""y"": 50.0, ""radius"": 5.0}]"
overconfident_faulty_sensor,153,30.6,2,58.247,38.773,86.0,90.0,50.0,50.0,49.777,50.029,position_noise+latency+confidence_error,0.659,confidence_weighted_fusion,avoidance,5,1,58.262,7.001,8.931,uav_3,7.001,False,False,False,False,False,1,"[{""id"": ""obstacle_0"", ""kind"": ""static_obstacle"", ""x"": 50.0, ""y"": 50.0, ""radius"": 5.0}]"
overconfident_faulty_sensor,153,30.6,3,64.092,42.627,90.0,86.0,50.0,50.0,49.777,50.029,false_negative+position_noise+latency+confidence_error,0.659,confidence_weighted_fusion,avoidance,4,0,50.522,7.001,10.905,uav_2,7.001,False,False,False,False,False,1,"[{""id"": ""obstacle_0"", ""kind"": ""static_obstacle"", ""x"": 50.0, ""y"": 50.0, ""radius"": 5.0}]"
overconfident_faulty_sensor,154,30.8,0,51.979,35.954,94.0,90.0,50.0,50.0,51.01,49.852,position_noise+latency+confidence_error,0.646,confidence_weighted_fusion,avoidance,4,1,68.46,4.295,9.185,uav_1,4.295,False,False,False,False,False,1,"[{""id"": ""obstacle_0"", ""kind"": ""static_obstacle"", ""x"": 50.0, ""y"": 50.0, ""radius"": 5.0}]"
overconfident_faulty_sensor,154,30.8,1,51.391,40.209,90.0,94.0,50.0,50.0,51.01,49.852,position_noise+latency+confidence_error,0.646,confidence_weighted_fusion,avoidance,2,0,66.213,4.295,4.89,uav_0,4.295,False,False,False,False,False,1,"[{""id"": ""obstacle_0"", ""kind"": ""static_obstacle"", ""x"": 50.0, ""y"": 50.0, ""radius"": 5.0}]"
overconfident_faulty_sensor,154,30.8,2,58.62,38.917,86.0,90.0,50.0,50.0,51.01,49.852,false_negative+position_noise+latency+confidence_error,0.646,confidence_weighted_fusion,avoidance,4,0,57.958,7.011,9.041,uav_3,7.011,False,False,False,False,False,1,"[{""id"": ""obstacle_0"", ""kind"": ""static_obstacle"", ""x"": 50.0, ""y"": 50.0, ""radius"": 5.0}]"
overconfident_faulty_sensor,154,30.8,3,64.416,42.862,90.0,86.0,50.0,50.0,51.01,49.852,position_noise+latency+confidence_error,0.646,confidence_weighted_fusion,avoidance,3,0,50.154,7.011,11.087,uav_2,7.011,False,False,False,False,False,1,"[{""id"": ""obstacle_0"", ""kind"": ""static_obstacle"", ""x"": 50.0, ""y"": 50.0, ""radius"": 5.0}]"
overconfident_faulty_sensor,155,31.0,0,52.374,36.018,94.0,90.0,50.0,50.0,49.15,49.549,false_positive+position_noise+latency+confidence_error,0.16,confidence_weighted_fusion,avoidance,3,0,68.167,4.173,9.182,uav_1,4.173,False,False,False,False,False,1,"[{""id"": ""obstacle_0"", ""kind"": ""static_obstacle"", ""x"": 50.0, ""y"": 50.0, ""radius"": 5.0}]"
overconfident_faulty_sensor,155,31.0,1,51.787,40.149,90.0,94.0,50.0,50.0,49.15,49.549,position_noise+latency+confidence_error,0.16,confidence_weighted_fusion,avoidance,4,0,66.032,4.173,5.011,uav_0,4.173,False,False,False,False,False,1,"[{""id"": ""obstacle_0"", ""kind"": ""static_obstacle"", ""x"": 50.0, ""y"": 50.0, ""radius"": 5.0}]"
overconfident_faulty_sensor,155,31.0,2,58.974,39.103,86.0,90.0,50.0,50.0,49.15,49.549,false_negative+position_noise+latency+confidence_error,0.16,confidence_weighted_fusion,avoidance,4,0,57.627,7.012,9.117,uav_3,7.012,False,False,False,False,False,1,"[{""id"": ""obstacle_0"", ""kind"": ""static_obstacle"", ""x"": 50.0, ""y"": 50.0, ""radius"": 5.0}]"
overconfident_faulty_sensor,155,31.0,3,64.721,43.12,90.0,86.0,50.0,50.0,49.15,49.549,position_noise+latency+confidence_error,0.16,confidence_weighted_fusion,avoidance,4,0,49.776,7.012,11.25,uav_2,7.012,False,False,False,False,False,1,"[{""id"": ""obstacle_0"", ""kind"": ""static_obstacle"", ""x"": 50.0, ""y"": 50.0, ""radius"": 5.0}]"
overconfident_faulty_sensor,156,31.2,0,52.763,36.113,94.0,90.0,50.0,50.0,49.891,50.999,false_negative+position_noise+latency+confidence_error,0.431,confidence_weighted_fusion,avoidance,3,0,67.855,4.046,9.159,uav_1,4.046,False,False,False,False,False,1,"[{""id"": ""obstacle_0"", ""kind"": ""static_obstacle"", ""x"": 50.0, ""y"": 50.0, ""radius"": 5.0}]"
overconfident_faulty_sensor,156,31.2,1,52.185,40.118,90.0,94.0,50.0,50.0,49.891,50.999,position_noise+latency+confidence_error,0.431,confidence_weighted_fusion,avoidance,3,0,65.828,4.046,5.121,uav_0,4.046,False,False,False,False,False,1,"[{""id"": ""obstacle_0"", ""kind"": ""static_obstacle"", ""x"": 50.0, ""y"": 50.0, ""radius"": 5.0}]"
overconfident_faulty_sensor,156,31.2,2,59.327,39.292,86.0,90.0,50.0,50.0,49.891,50.999,position_noise+latency+confidence_error,0.431,confidence_weighted_fusion,avoidance,4,0,57.295,7.014,9.201,uav_3,7.014,False,False,False,False,False,1,"[{""id"": ""obstacle_0"", ""kind"": ""static_obstacle"", ""x"": 50.0, ""y"": 50.0, ""radius"": 5.0}]"
overconfident_faulty_sensor,156,31.2,3,65.032,43.372,90.0,86.0,50.0,50.0,49.891,50.999,false_negative+position_noise+latency+confidence_error,0.431,confidence_weighted_fusion,avoidance,4,0,49.402,7.014,11.428,uav_2,7.014,False,False,False,False,False,1,"[{""id"": ""obstacle_0"", ""kind"": ""static_obstacle"", ""x"": 50.0, ""y"": 50.0, ""radius"": 5.0}]"
overconfident_faulty_sensor,157,31.4,0,53.061,35.847,94.0,90.0,50.0,50.0,49.667,50.643,dropout+latency+confidence_error,0.462,confidence_weighted_fusion,avoidance,4,0,67.887,4.274,9.481,uav_1,4.274,False,False,False,False,False,1,"[{""id"": ""obstacle_0"", ""kind"": ""static_obstacle"", ""x"": 50.0, ""y"": 50.0, ""radius"": 5.0}]"
overconfident_faulty_sensor,157,31.4,1,52.585,40.094,90.0,94.0,50.0,50.0,49.667,50.643,position_noise+latency+confidence_error,0.462,confidence_weighted_fusion,avoidance,4,0,65.618,4.274,5.237,uav_0,4.274,False,False,False,False,False,1,"[{""id"": ""obstacle_0"", ""kind"": ""static_obstacle"", ""x"": 50.0, ""y"": 50.0, ""radius"": 5.0}]"
overconfident_faulty_sensor,157,31.4,2,59.674,39.491,86.0,90.0,50.0,50.0,49.667,50.643,dropout+latency+confidence_error,0.462,confidence_weighted_fusion,avoidance,4,0,56.958,7.015,9.284,uav_3,7.015,False,False,False,False,False,1,"[{""id"": ""obstacle_0"", ""kind"": ""static_obstacle"", ""x"": 50.0, ""y"": 50.0, ""radius"": 5.0}]"
overconfident_faulty_sensor,157,31.4,3,65.337,43.631,90.0,86.0,50.0,50.0,49.667,50.643,position_noise+latency+confidence_error,0.462,confidence_weighted_fusion,avoidance,4,0,49.025,7.015,11.607,uav_2,7.015,False,False,False,False,False,1,"[{""id"": ""obstacle_0"", ""kind"": ""static_obstacle"", ""x"": 50.0, ""y"": 50.0, ""radius"": 5.0}]"
overconfident_faulty_sensor,158,31.6,0,53.395,35.627,94.0,90.0,50.0,50.0,50.645,49.35,dropout+latency+confidence_error,0.531,confidence_weighted_fusion,avoidance,5,1,67.862,4.403,9.769,uav_1,4.403,False,False,False,False,False,1,"[{""id"": ""obstacle_0"", ""kind"": ""static_obstacle"", ""x"": 50.0, ""y"": 50.0, ""radius"": 5.0}]"
overconfident_faulty_sensor,158,31.6,1,52.976,40.01,90.0,94.0,50.0,50.0,50.645,49.35,false_negative+position_noise+latency+confidence_error,0.531,confidence_weighted_fusion,avoidance,4,0,65.465,4.403,5.424,uav_0,4.403,False,False,False,False,False,1,"[{""id"": ""obstacle_0"", ""kind"": ""static_obstacle"", ""x"": 50.0, ""y"": 50.0, ""radius"": 5.0}]"
overconfident_faulty_sensor,158,31.6,2,60.03,39.673,86.0,90.0,50.0,50.0,50.645,49.35,dropout+latency+confidence_error,0.531,confidence_weighted_fusion,avoidance,4,0,56.633,7.02,9.396,uav_3,7.02,False,False,False,False,False,1,"[{""id"": ""obstacle_0"", ""kind"": ""static_obstacle"", ""x"": 50.0, ""y"": 50.0, ""radius"": 5.0}]"
overconfident_faulty_sensor,158,31.6,3,65.642,43.89,90.0,86.0,50.0,50.0,50.645,49.35,false_negative+position_noise+latency+confidence_error,0.531,confidence_weighted_fusion,avoidance,4,0,48.647,7.02,11.793,uav_2,7.02,False,False,False,False,False,1,"[{""id"": ""obstacle_0"", ""kind"": ""static_obstacle"", ""x"": 50.0, ""y"": 50.0, ""radius"": 5.0}]"
overconfident_faulty_sensor,159,31.8,0,53.788,35.704,94.0,90.0,50.0,50.0,49.825,49.328,dropout+latency+confidence_error,0.46,confidence_weighted_fusion,avoidance,3,0,67.566,4.288,9.79,uav_1,4.288,False,False,False,False,False,1,"[{""id"": ""obstacle_0"", ""kind"": ""static_obstacle"", ""x"": 50.0, ""y"": 50.0, ""radius"": 5.0}]"
overconfident_faulty_sensor,159,31.8,1,53.374,39.972,90.0,94.0,50.0,50.0,49.825,49.328,position_noise+latency+confidence_error,0.46,confidence_weighted_fusion,avoidance,4,0,65.273,4.288,5.58,uav_0,4.288,False,False,False,False,False,1,"[{""id"": ""obstacle_0"", ""kind"": ""static_obstacle"", ""x"": 50.0, ""y"": 50.0, ""radius"": 5.0}]"
overconfident_faulty_sensor,159,31.8,2,60.375,39.875,86.0,90.0,50.0,50.0,49.825,49.328,dropout+latency+confidence_error,0.46,confidence_weighted_fusion,avoidance,4,0,56.295,7.002,9.496,uav_1,7.002,False,False,False,False,False,1,"[{""id"": ""obstacle_0"", ""kind"": ""static_obstacle"", ""x"": 50.0, ""y"": 50.0, ""radius"": 5.0}]"
overconfident_faulty_sensor,159,31.8,3,65.937,44.16,90.0,86.0,50.0,50.0,49.825,49.328,position_noise+latency+confidence_error,0.46,confidence_weighted_fusion,avoidance,4,0,48.266,7.021,11.973,uav_2,7.021,False,False,False,False,False,1,"[{""id"": ""obstacle_0"", ""kind"": ""static_obstacle"", ""x"": 50.0, ""y"": 50.0, ""radius"": 5.0}]"
overconfident_faulty_sensor,160,32.0,0,54.175,35.806,94.0,90.0,50.0,50.0,49.2,49.893,dropout+latency+confidence_error,0.6,confidence_weighted_fusion,avoidance,1,0,67.254,4.201,9.795,uav_1,4.201,False,False,False,False,False,1,"[{""id"": ""obstacle_0"", ""kind"": ""static_obstacle"", ""x"": 50.0, ""y"": 50.0, ""radius"": 5.0}]"
overconfident_faulty_sensor,160,32.0,1,53.773,39.987,90.0,94.0,50.0,50.0,49.2,49.893,dropout+latency+confidence_error,0.6,confidence_weighted_fusion,avoidance,4,0,65.037,4.201,5.7,uav_0,4.201,False,False,False,False,False,1,"[{""id"": ""obstacle_0"", ""kind"": ""static_obstacle"", ""x"": 50.0, ""y"": 50.0, ""radius"": 5.0}]"
overconfident_faulty_sensor,160,32.0,2,60.709,40.095,86.0,90.0,50.0,50.0,49.2,49.893,dropout+latency+confidence_error,0.6,confidence_weighted_fusion,avoidance,1,0,55.947,6.937,9.588,uav_1,6.937,False,False,False,False,False,1,"[{""id"": ""obstacle_0"", ""kind"": ""static_obstacle"", ""x"": 50.0, ""y"": 50.0, ""radius"": 5.0}]"
overconfident_faulty_sensor,160,32.0,3,66.227,44.435,90.0,86.0,50.0,50.0,49.2,49.893,position_noise+latency+confidence_error,0.6,confidence_weighted_fusion,avoidance,4,0,47.883,7.02,12.155,uav_2,7.02,False,False,False,False,False,1,"[{""id"": ""obstacle_0"", ""kind"": ""static_obstacle"", ""x"": 50.0, ""y"": 50.0, ""radius"": 5.0}]"
overconfident_faulty_sensor,161,32.2,0,54.56,35.911,94.0,90.0,50.0,50.0,50.146,50.167,dropout+latency+confidence_error,0.642,confidence_weighted_fusion,avoidance,1,0,66.941,4.101,9.809,uav_1,4.101,False,False,False,False,False,1,"[{""id"": ""obstacle_0"", ""kind"": ""static_obstacle"", ""x"": 50.0, ""y"": 50.0, ""radius"": 5.0}]"
overconfident_faulty_sensor,161,32.2,1,54.173,39.994,90.0,94.0,50.0,50.0,50.146,50.167,dropout+latency+confidence_error,0.642,confidence_weighted_fusion,avoidance,3,0,64.809,4.101,5.842,uav_0,4.101,False,False,False,False,False,1,"[{""id"": ""obstacle_0"", ""kind"": ""static_obstacle"", ""x"": 50.0, ""y"": 50.0, ""radius"": 5.0}]"
overconfident_faulty_sensor,161,32.2,2,61.049,40.307,86.0,90.0,50.0,50.0,50.146,50.167,dropout+latency+confidence_error,0.642,confidence_weighted_fusion,avoidance,1,0,55.606,6.882,9.698,uav_1,6.882,False,False,False,False,False,1,"[{""id"": ""obstacle_0"", ""kind"": ""static_obstacle"", ""x"": 50.0, ""y"": 50.0, ""radius"": 5.0}]"
overconfident_faulty_sensor,161,32.2,3,66.521,44.707,90.0,86.0,50.0,50.0,50.146,50.167,false_positive+position_noise+latency+confidence_error,0.642,confidence_weighted_fusion,avoidance,3,0,47.502,7.022,12.348,uav_2,7.022,False,False,False,False,False,1,"[{""id"": ""obstacle_0"", ""kind"": ""static_obstacle"", ""x"": 50.0, ""y"": 50.0, ""radius"": 5.0}]"
overconfident_faulty_sensor,162,32.4,0,54.946,36.018,94.0,90.0,50.0,50.0,51.124,50.354,position_noise+latency+confidence_error,0.537,confidence_weighted_fusion,avoidance,1,0,66.628,3.991,9.831,uav_1,3.991,False,False,False,False,False,1,"[{""id"": ""obstacle_0"", ""kind"": ""static_obstacle"", ""x"": 50.0, ""y"": 50.0, ""radius"": 5.0}]"
overconfident_faulty_sensor,162,32.4,1,54.573,39.992,90.0,94.0,50.0,50.0,51.124,50.354,dropout+latency+confidence_error,0.537,confidence_weighted_fusion,avoidance,4,0,64.59,3.991,6.003,uav_0,3.991,False,False,False,False,False,1,"[{""id"": ""obstacle_0"", ""kind"": ""static_obstacle"", ""x"": 50.0, ""y"": 50.0, ""radius"": 5.0}]"
overconfident_faulty_sensor,162,32.4,2,61.393,40.51,86.0,90.0,50.0,50.0,51.124,50.354,position_noise+latency+confidence_error,0.537,confidence_weighted_fusion,avoidance,1,0,55.27,6.84,9.828,uav_1,6.84,False,False,False,False,False,1,"[{""id"": ""obstacle_0"", ""kind"": ""static_obstacle"", ""x"": 50.0, ""y"": 50.0, ""radius"": 5.0}]"
overconfident_faulty_sensor,162,32.4,3,66.818,44.975,90.0,86.0,50.0,50.0,51.124,50.354,false_negative+position_noise+latency+confidence_error,0.537,confidence_weighted_fusion,avoidance,4,0,47.122,7.026,12.553,uav_2,7.026,False,False,False,False,False,1,"[{""id"": ""obstacle_0"", ""kind"": ""static_obstacle"", ""x"": 50.0, ""y"": 50.0, ""radius"": 5.0}]"
overconfident_faulty_sensor,163,32.6,0,55.322,36.154,94.0,90.0,50.0,50.0,49.701,50.867,position_noise+latency+confidence_error,0.0,confidence_weighted_fusion,avoidance,1,0,66.298,3.919,9.834,uav_1,3.919,False,False,False,False,False,1,"[{""id"": ""obstacle_0"", ""kind"": ""static_obstacle"", ""x"": 50.0, ""y"": 50.0, ""radius"": 5.0}]"
overconfident_faulty_sensor,163,32.6,1,54.968,40.057,90.0,94.0,50.0,50.0,49.701,50.867,dropout+latency+confidence_error,0.0,confidence_weighted_fusion,avoidance,1,0,64.32,3.919,6.115,uav_0,3.919,False,False,False,False,False,1,"[{""id"": ""obstacle_0"", ""kind"": ""static_obstacle"", ""x"": 50.0, ""y"": 50.0, ""radius"": 5.0}]"
overconfident_faulty_sensor,163,32.6,2,61.721,40.74,86.0,90.0,50.0,50.0,49.701,50.867,false_negative+position_noise+latency+confidence_error,0.0,confidence_weighted_fusion,avoidance,1,0,54.919,6.787,9.937,uav_1,6.787,False,False,False,False,False,1,"[{""id"": ""obstacle_0"", ""kind"": ""static_obstacle"", ""x"": 50.0, ""y"": 50.0, ""radius"": 5.0}]"
overconfident_faulty_sensor,163,32.6,3,67.105,45.253,90.0,86.0,50.0,50.0,49.701,50.867,false_negative+position_noise+latency+confidence_error,0.0,confidence_weighted_fusion,avoidance,4,0,46.738,7.026,12.752,uav_2,7.026,False,False,False,False,False,1,"[{""id"": ""obstacle_0"", ""kind"": ""static_obstacle"", ""x"": 50.0, ""y"": 50.0, ""radius"": 5.0}]"
overconfident_faulty_sensor,164,32.8,0,55.693,36.305,94.0,90.0,50.0,50.0,48.871,51.001,false_negative+position_noise+latency+confidence_error,0.0,confidence_weighted_fusion,avoidance,1,0,65.959,3.866,9.831,uav_1,3.866,False,False,False,False,False,1,"[{""id"": ""obstacle_0"", ""kind"": ""static_obstacle"", ""x"": 50.0, ""y"": 50.0, ""radius"": 5.0}]"
overconfident_faulty_sensor,164,32.8,1,55.356,40.156,90.0,94.0,50.0,50.0,48.871,51.001,dropout+latency+confidence_error,0.0,confidence_weighted_fusion,avoidance,1,0,64.026,3.866,6.206,uav_0,3.866,False,False,False,False,False,1,"[{""id"": ""obstacle_0"", ""kind"": ""static_obstacle"", ""x"": 50.0, ""y"": 50.0, ""radius"": 5.0}]"
overconfident_faulty_sensor,164,32.8,2,62.037,40.984,86.0,90.0,50.0,50.0,48.871,51.001,position_noise+latency+confidence_error,0.0,confidence_weighted_fusion,avoidance,1,0,54.56,6.733,10.039,uav_1,6.733,False,False,False,False,False,1,"[{""id"": ""obstacle_0"", ""kind"": ""static_obstacle"", ""x"": 50.0, ""y"": 50.0, ""radius"": 5.0}]"
overconfident_faulty_sensor,164,32.8,3,67.327,45.586,90.0,86.0,50.0,50.0,48.871,51.001,false_negative+position_noise+latency+confidence_error,0.0,confidence_weighted_fusion,avoidance,5,1,46.34,7.011,12.88,uav_2,7.011,False,False,False,False,False,1,"[{""id"": ""obstacle_0"", ""kind"": ""static_obstacle"", ""x"": 50.0, ""y"": 50.0, ""radius"": 5.0}]"
overconfident_faulty_sensor,165,33.0,0,56.04,36.107,94.0,90.0,50.0,50.0,51.532,51.246,false_negative+position_noise+latency+confidence_error,0.765,confidence_weighted_fusion,avoidance,4,0,65.919,4.108,10.149,uav_1,4.108,False,False,False,False,False,1,"[{""id"": ""obstacle_0"", ""kind"": ""static_obstacle"", ""x"": 50.0, ""y"": 50.0, ""radius"": 5.0}]"
overconfident_faulty_sensor,165,33.0,1,55.753,40.205,90.0,94.0,50.0,50.0,51.532,51.246,dropout+latency+confidence_error,0.765,confidence_weighted_fusion,avoidance,1,0,63.771,4.108,6.359,uav_0,4.108,False,False,False,False,False,1,"[{""id"": ""obstacle_0"", ""kind"": ""static_obstacle"", ""x"": 50.0, ""y"": 50.0, ""radius"": 5.0}]"
overconfident_faulty_sensor,165,33.0,2,62.374,41.2,86.0,90.0,50.0,50.0,51.532,51.246,position_noise+latency+confidence_error,0.765,confidence_weighted_fusion,avoidance,4,0,54.219,6.696,10.184,uav_1,6.696,False,False,False,False,False,1,"[{""id"": ""obstacle_0"", ""kind"": ""static_obstacle"", ""x"": 50.0, ""y"": 50.0, ""radius"": 5.0}]"
overconfident_faulty_sensor,165,33.0,3,67.62,45.858,90.0,86.0,50.0,50.0,51.532,51.246,false_negative+position_noise+latency+confidence_error,0.765,confidence_weighted_fusion,avoidance,2,0,45.959,7.016,13.1,uav_2,7.016,False,False,False,False,False,1,"[{""id"": ""obstacle_0"", ""kind"": ""static_obstacle"", ""x"": 50.0, ""y"": 50.0, ""radius"": 5.0}]"
overconfident_faulty_sensor,166,33.2,0,56.418,36.239,94.0,90.0,50.0,50.0,51.336,51.125,false_negative+position_noise+latency+confidence_error,0.828,confidence_weighted_fusion,avoidance,4,0,65.595,4.037,10.184,uav_1,4.037,False,False,False,False,False,1,"[{""id"": ""obstacle_0"", ""kind"": ""static_obstacle"", ""x"": 50.0, ""y"": 50.0, ""radius"": 5.0}]"
overconfident_faulty_sensor,166,33.2,1,56.148,40.268,90.0,94.0,50.0,50.0,51.336,51.125,dropout+latency+confidence_error,0.828,confidence_weighted_fusion,avoidance,1,0,63.507,4.037,6.511,uav_0,4.037,False,False,False,False,False,1,"[{""id"": ""obstacle_0"", ""kind"": ""static_obstacle"", ""x"": 50.0, ""y"": 50.0, ""radius"": 5.0}]"
overconfident_faulty_sensor,166,33.2,2,62.706,41.423,86.0,90.0,50.0,50.0,51.336,51.125,position_noise+latency+confidence_error,0.828,confidence_weighted_fusion,avoidance,2,0,53.873,6.659,10.33,uav_1,6.659,False,False,False,False,False,1,"[{""id"": ""obstacle_0"", ""kind"": ""static_obstacle"", ""x"": 50.0, ""y"": 50.0, ""radius"": 5.0}]"
overconfident_faulty_sensor,166,33.2,3,67.908,46.135,90.0,86.0,50.0,50.0,51.336,51.125,position_noise+latency+confidence_error,0.828,confidence_weighted_fusion,avoidance,3,0,45.577,7.019,13.321,uav_2,7.019,False,False,False,False,False,1,"[{""id"": ""obstacle_0"", ""kind"": ""static_obstacle"", ""x"": 50.0, ""y"": 50.0, ""radius"": 5.0}]"
overconfident_faulty_sensor,167,33.4,0,56.793,36.378,94.0,90.0,50.0,50.0,50.043,50.209,false_positive+position_noise+latency+confidence_error,0.596,confidence_weighted_fusion,avoidance,3,0,65.266,3.988,10.221,uav_1,3.988,False,False,False,False,False,1,"[{""id"": ""obstacle_0"", ""kind"": ""static_obstacle"", ""x"": 50.0, ""y"": 50.0, ""radius"": 5.0}]"
overconfident_faulty_sensor,167,33.4,1,56.537,40.358,90.0,94.0,50.0,50.0,50.043,50.209,dropout+latency+confidence_error,0.596,confidence_weighted_fusion,avoidance,1,0,63.223,3.988,6.649,uav_0,3.988,False,False,False,False,False,1,"[{""id"": ""obstacle_0"", ""kind"": ""static_obstacle"", ""x"": 50.0, ""y"": 50.0, ""radius"": 5.0}]"
overconfident_faulty_sensor,167,33.4,2,63.023,41.667,86.0,90.0,50.0,50.0,50.043,50.209,false_negative+position_noise+latency+confidence_error,0.596,confidence_weighted_fusion,avoidance,4,0,53.516,6.616,10.46,uav_1,6.616,False,False,False,False,False,1,"[{""id"": ""obstacle_0"", ""kind"": ""static_obstacle"", ""x"": 50.0, ""y"": 50.0, ""radius"": 5.0}]"
overconfident_faulty_sensor,167,33.4,3,68.182,46.427,90.0,86.0,50.0,50.0,50.043,50.209,false_negative+position_noise+latency+confidence_error,0.596,confidence_weighted_fusion,avoidance,3,0,45.189,7.019,13.53,uav_2,7.019,False,False,False,False,False,1,"[{""id"": ""obstacle_0"", ""kind"": ""static_obstacle"", ""x"": 50.0, ""y"": 50.0, ""radius"": 5.0}]"
overconfident_faulty_sensor,168,33.6,0,57.171,36.509,94.0,90.0,50.0,50.0,50.515,49.675,position_noise+latency+confidence_error,0.877,confidence_weighted_fusion,avoidance,3,0,64.944,3.936,10.279,uav_1,3.936,False,False,False,False,False,1,"[{""id"": ""obstacle_0"", ""kind"": ""static_obstacle"", ""x"": 50.0, ""y"": 50.0, ""radius"": 5.0}]"
overconfident_faulty_sensor,168,33.6,1,56.929,40.437,90.0,94.0,50.0,50.0,50.515,49.675,dropout+latency+confidence_error,0.877,confidence_weighted_fusion,avoidance,1,0,62.949,3.936,6.809,uav_0,3.936,False,False,False,False,False,1,"[{""id"": ""obstacle_0"", ""kind"": ""static_obstacle"", ""x"": 50.0, ""y"": 50.0, ""radius"": 5.0}]"
overconfident_faulty_sensor,168,33.6,2,63.34,41.911,86.0,90.0,50.0,50.0,50.515,49.675,false_negative+position_noise+latency+confidence_error,0.877,confidence_weighted_fusion,avoidance,4,0,53.16,6.578,10.601,uav_1,6.578,False,False,False,False,False,1,"[{""id"": ""obstacle_0"", ""kind"": ""static_obstacle"", ""x"": 50.0, ""y"": 50.0, ""radius"": 5.0}]"
overconfident_faulty_sensor,168,33.6,3,68.454,46.721,90.0,86.0,50.0,50.0,50.515,49.675,position_noise+latency+confidence_error,0.877,confidence_weighted_fusion,avoidance,4,0,44.801,7.02,13.743,uav_2,7.02,False,False,False,False,False,1,"[{""id"": ""obstacle_0"", ""kind"": ""static_obstacle"", ""x"": 50.0, ""y"": 50.0, ""radius"": 5.0}]"
overconfident_faulty_sensor,169,33.8,0,57.539,36.667,94.0,90.0,50.0,50.0,49.598,50.158,position_noise+latency+confidence_error,0.418,confidence_weighted_fusion,avoidance,3,0,64.606,3.9,10.317,uav_1,3.9,False,False,False,False,False,1,"[{""id"": ""obstacle_0"", ""kind"": ""static_obstacle"", ""x"": 50.0, ""y"": 50.0, ""radius"": 5.0}]"
overconfident_faulty_sensor,169,33.8,1,57.31,40.56,90.0,94.0,50.0,50.0,49.598,50.158,dropout+latency+confidence_error,0.418,confidence_weighted_fusion,avoidance,1,0,62.646,3.9,6.94,uav_0,3.9,False,False,False,False,False,1,"[{""id"": ""obstacle_0"", ""kind"": ""static_obstacle"", ""x"": 50.0, ""y"": 50.0, ""radius"": 5.0}]"
overconfident_faulty_sensor,169,33.8,2,63.645,42.17,86.0,90.0,50.0,50.0,49.598,50.158,position_noise+latency+confidence_error,0.418,confidence_weighted_fusion,avoidance,4,0,52.797,6.536,10.732,uav_1,6.536,False,False,False,False,False,1,"[{""id"": ""obstacle_0"", ""kind"": ""static_obstacle"", ""x"": 50.0, ""y"": 50.0, ""radius"": 5.0}]"
overconfident_faulty_sensor,169,33.8,3,68.72,47.019,90.0,86.0,50.0,50.0,49.598,50.158,false_positive+position_noise+latency+confidence_error,0.418,confidence_weighted_fusion,avoidance,3,0,44.411,7.019,13.956,uav_2,7.019,False,False,False,False,False,1,"[{""id"": ""obstacle_0"", ""kind"": ""static_obstacle"", ""x"": 50.0, ""y"": 50.0, ""radius"": 5.0}]"
overconfident_faulty_sensor,170,34.0,0,57.894,36.851,94.0,90.0,50.0,50.0,50.503,49.582,position_noise+latency+confidence_error,0.576,confidence_weighted_fusion,avoidance,4,1,64.253,3.818,10.336,uav_1,3.818,False,False,False,False,False,1,"[{""id"": ""obstacle_0"", ""kind"": ""static_obstacle"", ""x"": 50.0, ""y"": 50.0, ""radius"": 5.0}]"
overconfident_faulty_sensor,170,34.0,1,57.697,40.663,90.0,94.0,50.0,50.0,50.503,49.582,position_noise+latency+confidence_error,0.576,confidence_weighted_fusion,avoidance,1,0,62.356,3.818,7.1,uav_0,3.818,False,False,False,False,False,1,"[{""id"": ""obstacle_0"", ""kind"": ""static_obstacle"", ""x"": 50.0, ""y"": 50.0, ""radius"": 5.0}]"
overconfident_faulty_sensor,170,34.0,2,63.954,42.424,86.0,90.0,50.0,50.0,50.503,49.582,false_negative+position_noise+latency+confidence_error,0.576,confidence_weighted_fusion,avoidance,3,0,52.436,6.5,10.878,uav_1,6.5,False,False,False,False,False,1,"[{""id"": ""obstacle_0"", ""kind"": ""static_obstacle"", ""x"": 50.0, ""y"": 50.0, ""radius"": 5.0}]"
overconfident_faulty_sensor,170,34.0,3,68.984,47.319,90.0,86.0,50.0,50.0,50.503,49.582,false_negative+position_noise+latency+confidence_error,0.576,confidence_weighted_fusion,avoidance,2,0,44.021,7.019,14.173,uav_2,7.019,False,False,False,False,False,1,"[{""id"": ""obstacle_0"", ""kind"": ""static_obstacle"", ""x"": 50.0, ""y"": 50.0, ""radius"": 5.0}]"
overconfident_faulty_sensor,171,34.2,0,58.254,37.025,94.0,90.0,50.0,50.0,49.801,51.337,position_noise+latency+confidence_error,0.526,confidence_weighted_fusion,avoidance,3,0,63.907,3.79,10.378,uav_1,3.79,False,False,False,False,False,1,"[{""id"": ""obstacle_0"", ""kind"": ""static_obstacle"", ""x"": 50.0, ""y"": 50.0, ""radius"": 5.0}]"
overconfident_faulty_sensor,171,34.2,1,58.069,40.81,90.0,94.0,50.0,50.0,49.801,51.337,position_noise+latency+confidence_error,0.526,confidence_weighted_fusion,avoidance,1,0,62.038,3.79,7.229,uav_0,3.79,False,False,False,False,False,1,"[{""id"": ""obstacle_0"", ""kind"": ""static_obstacle"", ""x"": 50.0, ""y"": 50.0, ""radius"": 5.0}]"
overconfident_faulty_sensor,171,34.2,2,64.254,42.688,86.0,90.0,50.0,50.0,49.801,51.337,position_noise+latency+confidence_error,0.526,confidence_weighted_fusion,avoidance,3,0,52.07,6.465,11.021,uav_1,6.465,False,False,False,False,False,1,"[{""id"": ""obstacle_0"", ""kind"": ""static_obstacle"", ""x"": 50.0, ""y"": 50.0, ""radius"": 5.0}]"
overconfident_faulty_sensor,171,34.2,3,69.251,47.618,90.0,86.0,50.0,50.0,49.801,51.337,false_negative+position_noise+latency+confidence_error,0.526,confidence_weighted_fusion,avoidance,3,0,43.632,7.019,14.397,uav_2,7.019,False,False,False,False,False,1,"[{""id"": ""obstacle_0"", ""kind"": ""static_obstacle"", ""x"": 50.0, ""y"": 50.0, ""radius"": 5.0}]"
overconfident_faulty_sensor,172,34.4,0,58.622,36.87,94.0,90.0,50.0,50.0,49.612,50.296,position_noise+latency+confidence_error,0.395,confidence_weighted_fusion,avoidance,3,0,63.831,4.097,10.708,uav_1,4.097,False,False,False,False,False,1,"[{""id"": ""obstacle_0"", ""kind"": ""static_obstacle"", ""x"": 50.0, ""y"": 50.0, ""radius"": 5.0}]"
overconfident_faulty_sensor,172,34.4,1,58.438,40.963,90.0,94.0,50.0,50.0,49.612,50.296,false_positive+false_negative+position_noise+latency+confidence_error,0.395,confidence_weighted_fusion,avoidance,1,0,61.718,4.097,7.364,uav_0,4.097,False,False,False,False,False,1,"[{""id"": ""obstacle_0"", ""kind"": ""static_obstacle"", ""x"": 50.0, ""y"": 50.0, ""radius"": 5.0}]"
overconfident_faulty_sensor,172,34.4,2,64.549,42.959,86.0,90.0,50.0,50.0,49.612,50.296,false_negative+position_noise+latency+confidence_error,0.395,confidence_weighted_fusion,avoidance,4,0,51.701,6.428,11.163,uav_1,6.428,False,False,False,False,False,1,"[{""id"": ""obstacle_0"", ""kind"": ""static_obstacle"", ""x"": 50.0, ""y"": 50.0, ""radius"": 5.0}]"
overconfident_faulty_sensor,172,34.4,3,69.554,47.878,90.0,86.0,50.0,50.0,49.612,50.296,position_noise+latency+confidence_error,0.395,confidence_weighted_fusion,avoidance,4,1,43.259,7.018,14.669,uav_2,7.018,False,False,False,False,False,1,"[{""id"": ""obstacle_0"", ""kind"": ""static_obstacle"", ""x"": 50.0, ""y"": 50.0, ""radius"": 5.0}]"
overconfident_faulty_sensor,173,34.6,0,58.982,37.045,94.0,90.0,50.0,50.0,49.945,50.731,false_negative+position_noise+latency+confidence_error,0.634,confidence_weighted_fusion,avoidance,3,0,63.486,4.078,10.764,uav_1,4.078,False,False,False,False,False,1,"[{""id"": ""obstacle_0"", ""kind"": ""static_obstacle"", ""x"": 50.0, ""y"": 50.0, ""radius"": 5.0}]"
overconfident_faulty_sensor,173,34.6,1,58.807,41.119,90.0,94.0,50.0,50.0,49.945,50.731,false_negative+position_noise+latency+confidence_error,0.634,confidence_weighted_fusion,avoidance,4,0,61.396,4.078,7.507,uav_0,4.078,False,False,False,False,False,1,"[{""id"": ""obstacle_0"", ""kind"": ""static_obstacle"", ""x"": 50.0, ""y"": 50.0, ""radius"": 5.0}]"
overconfident_faulty_sensor,173,34.6,2,64.843,43.23,86.0,90.0,50.0,50.0,49.945,50.731,false_positive+position_noise+latency+confidence_error,0.634,confidence_weighted_fusion,avoidance,3,0,51.333,6.395,11.314,uav_1,6.395,False,False,False,False,False,1,"[{""id"": ""obstacle_0"", ""kind"": ""static_obstacle"", ""x"": 50.0, ""y"": 50.0, ""radius"": 5.0}]"
overconfident_faulty_sensor,173,34.6,3,69.813,48.183,90.0,86.0,50.0,50.0,49.945,50.731,dropout+latency+confidence_error,0.634,confidence_weighted_fusion,avoidance,3,0,42.867,7.017,14.896,uav_2,7.017,False,False,False,False,False,1,"[{""id"": ""obstacle_0"", ""kind"": ""static_obstacle"", ""x"": 50.0, ""y"": 50.0, ""radius"": 5.0}]"
overconfident_faulty_sensor,174,34.8,0,59.341,37.22,94.0,90.0,50.0,50.0,49.835,49.893,position_noise+latency+confidence_error,0.398,confidence_weighted_fusion,avoidance,3,0,63.142,4.325,10.83,uav_1,4.325,False,False,False,False,False,1,"[{""id"": ""obstacle_0"", ""kind"": ""static_obstacle"", ""x"": 50.0, ""y"": 50.0, ""radius"": 5.0}]"
overconfident_faulty_sensor,174,34.8,1,58.847,41.517,90.0,94.0,50.0,50.0,49.835,49.893,position_noise+latency+confidence_error,0.398,confidence_weighted_fusion,avoidance,4,0,61.032,4.325,7.257,uav_0,4.325,False,False,False,False,False,1,"[{""id"": ""obstacle_0"", ""kind"": ""static_obstacle"", ""x"": 50.0, ""y"": 50.0, ""radius"": 5.0}]"
overconfident_faulty_sensor,174,34.8,2,65.131,43.507,86.0,90.0,50.0,50.0,49.835,49.893,position_noise+latency+confidence_error,0.398,confidence_weighted_fusion,avoidance,4,0,50.962,6.591,11.465,uav_1,6.591,False,False,False,False,False,1,"[{""id"": ""obstacle_0"", ""kind"": ""static_obstacle"", ""x"": 50.0, ""y"": 50.0, ""radius"": 5.0}]"
overconfident_faulty_sensor,174,34.8,3,70.065,48.494,90.0,86.0,50.0,50.0,49.835,49.893,dropout+latency+confidence_error,0.398,confidence_weighted_fusion,avoidance,2,0,42.475,7.015,15.121,uav_2,7.015,False,False,False,False,False,1,"[{""id"": ""obstacle_0"", ""kind"": ""static_obstacle"", ""x"": 50.0, ""y"": 50.0, ""radius"": 5.0}]"
overconfident_faulty_sensor,175,35.0,0,59.728,37.116,94.0,90.0,50.0,50.0,50.599,49.967,false_negative+position_noise+latency+confidence_error,0.404,confidence_weighted_fusion,avoidance,3,0,63.018,4.414,11.144,uav_1,4.414,False,False,False,False,False,1,"[{""id"": ""obstacle_0"", ""kind"": ""static_obstacle"", ""x"": 50.0, ""y"": 50.0, ""radius"": 5.0}]"
overconfident_faulty_sensor,175,35.0,1,59.247,41.503,90.0,94.0,50.0,50.0,50.599,49.967,position_noise+latency+confidence_error,0.404,confidence_weighted_fusion,avoidance,5,1,60.841,4.414,7.558,uav_0,4.414,False,False,False,False,False,1,"[{""id"": ""obstacle_0"", ""kind"": ""static_obstacle"", ""x"": 50.0, ""y"": 50.0, ""radius"": 5.0}]"
overconfident_faulty_sensor,175,35.0,2,65.422,43.782,86.0,90.0,50.0,50.0,50.599,49.967,position_noise+latency+confidence_error,0.404,confidence_weighted_fusion,avoidance,3,0,50.592,6.582,11.628,uav_1,6.582,False,False,False,False,False,1,"[{""id"": ""obstacle_0"", ""kind"": ""static_obstacle"", ""x"": 50.0, ""y"": 50.0, ""radius"": 5.0}]"
overconfident_faulty_sensor,175,35.0,3,70.317,48.804,90.0,86.0,50.0,50.0,50.599,49.967,dropout+latency+confidence_error,0.404,confidence_weighted_fusion,avoidance,3,0,42.082,7.013,15.352,uav_2,7.013,False,False,False,False,False,1,"[{""id"": ""obstacle_0"", ""kind"": ""static_obstacle"", ""x"": 50.0, ""y"": 50.0, ""radius"": 5.0}]"
overconfident_faulty_sensor,176,35.2,0,60.081,37.304,94.0,90.0,50.0,50.0,50.076,50.584,false_negative+position_noise+latency+confidence_error,0.617,confidence_weighted_fusion,avoidance,2,0,62.669,4.399,11.212,uav_1,4.399,False,False,False,False,False,1,"[{""id"": ""obstacle_0"", ""kind"": ""static_obstacle"", ""x"": 50.0, ""y"": 50.0, ""radius"": 5.0}]"
overconfident_faulty_sensor,176,35.2,1,59.607,41.677,90.0,94.0,50.0,50.0,50.076,50.584,false_positive+false_negative+position_noise+latency+confidence_error,0.617,confidence_weighted_fusion,avoidance,3,0,60.51,4.399,7.711,uav_0,4.399,False,False,False,False,False,1,"[{""id"": ""obstacle_0"", ""kind"": ""static_obstacle"", ""x"": 50.0, ""y"": 50.0, ""radius"": 5.0}]"
overconfident_faulty_sensor,176,35.2,2,65.606,44.137,86.0,90.0,50.0,50.0,50.076,50.584,false_negative+position_noise+latency+confidence_error,0.617,confidence_weighted_fusion,avoidance,5,1,50.193,6.483,11.671,uav_1,6.483,False,False,False,False,False,1,"[{""id"": ""obstacle_0"", ""kind"": ""static_obstacle"", ""x"": 50.0, ""y"": 50.0, ""radius"": 5.0}]"
overconfident_faulty_sensor,176,35.2,3,70.567,49.116,90.0,86.0,50.0,50.0,50.076,50.584,dropout+latency+confidence_error,0.617,confidence_weighted_fusion,avoidance,1,0,41.69,7.029,15.586,uav_2,7.029,False,False,False,False,False,1,"[{""id"": ""obstacle_0"", ""kind"": ""static_obstacle"", ""x"": 50.0, ""y"": 50.0, ""radius"": 5.0}]"
overconfident_faulty_sensor,177,35.4,0,60.433,37.494,94.0,90.0,50.0,50.0,49.961,49.951,position_noise+latency+confidence_error,0.393,confidence_weighted_fusion,avoidance,3,0,62.319,4.659,11.286,uav_1,4.659,False,False,False,False,False,1,"[{""id"": ""obstacle_0"", ""kind"": ""static_obstacle"", ""x"": 50.0, ""y"": 50.0, ""radius"": 5.0}]"
overconfident_faulty_sensor,177,35.4,1,59.595,42.077,90.0,94.0,50.0,50.0,49.961,49.951,position_noise+latency+confidence_error,0.393,confidence_weighted_fusion,avoidance,4,0,60.17,4.659,7.444,uav_0,4.659,False,False,False,False,False,1,"[{""id"": ""obstacle_0"", ""kind"": ""static_obstacle"", ""x"": 50.0, ""y"": 50.0, ""radius"": 5.0}]"
overconfident_faulty_sensor,177,35.4,2,65.884,44.425,86.0,90.0,50.0,50.0,49.961,49.951,false_negative+position_noise+latency+confidence_error,0.393,confidence_weighted_fusion,avoidance,4,0,49.817,6.713,11.834,uav_1,6.713,False,False,False,False,False,1,"[{""id"": ""obstacle_0"", ""kind"": ""static_obstacle"", ""x"": 50.0, ""y"": 50.0, ""radius"": 5.0}]"
overconfident_faulty_sensor,177,35.4,3,70.812,49.433,90.0,86.0,50.0,50.0,49.961,49.951,dropout+latency+confidence_error,0.393,confidence_weighted_fusion,avoidance,1,0,41.296,7.026,15.82,uav_2,7.026,False,False,False,False,False,1,"[{""id"": ""obstacle_0"", ""kind"": ""static_obstacle"", ""x"": 50.0, ""y"": 50.0, ""radius"": 5.0}]"
overconfident_faulty_sensor,178,35.6,0,60.786,37.682,94.0,90.0,50.0,50.0,50.669,50.463,false_negative+position_noise+latency+confidence_error,0.737,confidence_weighted_fusion,avoidance,3,0,61.971,4.637,11.373,uav_1,4.637,False,False,False,False,False,1,"[{""id"": ""obstacle_0"", ""kind"": ""static_obstacle"", ""x"": 50.0, ""y"": 50.0, ""radius"": 5.0}]"
overconfident_faulty_sensor,178,35.6,1,59.958,42.245,90.0,94.0,50.0,50.0,50.669,50.463,false_negative+position_noise+latency+confidence_error,0.737,confidence_weighted_fusion,avoidance,4,0,59.842,4.637,7.622,uav_0,4.637,False,False,False,False,False,1,"[{""id"": ""obstacle_0"", ""kind"": ""static_obstacle"", ""x"": 50.0, ""y"": 50.0, ""radius"": 5.0}]"
overconfident_faulty_sensor,178,35.6,2,66.165,44.709,86.0,90.0,50.0,50.0,50.669,50.463,dropout+latency+confidence_error,0.737,confidence_weighted_fusion,avoidance,4,0,49.444,6.678,12.009,uav_1,6.678,False,False,False,False,False,1,"[{""id"": ""obstacle_0"", ""kind"": ""static_obstacle"", ""x"": 50.0, ""y"": 50.0, ""radius"": 5.0}]"
overconfident_faulty_sensor,178,35.6,3,71.059,49.748,90.0,86.0,50.0,50.0,50.669,50.463,false_positive+position_noise+latency+confidence_error,0.737,confidence_weighted_fusion,avoidance,1,0,40.902,7.024,16.06,uav_2,7.024,False,False,False,False,False,1,"[{""id"": ""obstacle_0"", ""kind"": ""static_obstacle"", ""x"": 50.0, ""y"": 50.0, ""radius"": 5.0}]"
overconfident_faulty_sensor,179,35.8,0,61.139,37.87,94.0,90.0,50.0,50.0,51.433,50.769,false_negative+position_noise+latency+confidence_error,0.223,confidence_weighted_fusion,avoidance,2,0,61.623,4.912,11.469,uav_1,4.912,False,False,False,False,False,1,"[{""id"": ""obstacle_0"", ""kind"": ""static_obstacle"", ""x"": 50.0, ""y"": 50.0, ""radius"": 5.0}]"
overconfident_faulty_sensor,179,35.8,1,59.983,42.644,90.0,94.0,50.0,50.0,51.433,50.769,false_negative+position_noise+latency+confidence_error,0.223,confidence_weighted_fusion,avoidance,5,1,59.485,4.912,7.401,uav_0,4.912,False,False,False,False,False,1,"[{""id"": ""obstacle_0"", ""kind"": ""static_obstacle"", ""x"": 50.0, ""y"": 50.0, ""radius"": 5.0}]"
overconfident_faulty_sensor,179,35.8,2,66.451,44.989,86.0,90.0,50.0,50.0,51.433,50.769,dropout+latency+confidence_error,0.223,confidence_weighted_fusion,avoidance,3,0,49.073,6.879,12.197,uav_1,6.879,False,False,False,False,False,1,"[{""id"": ""obstacle_0"", ""kind"": ""static_obstacle"", ""x"": 50.0, ""y"": 50.0, ""radius"": 5.0}]"
overconfident_faulty_sensor,179,35.8,3,71.306,50.062,90.0,86.0,50.0,50.0,51.433,50.769,false_negative+position_noise+latency+confidence_error,0.223,confidence_weighted_fusion,avoidance,1,0,40.509,7.022,16.306,uav_2,7.022,False,False,False,False,False,1,"[{""id"": ""obstacle_0"", ""kind"": ""static_obstacle"", ""x"": 50.0, ""y"": 50.0, ""radius"": 5.0}]"
overconfident_faulty_sensor,180,36.0,0,61.481,38.078,94.0,90.0,50.0,50.0,49.595,49.154,false_negative+position_noise+latency+confidence_error,0.335,confidence_weighted_fusion,avoidance,3,0,61.265,4.912,11.551,uav_1,4.912,False,False,False,False,False,1,"[{""id"": ""obstacle_0"", ""kind"": ""static_obstacle"", ""x"": 50.0, ""y"": 50.0, ""radius"": 5.0}]"
overconfident_faulty_sensor,180,36.0,1,60.325,42.852,90.0,94.0,50.0,50.0,49.595,49.154,dropout+latency+confidence_error,0.335,confidence_weighted_fusion,avoidance,4,0,59.133,4.912,7.558,uav_0,4.912,False,False,False,False,False,1,"[{""id"": ""obstacle_0"", ""kind"": ""static_obstacle"", ""x"": 50.0, ""y"": 50.0, ""radius"": 5.0}]"
overconfident_faulty_sensor,180,36.0,2,66.712,45.292,86.0,90.0,50.0,50.0,49.595,49.154,dropout+latency+confidence_error,0.335,confidence_weighted_fusion,avoidance,3,0,48.691,6.837,12.363,uav_1,6.837,False,False,False,False,False,1,"[{""id"": ""obstacle_0"", ""kind"": ""static_obstacle"", ""x"": 50.0, ""y"": 50.0, ""radius"": 5.0}]"
overconfident_faulty_sensor,180,36.0,3,71.491,50.417,90.0,86.0,50.0,50.0,,,false_negative+position_noise+latency+confidence_error,,confidence_weighted_fusion,move,0,0,40.109,7.007,16.495,uav_2,7.007,False,False,False,False,False,1,"[{""id"": ""obstacle_0"", ""kind"": ""static_obstacle"", ""x"": 50.0, ""y"": 50.0, ""radius"": 5.0}]"
overconfident_faulty_sensor,181,36.2,0,61.825,38.282,94.0,90.0,50.0,50.0,50.626,50.516,position_noise+latency+confidence_error,0.0,confidence_weighted_fusion,avoidance,2,0,60.91,5.188,11.648,uav_1,5.188,False,False,False,False,False,1,"[{""id"": ""obstacle_0"", ""kind"": ""static_obstacle"", ""x"": 50.0, ""y"": 50.0, ""radius"": 5.0}]"
overconfident_faulty_sensor,181,36.2,1,60.336,43.252,90.0,94.0,50.0,50.0,50.626,50.516,dropout+latency+confidence_error,0.0,confidence_weighted_fusion,avoidance,4,0,58.782,5.188,7.344,uav_0,5.188,False,False,False,False,False,1,"[{""id"": ""obstacle_0"", ""kind"": ""static_obstacle"", ""x"": 50.0, ""y"": 50.0, ""radius"": 5.0}]"
overconfident_faulty_sensor,181,36.2,2,66.983,45.586,86.0,90.0,50.0,50.0,50.626,50.516,dropout+latency+confidence_error,0.0,confidence_weighted_fusion,avoidance,1,0,48.314,6.988,12.548,uav_3,6.988,False,False,False,False,False,1,"[{""id"": ""obstacle_0"", ""kind"": ""static_obstacle"", ""x"": 50.0, ""y"": 50.0, ""radius"": 5.0}]"
overconfident_faulty_sensor,181,36.2,3,71.842,50.609,90.0,86.0,50.0,50.0,,,position_noise+latency+confidence_error,,confidence_weighted_fusion,false_avoidance,3,1,39.777,6.988,16.85,uav_2,6.988,False,True,False,False,False,1,"[{""id"": ""obstacle_0"", ""kind"": ""static_obstacle"", ""x"": 50.0, ""y"": 50.0, ""radius"": 5.0}]"
overconfident_faulty_sensor,182,36.4,0,62.224,38.298,94.0,90.0,50.0,50.0,48.497,51.676,false_negative+position_noise+latency+confidence_error,0.0,confidence_weighted_fusion,avoidance,3,0,60.686,5.408,11.923,uav_1,5.408,False,False,False,False,False,1,"[{""id"": ""obstacle_0"", ""kind"": ""static_obstacle"", ""x"": 50.0, ""y"": 50.0, ""radius"": 5.0}]"
overconfident_faulty_sensor,182,36.4,1,60.667,43.476,90.0,94.0,50.0,50.0,48.497,51.676,dropout+latency+confidence_error,0.0,confidence_weighted_fusion,avoidance,3,0,58.421,5.408,7.503,uav_0,5.408,False,False,False,False,False,1,"[{""id"": ""obstacle_0"", ""kind"": ""static_obstacle"", ""x"": 50.0, ""y"": 50.0, ""radius"": 5.0}]"
overconfident_faulty_sensor,182,36.4,2,67.241,45.892,86.0,90.0,50.0,50.0,48.497,51.676,dropout+latency+confidence_error,0.0,confidence_weighted_fusion,avoidance,1,0,47.932,6.973,12.724,uav_3,6.973,False,False,False,False,False,1,"[{""id"": ""obstacle_0"", ""kind"": ""static_obstacle"", ""x"": 50.0, ""y"": 50.0, ""radius"": 5.0}]"
overconfident_faulty_sensor,182,36.4,3,72.024,50.965,90.0,86.0,50.0,50.0,,,position_noise+latency+confidence_error,,confidence_weighted_fusion,move,1,0,39.377,6.973,17.045,uav_2,6.973,False,False,False,False,False,1,"[{""id"": ""obstacle_0"", ""kind"": ""static_obstacle"", ""x"": 50.0, ""y"": 50.0, ""radius"": 5.0}]"
overconfident_faulty_sensor,183,36.6,0,62.542,38.541,94.0,90.0,50.0,50.0,47.282,50.709,position_noise+latency+confidence_error,0.67,confidence_weighted_fusion,avoidance,2,0,60.313,5.408,11.988,uav_1,5.408,False,False,False,False,False,1,"[{""id"": ""obstacle_0"", ""kind"": ""static_obstacle"", ""x"": 50.0, ""y"": 50.0, ""radius"": 5.0}]"
overconfident_faulty_sensor,183,36.6,1,60.984,43.72,90.0,94.0,50.0,50.0,47.282,50.709,dropout+latency+confidence_error,0.67,confidence_weighted_fusion,avoidance,1,0,58.052,5.408,7.653,uav_0,5.408,False,False,False,False,False,1,"[{""id"": ""obstacle_0"", ""kind"": ""static_obstacle"", ""x"": 50.0, ""y"": 50.0, ""radius"": 5.0}]"
overconfident_faulty_sensor,183,36.6,2,67.398,46.26,86.0,90.0,50.0,50.0,,,false_positive+position_noise+latency+confidence_error,,confidence_weighted_fusion,move,0,0,47.532,6.898,12.795,uav_1,6.898,False,False,False,False,False,1,"[{""id"": ""obstacle_0"", ""kind"": ""static_obstacle"", ""x"": 50.0, ""y"": 50.0, ""radius"": 5.0}]"
overconfident_faulty_sensor,183,36.6,3,72.207,51.321,90.0,86.0,50.0,50.0,,,false_negative+position_noise+latency+confidence_error,,confidence_weighted_fusion,move,1,0,38.977,6.982,17.246,uav_2,6.982,False,False,False,False,False,1,"[{""id"": ""obstacle_0"", ""kind"": ""static_obstacle"", ""x"": 50.0, ""y"": 50.0, ""radius"": 5.0}]"
overconfident_faulty_sensor,184,36.8,0,62.861,38.782,94.0,90.0,50.0,50.0,47.997,49.349,position_noise+latency+confidence_error,0.215,confidence_weighted_fusion,avoidance,3,0,59.941,5.414,12.067,uav_1,5.414,False,False,False,False,False,1,"[{""id"": ""obstacle_0"", ""kind"": ""static_obstacle"", ""x"": 50.0, ""y"": 50.0, ""radius"": 5.0}]"
overconfident_faulty_sensor,184,36.8,1,61.3,43.966,90.0,94.0,50.0,50.0,47.997,49.349,dropout+latency+confidence_error,0.215,confidence_weighted_fusion,avoidance,1,0,57.681,5.414,7.81,uav_0,5.414,False,False,False,False,False,1,"[{""id"": ""obstacle_0"", ""kind"": ""static_obstacle"", ""x"": 50.0, ""y"": 50.0, ""radius"": 5.0}]"
overconfident_faulty_sensor,184,36.8,2,67.639,46.579,86.0,90.0,50.0,50.0,47.997,49.349,position_noise+latency+confidence_error,0.215,confidence_weighted_fusion,avoidance,1,0,47.143,6.857,12.967,uav_1,6.857,False,False,False,False,False,1,"[{""id"": ""obstacle_0"", ""kind"": ""static_obstacle"", ""x"": 50.0, ""y"": 50.0, ""radius"": 5.0}]"
overconfident_faulty_sensor,184,36.8,3,72.389,51.677,90.0,86.0,50.0,50.0,,,position_noise+latency+confidence_error,,confidence_weighted_fusion,move,2,0,38.577,6.968,17.452,uav_2,6.968,False,False,False,False,False,1,"[{""id"": ""obstacle_0"", ""kind"": ""static_obstacle"", ""x"": 50.0, ""y"": 50.0, ""radius"": 5.0}]"
overconfident_faulty_sensor,185,37.0,0,63.197,39.0,94.0,90.0,50.0,50.0,50.629,49.386,position_noise+latency+confidence_error,0.0,confidence_weighted_fusion,avoidance,2,0,59.581,5.407,12.18,uav_1,5.407,False,False,False,False,False,1,"[{""id"": ""obstacle_0"", ""kind"": ""static_obstacle"", ""x"": 50.0, ""y"": 50.0, ""radius"": 5.0}]"
overconfident_faulty_sensor,185,37.0,1,61.639,44.177,90.0,94.0,50.0,50.0,50.629,49.386,position_noise+latency+confidence_error,0.0,confidence_weighted_fusion,avoidance,1,0,57.329,5.407,8.014,uav_0,5.407,False,False,False,False,False,1,"[{""id"": ""obstacle_0"", ""kind"": ""static_obstacle"", ""x"": 50.0, ""y"": 50.0, ""radius"": 5.0}]"
overconfident_faulty_sensor,185,37.0,2,67.89,46.89,86.0,90.0,50.0,50.0,50.629,49.386,false_negative+position_noise+latency+confidence_error,0.0,confidence_weighted_fusion,avoidance,1,0,46.759,6.814,13.158,uav_1,6.814,False,False,False,False,False,1,"[{""id"": ""obstacle_0"", ""kind"": ""static_obstacle"", ""x"": 50.0, ""y"": 50.0, ""radius"": 5.0}]"
overconfident_faulty_sensor,185,37.0,3,72.572,52.033,90.0,86.0,50.0,50.0,,,position_noise+latency+confidence_error,,confidence_weighted_fusion,move,2,0,38.177,6.955,17.663,uav_2,6.955,False,False,False,False,False,1,"[{""id"": ""obstacle_0"", ""kind"": ""static_obstacle"", ""x"": 50.0, ""y"": 50.0, ""radius"": 5.0}]"
overconfident_faulty_sensor,186,37.2,0,63.518,39.238,94.0,90.0,50.0,50.0,49.289,50.594,false_positive+position_noise+latency+confidence_error,0.577,confidence_weighted_fusion,avoidance,3,0,59.211,5.4,12.279,uav_1,5.4,False,False,False,False,False,1,"[{""id"": ""obstacle_0"", ""kind"": ""static_obstacle"", ""x"": 50.0, ""y"": 50.0, ""radius"": 5.0}]"
overconfident_faulty_sensor,186,37.2,1,61.965,44.41,90.0,94.0,50.0,50.0,49.289,50.594,false_negative+position_noise+latency+confidence_error,0.577,confidence_weighted_fusion,avoidance,1,0,56.966,5.4,8.206,uav_0,5.4,False,False,False,False,False,1,"[{""id"": ""obstacle_0"", ""kind"": ""static_obstacle"", ""x"": 50.0, ""y"": 50.0, ""radius"": 5.0}]"
overconfident_faulty_sensor,186,37.2,2,68.289,46.92,86.0,90.0,50.0,50.0,49.289,50.594,false_negative+position_noise+latency+confidence_error,0.577,confidence_weighted_fusion,avoidance,5,1,46.579,6.804,13.546,uav_1,6.804,False,False,False,False,False,1,"[{""id"": ""obstacle_0"", ""kind"": ""static_obstacle"", ""x"": 50.0, ""y"": 50.0, ""radius"": 5.0}]"
overconfident_faulty_sensor,186,37.2,3,72.755,52.389,90.0,86.0,50.0,50.0,,,position_noise+latency+confidence_error,,confidence_weighted_fusion,move,1,0,37.777,7.061,17.88,uav_2,7.061,False,False,False,False,False,1,"[{""id"": ""obstacle_0"", ""kind"": ""static_obstacle"", ""x"": 50.0, ""y"": 50.0, ""radius"": 5.0}]"
overconfident_faulty_sensor,187,37.4,0,63.838,39.478,94.0,90.0,50.0,50.0,49.404,50.09,false_positive+position_noise+latency+confidence_error,0.231,confidence_weighted_fusion,avoidance,3,0,58.841,5.399,12.384,uav_1,5.399,False,False,False,False,False,1,"[{""id"": ""obstacle_0"", ""kind"": ""static_obstacle"", ""x"": 50.0, ""y"": 50.0, ""radius"": 5.0}]"
overconfident_faulty_sensor,187,37.4,1,62.285,44.649,90.0,94.0,50.0,50.0,49.404,50.09,position_noise+latency+confidence_error,0.231,confidence_weighted_fusion,avoidance,1,0,56.601,5.399,8.4,uav_0,5.399,False,False,False,False,False,1,"[{""id"": ""obstacle_0"", ""kind"": ""static_obstacle"", ""x"": 50.0, ""y"": 50.0, ""radius"": 5.0}]"
overconfident_faulty_sensor,187,37.4,2,68.531,47.238,86.0,90.0,50.0,50.0,49.404,50.09,false_negative+position_noise+latency+confidence_error,0.231,confidence_weighted_fusion,avoidance,4,0,46.192,6.761,13.736,uav_1,6.761,False,False,False,False,False,1,"[{""id"": ""obstacle_0"", ""kind"": ""static_obstacle"", ""x"": 50.0, ""y"": 50.0, ""radius"": 5.0}]"
overconfident_faulty_sensor,187,37.4,3,72.937,52.745,90.0,86.0,50.0,50.0,,,position_noise+latency+confidence_error,,confidence_weighted_fusion,move,2,0,37.377,7.052,18.101,uav_2,7.052,False,False,False,False,False,1,"[{""id"": ""obstacle_0"", ""kind"": ""static_obstacle"", ""x"": 50.0, ""y"": 50.0, ""radius"": 5.0}]"
overconfident_faulty_sensor,188,37.6,0,64.155,39.721,94.0,90.0,50.0,50.0,49.4,50.385,false_positive+false_negative+position_noise+latency+confidence_error,0.677,confidence_weighted_fusion,avoidance,3,0,58.469,5.399,12.494,uav_1,5.399,False,False,False,False,False,1,"[{""id"": ""obstacle_0"", ""kind"": ""static_obstacle"", ""x"": 50.0, ""y"": 50.0, ""radius"": 5.0}]"
overconfident_faulty_sensor,188,37.6,1,62.603,44.892,90.0,94.0,50.0,50.0,49.4,50.385,position_noise+latency+confidence_error,0.677,confidence_weighted_fusion,avoidance,4,0,56.233,5.399,8.598,uav_0,5.399,False,False,False,False,False,1,"[{""id"": ""obstacle_0"", ""kind"": ""static_obstacle"", ""x"": 50.0, ""y"": 50.0, ""radius"": 5.0}]"
overconfident_faulty_sensor,188,37.6,2,68.771,47.558,86.0,90.0,50.0,50.0,49.4,50.385,false_negative+position_noise+latency+confidence_error,0.677,confidence_weighted_fusion,avoidance,3,0,45.806,6.72,13.93,uav_1,6.72,False,False,False,False,False,1,"[{""id"": ""obstacle_0"", ""kind"": ""static_obstacle"", ""x"": 50.0, ""y"": 50.0, ""radius"": 5.0}]"
overconfident_faulty_sensor,188,37.6,3,73.12,53.1,90.0,86.0,50.0,50.0,,,position_noise+latency+confidence_error,,confidence_weighted_fusion,move,2,0,36.977,7.045,18.327,uav_2,7.045,False,False,False,False,False,1,"[{""id"": ""obstacle_0"", ""kind"": ""static_obstacle"", ""x"": 50.0, ""y"": 50.0, ""radius"": 5.0}]"
overconfident_faulty_sensor,189,37.8,0,64.548,39.799,94.0,90.0,50.0,50.0,50.509,50.084,false_positive+false_negative+position_noise+latency+confidence_error,0.184,confidence_weighted_fusion,avoidance,4,1,58.203,5.572,12.768,uav_1,5.572,False,False,False,False,False,1,"[{""id"": ""obstacle_0"", ""kind"": ""static_obstacle"", ""x"": 50.0, ""y"": 50.0, ""radius"": 5.0}]"
overconfident_faulty_sensor,189,37.8,1,62.925,45.129,90.0,94.0,50.0,50.0,50.509,50.084,false_negative+position_noise+latency+confidence_error,0.184,confidence_weighted_fusion,avoidance,3,0,55.869,5.572,8.812,uav_0,5.572,False,False,False,False,False,1,"[{""id"": ""obstacle_0"", ""kind"": ""static_obstacle"", ""x"": 50.0, ""y"": 50.0, ""radius"": 5.0}]"
overconfident_faulty_sensor,189,37.8,2,69.013,47.877,86.0,90.0,50.0,50.0,50.509,50.084,false_negative+position_noise+latency+confidence_error,0.184,confidence_weighted_fusion,avoidance,4,0,45.419,6.679,14.131,uav_1,6.679,False,False,False,False,False,1,"[{""id"": ""obstacle_0"", ""kind"": ""static_obstacle"", ""x"": 50.0, ""y"": 50.0, ""radius"": 5.0}]"
overconfident_faulty_sensor,189,37.8,3,73.302,53.456,90.0,86.0,50.0,50.0,,,position_noise+latency+confidence_error,,confidence_weighted_fusion,move,2,0,36.577,7.038,18.557,uav_2,7.038,False,False,False,False,False,1,"[{""id"": ""obstacle_0"", ""kind"": ""static_obstacle"", ""x"": 50.0, ""y"": 50.0, ""radius"": 5.0}]"
overconfident_faulty_sensor,190,38.0,0,64.934,39.904,94.0,90.0,50.0,50.0,50.357,50.272,position_noise+latency+confidence_error,0.416,confidence_weighted_fusion,avoidance,4,1,57.918,5.725,13.026,uav_1,5.725,False,False,False,False,False,1,"[{""id"": ""obstacle_0"", ""kind"": ""static_obstacle"", ""x"": 50.0, ""y"": 50.0, ""radius"": 5.0}]"
overconfident_faulty_sensor,190,38.0,1,63.242,45.373,90.0,94.0,50.0,50.0,50.357,50.272,false_negative+position_noise+latency+confidence_error,0.416,confidence_weighted_fusion,avoidance,4,0,55.503,5.725,9.027,uav_0,5.725,False,False,False,False,False,1,"[{""id"": ""obstacle_0"", ""kind"": ""static_obstacle"", ""x"": 50.0, ""y"": 50.0, ""radius"": 5.0}]"
overconfident_faulty_sensor,190,38.0,2,69.25,48.199,86.0,90.0,50.0,50.0,50.357,50.272,position_noise+latency+confidence_error,0.416,confidence_weighted_fusion,avoidance,3,0,45.032,6.639,14.334,uav_1,6.639,False,False,False,False,False,1,"[{""id"": ""obstacle_0"", ""kind"": ""static_obstacle"", ""x"": 50.0, ""y"": 50.0, ""radius"": 5.0}]"
overconfident_faulty_sensor,190,38.0,3,73.485,53.812,90.0,86.0,50.0,50.0,,,position_noise+latency+confidence_error,,confidence_weighted_fusion,move,2,0,36.177,7.032,18.792,uav_2,7.032,False,False,False,False,False,1,"[{""id"": ""obstacle_0"", ""kind"": ""static_obstacle"", ""x"": 50.0, ""y"": 50.0, ""radius"": 5.0}]"
overconfident_faulty_sensor,191,38.2,0,65.208,40.195,94.0,90.0,50.0,50.0,50.58,50.065,position_noise+latency+confidence_error,0.381,confidence_weighted_fusion,avoidance,3,1,57.528,5.673,13.095,uav_1,5.673,False,False,False,False,False,1,"[{""id"": ""obstacle_0"", ""kind"": ""static_obstacle"", ""x"": 50.0, ""y"": 50.0, ""radius"": 5.0}]"
overconfident_faulty_sensor,191,38.2,1,63.555,45.622,90.0,94.0,50.0,50.0,50.58,50.065,false_negative+position_noise+latency+confidence_error,0.381,confidence_weighted_fusion,avoidance,4,0,55.134,5.673,9.245,uav_0,5.673,False,False,False,False,False,1,"[{""id"": ""obstacle_0"", ""kind"": ""static_obstacle"", ""x"": 50.0, ""y"": 50.0, ""radius"": 5.0}]"
overconfident_faulty_sensor,191,38.2,2,69.484,48.523,86.0,90.0,50.0,50.0,50.58,50.065,position_noise+latency+confidence_error,0.381,confidence_weighted_fusion,avoidance,3,0,44.644,6.601,14.54,uav_1,6.601,False,False,False,False,False,1,"[{""id"": ""obstacle_0"", ""kind"": ""static_obstacle"", ""x"": 50.0, ""y"": 50.0, ""radius"": 5.0}]"
overconfident_faulty_sensor,191,38.2,3,73.668,54.168,90.0,86.0,50.0,50.0,,,position_noise+latency+confidence_error,,confidence_weighted_fusion,move,2,0,35.777,7.026,19.032,uav_2,7.026,False,False,False,False,False,1,"[{""id"": ""obstacle_0"", ""kind"": ""static_obstacle"", ""x"": 50.0, ""y"": 50.0, ""radius"": 5.0}]"
overconfident_faulty_sensor,192,38.4,0,65.233,40.594,94.0,90.0,50.0,50.0,50.162,48.587,position_noise+latency+confidence_error,0.56,confidence_weighted_fusion,avoidance,3,1,57.17,5.474,12.903,uav_1,5.474,False,False,False,False,False,1,"[{""id"": ""obstacle_0"", ""kind"": ""static_obstacle"", ""x"": 50.0, ""y"": 50.0, ""radius"": 5.0}]"
overconfident_faulty_sensor,192,38.4,1,63.851,45.891,90.0,94.0,50.0,50.0,50.162,48.587,false_negative+position_noise+latency+confidence_error,0.56,confidence_weighted_fusion,avoidance,3,0,54.756,5.474,9.447,uav_0,5.474,False,False,False,False,False,1,"[{""id"": ""obstacle_0"", ""kind"": ""static_obstacle"", ""x"": 50.0, ""y"": 50.0, ""radius"": 5.0}]"
overconfident_faulty_sensor,192,38.4,2,69.706,48.856,86.0,90.0,50.0,50.0,50.162,48.587,position_noise+latency+confidence_error,0.56,confidence_weighted_fusion,avoidance,4,0,44.253,6.563,14.739,uav_1,6.563,False,False,False,False,False,1,"[{""id"": ""obstacle_0"", ""kind"": ""static_obstacle"", ""x"": 50.0, ""y"": 50.0, ""radius"": 5.0}]"
overconfident_faulty_sensor,192,38.4,3,73.85,54.524,90.0,86.0,50.0,50.0,,,false_negative+position_noise+latency+confidence_error,,confidence_weighted_fusion,move,2,0,35.377,7.021,19.275,uav_2,7.021,False,False,False,False,False,1,"[{""id"": ""obstacle_0"", ""kind"": ""static_obstacle"", ""x"": 50.0, ""y"": 50.0, ""radius"": 5.0}]"
overconfident_faulty_sensor,193,38.6,0,65.542,40.849,94.0,90.0,50.0,50.0,49.977,50.97,position_noise+latency+confidence_error,0.497,confidence_weighted_fusion,avoidance,3,0,56.795,5.481,13.036,uav_1,5.481,False,False,False,False,False,1,"[{""id"": ""obstacle_0"", ""kind"": ""static_obstacle"", ""x"": 50.0, ""y"": 50.0, ""radius"": 5.0}]"
overconfident_faulty_sensor,193,38.6,1,64.155,46.152,90.0,94.0,50.0,50.0,49.977,50.97,position_noise+latency+confidence_error,0.497,confidence_weighted_fusion,avoidance,3,0,54.382,5.481,9.668,uav_0,5.481,False,False,False,False,False,1,"[{""id"": ""obstacle_0"", ""kind"": ""static_obstacle"", ""x"": 50.0, ""y"": 50.0, ""radius"": 5.0}]"
overconfident_faulty_sensor,193,38.6,2,69.935,49.184,86.0,90.0,50.0,50.0,49.977,50.97,position_noise+latency+confidence_error,0.497,confidence_weighted_fusion,avoidance,4,0,43.864,6.528,14.952,uav_1,6.528,False,False,False,False,False,1,"[{""id"": ""obstacle_0"", ""kind"": ""static_obstacle"", ""x"": 50.0, ""y"": 50.0, ""radius"": 5.0}]"
overconfident_faulty_sensor,193,38.6,3,74.033,54.88,90.0,86.0,50.0,50.0,,,position_noise+latency+confidence_error,,confidence_weighted_fusion,move,2,0,34.977,7.017,19.523,uav_2,7.017,False,False,False,False,False,1,"[{""id"": ""obstacle_0"", ""kind"": ""static_obstacle"", ""x"": 50.0, ""y"": 50.0, ""radius"": 5.0}]"
overconfident_faulty_sensor,194,38.8,0,65.846,41.109,94.0,90.0,50.0,50.0,49.871,50.273,false_positive+position_noise+latency+confidence_error,0.201,confidence_weighted_fusion,avoidance,3,0,56.418,5.494,13.17,uav_1,5.494,False,False,False,False,False,1,"[{""id"": ""obstacle_0"", ""kind"": ""static_obstacle"", ""x"": 50.0, ""y"": 50.0, ""radius"": 5.0}]"
overconfident_faulty_sensor,194,38.8,1,64.45,46.422,90.0,94.0,50.0,50.0,49.871,50.273,position_noise+latency+confidence_error,0.201,confidence_weighted_fusion,avoidance,3,0,54.005,5.494,9.886,uav_0,5.494,False,False,False,False,False,1,"[{""id"": ""obstacle_0"", ""kind"": ""static_obstacle"", ""x"": 50.0, ""y"": 50.0, ""radius"": 5.0}]"
overconfident_faulty_sensor,194,38.8,2,70.158,49.516,86.0,90.0,50.0,50.0,49.871,50.273,position_noise+latency+confidence_error,0.201,confidence_weighted_fusion,avoidance,4,0,43.473,6.493,15.164,uav_1,6.493,False,False,False,False,False,1,"[{""id"": ""obstacle_0"", ""kind"": ""static_obstacle"", ""x"": 50.0, ""y"": 50.0, ""radius"": 5.0}]"
overconfident_faulty_sensor,194,38.8,3,74.215,55.236,90.0,86.0,50.0,50.0,,,false_negative+position_noise+latency+confidence_error,,confidence_weighted_fusion,move,2,0,34.577,7.013,19.775,uav_2,7.013,False,False,False,False,False,1,"[{""id"": ""obstacle_0"", ""kind"": ""static_obstacle"", ""x"": 50.0, ""y"": 50.0, ""radius"": 5.0}]"
overconfident_faulty_sensor,195,39.0,0,66.145,41.374,94.0,90.0,50.0,50.0,49.405,50.156,position_noise+latency+confidence_error,0.641,confidence_weighted_fusion,avoidance,3,0,56.039,5.509,13.304,uav_1,5.509,False,False,False,False,False,1,"[{""id"": ""obstacle_0"", ""kind"": ""static_obstacle"", ""x"": 50.0, ""y"": 50.0, ""radius"": 5.0}]"
overconfident_faulty_sensor,195,39.0,1,64.737,46.701,90.0,94.0,50.0,50.0,49.405,50.156,false_negative+position_noise+latency+confidence_error,0.641,confidence_weighted_fusion,avoidance,3,0,53.624,5.509,10.101,uav_0,5.509,False,False,False,False,False,1,"[{""id"": ""obstacle_0"", ""kind"": ""static_obstacle"", ""x"": 50.0, ""y"": 50.0, ""radius"": 5.0}]"
overconfident_faulty_sensor,195,39.0,2,70.304,49.888,86.0,90.0,50.0,50.0,49.423,52.266,position_noise+latency+confidence_error,1.0,confidence_weighted_fusion,move,4,0,43.073,6.415,15.304,uav_1,6.415,False,False,False,False,False,1,"[{""id"": ""obstacle_0"", ""kind"": ""static_obstacle"", ""x"": 50.0, ""y"": 50.0, ""radius"": 5.0}]"
overconfident_faulty_sensor,195,39.0,3,74.398,55.592,90.0,86.0,50.0,50.0,,,false_negative+position_noise+latency+confidence_error,,confidence_weighted_fusion,move,1,0,34.177,7.021,20.031,uav_2,7.021,False,False,False,False,False,1,"[{""id"": ""obstacle_0"", ""kind"": ""static_obstacle"", ""x"": 50.0, ""y"": 50.0, ""radius"": 5.0}]"
overconfident_faulty_sensor,196,39.2,0,66.441,41.643,94.0,90.0,50.0,50.0,49.429,49.341,position_noise+latency+confidence_error,0.277,confidence_weighted_fusion,avoidance,3,0,55.659,5.713,13.443,uav_1,5.713,False,False,False,False,False,1,"[{""id"": ""obstacle_0"", ""kind"": ""static_obstacle"", ""x"": 50.0, ""y"": 50.0, ""radius"": 5.0}]"
overconfident_faulty_sensor,196,39.2,1,64.749,47.1,90.0,94.0,50.0,50.0,49.429,49.341,position_noise+latency+confidence_error,0.277,confidence_weighted_fusion,avoidance,4,0,53.265,5.713,10.032,uav_0,5.713,False,False,False,False,False,1,"[{""id"": ""obstacle_0"", ""kind"": ""static_obstacle"", ""x"": 50.0, ""y"": 50.0, ""radius"": 5.0}]"
overconfident_faulty_sensor,196,39.2,2,70.45,50.261,86.0,90.0,50.0,50.0,49.509,49.501,position_noise+latency+confidence_error,0.0,confidence_weighted_fusion,move,4,0,42.673,6.518,15.451,uav_1,6.518,False,False,False,False,False,1,"[{""id"": ""obstacle_0"", ""kind"": ""static_obstacle"", ""x"": 50.0, ""y"": 50.0, ""radius"": 5.0}]"
overconfident_faulty_sensor,196,39.2,3,74.581,55.948,90.0,86.0,50.0,50.0,,,position_noise+latency+confidence_error,,confidence_weighted_fusion,move,2,0,33.777,7.029,20.29,uav_2,7.029,False,False,False,False,False,1,"[{""id"": ""obstacle_0"", ""kind"": ""static_obstacle"", ""x"": 50.0, ""y"": 50.0, ""radius"": 5.0}]"
overconfident_faulty_sensor,197,39.4,0,66.614,42.004,94.0,90.0,50.0,50.0,49.948,49.589,position_noise+latency+confidence_error,1.0,confidence_weighted_fusion,avoidance,4,1,55.26,5.611,13.438,uav_1,5.611,False,False,False,False,False,1,"[{""id"": ""obstacle_0"", ""kind"": ""static_obstacle"", ""x"": 50.0, ""y"": 50.0, ""radius"": 5.0}]"
overconfident_faulty_sensor,197,39.4,1,65.029,47.387,90.0,94.0,50.0,50.0,49.948,49.589,false_negative+position_noise+latency+confidence_error,1.0,confidence_weighted_fusion,avoidance,4,0,52.881,5.611,10.254,uav_0,5.611,False,False,False,False,False,1,"[{""id"": ""obstacle_0"", ""kind"": ""static_obstacle"", ""x"": 50.0, ""y"": 50.0, ""radius"": 5.0}]"
overconfident_faulty_sensor,197,39.4,2,70.661,50.6,86.0,90.0,50.0,50.0,49.948,49.589,false_negative+position_noise+latency+confidence_error,1.0,confidence_weighted_fusion,avoidance,4,0,42.28,6.485,15.67,uav_1,6.485,False,False,False,False,False,1,"[{""id"": ""obstacle_0"", ""kind"": ""static_obstacle"", ""x"": 50.0, ""y"": 50.0, ""radius"": 5.0}]"
overconfident_faulty_sensor,197,39.4,3,74.763,56.303,90.0,86.0,50.0,50.0,,,dropout+latency+confidence_error,,confidence_weighted_fusion,move,1,0,33.377,7.025,20.553,uav_2,7.025,False,False,False,False,False,1,"[{""id"": ""obstacle_0"", ""kind"": ""static_obstacle"", ""x"": 50.0, ""y"": 50.0, ""radius"": 5.0}]"
overconfident_faulty_sensor,198,39.6,0,66.909,42.274,94.0,90.0,50.0,50.0,50.148,49.179,position_noise+latency+confidence_error,0.08,confidence_weighted_fusion,avoidance,3,0,54.879,5.638,13.59,uav_1,5.638,False,False,False,False,False,1,"[{""id"": ""obstacle_0"", ""kind"": ""static_obstacle"", ""x"": 50.0, ""y"": 50.0, ""radius"": 5.0}]"
overconfident_faulty_sensor,198,39.6,1,65.302,47.678,90.0,94.0,50.0,50.0,50.148,49.179,false_negative+position_noise+latency+confidence_error,0.08,confidence_weighted_fusion,avoidance,2,0,52.494,5.638,10.477,uav_0,5.638,False,False,False,False,False,1,"[{""id"": ""obstacle_0"", ""kind"": ""static_obstacle"", ""x"": 50.0, ""y"": 50.0, ""radius"": 5.0}]"
overconfident_faulty_sensor,198,39.6,2,70.807,50.973,86.0,90.0,50.0,50.0,,,position_noise+latency+confidence_error,,confidence_weighted_fusion,move,3,0,41.88,6.415,15.829,uav_1,6.415,False,False,False,False,False,1,"[{""id"": ""obstacle_0"", ""kind"": ""static_obstacle"", ""x"": 50.0, ""y"": 50.0, ""radius"": 5.0}]"
overconfident_faulty_sensor,198,39.6,3,74.946,56.659,90.0,86.0,50.0,50.0,,,dropout+latency+confidence_error,,confidence_weighted_fusion,move,1,0,32.977,7.033,20.819,uav_2,7.033,False,False,False,False,False,1,"[{""id"": ""obstacle_0"", ""kind"": ""static_obstacle"", ""x"": 50.0, ""y"": 50.0, ""radius"": 5.0}]"
overconfident_faulty_sensor,199,39.8,0,67.206,42.542,94.0,90.0,50.0,50.0,50.565,50.142,position_noise+latency+confidence_error,1.0,confidence_weighted_fusion,avoidance,3,0,54.499,5.661,13.752,uav_1,5.661,False,False,False,False,False,1,"[{""id"": ""obstacle_0"", ""kind"": ""static_obstacle"", ""x"": 50.0, ""y"": 50.0, ""radius"": 5.0}]"
overconfident_faulty_sensor,199,39.8,1,65.581,47.965,90.0,94.0,50.0,50.0,50.565,50.142,position_noise+latency+confidence_error,1.0,confidence_weighted_fusion,avoidance,4,0,52.11,5.661,10.713,uav_0,5.661,False,False,False,False,False,1,"[{""id"": ""obstacle_0"", ""kind"": ""static_obstacle"", ""x"": 50.0, ""y"": 50.0, ""radius"": 5.0}]"
overconfident_faulty_sensor,199,39.8,2,71.018,51.313,86.0,90.0,50.0,50.0,50.565,50.142,position_noise+latency+confidence_error,1.0,confidence_weighted_fusion,avoidance,4,0,41.487,6.385,16.059,uav_1,6.385,False,False,False,False,False,1,"[{""id"": ""obstacle_0"", ""kind"": ""static_obstacle"", ""x"": 50.0, ""y"": 50.0, ""radius"": 5.0}]"
overconfident_faulty_sensor,199,39.8,3,75.128,57.015,90.0,86.0,50.0,50.0,,,dropout+latency+confidence_error,,confidence_weighted_fusion,move,2,0,32.577,7.03,21.089,uav_2,7.03,False,False,False,False,False,1,"[{""id"": ""obstacle_0"", ""kind"": ""static_obstacle"", ""x"": 50.0, ""y"": 50.0, ""radius"": 5.0}]"
overconfident_faulty_sensor,200,40.0,0,67.496,42.818,94.0,90.0,50.0,50.0,49.992,49.86,position_noise+latency+confidence_error,0.196,confidence_weighted_fusion,avoidance,3,0,54.117,5.685,13.912,uav_1,5.685,False,False,False,False,False,1,"[{""id"": ""obstacle_0"", ""kind"": ""static_obstacle"", ""x"": 50.0, ""y"": 50.0, ""radius"": 5.0}]"
overconfident_faulty_sensor,200,40.0,1,65.852,48.26,90.0,94.0,50.0,50.0,49.992,49.86,position_noise+latency+confidence_error,0.196,confidence_weighted_fusion,avoidance,3,0,51.723,5.685,10.947,uav_0,5.685,False,False,False,False,False,1,"[{""id"": ""obstacle_0"", ""kind"": ""static_obstacle"", ""x"": 50.0, ""y"": 50.0, ""radius"": 5.0}]"
overconfident_faulty_sensor,200,40.0,2,71.162,51.686,86.0,90.0,50.0,50.0,,,false_negative+position_noise+latency+confidence_error,,confidence_weighted_fusion,move,2,0,41.087,6.32,16.229,uav_1,6.32,False,False,False,False,False,1,"[{""id"": ""obstacle_0"", ""kind"": ""static_obstacle"", ""x"": 50.0, ""y"": 50.0, ""radius"": 5.0}]"
overconfident_faulty_sensor,200,40.0,3,75.311,57.371,90.0,86.0,50.0,50.0,,,dropout+latency+confidence_error,,confidence_weighted_fusion,move,0,0,32.177,7.038,21.362,uav_2,7.038,False,False,False,False,False,1,"[{""id"": ""obstacle_0"", ""kind"": ""static_obstacle"", ""x"": 50.0, ""y"": 50.0, ""radius"": 5.0}]"
overconfident_faulty_sensor,201,40.2,0,67.791,43.088,94.0,90.0,50.0,50.0,51.178,49.952,position_noise+latency+confidence_error,0.395,confidence_weighted_fusion,avoidance,3,0,53.737,5.711,14.086,uav_1,5.711,False,False,False,False,False,1,"[{""id"": ""obstacle_0"", ""kind"": ""static_obstacle"", ""x"": 50.0, ""y"": 50.0, ""radius"": 5.0}]"
overconfident_faulty_sensor,201,40.2,1,66.126,48.551,90.0,94.0,50.0,50.0,51.178,49.952,position_noise+latency+confidence_error,0.395,confidence_weighted_fusion,avoidance,3,0,51.338,5.711,11.191,uav_0,5.711,False,False,False,False,False,1,"[{""id"": ""obstacle_0"", ""kind"": ""static_obstacle"", ""x"": 50.0, ""y"": 50.0, ""radius"": 5.0}]"
overconfident_faulty_sensor,201,40.2,2,71.369,52.028,86.0,90.0,50.0,50.0,51.178,49.952,position_noise+latency+confidence_error,0.395,confidence_weighted_fusion,avoidance,4,0,40.693,6.291,16.465,uav_1,6.291,False,False,False,False,False,1,"[{""id"": ""obstacle_0"", ""kind"": ""static_obstacle"", ""x"": 50.0, ""y"": 50.0, ""radius"": 5.0}]"
overconfident_faulty_sensor,201,40.2,3,75.494,57.727,90.0,86.0,50.0,50.0,,,dropout+latency+confidence_error,,confidence_weighted_fusion,move,0,0,31.777,7.035,21.639,uav_2,7.035,False,False,False,False,False,1,"[{""id"": ""obstacle_0"", ""kind"": ""static_obstacle"", ""x"": 50.0, ""y"": 50.0, ""radius"": 5.0}]"
overconfident_faulty_sensor,202,40.4,0,68.08,43.364,94.0,90.0,50.0,50.0,50.383,50.753,false_negative+position_noise+latency+confidence_error,0.221,confidence_weighted_fusion,avoidance,3,0,53.355,5.733,14.259,uav_1,5.733,False,False,False,False,False,1,"[{""id"": ""obstacle_0"", ""kind"": ""static_obstacle"", ""x"": 50.0, ""y"": 50.0, ""radius"": 5.0}]"
overconfident_faulty_sensor,202,40.4,1,66.398,48.845,90.0,94.0,50.0,50.0,50.383,50.753,false_negative+position_noise+latency+confidence_error,0.221,confidence_weighted_fusion,avoidance,4,0,50.952,5.733,11.438,uav_0,5.733,False,False,False,False,False,1,"[{""id"": ""obstacle_0"", ""kind"": ""static_obstacle"", ""x"": 50.0, ""y"": 50.0, ""radius"": 5.0}]"
overconfident_faulty_sensor,202,40.4,2,71.513,52.402,86.0,90.0,50.0,50.0,,,false_positive+position_noise+latency+confidence_error,,confidence_weighted_fusion,move,3,0,40.293,6.23,16.646,uav_1,6.23,False,False,False,False,False,1,"[{""id"": ""obstacle_0"", ""kind"": ""static_obstacle"", ""x"": 50.0, ""y"": 50.0, ""radius"": 5.0}]"
overconfident_faulty_sensor,202,40.4,3,75.676,58.083,90.0,86.0,50.0,50.0,,,position_noise+latency+confidence_error,,confidence_weighted_fusion,move,0,0,31.377,7.044,21.918,uav_2,7.044,False,False,False,False,False,1,"[{""id"": ""obstacle_0"", ""kind"": ""static_obstacle"", ""x"": 50.0, ""y"": 50.0, ""radius"": 5.0}]"
overconfident_faulty_sensor,203,40.6,0,68.369,43.641,94.0,90.0,50.0,50.0,50.746,50.707,false_negative+position_noise+latency+confidence_error,0.478,confidence_weighted_fusion,avoidance,3,0,52.973,5.757,14.438,uav_1,5.757,False,False,False,False,False,1,"[{""id"": ""obstacle_0"", ""kind"": ""static_obstacle"", ""x"": 50.0, ""y"": 50.0, ""radius"": 5.0}]"
overconfident_faulty_sensor,203,40.6,1,66.667,49.141,90.0,94.0,50.0,50.0,50.746,50.707,false_negative+position_noise+latency+confidence_error,0.478,confidence_weighted_fusion,avoidance,4,0,50.565,5.757,11.689,uav_0,5.757,False,False,False,False,False,1,"[{""id"": ""obstacle_0"", ""kind"": ""static_obstacle"", ""x"": 50.0, ""y"": 50.0, ""radius"": 5.0}]"
overconfident_faulty_sensor,203,40.6,2,71.656,52.775,86.0,90.0,50.0,50.0,,,false_negative+position_noise+latency+confidence_error,,confidence_weighted_fusion,move,2,0,39.893,6.173,16.833,uav_1,6.173,False,False,False,False,False,1,"[{""id"": ""obstacle_0"", ""kind"": ""static_obstacle"", ""x"": 50.0, ""y"": 50.0, ""radius"": 5.0}]"
overconfident_faulty_sensor,203,40.6,3,75.859,58.439,90.0,86.0,50.0,50.0,,,false_negative+position_noise+latency+confidence_error,,confidence_weighted_fusion,move,0,0,30.977,7.053,22.201,uav_2,7.053,False,False,False,False,False,1,"[{""id"": ""obstacle_0"", ""kind"": ""static_obstacle"", ""x"": 50.0, ""y"": 50.0, ""radius"": 5.0}]"
overconfident_faulty_sensor,204,40.8,0,68.656,43.919,94.0,90.0,50.0,50.0,51.249,50.223,dropout+latency+confidence_error,0.58,confidence_weighted_fusion,avoidance,3,0,52.59,5.785,14.622,uav_1,5.785,False,False,False,False,False,1,"[{""id"": ""obstacle_0"", ""kind"": ""static_obstacle"", ""x"": 50.0, ""y"": 50.0, ""radius"": 5.0}]"
overconfident_faulty_sensor,204,40.8,1,66.931,49.441,90.0,94.0,50.0,50.0,51.249,50.223,dropout+latency+confidence_error,0.58,confidence_weighted_fusion,avoidance,4,0,50.177,5.785,11.94,uav_0,5.785,False,False,False,False,False,1,"[{""id"": ""obstacle_0"", ""kind"": ""static_obstacle"", ""x"": 50.0, ""y"": 50.0, ""radius"": 5.0}]"
overconfident_faulty_sensor,204,40.8,2,71.857,53.121,86.0,90.0,50.0,50.0,51.249,50.223,position_noise+latency+confidence_error,0.58,confidence_weighted_fusion,avoidance,4,0,39.498,6.149,17.079,uav_1,6.149,False,False,False,False,False,1,"[{""id"": ""obstacle_0"", ""kind"": ""static_obstacle"", ""x"": 50.0, ""y"": 50.0, ""radius"": 5.0}]"
overconfident_faulty_sensor,204,40.8,3,76.041,58.795,90.0,86.0,50.0,50.0,,,position_noise+latency+confidence_error,,confidence_weighted_fusion,move,0,0,30.577,7.05,22.486,uav_2,7.05,False,False,False,False,False,1,"[{""id"": ""obstacle_0"", ""kind"": ""static_obstacle"", ""x"": 50.0, ""y"": 50.0, ""radius"": 5.0}]"
overconfident_faulty_sensor,205,41.0,0,68.931,44.21,94.0,90.0,50.0,50.0,49.662,49.856,dropout+latency+confidence_error,0.061,confidence_weighted_fusion,avoidance,3,0,52.204,5.811,14.797,uav_1,5.811,False,False,False,False,False,1,"[{""id"": ""obstacle_0"", ""kind"": ""static_obstacle"", ""x"": 50.0, ""y"": 50.0, ""radius"": 5.0}]"
overconfident_faulty_sensor,205,41.0,1,67.183,49.752,90.0,94.0,50.0,50.0,49.662,49.856,dropout+latency+confidence_error,0.061,confidence_weighted_fusion,avoidance,3,0,49.785,5.811,12.185,uav_0,5.811,False,False,False,False,False,1,"[{""id"": ""obstacle_0"", ""kind"": ""static_obstacle"", ""x"": 50.0, ""y"": 50.0, ""radius"": 5.0}]"
overconfident_faulty_sensor,205,41.0,2,71.964,53.506,86.0,90.0,50.0,50.0,,,position_noise+latency+confidence_error,,confidence_weighted_fusion,false_avoidance,4,1,39.1,6.08,17.243,uav_1,6.08,False,True,False,False,False,1,"[{""id"": ""obstacle_0"", ""kind"": ""static_obstacle"", ""x"": 50.0, ""y"": 50.0, ""radius"": 5.0}]"
overconfident_faulty_sensor,205,41.0,3,76.224,59.151,90.0,86.0,50.0,50.0,,,false_negative+position_noise+latency+confidence_error,,confidence_weighted_fusion,move,2,0,30.177,7.071,22.775,uav_2,7.071,False,False,False,False,False,1,"[{""id"": ""obstacle_0"", ""kind"": ""static_obstacle"", ""x"": 50.0, ""y"": 50.0, ""radius"": 5.0}]"
overconfident_faulty_sensor,206,41.2,0,69.211,44.496,94.0,90.0,50.0,50.0,50.764,50.391,dropout+latency+confidence_error,0.195,confidence_weighted_fusion,avoidance,2,0,51.818,5.839,14.984,uav_1,5.839,False,False,False,False,False,1,"[{""id"": ""obstacle_0"", ""kind"": ""static_obstacle"", ""x"": 50.0, ""y"": 50.0, ""radius"": 5.0}]"
overconfident_faulty_sensor,206,41.2,1,67.439,50.059,90.0,94.0,50.0,50.0,50.764,50.391,dropout+latency+confidence_error,0.195,confidence_weighted_fusion,avoidance,3,0,49.394,5.839,12.439,uav_0,5.839,False,False,False,False,False,1,"[{""id"": ""obstacle_0"", ""kind"": ""static_obstacle"", ""x"": 50.0, ""y"": 50.0, ""radius"": 5.0}]"
overconfident_faulty_sensor,206,41.2,2,72.108,53.879,86.0,90.0,50.0,50.0,,,position_noise+latency+confidence_error,,confidence_weighted_fusion,move,2,0,38.7,6.033,17.446,uav_1,6.033,False,False,False,False,False,1,"[{""id"": ""obstacle_0"", ""kind"": ""static_obstacle"", ""x"": 50.0, ""y"": 50.0, ""radius"": 5.0}]"
overconfident_faulty_sensor,206,41.2,3,76.407,59.506,90.0,86.0,50.0,50.0,,,position_noise+latency+confidence_error,,confidence_weighted_fusion,move,1,0,29.777,7.081,23.066,uav_2,7.081,False,False,False,False,False,1,"[{""id"": ""obstacle_0"", ""kind"": ""static_obstacle"", ""x"": 50.0, ""y"": 50.0, ""radius"": 5.0}]"
overconfident_faulty_sensor,207,41.4,0,69.402,44.847,94.0,90.0,50.0,50.0,,,dropout+latency+confidence_error,,confidence_weighted_fusion,move,0,0,51.418,5.846,15.075,uav_1,5.846,False,False,False,False,False,1,"[{""id"": ""obstacle_0"", ""kind"": ""static_obstacle"", ""x"": 50.0, ""y"": 50.0, ""radius"": 5.0}]"
overconfident_faulty_sensor,207,41.4,1,67.621,50.415,90.0,94.0,50.0,50.0,,,dropout+latency+confidence_error,,confidence_weighted_fusion,move,0,0,48.994,5.846,12.626,uav_0,5.846,False,False,False,False,False,1,"[{""id"": ""obstacle_0"", ""kind"": ""static_obstacle"", ""x"": 50.0, ""y"": 50.0, ""radius"": 5.0}]"
overconfident_faulty_sensor,207,41.4,2,72.252,54.253,86.0,90.0,50.0,50.0,,,position_noise+latency+confidence_error,,confidence_weighted_fusion,move,3,0,38.3,6.014,17.654,uav_1,6.014,False,False,False,False,False,1,"[{""id"": ""obstacle_0"", ""kind"": ""static_obstacle"", ""x"": 50.0, ""y"": 50.0, ""radius"": 5.0}]"
overconfident_faulty_sensor,207,41.4,3,76.589,59.862,90.0,86.0,50.0,50.0,,,position_noise+latency+confidence_error,,confidence_weighted_fusion,move,2,0,29.377,7.091,23.359,uav_2,7.091,False,False,False,False,False,1,"[{""id"": ""obstacle_0"", ""kind"": ""static_obstacle"", ""x"": 50.0, ""y"": 50.0, ""radius"": 5.0}]"
overconfident_faulty_sensor,208,41.6,0,69.593,45.198,94.0,90.0,50.0,50.0,,,dropout+latency+confidence_error,,confidence_weighted_fusion,move,0,0,51.018,5.853,15.173,uav_1,5.853,False,False,False,False,False,1,"[{""id"": ""obstacle_0"", ""kind"": ""static_obstacle"", ""x"": 50.0, ""y"": 50.0, ""radius"": 5.0}]"
overconfident_faulty_sensor,208,41.6,1,67.804,50.771,90.0,94.0,50.0,50.0,,,dropout+latency+confidence_error,,confidence_weighted_fusion,move,0,0,48.594,5.853,12.821,uav_0,5.853,False,False,False,False,False,1,"[{""id"": ""obstacle_0"", ""kind"": ""static_obstacle"", ""x"": 50.0, ""y"": 50.0, ""radius"": 5.0}]"
overconfident_faulty_sensor,208,41.6,2,72.395,54.626,86.0,90.0,50.0,50.0,,,false_negative+position_noise+latency+confidence_error,,confidence_weighted_fusion,move,3,0,37.9,5.995,17.868,uav_1,5.995,False,False,False,False,False,1,"[{""id"": ""obstacle_0"", ""kind"": ""static_obstacle"", ""x"": 50.0, ""y"": 50.0, ""radius"": 5.0}]"
overconfident_faulty_sensor,208,41.6,3,76.772,60.218,90.0,86.0,50.0,50.0,,,position_noise+latency+confidence_error,,confidence_weighted_fusion,move,1,0,28.977,7.101,23.656,uav_2,7.101,False,False,False,False,False,1,"[{""id"": ""obstacle_0"", ""kind"": ""static_obstacle"", ""x"": 50.0, ""y"": 50.0, ""radius"": 5.0}]"
overconfident_faulty_sensor,209,41.8,0,69.785,45.549,94.0,90.0,50.0,50.0,,,position_noise+latency+confidence_error,,confidence_weighted_fusion,move,0,0,50.618,5.86,15.279,uav_1,5.86,False,False,False,False,False,1,"[{""id"": ""obstacle_0"", ""kind"": ""static_obstacle"", ""x"": 50.0, ""y"": 50.0, ""radius"": 5.0}]"
overconfident_faulty_sensor,209,41.8,1,67.987,51.127,90.0,94.0,50.0,50.0,,,false_negative+position_noise+latency+confidence_error,,confidence_weighted_fusion,move,0,0,48.194,5.86,13.022,uav_0,5.86,False,False,False,False,False,1,"[{""id"": ""obstacle_0"", ""kind"": ""static_obstacle"", ""x"": 50.0, ""y"": 50.0, ""radius"": 5.0}]"
overconfident_faulty_sensor,209,41.8,2,72.539,54.999,86.0,90.0,50.0,50.0,,,position_noise+latency+confidence_error,,confidence_weighted_fusion,move,3,0,37.5,5.977,18.087,uav_1,5.977,False,False,False,False,False,1,"[{""id"": ""obstacle_0"", ""kind"": ""static_obstacle"", ""x"": 50.0, ""y"": 50.0, ""radius"": 5.0}]"
overconfident_faulty_sensor,209,41.8,3,76.954,60.574,90.0,86.0,50.0,50.0,,,position_noise+latency+confidence_error,,confidence_weighted_fusion,move,2,0,28.577,7.112,23.954,uav_2,7.112,False,False,False,False,False,1,"[{""id"": ""obstacle_0"", ""kind"": ""static_obstacle"", ""x"": 50.0, ""y"": 50.0, ""radius"": 5.0}]"
overconfident_faulty_sensor,210,42.0,0,69.976,45.901,94.0,90.0,50.0,50.0,,,position_noise+latency+confidence_error,,confidence_weighted_fusion,move,0,0,50.218,5.867,15.392,uav_1,5.867,False,False,False,False,False,1,"[{""id"": ""obstacle_0"", ""kind"": ""static_obstacle"", ""x"": 50.0, ""y"": 50.0, ""radius"": 5.0}]"
overconfident_faulty_sensor,210,42.0,1,68.169,51.482,90.0,94.0,50.0,50.0,,,position_noise+latency+confidence_error,,confidence_weighted_fusion,move,0,0,47.794,5.867,13.23,uav_0,5.867,False,False,False,False,False,1,"[{""id"": ""obstacle_0"", ""kind"": ""static_obstacle"", ""x"": 50.0, ""y"": 50.0, ""radius"": 5.0}]"
overconfident_faulty_sensor,210,42.0,2,72.682,55.373,86.0,90.0,50.0,50.0,,,dropout+latency+confidence_error,,confidence_weighted_fusion,move,3,0,37.1,5.958,18.31,uav_1,5.958,False,False,False,False,False,1,"[{""id"": ""obstacle_0"", ""kind"": ""static_obstacle"", ""x"": 50.0, ""y"": 50.0, ""radius"": 5.0}]"
overconfident_faulty_sensor,210,42.0,3,77.137,60.93,90.0,86.0,50.0,50.0,,,position_noise+latency+confidence_error,,confidence_weighted_fusion,move,2,0,28.177,7.122,24.255,uav_2,7.122,False,False,False,False,False,1,"[{""id"": ""obstacle_0"", ""kind"": ""static_obstacle"", ""x"": 50.0, ""y"": 50.0, ""radius"": 5.0}]"
overconfident_faulty_sensor,211,42.2,0,70.168,46.252,94.0,90.0,50.0,50.0,,,false_negative+position_noise+latency+confidence_error,,confidence_weighted_fusion,move,0,0,49.818,5.874,15.513,uav_1,5.874,False,False,False,False,False,1,"[{""id"": ""obstacle_0"", ""kind"": ""static_obstacle"", ""x"": 50.0, ""y"": 50.0, ""radius"": 5.0}]"
overconfident_faulty_sensor,211,42.2,1,68.352,51.838,90.0,94.0,50.0,50.0,,,false_negative+position_noise+latency+confidence_error,,confidence_weighted_fusion,move,0,0,47.394,5.874,13.444,uav_0,5.874,False,False,False,False,False,1,"[{""id"": ""obstacle_0"", ""kind"": ""static_obstacle"", ""x"": 50.0, ""y"": 50.0, ""radius"": 5.0}]"
overconfident_faulty_sensor,211,42.2,2,72.826,55.746,86.0,90.0,50.0,50.0,,,dropout+latency+confidence_error,,confidence_weighted_fusion,move,2,0,36.7,5.94,18.538,uav_1,5.94,False,False,False,False,False,1,"[{""id"": ""obstacle_0"", ""kind"": ""static_obstacle"", ""x"": 50.0, ""y"": 50.0, ""radius"": 5.0}]"
overconfident_faulty_sensor,211,42.2,3,77.32,61.286,90.0,86.0,50.0,50.0,,,position_noise+latency+confidence_error,,confidence_weighted_fusion,move,2,0,27.777,7.133,24.559,uav_2,7.133,False,False,False,False,False,1,"[{""id"": ""obstacle_0"", ""kind"": ""static_obstacle"", ""x"": 50.0, ""y"": 50.0, ""radius"": 5.0}]"
overconfident_faulty_sensor,212,42.4,0,70.359,46.603,94.0,90.0,50.0,50.0,,,position_noise+latency+confidence_error,,confidence_weighted_fusion,move,2,0,49.418,5.85,15.64,uav_1,5.85,False,False,False,False,False,1,"[{""id"": ""obstacle_0"", ""kind"": ""static_obstacle"", ""x"": 50.0, ""y"": 50.0, ""radius"": 5.0}]"
overconfident_faulty_sensor,212,42.4,1,68.571,52.173,90.0,94.0,50.0,50.0,48.192,48.037,position_noise+latency+confidence_error,0.15,confidence_weighted_fusion,avoidance,3,0,46.997,5.85,13.698,uav_0,5.85,False,False,False,False,False,1,"[{""id"": ""obstacle_0"", ""kind"": ""static_obstacle"", ""x"": 50.0, ""y"": 50.0, ""radius"": 5.0}]"
overconfident_faulty_sensor,212,42.4,2,72.97,56.119,86.0,90.0,50.0,50.0,,,dropout+latency+confidence_error,,confidence_weighted_fusion,move,3,0,36.3,5.909,18.771,uav_1,5.909,False,False,False,False,False,1,"[{""id"": ""obstacle_0"", ""kind"": ""static_obstacle"", ""x"": 50.0, ""y"": 50.0, ""radius"": 5.0}]"
overconfident_faulty_sensor,212,42.4,3,77.502,61.642,90.0,86.0,50.0,50.0,,,position_noise+latency+confidence_error,,confidence_weighted_fusion,move,2,0,27.377,7.144,24.865,uav_2,7.144,False,False,False,False,False,1,"[{""id"": ""obstacle_0"", ""kind"": ""static_obstacle"", ""x"": 50.0, ""y"": 50.0, ""radius"": 5.0}]"
overconfident_faulty_sensor,213,42.6,0,70.55,46.954,94.0,90.0,50.0,50.0,,,position_noise+latency+confidence_error,,confidence_weighted_fusion,move,2,0,49.018,5.821,15.775,uav_1,5.821,False,False,False,False,False,1,"[{""id"": ""obstacle_0"", ""kind"": ""static_obstacle"", ""x"": 50.0, ""y"": 50.0, ""radius"": 5.0}]"
overconfident_faulty_sensor,213,42.6,1,68.795,52.504,90.0,94.0,50.0,50.0,49.398,49.109,false_negative+position_noise+latency+confidence_error,0.149,confidence_weighted_fusion,avoidance,4,0,46.6,5.821,13.961,uav_0,5.821,False,False,False,False,False,1,"[{""id"": ""obstacle_0"", ""kind"": ""static_obstacle"", ""x"": 50.0, ""y"": 50.0, ""radius"": 5.0}]"
overconfident_faulty_sensor,213,42.6,2,73.113,56.493,86.0,90.0,50.0,50.0,,,dropout+latency+confidence_error,,confidence_weighted_fusion,move,0,0,35.9,5.878,19.008,uav_1,5.878,False,False,False,False,False,1,"[{""id"": ""obstacle_0"", ""kind"": ""static_obstacle"", ""x"": 50.0, ""y"": 50.0, ""radius"": 5.0}]"
overconfident_faulty_sensor,213,42.6,3,77.685,61.998,90.0,86.0,50.0,50.0,,,position_noise+latency+confidence_error,,confidence_weighted_fusion,move,2,0,26.977,7.156,25.173,uav_2,7.156,False,False,False,False,False,1,"[{""id"": ""obstacle_0"", ""kind"": ""static_obstacle"", ""x"": 50.0, ""y"": 50.0, ""radius"": 5.0}]"
overconfident_faulty_sensor,214,42.8,0,70.742,47.306,94.0,90.0,50.0,50.0,,,position_noise+latency+confidence_error,,confidence_weighted_fusion,move,1,0,48.618,5.828,15.916,uav_1,5.828,False,False,False,False,False,1,"[{""id"": ""obstacle_0"", ""kind"": ""static_obstacle"", ""x"": 50.0, ""y"": 50.0, ""radius"": 5.0}]"
overconfident_faulty_sensor,214,42.8,1,68.977,52.861,90.0,94.0,50.0,50.0,,,position_noise+latency+confidence_error,,confidence_weighted_fusion,move,3,0,46.2,5.828,14.191,uav_0,5.828,False,False,False,False,False,1,"[{""id"": ""obstacle_0"", ""kind"": ""static_obstacle"", ""x"": 50.0, ""y"": 50.0, ""radius"": 5.0}]"
overconfident_faulty_sensor,214,42.8,2,73.257,56.866,86.0,90.0,50.0,50.0,,,dropout+latency+confidence_error,,confidence_weighted_fusion,move,0,0,35.5,5.862,19.249,uav_1,5.862,False,False,False,False,False,1,"[{""id"": ""obstacle_0"", ""kind"": ""static_obstacle"", ""x"": 50.0, ""y"": 50.0, ""radius"": 5.0}]"
overconfident_faulty_sensor,214,42.8,3,77.867,62.354,90.0,86.0,50.0,50.0,,,dropout+latency+confidence_error,,confidence_weighted_fusion,move,2,0,26.577,7.167,25.483,uav_2,7.167,False,False,False,False,False,1,"[{""id"": ""obstacle_0"", ""kind"": ""static_obstacle"", ""x"": 50.0, ""y"": 50.0, ""radius"": 5.0}]"
overconfident_faulty_sensor,215,43.0,0,70.99,47.619,94.0,90.0,50.0,50.0,51.922,47.404,position_noise+latency+confidence_error,0.641,confidence_weighted_fusion,avoidance,3,0,48.224,5.867,16.124,uav_1,5.867,False,False,False,False,False,1,"[{""id"": ""obstacle_0"", ""kind"": ""static_obstacle"", ""x"": 50.0, ""y"": 50.0, ""radius"": 5.0}]"
overconfident_faulty_sensor,215,43.0,1,69.185,53.202,90.0,94.0,50.0,50.0,51.922,47.404,false_negative+position_noise+latency+confidence_error,0.641,confidence_weighted_fusion,avoidance,4,0,45.801,5.837,14.451,uav_2,5.837,False,False,False,False,False,1,"[{""id"": ""obstacle_0"", ""kind"": ""static_obstacle"", ""x"": 50.0, ""y"": 50.0, ""radius"": 5.0}]"
overconfident_faulty_sensor,215,43.0,2,73.4,57.24,86.0,90.0,50.0,50.0,,,false_negative+position_noise+latency+confidence_error,,confidence_weighted_fusion,move,0,0,35.1,5.837,19.495,uav_1,5.837,False,False,False,False,False,1,"[{""id"": ""obstacle_0"", ""kind"": ""static_obstacle"", ""x"": 50.0, ""y"": 50.0, ""radius"": 5.0}]"
overconfident_faulty_sensor,215,43.0,3,78.05,62.709,90.0,86.0,50.0,50.0,,,dropout+latency+confidence_error,,confidence_weighted_fusion,move,2,0,26.177,7.179,25.795,uav_2,7.179,False,False,False,False,False,1,"[{""id"": ""obstacle_0"", ""kind"": ""static_obstacle"", ""x"": 50.0, ""y"": 50.0, ""radius"": 5.0}]"
overconfident_faulty_sensor,216,43.2,0,71.181,47.971,94.0,90.0,50.0,50.0,,,position_noise+latency+confidence_error,,confidence_weighted_fusion,move,2,0,47.824,5.84,16.278,uav_1,5.84,False,False,False,False,False,1,"[{""id"": ""obstacle_0"", ""kind"": ""static_obstacle"", ""x"": 50.0, ""y"": 50.0, ""radius"": 5.0}]"
overconfident_faulty_sensor,216,43.2,1,69.408,53.535,90.0,94.0,50.0,50.0,50.103,49.909,false_negative+position_noise+latency+confidence_error,0.0,confidence_weighted_fusion,avoidance,3,0,45.404,5.809,14.727,uav_2,5.809,False,False,False,False,False,1,"[{""id"": ""obstacle_0"", ""kind"": ""static_obstacle"", ""x"": 50.0, ""y"": 50.0, ""radius"": 5.0}]"
overconfident_faulty_sensor,216,43.2,2,73.544,57.613,86.0,90.0,50.0,50.0,,,false_positive+position_noise+latency+confidence_error,,confidence_weighted_fusion,move,0,0,34.7,5.809,19.744,uav_1,5.809,False,False,False,False,False,1,"[{""id"": ""obstacle_0"", ""kind"": ""static_obstacle"", ""x"": 50.0, ""y"": 50.0, ""radius"": 5.0}]"
overconfident_faulty_sensor,216,43.2,3,78.233,63.065,90.0,86.0,50.0,50.0,,,dropout+latency+confidence_error,,confidence_weighted_fusion,move,2,0,25.777,7.191,26.109,uav_2,7.191,False,False,False,False,False,1,"[{""id"": ""obstacle_0"", ""kind"": ""static_obstacle"", ""x"": 50.0, ""y"": 50.0, ""radius"": 5.0}]"
overconfident_faulty_sensor,217,43.4,0,71.372,48.322,94.0,90.0,50.0,50.0,,,position_noise+latency+confidence_error,,confidence_weighted_fusion,move,2,0,47.424,5.847,16.437,uav_1,5.847,False,False,False,False,False,1,"[{""id"": ""obstacle_0"", ""kind"": ""static_obstacle"", ""x"": 50.0, ""y"": 50.0, ""radius"": 5.0}]"
overconfident_faulty_sensor,217,43.4,1,69.589,53.891,90.0,94.0,50.0,50.0,48.575,50.97,position_noise+latency+confidence_error,0.0,confidence_weighted_fusion,move,4,0,45.004,5.794,14.972,uav_2,5.794,False,False,False,False,False,1,"[{""id"": ""obstacle_0"", ""kind"": ""static_obstacle"", ""x"": 50.0, ""y"": 50.0, ""radius"": 5.0}]"
overconfident_faulty_sensor,217,43.4,2,73.688,57.986,86.0,90.0,50.0,50.0,,,position_noise+latency+confidence_error,,confidence_weighted_fusion,move,0,0,34.3,5.794,19.998,uav_1,5.794,False,False,False,False,False,1,"[{""id"": ""obstacle_0"", ""kind"": ""static_obstacle"", ""x"": 50.0, ""y"": 50.0, ""radius"": 5.0}]"
overconfident_faulty_sensor,217,43.4,3,78.415,63.421,90.0,86.0,50.0,50.0,,,dropout+latency+confidence_error,,confidence_weighted_fusion,move,0,0,25.377,7.204,26.425,uav_2,7.204,False,False,False,False,False,1,"[{""id"": ""obstacle_0"", ""kind"": ""static_obstacle"", ""x"": 50.0, ""y"": 50.0, ""radius"": 5.0}]"
overconfident_faulty_sensor,218,43.6,0,71.562,48.674,94.0,90.0,50.0,50.0,,,false_negative+position_noise+latency+confidence_error,,confidence_weighted_fusion,move,2,0,47.024,5.855,16.603,uav_1,5.855,False,False,False,False,False,1,"[{""id"": ""obstacle_0"", ""kind"": ""static_obstacle"", ""x"": 50.0, ""y"": 50.0, ""radius"": 5.0}]"
overconfident_faulty_sensor,218,43.6,1,69.77,54.248,90.0,94.0,50.0,50.0,,,dropout+latency+confidence_error,,confidence_weighted_fusion,move,2,0,44.604,5.779,15.222,uav_2,5.779,False,False,False,False,False,1,"[{""id"": ""obstacle_0"", ""kind"": ""static_obstacle"", ""x"": 50.0, ""y"": 50.0, ""radius"": 5.0}]"
overconfident_faulty_sensor,218,43.6,2,73.831,58.36,86.0,90.0,50.0,50.0,,,false_negative+position_noise+latency+confidence_error,,confidence_weighted_fusion,move,2,0,33.9,5.779,20.255,uav_1,5.779,False,False,False,False,False,1,"[{""id"": ""obstacle_0"", ""kind"": ""static_obstacle"", ""x"": 50.0, ""y"": 50.0, ""radius"": 5.0}]"
overconfident_faulty_sensor,218,43.6,3,78.598,63.777,90.0,86.0,50.0,50.0,,,dropout+latency+confidence_error,,confidence_weighted_fusion,move,0,0,24.977,7.216,26.743,uav_2,7.216,False,False,False,False,False,1,"[{""id"": ""obstacle_0"", ""kind"": ""static_obstacle"", ""x"": 50.0, ""y"": 50.0, ""radius"": 5.0}]"
overconfident_faulty_sensor,219,43.8,0,71.753,49.025,94.0,90.0,50.0,50.0,,,false_negative+position_noise+latency+confidence_error,,confidence_weighted_fusion,move,2,0,46.624,5.831,16.775,uav_1,5.831,False,False,False,False,False,1,"[{""id"": ""obstacle_0"", ""kind"": ""static_obstacle"", ""x"": 50.0, ""y"": 50.0, ""radius"": 5.0}]"
overconfident_faulty_sensor,219,43.8,1,69.988,54.583,90.0,94.0,50.0,50.0,49.632,50.389,dropout+latency+confidence_error,0.0,confidence_weighted_fusion,avoidance,3,0,44.206,5.732,15.507,uav_2,5.732,False,False,False,False,False,1,"[{""id"": ""obstacle_0"", ""kind"": ""static_obstacle"", ""x"": 50.0, ""y"": 50.0, ""radius"": 5.0}]"
overconfident_faulty_sensor,219,43.8,2,73.926,58.748,86.0,90.0,50.0,50.0,,,position_noise+latency+confidence_error,,confidence_weighted_fusion,false_avoidance,4,1,33.503,5.732,20.475,uav_1,5.732,False,True,False,False,False,1,"[{""id"": ""obstacle_0"", ""kind"": ""static_obstacle"", ""x"": 50.0, ""y"": 50.0, ""radius"": 5.0}]"
overconfident_faulty_sensor,219,43.8,3,78.78,64.133,90.0,86.0,50.0,50.0,,,position_noise+latency+confidence_error,,confidence_weighted_fusion,move,0,0,24.577,7.25,27.063,uav_2,7.25,False,False,False,False,False,1,"[{""id"": ""obstacle_0"", ""kind"": ""static_obstacle"", ""x"": 50.0, ""y"": 50.0, ""radius"": 5.0}]"
overconfident_faulty_sensor,220,44.0,0,71.999,49.341,94.0,90.0,50.0,50.0,52.285,48.984,position_noise+latency+confidence_error,0.0,confidence_weighted_fusion,avoidance,3,0,46.23,5.868,17.009,uav_1,5.868,False,False,False,False,False,1,"[{""id"": ""obstacle_0"", ""kind"": ""static_obstacle"", ""x"": 50.0, ""y"": 50.0, ""radius"": 5.0}]"
overconfident_faulty_sensor,220,44.0,1,70.196,54.925,90.0,94.0,50.0,50.0,52.285,48.984,dropout+latency+confidence_error,0.0,confidence_weighted_fusion,avoidance,4,0,43.807,5.711,15.788,uav_2,5.711,False,False,False,False,False,1,"[{""id"": ""obstacle_0"", ""kind"": ""static_obstacle"", ""x"": 50.0, ""y"": 50.0, ""radius"": 5.0}]"
overconfident_faulty_sensor,220,44.0,2,74.07,59.121,86.0,90.0,50.0,50.0,,,position_noise+latency+confidence_error,,confidence_weighted_fusion,move,3,0,33.103,5.711,20.74,uav_1,5.711,False,False,False,False,False,1,"[{""id"": ""obstacle_0"", ""kind"": ""static_obstacle"", ""x"": 50.0, ""y"": 50.0, ""radius"": 5.0}]"
overconfident_faulty_sensor,220,44.0,3,78.963,64.489,90.0,86.0,50.0,50.0,,,false_negative+position_noise+latency+confidence_error,,confidence_weighted_fusion,move,0,0,24.177,7.263,27.385,uav_2,7.263,False,False,False,False,False,1,"[{""id"": ""obstacle_0"", ""kind"": ""static_obstacle"", ""x"": 50.0, ""y"": 50.0, ""radius"": 5.0}]"
overconfident_faulty_sensor,221,44.2,0,72.189,49.693,94.0,90.0,50.0,50.0,,,position_noise+latency+confidence_error,,confidence_weighted_fusion,move,1,0,45.83,5.876,17.191,uav_1,5.876,False,False,False,False,False,1,"[{""id"": ""obstacle_0"", ""kind"": ""static_obstacle"", ""x"": 50.0, ""y"": 50.0, ""radius"": 5.0}]"
overconfident_faulty_sensor,221,44.2,1,70.376,55.282,90.0,94.0,50.0,50.0,,,dropout+latency+confidence_error,,confidence_weighted_fusion,move,0,0,43.407,5.698,16.05,uav_2,5.698,False,False,False,False,False,1,"[{""id"": ""obstacle_0"", ""kind"": ""static_obstacle"", ""x"": 50.0, ""y"": 50.0, ""radius"": 5.0}]"
overconfident_faulty_sensor,221,44.2,2,74.214,59.494,86.0,90.0,50.0,50.0,,,dropout+latency+confidence_error,,confidence_weighted_fusion,move,2,0,32.703,5.698,21.009,uav_1,5.698,False,False,False,False,False,1,"[{""id"": ""obstacle_0"", ""kind"": ""static_obstacle"", ""x"": 50.0, ""y"": 50.0, ""radius"": 5.0}]"
overconfident_faulty_sensor,221,44.2,3,79.146,64.845,90.0,86.0,50.0,50.0,,,position_noise+latency+confidence_error,,confidence_weighted_fusion,move,0,0,23.777,7.276,27.708,uav_2,7.276,False,False,False,False,False,1,"[{""id"": ""obstacle_0"", ""kind"": ""static_obstacle"", ""x"": 50.0, ""y"": 50.0, ""radius"": 5.0}]"
overconfident_faulty_sensor,222,44.4,0,72.38,50.045,94.0,90.0,50.0,50.0,,,position_noise+latency+confidence_error,,confidence_weighted_fusion,move,1,0,45.43,5.883,17.38,uav_1,5.883,False,False,False,False,False,1,"[{""id"": ""obstacle_0"", ""kind"": ""static_obstacle"", ""x"": 50.0, ""y"": 50.0, ""radius"": 5.0}]"
overconfident_faulty_sensor,222,44.4,1,70.557,55.639,90.0,94.0,50.0,50.0,,,dropout+latency+confidence_error,,confidence_weighted_fusion,move,0,0,43.007,5.686,16.317,uav_2,5.686,False,False,False,False,False,1,"[{""id"": ""obstacle_0"", ""kind"": ""static_obstacle"", ""x"": 50.0, ""y"": 50.0, ""radius"": 5.0}]"
overconfident_faulty_sensor,222,44.4,2,74.358,59.867,86.0,90.0,50.0,50.0,,,dropout+latency+confidence_error,,confidence_weighted_fusion,move,3,0,32.303,5.686,21.281,uav_1,5.686,False,False,False,False,False,1,"[{""id"": ""obstacle_0"", ""kind"": ""static_obstacle"", ""x"": 50.0, ""y"": 50.0, ""radius"": 5.0}]"
overconfident_faulty_sensor,222,44.4,3,79.328,65.201,90.0,86.0,50.0,50.0,,,false_negative+position_noise+latency+confidence_error,,confidence_weighted_fusion,move,2,0,23.377,7.29,28.033,uav_2,7.29,False,False,False,False,False,1,"[{""id"": ""obstacle_0"", ""kind"": ""static_obstacle"", ""x"": 50.0, ""y"": 50.0, ""radius"": 5.0}]"
overconfident_faulty_sensor,223,44.6,0,72.57,50.397,94.0,90.0,50.0,50.0,,,position_noise+latency+confidence_error,,confidence_weighted_fusion,move,2,0,45.03,5.891,17.573,uav_1,5.891,False,False,False,False,False,1,"[{""id"": ""obstacle_0"", ""kind"": ""static_obstacle"", ""x"": 50.0, ""y"": 50.0, ""radius"": 5.0}]"
overconfident_faulty_sensor,223,44.6,1,70.738,55.996,90.0,94.0,50.0,50.0,,,position_noise+latency+confidence_error,,confidence_weighted_fusion,move,0,0,42.607,5.674,16.587,uav_2,5.674,False,False,False,False,False,1,"[{""id"": ""obstacle_0"", ""kind"": ""static_obstacle"", ""x"": 50.0, ""y"": 50.0, ""radius"": 5.0}]"
overconfident_faulty_sensor,223,44.6,2,74.503,60.241,86.0,90.0,50.0,50.0,,,dropout+latency+confidence_error,,confidence_weighted_fusion,move,3,0,31.903,5.674,21.557,uav_1,5.674,False,False,False,False,False,1,"[{""id"": ""obstacle_0"", ""kind"": ""static_obstacle"", ""x"": 50.0, ""y"": 50.0, ""radius"": 5.0}]"
overconfident_faulty_sensor,223,44.6,3,79.511,65.557,90.0,86.0,50.0,50.0,,,position_noise+latency+confidence_error,,confidence_weighted_fusion,move,1,0,22.977,7.304,28.36,uav_2,7.304,False,False,False,False,False,1,"[{""id"": ""obstacle_0"", ""kind"": ""static_obstacle"", ""x"": 50.0, ""y"": 50.0, ""radius"": 5.0}]"
overconfident_faulty_sensor,224,44.8,0,72.76,50.748,94.0,90.0,50.0,50.0,,,position_noise+latency+confidence_error,,confidence_weighted_fusion,move,2,0,44.63,5.899,17.773,uav_1,5.899,False,False,False,False,False,1,"[{""id"": ""obstacle_0"", ""kind"": ""static_obstacle"", ""x"": 50.0, ""y"": 50.0, ""radius"": 5.0}]"
overconfident_faulty_sensor,224,44.8,1,70.919,56.352,90.0,94.0,50.0,50.0,,,position_noise+latency+confidence_error,,confidence_weighted_fusion,move,0,0,42.207,5.662,16.862,uav_2,5.662,False,False,False,False,False,1,"[{""id"": ""obstacle_0"", ""kind"": ""static_obstacle"", ""x"": 50.0, ""y"": 50.0, ""radius"": 5.0}]"
overconfident_faulty_sensor,224,44.8,2,74.647,60.614,86.0,90.0,50.0,50.0,,,dropout+latency+confidence_error,,confidence_weighted_fusion,move,0,0,31.503,5.662,21.835,uav_1,5.662,False,False,False,False,False,1,"[{""id"": ""obstacle_0"", ""kind"": ""static_obstacle"", ""x"": 50.0, ""y"": 50.0, ""radius"": 5.0}]"
overconfident_faulty_sensor,224,44.8,3,79.693,65.912,90.0,86.0,50.0,50.0,,,position_noise+latency+confidence_error,,confidence_weighted_fusion,move,2,0,22.577,7.317,28.688,uav_2,7.317,False,False,False,False,False,1,"[{""id"": ""obstacle_0"", ""kind"": ""static_obstacle"", ""x"": 50.0, ""y"": 50.0, ""radius"": 5.0}]"
overconfident_faulty_sensor,225,45.0,0,72.951,51.1,94.0,90.0,50.0,50.0,,,false_negative+position_noise+latency+confidence_error,,confidence_weighted_fusion,move,2,0,44.23,5.907,17.977,uav_1,5.907,False,False,False,False,False,1,"[{""id"": ""obstacle_0"", ""kind"": ""static_obstacle"", ""x"": 50.0, ""y"": 50.0, ""radius"": 5.0}]"
overconfident_faulty_sensor,225,45.0,1,71.1,56.709,90.0,94.0,50.0,50.0,,,position_noise+latency+confidence_error,,confidence_weighted_fusion,move,0,0,41.807,5.65,17.141,uav_2,5.65,False,False,False,False,False,1,"[{""id"": ""obstacle_0"", ""kind"": ""static_obstacle"", ""x"": 50.0, ""y"": 50.0, ""radius"": 5.0}]"
overconfident_faulty_sensor,225,45.0,2,74.791,60.987,86.0,90.0,50.0,50.0,,,dropout+latency+confidence_error,,confidence_weighted_fusion,move,0,0,31.103,5.65,22.116,uav_1,5.65,False,False,False,False,False,1,"[{""id"": ""obstacle_0"", ""kind"": ""static_obstacle"", ""x"": 50.0, ""y"": 50.0, ""radius"": 5.0}]"
overconfident_faulty_sensor,225,45.0,3,79.876,66.268,90.0,86.0,50.0,50.0,,,position_noise+latency+confidence_error,,confidence_weighted_fusion,move,1,0,22.177,7.332,29.018,uav_2,7.332,False,False,False,False,False,1,"[{""id"": ""obstacle_0"", ""kind"": ""static_obstacle"", ""x"": 50.0, ""y"": 50.0, ""radius"": 5.0}]"
overconfident_faulty_sensor,226,45.2,0,73.141,51.452,94.0,90.0,50.0,50.0,,,position_noise+latency+confidence_error,,confidence_weighted_fusion,move,2,0,43.83,5.914,18.187,uav_1,5.914,False,False,False,False,False,1,"[{""id"": ""obstacle_0"", ""kind"": ""static_obstacle"", ""x"": 50.0, ""y"": 50.0, ""radius"": 5.0}]"
overconfident_faulty_sensor,226,45.2,1,71.281,57.066,90.0,94.0,50.0,50.0,,,position_noise+latency+confidence_error,,confidence_weighted_fusion,move,3,0,41.407,5.639,17.423,uav_2,5.639,False,False,False,False,False,1,"[{""id"": ""obstacle_0"", ""kind"": ""static_obstacle"", ""x"": 50.0, ""y"": 50.0, ""radius"": 5.0}]"
overconfident_faulty_sensor,226,45.2,2,74.935,61.36,86.0,90.0,50.0,50.0,,,false_negative+position_noise+latency+confidence_error,,confidence_weighted_fusion,move,0,0,30.703,5.639,22.401,uav_1,5.639,False,False,False,False,False,1,"[{""id"": ""obstacle_0"", ""kind"": ""static_obstacle"", ""x"": 50.0, ""y"": 50.0, ""radius"": 5.0}]"
overconfident_faulty_sensor,226,45.2,3,80.059,66.624,90.0,86.0,50.0,50.0,,,false_negative+position_noise+latency+confidence_error,,confidence_weighted_fusion,move,2,0,21.777,7.346,29.349,uav_2,7.346,False,False,False,False,False,1,"[{""id"": ""obstacle_0"", ""kind"": ""static_obstacle"", ""x"": 50.0, ""y"": 50.0, ""radius"": 5.0}]"
overconfident_faulty_sensor,227,45.4,0,73.331,51.804,94.0,90.0,50.0,50.0,,,position_noise+latency+confidence_error,,confidence_weighted_fusion,move,2,0,43.43,5.922,18.401,uav_1,5.922,False,False,False,False,False,1,"[{""id"": ""obstacle_0"", ""kind"": ""static_obstacle"", ""x"": 50.0, ""y"": 50.0, ""radius"": 5.0}]"
overconfident_faulty_sensor,227,45.4,1,71.461,57.423,90.0,94.0,50.0,50.0,,,position_noise+latency+confidence_error,,confidence_weighted_fusion,move,3,0,41.007,5.627,17.709,uav_2,5.627,False,False,False,False,False,1,"[{""id"": ""obstacle_0"", ""kind"": ""static_obstacle"", ""x"": 50.0, ""y"": 50.0, ""radius"": 5.0}]"
overconfident_faulty_sensor,227,45.4,2,75.079,61.733,86.0,90.0,50.0,50.0,,,position_noise+latency+confidence_error,,confidence_weighted_fusion,move,0,0,30.303,5.627,22.688,uav_1,5.627,False,False,False,False,False,1,"[{""id"": ""obstacle_0"", ""kind"": ""static_obstacle"", ""x"": 50.0, ""y"": 50.0, ""radius"": 5.0}]"
overconfident_faulty_sensor,227,45.4,3,80.241,66.98,90.0,86.0,50.0,50.0,,,false_positive+position_noise+latency+confidence_error,,confidence_weighted_fusion,move,2,0,21.377,7.361,29.682,uav_2,7.361,False,False,False,False,False,1,"[{""id"": ""obstacle_0"", ""kind"": ""static_obstacle"", ""x"": 50.0, ""y"": 50.0, ""radius"": 5.0}]"
overconfident_faulty_sensor,228,45.6,0,73.522,52.156,94.0,90.0,50.0,50.0,,,false_negative+position_noise+latency+confidence_error,,confidence_weighted_fusion,move,1,0,43.03,5.93,18.62,uav_1,5.93,False,False,False,False,False,1,"[{""id"": ""obstacle_0"", ""kind"": ""static_obstacle"", ""x"": 50.0, ""y"": 50.0, ""radius"": 5.0}]"
overconfident_faulty_sensor,228,45.6,1,71.642,57.78,90.0,94.0,50.0,50.0,,,false_positive+position_noise+latency+confidence_error,,confidence_weighted_fusion,move,3,0,40.607,5.616,17.998,uav_2,5.616,False,False,False,False,False,1,"[{""id"": ""obstacle_0"", ""kind"": ""static_obstacle"", ""x"": 50.0, ""y"": 50.0, ""radius"": 5.0}]"
overconfident_faulty_sensor,228,45.6,2,75.223,62.106,86.0,90.0,50.0,50.0,,,position_noise+latency+confidence_error,,confidence_weighted_fusion,move,0,0,29.903,5.616,22.978,uav_1,5.616,False,False,False,False,False,1,"[{""id"": ""obstacle_0"", ""kind"": ""static_obstacle"", ""x"": 50.0, ""y"": 50.0, ""radius"": 5.0}]"
overconfident_faulty_sensor,228,45.6,3,80.424,67.336,90.0,86.0,50.0,50.0,,,position_noise+latency+confidence_error,,confidence_weighted_fusion,move,2,0,20.977,7.375,30.016,uav_2,7.375,False,False,False,False,False,1,"[{""id"": ""obstacle_0"", ""kind"": ""static_obstacle"", ""x"": 50.0, ""y"": 50.0, ""radius"": 5.0}]"
overconfident_faulty_sensor,229,45.8,0,73.712,52.507,94.0,90.0,50.0,50.0,,,dropout+latency+confidence_error,,confidence_weighted_fusion,move,2,0,42.63,5.937,18.844,uav_1,5.937,False,False,False,False,False,1,"[{""id"": ""obstacle_0"", ""kind"": ""static_obstacle"", ""x"": 50.0, ""y"": 50.0, ""radius"": 5.0}]"
overconfident_faulty_sensor,229,45.8,1,71.823,58.136,90.0,94.0,50.0,50.0,,,position_noise+latency+confidence_error,,confidence_weighted_fusion,move,3,0,40.207,5.606,18.291,uav_2,5.606,False,False,False,False,False,1,"[{""id"": ""obstacle_0"", ""kind"": ""static_obstacle"", ""x"": 50.0, ""y"": 50.0, ""radius"": 5.0}]"
overconfident_faulty_sensor,229,45.8,2,75.368,62.479,86.0,90.0,50.0,50.0,,,false_negative+position_noise+latency+confidence_error,,confidence_weighted_fusion,move,2,0,29.503,5.606,23.271,uav_1,5.606,False,False,False,False,False,1,"[{""id"": ""obstacle_0"", ""kind"": ""static_obstacle"", ""x"": 50.0, ""y"": 50.0, ""radius"": 5.0}]"
overconfident_faulty_sensor,229,45.8,3,80.606,67.692,90.0,86.0,50.0,50.0,,,position_noise+latency+confidence_error,,confidence_weighted_fusion,move,1,0,20.577,7.39,30.352,uav_2,7.39,False,False,False,False,False,1,"[{""id"": ""obstacle_0"", ""kind"": ""static_obstacle"", ""x"": 50.0, ""y"": 50.0, ""radius"": 5.0}]"
overconfident_faulty_sensor,230,46.0,0,73.902,52.859,94.0,90.0,50.0,50.0,,,dropout+latency+confidence_error,,confidence_weighted_fusion,move,2,0,42.23,5.945,19.073,uav_1,5.945,False,False,False,False,False,1,"[{""id"": ""obstacle_0"", ""kind"": ""static_obstacle"", ""x"": 50.0, ""y"": 50.0, ""radius"": 5.0}]"
overconfident_faulty_sensor,230,46.0,1,72.004,58.493,90.0,94.0,50.0,50.0,,,false_negative+position_noise+latency+confidence_error,,confidence_weighted_fusion,move,3,0,39.807,5.595,18.586,uav_2,5.595,False,False,False,False,False,1,"[{""id"": ""obstacle_0"", ""kind"": ""static_obstacle"", ""x"": 50.0, ""y"": 50.0, ""radius"": 5.0}]"
overconfident_faulty_sensor,230,46.0,2,75.512,62.852,86.0,90.0,50.0,50.0,,,false_negative+position_noise+latency+confidence_error,,confidence_weighted_fusion,move,3,0,29.103,5.595,23.566,uav_1,5.595,False,False,False,False,False,1,"[{""id"": ""obstacle_0"", ""kind"": ""static_obstacle"", ""x"": 50.0, ""y"": 50.0, ""radius"": 5.0}]"
overconfident_faulty_sensor,230,46.0,3,80.91,67.952,90.0,86.0,50.0,50.0,,,false_negative+position_noise+latency+confidence_error,,confidence_weighted_fusion,false_avoidance,3,1,20.208,7.426,30.745,uav_2,7.426,False,True,False,False,False,1,"[{""id"": ""obstacle_0"", ""kind"": ""static_obstacle"", ""x"": 50.0, ""y"": 50.0, ""radius"": 5.0}]"
overconfident_faulty_sensor,231,46.2,0,74.093,53.211,94.0,90.0,50.0,50.0,,,dropout+latency+confidence_error,,confidence_weighted_fusion,move,1,0,41.83,6.026,19.306,uav_1,6.026,False,False,False,False,False,1,"[{""id"": ""obstacle_0"", ""kind"": ""static_obstacle"", ""x"": 50.0, ""y"": 50.0, ""radius"": 5.0}]"
overconfident_faulty_sensor,231,46.2,1,72.071,58.888,90.0,94.0,50.0,50.0,,,false_negative+position_noise+latency+confidence_error,,confidence_weighted_fusion,false_avoidance,4,1,39.425,5.627,18.793,uav_2,5.627,False,True,False,False,False,1,"[{""id"": ""obstacle_0"", ""kind"": ""static_obstacle"", ""x"": 50.0, ""y"": 50.0, ""radius"": 5.0}]"
overconfident_faulty_sensor,231,46.2,2,75.656,63.226,86.0,90.0,50.0,50.0,,,false_positive+false_negative+position_noise+latency+confidence_error,,confidence_weighted_fusion,move,3,0,28.703,5.627,23.864,uav_1,5.627,False,False,False,False,False,1,"[{""id"": ""obstacle_0"", ""kind"": ""static_obstacle"", ""x"": 50.0, ""y"": 50.0, ""radius"": 5.0}]"
overconfident_faulty_sensor,231,46.2,3,81.09,68.309,90.0,86.0,50.0,50.0,,,false_negative+position_noise+latency+confidence_error,,confidence_weighted_fusion,move,2,0,19.808,7.442,31.081,uav_2,7.442,False,False,False,False,False,1,"[{""id"": ""obstacle_0"", ""kind"": ""static_obstacle"", ""x"": 50.0, ""y"": 50.0, ""radius"": 5.0}]"
overconfident_faulty_sensor,232,46.4,0,74.283,53.563,94.0,90.0,50.0,50.0,,,dropout+latency+confidence_error,,confidence_weighted_fusion,move,0,0,41.43,6.033,19.543,uav_1,6.033,False,False,False,False,False,1,"[{""id"": ""obstacle_0"", ""kind"": ""static_obstacle"", ""x"": 50.0, ""y"": 50.0, ""radius"": 5.0}]"
overconfident_faulty_sensor,232,46.4,1,72.253,59.244,90.0,94.0,50.0,50.0,,,dropout+latency+confidence_error,,confidence_weighted_fusion,move,3,0,39.025,5.617,19.097,uav_2,5.617,False,False,False,False,False,1,"[{""id"": ""obstacle_0"", ""kind"": ""static_obstacle"", ""x"": 50.0, ""y"": 50.0, ""radius"": 5.0}]"
overconfident_faulty_sensor,232,46.4,2,75.8,63.599,86.0,90.0,50.0,50.0,,,false_negative+position_noise+latency+confidence_error,,confidence_weighted_fusion,move,2,0,28.303,5.617,24.164,uav_1,5.617,False,False,False,False,False,1,"[{""id"": ""obstacle_0"", ""kind"": ""static_obstacle"", ""x"": 50.0, ""y"": 50.0, ""radius"": 5.0}]"
overconfident_faulty_sensor,232,46.4,3,81.27,68.666,90.0,86.0,50.0,50.0,,,position_noise+latency+confidence_error,,confidence_weighted_fusion,move,2,0,19.408,7.457,31.418,uav_2,7.457,False,False,False,False,False,1,"[{""id"": ""obstacle_0"", ""kind"": ""static_obstacle"", ""x"": 50.0, ""y"": 50.0, ""radius"": 5.0}]"
overconfident_faulty_sensor,233,46.6,0,74.474,53.915,94.0,90.0,50.0,50.0,,,dropout+latency+confidence_error,,confidence_weighted_fusion,move,0,0,41.03,6.04,19.785,uav_1,6.04,False,False,False,False,False,1,"[{""id"": ""obstacle_0"", ""kind"": ""static_obstacle"", ""x"": 50.0, ""y"": 50.0, ""radius"": 5.0}]"
overconfident_faulty_sensor,233,46.6,1,72.435,59.6,90.0,94.0,50.0,50.0,,,dropout+latency+confidence_error,,confidence_weighted_fusion,move,2,0,38.625,5.606,19.403,uav_2,5.606,False,False,False,False,False,1,"[{""id"": ""obstacle_0"", ""kind"": ""static_obstacle"", ""x"": 50.0, ""y"": 50.0, ""radius"": 5.0}]"
overconfident_faulty_sensor,233,46.6,2,75.944,63.972,86.0,90.0,50.0,50.0,,,false_negative+position_noise+latency+confidence_error,,confidence_weighted_fusion,move,2,0,27.903,5.606,24.467,uav_1,5.606,False,False,False,False,False,1,"[{""id"": ""obstacle_0"", ""kind"": ""static_obstacle"", ""x"": 50.0, ""y"": 50.0, ""radius"": 5.0}]"
overconfident_faulty_sensor,233,46.6,3,81.45,69.024,90.0,86.0,50.0,50.0,,,position_noise+latency+confidence_error,,confidence_weighted_fusion,move,1,0,19.008,7.472,31.756,uav_2,7.472,False,False,False,False,False,1,"[{""id"": ""obstacle_0"", ""kind"": ""static_obstacle"", ""x"": 50.0, ""y"": 50.0, ""radius"": 5.0}]"
overconfident_faulty_sensor,234,46.8,0,74.664,54.266,94.0,90.0,50.0,50.0,,,position_noise+latency+confidence_error,,confidence_weighted_fusion,move,0,0,40.63,6.047,20.03,uav_1,6.047,False,False,False,False,False,1,"[{""id"": ""obstacle_0"", ""kind"": ""static_obstacle"", ""x"": 50.0, ""y"": 50.0, ""radius"": 5.0}]"
overconfident_faulty_sensor,234,46.8,1,72.617,59.956,90.0,94.0,50.0,50.0,,,dropout+latency+confidence_error,,confidence_weighted_fusion,move,2,0,38.225,5.535,19.711,uav_2,5.535,False,False,False,False,False,1,"[{""id"": ""obstacle_0"", ""kind"": ""static_obstacle"", ""x"": 50.0, ""y"": 50.0, ""radius"": 5.0}]"
overconfident_faulty_sensor,234,46.8,2,75.955,64.372,86.0,90.0,50.0,50.0,,,position_noise+latency+confidence_error,,confidence_weighted_fusion,false_avoidance,3,1,27.526,5.535,24.669,uav_1,5.535,False,True,False,False,False,1,"[{""id"": ""obstacle_0"", ""kind"": ""static_obstacle"", ""x"": 50.0, ""y"": 50.0, ""radius"": 5.0}]"
overconfident_faulty_sensor,234,46.8,3,81.63,69.381,90.0,86.0,50.0,50.0,,,false_negative+position_noise+latency+confidence_error,,confidence_weighted_fusion,move,1,0,18.608,7.569,32.096,uav_2,7.569,False,False,False,False,False,1,"[{""id"": ""obstacle_0"", ""kind"": ""static_obstacle"", ""x"": 50.0, ""y"": 50.0, ""radius"": 5.0}]"
overconfident_faulty_sensor,235,47.0,0,74.854,54.618,94.0,90.0,50.0,50.0,,,position_noise+latency+confidence_error,,confidence_weighted_fusion,move,0,0,40.23,6.054,20.28,uav_1,6.054,False,False,False,False,False,1,"[{""id"": ""obstacle_0"", ""kind"": ""static_obstacle"", ""x"": 50.0, ""y"": 50.0, ""radius"": 5.0}]"
overconfident_faulty_sensor,235,47.0,1,72.799,60.312,90.0,94.0,50.0,50.0,,,dropout+latency+confidence_error,,confidence_weighted_fusion,move,0,0,37.825,5.527,20.023,uav_2,5.527,False,False,False,False,False,1,"[{""id"": ""obstacle_0"", ""kind"": ""static_obstacle"", ""x"": 50.0, ""y"": 50.0, ""radius"": 5.0}]"
overconfident_faulty_sensor,235,47.0,2,76.101,64.744,86.0,90.0,50.0,50.0,,,false_negative+position_noise+latency+confidence_error,,confidence_weighted_fusion,move,1,0,27.126,5.527,24.978,uav_1,5.527,False,False,False,False,False,1,"[{""id"": ""obstacle_0"", ""kind"": ""static_obstacle"", ""x"": 50.0, ""y"": 50.0, ""radius"": 5.0}]"
overconfident_faulty_sensor,235,47.0,3,81.81,69.738,90.0,86.0,50.0,50.0,,,dropout+latency+confidence_error,,confidence_weighted_fusion,move,2,0,18.208,7.585,32.436,uav_2,7.585,False,False,False,False,False,1,"[{""id"": ""obstacle_0"", ""kind"": ""static_obstacle"", ""x"": 50.0, ""y"": 50.0, ""radius"": 5.0}]"
overconfident_faulty_sensor,236,47.2,0,75.045,54.97,94.0,90.0,50.0,50.0,,,false_negative+position_noise+latency+confidence_error,,confidence_weighted_fusion,move,0,0,39.83,6.061,20.533,uav_1,6.061,False,False,False,False,False,1,"[{""id"": ""obstacle_0"", ""kind"": ""static_obstacle"", ""x"": 50.0, ""y"": 50.0, ""radius"": 5.0}]"
overconfident_faulty_sensor,236,47.2,1,72.981,60.669,90.0,94.0,50.0,50.0,,,dropout+latency+confidence_error,,confidence_weighted_fusion,move,0,0,37.425,5.518,20.336,uav_2,5.518,False,False,False,False,False,1,"[{""id"": ""obstacle_0"", ""kind"": ""static_obstacle"", ""x"": 50.0, ""y"": 50.0, ""radius"": 5.0}]"
overconfident_faulty_sensor,236,47.2,2,76.247,65.117,86.0,90.0,50.0,50.0,,,position_noise+latency+confidence_error,,confidence_weighted_fusion,move,2,0,26.726,5.518,25.289,uav_1,5.518,False,False,False,False,False,1,"[{""id"": ""obstacle_0"", ""kind"": ""static_obstacle"", ""x"": 50.0, ""y"": 50.0, ""radius"": 5.0}]"
overconfident_faulty_sensor,236,47.2,3,81.99,70.095,90.0,86.0,50.0,50.0,,,dropout+latency+confidence_error,,confidence_weighted_fusion,move,2,0,17.808,7.601,32.778,uav_2,7.601,False,False,False,False,False,1,"[{""id"": ""obstacle_0"", ""kind"": ""static_obstacle"", ""x"": 50.0, ""y"": 50.0, ""radius"": 5.0}]"
overconfident_faulty_sensor,237,47.4,0,75.235,55.322,94.0,90.0,50.0,50.0,,,false_negative+position_noise+latency+confidence_error,,confidence_weighted_fusion,move,2,0,39.43,6.068,20.79,uav_1,6.068,False,False,False,False,False,1,"[{""id"": ""obstacle_0"", ""kind"": ""static_obstacle"", ""x"": 50.0, ""y"": 50.0, ""radius"": 5.0}]"
overconfident_faulty_sensor,237,47.4,1,73.163,61.025,90.0,94.0,50.0,50.0,,,dropout+latency+confidence_error,,confidence_weighted_fusion,move,0,0,37.025,5.51,20.653,uav_2,5.51,False,False,False,False,False,1,"[{""id"": ""obstacle_0"", ""kind"": ""static_obstacle"", ""x"": 50.0, ""y"": 50.0, ""radius"": 5.0}]"
overconfident_faulty_sensor,237,47.4,2,76.393,65.489,86.0,90.0,50.0,50.0,,,position_noise+latency+confidence_error,,confidence_weighted_fusion,move,3,0,26.326,5.51,25.602,uav_1,5.51,False,False,False,False,False,1,"[{""id"": ""obstacle_0"", ""kind"": ""static_obstacle"", ""x"": 50.0, ""y"": 50.0, ""radius"": 5.0}]"
overconfident_faulty_sensor,237,47.4,3,82.17,70.453,90.0,86.0,50.0,50.0,,,dropout+latency+confidence_error,,confidence_weighted_fusion,move,1,0,17.408,7.616,33.121,uav_2,7.616,False,False,False,False,False,1,"[{""id"": ""obstacle_0"", ""kind"": ""static_obstacle"", ""x"": 50.0, ""y"": 50.0, ""radius"": 5.0}]"
overconfident_faulty_sensor,238,47.6,0,75.425,55.674,94.0,90.0,50.0,50.0,,,false_positive+position_noise+latency+confidence_error,,confidence_weighted_fusion,move,2,0,39.03,6.075,21.051,uav_1,6.075,False,False,False,False,False,1,"[{""id"": ""obstacle_0"", ""kind"": ""static_obstacle"", ""x"": 50.0, ""y"": 50.0, ""radius"": 5.0}]"
overconfident_faulty_sensor,238,47.6,1,73.345,61.381,90.0,94.0,50.0,50.0,,,dropout+latency+confidence_error,,confidence_weighted_fusion,move,0,0,36.625,5.502,20.971,uav_2,5.502,False,False,False,False,False,1,"[{""id"": ""obstacle_0"", ""kind"": ""static_obstacle"", ""x"": 50.0, ""y"": 50.0, ""radius"": 5.0}]"
overconfident_faulty_sensor,238,47.6,2,76.539,65.861,86.0,90.0,50.0,50.0,,,position_noise+latency+confidence_error,,confidence_weighted_fusion,move,2,0,25.926,5.502,25.918,uav_1,5.502,False,False,False,False,False,1,"[{""id"": ""obstacle_0"", ""kind"": ""static_obstacle"", ""x"": 50.0, ""y"": 50.0, ""radius"": 5.0}]"
overconfident_faulty_sensor,238,47.6,3,82.35,70.81,90.0,86.0,50.0,50.0,,,dropout+latency+confidence_error,,confidence_weighted_fusion,move,0,0,17.008,7.632,33.465,uav_2,7.632,False,False,False,False,False,1,"[{""id"": ""obstacle_0"", ""kind"": ""static_obstacle"", ""x"": 50.0, ""y"": 50.0, ""radius"": 5.0}]"
overconfident_faulty_sensor,239,47.8,0,75.616,56.025,94.0,90.0,50.0,50.0,,,position_noise+latency+confidence_error,,confidence_weighted_fusion,move,1,0,38.63,6.082,21.315,uav_1,6.082,False,False,False,False,False,1,"[{""id"": ""obstacle_0"", ""kind"": ""static_obstacle"", ""x"": 50.0, ""y"": 50.0, ""radius"": 5.0}]"
overconfident_faulty_sensor,239,47.8,1,73.526,61.737,90.0,94.0,50.0,50.0,,,dropout+latency+confidence_error,,confidence_weighted_fusion,move,0,0,36.225,5.495,21.292,uav_2,5.495,False,False,False,False,False,1,"[{""id"": ""obstacle_0"", ""kind"": ""static_obstacle"", ""x"": 50.0, ""y"": 50.0, ""radius"": 5.0}]"
overconfident_faulty_sensor,239,47.8,2,76.685,66.234,86.0,90.0,50.0,50.0,,,position_noise+latency+confidence_error,,confidence_weighted_fusion,move,3,0,25.526,5.495,26.235,uav_1,5.495,False,False,False,False,False,1,"[{""id"": ""obstacle_0"", ""kind"": ""static_obstacle"", ""x"": 50.0, ""y"": 50.0, ""radius"": 5.0}]"
overconfident_faulty_sensor,239,47.8,3,82.53,71.167,90.0,86.0,50.0,50.0,,,dropout+latency+confidence_error,,confidence_weighted_fusion,move,0,0,16.608,7.648,33.81,uav_2,7.648,False,False,False,False,False,1,"[{""id"": ""obstacle_0"", ""kind"": ""static_obstacle"", ""x"": 50.0, ""y"": 50.0, ""radius"": 5.0}]"
overconfident_faulty_sensor,240,48.0,0,75.806,56.377,94.0,90.0,50.0,50.0,,,position_noise+latency+confidence_error,,confidence_weighted_fusion,move,1,0,38.23,6.089,21.582,uav_1,6.089,False,False,False,False,False,1,"[{""id"": ""obstacle_0"", ""kind"": ""static_obstacle"", ""x"": 50.0, ""y"": 50.0, ""radius"": 5.0}]"
overconfident_faulty_sensor,240,48.0,1,73.708,62.094,90.0,94.0,50.0,50.0,,,dropout+latency+confidence_error,,confidence_weighted_fusion,move,0,0,35.825,5.488,21.615,uav_2,5.488,False,False,False,False,False,1,"[{""id"": ""obstacle_0"", ""kind"": ""static_obstacle"", ""x"": 50.0, ""y"": 50.0, ""radius"": 5.0}]"
overconfident_faulty_sensor,240,48.0,2,76.831,66.606,86.0,90.0,50.0,50.0,,,position_noise+latency+confidence_error,,confidence_weighted_fusion,move,3,0,25.126,5.488,26.554,uav_1,5.488,False,False,False,False,False,1,"[{""id"": ""obstacle_0"", ""kind"": ""static_obstacle"", ""x"": 50.0, ""y"": 50.0, ""radius"": 5.0}]"
overconfident_faulty_sensor,240,48.0,3,82.71,71.524,90.0,86.0,50.0,50.0,,,false_negative+position_noise+latency+confidence_error,,confidence_weighted_fusion,move,0,0,16.208,7.665,34.156,uav_2,7.665,False,False,False,False,False,1,"[{""id"": ""obstacle_0"", ""kind"": ""static_obstacle"", ""x"": 50.0, ""y"": 50.0, ""radius"": 5.0}]"
overconfident_faulty_sensor,241,48.2,0,75.946,56.752,94.0,90.0,50.0,50.0,,,position_noise+latency+confidence_error,,confidence_weighted_fusion,false_avoidance,3,1,37.834,6.058,21.81,uav_1,6.058,False,True,False,False,False,1,"[{""id"": ""obstacle_0"", ""kind"": ""static_obstacle"", ""x"": 50.0, ""y"": 50.0, ""radius"": 5.0}]"
overconfident_faulty_sensor,241,48.2,1,73.89,62.45,90.0,94.0,50.0,50.0,,,dropout+latency+confidence_error,,confidence_weighted_fusion,move,0,0,35.425,5.481,21.94,uav_2,5.481,False,False,False,False,False,1,"[{""id"": ""obstacle_0"", ""kind"": ""static_obstacle"", ""x"": 50.0, ""y"": 50.0, ""radius"": 5.0}]"
overconfident_faulty_sensor,241,48.2,2,76.977,66.979,86.0,90.0,50.0,50.0,,,false_negative+position_noise+latency+confidence_error,,confidence_weighted_fusion,move,3,0,24.726,5.481,26.875,uav_1,5.481,False,False,False,False,False,1,"[{""id"": ""obstacle_0"", ""kind"": ""static_obstacle"", ""x"": 50.0, ""y"": 50.0, ""radius"": 5.0}]"
overconfident_faulty_sensor,241,48.2,3,82.89,71.882,90.0,86.0,50.0,50.0,,,position_noise+latency+confidence_error,,confidence_weighted_fusion,move,0,0,15.808,7.681,34.504,uav_2,7.681,False,False,False,False,False,1,"[{""id"": ""obstacle_0"", ""kind"": ""static_obstacle"", ""x"": 50.0, ""y"": 50.0, ""radius"": 5.0}]"
overconfident_faulty_sensor,242,48.4,0,76.137,57.103,94.0,90.0,50.0,50.0,,,position_noise+latency+confidence_error,,confidence_weighted_fusion,move,2,0,37.434,6.065,22.085,uav_1,6.065,False,False,False,False,False,1,"[{""id"": ""obstacle_0"", ""kind"": ""static_obstacle"", ""x"": 50.0, ""y"": 50.0, ""radius"": 5.0}]"
overconfident_faulty_sensor,242,48.4,1,74.072,62.806,90.0,94.0,50.0,50.0,,,false_negative+position_noise+latency+confidence_error,,confidence_weighted_fusion,move,0,0,35.025,5.474,22.267,uav_2,5.474,False,False,False,False,False,1,"[{""id"": ""obstacle_0"", ""kind"": ""static_obstacle"", ""x"": 50.0, ""y"": 50.0, ""radius"": 5.0}]"
overconfident_faulty_sensor,242,48.4,2,77.123,67.351,86.0,90.0,50.0,50.0,,,position_noise+latency+confidence_error,,confidence_weighted_fusion,move,3,0,24.326,5.474,27.198,uav_1,5.474,False,False,False,False,False,1,"[{""id"": ""obstacle_0"", ""kind"": ""static_obstacle"", ""x"": 50.0, ""y"": 50.0, ""radius"": 5.0}]"
overconfident_faulty_sensor,242,48.4,3,83.069,72.239,90.0,86.0,50.0,50.0,,,position_noise+latency+confidence_error,,confidence_weighted_fusion,move,0,0,15.408,7.698,34.852,uav_2,7.698,False,False,False,False,False,1,"[{""id"": ""obstacle_0"", ""kind"": ""static_obstacle"", ""x"": 50.0, ""y"": 50.0, ""radius"": 5.0}]"
overconfident_faulty_sensor,243,48.6,0,76.328,57.455,94.0,90.0,50.0,50.0,,,position_noise+latency+confidence_error,,confidence_weighted_fusion,move,2,0,37.034,6.073,22.363,uav_1,6.073,False,False,False,False,False,1,"[{""id"": ""obstacle_0"", ""kind"": ""static_obstacle"", ""x"": 50.0, ""y"": 50.0, ""radius"": 5.0}]"
overconfident_faulty_sensor,243,48.6,1,74.254,63.162,90.0,94.0,50.0,50.0,,,false_negative+position_noise+latency+confidence_error,,confidence_weighted_fusion,move,0,0,34.625,5.467,22.595,uav_2,5.467,False,False,False,False,False,1,"[{""id"": ""obstacle_0"", ""kind"": ""static_obstacle"", ""x"": 50.0, ""y"": 50.0, ""radius"": 5.0}]"
overconfident_faulty_sensor,243,48.6,2,77.269,67.723,86.0,90.0,50.0,50.0,,,false_positive+false_negative+position_noise+latency+confidence_error,,confidence_weighted_fusion,move,3,0,23.926,5.467,27.523,uav_1,5.467,False,False,False,False,False,1,"[{""id"": ""obstacle_0"", ""kind"": ""static_obstacle"", ""x"": 50.0, ""y"": 50.0, ""radius"": 5.0}]"
overconfident_faulty_sensor,243,48.6,3,83.249,72.596,90.0,86.0,50.0,50.0,,,position_noise+latency+confidence_error,,confidence_weighted_fusion,move,1,0,15.008,7.714,35.201,uav_2,7.714,False,False,False,False,False,1,"[{""id"": ""obstacle_0"", ""kind"": ""static_obstacle"", ""x"": 50.0, ""y"": 50.0, ""radius"": 5.0}]"
overconfident_faulty_sensor,244,48.8,0,76.519,57.806,94.0,90.0,50.0,50.0,,,position_noise+latency+confidence_error,,confidence_weighted_fusion,move,2,0,36.634,6.08,22.644,uav_1,6.08,False,False,False,False,False,1,"[{""id"": ""obstacle_0"", ""kind"": ""static_obstacle"", ""x"": 50.0, ""y"": 50.0, ""radius"": 5.0}]"
overconfident_faulty_sensor,244,48.8,1,74.436,63.519,90.0,94.0,50.0,50.0,,,position_noise+latency+confidence_error,,confidence_weighted_fusion,move,0,0,34.225,5.461,22.926,uav_2,5.461,False,False,False,False,False,1,"[{""id"": ""obstacle_0"", ""kind"": ""static_obstacle"", ""x"": 50.0, ""y"": 50.0, ""radius"": 5.0}]"
overconfident_faulty_sensor,244,48.8,2,77.415,68.096,86.0,90.0,50.0,50.0,,,position_noise+latency+confidence_error,,confidence_weighted_fusion,move,2,0,23.526,5.461,27.849,uav_1,5.461,False,False,False,False,False,1,"[{""id"": ""obstacle_0"", ""kind"": ""static_obstacle"", ""x"": 50.0, ""y"": 50.0, ""radius"": 5.0}]"
overconfident_faulty_sensor,244,48.8,3,83.429,72.953,90.0,86.0,50.0,50.0,,,dropout+latency+confidence_error,,confidence_weighted_fusion,move,2,0,14.608,7.731,35.551,uav_2,7.731,False,False,False,False,False,1,"[{""id"": ""obstacle_0"", ""kind"": ""static_obstacle"", ""x"": 50.0, ""y"": 50.0, ""radius"": 5.0}]"
overconfident_faulty_sensor,245,49.0,0,76.71,58.158,94.0,90.0,50.0,50.0,,,false_negative+position_noise+latency+confidence_error,,confidence_weighted_fusion,move,2,0,36.234,6.088,22.928,uav_1,6.088,False,False,False,False,False,1,"[{""id"": ""obstacle_0"", ""kind"": ""static_obstacle"", ""x"": 50.0, ""y"": 50.0, ""radius"": 5.0}]"
overconfident_faulty_sensor,245,49.0,1,74.618,63.875,90.0,94.0,50.0,50.0,,,position_noise+latency+confidence_error,,confidence_weighted_fusion,move,2,0,33.825,5.455,23.259,uav_2,5.455,False,False,False,False,False,1,"[{""id"": ""obstacle_0"", ""kind"": ""static_obstacle"", ""x"": 50.0, ""y"": 50.0, ""radius"": 5.0}]"
overconfident_faulty_sensor,245,49.0,2,77.561,68.468,86.0,90.0,50.0,50.0,,,false_negative+position_noise+latency+confidence_error,,confidence_weighted_fusion,move,3,0,23.126,5.455,28.176,uav_1,5.455,False,False,False,False,False,1,"[{""id"": ""obstacle_0"", ""kind"": ""static_obstacle"", ""x"": 50.0, ""y"": 50.0, ""radius"": 5.0}]"
overconfident_faulty_sensor,245,49.0,3,83.609,73.311,90.0,86.0,50.0,50.0,,,dropout+latency+confidence_error,,confidence_weighted_fusion,move,2,0,14.208,7.748,35.902,uav_2,7.748,False,False,False,False,False,1,"[{""id"": ""obstacle_0"", ""kind"": ""static_obstacle"", ""x"": 50.0, ""y"": 50.0, ""radius"": 5.0}]"
overconfident_faulty_sensor,246,49.2,0,76.901,58.51,94.0,90.0,50.0,50.0,,,false_negative+position_noise+latency+confidence_error,,confidence_weighted_fusion,move,2,0,35.834,6.095,23.214,uav_1,6.095,False,False,False,False,False,1,"[{""id"": ""obstacle_0"", ""kind"": ""static_obstacle"", ""x"": 50.0, ""y"": 50.0, ""radius"": 5.0}]"
overconfident_faulty_sensor,246,49.2,1,74.8,64.231,90.0,94.0,50.0,50.0,,,false_positive+position_noise+latency+confidence_error,,confidence_weighted_fusion,move,2,0,33.425,4.98,23.593,uav_2,4.98,False,False,False,False,False,1,"[{""id"": ""obstacle_0"", ""kind"": ""static_obstacle"", ""x"": 50.0, ""y"": 50.0, ""radius"": 5.0}]"
overconfident_faulty_sensor,246,49.2,2,77.184,68.603,86.0,90.0,50.0,50.0,,,position_noise+latency+confidence_error,,confidence_weighted_fusion,false_avoidance,3,1,23.142,4.98,27.94,uav_1,4.98,False,True,False,False,False,1,"[{""id"": ""obstacle_0"", ""kind"": ""static_obstacle"", ""x"": 50.0, ""y"": 50.0, ""radius"": 5.0}]"
overconfident_faulty_sensor,246,49.2,3,83.789,73.668,90.0,86.0,50.0,50.0,,,dropout+latency+confidence_error,,confidence_weighted_fusion,move,2,0,13.808,8.324,36.254,uav_2,8.324,False,False,False,False,False,1,"[{""id"": ""obstacle_0"", ""kind"": ""static_obstacle"", ""x"": 50.0, ""y"": 50.0, ""radius"": 5.0}]"
overconfident_faulty_sensor,247,49.4,0,77.091,58.861,94.0,90.0,50.0,50.0,,,position_noise+latency+confidence_error,,confidence_weighted_fusion,move,2,0,35.434,6.103,23.504,uav_1,6.103,False,False,False,False,False,1,"[{""id"": ""obstacle_0"", ""kind"": ""static_obstacle"", ""x"": 50.0, ""y"": 50.0, ""radius"": 5.0}]"
overconfident_faulty_sensor,247,49.4,1,74.982,64.587,90.0,94.0,50.0,50.0,,,position_noise+latency+confidence_error,,confidence_weighted_fusion,move,3,0,33.025,4.977,23.929,uav_2,4.977,False,False,False,False,False,1,"[{""id"": ""obstacle_0"", ""kind"": ""static_obstacle"", ""x"": 50.0, ""y"": 50.0, ""radius"": 5.0}]"
overconfident_faulty_sensor,247,49.4,2,77.337,68.973,86.0,90.0,50.0,50.0,,,position_noise+latency+confidence_error,,confidence_weighted_fusion,move,3,0,22.742,4.977,28.275,uav_1,4.977,False,False,False,False,False,1,"[{""id"": ""obstacle_0"", ""kind"": ""static_obstacle"", ""x"": 50.0, ""y"": 50.0, ""radius"": 5.0}]"
overconfident_faulty_sensor,247,49.4,3,83.969,74.025,90.0,86.0,50.0,50.0,,,dropout+latency+confidence_error,,confidence_weighted_fusion,move,0,0,13.408,8.338,36.607,uav_2,8.338,False,False,False,False,False,1,"[{""id"": ""obstacle_0"", ""kind"": ""static_obstacle"", ""x"": 50.0, ""y"": 50.0, ""radius"": 5.0}]"
overconfident_faulty_sensor,248,49.6,0,77.282,59.213,94.0,90.0,50.0,50.0,,,false_positive+false_negative+position_noise+latency+confidence_error,,confidence_weighted_fusion,move,1,0,35.034,6.11,23.796,uav_1,6.11,False,False,False,False,False,1,"[{""id"": ""obstacle_0"", ""kind"": ""static_obstacle"", ""x"": 50.0, ""y"": 50.0, ""radius"": 5.0}]"
overconfident_faulty_sensor,248,49.6,1,75.164,64.944,90.0,94.0,50.0,50.0,,,position_noise+latency+confidence_error,,confidence_weighted_fusion,move,3,0,32.625,4.976,24.266,uav_2,4.976,False,False,False,False,False,1,"[{""id"": ""obstacle_0"", ""kind"": ""static_obstacle"", ""x"": 50.0, ""y"": 50.0, ""radius"": 5.0}]"
overconfident_faulty_sensor,248,49.6,2,77.489,69.342,86.0,90.0,50.0,50.0,,,position_noise+latency+confidence_error,,confidence_weighted_fusion,move,2,0,22.342,4.976,28.612,uav_1,4.976,False,False,False,False,False,1,"[{""id"": ""obstacle_0"", ""kind"": ""static_obstacle"", ""x"": 50.0, ""y"": 50.0, ""radius"": 5.0}]"
overconfident_faulty_sensor,248,49.6,3,84.149,74.382,90.0,86.0,50.0,50.0,,,dropout+latency+confidence_error,,confidence_weighted_fusion,move,0,0,13.008,8.352,36.96,uav_2,8.352,False,False,False,False,False,1,"[{""id"": ""obstacle_0"", ""kind"": ""static_obstacle"", ""x"": 50.0, ""y"": 50.0, ""radius"": 5.0}]"
overconfident_faulty_sensor,249,49.8,0,77.473,59.564,94.0,90.0,50.0,50.0,,,position_noise+latency+confidence_error,,confidence_weighted_fusion,move,1,0,34.634,6.246,24.09,uav_1,6.246,False,False,False,False,False,1,"[{""id"": ""obstacle_0"", ""kind"": ""static_obstacle"", ""x"": 50.0, ""y"": 50.0, ""radius"": 5.0}]"
overconfident_faulty_sensor,249,49.8,1,75.086,65.336,90.0,94.0,50.0,50.0,,,false_negative+position_noise+latency+confidence_error,,confidence_weighted_fusion,false_avoidance,4,1,32.312,5.068,24.402,uav_2,5.068,False,True,False,False,False,1,"[{""id"": ""obstacle_0"", ""kind"": ""static_obstacle"", ""x"": 50.0, ""y"": 50.0, ""radius"": 5.0}]"
overconfident_faulty_sensor,249,49.8,2,77.641,69.712,86.0,90.0,50.0,50.0,,,false_negative+position_noise+latency+confidence_error,,confidence_weighted_fusion,move,3,0,21.942,5.068,28.95,uav_1,5.068,False,False,False,False,False,1,"[{""id"": ""obstacle_0"", ""kind"": ""static_obstacle"", ""x"": 50.0, ""y"": 50.0, ""radius"": 5.0}]"
overconfident_faulty_sensor,249,49.8,3,84.329,74.74,90.0,86.0,50.0,50.0,,,position_noise+latency+confidence_error,,confidence_weighted_fusion,move,0,0,12.608,8.366,37.315,uav_2,8.366,False,False,False,False,False,1,"[{""id"": ""obstacle_0"", ""kind"": ""static_obstacle"", ""x"": 50.0, ""y"": 50.0, ""radius"": 5.0}]"
overconfident_faulty_sensor,250,50.0,0,77.664,59.916,94.0,90.0,50.0,50.0,,,position_noise+latency+confidence_error,,confidence_weighted_fusion,move,2,0,34.234,6.252,24.387,uav_1,6.252,False,False,False,False,False,1,"[{""id"": ""obstacle_0"", ""kind"": ""static_obstacle"", ""x"": 50.0, ""y"": 50.0, ""radius"": 5.0}]"
overconfident_faulty_sensor,250,50.0,1,75.271,65.691,90.0,94.0,50.0,50.0,,,position_noise+latency+confidence_error,,confidence_weighted_fusion,move,3,0,31.912,5.064,24.746,uav_2,5.064,False,False,False,False,False,1,"[{""id"": ""obstacle_0"", ""kind"": ""static_obstacle"", ""x"": 50.0, ""y"": 50.0, ""radius"": 5.0}]"
overconfident_faulty_sensor,250,50.0,2,77.794,70.082,86.0,90.0,50.0,50.0,,,false_negative+position_noise+latency+confidence_error,,confidence_weighted_fusion,move,3,0,21.542,5.064,29.29,uav_1,5.064,False,False,False,False,False,1,"[{""id"": ""obstacle_0"", ""kind"": ""static_obstacle"", ""x"": 50.0, ""y"": 50.0, ""radius"": 5.0}]"
overconfident_faulty_sensor,250,50.0,3,84.509,75.097,90.0,86.0,50.0,50.0,,,position_noise+latency+confidence_error,,confidence_weighted_fusion,move,0,0,12.208,8.381,37.67,uav_2,8.381,False,False,False,False,False,1,"[{""id"": ""obstacle_0"", ""kind"": ""static_obstacle"", ""x"": 50.0, ""y"": 50.0, ""radius"": 5.0}]"
overconfident_faulty_sensor,251,50.2,0,77.272,59.838,94.0,90.0,50.0,50.0,,,false_positive+position_noise+latency+confidence_error,,confidence_weighted_fusion,false_avoidance,2,1,34.491,6.469,23.992,uav_1,6.469,False,True,False,False,False,1,"[{""id"": ""obstacle_0"", ""kind"": ""static_obstacle"", ""x"": 50.0, ""y"": 50.0, ""radius"": 5.0}]"
overconfident_faulty_sensor,251,50.2,1,75.455,66.046,90.0,94.0,50.0,50.0,,,false_negative+position_noise+latency+confidence_error,,confidence_weighted_fusion,move,3,0,31.512,5.062,25.09,uav_2,5.062,False,False,False,False,False,1,"[{""id"": ""obstacle_0"", ""kind"": ""static_obstacle"", ""x"": 50.0, ""y"": 50.0, ""radius"": 5.0}]"
overconfident_faulty_sensor,251,50.2,2,77.946,70.452,86.0,90.0,50.0,50.0,,,position_noise+latency+confidence_error,,confidence_weighted_fusion,move,3,0,21.142,5.062,29.63,uav_1,5.062,False,False,False,False,False,1,"[{""id"": ""obstacle_0"", ""kind"": ""static_obstacle"", ""x"": 50.0, ""y"": 50.0, ""radius"": 5.0}]"
overconfident_faulty_sensor,251,50.2,3,84.689,75.454,90.0,86.0,50.0,50.0,,,position_noise+latency+confidence_error,,confidence_weighted_fusion,move,0,0,11.808,8.396,38.026,uav_2,8.396,False,False,False,False,False,1,"[{""id"": ""obstacle_0"", ""kind"": ""static_obstacle"", ""x"": 50.0, ""y"": 50.0, ""radius"": 5.0}]"
overconfident_faulty_sensor,252,50.4,0,77.466,60.187,94.0,90.0,50.0,50.0,,,false_negative+position_noise+latency+confidence_error,,confidence_weighted_fusion,move,2,0,34.091,6.476,24.294,uav_1,6.476,False,False,False,False,False,1,"[{""id"": ""obstacle_0"", ""kind"": ""static_obstacle"", ""x"": 50.0, ""y"": 50.0, ""radius"": 5.0}]"
overconfident_faulty_sensor,252,50.4,1,75.64,66.401,90.0,94.0,50.0,50.0,,,position_noise+latency+confidence_error,,confidence_weighted_fusion,move,1,0,31.112,5.059,25.437,uav_2,5.059,False,False,False,False,False,1,"[{""id"": ""obstacle_0"", ""kind"": ""static_obstacle"", ""x"": 50.0, ""y"": 50.0, ""radius"": 5.0}]"
overconfident_faulty_sensor,252,50.4,2,78.098,70.822,86.0,90.0,50.0,50.0,,,false_negative+position_noise+latency+confidence_error,,confidence_weighted_fusion,move,2,0,20.742,5.059,29.972,uav_1,5.059,False,False,False,False,False,1,"[{""id"": ""obstacle_0"", ""kind"": ""static_obstacle"", ""x"": 50.0, ""y"": 50.0, ""radius"": 5.0}]"
overconfident_faulty_sensor,252,50.4,3,84.869,75.811,90.0,86.0,50.0,50.0,,,position_noise+latency+confidence_error,,confidence_weighted_fusion,move,2,0,11.408,8.41,38.383,uav_2,8.41,False,False,False,False,False,1,"[{""id"": ""obstacle_0"", ""kind"": ""static_obstacle"", ""x"": 50.0, ""y"": 50.0, ""radius"": 5.0}]"
overconfident_faulty_sensor,253,50.6,0,77.66,60.537,94.0,90.0,50.0,50.0,,,position_noise+latency+confidence_error,,confidence_weighted_fusion,move,2,0,33.691,6.483,24.599,uav_1,6.483,False,False,False,False,False,1,"[{""id"": ""obstacle_0"", ""kind"": ""static_obstacle"", ""x"": 50.0, ""y"": 50.0, ""radius"": 5.0}]"
overconfident_faulty_sensor,253,50.6,1,75.824,66.755,90.0,94.0,50.0,50.0,,,false_positive+position_noise+latency+confidence_error,,confidence_weighted_fusion,move,3,0,30.712,5.056,25.784,uav_2,5.056,False,False,False,False,False,1,"[{""id"": ""obstacle_0"", ""kind"": ""static_obstacle"", ""x"": 50.0, ""y"": 50.0, ""radius"": 5.0}]"
overconfident_faulty_sensor,253,50.6,2,78.251,71.192,86.0,90.0,50.0,50.0,,,false_negative+position_noise+latency+confidence_error,,confidence_weighted_fusion,move,2,0,20.342,5.056,30.316,uav_1,5.056,False,False,False,False,False,1,"[{""id"": ""obstacle_0"", ""kind"": ""static_obstacle"", ""x"": 50.0, ""y"": 50.0, ""radius"": 5.0}]"
overconfident_faulty_sensor,253,50.6,3,85.049,76.169,90.0,86.0,50.0,50.0,,,position_noise+latency+confidence_error,,confidence_weighted_fusion,move,2,0,11.008,8.425,38.74,uav_2,8.425,False,False,False,False,False,1,"[{""id"": ""obstacle_0"", ""kind"": ""static_obstacle"", ""x"": 50.0, ""y"": 50.0, ""radius"": 5.0}]"
overconfident_faulty_sensor,254,50.8,0,78.06,60.535,94.0,90.0,50.0,50.0,,,position_noise+latency+confidence_error,,confidence_weighted_fusion,false_avoidance,3,1,33.501,6.888,24.972,uav_1,6.888,False,True,False,False,False,1,"[{""id"": ""obstacle_0"", ""kind"": ""static_obstacle"", ""x"": 50.0, ""y"": 50.0, ""radius"": 5.0}]"
overconfident_faulty_sensor,254,50.8,1,76.009,67.11,90.0,94.0,50.0,50.0,,,dropout+latency+confidence_error,,confidence_weighted_fusion,move,2,0,30.312,5.054,26.133,uav_2,5.054,False,False,False,False,False,1,"[{""id"": ""obstacle_0"", ""kind"": ""static_obstacle"", ""x"": 50.0, ""y"": 50.0, ""radius"": 5.0}]"
overconfident_faulty_sensor,254,50.8,2,78.403,71.562,86.0,90.0,50.0,50.0,,,position_noise+latency+confidence_error,,confidence_weighted_fusion,move,3,0,19.942,5.054,30.66,uav_1,5.054,False,False,False,False,False,1,"[{""id"": ""obstacle_0"", ""kind"": ""static_obstacle"", ""x"": 50.0, ""y"": 50.0, ""radius"": 5.0}]"
overconfident_faulty_sensor,254,50.8,3,85.229,76.526,90.0,86.0,50.0,50.0,,,false_negative+position_noise+latency+confidence_error,,confidence_weighted_fusion,move,2,0,10.608,8.44,39.098,uav_2,8.44,False,False,False,False,False,1,"[{""id"": ""obstacle_0"", ""kind"": ""static_obstacle"", ""x"": 50.0, ""y"": 50.0, ""radius"": 5.0}]"
overconfident_faulty_sensor,255,51.0,0,78.25,60.887,94.0,90.0,50.0,50.0,,,position_noise+latency+confidence_error,,confidence_weighted_fusion,move,1,0,33.101,6.892,25.275,uav_1,6.892,False,False,False,False,False,1,"[{""id"": ""obstacle_0"", ""kind"": ""static_obstacle"", ""x"": 50.0, ""y"": 50.0, ""radius"": 5.0}]"
overconfident_faulty_sensor,255,51.0,1,76.194,67.465,90.0,94.0,50.0,50.0,,,dropout+latency+confidence_error,,confidence_weighted_fusion,move,3,0,29.912,5.052,26.482,uav_2,5.052,False,False,False,False,False,1,"[{""id"": ""obstacle_0"", ""kind"": ""static_obstacle"", ""x"": 50.0, ""y"": 50.0, ""radius"": 5.0}]"
overconfident_faulty_sensor,255,51.0,2,78.556,71.931,86.0,90.0,50.0,50.0,,,false_positive+position_noise+latency+confidence_error,,confidence_weighted_fusion,move,2,0,19.542,5.052,31.006,uav_1,5.052,False,False,False,False,False,1,"[{""id"": ""obstacle_0"", ""kind"": ""static_obstacle"", ""x"": 50.0, ""y"": 50.0, ""radius"": 5.0}]"
overconfident_faulty_sensor,255,51.0,3,85.408,76.883,90.0,86.0,50.0,50.0,,,false_positive+position_noise+latency+confidence_error,,confidence_weighted_fusion,move,2,0,10.208,8.455,39.457,uav_2,8.455,False,False,False,False,False,1,"[{""id"": ""obstacle_0"", ""kind"": ""static_obstacle"", ""x"": 50.0, ""y"": 50.0, ""radius"": 5.0}]"
overconfident_faulty_sensor,256,51.2,0,78.44,61.238,94.0,90.0,50.0,50.0,,,position_noise+latency+confidence_error,,confidence_weighted_fusion,move,2,0,32.701,7.005,25.58,uav_1,7.005,False,False,False,False,False,1,"[{""id"": ""obstacle_0"", ""kind"": ""static_obstacle"", ""x"": 50.0, ""y"": 50.0, ""radius"": 5.0}]"
overconfident_faulty_sensor,256,51.2,1,76.167,67.864,90.0,94.0,50.0,50.0,,,dropout+latency+confidence_error,,confidence_weighted_fusion,false_avoidance,4,1,29.571,5.113,26.684,uav_2,5.113,False,True,False,False,False,1,"[{""id"": ""obstacle_0"", ""kind"": ""static_obstacle"", ""x"": 50.0, ""y"": 50.0, ""radius"": 5.0}]"
overconfident_faulty_sensor,256,51.2,2,78.708,72.301,86.0,90.0,50.0,50.0,,,false_negative+position_noise+latency+confidence_error,,confidence_weighted_fusion,move,1,0,19.142,5.113,31.352,uav_1,5.113,False,False,False,False,False,1,"[{""id"": ""obstacle_0"", ""kind"": ""static_obstacle"", ""x"": 50.0, ""y"": 50.0, ""radius"": 5.0}]"
overconfident_faulty_sensor,256,51.2,3,85.588,77.24,90.0,86.0,50.0,50.0,,,position_noise+latency+confidence_error,,confidence_weighted_fusion,move,2,0,9.808,8.47,39.817,uav_2,8.47,False,False,False,False,False,1,"[{""id"": ""obstacle_0"", ""kind"": ""static_obstacle"", ""x"": 50.0, ""y"": 50.0, ""radius"": 5.0}]"
overconfident_faulty_sensor,257,51.4,0,78.631,61.59,94.0,90.0,50.0,50.0,,,position_noise+latency+confidence_error,,confidence_weighted_fusion,move,2,0,32.301,7.008,25.888,uav_1,7.008,False,False,False,False,False,1,"[{""id"": ""obstacle_0"", ""kind"": ""static_obstacle"", ""x"": 50.0, ""y"": 50.0, ""radius"": 5.0}]"
overconfident_faulty_sensor,257,51.4,1,76.354,68.218,90.0,94.0,50.0,50.0,,,dropout+latency+confidence_error,,confidence_weighted_fusion,move,0,0,29.171,5.11,27.038,uav_2,5.11,False,False,False,False,False,1,"[{""id"": ""obstacle_0"", ""kind"": ""static_obstacle"", ""x"": 50.0, ""y"": 50.0, ""radius"": 5.0}]"
overconfident_faulty_sensor,257,51.4,2,78.86,72.671,86.0,90.0,50.0,50.0,,,position_noise+latency+confidence_error,,confidence_weighted_fusion,move,3,0,18.742,5.11,31.7,uav_1,5.11,False,False,False,False,False,1,"[{""id"": ""obstacle_0"", ""kind"": ""static_obstacle"", ""x"": 50.0, ""y"": 50.0, ""radius"": 5.0}]"
overconfident_faulty_sensor,257,51.4,3,85.768,77.598,90.0,86.0,50.0,50.0,,,false_positive+false_negative+position_noise+latency+confidence_error,,confidence_weighted_fusion,move,1,0,9.408,8.485,40.177,uav_2,8.485,False,False,False,False,False,1,"[{""id"": ""obstacle_0"", ""kind"": ""static_obstacle"", ""x"": 50.0, ""y"": 50.0, ""radius"": 5.0}]"
overconfident_faulty_sensor,258,51.6,0,78.821,61.942,94.0,90.0,50.0,50.0,,,false_negative+position_noise+latency+confidence_error,,confidence_weighted_fusion,move,2,0,31.901,7.01,26.197,uav_1,7.01,False,False,False,False,False,1,"[{""id"": ""obstacle_0"", ""kind"": ""static_obstacle"", ""x"": 50.0, ""y"": 50.0, ""radius"": 5.0}]"
overconfident_faulty_sensor,258,51.6,1,76.541,68.571,90.0,94.0,50.0,50.0,,,dropout+latency+confidence_error,,confidence_weighted_fusion,move,0,0,28.771,4.947,27.394,uav_2,4.947,False,False,False,False,False,1,"[{""id"": ""obstacle_0"", ""kind"": ""static_obstacle"", ""x"": 50.0, ""y"": 50.0, ""radius"": 5.0}]"
overconfident_faulty_sensor,258,51.6,2,78.685,73.03,86.0,90.0,50.0,50.0,,,position_noise+latency+confidence_error,,confidence_weighted_fusion,false_avoidance,4,1,18.479,4.947,31.786,uav_1,4.947,False,True,False,False,False,1,"[{""id"": ""obstacle_0"", ""kind"": ""static_obstacle"", ""x"": 50.0, ""y"": 50.0, ""radius"": 5.0}]"
overconfident_faulty_sensor,258,51.6,3,86.061,77.87,90.0,86.0,50.0,50.0,,,position_noise+latency+confidence_error,,confidence_weighted_fusion,false_avoidance,3,1,9.034,8.822,40.576,uav_2,8.822,False,True,False,False,False,1,"[{""id"": ""obstacle_0"", ""kind"": ""static_obstacle"", ""x"": 50.0, ""y"": 50.0, ""radius"": 5.0}]"
overconfident_faulty_sensor,259,51.8,0,79.011,62.294,94.0,90.0,50.0,50.0,,,false_negative+position_noise+latency+confidence_error,,confidence_weighted_fusion,move,2,0,31.501,7.013,26.509,uav_1,7.013,False,False,False,False,False,1,"[{""id"": ""obstacle_0"", ""kind"": ""static_obstacle"", ""x"": 50.0, ""y"": 50.0, ""radius"": 5.0}]"
overconfident_faulty_sensor,259,51.8,1,76.729,68.925,90.0,94.0,50.0,50.0,,,position_noise+latency+confidence_error,,confidence_weighted_fusion,move,0,0,28.371,4.947,27.75,uav_2,4.947,False,False,False,False,False,1,"[{""id"": ""obstacle_0"", ""kind"": ""static_obstacle"", ""x"": 50.0, ""y"": 50.0, ""radius"": 5.0}]"
overconfident_faulty_sensor,259,51.8,2,78.843,73.398,86.0,90.0,50.0,50.0,,,false_negative+position_noise+latency+confidence_error,,confidence_weighted_fusion,move,2,0,18.079,4.947,32.14,uav_1,4.947,False,False,False,False,False,1,"[{""id"": ""obstacle_0"", ""kind"": ""static_obstacle"", ""x"": 50.0, ""y"": 50.0, ""radius"": 5.0}]"
overconfident_faulty_sensor,259,51.8,3,86.236,78.23,90.0,86.0,50.0,50.0,,,false_positive+position_noise+latency+confidence_error,,confidence_weighted_fusion,move,2,0,8.634,8.832,40.934,uav_2,8.832,False,False,False,False,False,1,"[{""id"": ""obstacle_0"", ""kind"": ""static_obstacle"", ""x"": 50.0, ""y"": 50.0, ""radius"": 5.0}]"
overconfident_faulty_sensor,260,52.0,0,79.202,62.646,94.0,90.0,50.0,50.0,,,false_negative+latency+confidence_error,,confidence_weighted_fusion,move,2,0,31.101,7.016,26.822,uav_1,7.016,False,False,False,False,False,1,"[{""id"": ""obstacle_0"", ""kind"": ""static_obstacle"", ""x"": 50.0, ""y"": 50.0, ""radius"": 5.0}]"
overconfident_faulty_sensor,260,52.0,1,76.916,69.278,90.0,94.0,50.0,50.0,,,position_noise+latency+confidence_error,,confidence_weighted_fusion,move,0,0,27.971,4.948,28.108,uav_2,4.948,False,False,False,False,False,1,"[{""id"": ""obstacle_0"", ""kind"": ""static_obstacle"", ""x"": 50.0, ""y"": 50.0, ""radius"": 5.0}]"
overconfident_faulty_sensor,260,52.0,2,79.001,73.765,86.0,90.0,50.0,50.0,,,position_noise+latency+confidence_error,,confidence_weighted_fusion,move,3,0,17.679,4.948,32.495,uav_1,4.948,False,False,False,False,False,1,"[{""id"": ""obstacle_0"", ""kind"": ""static_obstacle"", ""x"": 50.0, ""y"": 50.0, ""radius"": 5.0}]"
overconfident_faulty_sensor,260,52.0,3,86.297,78.625,90.0,86.0,50.0,50.0,,,position_noise+latency+confidence_error,,confidence_weighted_fusion,false_avoidance,2,1,8.252,8.767,41.227,uav_2,8.767,False,True,False,False,False,1,"[{""id"": ""obstacle_0"", ""kind"": ""static_obstacle"", ""x"": 50.0, ""y"": 50.0, ""radius"": 5.0}]"
overconfident_faulty_sensor,261,52.2,0,79.392,62.998,94.0,90.0,50.0,50.0,,,position_noise+latency+confidence_error,,confidence_weighted_fusion,move,1,0,30.701,7.018,27.138,uav_1,7.018,False,False,False,False,False,1,"[{""id"": ""obstacle_0"", ""kind"": ""static_obstacle"", ""x"": 50.0, ""y"": 50.0, ""radius"": 5.0}]"
overconfident_faulty_sensor,261,52.2,1,77.103,69.632,90.0,94.0,50.0,50.0,,,false_negative+position_noise+latency+confidence_error,,confidence_weighted_fusion,move,0,0,27.571,4.948,28.466,uav_2,4.948,False,False,False,False,False,1,"[{""id"": ""obstacle_0"", ""kind"": ""static_obstacle"", ""x"": 50.0, ""y"": 50.0, ""radius"": 5.0}]"
overconfident_faulty_sensor,261,52.2,2,79.16,74.132,86.0,90.0,50.0,50.0,,,position_noise+latency+confidence_error,,confidence_weighted_fusion,move,3,0,17.279,4.948,32.85,uav_1,4.948,False,False,False,False,False,1,"[{""id"": ""obstacle_0"", ""kind"": ""static_obstacle"", ""x"": 50.0, ""y"": 50.0, ""radius"": 5.0}]"
overconfident_faulty_sensor,261,52.2,3,86.477,78.983,90.0,86.0,50.0,50.0,,,position_noise+latency+confidence_error,,confidence_weighted_fusion,move,2,0,7.852,8.779,41.589,uav_2,8.779,False,False,False,False,False,1,"[{""id"": ""obstacle_0"", ""kind"": ""static_obstacle"", ""x"": 50.0, ""y"": 50.0, ""radius"": 5.0}]"
overconfident_faulty_sensor,262,52.4,0,79.582,63.349,94.0,90.0,50.0,50.0,,,position_noise+latency+confidence_error,,confidence_weighted_fusion,move,1,0,30.301,6.373,27.455,uav_1,6.373,False,False,False,False,False,1,"[{""id"": ""obstacle_0"", ""kind"": ""static_obstacle"", ""x"": 50.0, ""y"": 50.0, ""radius"": 5.0}]"
overconfident_faulty_sensor,262,52.4,1,77.134,69.233,90.0,94.0,50.0,50.0,,,false_positive+position_noise+latency+confidence_error,,confidence_weighted_fusion,avoidance,3,0,27.909,5.701,28.259,uav_2,5.701,False,False,False,False,False,1,"[{""id"": ""obstacle_0"", ""kind"": ""static_obstacle"", ""x"": 50.0, ""y"": 50.0, ""radius"": 5.0}]"
overconfident_faulty_sensor,262,52.4,2,79.318,74.5,86.0,90.0,50.0,50.0,,,false_positive+position_noise+latency+confidence_error,,confidence_weighted_fusion,move,2,0,16.879,5.701,33.207,uav_1,5.701,False,False,False,False,False,1,"[{""id"": ""obstacle_0"", ""kind"": ""static_obstacle"", ""x"": 50.0, ""y"": 50.0, ""radius"": 5.0}]"
overconfident_faulty_sensor,262,52.4,3,86.683,79.325,90.0,86.0,50.0,50.0,,,position_noise+latency+confidence_error,,confidence_weighted_fusion,false_avoidance,3,1,7.453,8.805,41.964,uav_2,8.805,False,True,False,False,False,1,"[{""id"": ""obstacle_0"", ""kind"": ""static_obstacle"", ""x"": 50.0, ""y"": 50.0, ""radius"": 5.0}]"
overconfident_faulty_sensor,263,52.6,0,79.773,63.701,94.0,90.0,50.0,50.0,,,false_negative+position_noise+latency+confidence_error,,confidence_weighted_fusion,move,0,0,29.901,6.378,27.774,uav_1,6.378,False,False,False,False,False,1,"[{""id"": ""obstacle_0"", ""kind"": ""static_obstacle"", ""x"": 50.0, ""y"": 50.0, ""radius"": 5.0}]"
overconfident_faulty_sensor,263,52.6,1,77.319,69.588,90.0,94.0,50.0,50.0,,,dropout+latency+confidence_error,,confidence_weighted_fusion,move,3,0,27.509,5.703,28.616,uav_2,5.703,False,False,False,False,False,1,"[{""id"": ""obstacle_0"", ""kind"": ""static_obstacle"", ""x"": 50.0, ""y"": 50.0, ""radius"": 5.0}]"
overconfident_faulty_sensor,263,52.6,2,79.476,74.867,86.0,90.0,50.0,50.0,,,dropout+latency+confidence_error,,confidence_weighted_fusion,move,3,0,16.479,5.703,33.565,uav_1,5.703,False,False,False,False,False,1,"[{""id"": ""obstacle_0"", ""kind"": ""static_obstacle"", ""x"": 50.0, ""y"": 50.0, ""radius"": 5.0}]"
overconfident_faulty_sensor,263,52.6,3,86.861,79.684,90.0,86.0,50.0,50.0,,,false_positive+position_noise+latency+confidence_error,,confidence_weighted_fusion,move,2,0,7.053,8.817,42.327,uav_2,8.817,False,False,False,False,False,1,"[{""id"": ""obstacle_0"", ""kind"": ""static_obstacle"", ""x"": 50.0, ""y"": 50.0, ""radius"": 5.0}]"
overconfident_faulty_sensor,264,52.8,0,79.963,64.053,94.0,90.0,50.0,50.0,,,false_negative+position_noise+latency+confidence_error,,confidence_weighted_fusion,move,2,0,29.501,6.383,28.095,uav_1,6.383,False,False,False,False,False,1,"[{""id"": ""obstacle_0"", ""kind"": ""static_obstacle"", ""x"": 50.0, ""y"": 50.0, ""radius"": 5.0}]"
overconfident_faulty_sensor,264,52.8,1,77.503,69.943,90.0,94.0,50.0,50.0,,,dropout+latency+confidence_error,,confidence_weighted_fusion,move,2,0,27.109,5.704,28.973,uav_2,5.704,False,False,False,False,False,1,"[{""id"": ""obstacle_0"", ""kind"": ""static_obstacle"", ""x"": 50.0, ""y"": 50.0, ""radius"": 5.0}]"
overconfident_faulty_sensor,264,52.8,2,79.635,75.234,86.0,90.0,50.0,50.0,,,dropout+latency+confidence_error,,confidence_weighted_fusion,move,3,0,16.079,5.704,33.923,uav_1,5.704,False,False,False,False,False,1,"[{""id"": ""obstacle_0"", ""kind"": ""static_obstacle"", ""x"": 50.0, ""y"": 50.0, ""radius"": 5.0}]"
overconfident_faulty_sensor,264,52.8,3,87.039,80.042,90.0,86.0,50.0,50.0,,,position_noise+latency+confidence_error,,confidence_weighted_fusion,move,2,0,6.653,8.828,42.691,uav_2,8.828,False,False,False,False,False,1,"[{""id"": ""obstacle_0"", ""kind"": ""static_obstacle"", ""x"": 50.0, ""y"": 50.0, ""radius"": 5.0}]"
overconfident_faulty_sensor,265,53.0,0,80.153,64.405,94.0,90.0,50.0,50.0,,,position_noise+latency+confidence_error,,confidence_weighted_fusion,move,2,0,29.101,6.326,28.417,uav_1,6.326,False,False,False,False,False,1,"[{""id"": ""obstacle_0"", ""kind"": ""static_obstacle"", ""x"": 50.0, ""y"": 50.0, ""radius"": 5.0}]"
overconfident_faulty_sensor,265,53.0,1,77.751,70.257,90.0,94.0,50.0,50.0,,,dropout+latency+confidence_error,,confidence_weighted_fusion,false_avoidance,4,1,26.716,5.536,29.358,uav_2,5.536,False,True,False,False,False,1,"[{""id"": ""obstacle_0"", ""kind"": ""static_obstacle"", ""x"": 50.0, ""y"": 50.0, ""radius"": 5.0}]"
overconfident_faulty_sensor,265,53.0,2,79.385,75.547,86.0,90.0,50.0,50.0,,,dropout+latency+confidence_error,,confidence_weighted_fusion,false_avoidance,4,1,15.895,5.536,33.937,uav_1,5.536,False,True,False,False,False,1,"[{""id"": ""obstacle_0"", ""kind"": ""static_obstacle"", ""x"": 50.0, ""y"": 50.0, ""radius"": 5.0}]"
overconfident_faulty_sensor,265,53.0,3,87.217,80.4,90.0,86.0,50.0,50.0,,,false_positive+position_noise+latency+confidence_error,,confidence_weighted_fusion,move,2,0,6.253,9.214,43.055,uav_2,9.214,False,False,False,False,False,1,"[{""id"": ""obstacle_0"", ""kind"": ""static_obstacle"", ""x"": 50.0, ""y"": 50.0, ""radius"": 5.0}]"
overconfident_faulty_sensor,266,53.2,0,80.344,64.757,94.0,90.0,50.0,50.0,,,position_noise+latency+confidence_error,,confidence_weighted_fusion,move,1,0,28.701,6.332,28.742,uav_1,6.332,False,False,False,False,False,1,"[{""id"": ""obstacle_0"", ""kind"": ""static_obstacle"", ""x"": 50.0, ""y"": 50.0, ""radius"": 5.0}]"
overconfident_faulty_sensor,266,53.2,1,77.934,70.613,90.0,94.0,50.0,50.0,,,dropout+latency+confidence_error,,confidence_weighted_fusion,move,0,0,26.316,5.539,29.716,uav_2,5.539,False,False,False,False,False,1,"[{""id"": ""obstacle_0"", ""kind"": ""static_obstacle"", ""x"": 50.0, ""y"": 50.0, ""radius"": 5.0}]"
overconfident_faulty_sensor,266,53.2,2,79.551,75.91,86.0,90.0,50.0,50.0,,,dropout+latency+confidence_error,,confidence_weighted_fusion,move,0,0,15.495,5.539,34.302,uav_1,5.539,False,False,False,False,False,1,"[{""id"": ""obstacle_0"", ""kind"": ""static_obstacle"", ""x"": 50.0, ""y"": 50.0, ""radius"": 5.0}]"
overconfident_faulty_sensor,266,53.2,3,86.818,80.43,90.0,86.0,50.0,50.0,,,position_noise+latency+confidence_error,,confidence_weighted_fusion,false_avoidance,3,1,6.415,8.558,42.766,uav_2,8.558,False,True,False,False,False,1,"[{""id"": ""obstacle_0"", ""kind"": ""static_obstacle"", ""x"": 50.0, ""y"": 50.0, ""radius"": 5.0}]"
overconfident_faulty_sensor,267,53.4,0,80.534,65.108,94.0,90.0,50.0,50.0,,,position_noise+latency+confidence_error,,confidence_weighted_fusion,move,1,0,28.301,6.339,29.067,uav_1,6.339,False,False,False,False,False,1,"[{""id"": ""obstacle_0"", ""kind"": ""static_obstacle"", ""x"": 50.0, ""y"": 50.0, ""radius"": 5.0}]"
overconfident_faulty_sensor,267,53.4,1,78.118,70.968,90.0,94.0,50.0,50.0,,,dropout+latency+confidence_error,,confidence_weighted_fusion,move,0,0,25.916,5.542,30.075,uav_2,5.542,False,False,False,False,False,1,"[{""id"": ""obstacle_0"", ""kind"": ""static_obstacle"", ""x"": 50.0, ""y"": 50.0, ""radius"": 5.0}]"
overconfident_faulty_sensor,267,53.4,2,79.718,76.274,86.0,90.0,50.0,50.0,,,dropout+latency+confidence_error,,confidence_weighted_fusion,move,0,0,15.095,5.542,34.667,uav_1,5.542,False,False,False,False,False,1,"[{""id"": ""obstacle_0"", ""kind"": ""static_obstacle"", ""x"": 50.0, ""y"": 50.0, ""radius"": 5.0}]"
overconfident_faulty_sensor,267,53.4,3,87.017,80.777,90.0,86.0,50.0,50.0,,,position_noise+latency+confidence_error,,confidence_weighted_fusion,move,2,0,6.015,8.577,43.14,uav_2,8.577,False,False,False,False,False,1,"[{""id"": ""obstacle_0"", ""kind"": ""static_obstacle"", ""x"": 50.0, ""y"": 50.0, ""radius"": 5.0}]"
overconfident_faulty_sensor,268,53.6,0,80.724,65.46,94.0,90.0,50.0,50.0,,,position_noise+latency+confidence_error,,confidence_weighted_fusion,move,2,0,27.901,6.345,29.395,uav_1,6.345,False,False,False,False,False,1,"[{""id"": ""obstacle_0"", ""kind"": ""static_obstacle"", ""x"": 50.0, ""y"": 50.0, ""radius"": 5.0}]"
overconfident_faulty_sensor,268,53.6,1,78.301,71.324,90.0,94.0,50.0,50.0,,,position_noise+latency+confidence_error,,confidence_weighted_fusion,move,0,0,25.516,5.545,30.435,uav_2,5.545,False,False,False,False,False,1,"[{""id"": ""obstacle_0"", ""kind"": ""static_obstacle"", ""x"": 50.0, ""y"": 50.0, ""radius"": 5.0}]"
overconfident_faulty_sensor,268,53.6,2,79.884,76.638,86.0,90.0,50.0,50.0,,,position_noise+latency+confidence_error,,confidence_weighted_fusion,move,0,0,14.695,5.545,35.033,uav_1,5.545,False,False,False,False,False,1,"[{""id"": ""obstacle_0"", ""kind"": ""static_obstacle"", ""x"": 50.0, ""y"": 50.0, ""radius"": 5.0}]"
overconfident_faulty_sensor,268,53.6,3,87.026,81.177,90.0,86.0,50.0,50.0,,,false_negative+position_noise+latency+confidence_error,,confidence_weighted_fusion,false_avoidance,3,1,5.666,8.462,43.404,uav_2,8.462,False,True,False,False,False,1,"[{""id"": ""obstacle_0"", ""kind"": ""static_obstacle"", ""x"": 50.0, ""y"": 50.0, ""radius"": 5.0}]"
overconfident_faulty_sensor,269,53.8,0,80.915,65.812,94.0,90.0,50.0,50.0,,,false_negative+position_noise+latency+confidence_error,,confidence_weighted_fusion,move,2,0,27.501,6.351,29.724,uav_1,6.351,False,False,False,False,False,1,"[{""id"": ""obstacle_0"", ""kind"": ""static_obstacle"", ""x"": 50.0, ""y"": 50.0, ""radius"": 5.0}]"
overconfident_faulty_sensor,269,53.8,1,78.484,71.679,90.0,94.0,50.0,50.0,,,position_noise+latency+confidence_error,,confidence_weighted_fusion,move,0,0,25.116,5.548,30.796,uav_2,5.548,False,False,False,False,False,1,"[{""id"": ""obstacle_0"", ""kind"": ""static_obstacle"", ""x"": 50.0, ""y"": 50.0, ""radius"": 5.0}]"
overconfident_faulty_sensor,269,53.8,2,80.051,77.001,86.0,90.0,50.0,50.0,,,position_noise+latency+confidence_error,,confidence_weighted_fusion,move,0,0,14.295,5.548,35.399,uav_1,5.548,False,False,False,False,False,1,"[{""id"": ""obstacle_0"", ""kind"": ""static_obstacle"", ""x"": 50.0, ""y"": 50.0, ""radius"": 5.0}]"
overconfident_faulty_sensor,269,53.8,3,87.236,81.518,90.0,86.0,50.0,50.0,,,false_negative+position_noise+latency+confidence_error,,confidence_weighted_fusion,move,2,0,5.266,8.487,43.784,uav_2,8.487,False,False,False,False,False,1,"[{""id"": ""obstacle_0"", ""kind"": ""static_obstacle"", ""x"": 50.0, ""y"": 50.0, ""radius"": 5.0}]"
overconfident_faulty_sensor,270,54.0,0,81.105,66.164,94.0,90.0,50.0,50.0,,,false_negative+position_noise+latency+confidence_error,,confidence_weighted_fusion,move,2,0,27.101,6.357,30.054,uav_1,6.357,False,False,False,False,False,1,"[{""id"": ""obstacle_0"", ""kind"": ""static_obstacle"", ""x"": 50.0, ""y"": 50.0, ""radius"": 5.0}]"
overconfident_faulty_sensor,270,54.0,1,78.668,72.035,90.0,94.0,50.0,50.0,,,false_negative+position_noise+latency+confidence_error,,confidence_weighted_fusion,move,0,0,24.716,5.551,31.158,uav_2,5.551,False,False,False,False,False,1,"[{""id"": ""obstacle_0"", ""kind"": ""static_obstacle"", ""x"": 50.0, ""y"": 50.0, ""radius"": 5.0}]"
overconfident_faulty_sensor,270,54.0,2,80.217,77.365,86.0,90.0,50.0,50.0,,,false_positive+position_noise+latency+confidence_error,,confidence_weighted_fusion,move,0,0,13.895,5.551,35.767,uav_1,5.551,False,False,False,False,False,1,"[{""id"": ""obstacle_0"", ""kind"": ""static_obstacle"", ""x"": 50.0, ""y"": 50.0, ""radius"": 5.0}]"
overconfident_faulty_sensor,270,54.0,3,87.446,81.858,90.0,86.0,50.0,50.0,,,position_noise+latency+confidence_error,,confidence_weighted_fusion,move,2,0,4.866,8.511,44.164,uav_2,8.511,False,False,False,False,False,1,"[{""id"": ""obstacle_0"", ""kind"": ""static_obstacle"", ""x"": 50.0, ""y"": 50.0, ""radius"": 5.0}]"
overconfident_faulty_sensor,271,54.2,0,81.295,66.516,94.0,90.0,50.0,50.0,,,false_negative+position_noise+latency+confidence_error,,confidence_weighted_fusion,move,2,0,26.701,6.363,30.386,uav_1,6.363,False,False,False,False,False,1,"[{""id"": ""obstacle_0"", ""kind"": ""static_obstacle"", ""x"": 50.0, ""y"": 50.0, ""radius"": 5.0}]"
overconfident_faulty_sensor,271,54.2,1,78.851,72.39,90.0,94.0,50.0,50.0,,,false_negative+position_noise+latency+confidence_error,,confidence_weighted_fusion,move,3,0,24.316,5.554,31.52,uav_2,5.554,False,False,False,False,False,1,"[{""id"": ""obstacle_0"", ""kind"": ""static_obstacle"", ""x"": 50.0, ""y"": 50.0, ""radius"": 5.0}]"
overconfident_faulty_sensor,271,54.2,2,80.384,77.729,86.0,90.0,50.0,50.0,,,position_noise+latency+confidence_error,,confidence_weighted_fusion,move,3,0,13.495,5.554,36.135,uav_1,5.554,False,False,False,False,False,1,"[{""id"": ""obstacle_0"", ""kind"": ""static_obstacle"", ""x"": 50.0, ""y"": 50.0, ""radius"": 5.0}]"
overconfident_faulty_sensor,271,54.2,3,87.656,82.199,90.0,86.0,50.0,50.0,,,position_noise+latency+confidence_error,,confidence_weighted_fusion,move,1,0,4.466,8.536,44.545,uav_2,8.536,False,False,False,False,False,1,"[{""id"": ""obstacle_0"", ""kind"": ""static_obstacle"", ""x"": 50.0, ""y"": 50.0, ""radius"": 5.0}]"
overconfident_faulty_sensor,272,54.4,0,81.486,66.868,94.0,90.0,50.0,50.0,,,position_noise+latency+confidence_error,,confidence_weighted_fusion,move,1,0,26.301,6.369,30.719,uav_1,6.369,False,False,False,False,False,1,"[{""id"": ""obstacle_0"", ""kind"": ""static_obstacle"", ""x"": 50.0, ""y"": 50.0, ""radius"": 5.0}]"
overconfident_faulty_sensor,272,54.4,1,79.035,72.746,90.0,94.0,50.0,50.0,,,false_negative+position_noise+latency+confidence_error,,confidence_weighted_fusion,move,3,0,23.916,5.558,31.883,uav_2,5.558,False,False,False,False,False,1,"[{""id"": ""obstacle_0"", ""kind"": ""static_obstacle"", ""x"": 50.0, ""y"": 50.0, ""radius"": 5.0}]"
overconfident_faulty_sensor,272,54.4,2,80.55,78.093,86.0,90.0,50.0,50.0,,,position_noise+latency+confidence_error,,confidence_weighted_fusion,move,3,0,13.095,5.558,36.503,uav_1,5.558,False,False,False,False,False,1,"[{""id"": ""obstacle_0"", ""kind"": ""static_obstacle"", ""x"": 50.0, ""y"": 50.0, ""radius"": 5.0}]"
overconfident_faulty_sensor,272,54.4,3,87.866,82.539,90.0,86.0,50.0,50.0,,,dropout+latency+confidence_error,,confidence_weighted_fusion,move,1,0,4.066,8.561,44.926,uav_2,8.561,False,False,False,False,False,1,"[{""id"": ""obstacle_0"", ""kind"": ""static_obstacle"", ""x"": 50.0, ""y"": 50.0, ""radius"": 5.0}]"
overconfident_faulty_sensor,273,54.6,0,81.676,67.219,94.0,90.0,50.0,50.0,,,position_noise+latency+confidence_error,,confidence_weighted_fusion,move,1,0,25.901,6.375,31.054,uav_1,6.375,False,False,False,False,False,1,"[{""id"": ""obstacle_0"", ""kind"": ""static_obstacle"", ""x"": 50.0, ""y"": 50.0, ""radius"": 5.0}]"
overconfident_faulty_sensor,273,54.6,1,79.218,73.101,90.0,94.0,50.0,50.0,,,position_noise+latency+confidence_error,,confidence_weighted_fusion,move,2,0,23.516,5.491,32.247,uav_2,5.491,False,False,False,False,False,1,"[{""id"": ""obstacle_0"", ""kind"": ""static_obstacle"", ""x"": 50.0, ""y"": 50.0, ""radius"": 5.0}]"
overconfident_faulty_sensor,273,54.6,2,80.865,78.34,86.0,90.0,50.0,50.0,,,position_noise+latency+confidence_error,,confidence_weighted_fusion,false_avoidance,4,1,12.741,5.491,36.902,uav_1,5.491,False,True,False,False,False,1,"[{""id"": ""obstacle_0"", ""kind"": ""static_obstacle"", ""x"": 50.0, ""y"": 50.0, ""radius"": 5.0}]"
overconfident_faulty_sensor,273,54.6,3,88.076,82.88,90.0,86.0,50.0,50.0,,,dropout+latency+confidence_error,,confidence_weighted_fusion,move,2,0,3.666,8.521,45.307,uav_2,8.521,False,False,False,False,False,1,"[{""id"": ""obstacle_0"", ""kind"": ""static_obstacle"", ""x"": 50.0, ""y"": 50.0, ""radius"": 5.0}]"
overconfident_faulty_sensor,274,54.8,0,81.866,67.571,94.0,90.0,50.0,50.0,,,false_positive+position_noise+latency+confidence_error,,confidence_weighted_fusion,move,1,0,25.501,6.381,31.39,uav_1,6.381,False,False,False,False,False,1,"[{""id"": ""obstacle_0"", ""kind"": ""static_obstacle"", ""x"": 50.0, ""y"": 50.0, ""radius"": 5.0}]"
overconfident_faulty_sensor,274,54.8,1,79.401,73.457,90.0,94.0,50.0,50.0,,,position_noise+latency+confidence_error,,confidence_weighted_fusion,move,2,0,23.116,5.495,32.612,uav_2,5.495,False,False,False,False,False,1,"[{""id"": ""obstacle_0"", ""kind"": ""static_obstacle"", ""x"": 50.0, ""y"": 50.0, ""radius"": 5.0}]"
overconfident_faulty_sensor,274,54.8,2,81.026,78.706,86.0,90.0,50.0,50.0,,,position_noise+latency+confidence_error,,confidence_weighted_fusion,move,3,0,12.341,5.495,37.268,uav_1,5.495,False,False,False,False,False,1,"[{""id"": ""obstacle_0"", ""kind"": ""static_obstacle"", ""x"": 50.0, ""y"": 50.0, ""radius"": 5.0}]"
overconfident_faulty_sensor,274,54.8,3,88.286,83.22,90.0,86.0,50.0,50.0,,,dropout+latency+confidence_error,,confidence_weighted_fusion,move,2,0,3.266,8.549,45.689,uav_2,8.549,False,False,False,False,False,1,"[{""id"": ""obstacle_0"", ""kind"": ""static_obstacle"", ""x"": 50.0, ""y"": 50.0, ""radius"": 5.0}]"
overconfident_faulty_sensor,275,55.0,0,82.057,67.923,94.0,90.0,50.0,50.0,,,false_negative+position_noise+latency+confidence_error,,confidence_weighted_fusion,move,2,0,25.101,6.387,31.727,uav_1,6.387,False,False,False,False,False,1,"[{""id"": ""obstacle_0"", ""kind"": ""static_obstacle"", ""x"": 50.0, ""y"": 50.0, ""radius"": 5.0}]"
overconfident_faulty_sensor,275,55.0,1,79.585,73.812,90.0,94.0,50.0,50.0,,,false_negative+position_noise+latency+confidence_error,,confidence_weighted_fusion,move,2,0,22.716,5.498,32.977,uav_2,5.498,False,False,False,False,False,1,"[{""id"": ""obstacle_0"", ""kind"": ""static_obstacle"", ""x"": 50.0, ""y"": 50.0, ""radius"": 5.0}]"
overconfident_faulty_sensor,275,55.0,2,81.187,79.072,86.0,90.0,50.0,50.0,,,false_negative+position_noise+latency+confidence_error,,confidence_weighted_fusion,move,3,0,11.941,5.498,37.636,uav_1,5.498,False,False,False,False,False,1,"[{""id"": ""obstacle_0"", ""kind"": ""static_obstacle"", ""x"": 50.0, ""y"": 50.0, ""radius"": 5.0}]"
overconfident_faulty_sensor,275,55.0,3,88.496,83.561,90.0,86.0,50.0,50.0,,,dropout+latency+confidence_error,,confidence_weighted_fusion,move,0,0,2.866,8.577,46.071,uav_2,8.577,False,False,False,False,False,1,"[{""id"": ""obstacle_0"", ""kind"": ""static_obstacle"", ""x"": 50.0, ""y"": 50.0, ""radius"": 5.0}]"
overconfident_faulty_sensor,276,55.2,0,82.247,68.275,94.0,90.0,50.0,50.0,,,position_noise+latency+confidence_error,,confidence_weighted_fusion,move,2,0,24.701,6.393,32.065,uav_1,6.393,False,False,False,False,False,1,"[{""id"": ""obstacle_0"", ""kind"": ""static_obstacle"", ""x"": 50.0, ""y"": 50.0, ""radius"": 5.0}]"
overconfident_faulty_sensor,276,55.2,1,79.768,74.168,90.0,94.0,50.0,50.0,,,position_noise+latency+confidence_error,,confidence_weighted_fusion,move,3,0,22.316,5.502,33.343,uav_2,5.502,False,False,False,False,False,1,"[{""id"": ""obstacle_0"", ""kind"": ""static_obstacle"", ""x"": 50.0, ""y"": 50.0, ""radius"": 5.0}]"
overconfident_faulty_sensor,276,55.2,2,81.348,79.438,86.0,90.0,50.0,50.0,,,false_negative+position_noise+latency+confidence_error,,confidence_weighted_fusion,move,3,0,11.541,5.502,38.003,uav_1,5.502,False,False,False,False,False,1,"[{""id"": ""obstacle_0"", ""kind"": ""static_obstacle"", ""x"": 50.0, ""y"": 50.0, ""radius"": 5.0}]"
overconfident_faulty_sensor,276,55.2,3,88.706,83.901,90.0,86.0,50.0,50.0,,,dropout+latency+confidence_error,,confidence_weighted_fusion,move,0,0,2.466,8.605,46.453,uav_2,8.605,False,False,False,False,False,1,"[{""id"": ""obstacle_0"", ""kind"": ""static_obstacle"", ""x"": 50.0, ""y"": 50.0, ""radius"": 5.0}]"
overconfident_faulty_sensor,277,55.4,0,82.205,68.673,94.0,90.0,50.0,50.0,,,position_noise+latency+confidence_error,,confidence_weighted_fusion,false_avoidance,3,1,24.372,6.269,32.227,uav_1,6.269,False,True,False,False,False,1,"[{""id"": ""obstacle_0"", ""kind"": ""static_obstacle"", ""x"": 50.0, ""y"": 50.0, ""radius"": 5.0}]"
overconfident_faulty_sensor,277,55.4,1,79.952,74.523,90.0,94.0,50.0,50.0,,,position_noise+latency+confidence_error,,confidence_weighted_fusion,move,3,0,21.916,5.506,33.71,uav_2,5.506,False,False,False,False,False,1,"[{""id"": ""obstacle_0"", ""kind"": ""static_obstacle"", ""x"": 50.0, ""y"": 50.0, ""radius"": 5.0}]"
overconfident_faulty_sensor,277,55.4,2,81.51,79.804,86.0,90.0,50.0,50.0,,,false_negative+position_noise+latency+confidence_error,,confidence_weighted_fusion,move,3,0,11.141,5.506,38.372,uav_1,5.506,False,False,False,False,False,1,"[{""id"": ""obstacle_0"", ""kind"": ""static_obstacle"", ""x"": 50.0, ""y"": 50.0, ""radius"": 5.0}]"
overconfident_faulty_sensor,277,55.4,3,88.916,84.241,90.0,86.0,50.0,50.0,,,position_noise+latency+confidence_error,,confidence_weighted_fusion,move,0,0,2.066,8.634,46.835,uav_2,8.634,False,False,False,False,False,1,"[{""id"": ""obstacle_0"", ""kind"": ""static_obstacle"", ""x"": 50.0, ""y"": 50.0, ""radius"": 5.0}]"
overconfident_faulty_sensor,278,55.6,0,82.399,69.023,94.0,90.0,50.0,50.0,,,position_noise+latency+confidence_error,,confidence_weighted_fusion,move,1,0,23.972,6.278,32.57,uav_1,6.278,False,False,False,False,False,1,"[{""id"": ""obstacle_0"", ""kind"": ""static_obstacle"", ""x"": 50.0, ""y"": 50.0, ""radius"": 5.0}]"
overconfident_faulty_sensor,278,55.6,1,80.135,74.879,90.0,94.0,50.0,50.0,,,position_noise+latency+confidence_error,,confidence_weighted_fusion,move,2,0,21.516,5.51,34.078,uav_2,5.51,False,False,False,False,False,1,"[{""id"": ""obstacle_0"", ""kind"": ""static_obstacle"", ""x"": 50.0, ""y"": 50.0, ""radius"": 5.0}]"
overconfident_faulty_sensor,278,55.6,2,81.671,80.17,86.0,90.0,50.0,50.0,,,false_negative+position_noise+latency+confidence_error,,confidence_weighted_fusion,move,2,0,10.741,5.51,38.741,uav_1,5.51,False,False,False,False,False,1,"[{""id"": ""obstacle_0"", ""kind"": ""static_obstacle"", ""x"": 50.0, ""y"": 50.0, ""radius"": 5.0}]"
overconfident_faulty_sensor,278,55.6,3,89.126,84.582,90.0,86.0,50.0,50.0,,,false_positive+position_noise+latency+confidence_error,,confidence_weighted_fusion,move,0,0,1.666,8.663,47.218,uav_2,8.663,False,False,False,False,True,1,"[{""id"": ""obstacle_0"", ""kind"": ""static_obstacle"", ""x"": 50.0, ""y"": 50.0, ""radius"": 5.0}]"
overconfident_faulty_sensor,279,55.8,0,82.592,69.373,94.0,90.0,50.0,50.0,,,false_negative+position_noise+latency+confidence_error,,confidence_weighted_fusion,move,2,0,23.572,6.287,32.915,uav_1,6.287,False,False,False,False,False,1,"[{""id"": ""obstacle_0"", ""kind"": ""static_obstacle"", ""x"": 50.0, ""y"": 50.0, ""radius"": 5.0}]"
overconfident_faulty_sensor,279,55.8,1,80.318,75.234,90.0,94.0,50.0,50.0,,,false_negative+position_noise+latency+confidence_error,,confidence_weighted_fusion,move,3,0,21.116,5.514,34.446,uav_2,5.514,False,False,False,False,False,1,"[{""id"": ""obstacle_0"", ""kind"": ""static_obstacle"", ""x"": 50.0, ""y"": 50.0, ""radius"": 5.0}]"
overconfident_faulty_sensor,279,55.8,2,81.832,80.536,86.0,90.0,50.0,50.0,,,position_noise+latency+confidence_error,,confidence_weighted_fusion,move,2,0,10.341,5.514,39.11,uav_1,5.514,False,False,False,False,False,1,"[{""id"": ""obstacle_0"", ""kind"": ""static_obstacle"", ""x"": 50.0, ""y"": 50.0, ""radius"": 5.0}]"
overconfident_faulty_sensor,279,55.8,3,89.126,84.582,90.0,86.0,50.0,50.0,,,none,,confidence_weighted_fusion,at_goal,0,0,1.666,8.341,47.218,uav_2,8.341,False,False,False,False,True,1,"[{""id"": ""obstacle_0"", ""kind"": ""static_obstacle"", ""x"": 50.0, ""y"": 50.0, ""radius"": 5.0}]"
overconfident_faulty_sensor,280,56.0,0,82.786,69.723,94.0,90.0,50.0,50.0,,,false_negative+latency+confidence_error,,confidence_weighted_fusion,move,2,0,23.172,6.296,33.261,uav_1,6.296,False,False,False,False,False,1,"[{""id"": ""obstacle_0"", ""kind"": ""static_obstacle"", ""x"": 50.0, ""y"": 50.0, ""radius"": 5.0}]"
overconfident_faulty_sensor,280,56.0,1,80.502,75.59,90.0,94.0,50.0,50.0,,,false_negative+position_noise+latency+confidence_error,,confidence_weighted_fusion,move,3,0,20.716,5.518,34.814,uav_2,5.518,False,False,False,False,False,1,"[{""id"": ""obstacle_0"", ""kind"": ""static_obstacle"", ""x"": 50.0, ""y"": 50.0, ""radius"": 5.0}]"
overconfident_faulty_sensor,280,56.0,2,81.993,80.902,86.0,90.0,50.0,50.0,,,position_noise+latency+confidence_error,,confidence_weighted_fusion,move,2,0,9.941,5.518,39.48,uav_1,5.518,False,False,False,False,False,1,"[{""id"": ""obstacle_0"", ""kind"": ""static_obstacle"", ""x"": 50.0, ""y"": 50.0, ""radius"": 5.0}]"
overconfident_faulty_sensor,280,56.0,3,89.126,84.582,90.0,86.0,50.0,50.0,,,none,,confidence_weighted_fusion,at_goal,0,0,1.666,8.026,47.218,uav_2,8.026,False,False,False,False,True,1,"[{""id"": ""obstacle_0"", ""kind"": ""static_obstacle"", ""x"": 50.0, ""y"": 50.0, ""radius"": 5.0}]"
overconfident_faulty_sensor,281,56.2,0,82.979,70.073,94.0,90.0,50.0,50.0,,,position_noise+latency+confidence_error,,confidence_weighted_fusion,move,2,0,22.772,6.305,33.608,uav_1,6.305,False,False,False,False,False,1,"[{""id"": ""obstacle_0"", ""kind"": ""static_obstacle"", ""x"": 50.0, ""y"": 50.0, ""radius"": 5.0}]"
overconfident_faulty_sensor,281,56.2,1,80.685,75.945,90.0,94.0,50.0,50.0,,,false_negative+position_noise+latency+confidence_error,,confidence_weighted_fusion,move,3,0,20.316,5.522,35.184,uav_2,5.522,False,False,False,False,False,1,"[{""id"": ""obstacle_0"", ""kind"": ""static_obstacle"", ""x"": 50.0, ""y"": 50.0, ""radius"": 5.0}]"
overconfident_faulty_sensor,281,56.2,2,82.154,81.268,86.0,90.0,50.0,50.0,,,position_noise+latency+confidence_error,,confidence_weighted_fusion,move,2,0,9.541,5.522,39.851,uav_1,5.522,False,False,False,False,False,1,"[{""id"": ""obstacle_0"", ""kind"": ""static_obstacle"", ""x"": 50.0, ""y"": 50.0, ""radius"": 5.0}]"
overconfident_faulty_sensor,281,56.2,3,89.126,84.582,90.0,86.0,50.0,50.0,,,none,,confidence_weighted_fusion,at_goal,0,0,1.666,7.719,47.218,uav_2,7.719,False,False,False,False,True,1,"[{""id"": ""obstacle_0"", ""kind"": ""static_obstacle"", ""x"": 50.0, ""y"": 50.0, ""radius"": 5.0}]"
overconfident_faulty_sensor,282,56.4,0,83.173,70.423,94.0,90.0,50.0,50.0,,,position_noise+latency+confidence_error,,confidence_weighted_fusion,move,1,0,22.372,6.313,33.956,uav_1,6.313,False,False,False,False,False,1,"[{""id"": ""obstacle_0"", ""kind"": ""static_obstacle"", ""x"": 50.0, ""y"": 50.0, ""radius"": 5.0}]"
overconfident_faulty_sensor,282,56.4,1,80.869,76.3,90.0,94.0,50.0,50.0,,,false_negative+position_noise+latency+confidence_error,,confidence_weighted_fusion,move,2,0,19.916,5.527,35.553,uav_2,5.527,False,False,False,False,False,1,"[{""id"": ""obstacle_0"", ""kind"": ""static_obstacle"", ""x"": 50.0, ""y"": 50.0, ""radius"": 5.0}]"
overconfident_faulty_sensor,282,56.4,2,82.316,81.634,86.0,90.0,50.0,50.0,,,false_negative+position_noise+latency+confidence_error,,confidence_weighted_fusion,move,3,0,9.141,5.527,40.222,uav_1,5.527,False,False,False,False,False,1,"[{""id"": ""obstacle_0"", ""kind"": ""static_obstacle"", ""x"": 50.0, ""y"": 50.0, ""radius"": 5.0}]"
overconfident_faulty_sensor,282,56.4,3,89.126,84.582,90.0,86.0,50.0,50.0,,,none,,confidence_weighted_fusion,at_goal,0,0,1.666,7.42,47.218,uav_2,7.42,False,False,False,False,True,1,"[{""id"": ""obstacle_0"", ""kind"": ""static_obstacle"", ""x"": 50.0, ""y"": 50.0, ""radius"": 5.0}]"
overconfident_faulty_sensor,283,56.6,0,83.367,70.773,94.0,90.0,50.0,50.0,,,position_noise+latency+confidence_error,,confidence_weighted_fusion,move,0,0,21.972,6.322,34.304,uav_1,6.322,False,False,False,False,False,1,"[{""id"": ""obstacle_0"", ""kind"": ""static_obstacle"", ""x"": 50.0, ""y"": 50.0, ""radius"": 5.0}]"
overconfident_faulty_sensor,283,56.6,1,81.052,76.656,90.0,94.0,50.0,50.0,,,position_noise+latency+confidence_error,,confidence_weighted_fusion,move,2,0,19.516,5.531,35.924,uav_2,5.531,False,False,False,False,False,1,"[{""id"": ""obstacle_0"", ""kind"": ""static_obstacle"", ""x"": 50.0, ""y"": 50.0, ""radius"": 5.0}]"
overconfident_faulty_sensor,283,56.6,2,82.477,82.0,86.0,90.0,50.0,50.0,,,false_negative+position_noise+latency+confidence_error,,confidence_weighted_fusion,move,3,0,8.741,5.531,40.593,uav_1,5.531,False,False,False,False,False,1,"[{""id"": ""obstacle_0"", ""kind"": ""static_obstacle"", ""x"": 50.0, ""y"": 50.0, ""radius"": 5.0}]"
overconfident_faulty_sensor,283,56.6,3,89.126,84.582,90.0,86.0,50.0,50.0,,,none,,confidence_weighted_fusion,at_goal,0,0,1.666,7.132,47.218,uav_2,7.132,False,False,False,False,True,1,"[{""id"": ""obstacle_0"", ""kind"": ""static_obstacle"", ""x"": 50.0, ""y"": 50.0, ""radius"": 5.0}]"
overconfident_faulty_sensor,284,56.8,0,83.56,71.123,94.0,90.0,50.0,50.0,,,position_noise+latency+confidence_error,,confidence_weighted_fusion,move,2,0,21.572,6.331,34.654,uav_1,6.331,False,False,False,False,False,1,"[{""id"": ""obstacle_0"", ""kind"": ""static_obstacle"", ""x"": 50.0, ""y"": 50.0, ""radius"": 5.0}]"
overconfident_faulty_sensor,284,56.8,1,81.235,77.011,90.0,94.0,50.0,50.0,,,false_negative+position_noise+latency+confidence_error,,confidence_weighted_fusion,move,2,0,19.116,5.536,36.295,uav_2,5.536,False,False,False,False,False,1,"[{""id"": ""obstacle_0"", ""kind"": ""static_obstacle"", ""x"": 50.0, ""y"": 50.0, ""radius"": 5.0}]"
overconfident_faulty_sensor,284,56.8,2,82.638,82.366,86.0,90.0,50.0,50.0,,,false_negative+position_noise+latency+confidence_error,,confidence_weighted_fusion,move,3,0,8.341,5.536,40.965,uav_1,5.536,False,False,False,False,False,1,"[{""id"": ""obstacle_0"", ""kind"": ""static_obstacle"", ""x"": 50.0, ""y"": 50.0, ""radius"": 5.0}]"
overconfident_faulty_sensor,284,56.8,3,89.126,84.582,90.0,86.0,50.0,50.0,,,none,,confidence_weighted_fusion,at_goal,0,0,1.666,6.855,47.218,uav_2,6.855,False,False,False,False,True,1,"[{""id"": ""obstacle_0"", ""kind"": ""static_obstacle"", ""x"": 50.0, ""y"": 50.0, ""radius"": 5.0}]"
overconfident_faulty_sensor,285,57.0,0,83.754,71.473,94.0,90.0,50.0,50.0,,,position_noise+latency+confidence_error,,confidence_weighted_fusion,move,2,0,21.172,6.34,35.005,uav_1,6.34,False,False,False,False,False,1,"[{""id"": ""obstacle_0"", ""kind"": ""static_obstacle"", ""x"": 50.0, ""y"": 50.0, ""radius"": 5.0}]"
overconfident_faulty_sensor,285,57.0,1,81.419,77.367,90.0,94.0,50.0,50.0,,,position_noise+latency+confidence_error,,confidence_weighted_fusion,move,2,0,18.716,5.54,36.666,uav_2,5.54,False,False,False,False,False,1,"[{""id"": ""obstacle_0"", ""kind"": ""static_obstacle"", ""x"": 50.0, ""y"": 50.0, ""radius"": 5.0}]"
overconfident_faulty_sensor,285,57.0,2,82.799,82.732,86.0,90.0,50.0,50.0,,,false_negative+position_noise+latency+confidence_error,,confidence_weighted_fusion,move,2,0,7.941,5.54,41.338,uav_1,5.54,False,False,False,False,False,1,"[{""id"": ""obstacle_0"", ""kind"": ""static_obstacle"", ""x"": 50.0, ""y"": 50.0, ""radius"": 5.0}]"
overconfident_faulty_sensor,285,57.0,3,89.126,84.582,90.0,86.0,50.0,50.0,,,none,,confidence_weighted_fusion,at_goal,0,0,1.666,6.591,47.218,uav_2,6.591,False,False,False,False,True,1,"[{""id"": ""obstacle_0"", ""kind"": ""static_obstacle"", ""x"": 50.0, ""y"": 50.0, ""radius"": 5.0}]"
overconfident_faulty_sensor,286,57.2,0,83.947,71.823,94.0,90.0,50.0,50.0,,,position_noise+latency+confidence_error,,confidence_weighted_fusion,move,2,0,20.772,6.349,35.357,uav_1,6.349,False,False,False,False,False,1,"[{""id"": ""obstacle_0"", ""kind"": ""static_obstacle"", ""x"": 50.0, ""y"": 50.0, ""radius"": 5.0}]"
overconfident_faulty_sensor,286,57.2,1,81.602,77.722,90.0,94.0,50.0,50.0,,,false_positive+position_noise+latency+confidence_error,,confidence_weighted_fusion,move,3,0,18.316,5.545,37.038,uav_2,5.545,False,False,False,False,False,1,"[{""id"": ""obstacle_0"", ""kind"": ""static_obstacle"", ""x"": 50.0, ""y"": 50.0, ""radius"": 5.0}]"
overconfident_faulty_sensor,286,57.2,2,82.961,83.098,86.0,90.0,50.0,50.0,,,false_negative+position_noise+latency+confidence_error,,confidence_weighted_fusion,move,2,0,7.541,5.545,41.711,uav_1,5.545,False,False,False,False,False,1,"[{""id"": ""obstacle_0"", ""kind"": ""static_obstacle"", ""x"": 50.0, ""y"": 50.0, ""radius"": 5.0}]"
overconfident_faulty_sensor,286,57.2,3,89.126,84.582,90.0,86.0,50.0,50.0,,,none,,confidence_weighted_fusion,at_goal,0,0,1.666,6.341,47.218,uav_2,6.341,False,False,False,False,True,1,"[{""id"": ""obstacle_0"", ""kind"": ""static_obstacle"", ""x"": 50.0, ""y"": 50.0, ""radius"": 5.0}]"
overconfident_faulty_sensor,287,57.4,0,84.141,72.173,94.0,90.0,50.0,50.0,,,position_noise+latency+confidence_error,,confidence_weighted_fusion,move,3,0,20.372,6.357,35.709,uav_1,6.357,False,False,False,False,False,1,"[{""id"": ""obstacle_0"", ""kind"": ""static_obstacle"", ""x"": 50.0, ""y"": 50.0, ""radius"": 5.0}]"
overconfident_faulty_sensor,287,57.4,1,81.786,78.078,90.0,94.0,50.0,50.0,,,false_negative+position_noise+latency+confidence_error,,confidence_weighted_fusion,move,2,0,17.916,5.55,37.411,uav_2,5.55,False,False,False,False,False,1,"[{""id"": ""obstacle_0"", ""kind"": ""static_obstacle"", ""x"": 50.0, ""y"": 50.0, ""radius"": 5.0}]"
overconfident_faulty_sensor,287,57.4,2,83.122,83.465,86.0,90.0,50.0,50.0,,,false_negative+position_noise+latency+confidence_error,,confidence_weighted_fusion,move,2,0,7.141,5.55,42.084,uav_1,5.55,False,False,False,False,False,1,"[{""id"": ""obstacle_0"", ""kind"": ""static_obstacle"", ""x"": 50.0, ""y"": 50.0, ""radius"": 5.0}]"
overconfident_faulty_sensor,287,57.4,3,89.126,84.582,90.0,86.0,50.0,50.0,,,none,,confidence_weighted_fusion,at_goal,0,0,1.666,6.107,47.218,uav_2,6.107,False,False,False,False,True,1,"[{""id"": ""obstacle_0"", ""kind"": ""static_obstacle"", ""x"": 50.0, ""y"": 50.0, ""radius"": 5.0}]"
overconfident_faulty_sensor,288,57.6,0,84.334,72.523,94.0,90.0,50.0,50.0,,,false_negative+position_noise+latency+confidence_error,,confidence_weighted_fusion,move,3,0,19.972,6.366,36.063,uav_1,6.366,False,False,False,False,False,1,"[{""id"": ""obstacle_0"", ""kind"": ""static_obstacle"", ""x"": 50.0, ""y"": 50.0, ""radius"": 5.0}]"
overconfident_faulty_sensor,288,57.6,1,81.969,78.433,90.0,94.0,50.0,50.0,,,position_noise+latency+confidence_error,,confidence_weighted_fusion,move,3,0,17.516,5.555,37.784,uav_2,5.555,False,False,False,False,False,1,"[{""id"": ""obstacle_0"", ""kind"": ""static_obstacle"", ""x"": 50.0, ""y"": 50.0, ""radius"": 5.0}]"
overconfident_faulty_sensor,288,57.6,2,83.283,83.831,86.0,90.0,50.0,50.0,,,position_noise+latency+confidence_error,,confidence_weighted_fusion,move,2,0,6.741,5.555,42.458,uav_1,5.555,False,False,False,False,False,1,"[{""id"": ""obstacle_0"", ""kind"": ""static_obstacle"", ""x"": 50.0, ""y"": 50.0, ""radius"": 5.0}]"
overconfident_faulty_sensor,288,57.6,3,89.126,84.582,90.0,86.0,50.0,50.0,,,none,,confidence_weighted_fusion,at_goal,0,0,1.666,5.891,47.218,uav_2,5.891,False,False,False,False,True,1,"[{""id"": ""obstacle_0"", ""kind"": ""static_obstacle"", ""x"": 50.0, ""y"": 50.0, ""radius"": 5.0}]"
overconfident_faulty_sensor,289,57.8,0,84.528,72.873,94.0,90.0,50.0,50.0,,,position_noise+latency+confidence_error,,confidence_weighted_fusion,move,3,0,19.572,6.519,36.417,uav_1,6.519,False,False,False,False,False,1,"[{""id"": ""obstacle_0"", ""kind"": ""static_obstacle"", ""x"": 50.0, ""y"": 50.0, ""radius"": 5.0}]"
overconfident_faulty_sensor,289,57.8,1,81.838,78.811,90.0,94.0,50.0,50.0,,,position_noise+latency+confidence_error,,confidence_weighted_fusion,false_avoidance,4,1,17.243,5.62,37.939,uav_2,5.62,False,True,False,False,False,1,"[{""id"": ""obstacle_0"", ""kind"": ""static_obstacle"", ""x"": 50.0, ""y"": 50.0, ""radius"": 5.0}]"
overconfident_faulty_sensor,289,57.8,2,83.444,84.197,86.0,90.0,50.0,50.0,,,position_noise+latency+confidence_error,,confidence_weighted_fusion,move,2,0,6.341,5.62,42.832,uav_1,5.62,False,False,False,False,False,1,"[{""id"": ""obstacle_0"", ""kind"": ""static_obstacle"", ""x"": 50.0, ""y"": 50.0, ""radius"": 5.0}]"
overconfident_faulty_sensor,289,57.8,3,89.126,84.582,90.0,86.0,50.0,50.0,,,none,,confidence_weighted_fusion,at_goal,0,0,1.666,5.694,47.218,uav_2,5.694,False,False,False,False,True,1,"[{""id"": ""obstacle_0"", ""kind"": ""static_obstacle"", ""x"": 50.0, ""y"": 50.0, ""radius"": 5.0}]"
overconfident_faulty_sensor,290,58.0,0,84.722,73.223,94.0,90.0,50.0,50.0,,,position_noise+latency+confidence_error,,confidence_weighted_fusion,move,3,0,19.172,6.523,36.772,uav_1,6.523,False,False,False,False,False,1,"[{""id"": ""obstacle_0"", ""kind"": ""static_obstacle"", ""x"": 50.0, ""y"": 50.0, ""radius"": 5.0}]"
overconfident_faulty_sensor,290,58.0,1,82.027,79.164,90.0,94.0,50.0,50.0,,,position_noise+latency+confidence_error,,confidence_weighted_fusion,move,2,0,16.843,5.625,38.316,uav_2,5.625,False,False,False,False,False,1,"[{""id"": ""obstacle_0"", ""kind"": ""static_obstacle"", ""x"": 50.0, ""y"": 50.0, ""radius"": 5.0}]"
overconfident_faulty_sensor,290,58.0,2,83.605,84.563,86.0,90.0,50.0,50.0,,,false_positive+position_noise+latency+confidence_error,,confidence_weighted_fusion,move,2,0,5.941,5.52,43.207,uav_3,5.52,False,False,False,False,False,1,"[{""id"": ""obstacle_0"", ""kind"": ""static_obstacle"", ""x"": 50.0, ""y"": 50.0, ""radius"": 5.0}]"
overconfident_faulty_sensor,290,58.0,3,89.126,84.582,90.0,86.0,50.0,50.0,,,none,,confidence_weighted_fusion,at_goal,0,0,1.666,5.52,47.218,uav_2,5.52,False,False,False,False,True,1,"[{""id"": ""obstacle_0"", ""kind"": ""static_obstacle"", ""x"": 50.0, ""y"": 50.0, ""radius"": 5.0}]"
overconfident_faulty_sensor,291,58.2,0,84.915,73.573,94.0,90.0,50.0,50.0,,,position_noise+latency+confidence_error,,confidence_weighted_fusion,move,2,0,18.772,6.527,37.128,uav_1,6.527,False,False,False,False,False,1,"[{""id"": ""obstacle_0"", ""kind"": ""static_obstacle"", ""x"": 50.0, ""y"": 50.0, ""radius"": 5.0}]"
overconfident_faulty_sensor,291,58.2,1,82.217,79.516,90.0,94.0,50.0,50.0,,,position_noise+latency+confidence_error,,confidence_weighted_fusion,move,3,0,16.443,5.63,38.693,uav_2,5.63,False,False,False,False,False,1,"[{""id"": ""obstacle_0"", ""kind"": ""static_obstacle"", ""x"": 50.0, ""y"": 50.0, ""radius"": 5.0}]"
overconfident_faulty_sensor,291,58.2,2,83.767,84.929,86.0,90.0,50.0,50.0,,,position_noise+latency+confidence_error,,confidence_weighted_fusion,move,3,0,5.541,5.37,43.582,uav_3,5.37,False,False,False,False,False,1,"[{""id"": ""obstacle_0"", ""kind"": ""static_obstacle"", ""x"": 50.0, ""y"": 50.0, ""radius"": 5.0}]"
overconfident_faulty_sensor,291,58.2,3,89.126,84.582,90.0,86.0,50.0,50.0,,,none,,confidence_weighted_fusion,at_goal,0,0,1.666,5.37,47.218,uav_2,5.37,False,False,False,False,True,1,"[{""id"": ""obstacle_0"", ""kind"": ""static_obstacle"", ""x"": 50.0, ""y"": 50.0, ""radius"": 5.0}]"
overconfident_faulty_sensor,292,58.4,0,85.109,73.923,94.0,90.0,50.0,50.0,,,dropout+latency+confidence_error,,confidence_weighted_fusion,move,3,0,18.372,6.531,37.485,uav_1,6.531,False,False,False,False,False,1,"[{""id"": ""obstacle_0"", ""kind"": ""static_obstacle"", ""x"": 50.0, ""y"": 50.0, ""radius"": 5.0}]"
overconfident_faulty_sensor,292,58.4,1,82.406,79.868,90.0,94.0,50.0,50.0,,,position_noise+latency+confidence_error,,confidence_weighted_fusion,move,3,0,16.043,5.636,39.071,uav_2,5.636,False,False,False,False,False,1,"[{""id"": ""obstacle_0"", ""kind"": ""static_obstacle"", ""x"": 50.0, ""y"": 50.0, ""radius"": 5.0}]"
overconfident_faulty_sensor,292,58.4,2,83.928,85.295,86.0,90.0,50.0,50.0,,,false_positive+false_negative+position_noise+latency+confidence_error,,confidence_weighted_fusion,move,3,0,5.141,5.246,43.957,uav_3,5.246,False,False,False,False,False,1,"[{""id"": ""obstacle_0"", ""kind"": ""static_obstacle"", ""x"": 50.0, ""y"": 50.0, ""radius"": 5.0}]"
overconfident_faulty_sensor,292,58.4,3,89.126,84.582,90.0,86.0,50.0,50.0,,,none,,confidence_weighted_fusion,at_goal,0,0,1.666,5.246,47.218,uav_2,5.246,False,False,False,False,True,1,"[{""id"": ""obstacle_0"", ""kind"": ""static_obstacle"", ""x"": 50.0, ""y"": 50.0, ""radius"": 5.0}]"
overconfident_faulty_sensor,293,58.6,0,85.302,74.273,94.0,90.0,50.0,50.0,,,dropout+latency+confidence_error,,confidence_weighted_fusion,move,3,0,17.972,6.535,37.842,uav_1,6.535,False,False,False,False,False,1,"[{""id"": ""obstacle_0"", ""kind"": ""static_obstacle"", ""x"": 50.0, ""y"": 50.0, ""radius"": 5.0}]"
overconfident_faulty_sensor,293,58.6,1,82.595,80.221,90.0,94.0,50.0,50.0,,,position_noise+latency+confidence_error,,confidence_weighted_fusion,move,3,0,15.643,5.107,39.449,uav_2,5.107,False,False,False,False,False,1,"[{""id"": ""obstacle_0"", ""kind"": ""static_obstacle"", ""x"": 50.0, ""y"": 50.0, ""radius"": 5.0}]"
overconfident_faulty_sensor,293,58.6,2,83.531,85.241,86.0,90.0,50.0,50.0,,,false_negative+position_noise+latency+confidence_error,,confidence_weighted_fusion,false_avoidance,4,1,5.361,5.107,43.645,uav_1,5.107,False,True,False,False,False,1,"[{""id"": ""obstacle_0"", ""kind"": ""static_obstacle"", ""x"": 50.0, ""y"": 50.0, ""radius"": 5.0}]"
overconfident_faulty_sensor,293,58.6,3,89.126,84.582,90.0,86.0,50.0,50.0,,,none,,confidence_weighted_fusion,at_goal,0,0,1.666,5.633,47.218,uav_2,5.633,False,False,False,False,True,1,"[{""id"": ""obstacle_0"", ""kind"": ""static_obstacle"", ""x"": 50.0, ""y"": 50.0, ""radius"": 5.0}]"
overconfident_faulty_sensor,294,58.8,0,85.496,74.623,94.0,90.0,50.0,50.0,,,dropout+latency+confidence_error,,confidence_weighted_fusion,move,3,0,17.572,6.698,38.2,uav_1,6.698,False,False,False,False,False,1,"[{""id"": ""obstacle_0"", ""kind"": ""static_obstacle"", ""x"": 50.0, ""y"": 50.0, ""radius"": 5.0}]"
overconfident_faulty_sensor,294,58.8,1,82.478,80.603,90.0,94.0,50.0,50.0,,,false_negative+position_noise+latency+confidence_error,,confidence_weighted_fusion,avoidance,3,0,15.365,5.144,39.624,uav_2,5.144,False,False,False,False,False,1,"[{""id"": ""obstacle_0"", ""kind"": ""static_obstacle"", ""x"": 50.0, ""y"": 50.0, ""radius"": 5.0}]"
overconfident_faulty_sensor,294,58.8,2,83.716,85.596,86.0,90.0,50.0,50.0,,,false_positive+false_negative+position_noise+latency+confidence_error,,confidence_weighted_fusion,move,3,0,4.961,5.144,44.029,uav_1,5.144,False,False,False,False,False,1,"[{""id"": ""obstacle_0"", ""kind"": ""static_obstacle"", ""x"": 50.0, ""y"": 50.0, ""radius"": 5.0}]"
overconfident_faulty_sensor,294,58.8,3,89.126,84.582,90.0,86.0,50.0,50.0,,,none,,confidence_weighted_fusion,at_goal,0,0,1.666,5.504,47.218,uav_2,5.504,False,False,False,False,True,1,"[{""id"": ""obstacle_0"", ""kind"": ""static_obstacle"", ""x"": 50.0, ""y"": 50.0, ""radius"": 5.0}]"
overconfident_faulty_sensor,295,59.0,0,85.69,74.973,94.0,90.0,50.0,50.0,,,dropout+latency+confidence_error,,confidence_weighted_fusion,move,0,0,17.172,6.696,38.559,uav_1,6.696,False,False,False,False,False,1,"[{""id"": ""obstacle_0"", ""kind"": ""static_obstacle"", ""x"": 50.0, ""y"": 50.0, ""radius"": 5.0}]"
overconfident_faulty_sensor,295,59.0,1,82.673,80.952,90.0,94.0,50.0,50.0,,,position_noise+latency+confidence_error,,confidence_weighted_fusion,move,3,0,14.965,4.928,40.006,uav_2,4.928,False,False,False,False,False,1,"[{""id"": ""obstacle_0"", ""kind"": ""static_obstacle"", ""x"": 50.0, ""y"": 50.0, ""radius"": 5.0}]"
overconfident_faulty_sensor,295,59.0,2,83.389,85.827,86.0,90.0,50.0,50.0,,,position_noise+latency+confidence_error,,confidence_weighted_fusion,false_avoidance,3,1,4.922,4.928,43.974,uav_1,4.928,False,True,False,False,False,1,"[{""id"": ""obstacle_0"", ""kind"": ""static_obstacle"", ""x"": 50.0, ""y"": 50.0, ""radius"": 5.0}]"
overconfident_faulty_sensor,295,59.0,3,89.126,84.582,90.0,86.0,50.0,50.0,,,none,,confidence_weighted_fusion,at_goal,0,0,1.666,5.87,47.218,uav_2,5.87,False,False,False,False,True,1,"[{""id"": ""obstacle_0"", ""kind"": ""static_obstacle"", ""x"": 50.0, ""y"": 50.0, ""radius"": 5.0}]"
overconfident_faulty_sensor,296,59.2,0,85.883,75.323,94.0,90.0,50.0,50.0,,,dropout+latency+confidence_error,,confidence_weighted_fusion,move,0,0,16.772,6.694,38.919,uav_1,6.694,False,False,False,False,False,1,"[{""id"": ""obstacle_0"", ""kind"": ""static_obstacle"", ""x"": 50.0, ""y"": 50.0, ""radius"": 5.0}]"
overconfident_faulty_sensor,296,59.2,1,82.869,81.301,90.0,94.0,50.0,50.0,,,position_noise+latency+confidence_error,,confidence_weighted_fusion,move,3,0,14.565,4.931,40.388,uav_2,4.931,False,False,False,False,False,1,"[{""id"": ""obstacle_0"", ""kind"": ""static_obstacle"", ""x"": 50.0, ""y"": 50.0, ""radius"": 5.0}]"
overconfident_faulty_sensor,296,59.2,2,83.288,86.214,86.0,90.0,50.0,50.0,,,position_noise+latency+confidence_error,,confidence_weighted_fusion,avoidance,2,0,4.657,4.931,44.189,uav_1,4.931,False,False,False,False,False,1,"[{""id"": ""obstacle_0"", ""kind"": ""static_obstacle"", ""x"": 50.0, ""y"": 50.0, ""radius"": 5.0}]"
overconfident_faulty_sensor,296,59.2,3,89.126,84.582,90.0,86.0,50.0,50.0,,,none,,confidence_weighted_fusion,at_goal,0,0,1.666,6.062,47.218,uav_2,6.062,False,False,False,False,True,1,"[{""id"": ""obstacle_0"", ""kind"": ""static_obstacle"", ""x"": 50.0, ""y"": 50.0, ""radius"": 5.0}]"
overconfident_faulty_sensor,297,59.4,0,86.077,75.673,94.0,90.0,50.0,50.0,,,position_noise+latency+confidence_error,,confidence_weighted_fusion,move,0,0,16.372,6.692,39.279,uav_1,6.692,False,False,False,False,False,1,"[{""id"": ""obstacle_0"", ""kind"": ""static_obstacle"", ""x"": 50.0, ""y"": 50.0, ""radius"": 5.0}]"
overconfident_faulty_sensor,297,59.4,1,83.065,81.649,90.0,94.0,50.0,50.0,,,position_noise+latency+confidence_error,,confidence_weighted_fusion,move,2,0,14.165,4.961,40.771,uav_2,4.961,False,False,False,False,False,1,"[{""id"": ""obstacle_0"", ""kind"": ""static_obstacle"", ""x"": 50.0, ""y"": 50.0, ""radius"": 5.0}]"
overconfident_faulty_sensor,297,59.4,2,83.219,86.608,86.0,90.0,50.0,50.0,,,false_negative+position_noise+latency+confidence_error,,confidence_weighted_fusion,false_avoidance,3,1,4.386,4.961,44.433,uav_1,4.961,False,True,False,False,False,1,"[{""id"": ""obstacle_0"", ""kind"": ""static_obstacle"", ""x"": 50.0, ""y"": 50.0, ""radius"": 5.0}]"
overconfident_faulty_sensor,297,59.4,3,89.126,84.582,90.0,86.0,50.0,50.0,,,none,,confidence_weighted_fusion,at_goal,0,0,1.666,6.245,47.218,uav_2,6.245,False,False,False,False,True,1,"[{""id"": ""obstacle_0"", ""kind"": ""static_obstacle"", ""x"": 50.0, ""y"": 50.0, ""radius"": 5.0}]"
overconfident_faulty_sensor,298,59.6,0,86.27,76.023,94.0,90.0,50.0,50.0,,,false_negative+position_noise+latency+confidence_error,,confidence_weighted_fusion,move,0,0,15.972,6.69,39.64,uav_1,6.69,False,False,False,False,False,1,"[{""id"": ""obstacle_0"", ""kind"": ""static_obstacle"", ""x"": 50.0, ""y"": 50.0, ""radius"": 5.0}]"
overconfident_faulty_sensor,298,59.6,1,83.261,81.998,90.0,94.0,50.0,50.0,,,false_negative+position_noise+latency+confidence_error,,confidence_weighted_fusion,move,3,0,13.765,4.924,41.154,uav_2,4.924,False,False,False,False,False,1,"[{""id"": ""obstacle_0"", ""kind"": ""static_obstacle"", ""x"": 50.0, ""y"": 50.0, ""radius"": 5.0}]"
overconfident_faulty_sensor,298,59.6,2,83.472,86.917,86.0,90.0,50.0,50.0,,,position_noise+latency+confidence_error,,confidence_weighted_fusion,move,3,0,3.986,4.924,44.833,uav_1,4.924,False,False,False,False,False,1,"[{""id"": ""obstacle_0"", ""kind"": ""static_obstacle"", ""x"": 50.0, ""y"": 50.0, ""radius"": 5.0}]"
overconfident_faulty_sensor,298,59.6,3,89.126,84.582,90.0,86.0,50.0,50.0,,,none,,confidence_weighted_fusion,at_goal,0,0,1.666,6.117,47.218,uav_2,6.117,False,False,False,False,True,1,"[{""id"": ""obstacle_0"", ""kind"": ""static_obstacle"", ""x"": 50.0, ""y"": 50.0, ""radius"": 5.0}]"
overconfident_faulty_sensor,299,59.8,0,86.464,76.373,94.0,90.0,50.0,50.0,,,false_negative+position_noise+latency+confidence_error,,confidence_weighted_fusion,move,0,0,15.572,6.688,40.002,uav_1,6.688,False,False,False,False,False,1,"[{""id"": ""obstacle_0"", ""kind"": ""static_obstacle"", ""x"": 50.0, ""y"": 50.0, ""radius"": 5.0}]"
overconfident_faulty_sensor,299,59.8,1,83.457,82.347,90.0,94.0,50.0,50.0,,,position_noise+latency+confidence_error,,confidence_weighted_fusion,move,3,0,13.365,4.887,41.537,uav_2,4.887,False,False,False,False,False,1,"[{""id"": ""obstacle_0"", ""kind"": ""static_obstacle"", ""x"": 50.0, ""y"": 50.0, ""radius"": 5.0}]"
overconfident_faulty_sensor,299,59.8,2,83.726,87.227,86.0,90.0,50.0,50.0,,,position_noise+latency+confidence_error,,confidence_weighted_fusion,move,3,0,3.586,4.887,45.232,uav_1,4.887,False,False,False,False,False,1,"[{""id"": ""obstacle_0"", ""kind"": ""static_obstacle"", ""x"": 50.0, ""y"": 50.0, ""radius"": 5.0}]"
overconfident_faulty_sensor,299,59.8,3,89.126,84.582,90.0,86.0,50.0,50.0,,,none,,confidence_weighted_fusion,at_goal,0,0,1.666,6.012,47.218,uav_2,6.012,False,False,False,False,True,1,"[{""id"": ""obstacle_0"", ""kind"": ""static_obstacle"", ""x"": 50.0, ""y"": 50.0, ""radius"": 5.0}]"
overconfident_faulty_sensor,300,60.0,0,86.657,76.723,94.0,90.0,50.0,50.0,,,false_negative+position_noise+latency+confidence_error,,confidence_weighted_fusion,move,3,0,15.172,6.686,40.364,uav_1,6.686,False,False,False,False,False,1,"[{""id"": ""obstacle_0"", ""kind"": ""static_obstacle"", ""x"": 50.0, ""y"": 50.0, ""radius"": 5.0}]"
overconfident_faulty_sensor,300,60.0,1,83.653,82.696,90.0,94.0,50.0,50.0,,,position_noise+latency+confidence_error,,confidence_weighted_fusion,move,3,0,12.965,4.852,41.92,uav_2,4.852,False,False,False,False,False,1,"[{""id"": ""obstacle_0"", ""kind"": ""static_obstacle"", ""x"": 50.0, ""y"": 50.0, ""radius"": 5.0}]"
overconfident_faulty_sensor,300,60.0,2,83.98,87.536,86.0,90.0,50.0,50.0,,,false_positive+false_negative+position_noise+latency+confidence_error,,confidence_weighted_fusion,move,2,0,3.186,4.852,45.632,uav_1,4.852,False,False,False,False,False,1,"[{""id"": ""obstacle_0"", ""kind"": ""static_obstacle"", ""x"": 50.0, ""y"": 50.0, ""radius"": 5.0}]"
overconfident_faulty_sensor,300,60.0,3,89.126,84.582,90.0,86.0,50.0,50.0,,,none,,confidence_weighted_fusion,at_goal,0,0,1.666,5.789,47.218,uav_1,5.789,False,False,False,False,True,1,"[{""id"": ""obstacle_0"", ""kind"": ""static_obstacle"", ""x"": 50.0, ""y"": 50.0, ""radius"": 5.0}]"
overconfident_faulty_sensor,301,60.2,0,86.851,77.073,94.0,90.0,50.0,50.0,,,false_negative+position_noise+latency+confidence_error,,confidence_weighted_fusion,move,2,0,14.772,6.683,40.727,uav_1,6.683,False,False,False,False,False,1,"[{""id"": ""obstacle_0"", ""kind"": ""static_obstacle"", ""x"": 50.0, ""y"": 50.0, ""radius"": 5.0}]"
overconfident_faulty_sensor,301,60.2,1,83.848,83.044,90.0,94.0,50.0,50.0,,,position_noise+latency+confidence_error,,confidence_weighted_fusion,move,1,0,12.565,4.816,42.304,uav_2,4.816,False,False,False,False,False,1,"[{""id"": ""obstacle_0"", ""kind"": ""static_obstacle"", ""x"": 50.0, ""y"": 50.0, ""radius"": 5.0}]"
overconfident_faulty_sensor,301,60.2,2,84.233,87.845,86.0,90.0,50.0,50.0,,,false_positive+false_negative+position_noise+latency+confidence_error,,confidence_weighted_fusion,move,3,0,2.786,4.816,46.031,uav_1,4.816,False,False,False,False,False,1,"[{""id"": ""obstacle_0"", ""kind"": ""static_obstacle"", ""x"": 50.0, ""y"": 50.0, ""radius"": 5.0}]"
overconfident_faulty_sensor,301,60.2,3,89.126,84.582,90.0,86.0,50.0,50.0,,,none,,confidence_weighted_fusion,at_goal,0,0,1.666,5.497,47.218,uav_1,5.497,False,False,False,False,True,1,"[{""id"": ""obstacle_0"", ""kind"": ""static_obstacle"", ""x"": 50.0, ""y"": 50.0, ""radius"": 5.0}]"
overconfident_faulty_sensor,302,60.4,0,87.045,77.423,94.0,90.0,50.0,50.0,,,position_noise+latency+confidence_error,,confidence_weighted_fusion,move,2,0,14.372,6.681,41.091,uav_1,6.681,False,False,False,False,False,1,"[{""id"": ""obstacle_0"", ""kind"": ""static_obstacle"", ""x"": 50.0, ""y"": 50.0, ""radius"": 5.0}]"
overconfident_faulty_sensor,302,60.4,1,84.044,83.393,90.0,94.0,50.0,50.0,,,false_positive+false_negative+position_noise+latency+confidence_error,,confidence_weighted_fusion,move,3,0,12.165,4.782,42.688,uav_2,4.782,False,False,False,False,False,1,"[{""id"": ""obstacle_0"", ""kind"": ""static_obstacle"", ""x"": 50.0, ""y"": 50.0, ""radius"": 5.0}]"
overconfident_faulty_sensor,302,60.4,2,84.487,88.155,86.0,90.0,50.0,50.0,,,position_noise+latency+confidence_error,,confidence_weighted_fusion,move,3,0,2.386,4.782,46.431,uav_1,4.782,False,False,False,False,False,1,"[{""id"": ""obstacle_0"", ""kind"": ""static_obstacle"", ""x"": 50.0, ""y"": 50.0, ""radius"": 5.0}]"
overconfident_faulty_sensor,302,60.4,3,89.126,84.582,90.0,86.0,50.0,50.0,,,none,,confidence_weighted_fusion,at_goal,0,0,1.666,5.218,47.218,uav_1,5.218,False,False,False,False,True,1,"[{""id"": ""obstacle_0"", ""kind"": ""static_obstacle"", ""x"": 50.0, ""y"": 50.0, ""radius"": 5.0}]"
overconfident_faulty_sensor,303,60.6,0,87.238,77.774,94.0,90.0,50.0,50.0,,,position_noise+latency+confidence_error,,confidence_weighted_fusion,move,2,0,13.972,6.679,41.455,uav_1,6.679,False,False,False,False,False,1,"[{""id"": ""obstacle_0"", ""kind"": ""static_obstacle"", ""x"": 50.0, ""y"": 50.0, ""radius"": 5.0}]"
overconfident_faulty_sensor,303,60.6,1,84.24,83.742,90.0,94.0,50.0,50.0,,,false_negative+position_noise+latency+confidence_error,,confidence_weighted_fusion,move,3,0,11.765,4.614,43.072,uav_2,4.614,False,False,False,False,False,1,"[{""id"": ""obstacle_0"", ""kind"": ""static_obstacle"", ""x"": 50.0, ""y"": 50.0, ""radius"": 5.0}]"
overconfident_faulty_sensor,303,60.6,2,84.854,88.315,86.0,90.0,50.0,50.0,,,false_negative+position_noise+latency+confidence_error,,confidence_weighted_fusion,false_avoidance,3,1,2.038,4.614,46.796,uav_1,4.614,False,True,False,False,False,1,"[{""id"": ""obstacle_0"", ""kind"": ""static_obstacle"", ""x"": 50.0, ""y"": 50.0, ""radius"": 5.0}]"
overconfident_faulty_sensor,303,60.6,3,89.126,84.582,90.0,86.0,50.0,50.0,,,none,,confidence_weighted_fusion,at_goal,0,0,1.666,4.957,47.218,uav_1,4.957,False,False,False,False,True,1,"[{""id"": ""obstacle_0"", ""kind"": ""static_obstacle"", ""x"": 50.0, ""y"": 50.0, ""radius"": 5.0}]"
overconfident_faulty_sensor,304,60.8,0,87.432,78.124,94.0,90.0,50.0,50.0,,,position_noise+latency+confidence_error,,confidence_weighted_fusion,move,2,0,13.572,6.677,41.82,uav_3,6.677,False,False,False,False,False,1,"[{""id"": ""obstacle_0"", ""kind"": ""static_obstacle"", ""x"": 50.0, ""y"": 50.0, ""radius"": 5.0}]"
overconfident_faulty_sensor,304,60.8,1,84.436,84.091,90.0,94.0,50.0,50.0,,,false_negative+position_noise+latency+confidence_error,,confidence_weighted_fusion,move,3,0,11.365,4.619,43.456,uav_2,4.619,False,False,False,False,False,1,"[{""id"": ""obstacle_0"", ""kind"": ""static_obstacle"", ""x"": 50.0, ""y"": 50.0, ""radius"": 5.0}]"
overconfident_faulty_sensor,304,60.8,2,84.746,88.7,86.0,90.0,50.0,50.0,,,false_negative+position_noise+latency+confidence_error,,confidence_weighted_fusion,avoidance,3,1,1.806,4.619,47.009,uav_1,4.619,False,False,False,False,True,1,"[{""id"": ""obstacle_0"", ""kind"": ""static_obstacle"", ""x"": 50.0, ""y"": 50.0, ""radius"": 5.0}]"
overconfident_faulty_sensor,304,60.8,3,89.126,84.582,90.0,86.0,50.0,50.0,,,none,,confidence_weighted_fusion,at_goal,0,0,1.666,4.715,47.218,uav_1,4.715,False,False,False,False,True,1,"[{""id"": ""obstacle_0"", ""kind"": ""static_obstacle"", ""x"": 50.0, ""y"": 50.0, ""radius"": 5.0}]"
overconfident_faulty_sensor,305,61.0,0,87.625,78.474,94.0,90.0,50.0,50.0,,,false_negative+position_noise+latency+confidence_error,,confidence_weighted_fusion,move,3,0,13.172,6.29,42.185,uav_3,6.29,False,False,False,False,False,1,"[{""id"": ""obstacle_0"", ""kind"": ""static_obstacle"", ""x"": 50.0, ""y"": 50.0, ""radius"": 5.0}]"
overconfident_faulty_sensor,305,61.0,1,84.145,84.365,90.0,94.0,50.0,50.0,,,position_noise+latency+confidence_error,,confidence_weighted_fusion,false_avoidance,3,1,11.275,4.376,43.444,uav_2,4.376,False,True,False,False,False,1,"[{""id"": ""obstacle_0"", ""kind"": ""static_obstacle"", ""x"": 50.0, ""y"": 50.0, ""radius"": 5.0}]"
overconfident_faulty_sensor,305,61.0,2,84.746,88.7,86.0,90.0,50.0,50.0,,,none,,confidence_weighted_fusion,at_goal,0,0,1.806,4.376,47.009,uav_1,4.376,False,False,False,False,True,1,"[{""id"": ""obstacle_0"", ""kind"": ""static_obstacle"", ""x"": 50.0, ""y"": 50.0, ""radius"": 5.0}]"
overconfident_faulty_sensor,305,61.0,3,89.126,84.582,90.0,86.0,50.0,50.0,,,none,,confidence_weighted_fusion,at_goal,0,0,1.666,4.986,47.218,uav_1,4.986,False,False,False,False,True,1,"[{""id"": ""obstacle_0"", ""kind"": ""static_obstacle"", ""x"": 50.0, ""y"": 50.0, ""radius"": 5.0}]"
overconfident_faulty_sensor,306,61.2,0,87.819,78.824,94.0,90.0,50.0,50.0,,,false_negative+position_noise+latency+confidence_error,,confidence_weighted_fusion,move,3,0,12.772,5.905,42.551,uav_3,5.905,False,False,False,False,False,1,"[{""id"": ""obstacle_0"", ""kind"": ""static_obstacle"", ""x"": 50.0, ""y"": 50.0, ""radius"": 5.0}]"
overconfident_faulty_sensor,306,61.2,1,84.352,84.707,90.0,94.0,50.0,50.0,,,false_negative+position_noise+latency+confidence_error,,confidence_weighted_fusion,move,2,0,10.875,4.012,43.833,uav_2,4.012,False,False,False,False,False,1,"[{""id"": ""obstacle_0"", ""kind"": ""static_obstacle"", ""x"": 50.0, ""y"": 50.0, ""radius"": 5.0}]"
overconfident_faulty_sensor,306,61.2,2,84.746,88.7,86.0,90.0,50.0,50.0,,,none,,confidence_weighted_fusion,at_goal,0,0,1.806,4.012,47.009,uav_1,4.012,False,False,False,False,True,1,"[{""id"": ""obstacle_0"", ""kind"": ""static_obstacle"", ""x"": 50.0, ""y"": 50.0, ""radius"": 5.0}]"
overconfident_faulty_sensor,306,61.2,3,89.126,84.582,90.0,86.0,50.0,50.0,,,none,,confidence_weighted_fusion,at_goal,0,0,1.666,4.775,47.218,uav_1,4.775,False,False,False,False,True,1,"[{""id"": ""obstacle_0"", ""kind"": ""static_obstacle"", ""x"": 50.0, ""y"": 50.0, ""radius"": 5.0}]"
overconfident_faulty_sensor,307,61.4,0,88.013,79.174,94.0,90.0,50.0,50.0,,,false_positive+position_noise+latency+confidence_error,,confidence_weighted_fusion,move,3,0,12.372,5.522,42.917,uav_3,5.522,False,False,False,False,False,1,"[{""id"": ""obstacle_0"", ""kind"": ""static_obstacle"", ""x"": 50.0, ""y"": 50.0, ""radius"": 5.0}]"
overconfident_faulty_sensor,307,61.4,1,84.56,85.049,90.0,94.0,50.0,50.0,,,position_noise+latency+confidence_error,,confidence_weighted_fusion,move,2,0,10.475,3.656,44.222,uav_2,3.656,False,False,False,False,False,1,"[{""id"": ""obstacle_0"", ""kind"": ""static_obstacle"", ""x"": 50.0, ""y"": 50.0, ""radius"": 5.0}]"
overconfident_faulty_sensor,307,61.4,2,84.746,88.7,86.0,90.0,50.0,50.0,,,none,,confidence_weighted_fusion,at_goal,0,0,1.806,3.656,47.009,uav_1,3.656,False,False,False,False,True,1,"[{""id"": ""obstacle_0"", ""kind"": ""static_obstacle"", ""x"": 50.0, ""y"": 50.0, ""radius"": 5.0}]"
overconfident_faulty_sensor,307,61.4,3,89.126,84.582,90.0,86.0,50.0,50.0,,,none,,confidence_weighted_fusion,at_goal,0,0,1.666,4.589,47.218,uav_1,4.589,False,False,False,False,True,1,"[{""id"": ""obstacle_0"", ""kind"": ""static_obstacle"", ""x"": 50.0, ""y"": 50.0, ""radius"": 5.0}]"
overconfident_faulty_sensor,308,61.6,0,88.206,79.524,94.0,90.0,50.0,50.0,,,position_noise+latency+confidence_error,,confidence_weighted_fusion,move,2,0,11.972,5.141,43.284,uav_3,5.141,False,False,False,False,False,1,"[{""id"": ""obstacle_0"", ""kind"": ""static_obstacle"", ""x"": 50.0, ""y"": 50.0, ""radius"": 5.0}]"
overconfident_faulty_sensor,308,61.6,1,84.768,85.39,90.0,94.0,50.0,50.0,,,position_noise+latency+confidence_error,,confidence_weighted_fusion,move,3,0,10.075,3.309,44.611,uav_2,3.309,True,False,False,False,False,1,"[{""id"": ""obstacle_0"", ""kind"": ""static_obstacle"", ""x"": 50.0, ""y"": 50.0, ""radius"": 5.0}]"
overconfident_faulty_sensor,308,61.6,2,84.746,88.7,86.0,90.0,50.0,50.0,,,none,,confidence_weighted_fusion,at_goal,0,0,1.806,3.309,47.009,uav_1,3.309,True,False,False,False,True,1,"[{""id"": ""obstacle_0"", ""kind"": ""static_obstacle"", ""x"": 50.0, ""y"": 50.0, ""radius"": 5.0}]"
overconfident_faulty_sensor,308,61.6,3,89.126,84.582,90.0,86.0,50.0,50.0,,,none,,confidence_weighted_fusion,at_goal,0,0,1.666,4.432,47.218,uav_1,4.432,False,False,False,False,True,1,"[{""id"": ""obstacle_0"", ""kind"": ""static_obstacle"", ""x"": 50.0, ""y"": 50.0, ""radius"": 5.0}]"
overconfident_faulty_sensor,309,61.8,0,88.4,79.874,94.0,90.0,50.0,50.0,,,position_noise+latency+confidence_error,,confidence_weighted_fusion,move,2,0,11.572,4.764,43.652,uav_3,4.764,False,False,False,False,False,1,"[{""id"": ""obstacle_0"", ""kind"": ""static_obstacle"", ""x"": 50.0, ""y"": 50.0, ""radius"": 5.0}]"
overconfident_faulty_sensor,309,61.8,1,84.976,85.732,90.0,94.0,50.0,50.0,,,position_noise+latency+confidence_error,,confidence_weighted_fusion,move,2,0,9.675,2.976,45.001,uav_2,2.976,True,False,False,False,False,1,"[{""id"": ""obstacle_0"", ""kind"": ""static_obstacle"", ""x"": 50.0, ""y"": 50.0, ""radius"": 5.0}]"
overconfident_faulty_sensor,309,61.8,2,84.746,88.7,86.0,90.0,50.0,50.0,,,none,,confidence_weighted_fusion,at_goal,0,0,1.806,2.976,47.009,uav_1,2.976,True,False,False,False,True,1,"[{""id"": ""obstacle_0"", ""kind"": ""static_obstacle"", ""x"": 50.0, ""y"": 50.0, ""radius"": 5.0}]"
overconfident_faulty_sensor,309,61.8,3,89.126,84.582,90.0,86.0,50.0,50.0,,,none,,confidence_weighted_fusion,at_goal,0,0,1.666,4.306,47.218,uav_1,4.306,False,False,False,False,True,1,"[{""id"": ""obstacle_0"", ""kind"": ""static_obstacle"", ""x"": 50.0, ""y"": 50.0, ""radius"": 5.0}]"
overconfident_faulty_sensor,310,62.0,0,88.76,80.047,94.0,90.0,50.0,50.0,,,dropout+latency+confidence_error,,confidence_weighted_fusion,false_avoidance,4,1,11.248,4.549,44.043,uav_3,4.549,False,True,False,False,False,1,"[{""id"": ""obstacle_0"", ""kind"": ""static_obstacle"", ""x"": 50.0, ""y"": 50.0, ""radius"": 5.0}]"
overconfident_faulty_sensor,310,62.0,1,85.183,86.074,90.0,94.0,50.0,50.0,,,false_negative+position_noise+latency+confidence_error,,confidence_weighted_fusion,move,3,0,9.275,2.662,45.391,uav_2,2.662,True,False,False,False,False,1,"[{""id"": ""obstacle_0"", ""kind"": ""static_obstacle"", ""x"": 50.0, ""y"": 50.0, ""radius"": 5.0}]"
overconfident_faulty_sensor,310,62.0,2,84.746,88.7,86.0,90.0,50.0,50.0,,,none,,confidence_weighted_fusion,at_goal,0,0,1.806,2.662,47.009,uav_1,2.662,True,False,False,False,True,1,"[{""id"": ""obstacle_0"", ""kind"": ""static_obstacle"", ""x"": 50.0, ""y"": 50.0, ""radius"": 5.0}]"
overconfident_faulty_sensor,310,62.0,3,89.126,84.582,90.0,86.0,50.0,50.0,,,none,,confidence_weighted_fusion,at_goal,0,0,1.666,4.215,47.218,uav_1,4.215,False,False,False,False,True,1,"[{""id"": ""obstacle_0"", ""kind"": ""static_obstacle"", ""x"": 50.0, ""y"": 50.0, ""radius"": 5.0}]"
overconfident_faulty_sensor,311,62.2,0,88.946,80.401,94.0,90.0,50.0,50.0,,,dropout+latency+confidence_error,,confidence_weighted_fusion,move,3,0,10.848,4.185,44.407,uav_3,4.185,False,False,False,False,False,1,"[{""id"": ""obstacle_0"", ""kind"": ""static_obstacle"", ""x"": 50.0, ""y"": 50.0, ""radius"": 5.0}]"
overconfident_faulty_sensor,311,62.2,1,85.391,86.416,90.0,94.0,50.0,50.0,,,false_negative+position_noise+latency+confidence_error,,confidence_weighted_fusion,move,3,0,8.875,2.373,45.78,uav_2,2.373,True,False,False,False,False,1,"[{""id"": ""obstacle_0"", ""kind"": ""static_obstacle"", ""x"": 50.0, ""y"": 50.0, ""radius"": 5.0}]"
overconfident_faulty_sensor,311,62.2,2,84.746,88.7,86.0,90.0,50.0,50.0,,,none,,confidence_weighted_fusion,at_goal,0,0,1.806,2.373,47.009,uav_1,2.373,True,False,False,False,True,1,"[{""id"": ""obstacle_0"", ""kind"": ""static_obstacle"", ""x"": 50.0, ""y"": 50.0, ""radius"": 5.0}]"
overconfident_faulty_sensor,311,62.2,3,89.126,84.582,90.0,86.0,50.0,50.0,,,none,,confidence_weighted_fusion,at_goal,0,0,1.666,4.16,47.218,uav_1,4.16,False,False,False,False,True,1,"[{""id"": ""obstacle_0"", ""kind"": ""static_obstacle"", ""x"": 50.0, ""y"": 50.0, ""radius"": 5.0}]"
overconfident_faulty_sensor,312,62.4,0,89.133,80.755,94.0,90.0,50.0,50.0,,,dropout+latency+confidence_error,,confidence_weighted_fusion,move,3,0,10.448,3.827,44.772,uav_3,3.827,False,False,False,False,False,1,"[{""id"": ""obstacle_0"", ""kind"": ""static_obstacle"", ""x"": 50.0, ""y"": 50.0, ""radius"": 5.0}]"
overconfident_faulty_sensor,312,62.4,1,85.599,86.758,90.0,94.0,50.0,50.0,,,position_noise+latency+confidence_error,,confidence_weighted_fusion,move,3,0,8.475,2.121,46.17,uav_2,2.121,True,False,False,False,False,1,"[{""id"": ""obstacle_0"", ""kind"": ""static_obstacle"", ""x"": 50.0, ""y"": 50.0, ""radius"": 5.0}]"
overconfident_faulty_sensor,312,62.4,2,84.746,88.7,86.0,90.0,50.0,50.0,,,none,,confidence_weighted_fusion,at_goal,0,0,1.806,2.121,47.009,uav_1,2.121,True,False,False,False,True,1,"[{""id"": ""obstacle_0"", ""kind"": ""static_obstacle"", ""x"": 50.0, ""y"": 50.0, ""radius"": 5.0}]"
overconfident_faulty_sensor,312,62.4,3,89.126,84.582,90.0,86.0,50.0,50.0,,,none,,confidence_weighted_fusion,at_goal,0,0,1.666,3.827,47.218,uav_0,3.827,False,False,False,False,True,1,"[{""id"": ""obstacle_0"", ""kind"": ""static_obstacle"", ""x"": 50.0, ""y"": 50.0, ""radius"": 5.0}]"
overconfident_faulty_sensor,313,62.6,0,89.319,81.109,94.0,90.0,50.0,50.0,,,dropout+latency+confidence_error,,confidence_weighted_fusion,move,0,0,10.048,3.478,45.138,uav_3,3.478,True,False,False,False,False,1,"[{""id"": ""obstacle_0"", ""kind"": ""static_obstacle"", ""x"": 50.0, ""y"": 50.0, ""radius"": 5.0}]"
overconfident_faulty_sensor,313,62.6,1,85.807,87.1,90.0,94.0,50.0,50.0,,,position_noise+latency+confidence_error,,confidence_weighted_fusion,move,2,0,8.075,1.92,46.561,uav_2,1.92,True,False,False,False,False,1,"[{""id"": ""obstacle_0"", ""kind"": ""static_obstacle"", ""x"": 50.0, ""y"": 50.0, ""radius"": 5.0}]"
overconfident_faulty_sensor,313,62.6,2,84.746,88.7,86.0,90.0,50.0,50.0,,,none,,confidence_weighted_fusion,at_goal,0,0,1.806,1.92,47.009,uav_1,1.92,True,False,False,False,True,1,"[{""id"": ""obstacle_0"", ""kind"": ""static_obstacle"", ""x"": 50.0, ""y"": 50.0, ""radius"": 5.0}]"
overconfident_faulty_sensor,313,62.6,3,89.126,84.582,90.0,86.0,50.0,50.0,,,none,,confidence_weighted_fusion,at_goal,0,0,1.666,3.478,47.218,uav_0,3.478,True,False,False,False,True,1,"[{""id"": ""obstacle_0"", ""kind"": ""static_obstacle"", ""x"": 50.0, ""y"": 50.0, ""radius"": 5.0}]"
overconfident_faulty_sensor,314,62.8,0,89.505,81.463,94.0,90.0,50.0,50.0,,,dropout+latency+confidence_error,,confidence_weighted_fusion,move,0,0,9.648,3.142,45.504,uav_3,3.142,True,False,True,False,False,1,"[{""id"": ""obstacle_0"", ""kind"": ""static_obstacle"", ""x"": 50.0, ""y"": 50.0, ""radius"": 5.0}]"
overconfident_faulty_sensor,314,62.8,1,86.014,87.441,90.0,94.0,50.0,50.0,,,false_negative+position_noise+latency+confidence_error,,confidence_weighted_fusion,move,2,0,7.675,1.787,46.951,uav_2,1.787,True,False,False,False,False,1,"[{""id"": ""obstacle_0"", ""kind"": ""static_obstacle"", ""x"": 50.0, ""y"": 50.0, ""radius"": 5.0}]"
overconfident_faulty_sensor,314,62.8,2,84.746,88.7,86.0,90.0,50.0,50.0,,,none,,confidence_weighted_fusion,at_goal,0,0,1.806,1.787,47.009,uav_1,1.787,True,False,False,False,True,1,"[{""id"": ""obstacle_0"", ""kind"": ""static_obstacle"", ""x"": 50.0, ""y"": 50.0, ""radius"": 5.0}]"
overconfident_faulty_sensor,314,62.8,3,89.126,84.582,90.0,86.0,50.0,50.0,,,none,,confidence_weighted_fusion,at_goal,0,0,1.666,3.142,47.218,uav_0,3.142,True,False,False,False,True,1,"[{""id"": ""obstacle_0"", ""kind"": ""static_obstacle"", ""x"": 50.0, ""y"": 50.0, ""radius"": 5.0}]"
overconfident_faulty_sensor,315,63.0,0,89.692,81.817,94.0,90.0,50.0,50.0,,,dropout+latency+confidence_error,,confidence_weighted_fusion,move,0,0,9.248,2.822,45.87,uav_3,2.822,True,False,True,False,False,1,"[{""id"": ""obstacle_0"", ""kind"": ""static_obstacle"", ""x"": 50.0, ""y"": 50.0, ""radius"": 5.0}]"
overconfident_faulty_sensor,315,63.0,1,86.393,87.313,90.0,94.0,50.0,50.0,,,false_negative+position_noise+latency+confidence_error,,confidence_weighted_fusion,avoidance,3,0,7.598,2.153,47.122,uav_2,2.153,True,False,False,False,False,1,"[{""id"": ""obstacle_0"", ""kind"": ""static_obstacle"", ""x"": 50.0, ""y"": 50.0, ""radius"": 5.0}]"
overconfident_faulty_sensor,315,63.0,2,84.746,88.7,86.0,90.0,50.0,50.0,,,none,,confidence_weighted_fusion,at_goal,0,0,1.806,2.153,47.009,uav_1,2.153,True,False,False,False,True,1,"[{""id"": ""obstacle_0"", ""kind"": ""static_obstacle"", ""x"": 50.0, ""y"": 50.0, ""radius"": 5.0}]"
overconfident_faulty_sensor,315,63.0,3,89.126,84.582,90.0,86.0,50.0,50.0,,,none,,confidence_weighted_fusion,at_goal,0,0,1.666,2.822,47.218,uav_0,2.822,True,False,False,False,True,1,"[{""id"": ""obstacle_0"", ""kind"": ""static_obstacle"", ""x"": 50.0, ""y"": 50.0, ""radius"": 5.0}]"
overconfident_faulty_sensor,316,63.2,0,89.878,82.171,94.0,90.0,50.0,50.0,,,dropout+latency+confidence_error,,confidence_weighted_fusion,move,0,0,8.848,2.526,46.237,uav_3,2.526,True,False,True,False,False,1,"[{""id"": ""obstacle_0"", ""kind"": ""static_obstacle"", ""x"": 50.0, ""y"": 50.0, ""radius"": 5.0}]"
overconfident_faulty_sensor,316,63.2,1,86.583,87.665,90.0,94.0,50.0,50.0,,,position_noise+latency+confidence_error,,confidence_weighted_fusion,move,3,0,7.198,2.108,47.507,uav_2,2.108,True,False,False,False,False,1,"[{""id"": ""obstacle_0"", ""kind"": ""static_obstacle"", ""x"": 50.0, ""y"": 50.0, ""radius"": 5.0}]"
overconfident_faulty_sensor,316,63.2,2,84.746,88.7,86.0,90.0,50.0,50.0,,,none,,confidence_weighted_fusion,at_goal,0,0,1.806,2.108,47.009,uav_1,2.108,True,False,False,False,True,1,"[{""id"": ""obstacle_0"", ""kind"": ""static_obstacle"", ""x"": 50.0, ""y"": 50.0, ""radius"": 5.0}]"
overconfident_faulty_sensor,316,63.2,3,89.126,84.582,90.0,86.0,50.0,50.0,,,none,,confidence_weighted_fusion,at_goal,0,0,1.666,2.526,47.218,uav_0,2.526,True,False,False,False,True,1,"[{""id"": ""obstacle_0"", ""kind"": ""static_obstacle"", ""x"": 50.0, ""y"": 50.0, ""radius"": 5.0}]"
overconfident_faulty_sensor,317,63.4,0,90.065,82.525,94.0,90.0,50.0,50.0,,,dropout+latency+confidence_error,,confidence_weighted_fusion,move,0,0,8.448,2.261,46.605,uav_3,2.261,True,False,True,False,False,1,"[{""id"": ""obstacle_0"", ""kind"": ""static_obstacle"", ""x"": 50.0, ""y"": 50.0, ""radius"": 5.0}]"
overconfident_faulty_sensor,317,63.4,1,86.773,88.017,90.0,94.0,50.0,50.0,,,false_negative+position_noise+latency+confidence_error,,confidence_weighted_fusion,move,2,0,6.798,2.139,47.892,uav_2,2.139,True,False,True,False,False,1,"[{""id"": ""obstacle_0"", ""kind"": ""static_obstacle"", ""x"": 50.0, ""y"": 50.0, ""radius"": 5.0}]"
overconfident_faulty_sensor,317,63.4,2,84.746,88.7,86.0,90.0,50.0,50.0,,,none,,confidence_weighted_fusion,at_goal,0,0,1.806,2.139,47.009,uav_1,2.139,True,False,False,False,True,1,"[{""id"": ""obstacle_0"", ""kind"": ""static_obstacle"", ""x"": 50.0, ""y"": 50.0, ""radius"": 5.0}]"
overconfident_faulty_sensor,317,63.4,3,89.126,84.582,90.0,86.0,50.0,50.0,,,none,,confidence_weighted_fusion,at_goal,0,0,1.666,2.261,47.218,uav_0,2.261,True,False,False,False,True,1,"[{""id"": ""obstacle_0"", ""kind"": ""static_obstacle"", ""x"": 50.0, ""y"": 50.0, ""radius"": 5.0}]"
overconfident_faulty_sensor,318,63.6,0,90.251,82.879,94.0,90.0,50.0,50.0,,,dropout+latency+confidence_error,,confidence_weighted_fusion,move,0,0,8.048,2.041,46.973,uav_3,2.041,True,False,True,False,False,1,"[{""id"": ""obstacle_0"", ""kind"": ""static_obstacle"", ""x"": 50.0, ""y"": 50.0, ""radius"": 5.0}]"
overconfident_faulty_sensor,318,63.6,1,86.963,88.369,90.0,94.0,50.0,50.0,,,false_negative+position_noise+latency+confidence_error,,confidence_weighted_fusion,move,2,0,6.398,2.241,48.277,uav_2,2.241,True,False,True,False,False,1,"[{""id"": ""obstacle_0"", ""kind"": ""static_obstacle"", ""x"": 50.0, ""y"": 50.0, ""radius"": 5.0}]"
overconfident_faulty_sensor,318,63.6,2,84.746,88.7,86.0,90.0,50.0,50.0,,,none,,confidence_weighted_fusion,at_goal,0,0,1.806,2.241,47.009,uav_1,2.241,True,False,False,False,True,1,"[{""id"": ""obstacle_0"", ""kind"": ""static_obstacle"", ""x"": 50.0, ""y"": 50.0, ""radius"": 5.0}]"
overconfident_faulty_sensor,318,63.6,3,89.126,84.582,90.0,86.0,50.0,50.0,,,none,,confidence_weighted_fusion,at_goal,0,0,1.666,2.041,47.218,uav_0,2.041,True,False,False,False,True,1,"[{""id"": ""obstacle_0"", ""kind"": ""static_obstacle"", ""x"": 50.0, ""y"": 50.0, ""radius"": 5.0}]"
overconfident_faulty_sensor,319,63.8,0,90.437,83.233,94.0,90.0,50.0,50.0,,,dropout+latency+confidence_error,,confidence_weighted_fusion,move,0,0,7.648,1.882,47.341,uav_3,1.882,True,False,True,False,False,1,"[{""id"": ""obstacle_0"", ""kind"": ""static_obstacle"", ""x"": 50.0, ""y"": 50.0, ""radius"": 5.0}]"
overconfident_faulty_sensor,319,63.8,1,87.153,88.721,90.0,94.0,50.0,50.0,,,false_negative+position_noise+latency+confidence_error,,confidence_weighted_fusion,move,3,0,5.998,2.407,48.662,uav_2,2.407,True,False,False,False,False,1,"[{""id"": ""obstacle_0"", ""kind"": ""static_obstacle"", ""x"": 50.0, ""y"": 50.0, ""radius"": 5.0}]"
overconfident_faulty_sensor,319,63.8,2,84.746,88.7,86.0,90.0,50.0,50.0,,,none,,confidence_weighted_fusion,at_goal,0,0,1.806,2.407,47.009,uav_1,2.407,True,False,False,False,True,1,"[{""id"": ""obstacle_0"", ""kind"": ""static_obstacle"", ""x"": 50.0, ""y"": 50.0, ""radius"": 5.0}]"
overconfident_faulty_sensor,319,63.8,3,89.126,84.582,90.0,86.0,50.0,50.0,,,none,,confidence_weighted_fusion,at_goal,0,0,1.666,1.882,47.218,uav_0,1.882,True,False,False,False,True,1,"[{""id"": ""obstacle_0"", ""kind"": ""static_obstacle"", ""x"": 50.0, ""y"": 50.0, ""radius"": 5.0}]"
overconfident_faulty_sensor,320,64.0,0,90.624,83.587,94.0,90.0,50.0,50.0,,,position_noise+latency+confidence_error,,confidence_weighted_fusion,move,0,0,7.248,1.798,47.71,uav_3,1.798,True,False,True,False,False,1,"[{""id"": ""obstacle_0"", ""kind"": ""static_obstacle"", ""x"": 50.0, ""y"": 50.0, ""radius"": 5.0}]"
overconfident_faulty_sensor,320,64.0,1,87.431,89.009,90.0,94.0,50.0,50.0,,,false_negative+position_noise+latency+confidence_error,,confidence_weighted_fusion,avoidance,2,0,5.614,2.702,49.062,uav_2,2.702,True,False,False,False,False,1,"[{""id"": ""obstacle_0"", ""kind"": ""static_obstacle"", ""x"": 50.0, ""y"": 50.0, ""radius"": 5.0}]"
overconfident_faulty_sensor,320,64.0,2,84.746,88.7,86.0,90.0,50.0,50.0,,,none,,confidence_weighted_fusion,at_goal,0,0,1.806,2.702,47.009,uav_1,2.702,True,False,False,False,True,1,"[{""id"": ""obstacle_0"", ""kind"": ""static_obstacle"", ""x"": 50.0, ""y"": 50.0, ""radius"": 5.0}]"
overconfident_faulty_sensor,320,64.0,3,89.126,84.582,90.0,86.0,50.0,50.0,,,none,,confidence_weighted_fusion,at_goal,0,0,1.666,1.798,47.218,uav_0,1.798,True,False,False,False,True,1,"[{""id"": ""obstacle_0"", ""kind"": ""static_obstacle"", ""x"": 50.0, ""y"": 50.0, ""radius"": 5.0}]"
overconfident_faulty_sensor,321,64.2,0,90.81,83.941,94.0,90.0,50.0,50.0,,,false_positive+position_noise+latency+confidence_error,,confidence_weighted_fusion,move,0,0,6.848,1.802,48.079,uav_3,1.802,True,False,True,False,False,1,"[{""id"": ""obstacle_0"", ""kind"": ""static_obstacle"", ""x"": 50.0, ""y"": 50.0, ""radius"": 5.0}]"
overconfident_faulty_sensor,321,64.2,1,87.614,89.364,90.0,94.0,50.0,50.0,,,position_noise+latency+confidence_error,,confidence_weighted_fusion,move,2,0,5.214,2.944,49.446,uav_2,2.944,True,False,False,False,False,1,"[{""id"": ""obstacle_0"", ""kind"": ""static_obstacle"", ""x"": 50.0, ""y"": 50.0, ""radius"": 5.0}]"
overconfident_faulty_sensor,321,64.2,2,84.746,88.7,86.0,90.0,50.0,50.0,,,none,,confidence_weighted_fusion,at_goal,0,0,1.806,2.944,47.009,uav_1,2.944,True,False,False,False,True,1,"[{""id"": ""obstacle_0"", ""kind"": ""static_obstacle"", ""x"": 50.0, ""y"": 50.0, ""radius"": 5.0}]"
overconfident_faulty_sensor,321,64.2,3,89.126,84.582,90.0,86.0,50.0,50.0,,,none,,confidence_weighted_fusion,at_goal,0,0,1.666,1.802,47.218,uav_0,1.802,True,False,False,False,True,1,"[{""id"": ""obstacle_0"", ""kind"": ""static_obstacle"", ""x"": 50.0, ""y"": 50.0, ""radius"": 5.0}]"
overconfident_faulty_sensor,322,64.4,0,90.996,84.295,94.0,90.0,50.0,50.0,,,false_negative+position_noise+latency+confidence_error,,confidence_weighted_fusion,move,0,0,6.448,1.893,48.449,uav_3,1.893,True,False,True,False,False,1,"[{""id"": ""obstacle_0"", ""kind"": ""static_obstacle"", ""x"": 50.0, ""y"": 50.0, ""radius"": 5.0}]"
overconfident_faulty_sensor,322,64.4,1,87.797,89.72,90.0,94.0,50.0,50.0,,,false_negative+position_noise+latency+confidence_error,,confidence_weighted_fusion,move,2,0,4.814,3.217,49.829,uav_2,3.217,True,False,False,False,False,1,"[{""id"": ""obstacle_0"", ""kind"": ""static_obstacle"", ""x"": 50.0, ""y"": 50.0, ""radius"": 5.0}]"
overconfident_faulty_sensor,322,64.4,2,84.746,88.7,86.0,90.0,50.0,50.0,,,none,,confidence_weighted_fusion,at_goal,0,0,1.806,3.217,47.009,uav_1,3.217,True,False,False,False,True,1,"[{""id"": ""obstacle_0"", ""kind"": ""static_obstacle"", ""x"": 50.0, ""y"": 50.0, ""radius"": 5.0}]"
overconfident_faulty_sensor,322,64.4,3,89.126,84.582,90.0,86.0,50.0,50.0,,,none,,confidence_weighted_fusion,at_goal,0,0,1.666,1.893,47.218,uav_0,1.893,True,False,False,False,True,1,"[{""id"": ""obstacle_0"", ""kind"": ""static_obstacle"", ""x"": 50.0, ""y"": 50.0, ""radius"": 5.0}]"
overconfident_faulty_sensor,323,64.6,0,91.183,84.649,94.0,90.0,50.0,50.0,,,position_noise+latency+confidence_error,,confidence_weighted_fusion,move,3,0,6.048,2.058,48.819,uav_3,2.058,True,False,False,False,False,1,"[{""id"": ""obstacle_0"", ""kind"": ""static_obstacle"", ""x"": 50.0, ""y"": 50.0, ""radius"": 5.0}]"
overconfident_faulty_sensor,323,64.6,1,87.98,90.076,90.0,94.0,50.0,50.0,,,position_noise+latency+confidence_error,,confidence_weighted_fusion,move,2,0,4.414,3.514,50.213,uav_2,3.514,False,False,True,False,False,1,"[{""id"": ""obstacle_0"", ""kind"": ""static_obstacle"", ""x"": 50.0, ""y"": 50.0, ""radius"": 5.0}]"
overconfident_faulty_sensor,323,64.6,2,84.746,88.7,86.0,90.0,50.0,50.0,,,none,,confidence_weighted_fusion,at_goal,0,0,1.806,3.514,47.009,uav_1,3.514,False,False,False,False,True,1,"[{""id"": ""obstacle_0"", ""kind"": ""static_obstacle"", ""x"": 50.0, ""y"": 50.0, ""radius"": 5.0}]"
overconfident_faulty_sensor,323,64.6,3,89.126,84.582,90.0,86.0,50.0,50.0,,,none,,confidence_weighted_fusion,at_goal,0,0,1.666,2.058,47.218,uav_0,2.058,True,False,False,False,True,1,"[{""id"": ""obstacle_0"", ""kind"": ""static_obstacle"", ""x"": 50.0, ""y"": 50.0, ""radius"": 5.0}]"
overconfident_faulty_sensor,324,64.8,0,91.284,85.036,94.0,90.0,50.0,50.0,,,position_noise+latency+confidence_error,,confidence_weighted_fusion,false_avoidance,4,1,5.659,2.206,49.147,uav_3,2.206,True,True,False,False,False,1,"[{""id"": ""obstacle_0"", ""kind"": ""static_obstacle"", ""x"": 50.0, ""y"": 50.0, ""radius"": 5.0}]"
overconfident_faulty_sensor,324,64.8,1,88.163,90.431,90.0,94.0,50.0,50.0,,,false_negative+position_noise+latency+confidence_error,,confidence_weighted_fusion,move,3,0,4.014,3.83,50.598,uav_2,3.83,False,False,False,False,False,1,"[{""id"": ""obstacle_0"", ""kind"": ""static_obstacle"", ""x"": 50.0, ""y"": 50.0, ""radius"": 5.0}]"
overconfident_faulty_sensor,324,64.8,2,84.746,88.7,86.0,90.0,50.0,50.0,,,none,,confidence_weighted_fusion,at_goal,0,0,1.806,3.83,47.009,uav_1,3.83,False,False,False,False,True,1,"[{""id"": ""obstacle_0"", ""kind"": ""static_obstacle"", ""x"": 50.0, ""y"": 50.0, ""radius"": 5.0}]"
overconfident_faulty_sensor,324,64.8,3,89.126,84.582,90.0,86.0,50.0,50.0,,,none,,confidence_weighted_fusion,at_goal,0,0,1.666,2.206,47.218,uav_0,2.206,True,False,False,False,True,1,"[{""id"": ""obstacle_0"", ""kind"": ""static_obstacle"", ""x"": 50.0, ""y"": 50.0, ""radius"": 5.0}]"
overconfident_faulty_sensor,325,65.0,0,91.476,85.386,94.0,90.0,50.0,50.0,,,position_noise+latency+confidence_error,,confidence_weighted_fusion,move,2,0,5.259,2.484,49.52,uav_3,2.484,True,False,True,False,False,1,"[{""id"": ""obstacle_0"", ""kind"": ""static_obstacle"", ""x"": 50.0, ""y"": 50.0, ""radius"": 5.0}]"
overconfident_faulty_sensor,325,65.0,1,88.346,90.787,90.0,94.0,50.0,50.0,,,position_noise+latency+confidence_error,,confidence_weighted_fusion,move,2,0,3.614,4.161,50.982,uav_2,4.161,False,False,False,False,False,1,"[{""id"": ""obstacle_0"", ""kind"": ""static_obstacle"", ""x"": 50.0, ""y"": 50.0, ""radius"": 5.0}]"
overconfident_faulty_sensor,325,65.0,2,84.746,88.7,86.0,90.0,50.0,50.0,,,none,,confidence_weighted_fusion,at_goal,0,0,1.806,4.161,47.009,uav_1,4.161,False,False,False,False,True,1,"[{""id"": ""obstacle_0"", ""kind"": ""static_obstacle"", ""x"": 50.0, ""y"": 50.0, ""radius"": 5.0}]"
overconfident_faulty_sensor,325,65.0,3,89.126,84.582,90.0,86.0,50.0,50.0,,,none,,confidence_weighted_fusion,at_goal,0,0,1.666,2.484,47.218,uav_0,2.484,True,False,False,False,True,1,"[{""id"": ""obstacle_0"", ""kind"": ""static_obstacle"", ""x"": 50.0, ""y"": 50.0, ""radius"": 5.0}]"
overconfident_faulty_sensor,326,65.2,0,91.668,85.737,94.0,90.0,50.0,50.0,,,position_noise+latency+confidence_error,,confidence_weighted_fusion,move,3,0,4.859,2.793,49.894,uav_3,2.793,True,False,False,False,False,1,"[{""id"": ""obstacle_0"", ""kind"": ""static_obstacle"", ""x"": 50.0, ""y"": 50.0, ""radius"": 5.0}]"
overconfident_faulty_sensor,326,65.2,1,88.529,91.143,90.0,94.0,50.0,50.0,,,dropout+latency+confidence_error,,confidence_weighted_fusion,move,3,0,3.214,4.503,51.367,uav_2,4.503,False,False,False,False,False,1,"[{""id"": ""obstacle_0"", ""kind"": ""static_obstacle"", ""x"": 50.0, ""y"": 50.0, ""radius"": 5.0}]"
overconfident_faulty_sensor,326,65.2,2,84.746,88.7,86.0,90.0,50.0,50.0,,,none,,confidence_weighted_fusion,at_goal,0,0,1.806,4.503,47.009,uav_1,4.503,False,False,False,False,True,1,"[{""id"": ""obstacle_0"", ""kind"": ""static_obstacle"", ""x"": 50.0, ""y"": 50.0, ""radius"": 5.0}]"
overconfident_faulty_sensor,326,65.2,3,89.126,84.582,90.0,86.0,50.0,50.0,,,none,,confidence_weighted_fusion,at_goal,0,0,1.666,2.793,47.218,uav_0,2.793,True,False,False,False,True,1,"[{""id"": ""obstacle_0"", ""kind"": ""static_obstacle"", ""x"": 50.0, ""y"": 50.0, ""radius"": 5.0}]"
overconfident_faulty_sensor,327,65.4,0,91.86,86.088,94.0,90.0,50.0,50.0,,,position_noise+latency+confidence_error,,confidence_weighted_fusion,move,3,0,4.459,3.122,50.269,uav_3,3.122,True,False,False,False,False,1,"[{""id"": ""obstacle_0"", ""kind"": ""static_obstacle"", ""x"": 50.0, ""y"": 50.0, ""radius"": 5.0}]"
overconfident_faulty_sensor,327,65.4,1,88.712,91.498,90.0,94.0,50.0,50.0,,,dropout+latency+confidence_error,,confidence_weighted_fusion,move,2,0,2.814,4.854,51.751,uav_2,4.854,False,False,False,False,False,1,"[{""id"": ""obstacle_0"", ""kind"": ""static_obstacle"", ""x"": 50.0, ""y"": 50.0, ""radius"": 5.0}]"
overconfident_faulty_sensor,327,65.4,2,84.746,88.7,86.0,90.0,50.0,50.0,,,none,,confidence_weighted_fusion,at_goal,0,0,1.806,4.854,47.009,uav_1,4.854,False,False,False,False,True,1,"[{""id"": ""obstacle_0"", ""kind"": ""static_obstacle"", ""x"": 50.0, ""y"": 50.0, ""radius"": 5.0}]"
overconfident_faulty_sensor,327,65.4,3,89.126,84.582,90.0,86.0,50.0,50.0,,,none,,confidence_weighted_fusion,at_goal,0,0,1.666,3.122,47.218,uav_0,3.122,True,False,False,False,True,1,"[{""id"": ""obstacle_0"", ""kind"": ""static_obstacle"", ""x"": 50.0, ""y"": 50.0, ""radius"": 5.0}]"
overconfident_faulty_sensor,328,65.6,0,91.866,86.488,94.0,90.0,50.0,50.0,,,false_positive+false_negative+position_noise+latency+confidence_error,,confidence_weighted_fusion,avoidance,3,0,4.109,3.338,50.535,uav_3,3.338,True,False,False,False,False,1,"[{""id"": ""obstacle_0"", ""kind"": ""static_obstacle"", ""x"": 50.0, ""y"": 50.0, ""radius"": 5.0}]"
overconfident_faulty_sensor,328,65.6,1,88.895,91.854,90.0,94.0,50.0,50.0,,,dropout+latency+confidence_error,,confidence_weighted_fusion,move,3,0,2.414,5.212,52.136,uav_2,5.212,False,False,False,False,False,1,"[{""id"": ""obstacle_0"", ""kind"": ""static_obstacle"", ""x"": 50.0, ""y"": 50.0, ""radius"": 5.0}]"
overconfident_faulty_sensor,328,65.6,2,84.746,88.7,86.0,90.0,50.0,50.0,,,none,,confidence_weighted_fusion,at_goal,0,0,1.806,5.212,47.009,uav_1,5.212,False,False,False,False,True,1,"[{""id"": ""obstacle_0"", ""kind"": ""static_obstacle"", ""x"": 50.0, ""y"": 50.0, ""radius"": 5.0}]"
overconfident_faulty_sensor,328,65.6,3,89.126,84.582,90.0,86.0,50.0,50.0,,,none,,confidence_weighted_fusion,at_goal,0,0,1.666,3.338,47.218,uav_0,3.338,True,False,False,False,True,1,"[{""id"": ""obstacle_0"", ""kind"": ""static_obstacle"", ""x"": 50.0, ""y"": 50.0, ""radius"": 5.0}]"
overconfident_faulty_sensor,329,65.8,0,92.074,86.83,94.0,90.0,50.0,50.0,,,position_noise+latency+confidence_error,,confidence_weighted_fusion,move,3,0,3.709,3.708,50.916,uav_3,3.708,False,False,False,False,False,1,"[{""id"": ""obstacle_0"", ""kind"": ""static_obstacle"", ""x"": 50.0, ""y"": 50.0, ""radius"": 5.0}]"
overconfident_faulty_sensor,329,65.8,1,89.078,92.209,90.0,94.0,50.0,50.0,,,dropout+latency+confidence_error,,confidence_weighted_fusion,move,0,0,2.014,5.575,52.522,uav_2,5.575,False,False,False,False,False,1,"[{""id"": ""obstacle_0"", ""kind"": ""static_obstacle"", ""x"": 50.0, ""y"": 50.0, ""radius"": 5.0}]"
overconfident_faulty_sensor,329,65.8,2,84.746,88.7,86.0,90.0,50.0,50.0,,,none,,confidence_weighted_fusion,at_goal,0,0,1.806,5.575,47.009,uav_1,5.575,False,False,False,False,True,1,"[{""id"": ""obstacle_0"", ""kind"": ""static_obstacle"", ""x"": 50.0, ""y"": 50.0, ""radius"": 5.0}]"
overconfident_faulty_sensor,329,65.8,3,89.126,84.582,90.0,86.0,50.0,50.0,,,none,,confidence_weighted_fusion,at_goal,0,0,1.666,3.708,47.218,uav_0,3.708,False,False,False,False,True,1,"[{""id"": ""obstacle_0"", ""kind"": ""static_obstacle"", ""x"": 50.0, ""y"": 50.0, ""radius"": 5.0}]"
overconfident_faulty_sensor,330,66.0,0,92.18,87.216,94.0,90.0,50.0,50.0,,,position_noise+latency+confidence_error,,confidence_weighted_fusion,avoidance,3,0,3.326,4.033,51.251,uav_3,4.033,False,False,False,False,False,1,"[{""id"": ""obstacle_0"", ""kind"": ""static_obstacle"", ""x"": 50.0, ""y"": 50.0, ""radius"": 5.0}]"
overconfident_faulty_sensor,330,66.0,1,89.261,92.565,90.0,94.0,50.0,50.0,,,dropout+latency+confidence_error,,confidence_weighted_fusion,move,0,0,1.614,5.944,52.907,uav_2,5.944,False,False,False,False,True,1,"[{""id"": ""obstacle_0"", ""kind"": ""static_obstacle"", ""x"": 50.0, ""y"": 50.0, ""radius"": 5.0}]"
overconfident_faulty_sensor,330,66.0,2,84.746,88.7,86.0,90.0,50.0,50.0,,,none,,confidence_weighted_fusion,at_goal,0,0,1.806,5.944,47.009,uav_1,5.944,False,False,False,False,True,1,"[{""id"": ""obstacle_0"", ""kind"": ""static_obstacle"", ""x"": 50.0, ""y"": 50.0, ""radius"": 5.0}]"
overconfident_faulty_sensor,330,66.0,3,89.126,84.582,90.0,86.0,50.0,50.0,,,none,,confidence_weighted_fusion,at_goal,0,0,1.666,4.033,47.218,uav_0,4.033,False,False,False,False,True,1,"[{""id"": ""obstacle_0"", ""kind"": ""static_obstacle"", ""x"": 50.0, ""y"": 50.0, ""radius"": 5.0}]"
overconfident_faulty_sensor,331,66.2,0,91.885,87.486,94.0,90.0,50.0,50.0,,,position_noise+latency+confidence_error,,confidence_weighted_fusion,false_avoidance,3,1,3.285,4.006,51.21,uav_3,4.006,False,True,False,False,False,1,"[{""id"": ""obstacle_0"", ""kind"": ""static_obstacle"", ""x"": 50.0, ""y"": 50.0, ""radius"": 5.0}]"
overconfident_faulty_sensor,331,66.2,1,89.261,92.565,90.0,94.0,50.0,50.0,,,none,,confidence_weighted_fusion,at_goal,0,0,1.614,5.717,52.907,uav_0,5.717,False,False,False,False,True,1,"[{""id"": ""obstacle_0"", ""kind"": ""static_obstacle"", ""x"": 50.0, ""y"": 50.0, ""radius"": 5.0}]"
overconfident_faulty_sensor,331,66.2,2,84.746,88.7,86.0,90.0,50.0,50.0,,,none,,confidence_weighted_fusion,at_goal,0,0,1.806,5.944,47.009,uav_1,5.944,False,False,False,False,True,1,"[{""id"": ""obstacle_0"", ""kind"": ""static_obstacle"", ""x"": 50.0, ""y"": 50.0, ""radius"": 5.0}]"
overconfident_faulty_sensor,331,66.2,3,89.126,84.582,90.0,86.0,50.0,50.0,,,none,,confidence_weighted_fusion,at_goal,0,0,1.666,4.006,47.218,uav_0,4.006,False,False,False,False,True,1,"[{""id"": ""obstacle_0"", ""kind"": ""static_obstacle"", ""x"": 50.0, ""y"": 50.0, ""radius"": 5.0}]"
overconfident_faulty_sensor,332,66.4,0,92.143,87.792,94.0,90.0,50.0,50.0,,,false_negative+position_noise+latency+confidence_error,,confidence_weighted_fusion,move,3,0,2.885,4.406,51.606,uav_3,4.406,False,False,False,False,False,1,"[{""id"": ""obstacle_0"", ""kind"": ""static_obstacle"", ""x"": 50.0, ""y"": 50.0, ""radius"": 5.0}]"
overconfident_faulty_sensor,332,66.4,1,89.261,92.565,90.0,94.0,50.0,50.0,,,none,,confidence_weighted_fusion,at_goal,0,0,1.614,5.575,52.907,uav_0,5.575,False,False,False,False,True,1,"[{""id"": ""obstacle_0"", ""kind"": ""static_obstacle"", ""x"": 50.0, ""y"": 50.0, ""radius"": 5.0}]"
overconfident_faulty_sensor,332,66.4,2,84.746,88.7,86.0,90.0,50.0,50.0,,,none,,confidence_weighted_fusion,at_goal,0,0,1.806,5.944,47.009,uav_1,5.944,False,False,False,False,True,1,"[{""id"": ""obstacle_0"", ""kind"": ""static_obstacle"", ""x"": 50.0, ""y"": 50.0, ""radius"": 5.0}]"
overconfident_faulty_sensor,332,66.4,3,89.126,84.582,90.0,86.0,50.0,50.0,,,none,,confidence_weighted_fusion,at_goal,0,0,1.666,4.406,47.218,uav_0,4.406,False,False,False,False,True,1,"[{""id"": ""obstacle_0"", ""kind"": ""static_obstacle"", ""x"": 50.0, ""y"": 50.0, ""radius"": 5.0}]"
overconfident_faulty_sensor,333,66.6,0,92.225,88.184,94.0,90.0,50.0,50.0,,,dropout+latency+confidence_error,,confidence_weighted_fusion,avoidance,3,0,2.539,4.752,51.93,uav_3,4.752,False,False,False,False,False,1,"[{""id"": ""obstacle_0"", ""kind"": ""static_obstacle"", ""x"": 50.0, ""y"": 50.0, ""radius"": 5.0}]"
overconfident_faulty_sensor,333,66.6,1,89.261,92.565,90.0,94.0,50.0,50.0,,,none,,confidence_weighted_fusion,at_goal,0,0,1.614,5.29,52.907,uav_0,5.29,False,False,False,False,True,1,"[{""id"": ""obstacle_0"", ""kind"": ""static_obstacle"", ""x"": 50.0, ""y"": 50.0, ""radius"": 5.0}]"
overconfident_faulty_sensor,333,66.6,2,84.746,88.7,86.0,90.0,50.0,50.0,,,none,,confidence_weighted_fusion,at_goal,0,0,1.806,5.944,47.009,uav_1,5.944,False,False,False,False,True,1,"[{""id"": ""obstacle_0"", ""kind"": ""static_obstacle"", ""x"": 50.0, ""y"": 50.0, ""radius"": 5.0}]"
overconfident_faulty_sensor,333,66.6,3,89.126,84.582,90.0,86.0,50.0,50.0,,,none,,confidence_weighted_fusion,at_goal,0,0,1.666,4.752,47.218,uav_0,4.752,False,False,False,False,True,1,"[{""id"": ""obstacle_0"", ""kind"": ""static_obstacle"", ""x"": 50.0, ""y"": 50.0, ""radius"": 5.0}]"
overconfident_faulty_sensor,334,66.8,0,92.505,88.47,94.0,90.0,50.0,50.0,,,dropout+latency+confidence_error,,confidence_weighted_fusion,move,3,0,2.139,5.151,52.329,uav_3,5.151,False,False,False,False,False,1,"[{""id"": ""obstacle_0"", ""kind"": ""static_obstacle"", ""x"": 50.0, ""y"": 50.0, ""radius"": 5.0}]"
overconfident_faulty_sensor,334,66.8,1,89.261,92.565,90.0,94.0,50.0,50.0,,,none,,confidence_weighted_fusion,at_goal,0,0,1.614,5.224,52.907,uav_0,5.224,False,False,False,False,True,1,"[{""id"": ""obstacle_0"", ""kind"": ""static_obstacle"", ""x"": 50.0, ""y"": 50.0, ""radius"": 5.0}]"
overconfident_faulty_sensor,334,66.8,2,84.746,88.7,86.0,90.0,50.0,50.0,,,none,,confidence_weighted_fusion,at_goal,0,0,1.806,5.944,47.009,uav_1,5.944,False,False,False,False,True,1,"[{""id"": ""obstacle_0"", ""kind"": ""static_obstacle"", ""x"": 50.0, ""y"": 50.0, ""radius"": 5.0}]"
overconfident_faulty_sensor,334,66.8,3,89.126,84.582,90.0,86.0,50.0,50.0,,,none,,confidence_weighted_fusion,at_goal,0,0,1.666,5.151,47.218,uav_0,5.151,False,False,False,False,True,1,"[{""id"": ""obstacle_0"", ""kind"": ""static_obstacle"", ""x"": 50.0, ""y"": 50.0, ""radius"": 5.0}]"
overconfident_faulty_sensor,335,67.0,0,92.784,88.756,94.0,90.0,50.0,50.0,,,dropout+latency+confidence_error,,confidence_weighted_fusion,move,2,0,1.739,5.189,52.728,uav_1,5.189,False,False,False,True,True,1,"[{""id"": ""obstacle_0"", ""kind"": ""static_obstacle"", ""x"": 50.0, ""y"": 50.0, ""radius"": 5.0}]"
overconfident_faulty_sensor,335,67.0,1,89.261,92.565,90.0,94.0,50.0,50.0,,,none,,confidence_weighted_fusion,at_goal,0,0,1.614,5.189,52.907,uav_0,5.189,False,False,False,True,True,1,"[{""id"": ""obstacle_0"", ""kind"": ""static_obstacle"", ""x"": 50.0, ""y"": 50.0, ""radius"": 5.0}]"
overconfident_faulty_sensor,335,67.0,2,84.746,88.7,86.0,90.0,50.0,50.0,,,none,,confidence_weighted_fusion,at_goal,0,0,1.806,5.944,47.009,uav_1,5.944,False,False,False,True,True,1,"[{""id"": ""obstacle_0"", ""kind"": ""static_obstacle"", ""x"": 50.0, ""y"": 50.0, ""radius"": 5.0}]"
overconfident_faulty_sensor,335,67.0,3,89.126,84.582,90.0,86.0,50.0,50.0,,,none,,confidence_weighted_fusion,at_goal,0,0,1.666,5.551,47.218,uav_0,5.551,False,False,False,True,True,1,"[{""id"": ""obstacle_0"", ""kind"": ""static_obstacle"", ""x"": 50.0, ""y"": 50.0, ""radius"": 5.0}]"
