scenario,step,time_s,uav_id,uav_pos_x,uav_pos_y,goal_pos_x,goal_pos_y,actual_obstacle_x,actual_obstacle_y,perceived_obstacle_x,perceived_obstacle_y,perception_error_type,confidence_value,fusion_mode,action_taken,num_perceived_detections,num_phantom_detections,dist_to_goal,distance_to_nearest_uav,distance_to_obstacle,nearest_entity_type,nearest_entity_distance,collision_risk_flag,unnecessary_avoidance_flag,missed_response_flag,mission_completed_flag,reached_goal
sensor_noise,0,0.0,0,5.289,5.276,94.0,90.0,50.0,50.0,,,position_noise,,no_fusion,move,3,0,122.669,9.967,58.24,uav_2,9.967,False,False,False,False,False
sensor_noise,0,0.0,1,5.293,15.272,90.0,94.0,50.0,50.0,,,position_noise,,no_fusion,move,3,0,115.643,9.996,51.61,uav_0,9.996,False,False,False,False,False
sensor_noise,0,0.0,2,15.256,5.307,86.0,90.0,50.0,50.0,,,position_noise,,no_fusion,move,3,0,110.352,9.967,51.609,uav_0,9.967,False,False,False,False,False
sensor_noise,0,0.0,3,15.29,15.275,90.0,86.0,50.0,50.0,,,position_noise,,no_fusion,move,3,0,102.876,9.968,44.098,uav_2,9.968,False,False,False,False,False
sensor_noise,1,0.2,0,5.579,5.553,94.0,90.0,50.0,50.0,,,position_noise,,no_fusion,move,3,0,122.269,9.935,57.84,uav_2,9.935,False,False,False,False,False
sensor_noise,1,0.2,1,5.586,15.545,90.0,94.0,50.0,50.0,,,position_noise,,no_fusion,move,3,0,115.243,9.992,51.212,uav_0,9.992,False,False,False,False,False
sensor_noise,1,0.2,2,15.513,5.614,86.0,90.0,50.0,50.0,,,position_noise,,no_fusion,move,3,0,109.952,9.935,51.209,uav_0,9.935,False,False,False,False,False
sensor_noise,1,0.2,3,15.581,15.55,90.0,86.0,50.0,50.0,,,position_noise,,no_fusion,move,3,0,102.476,9.936,43.698,uav_2,9.936,False,False,False,False,False
sensor_noise,2,0.4,0,5.868,5.829,94.0,90.0,50.0,50.0,,,position_noise,,no_fusion,move,3,0,121.869,9.902,57.44,uav_2,9.902,False,False,False,False,False
sensor_noise,2,0.4,1,5.879,15.817,90.0,94.0,50.0,50.0,,,position_noise,,no_fusion,move,3,0,114.843,9.988,50.813,uav_0,9.988,False,False,False,False,False
sensor_noise,2,0.4,2,15.769,5.921,86.0,90.0,50.0,50.0,,,position_noise,,no_fusion,move,3,0,109.552,9.902,50.81,uav_0,9.902,False,False,False,False,False
sensor_noise,2,0.4,3,15.871,15.825,90.0,86.0,50.0,50.0,,,position_noise,,no_fusion,move,3,0,102.076,9.905,43.298,uav_2,9.905,False,False,False,False,False
sensor_noise,3,0.6,0,6.157,6.105,94.0,90.0,50.0,50.0,,,position_noise,,no_fusion,move,3,0,121.469,9.869,57.04,uav_2,9.869,False,False,False,False,False
sensor_noise,3,0.6,1,6.172,16.089,90.0,94.0,50.0,50.0,,,position_noise,,no_fusion,move,3,0,114.443,9.984,50.415,uav_0,9.984,False,False,False,False,False
sensor_noise,3,0.6,2,16.026,6.228,86.0,90.0,50.0,50.0,,,position_noise,,no_fusion,move,3,0,109.152,9.869,50.41,uav_0,9.869,False,False,False,False,False
sensor_noise,3,0.6,3,16.162,16.1,90.0,86.0,50.0,50.0,,,position_noise,,no_fusion,move,3,0,101.676,9.873,42.898,uav_2,9.873,False,False,False,False,False
sensor_noise,4,0.8,0,6.446,6.381,94.0,90.0,50.0,50.0,,,position_noise,,no_fusion,move,3,0,121.069,9.837,56.64,uav_2,9.837,False,False,False,False,False
sensor_noise,4,0.8,1,6.465,16.362,90.0,94.0,50.0,50.0,,,position_noise,,no_fusion,move,3,0,114.043,9.98,50.017,uav_0,9.98,False,False,False,False,False
sensor_noise,4,0.8,2,16.282,6.535,86.0,90.0,50.0,50.0,,,position_noise,,no_fusion,move,3,0,108.752,9.837,50.01,uav_0,9.837,False,False,False,False,False
sensor_noise,4,0.8,3,16.452,16.375,90.0,86.0,50.0,50.0,,,position_noise,,no_fusion,move,3,0,101.276,9.841,42.498,uav_2,9.841,False,False,False,False,False
sensor_noise,5,1.0,0,6.736,6.658,94.0,90.0,50.0,50.0,,,position_noise,,no_fusion,move,3,0,120.669,9.805,56.24,uav_2,9.805,False,False,False,False,False
sensor_noise,5,1.0,1,6.758,16.634,90.0,94.0,50.0,50.0,,,position_noise,,no_fusion,move,3,0,113.643,9.976,49.618,uav_0,9.976,False,False,False,False,False
sensor_noise,5,1.0,2,16.539,6.842,86.0,90.0,50.0,50.0,,,position_noise,,no_fusion,move,3,0,108.352,9.805,49.61,uav_0,9.805,False,False,False,False,False
sensor_noise,5,1.0,3,16.743,16.65,90.0,86.0,50.0,50.0,,,position_noise,,no_fusion,move,3,0,100.876,9.81,42.098,uav_2,9.81,False,False,False,False,False
sensor_noise,6,1.2,0,7.025,6.934,94.0,90.0,50.0,50.0,,,position_noise,,no_fusion,move,3,0,120.269,9.772,55.84,uav_2,9.772,False,False,False,False,False
sensor_noise,6,1.2,1,7.051,16.906,90.0,94.0,50.0,50.0,,,position_noise,,no_fusion,move,3,0,113.243,9.972,49.22,uav_0,9.972,False,False,False,False,False
sensor_noise,6,1.2,2,16.795,7.149,86.0,90.0,50.0,50.0,,,position_noise,,no_fusion,move,3,0,107.952,9.772,49.211,uav_0,9.772,False,False,False,False,False
sensor_noise,6,1.2,3,17.033,16.925,90.0,86.0,50.0,50.0,,,position_noise,,no_fusion,move,3,0,100.476,9.779,41.699,uav_2,9.779,False,False,False,False,False
sensor_noise,7,1.4,0,7.314,7.21,94.0,90.0,50.0,50.0,,,position_noise,,no_fusion,move,3,0,119.869,9.74,55.441,uav_2,9.74,False,False,False,False,False
sensor_noise,7,1.4,1,7.344,17.179,90.0,94.0,50.0,50.0,,,position_noise,,no_fusion,move,3,0,112.843,9.968,48.822,uav_0,9.968,False,False,False,False,False
sensor_noise,7,1.4,2,17.051,7.456,86.0,90.0,50.0,50.0,,,position_noise,,no_fusion,move,3,0,107.552,9.74,48.811,uav_0,9.74,False,False,False,False,False
sensor_noise,7,1.4,3,17.324,17.2,90.0,86.0,50.0,50.0,,,position_noise,,no_fusion,move,3,0,100.076,9.748,41.299,uav_2,9.748,False,False,False,False,False
sensor_noise,8,1.6,0,7.603,7.486,94.0,90.0,50.0,50.0,,,position_noise,,no_fusion,move,3,0,119.469,9.708,55.041,uav_2,9.708,False,False,False,False,False
sensor_noise,8,1.6,1,7.637,17.451,90.0,94.0,50.0,50.0,,,position_noise,,no_fusion,move,3,0,112.443,9.964,48.424,uav_0,9.964,False,False,False,False,False
sensor_noise,8,1.6,2,17.308,7.763,86.0,90.0,50.0,50.0,,,position_noise,,no_fusion,move,3,0,107.152,9.708,48.411,uav_0,9.708,False,False,False,False,False
sensor_noise,8,1.6,3,17.614,17.475,90.0,86.0,50.0,50.0,,,position_noise,,no_fusion,move,3,0,99.676,9.717,40.899,uav_2,9.717,False,False,False,False,False
sensor_noise,9,1.8,0,7.893,7.763,94.0,90.0,50.0,50.0,,,position_noise,,no_fusion,move,3,0,119.069,9.676,54.641,uav_2,9.676,False,False,False,False,False
sensor_noise,9,1.8,1,7.93,17.723,90.0,94.0,50.0,50.0,,,position_noise,,no_fusion,move,3,0,112.043,9.961,48.025,uav_0,9.961,False,False,False,False,False
sensor_noise,9,1.8,2,17.564,8.07,86.0,90.0,50.0,50.0,,,position_noise,,no_fusion,move,3,0,106.752,9.676,48.011,uav_0,9.676,False,False,False,False,False
sensor_noise,9,1.8,3,17.905,17.75,90.0,86.0,50.0,50.0,,,position_noise,,no_fusion,move,3,0,99.276,9.686,40.499,uav_2,9.686,False,False,False,False,False
sensor_noise,10,2.0,0,8.182,8.039,94.0,90.0,50.0,50.0,,,position_noise,,no_fusion,move,3,0,118.669,9.645,54.241,uav_2,9.645,False,False,False,False,False
sensor_noise,10,2.0,1,8.223,17.995,90.0,94.0,50.0,50.0,,,position_noise,,no_fusion,move,3,0,111.643,9.957,47.627,uav_0,9.957,False,False,False,False,False
sensor_noise,10,2.0,2,17.821,8.377,86.0,90.0,50.0,50.0,,,position_noise,,no_fusion,move,3,0,106.352,9.645,47.612,uav_0,9.645,False,False,False,False,False
sensor_noise,10,2.0,3,18.195,18.025,90.0,86.0,50.0,50.0,,,position_noise,,no_fusion,move,3,0,98.876,9.655,40.099,uav_2,9.655,False,False,False,False,False
sensor_noise,11,2.2,0,8.471,8.315,94.0,90.0,50.0,50.0,,,position_noise,,no_fusion,move,3,0,118.269,9.613,53.841,uav_2,9.613,False,False,False,False,False
sensor_noise,11,2.2,1,8.516,18.268,90.0,94.0,50.0,50.0,,,position_noise,,no_fusion,move,3,0,111.243,9.953,47.229,uav_0,9.953,False,False,False,False,False
sensor_noise,11,2.2,2,18.077,8.684,86.0,90.0,50.0,50.0,,,position_noise,,no_fusion,move,3,0,105.952,9.613,47.212,uav_0,9.613,False,False,False,False,False
sensor_noise,11,2.2,3,18.486,18.3,90.0,86.0,50.0,50.0,,,position_noise,,no_fusion,move,3,0,98.476,9.625,39.699,uav_2,9.625,False,False,False,False,False
sensor_noise,12,2.4,0,8.76,8.591,94.0,90.0,50.0,50.0,,,position_noise,,no_fusion,move,3,0,117.869,9.581,53.441,uav_2,9.581,False,False,False,False,False
sensor_noise,12,2.4,1,8.809,18.54,90.0,94.0,50.0,50.0,,,position_noise,,no_fusion,move,3,0,110.843,9.949,46.831,uav_0,9.949,False,False,False,False,False
sensor_noise,12,2.4,2,18.334,8.991,86.0,90.0,50.0,50.0,,,position_noise,,no_fusion,move,3,0,105.552,9.581,46.812,uav_0,9.581,False,False,False,False,False
sensor_noise,12,2.4,3,18.776,18.575,90.0,86.0,50.0,50.0,,,position_noise,,no_fusion,move,3,0,98.076,9.594,39.3,uav_2,9.594,False,False,False,False,False
sensor_noise,13,2.6,0,9.05,8.868,94.0,90.0,50.0,50.0,,,position_noise,,no_fusion,move,3,0,117.469,9.55,53.041,uav_2,9.55,False,False,False,False,False
sensor_noise,13,2.6,1,9.102,18.812,90.0,94.0,50.0,50.0,,,position_noise,,no_fusion,move,3,0,110.443,9.945,46.433,uav_0,9.945,False,False,False,False,False
sensor_noise,13,2.6,2,18.59,9.298,86.0,90.0,50.0,50.0,,,position_noise,,no_fusion,move,3,0,105.152,9.55,46.413,uav_0,9.55,False,False,False,False,False
sensor_noise,13,2.6,3,19.067,18.85,90.0,86.0,50.0,50.0,,,position_noise,,no_fusion,move,3,0,97.676,9.564,38.9,uav_2,9.564,False,False,False,False,False
sensor_noise,14,2.8,0,9.339,9.144,94.0,90.0,50.0,50.0,,,position_noise,,no_fusion,move,3,0,117.069,9.519,52.641,uav_2,9.519,False,False,False,False,False
sensor_noise,14,2.8,1,9.395,19.085,90.0,94.0,50.0,50.0,,,position_noise,,no_fusion,move,3,0,110.043,9.941,46.035,uav_0,9.941,False,False,False,False,False
sensor_noise,14,2.8,2,18.846,9.605,86.0,90.0,50.0,50.0,,,position_noise,,no_fusion,move,3,0,104.752,9.519,46.013,uav_0,9.519,False,False,False,False,False
sensor_noise,14,2.8,3,19.357,19.125,90.0,86.0,50.0,50.0,,,position_noise,,no_fusion,move,3,0,97.276,9.534,38.5,uav_2,9.534,False,False,False,False,False
sensor_noise,15,3.0,0,9.628,9.42,94.0,90.0,50.0,50.0,,,position_noise,,no_fusion,move,3,0,116.669,9.487,52.241,uav_2,9.487,False,False,False,False,False
sensor_noise,15,3.0,1,9.688,19.357,90.0,94.0,50.0,50.0,,,position_noise,,no_fusion,move,3,0,109.643,9.937,45.637,uav_0,9.937,False,False,False,False,False
sensor_noise,15,3.0,2,19.103,9.912,86.0,90.0,50.0,50.0,,,position_noise,,no_fusion,move,3,0,104.352,9.487,45.613,uav_0,9.487,False,False,False,False,False
sensor_noise,15,3.0,3,19.648,19.4,90.0,86.0,50.0,50.0,,,position_noise,,no_fusion,move,3,0,96.876,9.504,38.1,uav_2,9.504,False,False,False,False,False
sensor_noise,16,3.2,0,9.918,9.697,94.0,90.0,50.0,50.0,,,position_noise,,no_fusion,move,3,0,116.269,9.456,51.842,uav_2,9.456,False,False,False,False,False
sensor_noise,16,3.2,1,9.981,19.629,90.0,94.0,50.0,50.0,,,position_noise,,no_fusion,move,3,0,109.243,9.933,45.238,uav_0,9.933,False,False,False,False,False
sensor_noise,16,3.2,2,19.359,10.219,86.0,90.0,50.0,50.0,,,position_noise,,no_fusion,move,3,0,103.952,9.456,45.213,uav_0,9.456,False,False,False,False,False
sensor_noise,16,3.2,3,19.938,19.675,90.0,86.0,50.0,50.0,,,position_noise,,no_fusion,move,3,0,96.476,9.474,37.7,uav_2,9.474,False,False,False,False,False
sensor_noise,17,3.4,0,10.207,9.973,94.0,90.0,50.0,50.0,,,position_noise,,no_fusion,move,3,0,115.869,9.425,51.442,uav_2,9.425,False,False,False,False,False
sensor_noise,17,3.4,1,10.274,19.902,90.0,94.0,50.0,50.0,,,position_noise,,no_fusion,move,3,0,108.843,9.929,44.84,uav_0,9.929,False,False,False,False,False
sensor_noise,17,3.4,2,19.616,10.526,86.0,90.0,50.0,50.0,,,position_noise,,no_fusion,move,3,0,103.552,9.425,44.814,uav_0,9.425,False,False,False,False,False
sensor_noise,17,3.4,3,20.229,19.95,90.0,86.0,50.0,50.0,,,position_noise,,no_fusion,move,3,0,96.076,9.444,37.301,uav_2,9.444,False,False,False,False,False
sensor_noise,18,3.6,0,10.496,10.249,94.0,90.0,50.0,50.0,,,position_noise,,no_fusion,move,3,0,115.469,9.394,51.042,uav_2,9.394,False,False,False,False,False
sensor_noise,18,3.6,1,10.567,20.174,90.0,94.0,50.0,50.0,,,position_noise,,no_fusion,move,3,0,108.443,9.925,44.443,uav_0,9.925,False,False,False,False,False
sensor_noise,18,3.6,2,19.872,10.833,86.0,90.0,50.0,50.0,,,position_noise,,no_fusion,move,3,0,103.152,9.394,44.414,uav_0,9.394,False,False,False,False,False
sensor_noise,18,3.6,3,20.519,20.225,90.0,86.0,50.0,50.0,,,position_noise,,no_fusion,move,3,0,95.676,9.414,36.901,uav_2,9.414,False,False,False,False,False
sensor_noise,19,3.8,0,10.785,10.525,94.0,90.0,50.0,50.0,,,position_noise,,no_fusion,move,3,0,115.069,9.363,50.642,uav_2,9.363,False,False,False,False,False
sensor_noise,19,3.8,1,10.86,20.446,90.0,94.0,50.0,50.0,,,position_noise,,no_fusion,move,3,0,108.043,9.921,44.045,uav_0,9.921,False,False,False,False,False
sensor_noise,19,3.8,2,20.129,11.14,86.0,90.0,50.0,50.0,,,position_noise,,no_fusion,move,3,0,102.752,9.363,44.014,uav_0,9.363,False,False,False,False,False
sensor_noise,19,3.8,3,20.81,20.5,90.0,86.0,50.0,50.0,,,position_noise,,no_fusion,move,3,0,95.276,9.385,36.501,uav_2,9.385,False,False,False,False,False
sensor_noise,20,4.0,0,11.075,10.802,94.0,90.0,50.0,50.0,,,position_noise,,no_fusion,move,3,0,114.669,9.333,50.242,uav_2,9.333,False,False,False,False,False
sensor_noise,20,4.0,1,11.153,20.719,90.0,94.0,50.0,50.0,,,position_noise,,no_fusion,move,3,0,107.643,9.917,43.647,uav_0,9.917,False,False,False,False,False
sensor_noise,20,4.0,2,20.385,11.447,86.0,90.0,50.0,50.0,,,position_noise,,no_fusion,move,3,0,102.352,9.333,43.615,uav_0,9.333,False,False,False,False,False
sensor_noise,20,4.0,3,21.1,20.775,90.0,86.0,50.0,50.0,,,position_noise,,no_fusion,move,3,0,94.876,9.355,36.101,uav_2,9.355,False,False,False,False,False
sensor_noise,21,4.2,0,11.364,11.078,94.0,90.0,50.0,50.0,,,position_noise,,no_fusion,move,3,0,114.269,9.302,49.842,uav_2,9.302,False,False,False,False,False
sensor_noise,21,4.2,1,11.446,20.991,90.0,94.0,50.0,50.0,,,position_noise,,no_fusion,move,3,0,107.243,9.913,43.249,uav_0,9.913,False,False,False,False,False
sensor_noise,21,4.2,2,20.641,11.754,86.0,90.0,50.0,50.0,,,position_noise,,no_fusion,move,3,0,101.952,9.302,43.215,uav_0,9.302,False,False,False,False,False
sensor_noise,21,4.2,3,21.391,21.05,90.0,86.0,50.0,50.0,,,position_noise,,no_fusion,move,3,0,94.476,9.326,35.701,uav_2,9.326,False,False,False,False,False
sensor_noise,22,4.4,0,11.653,11.354,94.0,90.0,50.0,50.0,,,position_noise,,no_fusion,move,3,0,113.869,9.272,49.442,uav_2,9.272,False,False,False,False,False
sensor_noise,22,4.4,1,11.739,21.263,90.0,94.0,50.0,50.0,,,position_noise,,no_fusion,move,3,0,106.843,9.909,42.851,uav_0,9.909,False,False,False,False,False
sensor_noise,22,4.4,2,20.898,12.061,86.0,90.0,50.0,50.0,,,position_noise,,no_fusion,move,3,0,101.552,9.272,42.815,uav_0,9.272,False,False,False,False,False
sensor_noise,22,4.4,3,21.681,21.325,90.0,86.0,50.0,50.0,,,position_noise,,no_fusion,move,3,0,94.076,9.297,35.302,uav_2,9.297,False,False,False,False,False
sensor_noise,23,4.6,0,11.942,11.63,94.0,90.0,50.0,50.0,,,position_noise,,no_fusion,move,3,0,113.469,9.241,49.043,uav_2,9.241,False,False,False,False,False
sensor_noise,23,4.6,1,12.032,21.536,90.0,94.0,50.0,50.0,,,position_noise,,no_fusion,move,3,0,106.443,9.905,42.453,uav_0,9.905,False,False,False,False,False
sensor_noise,23,4.6,2,21.154,12.368,86.0,90.0,50.0,50.0,,,position_noise,,no_fusion,move,3,0,101.152,9.241,42.416,uav_0,9.241,False,False,False,False,False
sensor_noise,23,4.6,3,21.972,21.6,90.0,86.0,50.0,50.0,,,position_noise,,no_fusion,move,3,0,93.676,9.268,34.902,uav_2,9.268,False,False,False,False,False
sensor_noise,24,4.8,0,12.232,11.907,94.0,90.0,50.0,50.0,,,position_noise,,no_fusion,move,3,0,113.069,9.211,48.643,uav_2,9.211,False,False,False,False,False
sensor_noise,24,4.8,1,12.325,21.808,90.0,94.0,50.0,50.0,,,position_noise,,no_fusion,move,3,0,106.043,9.902,42.055,uav_0,9.902,False,False,False,False,False
sensor_noise,24,4.8,2,21.411,12.675,86.0,90.0,50.0,50.0,,,position_noise,,no_fusion,move,3,0,100.752,9.211,42.016,uav_0,9.211,False,False,False,False,False
sensor_noise,24,4.8,3,22.262,21.875,90.0,86.0,50.0,50.0,,,position_noise,,no_fusion,move,3,0,93.276,9.239,34.502,uav_2,9.239,False,False,False,False,False
sensor_noise,25,5.0,0,12.521,12.183,94.0,90.0,50.0,50.0,,,position_noise,,no_fusion,move,3,0,112.669,9.181,48.243,uav_2,9.181,False,False,False,False,False
sensor_noise,25,5.0,1,12.618,22.08,90.0,94.0,50.0,50.0,,,position_noise,,no_fusion,move,3,0,105.643,9.898,41.658,uav_0,9.898,False,False,False,False,False
sensor_noise,25,5.0,2,21.667,12.982,86.0,90.0,50.0,50.0,,,position_noise,,no_fusion,move,3,0,100.352,9.181,41.616,uav_0,9.181,False,False,False,False,False
sensor_noise,25,5.0,3,22.553,22.15,90.0,86.0,50.0,50.0,,,position_noise,,no_fusion,move,3,0,92.876,9.211,34.102,uav_2,9.211,False,False,False,False,False
sensor_noise,26,5.2,0,12.81,12.459,94.0,90.0,50.0,50.0,,,position_noise,,no_fusion,move,3,0,112.269,9.151,47.843,uav_2,9.151,False,False,False,False,False
sensor_noise,26,5.2,1,12.911,22.352,90.0,94.0,50.0,50.0,,,position_noise,,no_fusion,move,3,0,105.243,9.894,41.26,uav_0,9.894,False,False,False,False,False
sensor_noise,26,5.2,2,21.924,13.289,86.0,90.0,50.0,50.0,,,position_noise,,no_fusion,move,3,0,99.952,9.151,41.217,uav_0,9.151,False,False,False,False,False
sensor_noise,26,5.2,3,22.843,22.425,90.0,86.0,50.0,50.0,,,position_noise,,no_fusion,move,3,0,92.476,9.182,33.703,uav_2,9.182,False,False,False,False,False
sensor_noise,27,5.4,0,13.1,12.735,94.0,90.0,50.0,50.0,,,position_noise,,no_fusion,move,3,0,111.869,9.121,47.443,uav_2,9.121,False,False,False,False,False
sensor_noise,27,5.4,1,13.204,22.625,90.0,94.0,50.0,50.0,,,position_noise,,no_fusion,move,3,0,104.843,9.89,40.862,uav_0,9.89,False,False,False,False,False
sensor_noise,27,5.4,2,22.18,13.596,86.0,90.0,50.0,50.0,,,position_noise,,no_fusion,move,3,0,99.552,9.121,40.817,uav_0,9.121,False,False,False,False,False
sensor_noise,27,5.4,3,23.134,22.7,90.0,86.0,50.0,50.0,,,position_noise,,no_fusion,move,3,0,92.076,9.154,33.303,uav_2,9.154,False,False,False,False,False
sensor_noise,28,5.6,0,13.389,13.012,94.0,90.0,50.0,50.0,,,position_noise,,no_fusion,move,3,0,111.469,9.091,47.043,uav_2,9.091,False,False,False,False,False
sensor_noise,28,5.6,1,13.497,22.897,90.0,94.0,50.0,50.0,,,position_noise,,no_fusion,move,3,0,104.443,9.886,40.465,uav_0,9.886,False,False,False,False,False
sensor_noise,28,5.6,2,22.436,13.903,86.0,90.0,50.0,50.0,,,position_noise,,no_fusion,move,3,0,99.152,9.091,40.418,uav_0,9.091,False,False,False,False,False
sensor_noise,28,5.6,3,23.424,22.975,90.0,86.0,50.0,50.0,,,position_noise,,no_fusion,move,3,0,91.676,9.126,32.903,uav_2,9.126,False,False,False,False,False
sensor_noise,29,5.8,0,13.678,13.288,94.0,90.0,50.0,50.0,,,position_noise,,no_fusion,move,3,0,111.069,9.062,46.644,uav_2,9.062,False,False,False,False,False
sensor_noise,29,5.8,1,13.79,23.169,90.0,94.0,50.0,50.0,,,position_noise,,no_fusion,move,3,0,104.043,9.882,40.067,uav_0,9.882,False,False,False,False,False
sensor_noise,29,5.8,2,22.693,14.21,86.0,90.0,50.0,50.0,,,position_noise,,no_fusion,move,3,0,98.752,9.062,40.018,uav_0,9.062,False,False,False,False,False
sensor_noise,29,5.8,3,23.714,23.25,90.0,86.0,50.0,50.0,,,position_noise,,no_fusion,move,3,0,91.276,9.097,32.503,uav_2,9.097,False,False,False,False,False
sensor_noise,30,6.0,0,13.967,13.564,94.0,90.0,50.0,50.0,,,position_noise,,no_fusion,move,3,0,110.669,9.032,46.244,uav_2,9.032,False,False,False,False,False
sensor_noise,30,6.0,1,14.083,23.442,90.0,94.0,50.0,50.0,,,position_noise,,no_fusion,move,3,0,103.643,9.878,39.67,uav_0,9.878,False,False,False,False,False
sensor_noise,30,6.0,2,22.949,14.517,86.0,90.0,50.0,50.0,,,position_noise,,no_fusion,move,3,0,98.352,9.032,39.618,uav_0,9.032,False,False,False,False,False
sensor_noise,30,6.0,3,24.005,23.525,90.0,86.0,50.0,50.0,,,position_noise,,no_fusion,move,3,0,90.876,9.07,32.104,uav_2,9.07,False,False,False,False,False
sensor_noise,31,6.2,0,14.257,13.841,94.0,90.0,50.0,50.0,,,position_noise,,no_fusion,move,3,0,110.269,9.003,45.844,uav_2,9.003,False,False,False,False,False
sensor_noise,31,6.2,1,14.376,23.714,90.0,94.0,50.0,50.0,,,position_noise,,no_fusion,move,3,0,103.243,9.874,39.272,uav_0,9.874,False,False,False,False,False
sensor_noise,31,6.2,2,23.206,14.824,86.0,90.0,50.0,50.0,,,position_noise,,no_fusion,move,3,0,97.952,9.003,39.219,uav_0,9.003,False,False,False,False,False
sensor_noise,31,6.2,3,24.295,23.8,90.0,86.0,50.0,50.0,,,position_noise,,no_fusion,move,3,0,90.476,9.042,31.704,uav_2,9.042,False,False,False,False,False
sensor_noise,32,6.4,0,14.546,14.117,94.0,90.0,50.0,50.0,,,position_noise,,no_fusion,move,3,0,109.869,8.974,45.444,uav_2,8.974,False,False,False,False,False
sensor_noise,32,6.4,1,14.669,23.986,90.0,94.0,50.0,50.0,,,position_noise,,no_fusion,move,3,0,102.843,9.87,38.875,uav_0,9.87,False,False,False,False,False
sensor_noise,32,6.4,2,23.462,15.131,86.0,90.0,50.0,50.0,,,position_noise,,no_fusion,move,3,0,97.552,8.974,38.819,uav_0,8.974,False,False,False,False,False
sensor_noise,32,6.4,3,24.586,24.075,90.0,86.0,50.0,50.0,,,position_noise,,no_fusion,move,3,0,90.076,9.014,31.304,uav_2,9.014,False,False,False,False,False
sensor_noise,33,6.6,0,14.835,14.393,94.0,90.0,50.0,50.0,,,position_noise,,no_fusion,move,3,0,109.469,8.945,45.044,uav_2,8.945,False,False,False,False,False
sensor_noise,33,6.6,1,14.962,24.259,90.0,94.0,50.0,50.0,,,position_noise,,no_fusion,move,3,0,102.443,9.866,38.477,uav_0,9.866,False,False,False,False,False
sensor_noise,33,6.6,2,23.719,15.438,86.0,90.0,50.0,50.0,,,position_noise,,no_fusion,move,3,0,97.152,8.945,38.42,uav_0,8.945,False,False,False,False,False
sensor_noise,33,6.6,3,24.876,24.35,90.0,86.0,50.0,50.0,,,position_noise,,no_fusion,move,3,0,89.676,8.987,30.905,uav_2,8.987,False,False,False,False,False
sensor_noise,34,6.8,0,15.124,14.669,94.0,90.0,50.0,50.0,,,position_noise,,no_fusion,move,3,0,109.069,8.916,44.644,uav_2,8.916,False,False,False,False,False
sensor_noise,34,6.8,1,15.255,24.531,90.0,94.0,50.0,50.0,,,position_noise,,no_fusion,move,3,0,102.043,9.862,38.08,uav_0,9.862,False,False,False,False,False
sensor_noise,34,6.8,2,23.975,15.745,86.0,90.0,50.0,50.0,,,position_noise,,no_fusion,move,3,0,96.752,8.916,38.02,uav_0,8.916,False,False,False,False,False
sensor_noise,34,6.8,3,25.167,24.625,90.0,86.0,50.0,50.0,,,position_noise,,no_fusion,move,3,0,89.276,8.96,30.505,uav_2,8.96,False,False,False,False,False
sensor_noise,35,7.0,0,15.414,14.946,94.0,90.0,50.0,50.0,,,position_noise,,no_fusion,move,3,0,108.669,8.887,44.245,uav_2,8.887,False,False,False,False,False
sensor_noise,35,7.0,1,15.548,24.803,90.0,94.0,50.0,50.0,,,position_noise,,no_fusion,move,3,0,101.643,9.859,37.683,uav_0,9.859,False,False,False,False,False
sensor_noise,35,7.0,2,24.231,16.052,86.0,90.0,50.0,50.0,,,position_noise,,no_fusion,move,3,0,96.352,8.887,37.62,uav_0,8.887,False,False,False,False,False
sensor_noise,35,7.0,3,25.457,24.9,90.0,86.0,50.0,50.0,,,position_noise,,no_fusion,move,3,0,88.876,8.932,30.105,uav_2,8.932,False,False,False,False,False
sensor_noise,36,7.2,0,15.703,15.222,94.0,90.0,50.0,50.0,,,position_noise,,no_fusion,move,3,0,108.269,8.858,43.845,uav_2,8.858,False,False,False,False,False
sensor_noise,36,7.2,1,15.841,25.076,90.0,94.0,50.0,50.0,,,position_noise,,no_fusion,move,3,0,101.243,9.855,37.286,uav_0,9.855,False,False,False,False,False
sensor_noise,36,7.2,2,24.488,16.359,86.0,90.0,50.0,50.0,,,position_noise,,no_fusion,move,3,0,95.952,8.858,37.221,uav_0,8.858,False,False,False,False,False
sensor_noise,36,7.2,3,25.748,25.175,90.0,86.0,50.0,50.0,,,position_noise,,no_fusion,move,3,0,88.476,8.906,29.705,uav_2,8.906,False,False,False,False,False
sensor_noise,37,7.4,0,15.992,15.498,94.0,90.0,50.0,50.0,,,position_noise,,no_fusion,move,3,0,107.869,8.83,43.445,uav_2,8.83,False,False,False,False,False
sensor_noise,37,7.4,1,16.134,25.348,90.0,94.0,50.0,50.0,,,position_noise,,no_fusion,move,3,0,100.843,9.851,36.889,uav_0,9.851,False,False,False,False,False
sensor_noise,37,7.4,2,24.744,16.666,86.0,90.0,50.0,50.0,,,position_noise,,no_fusion,move,3,0,95.552,8.83,36.821,uav_0,8.83,False,False,False,False,False
sensor_noise,37,7.4,3,26.038,25.45,90.0,86.0,50.0,50.0,,,position_noise,,no_fusion,move,3,0,88.076,8.879,29.306,uav_2,8.879,False,False,False,False,False
sensor_noise,38,7.6,0,16.281,15.774,94.0,90.0,50.0,50.0,,,position_noise,,no_fusion,move,3,0,107.469,8.801,43.045,uav_2,8.801,False,False,False,False,False
sensor_noise,38,7.6,1,16.427,25.62,90.0,94.0,50.0,50.0,,,position_noise,,no_fusion,move,3,0,100.443,9.847,36.491,uav_0,9.847,False,False,False,False,False
sensor_noise,38,7.6,2,25.001,16.973,86.0,90.0,50.0,50.0,,,position_noise,,no_fusion,move,3,0,95.152,8.801,36.422,uav_0,8.801,False,False,False,False,False
sensor_noise,38,7.6,3,26.329,25.725,90.0,86.0,50.0,50.0,,,position_noise,,no_fusion,move,3,0,87.676,8.852,28.906,uav_2,8.852,False,False,False,False,False
sensor_noise,39,7.8,0,16.571,16.051,94.0,90.0,50.0,50.0,,,position_noise,,no_fusion,move,3,0,107.069,8.773,42.645,uav_2,8.773,False,False,False,False,False
sensor_noise,39,7.8,1,16.72,25.893,90.0,94.0,50.0,50.0,,,position_noise,,no_fusion,move,3,0,100.043,9.843,36.094,uav_0,9.843,False,False,False,False,False
sensor_noise,39,7.8,2,25.257,17.28,86.0,90.0,50.0,50.0,,,position_noise,,no_fusion,move,3,0,94.752,8.773,36.022,uav_0,8.773,False,False,False,False,False
sensor_noise,39,7.8,3,26.619,26.0,90.0,86.0,50.0,50.0,,,position_noise,,no_fusion,move,3,0,87.276,8.826,28.506,uav_2,8.826,False,False,False,False,False
sensor_noise,40,8.0,0,16.86,16.327,94.0,90.0,50.0,50.0,,,position_noise,,no_fusion,move,3,0,106.669,8.745,42.245,uav_2,8.745,False,False,False,False,False
sensor_noise,40,8.0,1,17.013,26.165,90.0,94.0,50.0,50.0,,,position_noise,,no_fusion,move,3,0,99.643,9.839,35.697,uav_0,9.839,False,False,False,False,False
sensor_noise,40,8.0,2,25.514,17.587,86.0,90.0,50.0,50.0,,,position_noise,,no_fusion,move,3,0,94.352,8.745,35.623,uav_0,8.745,False,False,False,False,False
sensor_noise,40,8.0,3,26.91,26.275,90.0,86.0,50.0,50.0,,,position_noise,,no_fusion,move,3,0,86.876,8.799,28.107,uav_2,8.799,False,False,False,False,False
sensor_noise,41,8.2,0,17.149,16.603,94.0,90.0,50.0,50.0,,,position_noise,,no_fusion,move,3,0,106.269,8.717,41.846,uav_2,8.717,False,False,False,False,False
sensor_noise,41,8.2,1,17.306,26.437,90.0,94.0,50.0,50.0,,,position_noise,,no_fusion,move,3,0,99.243,9.835,35.3,uav_0,9.835,False,False,False,False,False
sensor_noise,41,8.2,2,25.77,17.894,86.0,90.0,50.0,50.0,,,position_noise,,no_fusion,move,3,0,93.952,8.717,35.223,uav_0,8.717,False,False,False,False,False
sensor_noise,41,8.2,3,27.2,26.55,90.0,86.0,50.0,50.0,,,position_noise,,no_fusion,move,3,0,86.476,8.773,27.707,uav_2,8.773,False,False,False,False,False
sensor_noise,42,8.4,0,17.439,16.88,94.0,90.0,50.0,50.0,,,position_noise,,no_fusion,move,3,0,105.869,8.689,41.446,uav_2,8.689,False,False,False,False,False
sensor_noise,42,8.4,1,17.599,26.709,90.0,94.0,50.0,50.0,,,position_noise,,no_fusion,move,3,0,98.843,9.831,34.904,uav_0,9.831,False,False,False,False,False
sensor_noise,42,8.4,2,26.026,18.201,86.0,90.0,50.0,50.0,,,position_noise,,no_fusion,move,3,0,93.552,8.689,34.824,uav_0,8.689,False,False,False,False,False
sensor_noise,42,8.4,3,27.491,26.825,90.0,86.0,50.0,50.0,,,position_noise,,no_fusion,move,3,0,86.076,8.747,27.307,uav_2,8.747,False,False,False,False,False
sensor_noise,43,8.6,0,17.728,17.156,94.0,90.0,50.0,50.0,,,position_noise,,no_fusion,move,3,0,105.469,8.661,41.046,uav_2,8.661,False,False,False,False,False
sensor_noise,43,8.6,1,17.892,26.982,90.0,94.0,50.0,50.0,,,position_noise,,no_fusion,move,3,0,98.443,9.827,34.507,uav_0,9.827,False,False,False,False,False
sensor_noise,43,8.6,2,26.283,18.508,86.0,90.0,50.0,50.0,,,position_noise,,no_fusion,move,3,0,93.152,8.661,34.424,uav_0,8.661,False,False,False,False,False
sensor_noise,43,8.6,3,27.781,27.1,90.0,86.0,50.0,50.0,,,position_noise,,no_fusion,move,3,0,85.676,8.722,26.908,uav_2,8.722,False,False,False,False,False
sensor_noise,44,8.8,0,18.017,17.432,94.0,90.0,50.0,50.0,,,position_noise,,no_fusion,move,3,0,105.069,8.634,40.646,uav_2,8.634,False,False,False,False,False
sensor_noise,44,8.8,1,18.185,27.254,90.0,94.0,50.0,50.0,,,position_noise,,no_fusion,move,3,0,98.043,9.823,34.11,uav_0,9.823,False,False,False,False,False
sensor_noise,44,8.8,2,26.539,18.815,86.0,90.0,50.0,50.0,,,position_noise,,no_fusion,move,3,0,92.752,8.634,34.025,uav_0,8.634,False,False,False,False,False
sensor_noise,44,8.8,3,28.072,27.375,90.0,86.0,50.0,50.0,,,position_noise,,no_fusion,move,3,0,85.276,8.696,26.508,uav_2,8.696,False,False,False,False,False
sensor_noise,45,9.0,0,18.306,17.708,94.0,90.0,50.0,50.0,,,position_noise,,no_fusion,move,3,0,104.669,8.606,40.246,uav_2,8.606,False,False,False,False,False
sensor_noise,45,9.0,1,18.478,27.526,90.0,94.0,50.0,50.0,,,position_noise,,no_fusion,move,3,0,97.643,9.82,33.713,uav_0,9.82,False,False,False,False,False
sensor_noise,45,9.0,2,26.796,19.122,86.0,90.0,50.0,50.0,,,position_noise,,no_fusion,move,3,0,92.352,8.606,33.625,uav_0,8.606,False,False,False,False,False
sensor_noise,45,9.0,3,28.362,27.65,90.0,86.0,50.0,50.0,,,position_noise,,no_fusion,move,3,0,84.876,8.671,26.108,uav_2,8.671,False,False,False,False,False
sensor_noise,46,9.2,0,18.596,17.985,94.0,90.0,50.0,50.0,,,position_noise,,no_fusion,move,3,0,104.269,8.579,39.847,uav_2,8.579,False,False,False,False,False
sensor_noise,46,9.2,1,18.771,27.799,90.0,94.0,50.0,50.0,,,position_noise,,no_fusion,move,3,0,97.243,9.816,33.317,uav_0,9.816,False,False,False,False,False
sensor_noise,46,9.2,2,27.052,19.429,86.0,90.0,50.0,50.0,,,position_noise,,no_fusion,move,3,0,91.952,8.579,33.226,uav_0,8.579,False,False,False,False,False
sensor_noise,46,9.2,3,28.653,27.925,90.0,86.0,50.0,50.0,,,position_noise,,no_fusion,move,3,0,84.476,8.645,25.709,uav_2,8.645,False,False,False,False,False
sensor_noise,47,9.4,0,18.885,18.261,94.0,90.0,50.0,50.0,,,position_noise,,no_fusion,move,3,0,103.869,8.552,39.447,uav_2,8.552,False,False,False,False,False
sensor_noise,47,9.4,1,19.064,28.071,90.0,94.0,50.0,50.0,,,position_noise,,no_fusion,move,3,0,96.843,9.812,32.92,uav_0,9.812,False,False,False,False,False
sensor_noise,47,9.4,2,27.309,19.736,86.0,90.0,50.0,50.0,,,position_noise,,no_fusion,move,3,0,91.552,8.552,32.826,uav_0,8.552,False,False,False,False,False
sensor_noise,47,9.4,3,28.943,28.2,90.0,86.0,50.0,50.0,,,position_noise,,no_fusion,move,3,0,84.076,8.62,25.309,uav_2,8.62,False,False,False,False,False
sensor_noise,48,9.6,0,19.174,18.537,94.0,90.0,50.0,50.0,,,position_noise,,no_fusion,move,3,0,103.469,8.525,39.047,uav_2,8.525,False,False,False,False,False
sensor_noise,48,9.6,1,19.357,28.343,90.0,94.0,50.0,50.0,,,position_noise,,no_fusion,move,3,0,96.443,9.808,32.524,uav_0,9.808,False,False,False,False,False
sensor_noise,48,9.6,2,27.565,20.043,86.0,90.0,50.0,50.0,,,position_noise,,no_fusion,move,3,0,91.152,8.525,32.427,uav_0,8.525,False,False,False,False,False
sensor_noise,48,9.6,3,29.234,28.475,90.0,86.0,50.0,50.0,,,position_noise,,no_fusion,move,3,0,83.676,8.595,24.91,uav_2,8.595,False,False,False,False,False
sensor_noise,49,9.8,0,19.463,18.813,94.0,90.0,50.0,50.0,,,position_noise,,no_fusion,move,3,0,103.069,8.498,38.647,uav_2,8.498,False,False,False,False,False
sensor_noise,49,9.8,1,19.65,28.616,90.0,94.0,50.0,50.0,,,position_noise,,no_fusion,move,3,0,96.043,9.804,32.127,uav_0,9.804,False,False,False,False,False
sensor_noise,49,9.8,2,27.821,20.35,86.0,90.0,50.0,50.0,,,position_noise,,no_fusion,move,3,0,90.752,8.498,32.027,uav_0,8.498,False,False,False,False,False
sensor_noise,49,9.8,3,29.524,28.75,90.0,86.0,50.0,50.0,,,position_noise,,no_fusion,move,3,0,83.276,8.571,24.51,uav_2,8.571,False,False,False,False,False
sensor_noise,50,10.0,0,19.753,19.09,94.0,90.0,50.0,50.0,,,position_noise,,no_fusion,move,3,0,102.669,8.471,38.248,uav_2,8.471,False,False,False,False,False
sensor_noise,50,10.0,1,19.943,28.888,90.0,94.0,50.0,50.0,,,position_noise,,no_fusion,move,3,0,95.643,9.8,31.731,uav_0,9.8,False,False,False,False,False
sensor_noise,50,10.0,2,28.078,20.657,86.0,90.0,50.0,50.0,,,position_noise,,no_fusion,move,3,0,90.352,8.471,31.628,uav_0,8.471,False,False,False,False,False
sensor_noise,50,10.0,3,29.815,29.025,90.0,86.0,50.0,50.0,,,position_noise,,no_fusion,move,3,0,82.876,8.546,24.11,uav_2,8.546,False,False,False,False,False
sensor_noise,51,10.2,0,20.042,19.366,94.0,90.0,50.0,50.0,,,position_noise,,no_fusion,move,3,0,102.269,8.445,37.848,uav_2,8.445,False,False,False,False,False
sensor_noise,51,10.2,1,20.236,29.16,90.0,94.0,50.0,50.0,,,position_noise,,no_fusion,move,3,0,95.243,9.796,31.335,uav_0,9.796,False,False,False,False,False
sensor_noise,51,10.2,2,28.334,20.964,86.0,90.0,50.0,50.0,,,position_noise,,no_fusion,move,3,0,89.952,8.445,31.229,uav_0,8.445,False,False,False,False,False
sensor_noise,51,10.2,3,30.105,29.3,90.0,86.0,50.0,50.0,,,position_noise,,no_fusion,move,3,0,82.476,8.522,23.711,uav_2,8.522,False,False,False,False,False
sensor_noise,52,10.4,0,20.331,19.642,94.0,90.0,50.0,50.0,,,position_noise,,no_fusion,move,3,0,101.869,8.418,37.448,uav_2,8.418,False,False,False,False,False
sensor_noise,52,10.4,1,20.529,29.433,90.0,94.0,50.0,50.0,,,position_noise,,no_fusion,move,3,0,94.843,9.792,30.939,uav_0,9.792,False,False,False,False,False
sensor_noise,52,10.4,2,28.591,21.271,86.0,90.0,50.0,50.0,,,position_noise,,no_fusion,move,3,0,89.552,8.418,30.829,uav_0,8.418,False,False,False,False,False
sensor_noise,52,10.4,3,30.396,29.574,90.0,86.0,50.0,50.0,,,position_noise,,no_fusion,move,3,0,82.076,8.498,23.311,uav_2,8.498,False,False,False,False,False
sensor_noise,53,10.6,0,20.62,19.918,94.0,90.0,50.0,50.0,,,position_noise,,no_fusion,move,3,0,101.469,8.392,37.048,uav_2,8.392,False,False,False,False,False
sensor_noise,53,10.6,1,20.822,29.705,90.0,94.0,50.0,50.0,,,position_noise,,no_fusion,move,3,0,94.443,9.789,30.542,uav_0,9.789,False,False,False,False,False
sensor_noise,53,10.6,2,28.847,21.578,86.0,90.0,50.0,50.0,,,position_noise,,no_fusion,move,3,0,89.152,8.392,30.43,uav_0,8.392,False,False,False,False,False
sensor_noise,53,10.6,3,30.686,29.849,90.0,86.0,50.0,50.0,,,position_noise,,no_fusion,move,3,0,81.676,8.474,22.912,uav_2,8.474,False,False,False,False,False
sensor_noise,54,10.8,0,20.91,20.195,94.0,90.0,50.0,50.0,,,position_noise,,no_fusion,move,3,0,101.069,8.366,36.648,uav_2,8.366,False,False,False,False,False
sensor_noise,54,10.8,1,21.115,29.977,90.0,94.0,50.0,50.0,,,position_noise,,no_fusion,move,3,0,94.043,9.785,30.146,uav_0,9.785,False,False,False,False,False
sensor_noise,54,10.8,2,29.104,21.885,86.0,90.0,50.0,50.0,,,position_noise,,no_fusion,move,3,0,88.752,8.366,30.031,uav_0,8.366,False,False,False,False,False
sensor_noise,54,10.8,3,30.977,30.124,90.0,86.0,50.0,50.0,,,position_noise,,no_fusion,move,3,0,81.276,8.45,22.512,uav_2,8.45,False,False,False,False,False
sensor_noise,55,11.0,0,21.199,20.471,94.0,90.0,50.0,50.0,,,position_noise,,no_fusion,move,3,0,100.669,8.34,36.249,uav_2,8.34,False,False,False,False,False
sensor_noise,55,11.0,1,21.408,30.25,90.0,94.0,50.0,50.0,,,position_noise,,no_fusion,move,3,0,93.643,9.781,29.751,uav_0,9.781,False,False,False,False,False
sensor_noise,55,11.0,2,29.36,22.192,86.0,90.0,50.0,50.0,,,position_noise,,no_fusion,move,3,0,88.352,8.34,29.631,uav_0,8.34,False,False,False,False,False
sensor_noise,55,11.0,3,31.267,30.399,90.0,86.0,50.0,50.0,,,position_noise,,no_fusion,move,3,0,80.876,8.427,22.113,uav_2,8.427,False,False,False,False,False
sensor_noise,56,11.2,0,21.488,20.747,94.0,90.0,50.0,50.0,,,position_noise,,no_fusion,move,3,0,100.269,8.315,35.849,uav_2,8.315,False,False,False,False,False
sensor_noise,56,11.2,1,21.701,30.522,90.0,94.0,50.0,50.0,,,position_noise,,no_fusion,move,3,0,93.243,9.777,29.355,uav_0,9.777,False,False,False,False,False
sensor_noise,56,11.2,2,29.616,22.499,86.0,90.0,50.0,50.0,,,position_noise,,no_fusion,move,3,0,87.952,8.315,29.232,uav_0,8.315,False,False,False,False,False
sensor_noise,56,11.2,3,31.558,30.674,90.0,86.0,50.0,50.0,,,position_noise,,no_fusion,move,3,0,80.476,8.403,21.713,uav_2,8.403,False,False,False,False,False
sensor_noise,57,11.4,0,21.778,21.024,94.0,90.0,50.0,50.0,,,position_noise,,no_fusion,move,3,0,99.869,8.289,35.449,uav_2,8.289,False,False,False,False,False
sensor_noise,57,11.4,1,21.994,30.794,90.0,94.0,50.0,50.0,,,position_noise,,no_fusion,move,3,0,92.843,9.773,28.959,uav_0,9.773,False,False,False,False,False
sensor_noise,57,11.4,2,29.873,22.806,86.0,90.0,50.0,50.0,,,position_noise,,no_fusion,move,3,0,87.552,8.289,28.833,uav_0,8.289,False,False,False,False,False
sensor_noise,57,11.4,3,31.848,30.949,90.0,86.0,50.0,50.0,,,position_noise,,no_fusion,move,3,0,80.076,8.38,21.314,uav_2,8.38,False,False,False,False,False
sensor_noise,58,11.6,0,22.067,21.3,94.0,90.0,50.0,50.0,,,position_noise,,no_fusion,move,3,0,99.469,8.264,35.05,uav_2,8.264,False,False,False,False,False
sensor_noise,58,11.6,1,22.287,31.066,90.0,94.0,50.0,50.0,,,position_noise,,no_fusion,move,3,0,92.443,9.769,28.563,uav_0,9.769,False,False,False,False,False
sensor_noise,58,11.6,2,30.129,23.113,86.0,90.0,50.0,50.0,,,position_noise,,no_fusion,move,3,0,87.152,8.264,28.433,uav_0,8.264,False,False,False,False,False
sensor_noise,58,11.6,3,32.138,31.224,90.0,86.0,50.0,50.0,,,position_noise,,no_fusion,move,3,0,79.676,8.357,20.914,uav_2,8.357,False,False,False,False,False
sensor_noise,59,11.8,0,22.356,21.576,94.0,90.0,50.0,50.0,,,position_noise,,no_fusion,move,3,0,99.069,8.239,34.65,uav_2,8.239,False,False,False,False,False
sensor_noise,59,11.8,1,22.58,31.339,90.0,94.0,50.0,50.0,,,position_noise,,no_fusion,move,3,0,92.043,9.765,28.168,uav_0,9.765,False,False,False,False,False
sensor_noise,59,11.8,2,30.386,23.42,86.0,90.0,50.0,50.0,,,position_noise,,no_fusion,move,3,0,86.752,8.239,28.034,uav_0,8.239,False,False,False,False,False
sensor_noise,59,11.8,3,32.429,31.499,90.0,86.0,50.0,50.0,,,position_noise,,no_fusion,move,3,0,79.276,8.334,20.515,uav_2,8.334,False,False,False,False,False
sensor_noise,60,12.0,0,22.645,21.852,94.0,90.0,50.0,50.0,,,position_noise,,no_fusion,move,3,0,98.669,8.213,34.25,uav_2,8.213,False,False,False,False,False
sensor_noise,60,12.0,1,22.873,31.611,90.0,94.0,50.0,50.0,,,position_noise,,no_fusion,move,3,0,91.643,9.761,27.773,uav_0,9.761,False,False,False,False,False
sensor_noise,60,12.0,2,30.642,23.727,86.0,90.0,50.0,50.0,,,position_noise,,no_fusion,move,3,0,86.352,8.213,27.635,uav_0,8.213,False,False,False,False,False
sensor_noise,60,12.0,3,32.719,31.774,90.0,86.0,50.0,50.0,,,position_noise,,no_fusion,move,3,0,78.876,8.312,20.116,uav_2,8.312,False,False,False,False,False
sensor_noise,61,12.2,0,22.935,22.129,94.0,90.0,50.0,50.0,,,position_noise,,no_fusion,move,3,0,98.269,8.189,33.85,uav_2,8.189,False,False,False,False,False
sensor_noise,61,12.2,1,23.166,31.883,90.0,94.0,50.0,50.0,,,position_noise,,no_fusion,move,3,0,91.243,9.758,27.377,uav_0,9.758,False,False,False,False,False
sensor_noise,61,12.2,2,30.899,24.034,86.0,90.0,50.0,50.0,,,position_noise,,no_fusion,move,3,0,85.952,8.189,27.235,uav_0,8.189,False,False,False,False,False
sensor_noise,61,12.2,3,33.01,32.049,90.0,86.0,50.0,50.0,,,position_noise,,no_fusion,move,3,0,78.476,8.289,19.716,uav_2,8.289,False,False,False,False,False
sensor_noise,62,12.4,0,23.224,22.405,94.0,90.0,50.0,50.0,,,position_noise,,no_fusion,move,3,0,97.869,8.164,33.451,uav_2,8.164,False,False,False,False,False
sensor_noise,62,12.4,1,23.459,32.156,90.0,94.0,50.0,50.0,,,position_noise,,no_fusion,move,3,0,90.843,9.754,26.982,uav_0,9.754,False,False,False,False,False
sensor_noise,62,12.4,2,31.155,24.341,86.0,90.0,50.0,50.0,,,position_noise,,no_fusion,move,3,0,85.552,8.164,26.836,uav_0,8.164,False,False,False,False,False
sensor_noise,62,12.4,3,33.3,32.324,90.0,86.0,50.0,50.0,,,position_noise,,no_fusion,move,3,0,78.076,8.267,19.317,uav_2,8.267,False,False,False,False,False
sensor_noise,63,12.6,0,23.513,22.681,94.0,90.0,50.0,50.0,,,position_noise,,no_fusion,move,3,0,97.469,8.139,33.051,uav_2,8.139,False,False,False,False,False
sensor_noise,63,12.6,1,23.752,32.428,90.0,94.0,50.0,50.0,,,position_noise,,no_fusion,move,3,0,90.443,9.75,26.587,uav_0,9.75,False,False,False,False,False
sensor_noise,63,12.6,2,31.411,24.648,86.0,90.0,50.0,50.0,,,position_noise,,no_fusion,move,3,0,85.152,8.139,26.437,uav_0,8.139,False,False,False,False,False
sensor_noise,63,12.6,3,33.591,32.599,90.0,86.0,50.0,50.0,,,position_noise,,no_fusion,move,3,0,77.676,8.245,18.917,uav_2,8.245,False,False,False,False,False
sensor_noise,64,12.8,0,23.802,22.957,94.0,90.0,50.0,50.0,,,position_noise,,no_fusion,move,3,0,97.069,8.115,32.651,uav_2,8.115,False,False,False,False,False
sensor_noise,64,12.8,1,24.045,32.7,90.0,94.0,50.0,50.0,,,position_noise,,no_fusion,move,3,0,90.043,9.746,26.192,uav_0,9.746,False,False,False,False,False
sensor_noise,64,12.8,2,31.668,24.954,86.0,90.0,50.0,50.0,,,position_noise,,no_fusion,move,3,0,84.752,8.115,26.038,uav_0,8.115,False,False,False,False,False
sensor_noise,64,12.8,3,33.881,32.874,90.0,86.0,50.0,50.0,,,position_noise,,no_fusion,move,3,0,77.276,8.223,18.518,uav_2,8.223,False,False,False,False,False
sensor_noise,65,13.0,0,24.092,23.234,94.0,90.0,50.0,50.0,,,position_noise,,no_fusion,move,3,0,96.669,8.091,32.252,uav_2,8.091,False,False,False,False,False
sensor_noise,65,13.0,1,24.338,32.973,90.0,94.0,50.0,50.0,,,position_noise,,no_fusion,move,3,0,89.643,9.742,25.798,uav_0,9.742,False,False,False,False,False
sensor_noise,65,13.0,2,31.924,25.261,86.0,90.0,50.0,50.0,,,position_noise,,no_fusion,move,3,0,84.352,8.091,25.639,uav_0,8.091,False,False,False,False,False
sensor_noise,65,13.0,3,34.172,33.149,90.0,86.0,50.0,50.0,,,position_noise,,no_fusion,move,3,0,76.876,8.202,18.119,uav_2,8.202,False,False,False,False,False
sensor_noise,66,13.2,0,24.381,23.51,94.0,90.0,50.0,50.0,,,position_noise,,no_fusion,move,3,0,96.269,8.067,31.852,uav_2,8.067,False,False,False,False,False
sensor_noise,66,13.2,1,24.631,33.245,90.0,94.0,50.0,50.0,,,position_noise,,no_fusion,move,3,0,89.243,9.738,25.403,uav_0,9.738,False,False,False,False,False
sensor_noise,66,13.2,2,32.181,25.568,86.0,90.0,50.0,50.0,,,position_noise,,no_fusion,move,3,0,83.952,8.067,25.239,uav_0,8.067,False,False,False,False,False
sensor_noise,66,13.2,3,34.462,33.424,90.0,86.0,50.0,50.0,,,position_noise,,no_fusion,move,3,0,76.476,8.18,17.719,uav_2,8.18,False,False,False,False,False
sensor_noise,67,13.4,0,24.67,23.786,94.0,90.0,50.0,50.0,,,position_noise,,no_fusion,move,3,0,95.869,8.043,31.452,uav_2,8.043,False,False,False,False,False
sensor_noise,67,13.4,1,24.924,33.517,90.0,94.0,50.0,50.0,,,position_noise,,no_fusion,move,3,0,88.843,9.734,25.008,uav_0,9.734,False,False,False,False,False
sensor_noise,67,13.4,2,32.437,25.875,86.0,90.0,50.0,50.0,,,position_noise,,no_fusion,move,3,0,83.552,8.043,24.84,uav_0,8.043,False,False,False,False,False
sensor_noise,67,13.4,3,34.753,33.699,90.0,86.0,50.0,50.0,,,position_noise,,no_fusion,move,3,0,76.076,8.159,17.32,uav_2,8.159,False,False,False,False,False
sensor_noise,68,13.6,0,24.96,24.062,94.0,90.0,50.0,50.0,,,position_noise,,no_fusion,move,3,0,95.469,8.019,31.052,uav_2,8.019,False,False,False,False,False
sensor_noise,68,13.6,1,25.217,33.79,90.0,94.0,50.0,50.0,,,position_noise,,no_fusion,move,3,0,88.443,9.731,24.614,uav_0,9.731,False,False,False,False,False
sensor_noise,68,13.6,2,32.694,26.182,86.0,90.0,50.0,50.0,,,position_noise,,no_fusion,move,3,0,83.152,8.019,24.441,uav_0,8.019,False,False,False,False,False
sensor_noise,68,13.6,3,35.043,33.974,90.0,86.0,50.0,50.0,,,position_noise,,no_fusion,move,3,0,75.676,8.138,16.921,uav_2,8.138,False,False,False,False,False
sensor_noise,69,13.8,0,25.249,24.339,94.0,90.0,50.0,50.0,,,position_noise,,no_fusion,move,3,0,95.069,7.996,30.653,uav_2,7.996,False,False,False,False,False
sensor_noise,69,13.8,1,25.51,34.062,90.0,94.0,50.0,50.0,,,position_noise,,no_fusion,move,3,0,88.043,9.727,24.22,uav_0,9.727,False,False,False,False,False
sensor_noise,69,13.8,2,32.95,26.489,86.0,90.0,50.0,50.0,,,position_noise,,no_fusion,move,3,0,82.752,7.996,24.042,uav_0,7.996,False,False,False,False,False
sensor_noise,69,13.8,3,35.334,34.249,90.0,86.0,50.0,50.0,,,position_noise,,no_fusion,move,3,0,75.276,8.118,16.522,uav_2,8.118,False,False,False,False,False
sensor_noise,70,14.0,0,25.538,24.615,94.0,90.0,50.0,50.0,,,position_noise,,no_fusion,move,3,0,94.669,7.973,30.253,uav_2,7.973,False,False,False,False,False
sensor_noise,70,14.0,1,25.803,34.334,90.0,94.0,50.0,50.0,,,position_noise,,no_fusion,move,3,0,87.643,9.723,23.826,uav_0,9.723,False,False,False,False,False
sensor_noise,70,14.0,2,33.206,26.796,86.0,90.0,50.0,50.0,,,position_noise,,no_fusion,move,3,0,82.352,7.973,23.643,uav_0,7.973,False,False,False,False,False
sensor_noise,70,14.0,3,35.624,34.524,90.0,86.0,50.0,50.0,,,position_noise,,no_fusion,move,3,0,74.876,8.097,16.122,uav_2,8.097,False,False,False,False,False
sensor_noise,71,14.2,0,25.827,24.891,94.0,90.0,50.0,50.0,,,position_noise,,no_fusion,move,3,0,94.269,7.95,29.854,uav_2,7.95,False,False,False,False,False
sensor_noise,71,14.2,1,26.096,34.607,90.0,94.0,50.0,50.0,,,position_noise,,no_fusion,move,3,0,87.243,9.719,23.432,uav_0,9.719,False,False,False,False,False
sensor_noise,71,14.2,2,33.463,27.103,86.0,90.0,50.0,50.0,,,position_noise,,no_fusion,move,3,0,81.952,7.95,23.244,uav_0,7.95,False,False,False,False,False
sensor_noise,71,14.2,3,35.915,34.799,90.0,86.0,50.0,50.0,,,position_noise,,no_fusion,move,3,0,74.476,8.077,15.723,uav_2,8.077,False,False,False,False,False
sensor_noise,72,14.4,0,26.117,25.168,94.0,90.0,50.0,50.0,,,position_noise,,no_fusion,move,3,0,93.869,7.927,29.454,uav_2,7.927,False,False,False,False,False
sensor_noise,72,14.4,1,26.389,34.879,90.0,94.0,50.0,50.0,,,position_noise,,no_fusion,move,3,0,86.843,9.715,23.038,uav_0,9.715,False,False,False,False,False
sensor_noise,72,14.4,2,33.719,27.41,86.0,90.0,50.0,50.0,,,position_noise,,no_fusion,move,3,0,81.552,7.927,22.845,uav_0,7.927,False,False,False,False,False
sensor_noise,72,14.4,3,36.205,35.074,90.0,86.0,50.0,50.0,,,position_noise,,no_fusion,move,3,0,74.076,8.057,15.324,uav_2,8.057,False,False,False,False,False
sensor_noise,73,14.6,0,26.406,25.444,94.0,90.0,50.0,50.0,,,position_noise,,no_fusion,move,3,0,93.469,7.904,29.054,uav_2,7.904,False,False,False,False,False
sensor_noise,73,14.6,1,26.682,35.151,90.0,94.0,50.0,50.0,,,position_noise,,no_fusion,move,3,0,86.443,9.711,22.645,uav_0,9.711,False,False,False,False,False
sensor_noise,73,14.6,2,33.976,27.717,86.0,90.0,50.0,50.0,,,position_noise,,no_fusion,move,3,0,81.152,7.904,22.446,uav_0,7.904,False,False,False,False,False
sensor_noise,73,14.6,3,36.496,35.349,90.0,86.0,50.0,50.0,,,position_noise,,no_fusion,move,3,0,73.676,8.037,14.925,uav_2,8.037,False,False,False,False,False
sensor_noise,74,14.8,0,26.695,25.72,94.0,90.0,50.0,50.0,,,position_noise,,no_fusion,move,3,0,93.069,7.881,28.655,uav_2,7.881,False,False,False,False,False
sensor_noise,74,14.8,1,26.975,35.423,90.0,94.0,50.0,50.0,,,position_noise,,no_fusion,move,3,0,86.043,9.707,22.252,uav_0,9.707,False,False,False,False,False
sensor_noise,74,14.8,2,34.232,28.024,86.0,90.0,50.0,50.0,,,position_noise,,no_fusion,move,3,0,80.752,7.881,22.047,uav_0,7.881,False,False,False,False,False
sensor_noise,74,14.8,3,36.786,35.624,90.0,86.0,50.0,50.0,49.397,49.998,position_noise,0.175,no_fusion,move,4,0,73.276,8.018,14.526,uav_2,8.018,False,False,False,False,False
sensor_noise,75,15.0,0,26.984,25.996,94.0,90.0,50.0,50.0,,,position_noise,,no_fusion,move,3,0,92.669,7.859,28.255,uav_2,7.859,False,False,False,False,False
sensor_noise,75,15.0,1,27.268,35.696,90.0,94.0,50.0,50.0,,,position_noise,,no_fusion,move,3,0,85.643,9.704,21.858,uav_0,9.704,False,False,False,False,False
sensor_noise,75,15.0,2,34.489,28.331,86.0,90.0,50.0,50.0,,,position_noise,,no_fusion,move,3,0,80.352,7.859,21.648,uav_0,7.859,False,False,False,False,False
sensor_noise,75,15.0,3,37.077,35.899,90.0,86.0,50.0,50.0,50.278,50.485,position_noise,0.158,no_fusion,move,4,0,72.876,7.998,14.127,uav_2,7.998,False,False,False,False,False
sensor_noise,76,15.2,0,27.274,26.273,94.0,90.0,50.0,50.0,,,position_noise,,no_fusion,move,3,0,92.269,7.837,27.855,uav_2,7.837,False,False,False,False,False
sensor_noise,76,15.2,1,27.561,35.968,90.0,94.0,50.0,50.0,,,position_noise,,no_fusion,move,3,0,85.243,9.7,21.465,uav_0,9.7,False,False,False,False,False
sensor_noise,76,15.2,2,34.745,28.638,86.0,90.0,50.0,50.0,,,position_noise,,no_fusion,move,3,0,79.952,7.837,21.249,uav_0,7.837,False,False,False,False,False
sensor_noise,76,15.2,3,37.367,36.174,90.0,86.0,50.0,50.0,50.069,49.877,position_noise,0.189,no_fusion,move,4,0,72.476,7.979,13.728,uav_2,7.979,False,False,False,False,False
sensor_noise,77,15.4,0,27.563,26.549,94.0,90.0,50.0,50.0,,,position_noise,,no_fusion,move,3,0,91.869,7.815,27.456,uav_2,7.815,False,False,False,False,False
sensor_noise,77,15.4,1,27.854,36.24,90.0,94.0,50.0,50.0,,,position_noise,,no_fusion,move,3,0,84.843,9.696,21.073,uav_0,9.696,False,False,False,False,False
sensor_noise,77,15.4,2,35.001,28.945,86.0,90.0,50.0,50.0,,,position_noise,,no_fusion,move,3,0,79.552,7.815,20.851,uav_0,7.815,False,False,False,False,False
sensor_noise,77,15.4,3,37.658,36.449,90.0,86.0,50.0,50.0,49.613,50.16,position_noise,0.205,no_fusion,move,4,0,72.076,7.96,13.329,uav_2,7.96,False,False,False,False,False
sensor_noise,78,15.6,0,27.852,26.825,94.0,90.0,50.0,50.0,,,position_noise,,no_fusion,move,3,0,91.469,7.793,27.056,uav_2,7.793,False,False,False,False,False
sensor_noise,78,15.6,1,28.147,36.513,90.0,94.0,50.0,50.0,,,position_noise,,no_fusion,move,3,0,84.443,9.692,20.68,uav_0,9.692,False,False,False,False,False
sensor_noise,78,15.6,2,35.258,29.252,86.0,90.0,50.0,50.0,,,position_noise,,no_fusion,move,3,0,79.152,7.793,20.452,uav_0,7.793,False,False,False,False,False
sensor_noise,78,15.6,3,37.948,36.724,90.0,86.0,50.0,50.0,50.365,50.249,position_noise,0.2,no_fusion,move,4,0,71.676,7.941,12.93,uav_2,7.941,False,False,False,False,False
sensor_noise,79,15.8,0,28.141,27.101,94.0,90.0,50.0,50.0,,,position_noise,,no_fusion,move,3,0,91.069,7.772,26.657,uav_2,7.772,False,False,False,False,False
sensor_noise,79,15.8,1,28.44,36.785,90.0,94.0,50.0,50.0,,,position_noise,,no_fusion,move,3,0,84.043,9.688,20.288,uav_0,9.688,False,False,False,False,False
sensor_noise,79,15.8,2,35.514,29.559,86.0,90.0,50.0,50.0,,,position_noise,,no_fusion,move,3,0,78.752,7.772,20.053,uav_0,7.772,False,False,False,False,False
sensor_noise,79,15.8,3,38.239,36.999,90.0,86.0,50.0,50.0,49.631,50.109,position_noise,0.231,no_fusion,move,4,0,71.276,7.923,12.531,uav_2,7.923,False,False,False,False,False
sensor_noise,80,16.0,0,28.431,27.378,94.0,90.0,50.0,50.0,,,position_noise,,no_fusion,move,3,0,90.669,7.75,26.257,uav_2,7.75,False,False,False,False,False
sensor_noise,80,16.0,1,28.733,37.057,90.0,94.0,50.0,50.0,,,position_noise,,no_fusion,move,3,0,83.643,9.684,19.896,uav_0,9.684,False,False,False,False,False
sensor_noise,80,16.0,2,35.771,29.866,86.0,90.0,50.0,50.0,,,position_noise,,no_fusion,move,3,0,78.352,7.75,19.654,uav_0,7.75,False,False,False,False,False
sensor_noise,80,16.0,3,38.529,37.274,90.0,86.0,50.0,50.0,49.572,49.77,position_noise,0.254,no_fusion,move,4,0,70.876,7.905,12.133,uav_2,7.905,False,False,False,False,False
sensor_noise,81,16.2,0,28.72,27.654,94.0,90.0,50.0,50.0,,,position_noise,,no_fusion,move,3,0,90.269,7.729,25.857,uav_2,7.729,False,False,False,False,False
sensor_noise,81,16.2,1,29.026,37.33,90.0,94.0,50.0,50.0,,,position_noise,,no_fusion,move,3,0,83.243,9.681,19.504,uav_0,9.681,False,False,False,False,False
sensor_noise,81,16.2,2,36.027,30.173,86.0,90.0,50.0,50.0,,,position_noise,,no_fusion,move,3,0,77.952,7.729,19.256,uav_0,7.729,False,False,False,False,False
sensor_noise,81,16.2,3,38.82,37.549,90.0,86.0,50.0,50.0,49.933,49.99,position_noise,0.253,no_fusion,move,4,0,70.476,7.887,11.734,uav_2,7.887,False,False,False,False,False
sensor_noise,82,16.4,0,29.009,27.93,94.0,90.0,50.0,50.0,,,position_noise,,no_fusion,move,3,0,89.869,7.708,25.458,uav_2,7.708,False,False,False,False,False
sensor_noise,82,16.4,1,29.319,37.602,90.0,94.0,50.0,50.0,,,position_noise,,no_fusion,move,3,0,82.843,9.677,19.113,uav_0,9.677,False,False,False,False,False
sensor_noise,82,16.4,2,36.284,30.48,86.0,90.0,50.0,50.0,,,position_noise,,no_fusion,move,3,0,77.552,7.708,18.857,uav_0,7.708,False,False,False,False,False
sensor_noise,82,16.4,3,39.11,37.824,90.0,86.0,50.0,50.0,50.2,50.408,position_noise,0.251,no_fusion,move,4,0,70.076,7.869,11.335,uav_2,7.869,False,False,False,False,False
sensor_noise,83,16.6,0,29.299,28.206,94.0,90.0,50.0,50.0,,,position_noise,,no_fusion,move,3,0,89.469,7.688,25.058,uav_2,7.688,False,False,False,False,False
sensor_noise,83,16.6,1,29.612,37.874,90.0,94.0,50.0,50.0,,,position_noise,,no_fusion,move,3,0,82.443,9.673,18.722,uav_0,9.673,False,False,False,False,False
sensor_noise,83,16.6,2,36.54,30.787,86.0,90.0,50.0,50.0,,,position_noise,,no_fusion,move,3,0,77.152,7.688,18.458,uav_0,7.688,False,False,False,False,False
sensor_noise,83,16.6,3,39.401,38.099,90.0,86.0,50.0,50.0,49.451,49.477,position_noise,0.301,no_fusion,move,4,0,69.676,7.851,10.937,uav_2,7.851,False,False,False,False,False
sensor_noise,84,16.8,0,29.588,28.483,94.0,90.0,50.0,50.0,,,position_noise,,no_fusion,move,3,0,89.069,7.667,24.659,uav_2,7.667,False,False,False,False,False
sensor_noise,84,16.8,1,29.905,38.147,90.0,94.0,50.0,50.0,,,position_noise,,no_fusion,move,3,0,82.043,9.669,18.331,uav_0,9.669,False,False,False,False,False
sensor_noise,84,16.8,2,36.796,31.094,86.0,90.0,50.0,50.0,,,position_noise,,no_fusion,move,3,0,76.752,7.667,18.06,uav_0,7.667,False,False,False,False,False
sensor_noise,84,16.8,3,39.691,38.374,90.0,86.0,50.0,50.0,49.782,49.767,position_noise,0.3,no_fusion,move,4,0,69.276,7.834,10.538,uav_2,7.834,False,False,False,False,False
sensor_noise,85,17.0,0,29.877,28.759,94.0,90.0,50.0,50.0,,,position_noise,,no_fusion,move,3,0,88.669,7.647,24.259,uav_2,7.647,False,False,False,False,False
sensor_noise,85,17.0,1,30.198,38.419,90.0,94.0,50.0,50.0,,,position_noise,,no_fusion,move,3,0,81.643,9.665,17.94,uav_0,9.665,False,False,False,False,False
sensor_noise,85,17.0,2,37.053,31.401,86.0,90.0,50.0,50.0,,,position_noise,,no_fusion,move,3,0,76.352,7.647,17.661,uav_0,7.647,False,False,False,False,False
sensor_noise,85,17.0,3,39.982,38.649,90.0,86.0,50.0,50.0,49.823,49.986,position_noise,0.307,no_fusion,move,4,0,68.876,7.817,10.14,uav_2,7.817,False,False,False,False,False
sensor_noise,86,17.2,0,30.166,29.035,94.0,90.0,50.0,50.0,,,position_noise,,no_fusion,move,3,0,88.269,7.627,23.86,uav_2,7.627,False,False,False,False,False
sensor_noise,86,17.2,1,30.491,38.691,90.0,94.0,50.0,50.0,,,position_noise,,no_fusion,move,3,0,81.243,9.661,17.55,uav_0,9.661,False,False,False,False,False
sensor_noise,86,17.2,2,37.309,31.708,86.0,90.0,50.0,50.0,,,position_noise,,no_fusion,move,3,0,75.952,7.627,17.263,uav_0,7.627,False,False,False,False,False
sensor_noise,86,17.2,3,40.365,38.763,90.0,86.0,50.0,50.0,49.548,49.642,position_noise,0.334,no_fusion,avoidance,4,0,68.52,7.688,9.802,uav_2,7.688,False,False,False,False,False
sensor_noise,87,17.4,0,30.456,29.312,94.0,90.0,50.0,50.0,,,position_noise,,no_fusion,move,3,0,87.869,7.607,23.46,uav_2,7.607,False,False,False,False,False
sensor_noise,87,17.4,1,30.784,38.964,90.0,94.0,50.0,50.0,,,position_noise,,no_fusion,move,3,0,80.843,9.658,17.16,uav_0,9.658,False,False,False,False,False
sensor_noise,87,17.4,2,37.566,32.015,86.0,90.0,50.0,50.0,,,position_noise,,no_fusion,move,3,0,75.552,7.567,16.865,uav_3,7.567,False,False,False,False,False
sensor_noise,87,17.4,3,40.747,38.881,90.0,86.0,50.0,50.0,49.939,50.065,position_noise,0.326,no_fusion,avoidance,4,0,68.162,7.567,9.466,uav_2,7.567,False,False,False,False,False
sensor_noise,88,17.6,0,30.745,29.588,94.0,90.0,50.0,50.0,,,position_noise,,no_fusion,move,3,0,87.469,7.587,23.061,uav_2,7.587,False,False,False,False,False
sensor_noise,88,17.6,1,31.077,39.236,90.0,94.0,50.0,50.0,,,position_noise,,no_fusion,move,3,0,80.443,9.654,16.771,uav_0,9.654,False,False,False,False,False
sensor_noise,88,17.6,2,37.822,32.322,86.0,90.0,50.0,50.0,,,position_noise,,no_fusion,move,3,0,75.152,7.446,16.466,uav_3,7.446,False,False,False,False,False
sensor_noise,88,17.6,3,41.131,38.993,90.0,86.0,50.0,50.0,50.032,49.945,position_noise,0.338,no_fusion,avoidance,4,0,67.807,7.446,9.136,uav_2,7.446,False,False,False,False,False
sensor_noise,89,17.8,0,31.034,29.864,94.0,90.0,50.0,50.0,,,position_noise,,no_fusion,move,3,0,87.069,7.568,22.661,uav_2,7.568,False,False,False,False,False
sensor_noise,89,17.8,1,31.37,39.508,90.0,94.0,50.0,50.0,,,position_noise,,no_fusion,move,3,0,80.043,9.609,16.382,uav_2,9.609,False,False,False,False,False
sensor_noise,89,17.8,2,38.079,32.629,86.0,90.0,50.0,50.0,,,position_noise,,no_fusion,move,3,0,74.752,7.324,16.068,uav_3,7.324,False,False,False,False,False
sensor_noise,89,17.8,3,41.518,39.096,90.0,86.0,50.0,50.0,49.85,49.997,position_noise,0.351,no_fusion,avoidance,4,0,67.458,7.324,8.815,uav_2,7.324,False,False,False,False,False
sensor_noise,90,18.0,0,31.323,30.14,94.0,90.0,50.0,50.0,,,position_noise,,no_fusion,move,3,0,86.669,7.548,22.262,uav_2,7.548,False,False,False,False,False
sensor_noise,90,18.0,1,31.663,39.78,90.0,94.0,50.0,50.0,,,position_noise,,no_fusion,move,3,0,79.643,9.558,15.993,uav_2,9.558,False,False,False,False,False
sensor_noise,90,18.0,2,38.335,32.936,86.0,90.0,50.0,50.0,,,position_noise,,no_fusion,move,3,0,74.352,7.203,15.67,uav_3,7.203,False,False,False,False,False
sensor_noise,90,18.0,3,41.906,39.192,90.0,86.0,50.0,50.0,50.01,49.69,position_noise,0.366,no_fusion,avoidance,4,0,67.112,7.203,8.503,uav_2,7.203,False,False,False,False,False
sensor_noise,91,18.2,0,31.613,30.417,94.0,90.0,50.0,50.0,,,position_noise,,no_fusion,move,3,0,86.269,7.529,21.863,uav_2,7.529,False,False,False,False,False
sensor_noise,91,18.2,1,31.956,40.053,90.0,94.0,50.0,50.0,,,position_noise,,no_fusion,move,3,0,79.243,9.508,15.605,uav_2,9.508,False,False,False,False,False
sensor_noise,91,18.2,2,38.591,33.243,86.0,90.0,50.0,50.0,,,position_noise,,no_fusion,move,3,0,73.952,7.087,15.272,uav_3,7.087,False,False,False,False,False
sensor_noise,91,18.2,3,42.295,39.286,90.0,86.0,50.0,50.0,49.982,50.076,position_noise,0.366,no_fusion,avoidance,4,0,66.768,7.087,8.197,uav_2,7.087,False,False,False,False,False
sensor_noise,92,18.4,0,31.902,30.693,94.0,90.0,50.0,50.0,,,position_noise,,no_fusion,move,3,0,85.869,7.511,21.463,uav_2,7.511,False,False,False,False,False
sensor_noise,92,18.4,1,32.248,40.325,90.0,94.0,50.0,50.0,,,position_noise,,no_fusion,move,3,0,78.843,9.458,15.217,uav_2,9.458,False,False,False,False,False
sensor_noise,92,18.4,2,38.848,33.55,86.0,90.0,50.0,50.0,,,position_noise,,no_fusion,move,3,0,73.552,6.969,14.874,uav_3,6.969,False,False,False,False,False
sensor_noise,92,18.4,3,42.687,39.367,90.0,86.0,50.0,50.0,49.613,50.097,position_noise,0.382,no_fusion,avoidance,4,0,66.432,6.969,7.905,uav_2,6.969,False,False,False,False,False
sensor_noise,93,18.6,0,32.191,30.969,94.0,90.0,50.0,50.0,,,position_noise,,no_fusion,move,3,0,85.469,7.492,21.064,uav_2,7.492,False,False,False,False,False
sensor_noise,93,18.6,1,32.541,40.597,90.0,94.0,50.0,50.0,,,position_noise,,no_fusion,move,3,0,78.443,9.407,14.829,uav_2,9.407,False,False,False,False,False
sensor_noise,93,18.6,2,39.104,33.857,86.0,90.0,50.0,50.0,50.529,50.419,position_noise,0.143,no_fusion,move,4,0,73.152,6.849,14.476,uav_3,6.849,False,False,False,False,False
sensor_noise,93,18.6,3,43.081,39.434,90.0,86.0,50.0,50.0,49.136,50.05,position_noise,0.401,no_fusion,avoidance,4,0,66.105,6.849,7.63,uav_2,6.849,False,False,False,False,False
sensor_noise,94,18.8,0,32.48,31.245,94.0,90.0,50.0,50.0,,,position_noise,,no_fusion,move,3,0,85.069,7.474,20.665,uav_2,7.474,False,False,False,False,False
sensor_noise,94,18.8,1,32.834,40.87,90.0,94.0,50.0,50.0,50.027,50.338,position_noise,0.159,no_fusion,move,4,0,78.043,9.357,14.443,uav_2,9.357,False,False,False,False,False
sensor_noise,94,18.8,2,39.361,34.164,86.0,90.0,50.0,50.0,50.193,50.14,position_noise,0.17,no_fusion,move,4,0,72.752,6.735,14.078,uav_3,6.735,False,False,False,False,False
sensor_noise,94,18.8,3,43.476,39.496,90.0,86.0,50.0,50.0,49.903,49.483,position_noise,0.411,no_fusion,avoidance,4,0,65.781,6.735,7.365,uav_2,6.735,False,False,False,False,False
sensor_noise,95,19.0,0,32.77,31.522,94.0,90.0,50.0,50.0,,,position_noise,,no_fusion,move,3,0,84.669,7.456,20.265,uav_2,7.456,False,False,False,False,False
sensor_noise,95,19.0,1,33.127,41.142,90.0,94.0,50.0,50.0,50.053,49.724,position_noise,0.18,no_fusion,move,4,0,77.643,9.307,14.056,uav_2,9.307,False,False,False,False,False
sensor_noise,95,19.0,2,39.617,34.471,86.0,90.0,50.0,50.0,49.475,49.746,position_noise,0.206,no_fusion,move,4,0,72.352,6.637,13.68,uav_3,6.637,False,False,False,False,False
sensor_noise,95,19.0,3,43.87,39.567,90.0,86.0,50.0,50.0,50.303,49.933,position_noise,0.401,no_fusion,avoidance,4,0,65.453,6.637,7.101,uav_2,6.637,False,False,False,False,False
sensor_noise,96,19.2,0,33.059,31.798,94.0,90.0,50.0,50.0,,,position_noise,,no_fusion,move,3,0,84.269,7.438,19.866,uav_2,7.438,False,False,False,False,False
sensor_noise,96,19.2,1,33.42,41.414,90.0,94.0,50.0,50.0,49.889,49.886,position_noise,0.195,no_fusion,move,4,0,77.243,9.256,13.671,uav_2,9.256,False,False,False,False,False
sensor_noise,96,19.2,2,39.874,34.778,86.0,90.0,50.0,50.0,50.179,50.363,position_noise,0.189,no_fusion,move,4,0,71.952,6.543,13.282,uav_3,6.543,False,False,False,False,False
sensor_noise,96,19.2,3,44.265,39.628,90.0,86.0,50.0,50.0,49.999,50.004,position_noise,0.413,no_fusion,avoidance,4,0,65.131,6.543,6.852,uav_2,6.543,False,False,False,False,False
sensor_noise,97,19.4,0,33.348,32.074,94.0,90.0,50.0,50.0,,,position_noise,,no_fusion,move,3,0,83.869,7.42,19.467,uav_2,7.42,False,False,False,False,False
sensor_noise,97,19.4,1,33.713,41.687,90.0,94.0,50.0,50.0,50.033,50.509,position_noise,0.194,no_fusion,move,4,0,76.843,9.206,13.286,uav_2,9.206,False,False,False,False,False
sensor_noise,97,19.4,2,40.13,35.085,86.0,90.0,50.0,50.0,49.942,50.415,position_noise,0.205,no_fusion,move,4,0,71.552,6.458,12.885,uav_3,6.458,False,False,False,False,False
sensor_noise,97,19.4,3,44.661,39.687,90.0,86.0,50.0,50.0,49.858,50.217,position_noise,0.417,no_fusion,avoidance,4,0,64.812,6.458,6.613,uav_2,6.458,False,False,False,False,False
sensor_noise,98,19.6,0,33.638,32.35,94.0,90.0,50.0,50.0,,,position_noise,,no_fusion,move,3,0,83.469,7.403,19.067,uav_2,7.403,False,False,False,False,False
sensor_noise,98,19.6,1,34.006,41.959,90.0,94.0,50.0,50.0,50.048,49.639,position_noise,0.219,no_fusion,move,4,0,76.443,9.156,12.901,uav_2,9.156,False,False,False,False,False
sensor_noise,98,19.6,2,40.386,35.392,86.0,90.0,50.0,50.0,50.455,49.611,position_noise,0.23,no_fusion,move,4,0,71.152,6.375,12.487,uav_3,6.375,False,False,False,False,False
sensor_noise,98,19.6,3,45.058,39.73,90.0,86.0,50.0,50.0,49.762,49.836,position_noise,0.437,no_fusion,avoidance,4,0,64.503,6.375,6.397,uav_2,6.375,False,False,False,False,False
sensor_noise,99,19.8,0,33.927,32.627,94.0,90.0,50.0,50.0,,,position_noise,,no_fusion,move,3,0,83.069,7.385,18.668,uav_2,7.385,False,False,False,False,False
sensor_noise,99,19.8,1,34.299,42.231,90.0,94.0,50.0,50.0,49.68,50.03,position_noise,0.236,no_fusion,move,4,0,76.043,9.105,12.517,uav_2,9.105,False,False,False,False,False
sensor_noise,99,19.8,2,40.643,35.699,86.0,90.0,50.0,50.0,49.934,50.225,position_noise,0.236,no_fusion,move,4,0,70.752,6.309,12.09,uav_3,6.309,False,False,False,False,False
sensor_noise,99,19.8,3,45.455,39.779,90.0,86.0,50.0,50.0,49.722,50.237,position_noise,0.432,no_fusion,avoidance,4,0,64.192,6.309,6.186,obstacle,6.186,False,False,False,False,False
sensor_noise,100,20.0,0,34.216,32.903,94.0,90.0,50.0,50.0,,,position_noise,,no_fusion,move,3,0,82.669,7.369,18.269,uav_2,7.369,False,False,False,False,False
sensor_noise,100,20.0,1,34.592,42.504,90.0,94.0,50.0,50.0,50.186,49.913,position_noise,0.235,no_fusion,move,4,0,75.643,9.055,12.134,uav_2,9.055,False,False,False,False,False
sensor_noise,100,20.0,2,40.899,36.006,86.0,90.0,50.0,50.0,50.111,50.029,position_noise,0.25,no_fusion,move,4,0,70.352,6.253,11.693,uav_3,6.253,False,False,False,False,False
sensor_noise,100,20.0,3,45.853,39.822,90.0,86.0,50.0,50.0,49.878,50.072,position_noise,0.442,no_fusion,avoidance,4,0,63.886,6.253,5.991,obstacle,5.991,False,False,False,False,False
sensor_noise,101,20.2,0,34.505,33.179,94.0,90.0,50.0,50.0,,,position_noise,,no_fusion,move,3,0,82.269,7.352,17.87,uav_2,7.352,False,False,False,False,False
sensor_noise,101,20.2,1,34.885,42.776,90.0,94.0,50.0,50.0,50.067,49.318,position_noise,0.259,no_fusion,move,4,0,75.243,9.005,11.752,uav_2,9.005,False,False,False,False,False
sensor_noise,101,20.2,2,41.156,36.313,86.0,90.0,50.0,50.0,50.039,49.951,position_noise,0.266,no_fusion,move,4,0,69.952,6.216,11.296,uav_3,6.216,False,False,False,False,False
sensor_noise,101,20.2,3,46.249,39.875,90.0,86.0,50.0,50.0,50.058,50.545,position_noise,0.431,no_fusion,avoidance,4,0,63.574,6.216,5.797,obstacle,5.797,False,False,False,False,False
sensor_noise,102,20.4,0,34.795,33.456,94.0,90.0,50.0,50.0,,,position_noise,,no_fusion,move,3,0,81.869,7.335,17.47,uav_2,7.335,False,False,False,False,False
sensor_noise,102,20.4,1,35.178,43.048,90.0,94.0,50.0,50.0,50.064,50.432,position_noise,0.256,no_fusion,move,4,0,74.843,8.954,11.371,uav_2,8.954,False,False,False,False,False
sensor_noise,102,20.4,2,41.412,36.62,86.0,90.0,50.0,50.0,49.745,50.203,position_noise,0.277,no_fusion,move,4,0,69.552,6.182,10.899,uav_3,6.182,False,False,False,False,False
sensor_noise,102,20.4,3,46.648,39.906,90.0,86.0,50.0,50.0,50.024,49.843,position_noise,0.459,no_fusion,avoidance,4,0,63.277,6.182,5.635,obstacle,5.635,False,False,False,False,False
sensor_noise,103,20.6,0,35.084,33.732,94.0,90.0,50.0,50.0,,,position_noise,,no_fusion,move,3,0,81.469,7.319,17.071,uav_2,7.319,False,False,False,False,False
sensor_noise,103,20.6,1,35.471,43.321,90.0,94.0,50.0,50.0,49.843,50.06,position_noise,0.28,no_fusion,move,4,0,74.443,8.904,10.99,uav_2,8.904,False,False,False,False,False
sensor_noise,103,20.6,2,41.669,36.927,86.0,90.0,50.0,50.0,50.46,50.04,position_noise,0.282,no_fusion,move,4,0,69.152,6.166,10.502,uav_3,6.166,False,False,False,False,False
sensor_noise,103,20.6,3,47.046,39.944,90.0,86.0,50.0,50.0,50.394,50.046,position_noise,0.454,no_fusion,avoidance,4,0,62.977,6.166,5.481,obstacle,5.481,False,False,False,False,False
sensor_noise,104,20.8,0,35.373,34.008,94.0,90.0,50.0,50.0,,,position_noise,,no_fusion,move,3,0,81.069,7.303,16.672,uav_2,7.303,False,False,False,False,False
sensor_noise,104,20.8,1,35.764,43.593,90.0,94.0,50.0,50.0,49.811,49.962,position_noise,0.294,no_fusion,move,4,0,74.043,8.854,10.611,uav_2,8.854,False,False,False,False,False
sensor_noise,104,20.8,2,41.925,37.234,86.0,90.0,50.0,50.0,50.072,50.827,position_noise,0.28,no_fusion,move,4,0,68.752,6.166,10.105,uav_3,6.166,False,False,False,False,False
sensor_noise,104,20.8,3,47.445,39.983,90.0,86.0,50.0,50.0,50.251,50.154,position_noise,0.458,no_fusion,avoidance,4,0,62.678,6.166,5.338,obstacle,5.338,False,False,False,False,False
sensor_noise,105,21.0,0,35.662,34.284,94.0,90.0,50.0,50.0,,,position_noise,,no_fusion,move,3,0,80.669,7.287,16.273,uav_2,7.287,False,False,False,False,False
sensor_noise,105,21.0,1,36.057,43.865,90.0,94.0,50.0,50.0,50.227,49.87,position_noise,0.295,no_fusion,move,4,0,73.643,8.803,10.233,uav_2,8.803,False,False,False,False,False
sensor_noise,105,21.0,2,42.181,37.541,86.0,90.0,50.0,50.0,50.549,49.569,position_noise,0.318,no_fusion,move,4,0,68.352,6.176,9.709,uav_3,6.176,False,False,False,False,False
sensor_noise,105,21.0,3,47.844,40.007,90.0,86.0,50.0,50.0,49.871,49.684,position_noise,0.48,no_fusion,avoidance,4,0,62.39,6.176,5.223,obstacle,5.223,False,False,False,False,False
sensor_noise,106,21.2,0,35.952,34.561,94.0,90.0,50.0,50.0,,,position_noise,,no_fusion,move,3,0,80.269,7.306,15.874,uav_2,7.306,False,False,False,False,False
sensor_noise,106,21.2,1,36.35,44.137,90.0,94.0,50.0,50.0,50.006,50.306,position_noise,0.308,no_fusion,move,4,0,73.243,8.939,9.855,uav_2,8.939,False,False,False,False,False
sensor_noise,106,21.2,2,42.55,37.697,86.0,90.0,50.0,50.0,50.041,49.922,position_noise,0.331,no_fusion,avoidance,4,0,67.996,6.157,9.383,uav_3,6.157,False,False,False,False,False
sensor_noise,106,21.2,3,48.242,40.044,90.0,86.0,50.0,50.0,49.695,50.076,position_noise,0.472,no_fusion,avoidance,4,0,62.094,6.157,5.11,obstacle,5.11,False,False,False,False,False
sensor_noise,107,21.4,0,36.241,34.837,94.0,90.0,50.0,50.0,,,position_noise,,no_fusion,move,3,0,79.869,7.326,15.475,uav_2,7.326,False,False,False,False,False
sensor_noise,107,21.4,1,36.695,44.341,90.0,94.0,50.0,50.0,49.97,49.849,position_noise,0.327,no_fusion,avoidance,4,0,72.852,9.004,9.459,uav_2,9.004,False,False,False,False,False
sensor_noise,107,21.4,2,42.924,37.84,86.0,90.0,50.0,50.0,49.596,49.824,position_noise,0.351,no_fusion,avoidance,4,0,67.648,6.139,9.069,uav_3,6.139,False,False,False,False,False
sensor_noise,107,21.4,3,48.641,40.077,90.0,86.0,50.0,50.0,49.835,49.84,position_noise,0.482,no_fusion,avoidance,4,0,61.803,6.139,5.016,obstacle,5.016,False,False,False,False,False
sensor_noise,108,21.6,0,36.53,35.113,94.0,90.0,50.0,50.0,,,position_noise,,no_fusion,move,3,0,79.469,7.35,15.076,uav_2,7.35,False,False,False,False,False
sensor_noise,108,21.6,1,37.048,44.529,90.0,94.0,50.0,50.0,49.798,50.644,position_noise,0.335,no_fusion,avoidance,4,0,72.466,9.044,9.06,uav_2,9.044,False,False,False,False,False
sensor_noise,108,21.6,2,43.295,37.989,86.0,90.0,50.0,50.0,50.211,50.14,position_noise,0.343,no_fusion,avoidance,4,0,67.297,6.125,8.756,uav_3,6.125,False,False,False,False,False
sensor_noise,108,21.6,3,49.039,40.113,90.0,86.0,50.0,50.0,49.89,49.907,position_noise,0.483,no_fusion,avoidance,4,0,61.509,6.125,4.933,obstacle,4.933,False,False,False,False,False
sensor_noise,109,21.8,0,36.82,35.389,94.0,90.0,50.0,50.0,,,position_noise,,no_fusion,move,3,0,79.069,7.377,14.677,uav_2,7.377,False,False,False,False,False
sensor_noise,109,21.8,1,37.392,44.733,90.0,94.0,50.0,50.0,50.416,50.063,position_noise,0.337,no_fusion,avoidance,4,0,72.075,9.11,8.664,obstacle,8.664,False,False,False,False,False
sensor_noise,109,21.8,2,43.669,38.131,86.0,90.0,50.0,50.0,49.873,50.333,position_noise,0.352,no_fusion,avoidance,4,0,66.95,6.11,8.452,uav_3,6.11,False,False,False,False,False
sensor_noise,109,21.8,3,49.438,40.142,90.0,86.0,50.0,50.0,50.126,49.587,position_noise,0.495,no_fusion,avoidance,4,0,61.223,6.11,4.874,obstacle,4.874,False,False,False,False,False
sensor_noise,110,22.0,0,37.109,35.666,94.0,90.0,50.0,50.0,49.8,49.954,position_noise,0.176,no_fusion,move,4,0,78.669,7.407,14.278,uav_2,7.407,False,False,False,False,False
sensor_noise,110,22.0,1,37.744,44.923,90.0,94.0,50.0,50.0,49.504,49.662,position_noise,0.382,no_fusion,avoidance,4,0,71.688,9.175,8.266,obstacle,8.266,False,False,False,False,False
sensor_noise,110,22.0,2,44.048,38.258,86.0,90.0,50.0,50.0,50.113,49.492,position_noise,0.382,no_fusion,avoidance,4,0,66.613,6.096,8.165,uav_3,6.096,False,False,False,False,False
sensor_noise,110,22.0,3,49.837,40.167,90.0,86.0,50.0,50.0,50.31,49.364,position_noise,0.504,no_fusion,avoidance,4,0,60.94,6.096,4.835,obstacle,4.835,False,False,False,False,False
sensor_noise,111,22.2,0,37.398,35.942,94.0,90.0,50.0,50.0,50.349,50.104,position_noise,0.173,no_fusion,move,4,0,78.269,7.442,13.88,uav_2,7.442,False,False,False,False,False
sensor_noise,111,22.2,1,38.095,45.114,90.0,94.0,50.0,50.0,49.992,50.052,position_noise,0.375,no_fusion,avoidance,4,0,71.302,9.198,7.868,obstacle,7.868,False,False,False,False,False
sensor_noise,111,22.2,2,44.428,38.384,86.0,90.0,50.0,50.0,49.851,50.055,position_noise,0.379,no_fusion,avoidance,4,0,66.276,6.086,7.884,uav_3,6.086,False,False,False,False,False
sensor_noise,111,22.2,3,50.236,40.204,90.0,86.0,50.0,50.0,50.195,49.568,position_noise,0.499,no_fusion,avoidance,4,0,60.651,6.086,4.799,obstacle,4.799,False,False,False,False,False
sensor_noise,112,22.4,0,37.687,36.218,94.0,90.0,50.0,50.0,49.787,50.047,position_noise,0.199,no_fusion,move,4,0,77.869,7.48,13.481,uav_2,7.48,False,False,False,False,False
sensor_noise,112,22.4,1,38.454,45.291,90.0,94.0,50.0,50.0,49.801,50.268,position_noise,0.391,no_fusion,avoidance,4,0,70.919,9.106,7.469,obstacle,7.469,False,False,False,False,False
sensor_noise,112,22.4,2,44.809,38.505,86.0,90.0,50.0,50.0,49.642,50.216,position_noise,0.386,no_fusion,avoidance,4,0,65.943,6.082,7.613,uav_3,6.082,False,False,False,False,False
sensor_noise,112,22.4,3,50.631,40.261,90.0,86.0,50.0,50.0,50.612,50.326,position_noise,0.476,no_fusion,avoidance,4,0,60.349,6.082,4.76,obstacle,4.76,False,False,False,False,False
sensor_noise,113,22.6,0,37.977,36.495,94.0,90.0,50.0,50.0,49.746,50.242,position_noise,0.208,no_fusion,move,4,0,77.469,7.522,13.082,uav_2,7.522,False,False,False,False,False
sensor_noise,113,22.6,1,38.812,45.47,90.0,94.0,50.0,50.0,50.152,50.428,position_noise,0.391,no_fusion,avoidance,4,0,70.536,9.015,7.071,obstacle,7.071,False,False,False,False,False
sensor_noise,113,22.6,2,45.19,38.626,86.0,90.0,50.0,50.0,50.174,50.18,position_noise,0.389,no_fusion,avoidance,4,0,65.611,6.079,7.349,uav_3,6.079,False,False,False,False,False
sensor_noise,113,22.6,3,51.026,40.33,90.0,86.0,50.0,50.0,49.782,50.198,position_noise,0.481,no_fusion,avoidance,4,0,60.04,6.079,4.725,obstacle,4.725,False,False,False,False,False
sensor_noise,114,22.8,0,38.266,36.771,94.0,90.0,50.0,50.0,50.477,50.047,position_noise,0.21,no_fusion,move,4,0,77.069,7.568,12.683,uav_2,7.568,False,False,False,False,False
sensor_noise,114,22.8,1,39.173,45.641,90.0,94.0,50.0,50.0,49.689,49.895,position_noise,0.424,no_fusion,avoidance,4,0,70.156,8.917,6.671,obstacle,6.671,False,False,False,False,False
sensor_noise,114,22.8,2,45.576,38.732,86.0,90.0,50.0,50.0,49.959,49.859,position_noise,0.409,no_fusion,avoidance,4,0,65.288,6.074,7.105,uav_3,6.074,False,False,False,False,False
sensor_noise,114,22.8,3,51.422,40.38,90.0,86.0,50.0,50.0,49.96,49.239,position_noise,0.513,no_fusion,avoidance,4,0,59.744,6.074,4.724,obstacle,4.724,False,False,False,False,False
sensor_noise,115,23.0,0,38.555,37.047,94.0,90.0,50.0,50.0,50.52,49.868,position_noise,0.226,no_fusion,move,4,0,76.669,7.62,12.285,uav_2,7.62,False,False,False,False,False
sensor_noise,115,23.0,1,39.535,45.812,90.0,94.0,50.0,50.0,49.825,49.826,position_noise,0.434,no_fusion,avoidance,4,0,69.777,8.82,6.272,obstacle,6.272,False,False,False,False,False
sensor_noise,115,23.0,2,45.962,38.837,86.0,90.0,50.0,50.0,49.485,50.179,position_noise,0.413,no_fusion,avoidance,4,0,64.967,6.073,6.871,uav_3,6.073,False,False,False,False,False
sensor_noise,115,23.0,3,51.816,40.449,90.0,86.0,50.0,50.0,50.028,49.781,position_noise,0.496,no_fusion,avoidance,4,0,59.438,6.073,4.722,obstacle,4.722,False,False,False,False,False
sensor_noise,116,23.2,0,38.844,37.323,94.0,90.0,50.0,50.0,50.006,49.63,position_noise,0.256,no_fusion,move,4,0,76.269,7.676,11.886,uav_2,7.676,False,False,False,False,False
sensor_noise,116,23.2,1,39.889,45.998,90.0,94.0,50.0,50.0,50.371,49.789,position_noise,0.431,no_fusion,avoidance,4,0,69.392,8.738,5.874,obstacle,5.874,False,False,False,False,False
sensor_noise,116,23.2,2,46.35,38.934,86.0,90.0,50.0,50.0,49.832,49.895,position_noise,0.425,no_fusion,avoidance,4,0,64.652,6.072,6.653,uav_3,6.072,False,False,False,False,False
sensor_noise,116,23.2,3,52.208,40.53,90.0,86.0,50.0,50.0,50.023,50.062,position_noise,0.487,no_fusion,avoidance,4,0,59.125,6.072,4.724,obstacle,4.724,False,False,False,False,False
sensor_noise,117,23.4,0,39.134,37.6,94.0,90.0,50.0,50.0,49.282,49.684,position_noise,0.282,no_fusion,move,4,0,75.869,7.737,11.488,uav_2,7.737,False,False,False,False,False
sensor_noise,117,23.4,1,40.257,46.154,90.0,94.0,50.0,50.0,50.062,50.1,position_noise,0.449,no_fusion,avoidance,4,0,69.018,8.628,5.474,obstacle,5.474,False,False,False,False,False
sensor_noise,117,23.4,2,46.735,39.042,86.0,90.0,50.0,50.0,50.318,50.403,position_noise,0.412,no_fusion,avoidance,4,0,64.331,6.071,6.434,uav_3,6.071,False,False,False,False,False
sensor_noise,117,23.4,3,52.601,40.605,90.0,86.0,50.0,50.0,50.405,49.819,position_noise,0.497,no_fusion,avoidance,4,0,58.816,6.071,4.748,obstacle,4.748,False,False,False,False,False
sensor_noise,118,23.6,0,39.423,37.876,94.0,90.0,50.0,50.0,50.745,50.015,position_noise,0.256,no_fusion,move,4,0,75.469,7.804,11.089,uav_2,7.804,False,False,False,False,False
sensor_noise,118,23.6,1,40.626,46.309,90.0,94.0,50.0,50.0,50.291,50.161,position_noise,0.454,no_fusion,avoidance,4,0,68.646,8.519,5.074,obstacle,5.074,False,False,False,False,False
sensor_noise,118,23.6,2,47.125,39.13,86.0,90.0,50.0,50.0,49.985,49.836,position_noise,0.439,no_fusion,avoidance,4,0,64.023,6.071,6.244,uav_3,6.071,False,False,False,False,False
sensor_noise,118,23.6,3,52.991,40.693,90.0,86.0,50.0,50.0,50.496,50.182,position_noise,0.486,no_fusion,avoidance,4,0,58.501,6.071,4.776,obstacle,4.776,False,False,False,False,False
sensor_noise,119,23.8,0,39.712,38.152,94.0,90.0,50.0,50.0,49.808,49.721,position_noise,0.296,no_fusion,move,4,0,75.069,7.876,10.691,uav_2,7.876,False,False,False,False,False
sensor_noise,119,23.8,1,41.001,46.448,90.0,94.0,50.0,50.0,50.276,50.218,position_noise,0.467,no_fusion,avoidance,4,0,68.279,8.396,4.674,obstacle,4.674,False,False,False,False,False
sensor_noise,119,23.8,2,47.518,39.207,86.0,90.0,50.0,50.0,50.136,49.509,position_noise,0.454,no_fusion,avoidance,4,0,63.725,6.072,6.075,uav_3,6.072,False,False,False,False,False
sensor_noise,119,23.8,3,53.377,40.798,90.0,86.0,50.0,50.0,49.604,49.662,position_noise,0.493,no_fusion,avoidance,4,0,58.176,6.072,4.803,obstacle,4.803,False,False,False,False,False
sensor_noise,120,24.0,0,40.001,38.428,94.0,90.0,50.0,50.0,49.767,49.719,position_noise,0.31,no_fusion,move,4,0,74.669,7.954,10.293,uav_2,7.954,False,False,False,False,False
sensor_noise,120,24.0,1,41.382,46.569,90.0,94.0,50.0,50.0,50.273,50.248,position_noise,0.479,no_fusion,avoidance,4,0,67.922,8.257,4.275,obstacle,4.275,False,False,False,False,False
sensor_noise,120,24.0,2,47.908,39.296,86.0,90.0,50.0,50.0,49.816,50.03,position_noise,0.446,no_fusion,avoidance,4,0,63.419,6.072,5.907,obstacle,5.907,False,False,False,False,False
sensor_noise,120,24.0,3,53.764,40.9,90.0,86.0,50.0,50.0,50.076,49.663,position_noise,0.497,no_fusion,avoidance,4,0,57.854,6.072,4.848,obstacle,4.848,False,False,False,False,False
sensor_noise,121,24.2,0,40.291,38.705,94.0,90.0,50.0,50.0,50.199,49.788,position_noise,0.312,no_fusion,move,4,0,74.269,8.033,9.895,uav_2,8.033,False,False,False,False,False
sensor_noise,121,24.2,1,41.774,46.651,90.0,94.0,50.0,50.0,50.046,50.149,position_noise,0.5,no_fusion,avoidance,4,0,67.585,8.083,3.882,obstacle,3.882,False,False,False,False,False
sensor_noise,121,24.2,2,48.294,39.4,86.0,90.0,50.0,50.0,50.383,50.696,position_noise,0.427,no_fusion,avoidance,4,0,63.104,6.072,5.736,obstacle,5.736,False,False,False,False,False
sensor_noise,121,24.2,3,54.144,41.023,90.0,86.0,50.0,50.0,49.445,49.697,position_noise,0.486,no_fusion,avoidance,4,0,57.52,6.072,4.887,obstacle,4.887,False,False,False,False,False
sensor_noise,122,24.4,0,40.672,38.826,94.0,90.0,50.0,50.0,50.143,49.703,position_noise,0.327,no_fusion,avoidance,4,0,73.91,8.039,9.556,uav_2,8.039,False,False,False,False,False
sensor_noise,122,24.4,1,42.159,46.758,90.0,94.0,50.0,50.0,50.312,49.612,position_noise,0.511,no_fusion,avoidance,4,0,67.235,8.071,3.484,obstacle,3.484,True,False,False,False,False
sensor_noise,122,24.4,2,48.684,39.487,86.0,90.0,50.0,50.0,49.961,50.067,position_noise,0.455,no_fusion,avoidance,4,0,62.801,6.072,5.595,obstacle,5.595,False,False,False,False,False
sensor_noise,122,24.4,3,54.526,41.143,90.0,86.0,50.0,50.0,50.111,49.906,position_noise,0.488,no_fusion,avoidance,4,0,57.189,6.072,4.947,obstacle,4.947,False,False,False,False,False
sensor_noise,123,24.6,0,41.054,38.945,94.0,90.0,50.0,50.0,50.367,49.853,position_noise,0.33,no_fusion,avoidance,4,0,73.552,7.989,9.221,uav_1,7.989,False,False,False,False,False
sensor_noise,123,24.6,1,42.558,46.792,90.0,94.0,50.0,50.0,50.338,50.329,position_noise,0.514,no_fusion,avoidance,4,0,66.928,7.989,3.104,obstacle,3.104,True,False,False,False,False
sensor_noise,123,24.6,2,49.076,39.568,86.0,90.0,50.0,50.0,50.198,49.852,position_noise,0.465,no_fusion,avoidance,4,0,62.504,6.072,5.473,obstacle,5.473,False,False,False,False,False
sensor_noise,123,24.6,3,54.903,41.278,90.0,86.0,50.0,50.0,49.814,50.267,position_noise,0.471,no_fusion,avoidance,4,0,56.85,6.072,5.005,obstacle,5.005,False,False,False,False,False
sensor_noise,124,24.8,0,41.441,39.044,94.0,90.0,50.0,50.0,49.811,49.456,position_noise,0.362,no_fusion,avoidance,4,0,73.205,7.876,8.902,uav_1,7.876,False,False,False,False,False
sensor_noise,124,24.8,1,42.957,46.773,90.0,94.0,50.0,50.0,50.342,50.589,position_noise,0.523,no_fusion,avoidance,4,0,66.659,7.876,2.747,obstacle,2.747,True,False,False,False,False
sensor_noise,124,24.8,2,49.465,39.662,86.0,90.0,50.0,50.0,50.154,50.354,position_noise,0.453,no_fusion,avoidance,4,0,62.199,6.072,5.352,obstacle,5.352,False,False,False,False,False
sensor_noise,124,24.8,3,55.278,41.416,90.0,86.0,50.0,50.0,49.988,50.025,position_noise,0.479,no_fusion,avoidance,4,0,56.51,6.072,5.077,obstacle,5.077,False,False,False,False,False
sensor_noise,125,25.0,0,41.829,39.141,94.0,90.0,50.0,50.0,49.571,50.163,position_noise,0.359,no_fusion,avoidance,4,0,72.859,7.686,8.59,uav_1,7.686,False,False,False,False,False
sensor_noise,125,25.0,1,43.346,46.676,90.0,94.0,50.0,50.0,50.122,50.692,position_noise,0.539,no_fusion,avoidance,4,0,66.454,7.686,2.438,obstacle,2.438,True,False,False,False,False
sensor_noise,125,25.0,2,49.854,39.753,86.0,90.0,50.0,50.0,49.891,50.13,position_noise,0.465,no_fusion,avoidance,4,0,61.897,6.072,5.248,obstacle,5.248,False,False,False,False,False
sensor_noise,125,25.0,3,55.649,41.565,90.0,86.0,50.0,50.0,49.869,50.527,position_noise,0.461,no_fusion,avoidance,4,0,56.164,6.072,5.152,obstacle,5.152,False,False,False,False,False
sensor_noise,126,25.2,0,42.218,39.235,94.0,90.0,50.0,50.0,50.005,49.871,position_noise,0.368,no_fusion,avoidance,4,0,72.515,7.393,8.283,uav_1,7.393,False,False,False,False,False
sensor_noise,126,25.2,1,43.693,46.479,90.0,94.0,50.0,50.0,50.129,49.78,position_noise,0.561,no_fusion,avoidance,4,0,66.352,7.393,2.223,obstacle,2.223,True,False,False,False,False
sensor_noise,126,25.2,2,50.245,39.838,86.0,90.0,50.0,50.0,49.914,49.792,position_noise,0.479,no_fusion,avoidance,4,0,61.601,6.072,5.165,obstacle,5.165,False,False,False,False,False
sensor_noise,126,25.2,3,56.016,41.724,90.0,86.0,50.0,50.0,49.609,49.969,position_noise,0.469,no_fusion,avoidance,4,0,55.815,6.072,5.232,obstacle,5.232,False,False,False,False,False
sensor_noise,127,25.4,0,42.611,39.31,94.0,90.0,50.0,50.0,49.308,49.87,position_noise,0.391,no_fusion,avoidance,4,0,72.183,7.145,7.995,uav_1,7.145,False,False,False,False,False
sensor_noise,127,25.4,1,44.055,46.307,90.0,94.0,50.0,50.0,50.326,50.224,position_noise,0.556,no_fusion,avoidance,4,0,66.224,7.145,1.999,obstacle,1.999,True,False,False,False,False
sensor_noise,127,25.4,2,50.635,39.926,86.0,90.0,50.0,50.0,49.572,49.63,position_noise,0.486,no_fusion,avoidance,4,0,61.303,6.073,5.094,obstacle,5.094,False,False,False,False,False
sensor_noise,127,25.4,3,56.386,41.876,90.0,86.0,50.0,50.0,50.258,49.425,position_noise,0.492,no_fusion,avoidance,4,0,55.469,6.073,5.333,obstacle,5.333,False,False,False,False,False
sensor_noise,128,25.6,0,43.0,39.402,94.0,90.0,50.0,50.0,50.405,50.218,position_noise,0.371,no_fusion,avoidance,4,0,71.841,6.715,7.701,uav_1,6.715,False,False,False,False,False
sensor_noise,128,25.6,1,44.299,45.99,90.0,94.0,50.0,50.0,49.751,49.563,position_noise,0.59,no_fusion,avoidance,4,0,66.284,6.715,1.97,obstacle,1.97,True,False,False,False,False
sensor_noise,128,25.6,2,51.022,40.028,86.0,90.0,50.0,50.0,49.516,49.998,position_noise,0.476,no_fusion,avoidance,4,0,60.997,6.072,5.025,obstacle,5.025,False,False,False,False,False
sensor_noise,128,25.6,3,56.751,42.041,90.0,86.0,50.0,50.0,50.08,50.346,position_noise,0.462,no_fusion,avoidance,4,0,55.117,6.072,5.436,obstacle,5.436,False,False,False,False,False
sensor_noise,129,25.8,0,43.393,39.481,94.0,90.0,50.0,50.0,50.103,50.102,position_noise,0.389,no_fusion,avoidance,4,0,71.508,6.359,7.422,uav_1,6.359,False,False,False,False,False
sensor_noise,129,25.8,1,44.597,45.724,90.0,94.0,50.0,50.0,49.766,49.917,position_noise,0.585,no_fusion,avoidance,4,0,66.272,6.359,1.89,obstacle,1.89,True,False,False,False,False
sensor_noise,129,25.8,2,51.41,40.127,86.0,90.0,50.0,50.0,50.144,50.085,position_noise,0.477,no_fusion,avoidance,4,0,60.694,6.072,4.973,obstacle,4.973,False,False,False,False,False
sensor_noise,129,25.8,3,57.111,42.215,90.0,86.0,50.0,50.0,49.962,49.761,position_noise,0.471,no_fusion,avoidance,4,0,54.762,6.072,5.544,obstacle,5.544,False,False,False,False,False
sensor_noise,130,26.0,0,43.786,39.555,94.0,90.0,50.0,50.0,50.177,50.143,position_noise,0.396,no_fusion,avoidance,4,0,71.177,6.053,7.154,uav_1,6.053,False,False,False,False,False
sensor_noise,130,26.0,1,44.928,45.499,90.0,94.0,50.0,50.0,50.098,50.068,position_noise,0.576,no_fusion,avoidance,4,0,66.211,6.053,1.781,obstacle,1.781,True,False,False,False,False
sensor_noise,130,26.0,2,51.792,40.245,86.0,90.0,50.0,50.0,49.397,50.282,position_noise,0.469,no_fusion,avoidance,4,0,60.38,6.07,4.918,obstacle,4.918,False,False,False,False,False
sensor_noise,130,26.0,3,57.467,42.397,90.0,86.0,50.0,50.0,49.856,50.011,position_noise,0.459,no_fusion,avoidance,4,0,54.402,6.07,5.657,obstacle,5.657,False,False,False,False,False
sensor_noise,131,26.2,0,44.18,39.621,94.0,90.0,50.0,50.0,50.261,49.963,position_noise,0.408,no_fusion,avoidance,4,0,70.853,5.72,6.9,uav_1,5.72,False,False,False,False,False
sensor_noise,131,26.2,1,45.235,45.242,90.0,94.0,50.0,50.0,49.88,49.808,position_noise,0.59,no_fusion,avoidance,4,0,66.191,5.72,1.734,obstacle,1.734,True,False,False,False,False
sensor_noise,131,26.2,2,52.174,40.363,86.0,90.0,50.0,50.0,49.952,50.46,position_noise,0.468,no_fusion,avoidance,4,0,60.067,6.067,4.879,obstacle,4.879,False,False,False,False,False
sensor_noise,131,26.2,3,57.819,42.587,90.0,86.0,50.0,50.0,49.786,49.812,position_noise,0.458,no_fusion,avoidance,4,0,54.04,6.067,5.775,obstacle,5.775,False,False,False,False,False
sensor_noise,132,26.4,0,44.574,39.691,94.0,90.0,50.0,50.0,50.485,50.316,position_noise,0.403,no_fusion,avoidance,4,0,70.526,5.45,6.65,uav_1,5.45,False,False,False,False,False
sensor_noise,132,26.4,1,45.584,45.047,90.0,94.0,50.0,50.0,50.094,50.29,position_noise,0.576,no_fusion,avoidance,4,0,66.1,5.45,1.636,obstacle,1.636,True,False,False,False,False
sensor_noise,132,26.4,2,52.56,40.468,86.0,90.0,50.0,50.0,50.342,49.858,position_noise,0.491,no_fusion,avoidance,4,0,59.763,6.067,4.87,obstacle,4.87,False,False,False,False,False
sensor_noise,132,26.4,3,58.168,42.782,90.0,86.0,50.0,50.0,49.764,50.513,position_noise,0.438,no_fusion,avoidance,4,0,53.676,6.067,5.901,obstacle,5.901,False,False,False,False,False
sensor_noise,133,26.6,0,44.971,39.739,94.0,90.0,50.0,50.0,49.625,50.086,position_noise,0.43,no_fusion,avoidance,4,0,70.214,5.208,6.427,uav_1,5.208,False,False,False,False,False
sensor_noise,133,26.6,1,45.936,44.857,90.0,94.0,50.0,50.0,50.59,50.074,position_noise,0.573,no_fusion,avoidance,4,0,66.005,5.208,1.555,obstacle,1.555,True,False,False,False,False
sensor_noise,133,26.6,2,52.945,40.577,86.0,90.0,50.0,50.0,49.932,49.306,position_noise,0.505,no_fusion,avoidance,4,0,59.458,6.067,4.872,obstacle,4.872,False,False,False,False,False
sensor_noise,133,26.6,3,58.515,42.981,90.0,86.0,50.0,50.0,49.998,49.78,position_noise,0.456,no_fusion,avoidance,4,0,53.309,6.067,6.035,obstacle,6.035,False,False,False,False,False
sensor_noise,134,26.8,0,45.37,39.762,94.0,90.0,50.0,50.0,49.684,49.297,position_noise,0.459,no_fusion,avoidance,4,0,69.919,4.952,6.236,uav_1,4.952,False,False,False,False,False
sensor_noise,134,26.8,1,46.266,44.632,90.0,94.0,50.0,50.0,50.054,49.784,position_noise,0.595,no_fusion,avoidance,4,0,65.953,4.952,1.539,obstacle,1.539,True,False,False,False,False
sensor_noise,134,26.8,2,53.324,40.705,86.0,90.0,50.0,50.0,49.995,50.13,position_noise,0.48,no_fusion,avoidance,4,0,59.142,6.066,4.872,obstacle,4.872,False,False,False,False,False
sensor_noise,134,26.8,3,58.861,43.182,90.0,86.0,50.0,50.0,50.315,49.876,position_noise,0.457,no_fusion,avoidance,4,0,52.943,6.066,6.18,uav_2,6.066,False,False,False,False,False
sensor_noise,135,27.0,0,45.768,39.804,94.0,90.0,50.0,50.0,49.932,50.02,position_noise,0.441,no_fusion,avoidance,4,0,69.613,4.674,6.039,uav_1,4.674,False,False,False,False,False
sensor_noise,135,27.0,1,46.596,44.404,90.0,94.0,50.0,50.0,50.247,49.555,position_noise,0.597,no_fusion,avoidance,4,0,65.907,4.674,1.55,obstacle,1.55,True,False,False,False,False
sensor_noise,135,27.0,2,53.7,40.84,86.0,90.0,50.0,50.0,50.255,50.558,position_noise,0.47,no_fusion,avoidance,4,0,58.821,6.064,4.879,obstacle,4.879,False,False,False,False,False
sensor_noise,135,27.0,3,59.199,43.396,90.0,86.0,50.0,50.0,49.742,50.185,position_noise,0.432,no_fusion,avoidance,4,0,52.572,6.064,6.324,uav_2,6.064,False,False,False,False,False
sensor_noise,136,27.2,0,46.164,39.859,94.0,90.0,50.0,50.0,50.218,50.556,position_noise,0.428,no_fusion,avoidance,4,0,69.299,4.457,5.842,uav_1,4.457,False,False,False,False,False
sensor_noise,136,27.2,1,46.962,44.244,90.0,94.0,50.0,50.0,49.942,50.226,position_noise,0.585,no_fusion,avoidance,4,0,65.787,4.457,1.508,obstacle,1.508,True,False,False,False,False
sensor_noise,136,27.2,2,54.077,40.976,86.0,90.0,50.0,50.0,49.98,49.77,position_noise,0.49,no_fusion,avoidance,4,0,58.502,6.062,4.902,obstacle,4.902,False,False,False,False,False
sensor_noise,136,27.2,3,59.533,43.616,90.0,86.0,50.0,50.0,49.814,49.826,position_noise,0.436,no_fusion,avoidance,4,0,52.198,6.062,6.473,uav_2,6.062,False,False,False,False,False
sensor_noise,137,27.4,0,46.562,39.899,94.0,90.0,50.0,50.0,50.094,50.116,position_noise,0.449,no_fusion,avoidance,4,0,68.996,4.237,5.67,uav_1,4.237,False,False,False,False,False
sensor_noise,137,27.4,1,47.321,44.067,90.0,94.0,50.0,50.0,50.204,49.837,position_noise,0.593,no_fusion,avoidance,4,0,65.687,4.237,1.51,obstacle,1.51,True,False,False,False,False
sensor_noise,137,27.4,2,54.441,41.141,86.0,90.0,50.0,50.0,49.097,50.381,position_noise,0.459,no_fusion,avoidance,4,0,58.165,6.059,4.91,obstacle,4.91,False,False,False,False,False
sensor_noise,137,27.4,3,59.868,43.835,90.0,86.0,50.0,50.0,50.176,50.312,position_noise,0.432,no_fusion,avoidance,4,0,51.825,6.059,6.636,uav_2,6.059,False,False,False,False,False
sensor_noise,138,27.6,0,46.961,39.937,94.0,90.0,50.0,50.0,50.448,50.074,position_noise,0.451,no_fusion,avoidance,4,0,68.695,4.049,5.512,uav_1,4.049,False,False,False,False,False
sensor_noise,138,27.6,1,47.693,43.92,90.0,94.0,50.0,50.0,50.793,50.029,position_noise,0.579,no_fusion,avoidance,4,0,65.559,4.049,1.503,obstacle,1.503,True,False,False,False,False
sensor_noise,138,27.6,2,54.815,41.282,86.0,90.0,50.0,50.0,50.667,50.318,position_noise,0.482,no_fusion,avoidance,4,0,57.844,6.058,4.959,obstacle,4.959,False,False,False,False,False
sensor_noise,138,27.6,3,60.2,44.059,90.0,86.0,50.0,50.0,50.253,50.24,position_noise,0.43,no_fusion,avoidance,4,0,51.45,6.058,6.804,uav_2,6.058,False,False,False,False,False
sensor_noise,139,27.8,0,47.359,39.976,94.0,90.0,50.0,50.0,49.554,50.234,position_noise,0.46,no_fusion,avoidance,4,0,68.395,3.877,5.366,uav_1,3.877,False,False,False,False,False
sensor_noise,139,27.8,1,48.07,43.787,90.0,94.0,50.0,50.0,49.754,49.962,position_noise,0.596,no_fusion,avoidance,4,0,65.417,3.877,1.506,obstacle,1.506,True,False,False,False,False
sensor_noise,139,27.8,2,55.184,41.438,86.0,90.0,50.0,50.0,50.246,50.198,position_noise,0.479,no_fusion,avoidance,4,0,57.515,6.057,5.009,obstacle,5.009,False,False,False,False,False
sensor_noise,139,27.8,3,60.53,44.284,90.0,86.0,50.0,50.0,50.532,50.307,position_noise,0.432,no_fusion,avoidance,4,0,51.075,6.057,6.981,uav_2,6.057,False,False,False,False,False
sensor_noise,140,28.0,0,47.758,40.005,94.0,90.0,50.0,50.0,50.098,49.897,position_noise,0.471,no_fusion,avoidance,4,0,68.102,3.756,5.243,uav_1,3.756,False,False,False,False,False
sensor_noise,140,28.0,1,48.459,43.695,90.0,94.0,50.0,50.0,49.712,50.345,position_noise,0.584,no_fusion,avoidance,4,0,65.24,3.756,1.491,obstacle,1.491,True,False,False,False,False
sensor_noise,140,28.0,2,55.544,41.611,86.0,90.0,50.0,50.0,49.613,50.165,position_noise,0.469,no_fusion,avoidance,4,0,57.176,6.053,5.056,obstacle,5.056,False,False,False,False,False
sensor_noise,140,28.0,3,60.85,44.525,90.0,86.0,50.0,50.0,49.827,49.897,position_noise,0.413,no_fusion,avoidance,4,0,50.695,6.053,7.153,uav_2,6.053,False,False,False,False,False
sensor_noise,141,28.2,0,48.054,39.736,94.0,90.0,50.0,50.0,49.655,50.027,position_noise,0.474,no_fusion,avoidance,4,0,68.099,3.948,5.447,uav_1,3.948,False,False,False,False,False
sensor_noise,141,28.2,1,48.848,43.603,90.0,94.0,50.0,50.0,49.654,50.058,position_noise,0.593,no_fusion,avoidance,4,0,65.064,3.948,1.5,obstacle,1.5,True,False,False,False,False
sensor_noise,141,28.2,2,55.909,41.776,86.0,90.0,50.0,50.0,50.241,49.633,position_noise,0.492,no_fusion,avoidance,4,0,56.842,6.05,5.126,obstacle,5.126,False,False,False,False,False
sensor_noise,141,28.2,3,61.165,44.77,90.0,86.0,50.0,50.0,49.998,49.555,position_noise,0.417,no_fusion,avoidance,4,0,50.312,6.05,7.329,uav_2,6.05,False,False,False,False,False
sensor_noise,142,28.4,0,48.45,39.791,94.0,90.0,50.0,50.0,50.306,50.473,position_noise,0.449,no_fusion,avoidance,4,0,67.792,3.816,5.326,uav_1,3.816,False,False,False,False,False
sensor_noise,142,28.4,1,49.241,43.524,90.0,94.0,50.0,50.0,49.981,50.171,position_noise,0.587,no_fusion,avoidance,4,0,64.878,3.816,1.52,obstacle,1.52,True,False,False,False,False
sensor_noise,142,28.4,2,56.272,41.944,86.0,90.0,50.0,50.0,50.529,49.819,position_noise,0.49,no_fusion,avoidance,4,0,56.508,6.047,5.21,obstacle,5.21,False,False,False,False,False
sensor_noise,142,28.4,3,61.48,45.018,90.0,86.0,50.0,50.0,49.917,50.141,position_noise,0.401,no_fusion,avoidance,4,0,49.93,6.047,7.514,uav_2,6.047,False,False,False,False,False
sensor_noise,143,28.6,0,48.848,39.832,94.0,90.0,50.0,50.0,49.912,49.852,position_noise,0.475,no_fusion,avoidance,4,0,67.495,3.691,5.233,uav_1,3.691,False,False,False,False,False
sensor_noise,143,28.6,1,49.632,43.439,90.0,94.0,50.0,50.0,50.542,50.034,position_noise,0.588,no_fusion,avoidance,4,0,64.699,3.691,1.571,obstacle,1.571,True,False,False,False,False
sensor_noise,143,28.6,2,56.625,42.131,86.0,90.0,50.0,50.0,49.899,49.571,position_noise,0.482,no_fusion,avoidance,4,0,56.164,6.043,5.287,obstacle,5.287,False,False,False,False,False
sensor_noise,143,28.6,3,61.788,45.272,90.0,86.0,50.0,50.0,49.9,49.69,position_noise,0.4,no_fusion,avoidance,4,0,49.545,6.043,7.701,uav_2,6.043,False,False,False,False,False
sensor_noise,144,28.8,0,49.246,39.866,94.0,90.0,50.0,50.0,49.923,49.514,position_noise,0.488,no_fusion,avoidance,4,0,67.204,3.579,5.162,uav_1,3.579,False,False,False,False,False
sensor_noise,144,28.8,1,50.023,43.359,90.0,94.0,50.0,50.0,50.073,49.522,position_noise,0.605,no_fusion,avoidance,4,0,64.518,3.579,1.641,obstacle,1.641,True,False,False,False,False
sensor_noise,144,28.8,2,56.981,42.313,86.0,90.0,50.0,50.0,50.54,49.942,position_noise,0.483,no_fusion,avoidance,4,0,55.822,6.04,5.384,obstacle,5.384,False,False,False,False,False
sensor_noise,144,28.8,3,62.094,45.53,90.0,86.0,50.0,50.0,49.775,49.972,position_noise,0.387,no_fusion,avoidance,4,0,49.159,6.04,7.893,uav_2,6.04,False,False,False,False,False
sensor_noise,145,29.0,0,49.541,39.595,94.0,90.0,50.0,50.0,49.75,50.268,position_noise,0.467,no_fusion,avoidance,4,0,67.211,4.194,5.415,uav_1,4.194,False,False,False,False,False
sensor_noise,145,29.0,1,50.06,43.757,90.0,94.0,50.0,50.0,50.33,50.339,position_noise,0.576,no_fusion,avoidance,4,0,64.183,4.194,1.243,obstacle,1.243,True,False,False,False,False
sensor_noise,145,29.0,2,57.331,42.508,86.0,90.0,50.0,50.0,50.283,50.269,position_noise,0.467,no_fusion,avoidance,4,0,55.475,6.038,5.482,obstacle,5.482,False,False,False,False,False
sensor_noise,145,29.0,3,62.401,45.786,90.0,86.0,50.0,50.0,50.119,50.542,position_noise,0.385,no_fusion,avoidance,4,0,48.773,6.038,8.097,uav_2,6.038,False,False,False,False,False
sensor_noise,146,29.2,0,49.937,39.647,94.0,90.0,50.0,50.0,50.027,49.645,position_noise,0.478,no_fusion,avoidance,4,0,66.91,4.06,5.353,uav_1,4.06,False,False,False,False,False
sensor_noise,146,29.2,1,50.452,43.675,90.0,94.0,50.0,50.0,50.377,49.688,position_noise,0.61,no_fusion,avoidance,4,0,64.005,4.06,1.341,obstacle,1.341,True,False,False,False,False
sensor_noise,146,29.2,2,57.677,42.707,86.0,90.0,50.0,50.0,50.369,50.127,position_noise,0.47,no_fusion,avoidance,4,0,55.125,6.034,5.589,obstacle,5.589,False,False,False,False,False
sensor_noise,146,29.2,3,62.7,46.052,90.0,86.0,50.0,50.0,50.144,49.616,position_noise,0.389,no_fusion,avoidance,4,0,48.385,6.034,8.299,uav_2,6.034,False,False,False,False,False
sensor_noise,147,29.4,0,50.332,39.715,94.0,90.0,50.0,50.0,50.142,50.181,position_noise,0.463,no_fusion,avoidance,4,0,66.6,3.988,5.291,uav_1,3.988,False,False,False,False,False
sensor_noise,147,29.4,1,50.852,43.669,90.0,94.0,50.0,50.0,49.601,50.397,position_noise,0.583,no_fusion,avoidance,4,0,63.763,3.988,1.388,obstacle,1.388,True,False,False,False,False
sensor_noise,147,29.4,2,58.015,42.922,86.0,90.0,50.0,50.0,49.817,50.12,position_noise,0.454,no_fusion,avoidance,4,0,54.767,6.031,5.692,obstacle,5.692,False,False,False,False,False
sensor_noise,147,29.4,3,62.998,46.319,90.0,86.0,50.0,50.0,50.284,49.942,position_noise,0.384,no_fusion,avoidance,4,0,47.997,6.031,8.509,uav_2,6.031,False,False,False,False,False
sensor_noise,148,29.6,0,50.727,39.777,94.0,90.0,50.0,50.0,50.315,49.86,position_noise,0.475,no_fusion,avoidance,4,0,66.294,3.91,5.249,uav_1,3.91,False,False,False,False,False
sensor_noise,148,29.6,1,51.251,43.651,90.0,94.0,50.0,50.0,50.118,50.115,position_noise,0.592,no_fusion,avoidance,4,0,63.533,3.91,1.471,obstacle,1.471,True,False,False,False,False
sensor_noise,148,29.6,2,58.353,43.137,86.0,90.0,50.0,50.0,50.273,49.971,position_noise,0.465,no_fusion,avoidance,4,0,54.411,6.027,5.811,obstacle,5.811,False,False,False,False,False
sensor_noise,148,29.6,3,63.29,46.593,90.0,86.0,50.0,50.0,50.029,49.628,position_noise,0.372,no_fusion,avoidance,4,0,47.606,6.027,8.719,uav_2,6.027,False,False,False,False,False
sensor_noise,149,29.8,0,51.122,39.839,94.0,90.0,50.0,50.0,50.052,49.539,position_noise,0.487,no_fusion,avoidance,4,0,65.99,3.846,5.223,uav_1,3.846,False,False,False,False,False
sensor_noise,149,29.8,1,51.651,43.648,90.0,94.0,50.0,50.0,49.956,49.785,position_noise,0.599,no_fusion,avoidance,4,0,63.293,3.846,1.563,obstacle,1.563,True,False,False,False,False
sensor_noise,149,29.8,2,58.679,43.367,86.0,90.0,50.0,50.0,49.583,49.859,position_noise,0.446,no_fusion,avoidance,4,0,54.047,6.021,5.923,obstacle,5.923,False,False,False,False,False
sensor_noise,149,29.8,3,63.573,46.875,90.0,86.0,50.0,50.0,49.593,49.162,position_noise,0.354,no_fusion,avoidance,4,0,47.214,6.021,8.928,uav_2,6.021,False,False,False,False,False
sensor_noise,150,30.0,0,51.512,39.927,94.0,90.0,50.0,50.0,49.932,50.448,position_noise,0.458,no_fusion,avoidance,4,0,65.67,3.761,5.186,uav_1,3.761,False,False,False,False,False
sensor_noise,150,30.0,1,52.051,43.648,90.0,94.0,50.0,50.0,50.484,50.078,position_noise,0.591,no_fusion,avoidance,4,0,63.051,3.761,1.675,obstacle,1.675,True,False,False,False,False
sensor_noise,150,30.0,2,59.006,43.599,86.0,90.0,50.0,50.0,49.885,50.197,position_noise,0.444,no_fusion,avoidance,4,0,53.682,6.017,6.049,uav_3,6.017,False,False,False,False,False
sensor_noise,150,30.0,3,63.861,47.152,90.0,86.0,50.0,50.0,50.091,50.054,position_noise,0.357,no_fusion,avoidance,4,0,46.823,6.017,9.151,uav_2,6.017,False,False,False,False,False
sensor_noise,151,30.2,0,51.902,40.016,94.0,90.0,50.0,50.0,49.918,50.282,position_noise,0.465,no_fusion,avoidance,4,0,65.35,3.699,5.164,uav_1,3.699,False,False,False,False,False
sensor_noise,151,30.2,1,52.45,43.674,90.0,94.0,50.0,50.0,50.068,49.677,position_noise,0.597,no_fusion,avoidance,4,0,62.79,3.699,1.784,obstacle,1.784,True,False,False,False,False
sensor_noise,151,30.2,2,59.327,43.837,86.0,90.0,50.0,50.0,49.789,50.076,position_noise,0.44,no_fusion,avoidance,4,0,53.315,6.013,6.179,uav_3,6.013,False,False,False,False,False
sensor_noise,151,30.2,3,64.145,47.434,90.0,86.0,50.0,50.0,49.974,50.028,position_noise,0.346,no_fusion,avoidance,4,0,46.431,6.013,9.376,uav_2,6.013,False,False,False,False,False
sensor_noise,152,30.4,0,52.293,40.101,94.0,90.0,50.0,50.0,49.772,49.598,position_noise,0.486,no_fusion,avoidance,4,0,65.034,3.97,5.161,uav_1,3.97,False,False,False,False,False
sensor_noise,152,30.4,1,52.546,44.063,90.0,94.0,50.0,50.0,50.213,50.005,position_noise,0.585,no_fusion,avoidance,4,0,62.422,3.97,1.46,obstacle,1.46,True,False,False,False,False
sensor_noise,152,30.4,2,59.647,44.077,86.0,90.0,50.0,50.0,50.146,50.028,position_noise,0.446,no_fusion,avoidance,4,0,52.947,6.009,6.32,uav_3,6.009,False,False,False,False,False
sensor_noise,152,30.4,3,64.427,47.718,90.0,86.0,50.0,50.0,50.027,50.056,position_noise,0.34,no_fusion,avoidance,4,0,46.038,6.009,9.606,uav_2,6.009,False,False,False,False,False
sensor_noise,153,30.6,0,52.686,40.177,94.0,90.0,50.0,50.0,50.769,49.702,position_noise,0.489,no_fusion,avoidance,4,0,64.724,3.944,5.183,uav_1,3.944,False,False,False,False,False
sensor_noise,153,30.6,1,52.943,44.113,90.0,94.0,50.0,50.0,50.003,50.092,position_noise,0.591,no_fusion,avoidance,4,0,62.145,3.944,1.581,obstacle,1.581,True,False,False,False,False
sensor_noise,153,30.6,2,59.965,44.32,86.0,90.0,50.0,50.0,50.295,50.166,position_noise,0.443,no_fusion,avoidance,4,0,52.579,6.004,6.47,uav_3,6.004,False,False,False,False,False
sensor_noise,153,30.6,3,64.704,48.006,90.0,86.0,50.0,50.0,49.763,50.008,position_noise,0.325,no_fusion,avoidance,4,0,45.644,6.004,9.839,uav_2,6.004,False,False,False,False,False
sensor_noise,154,30.8,0,53.071,40.286,94.0,90.0,50.0,50.0,49.733,50.27,position_noise,0.464,no_fusion,avoidance,4,0,64.395,3.909,5.187,uav_1,3.909,False,False,False,False,False
sensor_noise,154,30.8,1,53.336,44.186,90.0,94.0,50.0,50.0,49.86,50.127,position_noise,0.584,no_fusion,avoidance,4,0,61.852,3.909,1.703,obstacle,1.703,True,False,False,False,False
sensor_noise,154,30.8,2,60.276,44.571,86.0,90.0,50.0,50.0,50.061,50.189,position_noise,0.432,no_fusion,avoidance,4,0,52.207,5.985,6.622,uav_3,5.985,False,False,False,False,False
sensor_noise,154,30.8,3,64.926,48.339,90.0,86.0,50.0,50.0,49.829,50.531,position_noise,0.317,no_fusion,move,4,0,45.244,5.985,10.018,uav_2,5.985,False,False,False,False,False
sensor_noise,155,31.0,0,53.398,40.056,94.0,90.0,50.0,50.0,49.643,50.058,position_noise,0.469,no_fusion,avoidance,4,0,64.365,4.527,5.508,uav_1,4.527,False,False,False,False,False
sensor_noise,155,31.0,1,53.377,44.584,90.0,94.0,50.0,50.0,49.722,50.279,position_noise,0.573,no_fusion,avoidance,4,0,61.508,4.527,1.383,obstacle,1.383,True,False,False,False,False
sensor_noise,155,31.0,2,60.587,44.822,86.0,90.0,50.0,50.0,50.521,50.077,position_noise,0.442,no_fusion,avoidance,4,0,51.835,5.982,6.786,uav_3,5.982,False,False,False,False,False
sensor_noise,155,31.0,3,65.199,48.631,90.0,86.0,50.0,50.0,50.054,50.133,position_noise,0.321,no_fusion,avoidance,4,0,44.85,5.982,10.261,uav_2,5.982,False,False,False,False,False
sensor_noise,156,31.2,0,53.779,40.176,94.0,90.0,50.0,50.0,49.954,50.214,position_noise,0.457,no_fusion,avoidance,4,0,64.032,4.462,5.526,uav_1,4.462,False,False,False,False,False
sensor_noise,156,31.2,1,53.773,44.638,90.0,94.0,50.0,50.0,50.577,49.833,position_noise,0.61,no_fusion,avoidance,4,0,61.228,4.462,1.556,obstacle,1.556,True,False,False,False,False
sensor_noise,156,31.2,2,60.89,45.083,86.0,90.0,50.0,50.0,50.068,50.085,position_noise,0.424,no_fusion,avoidance,4,0,51.459,5.965,6.949,uav_3,5.965,False,False,False,False,False
sensor_noise,156,31.2,3,65.421,48.964,90.0,86.0,50.0,50.0,49.94,49.755,position_noise,0.31,no_fusion,move,4,0,44.45,5.965,10.455,uav_2,5.965,False,False,False,False,False
sensor_noise,157,31.4,0,54.158,40.305,94.0,90.0,50.0,50.0,50.039,50.605,position_noise,0.445,no_fusion,avoidance,4,0,63.694,4.416,5.549,uav_1,4.416,False,False,False,False,False
sensor_noise,157,31.4,1,54.165,44.721,90.0,94.0,50.0,50.0,50.404,50.314,position_noise,0.589,no_fusion,avoidance,4,0,60.931,4.416,1.724,obstacle,1.724,True,False,False,False,False
sensor_noise,157,31.4,2,61.189,45.349,86.0,90.0,50.0,50.0,50.148,50.01,position_noise,0.422,no_fusion,avoidance,4,0,51.081,5.951,7.117,uav_3,5.951,False,False,False,False,False
sensor_noise,157,31.4,3,65.642,49.298,90.0,86.0,50.0,50.0,50.137,50.016,position_noise,0.31,no_fusion,move,4,0,44.05,5.951,10.658,uav_2,5.951,False,False,False,False,False
sensor_noise,158,31.6,0,54.538,40.432,94.0,90.0,50.0,50.0,49.812,49.461,position_noise,0.476,no_fusion,avoidance,4,0,63.358,4.402,5.589,uav_1,4.402,False,False,False,False,False
sensor_noise,158,31.6,1,54.548,44.834,90.0,94.0,50.0,50.0,50.009,50.131,position_noise,0.582,no_fusion,avoidance,4,0,60.614,4.402,1.883,obstacle,1.883,True,False,False,False,False
sensor_noise,158,31.6,2,61.485,45.618,86.0,90.0,50.0,50.0,50.208,50.167,position_noise,0.416,no_fusion,avoidance,4,0,50.702,5.939,7.293,uav_3,5.939,False,False,False,False,False
sensor_noise,158,31.6,3,65.863,49.631,90.0,86.0,50.0,50.0,49.893,50.028,position_noise,0.295,no_fusion,move,4,0,43.65,5.939,10.867,uav_2,5.939,False,False,False,False,False
sensor_noise,159,31.8,0,54.914,40.567,94.0,90.0,50.0,50.0,50.359,50.668,position_noise,0.446,no_fusion,avoidance,4,0,63.018,4.401,5.636,uav_1,4.401,False,False,False,False,False
sensor_noise,159,31.8,1,54.925,44.968,90.0,94.0,50.0,50.0,49.791,50.354,position_noise,0.567,no_fusion,avoidance,4,0,60.286,4.401,2.041,obstacle,2.041,True,False,False,False,False
sensor_noise,159,31.8,2,61.774,45.895,86.0,90.0,50.0,50.0,49.923,49.928,position_noise,0.405,no_fusion,avoidance,4,0,50.321,5.928,7.469,uav_3,5.928,False,False,False,False,False
sensor_noise,159,31.8,3,66.084,49.964,90.0,86.0,50.0,50.0,50.024,49.637,position_noise,0.293,no_fusion,move,4,0,43.25,5.928,11.084,uav_2,5.928,False,False,False,False,False
sensor_noise,160,32.0,0,55.289,40.707,94.0,90.0,50.0,50.0,49.922,49.597,position_noise,0.47,no_fusion,avoidance,4,0,62.677,4.397,5.693,uav_1,4.397,False,False,False,False,False
sensor_noise,160,32.0,1,55.302,45.104,90.0,94.0,50.0,50.0,50.34,49.393,position_noise,0.596,no_fusion,avoidance,4,0,59.957,4.397,2.217,obstacle,2.217,True,False,False,False,False
sensor_noise,160,32.0,2,62.059,46.175,86.0,90.0,50.0,50.0,50.024,49.88,position_noise,0.403,no_fusion,avoidance,4,0,49.938,5.918,7.651,uav_3,5.918,False,False,False,False,False
sensor_noise,160,32.0,3,66.305,50.298,90.0,86.0,50.0,50.0,50.038,49.324,position_noise,0.286,no_fusion,move,4,0,42.85,5.918,11.308,uav_2,5.918,False,False,False,False,False
sensor_noise,161,32.2,0,55.661,40.854,94.0,90.0,50.0,50.0,50.018,50.045,position_noise,0.457,no_fusion,avoidance,4,0,62.331,4.398,5.756,uav_1,4.398,False,False,False,False,False
sensor_noise,161,32.2,1,55.673,45.252,90.0,94.0,50.0,50.0,50.261,49.86,position_noise,0.578,no_fusion,avoidance,4,0,59.621,4.398,2.398,obstacle,2.398,True,False,False,False,False
sensor_noise,161,32.2,2,62.339,46.461,86.0,90.0,50.0,50.0,49.98,49.777,position_noise,0.397,no_fusion,avoidance,4,0,49.553,5.909,7.837,uav_3,5.909,False,False,False,False,False
sensor_noise,161,32.2,3,66.527,50.631,90.0,86.0,50.0,50.0,50.026,49.96,position_noise,0.279,no_fusion,move,4,0,42.45,5.909,11.539,uav_2,5.909,False,False,False,False,False
sensor_noise,162,32.4,0,56.033,41.0,94.0,90.0,50.0,50.0,50.431,49.911,position_noise,0.465,no_fusion,avoidance,4,0,61.988,4.424,5.835,uav_1,4.424,False,False,False,False,False
sensor_noise,162,32.4,1,56.035,45.424,90.0,94.0,50.0,50.0,49.794,50.154,position_noise,0.555,no_fusion,avoidance,4,0,59.273,4.424,2.573,obstacle,2.573,True,False,False,False,False
sensor_noise,162,32.4,2,62.623,46.743,86.0,90.0,50.0,50.0,50.303,50.665,position_noise,0.392,no_fusion,avoidance,4,0,49.17,5.902,8.036,uav_3,5.902,False,False,False,False,False
sensor_noise,162,32.4,3,66.748,50.964,90.0,86.0,50.0,50.0,50.126,50.216,position_noise,0.275,no_fusion,move,4,0,42.05,5.902,11.776,uav_2,5.902,False,False,False,False,False
sensor_noise,163,32.6,0,56.401,41.156,94.0,90.0,50.0,50.0,50.299,50.208,position_noise,0.453,no_fusion,avoidance,4,0,61.639,4.438,5.918,uav_1,4.438,False,False,False,False,False
sensor_noise,163,32.6,1,56.397,45.594,90.0,94.0,50.0,50.0,50.414,49.839,position_noise,0.571,no_fusion,avoidance,4,0,58.927,4.438,2.767,obstacle,2.767,True,False,False,False,False
sensor_noise,163,32.6,2,62.899,47.032,86.0,90.0,50.0,50.0,49.914,50.457,position_noise,0.376,no_fusion,avoidance,4,0,48.784,5.895,8.236,uav_3,5.895,False,False,False,False,False
sensor_noise,163,32.6,3,66.969,51.297,90.0,86.0,50.0,50.0,50.522,50.154,position_noise,0.28,no_fusion,move,4,0,41.65,5.895,12.019,uav_2,5.895,False,False,False,False,False
sensor_noise,164,32.8,0,56.765,41.322,94.0,90.0,50.0,50.0,49.975,49.751,position_noise,0.457,no_fusion,avoidance,4,0,61.286,4.455,6.003,uav_1,4.455,False,False,False,False,False
sensor_noise,164,32.8,1,56.752,45.777,90.0,94.0,50.0,50.0,50.161,50.284,position_noise,0.55,no_fusion,avoidance,4,0,58.574,4.455,2.964,obstacle,2.964,True,False,False,False,False
sensor_noise,164,32.8,2,63.168,47.328,86.0,90.0,50.0,50.0,50.022,49.789,position_noise,0.379,no_fusion,avoidance,4,0,48.396,5.89,8.436,uav_3,5.89,False,False,False,False,False
sensor_noise,164,32.8,3,67.19,51.631,90.0,86.0,50.0,50.0,49.652,49.745,position_noise,0.244,no_fusion,move,4,0,41.25,5.89,12.267,uav_2,5.89,False,False,False,False,False
sensor_noise,165,33.0,0,57.126,41.495,94.0,90.0,50.0,50.0,49.958,49.295,position_noise,0.465,no_fusion,avoidance,4,0,60.93,4.484,6.096,uav_1,4.484,False,False,False,False,False
sensor_noise,165,33.0,1,57.097,45.979,90.0,94.0,50.0,50.0,49.701,50.339,position_noise,0.531,no_fusion,avoidance,4,0,58.212,4.484,3.157,obstacle,3.157,True,False,False,False,False
sensor_noise,165,33.0,2,63.433,47.628,86.0,90.0,50.0,50.0,49.865,49.9,position_noise,0.366,no_fusion,avoidance,4,0,48.007,5.884,8.641,uav_3,5.884,False,False,False,False,False
sensor_noise,165,33.0,3,67.411,51.964,90.0,86.0,50.0,50.0,49.917,49.72,position_noise,0.244,no_fusion,move,4,0,40.85,5.884,12.522,uav_2,5.884,False,False,False,False,False
sensor_noise,166,33.2,0,57.487,41.666,94.0,90.0,50.0,50.0,50.438,49.957,position_noise,0.455,no_fusion,avoidance,4,0,60.575,4.522,6.203,uav_1,4.522,False,False,False,False,False
sensor_noise,166,33.2,1,57.439,46.188,90.0,94.0,50.0,50.0,50.186,49.764,position_noise,0.548,no_fusion,avoidance,4,0,57.847,4.522,3.358,obstacle,3.358,True,False,False,False,False
sensor_noise,166,33.2,2,63.7,47.926,86.0,90.0,50.0,50.0,50.099,50.488,position_noise,0.364,no_fusion,avoidance,4,0,47.618,5.88,8.856,uav_3,5.88,False,False,False,False,False
sensor_noise,166,33.2,3,67.633,52.297,90.0,86.0,50.0,50.0,50.186,49.969,position_noise,0.245,no_fusion,move,4,0,40.45,5.88,12.782,uav_2,5.88,False,False,False,False,False
sensor_noise,167,33.4,0,57.841,41.854,94.0,90.0,50.0,50.0,49.833,49.762,position_noise,0.443,no_fusion,avoidance,4,0,60.213,4.56,6.307,uav_1,4.56,False,False,False,False,False
sensor_noise,167,33.4,1,57.769,46.413,90.0,94.0,50.0,50.0,49.825,49.687,position_noise,0.532,no_fusion,avoidance,4,0,57.475,4.56,3.557,obstacle,3.557,False,False,False,False,False
sensor_noise,167,33.4,2,63.963,48.227,86.0,90.0,50.0,50.0,50.605,50.255,position_noise,0.374,no_fusion,avoidance,4,0,47.229,5.876,9.075,uav_3,5.876,False,False,False,False,False
sensor_noise,167,33.4,3,67.854,52.63,90.0,86.0,50.0,50.0,50.357,50.353,position_noise,0.244,no_fusion,move,4,0,40.05,5.876,13.046,uav_2,5.876,False,False,False,False,False
sensor_noise,168,33.6,0,58.193,42.043,94.0,90.0,50.0,50.0,50.048,49.936,position_noise,0.441,no_fusion,avoidance,4,0,59.85,4.601,6.421,uav_1,4.601,False,False,False,False,False
sensor_noise,168,33.6,1,58.096,46.643,90.0,94.0,50.0,50.0,49.63,50.134,position_noise,0.514,no_fusion,avoidance,4,0,57.101,4.601,3.764,obstacle,3.764,False,False,False,False,False
sensor_noise,168,33.6,2,64.22,48.534,86.0,90.0,50.0,50.0,50.393,49.892,position_noise,0.362,no_fusion,avoidance,4,0,46.838,5.872,9.295,uav_3,5.872,False,False,False,False,False
sensor_noise,168,33.6,3,68.075,52.964,90.0,86.0,50.0,50.0,49.873,49.651,position_noise,0.217,no_fusion,move,4,0,39.65,5.872,13.316,uav_2,5.872,False,False,False,False,False
sensor_noise,169,33.8,0,58.541,42.241,94.0,90.0,50.0,50.0,49.937,50.028,position_noise,0.432,no_fusion,avoidance,4,0,59.484,4.634,6.539,uav_1,4.634,False,False,False,False,False
sensor_noise,169,33.8,1,58.423,46.874,90.0,94.0,50.0,50.0,50.291,50.018,position_noise,0.528,no_fusion,avoidance,4,0,56.727,4.634,3.985,obstacle,3.985,False,False,False,False,False
sensor_noise,169,33.8,2,64.47,48.846,86.0,90.0,50.0,50.0,49.611,49.869,position_noise,0.331,no_fusion,avoidance,4,0,46.445,5.869,9.516,uav_3,5.869,False,False,False,False,False
sensor_noise,169,33.8,3,68.296,53.297,90.0,86.0,50.0,50.0,50.36,50.021,position_noise,0.225,no_fusion,move,4,0,39.25,5.869,13.591,uav_2,5.869,False,False,False,False,False
sensor_noise,170,34.0,0,58.891,42.435,94.0,90.0,50.0,50.0,50.535,49.954,position_noise,0.444,no_fusion,avoidance,4,0,59.119,4.674,6.673,uav_1,4.674,False,False,False,False,False
sensor_noise,170,34.0,1,58.748,47.107,90.0,94.0,50.0,50.0,50.426,50.232,position_noise,0.522,no_fusion,avoidance,4,0,56.353,4.674,4.214,obstacle,4.214,False,False,False,False,False
sensor_noise,170,34.0,2,64.655,49.201,86.0,90.0,50.0,50.0,48.949,49.901,position_noise,0.302,no_fusion,move,4,0,46.045,5.877,9.677,uav_3,5.877,False,False,False,False,False
sensor_noise,170,34.0,3,68.517,53.63,90.0,86.0,50.0,50.0,50.275,49.446,position_noise,0.21,no_fusion,move,4,0,38.85,5.877,13.87,uav_2,5.877,False,False,False,False,False
sensor_noise,171,34.2,0,59.231,42.646,94.0,90.0,50.0,50.0,49.741,50.137,position_noise,0.417,no_fusion,avoidance,4,0,58.748,4.71,6.802,uav_1,4.71,False,False,False,False,False
sensor_noise,171,34.2,1,59.064,47.352,90.0,94.0,50.0,50.0,50.052,50.25,position_noise,0.504,no_fusion,avoidance,4,0,55.974,4.71,4.443,obstacle,4.443,False,False,False,False,False
sensor_noise,171,34.2,2,64.901,49.516,86.0,90.0,50.0,50.0,50.149,49.877,position_noise,0.335,no_fusion,avoidance,4,0,45.652,5.874,9.909,uav_3,5.874,False,False,False,False,False
sensor_noise,171,34.2,3,68.738,53.964,90.0,86.0,50.0,50.0,49.903,50.302,position_noise,0.195,no_fusion,move,4,0,38.45,5.874,14.153,uav_2,5.874,False,False,False,False,False
sensor_noise,172,34.4,0,59.572,42.855,94.0,90.0,50.0,50.0,50.291,50.075,position_noise,0.428,no_fusion,avoidance,4,0,58.378,4.765,6.945,uav_1,4.765,False,False,False,False,False
sensor_noise,172,34.4,1,59.366,47.615,90.0,94.0,50.0,50.0,50.056,49.383,position_noise,0.505,no_fusion,avoidance,4,0,55.588,4.765,4.665,obstacle,4.665,False,False,False,False,False
sensor_noise,172,34.4,2,65.086,49.871,86.0,90.0,50.0,50.0,49.551,50.688,position_noise,0.307,no_fusion,move,4,0,45.252,5.882,10.087,uav_3,5.882,False,False,False,False,False
sensor_noise,172,34.4,3,68.96,54.297,90.0,86.0,50.0,50.0,50.009,50.556,position_noise,0.191,no_fusion,move,4,0,38.05,5.882,14.44,uav_2,5.882,False,False,False,False,False
sensor_noise,173,34.6,0,59.912,43.064,94.0,90.0,50.0,50.0,50.689,49.958,position_noise,0.436,no_fusion,avoidance,4,0,58.008,4.816,7.098,uav_1,4.816,False,False,False,False,False
sensor_noise,173,34.6,1,59.67,47.874,90.0,94.0,50.0,50.0,49.921,50.224,position_noise,0.486,no_fusion,avoidance,4,0,55.204,4.816,4.901,uav_0,4.816,False,False,False,False,False
sensor_noise,173,34.6,2,65.331,50.187,86.0,90.0,50.0,50.0,50.291,50.67,position_noise,0.326,no_fusion,avoidance,4,0,44.858,5.879,10.333,uav_3,5.879,False,False,False,False,False
sensor_noise,173,34.6,3,69.181,54.63,90.0,86.0,50.0,50.0,49.879,49.833,position_noise,0.173,no_fusion,move,4,0,37.65,5.879,14.732,uav_2,5.879,False,False,False,False,False
sensor_noise,174,34.8,0,60.242,43.291,94.0,90.0,50.0,50.0,49.737,49.921,position_noise,0.407,no_fusion,avoidance,4,0,57.631,4.859,7.244,uav_1,4.859,False,False,False,False,False
sensor_noise,174,34.8,1,59.968,48.141,90.0,94.0,50.0,50.0,50.258,49.799,position_noise,0.493,no_fusion,avoidance,4,0,54.817,4.859,5.14,uav_0,4.859,False,False,False,False,False
sensor_noise,174,34.8,2,65.516,50.542,86.0,90.0,50.0,50.0,50.127,49.556,position_noise,0.313,no_fusion,move,4,0,44.458,5.887,10.525,uav_3,5.887,False,False,False,False,False
sensor_noise,174,34.8,3,69.402,54.963,90.0,86.0,50.0,50.0,50.113,50.178,position_noise,0.173,no_fusion,move,4,0,37.25,5.887,15.027,uav_2,5.887,False,False,False,False,False
sensor_noise,175,35.0,0,60.571,43.518,94.0,90.0,50.0,50.0,50.006,50.084,position_noise,0.407,no_fusion,avoidance,4,0,57.254,4.905,7.4,uav_1,4.905,False,False,False,False,False
sensor_noise,175,35.0,1,60.261,48.413,90.0,94.0,50.0,50.0,49.915,50.092,position_noise,0.472,no_fusion,avoidance,4,0,54.429,4.905,5.383,uav_0,4.905,False,False,False,False,False
sensor_noise,175,35.0,2,65.7,50.897,86.0,90.0,50.0,50.0,50.367,49.934,position_noise,0.315,no_fusion,move,4,0,44.058,5.895,10.726,uav_3,5.895,False,False,False,False,False
sensor_noise,175,35.0,3,69.623,55.297,90.0,86.0,50.0,50.0,,,position_noise,,no_fusion,move,3,0,36.85,5.895,15.326,uav_2,5.895,False,False,False,False,False
sensor_noise,176,35.2,0,60.9,43.747,94.0,90.0,50.0,50.0,50.237,50.548,position_noise,0.4,no_fusion,avoidance,4,0,56.877,4.957,7.566,uav_1,4.957,False,False,False,False,False
sensor_noise,176,35.2,1,60.549,48.691,90.0,94.0,50.0,50.0,50.67,49.57,position_noise,0.491,no_fusion,avoidance,4,0,54.039,4.957,5.63,uav_0,4.957,False,False,False,False,False
sensor_noise,176,35.2,2,65.884,51.252,86.0,90.0,50.0,50.0,50.144,50.083,position_noise,0.302,no_fusion,move,4,0,43.658,5.904,10.934,uav_3,5.904,False,False,False,False,False
sensor_noise,176,35.2,3,69.844,55.63,90.0,86.0,50.0,50.0,,,position_noise,,no_fusion,move,3,0,36.45,5.904,15.628,uav_2,5.904,False,False,False,False,False
sensor_noise,177,35.4,0,61.222,43.984,94.0,90.0,50.0,50.0,50.086,49.858,position_noise,0.403,no_fusion,avoidance,4,0,56.497,5.003,7.733,uav_1,5.003,False,False,False,False,False
sensor_noise,177,35.4,1,60.834,48.972,90.0,94.0,50.0,50.0,50.107,50.089,position_noise,0.463,no_fusion,avoidance,4,0,53.649,5.003,5.883,uav_0,5.003,False,False,False,False,False
sensor_noise,177,35.4,2,66.069,51.607,86.0,90.0,50.0,50.0,50.261,50.36,position_noise,0.299,no_fusion,move,4,0,43.258,5.86,11.149,uav_1,5.86,False,False,False,False,False
sensor_noise,177,35.4,3,70.066,55.963,90.0,86.0,50.0,50.0,,,position_noise,,no_fusion,move,3,0,36.05,5.912,15.933,uav_2,5.912,False,False,False,False,False
sensor_noise,178,35.6,0,61.548,44.216,94.0,90.0,50.0,50.0,50.82,50.523,position_noise,0.407,no_fusion,avoidance,4,0,56.119,5.062,7.915,uav_1,5.062,False,False,False,False,False
sensor_noise,178,35.6,1,61.112,49.259,90.0,94.0,50.0,50.0,49.629,50.007,position_noise,0.44,no_fusion,avoidance,4,0,53.256,5.062,6.137,uav_0,5.062,False,False,False,False,False
sensor_noise,178,35.6,2,66.253,51.962,86.0,90.0,50.0,50.0,50.381,50.041,position_noise,0.296,no_fusion,move,4,0,42.858,5.808,11.371,uav_1,5.808,False,False,False,False,False
sensor_noise,178,35.6,3,70.287,56.297,90.0,86.0,50.0,50.0,,,position_noise,,no_fusion,move,3,0,35.65,5.921,16.241,uav_2,5.921,False,False,False,False,False
sensor_noise,179,35.8,0,61.862,44.463,94.0,90.0,50.0,50.0,49.939,49.9,position_noise,0.386,no_fusion,avoidance,4,0,55.736,5.111,8.091,uav_1,5.111,False,False,False,False,False
sensor_noise,179,35.8,1,61.385,49.552,90.0,94.0,50.0,50.0,49.92,49.76,position_noise,0.441,no_fusion,avoidance,4,0,52.863,5.111,6.394,uav_0,5.111,False,False,False,False,False
sensor_noise,179,35.8,2,66.437,52.317,86.0,90.0,50.0,50.0,49.739,49.446,position_noise,0.265,no_fusion,move,4,0,42.458,5.759,11.6,uav_1,5.759,False,False,False,False,False
sensor_noise,179,35.8,3,70.508,56.63,90.0,86.0,50.0,50.0,,,position_noise,,no_fusion,move,3,0,35.25,5.931,16.553,uav_2,5.931,False,False,False,False,False
sensor_noise,180,36.0,0,62.177,44.709,94.0,90.0,50.0,50.0,50.276,50.465,position_noise,0.382,no_fusion,avoidance,4,0,55.353,5.16,8.277,uav_1,5.16,False,False,False,False,False
sensor_noise,180,36.0,1,61.659,49.843,90.0,94.0,50.0,50.0,49.862,50.354,position_noise,0.43,no_fusion,avoidance,4,0,52.469,5.16,6.66,uav_0,5.16,False,False,False,False,False
sensor_noise,180,36.0,2,66.622,52.672,86.0,90.0,50.0,50.0,49.939,50.296,position_noise,0.268,no_fusion,move,4,0,42.058,5.712,11.835,uav_1,5.712,False,False,False,False,False
sensor_noise,180,36.0,3,70.729,56.963,90.0,86.0,50.0,50.0,,,position_noise,,no_fusion,move,3,0,34.85,5.94,16.867,uav_2,5.94,False,False,False,False,False
sensor_noise,181,36.2,0,62.483,44.968,94.0,90.0,50.0,50.0,49.709,49.577,position_noise,0.372,no_fusion,avoidance,4,0,54.966,5.205,8.459,uav_1,5.205,False,False,False,False,False
sensor_noise,181,36.2,1,61.925,50.142,90.0,94.0,50.0,50.0,50.4,49.672,position_noise,0.44,no_fusion,avoidance,4,0,52.074,5.205,6.925,uav_0,5.205,False,False,False,False,False
sensor_noise,181,36.2,2,66.806,53.027,86.0,90.0,50.0,50.0,50.025,49.874,position_noise,0.261,no_fusion,move,4,0,41.658,5.67,12.076,uav_1,5.67,False,False,False,False,False
sensor_noise,181,36.2,3,70.95,57.296,90.0,86.0,50.0,50.0,,,position_noise,,no_fusion,move,3,0,34.45,5.95,17.185,uav_2,5.95,False,False,False,False,False
sensor_noise,182,36.4,0,62.788,45.226,94.0,90.0,50.0,50.0,49.612,50.43,position_noise,0.353,no_fusion,avoidance,4,0,54.579,5.25,8.65,uav_1,5.25,False,False,False,False,False
sensor_noise,182,36.4,1,62.19,50.442,90.0,94.0,50.0,50.0,50.587,50.029,position_noise,0.437,no_fusion,avoidance,4,0,51.679,5.25,7.198,uav_0,5.25,False,False,False,False,False
sensor_noise,182,36.4,2,66.99,53.382,86.0,90.0,50.0,50.0,49.923,49.334,position_noise,0.247,no_fusion,move,4,0,41.258,5.629,12.323,uav_1,5.629,False,False,False,False,False
sensor_noise,182,36.4,3,71.172,57.63,90.0,86.0,50.0,50.0,,,position_noise,,no_fusion,move,3,0,34.05,5.961,17.504,uav_2,5.961,False,False,False,False,False
sensor_noise,183,36.6,0,63.09,45.488,94.0,90.0,50.0,50.0,50.5,49.454,position_noise,0.384,no_fusion,avoidance,4,0,54.192,5.297,8.846,uav_1,5.297,False,False,False,False,False
sensor_noise,183,36.6,1,62.449,50.746,90.0,94.0,50.0,50.0,50.064,49.884,position_noise,0.412,no_fusion,avoidance,4,0,51.283,5.297,7.472,uav_0,5.297,False,False,False,False,False
sensor_noise,183,36.6,2,67.174,53.737,86.0,90.0,50.0,50.0,49.967,50.027,position_noise,0.245,no_fusion,move,4,0,40.858,5.592,12.576,uav_1,5.592,False,False,False,False,False
sensor_noise,183,36.6,3,71.393,57.963,90.0,86.0,50.0,50.0,,,position_noise,,no_fusion,move,3,0,33.65,5.971,17.827,uav_2,5.971,False,False,False,False,False
sensor_noise,184,36.8,0,63.387,45.756,94.0,90.0,50.0,50.0,49.247,50.248,position_noise,0.332,no_fusion,avoidance,4,0,53.802,5.34,9.043,uav_1,5.34,False,False,False,False,False
sensor_noise,184,36.8,1,62.706,51.053,90.0,94.0,50.0,50.0,50.021,49.95,position_noise,0.401,no_fusion,avoidance,4,0,50.886,5.34,7.749,uav_0,5.34,False,False,False,False,False
sensor_noise,184,36.8,2,67.359,54.092,86.0,90.0,50.0,50.0,50.143,50.283,position_noise,0.244,no_fusion,move,4,0,40.458,5.557,12.834,uav_1,5.557,False,False,False,False,False
sensor_noise,184,36.8,3,71.614,58.296,90.0,86.0,50.0,50.0,,,position_noise,,no_fusion,move,3,0,33.25,5.982,18.151,uav_2,5.982,False,False,False,False,False
sensor_noise,185,37.0,0,63.684,46.024,94.0,90.0,50.0,50.0,50.243,50.051,position_noise,0.358,no_fusion,avoidance,4,0,53.413,5.388,9.25,uav_1,5.388,False,False,False,False,False
sensor_noise,185,37.0,1,62.959,51.363,90.0,94.0,50.0,50.0,49.998,49.963,position_noise,0.392,no_fusion,avoidance,4,0,50.489,5.388,8.03,uav_0,5.388,False,False,False,False,False
sensor_noise,185,37.0,2,67.543,54.447,86.0,90.0,50.0,50.0,50.166,50.239,position_noise,0.236,no_fusion,move,4,0,40.058,5.525,13.098,uav_1,5.525,False,False,False,False,False
sensor_noise,185,37.0,3,71.835,58.63,90.0,86.0,50.0,50.0,,,position_noise,,no_fusion,move,3,0,32.85,5.993,18.479,uav_2,5.993,False,False,False,False,False
sensor_noise,186,37.2,0,63.975,46.298,94.0,90.0,50.0,50.0,49.576,49.989,position_noise,0.331,no_fusion,avoidance,3,0,53.022,5.431,9.457,uav_1,5.431,False,False,False,False,False
sensor_noise,186,37.2,1,63.209,51.675,90.0,94.0,50.0,50.0,49.941,49.961,position_noise,0.381,no_fusion,avoidance,4,0,50.091,5.431,8.315,uav_0,5.431,False,False,False,False,False
sensor_noise,186,37.2,2,67.727,54.802,86.0,90.0,50.0,50.0,49.78,49.95,position_noise,0.214,no_fusion,move,4,0,39.658,5.495,13.366,uav_1,5.495,False,False,False,False,False
sensor_noise,186,37.2,3,72.056,58.963,90.0,86.0,50.0,50.0,,,position_noise,,no_fusion,move,2,0,32.45,6.004,18.808,uav_2,6.004,False,False,False,False,False
sensor_noise,187,37.4,0,64.266,46.573,94.0,90.0,50.0,50.0,49.73,50.221,position_noise,0.327,no_fusion,avoidance,3,0,52.631,5.476,9.671,uav_1,5.476,False,False,False,False,False
sensor_noise,187,37.4,1,63.456,51.989,90.0,94.0,50.0,50.0,50.188,50.012,position_noise,0.38,no_fusion,avoidance,4,0,49.694,5.466,8.603,uav_2,5.466,False,False,False,False,False
sensor_noise,187,37.4,2,67.912,55.157,86.0,90.0,50.0,50.0,50.064,50.012,position_noise,0.214,no_fusion,move,4,0,39.258,5.466,13.639,uav_1,5.466,False,False,False,False,False
sensor_noise,187,37.4,3,72.277,59.296,90.0,86.0,50.0,50.0,,,position_noise,,no_fusion,move,2,0,32.05,6.016,19.139,uav_2,6.016,False,False,False,False,False
sensor_noise,188,37.6,0,64.554,46.851,94.0,90.0,50.0,50.0,50.065,50.173,position_noise,0.331,no_fusion,avoidance,3,0,52.239,5.523,9.891,uav_1,5.523,False,False,False,False,False
sensor_noise,188,37.6,1,63.699,52.307,90.0,94.0,50.0,50.0,50.233,49.789,position_noise,0.371,no_fusion,avoidance,4,0,49.295,5.441,8.892,uav_2,5.441,False,False,False,False,False
sensor_noise,188,37.6,2,68.096,55.512,86.0,90.0,50.0,50.0,49.786,49.87,position_noise,0.196,no_fusion,move,4,0,38.858,5.441,13.917,uav_1,5.441,False,False,False,False,False
sensor_noise,188,37.6,3,72.499,59.629,90.0,86.0,50.0,50.0,,,position_noise,,no_fusion,move,2,0,31.65,6.028,19.473,uav_2,6.028,False,False,False,False,False
sensor_noise,189,37.8,0,64.838,47.132,94.0,90.0,50.0,50.0,50.31,49.771,position_noise,0.335,no_fusion,avoidance,3,0,51.847,5.565,10.113,uav_1,5.565,False,False,False,False,False
sensor_noise,189,37.8,1,63.943,52.625,90.0,94.0,50.0,50.0,49.556,50.238,position_noise,0.343,no_fusion,avoidance,4,0,48.897,5.415,9.188,uav_2,5.415,False,False,False,False,False
sensor_noise,189,37.8,2,68.28,55.867,86.0,90.0,50.0,50.0,49.906,50.421,position_noise,0.196,no_fusion,move,4,0,38.458,5.415,14.199,uav_1,5.415,False,False,False,False,False
sensor_noise,189,37.8,3,72.72,59.963,90.0,86.0,50.0,50.0,,,position_noise,,no_fusion,move,2,0,31.25,6.04,19.808,uav_2,6.04,False,False,False,False,False
sensor_noise,190,38.0,0,65.063,47.463,94.0,90.0,50.0,50.0,49.772,49.805,position_noise,0.31,no_fusion,move,3,0,51.447,5.552,10.275,uav_1,5.552,False,False,False,False,False
sensor_noise,190,38.0,1,64.183,52.944,90.0,94.0,50.0,50.0,50.209,50.163,position_noise,0.354,no_fusion,avoidance,4,0,48.498,5.392,9.486,uav_2,5.392,False,False,False,False,False
sensor_noise,190,38.0,2,68.465,56.222,86.0,90.0,50.0,50.0,50.558,50.467,position_noise,0.207,no_fusion,move,4,0,38.058,5.392,14.485,uav_1,5.392,False,False,False,False,False
sensor_noise,190,38.0,3,72.941,60.296,90.0,86.0,50.0,50.0,,,position_noise,,no_fusion,move,2,0,30.85,6.053,20.146,uav_2,6.053,False,False,False,False,False
sensor_noise,191,38.2,0,65.288,47.793,94.0,90.0,50.0,50.0,50.262,49.961,position_noise,0.32,no_fusion,move,3,0,51.047,5.539,10.447,uav_1,5.539,False,False,False,False,False
sensor_noise,191,38.2,1,64.423,53.265,90.0,94.0,50.0,50.0,50.707,50.377,position_noise,0.361,no_fusion,avoidance,4,0,48.1,5.37,9.787,uav_2,5.37,False,False,False,False,False
sensor_noise,191,38.2,2,68.649,56.577,86.0,90.0,50.0,50.0,49.834,50.049,position_noise,0.172,no_fusion,move,4,0,37.658,5.37,14.775,uav_1,5.37,False,False,False,False,False
sensor_noise,191,38.2,3,73.162,60.629,90.0,86.0,50.0,50.0,,,position_noise,,no_fusion,move,2,0,30.45,6.066,20.485,uav_2,6.066,False,False,False,False,False
sensor_noise,192,38.4,0,65.513,48.124,94.0,90.0,50.0,50.0,50.028,50.067,position_noise,0.306,no_fusion,move,3,0,50.647,5.53,10.626,uav_1,5.53,False,False,False,False,False
sensor_noise,192,38.4,1,64.658,53.588,90.0,94.0,50.0,50.0,49.981,50.135,position_noise,0.327,no_fusion,avoidance,4,0,47.701,5.349,10.091,uav_2,5.349,False,False,False,False,False
sensor_noise,192,38.4,2,68.833,56.932,86.0,90.0,50.0,50.0,50.019,50.097,position_noise,0.169,no_fusion,move,4,0,37.258,5.349,15.068,uav_1,5.349,False,False,False,False,False
sensor_noise,192,38.4,3,73.383,60.963,90.0,86.0,50.0,50.0,,,position_noise,,no_fusion,move,2,0,30.05,6.079,20.826,uav_2,6.079,False,False,False,False,False
sensor_noise,193,38.6,0,65.738,48.455,94.0,90.0,50.0,50.0,49.534,49.991,position_noise,0.285,no_fusion,move,3,0,50.247,5.54,10.814,uav_1,5.54,False,False,False,False,False
sensor_noise,193,38.6,1,64.87,53.927,90.0,94.0,50.0,50.0,49.733,50.043,position_noise,0.309,no_fusion,move,4,0,47.301,5.337,10.38,uav_2,5.337,False,False,False,False,False
sensor_noise,193,38.6,2,69.017,57.287,86.0,90.0,50.0,50.0,,,position_noise,,no_fusion,move,3,0,36.858,5.337,15.366,uav_1,5.337,False,False,False,False,False
sensor_noise,193,38.6,3,73.605,61.296,90.0,86.0,50.0,50.0,,,position_noise,,no_fusion,move,2,0,29.65,6.092,21.168,uav_2,6.092,False,False,False,False,False
sensor_noise,194,38.8,0,65.963,48.786,94.0,90.0,50.0,50.0,50.402,49.673,position_noise,0.308,no_fusion,move,3,0,49.847,5.55,11.009,uav_1,5.55,False,False,False,False,False
sensor_noise,194,38.8,1,65.083,54.266,90.0,94.0,50.0,50.0,50.222,50.274,position_noise,0.317,no_fusion,move,4,0,46.901,5.326,10.675,uav_2,5.326,False,False,False,False,False
sensor_noise,194,38.8,2,69.202,57.642,86.0,90.0,50.0,50.0,,,position_noise,,no_fusion,move,3,0,36.458,5.326,15.667,uav_1,5.326,False,False,False,False,False
sensor_noise,194,38.8,3,73.826,61.629,90.0,86.0,50.0,50.0,,,position_noise,,no_fusion,move,2,0,29.25,6.106,21.512,uav_2,6.106,False,False,False,False,False
sensor_noise,195,39.0,0,66.188,49.116,94.0,90.0,50.0,50.0,49.811,50.77,position_noise,0.279,no_fusion,move,3,0,49.447,5.561,11.212,uav_1,5.561,False,False,False,False,False
sensor_noise,195,39.0,1,65.295,54.605,90.0,94.0,50.0,50.0,50.086,50.008,position_noise,0.301,no_fusion,move,4,0,46.501,5.314,10.974,uav_2,5.314,False,False,False,False,False
sensor_noise,195,39.0,2,69.386,57.997,86.0,90.0,50.0,50.0,,,position_noise,,no_fusion,move,3,0,36.058,5.314,15.971,uav_1,5.314,False,False,False,False,False
sensor_noise,195,39.0,3,74.047,61.962,90.0,86.0,50.0,50.0,,,position_noise,,no_fusion,move,2,0,28.85,6.12,21.858,uav_2,6.12,False,False,False,False,False
sensor_noise,196,39.2,0,66.413,49.447,94.0,90.0,50.0,50.0,49.856,50.359,position_noise,0.276,no_fusion,move,3,0,49.047,5.571,11.422,uav_1,5.571,False,False,False,False,False
sensor_noise,196,39.2,1,65.508,54.944,90.0,94.0,50.0,50.0,49.739,49.728,position_noise,0.278,no_fusion,move,4,0,46.101,5.303,11.277,uav_2,5.303,False,False,False,False,False
sensor_noise,196,39.2,2,69.57,58.352,86.0,90.0,50.0,50.0,,,position_noise,,no_fusion,move,3,0,35.658,5.303,16.278,uav_1,5.303,False,False,False,False,False
sensor_noise,196,39.2,3,74.268,62.296,90.0,86.0,50.0,50.0,,,position_noise,,no_fusion,move,2,0,28.45,6.134,22.205,uav_2,6.134,False,False,False,False,False
sensor_noise,197,39.4,0,66.638,49.778,94.0,90.0,50.0,50.0,50.235,49.764,position_noise,0.282,no_fusion,move,3,0,48.647,5.581,11.64,uav_1,5.581,False,False,False,False,False
sensor_noise,197,39.4,1,65.72,55.283,90.0,94.0,50.0,50.0,49.973,49.551,position_noise,0.274,no_fusion,move,4,0,45.701,5.292,11.584,uav_2,5.292,False,False,False,False,False
sensor_noise,197,39.4,2,69.755,58.707,86.0,90.0,50.0,50.0,,,position_noise,,no_fusion,move,3,0,35.258,5.292,16.588,uav_1,5.292,False,False,False,False,False
sensor_noise,197,39.4,3,74.489,62.629,90.0,86.0,50.0,50.0,,,position_noise,,no_fusion,move,2,0,28.05,6.148,22.554,uav_2,6.148,False,False,False,False,False
sensor_noise,198,39.6,0,66.863,50.109,94.0,90.0,50.0,50.0,49.467,49.839,position_noise,0.251,no_fusion,move,3,0,48.247,5.591,11.863,uav_1,5.591,False,False,False,False,False
sensor_noise,198,39.6,1,65.933,55.621,90.0,94.0,50.0,50.0,49.673,49.901,position_noise,0.258,no_fusion,move,4,0,45.301,5.281,11.896,uav_2,5.281,False,False,False,False,False
sensor_noise,198,39.6,2,69.939,59.062,86.0,90.0,50.0,50.0,,,position_noise,,no_fusion,move,3,0,34.858,5.281,16.902,uav_1,5.281,False,False,False,False,False
sensor_noise,198,39.6,3,74.711,62.962,90.0,86.0,50.0,50.0,,,position_noise,,no_fusion,move,2,0,27.65,6.163,22.904,uav_2,6.163,False,False,False,False,False
sensor_noise,199,39.8,0,67.088,50.439,94.0,90.0,50.0,50.0,49.917,50.069,position_noise,0.258,no_fusion,move,3,0,47.847,5.601,12.094,uav_1,5.601,False,False,False,False,False
sensor_noise,199,39.8,1,66.145,55.96,90.0,94.0,50.0,50.0,50.373,49.783,position_noise,0.268,no_fusion,move,4,0,44.901,5.27,12.21,uav_2,5.27,False,False,False,False,False
sensor_noise,199,39.8,2,70.123,59.417,86.0,90.0,50.0,50.0,,,position_noise,,no_fusion,move,3,0,34.458,5.27,17.218,uav_1,5.27,False,False,False,False,False
sensor_noise,199,39.8,3,74.932,63.295,90.0,86.0,50.0,50.0,,,position_noise,,no_fusion,move,2,0,27.25,6.178,23.255,uav_2,6.178,False,False,False,False,False
sensor_noise,200,40.0,0,67.313,50.77,94.0,90.0,50.0,50.0,50.379,50.162,position_noise,0.265,no_fusion,move,3,0,47.447,5.611,12.33,uav_1,5.611,False,False,False,False,False
sensor_noise,200,40.0,1,66.358,56.299,90.0,94.0,50.0,50.0,50.391,49.973,position_noise,0.261,no_fusion,move,4,0,44.501,5.259,12.529,uav_2,5.259,False,False,False,False,False
sensor_noise,200,40.0,2,70.308,59.772,86.0,90.0,50.0,50.0,,,position_noise,,no_fusion,move,3,0,34.058,5.259,17.536,uav_1,5.259,False,False,False,False,False
sensor_noise,200,40.0,3,75.153,63.629,90.0,86.0,50.0,50.0,,,position_noise,,no_fusion,move,2,0,26.85,6.193,23.608,uav_2,6.193,False,False,False,False,False
sensor_noise,201,40.2,0,67.538,51.101,94.0,90.0,50.0,50.0,50.072,50.085,position_noise,0.248,no_fusion,move,3,0,47.047,5.621,12.573,uav_1,5.621,False,False,False,False,False
sensor_noise,201,40.2,1,66.57,56.638,90.0,94.0,50.0,50.0,50.116,50.703,position_noise,0.25,no_fusion,move,4,0,44.101,5.249,12.851,uav_2,5.249,False,False,False,False,False
sensor_noise,201,40.2,2,70.492,60.127,86.0,90.0,50.0,50.0,,,position_noise,,no_fusion,move,3,0,33.658,5.249,17.858,uav_1,5.249,False,False,False,False,False
sensor_noise,201,40.2,3,75.374,63.962,90.0,86.0,50.0,50.0,,,position_noise,,no_fusion,move,2,0,26.45,6.208,23.962,uav_2,6.208,False,False,False,False,False
sensor_noise,202,40.4,0,67.763,51.432,94.0,90.0,50.0,50.0,50.654,50.323,position_noise,0.259,no_fusion,move,3,0,46.647,5.631,12.821,uav_1,5.631,False,False,False,False,False
sensor_noise,202,40.4,1,66.783,56.977,90.0,94.0,50.0,50.0,50.225,49.922,position_noise,0.235,no_fusion,move,4,0,43.701,5.239,13.175,uav_2,5.239,False,False,False,False,False
sensor_noise,202,40.4,2,70.676,60.482,86.0,90.0,50.0,50.0,,,position_noise,,no_fusion,move,3,0,33.258,5.239,18.181,uav_1,5.239,False,False,False,False,False
sensor_noise,202,40.4,3,75.595,64.295,90.0,86.0,50.0,50.0,,,position_noise,,no_fusion,move,2,0,26.05,6.224,24.317,uav_2,6.224,False,False,False,False,False
sensor_noise,203,40.6,0,67.988,51.762,94.0,90.0,50.0,50.0,50.045,50.397,position_noise,0.232,no_fusion,move,3,0,46.247,5.642,13.074,uav_1,5.642,False,False,False,False,False
sensor_noise,203,40.6,1,66.996,57.316,90.0,94.0,50.0,50.0,50.132,50.135,position_noise,0.224,no_fusion,move,4,0,43.301,5.228,13.503,uav_2,5.228,False,False,False,False,False
sensor_noise,203,40.6,2,70.86,60.837,86.0,90.0,50.0,50.0,,,position_noise,,no_fusion,move,3,0,32.858,5.228,18.507,uav_1,5.228,False,False,False,False,False
sensor_noise,203,40.6,3,75.816,64.629,90.0,86.0,50.0,50.0,,,position_noise,,no_fusion,move,2,0,25.65,6.24,24.673,uav_2,6.24,False,False,False,False,False
sensor_noise,204,40.8,0,68.213,52.093,94.0,90.0,50.0,50.0,50.047,50.156,position_noise,0.224,no_fusion,move,3,0,45.847,5.652,13.333,uav_1,5.652,False,False,False,False,False
sensor_noise,204,40.8,1,67.208,57.655,90.0,94.0,50.0,50.0,49.858,50.042,position_noise,0.204,no_fusion,move,4,0,42.901,5.219,13.834,uav_2,5.219,False,False,False,False,False
sensor_noise,204,40.8,2,71.045,61.192,86.0,90.0,50.0,50.0,,,position_noise,,no_fusion,move,3,0,32.458,5.219,18.836,uav_1,5.219,False,False,False,False,False
sensor_noise,204,40.8,3,76.038,64.962,90.0,86.0,50.0,50.0,,,position_noise,,no_fusion,move,2,0,25.25,6.256,25.03,uav_2,6.256,False,False,False,False,False
sensor_noise,205,41.0,0,68.438,52.424,94.0,90.0,50.0,50.0,49.564,50.213,position_noise,0.2,no_fusion,move,3,0,45.447,5.662,13.597,uav_1,5.662,False,False,False,False,False
sensor_noise,205,41.0,1,67.421,57.994,90.0,94.0,50.0,50.0,49.67,49.849,position_noise,0.186,no_fusion,move,4,0,42.501,5.209,14.167,uav_2,5.209,False,False,False,False,False
sensor_noise,205,41.0,2,71.229,61.547,86.0,90.0,50.0,50.0,,,position_noise,,no_fusion,move,3,0,32.058,5.209,19.166,uav_1,5.209,False,False,False,False,False
sensor_noise,205,41.0,3,76.259,65.295,90.0,86.0,50.0,50.0,,,position_noise,,no_fusion,move,2,0,24.85,6.273,25.389,uav_2,6.273,False,False,False,False,False
sensor_noise,206,41.2,0,68.663,52.754,94.0,90.0,50.0,50.0,50.021,50.102,position_noise,0.206,no_fusion,move,3,0,45.047,5.672,13.865,uav_1,5.672,False,False,False,False,False
sensor_noise,206,41.2,1,67.633,58.332,90.0,94.0,50.0,50.0,49.884,49.876,position_noise,0.182,no_fusion,move,4,0,42.101,5.199,14.503,uav_2,5.199,False,False,False,False,False
sensor_noise,206,41.2,2,71.413,61.902,86.0,90.0,50.0,50.0,,,position_noise,,no_fusion,move,3,0,31.658,5.199,19.499,uav_1,5.199,False,False,False,False,False
sensor_noise,206,41.2,3,76.48,65.628,90.0,86.0,50.0,50.0,,,position_noise,,no_fusion,move,2,0,24.45,6.289,25.748,uav_2,6.289,False,False,False,False,False
sensor_noise,207,41.4,0,68.888,53.085,94.0,90.0,50.0,50.0,49.756,50.469,position_noise,0.191,no_fusion,move,3,0,44.647,5.683,14.138,uav_1,5.683,False,False,False,False,False
sensor_noise,207,41.4,1,67.846,58.671,90.0,94.0,50.0,50.0,50.406,50.066,position_noise,0.189,no_fusion,move,4,0,41.701,5.19,14.841,uav_2,5.19,False,False,False,False,False
sensor_noise,207,41.4,2,71.598,62.257,86.0,90.0,50.0,50.0,,,position_noise,,no_fusion,move,3,0,31.258,5.19,19.833,uav_1,5.19,False,False,False,False,False
sensor_noise,207,41.4,3,76.701,65.962,90.0,86.0,50.0,50.0,,,position_noise,,no_fusion,move,2,0,24.05,6.306,26.108,uav_2,6.306,False,False,False,False,False
sensor_noise,208,41.6,0,69.113,53.416,94.0,90.0,50.0,50.0,50.008,50.224,position_noise,0.189,no_fusion,move,3,0,44.247,5.693,14.416,uav_1,5.693,False,False,False,False,False
sensor_noise,208,41.6,1,68.058,59.01,90.0,94.0,50.0,50.0,49.335,49.976,position_noise,0.146,no_fusion,move,4,0,41.301,5.181,15.181,uav_2,5.181,False,False,False,False,False
sensor_noise,208,41.6,2,71.782,62.612,86.0,90.0,50.0,50.0,,,position_noise,,no_fusion,move,3,0,30.858,5.181,20.17,uav_1,5.181,False,False,False,False,False
sensor_noise,208,41.6,3,76.922,66.295,90.0,86.0,50.0,50.0,,,position_noise,,no_fusion,move,2,0,23.65,6.324,26.47,uav_2,6.324,False,False,False,False,False
sensor_noise,209,41.8,0,69.338,53.747,94.0,90.0,50.0,50.0,50.312,50.068,position_noise,0.189,no_fusion,move,3,0,43.847,5.703,14.698,uav_1,5.703,False,False,False,False,False
sensor_noise,209,41.8,1,68.271,59.349,90.0,94.0,50.0,50.0,,,position_noise,,no_fusion,move,3,0,40.901,5.172,15.524,uav_2,5.172,False,False,False,False,False
sensor_noise,209,41.8,2,71.966,62.967,86.0,90.0,50.0,50.0,,,position_noise,,no_fusion,move,3,0,30.458,5.172,20.508,uav_1,5.172,False,False,False,False,False
sensor_noise,209,41.8,3,77.144,66.628,90.0,86.0,50.0,50.0,,,position_noise,,no_fusion,move,2,0,23.25,6.341,26.832,uav_2,6.341,False,False,False,False,False
sensor_noise,210,42.0,0,69.563,54.077,94.0,90.0,50.0,50.0,50.127,49.954,position_noise,0.173,no_fusion,move,3,0,43.447,5.714,14.983,uav_1,5.714,False,False,False,False,False
sensor_noise,210,42.0,1,68.483,59.688,90.0,94.0,50.0,50.0,,,position_noise,,no_fusion,move,3,0,40.501,5.163,15.868,uav_2,5.163,False,False,False,False,False
sensor_noise,210,42.0,2,72.151,63.322,86.0,90.0,50.0,50.0,,,position_noise,,no_fusion,move,3,0,30.058,5.163,20.848,uav_1,5.163,False,False,False,False,False
sensor_noise,210,42.0,3,77.365,66.962,90.0,86.0,50.0,50.0,,,position_noise,,no_fusion,move,2,0,22.85,6.359,27.195,uav_2,6.359,False,False,False,False,False
sensor_noise,211,42.2,0,69.788,54.408,94.0,90.0,50.0,50.0,50.567,50.024,position_noise,0.178,no_fusion,move,3,0,43.047,5.724,15.273,uav_1,5.724,False,False,False,False,False
sensor_noise,211,42.2,1,68.696,60.027,90.0,94.0,50.0,50.0,,,position_noise,,no_fusion,move,3,0,40.101,5.155,16.215,uav_2,5.155,False,False,False,False,False
sensor_noise,211,42.2,2,72.335,63.677,86.0,90.0,50.0,50.0,,,position_noise,,no_fusion,move,3,0,29.658,5.155,21.19,uav_1,5.155,False,False,False,False,False
sensor_noise,211,42.2,3,77.586,67.295,90.0,86.0,50.0,50.0,,,position_noise,,no_fusion,move,2,0,22.45,6.377,27.559,uav_2,6.377,False,False,False,False,False
sensor_noise,212,42.4,0,70.013,54.739,94.0,90.0,50.0,50.0,,,position_noise,,no_fusion,move,2,0,42.647,5.734,15.566,uav_1,5.734,False,False,False,False,False
sensor_noise,212,42.4,1,68.908,60.366,90.0,94.0,50.0,50.0,,,position_noise,,no_fusion,move,3,0,39.701,5.146,16.563,uav_2,5.146,False,False,False,False,False
sensor_noise,212,42.4,2,72.519,64.032,86.0,90.0,50.0,50.0,,,position_noise,,no_fusion,move,3,0,29.258,5.146,21.533,uav_1,5.146,False,False,False,False,False
sensor_noise,212,42.4,3,77.807,67.628,90.0,86.0,50.0,50.0,,,position_noise,,no_fusion,move,2,0,22.05,6.395,27.924,uav_2,6.395,False,False,False,False,False
sensor_noise,213,42.6,0,70.238,55.07,94.0,90.0,50.0,50.0,,,position_noise,,no_fusion,move,2,0,42.247,5.745,15.863,uav_1,5.745,False,False,False,False,False
sensor_noise,213,42.6,1,69.121,60.705,90.0,94.0,50.0,50.0,,,position_noise,,no_fusion,move,3,0,39.301,5.138,16.913,uav_2,5.138,False,False,False,False,False
sensor_noise,213,42.6,2,72.703,64.387,86.0,90.0,50.0,50.0,,,position_noise,,no_fusion,move,3,0,28.858,5.138,21.878,uav_1,5.138,False,False,False,False,False
sensor_noise,213,42.6,3,78.028,67.961,90.0,86.0,50.0,50.0,,,position_noise,,no_fusion,move,2,0,21.65,6.413,28.29,uav_2,6.413,False,False,False,False,False
sensor_noise,214,42.8,0,70.463,55.4,94.0,90.0,50.0,50.0,,,position_noise,,no_fusion,move,2,0,41.847,5.755,16.163,uav_1,5.755,False,False,False,False,False
sensor_noise,214,42.8,1,69.333,61.044,90.0,94.0,50.0,50.0,,,position_noise,,no_fusion,move,3,0,38.901,5.13,17.265,uav_2,5.13,False,False,False,False,False
sensor_noise,214,42.8,2,72.888,64.742,86.0,90.0,50.0,50.0,,,position_noise,,no_fusion,move,3,0,28.458,5.13,22.225,uav_1,5.13,False,False,False,False,False
sensor_noise,214,42.8,3,78.25,68.295,90.0,86.0,50.0,50.0,,,position_noise,,no_fusion,move,2,0,21.25,6.432,28.656,uav_2,6.432,False,False,False,False,False
sensor_noise,215,43.0,0,70.688,55.731,94.0,90.0,50.0,50.0,,,position_noise,,no_fusion,move,2,0,41.447,5.766,16.467,uav_1,5.766,False,False,False,False,False
sensor_noise,215,43.0,1,69.546,61.382,90.0,94.0,50.0,50.0,,,position_noise,,no_fusion,move,3,0,38.501,5.122,17.618,uav_2,5.122,False,False,False,False,False
sensor_noise,215,43.0,2,73.072,65.097,86.0,90.0,50.0,50.0,,,position_noise,,no_fusion,move,3,0,28.058,5.122,22.573,uav_1,5.122,False,False,False,False,False
sensor_noise,215,43.0,3,78.471,68.628,90.0,86.0,50.0,50.0,,,position_noise,,no_fusion,move,2,0,20.85,6.451,29.023,uav_2,6.451,False,False,False,False,False
sensor_noise,216,43.2,0,70.913,56.062,94.0,90.0,50.0,50.0,,,position_noise,,no_fusion,move,2,0,41.047,5.776,16.774,uav_1,5.776,False,False,False,False,False
sensor_noise,216,43.2,1,69.758,61.721,90.0,94.0,50.0,50.0,,,position_noise,,no_fusion,move,3,0,38.101,5.114,17.973,uav_2,5.114,False,False,False,False,False
sensor_noise,216,43.2,2,73.256,65.452,86.0,90.0,50.0,50.0,,,position_noise,,no_fusion,move,3,0,27.658,5.114,22.922,uav_1,5.114,False,False,False,False,False
sensor_noise,216,43.2,3,78.692,68.961,90.0,86.0,50.0,50.0,,,position_noise,,no_fusion,move,2,0,20.45,6.47,29.391,uav_2,6.47,False,False,False,False,False
sensor_noise,217,43.4,0,71.138,56.392,94.0,90.0,50.0,50.0,,,position_noise,,no_fusion,move,2,0,40.647,5.787,17.083,uav_1,5.787,False,False,False,False,False
sensor_noise,217,43.4,1,69.971,62.06,90.0,94.0,50.0,50.0,,,position_noise,,no_fusion,move,3,0,37.701,5.107,18.33,uav_2,5.107,False,False,False,False,False
sensor_noise,217,43.4,2,73.441,65.807,86.0,90.0,50.0,50.0,,,position_noise,,no_fusion,move,3,0,27.258,5.107,23.272,uav_1,5.107,False,False,False,False,False
sensor_noise,217,43.4,3,78.913,69.295,90.0,86.0,50.0,50.0,,,position_noise,,no_fusion,move,2,0,20.05,6.489,29.76,uav_2,6.489,False,False,False,False,False
sensor_noise,218,43.6,0,71.363,56.723,94.0,90.0,50.0,50.0,,,position_noise,,no_fusion,move,2,0,40.247,5.797,17.396,uav_1,5.797,False,False,False,False,False
sensor_noise,218,43.6,1,70.183,62.399,90.0,94.0,50.0,50.0,,,position_noise,,no_fusion,move,3,0,37.301,5.1,18.687,uav_2,5.1,False,False,False,False,False
sensor_noise,218,43.6,2,73.625,66.162,86.0,90.0,50.0,50.0,,,position_noise,,no_fusion,move,3,0,26.858,5.1,23.624,uav_1,5.1,False,False,False,False,False
sensor_noise,218,43.6,3,79.134,69.628,90.0,86.0,50.0,50.0,,,position_noise,,no_fusion,move,2,0,19.65,6.509,30.129,uav_2,6.509,False,False,False,False,False
sensor_noise,219,43.8,0,71.588,57.054,94.0,90.0,50.0,50.0,,,position_noise,,no_fusion,move,2,0,39.847,5.808,17.711,uav_1,5.808,False,False,False,False,False
sensor_noise,219,43.8,1,70.396,62.738,90.0,94.0,50.0,50.0,,,position_noise,,no_fusion,move,3,0,36.901,5.093,19.047,uav_2,5.093,False,False,False,False,False
sensor_noise,219,43.8,2,73.809,66.517,86.0,90.0,50.0,50.0,,,position_noise,,no_fusion,move,3,0,26.458,5.093,23.978,uav_1,5.093,False,False,False,False,False
sensor_noise,219,43.8,3,79.355,69.961,90.0,86.0,50.0,50.0,,,position_noise,,no_fusion,move,2,0,19.25,6.528,30.499,uav_2,6.528,False,False,False,False,False
sensor_noise,220,44.0,0,71.813,57.385,94.0,90.0,50.0,50.0,,,position_noise,,no_fusion,move,2,0,39.447,5.818,18.029,uav_1,5.818,False,False,False,False,False
sensor_noise,220,44.0,1,70.608,63.077,90.0,94.0,50.0,50.0,,,position_noise,,no_fusion,move,3,0,36.501,5.086,19.407,uav_2,5.086,False,False,False,False,False
sensor_noise,220,44.0,2,73.994,66.872,86.0,90.0,50.0,50.0,,,position_noise,,no_fusion,move,3,0,26.058,5.086,24.332,uav_1,5.086,False,False,False,False,False
sensor_noise,220,44.0,3,79.577,70.294,90.0,86.0,50.0,50.0,,,position_noise,,no_fusion,move,2,0,18.85,6.548,30.87,uav_2,6.548,False,False,False,False,False
sensor_noise,221,44.2,0,72.038,57.715,94.0,90.0,50.0,50.0,,,position_noise,,no_fusion,move,2,0,39.047,5.829,18.349,uav_1,5.829,False,False,False,False,False
sensor_noise,221,44.2,1,70.821,63.416,90.0,94.0,50.0,50.0,,,position_noise,,no_fusion,move,3,0,36.101,5.079,19.769,uav_2,5.079,False,False,False,False,False
sensor_noise,221,44.2,2,74.178,67.227,86.0,90.0,50.0,50.0,,,position_noise,,no_fusion,move,3,0,25.658,5.079,24.688,uav_1,5.079,False,False,False,False,False
sensor_noise,221,44.2,3,79.798,70.628,90.0,86.0,50.0,50.0,,,position_noise,,no_fusion,move,2,0,18.45,6.569,31.241,uav_2,6.569,False,False,False,False,False
sensor_noise,222,44.4,0,72.263,58.046,94.0,90.0,50.0,50.0,,,position_noise,,no_fusion,move,2,0,38.647,5.839,18.672,uav_1,5.839,False,False,False,False,False
sensor_noise,222,44.4,1,71.033,63.755,90.0,94.0,50.0,50.0,,,position_noise,,no_fusion,move,3,0,35.701,5.073,20.131,uav_2,5.073,False,False,False,False,False
sensor_noise,222,44.4,2,74.362,67.582,86.0,90.0,50.0,50.0,,,position_noise,,no_fusion,move,3,0,25.258,5.073,25.044,uav_1,5.073,False,False,False,False,False
sensor_noise,222,44.4,3,80.019,70.961,90.0,86.0,50.0,50.0,,,position_noise,,no_fusion,move,2,0,18.05,6.589,31.613,uav_2,6.589,False,False,False,False,False
sensor_noise,223,44.6,0,72.488,58.377,94.0,90.0,50.0,50.0,,,position_noise,,no_fusion,move,2,0,38.247,5.85,18.997,uav_1,5.85,False,False,False,False,False
sensor_noise,223,44.6,1,71.246,64.093,90.0,94.0,50.0,50.0,,,position_noise,,no_fusion,move,3,0,35.301,5.067,20.495,uav_2,5.067,False,False,False,False,False
sensor_noise,223,44.6,2,74.546,67.937,86.0,90.0,50.0,50.0,,,position_noise,,no_fusion,move,3,0,24.858,5.067,25.402,uav_1,5.067,False,False,False,False,False
sensor_noise,223,44.6,3,80.24,71.294,90.0,86.0,50.0,50.0,,,position_noise,,no_fusion,move,2,0,17.65,6.61,31.985,uav_2,6.61,False,False,False,False,False
sensor_noise,224,44.8,0,72.713,58.708,94.0,90.0,50.0,50.0,,,position_noise,,no_fusion,move,2,0,37.847,5.861,19.325,uav_1,5.861,False,False,False,False,False
sensor_noise,224,44.8,1,71.458,64.432,90.0,94.0,50.0,50.0,,,position_noise,,no_fusion,move,3,0,34.901,5.061,20.86,uav_2,5.061,False,False,False,False,False
sensor_noise,224,44.8,2,74.731,68.292,86.0,90.0,50.0,50.0,,,position_noise,,no_fusion,move,3,0,24.458,5.061,25.761,uav_1,5.061,False,False,False,False,False
sensor_noise,224,44.8,3,80.461,71.627,90.0,86.0,50.0,50.0,,,position_noise,,no_fusion,move,2,0,17.25,6.631,32.358,uav_2,6.631,False,False,False,False,False
sensor_noise,225,45.0,0,72.938,59.038,94.0,90.0,50.0,50.0,,,position_noise,,no_fusion,move,2,0,37.447,5.871,19.654,uav_1,5.871,False,False,False,False,False
sensor_noise,225,45.0,1,71.671,64.771,90.0,94.0,50.0,50.0,,,position_noise,,no_fusion,move,3,0,34.501,5.055,21.226,uav_2,5.055,False,False,False,False,False
sensor_noise,225,45.0,2,74.915,68.647,86.0,90.0,50.0,50.0,,,position_noise,,no_fusion,move,3,0,24.058,5.055,26.12,uav_1,5.055,False,False,False,False,False
sensor_noise,225,45.0,3,80.683,71.961,90.0,86.0,50.0,50.0,,,position_noise,,no_fusion,move,2,0,16.85,6.652,32.732,uav_2,6.652,False,False,False,False,False
sensor_noise,226,45.2,0,73.163,59.369,94.0,90.0,50.0,50.0,,,position_noise,,no_fusion,move,2,0,37.047,5.882,19.986,uav_1,5.882,False,False,False,False,False
sensor_noise,226,45.2,1,71.883,65.11,90.0,94.0,50.0,50.0,,,position_noise,,no_fusion,move,3,0,34.101,5.049,21.593,uav_2,5.049,False,False,False,False,False
sensor_noise,226,45.2,2,75.099,69.002,86.0,90.0,50.0,50.0,,,position_noise,,no_fusion,move,3,0,23.658,5.049,26.481,uav_1,5.049,False,False,False,False,False
sensor_noise,226,45.2,3,80.904,72.294,90.0,86.0,50.0,50.0,,,position_noise,,no_fusion,move,2,0,16.45,6.673,33.106,uav_2,6.673,False,False,False,False,False
sensor_noise,227,45.4,0,73.388,59.7,94.0,90.0,50.0,50.0,,,position_noise,,no_fusion,move,2,0,36.647,5.893,20.319,uav_1,5.893,False,False,False,False,False
sensor_noise,227,45.4,1,72.096,65.449,90.0,94.0,50.0,50.0,,,position_noise,,no_fusion,move,3,0,33.701,5.044,21.961,uav_2,5.044,False,False,False,False,False
sensor_noise,227,45.4,2,75.284,69.357,86.0,90.0,50.0,50.0,,,position_noise,,no_fusion,move,3,0,23.258,5.044,26.843,uav_1,5.044,False,False,False,False,False
sensor_noise,227,45.4,3,81.125,72.627,90.0,86.0,50.0,50.0,,,position_noise,,no_fusion,move,2,0,16.05,6.694,33.481,uav_2,6.694,False,False,False,False,False
sensor_noise,228,45.6,0,73.613,60.03,94.0,90.0,50.0,50.0,,,position_noise,,no_fusion,move,2,0,36.247,5.903,20.655,uav_1,5.903,False,False,False,False,False
sensor_noise,228,45.6,1,72.308,65.788,90.0,94.0,50.0,50.0,,,position_noise,,no_fusion,move,3,0,33.301,5.038,22.33,uav_2,5.038,False,False,False,False,False
sensor_noise,228,45.6,2,75.468,69.712,86.0,90.0,50.0,50.0,,,position_noise,,no_fusion,move,3,0,22.858,5.038,27.206,uav_1,5.038,False,False,False,False,False
sensor_noise,228,45.6,3,81.346,72.961,90.0,86.0,50.0,50.0,,,position_noise,,no_fusion,move,2,0,15.65,6.716,33.856,uav_2,6.716,False,False,False,False,False
sensor_noise,229,45.8,0,73.838,60.361,94.0,90.0,50.0,50.0,,,position_noise,,no_fusion,move,2,0,35.847,5.914,20.992,uav_1,5.914,False,False,False,False,False
sensor_noise,229,45.8,1,72.521,66.127,90.0,94.0,50.0,50.0,,,position_noise,,no_fusion,move,3,0,32.901,5.033,22.699,uav_2,5.033,False,False,False,False,False
sensor_noise,229,45.8,2,75.652,70.067,86.0,90.0,50.0,50.0,,,position_noise,,no_fusion,move,3,0,22.458,5.033,27.569,uav_1,5.033,False,False,False,False,False
sensor_noise,229,45.8,3,81.567,73.294,90.0,86.0,50.0,50.0,,,position_noise,,no_fusion,move,2,0,15.25,6.738,34.231,uav_2,6.738,False,False,False,False,False
sensor_noise,230,46.0,0,74.063,60.692,94.0,90.0,50.0,50.0,,,position_noise,,no_fusion,move,2,0,35.447,5.925,21.331,uav_1,5.925,False,False,False,False,False
sensor_noise,230,46.0,1,72.733,66.466,90.0,94.0,50.0,50.0,,,position_noise,,no_fusion,move,3,0,32.501,5.029,23.07,uav_2,5.029,False,False,False,False,False
sensor_noise,230,46.0,2,75.837,70.422,86.0,90.0,50.0,50.0,,,position_noise,,no_fusion,move,3,0,22.058,5.029,27.933,uav_1,5.029,False,False,False,False,False
sensor_noise,230,46.0,3,81.789,73.627,90.0,86.0,50.0,50.0,,,position_noise,,no_fusion,move,2,0,14.85,6.76,34.608,uav_2,6.76,False,False,False,False,False
sensor_noise,231,46.2,0,74.288,61.023,94.0,90.0,50.0,50.0,,,position_noise,,no_fusion,move,2,0,35.047,5.935,21.672,uav_1,5.935,False,False,False,False,False
sensor_noise,231,46.2,1,72.946,66.804,90.0,94.0,50.0,50.0,,,position_noise,,no_fusion,move,3,0,32.101,5.024,23.441,uav_2,5.024,False,False,False,False,False
sensor_noise,231,46.2,2,76.021,70.777,86.0,90.0,50.0,50.0,,,position_noise,,no_fusion,move,3,0,21.658,5.024,28.298,uav_1,5.024,False,False,False,False,False
sensor_noise,231,46.2,3,82.01,73.96,90.0,86.0,50.0,50.0,,,position_noise,,no_fusion,move,2,0,14.45,6.782,34.984,uav_2,6.782,False,False,False,False,False
sensor_noise,232,46.4,0,74.513,61.353,94.0,90.0,50.0,50.0,,,position_noise,,no_fusion,move,2,0,34.647,5.946,22.014,uav_1,5.946,False,False,False,False,False
sensor_noise,232,46.4,1,73.158,67.143,90.0,94.0,50.0,50.0,,,position_noise,,no_fusion,move,3,0,31.701,5.02,23.813,uav_2,5.02,False,False,False,False,False
sensor_noise,232,46.4,2,76.205,71.132,86.0,90.0,50.0,50.0,,,position_noise,,no_fusion,move,3,0,21.258,5.02,28.664,uav_1,5.02,False,False,False,False,False
sensor_noise,232,46.4,3,82.231,74.294,90.0,86.0,50.0,50.0,,,position_noise,,no_fusion,move,2,0,14.05,6.805,35.361,uav_2,6.805,False,False,False,False,False
sensor_noise,233,46.6,0,74.738,61.684,94.0,90.0,50.0,50.0,,,position_noise,,no_fusion,move,2,0,34.247,5.957,22.358,uav_1,5.957,False,False,False,False,False
sensor_noise,233,46.6,1,73.371,67.482,90.0,94.0,50.0,50.0,,,position_noise,,no_fusion,move,3,0,31.301,5.015,24.186,uav_2,5.015,False,False,False,False,False
sensor_noise,233,46.6,2,76.389,71.487,86.0,90.0,50.0,50.0,,,position_noise,,no_fusion,move,3,0,20.858,5.015,29.031,uav_1,5.015,False,False,False,False,False
sensor_noise,233,46.6,3,82.452,74.627,90.0,86.0,50.0,50.0,,,position_noise,,no_fusion,move,2,0,13.65,6.827,35.739,uav_2,6.827,False,False,False,False,False
sensor_noise,234,46.8,0,74.963,62.015,94.0,90.0,50.0,50.0,,,position_noise,,no_fusion,move,2,0,33.847,5.968,22.704,uav_1,5.968,False,False,False,False,False
sensor_noise,234,46.8,1,73.583,67.821,90.0,94.0,50.0,50.0,,,position_noise,,no_fusion,move,3,0,30.901,5.011,24.56,uav_2,5.011,False,False,False,False,False
sensor_noise,234,46.8,2,76.574,71.842,86.0,90.0,50.0,50.0,,,position_noise,,no_fusion,move,3,0,20.458,5.011,29.399,uav_1,5.011,False,False,False,False,False
sensor_noise,234,46.8,3,82.673,74.96,90.0,86.0,50.0,50.0,,,position_noise,,no_fusion,move,2,0,13.25,6.85,36.116,uav_2,6.85,False,False,False,False,False
sensor_noise,235,47.0,0,75.188,62.346,94.0,90.0,50.0,50.0,,,position_noise,,no_fusion,move,2,0,33.447,5.979,23.05,uav_1,5.979,False,False,False,False,False
sensor_noise,235,47.0,1,73.796,68.16,90.0,94.0,50.0,50.0,,,position_noise,,no_fusion,move,3,0,30.501,5.008,24.934,uav_2,5.008,False,False,False,False,False
sensor_noise,235,47.0,2,76.758,72.198,86.0,90.0,50.0,50.0,,,position_noise,,no_fusion,move,3,0,20.058,5.008,29.767,uav_1,5.008,False,False,False,False,False
sensor_noise,235,47.0,3,82.894,75.294,90.0,86.0,50.0,50.0,,,position_noise,,no_fusion,move,2,0,12.85,6.873,36.495,uav_2,6.873,False,False,False,False,False
sensor_noise,236,47.2,0,75.413,62.676,94.0,90.0,50.0,50.0,,,position_noise,,no_fusion,move,2,0,33.047,5.989,23.399,uav_1,5.989,False,False,False,False,False
sensor_noise,236,47.2,1,74.008,68.499,90.0,94.0,50.0,50.0,,,position_noise,,no_fusion,move,3,0,30.101,5.004,25.309,uav_2,5.004,False,False,False,False,False
sensor_noise,236,47.2,2,76.942,72.553,86.0,90.0,50.0,50.0,,,position_noise,,no_fusion,move,3,0,19.658,5.004,30.136,uav_1,5.004,False,False,False,False,False
sensor_noise,236,47.2,3,83.116,75.627,90.0,86.0,50.0,50.0,,,position_noise,,no_fusion,move,2,0,12.45,6.897,36.873,uav_2,6.897,False,False,False,False,False
sensor_noise,237,47.4,0,75.637,63.007,94.0,90.0,50.0,50.0,,,position_noise,,no_fusion,move,2,0,32.647,6.0,23.748,uav_1,6.0,False,False,False,False,False
sensor_noise,237,47.4,1,74.221,68.838,90.0,94.0,50.0,50.0,,,position_noise,,no_fusion,move,3,0,29.701,5.001,25.684,uav_2,5.001,False,False,False,False,False
sensor_noise,237,47.4,2,77.127,72.908,86.0,90.0,50.0,50.0,,,position_noise,,no_fusion,move,3,0,19.258,5.001,30.505,uav_1,5.001,False,False,False,False,False
sensor_noise,237,47.4,3,83.337,75.96,90.0,86.0,50.0,50.0,,,position_noise,,no_fusion,move,2,0,12.05,6.92,37.253,uav_2,6.92,False,False,False,False,False
sensor_noise,238,47.6,0,75.862,63.338,94.0,90.0,50.0,50.0,,,position_noise,,no_fusion,move,2,0,32.247,6.011,24.099,uav_1,6.011,False,False,False,False,False
sensor_noise,238,47.6,1,74.433,69.177,90.0,94.0,50.0,50.0,,,position_noise,,no_fusion,move,3,0,29.301,4.998,26.06,uav_2,4.998,False,False,False,False,False
sensor_noise,238,47.6,2,77.311,73.263,86.0,90.0,50.0,50.0,,,position_noise,,no_fusion,move,3,0,18.858,4.998,30.875,uav_1,4.998,False,False,False,False,False
sensor_noise,238,47.6,3,83.558,76.293,90.0,86.0,50.0,50.0,,,position_noise,,no_fusion,move,2,0,11.65,6.944,37.632,uav_2,6.944,False,False,False,False,False
sensor_noise,239,47.8,0,76.087,63.668,94.0,90.0,50.0,50.0,,,position_noise,,no_fusion,move,2,0,31.847,6.022,24.451,uav_1,6.022,False,False,False,False,False
sensor_noise,239,47.8,1,74.646,69.515,90.0,94.0,50.0,50.0,,,position_noise,,no_fusion,move,3,0,28.901,4.995,26.437,uav_2,4.995,False,False,False,False,False
sensor_noise,239,47.8,2,77.495,73.618,86.0,90.0,50.0,50.0,,,position_noise,,no_fusion,move,3,0,18.458,4.995,31.246,uav_1,4.995,False,False,False,False,False
sensor_noise,239,47.8,3,83.779,76.627,90.0,86.0,50.0,50.0,,,position_noise,,no_fusion,move,2,0,11.25,6.967,38.012,uav_2,6.967,False,False,False,False,False
sensor_noise,240,48.0,0,76.312,63.999,94.0,90.0,50.0,50.0,,,position_noise,,no_fusion,move,2,0,31.447,6.033,24.805,uav_1,6.033,False,False,False,False,False
sensor_noise,240,48.0,1,74.858,69.854,90.0,94.0,50.0,50.0,,,position_noise,,no_fusion,move,3,0,28.501,4.992,26.814,uav_2,4.992,False,False,False,False,False
sensor_noise,240,48.0,2,77.68,73.973,86.0,90.0,50.0,50.0,,,position_noise,,no_fusion,move,3,0,18.058,4.992,31.617,uav_1,4.992,False,False,False,False,False
sensor_noise,240,48.0,3,84.0,76.96,90.0,86.0,50.0,50.0,,,position_noise,,no_fusion,move,2,0,10.85,6.991,38.392,uav_2,6.991,False,False,False,False,False
sensor_noise,241,48.2,0,76.537,64.33,94.0,90.0,50.0,50.0,,,position_noise,,no_fusion,move,2,0,31.047,6.044,25.159,uav_1,6.044,False,False,False,False,False
sensor_noise,241,48.2,1,75.071,70.193,90.0,94.0,50.0,50.0,,,position_noise,,no_fusion,move,3,0,28.101,4.989,27.192,uav_2,4.989,False,False,False,False,False
sensor_noise,241,48.2,2,77.864,74.328,86.0,90.0,50.0,50.0,,,position_noise,,no_fusion,move,3,0,17.658,4.989,31.99,uav_1,4.989,False,False,False,False,False
sensor_noise,241,48.2,3,84.222,77.293,90.0,86.0,50.0,50.0,,,position_noise,,no_fusion,move,2,0,10.45,7.015,38.773,uav_2,7.015,False,False,False,False,False
sensor_noise,242,48.4,0,76.762,64.661,94.0,90.0,50.0,50.0,,,position_noise,,no_fusion,move,2,0,30.647,6.055,25.515,uav_1,6.055,False,False,False,False,False
sensor_noise,242,48.4,1,75.283,70.532,90.0,94.0,50.0,50.0,,,position_noise,,no_fusion,move,3,0,27.701,4.987,27.57,uav_2,4.987,False,False,False,False,False
sensor_noise,242,48.4,2,78.048,74.683,86.0,90.0,50.0,50.0,,,position_noise,,no_fusion,move,3,0,17.258,4.987,32.362,uav_1,4.987,False,False,False,False,False
sensor_noise,242,48.4,3,84.443,77.627,90.0,86.0,50.0,50.0,,,position_noise,,no_fusion,move,2,0,10.05,7.04,39.154,uav_2,7.04,False,False,False,False,False
sensor_noise,243,48.6,0,76.987,64.991,94.0,90.0,50.0,50.0,,,position_noise,,no_fusion,move,2,0,30.247,6.066,25.872,uav_1,6.066,False,False,False,False,False
sensor_noise,243,48.6,1,75.496,70.871,90.0,94.0,50.0,50.0,,,position_noise,,no_fusion,move,3,0,27.301,4.985,27.949,uav_2,4.985,False,False,False,False,False
sensor_noise,243,48.6,2,78.232,75.038,86.0,90.0,50.0,50.0,,,position_noise,,no_fusion,move,3,0,16.858,4.985,32.735,uav_1,4.985,False,False,False,False,False
sensor_noise,243,48.6,3,84.664,77.96,90.0,86.0,50.0,50.0,,,position_noise,,no_fusion,move,2,0,9.65,7.064,39.535,uav_2,7.064,False,False,False,False,False
sensor_noise,244,48.8,0,77.212,65.322,94.0,90.0,50.0,50.0,,,position_noise,,no_fusion,move,2,0,29.847,6.077,26.23,uav_1,6.077,False,False,False,False,False
sensor_noise,244,48.8,1,75.708,71.21,90.0,94.0,50.0,50.0,,,position_noise,,no_fusion,move,3,0,26.901,4.983,28.328,uav_2,4.983,False,False,False,False,False
sensor_noise,244,48.8,2,78.417,75.393,86.0,90.0,50.0,50.0,,,position_noise,,no_fusion,move,3,0,16.458,4.983,33.109,uav_1,4.983,False,False,False,False,False
sensor_noise,244,48.8,3,84.885,78.293,90.0,86.0,50.0,50.0,,,position_noise,,no_fusion,move,2,0,9.25,7.089,39.916,uav_2,7.089,False,False,False,False,False
sensor_noise,245,49.0,0,77.437,65.653,94.0,90.0,50.0,50.0,,,position_noise,,no_fusion,move,2,0,29.447,6.088,26.588,uav_1,6.088,False,False,False,False,False
sensor_noise,245,49.0,1,75.921,71.549,90.0,94.0,50.0,50.0,,,position_noise,,no_fusion,move,3,0,26.501,4.981,28.708,uav_2,4.981,False,False,False,False,False
sensor_noise,245,49.0,2,78.601,75.748,86.0,90.0,50.0,50.0,,,position_noise,,no_fusion,move,3,0,16.058,4.981,33.483,uav_1,4.981,False,False,False,False,False
sensor_noise,245,49.0,3,85.106,78.626,90.0,86.0,50.0,50.0,,,position_noise,,no_fusion,move,2,0,8.85,7.114,40.298,uav_2,7.114,False,False,False,False,False
sensor_noise,246,49.2,0,77.662,65.984,94.0,90.0,50.0,50.0,,,position_noise,,no_fusion,move,2,0,29.047,6.099,26.948,uav_1,6.099,False,False,False,False,False
sensor_noise,246,49.2,1,76.133,71.888,90.0,94.0,50.0,50.0,,,position_noise,,no_fusion,move,3,0,26.101,4.98,29.089,uav_2,4.98,False,False,False,False,False
sensor_noise,246,49.2,2,78.785,76.103,86.0,90.0,50.0,50.0,,,position_noise,,no_fusion,move,3,0,15.658,4.98,33.858,uav_1,4.98,False,False,False,False,False
sensor_noise,246,49.2,3,85.328,78.96,90.0,86.0,50.0,50.0,,,position_noise,,no_fusion,move,2,0,8.45,7.139,40.68,uav_2,7.139,False,False,False,False,False
sensor_noise,247,49.4,0,77.887,66.314,94.0,90.0,50.0,50.0,,,position_noise,,no_fusion,move,2,0,28.647,6.11,27.309,uav_1,6.11,False,False,False,False,False
sensor_noise,247,49.4,1,76.346,72.227,90.0,94.0,50.0,50.0,,,position_noise,,no_fusion,move,3,0,25.701,4.979,29.469,uav_2,4.979,False,False,False,False,False
sensor_noise,247,49.4,2,78.97,76.458,86.0,90.0,50.0,50.0,,,position_noise,,no_fusion,move,3,0,15.258,4.979,34.233,uav_1,4.979,False,False,False,False,False
sensor_noise,247,49.4,3,85.549,79.293,90.0,86.0,50.0,50.0,,,position_noise,,no_fusion,move,2,0,8.05,7.164,41.063,uav_2,7.164,False,False,False,False,False
sensor_noise,248,49.6,0,78.112,66.645,94.0,90.0,50.0,50.0,,,position_noise,,no_fusion,move,2,0,28.247,6.121,27.67,uav_1,6.121,False,False,False,False,False
sensor_noise,248,49.6,1,76.558,72.565,90.0,94.0,50.0,50.0,,,position_noise,,no_fusion,move,3,0,25.301,4.978,29.85,uav_2,4.978,False,False,False,False,False
sensor_noise,248,49.6,2,79.154,76.813,86.0,90.0,50.0,50.0,,,position_noise,,no_fusion,move,3,0,14.858,4.978,34.609,uav_1,4.978,False,False,False,False,False
sensor_noise,248,49.6,3,85.77,79.626,90.0,86.0,50.0,50.0,,,position_noise,,no_fusion,move,2,0,7.65,7.189,41.446,uav_2,7.189,False,False,False,False,False
sensor_noise,249,49.8,0,78.337,66.976,94.0,90.0,50.0,50.0,,,position_noise,,no_fusion,move,2,0,27.847,6.132,28.033,uav_1,6.132,False,False,False,False,False
sensor_noise,249,49.8,1,76.771,72.904,90.0,94.0,50.0,50.0,,,position_noise,,no_fusion,move,3,0,24.901,4.977,30.232,uav_2,4.977,False,False,False,False,False
sensor_noise,249,49.8,2,79.338,77.168,86.0,90.0,50.0,50.0,,,position_noise,,no_fusion,move,3,0,14.458,4.977,34.985,uav_1,4.977,False,False,False,False,False
sensor_noise,249,49.8,3,85.991,79.96,90.0,86.0,50.0,50.0,,,position_noise,,no_fusion,move,2,0,7.25,7.215,41.829,uav_2,7.215,False,False,False,False,False
sensor_noise,250,50.0,0,78.562,67.307,94.0,90.0,50.0,50.0,,,position_noise,,no_fusion,move,2,0,27.447,6.143,28.396,uav_1,6.143,False,False,False,False,False
sensor_noise,250,50.0,1,76.983,73.243,90.0,94.0,50.0,50.0,,,position_noise,,no_fusion,move,3,0,24.501,4.976,30.614,uav_2,4.976,False,False,False,False,False
sensor_noise,250,50.0,2,79.523,77.523,86.0,90.0,50.0,50.0,,,position_noise,,no_fusion,move,3,0,14.058,4.976,35.362,uav_1,4.976,False,False,False,False,False
sensor_noise,250,50.0,3,86.212,80.293,90.0,86.0,50.0,50.0,,,position_noise,,no_fusion,move,2,0,6.85,7.241,42.212,uav_2,7.241,False,False,False,False,False
sensor_noise,251,50.2,0,78.787,67.637,94.0,90.0,50.0,50.0,,,position_noise,,no_fusion,move,2,0,27.047,6.154,28.761,uav_1,6.154,False,False,False,False,False
sensor_noise,251,50.2,1,77.196,73.582,90.0,94.0,50.0,50.0,,,position_noise,,no_fusion,move,3,0,24.101,4.976,30.996,uav_2,4.976,False,False,False,False,False
sensor_noise,251,50.2,2,79.707,77.878,86.0,90.0,50.0,50.0,,,position_noise,,no_fusion,move,3,0,13.658,4.976,35.739,uav_1,4.976,False,False,False,False,False
sensor_noise,251,50.2,3,86.433,80.626,90.0,86.0,50.0,50.0,,,position_noise,,no_fusion,move,2,0,6.45,7.266,42.596,uav_2,7.266,False,False,False,False,False
sensor_noise,252,50.4,0,79.012,67.968,94.0,90.0,50.0,50.0,,,position_noise,,no_fusion,move,2,0,26.647,6.165,29.126,uav_1,6.165,False,False,False,False,False
sensor_noise,252,50.4,1,77.408,73.921,90.0,94.0,50.0,50.0,,,position_noise,,no_fusion,move,3,0,23.701,4.975,31.379,uav_2,4.975,False,False,False,False,False
sensor_noise,252,50.4,2,79.891,78.233,86.0,90.0,50.0,50.0,,,position_noise,,no_fusion,move,3,0,13.258,4.975,36.116,uav_1,4.975,False,False,False,False,False
sensor_noise,252,50.4,3,86.655,80.959,90.0,86.0,50.0,50.0,,,position_noise,,no_fusion,move,2,0,6.05,7.292,42.98,uav_2,7.292,False,False,False,False,False
sensor_noise,253,50.6,0,79.237,68.299,94.0,90.0,50.0,50.0,,,position_noise,,no_fusion,move,2,0,26.247,6.176,29.491,uav_1,6.176,False,False,False,False,False
sensor_noise,253,50.6,1,77.621,74.26,90.0,94.0,50.0,50.0,,,position_noise,,no_fusion,move,3,0,23.301,4.975,31.762,uav_2,4.975,False,False,False,False,False
sensor_noise,253,50.6,2,80.075,78.588,86.0,90.0,50.0,50.0,,,position_noise,,no_fusion,move,3,0,12.858,4.975,36.494,uav_1,4.975,False,False,False,False,False
sensor_noise,253,50.6,3,86.876,81.293,90.0,86.0,50.0,50.0,,,position_noise,,no_fusion,move,2,0,5.65,7.319,43.364,uav_2,7.319,False,False,False,False,False
sensor_noise,254,50.8,0,79.462,68.629,94.0,90.0,50.0,50.0,,,position_noise,,no_fusion,move,2,0,25.847,6.187,29.858,uav_1,6.187,False,False,False,False,False
sensor_noise,254,50.8,1,77.834,74.599,90.0,94.0,50.0,50.0,,,position_noise,,no_fusion,move,3,0,22.901,4.976,32.146,uav_2,4.976,False,False,False,False,False
sensor_noise,254,50.8,2,80.26,78.943,86.0,90.0,50.0,50.0,,,position_noise,,no_fusion,move,3,0,12.458,4.976,36.873,uav_1,4.976,False,False,False,False,False
sensor_noise,254,50.8,3,87.097,81.626,90.0,86.0,50.0,50.0,,,position_noise,,no_fusion,move,2,0,5.25,7.345,43.748,uav_2,7.345,False,False,False,False,False
sensor_noise,255,51.0,0,79.687,68.96,94.0,90.0,50.0,50.0,,,position_noise,,no_fusion,move,2,0,25.447,6.199,30.225,uav_1,6.199,False,False,False,False,False
sensor_noise,255,51.0,1,78.046,74.938,90.0,94.0,50.0,50.0,,,position_noise,,no_fusion,move,3,0,22.501,4.976,32.529,uav_2,4.976,False,False,False,False,False
sensor_noise,255,51.0,2,80.444,79.298,86.0,90.0,50.0,50.0,,,position_noise,,no_fusion,move,3,0,12.058,4.976,37.252,uav_1,4.976,False,False,False,False,False
sensor_noise,255,51.0,3,87.318,81.959,90.0,86.0,50.0,50.0,,,position_noise,,no_fusion,move,2,0,4.85,7.371,44.133,uav_2,7.371,False,False,False,False,False
sensor_noise,256,51.2,0,79.912,69.291,94.0,90.0,50.0,50.0,,,position_noise,,no_fusion,move,2,0,25.047,6.21,30.593,uav_1,6.21,False,False,False,False,False
sensor_noise,256,51.2,1,78.259,75.276,90.0,94.0,50.0,50.0,,,position_noise,,no_fusion,move,3,0,22.101,4.977,32.914,uav_2,4.977,False,False,False,False,False
sensor_noise,256,51.2,2,80.628,79.653,86.0,90.0,50.0,50.0,,,position_noise,,no_fusion,move,3,0,11.658,4.977,37.631,uav_1,4.977,False,False,False,False,False
sensor_noise,256,51.2,3,87.539,82.292,90.0,86.0,50.0,50.0,,,position_noise,,no_fusion,move,2,0,4.45,7.398,44.518,uav_2,7.398,False,False,False,False,False
sensor_noise,257,51.4,0,80.137,69.622,94.0,90.0,50.0,50.0,,,position_noise,,no_fusion,move,2,0,24.647,6.221,30.962,uav_1,6.221,False,False,False,False,False
sensor_noise,257,51.4,1,78.471,75.615,90.0,94.0,50.0,50.0,,,position_noise,,no_fusion,move,3,0,21.701,4.978,33.298,uav_2,4.978,False,False,False,False,False
sensor_noise,257,51.4,2,80.813,80.008,86.0,90.0,50.0,50.0,,,position_noise,,no_fusion,move,3,0,11.258,4.978,38.01,uav_1,4.978,False,False,False,False,False
sensor_noise,257,51.4,3,87.761,82.626,90.0,86.0,50.0,50.0,,,position_noise,,no_fusion,move,2,0,4.05,7.425,44.903,uav_2,7.425,False,False,False,False,False
sensor_noise,258,51.6,0,80.362,69.952,94.0,90.0,50.0,50.0,,,position_noise,,no_fusion,move,2,0,24.247,6.232,31.331,uav_1,6.232,False,False,False,False,False
sensor_noise,258,51.6,1,78.684,75.954,90.0,94.0,50.0,50.0,,,position_noise,,no_fusion,move,3,0,21.301,4.979,33.683,uav_2,4.979,False,False,False,False,False
sensor_noise,258,51.6,2,80.997,80.363,86.0,90.0,50.0,50.0,,,position_noise,,no_fusion,move,3,0,10.858,4.979,38.39,uav_1,4.979,False,False,False,False,False
sensor_noise,258,51.6,3,87.982,82.959,90.0,86.0,50.0,50.0,,,position_noise,,no_fusion,move,2,0,3.65,7.452,45.288,uav_2,7.452,False,False,False,False,False
sensor_noise,259,51.8,0,80.587,70.283,94.0,90.0,50.0,50.0,,,position_noise,,no_fusion,move,2,0,23.847,6.243,31.701,uav_1,6.243,False,False,False,False,False
sensor_noise,259,51.8,1,78.896,76.293,90.0,94.0,50.0,50.0,,,position_noise,,no_fusion,move,3,0,20.901,4.98,34.068,uav_2,4.98,False,False,False,False,False
sensor_noise,259,51.8,2,81.181,80.718,86.0,90.0,50.0,50.0,,,position_noise,,no_fusion,move,3,0,10.458,4.98,38.77,uav_1,4.98,False,False,False,False,False
sensor_noise,259,51.8,3,88.203,83.292,90.0,86.0,50.0,50.0,,,position_noise,,no_fusion,move,2,0,3.25,7.479,45.674,uav_2,7.479,False,False,False,False,False
sensor_noise,260,52.0,0,80.812,70.614,94.0,90.0,50.0,50.0,,,position_noise,,no_fusion,move,2,0,23.447,6.255,32.072,uav_1,6.255,False,False,False,False,False
sensor_noise,260,52.0,1,79.109,76.632,90.0,94.0,50.0,50.0,,,position_noise,,no_fusion,move,3,0,20.501,4.981,34.453,uav_2,4.981,False,False,False,False,False
sensor_noise,260,52.0,2,81.366,81.073,86.0,90.0,50.0,50.0,,,position_noise,,no_fusion,move,3,0,10.058,4.981,39.151,uav_1,4.981,False,False,False,False,False
sensor_noise,260,52.0,3,88.424,83.626,90.0,86.0,50.0,50.0,,,position_noise,,no_fusion,move,2,0,2.85,7.506,46.06,uav_2,7.506,False,False,False,False,False
sensor_noise,261,52.2,0,81.037,70.945,94.0,90.0,50.0,50.0,,,position_noise,,no_fusion,move,2,0,23.047,6.266,32.443,uav_1,6.266,False,False,False,False,False
sensor_noise,261,52.2,1,79.321,76.971,90.0,94.0,50.0,50.0,,,position_noise,,no_fusion,move,3,0,20.101,4.983,34.839,uav_2,4.983,False,False,False,False,False
sensor_noise,261,52.2,2,81.55,81.428,86.0,90.0,50.0,50.0,,,position_noise,,no_fusion,move,3,0,9.658,4.983,39.532,uav_1,4.983,False,False,False,False,False
sensor_noise,261,52.2,3,88.645,83.959,90.0,86.0,50.0,50.0,,,position_noise,,no_fusion,move,2,0,2.45,7.533,46.446,uav_2,7.533,False,False,False,False,False
sensor_noise,262,52.4,0,81.262,71.275,94.0,90.0,50.0,50.0,,,position_noise,,no_fusion,move,2,0,22.647,6.277,32.815,uav_1,6.277,False,False,False,False,False
sensor_noise,262,52.4,1,79.534,77.31,90.0,94.0,50.0,50.0,,,position_noise,,no_fusion,move,3,0,19.701,4.985,35.225,uav_2,4.985,False,False,False,False,False
sensor_noise,262,52.4,2,81.734,81.783,86.0,90.0,50.0,50.0,,,position_noise,,no_fusion,move,3,0,9.258,4.985,39.913,uav_1,4.985,False,False,False,False,False
sensor_noise,262,52.4,3,88.867,84.292,90.0,86.0,50.0,50.0,,,position_noise,,no_fusion,move,2,0,2.05,7.561,46.832,uav_2,7.561,False,False,False,False,False
sensor_noise,263,52.6,0,81.487,71.606,94.0,90.0,50.0,50.0,,,position_noise,,no_fusion,move,2,0,22.247,6.288,33.187,uav_1,6.288,False,False,False,False,False
sensor_noise,263,52.6,1,79.746,77.649,90.0,94.0,50.0,50.0,,,position_noise,,no_fusion,move,3,0,19.301,4.987,35.611,uav_2,4.987,False,False,False,False,False
sensor_noise,263,52.6,2,81.918,82.138,86.0,90.0,50.0,50.0,,,position_noise,,no_fusion,move,3,0,8.858,4.987,40.295,uav_1,4.987,False,False,False,False,False
sensor_noise,263,52.6,3,89.088,84.625,90.0,86.0,50.0,50.0,,,position_noise,,no_fusion,move,2,0,1.65,7.589,47.219,uav_2,7.589,False,False,False,False,True
sensor_noise,264,52.8,0,81.712,71.937,94.0,90.0,50.0,50.0,,,position_noise,,no_fusion,move,2,0,21.847,6.3,33.56,uav_1,6.3,False,False,False,False,False
sensor_noise,264,52.8,1,79.959,77.987,90.0,94.0,50.0,50.0,,,position_noise,,no_fusion,move,3,0,18.901,4.99,35.998,uav_2,4.99,False,False,False,False,False
sensor_noise,264,52.8,2,82.103,82.493,86.0,90.0,50.0,50.0,,,position_noise,,no_fusion,move,3,0,8.458,4.99,40.677,uav_1,4.99,False,False,False,False,False
sensor_noise,264,52.8,3,89.088,84.625,90.0,86.0,50.0,50.0,,,none,,no_fusion,at_goal,0,0,1.65,7.303,47.219,uav_2,7.303,False,False,False,False,True
sensor_noise,265,53.0,0,81.937,72.267,94.0,90.0,50.0,50.0,,,position_noise,,no_fusion,move,3,0,21.447,6.311,33.933,uav_1,6.311,False,False,False,False,False
sensor_noise,265,53.0,1,80.171,78.326,90.0,94.0,50.0,50.0,,,position_noise,,no_fusion,move,3,0,18.501,4.992,36.385,uav_2,4.992,False,False,False,False,False
sensor_noise,265,53.0,2,82.287,82.848,86.0,90.0,50.0,50.0,,,position_noise,,no_fusion,move,3,0,8.058,4.992,41.059,uav_1,4.992,False,False,False,False,False
sensor_noise,265,53.0,3,89.088,84.625,90.0,86.0,50.0,50.0,,,none,,no_fusion,at_goal,0,0,1.65,7.029,47.219,uav_2,7.029,False,False,False,False,True
sensor_noise,266,53.2,0,82.162,72.598,94.0,90.0,50.0,50.0,,,position_noise,,no_fusion,move,3,0,21.047,6.322,34.307,uav_1,6.322,False,False,False,False,False
sensor_noise,266,53.2,1,80.384,78.665,90.0,94.0,50.0,50.0,,,position_noise,,no_fusion,move,3,0,18.101,4.995,36.772,uav_2,4.995,False,False,False,False,False
sensor_noise,266,53.2,2,82.471,83.203,86.0,90.0,50.0,50.0,,,position_noise,,no_fusion,move,3,0,7.658,4.995,41.442,uav_1,4.995,False,False,False,False,False
sensor_noise,266,53.2,3,89.088,84.625,90.0,86.0,50.0,50.0,,,none,,no_fusion,at_goal,0,0,1.65,6.768,47.219,uav_2,6.768,False,False,False,False,True
sensor_noise,267,53.4,0,82.387,72.929,94.0,90.0,50.0,50.0,,,position_noise,,no_fusion,move,3,0,20.647,6.334,34.682,uav_1,6.334,False,False,False,False,False
sensor_noise,267,53.4,1,80.596,79.004,90.0,94.0,50.0,50.0,,,position_noise,,no_fusion,move,3,0,17.701,4.998,37.159,uav_2,4.998,False,False,False,False,False
sensor_noise,267,53.4,2,82.656,83.558,86.0,90.0,50.0,50.0,,,position_noise,,no_fusion,move,3,0,7.258,4.998,41.824,uav_1,4.998,False,False,False,False,False
sensor_noise,267,53.4,3,89.088,84.625,90.0,86.0,50.0,50.0,,,none,,no_fusion,at_goal,0,0,1.65,6.52,47.219,uav_2,6.52,False,False,False,False,True
sensor_noise,268,53.6,0,82.612,73.26,94.0,90.0,50.0,50.0,,,position_noise,,no_fusion,move,3,0,20.247,6.345,35.057,uav_1,6.345,False,False,False,False,False
sensor_noise,268,53.6,1,80.809,79.343,90.0,94.0,50.0,50.0,,,position_noise,,no_fusion,move,3,0,17.301,5.001,37.546,uav_2,5.001,False,False,False,False,False
sensor_noise,268,53.6,2,82.84,83.913,86.0,90.0,50.0,50.0,,,position_noise,,no_fusion,move,3,0,6.858,5.001,42.207,uav_1,5.001,False,False,False,False,False
sensor_noise,268,53.6,3,89.088,84.625,90.0,86.0,50.0,50.0,,,none,,no_fusion,at_goal,0,0,1.65,6.288,47.219,uav_2,6.288,False,False,False,False,True
sensor_noise,269,53.8,0,82.837,73.59,94.0,90.0,50.0,50.0,,,position_noise,,no_fusion,move,3,0,19.847,6.356,35.432,uav_1,6.356,False,False,False,False,False
sensor_noise,269,53.8,1,81.021,79.682,90.0,94.0,50.0,50.0,,,position_noise,,no_fusion,move,3,0,16.901,5.004,37.934,uav_2,5.004,False,False,False,False,False
sensor_noise,269,53.8,2,83.024,84.268,86.0,90.0,50.0,50.0,,,position_noise,,no_fusion,move,3,0,6.458,5.004,42.591,uav_1,5.004,False,False,False,False,False
sensor_noise,269,53.8,3,89.088,84.625,90.0,86.0,50.0,50.0,,,none,,no_fusion,at_goal,0,0,1.65,6.074,47.219,uav_2,6.074,False,False,False,False,True
sensor_noise,270,54.0,0,83.062,73.921,94.0,90.0,50.0,50.0,,,position_noise,,no_fusion,move,3,0,19.447,6.368,35.808,uav_1,6.368,False,False,False,False,False
sensor_noise,270,54.0,1,81.234,80.021,90.0,94.0,50.0,50.0,,,position_noise,,no_fusion,move,3,0,16.501,5.008,38.322,uav_2,5.008,False,False,False,False,False
sensor_noise,270,54.0,2,83.209,84.623,86.0,90.0,50.0,50.0,,,position_noise,,no_fusion,move,3,0,6.058,5.008,42.975,uav_1,5.008,False,False,False,False,False
sensor_noise,270,54.0,3,89.088,84.625,90.0,86.0,50.0,50.0,,,none,,no_fusion,at_goal,0,0,1.65,5.879,47.219,uav_2,5.879,False,False,False,False,True
sensor_noise,271,54.2,0,83.287,74.252,94.0,90.0,50.0,50.0,,,position_noise,,no_fusion,move,3,0,19.047,6.379,36.185,uav_1,6.379,False,False,False,False,False
sensor_noise,271,54.2,1,81.446,80.36,90.0,94.0,50.0,50.0,,,position_noise,,no_fusion,move,3,0,16.101,5.012,38.71,uav_2,5.012,False,False,False,False,False
sensor_noise,271,54.2,2,83.393,84.978,86.0,90.0,50.0,50.0,,,position_noise,,no_fusion,move,3,0,5.658,5.012,43.358,uav_1,5.012,False,False,False,False,False
sensor_noise,271,54.2,3,89.088,84.625,90.0,86.0,50.0,50.0,,,none,,no_fusion,at_goal,0,0,1.65,5.706,47.219,uav_2,5.706,False,False,False,False,True
sensor_noise,272,54.4,0,83.512,74.583,94.0,90.0,50.0,50.0,,,position_noise,,no_fusion,move,3,0,18.647,6.391,36.561,uav_1,6.391,False,False,False,False,False
sensor_noise,272,54.4,1,81.659,80.699,90.0,94.0,50.0,50.0,,,position_noise,,no_fusion,move,3,0,15.701,5.016,39.098,uav_2,5.016,False,False,False,False,False
sensor_noise,272,54.4,2,83.577,85.333,86.0,90.0,50.0,50.0,,,position_noise,,no_fusion,move,3,0,5.258,5.016,43.743,uav_1,5.016,False,False,False,False,False
sensor_noise,272,54.4,3,89.088,84.625,90.0,86.0,50.0,50.0,,,none,,no_fusion,at_goal,0,0,1.65,5.556,47.219,uav_2,5.556,False,False,False,False,True
sensor_noise,273,54.6,0,83.737,74.913,94.0,90.0,50.0,50.0,,,position_noise,,no_fusion,move,3,0,18.247,6.402,36.939,uav_1,6.402,False,False,False,False,False
sensor_noise,273,54.6,1,81.871,81.037,90.0,94.0,50.0,50.0,,,position_noise,,no_fusion,move,3,0,15.301,5.02,39.487,uav_2,5.02,False,False,False,False,False
sensor_noise,273,54.6,2,83.761,85.688,86.0,90.0,50.0,50.0,,,position_noise,,no_fusion,move,3,0,4.858,5.02,44.127,uav_1,5.02,False,False,False,False,False
sensor_noise,273,54.6,3,89.088,84.625,90.0,86.0,50.0,50.0,,,none,,no_fusion,at_goal,0,0,1.65,5.431,47.219,uav_2,5.431,False,False,False,False,True
sensor_noise,274,54.8,0,83.962,75.244,94.0,90.0,50.0,50.0,,,position_noise,,no_fusion,move,3,0,17.847,6.413,37.316,uav_1,6.413,False,False,False,False,False
sensor_noise,274,54.8,1,82.084,81.376,90.0,94.0,50.0,50.0,,,position_noise,,no_fusion,move,3,0,14.901,5.024,39.876,uav_2,5.024,False,False,False,False,False
sensor_noise,274,54.8,2,83.946,86.043,86.0,90.0,50.0,50.0,,,position_noise,,no_fusion,move,3,0,4.458,5.024,44.512,uav_1,5.024,False,False,False,False,False
sensor_noise,274,54.8,3,89.088,84.625,90.0,86.0,50.0,50.0,,,none,,no_fusion,at_goal,0,0,1.65,5.334,47.219,uav_2,5.334,False,False,False,False,True
sensor_noise,275,55.0,0,84.187,75.575,94.0,90.0,50.0,50.0,,,position_noise,,no_fusion,move,3,0,17.447,6.425,37.694,uav_1,6.425,False,False,False,False,False
sensor_noise,275,55.0,1,82.296,81.715,90.0,94.0,50.0,50.0,,,position_noise,,no_fusion,move,3,0,14.501,5.029,40.265,uav_2,5.029,False,False,False,False,False
sensor_noise,275,55.0,2,84.13,86.398,86.0,90.0,50.0,50.0,,,position_noise,,no_fusion,move,3,0,4.058,5.029,44.897,uav_1,5.029,False,False,False,False,False
sensor_noise,275,55.0,3,89.088,84.625,90.0,86.0,50.0,50.0,,,none,,no_fusion,at_goal,0,0,1.65,5.265,47.219,uav_2,5.265,False,False,False,False,True
sensor_noise,276,55.2,0,84.412,75.905,94.0,90.0,50.0,50.0,,,position_noise,,no_fusion,move,3,0,17.047,6.436,38.073,uav_1,6.436,False,False,False,False,False
sensor_noise,276,55.2,1,82.509,82.054,90.0,94.0,50.0,50.0,,,position_noise,,no_fusion,move,3,0,14.101,5.034,40.654,uav_2,5.034,False,False,False,False,False
sensor_noise,276,55.2,2,84.314,86.753,86.0,90.0,50.0,50.0,,,position_noise,,no_fusion,move,3,0,3.658,5.034,45.282,uav_1,5.034,False,False,False,False,False
sensor_noise,276,55.2,3,89.088,84.625,90.0,86.0,50.0,50.0,,,none,,no_fusion,at_goal,0,0,1.65,5.226,47.219,uav_2,5.226,False,False,False,False,True
sensor_noise,277,55.4,0,84.637,76.236,94.0,90.0,50.0,50.0,,,position_noise,,no_fusion,move,3,0,16.647,6.448,38.452,uav_1,6.448,False,False,False,False,False
sensor_noise,277,55.4,1,82.721,82.393,90.0,94.0,50.0,50.0,,,position_noise,,no_fusion,move,3,0,13.701,5.039,41.043,uav_2,5.039,False,False,False,False,False
sensor_noise,277,55.4,2,84.499,87.108,86.0,90.0,50.0,50.0,,,position_noise,,no_fusion,move,3,0,3.258,5.039,45.667,uav_1,5.039,False,False,False,False,False
sensor_noise,277,55.4,3,89.088,84.625,90.0,86.0,50.0,50.0,,,none,,no_fusion,at_goal,0,0,1.65,5.218,47.219,uav_2,5.218,False,False,False,False,True
sensor_noise,278,55.6,0,84.862,76.567,94.0,90.0,50.0,50.0,,,position_noise,,no_fusion,move,3,0,16.247,6.459,38.831,uav_1,6.459,False,False,False,False,False
sensor_noise,278,55.6,1,82.934,82.732,90.0,94.0,50.0,50.0,,,position_noise,,no_fusion,move,3,0,13.301,5.044,41.433,uav_2,5.044,False,False,False,False,False
sensor_noise,278,55.6,2,84.683,87.463,86.0,90.0,50.0,50.0,,,position_noise,,no_fusion,move,3,0,2.858,5.044,46.053,uav_1,5.044,False,False,False,False,False
sensor_noise,278,55.6,3,89.088,84.625,90.0,86.0,50.0,50.0,,,none,,no_fusion,at_goal,0,0,1.65,5.24,47.219,uav_2,5.24,False,False,False,False,True
sensor_noise,279,55.8,0,85.087,76.898,94.0,90.0,50.0,50.0,,,position_noise,,no_fusion,move,3,0,15.847,6.471,39.211,uav_1,6.471,False,False,False,False,False
sensor_noise,279,55.8,1,83.146,83.071,90.0,94.0,50.0,50.0,,,position_noise,,no_fusion,move,3,0,12.901,5.05,41.822,uav_2,5.05,False,False,False,False,False
sensor_noise,279,55.8,2,84.867,87.818,86.0,90.0,50.0,50.0,,,position_noise,,no_fusion,move,3,0,2.458,5.05,46.439,uav_1,5.05,False,False,False,False,False
sensor_noise,279,55.8,3,89.088,84.625,90.0,86.0,50.0,50.0,,,none,,no_fusion,at_goal,0,0,1.65,5.292,47.219,uav_2,5.292,False,False,False,False,True
sensor_noise,280,56.0,0,85.312,77.228,94.0,90.0,50.0,50.0,,,position_noise,,no_fusion,move,3,0,15.447,6.482,39.59,uav_1,6.482,False,False,False,False,False
sensor_noise,280,56.0,1,83.359,83.41,90.0,94.0,50.0,50.0,,,position_noise,,no_fusion,move,3,0,12.501,5.055,42.212,uav_2,5.055,False,False,False,False,False
sensor_noise,280,56.0,2,85.052,88.173,86.0,90.0,50.0,50.0,,,position_noise,,no_fusion,move,3,0,2.058,5.055,46.825,uav_1,5.055,False,False,False,False,False
sensor_noise,280,56.0,3,89.088,84.625,90.0,86.0,50.0,50.0,,,none,,no_fusion,at_goal,0,0,1.65,5.374,47.219,uav_2,5.374,False,False,False,False,True
sensor_noise,281,56.2,0,85.537,77.559,94.0,90.0,50.0,50.0,,,position_noise,,no_fusion,move,3,0,15.047,6.494,39.971,uav_1,6.494,False,False,False,False,False
sensor_noise,281,56.2,1,83.571,83.748,90.0,94.0,50.0,50.0,,,position_noise,,no_fusion,move,3,0,12.101,5.061,42.602,uav_2,5.061,False,False,False,False,False
sensor_noise,281,56.2,2,85.236,88.528,86.0,90.0,50.0,50.0,,,position_noise,,no_fusion,move,3,0,1.658,5.061,47.211,uav_1,5.061,False,False,False,False,True
sensor_noise,281,56.2,3,89.088,84.625,90.0,86.0,50.0,50.0,,,none,,no_fusion,at_goal,0,0,1.65,5.483,47.219,uav_2,5.483,False,False,False,False,True
sensor_noise,282,56.4,0,85.762,77.89,94.0,90.0,50.0,50.0,,,position_noise,,no_fusion,move,3,0,14.647,6.505,40.351,uav_1,6.505,False,False,False,False,False
sensor_noise,282,56.4,1,83.784,84.087,90.0,94.0,50.0,50.0,,,position_noise,,no_fusion,move,3,0,11.701,4.672,42.993,uav_2,4.672,False,False,False,False,False
sensor_noise,282,56.4,2,85.236,88.528,86.0,90.0,50.0,50.0,,,none,,no_fusion,at_goal,0,0,1.658,4.672,47.211,uav_1,4.672,False,False,False,False,True
sensor_noise,282,56.4,3,89.088,84.625,90.0,86.0,50.0,50.0,,,none,,no_fusion,at_goal,0,0,1.65,5.331,47.219,uav_1,5.331,False,False,False,False,True
sensor_noise,283,56.6,0,85.987,78.221,94.0,90.0,50.0,50.0,,,position_noise,,no_fusion,move,3,0,14.247,6.517,40.732,uav_1,6.517,False,False,False,False,False
sensor_noise,283,56.6,1,83.996,84.426,90.0,94.0,50.0,50.0,,,position_noise,,no_fusion,move,3,0,11.301,4.285,43.383,uav_2,4.285,False,False,False,False,False
sensor_noise,283,56.6,2,85.236,88.528,86.0,90.0,50.0,50.0,,,none,,no_fusion,at_goal,0,0,1.658,4.285,47.211,uav_1,4.285,False,False,False,False,True
sensor_noise,283,56.6,3,89.088,84.625,90.0,86.0,50.0,50.0,,,none,,no_fusion,at_goal,0,0,1.65,5.095,47.219,uav_1,5.095,False,False,False,False,True
sensor_noise,284,56.8,0,86.212,78.551,94.0,90.0,50.0,50.0,,,position_noise,,no_fusion,move,3,0,13.847,6.529,41.114,uav_1,6.529,False,False,False,False,False
sensor_noise,284,56.8,1,84.209,84.765,90.0,94.0,50.0,50.0,,,position_noise,,no_fusion,move,3,0,10.901,3.901,43.774,uav_2,3.901,False,False,False,False,False
sensor_noise,284,56.8,2,85.236,88.528,86.0,90.0,50.0,50.0,,,none,,no_fusion,at_goal,0,0,1.658,3.901,47.211,uav_1,3.901,False,False,False,False,True
sensor_noise,284,56.8,3,89.088,84.625,90.0,86.0,50.0,50.0,,,none,,no_fusion,at_goal,0,0,1.65,4.881,47.219,uav_1,4.881,False,False,False,False,True
sensor_noise,285,57.0,0,86.437,78.882,94.0,90.0,50.0,50.0,,,position_noise,,no_fusion,move,3,0,13.447,6.326,41.495,uav_3,6.326,False,False,False,False,False
sensor_noise,285,57.0,1,84.421,85.104,90.0,94.0,50.0,50.0,,,position_noise,,no_fusion,move,3,0,10.501,3.52,44.164,uav_2,3.52,False,False,False,False,False
sensor_noise,285,57.0,2,85.236,88.528,86.0,90.0,50.0,50.0,,,none,,no_fusion,at_goal,0,0,1.658,3.52,47.211,uav_1,3.52,False,False,False,False,True
sensor_noise,285,57.0,3,89.088,84.625,90.0,86.0,50.0,50.0,,,none,,no_fusion,at_goal,0,0,1.65,4.691,47.219,uav_1,4.691,False,False,False,False,True
sensor_noise,286,57.2,0,86.662,79.213,94.0,90.0,50.0,50.0,,,position_noise,,no_fusion,move,3,0,13.047,5.931,41.877,uav_3,5.931,False,False,False,False,False
sensor_noise,286,57.2,1,84.634,85.443,90.0,94.0,50.0,50.0,,,position_noise,,no_fusion,move,3,0,10.101,3.143,44.555,uav_2,3.143,True,False,False,False,False
sensor_noise,286,57.2,2,85.236,88.528,86.0,90.0,50.0,50.0,,,none,,no_fusion,at_goal,0,0,1.658,3.143,47.211,uav_1,3.143,True,False,False,False,True
sensor_noise,286,57.2,3,89.088,84.625,90.0,86.0,50.0,50.0,,,none,,no_fusion,at_goal,0,0,1.65,4.528,47.219,uav_1,4.528,False,False,False,False,True
sensor_noise,287,57.4,0,86.887,79.543,94.0,90.0,50.0,50.0,,,position_noise,,no_fusion,move,3,0,12.647,5.538,42.259,uav_3,5.538,False,False,False,False,False
sensor_noise,287,57.4,1,84.846,85.782,90.0,94.0,50.0,50.0,,,position_noise,,no_fusion,move,3,0,9.701,2.774,44.946,uav_2,2.774,True,False,False,False,False
sensor_noise,287,57.4,2,85.236,88.528,86.0,90.0,50.0,50.0,,,none,,no_fusion,at_goal,0,0,1.658,2.774,47.211,uav_1,2.774,True,False,False,False,True
sensor_noise,287,57.4,3,89.088,84.625,90.0,86.0,50.0,50.0,,,none,,no_fusion,at_goal,0,0,1.65,4.396,47.219,uav_1,4.396,False,False,False,False,True
sensor_noise,288,57.6,0,87.112,79.874,94.0,90.0,50.0,50.0,,,position_noise,,no_fusion,move,3,0,12.247,5.146,42.642,uav_3,5.146,False,False,False,False,False
sensor_noise,288,57.6,1,85.059,86.121,90.0,94.0,50.0,50.0,,,position_noise,,no_fusion,move,3,0,9.301,2.414,45.337,uav_2,2.414,True,False,False,False,False
sensor_noise,288,57.6,2,85.236,88.528,86.0,90.0,50.0,50.0,,,none,,no_fusion,at_goal,0,0,1.658,2.414,47.211,uav_1,2.414,True,False,False,False,True
sensor_noise,288,57.6,3,89.088,84.625,90.0,86.0,50.0,50.0,,,none,,no_fusion,at_goal,0,0,1.65,4.297,47.219,uav_1,4.297,False,False,False,False,True
sensor_noise,289,57.8,0,87.337,80.205,94.0,90.0,50.0,50.0,,,position_noise,,no_fusion,move,3,0,11.847,4.755,43.025,uav_3,4.755,False,False,False,False,False
sensor_noise,289,57.8,1,85.271,86.459,90.0,94.0,50.0,50.0,,,position_noise,,no_fusion,move,3,0,8.901,2.069,45.728,uav_2,2.069,True,False,False,False,False
sensor_noise,289,57.8,2,85.236,88.528,86.0,90.0,50.0,50.0,,,none,,no_fusion,at_goal,0,0,1.658,2.069,47.211,uav_1,2.069,True,False,False,False,True
sensor_noise,289,57.8,3,89.088,84.625,90.0,86.0,50.0,50.0,,,none,,no_fusion,at_goal,0,0,1.65,4.234,47.219,uav_1,4.234,False,False,False,False,True
sensor_noise,290,58.0,0,87.562,80.536,94.0,90.0,50.0,50.0,,,position_noise,,no_fusion,move,3,0,11.447,4.365,43.408,uav_3,4.365,False,False,False,False,False
sensor_noise,290,58.0,1,85.408,86.083,90.0,94.0,50.0,50.0,,,position_noise,,no_fusion,avoidance,3,0,9.152,2.451,45.554,uav_2,2.451,True,False,False,False,False
sensor_noise,290,58.0,2,85.236,88.528,86.0,90.0,50.0,50.0,,,none,,no_fusion,at_goal,0,0,1.658,2.451,47.211,uav_1,2.451,True,False,False,False,True
sensor_noise,290,58.0,3,89.088,84.625,90.0,86.0,50.0,50.0,,,none,,no_fusion,at_goal,0,0,1.65,3.958,47.219,uav_1,3.958,False,False,False,False,True
sensor_noise,291,58.2,0,87.787,80.866,94.0,90.0,50.0,50.0,,,position_noise,,no_fusion,move,3,0,11.047,3.978,43.791,uav_3,3.978,False,False,False,False,False
sensor_noise,291,58.2,1,85.608,86.429,90.0,94.0,50.0,50.0,,,position_noise,,no_fusion,move,3,0,8.752,2.131,45.942,uav_2,2.131,True,False,False,False,False
sensor_noise,291,58.2,2,85.236,88.528,86.0,90.0,50.0,50.0,,,none,,no_fusion,at_goal,0,0,1.658,2.131,47.211,uav_1,2.131,True,False,False,False,True
sensor_noise,291,58.2,3,89.088,84.625,90.0,86.0,50.0,50.0,,,none,,no_fusion,at_goal,0,0,1.65,3.919,47.219,uav_1,3.919,False,False,False,False,True
sensor_noise,292,58.4,0,88.012,81.197,94.0,90.0,50.0,50.0,,,position_noise,,no_fusion,move,3,0,10.647,3.593,44.175,uav_3,3.593,False,False,False,False,False
sensor_noise,292,58.4,1,85.809,86.775,90.0,94.0,50.0,50.0,,,position_noise,,no_fusion,move,3,0,8.352,1.844,46.329,uav_2,1.844,True,False,False,False,False
sensor_noise,292,58.4,2,85.236,88.528,86.0,90.0,50.0,50.0,,,none,,no_fusion,at_goal,0,0,1.658,1.844,47.211,uav_1,1.844,True,False,False,False,True
sensor_noise,292,58.4,3,89.088,84.625,90.0,86.0,50.0,50.0,,,none,,no_fusion,at_goal,0,0,1.65,3.593,47.219,uav_0,3.593,False,False,False,False,True
sensor_noise,293,58.6,0,88.237,81.528,94.0,90.0,50.0,50.0,,,position_noise,,no_fusion,move,3,0,10.247,3.212,44.559,uav_3,3.212,True,False,False,False,False
sensor_noise,293,58.6,1,86.157,86.578,90.0,94.0,50.0,50.0,,,position_noise,,no_fusion,avoidance,3,0,8.358,2.157,46.432,uav_2,2.157,True,False,False,False,False
sensor_noise,293,58.6,2,85.236,88.528,86.0,90.0,50.0,50.0,,,none,,no_fusion,at_goal,0,0,1.658,2.157,47.211,uav_1,2.157,True,False,False,False,True
sensor_noise,293,58.6,3,89.088,84.625,90.0,86.0,50.0,50.0,,,none,,no_fusion,at_goal,0,0,1.65,3.212,47.219,uav_0,3.212,True,False,False,False,True
sensor_noise,294,58.8,0,88.462,81.859,94.0,90.0,50.0,50.0,,,position_noise,,no_fusion,move,3,0,9.847,2.837,44.943,uav_3,2.837,True,False,False,False,False
sensor_noise,294,58.8,1,86.541,86.467,90.0,94.0,50.0,50.0,,,position_noise,,no_fusion,avoidance,3,0,8.29,2.44,46.624,uav_2,2.44,True,False,False,False,False
sensor_noise,294,58.8,2,85.236,88.528,86.0,90.0,50.0,50.0,,,none,,no_fusion,at_goal,0,0,1.658,2.44,47.211,uav_1,2.44,True,False,False,False,True
sensor_noise,294,58.8,3,89.088,84.625,90.0,86.0,50.0,50.0,,,none,,no_fusion,at_goal,0,0,1.65,2.837,47.219,uav_0,2.837,True,False,False,False,True
sensor_noise,295,59.0,0,88.687,82.189,94.0,90.0,50.0,50.0,,,position_noise,,no_fusion,move,3,0,9.447,2.469,45.327,uav_3,2.469,True,False,False,False,False
sensor_noise,295,59.0,1,86.708,86.83,90.0,94.0,50.0,50.0,,,position_noise,,no_fusion,move,3,0,7.89,2.247,46.999,uav_2,2.247,True,False,False,False,False
sensor_noise,295,59.0,2,85.236,88.528,86.0,90.0,50.0,50.0,,,none,,no_fusion,at_goal,0,0,1.658,2.247,47.211,uav_1,2.247,True,False,False,False,True
sensor_noise,295,59.0,3,89.088,84.625,90.0,86.0,50.0,50.0,,,none,,no_fusion,at_goal,0,0,1.65,2.469,47.219,uav_0,2.469,True,False,False,False,True
sensor_noise,296,59.2,0,88.877,81.838,94.0,90.0,50.0,50.0,,,position_noise,,no_fusion,avoidance,3,0,9.637,2.796,45.25,uav_3,2.796,True,False,False,False,False
sensor_noise,296,59.2,1,86.875,87.194,90.0,94.0,50.0,50.0,,,position_noise,,no_fusion,move,3,0,7.49,2.114,47.375,uav_2,2.114,True,False,False,False,False
sensor_noise,296,59.2,2,85.236,88.528,86.0,90.0,50.0,50.0,,,none,,no_fusion,at_goal,0,0,1.658,2.114,47.211,uav_1,2.114,True,False,False,False,True
sensor_noise,296,59.2,3,89.088,84.625,90.0,86.0,50.0,50.0,,,none,,no_fusion,at_goal,0,0,1.65,2.796,47.219,uav_0,2.796,True,False,False,False,True
sensor_noise,297,59.4,0,89.09,82.176,94.0,90.0,50.0,50.0,,,position_noise,,no_fusion,move,3,0,9.237,2.449,45.629,uav_3,2.449,True,False,False,False,False
sensor_noise,297,59.4,1,87.274,87.224,90.0,94.0,50.0,50.0,,,position_noise,,no_fusion,avoidance,3,0,7.304,2.419,47.678,uav_2,2.419,True,False,False,False,False
sensor_noise,297,59.4,2,85.236,88.528,86.0,90.0,50.0,50.0,,,none,,no_fusion,at_goal,0,0,1.658,2.419,47.211,uav_1,2.419,True,False,False,False,True
sensor_noise,297,59.4,3,89.088,84.625,90.0,86.0,50.0,50.0,,,none,,no_fusion,at_goal,0,0,1.65,2.449,47.219,uav_0,2.449,True,False,False,False,True
sensor_noise,298,59.6,0,89.302,82.515,94.0,90.0,50.0,50.0,,,position_noise,,no_fusion,move,3,0,8.837,2.121,46.009,uav_3,2.121,True,False,False,False,False
sensor_noise,298,59.6,1,87.423,87.596,90.0,94.0,50.0,50.0,,,position_noise,,no_fusion,move,3,0,6.904,2.378,48.046,uav_2,2.378,True,False,False,False,False
sensor_noise,298,59.6,2,85.236,88.528,86.0,90.0,50.0,50.0,,,none,,no_fusion,at_goal,0,0,1.658,2.378,47.211,uav_1,2.378,True,False,False,False,True
sensor_noise,298,59.6,3,89.088,84.625,90.0,86.0,50.0,50.0,,,none,,no_fusion,at_goal,0,0,1.65,2.121,47.219,uav_0,2.121,True,False,False,False,True
sensor_noise,299,59.8,0,89.515,82.854,94.0,90.0,50.0,50.0,,,position_noise,,no_fusion,move,3,0,8.437,1.822,46.389,uav_3,1.822,True,False,False,False,False
sensor_noise,299,59.8,1,87.572,87.967,90.0,94.0,50.0,50.0,,,position_noise,,no_fusion,move,3,0,6.504,2.403,48.415,uav_2,2.403,True,False,False,False,False
sensor_noise,299,59.8,2,85.236,88.528,86.0,90.0,50.0,50.0,,,none,,no_fusion,at_goal,0,0,1.658,2.403,47.211,uav_1,2.403,True,False,False,False,True
sensor_noise,299,59.8,3,89.088,84.625,90.0,86.0,50.0,50.0,,,none,,no_fusion,at_goal,0,0,1.65,1.822,47.219,uav_0,1.822,True,False,False,False,True
sensor_noise,300,60.0,0,89.834,82.612,94.0,90.0,50.0,50.0,,,position_noise,,no_fusion,avoidance,3,0,8.482,2.147,46.481,uav_3,2.147,True,False,False,False,False
sensor_noise,300,60.0,1,87.893,88.205,90.0,94.0,50.0,50.0,,,position_noise,,no_fusion,avoidance,3,0,6.166,2.677,48.81,uav_2,2.677,True,False,False,False,False
sensor_noise,300,60.0,2,85.236,88.528,86.0,90.0,50.0,50.0,,,none,,no_fusion,at_goal,0,0,1.658,2.677,47.211,uav_1,2.677,True,False,False,False,True
sensor_noise,300,60.0,3,89.088,84.625,90.0,86.0,50.0,50.0,,,none,,no_fusion,at_goal,0,0,1.65,2.147,47.219,uav_0,2.147,True,False,False,False,True
sensor_noise,301,60.2,0,90.205,82.463,94.0,90.0,50.0,50.0,,,position_noise,,no_fusion,avoidance,3,0,8.439,2.434,46.675,uav_3,2.434,True,False,False,False,False
sensor_noise,301,60.2,1,88.03,88.581,90.0,94.0,50.0,50.0,,,position_noise,,no_fusion,move,3,0,5.766,2.795,49.174,uav_2,2.795,True,False,False,False,False
sensor_noise,301,60.2,2,85.236,88.528,86.0,90.0,50.0,50.0,,,none,,no_fusion,at_goal,0,0,1.658,2.795,47.211,uav_1,2.795,True,False,False,False,True
sensor_noise,301,60.2,3,89.088,84.625,90.0,86.0,50.0,50.0,,,none,,no_fusion,at_goal,0,0,1.65,2.434,47.219,uav_0,2.434,True,False,False,False,True
sensor_noise,302,60.4,0,90.385,82.82,94.0,90.0,50.0,50.0,,,position_noise,,no_fusion,move,3,0,8.039,2.223,47.039,uav_3,2.223,True,False,False,False,False
sensor_noise,302,60.4,1,88.167,88.957,90.0,94.0,50.0,50.0,,,position_noise,,no_fusion,move,3,0,5.366,2.962,49.538,uav_2,2.962,True,False,False,False,False
sensor_noise,302,60.4,2,85.236,88.528,86.0,90.0,50.0,50.0,,,none,,no_fusion,at_goal,0,0,1.658,2.962,47.211,uav_1,2.962,True,False,False,False,True
sensor_noise,302,60.4,3,89.088,84.625,90.0,86.0,50.0,50.0,,,none,,no_fusion,at_goal,0,0,1.65,2.223,47.219,uav_0,2.223,True,False,False,False,True
sensor_noise,303,60.6,0,90.565,83.178,94.0,90.0,50.0,50.0,,,position_noise,,no_fusion,move,3,0,7.639,2.068,47.405,uav_3,2.068,True,False,False,False,False
sensor_noise,303,60.6,1,88.303,89.333,90.0,94.0,50.0,50.0,,,position_noise,,no_fusion,move,3,0,4.966,3.171,49.902,uav_2,3.171,True,False,False,False,False
sensor_noise,303,60.6,2,85.236,88.528,86.0,90.0,50.0,50.0,,,none,,no_fusion,at_goal,0,0,1.658,3.171,47.211,uav_1,3.171,True,False,False,False,True
sensor_noise,303,60.6,3,89.088,84.625,90.0,86.0,50.0,50.0,,,none,,no_fusion,at_goal,0,0,1.65,2.068,47.219,uav_0,2.068,True,False,False,False,True
sensor_noise,304,60.8,0,90.745,83.535,94.0,90.0,50.0,50.0,,,position_noise,,no_fusion,move,3,0,7.239,1.984,47.77,uav_3,1.984,True,False,False,False,False
sensor_noise,304,60.8,1,88.44,89.709,90.0,94.0,50.0,50.0,,,position_noise,,no_fusion,move,3,0,4.566,3.415,50.267,uav_2,3.415,True,False,False,False,False
sensor_noise,304,60.8,2,85.236,88.528,86.0,90.0,50.0,50.0,,,none,,no_fusion,at_goal,0,0,1.658,3.415,47.211,uav_1,3.415,True,False,False,False,True
sensor_noise,304,60.8,3,89.088,84.625,90.0,86.0,50.0,50.0,,,none,,no_fusion,at_goal,0,0,1.65,1.984,47.219,uav_0,1.984,True,False,False,False,True
sensor_noise,305,61.0,0,91.127,83.652,94.0,90.0,50.0,50.0,,,position_noise,,no_fusion,avoidance,3,0,6.968,2.259,48.14,uav_3,2.259,True,False,False,False,False
sensor_noise,305,61.0,1,88.577,90.085,90.0,94.0,50.0,50.0,,,position_noise,,no_fusion,move,3,0,4.166,3.686,50.632,uav_2,3.686,False,False,False,False,False
sensor_noise,305,61.0,2,85.236,88.528,86.0,90.0,50.0,50.0,,,none,,no_fusion,at_goal,0,0,1.658,3.686,47.211,uav_1,3.686,False,False,False,False,True
sensor_noise,305,61.0,3,89.088,84.625,90.0,86.0,50.0,50.0,,,none,,no_fusion,at_goal,0,0,1.65,2.259,47.219,uav_0,2.259,True,False,False,False,True
sensor_noise,306,61.2,0,91.292,84.017,94.0,90.0,50.0,50.0,,,position_noise,,no_fusion,move,3,0,6.568,2.287,48.499,uav_3,2.287,True,False,False,False,False
sensor_noise,306,61.2,1,88.713,90.461,90.0,94.0,50.0,50.0,,,position_noise,,no_fusion,move,3,0,3.766,3.978,50.998,uav_2,3.978,False,False,False,False,False
sensor_noise,306,61.2,2,85.236,88.528,86.0,90.0,50.0,50.0,,,none,,no_fusion,at_goal,0,0,1.658,3.978,47.211,uav_1,3.978,False,False,False,False,True
sensor_noise,306,61.2,3,89.088,84.625,90.0,86.0,50.0,50.0,,,none,,no_fusion,at_goal,0,0,1.65,2.287,47.219,uav_0,2.287,True,False,False,False,True
sensor_noise,307,61.4,0,91.457,84.381,94.0,90.0,50.0,50.0,,,position_noise,,no_fusion,move,3,0,6.168,2.382,48.858,uav_3,2.382,True,False,False,False,False
sensor_noise,307,61.4,1,88.85,90.837,90.0,94.0,50.0,50.0,,,position_noise,,no_fusion,move,3,0,3.366,4.289,51.364,uav_2,4.289,False,False,False,False,False
sensor_noise,307,61.4,2,85.236,88.528,86.0,90.0,50.0,50.0,,,none,,no_fusion,at_goal,0,0,1.658,4.289,47.211,uav_1,4.289,False,False,False,False,True
sensor_noise,307,61.4,3,89.088,84.625,90.0,86.0,50.0,50.0,,,none,,no_fusion,at_goal,0,0,1.65,2.382,47.219,uav_0,2.382,True,False,False,False,True
sensor_noise,308,61.6,0,91.622,84.746,94.0,90.0,50.0,50.0,,,position_noise,,no_fusion,move,3,0,5.768,2.537,49.218,uav_3,2.537,True,False,False,False,False
sensor_noise,308,61.6,1,88.987,91.213,90.0,94.0,50.0,50.0,,,position_noise,,no_fusion,move,3,0,2.966,4.613,51.731,uav_2,4.613,False,False,False,False,False
sensor_noise,308,61.6,2,85.236,88.528,86.0,90.0,50.0,50.0,,,none,,no_fusion,at_goal,0,0,1.658,4.613,47.211,uav_1,4.613,False,False,False,False,True
sensor_noise,308,61.6,3,89.088,84.625,90.0,86.0,50.0,50.0,,,none,,no_fusion,at_goal,0,0,1.65,2.537,47.219,uav_0,2.537,True,False,False,False,True
sensor_noise,309,61.8,0,91.787,85.11,94.0,90.0,50.0,50.0,,,position_noise,,no_fusion,move,3,0,5.368,2.742,49.579,uav_3,2.742,True,False,False,False,False
sensor_noise,309,61.8,1,89.123,91.588,90.0,94.0,50.0,50.0,,,position_noise,,no_fusion,move,3,0,2.566,4.948,52.098,uav_2,4.948,False,False,False,False,False
sensor_noise,309,61.8,2,85.236,88.528,86.0,90.0,50.0,50.0,,,none,,no_fusion,at_goal,0,0,1.658,4.948,47.211,uav_1,4.948,False,False,False,False,True
sensor_noise,309,61.8,3,89.088,84.625,90.0,86.0,50.0,50.0,,,none,,no_fusion,at_goal,0,0,1.65,2.742,47.219,uav_0,2.742,True,False,False,False,True
sensor_noise,310,62.0,0,91.952,85.474,94.0,90.0,50.0,50.0,,,position_noise,,no_fusion,move,3,0,4.968,2.987,49.94,uav_3,2.987,True,False,False,False,False
sensor_noise,310,62.0,1,89.26,91.964,90.0,94.0,50.0,50.0,,,position_noise,,no_fusion,move,3,0,2.166,5.292,52.466,uav_2,5.292,False,False,False,False,False
sensor_noise,310,62.0,2,85.236,88.528,86.0,90.0,50.0,50.0,,,none,,no_fusion,at_goal,0,0,1.658,5.292,47.211,uav_1,5.292,False,False,False,False,True
sensor_noise,310,62.0,3,89.088,84.625,90.0,86.0,50.0,50.0,,,none,,no_fusion,at_goal,0,0,1.65,2.987,47.219,uav_0,2.987,True,False,False,False,True
sensor_noise,311,62.2,0,92.117,85.839,94.0,90.0,50.0,50.0,,,position_noise,,no_fusion,move,3,0,4.568,3.263,50.301,uav_3,3.263,True,False,False,False,False
sensor_noise,311,62.2,1,89.397,92.34,90.0,94.0,50.0,50.0,,,position_noise,,no_fusion,move,3,0,1.766,5.643,52.834,uav_2,5.643,False,False,False,False,True
sensor_noise,311,62.2,2,85.236,88.528,86.0,90.0,50.0,50.0,,,none,,no_fusion,at_goal,0,0,1.658,5.483,47.211,uav_3,5.483,False,False,False,False,True
sensor_noise,311,62.2,3,89.088,84.625,90.0,86.0,50.0,50.0,,,none,,no_fusion,at_goal,0,0,1.65,3.263,47.219,uav_0,3.263,True,False,False,False,True
sensor_noise,312,62.4,0,92.281,86.203,94.0,90.0,50.0,50.0,,,position_noise,,no_fusion,move,3,0,4.168,3.562,50.663,uav_3,3.562,False,False,False,False,False
sensor_noise,312,62.4,1,89.397,92.34,90.0,94.0,50.0,50.0,,,none,,no_fusion,at_goal,0,0,1.766,5.643,52.834,uav_2,5.643,False,False,False,False,True
sensor_noise,312,62.4,2,85.236,88.528,86.0,90.0,50.0,50.0,,,none,,no_fusion,at_goal,0,0,1.658,5.483,47.211,uav_3,5.483,False,False,False,False,True
sensor_noise,312,62.4,3,89.088,84.625,90.0,86.0,50.0,50.0,,,none,,no_fusion,at_goal,0,0,1.65,3.562,47.219,uav_0,3.562,False,False,False,False,True
sensor_noise,313,62.6,0,92.446,86.568,94.0,90.0,50.0,50.0,,,position_noise,,no_fusion,move,3,0,3.768,3.88,51.026,uav_3,3.88,False,False,False,False,False
sensor_noise,313,62.6,1,89.397,92.34,90.0,94.0,50.0,50.0,,,none,,no_fusion,at_goal,0,0,1.766,5.643,52.834,uav_2,5.643,False,False,False,False,True
sensor_noise,313,62.6,2,85.236,88.528,86.0,90.0,50.0,50.0,,,none,,no_fusion,at_goal,0,0,1.658,5.483,47.211,uav_3,5.483,False,False,False,False,True
sensor_noise,313,62.6,3,89.088,84.625,90.0,86.0,50.0,50.0,,,none,,no_fusion,at_goal,0,0,1.65,3.88,47.219,uav_0,3.88,False,False,False,False,True
sensor_noise,314,62.8,0,92.611,86.932,94.0,90.0,50.0,50.0,,,position_noise,,no_fusion,move,3,0,3.368,4.211,51.389,uav_3,4.211,False,False,False,False,False
sensor_noise,314,62.8,1,89.397,92.34,90.0,94.0,50.0,50.0,,,none,,no_fusion,at_goal,0,0,1.766,5.643,52.834,uav_2,5.643,False,False,False,False,True
sensor_noise,314,62.8,2,85.236,88.528,86.0,90.0,50.0,50.0,,,none,,no_fusion,at_goal,0,0,1.658,5.483,47.211,uav_3,5.483,False,False,False,False,True
sensor_noise,314,62.8,3,89.088,84.625,90.0,86.0,50.0,50.0,,,none,,no_fusion,at_goal,0,0,1.65,4.211,47.219,uav_0,4.211,False,False,False,False,True
sensor_noise,315,63.0,0,92.776,87.296,94.0,90.0,50.0,50.0,,,position_noise,,no_fusion,move,3,0,2.968,4.554,51.752,uav_3,4.554,False,False,False,False,False
sensor_noise,315,63.0,1,89.397,92.34,90.0,94.0,50.0,50.0,,,none,,no_fusion,at_goal,0,0,1.766,5.643,52.834,uav_2,5.643,False,False,False,False,True
sensor_noise,315,63.0,2,85.236,88.528,86.0,90.0,50.0,50.0,,,none,,no_fusion,at_goal,0,0,1.658,5.483,47.211,uav_3,5.483,False,False,False,False,True
sensor_noise,315,63.0,3,89.088,84.625,90.0,86.0,50.0,50.0,,,none,,no_fusion,at_goal,0,0,1.65,4.554,47.219,uav_0,4.554,False,False,False,False,True
sensor_noise,316,63.2,0,92.941,87.661,94.0,90.0,50.0,50.0,,,position_noise,,no_fusion,move,3,0,2.568,4.905,52.116,uav_3,4.905,False,False,False,False,False
sensor_noise,316,63.2,1,89.397,92.34,90.0,94.0,50.0,50.0,,,none,,no_fusion,at_goal,0,0,1.766,5.643,52.834,uav_2,5.643,False,False,False,False,True
sensor_noise,316,63.2,2,85.236,88.528,86.0,90.0,50.0,50.0,,,none,,no_fusion,at_goal,0,0,1.658,5.483,47.211,uav_3,5.483,False,False,False,False,True
sensor_noise,316,63.2,3,89.088,84.625,90.0,86.0,50.0,50.0,,,none,,no_fusion,at_goal,0,0,1.65,4.905,47.219,uav_0,4.905,False,False,False,False,True
sensor_noise,317,63.4,0,93.106,88.025,94.0,90.0,50.0,50.0,,,position_noise,,no_fusion,move,3,0,2.168,5.264,52.481,uav_3,5.264,False,False,False,False,False
sensor_noise,317,63.4,1,89.397,92.34,90.0,94.0,50.0,50.0,,,none,,no_fusion,at_goal,0,0,1.766,5.643,52.834,uav_2,5.643,False,False,False,False,True
sensor_noise,317,63.4,2,85.236,88.528,86.0,90.0,50.0,50.0,,,none,,no_fusion,at_goal,0,0,1.658,5.483,47.211,uav_3,5.483,False,False,False,False,True
sensor_noise,317,63.4,3,89.088,84.625,90.0,86.0,50.0,50.0,,,none,,no_fusion,at_goal,0,0,1.65,5.264,47.219,uav_0,5.264,False,False,False,False,True
sensor_noise,318,63.6,0,93.271,88.39,94.0,90.0,50.0,50.0,,,position_noise,,no_fusion,move,3,0,1.768,5.533,52.846,uav_1,5.533,False,False,False,False,True
sensor_noise,318,63.6,1,89.397,92.34,90.0,94.0,50.0,50.0,,,none,,no_fusion,at_goal,0,0,1.766,5.533,52.834,uav_0,5.533,False,False,False,False,True
sensor_noise,318,63.6,2,85.236,88.528,86.0,90.0,50.0,50.0,,,none,,no_fusion,at_goal,0,0,1.658,5.483,47.211,uav_3,5.483,False,False,False,False,True
sensor_noise,318,63.6,3,89.088,84.625,90.0,86.0,50.0,50.0,,,none,,no_fusion,at_goal,0,0,1.65,5.483,47.219,uav_2,5.483,False,False,False,False,True
